encoding,test accuracy,training accuracy,combined accuracy,test precision,test recall,test fscore,test auc,training time
"19,4,8,11,9,11,14,0,8,22,14,14,0,10,9",0.6,1.0,0.7053571428571429,0.5555555555555556,0.7142857142857143,0.625,0.6071428571428572,0.3941802978515625
"19,4,16,11,9,11,23,0,8,22,0,14,0,10,9",0.6333333333333333,0.9,0.7004464285714286,0.6,0.6428571428571429,0.6206896551724138,0.6339285714285714,0.4384143352508545
"19,15,19,3,9,11,14,0,8,15,8,14,15,10,9",0.7,0.7,0.690625,0.7777777777777778,0.5,0.6086956521739131,0.6875,0.4685177803039551
"16,4,3,3,21,14,14,2,8,15,17,0,21,7,9",0.6666666666666666,0.7,0.6872767857142856,0.5909090909090909,0.9285714285714286,0.7222222222222222,0.6830357142857143,0.2727646827697754
"16,5,14,15,13,7,23,12,12,17,3,10,2,10,8",0.6333333333333333,0.8,0.6854910714285715,0.5714285714285714,0.8571428571428571,0.6857142857142857,0.6473214285714286,0.31112217903137207
"3,4,0,19,4,16,11,9,11,23,0,8,22,0,14",0.6333333333333333,0.8,0.6854910714285715,0.5714285714285714,0.8571428571428571,0.6857142857142857,0.6473214285714286,0.42308616638183594
"16,6,13,13,4,6,23,5,4,6,5,8,15,11,2",0.6,0.8,0.66875,0.5384615384615384,1.0,0.7,0.625,0.24673843383789062
"19,4,19,4,9,11,23,0,8,22,8,14,15,10,0",0.6,0.9,0.6669642857142857,0.6,0.42857142857142855,0.5,0.5892857142857143,1.0446598529815674
"5,11,12,17,21,12,14,20,3,10,14,0,7,3,23",0.5666666666666667,0.9,0.6636160714285715,0.5217391304347826,0.8571428571428571,0.6486486486486487,0.5848214285714286,0.2543027400970459
"4,0,19,4,16,11,9,11,23,0,8,22,0,14,0",0.6,0.9,0.6636160714285715,0.625,0.35714285714285715,0.45454545454545453,0.5848214285714286,0.4195101261138916
"16,6,13,13,15,6,23,5,4,6,4,8,15,9,2",0.6333333333333333,0.7,0.6604910714285714,0.5714285714285714,0.8571428571428571,0.6857142857142857,0.6473214285714286,0.2616598606109619
"16,6,13,13,15,6,23,5,4,6,5,8,15,9,2",0.6,0.8,0.6587053571428572,0.55,0.7857142857142857,0.6470588235294118,0.6116071428571428,0.25528883934020996
"19,4,8,11,9,11,23,0,8,22,0,14,0,10,9",0.5666666666666667,0.9,0.6569196428571429,0.5263157894736842,0.7142857142857143,0.6060606060606061,0.5758928571428572,0.3738536834716797
"16,6,13,13,15,6,23,5,4,6,5,8,15,11,2",0.6333333333333333,0.7,0.6537946428571428,0.5882352941176471,0.7142857142857143,0.6451612903225806,0.6383928571428572,0.27617955207824707
"16,14,3,3,21,14,14,2,19,15,17,0,21,7,9",0.6333333333333333,0.7,0.6537946428571428,0.5882352941176471,0.7142857142857143,0.6451612903225806,0.6383928571428572,0.2997465133666992
"10,16,8,13,20,17,14,9,4,4,14,0,4,8,3",0.6333333333333333,0.7,0.6470982142857142,0.6153846153846154,0.5714285714285714,0.5925925925925926,0.6294642857142857,0.2580685615539551
"22,7,7,7,12,10,1,12,0,7,19,15,10,6,9",0.7333333333333333,0.4,0.6457589285714286,0.75,0.6428571428571429,0.6923076923076923,0.7276785714285714,0.2690920829772949
"0,13,22,4,17,4,18,9,0,0,19,5,2,9,4",0.5666666666666667,0.8,0.6453125,0.5185185185185185,1.0,0.6829268292682927,0.59375,0.25818538665771484
"9,5,14,0,8,2,10,8,22,16,9,0,23,15,6",0.6333333333333333,0.6,0.6421875,0.56,1.0,0.717948717948718,0.65625,0.22861289978027344
"19,11,4,20,15,0,17,12,7,0,19,9,14,12,13",0.5333333333333333,1.0,0.6417410714285714,0.5,0.3571428571428571,0.4166666666666667,0.5223214285714286,0.3855226039886474
"18,14,6,6,22,7,8,6,3,6,1,0,20,2,0",0.6,0.7,0.6404017857142856,0.5416666666666666,0.9285714285714286,0.6842105263157895,0.6205357142857143,0.2722761631011963
"19,4,5,11,9,11,11,0,8,22,3,14,0,10,9",0.5666666666666667,0.8,0.6386160714285715,0.5217391304347826,0.8571428571428571,0.6486486486486487,0.5848214285714286,0.3766152858734131
"16,14,3,13,21,11,14,2,8,22,17,14,21,10,9",0.6,0.7,0.6370535714285714,0.5454545454545454,0.8571428571428571,0.6666666666666666,0.6160714285714286,0.35759782791137695
"17,1,18,14,7,2,12,10,2,2,19,11,4,6,1",0.6,0.7,0.6370535714285714,0.5454545454545454,0.8571428571428571,0.6666666666666666,0.6160714285714286,0.36041927337646484
"13,10,23,11,2,2,19,12,15,5,8,4,2,22,4",0.6,0.8,0.6352678571428572,0.6666666666666666,0.2857142857142857,0.4,0.5803571428571428,0.2679309844970703
"18,5,6,9,9,13,12,17,15,5,11,12,17,21,12",0.6666666666666666,0.5,0.6305803571428571,0.6111111111111112,0.7857142857142857,0.6875,0.6741071428571428,0.3219888210296631
"0,11,4,2,4,15,0,6,9,18,0,8,19,16,5",0.5333333333333333,0.9,0.6301339285714286,0.5,0.6428571428571429,0.5625,0.5401785714285714,0.23424100875854492
"5,7,23,17,9,23,13,7,16,13,10,13,4,5,9",0.6666666666666666,0.5,0.6238839285714286,0.6428571428571429,0.6428571428571429,0.6428571428571429,0.6651785714285714,0.24711918830871582
"19,14,10,19,8,23,5,10,19,13,17,23,13,10,16",0.6,0.7,0.6203125,0.5833333333333334,0.5,0.5384615384615384,0.59375,0.433086633682251
"7,8,18,14,14,15,1,1,20,14,2,5,5,18,16",0.6,0.6,0.61875,0.5384615384615384,1.0,0.7,0.625,0.33461642265319824
"16,7,22,14,10,13,10,23,11,2,2,19,12,15,5",0.6333333333333333,0.6,0.61875,0.6363636363636364,0.5,0.56,0.625,0.30657100677490234
"15,2,2,10,0,19,2,4,4,19,6,18,14,22,12",0.6,0.7,0.6169642857142856,0.6,0.42857142857142855,0.5,0.5892857142857143,1.3022112846374512
"18,18,15,10,3,0,20,5,4,0,13,22,4,17,4",0.5666666666666667,0.7,0.6169642857142856,0.52,0.9285714285714286,0.6666666666666666,0.5892857142857143,0.42180490493774414
"12,13,19,13,9,15,23,2,16,9,15,15,19,12,7",0.6,0.7,0.6136160714285714,0.625,0.35714285714285715,0.45454545454545453,0.5848214285714286,0.3476827144622803
"19,4,0,11,9,16,11,0,8,22,0,14,0,0,14",0.5,0.9,0.6133928571428571,0.4782608695652174,0.7857142857142857,0.5945945945945946,0.5178571428571428,0.3541679382324219
"17,15,5,11,12,17,21,12,14,20,3,10,14,0,7",0.6,0.6,0.6120535714285714,0.5454545454545454,0.8571428571428571,0.6666666666666666,0.6160714285714286,0.29436516761779785
"13,10,13,11,2,6,23,12,15,5,5,4,2,11,2",0.6666666666666666,0.5,0.6104910714285714,0.8333333333333334,0.35714285714285715,0.5,0.6473214285714286,0.246795654296875
"17,5,19,2,15,13,13,21,7,13,0,17,22,1,8",0.5666666666666667,0.7,0.610267857142857,0.5238095238095238,0.7857142857142857,0.6285714285714286,0.5803571428571428,0.45410680770874023
"19,4,3,3,9,11,23,0,8,22,17,14,21,10,9",0.5666666666666667,0.7,0.610267857142857,0.5238095238095238,0.7857142857142857,0.6285714285714286,0.5803571428571428,0.40499091148376465
"5,15,23,9,3,11,17,9,10,11,17,6,9,22,3",0.6333333333333333,0.6,0.6087053571428571,0.8,0.2857142857142857,0.4210526315789473,0.6116071428571428,0.2973225116729736
"11,3,19,18,14,14,13,15,8,7,20,9,13,7,8",0.6333333333333333,0.6,0.6087053571428571,0.8,0.2857142857142857,0.42105263157894735,0.6116071428571428,0.5563759803771973
"9,15,2,2,10,0,19,2,4,4,19,6,18,14,22",0.5666666666666667,0.7,0.6069196428571428,0.5263157894736842,0.7142857142857143,0.6060606060606061,0.5758928571428572,1.2880690097808838
"15,0,6,9,18,0,8,19,16,5,17,0,23,2,10",0.5666666666666667,0.7,0.6069196428571428,0.5263157894736842,0.7142857142857143,0.6060606060606061,0.5758928571428572,0.30212950706481934
"16,9,10,15,20,8,18,9,18,10,7,21,11,5,13",0.5333333333333333,0.8,0.6051339285714286,0.5,0.6428571428571429,0.5625,0.5401785714285714,0.31032514572143555
"19,12,11,3,9,23,16,5,22,8,5,13,4,2,17",0.6,0.7,0.6035714285714285,1.0,0.14285714285714285,0.25,0.5714285714285714,0.3934042453765869
"16,6,13,13,15,6,23,5,4,5,5,8,15,11,2",0.6,0.6,0.6020089285714285,0.5625,0.6428571428571429,0.6,0.6026785714285714,0.25495076179504395
"19,2,4,4,19,6,18,14,22,12,15,7,15,15,14",0.6,0.6,0.6020089285714285,0.5625,0.6428571428571429,0.6,0.6026785714285714,1.494150161743164
"2,0,11,4,2,4,15,0,6,9,18,0,8,19,16",0.6,0.6,0.6020089285714285,0.5625,0.6428571428571429,0.6,0.6026785714285714,0.25281262397766113
"16,6,13,8,15,6,23,5,4,6,4,8,15,9,2",0.5333333333333333,0.8,0.6017857142857144,0.5,0.5714285714285714,0.5333333333333333,0.5357142857142857,0.25737667083740234
"5,7,19,17,9,11,23,7,16,13,8,13,4,10,0",0.6333333333333333,0.5,0.6004464285714286,0.6,0.6428571428571429,0.6206896551724138,0.6339285714285714,0.3638882637023926
"16,14,1,7,3,21,0,4,2,7,12,16,0,17,10",0.6666666666666666,0.4,0.5988839285714286,0.6428571428571429,0.6428571428571429,0.6428571428571429,0.6651785714285714,0.26677417755126953
"16,11,13,20,15,6,23,5,4,0,5,9,15,11,2",0.6,0.6,0.5986607142857143,0.5714285714285714,0.5714285714285714,0.5714285714285714,0.5982142857142857,0.26206231117248535
"18,14,13,12,18,1,17,13,5,5,11,9,22,12,16",0.6333333333333333,0.5,0.5970982142857143,0.6153846153846154,0.5714285714285714,0.5925925925925926,0.6294642857142857,0.4146695137023926
"11,13,9,8,13,21,14,12,19,6,1,1,13,1,18",0.6333333333333333,0.5,0.5970982142857143,0.6153846153846154,0.5714285714285714,0.5925925925925926,0.6294642857142857,0.28692054748535156
"16,15,5,4,6,17,11,4,4,9,3,5,17,9,14",0.5666666666666667,0.7,0.596875,0.5384615384615384,0.5,0.5185185185185185,0.5625,0.2521984577178955
"19,16,3,1,22,2,11,16,4,11,18,9,9,5,8",0.6,0.6,0.5953125,0.5833333333333334,0.5,0.5384615384615384,0.59375,0.4637167453765869
"5,5,15,2,16,9,15,2,2,10,0,19,2,4,4",0.6,0.6,0.5953125,0.5833333333333334,0.5,0.5384615384615384,0.59375,0.2357006072998047
"19,0,8,11,9,11,14,0,8,22,14,14,0,10,9",0.5666666666666667,0.7,0.5935267857142856,0.5454545454545454,0.42857142857142855,0.48,0.5580357142857143,0.38239574432373047
"0,19,7,9,10,3,3,9,0,0,5,19,2,15,15",0.5666666666666667,0.7,0.5935267857142856,0.5454545454545454,0.42857142857142855,0.48,0.5580357142857143,0.38790202140808105
"16,4,13,13,15,6,23,5,8,6,5,8,15,9,2",0.5666666666666667,0.7,0.5935267857142856,0.5454545454545454,0.42857142857142855,0.48,0.5580357142857143,0.2658047676086426
"4,8,15,13,17,18,8,5,14,5,4,1,6,3,16",0.5666666666666667,0.7,0.5935267857142856,0.5454545454545454,0.42857142857142855,0.48,0.5580357142857143,0.29955053329467773
"9,9,13,20,6,2,11,12,0,22,1,4,4,9,18",0.6666666666666666,0.4,0.5921875,0.7,0.5,0.5833333333333334,0.65625,0.21374797821044922
"19,4,16,11,9,11,17,12,7,0,0,9,14,12,13",0.6,0.6,0.5919642857142857,0.6,0.42857142857142855,0.5,0.5892857142857143,0.4535973072052002
"21,12,10,9,8,1,13,23,8,16,6,3,7,14,23",0.5666666666666667,0.6,0.5919642857142857,0.52,0.9285714285714286,0.6666666666666666,0.5892857142857143,0.29291415214538574
"10,5,12,17,0,6,5,3,22,16,5,5,0,14,23",0.6,0.6,0.5919642857142857,0.6,0.42857142857142855,0.5,0.5892857142857143,0.22475695610046387
"17,6,10,7,12,9,10,7,20,0,14,14,13,18,10",0.5,0.8,0.5917410714285715,0.48,0.8571428571428571,0.6153846153846154,0.5223214285714286,0.30539917945861816
"23,10,2,1,15,10,4,0,17,7,20,14,15,13,0",0.6,0.5,0.5904017857142857,0.5416666666666666,0.9285714285714286,0.6842105263157895,0.6205357142857143,0.25797009468078613
"1,16,11,3,14,20,13,11,3,3,6,11,0,14,6",0.6,0.5,0.5904017857142857,0.5416666666666666,0.9285714285714286,0.6842105263157895,0.6205357142857143,0.24765801429748535
"19,0,19,4,9,11,23,0,8,0,8,22,15,10,0",0.5666666666666667,0.7,0.5901785714285714,0.5555555555555556,0.35714285714285715,0.43478260869565216,0.5535714285714286,1.0001935958862305
"19,4,17,6,10,7,12,9,10,7,20,0,14,14,13",0.4666666666666667,0.9,0.5899553571428572,0.4583333333333333,0.7857142857142857,0.5789473684210527,0.48660714285714285,0.523101806640625
"16,15,17,6,18,2,17,8,2,5,6,9,5,20,16",0.5666666666666667,0.6,0.5886160714285715,0.5217391304347826,0.8571428571428571,0.6486486486486487,0.5848214285714286,0.4064905643463135
"16,4,16,11,9,11,23,5,4,6,0,8,15,11,2",0.6,0.6,0.5886160714285714,0.625,0.35714285714285715,0.45454545454545453,0.5848214285714286,0.2583920955657959
"18,0,8,19,16,5,17,0,23,2,10,3,20,8,9",0.5,0.8,0.5883928571428572,0.4782608695652174,0.7857142857142857,0.5945945945945946,0.5178571428571428,0.3778846263885498
"19,4,3,3,9,11,14,0,8,22,0,14,21,10,9",0.5,0.8,0.5883928571428572,0.4782608695652174,0.7857142857142857,0.5945945945945946,0.5178571428571428,0.37513184547424316
"0,4,4,13,6,0,2,20,11,5,17,23,11,4,8",0.6333333333333333,0.5,0.5870535714285714,0.7142857142857143,0.35714285714285715,0.47619047619047616,0.6160714285714286,0.23444628715515137
"2,2,15,12,19,19,10,5,20,16,11,13,9,8,13",0.6333333333333333,0.5,0.5870535714285714,0.7142857142857143,0.35714285714285715,0.47619047619047616,0.6160714285714286,0.859459638595581
"7,10,3,17,0,6,0,16,1,10,5,21,13,10,1",0.6333333333333333,0.5,0.5870535714285714,0.7142857142857143,0.35714285714285715,0.47619047619047616,0.6160714285714286,0.251300573348999
"0,13,18,5,6,9,9,13,12,17,15,5,11,12,17",0.6,0.5,0.5870535714285714,0.5454545454545454,0.8571428571428571,0.6666666666666666,0.6160714285714286,0.26490235328674316
"19,4,19,3,9,11,14,0,8,15,8,14,15,10,9",0.5666666666666667,0.7,0.586830357142857,0.5714285714285714,0.2857142857142857,0.38095238095238093,0.5491071428571428,1.0440163612365723
"4,9,7,15,22,17,12,11,10,14,9,15,15,10,23",0.5666666666666667,0.7,0.586830357142857,0.5714285714285714,0.2857142857142857,0.38095238095238093,0.5491071428571428,0.3187382221221924
"18,3,19,14,0,23,10,15,8,14,11,18,17,22,10",0.4666666666666667,0.9,0.5866071428571429,0.45454545454545453,0.7142857142857143,0.5555555555555556,0.48214285714285715,0.7350020408630371
"4,19,6,18,14,22,12,15,7,15,15,14,21,5,3",0.5,0.9,0.5866071428571429,0.42857142857142855,0.21428571428571427,0.2857142857142857,0.48214285714285715,0.7033071517944336
"13,11,23,11,15,2,19,12,15,4,8,9,14,22,13",0.6,0.6,0.5852678571428571,0.6666666666666666,0.2857142857142857,0.4,0.5803571428571428,0.3478090763092041
"4,15,0,6,9,18,0,8,19,16,5,17,0,23,2",0.5666666666666667,0.6,0.5852678571428571,0.5238095238095238,0.7857142857142857,0.6285714285714286,0.5803571428571428,0.2813379764556885
"10,0,9,15,21,14,8,17,19,9,19,7,3,23,3",0.6,0.6,0.5852678571428571,0.6666666666666666,0.2857142857142857,0.4,0.5803571428571428,0.36649107933044434
"8,9,17,6,10,22,17,5,2,19,3,7,8,8,7",0.6,0.6,0.5852678571428571,0.6666666666666666,0.2857142857142857,0.4,0.5803571428571428,0.3876657485961914
"17,4,16,11,9,11,12,10,2,2,0,11,4,9,1",0.5333333333333333,0.8,0.5850446428571427,0.5,0.21428571428571427,0.3,0.5133928571428571,0.2883951663970947
"14,10,13,10,23,11,2,2,19,12,15,5,8,4,2",0.6,0.5,0.5837053571428571,0.55,0.7857142857142857,0.6470588235294118,0.6116071428571428,0.28838634490966797
"12,11,8,20,10,20,5,6,4,16,1,4,8,9,7",0.5333333333333333,0.7,0.5834821428571428,0.5,0.7142857142857143,0.5882352941176471,0.5446428571428572,0.22477054595947266
"16,1,19,13,16,11,9,5,23,0,8,22,0,14,2",0.5666666666666667,0.6,0.5819196428571429,0.5263157894736842,0.7142857142857143,0.6060606060606061,0.5758928571428572,0.3250274658203125
"18,15,16,13,15,6,15,12,10,0,2,0,18,0,13",0.6,0.6,0.5819196428571428,0.75,0.21428571428571427,0.3333333333333333,0.5758928571428571,0.29958200454711914
"4,19,4,17,6,10,7,12,9,10,7,20,0,14,14",0.5333333333333333,0.8,0.5816964285714286,0.5,0.14285714285714285,0.2222222222222222,0.5089285714285714,0.5072662830352783
"19,4,3,3,9,11,14,0,8,22,17,14,21,10,9",0.4666666666666667,0.9,0.5799107142857143,0.4444444444444444,0.5714285714285714,0.5,0.4732142857142857,0.38437795639038086
"4,13,19,4,16,11,9,11,23,0,8,22,0,14,0",0.5,0.9,0.5799107142857143,0.3333333333333333,0.07142857142857142,0.11764705882352941,0.4732142857142857,0.2862057685852051
"18,2,8,16,19,17,3,9,6,6,9,1,0,7,5",0.6333333333333333,0.4,0.5787946428571429,0.5882352941176471,0.7142857142857143,0.6451612903225806,0.6383928571428572,0.47953319549560547
"4,16,11,9,11,23,0,8,22,0,14,0,10,9,22",0.5666666666666667,0.6,0.5785714285714285,0.5294117647058824,0.6428571428571429,0.5806451612903226,0.5714285714285714,0.2910614013671875
"0,13,3,4,17,14,14,9,0,0,17,5,2,7,9",0.5666666666666667,0.6,0.5785714285714285,0.5294117647058824,0.6428571428571429,0.5806451612903226,0.5714285714285714,0.2268238067626953
"17,22,2,5,16,12,6,5,0,0,17,18,11,19,10",0.5666666666666667,0.6,0.5785714285714285,0.5294117647058824,0.6428571428571429,0.5806451612903226,0.5714285714285714,0.35648274421691895
"1,0,20,2,0,11,4,2,4,15,0,6,9,18,0",0.6,0.6,0.5785714285714285,1.0,0.14285714285714285,0.25,0.5714285714285714,0.15967297554016113
"8,1,7,0,8,1,9,3,4,2,18,4,15,16,7",0.5,0.8,0.5783482142857144,0.47058823529411764,0.5714285714285714,0.5161290322580645,0.5044642857142857,0.2674984931945801
"19,11,4,14,15,21,17,12,4,5,19,6,14,3,13",0.5,0.8,0.5783482142857144,0.47058823529411764,0.5714285714285714,0.5161290322580645,0.5044642857142857,0.44928574562072754
"8,14,10,0,15,7,17,18,0,17,2,15,1,3,10",0.5,0.8,0.5783482142857144,0.47058823529411764,0.5714285714285714,0.5161290322580645,0.5044642857142857,0.3941524028778076
"14,6,10,3,23,3,13,3,12,14,14,2,22,13,6",0.6,0.5,0.5770089285714286,0.5625,0.6428571428571429,0.6,0.6026785714285714,0.26474738121032715
"15,7,17,18,0,17,2,15,1,3,10,0,7,6,15",0.6,0.5,0.5770089285714286,0.5625,0.6428571428571429,0.6,0.6026785714285714,0.39078783988952637
"12,9,12,12,7,5,18,17,5,4,3,8,18,2,19",0.6,0.5,0.5770089285714286,0.5625,0.6428571428571429,0.6,0.6026785714285714,0.6214728355407715
"3,15,20,12,11,11,8,11,15,16,1,8,8,10,6",0.5333333333333333,0.7,0.5767857142857142,0.5,0.5714285714285714,0.5333333333333333,0.5357142857142857,0.315565824508667
"10,23,11,2,2,19,12,15,5,8,4,2,22,4,1",0.6333333333333333,0.4,0.5754464285714286,0.6,0.6428571428571429,0.6206896551724138,0.6339285714285714,0.2960784435272217
"16,5,3,11,11,16,22,9,11,14,18,9,15,22,7",0.5666666666666667,0.6,0.5752232142857143,0.5333333333333333,0.5714285714285714,0.5517241379310345,0.5669642857142857,0.31408166885375977
"16,4,22,14,10,13,10,23,8,2,2,19,12,15,5",0.5666666666666667,0.6,0.5752232142857143,0.5333333333333333,0.5714285714285714,0.5517241379310345,0.5669642857142857,0.32314276695251465
"19,4,3,11,9,11,0,0,8,22,5,14,0,10,9",0.5,0.8,0.575,0.4666666666666667,0.5,0.4827586206896552,0.5,0.38408613204956055
"10,1,12,0,13,7,11,8,4,5,10,14,16,2,22",0.6,0.5,0.5736607142857143,0.5714285714285714,0.5714285714285714,0.5714285714285714,0.5982142857142857,0.25237393379211426
"19,4,19,3,9,11,9,0,8,22,8,14,21,14,0",0.6,0.5,0.5736607142857143,0.5714285714285714,0.5714285714285714,0.5714285714285714,0.5982142857142857,1.0507540702819824
"7,8,5,16,1,16,0,20,3,6,3,15,14,16,8",0.5,0.7,0.5734375,0.4827586206896552,1.0,0.6511627906976745,0.53125,0.26906347274780273
"16,5,3,15,21,14,14,2,8,17,17,10,21,7,9",0.5,0.7,0.5734375,0.4827586206896552,1.0,0.6511627906976745,0.53125,0.3031954765319824
"16,6,13,3,4,6,9,5,4,15,5,8,15,11,9",0.5333333333333333,0.6,0.571875,0.5,1.0,0.6666666666666666,0.5625,0.2658109664916992
"16,6,13,19,15,6,11,5,4,23,4,8,15,9,14",0.5,0.8,0.5716517857142858,0.46153846153846156,0.42857142857142855,0.4444444444444444,0.4955357142857143,0.28917670249938965
"18,12,14,17,7,12,3,13,3,10,9,17,16,14,19",0.5666666666666667,0.5,0.5703125,0.5185185185185185,1.0,0.6829268292682927,0.59375,0.350696325302124
"0,6,2,10,7,1,15,7,4,22,12,3,14,8,17",0.5666666666666667,0.5,0.5703125,0.5185185185185185,1.0,0.6829268292682927,0.59375,0.21771883964538574
"3,6,12,1,18,7,16,12,0,10,1,8,5,7,4",0.5666666666666667,0.5,0.5703125,0.5185185185185185,1.0,0.6829268292682927,0.59375,0.24331378936767578
"6,17,0,18,5,12,15,0,4,4,13,6,0,2,20",0.6,0.5,0.5703125,0.5833333333333334,0.5,0.5384615384615384,0.59375,0.2670614719390869
"6,3,9,0,7,3,22,3,15,20,11,5,3,0,20",0.5666666666666667,0.5,0.5703125,0.5185185185185185,1.0,0.6829268292682927,0.59375,0.19025444984436035
"6,7,22,11,1,22,1,13,0,19,2,7,17,3,16",0.6,0.5,0.5703125,0.5833333333333334,0.5,0.5384615384615384,0.59375,0.26152944564819336
"1,3,6,20,12,5,13,20,3,8,4,8,11,3,21",0.5666666666666667,0.5,0.5703125,0.5185185185185185,1.0,0.6829268292682927,0.59375,0.24502205848693848
"0,13,22,6,17,4,18,9,0,0,19,5,2,9,4",0.5,0.7,0.5700892857142856,0.48148148148148145,0.9285714285714286,0.6341463414634146,0.5267857142857143,0.2545468807220459
"5,5,18,16,19,6,17,19,19,18,7,6,7,9,1",0.5,0.7,0.5700892857142856,0.48148148148148145,0.9285714285714286,0.6341463414634146,0.5267857142857143,1.75630784034729
"16,6,13,13,4,6,23,5,4,6,5,8,15,9,2",0.6,0.4,0.56875,0.5384615384615384,1.0,0.7,0.625,0.2281806468963623
"9,5,3,0,8,14,14,8,22,16,17,0,23,7,9",0.6333333333333333,0.4,0.56875,0.6363636363636364,0.5,0.56,0.625,0.25457310676574707
"9,12,8,13,17,14,17,11,1,10,2,2,15,12,19",0.6666666666666666,0.3,0.5671875,0.7,0.5,0.5833333333333334,0.65625,0.3116905689239502
"16,4,16,11,9,11,10,23,11,2,0,19,12,15,5",0.6666666666666666,0.3,0.5671875,0.7,0.5,0.5833333333333334,0.65625,0.27727723121643066
"3,15,14,4,8,7,1,13,7,9,10,9,7,11,15",0.6,0.5,0.5669642857142857,0.6,0.42857142857142855,0.5,0.5892857142857143,0.3246800899505615
"13,13,14,4,19,3,14,16,11,8,3,16,14,20,2",0.5666666666666667,0.5,0.5669642857142857,0.52,0.9285714285714286,0.6666666666666666,0.5892857142857143,0.27166080474853516
"19,4,16,11,9,11,23,0,8,22,0,14,9,10,9",0.5,0.7,0.5667410714285714,0.48,0.8571428571428571,0.6153846153846154,0.5223214285714286,0.4520740509033203
"7,5,15,12,6,22,11,18,11,10,23,12,18,13,16",0.5333333333333333,0.7,0.5667410714285714,0.5,0.35714285714285715,0.4166666666666667,0.5223214285714286,0.2734260559082031
"6,14,0,4,19,10,10,17,17,1,23,17,6,3,2",0.5,0.7,0.5667410714285714,0.48,0.8571428571428571,0.6153846153846154,0.5223214285714286,0.6095244884490967
"9,15,2,2,10,0,19,2,4,4,19,6,18,14,9",0.6333333333333333,0.4,0.5654017857142857,0.6666666666666666,0.42857142857142855,0.5217391304347826,0.6205357142857143,1.2954399585723877
"17,16,1,15,23,7,19,10,14,23,5,14,17,13,18",0.5666666666666667,0.6,0.5651785714285715,0.5555555555555556,0.35714285714285715,0.43478260869565216,0.5535714285714286,0.3514580726623535
"9,18,0,8,19,16,5,17,0,23,2,10,3,20,8",0.5333333333333333,0.6,0.5651785714285714,0.5,0.8571428571428571,0.631578947368421,0.5535714285714286,0.3146989345550537
"0,13,13,4,15,6,23,9,4,6,5,8,15,9,4",0.5666666666666667,0.6,0.5651785714285714,0.5555555555555556,0.35714285714285715,0.43478260869565216,0.5535714285714286,0.23566579818725586
"5,8,14,0,17,17,6,9,4,3,1,4,23,0,11",0.5666666666666667,0.6,0.5651785714285714,0.5555555555555556,0.35714285714285715,0.43478260869565216,0.5535714285714286,0.2415313720703125
"19,15,4,14,3,21,17,12,4,5,19,6,9,3,3",0.4666666666666667,0.8,0.5649553571428572,0.4583333333333333,0.7857142857142857,0.5789473684210527,0.48660714285714285,0.422943115234375
"16,4,13,13,15,6,23,5,8,6,5,8,15,11,2",0.6,0.5,0.5636160714285714,0.625,0.35714285714285715,0.45454545454545453,0.5848214285714286,0.25937914848327637
"8,20,15,16,13,11,19,11,7,8,4,11,2,12,23",0.6,0.5,0.5636160714285714,0.625,0.35714285714285715,0.45454545454545453,0.5848214285714286,0.2747523784637451
"13,4,21,10,1,12,0,13,7,11,8,4,5,10,14",0.6,0.5,0.5636160714285714,0.625,0.35714285714285715,0.45454545454545453,0.5848214285714286,0.24985218048095703
"19,7,9,10,3,3,9,0,0,5,19,2,15,15,18",0.5666666666666667,0.5,0.5636160714285714,0.5217391304347826,0.8571428571428571,0.6486486486486487,0.5848214285714286,0.41159605979919434
"14,13,15,8,7,20,9,13,7,8,0,16,11,10,13",0.6,0.5,0.5636160714285714,0.625,0.35714285714285715,0.45454545454545453,0.5848214285714286,0.3137035369873047
"6,0,17,23,5,5,13,18,18,15,16,13,15,6,15",0.6,0.5,0.5636160714285714,0.625,0.35714285714285715,0.45454545454545453,0.5848214285714286,0.4253427982330322
"4,0,19,3,16,11,14,11,23,15,8,22,0,14,9",0.5,0.7,0.563392857142857,0.4782608695652174,0.7857142857142857,0.5945945945945946,0.5178571428571428,0.4465179443359375
"0,11,18,15,5,23,11,16,0,14,14,17,15,19,18",0.5333333333333333,0.7,0.563392857142857,0.5,0.2857142857142857,0.36363636363636365,0.5178571428571428,0.5615129470825195
"10,10,12,3,0,22,14,5,2,20,16,14,17,4,6",0.6,0.4,0.5620535714285715,0.5454545454545454,0.8571428571428571,0.6666666666666666,0.6160714285714286,0.2262864112854004
"10,0,15,7,17,18,0,17,2,15,1,3,10,0,7",0.5666666666666667,0.6,0.5618303571428571,0.5714285714285714,0.2857142857142857,0.38095238095238093,0.5491071428571428,0.3931281566619873
"5,10,19,13,17,23,13,10,16,8,13,20,17,14,9",0.5666666666666667,0.6,0.5618303571428571,0.5714285714285714,0.2857142857142857,0.38095238095238093,0.5491071428571428,0.30991435050964355
"12,15,0,16,2,0,0,17,13,2,10,4,7,12,0",0.4666666666666667,0.8,0.5616071428571429,0.45454545454545453,0.7142857142857143,0.5555555555555556,0.48214285714285715,0.22254014015197754
"18,6,18,18,6,1,17,14,7,8,20,0,3,16,0",0.6,0.5,0.5602678571428571,0.6666666666666666,0.2857142857142857,0.4,0.5803571428571428,0.68349289894104
"21,3,0,8,5,5,19,18,19,1,17,9,10,21,8",0.5666666666666667,0.5,0.5602678571428571,0.5238095238095238,0.7857142857142857,0.6285714285714286,0.5803571428571428,1.105180025100708
"14,12,16,2,23,16,9,6,22,10,7,14,3,9,21",0.5666666666666667,0.5,0.5602678571428571,0.5238095238095238,0.7857142857142857,0.6285714285714286,0.5803571428571428,0.331740140914917
"15,19,12,7,9,11,18,16,9,3,16,0,22,12,16",0.6,0.5,0.5602678571428571,0.6666666666666666,0.2857142857142857,0.4,0.5803571428571428,0.32482409477233887
"6,10,7,20,3,8,0,14,9,8,19,0,7,16,18",0.5,0.7,0.5600446428571428,0.47619047619047616,0.7142857142857143,0.5714285714285714,0.5133928571428572,0.264315128326416
"14,20,9,21,9,7,2,8,1,9,2,9,18,5,18",0.6,0.4,0.5587053571428571,0.55,0.7857142857142857,0.6470588235294118,0.6116071428571428,0.352846622467041
"19,8,23,5,10,19,13,17,23,13,10,16,8,13,20",0.5333333333333333,0.6,0.5584821428571429,0.5,0.7142857142857143,0.5882352941176471,0.5446428571428572,0.42135167121887207
"10,3,0,20,5,4,0,13,22,4,17,4,18,9,0",0.5333333333333333,0.6,0.5584821428571429,0.5,0.7142857142857143,0.5882352941176471,0.5446428571428572,0.2639920711517334
"18,2,2,3,11,19,17,19,18,12,14,13,4,15,22",0.5333333333333333,0.6,0.5584821428571429,0.5,0.7142857142857143,0.5882352941176471,0.5446428571428572,0.917363166809082
"19,4,13,13,9,11,23,0,8,22,5,14,15,10,2",0.5666666666666667,0.6,0.5584821428571428,0.6,0.21428571428571427,0.3157894736842105,0.5446428571428571,0.3942437171936035
"16,4,8,11,9,11,23,5,4,6,14,8,15,9,2",0.5666666666666667,0.5,0.5569196428571429,0.5263157894736842,0.7142857142857143,0.6060606060606061,0.5758928571428572,0.28551697731018066
"12,2,15,16,12,12,7,14,22,9,7,3,12,13,5",0.6,0.5,0.5569196428571428,0.75,0.21428571428571427,0.3333333333333333,0.5758928571428571,0.2735905647277832
"17,9,23,13,7,16,13,10,13,4,5,9,3,21,2",0.6,0.5,0.5569196428571428,0.75,0.21428571428571427,0.3333333333333333,0.5758928571428571,0.28482770919799805
"4,0,13,22,4,17,4,18,9,0,0,19,5,2,9",0.5,0.7,0.5566964285714285,0.47368421052631576,0.6428571428571429,0.5454545454545454,0.5089285714285714,0.26647281646728516
"16,11,22,14,15,13,10,23,11,2,2,9,14,15,13",0.5333333333333333,0.7,0.5566964285714285,0.5,0.14285714285714285,0.2222222222222222,0.5089285714285714,0.32326388359069824
"16,7,5,14,9,11,11,23,8,22,3,14,0,10,5",0.43333333333333335,0.9,0.5564732142857143,0.42105263157894735,0.5714285714285714,0.48484848484848486,0.4419642857142857,0.29338788986206055
"19,1,1,14,12,14,8,1,17,7,8,8,12,10,0",0.6,0.4,0.5553571428571429,0.5555555555555556,0.7142857142857143,0.625,0.6071428571428572,0.4136667251586914
"16,17,22,17,1,18,14,7,2,12,10,2,2,19,11",0.6,0.4,0.5553571428571429,0.5555555555555556,0.7142857142857143,0.625,0.6071428571428572,0.4267723560333252
"10,15,14,3,11,8,18,3,15,15,19,19,7,14,10",0.6,0.4,0.5553571428571429,0.5555555555555556,0.7142857142857143,0.625,0.6071428571428572,0.8998191356658936
"13,17,18,8,5,14,5,4,1,6,3,16,11,14,15",0.6,0.4,0.5553571428571429,0.5555555555555556,0.7142857142857143,0.625,0.6071428571428572,0.3276238441467285
"6,19,17,13,18,12,4,9,7,15,22,17,12,11,10",0.6,0.4,0.5553571428571429,0.5555555555555556,0.7142857142857143,0.625,0.6071428571428572,0.5562219619750977
"12,5,2,12,9,12,6,9,11,22,5,15,14,8,8",0.6,0.4,0.5553571428571429,0.5555555555555556,0.7142857142857143,0.625,0.6071428571428572,0.23002052307128906
"0,11,12,2,9,14,18,16,12,17,6,19,5,15,0",0.6,0.4,0.5553571428571429,0.5555555555555556,0.7142857142857143,0.625,0.6071428571428572,0.3939206600189209
"1,13,1,18,8,16,1,18,16,5,23,3,16,7,4",0.5333333333333333,0.6,0.5551339285714285,0.5,0.6428571428571429,0.5625,0.5401785714285714,0.35840821266174316
"3,11,11,16,22,9,11,14,18,9,15,22,7,13,15",0.5666666666666667,0.6,0.5551339285714285,0.6666666666666666,0.14285714285714285,0.23529411764705882,0.5401785714285714,0.31881237030029297
"17,1,18,14,7,2,12,10,2,2,19,0,4,6,1",0.5333333333333333,0.6,0.5551339285714285,0.5,0.6428571428571429,0.5625,0.5401785714285714,0.34665989875793457
"10,7,17,23,5,16,1,14,2,16,0,9,0,8,11",0.5333333333333333,0.6,0.5551339285714285,0.5,0.6428571428571429,0.5625,0.5401785714285714,0.37795495986938477
"10,15,14,18,9,0,5,4,8,2,14,0,22,6,4",0.5666666666666667,0.6,0.5551339285714285,0.6666666666666666,0.14285714285714285,0.23529411764705882,0.5401785714285714,0.22294974327087402
"16,14,13,13,15,6,23,2,4,6,5,8,15,11,9",0.5333333333333333,0.6,0.5551339285714285,0.5,0.6428571428571429,0.5625,0.5401785714285714,0.28676724433898926
"3,6,0,11,1,23,3,3,13,9,16,15,14,21,15",0.6,0.5,0.5535714285714286,1.0,0.14285714285714285,0.25,0.5714285714285714,0.23952150344848633
"14,23,10,14,15,0,9,19,3,11,23,6,9,4,19",0.6,0.5,0.5535714285714286,1.0,0.14285714285714285,0.25,0.5714285714285714,0.304563045501709
"17,22,1,9,14,12,9,2,9,15,14,11,9,17,21",0.6,0.5,0.5535714285714286,1.0,0.14285714285714285,0.25,0.5714285714285714,0.31238508224487305
"5,2,19,3,7,8,8,7,0,12,2,15,16,12,12",0.5666666666666667,0.5,0.5535714285714286,0.5294117647058824,0.6428571428571429,0.5806451612903226,0.5714285714285714,0.37407755851745605
"2,4,21,12,23,15,0,13,8,16,11,2,6,14,9",0.6,0.5,0.5535714285714286,1.0,0.14285714285714285,0.25,0.5714285714285714,0.27645349502563477
"12,0,11,18,15,5,23,11,16,0,14,14,17,15,19",0.5666666666666667,0.5,0.5535714285714286,0.5294117647058824,0.6428571428571429,0.5806451612903226,0.5714285714285714,0.2999882698059082
"0,12,2,15,16,12,12,7,14,22,9,7,3,12,13",0.5,0.7,0.5533482142857142,0.47058823529411764,0.5714285714285714,0.5161290322580645,0.5044642857142857,0.28537702560424805
"5,15,17,9,19,8,14,16,21,17,11,12,5,16,9",0.5,0.7,0.5533482142857142,0.47058823529411764,0.5714285714285714,0.5161290322580645,0.5044642857142857,0.37803006172180176
"15,10,4,0,17,7,20,14,15,13,0,2,9,14,12",0.5,0.7,0.5533482142857142,0.47058823529411764,0.5714285714285714,0.5161290322580645,0.5044642857142857,0.2736375331878662
"16,16,17,22,17,1,18,14,7,2,12,10,2,2,19",0.5,0.7,0.5533482142857142,0.47058823529411764,0.5714285714285714,0.5161290322580645,0.5044642857142857,0.4229280948638916
"9,19,7,3,23,3,5,8,2,7,8,22,14,20,9",0.6,0.4,0.5520089285714286,0.5625,0.6428571428571429,0.6,0.6026785714285714,0.2300708293914795
"5,11,23,9,15,11,17,9,10,11,17,9,14,22,13",0.5333333333333333,0.6,0.5517857142857143,0.5,0.5714285714285714,0.5333333333333333,0.5357142857142857,0.26524806022644043
"23,0,15,18,14,13,12,18,1,17,13,5,5,11,9",0.5333333333333333,0.6,0.5517857142857143,0.5,0.5714285714285714,0.5333333333333333,0.5357142857142857,0.40814685821533203
"11,15,23,17,22,1,9,14,12,9,2,9,15,14,11",0.5333333333333333,0.6,0.5517857142857143,0.5,0.5714285714285714,0.5333333333333333,0.5357142857142857,0.3131725788116455
"12,19,6,1,1,13,1,18,8,16,1,18,16,5,23",0.5666666666666667,0.5,0.5502232142857143,0.5333333333333333,0.5714285714285714,0.5517241379310345,0.5669642857142857,0.3054828643798828
"14,10,19,8,23,5,10,19,13,17,23,13,10,16,8",0.5666666666666667,0.5,0.5502232142857143,0.5333333333333333,0.5714285714285714,0.5517241379310345,0.5669642857142857,0.30559372901916504
"18,19,8,16,12,1,9,8,21,2,11,22,15,20,8",0.5666666666666667,0.5,0.5502232142857143,0.5333333333333333,0.5714285714285714,0.5517241379310345,0.5669642857142857,0.6187899112701416
"12,3,20,2,8,19,13,2,18,14,6,6,22,7,8",0.5666666666666667,0.5,0.5502232142857143,0.5333333333333333,0.5714285714285714,0.5517241379310345,0.5669642857142857,0.2773873805999756
"7,8,7,3,3,17,22,17,18,14,13,10,7,17,23",0.4666666666666667,0.7,0.55,0.4666666666666667,1.0,0.6363636363636364,0.5,0.3902394771575928
"12,14,7,4,2,0,17,5,23,17,13,4,6,17,8",0.6,0.4,0.5486607142857143,0.5714285714285714,0.5714285714285714,0.5714285714285714,0.5982142857142857,0.5091273784637451
"7,10,22,17,10,13,10,16,11,2,2,19,12,15,1",0.5,0.6,0.5484375,0.4827586206896552,1.0,0.6511627906976745,0.53125,0.28597140312194824
"10,9,8,1,13,23,8,16,6,3,7,14,23,10,21",0.5,0.6,0.5484375,0.4827586206896552,1.0,0.6511627906976745,0.53125,0.23517465591430664
"13,4,21,2,13,9,8,8,2,8,11,10,0,5,0",0.5333333333333333,0.6,0.5484375,0.5,0.5,0.5,0.53125,0.26817870140075684
"5,18,16,19,6,17,19,19,18,7,6,7,9,1,4",0.5,0.6,0.5484375,0.4827586206896552,1.0,0.6511627906976745,0.53125,1.7056269645690918
"14,0,4,19,10,10,17,17,1,23,17,6,3,2,13",0.5666666666666667,0.5,0.546875,0.5384615384615384,0.5,0.5185185185185185,0.5625,0.6712415218353271
"10,10,17,17,1,23,17,6,3,2,13,13,19,1,18",0.5333333333333333,0.5,0.546875,0.5,1.0,0.6666666666666666,0.5625,1.0151937007904053
"0,16,2,0,0,17,13,2,10,4,7,12,0,11,3",0.5666666666666667,0.5,0.546875,0.5384615384615384,0.5,0.5185185185185185,0.5625,0.2631082534790039
"5,16,23,14,6,10,3,23,3,13,3,12,14,14,2",0.5666666666666667,0.5,0.546875,0.5384615384615384,0.5,0.5185185185185185,0.5625,0.26351380348205566
"8,6,17,6,13,22,12,0,19,19,13,11,6,12,8",0.5333333333333333,0.5,0.546875,0.5,1.0,0.6666666666666666,0.5625,0.8297781944274902
"9,6,3,12,9,12,12,7,5,18,17,5,4,3,8",0.5333333333333333,0.5,0.546875,0.5,1.0,0.6666666666666666,0.5625,0.2580883502960205
"12,10,0,2,0,18,0,13,0,9,16,10,15,14,3",0.5666666666666667,0.5,0.546875,0.5384615384615384,0.5,0.5185185185185185,0.5625,0.21582889556884766
"17,14,17,11,1,10,2,2,15,12,19,19,10,5,20",0.5666666666666667,0.5,0.546875,0.5384615384615384,0.5,0.5185185185185185,0.5625,0.8898632526397705
"4,21,10,1,12,0,13,7,11,8,4,5,10,14,16",0.5333333333333333,0.5,0.546875,0.5,1.0,0.6666666666666666,0.5625,0.2651536464691162
"12,6,5,0,0,17,18,11,19,10,12,23,1,6,3",0.5333333333333333,0.5,0.546875,0.5,1.0,0.6666666666666666,0.5625,0.2911553382873535
"6,1,17,14,7,8,20,0,3,16,0,11,8,9,14",0.5333333333333333,0.5,0.546875,0.5,1.0,0.6666666666666666,0.5625,0.2803926467895508
"12,3,14,8,17,6,1,10,12,2,13,14,13,13,17",0.5333333333333333,0.5,0.546875,0.5,1.0,0.6666666666666666,0.5625,0.32946157455444336
"9,7,3,12,13,5,13,13,14,4,19,3,14,16,11",0.5666666666666667,0.5,0.546875,0.5384615384615384,0.5,0.5185185185185185,0.5625,0.27287983894348145
"10,0,19,2,4,4,19,6,18,14,22,12,15,7,15",0.6,0.4,0.5453125,0.5833333333333334,0.5,0.5384615384615384,0.59375,1.3033277988433838
"4,16,17,2,3,13,6,5,14,19,9,6,13,7,11",0.6,0.4,0.5453125,0.5833333333333334,0.5,0.5384615384615384,0.59375,0.2869770526885986
"13,2,10,4,7,12,0,11,3,19,18,14,14,13,15",0.6,0.4,0.5453125,0.5833333333333334,0.5,0.5384615384615384,0.59375,0.5002400875091553
"9,16,17,13,5,14,14,21,16,15,4,5,6,6,9",0.5,0.6,0.5450892857142857,0.48148148148148145,0.9285714285714286,0.6341463414634146,0.5267857142857143,0.26293110847473145
"8,19,16,5,17,0,23,2,10,3,20,8,9,17,6",0.5333333333333333,0.6,0.5450892857142857,0.5,0.42857142857142855,0.46153846153846156,0.5267857142857143,0.3173866271972656
"11,23,6,11,2,4,14,16,22,7,3,8,11,23,2",0.5333333333333333,0.6,0.5450892857142857,0.5,0.42857142857142855,0.46153846153846156,0.5267857142857143,0.2405252456665039
"6,1,19,17,12,3,15,8,17,6,12,15,13,3,11",0.5,0.6,0.5450892857142857,0.48148148148148145,0.9285714285714286,0.6341463414634146,0.5267857142857143,0.524235725402832
"9,12,0,11,18,15,5,23,11,16,0,14,14,17,15",0.6333333333333333,0.3,0.54375,0.6363636363636364,0.5,0.56,0.625,0.2770979404449463
"8,11,23,2,9,10,6,16,2,9,23,11,1,13,11",0.5666666666666667,0.5,0.5435267857142857,0.5454545454545454,0.42857142857142855,0.48,0.5580357142857143,0.23282814025878906
"5,6,9,5,20,16,2,17,11,20,17,16,3,1,2",0.5333333333333333,0.5,0.5435267857142857,0.5,0.9285714285714286,0.65,0.5580357142857143,0.2528836727142334
"15,16,12,12,7,14,22,9,7,3,12,13,5,13,13",0.5333333333333333,0.5,0.5435267857142857,0.5,0.9285714285714286,0.65,0.5580357142857143,0.32242274284362793
"4,11,4,3,6,0,11,1,23,3,3,13,9,16,15",0.5666666666666667,0.5,0.5435267857142857,0.5454545454545454,0.42857142857142855,0.48,0.5580357142857143,0.20650148391723633
"13,14,3,6,12,1,18,7,16,12,0,10,1,8,5",0.5333333333333333,0.5,0.5435267857142857,0.5,0.9285714285714286,0.65,0.5580357142857143,0.2450847625732422
"22,12,15,0,16,2,0,0,17,13,2,10,4,7,12",0.5333333333333333,0.5,0.5435267857142857,0.5,0.9285714285714286,0.65,0.5580357142857143,0.25394177436828613
"14,17,15,19,18,14,14,15,10,11,23,9,18,1,3",0.5333333333333333,0.5,0.5435267857142857,0.5,0.9285714285714286,0.65,0.5580357142857143,0.6787614822387695
"0,12,3,14,16,4,13,11,16,5,3,11,11,16,22",0.5666666666666667,0.5,0.5435267857142857,0.5454545454545454,0.42857142857142855,0.48,0.5580357142857143,0.2600717544555664
"13,21,14,12,19,6,1,1,13,1,18,8,16,1,18",0.5333333333333333,0.5,0.5435267857142857,0.5,0.9285714285714286,0.65,0.5580357142857143,0.3135058879852295
"23,14,13,1,0,19,6,12,17,17,14,2,9,14,22",0.5333333333333333,0.5,0.5435267857142857,0.5,0.9285714285714286,0.65,0.5580357142857143,0.3014805316925049
"15,1,2,19,9,6,3,12,9,12,12,7,5,18,17",0.5333333333333333,0.5,0.5435267857142857,0.5,0.9285714285714286,0.65,0.5580357142857143,0.30753231048583984
"8,16,12,1,9,8,21,2,11,22,15,20,8,3,17",0.5,0.7,0.5433035714285714,0.45454545454545453,0.35714285714285715,0.4,0.4910714285714286,0.2560079097747803
"13,10,7,17,23,5,16,1,14,2,16,0,9,0,8",0.5,0.7,0.5433035714285714,0.45454545454545453,0.35714285714285715,0.4,0.4910714285714286,0.3740723133087158
"0,14,3,0,4,11,16,5,18,6,1,16,8,14,8",0.4666666666666667,0.7,0.5433035714285714,0.46153846153846156,0.8571428571428571,0.6,0.49107142857142855,0.2937614917755127
"16,3,22,2,7,8,18,14,14,15,1,1,20,14,2",0.5666666666666667,0.4,0.5419642857142857,0.52,0.9285714285714286,0.6666666666666666,0.5892857142857143,0.2956857681274414
"17,13,1,6,23,13,4,12,18,19,8,16,12,1,9",0.6,0.4,0.5419642857142857,0.6,0.42857142857142855,0.5,0.5892857142857143,0.5403673648834229
"10,3,15,20,12,11,11,8,11,15,16,1,8,8,10",0.5,0.6,0.5417410714285714,0.48,0.8571428571428571,0.6153846153846154,0.5223214285714286,0.2745487689971924
"14,13,12,18,1,17,13,5,5,11,9,22,12,16,8",0.5333333333333333,0.6,0.5417410714285714,0.5,0.35714285714285715,0.4166666666666667,0.5223214285714286,0.33106374740600586
"19,14,7,19,3,4,15,2,14,17,13,15,7,19,3",0.5,0.6,0.5417410714285714,0.48,0.8571428571428571,0.6153846153846154,0.5223214285714286,0.4441184997558594
"0,17,13,2,10,4,7,12,0,11,3,19,18,14,14",0.6333333333333333,0.3,0.5404017857142857,0.6666666666666666,0.42857142857142855,0.5217391304347826,0.6205357142857143,0.5256748199462891
"17,17,6,9,4,3,1,4,23,0,11,9,0,19,15",0.5666666666666667,0.5,0.5401785714285714,0.5555555555555556,0.35714285714285715,0.43478260869565216,0.5535714285714286,0.29223012924194336
"8,16,19,17,3,9,6,6,9,1,0,7,5,7,23",0.5666666666666667,0.5,0.5401785714285714,0.5555555555555556,0.35714285714285715,0.43478260869565216,0.5535714285714286,0.41155529022216797
"11,8,18,3,15,15,19,19,7,14,10,13,8,9,22",0.5666666666666667,0.5,0.5401785714285714,0.5555555555555556,0.35714285714285715,0.43478260869565216,0.5535714285714286,0.9082736968994141
"16,3,1,22,2,11,16,4,11,18,9,9,5,8,20",0.5666666666666667,0.5,0.5401785714285714,0.5555555555555556,0.35714285714285715,0.43478260869565216,0.5535714285714286,0.28058934211730957
"1,1,1,20,10,2,14,22,10,21,14,3,10,15,12",0.5333333333333333,0.5,0.5401785714285714,0.5,0.8571428571428571,0.631578947368421,0.5535714285714286,0.21466684341430664
"12,14,17,7,12,3,13,3,10,9,17,16,14,19,2",0.5333333333333333,0.5,0.5401785714285714,0.5,0.8571428571428571,0.631578947368421,0.5535714285714286,0.2947041988372803
"21,12,14,7,4,2,0,17,5,23,17,13,4,6,17",0.5333333333333333,0.5,0.5401785714285714,0.5,0.8571428571428571,0.631578947368421,0.5535714285714286,0.5228564739227295
"23,11,2,2,19,12,15,5,8,4,2,22,4,1,4",0.5333333333333333,0.5,0.5401785714285714,0.5,0.8571428571428571,0.631578947368421,0.5535714285714286,0.23479580879211426
"7,0,8,1,9,3,4,2,18,4,15,16,7,17,13",0.5333333333333333,0.5,0.5401785714285714,0.5,0.8571428571428571,0.631578947368421,0.5535714285714286,0.2768971920013428
"0,19,2,7,17,3,16,1,9,16,10,7,16,15,20",0.5666666666666667,0.5,0.5401785714285714,0.5555555555555556,0.35714285714285715,0.43478260869565216,0.5535714285714286,0.41501474380493164
"19,4,5,13,9,11,23,0,8,6,3,14,0,10,2",0.5,0.7,0.5399553571428571,0.4444444444444444,0.2857142857142857,0.34782608695652173,0.48660714285714285,0.3610992431640625
"6,9,18,0,8,19,16,5,17,0,23,2,10,3,20",0.5,0.7,0.5399553571428571,0.4444444444444444,0.2857142857142857,0.34782608695652173,0.48660714285714285,0.2934529781341553
"18,18,6,1,17,14,7,8,20,0,3,16,0,11,8",0.4666666666666667,0.7,0.5399553571428571,0.4583333333333333,0.7857142857142857,0.5789473684210527,0.48660714285714285,0.5335311889648438
"3,4,2,18,4,15,16,7,17,13,15,3,15,17,20",0.6,0.4,0.5386160714285715,0.625,0.35714285714285715,0.45454545454545453,0.5848214285714286,0.3426835536956787
"10,12,4,9,16,23,4,16,2,5,19,16,16,1,3",0.5666666666666667,0.4,0.5386160714285715,0.5217391304347826,0.8571428571428571,0.6486486486486487,0.5848214285714286,0.4618370532989502
"14,8,1,17,7,8,8,12,10,0,0,2,1,9,13",0.5,0.6,0.5383928571428571,0.4782608695652174,0.7857142857142857,0.5945945945945946,0.5178571428571428,0.2849903106689453
"19,4,19,11,9,11,23,0,8,22,8,14,15,10,9",0.5333333333333333,0.6,0.5383928571428571,0.5,0.2857142857142857,0.36363636363636365,0.5178571428571428,1.0242743492126465
"8,14,8,21,0,12,3,14,16,4,13,11,16,5,3",0.5,0.6,0.5383928571428571,0.4782608695652174,0.7857142857142857,0.5945945945945946,0.5178571428571428,0.26309752464294434
"12,4,12,22,14,0,21,10,14,11,2,1,5,14,16",0.5333333333333333,0.6,0.5383928571428571,0.5,0.2857142857142857,0.36363636363636365,0.5178571428571428,0.25174784660339355
"12,17,6,19,5,15,0,6,7,14,17,15,6,20,1",0.5333333333333333,0.6,0.5383928571428571,0.5,0.2857142857142857,0.36363636363636365,0.5178571428571428,0.37874937057495117
"0,3,14,7,4,21,4,0,12,1,15,14,10,7,20",0.5333333333333333,0.6,0.5383928571428571,0.5,0.2857142857142857,0.36363636363636365,0.5178571428571428,0.2911205291748047
"5,4,12,5,2,12,9,12,6,9,11,22,5,15,14",0.5333333333333333,0.5,0.5368303571428571,0.5,0.7857142857142857,0.6111111111111112,0.5491071428571428,0.20247936248779297
"4,4,8,11,9,11,9,11,23,0,14,22,0,14,0",0.5333333333333333,0.5,0.5368303571428571,0.5,0.7857142857142857,0.6111111111111112,0.5491071428571428,0.2006235122680664
"15,10,3,0,20,5,4,0,13,22,4,17,4,18,9",0.5666666666666667,0.5,0.5368303571428571,0.5714285714285714,0.2857142857142857,0.38095238095238093,0.5491071428571428,0.2650001049041748
"19,7,14,14,1,17,22,2,5,16,12,6,5,0,0",0.5333333333333333,0.5,0.5368303571428571,0.5,0.7857142857142857,0.6111111111111112,0.5491071428571428,0.3986625671386719
"3,15,14,16,8,7,1,13,7,9,10,9,7,11,15",0.5666666666666667,0.5,0.5368303571428571,0.5714285714285714,0.2857142857142857,0.38095238095238093,0.5491071428571428,0.34295654296875
"5,10,14,16,2,22,1,3,0,4,10,13,20,15,10",0.5333333333333333,0.5,0.5368303571428571,0.5,0.7857142857142857,0.6111111111111112,0.5491071428571428,0.26464009284973145
"10,6,16,2,9,23,11,1,13,11,6,11,19,6,2",0.4666666666666667,0.7,0.5366071428571428,0.45454545454545453,0.7142857142857143,0.5555555555555556,0.48214285714285715,0.26366496086120605
"17,13,4,14,14,0,17,15,4,5,19,6,9,12,13",0.5,0.7,0.5366071428571428,0.42857142857142855,0.21428571428571427,0.2857142857142857,0.48214285714285715,0.27706432342529297
"11,23,13,3,5,0,1,16,11,3,14,20,13,11,3",0.5666666666666667,0.4,0.5352678571428571,0.5238095238095238,0.7857142857142857,0.6285714285714286,0.5803571428571428,0.20691871643066406
"5,4,9,17,8,5,5,1,7,6,18,16,0,16,11",0.5,0.6,0.5350446428571429,0.4761904761904761,0.7142857142857143,0.5714285714285714,0.5133928571428572,0.2493467330932617
"5,15,2,22,15,2,2,19,12,22,1,16,2,8,18",0.5,0.6,0.5350446428571429,0.47619047619047616,0.7142857142857143,0.5714285714285714,0.5133928571428572,0.2988259792327881
"19,4,16,11,9,11,23,0,8,4,0,14,0,10,9",0.5,0.6,0.5350446428571429,0.47619047619047616,0.7142857142857143,0.5714285714285714,0.5133928571428572,0.4368300437927246
"16,6,13,4,15,6,23,5,4,6,5,8,15,9,2",0.5333333333333333,0.6,0.5350446428571428,0.5,0.21428571428571427,0.3,0.5133928571428571,0.2643857002258301
"18,14,14,13,15,8,7,20,9,13,7,8,0,16,11",0.5333333333333333,0.6,0.5350446428571428,0.5,0.21428571428571427,0.3,0.5133928571428571,0.35225939750671387
"4,11,16,5,18,6,1,16,8,14,8,21,0,12,3",0.5333333333333333,0.6,0.5350446428571428,0.5,0.21428571428571427,0.3,0.5133928571428571,0.2856869697570801
"13,11,23,11,15,2,19,12,15,5,8,9,14,22,13",0.4666666666666667,0.8,0.5348214285714286,0.3333333333333333,0.14285714285714285,0.2,0.4464285714285714,0.3093688488006592
"7,22,14,10,13,10,23,11,2,2,19,12,15,5,8",0.5333333333333333,0.5,0.5334821428571429,0.5,0.7142857142857143,0.5882352941176471,0.5446428571428572,0.3165707588195801
"1,3,10,0,7,6,15,8,12,4,12,22,14,0,21",0.5333333333333333,0.5,0.5334821428571429,0.5,0.7142857142857143,0.5882352941176471,0.5446428571428572,0.20478487014770508
"9,8,21,2,11,22,15,20,8,3,17,13,9,5,13",0.5333333333333333,0.5,0.5334821428571429,0.5,0.7142857142857143,0.5882352941176471,0.5446428571428572,0.2990260124206543
"7,21,1,14,11,22,15,13,16,11,6,18,12,8,20",0.5333333333333333,0.5,0.5334821428571429,0.5,0.7142857142857143,0.5882352941176471,0.5446428571428572,0.2979311943054199
"19,4,3,11,9,11,14,0,8,22,17,14,0,10,9",0.5333333333333333,0.5,0.5334821428571429,0.5,0.7142857142857143,0.5882352941176471,0.5446428571428572,0.3906395435333252
"7,7,12,10,1,12,0,7,19,15,10,6,9,22,0",0.5666666666666667,0.5,0.5334821428571428,0.6,0.21428571428571427,0.3157894736842105,0.5446428571428571,0.3004584312438965
"0,21,11,22,14,19,17,5,15,10,2,12,21,17,0",0.5666666666666667,0.5,0.5334821428571428,0.6,0.21428571428571427,0.3157894736842105,0.5446428571428571,0.37580275535583496
"16,9,15,15,19,12,7,9,11,18,16,9,3,16,0",0.5666666666666667,0.5,0.5334821428571428,0.6,0.21428571428571427,0.3157894736842105,0.5446428571428571,0.31937408447265625
"23,3,13,3,12,14,14,2,22,13,6,14,19,10,20",0.5666666666666667,0.5,0.5334821428571428,0.6,0.21428571428571427,0.3157894736842105,0.5446428571428571,0.30909252166748047
"23,15,6,5,9,3,10,17,1,11,5,2,9,7,21",0.5666666666666667,0.5,0.5334821428571428,0.6,0.21428571428571427,0.3157894736842105,0.5446428571428571,0.26662135124206543
"5,15,12,6,22,11,18,11,10,23,12,18,13,16,23",0.5666666666666667,0.5,0.5334821428571428,0.6,0.21428571428571427,0.3157894736842105,0.5446428571428571,0.2984023094177246
"8,21,0,12,3,14,16,4,13,11,16,5,3,11,11",0.4666666666666667,0.7,0.5332589285714286,0.45,0.6428571428571429,0.5294117647058824,0.47767857142857145,0.24954533576965332
"10,16,13,13,15,6,23,9,4,6,5,8,15,9,3",0.4666666666666667,0.7,0.5332589285714286,0.45,0.6428571428571429,0.5294117647058824,0.47767857142857145,0.21544861793518066
"17,14,9,4,4,14,0,4,8,3,12,4,1,19,8",0.4666666666666667,0.7,0.5332589285714286,0.45,0.6428571428571429,0.5294117647058824,0.47767857142857145,0.25234293937683105
"6,10,22,17,5,2,19,3,7,8,8,7,0,12,2",0.6,0.4,0.5319196428571428,0.75,0.21428571428571427,0.3333333333333333,0.5758928571428571,0.36336255073547363
"1,9,3,4,2,18,4,15,16,7,17,13,15,3,15",0.5,0.6,0.5316964285714285,0.47368421052631576,0.6428571428571429,0.5454545454545454,0.5089285714285714,0.24463319778442383
"5,15,2,16,9,15,2,2,10,0,19,2,4,4,19",0.5,0.6,0.5316964285714285,0.47368421052631576,0.6428571428571429,0.5454545454545454,0.5089285714285714,0.9674556255340576
"21,0,8,10,0,9,15,21,14,8,17,19,9,19,7",0.5666666666666667,0.5,0.5301339285714286,0.6666666666666666,0.14285714285714285,0.23529411764705882,0.5401785714285714,0.35825490951538086
"11,16,22,9,11,14,18,9,15,22,7,13,15,13,9",0.5333333333333333,0.5,0.5301339285714286,0.5,0.6428571428571429,0.5625,0.5401785714285714,0.3405766487121582
"7,2,6,7,11,20,7,9,0,11,12,2,9,14,18",0.5333333333333333,0.5,0.5301339285714286,0.5,0.6428571428571429,0.5625,0.5401785714285714,0.2727394104003906
"19,11,4,20,15,0,11,12,7,0,19,9,14,12,13",0.6333333333333333,0.2,0.528794642857143,0.5882352941176471,0.7142857142857143,0.6451612903225806,0.6383928571428572,0.3736002445220947
"19,13,9,15,23,2,16,9,15,15,19,12,7,9,11",0.5666666666666667,0.4,0.5285714285714286,0.5294117647058824,0.6428571428571429,0.5806451612903226,0.5714285714285714,0.48282313346862793
"12,23,15,0,13,8,16,11,2,6,14,9,18,10,6",0.5,0.6,0.5283482142857143,0.47058823529411764,0.5714285714285714,0.5161290322580645,0.5044642857142857,0.2509288787841797
"19,15,4,9,15,0,17,12,7,11,19,6,14,12,13",0.5,0.6,0.5283482142857143,0.47058823529411764,0.5714285714285714,0.5161290322580645,0.5044642857142857,0.43491196632385254
"19,17,12,3,15,8,17,6,12,15,13,3,11,12,5",0.5333333333333333,0.6,0.5283482142857143,0.5,0.07142857142857142,0.125,0.5044642857142857,0.5564343929290771
"14,15,13,7,23,12,12,17,3,10,2,10,8,4,15",0.5,0.6,0.5283482142857143,0.47058823529411764,0.5714285714285714,0.5161290322580645,0.5044642857142857,0.31247448921203613
"16,6,13,13,15,6,23,5,4,6,5,8,20,9,2",0.5333333333333333,0.6,0.5283482142857143,0.5,0.07142857142857142,0.125,0.5044642857142857,0.2716634273529053
"17,21,12,14,20,3,10,14,0,7,3,23,15,5,16",0.5333333333333333,0.6,0.5283482142857143,0.5,0.07142857142857142,0.125,0.5044642857142857,0.29979777336120605
"18,15,10,3,0,20,5,4,0,13,22,4,17,4,18",0.5,0.6,0.5283482142857143,0.47058823529411764,0.5714285714285714,0.5161290322580645,0.5044642857142857,0.33130335807800293
"21,2,13,9,8,8,2,8,11,10,0,5,0,21,4",0.43333333333333335,0.8,0.528125,0.4117647058823529,0.5,0.45161290322580644,0.4375,0.26747775077819824
"0,21,12,14,7,4,2,0,17,5,23,17,13,4,6",0.6,0.3,0.5270089285714286,0.5625,0.6428571428571429,0.6,0.6026785714285714,0.5095968246459961
"2,11,22,15,20,8,3,17,13,9,5,13,15,1,5",0.5666666666666667,0.5,0.5267857142857143,1.0,0.07142857142857142,0.13333333333333333,0.5357142857142857,0.24494695663452148
"10,8,22,16,9,0,23,15,6,5,9,3,10,17,1",0.5666666666666667,0.5,0.5267857142857143,1.0,0.07142857142857142,0.13333333333333333,0.5357142857142857,0.22919797897338867
"8,13,2,2,21,11,15,7,2,4,15,21,9,11,23",0.5666666666666667,0.5,0.5267857142857143,1.0,0.07142857142857142,0.13333333333333333,0.5357142857142857,0.2532954216003418
"3,23,3,13,3,12,14,14,2,22,13,6,14,19,10",0.5666666666666667,0.5,0.5267857142857143,1.0,0.07142857142857142,0.13333333333333333,0.5357142857142857,0.29308295249938965
"18,14,8,13,2,2,21,11,15,7,2,4,15,21,9",0.5333333333333333,0.5,0.5267857142857143,0.5,0.5714285714285714,0.5333333333333333,0.5357142857142857,0.3263359069824219
"16,4,23,11,21,11,14,2,8,22,17,14,21,10,9",0.5333333333333333,0.5,0.5267857142857143,0.5,0.5714285714285714,0.5333333333333333,0.5357142857142857,0.3053147792816162
"19,11,8,20,9,11,23,12,8,22,0,14,0,10,13",0.5666666666666667,0.5,0.5267857142857143,1.0,0.07142857142857142,0.13333333333333333,0.5357142857142857,0.388552188873291
"3,4,15,12,13,19,13,9,15,23,2,16,9,15,15",0.5666666666666667,0.4,0.5252232142857143,0.5333333333333333,0.5714285714285714,0.5517241379310345,0.5669642857142857,0.2948281764984131
"11,16,0,14,14,17,15,19,18,14,14,15,10,11,23",0.5,0.6,0.525,0.4666666666666667,0.5,0.4827586206896552,0.5,0.5902998447418213
"19,18,17,12,7,5,9,6,16,12,5,16,11,6,3",0.5333333333333333,0.6,0.525,0.0,0.0,0.0,0.5,0.745030403137207
"17,1,18,3,7,2,14,10,2,15,19,11,4,6,9",0.4666666666666667,0.6,0.525,0.4666666666666667,1.0,0.6363636363636364,0.5,0.35347676277160645
"16,6,13,14,4,13,23,5,11,2,5,19,15,15,2",0.5,0.6,0.525,0.4666666666666667,0.5,0.4827586206896552,0.5,0.2722001075744629
"2,19,9,6,3,12,9,12,12,7,5,18,17,5,4",0.4666666666666667,0.6,0.525,0.4666666666666667,1.0,0.6363636363636364,0.5,0.41923093795776367
"2,17,19,12,11,8,20,10,20,5,6,4,16,1,4",0.4666666666666667,0.6,0.525,0.4666666666666667,1.0,0.6363636363636364,0.5,0.38414621353149414
"14,20,10,4,14,21,17,12,2,0,4,15,6,18,18",0.4666666666666667,0.6,0.525,0.4666666666666667,1.0,0.6363636363636364,0.5,0.3887495994567871
"5,17,3,13,19,2,2,9,14,4,12,20,17,5,18",0.5,0.6,0.525,0.4666666666666667,0.5,0.4827586206896552,0.5,0.3124706745147705
"18,18,8,5,7,2,18,2,2,3,11,19,17,19,18",0.5333333333333333,0.5,0.5234375,0.5,0.5,0.5,0.53125,1.0628235340118408
"2,7,22,14,10,13,10,23,11,2,2,19,12,15,5",0.5,0.5,0.5234375,0.4827586206896552,1.0,0.6511627906976745,0.53125,0.284329891204834
"23,17,6,3,2,13,13,19,1,18,18,11,6,17,3",0.5,0.5,0.5234375,0.4827586206896552,1.0,0.6511627906976745,0.53125,1.118161916732788
"12,5,13,20,3,8,4,8,11,3,21,7,21,9,21",0.5,0.5,0.5234375,0.4827586206896552,1.0,0.6511627906976745,0.53125,0.2402026653289795
"8,1,9,3,4,2,18,4,15,16,7,17,13,15,3",0.5,0.5,0.5234375,0.4827586206896552,1.0,0.6511627906976745,0.53125,0.2715926170349121
"5,18,14,8,13,2,2,21,11,15,7,2,4,15,21",0.5,0.5,0.5234375,0.4827586206896552,1.0,0.6511627906976745,0.53125,0.30983853340148926
"0,4,8,3,12,4,1,19,8,18,19,3,16,11,23",0.5333333333333333,0.5,0.5234375,0.5,0.5,0.5,0.53125,0.5901598930358887
"2,12,9,12,6,9,11,22,5,15,14,8,8,15,4",0.5,0.5,0.5234375,0.4827586206896552,1.0,0.6511627906976745,0.53125,0.23359012603759766
"2,18,14,6,6,22,7,8,6,3,6,1,0,20,2",0.5,0.5,0.5234375,0.4827586206896552,1.0,0.6511627906976745,0.53125,0.2778019905090332
"0,20,5,4,0,13,22,4,17,4,18,9,0,0,19",0.5,0.5,0.5234375,0.4827586206896552,1.0,0.6511627906976745,0.53125,0.2680368423461914
"16,3,9,19,19,17,13,3,7,3,2,5,23,1,13",0.5333333333333333,0.5,0.5234375,0.5,0.5,0.5,0.53125,1.211146354675293
"13,12,17,15,5,11,12,17,21,12,14,20,3,10,14",0.5333333333333333,0.5,0.5234375,0.5,0.5,0.5,0.53125,0.29746460914611816
"20,16,11,13,9,8,13,21,14,12,19,6,1,1,13",0.5,0.5,0.5234375,0.4827586206896552,1.0,0.6511627906976745,0.53125,0.3072376251220703
"16,2,22,1,3,0,4,10,13,20,15,10,3,14,21",0.5333333333333333,0.5,0.5234375,0.5,0.5,0.5,0.53125,0.2928929328918457
"8,12,4,12,22,14,0,21,10,14,11,2,1,5,14",0.5,0.5,0.5234375,0.4827586206896552,1.0,0.6511627906976745,0.53125,0.2183685302734375
"9,15,22,7,13,15,13,9,2,2,0,5,17,2,11",0.4666666666666667,0.7,0.5232142857142856,0.42857142857142855,0.42857142857142855,0.42857142857142855,0.4642857142857143,0.21657800674438477
"9,2,0,16,17,15,19,8,12,16,4,5,20,5,4",0.4666666666666667,0.7,0.5232142857142856,0.42857142857142855,0.42857142857142855,0.42857142857142855,0.4642857142857143,0.24575233459472656
"22,7,19,7,12,11,14,12,0,7,8,15,10,10,9",0.5666666666666667,0.4,0.521875,0.5384615384615384,0.5,0.5185185185185185,0.5625,0.25228095054626465
"11,1,23,3,3,13,9,16,15,14,21,15,7,18,1",0.5666666666666667,0.4,0.521875,0.5384615384615384,0.5,0.5185185185185185,0.5625,0.27275586128234863
"16,6,9,13,15,6,5,5,4,6,18,8,15,11,2",0.5,0.6,0.5216517857142857,0.46153846153846156,0.42857142857142855,0.4444444444444444,0.4955357142857143,0.2766909599304199
"0,4,19,10,10,17,17,1,23,17,6,3,2,13,13",0.5,0.6,0.5216517857142857,0.46153846153846156,0.42857142857142855,0.4444444444444444,0.4955357142857143,0.7800655364990234
"14,16,4,13,11,16,5,3,11,11,16,22,9,11,14",0.5,0.6,0.5216517857142857,0.46153846153846156,0.42857142857142855,0.4444444444444444,0.4955357142857143,0.30564260482788086
"17,4,16,11,9,11,12,10,2,2,0,11,4,6,1",0.5,0.6,0.5216517857142857,0.46153846153846156,0.42857142857142855,0.4444444444444444,0.4955357142857143,0.2549891471862793
"3,19,14,0,23,10,15,8,14,11,18,17,22,10,13",0.5,0.6,0.5216517857142857,0.46153846153846156,0.42857142857142855,0.4444444444444444,0.4955357142857143,0.46574902534484863
"1,12,0,7,19,15,10,6,9,22,0,11,7,5,9",0.5,0.6,0.5216517857142857,0.46153846153846156,0.42857142857142855,0.4444444444444444,0.4955357142857143,0.26804232597351074
"19,4,8,11,9,11,23,0,8,22,0,14,15,10,0",0.43333333333333335,0.8,0.5214285714285715,0.38461538461538464,0.35714285714285715,0.37037037037037035,0.4285714285714286,0.36900806427001953
"20,9,21,9,7,2,8,1,9,2,9,18,5,18,14",0.5,0.5,0.5200892857142857,0.48148148148148145,0.9285714285714286,0.6341463414634146,0.5267857142857143,0.36111974716186523
"4,2,1,2,19,18,17,12,7,5,9,6,16,12,5",0.5,0.5,0.5200892857142857,0.48148148148148145,0.9285714285714286,0.6341463414634146,0.5267857142857143,0.7237863540649414
"16,12,1,9,8,21,2,11,22,15,20,8,3,17,13",0.5333333333333333,0.5,0.5200892857142857,0.5,0.42857142857142855,0.46153846153846156,0.5267857142857143,0.31467533111572266
"14,8,17,19,9,19,7,3,23,3,5,8,2,7,8",0.5333333333333333,0.5,0.5200892857142857,0.5,0.42857142857142855,0.46153846153846156,0.5267857142857143,0.37121129035949707
"14,10,0,15,7,17,18,0,17,2,15,1,3,10,0",0.5,0.5,0.5200892857142857,0.48148148148148145,0.9285714285714286,0.6341463414634146,0.5267857142857143,0.3841876983642578
"8,6,3,9,0,7,3,22,3,15,20,11,5,3,0",0.5333333333333333,0.5,0.5200892857142857,0.5,0.42857142857142855,0.46153846153846156,0.5267857142857143,0.18670344352722168
"4,12,0,12,15,19,1,1,14,12,14,8,1,17,7",0.5333333333333333,0.5,0.5200892857142857,0.5,0.42857142857142855,0.46153846153846156,0.5267857142857143,0.3059394359588623
"17,6,18,14,15,2,12,10,2,2,19,8,15,6,2",0.43333333333333335,0.7,0.5198660714285714,0.4444444444444444,0.8571428571428571,0.5853658536585366,0.45982142857142855,0.320084810256958
"19,4,3,11,9,14,14,0,8,22,17,14,0,7,9",0.4666666666666667,0.7,0.5198660714285714,0.4166666666666667,0.35714285714285715,0.38461538461538464,0.4598214285714286,0.4043083190917969
"2,5,16,12,6,5,0,0,17,18,11,19,10,12,23",0.5666666666666667,0.4,0.5185267857142857,0.5454545454545454,0.42857142857142855,0.48,0.5580357142857143,0.28369760513305664
"12,0,12,15,19,1,1,14,12,14,8,1,17,7,8",0.5,0.6,0.5183035714285715,0.45454545454545453,0.35714285714285715,0.4,0.4910714285714286,0.3024590015411377
"14,1,17,22,2,5,16,12,6,5,0,0,17,18,11",0.5,0.6,0.5183035714285715,0.45454545454545453,0.35714285714285715,0.4,0.4910714285714286,0.29494643211364746
"1,19,17,12,3,15,8,17,6,12,15,13,3,11,12",0.5,0.6,0.5183035714285714,0.45454545454545453,0.35714285714285715,0.4,0.4910714285714286,0.5426418781280518
"13,13,3,0,4,14,13,0,6,0,1,14,5,9,20",0.4666666666666667,0.6,0.5183035714285714,0.46153846153846156,0.8571428571428571,0.6,0.49107142857142855,0.2247617244720459
"2,22,1,3,0,4,10,13,20,15,10,3,14,21,15",0.4666666666666667,0.6,0.5183035714285714,0.46153846153846156,0.8571428571428571,0.6,0.49107142857142855,0.23246026039123535
"11,18,15,5,23,11,16,0,14,14,17,15,19,18,14",0.5,0.6,0.5183035714285714,0.45454545454545453,0.35714285714285715,0.4,0.4910714285714286,0.5840034484863281
"11,14,15,10,23,1,10,10,12,3,0,22,14,5,2",0.5,0.6,0.5183035714285714,0.45454545454545453,0.35714285714285715,0.4,0.4910714285714286,0.22262215614318848
"0,9,15,21,14,8,17,19,9,19,7,3,23,3,5",0.43333333333333335,0.8,0.5180803571428572,0.36363636363636365,0.2857142857142857,0.32,0.42410714285714285,0.3550586700439453
"5,16,1,16,0,20,3,6,3,15,14,16,8,7,1",0.6,0.3,0.5169642857142857,0.6,0.42857142857142855,0.5,0.5892857142857143,0.25793004035949707
"15,12,13,19,13,9,15,23,2,16,9,15,15,19,12",0.5333333333333333,0.5,0.5167410714285714,0.5,0.35714285714285715,0.4166666666666667,0.5223214285714286,0.3599069118499756
"4,12,5,2,12,9,12,6,9,11,22,5,15,14,8",0.5333333333333333,0.5,0.5167410714285714,0.5,0.35714285714285715,0.4166666666666667,0.5223214285714286,0.2213306427001953
"10,3,3,9,0,0,5,19,2,15,15,18,6,3,4",0.5,0.5,0.5167410714285714,0.48,0.8571428571428571,0.6153846153846154,0.5223214285714286,0.24044084548950195
"1,16,9,16,12,8,3,4,15,12,13,19,13,9,15",0.5333333333333333,0.5,0.5167410714285714,0.5,0.35714285714285715,0.4166666666666667,0.5223214285714286,0.30144834518432617
"23,1,10,10,12,3,0,22,14,5,2,20,16,14,17",0.5,0.5,0.5167410714285714,0.48,0.8571428571428571,0.6153846153846154,0.5223214285714286,0.29988932609558105
"19,9,5,14,0,8,2,10,8,22,16,9,0,23,15",0.5,0.5,0.5167410714285714,0.48,0.8571428571428571,0.6153846153846154,0.5223214285714286,0.3714566230773926
"11,1,10,2,2,15,12,19,19,10,5,20,16,11,13",0.5333333333333333,0.5,0.5167410714285714,0.5,0.35714285714285715,0.4166666666666667,0.5223214285714286,0.8349721431732178
"1,15,7,4,22,12,3,14,8,17,6,1,10,12,2",0.5,0.5,0.5167410714285714,0.48,0.8571428571428571,0.6153846153846154,0.5223214285714286,0.28523802757263184
"22,9,7,3,12,13,5,13,13,14,4,19,3,14,16",0.5333333333333333,0.5,0.5167410714285714,0.5,0.35714285714285715,0.4166666666666667,0.5223214285714286,0.2773864269256592
"17,11,4,4,9,3,5,17,9,14,6,2,3,4,0",0.5,0.5,0.5167410714285714,0.48,0.8571428571428571,0.6153846153846154,0.5223214285714286,0.23966002464294434
"11,4,17,14,5,4,4,18,3,0,15,20,8,9,8",0.43333333333333335,0.7,0.5165178571428571,0.44,0.7857142857142857,0.5641025641025641,0.45535714285714285,0.2699873447418213
"0,8,2,10,8,22,16,9,0,23,15,6,5,9,3",0.4666666666666667,0.7,0.5165178571428571,0.4,0.2857142857142857,0.3333333333333333,0.45535714285714285,0.20318865776062012
"7,3,23,15,5,16,11,23,6,11,2,4,14,16,22",0.5,0.6,0.5149553571428571,0.4444444444444444,0.2857142857142857,0.34782608695652173,0.48660714285714285,0.271221399307251
"13,19,13,9,15,23,2,16,9,15,15,19,12,7,9",0.5,0.6,0.5149553571428571,0.4444444444444444,0.2857142857142857,0.34782608695652173,0.48660714285714285,0.35111260414123535
"4,12,6,12,4,7,20,5,1,3,7,3,13,0,19",0.4666666666666667,0.6,0.5149553571428571,0.4583333333333333,0.7857142857142857,0.5789473684210527,0.48660714285714285,0.2138807773590088
"11,12,6,17,16,22,9,15,20,5,4,4,8,0,18",0.5,0.5,0.5133928571428571,0.4782608695652174,0.7857142857142857,0.5945945945945946,0.5178571428571428,0.2796504497528076
"18,3,0,15,20,8,9,8,20,9,4,4,6,19,15",0.5,0.5,0.5133928571428571,0.4782608695652174,0.7857142857142857,0.5945945945945946,0.5178571428571428,0.3706984519958496
"5,4,4,17,8,5,17,1,7,6,19,16,0,16,11",0.5,0.5,0.5133928571428571,0.4782608695652174,0.7857142857142857,0.5945945945945946,0.5178571428571428,0.3000175952911377
"10,2,2,15,12,19,19,10,5,20,16,11,13,9,8",0.5333333333333333,0.5,0.5133928571428571,0.5,0.2857142857142857,0.36363636363636365,0.5178571428571428,0.8455443382263184
"7,17,18,0,17,2,15,1,3,10,0,7,6,15,8",0.5333333333333333,0.5,0.5133928571428571,0.5,0.2857142857142857,0.36363636363636365,0.5178571428571428,0.3849177360534668
"0,10,9,22,15,14,9,1,0,1,2,0,16,9,13",0.4666666666666667,0.7,0.5131696428571428,0.375,0.21428571428571427,0.2727272727272727,0.45089285714285715,0.22349333763122559
"10,1,22,2,17,19,12,11,8,20,10,20,5,6,4",0.6,0.2,0.5120535714285714,0.5454545454545454,0.8571428571428571,0.6666666666666666,0.6160714285714286,0.3619821071624756
"22,11,4,17,14,5,4,4,18,3,0,15,20,8,9",0.5666666666666667,0.4,0.5118303571428571,0.5714285714285714,0.2857142857142857,0.38095238095238093,0.5491071428571428,0.2775595188140869
"0,14,0,10,9,22,15,14,9,1,0,1,2,0,16",0.5666666666666667,0.4,0.5118303571428571,0.5714285714285714,0.2857142857142857,0.38095238095238093,0.5491071428571428,0.23568320274353027
"0,7,3,23,15,5,16,11,23,6,11,2,4,14,16",0.5,0.6,0.5116071428571429,0.42857142857142855,0.21428571428571427,0.2857142857142857,0.48214285714285715,0.24111104011535645
"0,2,9,14,12,16,2,23,16,9,6,22,10,7,14",0.4666666666666667,0.6,0.5116071428571428,0.45454545454545453,0.7142857142857143,0.5555555555555556,0.48214285714285715,0.29204893112182617
"23,17,22,1,9,14,12,9,2,9,15,14,11,9,17",0.5,0.6,0.5116071428571428,0.42857142857142855,0.21428571428571427,0.2857142857142857,0.48214285714285715,0.5609252452850342
"15,13,4,21,2,13,9,8,8,2,8,11,10,0,5",0.5666666666666667,0.3,0.5102678571428572,0.5238095238095238,0.7857142857142857,0.6285714285714286,0.5803571428571428,0.2743806838989258
"3,4,0,19,15,16,11,9,11,23,0,8,22,0,14",0.5666666666666667,0.3,0.510267857142857,0.5238095238095238,0.7857142857142857,0.6285714285714286,0.5803571428571428,0.3867924213409424
"3,10,0,7,6,15,8,12,4,12,22,14,0,21,10",0.5,0.5,0.5100446428571429,0.47619047619047616,0.7142857142857143,0.5714285714285714,0.5133928571428572,0.21915793418884277
"22,14,20,9,21,9,7,2,8,1,9,2,9,18,5",0.5,0.5,0.5100446428571429,0.47619047619047616,0.7142857142857143,0.5714285714285714,0.5133928571428572,0.29920530319213867
"16,14,19,3,16,11,9,2,23,0,8,22,0,14,9",0.5,0.5,0.5100446428571429,0.47619047619047616,0.7142857142857143,0.5714285714285714,0.5133928571428572,0.3233480453491211
"4,13,11,16,5,3,11,11,16,22,9,11,14,18,9",0.5,0.5,0.5100446428571429,0.47619047619047616,0.7142857142857143,0.5714285714285714,0.5133928571428572,0.2827029228210449
"16,14,13,3,15,6,23,2,4,6,4,8,15,9,9",0.5333333333333333,0.5,0.5100446428571428,0.5,0.21428571428571427,0.3,0.5133928571428571,0.26413416862487793
"8,4,3,3,9,11,14,0,8,22,17,14,21,10,9",0.5333333333333333,0.5,0.5100446428571428,0.5,0.21428571428571427,0.3,0.5133928571428571,0.2499535083770752
"0,4,10,13,20,15,10,3,14,21,15,8,21,16,21",0.5333333333333333,0.5,0.5100446428571428,0.5,0.21428571428571427,0.3,0.5133928571428571,0.2761576175689697
"2,14,22,10,21,14,3,10,15,12,3,18,11,4,15",0.5333333333333333,0.5,0.5100446428571428,0.5,0.21428571428571427,0.3,0.5133928571428571,0.2906787395477295
"16,10,13,13,11,6,23,5,4,6,5,11,17,11,19",0.5333333333333333,0.5,0.5100446428571428,0.5,0.2142857142857142,0.3,0.5133928571428571,0.280778169631958
"19,11,0,20,15,16,11,12,7,0,0,9,14,0,14",0.6,0.2,0.5087053571428571,0.55,0.7857142857142857,0.6470588235294118,0.6116071428571428,0.36669301986694336
"8,20,3,7,1,5,1,3,8,9,4,16,3,9,19",0.5333333333333333,0.4,0.5084821428571429,0.5,0.7142857142857143,0.5882352941176471,0.5446428571428572,0.2021195888519287
"19,13,2,18,14,6,6,22,7,8,6,3,6,1,0",0.5666666666666667,0.4,0.5084821428571428,0.6,0.21428571428571427,0.3157894736842105,0.5446428571428571,0.3679375648498535
"9,13,8,14,19,8,2,20,13,22,2,0,12,0,8",0.4666666666666667,0.6,0.5082589285714286,0.45,0.6428571428571429,0.5294117647058824,0.47767857142857145,0.29273271560668945
"13,22,4,17,4,18,9,0,0,19,5,2,9,4,8",0.4666666666666667,0.6,0.5082589285714286,0.45,0.6428571428571429,0.5294117647058824,0.47767857142857145,0.25832033157348633
"6,6,9,1,0,7,5,7,23,17,9,23,13,7,16",0.5,0.6,0.5082589285714285,0.4,0.14285714285714285,0.21052631578947367,0.4776785714285714,0.22379159927368164
"5,18,6,1,16,8,14,8,21,0,12,3,14,16,4",0.5,0.6,0.5082589285714285,0.4,0.14285714285714285,0.21052631578947367,0.4776785714285714,0.30457139015197754
"3,16,7,4,0,14,3,0,4,11,16,5,18,6,1",0.5,0.6,0.5082589285714285,0.4,0.14285714285714285,0.21052631578947367,0.4776785714285714,0.2449944019317627
"9,15,15,19,12,7,9,11,18,16,9,3,16,0,22",0.6,0.3,0.5069196428571427,0.75,0.21428571428571427,0.3333333333333333,0.5758928571428571,0.3078436851501465
"0,12,3,20,2,8,19,13,2,18,14,6,6,22,7",0.5333333333333333,0.5,0.5066964285714286,0.5,0.14285714285714285,0.2222222222222222,0.5089285714285714,0.26461124420166016
"9,7,21,1,14,11,22,15,13,16,11,6,18,12,8",0.5333333333333333,0.5,0.5066964285714286,0.5,0.14285714285714285,0.2222222222222222,0.5089285714285714,0.28415513038635254
"3,9,1,5,15,2,22,15,2,2,19,12,22,1,16",0.5333333333333333,0.5,0.5066964285714286,0.5,0.14285714285714285,0.2222222222222222,0.5089285714285714,0.26355957984924316
"16,22,16,0,18,3,7,0,17,23,15,10,3,20,1",0.5,0.5,0.5066964285714286,0.47368421052631576,0.6428571428571429,0.5454545454545454,0.5089285714285714,0.34091806411743164
"7,4,18,14,14,15,1,1,8,14,2,5,5,18,16",0.5,0.5,0.5066964285714286,0.47368421052631576,0.6428571428571429,0.5454545454545454,0.5089285714285714,0.27918314933776855
"9,11,23,0,8,22,0,14,0,10,9,22,15,14,9",0.5,0.5,0.5066964285714286,0.47368421052631576,0.6428571428571429,0.5454545454545454,0.5089285714285714,0.24817132949829102
"0,10,18,3,19,14,0,23,10,15,8,14,11,18,17",0.5333333333333333,0.5,0.5066964285714286,0.5,0.14285714285714285,0.2222222222222222,0.5089285714285714,0.6197707653045654
"17,0,0,5,9,16,5,14,15,13,7,23,12,12,17",0.5333333333333333,0.5,0.5066964285714286,0.5,0.14285714285714285,0.2222222222222222,0.5089285714285714,0.2942225933074951
"12,10,1,12,0,7,19,15,10,6,9,22,0,11,7",0.4666666666666667,0.7,0.5064732142857142,0.25,0.07142857142857142,0.1111111111111111,0.4419642857142857,0.2589566707611084
"5,4,0,13,22,4,17,4,18,9,0,0,19,5,2",0.43333333333333335,0.7,0.5064732142857142,0.42105263157894735,0.5714285714285714,0.48484848484848486,0.4419642857142857,0.23715853691101074
"4,2,18,4,15,16,7,17,13,15,3,15,17,20,2",0.5666666666666667,0.4,0.5051339285714286,0.6666666666666666,0.14285714285714285,0.23529411764705882,0.5401785714285714,0.32691502571105957
"0,13,0,9,16,10,15,14,3,11,8,18,3,15,15",0.5333333333333333,0.4,0.5051339285714286,0.5,0.6428571428571429,0.5625,0.5401785714285714,0.2807426452636719
"0,1,16,11,3,14,20,13,11,3,3,6,11,0,14",0.5666666666666667,0.4,0.5051339285714286,0.6666666666666666,0.14285714285714285,0.23529411764705882,0.5401785714285714,0.2592747211456299
"9,3,5,17,9,14,6,2,3,4,0,19,4,16,11",0.5333333333333333,0.4,0.5051339285714286,0.5,0.6428571428571429,0.5625,0.5401785714285714,0.26135754585266113
"4,0,17,7,20,14,15,13,0,2,9,14,12,16,2",0.5,0.6,0.5049107142857143,0.3333333333333333,0.07142857142857142,0.11764705882352941,0.4732142857142857,0.26601076126098633
"18,11,4,15,3,1,12,19,19,12,14,1,14,15,2",0.4666666666666667,0.6,0.5049107142857143,0.4444444444444444,0.5714285714285714,0.5,0.4732142857142857,0.9458904266357422
"4,10,1,0,2,16,16,16,15,5,4,6,17,11,4",0.5,0.6,0.5049107142857143,0.3333333333333333,0.07142857142857142,0.11764705882352941,0.4732142857142857,0.2051694393157959
"19,4,18,3,7,2,12,0,2,2,19,11,4,6,9",0.5,0.6,0.5049107142857143,0.3333333333333333,0.07142857142857142,0.11764705882352941,0.4732142857142857,0.7143726348876953
"15,1,3,10,0,7,6,15,8,12,4,12,22,14,0",0.5666666666666667,0.3,0.5035714285714286,0.5294117647058824,0.6428571428571429,0.5806451612903226,0.5714285714285714,0.26358532905578613
"6,3,16,11,14,15,10,23,1,10,10,12,3,0,22",0.5,0.5,0.5033482142857143,0.47058823529411764,0.5714285714285714,0.5161290322580645,0.5044642857142857,0.27376580238342285
"14,0,23,10,15,8,14,11,18,17,22,10,13,9,16",0.5333333333333333,0.5,0.5033482142857143,0.5,0.07142857142857142,0.125,0.5044642857142857,0.371065616607666
"2,22,13,6,14,19,10,20,3,17,13,1,6,23,13",0.5333333333333333,0.5,0.5033482142857143,0.5,0.07142857142857142,0.125,0.5044642857142857,0.28481626510620117
"19,13,17,23,13,10,16,8,13,20,17,14,9,4,4",0.5333333333333333,0.5,0.5033482142857143,0.5,0.07142857142857142,0.125,0.5044642857142857,0.42615699768066406
"15,4,12,6,12,4,7,20,5,1,3,7,3,13,0",0.5333333333333333,0.5,0.5033482142857143,0.5,0.07142857142857142,0.125,0.5044642857142857,0.20972514152526855
"8,9,4,16,3,9,19,19,17,13,3,7,3,2,5",0.5333333333333333,0.5,0.5033482142857143,0.5,0.07142857142857142,0.125,0.5044642857142857,1.2142651081085205
"4,0,3,21,4,8,15,13,17,18,8,5,14,5,4",0.5333333333333333,0.5,0.5033482142857143,0.5,0.07142857142857142,0.125,0.5044642857142857,0.2798440456390381
"10,22,17,5,2,19,3,7,8,8,7,0,12,2,15",0.5333333333333333,0.5,0.5033482142857143,0.5,0.07142857142857142,0.125,0.5044642857142857,0.3842313289642334
"12,9,12,6,9,11,22,5,15,14,8,8,15,4,12",0.5333333333333333,0.5,0.5033482142857143,0.5,0.07142857142857142,0.125,0.5044642857142857,0.2431964874267578
"8,22,14,20,9,21,9,7,2,8,1,9,2,9,18",0.5333333333333333,0.5,0.5033482142857143,0.5,0.07142857142857142,0.125,0.5044642857142857,0.245894193649292
"4,5,19,4,10,11,9,11,23,0,8,10,2,14,8",0.43333333333333335,0.7,0.503125,0.4117647058823529,0.5,0.45161290322580644,0.4375,0.35550403594970703
"11,4,2,4,15,0,6,9,18,0,8,19,16,5,17",0.5666666666666667,0.4,0.5017857142857143,1.0,0.07142857142857142,0.13333333333333333,0.5357142857142857,0.2656376361846924
"18,15,5,23,11,16,0,14,14,17,15,19,18,14,14",0.4666666666666667,0.6,0.5015625,0.4375,0.5,0.4666666666666667,0.46875,0.66921067237854
"13,18,12,4,9,7,15,22,17,12,11,10,14,9,15",0.4666666666666667,0.6,0.5015625,0.4375,0.5,0.4666666666666667,0.46875,0.3260018825531006
"12,17,21,12,14,20,3,10,14,0,7,3,23,15,5",0.4666666666666667,0.6,0.5015625,0.4375,0.5,0.4666666666666667,0.46875,0.27881407737731934
"10,6,13,13,15,6,1,14,2,16,5,9,0,8,11",0.4666666666666667,0.6,0.5015625,0.4375,0.5,0.4666666666666667,0.46875,0.2709023952484131
"16,14,3,3,21,14,14,2,19,15,17,7,21,7,9",0.5666666666666667,0.3,0.5002232142857144,0.5333333333333333,0.5714285714285714,0.5517241379310345,0.5669642857142857,0.3292076587677002
"9,5,14,0,8,2,10,8,22,2,9,0,23,15,6",0.5666666666666667,0.3,0.5002232142857144,0.5333333333333333,0.5714285714285714,0.5517241379310345,0.5669642857142857,0.19975805282592773
"1,9,2,9,18,5,18,14,8,13,2,2,21,11,15",0.4666666666666667,0.5,0.5,0.4666666666666667,1.0,0.6363636363636364,0.5,0.34757232666015625
"21,17,19,2,19,7,14,14,1,17,22,2,5,16,12",0.4666666666666667,0.5,0.5,0.4666666666666667,1.0,0.6363636363636364,0.5,1.576345443725586
"17,0,6,0,16,1,10,5,21,13,10,1,7,4,8",0.5333333333333333,0.5,0.5,0.0,0.0,0.0,0.5,0.2573220729827881
"7,1,13,7,9,10,9,7,11,15,13,21,2,6,6",0.4666666666666667,0.5,0.5,0.4666666666666667,1.0,0.6363636363636364,0.5,0.24615049362182617
"13,17,23,13,10,16,8,13,20,17,14,9,4,4,14",0.5333333333333333,0.5,0.5,0.0,0.0,0.0,0.5,0.29993462562561035
"3,6,2,11,1,10,4,4,12,0,12,15,19,1,1",0.4666666666666667,0.5,0.5,0.4666666666666667,1.0,0.6363636363636364,0.5,0.2263965606689453
"20,5,8,14,0,17,17,6,9,4,3,1,4,23,0",0.5333333333333333,0.5,0.5,0.0,0.0,0.0,0.5,0.2570228576660156
"20,0,8,15,4,2,15,20,3,11,1,16,1,11,8",0.5333333333333333,0.5,0.5,0.0,0.0,0.0,0.5,0.25273799896240234
"5,23,3,16,7,4,0,14,3,0,4,11,16,5,18",0.5333333333333333,0.5,0.5,0.0,0.0,0.0,0.5,0.35103917121887207
"4,22,9,16,17,13,5,14,14,21,16,15,4,5,6",0.5333333333333333,0.5,0.5,0.0,0.0,0.0,0.5,0.26398611068725586
"17,11,17,9,23,1,10,22,4,11,4,3,6,0,11",0.4666666666666667,0.5,0.5,0.4666666666666667,1.0,0.6363636363636364,0.5,0.2699012756347656
"23,10,15,8,14,11,18,17,22,10,13,9,16,8,14",0.5333333333333333,0.5,0.5,0.0,0.0,0.0,0.5,0.3507425785064697
"15,7,4,22,12,3,14,8,17,6,1,10,12,2,13",0.4666666666666667,0.5,0.5,0.4666666666666667,1.0,0.6363636363636364,0.5,0.2984592914581299
"4,21,2,13,9,8,8,2,8,11,10,0,5,0,21",0.4666666666666667,0.5,0.5,0.4666666666666667,1.0,0.6363636363636364,0.5,0.2785937786102295
"0,8,1,7,0,8,1,9,3,4,2,18,4,15,16",0.4666666666666667,0.5,0.5,0.4666666666666667,1.0,0.6363636363636364,0.5,0.2261359691619873
"1,18,14,7,2,12,10,2,2,19,11,4,6,1,1",0.5333333333333333,0.5,0.5,0.0,0.0,0.0,0.5,0.28386378288269043
"8,15,23,9,3,11,17,9,10,11,17,6,9,22,3",0.5333333333333333,0.5,0.5,0.0,0.0,0.0,0.5,0.24215435981750488
"23,2,9,10,6,16,2,9,23,11,1,13,11,6,11",0.4666666666666667,0.5,0.5,0.4666666666666667,1.0,0.6363636363636364,0.5,0.2297210693359375
"1,20,16,13,5,6,6,15,10,2,13,3,17,12,3",0.4666666666666667,0.5,0.5,0.4666666666666667,1.0,0.6363636363636364,0.5,0.2460231781005859
"10,7,20,14,8,23,3,8,10,4,3,20,8,23,2",0.5333333333333333,0.5,0.5,0.0,0.0,0.0,0.5,0.24600911140441895
"20,12,5,13,20,3,8,4,8,11,3,21,7,21,9",0.5333333333333333,0.5,0.5,0.0,0.0,0.0,0.5,0.2723991870880127
"9,11,22,5,15,14,8,8,15,4,12,6,12,4,7",0.4666666666666667,0.5,0.5,0.4666666666666667,1.0,0.6363636363636364,0.5,0.22481822967529297
"5,3,0,20,14,17,19,11,6,3,22,6,17,10,13",0.4666666666666667,0.5,0.5,0.4666666666666667,1.0,0.6363636363636364,0.5,0.3462333679199219
"7,1,15,7,4,22,12,3,14,8,17,6,1,10,12",0.5333333333333333,0.5,0.5,0.0,0.0,0.0,0.5,0.2344362735748291
"1,3,21,9,6,14,16,9,11,13,18,18,8,12,5",0.4666666666666667,0.5,0.5,0.4666666666666667,1.0,0.6363636363636364,0.5,0.3578851222991943
"3,0,20,5,4,0,13,22,4,17,4,18,9,0,0",0.5333333333333333,0.5,0.5,0.0,0.0,0.0,0.5,0.2515296936035156
"11,14,7,10,6,0,17,23,5,5,13,18,18,15,16",0.5333333333333333,0.5,0.5,0.0,0.0,0.0,0.5,0.37351441383361816
"2,9,23,11,1,13,11,6,11,19,6,2,7,8,17",0.5333333333333333,0.5,0.5,0.0,0.0,0.0,0.5,0.28755903244018555
"6,4,1,20,0,8,15,4,2,15,20,3,11,1,16",0.4666666666666667,0.5,0.5,0.4666666666666667,1.0,0.6363636363636364,0.5,0.22452926635742188
"2,6,6,6,23,15,14,20,10,4,14,21,17,12,2",0.5333333333333333,0.5,0.5,0.0,0.0,0.0,0.5,0.30931878089904785
"16,19,6,17,19,19,18,7,6,7,9,1,4,11,18",0.5333333333333333,0.5,0.5,0.0,0.0,0.0,0.5,1.6210031509399414
"23,17,19,17,16,0,14,10,15,23,13,13,3,6,22",0.5333333333333333,0.5,0.5,0.0,0.0,0.0,0.5,0.88620924949646
"16,11,13,9,8,13,21,14,12,19,6,1,1,13,1",0.5333333333333333,0.5,0.5,0.0,0.0,0.0,0.5,0.30932092666625977
"3,20,2,8,19,13,2,18,14,6,6,22,7,8,6",0.4666666666666667,0.5,0.5,0.4666666666666667,1.0,0.6363636363636364,0.5,0.2628519535064697
"14,6,13,13,15,6,2,2,19,12,5,5,8,4,2",0.5333333333333333,0.5,0.5,0.0,0.0,0.0,0.5,0.2620506286621094
"23,0,8,1,7,0,8,1,9,3,4,2,18,4,15",0.5333333333333333,0.5,0.5,0.0,0.0,0.0,0.5,0.23924827575683594
"23,12,6,14,0,4,19,10,10,17,17,1,23,17,6",0.5333333333333333,0.5,0.5,0.0,0.0,0.0,0.5,0.5833587646484375
"12,12,17,3,10,2,10,8,4,15,9,7,20,14,0",0.5333333333333333,0.5,0.5,0.0,0.0,0.0,0.5,0.22977924346923828
"4,14,0,4,8,3,12,4,1,19,8,18,19,3,16",0.5333333333333333,0.5,0.5,0.0,0.0,0.0,0.5,0.5630090236663818
"17,6,9,4,3,1,4,23,0,11,9,0,19,15,6",0.5333333333333333,0.5,0.5,0.0,0.0,0.0,0.5,0.2561159133911133
"3,22,3,15,20,11,5,3,0,20,14,17,19,11,6",0.4666666666666667,0.5,0.5,0.4666666666666667,1.0,0.6363636363636364,0.5,0.3443717956542969
"1,19,18,17,11,17,9,23,1,10,22,4,11,4,3",0.4666666666666667,0.5,0.5,0.4666666666666667,1.0,0.6363636363636364,0.5,0.7563796043395996
"3,12,9,12,12,7,5,18,17,5,4,3,8,18,2",0.5333333333333333,0.5,0.5,0.0,0.0,0.0,0.5,0.27970027923583984
"11,17,9,23,1,10,22,4,11,4,3,6,0,11,1",0.4666666666666667,0.5,0.5,0.4666666666666667,1.0,0.6363636363636364,0.5,0.19692683219909668
"4,6,1,1,7,4,0,3,21,4,8,15,13,17,18",0.5333333333333333,0.5,0.5,0.0,0.0,0.0,0.5,0.24713683128356934
"12,3,14,16,4,13,11,16,5,3,11,11,16,22,9",0.5,0.5,0.5,0.4666666666666667,0.5,0.4827586206896552,0.5,0.25812840461730957
"3,16,14,1,7,3,21,0,4,2,7,12,16,0,17",0.5,0.5,0.5,0.4666666666666667,0.5,0.4827586206896552,0.5,0.28253960609436035
"10,4,8,13,20,17,14,9,8,4,14,0,4,8,3",0.4666666666666667,0.5,0.5,0.4666666666666667,1.0,0.6363636363636364,0.5,0.24004578590393066
"8,4,15,9,7,20,14,0,16,7,8,16,22,17,2",0.5333333333333333,0.5,0.5,0.0,0.0,0.0,0.5,0.2930893898010254
"1,18,7,16,12,0,10,1,8,5,7,4,7,4,10",0.5333333333333333,0.5,0.5,0.0,0.0,0.0,0.5,0.2647385597229004
"0,19,2,4,4,19,6,18,14,22,12,15,7,15,15",0.5333333333333333,0.5,0.5,0.0,0.0,0.0,0.5,1.4862573146820068
"22,15,14,9,1,0,1,2,0,16,9,13,8,14,19",0.5333333333333333,0.5,0.5,0.0,0.0,0.0,0.5,0.2523064613342285
"1,1,14,12,14,8,1,17,7,8,8,12,10,0,0",0.5333333333333333,0.5,0.5,0.0,0.0,0.0,0.5,0.27373623847961426
"6,23,13,4,12,18,19,8,16,12,1,9,8,21,2",0.4666666666666667,0.5,0.5,0.4666666666666667,1.0,0.6363636363636364,0.5,0.5323314666748047
"2,15,20,3,11,1,16,1,11,8,2,16,15,6,20",0.5333333333333333,0.5,0.5,0.0,0.0,0.0,0.5,0.28818631172180176
"3,6,0,13,4,16,11,9,11,6,0,8,22,0,14",0.5333333333333333,0.5,0.5,0.0,0.0,0.0,0.5,0.2573528289794922
"5,7,23,17,4,23,13,7,16,13,10,13,4,5,9",0.5333333333333333,0.5,0.5,0.0,0.0,0.0,0.5,0.27553462982177734
"2,19,11,4,6,1,1,7,4,0,3,21,4,8,15",0.5333333333333333,0.5,0.5,0.0,0.0,0.0,0.5,0.3312087059020996
"7,16,12,0,10,1,8,5,7,4,7,4,10,18,19",0.4666666666666667,0.5,0.5,0.4666666666666667,1.0,0.6363636363636364,0.5,0.4711296558380127
"16,8,14,8,21,0,12,3,14,16,4,13,11,16,5",0.5333333333333333,0.5,0.5,0.0,0.0,0.0,0.5,0.29245758056640625
"22,1,3,10,0,3,14,7,4,21,4,0,12,1,15",0.5333333333333333,0.5,0.5,0.0,0.0,0.0,0.5,0.18909716606140137
"23,15,14,20,10,4,14,21,17,12,2,0,4,15,6",0.4666666666666667,0.5,0.5,0.4666666666666667,1.0,0.6363636363636364,0.5,0.29414963722229004
"7,3,18,0,6,2,10,7,1,15,7,4,22,12,3",0.5333333333333333,0.5,0.5,0.0,0.0,0.0,0.5,0.21883654594421387
"7,8,22,14,20,9,21,9,7,2,8,1,9,2,9",0.5333333333333333,0.5,0.5,0.0,0.0,0.0,0.5,0.2459864616394043
"3,23,3,5,8,2,7,8,22,14,20,9,21,9,7",0.5333333333333333,0.5,0.5,0.0,0.0,0.0,0.5,0.24931907653808594
"5,7,8,7,3,3,17,22,17,18,14,13,10,7,17",0.5333333333333333,0.5,0.5,0.0,0.0,0.0,0.5,0.36538124084472656
"8,16,1,18,16,5,23,3,16,7,4,0,14,3,0",0.5333333333333333,0.5,0.5,0.0,0.0,0.0,0.5,0.32262182235717773
"16,6,19,13,16,11,9,5,23,0,8,22,0,14,2",0.4666666666666667,0.5,0.5,0.4666666666666667,1.0,0.6363636363636364,0.5,0.29485249519348145
"9,0,21,7,3,9,20,15,4,10,23,5,13,4,1",0.4666666666666667,0.5,0.5,0.4666666666666667,1.0,0.6363636363636364,0.5,0.20604157447814941
"0,14,14,13,18,10,7,7,10,21,1,11,10,10,16",0.5333333333333333,0.5,0.5,0.0,0.0,0.0,0.5,0.29613494873046875
"6,2,11,1,10,4,4,12,0,12,15,19,1,1,14",0.4666666666666667,0.5,0.5,0.4666666666666667,1.0,0.6363636363636364,0.5,0.24851417541503906
"15,10,6,9,22,0,11,7,5,9,7,21,1,14,11",0.5333333333333333,0.5,0.5,0.0,0.0,0.0,0.5,0.2938697338104248
"19,15,10,6,9,22,0,11,7,5,9,7,21,1,14",0.5333333333333333,0.5,0.5,0.0,0.0,0.0,0.5,0.4130063056945801
"4,21,4,0,12,1,15,14,10,7,20,14,8,23,3",0.5333333333333333,0.5,0.5,0.0,0.0,0.0,0.5,0.2760655879974365
"3,0,15,20,8,9,8,20,9,4,4,6,19,15,20",0.4666666666666667,0.5,0.5,0.4666666666666667,1.0,0.6363636363636364,0.5,0.28026843070983887
"8,17,19,9,19,7,3,23,3,5,8,2,7,8,22",0.5333333333333333,0.5,0.5,0.0,0.0,0.0,0.5,0.3567790985107422
"14,7,4,2,0,17,5,23,17,13,4,6,17,8,11",0.5333333333333333,0.5,0.5,0.0,0.0,0.0,0.5,0.5181422233581543
"17,6,18,2,17,8,2,5,6,9,5,20,16,2,17",0.5333333333333333,0.5,0.5,0.0,0.0,0.0,0.5,0.40081214904785156
"22,7,3,8,11,23,2,9,10,6,16,2,9,23,11",0.5333333333333333,0.5,0.5,0.0,0.0,0.0,0.5,0.2371060848236084
"9,4,3,1,4,23,0,11,9,0,19,15,6,8,21",0.5333333333333333,0.5,0.5,0.0,0.0,0.0,0.5,0.2561626434326172
"10,15,8,14,11,18,17,22,10,13,9,16,8,14,19",0.5333333333333333,0.5,0.5,0.0,0.0,0.0,0.5,0.3424546718597412
"2,7,8,18,14,14,15,1,1,20,14,2,5,5,18",0.5333333333333333,0.5,0.5,0.0,0.0,0.0,0.5,0.2651348114013672
"7,12,10,1,12,0,7,19,15,10,6,9,22,0,11",0.4666666666666667,0.5,0.5,0.4666666666666667,1.0,0.6363636363636364,0.5,0.2778313159942627
"13,18,7,9,13,7,9,4,9,23,11,5,10,20,3",0.5333333333333333,0.5,0.5,0.0,0.0,0.0,0.5,0.2808077335357666
"1,5,1,3,8,9,4,16,3,9,19,19,17,13,3",0.4666666666666667,0.5,0.5,0.4666666666666667,1.0,0.6363636363636364,0.5,1.004887342453003
"22,5,15,14,8,8,15,4,12,6,12,4,7,20,5",0.5333333333333333,0.5,0.5,0.0,0.0,0.0,0.5,0.2792954444885254
"17,3,6,2,14,12,15,19,16,13,6,4,2,16,4",0.5333333333333333,0.5,0.5,0.0,0.0,0.0,0.5,0.34630370140075684
"20,16,17,11,17,21,7,12,2,22,16,15,10,18,6",0.4666666666666667,0.5,0.5,0.4666666666666667,1.0,0.6363636363636364,0.5,0.3289613723754883
"22,13,6,14,19,10,20,3,17,13,1,6,23,13,4",0.4666666666666667,0.5,0.5,0.4666666666666667,1.0,0.6363636363636364,0.5,0.2539248466491699
"23,17,9,23,13,7,16,13,10,13,4,5,9,3,21",0.4666666666666667,0.5,0.5,0.4666666666666667,1.0,0.6363636363636364,0.5,0.5076043605804443
"3,5,8,2,7,8,22,14,20,9,21,9,7,2,8",0.4666666666666667,0.5,0.5,0.4666666666666667,1.0,0.6363636363636364,0.5,0.2277529239654541
"23,5,10,19,13,17,23,13,10,16,8,13,20,17,14",0.4666666666666667,0.5,0.5,0.4666666666666667,1.0,0.6363636363636364,0.5,0.3028993606567383
"3,6,20,12,5,13,20,3,8,4,8,11,3,21,7",0.5333333333333333,0.5,0.5,0.0,0.0,0.0,0.5,0.2639491558074951
"14,13,16,21,7,14,16,15,15,3,20,17,5,4,4",0.5333333333333333,0.5,0.5,0.0,0.0,0.0,0.5,0.2771275043487549
"6,3,12,9,12,12,7,5,18,17,5,4,3,8,18",0.5333333333333333,0.5,0.5,0.0,0.0,0.0,0.5,0.256866455078125
"20,8,6,3,9,0,7,3,22,3,15,20,11,5,3",0.4666666666666667,0.5,0.5,0.4666666666666667,1.0,0.6363636363636364,0.5,0.19679021835327148
"17,8,2,5,6,9,5,20,16,2,17,11,20,17,16",0.5333333333333333,0.5,0.5,0.0,0.0,0.0,0.5,0.2879326343536377
"11,2,4,14,16,22,7,3,8,11,23,2,9,10,6",0.4666666666666667,0.5,0.5,0.4666666666666667,1.0,0.6363636363636364,0.5,0.2590062618255615
"22,6,17,10,13,19,6,19,17,13,18,12,4,9,7",0.5333333333333333,0.5,0.5,0.0,0.0,0.0,0.5,1.0854763984680176
"9,9,13,12,17,15,5,11,12,17,21,12,14,20,3",0.5333333333333333,0.5,0.5,0.0,0.0,0.0,0.5,0.27036452293395996
"1,13,23,8,16,6,3,7,14,23,10,21,14,8,6",0.5333333333333333,0.5,0.5,0.0,0.0,0.0,0.5,0.274505615234375
"23,6,17,0,18,5,12,15,0,4,4,13,6,0,2",0.4666666666666667,0.5,0.5,0.4666666666666667,1.0,0.6363636363636364,0.5,0.567131519317627
"2,23,15,0,7,3,10,0,18,9,19,17,0,22,2",0.5333333333333333,0.5,0.5,0.0,0.0,0.0,0.5,0.39336657524108887
"6,9,1,0,7,5,7,23,17,9,23,13,7,16,13",0.5333333333333333,0.5,0.5,0.0,0.0,0.0,0.5,0.23743748664855957
"4,1,20,0,8,15,4,2,15,20,3,11,1,16,1",0.4666666666666667,0.5,0.5,0.4666666666666667,1.0,0.6363636363636364,0.5,0.23653244972229004
"20,1,0,7,17,0,0,5,9,16,5,14,15,13,7",0.4666666666666667,0.5,0.5,0.4666666666666667,1.0,0.6363636363636364,0.5,0.21947979927062988
"12,6,9,11,22,5,15,14,8,8,15,4,12,6,12",0.5333333333333333,0.5,0.5,0.0,0.0,0.0,0.5,0.22977662086486816
"12,5,16,11,6,3,2,16,12,20,11,10,21,3,16",0.5333333333333333,0.5,0.5,0.0,0.0,0.0,0.5,0.22251582145690918
"20,12,3,19,19,18,9,18,11,18,16,15,1,2,19",0.5333333333333333,0.5,0.5,0.0,0.0,0.0,0.5,1.2957966327667236
"1,0,2,16,16,16,15,5,4,6,17,11,4,4,9",0.5333333333333333,0.5,0.5,0.0,0.0,0.0,0.5,0.25051212310791016
"22,7,8,6,3,6,1,0,20,2,0,11,4,2,4",0.5333333333333333,0.5,0.5,0.0,0.0,0.0,0.5,0.1564950942993164
"20,1,12,10,10,19,5,15,17,9,19,8,14,16,21",0.5333333333333333,0.5,0.5,0.0,0.0,0.0,0.5,0.3059558868408203
"0,0,20,6,11,10,0,12,10,9,18,18,8,5,7",0.4666666666666667,0.5,0.5,0.4666666666666667,1.0,0.6363636363636364,0.5,0.32082200050354004
"7,21,4,6,10,7,20,3,8,0,14,9,8,19,0",0.5333333333333333,0.5,0.5,0.0,0.0,0.0,0.5,0.2075057029724121
"16,11,23,6,11,2,4,14,16,22,7,3,8,11,23",0.5333333333333333,0.5,0.5,0.0,0.0,0.0,0.5,0.2999532222747803
"18,2,17,8,2,5,6,9,5,20,16,2,17,11,20",0.5333333333333333,0.5,0.5,0.0,0.0,0.0,0.5,0.4002044200897217
"1,21,0,8,20,15,16,13,11,19,11,7,8,4,11",0.4666666666666667,0.5,0.5,0.4666666666666667,1.0,0.6363636363636364,0.5,0.2732353210449219
"23,13,8,4,10,3,15,20,12,11,11,8,11,15,16",0.4666666666666667,0.5,0.5,0.4666666666666667,1.0,0.6363636363636364,0.5,0.28832244873046875
"5,13,13,14,4,19,3,14,16,11,8,3,16,14,20",0.5333333333333333,0.5,0.5,0.0,0.0,0.0,0.5,0.29502391815185547
"6,23,15,14,20,10,4,14,21,17,12,2,0,4,15",0.4666666666666667,0.5,0.5,0.4666666666666667,1.0,0.6363636363636364,0.5,0.3174574375152588
"0,20,14,17,19,11,6,3,22,6,17,10,13,19,6",0.5333333333333333,0.5,0.5,0.0,0.0,0.0,0.5,0.3639214038848877
"19,12,9,4,4,5,6,8,10,8,6,11,6,4,6",0.5333333333333333,0.5,0.5,0.0,0.0,0.0,0.5,0.3372831344604492
"8,14,11,18,17,22,10,13,9,16,8,14,19,6,19",0.4666666666666667,0.5,0.5,0.4666666666666667,1.0,0.6363636363636364,0.5,0.951845645904541
"9,18,5,18,14,8,13,2,2,21,11,15,7,2,4",0.5333333333333333,0.5,0.5,0.0,0.0,0.0,0.5,0.3821687698364258
"2,4,4,19,6,18,14,22,12,15,7,15,15,14,21",0.4666666666666667,0.5,0.5,0.4666666666666667,1.0,0.6363636363636364,0.5,0.6950507164001465
"0,7,5,7,23,17,9,23,13,7,16,13,10,13,4",0.5333333333333333,0.5,0.5,0.0,0.0,0.0,0.5,0.24549412727355957
"16,7,12,3,2,1,12,12,21,8,17,4,9,13,3",0.5333333333333333,0.5,0.5,0.0,0.0,0.0,0.5,0.28966259956359863
"1,16,0,20,3,6,3,15,14,16,8,7,1,13,7",0.5333333333333333,0.5,0.5,0.0,0.0,0.0,0.5,0.298067569732666
"2,2,22,8,23,2,17,12,8,15,6,18,13,11,1",0.4666666666666667,0.5,0.5,0.4666666666666667,1.0,0.6363636363636364,0.5,0.2662959098815918
"12,14,20,3,10,14,0,7,3,23,15,5,16,11,23",0.5333333333333333,0.5,0.5,0.0,0.0,0.0,0.5,0.2595789432525635
"3,22,6,17,10,13,19,6,19,17,13,18,12,4,9",0.4666666666666667,0.5,0.5,0.4666666666666667,1.0,0.6363636363636364,0.5,1.0846493244171143
"3,20,8,9,17,6,10,22,17,5,2,19,3,7,8",0.4666666666666667,0.5,0.5,0.4666666666666667,1.0,0.6363636363636364,0.5,0.3658280372619629
"2,8,16,19,17,3,9,6,6,9,1,0,7,5,7",0.4666666666666667,0.5,0.5,0.4666666666666667,1.0,0.6363636363636364,0.5,0.39031291007995605
"3,18,0,6,2,10,7,1,15,7,4,22,12,3,14",0.5333333333333333,0.5,0.5,0.0,0.0,0.0,0.5,0.2800278663635254
"10,7,15,23,17,18,8,14,14,5,4,1,6,3,11",0.4666666666666667,0.5,0.5,0.4666666666666667,1.0,0.6363636363636364,0.5,0.37907981872558594
"21,0,8,20,15,16,13,11,19,11,7,8,4,11,2",0.4666666666666667,0.5,0.5,0.4666666666666667,1.0,0.6363636363636364,0.5,0.25687074661254883
"21,0,12,8,20,3,7,1,5,1,3,8,9,4,16",0.5333333333333333,0.5,0.5,0.0,0.0,0.0,0.5,0.264049768447876
"23,3,5,8,2,7,8,22,14,20,9,21,9,7,2",0.5333333333333333,0.5,0.5,0.0,0.0,0.0,0.5,0.24177217483520508
"2,4,15,0,6,9,18,0,8,19,16,5,17,0,23",0.5333333333333333,0.5,0.5,0.0,0.0,0.0,0.5,0.2716665267944336
"18,5,18,14,8,13,2,2,21,11,15,7,2,4,15",0.5333333333333333,0.5,0.5,0.0,0.0,0.0,0.5,0.44044017791748047
"5,13,11,10,21,8,6,7,10,3,0,9,15,4,10",0.4666666666666667,0.5,0.5,0.4666666666666667,1.0,0.6363636363636364,0.5,0.25421571731567383
"4,12,22,14,0,21,10,14,11,2,1,5,14,16,21",0.5333333333333333,0.5,0.5,0.0,0.0,0.0,0.5,0.2863013744354248
"22,2,17,19,12,11,8,20,10,20,5,6,4,16,1",0.5333333333333333,0.5,0.5,0.0,0.0,0.0,0.5,0.4286067485809326
"17,1,13,14,15,6,23,10,4,6,5,8,15,11,1",0.5333333333333333,0.5,0.5,0.0,0.0,0.0,0.5,0.274890661239624
"1,19,7,14,7,11,11,17,2,22,16,3,22,2,7",0.4666666666666667,0.5,0.5,0.4666666666666667,1.0,0.6363636363636364,0.5,0.4151909351348877
"10,6,8,13,20,17,14,9,4,4,14,0,4,8,3",0.5333333333333333,0.5,0.5,0.0,0.0,0.0,0.5,0.21456670761108398
"7,7,10,21,1,11,10,10,16,16,17,7,7,1,18",0.5333333333333333,0.5,0.5,0.0,0.0,0.0,0.5,0.31395602226257324
"7,5,5,15,2,16,9,15,2,2,10,0,19,2,4",0.5333333333333333,0.5,0.5,0.0,0.0,0.0,0.5,0.23932743072509766
"21,2,11,22,15,20,8,3,17,13,9,5,13,15,1",0.5333333333333333,0.5,0.5,0.0,0.0,0.0,0.5,0.30170464515686035
"20,5,4,0,13,22,4,17,4,18,9,0,0,19,5",0.4666666666666667,0.5,0.5,0.4666666666666667,1.0,0.6363636363636364,0.5,0.25499844551086426
"1,18,8,16,1,18,16,5,23,3,16,7,4,0,14",0.5333333333333333,0.5,0.5,0.0,0.0,0.0,0.5,0.4071946144104004
"12,9,2,0,16,17,15,19,8,12,16,4,5,20,5",0.5,0.5,0.5,0.4666666666666667,0.5,0.4827586206896552,0.5,0.3569467067718506
"20,3,7,1,5,1,3,8,9,4,16,3,9,19,19",0.5333333333333333,0.5,0.5,0.0,0.0,0.0,0.5,0.8280093669891357
"4,8,15,20,17,18,17,5,14,0,4,1,6,3,13",0.5333333333333333,0.5,0.5,0.0,0.0,0.0,0.5,0.38112306594848633
"7,6,23,6,15,0,2,21,8,6,5,8,15,7,2",0.5333333333333333,0.5,0.5,0.0,0.0,0.0,0.5,0.2232139110565185
"6,21,13,13,3,0,4,14,13,0,6,0,1,14,5",0.4666666666666667,0.5,0.5,0.4666666666666667,1.0,0.6363636363636364,0.5,0.20049595832824707
"12,12,7,14,22,9,7,3,12,13,5,13,13,14,4",0.4666666666666667,0.5,0.5,0.4666666666666667,1.0,0.6363636363636364,0.5,0.23511099815368652
"19,3,7,8,8,7,0,12,2,15,16,12,12,7,14",0.5333333333333333,0.5,0.5,0.0,0.0,0.0,0.5,0.394913911819458
"0,2,0,18,0,13,0,9,16,10,15,14,3,11,8",0.4666666666666667,0.5,0.5,0.4666666666666667,1.0,0.6363636363636364,0.5,0.2674732208251953
"9,22,12,16,8,14,4,8,6,17,6,13,22,12,0",0.4666666666666667,0.5,0.5,0.4666666666666667,1.0,0.6363636363636364,0.5,0.2544593811035156
"12,6,15,14,19,12,7,2,6,7,11,20,7,9,0",0.5333333333333333,0.5,0.5,0.0,0.0,0.0,0.5,0.258953332901001
"0,17,2,15,1,3,10,0,7,6,15,8,12,4,12",0.5333333333333333,0.5,0.5,0.0,0.0,0.0,0.5,0.27416539192199707
"18,11,9,4,0,10,12,4,9,16,23,4,16,2,5",0.4666666666666667,0.5,0.5,0.4666666666666667,1.0,0.6363636363636364,0.5,0.3509654998779297
"1,22,2,17,19,12,11,8,20,10,20,5,6,4,16",0.5333333333333333,0.5,0.5,0.0,0.0,0.0,0.5,0.44004297256469727
"20,14,17,19,11,6,3,22,6,17,10,13,19,6,19",0.5333333333333333,0.5,0.5,0.0,0.0,0.0,0.5,1.0793299674987793
"23,13,4,12,18,19,8,16,12,1,9,8,21,2,11",0.5333333333333333,0.5,0.5,0.0,0.0,0.0,0.5,0.5300052165985107
"5,5,11,9,22,12,16,8,14,4,8,6,17,6,13",0.4666666666666667,0.5,0.5,0.4666666666666667,1.0,0.6363636363636364,0.5,0.2618262767791748
"21,7,16,0,18,4,12,7,23,5,7,16,11,14,4",0.5333333333333333,0.5,0.5,0.0,0.0,0.0,0.5,0.2926650047302246
"5,9,7,21,1,14,11,22,15,13,16,11,6,18,12",0.5333333333333333,0.5,0.5,0.0,0.0,0.0,0.5,0.27574920654296875
"2,19,18,17,12,7,5,9,6,16,12,5,16,11,6",0.5333333333333333,0.5,0.5,0.0,0.0,0.0,0.5,0.7599921226501465
"7,11,20,7,9,0,11,12,2,9,14,18,16,12,17",0.5333333333333333,0.5,0.5,0.0,0.0,0.0,0.5,0.2904388904571533
"17,13,5,14,14,21,16,15,4,5,6,6,9,3,6",0.4666666666666667,0.5,0.5,0.4666666666666667,1.0,0.6363636363636364,0.5,0.26726651191711426
"19,11,4,6,15,0,17,12,8,6,19,8,14,7,13",0.4666666666666667,0.5,0.5,0.4666666666666667,1.0,0.6363636363636364,0.5,0.3783588409423828
"0,7,6,15,8,12,4,12,22,14,0,21,10,14,11",0.4666666666666667,0.5,0.5,0.4666666666666667,1.0,0.6363636363636364,0.5,0.25116395950317383
"0,4,22,4,17,4,18,9,8,0,19,5,2,9,4",0.4666666666666667,0.5,0.5,0.4666666666666667,1.0,0.6363636363636364,0.5,0.3182861804962158
"20,6,0,13,4,16,11,9,11,6,0,8,22,0,14",0.5333333333333333,0.5,0.5,0.0,0.0,0.0,0.5,0.23957514762878418
"0,3,21,4,8,15,13,17,18,8,5,14,5,4,1",0.5333333333333333,0.5,0.5,0.0,0.0,0.0,0.5,0.27533817291259766
"4,13,4,21,10,1,12,0,13,7,11,8,4,5,10",0.5333333333333333,0.5,0.5,0.0,0.0,0.0,0.5,0.23972272872924805
"1,15,22,8,0,3,16,14,1,7,3,21,0,4,2",0.4666666666666667,0.5,0.5,0.4666666666666667,1.0,0.6363636363636364,0.5,0.26696348190307617
"17,4,18,14,7,2,12,10,8,2,19,11,4,6,1",0.5333333333333333,0.5,0.5,0.0,0.0,0.0,0.5,0.32073068618774414
"21,13,13,3,0,4,14,13,0,6,0,1,14,5,9",0.5333333333333333,0.5,0.5,0.0,0.0,0.0,0.5,0.2000739574432373
"7,7,5,15,12,6,22,11,18,11,10,23,12,18,13",0.4666666666666667,0.5,0.5,0.4666666666666667,1.0,0.6363636363636364,0.5,0.27808117866516113
"18,16,19,6,17,19,19,18,7,6,7,9,1,4,11",0.4666666666666667,0.5,0.5,0.4666666666666667,1.0,0.6363636363636364,0.5,1.7573761940002441
"14,0,8,2,10,8,22,16,9,0,23,15,6,5,9",0.5333333333333333,0.5,0.5,0.0,0.0,0.0,0.5,0.2850937843322754
"2,23,12,6,14,0,4,19,10,10,17,17,1,23,17",0.5333333333333333,0.5,0.5,0.0,0.0,0.0,0.5,0.5826718807220459
"7,4,21,4,0,12,1,15,14,10,7,20,14,8,23",0.4666666666666667,0.5,0.5,0.4666666666666667,1.0,0.6363636363636364,0.5,0.23835134506225586
"7,8,18,14,7,2,12,1,2,2,19,11,4,6,16",0.4666666666666667,0.5,0.5,0.4666666666666667,1.0,0.6363636363636364,0.5,0.2586386203765869
"22,12,3,14,8,17,6,1,10,12,2,13,14,13,13",0.4666666666666667,0.5,0.5,0.4666666666666667,1.0,0.6363636363636364,0.5,0.2569863796234131
"17,1,12,19,14,10,19,8,23,5,10,19,13,17,23",0.5333333333333333,0.5,0.5,0.0,0.0,0.0,0.5,0.3343982696533203
"23,4,16,2,5,19,16,16,1,3,8,13,18,2,17",0.4666666666666667,0.5,0.5,0.4666666666666667,1.0,0.6363636363636364,0.5,0.6758384704589844
"14,0,4,8,3,12,4,1,19,8,18,19,3,16,11",0.4666666666666667,0.5,0.5,0.4666666666666667,1.0,0.6363636363636364,0.5,0.5852389335632324
"6,3,6,1,0,20,2,0,11,4,2,4,15,0,6",0.5333333333333333,0.5,0.5,0.0,0.0,0.0,0.5,0.1437826156616211
"11,8,20,10,20,5,6,4,16,1,4,8,9,7,5",0.5333333333333333,0.5,0.5,0.0,0.0,0.0,0.5,0.20268988609313965
"5,17,0,23,2,10,3,20,8,9,17,6,10,22,17",0.5333333333333333,0.5,0.5,0.0,0.0,0.0,0.5,0.3060719966888428
"1,7,0,8,1,9,3,4,2,18,4,15,16,7,17",0.4666666666666667,0.5,0.5,0.4666666666666667,1.0,0.6363636363636364,0.5,0.2651386260986328
"10,0,7,6,15,8,12,4,12,22,14,0,21,10,14",0.4666666666666667,0.5,0.5,0.4666666666666667,1.0,0.6363636363636364,0.5,0.21973514556884766
"5,7,19,6,9,11,23,7,16,13,8,13,4,10,0",0.4666666666666667,0.5,0.5,0.4666666666666667,1.0,0.6363636363636364,0.5,0.21964526176452637
"19,4,16,11,9,11,23,0,8,22,0,14,0,10,7",0.5333333333333333,0.5,0.5,0.0,0.0,0.0,0.5,0.44556713104248047
"1,3,0,4,10,13,20,15,10,3,14,21,15,8,21",0.5333333333333333,0.5,0.5,0.0,0.0,0.0,0.5,0.2552800178527832
"1,1,7,4,0,3,21,4,8,15,13,17,18,8,5",0.4666666666666667,0.5,0.5,0.4666666666666667,1.0,0.6363636363636364,0.5,0.27800655364990234
"2,9,18,5,18,14,8,13,2,2,21,11,15,7,2",0.4666666666666667,0.5,0.5,0.4666666666666667,1.0,0.6363636363636364,0.5,0.367936372756958
"2,22,7,4,14,10,14,17,21,14,0,15,8,12,0",0.4666666666666667,0.5,0.5,0.4666666666666667,1.0,0.6363636363636364,0.5,0.25747179985046387
"3,1,17,14,11,10,8,4,22,6,0,9,9,14,3",0.5333333333333333,0.5,0.5,0.0,0.0,0.0,0.5,0.2626948356628418
"3,10,14,0,7,3,23,15,5,16,11,23,6,11,2",0.5333333333333333,0.5,0.5,0.0,0.0,0.0,0.5,0.27594542503356934
"7,5,9,6,16,12,5,16,11,6,3,2,16,12,20",0.5333333333333333,0.5,0.5,0.0,0.0,0.0,0.5,0.2032175064086914
"18,17,11,17,9,23,1,10,22,4,11,4,3,6,0",0.5333333333333333,0.5,0.5,0.0,0.0,0.0,0.5,0.3382880687713623
"6,23,10,2,1,15,10,4,0,17,7,20,14,15,13",0.5333333333333333,0.5,0.5,0.0,0.0,0.0,0.5,0.24869441986083984
"20,3,17,13,1,6,23,13,4,12,18,19,8,16,12",0.4666666666666667,0.5,0.5,0.4666666666666667,1.0,0.6363636363636364,0.5,0.570775032043457
"2,11,1,10,4,4,12,0,12,15,19,1,1,14,12",0.5333333333333333,0.5,0.5,0.0,0.0,0.0,0.5,0.2651669979095459
"0,23,10,15,8,14,11,18,17,22,10,13,9,16,8",0.5333333333333333,0.5,0.5,0.0,0.0,0.0,0.5,0.31271839141845703
"13,20,17,14,9,4,4,14,0,4,8,3,12,4,1",0.4666666666666667,0.5,0.5,0.4666666666666667,1.0,0.6363636363636364,0.5,0.23997831344604492
"20,10,20,5,6,4,16,1,4,8,9,7,5,15,23",0.5333333333333333,0.5,0.5,0.0,0.0,0.0,0.5,0.1978471279144287
"1,3,10,0,3,14,7,4,21,4,0,12,1,15,14",0.5333333333333333,0.5,0.5,0.0,0.0,0.0,0.5,0.18118834495544434
"23,13,7,16,13,10,13,4,5,9,3,21,2,17,19",0.5333333333333333,0.5,0.5,0.0,0.0,0.0,0.5,0.35556530952453613
"6,6,22,7,8,6,3,6,1,0,20,2,0,11,4",0.5333333333333333,0.5,0.5,0.0,0.0,0.0,0.5,0.15037012100219727
"3,17,13,1,6,23,13,4,12,18,19,8,16,12,1",0.5333333333333333,0.5,0.5,0.0,0.0,0.0,0.5,0.5327870845794678
"23,16,1,15,22,8,0,3,16,14,1,7,3,21,0",0.4666666666666667,0.5,0.5,0.4666666666666667,1.0,0.6363636363636364,0.5,0.39049339294433594
"1,22,2,11,16,4,11,18,9,9,5,8,20,7,6",0.5333333333333333,0.5,0.5,0.0,0.0,0.0,0.5,0.2275853157043457
"20,0,3,16,0,11,8,9,14,18,13,20,17,10,9",0.5333333333333333,0.5,0.5,0.0,0.0,0.0,0.5,0.2791106700897217
"6,22,2,7,3,17,1,16,3,22,2,16,19,7,19",0.4666666666666667,0.5,0.5,0.4666666666666667,1.0,0.6363636363636364,0.5,0.314509630203247
"23,0,14,13,16,21,7,14,16,15,15,3,20,17,5",0.5333333333333333,0.5,0.5,0.0,0.0,0.0,0.5,0.30498409271240234
"0,10,20,15,7,7,5,15,12,6,22,11,18,11,10",0.5333333333333333,0.5,0.5,0.0,0.0,0.0,0.5,0.23232793807983398
"5,0,1,16,11,3,14,20,13,11,3,3,6,11,0",0.4666666666666667,0.5,0.5,0.4666666666666667,1.0,0.6363636363636364,0.5,0.24141597747802734
"21,14,8,17,19,9,19,7,3,23,3,5,8,2,7",0.4666666666666667,0.5,0.5,0.4666666666666667,1.0,0.6363636363636364,0.5,0.38620877265930176
"2,19,9,11,13,10,9,6,3,15,18,4,7,20,5",0.4666666666666667,0.5,0.5,0.4666666666666667,1.0,0.6363636363636364,0.5,0.38571786880493164
"23,8,19,5,18,13,15,0,10,14,19,13,9,13,4",0.5333333333333333,0.5,0.5,0.0,0.0,0.0,0.5,0.5459752082824707
"16,9,16,12,8,3,4,15,12,13,19,13,9,15,23",0.5333333333333333,0.5,0.5,0.0,0.0,0.0,0.5,0.3023567199707031
"1,1,1,1,20,10,2,14,22,10,21,14,3,10,15",0.5333333333333333,0.5,0.5,0.0,0.0,0.0,0.5,0.20946145057678223
"20,17,5,19,2,15,13,13,21,7,13,0,17,22,1",0.5333333333333333,0.5,0.5,0.0,0.0,0.0,0.5,0.49984049797058105
"3,10,0,3,14,7,4,21,4,0,12,1,15,14,10",0.4666666666666667,0.5,0.5,0.4666666666666667,1.0,0.6363636363636364,0.5,0.19722509384155273
"13,16,21,7,14,16,15,15,3,20,17,5,4,4,15",0.5333333333333333,0.5,0.5,0.0,0.0,0.0,0.5,0.2971975803375244
"1,0,21,1,1,0,12,3,20,2,8,19,13,2,18",0.4666666666666667,0.5,0.5,0.4666666666666667,1.0,0.6363636363636364,0.5,0.23613762855529785
"4,21,0,8,10,0,9,15,21,14,8,17,19,9,19",0.5333333333333333,0.5,0.5,0.0,0.0,0.0,0.5,0.3518362045288086
"7,4,2,0,17,5,23,17,13,4,6,17,8,11,22",0.4666666666666667,0.5,0.5,0.4666666666666667,1.0,0.6363636363636364,0.5,0.5246734619140625
"19,4,19,9,9,11,23,0,10,11,8,6,15,22,0",0.5333333333333333,0.5,0.5,0.0,0.0,0.0,0.5,1.009383201599121
"2,3,4,0,19,4,16,11,9,11,23,0,8,22,0",0.4666666666666667,0.5,0.5,0.4666666666666667,1.0,0.6363636363636364,0.5,0.4090704917907715
"22,4,13,4,21,10,1,12,0,13,7,11,8,4,5",0.5333333333333333,0.5,0.5,0.0,0.0,0.0,0.5,0.2378385066986084
"7,11,19,6,13,6,15,1,8,11,16,2,3,13,0",0.4666666666666667,0.5,0.5,0.4666666666666667,1.0,0.6363636363636364,0.5,0.2500512599945068
"23,1,11,5,21,6,5,7,9,0,3,1,7,13,16",0.5333333333333333,0.5,0.5,0.0,0.0,0.0,0.5,0.2667984962463379
"6,9,0,16,7,12,3,2,1,12,12,21,8,17,4",0.5333333333333333,0.5,0.5,0.0,0.0,0.0,0.5,0.20330405235290527
"13,10,23,11,2,2,19,6,15,5,8,4,2,22,4",0.5333333333333333,0.5,0.5,0.0,0.0,0.0,0.5,0.25266218185424805
"6,21,12,21,3,5,4,12,5,2,12,9,12,6,9",0.4666666666666667,0.5,0.5,0.4666666666666667,1.0,0.6363636363636364,0.5,0.22002291679382324
"19,10,5,20,16,11,13,9,8,13,21,14,12,19,6",0.5333333333333333,0.5,0.5,0.0,0.0,0.0,0.5,0.4110453128814697
"0,23,2,10,3,20,8,9,17,6,10,22,17,5,2",0.5333333333333333,0.5,0.5,0.0,0.0,0.0,0.5,0.2549161911010742
"3,2,19,9,11,13,10,9,6,3,15,18,4,7,20",0.4666666666666667,0.5,0.5,0.4666666666666667,1.0,0.6363636363636364,0.5,0.38807177543640137
"2,10,4,7,12,0,11,3,19,18,14,14,13,15,8",0.4666666666666667,0.5,0.5,0.4666666666666667,1.0,0.6363636363636364,0.5,0.5045969486236572
"9,15,21,14,8,17,19,9,19,7,3,23,3,5,8",0.4666666666666667,0.5,0.5,0.4666666666666667,1.0,0.6363636363636364,0.5,0.3556528091430664
"22,2,5,16,12,6,5,0,0,17,18,11,19,10,12",0.4666666666666667,0.5,0.5,0.4666666666666667,1.0,0.6363636363636364,0.5,0.2936074733734131
"10,2,10,8,4,15,9,7,20,14,0,16,7,8,16",0.5333333333333333,0.5,0.5,0.0,0.0,0.0,0.5,0.28705596923828125
"5,4,21,8,3,2,2,22,8,23,2,17,12,8,15",0.5333333333333333,0.5,0.5,0.0,0.0,0.0,0.5,0.21148967742919922
"1,9,8,21,2,11,22,15,20,8,3,17,13,9,5",0.4666666666666667,0.5,0.5,0.4666666666666667,1.0,0.6363636363636364,0.5,0.27976202964782715
"22,2,11,16,4,11,18,9,9,5,8,20,7,6,22",0.4666666666666667,0.5,0.5,0.4666666666666667,1.0,0.6363636363636364,0.5,0.2480766773223877
"4,20,14,17,21,9,23,14,6,11,16,13,15,13,23",0.5333333333333333,0.5,0.5,0.0,0.0,0.0,0.5,0.31949687004089355
"0,14,14,17,15,19,18,14,14,15,10,11,23,9,18",0.5333333333333333,0.5,0.5,0.0,0.0,0.0,0.5,0.600670337677002
"20,5,16,23,14,6,10,3,23,3,13,3,12,14,14",0.4666666666666667,0.5,0.5,0.4666666666666667,1.0,0.6363636363636364,0.5,0.2787661552429199
"22,8,23,2,17,12,8,15,6,18,13,11,1,11,18",0.4666666666666667,0.5,0.5,0.4666666666666667,1.0,0.6363636363636364,0.5,0.30521655082702637
"7,6,3,3,15,0,2,21,8,6,17,8,21,7,9",0.5333333333333333,0.5,0.5,0.0,0.0,0.0,0.5,0.20483946800231934
"5,23,6,17,0,18,5,12,15,0,4,4,13,6,0",0.5333333333333333,0.5,0.5,0.0,0.0,0.0,0.5,0.5931222438812256
"4,23,7,3,18,0,6,2,10,7,1,15,7,4,22",0.5333333333333333,0.5,0.5,0.0,0.0,0.0,0.5,0.25774407386779785
"20,13,6,10,2,10,12,6,15,14,19,12,7,2,6",0.5333333333333333,0.5,0.5,0.0,0.0,0.0,0.5,0.24320077896118164
"1,4,23,7,3,18,0,6,2,10,7,1,15,7,4",0.5333333333333333,0.5,0.5,0.0,0.0,0.0,0.5,0.1980595588684082
"7,14,22,9,7,3,12,13,5,13,13,14,4,19,3",0.4666666666666667,0.5,0.5,0.4666666666666667,1.0,0.6363636363636364,0.5,0.26893091201782227
"6,6,9,3,6,14,12,14,2,9,20,17,3,6,23",0.5333333333333333,0.5,0.5,0.0,0.0,0.0,0.5,0.19349098205566406
"22,1,9,14,12,9,2,9,15,14,11,9,17,21,0",0.5333333333333333,0.5,0.5,0.0,0.0,0.0,0.5,0.24936938285827637
"17,1,23,17,6,3,2,13,13,19,1,18,18,11,6",0.5333333333333333,0.5,0.5,0.0,0.0,0.0,0.5,1.1708636283874512
"9,14,12,16,2,23,16,9,6,22,10,7,14,3,9",0.5333333333333333,0.5,0.5,0.0,0.0,0.0,0.5,0.31839966773986816
"2,22,8,23,2,17,12,8,15,6,18,13,11,1,11",0.5333333333333333,0.5,0.5,0.0,0.0,0.0,0.5,0.2758760452270508
"1,18,17,1,12,19,14,10,19,8,23,5,10,19,13",0.4666666666666667,0.5,0.5,0.4666666666666667,1.0,0.6363636363636364,0.5,0.41278553009033203
"17,5,2,19,3,7,8,8,7,0,12,2,15,16,12",0.4666666666666667,0.5,0.5,0.4666666666666667,1.0,0.6363636363636364,0.5,0.4285271167755127
"2,1,2,19,18,17,12,7,5,9,6,16,12,5,16",0.5333333333333333,0.5,0.5,0.0,0.0,0.0,0.5,0.7318558692932129
"6,14,19,10,20,3,17,13,1,6,23,13,4,12,18",0.4666666666666667,0.5,0.5,0.4666666666666667,1.0,0.6363636363636364,0.5,0.2933626174926758
"6,9,4,3,1,4,23,0,11,9,0,19,15,6,8",0.5333333333333333,0.5,0.5,0.0,0.0,0.0,0.5,0.23108792304992676
"22,0,16,19,10,3,13,21,7,13,8,6,20,4,6",0.5333333333333333,0.5,0.5,0.0,0.0,0.0,0.5,0.2980802059173584
"3,18,18,15,10,3,0,20,5,4,0,13,22,4,17",0.4666666666666667,0.5,0.5,0.4666666666666667,1.0,0.6363636363636364,0.5,0.43670201301574707
"8,7,3,3,17,22,17,18,14,13,10,7,17,23,5",0.4666666666666667,0.5,0.5,0.4666666666666667,1.0,0.6363636363636364,0.5,0.3729274272918701
"2,6,13,2,15,13,23,5,14,19,5,6,15,7,2",0.5333333333333333,0.5,0.5,0.0,0.0,0.0,0.5,0.2554759979248047
"22,15,20,8,8,12,11,2,8,17,3,6,4,12,19",0.5333333333333333,0.5,0.5,0.0,0.0,0.0,0.5,0.2678954601287842
"19,4,0,19,9,11,14,0,8,22,0,14,22,10,14",0.5333333333333333,0.5,0.5,0.0,0.0,0.0,0.5,1.0048458576202393
"7,6,23,6,15,0,2,21,8,6,4,8,15,7,2",0.5333333333333333,0.5,0.5,0.0,0.0,0.0,0.5,0.20349788665771484
"11,9,11,23,0,8,22,0,14,0,10,9,22,15,14",0.5333333333333333,0.5,0.5,0.0,0.0,0.0,0.5,0.26772499084472656
"4,15,17,2,6,13,6,5,14,19,9,5,17,7,14",0.5333333333333333,0.5,0.5,0.0,0.0,0.0,0.5,0.2765617370605469
"1,18,16,5,23,3,16,7,4,0,14,3,0,4,11",0.4666666666666667,0.5,0.5,0.4666666666666667,1.0,0.6363636363636364,0.5,0.3680129051208496
"1,0,7,5,7,23,17,9,23,13,7,16,13,10,13",0.5333333333333333,0.5,0.5,0.0,0.0,0.0,0.5,0.24070501327514648
"9,23,13,7,16,13,10,13,4,5,9,3,21,2,17",0.5333333333333333,0.5,0.5,0.0,0.0,0.0,0.5,0.23723053932189941
"2,22,16,3,22,2,7,8,18,14,14,15,1,1,20",0.4666666666666667,0.5,0.5,0.4666666666666667,1.0,0.6363636363636364,0.5,0.2715303897857666
"14,7,2,12,10,2,2,19,11,4,6,1,1,7,4",0.4666666666666667,0.5,0.5,0.4666666666666667,1.0,0.6363636363636364,0.5,0.2369551658630371
"11,10,21,8,6,7,10,3,0,9,15,4,10,15,6",0.5333333333333333,0.5,0.5,0.0,0.0,0.0,0.5,0.23957109451293945
"2,5,5,18,16,19,6,17,19,19,18,7,6,7,9",0.4666666666666667,0.5,0.5,0.4666666666666667,1.0,0.6363636363636364,0.5,1.7375493049621582
"8,20,10,20,5,6,4,16,1,4,8,9,7,5,15",0.5333333333333333,0.5,0.5,0.0,0.0,0.0,0.5,0.20138788223266602
"1,11,5,21,6,5,7,9,0,3,1,7,13,16,20",0.4666666666666667,0.5,0.5,0.4666666666666667,1.0,0.6363636363636364,0.5,0.2030940055847168
"9,5,14,0,8,2,2,8,22,16,9,0,23,15,6",0.5333333333333333,0.5,0.5,0.0,0.0,0.0,0.5,0.20026946067810059
"7,17,0,0,5,9,16,5,14,15,13,7,23,12,12",0.5333333333333333,0.5,0.5,0.0,0.0,0.0,0.5,0.2542085647583008
"1,18,18,4,9,8,0,9,5,9,18,6,8,22,5",0.5333333333333333,0.5,0.5,0.0,0.0,0.0,0.5,0.4246251583099365
"9,0,16,7,12,3,2,1,12,12,21,8,17,4,9",0.4666666666666667,0.5,0.5,0.4666666666666667,1.0,0.6363636363636364,0.5,0.21719789505004883
"22,12,23,6,7,22,11,1,22,1,13,0,19,2,7",0.5333333333333333,0.5,0.5,0.0,0.0,0.0,0.5,0.27294254302978516
"2,6,7,11,20,7,9,0,11,12,2,9,14,18,16",0.5333333333333333,0.5,0.5,0.0,0.0,0.0,0.5,0.2672762870788574
"0,3,16,0,11,8,9,14,18,13,20,17,10,9,17",0.5333333333333333,0.5,0.5,0.0,0.0,0.0,0.5,0.3140132427215576
"4,18,3,0,15,20,8,9,8,20,9,4,4,6,19",0.4666666666666667,0.5,0.5,0.4666666666666667,1.0,0.6363636363636364,0.5,0.3089165687561035
"3,1,22,2,11,16,4,11,18,9,9,5,8,20,7",0.5333333333333333,0.5,0.5,0.0,0.0,0.0,0.5,0.23882007598876953
"21,2,5,10,8,7,21,10,2,4,8,8,3,4,9",0.4666666666666667,0.5,0.5,0.4666666666666667,1.0,0.6363636363636364,0.5,0.26877355575561523
"17,19,12,11,8,20,10,20,5,6,4,16,1,4,8",0.4666666666666667,0.5,0.5,0.4666666666666667,1.0,0.6363636363636364,0.5,0.3937208652496338
"6,2,3,4,0,19,4,16,11,9,11,23,0,8,22",0.4666666666666667,0.5,0.5,0.4666666666666667,1.0,0.6363636363636364,0.5,0.4151580333709717
"8,2,7,8,22,14,20,9,21,9,7,2,8,1,9",0.5333333333333333,0.5,0.5,0.0,0.0,0.0,0.5,0.24668025970458984
"23,10,14,15,0,9,19,3,11,23,6,9,4,19,18",0.5333333333333333,0.5,0.5,0.0,0.0,0.0,0.5,0.49683260917663574
"0,7,19,15,10,6,9,22,0,11,7,5,9,7,21",0.5333333333333333,0.5,0.5,0.0,0.0,0.0,0.5,0.27270936965942383
"2,5,10,8,7,21,10,2,4,8,8,3,4,9,2",0.5333333333333333,0.5,0.5,0.0,0.0,0.0,0.5,0.21388840675354004
"20,10,2,14,22,10,21,14,3,10,15,12,3,18,11",0.5333333333333333,0.5,0.5,0.0,0.0,0.0,0.5,0.26872825622558594
"5,3,11,11,16,22,9,11,14,18,9,15,22,7,13",0.5333333333333333,0.5,0.5,0.0,0.0,0.0,0.5,0.2834181785583496
"13,6,2,8,9,6,16,2,1,12,18,13,23,14,9",0.4666666666666667,0.5,0.5,0.4666666666666667,1.0,0.6363636363636364,0.5,0.280059814453125
"2,7,8,22,14,20,9,21,9,7,2,8,1,9,2",0.5333333333333333,0.5,0.5,0.0,0.0,0.0,0.5,0.22858071327209473
"14,16,22,7,3,8,11,23,2,9,10,6,16,2,9",0.4666666666666667,0.5,0.5,0.4666666666666667,1.0,0.6363636363636364,0.5,0.27223873138427734
"4,23,8,0,17,17,6,22,3,5,16,12,10,0,4",0.5333333333333333,0.5,0.5,0.0,0.0,0.0,0.5,0.2559390068054199
"1,1,0,12,3,20,2,8,19,13,2,18,14,6,6",0.4666666666666667,0.5,0.5,0.4666666666666667,1.0,0.6363636363636364,0.5,0.22708439826965332
"22,7,4,14,10,14,17,21,14,0,15,8,12,0,15",0.4666666666666667,0.5,0.5,0.4666666666666667,1.0,0.6363636363636364,0.5,0.2890942096710205
"21,12,14,20,3,10,14,0,7,3,23,15,5,16,11",0.4666666666666667,0.5,0.5,0.4666666666666667,1.0,0.6363636363636364,0.5,0.2826828956604004
"20,3,8,0,14,9,8,19,0,7,16,18,0,19,2",0.5333333333333333,0.5,0.5,0.0,0.0,0.0,0.5,0.5195662975311279
"1,9,14,12,9,2,9,15,14,11,9,17,21,0,1",0.5333333333333333,0.5,0.5,0.0,0.0,0.0,0.5,0.23546838760375977
"10,12,6,15,14,19,12,7,2,6,7,11,20,7,9",0.5333333333333333,0.5,0.5,0.0,0.0,0.0,0.5,0.2717163562774658
"6,23,9,6,16,9,13,15,3,11,16,7,23,5,17",0.5333333333333333,0.5,0.5,0.0,0.0,0.0,0.5,0.24197006225585938
"17,7,8,8,12,10,0,0,2,1,9,13,2,12,23",0.4666666666666667,0.5,0.5,0.4666666666666667,1.0,0.6363636363636364,0.5,0.2738938331604004
"10,8,4,15,9,7,20,14,0,16,7,8,16,22,17",0.4666666666666667,0.5,0.5,0.4666666666666667,1.0,0.6363636363636364,0.5,0.2922089099884033
"18,9,9,13,20,6,2,11,12,0,22,1,4,4,9",0.5333333333333333,0.5,0.5,0.0,0.0,0.0,0.5,0.27017807960510254
"12,16,8,14,4,8,6,17,6,13,22,12,0,19,19",0.5333333333333333,0.5,0.5,0.0,0.0,0.0,0.5,0.8370559215545654
"6,1,16,8,14,8,21,0,12,3,14,16,4,13,11",0.5333333333333333,0.5,0.5,0.0,0.0,0.0,0.5,0.2836802005767822
"10,2,2,19,11,4,6,1,1,7,4,0,3,21,4",0.5333333333333333,0.5,0.5,0.0,0.0,0.0,0.5,0.2133326530456543
"21,3,0,8,5,6,19,18,19,1,17,9,10,21,8",0.5333333333333333,0.5,0.5,0.0,0.0,0.0,0.5,1.0918447971343994
"22,7,10,3,17,0,6,0,16,1,10,5,21,13,10",0.4666666666666667,0.5,0.5,0.4666666666666667,1.0,0.6363636363636364,0.5,0.26345324516296387
"3,5,0,1,16,11,3,14,20,13,11,3,3,6,11",0.5333333333333333,0.5,0.5,0.0,0.0,0.0,0.5,0.23360037803649902
"17,9,18,14,7,2,12,10,2,2,19,11,4,6,1",0.4666666666666667,0.5,0.5,0.4666666666666667,1.0,0.6363636363636364,0.5,0.27627062797546387
"18,17,12,7,5,9,6,16,12,5,16,11,6,3,2",0.5333333333333333,0.5,0.5,0.0,0.0,0.0,0.5,0.3641033172607422
"23,15,5,16,11,23,6,11,2,4,14,16,22,7,3",0.5333333333333333,0.5,0.5,0.0,0.0,0.0,0.5,0.29110217094421387
"4,2,15,20,3,11,1,16,1,11,8,2,16,15,6",0.4666666666666667,0.5,0.5,0.4666666666666667,1.0,0.6363636363636364,0.5,0.2486114501953125
"4,4,8,11,9,3,9,11,23,0,14,22,0,14,0",0.4666666666666667,0.5,0.5,0.4666666666666667,1.0,0.6363636363636364,0.5,0.19534707069396973
"0,21,7,3,9,20,15,4,10,23,5,13,4,1,18",0.5333333333333333,0.5,0.5,0.0,0.0,0.0,0.5,0.2555060386657715
"5,4,4,18,3,0,15,20,8,9,8,20,9,4,4",0.5333333333333333,0.5,0.5,0.0,0.0,0.0,0.5,0.2860994338989258
"16,15,1,2,19,9,6,3,12,9,12,12,7,5,18",0.5333333333333333,0.5,0.5,0.0,0.0,0.0,0.5,0.28916478157043457
"21,4,11,15,23,17,22,1,9,14,12,9,2,9,15",0.5333333333333333,0.5,0.5,0.0,0.0,0.0,0.5,0.30525994300842285
"4,21,8,3,2,2,22,8,23,2,17,12,8,15,6",0.5333333333333333,0.5,0.5,0.0,0.0,0.0,0.5,0.21151494979858398
"0,8,19,16,5,17,0,23,2,10,3,20,8,9,17",0.5333333333333333,0.5,0.5,0.0,0.0,0.0,0.5,0.30449342727661133
"0,16,0,10,20,15,7,7,5,15,12,6,22,11,18",0.5333333333333333,0.5,0.5,0.0,0.0,0.0,0.5,0.2841038703918457
"10,21,8,6,7,10,3,0,9,15,4,10,15,6,18",0.5333333333333333,0.5,0.5,0.0,0.0,0.0,0.5,0.25965285301208496
"23,10,21,9,12,0,11,18,15,5,23,11,16,0,14",0.5333333333333333,0.5,0.5,0.0,0.0,0.0,0.5,0.2790200710296631
"23,6,11,2,4,14,16,22,7,3,8,11,23,2,9",0.5333333333333333,0.5,0.5,0.0,0.0,0.0,0.5,0.2647857666015625
"5,4,16,11,9,11,17,9,10,11,0,6,9,22,3",0.5333333333333333,0.5,0.5,0.0,0.0,0.0,0.5,0.33722853660583496
"3,6,1,0,20,2,0,11,4,2,4,15,0,6,9",0.4666666666666667,0.5,0.5,0.4666666666666667,1.0,0.6363636363636364,0.5,0.15369033813476562
"7,10,6,0,17,23,5,5,13,18,18,15,16,13,15",0.5333333333333333,0.5,0.5,0.0,0.0,0.0,0.5,0.36849451065063477
"12,11,3,9,23,16,5,22,8,5,13,4,2,17,18",0.4666666666666667,0.5,0.5,0.4666666666666667,1.0,0.6363636363636364,0.5,0.2913074493408203
"0,20,3,6,3,15,14,16,8,7,1,13,7,9,10",0.4666666666666667,0.5,0.5,0.4666666666666667,1.0,0.6363636363636364,0.5,0.2884540557861328
"6,22,7,8,6,3,6,1,0,20,2,0,11,4,2",0.5333333333333333,0.5,0.5,0.0,0.0,0.0,0.5,0.15040016174316406
"22,4,17,4,18,9,0,0,19,5,2,9,4,8,0",0.5333333333333333,0.5,0.5,0.0,0.0,0.0,0.5,0.3172292709350586
"16,2,0,0,17,13,2,10,4,7,12,0,11,3,19",0.5333333333333333,0.5,0.5,0.0,0.0,0.0,0.5,0.24509501457214355
"2,1,15,10,4,0,17,7,20,14,15,13,0,2,9",0.4666666666666667,0.5,0.5,0.4666666666666667,1.0,0.6363636363636364,0.5,0.25965404510498047
"5,9,6,16,12,5,16,11,6,3,2,16,12,20,11",0.5333333333333333,0.5,0.5,0.0,0.0,0.0,0.5,0.19777941703796387
"8,6,3,6,1,0,20,2,0,11,4,2,4,15,0",0.5333333333333333,0.5,0.5,0.0,0.0,0.0,0.5,0.14305591583251953
"20,6,12,17,3,6,2,14,12,15,19,16,13,6,4",0.5333333333333333,0.5,0.5,0.0,0.0,0.0,0.5,0.30582404136657715
"10,6,17,23,5,16,1,14,4,16,0,9,0,8,11",0.5333333333333333,0.4,0.4984375,0.5,0.5,0.5,0.53125,0.371875524520874
"12,1,15,14,10,7,20,14,8,23,3,8,10,4,3",0.5,0.4,0.4984375,0.4827586206896552,1.0,0.6511627906976745,0.53125,0.23528313636779785
"23,5,16,1,14,2,16,0,9,0,8,11,8,9,17",0.5333333333333333,0.4,0.4984375,0.5,0.5,0.5,0.53125,0.3796560764312744
"19,15,19,6,9,7,14,0,3,6,8,0,15,2,9",0.4666666666666667,0.6,0.4982142857142857,0.42857142857142855,0.42857142857142855,0.42857142857142855,0.4642857142857143,0.41378068923950195
"12,0,13,7,11,8,4,5,10,14,16,2,22,1,3",0.43333333333333335,0.6,0.4982142857142857,0.4482758620689655,0.9285714285714286,0.6046511627906976,0.4642857142857143,0.25133228302001953
"10,19,5,15,17,9,19,8,14,16,21,17,11,12,5",0.4666666666666667,0.6,0.4982142857142857,0.42857142857142855,0.42857142857142855,0.42857142857142855,0.4642857142857143,0.3916192054748535
"5,10,5,12,17,0,6,5,3,22,16,5,5,0,14",0.4666666666666667,0.6,0.4982142857142857,0.42857142857142855,0.42857142857142855,0.42857142857142855,0.4642857142857143,0.22722434997558594
"16,12,17,6,19,5,15,0,6,7,14,17,15,6,20",0.4666666666666667,0.6,0.4982142857142857,0.42857142857142855,0.42857142857142855,0.42857142857142855,0.4642857142857143,0.3991572856903076
"13,3,5,0,1,16,11,3,14,20,13,11,3,3,6",0.5666666666666667,0.3,0.496875,0.5384615384615384,0.5,0.5185185185185185,0.5625,0.209075927734375
"2,4,3,3,9,11,23,0,8,22,17,14,21,10,9",0.4666666666666667,0.5,0.4966517857142857,0.4642857142857143,0.9285714285714286,0.6190476190476191,0.4955357142857143,0.2581021785736084
"3,22,2,7,8,18,14,14,15,1,1,20,14,2,5",0.4666666666666667,0.5,0.4966517857142857,0.4642857142857143,0.9285714285714286,0.6190476190476191,0.4955357142857143,0.2601320743560791
"9,13,15,3,11,16,7,23,5,17,18,11,9,4,0",0.4666666666666667,0.5,0.4966517857142857,0.4642857142857143,0.9285714285714286,0.6190476190476191,0.4955357142857143,0.2964184284210205
"18,10,15,14,18,9,0,5,4,8,2,14,0,22,6",0.4666666666666667,0.5,0.4966517857142857,0.4642857142857143,0.9285714285714286,0.6190476190476191,0.4955357142857143,0.293215274810791
"4,8,6,17,6,13,22,12,0,19,19,13,11,6,12",0.4666666666666667,0.5,0.4966517857142857,0.4642857142857143,0.9285714285714286,0.6190476190476191,0.4955357142857143,0.8296232223510742
"6,11,2,4,14,16,22,7,3,8,11,23,2,9,10",0.5,0.5,0.4966517857142857,0.46153846153846156,0.42857142857142855,0.4444444444444444,0.4955357142857143,0.25207948684692383
"9,22,15,14,9,1,0,1,2,0,16,9,13,8,14",0.4666666666666667,0.5,0.4966517857142857,0.4642857142857143,0.9285714285714286,0.6190476190476191,0.4955357142857143,0.21094560623168945
"14,5,4,4,18,3,0,15,20,8,9,8,20,9,4",0.4666666666666667,0.5,0.4966517857142857,0.4642857142857143,0.9285714285714286,0.6190476190476191,0.4955357142857143,0.26263976097106934
"13,15,3,11,16,7,23,5,17,18,11,9,4,0,10",0.4666666666666667,0.5,0.4966517857142857,0.4642857142857143,0.9285714285714286,0.6190476190476191,0.4955357142857143,0.3046755790710449
"12,17,3,6,2,14,12,15,19,16,13,6,4,2,16",0.4666666666666667,0.5,0.4966517857142857,0.4642857142857143,0.9285714285714286,0.6190476190476191,0.4955357142857143,0.31278300285339355
"16,9,15,2,2,10,0,19,2,4,4,19,6,18,14",0.5,0.5,0.4966517857142857,0.46153846153846156,0.42857142857142855,0.4444444444444444,0.4955357142857143,1.325134515762329
"1,1,20,10,2,14,22,10,21,14,3,10,15,12,3",0.4666666666666667,0.5,0.4966517857142857,0.4642857142857143,0.9285714285714286,0.6190476190476191,0.4955357142857143,0.21558904647827148
"11,11,16,22,9,11,14,18,9,15,22,7,13,15,13",0.5,0.5,0.4966517857142857,0.46153846153846156,0.42857142857142855,0.4444444444444444,0.4955357142857143,0.32894015312194824
"14,19,10,20,3,17,13,1,6,23,13,4,12,18,19",0.43333333333333335,0.7,0.49642857142857144,0.38461538461538464,0.35714285714285715,0.37037037037037035,0.4285714285714286,0.5158722400665283
"17,18,8,5,14,5,4,1,6,3,16,11,14,15,10",0.5,0.4,0.4950892857142857,0.48148148148148145,0.9285714285714286,0.6341463414634146,0.5267857142857143,0.37178635597229004
"6,16,12,5,16,11,6,3,2,16,12,20,11,10,21",0.5333333333333333,0.4,0.4950892857142857,0.5,0.42857142857142855,0.46153846153846156,0.5267857142857143,0.2713923454284668
"16,6,17,13,15,6,1,5,4,6,0,8,15,11,2",0.5333333333333333,0.4,0.4950892857142857,0.5,0.42857142857142855,0.46153846153846156,0.5267857142857143,0.25179433822631836
"10,2,10,12,6,15,14,19,12,7,2,6,7,11,20",0.5333333333333333,0.4,0.4950892857142857,0.5,0.42857142857142855,0.46153846153846156,0.5267857142857143,0.2717447280883789
"11,1,10,4,4,12,0,12,15,19,1,1,14,12,14",0.4666666666666667,0.6,0.4948660714285714,0.4166666666666667,0.35714285714285715,0.38461538461538464,0.4598214285714286,0.2867558002471924
"19,4,13,11,9,11,23,0,8,22,5,14,0,10,9",0.36666666666666664,0.8,0.49464285714285716,0.4074074074074074,0.7857142857142857,0.5365853658536586,0.39285714285714285,0.3816344738006592
"13,19,6,19,17,13,18,12,4,9,7,15,22,17,12",0.5666666666666667,0.3,0.4935267857142857,0.5454545454545454,0.42857142857142855,0.48,0.5580357142857143,1.0578420162200928
"4,0,19,13,16,6,9,11,4,5,8,8,0,11,0",0.5,0.5,0.49330357142857145,0.45454545454545453,0.35714285714285715,0.4,0.4910714285714286,0.3408632278442383
"4,12,18,19,8,16,12,1,9,8,21,2,11,22,15",0.5,0.5,0.49330357142857145,0.45454545454545453,0.35714285714285715,0.4,0.4910714285714286,0.5307786464691162
"7,21,13,15,18,12,4,21,4,11,15,23,17,22,1",0.5,0.5,0.49330357142857145,0.45454545454545453,0.35714285714285715,0.4,0.4910714285714286,0.30586910247802734
"7,4,22,12,3,14,8,17,6,1,10,12,2,13,14",0.5,0.5,0.49330357142857145,0.45454545454545453,0.35714285714285715,0.4,0.4910714285714286,0.2264995574951172
"12,11,11,8,11,15,16,1,8,8,10,6,5,15,2",0.4666666666666667,0.5,0.4933035714285714,0.46153846153846156,0.8571428571428571,0.6,0.49107142857142855,0.2613236904144287
"11,5,3,0,20,14,17,19,11,6,3,22,6,17,10",0.4666666666666667,0.5,0.4933035714285714,0.46153846153846156,0.8571428571428571,0.6,0.49107142857142855,0.3435192108154297
"19,7,4,14,15,0,17,12,7,2,19,19,14,12,13",0.4666666666666667,0.5,0.4933035714285714,0.46153846153846156,0.8571428571428571,0.6,0.49107142857142855,1.0571234226226807
"16,2,9,23,11,1,13,11,6,11,19,6,2,7,8",0.4666666666666667,0.5,0.4933035714285714,0.46153846153846156,0.8571428571428571,0.6,0.49107142857142855,0.3009765148162842
"4,8,3,12,4,1,19,8,18,19,3,16,11,23,1",0.4666666666666667,0.5,0.4933035714285714,0.46153846153846156,0.8571428571428571,0.6,0.49107142857142855,0.5778360366821289
"6,9,5,20,16,2,17,11,20,17,16,3,1,2,1",0.5,0.4,0.4917410714285715,0.48,0.8571428571428571,0.6153846153846154,0.5223214285714286,0.25394225120544434
"11,23,0,8,22,0,14,0,10,9,22,15,14,9,1",0.4666666666666667,0.6,0.4915178571428572,0.4,0.2857142857142857,0.3333333333333333,0.45535714285714285,0.22830533981323242
"15,14,11,13,0,13,18,5,6,9,9,13,12,17,15",0.4666666666666667,0.6,0.4915178571428572,0.4,0.2857142857142857,0.3333333333333333,0.45535714285714285,0.27402615547180176
"18,14,7,2,12,10,2,2,19,11,4,6,1,1,7",0.43333333333333335,0.6,0.4915178571428571,0.44,0.7857142857142857,0.5641025641025641,0.45535714285714285,0.2988300323486328
"21,14,12,19,6,1,1,13,1,18,8,16,1,18,16",0.43333333333333335,0.6,0.4915178571428571,0.44,0.7857142857142857,0.5641025641025641,0.45535714285714285,0.32859063148498535
"7,5,9,7,21,1,14,11,22,15,13,16,11,6,18",0.5,0.5,0.48995535714285715,0.4444444444444444,0.2857142857142857,0.34782608695652173,0.48660714285714285,0.24190616607666016
"17,1,13,14,7,6,23,10,2,2,5,11,4,11,2",0.4666666666666667,0.5,0.48995535714285715,0.4583333333333333,0.7857142857142857,0.5789473684210527,0.48660714285714285,0.28761935234069824
"16,4,3,11,21,11,14,2,8,22,17,14,21,10,9",0.5,0.5,0.48995535714285715,0.4444444444444444,0.2857142857142857,0.34782608695652173,0.48660714285714285,0.2986898422241211
"1,12,0,13,7,11,8,4,5,10,14,16,2,22,1",0.4666666666666667,0.5,0.48995535714285715,0.4583333333333333,0.7857142857142857,0.5789473684210527,0.48660714285714285,0.24039793014526367
"6,10,7,12,9,10,7,20,0,14,14,13,18,10,7",0.5,0.5,0.48995535714285715,0.4444444444444444,0.2857142857142857,0.34782608695652173,0.48660714285714285,0.27297163009643555
"12,4,21,4,11,15,23,17,22,1,9,14,12,9,2",0.4666666666666667,0.5,0.48995535714285715,0.4583333333333333,0.7857142857142857,0.5789473684210527,0.48660714285714285,0.2912588119506836
"12,1,9,8,21,2,11,22,15,20,8,3,17,13,9",0.4666666666666667,0.5,0.48995535714285715,0.4583333333333333,0.7857142857142857,0.5789473684210527,0.48660714285714285,0.2934377193450928
"6,18,18,6,1,17,14,7,8,20,0,3,16,0,11",0.4,0.7,0.48973214285714284,0.4166666666666667,0.7142857142857143,0.5263157894736842,0.41964285714285715,0.5344352722167969
"15,12,3,18,11,4,15,3,1,12,19,19,12,14,1",0.43333333333333335,0.7,0.48973214285714284,0.3333333333333333,0.21428571428571427,0.2608695652173913,0.41964285714285715,0.8643984794616699
"18,6,1,17,14,7,8,20,0,3,16,0,11,8,9",0.5,0.4,0.4883928571428571,0.4782608695652174,0.7857142857142857,0.5945945945945946,0.5178571428571428,0.3629574775695801
"6,19,17,6,9,0,16,7,12,3,2,1,12,12,21",0.5,0.4,0.4883928571428571,0.4782608695652174,0.7857142857142857,0.5945945945945946,0.5178571428571428,0.5383932590484619
"13,8,14,19,8,2,20,13,22,2,0,12,0,8,23",0.5,0.4,0.4883928571428571,0.4782608695652174,0.7857142857142857,0.5945945945945946,0.5178571428571428,0.28887295722961426
"19,16,5,17,0,23,2,10,3,20,8,9,17,6,10",0.5,0.4,0.4883928571428571,0.4782608695652174,0.7857142857142857,0.5945945945945946,0.5178571428571428,0.501633882522583
"19,11,2,20,15,0,17,12,7,0,19,9,14,12,13",0.5,0.4,0.4883928571428571,0.4782608695652174,0.7857142857142857,0.5945945945945946,0.5178571428571428,0.3941364288330078
"17,22,17,18,14,13,10,7,17,23,5,16,1,14,2",0.5333333333333333,0.4,0.4883928571428571,0.5,0.2857142857142857,0.36363636363636365,0.5178571428571428,0.5764870643615723
"16,15,22,4,10,13,10,4,11,2,2,19,12,15,14",0.4666666666666667,0.6,0.48816964285714287,0.375,0.21428571428571427,0.2727272727272727,0.45089285714285715,0.32570862770080566
"9,5,20,16,2,17,11,20,17,16,3,1,2,1,22",0.4666666666666667,0.6,0.48816964285714287,0.375,0.21428571428571427,0.2727272727272727,0.45089285714285715,0.2617928981781006
"22,11,9,12,8,13,17,14,17,11,1,10,2,2,15",0.43333333333333335,0.6,0.48816964285714287,0.43478260869565216,0.7142857142857143,0.5405405405405406,0.45089285714285715,0.2904963493347168
"14,5,4,1,6,3,16,11,14,15,10,23,1,10,10",0.43333333333333335,0.6,0.4881696428571428,0.43478260869565216,0.7142857142857143,0.5405405405405406,0.45089285714285715,0.2777884006500244
"2,15,1,3,10,0,7,6,15,8,12,4,12,22,14",0.4666666666666667,0.5,0.48660714285714285,0.45454545454545453,0.7142857142857143,0.5555555555555556,0.48214285714285715,0.3119075298309326
"18,11,18,16,15,1,2,19,9,6,3,12,9,12,12",0.4666666666666667,0.5,0.48660714285714285,0.45454545454545453,0.7142857142857143,0.5555555555555556,0.48214285714285715,0.3675508499145508
"5,20,16,11,13,9,8,13,21,14,12,19,6,1,1",0.4666666666666667,0.5,0.48660714285714285,0.45454545454545453,0.7142857142857143,0.5555555555555556,0.48214285714285715,0.3180370330810547
"0,16,7,22,14,10,13,10,23,11,2,2,19,12,15",0.5,0.5,0.48660714285714285,0.42857142857142855,0.21428571428571427,0.2857142857142857,0.48214285714285715,0.3091757297515869
"7,8,18,14,14,15,1,1,20,14,2,5,3,18,16",0.5,0.5,0.48660714285714285,0.42857142857142855,0.21428571428571427,0.2857142857142857,0.48214285714285715,0.3216423988342285
"13,9,8,8,2,8,11,10,0,5,0,21,4,0,13",0.4666666666666667,0.5,0.48660714285714285,0.45454545454545453,0.7142857142857143,0.5555555555555556,0.48214285714285715,0.271470308303833
"13,17,14,17,11,1,10,2,2,15,12,19,19,10,5",0.4666666666666667,0.5,0.48660714285714285,0.45454545454545453,0.7142857142857143,0.5555555555555556,0.48214285714285715,0.844761848449707
"11,0,14,16,9,0,11,15,7,11,7,18,1,0,2",0.5,0.5,0.4866071428571428,0.4285714285714285,0.2142857142857142,0.2857142857142857,0.4821428571428571,0.2746975421905517
"13,3,12,14,14,2,22,13,6,14,19,10,20,3,17",0.5,0.4,0.4850446428571429,0.47619047619047616,0.7142857142857143,0.5714285714285714,0.5133928571428572,0.2857029438018799
"0,12,1,15,14,10,7,20,14,8,23,3,8,10,4",0.5,0.4,0.4850446428571429,0.47619047619047616,0.7142857142857143,0.5714285714285714,0.5133928571428572,0.23033523559570312
"4,17,4,18,9,0,0,19,5,2,9,4,8,0,3",0.5333333333333333,0.4,0.48504464285714277,0.5,0.21428571428571427,0.3,0.5133928571428571,0.28365659713745117
"20,8,14,10,0,15,7,17,18,0,17,2,15,1,3",0.4666666666666667,0.6,0.48482142857142857,0.3333333333333333,0.14285714285714285,0.2,0.4464285714285714,0.3855412006378174
"4,0,19,3,16,11,14,11,23,15,8,22,0,4,9",0.4666666666666667,0.6,0.4848214285714285,0.3333333333333333,0.14285714285714285,0.2,0.4464285714285714,0.43514204025268555
"0,13,7,11,8,4,5,10,14,16,2,22,1,3,0",0.5666666666666667,0.3,0.4834821428571428,0.6,0.21428571428571427,0.3157894736842105,0.5446428571428571,0.2489762306213379
"6,16,9,13,15,3,11,16,7,23,5,17,18,11,9",0.5666666666666667,0.3,0.4834821428571428,0.6,0.21428571428571427,0.3157894736842105,0.5446428571428571,0.32639288902282715
"9,1,0,7,5,7,23,17,9,23,13,7,16,13,10",0.4666666666666667,0.5,0.4832589285714286,0.45,0.6428571428571429,0.5294117647058824,0.47767857142857145,0.2409827709197998
"19,4,19,2,9,13,23,0,7,13,8,17,15,1,0",0.4666666666666667,0.5,0.4832589285714286,0.45,0.6428571428571429,0.5294117647058824,0.47767857142857145,1.0672271251678467
"9,17,6,10,22,17,5,2,19,3,7,8,8,7,0",0.4666666666666667,0.5,0.4832589285714286,0.45,0.6428571428571429,0.5294117647058824,0.47767857142857145,0.3651609420776367
"1,1,13,1,18,8,16,1,18,16,5,23,3,16,7",0.5,0.5,0.48325892857142855,0.4,0.14285714285714285,0.21052631578947367,0.4776785714285714,0.3504929542541504
"22,16,3,22,2,7,8,18,14,14,15,1,1,20,14",0.5,0.5,0.48325892857142855,0.4,0.14285714285714285,0.21052631578947367,0.4776785714285714,0.2944023609161377
"0,4,11,16,5,18,6,1,16,8,14,8,21,0,12",0.5,0.5,0.48325892857142855,0.4,0.14285714285714285,0.21052631578947367,0.4776785714285714,0.2964611053466797
"11,0,11,12,16,13,8,21,10,8,11,0,10,7,22",0.5,0.5,0.4832589285714285,0.4,0.1428571428571428,0.2105263157894736,0.4776785714285714,0.2543027400970459
"6,0,16,1,10,5,21,13,10,1,7,4,8,9,15",0.5333333333333333,0.4,0.4816964285714286,0.5,0.14285714285714285,0.2222222222222222,0.5089285714285714,0.2845487594604492
"4,6,17,11,4,4,9,3,5,17,9,14,6,2,3",0.5,0.4,0.4816964285714286,0.47368421052631576,0.6428571428571429,0.5454545454545454,0.5089285714285714,0.22635102272033691
"14,22,10,21,14,3,10,15,12,3,18,11,4,15,3",0.5,0.4,0.4816964285714286,0.47368421052631576,0.6428571428571429,0.5454545454545454,0.5089285714285714,0.29585790634155273
"0,11,1,23,3,3,13,9,16,15,14,21,15,7,18",0.5333333333333333,0.4,0.4816964285714286,0.5,0.14285714285714285,0.2222222222222222,0.5089285714285714,0.2469921112060547
"2,0,18,0,13,0,9,16,10,15,14,3,11,8,18",0.43333333333333335,0.6,0.4814732142857143,0.42105263157894735,0.5714285714285714,0.48484848484848486,0.4419642857142857,0.2721266746520996
"19,11,4,9,15,0,17,12,7,11,19,6,14,12,13",0.43333333333333335,0.6,0.4814732142857143,0.42105263157894735,0.5714285714285714,0.48484848484848486,0.4419642857142857,0.43621182441711426
"18,5,12,15,0,4,4,13,6,0,2,20,11,5,17",0.5333333333333333,0.3,0.48013392857142856,0.5,0.6428571428571429,0.5625,0.5401785714285714,0.2554340362548828
"23,6,7,22,11,1,22,1,13,0,19,2,7,17,3",0.5,0.5,0.4799107142857143,0.3333333333333333,0.07142857142857142,0.11764705882352941,0.4732142857142857,0.26345133781433105
"15,14,20,10,4,14,21,17,12,2,0,4,15,6,18",0.5,0.5,0.4799107142857143,0.3333333333333333,0.07142857142857142,0.11764705882352941,0.4732142857142857,0.2954239845275879
"19,6,5,11,15,11,11,0,8,22,3,8,15,10,2",0.5,0.5,0.4799107142857143,0.3333333333333333,0.07142857142857142,0.11764705882352941,0.4732142857142857,0.3696022033691406
"22,9,16,17,13,5,14,14,21,16,15,4,5,6,6",0.5,0.5,0.4799107142857143,0.3333333333333333,0.07142857142857142,0.11764705882352941,0.4732142857142857,0.2651369571685791
"16,4,13,13,4,6,23,5,4,6,4,8,22,9,14",0.5,0.5,0.4799107142857143,0.3333333333333333,0.07142857142857142,0.11764705882352941,0.4732142857142857,0.23734736442565918
"13,6,10,2,10,12,6,15,14,19,12,7,2,6,7",0.5,0.5,0.4799107142857143,0.3333333333333333,0.07142857142857142,0.11764705882352941,0.4732142857142857,0.2589871883392334
"10,20,3,17,13,1,6,23,13,4,12,18,19,8,16",0.5,0.5,0.4799107142857143,0.3333333333333333,0.07142857142857142,0.11764705882352941,0.4732142857142857,0.4920077323913574
"4,0,10,12,4,9,16,23,4,16,2,5,19,16,16",0.4666666666666667,0.5,0.4799107142857143,0.4444444444444444,0.5714285714285714,0.5,0.4732142857142857,0.42595338821411133
"13,1,6,23,13,4,12,18,19,8,16,12,1,9,8",0.5,0.5,0.4799107142857143,0.3333333333333333,0.07142857142857142,0.11764705882352941,0.4732142857142857,0.5052664279937744
"13,2,18,14,6,6,22,7,8,6,3,6,1,0,20",0.5,0.5,0.4799107142857143,0.3333333333333333,0.07142857142857142,0.11764705882352941,0.4732142857142857,0.23243117332458496
"14,11,13,0,13,18,5,6,9,9,13,12,17,15,5",0.4666666666666667,0.5,0.4799107142857143,0.4444444444444444,0.5714285714285714,0.5,0.4732142857142857,0.26415276527404785
"16,6,13,4,15,6,9,5,4,0,5,8,15,11,0",0.5,0.4,0.4783482142857143,0.47058823529411764,0.5714285714285714,0.5161290322580645,0.5044642857142857,0.24597525596618652
"19,4,8,11,9,11,23,0,8,22,0,13,0,10,9",0.5333333333333333,0.4,0.4783482142857143,0.5,0.07142857142857142,0.125,0.5044642857142857,0.36632585525512695
"15,0,4,4,13,6,0,2,20,11,5,17,23,11,4",0.43333333333333335,0.6,0.478125,0.4117647058823529,0.5,0.45161290322580644,0.4375,0.21908950805664062
"16,5,13,13,13,6,23,5,4,6,4,10,2,9,8",0.43333333333333335,0.6,0.478125,0.4117647058823529,0.5,0.45161290322580644,0.4375,0.25154638290405273
"10,6,9,22,0,11,7,5,9,7,21,1,14,11,22",0.43333333333333335,0.6,0.478125,0.4117647058823529,0.5,0.45161290322580644,0.4375,0.22447538375854492
"7,5,7,23,17,9,23,13,7,16,13,10,13,4,5",0.5333333333333333,0.3,0.4767857142857143,0.5,0.5714285714285714,0.5333333333333333,0.5357142857142857,0.2439718246459961
"4,10,23,11,2,2,19,12,15,5,8,4,2,22,4",0.5,0.5,0.4765625,0.0,0.0,0.0,0.46875,0.2397613525390625
"4,14,10,14,17,21,14,0,15,8,12,0,15,21,10",0.5,0.5,0.4765625,0.0,0.0,0.0,0.46875,0.29721546173095703
"1,6,3,16,11,14,15,10,23,1,10,10,12,3,0",0.5,0.5,0.4765625,0.0,0.0,0.0,0.46875,0.25934433937072754
"3,4,0,17,4,23,11,9,16,13,0,13,22,5,14",0.5,0.5,0.4765625,0.0,0.0,0.0,0.46875,0.2634868621826172
"22,17,5,2,19,3,7,8,8,7,0,12,2,15,16",0.5,0.5,0.4765625,0.0,0.0,0.0,0.46875,0.4626474380493164
"11,1,22,1,13,0,19,2,7,17,3,16,1,9,16",0.4666666666666667,0.5,0.4765625,0.4375,0.5,0.4666666666666667,0.46875,0.2568197250366211
"1,2,19,9,6,3,12,9,12,12,7,5,18,17,5",0.5,0.5,0.4765625,0.0,0.0,0.0,0.46875,0.4102783203125
"19,2,19,7,14,14,1,17,22,2,5,16,12,6,5",0.4666666666666667,0.5,0.4765625,0.4375,0.5,0.4666666666666667,0.46875,1.2519793510437012
"3,6,2,14,12,15,19,16,13,6,4,2,16,4,12",0.5,0.5,0.4765625,0.0,0.0,0.0,0.46875,0.293656587600708
"13,15,8,7,20,9,13,7,8,0,16,11,10,13,20",0.5,0.5,0.4765625,0.0,0.0,0.0,0.46875,0.316601037979126
"5,19,2,15,13,13,21,7,13,0,17,22,1,8,12",0.5,0.5,0.4765625,0.0,0.0,0.0,0.46875,0.4201815128326416
"5,16,12,6,5,0,0,17,18,11,19,10,12,23,1",0.4666666666666667,0.5,0.4765625,0.4375,0.5,0.4666666666666667,0.46875,0.2848517894744873
"21,13,15,18,12,4,21,4,11,15,23,17,22,1,9",0.5,0.5,0.4765625,0.0,0.0,0.0,0.46875,0.3281848430633545
"0,17,7,20,14,15,13,0,2,9,14,12,16,2,23",0.5,0.5,0.4765625,0.0,0.0,0.0,0.46875,0.27726197242736816
"8,0,3,16,14,1,7,3,21,0,4,2,7,12,16",0.5,0.5,0.4765625,0.0,0.0,0.0,0.46875,0.24832773208618164
"18,11,23,13,3,5,0,1,16,11,3,14,20,13,11",0.4666666666666667,0.5,0.4765625,0.4375,0.5,0.4666666666666667,0.46875,0.2782754898071289
"12,3,0,22,14,5,2,20,16,14,17,4,6,10,19",0.5,0.5,0.4765625,0.0,0.0,0.0,0.46875,0.25403761863708496
"22,17,1,18,14,7,2,12,10,2,2,19,11,4,6",0.5,0.5,0.4765625,0.0,0.0,0.0,0.46875,0.38643503189086914
"9,6,16,9,13,15,3,11,16,7,23,5,17,18,11",0.5,0.5,0.4765625,0.0,0.0,0.0,0.46875,0.33568859100341797
"6,9,22,0,11,7,5,9,7,21,1,14,11,22,15",0.4666666666666667,0.5,0.4765625,0.4375,0.5,0.4666666666666667,0.46875,0.22417759895324707
"16,4,3,13,21,11,14,2,8,22,17,14,21,10,9",0.5,0.5,0.4765625,0.0,0.0,0.0,0.46875,0.30985260009765625
"7,8,18,14,14,6,1,1,20,14,2,5,5,18,16",0.4666666666666667,0.5,0.4765625,0.4375,0.5,0.4666666666666667,0.46875,0.26149773597717285
"5,1,0,21,1,1,0,12,3,20,2,8,19,13,2",0.5,0.5,0.4765625,0.0,0.0,0.0,0.46875,0.24276065826416016
"7,12,0,11,3,19,18,14,14,13,15,8,7,20,9",0.5,0.5,0.4765625,0.0,0.0,0.0,0.46875,0.5274193286895752
"19,16,5,10,5,12,17,0,6,5,3,22,16,5,5",0.4,0.7,0.4763392857142857,0.375,0.42857142857142855,0.4,0.4017857142857143,0.43268561363220215
"10,8,10,19,7,21,4,6,10,7,20,3,8,0,14",0.4,0.7,0.4763392857142857,0.375,0.42857142857142855,0.4,0.4017857142857143,0.22539782524108887
"8,15,4,12,6,12,4,7,20,5,1,3,7,3,13",0.5333333333333333,0.4,0.475,0.0,0.0,0.0,0.5,0.1907789707183838
"6,3,15,14,16,8,7,1,13,7,9,10,9,7,11",0.5333333333333333,0.4,0.475,0.0,0.0,0.0,0.5,0.30917882919311523
"16,14,3,11,21,11,14,2,8,22,17,14,21,10,9",0.43333333333333335,0.6,0.4747767857142857,0.4,0.42857142857142855,0.41379310344827586,0.4330357142857143,0.3072993755340576
"16,7,22,14,10,13,10,23,11,2,2,19,12,8,5",0.43333333333333335,0.6,0.4747767857142857,0.4,0.42857142857142855,0.41379310344827586,0.4330357142857143,0.3531315326690674
"8,13,17,14,17,11,1,10,2,2,15,12,19,19,10",0.5333333333333333,0.3,0.4734375,0.5,0.5,0.5,0.53125,0.8584926128387451
"3,17,22,17,18,14,13,10,7,17,23,5,16,1,14",0.43333333333333335,0.5,0.4732142857142857,0.4482758620689655,0.9285714285714286,0.6046511627906976,0.4642857142857143,0.5710735321044922
"6,3,2,16,12,20,11,10,21,3,16,2,18,3,6",0.43333333333333335,0.5,0.4732142857142857,0.4482758620689655,0.9285714285714286,0.6046511627906976,0.4642857142857143,0.28188014030456543
"7,4,0,14,3,0,4,11,16,5,18,6,1,16,8",0.4666666666666667,0.5,0.4732142857142857,0.42857142857142855,0.42857142857142855,0.42857142857142855,0.4642857142857143,0.2630190849304199
"14,3,6,12,1,18,7,16,12,0,10,1,8,5,7",0.4666666666666667,0.5,0.4732142857142857,0.42857142857142855,0.42857142857142855,0.42857142857142855,0.4642857142857143,0.2606644630432129
"14,1,19,18,17,11,17,9,23,1,10,22,4,11,4",0.43333333333333335,0.5,0.4732142857142857,0.4482758620689655,0.9285714285714286,0.6046511627906976,0.4642857142857143,0.6128642559051514
"1,13,7,9,10,9,7,11,15,13,21,2,6,6,6",0.43333333333333335,0.5,0.4732142857142857,0.4482758620689655,0.9285714285714286,0.6046511627906976,0.4642857142857143,0.25275516510009766
"2,9,14,18,16,12,17,6,19,5,15,0,6,7,14",0.43333333333333335,0.5,0.4732142857142857,0.4482758620689655,0.9285714285714286,0.6046511627906976,0.4642857142857143,0.3997528553009033
"11,7,5,9,7,21,1,14,11,22,15,13,16,11,6",0.43333333333333335,0.5,0.4732142857142857,0.4482758620689655,0.9285714285714286,0.6046511627906976,0.4642857142857143,0.2431943416595459
"12,18,1,17,13,5,5,11,9,22,12,16,8,14,4",0.4666666666666667,0.5,0.4732142857142857,0.42857142857142855,0.42857142857142855,0.42857142857142855,0.4642857142857143,0.3258051872253418
"0,17,23,5,5,13,18,18,15,16,13,15,6,15,12",0.4,0.7,0.47299107142857144,0.35714285714285715,0.35714285714285715,0.35714285714285715,0.3973214285714286,0.4152946472167969
"11,16,7,23,5,17,18,11,9,4,0,10,12,4,9",0.4,0.7,0.47299107142857144,0.35714285714285715,0.35714285714285715,0.35714285714285715,0.3973214285714286,0.31219959259033203
"13,6,14,19,10,20,3,17,13,1,6,23,13,4,12",0.5,0.4,0.4716517857142857,0.46153846153846156,0.42857142857142855,0.4444444444444444,0.4955357142857143,0.27083921432495117
"19,4,8,4,9,11,23,0,8,22,0,14,0,10,0",0.5,0.4,0.4716517857142857,0.46153846153846156,0.42857142857142855,0.4444444444444444,0.4955357142857143,0.34923648834228516
"1,15,10,4,0,17,7,20,14,15,13,0,2,9,14",0.5,0.4,0.4716517857142857,0.46153846153846156,0.42857142857142855,0.4444444444444444,0.4955357142857143,0.27068662643432617
"16,0,3,13,21,11,14,2,8,22,17,14,21,10,9",0.43333333333333335,0.6,0.4714285714285715,0.38461538461538464,0.35714285714285715,0.37037037037037035,0.4285714285714286,0.30792975425720215
"4,4,12,0,12,15,19,1,1,14,12,14,8,1,17",0.43333333333333335,0.6,0.4714285714285715,0.38461538461538464,0.35714285714285715,0.37037037037037035,0.4285714285714286,0.293626070022583
"14,9,1,0,1,2,0,16,9,13,8,14,19,8,2",0.43333333333333335,0.6,0.4714285714285714,0.38461538461538464,0.35714285714285715,0.37037037037037035,0.4285714285714286,0.26671290397644043
"10,2,1,15,10,4,0,17,7,20,14,15,13,0,2",0.5,0.3,0.4700892857142857,0.48148148148148145,0.9285714285714286,0.6341463414634146,0.5267857142857143,0.2020268440246582
"9,4,16,3,9,19,19,17,13,3,7,3,2,5,23",0.5333333333333333,0.3,0.4700892857142857,0.5,0.42857142857142855,0.46153846153846156,0.5267857142857143,1.1669867038726807
"1,13,0,19,2,7,17,3,16,1,9,16,10,7,16",0.43333333333333335,0.5,0.4698660714285714,0.4444444444444444,0.8571428571428571,0.5853658536585366,0.45982142857142855,0.28611063957214355
"3,9,0,7,3,22,3,15,20,11,5,3,0,20,14",0.43333333333333335,0.5,0.4698660714285714,0.4444444444444444,0.8571428571428571,0.5853658536585366,0.45982142857142855,0.19388628005981445
"11,3,9,23,16,5,22,8,5,13,4,2,17,18,19",0.43333333333333335,0.5,0.4698660714285714,0.4444444444444444,0.8571428571428571,0.5853658536585366,0.45982142857142855,0.5648736953735352
"5,4,6,17,11,4,4,9,3,5,17,9,14,6,2",0.36666666666666664,0.7,0.46964285714285714,0.4074074074074074,0.7857142857142857,0.5365853658536586,0.39285714285714285,0.27576375007629395
"19,11,4,20,15,20,17,12,7,0,19,9,14,12,13",0.4,0.7,0.46964285714285714,0.3333333333333333,0.2857142857142857,0.3076923076923077,0.39285714285714285,0.4156162738800049
"0,19,4,16,11,9,11,23,0,8,22,0,14,0,10",0.5,0.4,0.4683035714285715,0.45454545454545453,0.35714285714285715,0.4,0.4910714285714286,0.42267537117004395
"10,4,4,12,0,12,15,19,1,1,14,12,14,8,1",0.4666666666666667,0.4,0.4683035714285714,0.46153846153846156,0.8571428571428571,0.6,0.49107142857142855,0.2788863182067871
"20,0,14,14,13,18,10,7,7,10,21,1,11,10,10",0.4666666666666667,0.4,0.4683035714285714,0.46153846153846156,0.8571428571428571,0.6,0.49107142857142855,0.2973661422729492
"14,14,13,15,8,7,20,9,13,7,8,0,16,11,10",0.43333333333333335,0.6,0.4680803571428572,0.36363636363636365,0.2857142857142857,0.32,0.42410714285714285,0.31889963150024414
"8,10,0,9,15,21,14,8,17,19,9,19,7,3,23",0.4,0.6,0.4680803571428571,0.4230769230769231,0.7857142857142857,0.55,0.42410714285714285,0.3775966167449951
"17,19,11,6,3,22,6,17,10,13,19,6,19,17,13",0.4,0.6,0.4680803571428571,0.4230769230769231,0.7857142857142857,0.55,0.42410714285714285,1.2152745723724365
"14,15,13,0,2,9,14,12,16,2,23,16,9,6,22",0.43333333333333335,0.5,0.46651785714285715,0.44,0.7857142857142857,0.5641025641025641,0.45535714285714285,0.30729103088378906
"0,1,21,0,8,20,15,16,13,11,19,11,7,8,4",0.43333333333333335,0.5,0.46651785714285715,0.44,0.7857142857142857,0.5641025641025641,0.45535714285714285,0.26430249214172363
"10,22,4,11,4,3,6,0,11,1,23,3,3,13,9",0.43333333333333335,0.5,0.46651785714285715,0.44,0.7857142857142857,0.5641025641025641,0.45535714285714285,0.19159960746765137
"1,3,8,9,4,16,3,9,19,19,17,13,3,7,3",0.43333333333333335,0.5,0.46651785714285715,0.44,0.7857142857142857,0.5641025641025641,0.45535714285714285,1.0164306163787842
"16,1,15,22,8,0,3,16,14,1,7,3,21,0,4",0.4666666666666667,0.5,0.46651785714285715,0.4,0.2857142857142857,0.3333333333333333,0.45535714285714285,0.2552938461303711
"9,4,0,10,12,4,9,16,23,4,16,2,5,19,16",0.4666666666666667,0.5,0.46651785714285715,0.4,0.2857142857142857,0.3333333333333333,0.45535714285714285,0.39673423767089844
"14,2,5,5,18,16,19,6,17,19,19,18,7,6,7",0.4,0.7,0.46629464285714284,0.3,0.21428571428571427,0.25,0.38839285714285715,1.634195327758789
"10,4,0,17,7,20,14,15,13,0,2,9,14,12,16",0.4666666666666667,0.4,0.4649553571428572,0.4583333333333333,0.7857142857142857,0.5789473684210527,0.48660714285714285,0.23777461051940918
"22,2,7,8,18,14,14,15,1,1,20,14,2,5,5",0.4666666666666667,0.4,0.4649553571428572,0.4583333333333333,0.7857142857142857,0.5789473684210527,0.48660714285714285,0.2548642158508301
"10,0,3,14,7,4,21,4,0,12,1,15,14,10,7",0.4,0.6,0.4647321428571428,0.4166666666666667,0.7142857142857143,0.5263157894736842,0.41964285714285715,0.2241663932800293
"10,23,1,10,10,12,3,0,22,14,5,2,20,16,14",0.43333333333333335,0.6,0.4647321428571428,0.3333333333333333,0.21428571428571427,0.2608695652173913,0.41964285714285715,0.28417491912841797
"18,12,4,9,7,15,22,17,12,11,10,14,9,15,15",0.5,0.3,0.4633928571428571,0.4782608695652174,0.7857142857142857,0.5945945945945946,0.5178571428571428,0.3543221950531006
"5,9,16,5,14,15,13,7,23,12,12,17,3,10,2",0.5,0.3,0.4633928571428571,0.4782608695652174,0.7857142857142857,0.5945945945945946,0.5178571428571428,0.26019859313964844
"16,4,5,4,6,17,11,4,8,9,3,5,17,9,14",0.43333333333333335,0.5,0.46316964285714285,0.43478260869565216,0.7142857142857143,0.5405405405405406,0.45089285714285715,0.2547423839569092
"16,9,0,23,15,6,5,9,3,10,17,1,11,5,2",0.43333333333333335,0.5,0.46316964285714285,0.43478260869565216,0.7142857142857143,0.5405405405405406,0.45089285714285715,0.25738048553466797
"16,6,13,13,15,6,23,5,4,10,4,8,15,9,2",0.43333333333333335,0.5,0.46316964285714285,0.43478260869565216,0.7142857142857143,0.5405405405405406,0.45089285714285715,0.274979829788208
"0,8,22,0,14,0,10,9,22,15,14,9,1,0,1",0.4666666666666667,0.5,0.46316964285714285,0.375,0.21428571428571427,0.2727272727272727,0.45089285714285715,0.20552992820739746
"1,20,10,2,14,22,10,21,14,3,10,15,12,3,18",0.43333333333333335,0.5,0.46316964285714285,0.43478260869565216,0.7142857142857143,0.5405405405405406,0.45089285714285715,0.26583385467529297
"20,8,9,17,6,10,22,17,5,2,19,3,7,8,8",0.4666666666666667,0.5,0.46316964285714285,0.375,0.21428571428571427,0.2727272727272727,0.45089285714285715,0.3769819736480713
"16,16,18,16,9,18,3,15,23,6,7,20,15,15,9",0.4333333333333333,0.5,0.4631696428571428,0.4347826086956521,0.7142857142857143,0.5405405405405406,0.4508928571428571,0.3615164756774902
"18,0,7,5,5,15,2,16,9,15,2,2,10,0,19",0.36666666666666664,0.7,0.4629464285714286,0.391304347826087,0.6428571428571429,0.4864864864864865,0.38392857142857145,0.27533745765686035
"10,3,17,0,6,0,16,1,10,5,21,13,10,1,7",0.4,0.7,0.46294642857142854,0.25,0.14285714285714285,0.18181818181818182,0.3839285714285714,0.2236616611480713
"4,15,9,7,20,14,0,16,7,8,16,22,17,2,21",0.5,0.4,0.4616071428571429,0.42857142857142855,0.21428571428571427,0.2857142857142857,0.48214285714285715,0.3090329170227051
"9,1,0,1,2,0,16,9,13,8,14,19,8,2,20",0.5,0.4,0.4616071428571429,0.42857142857142855,0.21428571428571427,0.2857142857142857,0.48214285714285715,0.23344969749450684
"8,3,4,15,12,13,19,13,9,15,23,2,16,9,15",0.5,0.4,0.4616071428571429,0.42857142857142855,0.21428571428571427,0.2857142857142857,0.48214285714285715,0.30590152740478516
"1,10,10,12,3,0,22,14,5,2,20,16,14,17,4",0.5,0.4,0.4616071428571429,0.42857142857142855,0.21428571428571427,0.2857142857142857,0.48214285714285715,0.24192404747009277
"7,8,20,0,3,16,0,11,8,9,14,18,13,20,17",0.5,0.4,0.4616071428571429,0.42857142857142855,0.21428571428571427,0.2857142857142857,0.48214285714285715,0.2737865447998047
"15,22,8,0,3,16,14,1,7,3,21,0,4,2,7",0.4666666666666667,0.4,0.4616071428571429,0.45454545454545453,0.7142857142857143,0.5555555555555556,0.48214285714285715,0.2778620719909668
"6,17,11,4,4,9,3,5,17,9,14,6,2,3,4",0.4,0.6,0.4613839285714286,0.4090909090909091,0.6428571428571429,0.5,0.41517857142857145,0.25161099433898926
"16,6,9,13,15,6,5,5,4,6,4,8,15,11,2",0.4,0.6,0.4613839285714286,0.4090909090909091,0.6428571428571429,0.5,0.41517857142857145,0.25141358375549316
"16,0,20,3,6,3,15,14,16,8,7,1,13,7,9",0.4,0.6,0.4613839285714286,0.4090909090909091,0.6428571428571429,0.5,0.41517857142857145,0.28153061866760254
"12,10,2,2,19,11,4,6,1,1,7,4,0,3,21",0.4,0.6,0.4613839285714286,0.4090909090909091,0.6428571428571429,0.5,0.41517857142857145,0.23138666152954102
"16,1,14,2,16,0,9,0,8,11,8,9,17,12,20",0.5333333333333333,0.3,0.4600446428571428,0.5,0.21428571428571427,0.3,0.5133928571428571,0.29026174545288086
"4,0,12,1,15,14,10,7,20,14,8,23,3,8,10",0.43333333333333335,0.5,0.4598214285714286,0.42857142857142855,0.6428571428571429,0.5142857142857142,0.44642857142857145,0.22945547103881836
"0,11,7,5,9,7,21,1,14,11,22,15,13,16,11",0.4666666666666667,0.5,0.45982142857142855,0.3333333333333333,0.14285714285714285,0.2,0.4464285714285714,0.24048709869384766
"16,12,8,3,4,15,12,13,19,13,9,15,23,2,16",0.4666666666666667,0.5,0.45982142857142855,0.3333333333333333,0.14285714285714285,0.2,0.4464285714285714,0.33026647567749023
"7,20,14,15,13,0,2,9,14,12,16,2,23,16,9",0.4666666666666667,0.5,0.45982142857142855,0.3333333333333333,0.14285714285714285,0.2,0.4464285714285714,0.2948479652404785
"6,15,12,10,0,2,0,18,0,13,0,9,16,10,15",0.36666666666666664,0.7,0.4595982142857143,0.38095238095238093,0.5714285714285714,0.45714285714285713,0.3794642857142857,0.26349854469299316
"11,13,3,8,13,14,14,12,19,6,17,1,13,7,9",0.4666666666666667,0.4,0.4582589285714286,0.45,0.6428571428571429,0.5294117647058824,0.47767857142857145,0.38338232040405273
"21,4,0,12,1,15,14,10,7,20,14,8,23,3,8",0.4666666666666667,0.4,0.4582589285714286,0.45,0.6428571428571429,0.5294117647058824,0.47767857142857145,0.29453372955322266
"2,21,12,10,9,8,1,13,23,8,16,6,3,7,14",0.5,0.4,0.4582589285714286,0.4,0.14285714285714285,0.21052631578947367,0.4776785714285714,0.2894575595855713
"8,1,17,7,8,8,12,10,0,0,2,1,9,13,2",0.4666666666666667,0.4,0.4582589285714286,0.45,0.6428571428571429,0.5294117647058824,0.47767857142857145,0.1961379051208496
"4,16,3,9,19,19,17,13,3,7,3,2,5,23,1",0.4,0.6,0.4580357142857143,0.4,0.5714285714285714,0.47058823529411764,0.4107142857142857,1.2001636028289795
"23,13,3,5,0,1,16,11,3,14,20,13,11,3,3",0.4,0.6,0.4580357142857143,0.4,0.5714285714285714,0.47058823529411764,0.4107142857142857,0.24943065643310547
"14,12,14,8,1,17,7,8,8,12,10,0,0,2,1",0.5,0.3,0.45669642857142856,0.47368421052631576,0.6428571428571429,0.5454545454545454,0.5089285714285714,0.26607680320739746
"10,1,12,0,7,19,15,10,6,9,22,0,11,7,5",0.5,0.3,0.45669642857142856,0.47368421052631576,0.6428571428571429,0.5454545454545454,0.5089285714285714,0.26358485221862793
"4,0,19,7,16,21,9,11,2,7,8,16,0,17,0",0.43333333333333335,0.5,0.4564732142857143,0.42105263157894735,0.5714285714285714,0.48484848484848486,0.4419642857142857,0.38060832023620605
"10,21,9,12,0,11,18,15,5,23,11,16,0,14,14",0.4666666666666667,0.5,0.4564732142857143,0.25,0.07142857142857142,0.1111111111111111,0.4419642857142857,0.2829899787902832
"11,4,15,3,1,12,19,19,12,14,1,14,15,2,5",0.4666666666666667,0.4,0.4549107142857143,0.4444444444444444,0.5714285714285714,0.5,0.4732142857142857,0.8595237731933594
"13,7,21,13,15,18,12,4,21,4,11,15,23,17,22",0.5,0.4,0.4549107142857143,0.3333333333333333,0.07142857142857142,0.11764705882352941,0.4732142857142857,0.32386159896850586
"3,13,3,12,14,14,2,22,13,6,14,19,10,20,3",0.43333333333333335,0.6,0.4546875,0.0,0.0,0.0,0.40625,0.2646470069885254
"19,4,3,3,9,11,23,0,8,22,17,14,21,10,11",0.5,0.3,0.4533482142857143,0.47058823529411764,0.5714285714285714,0.5161290322580645,0.5044642857142857,0.4544703960418701
"0,8,15,4,2,15,20,3,11,1,16,1,11,8,2",0.4666666666666667,0.5,0.453125,0.0,0.0,0.0,0.4375,0.26541686058044434
"2,2,10,0,19,2,4,4,19,6,18,14,22,12,15",0.4666666666666667,0.5,0.453125,0.0,0.0,0.0,0.4375,1.300281286239624
"17,6,13,22,12,0,19,19,13,11,6,12,8,23,2",0.4666666666666667,0.5,0.453125,0.0,0.0,0.0,0.4375,0.8818612098693848
"0,7,3,22,3,15,20,11,5,3,0,20,14,17,19",0.43333333333333335,0.5,0.453125,0.4117647058823529,0.5,0.45161290322580644,0.4375,0.3348052501678467
"3,12,14,14,2,22,13,6,14,19,10,20,3,17,13",0.43333333333333335,0.5,0.453125,0.4117647058823529,0.5,0.45161290322580644,0.4375,0.26745080947875977
"11,6,3,2,16,12,20,11,10,21,3,16,2,18,3",0.43333333333333335,0.5,0.453125,0.4117647058823529,0.5,0.45161290322580644,0.4375,0.28719377517700195
"10,18,3,19,14,0,23,10,15,8,14,11,18,17,22",0.4666666666666667,0.5,0.453125,0.0,0.0,0.0,0.4375,0.6251583099365234
"5,17,9,14,6,2,3,4,0,19,4,16,11,9,11",0.4666666666666667,0.5,0.453125,0.0,0.0,0.0,0.4375,0.3027222156524658
"11,16,5,3,11,11,16,22,9,11,14,18,9,15,22",0.4666666666666667,0.5,0.453125,0.0,0.0,0.0,0.4375,0.2828505039215088
"17,19,14,7,19,3,4,15,2,14,17,13,15,7,19",0.5,0.4,0.4515625,0.0,0.0,0.0,0.46875,0.46138787269592285
"12,3,2,1,12,12,21,8,17,4,9,13,3,14,23",0.5,0.4,0.4515625,0.0,0.0,0.0,0.46875,0.22452974319458008
"11,20,7,9,0,11,12,2,9,14,18,16,12,17,6",0.4666666666666667,0.4,0.4515625,0.4375,0.5,0.4666666666666667,0.46875,0.3016831874847412
"17,15,15,14,11,13,0,13,18,5,6,9,9,13,12",0.4666666666666667,0.4,0.4515625,0.4375,0.5,0.4666666666666667,0.46875,0.30303287506103516
"23,11,1,2,22,3,12,12,9,2,0,16,17,15,19",0.5,0.4,0.4515625,0.0,0.0,0.0,0.46875,0.294583797454834
"7,10,3,17,0,14,14,16,1,10,17,21,13,7,9",0.5,0.4,0.4515625,0.0,0.0,0.0,0.46875,0.28722214698791504
"16,4,3,14,21,2,14,2,2,2,17,11,21,6,9",0.4,0.6,0.4513392857142857,0.375,0.42857142857142855,0.4,0.4017857142857143,0.2605869770050049
"4,6,19,13,16,11,9,11,23,6,8,8,0,14,0",0.4,0.6,0.4513392857142857,0.375,0.42857142857142855,0.4,0.4017857142857143,0.3686661720275879
"17,5,4,3,8,18,2,19,1,3,2,13,11,23,6",0.4,0.6,0.4513392857142857,0.375,0.42857142857142855,0.4,0.4017857142857143,0.626532793045044
"7,2,8,1,9,2,9,18,5,18,14,8,13,2,2",0.5333333333333333,0.3,0.45,0.0,0.0,0.0,0.5,0.34267330169677734
"15,13,0,2,9,14,12,16,2,23,16,9,6,22,10",0.5,0.3,0.45,0.4666666666666667,0.5,0.4827586206896552,0.5,0.30000972747802734
"12,9,4,4,5,6,8,10,8,6,11,6,4,6,18",0.43333333333333335,0.5,0.4497767857142857,0.4,0.42857142857142855,0.41379310344827586,0.4330357142857143,0.17577147483825684
"16,23,14,6,10,3,23,3,13,3,12,14,14,2,22",0.43333333333333335,0.5,0.4497767857142857,0.4,0.42857142857142855,0.41379310344827586,0.4330357142857143,0.27515602111816406
"19,4,3,11,9,11,23,0,8,22,17,14,0,10,9",0.43333333333333335,0.5,0.4497767857142857,0.4,0.42857142857142855,0.41379310344827586,0.4330357142857143,0.38806676864624023
"16,14,3,11,21,11,14,2,2,2,17,11,21,9,9",0.4666666666666667,0.4,0.4482142857142857,0.42857142857142855,0.42857142857142855,0.42857142857142855,0.4642857142857143,0.27831554412841797
"14,22,9,7,3,12,13,5,13,13,14,4,19,3,14",0.43333333333333335,0.4,0.4482142857142857,0.4482758620689655,0.9285714285714286,0.6046511627906976,0.4642857142857143,0.3071441650390625
"17,1,18,14,7,2,12,10,2,2,19,11,21,6,1",0.43333333333333335,0.4,0.4482142857142857,0.4482758620689655,0.9285714285714286,0.6046511627906976,0.4642857142857143,0.36559128761291504
"16,11,14,15,10,23,1,10,10,12,3,0,22,14,5",0.4666666666666667,0.4,0.4482142857142857,0.42857142857142855,0.42857142857142855,0.42857142857142855,0.4642857142857143,0.29422569274902344
"8,18,14,14,15,1,1,20,14,2,5,5,18,16,19",0.5,0.3,0.4466517857142857,0.46153846153846156,0.42857142857142855,0.4444444444444444,0.4955357142857143,0.3310883045196533
"5,13,18,18,15,16,13,15,6,15,12,10,0,2,0",0.43333333333333335,0.5,0.44642857142857145,0.38461538461538464,0.35714285714285715,0.37037037037037035,0.4285714285714286,0.35654520988464355
"19,16,19,13,14,3,6,12,1,18,7,16,12,0,10",0.43333333333333335,0.5,0.44642857142857145,0.38461538461538464,0.35714285714285715,0.37037037037037035,0.4285714285714286,0.536252498626709
"11,0,15,12,16,13,8,21,10,8,11,0,10,7,22",0.43333333333333335,0.5,0.44642857142857145,0.38461538461538464,0.35714285714285715,0.37037037037037035,0.4285714285714286,0.25345826148986816
"23,2,16,9,15,15,19,12,7,9,11,18,16,9,3",0.4,0.5,0.4464285714285714,0.42857142857142855,0.8571428571428571,0.5714285714285714,0.42857142857142855,0.4757118225097656
"1,10,2,2,15,12,19,19,10,5,20,16,11,13,9",0.4,0.5,0.4464285714285714,0.42857142857142855,0.8571428571428571,0.5714285714285714,0.42857142857142855,0.8402783870697021
"8,5,14,5,4,1,6,3,16,11,14,15,10,23,1",0.5333333333333333,0.2,0.4450892857142857,0.5,0.42857142857142855,0.46153846153846156,0.5267857142857143,0.23084139823913574
"12,12,9,2,0,16,17,15,19,8,12,16,4,5,20",0.4666666666666667,0.4,0.4448660714285715,0.4166666666666667,0.35714285714285715,0.38461538461538464,0.4598214285714286,0.28162431716918945
"12,3,19,19,18,9,18,11,18,16,15,1,2,19,9",0.4666666666666667,0.4,0.4448660714285715,0.4166666666666667,0.35714285714285715,0.38461538461538464,0.4598214285714286,1.2826826572418213
"11,8,4,5,10,14,16,2,22,1,3,0,4,10,13",0.43333333333333335,0.4,0.4448660714285714,0.4444444444444444,0.8571428571428571,0.5853658536585366,0.45982142857142855,0.23777484893798828
"22,5,17,17,0,3,9,1,5,15,2,22,15,2,2",0.43333333333333335,0.4,0.4448660714285714,0.4444444444444444,0.8571428571428571,0.5853658536585366,0.45982142857142855,0.2910299301147461
"15,12,19,19,10,5,20,16,11,13,9,8,13,21,14",0.43333333333333335,0.4,0.4448660714285714,0.4444444444444444,0.8571428571428571,0.5853658536585366,0.45982142857142855,0.879746675491333
"15,22,7,13,15,13,9,2,2,0,5,17,2,11,13",0.4,0.6,0.4446428571428571,0.3333333333333333,0.2857142857142857,0.3076923076923077,0.39285714285714285,0.29450249671936035
"5,14,15,13,7,23,12,12,17,3,10,2,10,8,4",0.5,0.3,0.44330357142857146,0.45454545454545453,0.35714285714285715,0.4,0.4910714285714286,0.2844393253326416
"2,19,7,14,14,1,17,22,2,5,16,12,6,5,0",0.4666666666666667,0.3,0.4433035714285714,0.46153846153846156,0.8571428571428571,0.6,0.49107142857142855,0.40090441703796387
"15,11,14,15,2,14,19,16,17,14,20,4,8,0,12",0.4666666666666667,0.3,0.4433035714285714,0.4615384615384615,0.8571428571428571,0.6,0.4910714285714285,0.3343214988708496
"10,2,14,22,10,21,14,3,10,15,12,3,18,11,4",0.4666666666666667,0.3,0.4433035714285714,0.46153846153846156,0.8571428571428571,0.6,0.49107142857142855,0.25197744369506836
"16,14,13,13,15,3,23,2,4,6,5,8,15,11,9",0.43333333333333335,0.5,0.44308035714285715,0.36363636363636365,0.2857142857142857,0.32,0.42410714285714285,0.2749462127685547
"16,21,7,14,16,15,15,3,20,17,5,4,4,15,6",0.4,0.5,0.44308035714285715,0.4230769230769231,0.7857142857142857,0.55,0.42410714285714285,0.27799558639526367
"6,9,0,21,7,3,9,20,15,4,10,23,5,13,4",0.4,0.5,0.44308035714285715,0.4230769230769231,0.7857142857142857,0.55,0.42410714285714285,0.20093822479248047
"19,11,4,20,16,0,17,12,7,0,19,9,14,12,13",0.36666666666666664,0.7,0.44285714285714284,0.2727272727272727,0.21428571428571427,0.24,0.35714285714285715,0.39519834518432617
"11,1,2,22,3,12,12,9,2,0,16,17,15,19,8",0.43333333333333335,0.4,0.4415178571428572,0.44,0.7857142857142857,0.5641025641025641,0.45535714285714285,0.27625489234924316
"8,15,4,12,2,1,1,19,9,8,4,1,16,5,10",0.43333333333333335,0.4,0.4415178571428572,0.44,0.7857142857142857,0.5641025641025641,0.45535714285714285,0.22410941123962402
"6,10,2,10,12,6,15,14,19,12,7,2,6,7,11",0.4666666666666667,0.4,0.4415178571428572,0.4,0.2857142857142857,0.3333333333333333,0.45535714285714285,0.2599649429321289
"11,14,18,9,15,22,7,13,15,13,9,2,2,0,5",0.4,0.6,0.4412946428571428,0.3,0.21428571428571427,0.25,0.38839285714285715,0.27185916900634766
"10,3,23,3,13,3,12,14,14,2,22,13,6,14,19",0.5,0.3,0.43995535714285716,0.4444444444444444,0.2857142857142857,0.34782608695652173,0.48660714285714285,0.27000975608825684
"9,0,11,12,2,9,14,18,16,12,17,6,19,5,15",0.4,0.5,0.43973214285714285,0.4166666666666667,0.7142857142857143,0.5263157894736842,0.41964285714285715,0.4013996124267578
"5,4,0,17,5,5,19,1,19,1,17,9,10,21,11",0.43333333333333335,0.5,0.43973214285714285,0.3333333333333333,0.21428571428571427,0.2608695652173913,0.41964285714285715,1.385612964630127
"15,21,14,8,17,19,9,19,7,3,23,3,5,8,2",0.43333333333333335,0.5,0.43973214285714285,0.3333333333333333,0.21428571428571427,0.2608695652173913,0.41964285714285715,0.3632187843322754
"16,10,1,22,2,17,19,12,11,8,20,10,20,5,6",0.43333333333333335,0.5,0.43973214285714285,0.3333333333333333,0.21428571428571427,0.2608695652173913,0.41964285714285715,0.36902737617492676
"19,12,7,9,11,18,16,9,3,16,0,22,12,16,21",0.43333333333333335,0.5,0.43973214285714285,0.3333333333333333,0.21428571428571427,0.2608695652173913,0.41964285714285715,0.42728710174560547
"16,6,11,12,6,17,16,22,9,15,20,5,4,4,8",0.43333333333333335,0.5,0.43973214285714285,0.3333333333333333,0.21428571428571427,0.2608695652173913,0.41964285714285715,0.27283358573913574
"7,4,3,17,0,6,0,16,8,10,5,21,13,10,1",0.4,0.5,0.43973214285714285,0.4166666666666667,0.7142857142857143,0.5263157894736842,0.41964285714285715,0.23641514778137207
"3,5,4,12,5,2,12,9,12,6,9,11,22,5,15",0.43333333333333335,0.5,0.43973214285714285,0.3333333333333333,0.21428571428571427,0.2608695652173913,0.41964285714285715,0.1968998908996582
"19,12,11,8,20,10,20,5,6,4,16,1,4,8,9",0.43333333333333335,0.4,0.4381696428571429,0.43478260869565216,0.7142857142857143,0.5405405405405406,0.45089285714285715,0.375394344329834
"10,5,20,16,11,13,9,8,13,21,14,12,19,6,1",0.43333333333333335,0.4,0.4381696428571429,0.43478260869565216,0.7142857142857143,0.5405405405405406,0.45089285714285715,0.313185453414917
"14,3,0,4,11,16,5,18,6,1,16,8,14,8,21",0.36666666666666664,0.6,0.4379464285714286,0.391304347826087,0.6428571428571429,0.4864864864864865,0.38392857142857145,0.3049283027648926
"17,12,3,15,8,17,6,12,15,13,3,11,12,5,20",0.36666666666666664,0.6,0.4379464285714286,0.391304347826087,0.6428571428571429,0.4864864864864865,0.38392857142857145,0.2978487014770508
"19,4,19,4,9,11,23,0,8,22,8,14,0,10,0",0.5666666666666667,0.1,0.4368303571428571,0.5714285714285714,0.2857142857142857,0.38095238095238093,0.5491071428571428,1.0020852088928223
"17,18,14,13,10,7,17,23,5,16,1,14,2,16,0",0.5,0.3,0.43660714285714286,0.42857142857142855,0.21428571428571427,0.2857142857142857,0.48214285714285715,0.5054144859313965
"8,2,5,6,9,5,20,16,2,17,11,20,17,16,3",0.5,0.3,0.43660714285714286,0.42857142857142855,0.21428571428571427,0.2857142857142857,0.48214285714285715,0.255352258682251
"0,15,7,17,18,0,17,2,15,1,3,10,0,7,6",0.4,0.5,0.4363839285714286,0.4090909090909091,0.6428571428571429,0.5,0.41517857142857145,0.3755197525024414
"18,13,7,21,13,15,18,12,4,21,4,11,15,23,17",0.43333333333333335,0.5,0.43638392857142855,0.2857142857142857,0.14285714285714285,0.19047619047619047,0.4151785714285714,0.38928818702697754
"4,4,14,0,4,8,3,12,4,1,19,8,18,19,3",0.43333333333333335,0.4,0.4348214285714286,0.42857142857142855,0.6428571428571429,0.5142857142857142,0.44642857142857145,0.4765617847442627
"16,22,9,11,14,18,9,15,22,7,13,15,13,9,2",0.43333333333333335,0.4,0.4348214285714286,0.42857142857142855,0.6428571428571429,0.5142857142857142,0.44642857142857145,0.3209693431854248
"7,12,9,10,7,20,0,14,14,13,18,10,7,7,10",0.4666666666666667,0.4,0.4348214285714286,0.3333333333333333,0.14285714285714285,0.2,0.4464285714285714,0.29570746421813965
"16,6,3,7,14,23,10,21,14,8,6,23,9,17,19",0.4,0.6,0.4345982142857143,0.16666666666666666,0.07142857142857142,0.1,0.3794642857142857,0.3674025535583496
"9,16,23,4,16,2,5,19,16,16,1,3,8,13,18",0.4,0.6,0.4345982142857143,0.16666666666666666,0.07142857142857142,0.1,0.3794642857142857,0.5071532726287842
"0,18,5,12,15,0,4,4,13,6,0,2,20,11,5",0.36666666666666664,0.6,0.4345982142857143,0.38095238095238093,0.5714285714285714,0.45714285714285713,0.3794642857142857,0.24754691123962402
"19,4,8,11,9,11,23,0,8,22,14,14,15,10,0",0.5,0.3,0.43325892857142856,0.4,0.14285714285714285,0.21052631578947367,0.4776785714285714,0.3717513084411621
"14,13,18,10,7,7,10,21,1,11,10,10,16,16,17",0.5,0.3,0.43325892857142856,0.4,0.14285714285714285,0.21052631578947367,0.4776785714285714,0.32821035385131836
"12,14,8,1,17,7,8,8,12,10,0,0,2,1,9",0.4,0.5,0.4330357142857143,0.4,0.5714285714285714,0.47058823529411764,0.4107142857142857,0.2130117416381836
"12,7,14,22,9,7,3,12,13,5,13,13,14,4,19",0.4,0.5,0.4330357142857143,0.4,0.5714285714285714,0.47058823529411764,0.4107142857142857,0.28169703483581543
"15,12,8,18,13,16,15,17,6,18,2,17,8,2,5",0.43333333333333335,0.5,0.4330357142857143,0.2,0.07142857142857142,0.10526315789473684,0.4107142857142857,0.38018226623535156
"19,15,12,8,18,13,16,15,17,6,18,2,17,8,2",0.43333333333333335,0.5,0.4330357142857143,0.2,0.07142857142857142,0.10526315789473684,0.4107142857142857,0.5720221996307373
"17,13,18,12,4,9,7,15,22,17,12,11,10,14,9",0.5,0.2,0.43169642857142854,0.47368421052631576,0.6428571428571429,0.5454545454545454,0.5089285714285714,0.3227725028991699
"19,13,14,3,6,12,1,18,7,16,12,0,10,1,8",0.43333333333333335,0.4,0.4314732142857143,0.42105263157894735,0.5714285714285714,0.48484848484848486,0.4419642857142857,0.38651537895202637
"18,16,15,1,2,19,9,6,3,12,9,12,12,7,5",0.36666666666666664,0.6,0.43125,0.3684210526315789,0.5,0.42424242424242425,0.375,0.35143232345581055
"19,4,18,11,9,11,1,0,8,22,2,14,0,10,9",0.36666666666666664,0.6,0.43125,0.3684210526315789,0.5,0.42424242424242425,0.375,0.6777572631835938
"5,16,11,6,3,2,16,12,20,11,10,21,3,16,2",0.36666666666666664,0.6,0.43125,0.3684210526315789,0.5,0.42424242424242425,0.375,0.2544240951538086
"11,13,9,8,9,21,14,12,19,6,1,1,13,1,18",0.36666666666666664,0.6,0.43125,0.3684210526315789,0.5,0.42424242424242425,0.375,0.3126068115234375
"17,17,0,3,9,1,5,15,2,22,15,2,2,19,12",0.4,0.5,0.4296875,0.3888888888888889,0.5,0.4375,0.40625,0.3100852966308594
"16,7,22,3,10,13,14,23,11,15,2,19,12,15,9",0.4,0.5,0.4296875,0.3888888888888889,0.5,0.4375,0.40625,0.3288567066192627
"23,8,7,8,15,0,0,12,14,17,9,15,5,10,14",0.43333333333333335,0.5,0.4296875,0.0,0.0,0.0,0.40625,0.2665238380432129
"14,14,2,22,13,6,14,19,10,20,3,17,13,1,6",0.43333333333333335,0.4,0.428125,0.4117647058823529,0.5,0.45161290322580644,0.4375,0.28205204010009766
"13,1,18,8,16,1,18,16,5,23,3,16,7,4,0",0.43333333333333335,0.4,0.428125,0.4117647058823529,0.5,0.45161290322580644,0.4375,0.3534386157989502
"19,4,19,3,9,11,14,0,10,15,8,0,15,10,9",0.36666666666666664,0.6,0.4279017857142857,0.35294117647058826,0.42857142857142855,0.3870967741935484,0.3705357142857143,1.0354559421539307
"19,4,0,11,9,11,14,0,8,22,14,14,0,10,9",0.4666666666666667,0.3,0.4265625,0.4375,0.5,0.4666666666666667,0.46875,0.3645598888397217
"4,5,10,14,16,2,22,1,3,0,4,10,13,20,15",0.4,0.5,0.4263392857142857,0.375,0.42857142857142855,0.4,0.4017857142857143,0.2434368133544922
"19,4,19,3,9,11,14,0,8,22,8,14,15,10,9",0.4,0.5,0.4263392857142857,0.375,0.42857142857142855,0.4,0.4017857142857143,1.0517988204956055
"8,14,0,17,17,6,9,4,3,1,4,23,0,11,9",0.43333333333333335,0.4,0.4247767857142857,0.4,0.42857142857142855,0.41379310344827586,0.4330357142857143,0.2650139331817627
"10,7,20,0,14,14,13,18,10,7,7,10,21,1,11",0.43333333333333335,0.4,0.4247767857142857,0.4,0.42857142857142855,0.41379310344827586,0.4330357142857143,0.28182053565979004
"15,3,1,12,19,19,12,14,1,14,15,2,5,20,4",0.4666666666666667,0.3,0.4232142857142857,0.42857142857142855,0.42857142857142855,0.42857142857142855,0.4642857142857143,0.979743480682373
"16,15,3,4,6,14,14,4,4,9,17,5,17,7,9",0.3333333333333333,0.7,0.42276785714285714,0.2857142857142857,0.2857142857142857,0.2857142857142857,0.33035714285714285,0.26731419563293457
"8,14,19,8,2,20,13,22,2,0,12,0,8,23,0",0.5,0.2,0.4216517857142857,0.46153846153846156,0.42857142857142855,0.4444444444444444,0.4955357142857143,0.2597651481628418
"13,8,4,10,3,15,20,12,11,11,8,11,15,16,1",0.43333333333333335,0.4,0.4214285714285715,0.38461538461538464,0.35714285714285715,0.37037037037037035,0.4285714285714286,0.28328633308410645
"16,23,4,16,2,5,19,16,16,1,3,8,13,18,2",0.43333333333333335,0.4,0.4214285714285715,0.38461538461538464,0.35714285714285715,0.37037037037037035,0.4285714285714286,0.48982667922973633
"9,23,1,10,22,4,11,4,3,6,0,11,1,23,3",0.43333333333333335,0.4,0.4214285714285715,0.38461538461538464,0.35714285714285715,0.37037037037037035,0.4285714285714286,0.19752740859985352
"18,9,15,22,7,13,15,13,9,2,2,0,5,17,2",0.4666666666666667,0.3,0.41986607142857146,0.4166666666666667,0.35714285714285715,0.38461538461538464,0.4598214285714286,0.28293871879577637
"19,6,1,1,13,1,18,8,16,1,18,16,5,23,3",0.36666666666666664,0.5,0.41964285714285715,0.4074074074074074,0.7857142857142857,0.5365853658536586,0.39285714285714285,0.4500436782836914
"4,3,1,4,23,0,11,9,0,19,15,6,8,21,5",0.4,0.5,0.41964285714285715,0.3333333333333333,0.2857142857142857,0.3076923076923077,0.39285714285714285,0.22807002067565918
"15,2,2,19,12,22,1,16,2,8,18,18,15,8,8",0.43333333333333335,0.4,0.4180803571428572,0.36363636363636365,0.2857142857142857,0.32,0.42410714285714285,0.4053502082824707
"9,16,5,14,15,13,7,23,12,12,17,3,10,2,10",0.43333333333333335,0.4,0.4180803571428572,0.36363636363636365,0.2857142857142857,0.32,0.42410714285714285,0.2783501148223877
"12,9,10,7,20,0,14,14,13,18,10,7,7,10,21",0.43333333333333335,0.4,0.4180803571428572,0.36363636363636365,0.2857142857142857,0.32,0.42410714285714285,0.27982115745544434
"4,19,10,10,17,17,1,23,17,6,3,2,13,13,19",0.43333333333333335,0.4,0.4180803571428572,0.36363636363636365,0.2857142857142857,0.32,0.42410714285714285,0.7989912033081055
"17,0,3,9,1,5,15,2,22,15,2,2,19,12,22",0.4,0.5,0.41629464285714285,0.3,0.21428571428571427,0.25,0.38839285714285715,0.28767848014831543
"3,0,4,11,16,5,18,6,1,16,8,14,8,21,0",0.4,0.5,0.41629464285714285,0.3,0.21428571428571427,0.25,0.38839285714285715,0.2973060607910156
"5,14,0,8,2,10,8,22,16,9,0,23,15,6,5",0.43333333333333335,0.4,0.4147321428571429,0.3333333333333333,0.21428571428571427,0.2608695652173913,0.41964285714285715,0.28903627395629883
"10,13,10,23,11,2,2,19,12,15,5,8,4,2,22",0.4,0.4,0.4147321428571429,0.4166666666666667,0.7142857142857143,0.5263157894736842,0.41964285714285715,0.2800726890563965
"12,18,19,8,16,12,1,9,8,21,2,11,22,15,20",0.43333333333333335,0.4,0.4147321428571429,0.3333333333333333,0.21428571428571427,0.2608695652173913,0.41964285714285715,0.5541083812713623
"16,4,13,11,16,5,3,11,11,16,22,9,11,14,18",0.36666666666666664,0.6,0.4145089285714285,0.2222222222222222,0.14285714285714285,0.17391304347826086,0.3526785714285714,0.3098266124725342
"14,2,22,13,6,14,19,10,20,3,17,13,1,6,23",0.4,0.5,0.41294642857142855,0.25,0.14285714285714285,0.18181818181818182,0.3839285714285714,0.2806215286254883
"1,6,23,13,4,12,18,19,8,16,12,1,9,8,21",0.43333333333333335,0.4,0.4113839285714286,0.2857142857142857,0.14285714285714285,0.19047619047619047,0.4151785714285714,0.5273094177246094
"14,7,8,20,0,3,16,0,11,8,9,14,18,13,20",0.43333333333333335,0.4,0.4113839285714286,0.2857142857142857,0.14285714285714285,0.19047619047619047,0.4151785714285714,0.3105194568634033
"19,0,10,18,3,19,14,0,23,10,15,8,14,11,18",0.4,0.5,0.4095982142857143,0.16666666666666666,0.07142857142857142,0.1,0.3794642857142857,0.7227444648742676
"3,17,0,6,0,16,1,10,5,21,13,10,1,7,4",0.4,0.5,0.4095982142857143,0.16666666666666666,0.07142857142857142,0.1,0.3794642857142857,0.2474222183227539
"22,1,3,0,4,10,13,20,15,10,3,14,21,15,8",0.36666666666666664,0.5,0.4095982142857143,0.38095238095238093,0.5714285714285714,0.45714285714285713,0.3794642857142857,0.280498743057251
"6,5,0,0,17,18,11,19,10,12,23,1,6,3,0",0.4,0.5,0.4095982142857143,0.16666666666666666,0.07142857142857142,0.1,0.3794642857142857,0.3228631019592285
"19,6,19,17,13,18,12,4,9,7,15,22,17,12,11",0.4666666666666667,0.2,0.4082589285714286,0.45,0.6428571428571429,0.5294117647058824,0.47767857142857145,1.2010090351104736
"4,15,3,1,12,19,19,12,14,1,14,15,2,5,20",0.43333333333333335,0.3,0.4064732142857143,0.42105263157894735,0.5714285714285714,0.48484848484848486,0.4419642857142857,0.861677885055542
"19,17,3,9,6,6,9,1,0,7,5,7,23,17,9",0.4,0.5,0.40625,0.0,0.0,0.0,0.375,0.5184004306793213
"15,19,1,1,14,12,14,8,1,17,7,8,8,12,10",0.36666666666666664,0.5,0.40625,0.3684210526315789,0.5,0.42424242424242425,0.375,0.309798002243042
"20,11,1,3,6,20,12,5,13,20,3,8,4,8,11",0.4,0.5,0.40625,0.0,0.0,0.0,0.375,0.2095940113067627
"19,4,8,11,9,11,14,12,8,22,14,14,0,10,9",0.4666666666666667,0.2,0.4049107142857143,0.4444444444444444,0.5714285714285714,0.5,0.4732142857142857,0.3931307792663574
"4,10,3,15,20,12,11,11,8,11,15,16,1,8,8",0.3333333333333333,0.6,0.4044642857142857,0.3333333333333333,0.42857142857142855,0.375,0.3392857142857143,0.2880570888519287
"14,12,19,6,1,1,13,1,18,8,16,1,18,16,5",0.43333333333333335,0.3,0.403125,0.4117647058823529,0.5,0.45161290322580644,0.4375,0.32000160217285156
"5,16,13,6,16,18,13,3,14,7,4,14,11,10,9",0.4333333333333333,0.3,0.403125,0.4117647058823529,0.5,0.4516129032258064,0.4375,0.299919843673706
"5,6,9,17,8,5,5,1,4,6,18,16,0,16,11",0.5,0.2,0.4015625,0.0,0.0,0.0,0.46875,0.22036075592041016
"3,12,12,9,2,0,16,17,15,19,8,12,16,4,5",0.43333333333333335,0.3,0.3997767857142857,0.4,0.42857142857142855,0.41379310344827586,0.4330357142857143,0.2690563201904297
"19,14,4,3,15,0,17,12,7,15,19,0,14,12,13",0.43333333333333335,0.3,0.3997767857142857,0.4,0.42857142857142855,0.41379310344827586,0.4330357142857143,0.4441211223602295
"0,6,0,16,1,10,5,21,13,10,1,7,4,8,9",0.4,0.4,0.3979910714285715,0.35714285714285715,0.35714285714285715,0.35714285714285715,0.3973214285714286,0.2756340503692627
"18,8,5,14,5,4,1,6,3,16,11,14,15,10,23",0.3333333333333333,0.6,0.3977678571428572,0.2857142857142857,0.2857142857142857,0.2857142857142857,0.33035714285714285,0.2940664291381836
"10,7,12,9,10,7,20,0,14,14,13,18,10,7,7",0.43333333333333335,0.3,0.39642857142857146,0.38461538461538464,0.35714285714285715,0.37037037037037035,0.4285714285714286,0.3304915428161621
"9,1,5,15,2,22,15,2,2,19,12,22,1,16,2",0.4666666666666667,0.2,0.39486607142857144,0.4166666666666667,0.35714285714285715,0.38461538461538464,0.4598214285714286,0.264751672744751
"17,7,20,14,15,13,0,2,9,14,12,16,2,23,16",0.4,0.4,0.3946428571428572,0.3333333333333333,0.2857142857142857,0.3076923076923077,0.39285714285714285,0.34929966926574707
"9,11,14,18,9,15,22,7,13,15,13,9,2,2,0",0.4,0.4,0.3946428571428572,0.3333333333333333,0.2857142857142857,0.3076923076923077,0.39285714285714285,0.27890682220458984
"18,10,5,17,3,13,19,2,2,9,14,4,12,20,17",0.3333333333333333,0.6,0.39441964285714287,0.25,0.21428571428571427,0.23076923076923078,0.32589285714285715,0.3033926486968994
"0,12,8,20,3,7,1,5,1,3,8,9,4,16,3",0.43333333333333335,0.3,0.39308035714285716,0.36363636363636365,0.2857142857142857,0.32,0.42410714285714285,0.19042062759399414
"14,0,17,17,6,9,4,3,1,4,23,0,11,9,0",0.36666666666666664,0.4,0.3912946428571429,0.4,0.7142857142857143,0.5128205128205128,0.38839285714285715,0.2435314655303955
"10,19,13,17,23,13,10,16,8,13,20,17,14,9,4",0.36666666666666664,0.4,0.3912946428571429,0.4,0.7142857142857143,0.5128205128205128,0.38839285714285715,0.3169710636138916
"8,3,2,2,22,8,23,2,17,12,8,15,6,18,13",0.3333333333333333,0.5,0.3895089285714286,0.375,0.6428571428571429,0.47368421052631576,0.35267857142857145,0.2637159824371338
"16,1,5,4,7,17,11,4,4,9,3,11,4,9,1",0.3333333333333333,0.5,0.3895089285714286,0.375,0.6428571428571429,0.47368421052631576,0.35267857142857145,0.2693021297454834
"0,8,1,9,3,4,2,18,4,15,16,7,17,13,15",0.43333333333333335,0.2,0.38816964285714284,0.43478260869565216,0.7142857142857143,0.5405405405405406,0.45089285714285715,0.2741382122039795
"6,12,1,18,7,16,12,0,10,1,8,5,7,4,7",0.43333333333333335,0.2,0.38816964285714284,0.43478260869565216,0.7142857142857143,0.5405405405405406,0.45089285714285715,0.2524566650390625
"14,9,4,4,14,0,4,8,3,12,4,1,19,8,18",0.4,0.3,0.3863839285714286,0.4090909090909091,0.6428571428571429,0.5,0.41517857142857145,0.23339438438415527
"4,8,3,13,17,14,14,5,14,5,17,1,6,7,9",0.43333333333333335,0.2,0.3848214285714286,0.42857142857142855,0.6428571428571429,0.5142857142857142,0.44642857142857145,0.25884008407592773
"16,12,5,16,11,6,3,2,16,12,20,11,10,21,3",0.36666666666666664,0.4,0.3845982142857143,0.38095238095238093,0.5714285714285714,0.45714285714285713,0.3794642857142857,0.2789003849029541
"15,14,10,7,20,14,8,23,3,8,10,4,3,20,8",0.3333333333333333,0.5,0.3828125,0.35,0.5,0.4117647058823529,0.34375,0.29779934883117676
"18,17,5,4,3,8,18,2,19,1,3,2,13,11,23",0.43333333333333335,0.2,0.378125,0.4117647058823529,0.5,0.45161290322580644,0.4375,0.7649703025817871
"10,7,7,10,21,1,11,10,10,16,16,17,7,7,1",0.36666666666666664,0.4,0.3779017857142857,0.35294117647058826,0.42857142857142855,0.3870967741935484,0.3705357142857143,0.31786680221557617
"19,17,13,18,12,4,9,7,15,22,17,12,11,10,14",0.43333333333333335,0.2,0.37142857142857144,0.38461538461538464,0.35714285714285715,0.37037037037037035,0.4285714285714286,0.5713365077972412
"4,0,14,3,0,4,11,16,5,18,6,1,16,8,14",0.4,0.3,0.35625,0.0,0.0,0.0,0.375,0.28141069412231445
"0,12,10,9,18,18,8,5,7,2,18,2,2,3,11",0.36666666666666664,0.3,0.3529017857142857,0.35294117647058826,0.42857142857142855,0.3870967741935484,0.3705357142857143,0.33302736282348633
"12,8,13,17,14,17,11,1,10,2,2,15,12,19,19",0.3,0.5,0.34933035714285715,0.26666666666666666,0.2857142857142857,0.27586206896551724,0.29910714285714285,0.8534810543060303
"4,17,6,10,7,12,9,10,7,20,0,14,14,13,18",0.43333333333333335,0.1,0.3464285714285715,0.38461538461538464,0.35714285714285715,0.37037037037037035,0.4285714285714286,0.2851729393005371
"0,0,5,19,2,15,15,18,6,3,4,10,22,16,5",0.3333333333333333,0.4,0.3377232142857143,0.125,0.07142857142857142,0.09090909090909091,0.3169642857142857,0.4043731689453125
"16,1,16,0,20,3,6,3,15,14,16,8,7,1,13",0.3,0.4,0.33102678571428573,0.3157894736842105,0.42857142857142855,0.36363636363636365,0.3080357142857143,0.26953697204589844
