encoding,test accuracy,training accuracy,combined accuracy,test precision,test recall,test fscore,test auc,training time
"19,0,14,11,9,11,11,0,8,22,3,14,0,10,9",0.7666666666666667,0.9,0.8075892857142857,0.6842105263157895,0.9285714285714286,0.7878787878787878,0.7767857142857143,0.40428972244262695
"19,0,14,11,9,11,11,0,8,22,3,14,0,23,9",0.7,0.9,0.7573660714285714,0.631578947368421,0.8571428571428571,0.7272727272727273,0.7098214285714286,0.3967776298522949
"4,4,19,4,16,11,9,11,8,0,8,22,0,12,0",0.6666666666666666,0.9,0.7205357142857143,0.6666666666666666,0.5714285714285714,0.6153846153846154,0.6607142857142857,0.4141998291015625
"19,0,16,11,9,20,11,0,8,22,0,14,0,10,9",0.6333333333333333,0.9,0.7104910714285715,0.5714285714285714,0.8571428571428571,0.6857142857142857,0.6473214285714286,0.4330606460571289
"19,0,16,11,9,11,11,0,8,22,0,14,0,10,9",0.6333333333333333,0.9,0.7071428571428571,0.5789473684210527,0.7857142857142857,0.6666666666666666,0.6428571428571428,0.4454929828643799
"19,4,16,11,9,11,23,0,8,22,0,14,0,10,9",0.6333333333333333,0.9,0.7004464285714286,0.6,0.6428571428571429,0.6206896551724138,0.6339285714285714,0.47733569145202637
"16,5,14,15,13,7,23,12,12,17,3,10,2,10,8",0.6333333333333333,0.8,0.6854910714285715,0.5714285714285714,0.8571428571428571,0.6857142857142857,0.6473214285714286,0.3227100372314453
"3,4,0,19,4,16,11,9,11,23,0,8,22,0,14",0.6333333333333333,0.8,0.6854910714285715,0.5714285714285714,0.8571428571428571,0.6857142857142857,0.6473214285714286,0.4236104488372803
"19,0,16,11,9,11,11,0,8,22,0,14,0,23,9",0.6,0.9,0.6837053571428571,0.55,0.7857142857142857,0.6470588235294118,0.6116071428571428,0.4444901943206787
"19,4,14,11,9,11,11,0,8,22,3,14,0,10,9",0.6333333333333333,0.8,0.678794642857143,0.5882352941176471,0.7142857142857143,0.6451612903225806,0.6383928571428572,0.4129502773284912
"19,0,14,11,9,11,11,12,8,22,3,14,0,10,9",0.6,0.9,0.6770089285714286,0.5625,0.6428571428571429,0.6,0.6026785714285714,0.3964560031890869
"19,0,16,11,9,11,11,0,8,22,0,14,0,10,7",0.6666666666666666,0.7,0.6638392857142856,0.75,0.42857142857142855,0.5454545454545454,0.6517857142857143,0.43778443336486816
"19,4,16,11,9,11,11,12,8,22,0,14,0,10,9",0.5666666666666667,0.9,0.6636160714285715,0.5217391304347826,0.8571428571428571,0.6486486486486487,0.5848214285714286,0.4532482624053955
"4,0,19,4,16,11,9,11,23,0,8,22,0,14,0",0.6,0.9,0.6636160714285715,0.625,0.35714285714285715,0.45454545454545453,0.5848214285714286,0.4325840473175049
"19,6,14,11,9,11,11,0,8,22,3,14,0,10,9",0.6333333333333333,0.7,0.6537946428571428,0.5882352941176471,0.7142857142857143,0.6451612903225806,0.6383928571428572,0.39966607093811035
"4,4,18,3,0,15,20,8,9,8,20,9,4,4,6",0.6333333333333333,0.7,0.6537946428571428,0.5882352941176471,0.7142857142857143,0.6451612903225806,0.6383928571428572,0.31015777587890625
"6,4,16,8,21,2,16,2,6,13,23,5,3,8,4",0.7333333333333333,0.4,0.6524553571428571,0.6875,0.7857142857142857,0.7333333333333333,0.7366071428571428,0.2650532722473144
"17,14,7,8,20,0,3,16,0,11,8,9,14,18,13",0.6,0.8,0.6520089285714286,0.5625,0.6428571428571429,0.6,0.6026785714285714,0.2978830337524414
"19,4,16,11,9,11,11,0,8,8,0,14,0,10,9",0.5666666666666667,0.9,0.6502232142857143,0.5333333333333333,0.5714285714285714,0.5517241379310345,0.5669642857142857,0.44450974464416504
"10,16,8,13,20,17,14,9,4,4,14,0,4,8,3",0.6333333333333333,0.7,0.6470982142857142,0.6153846153846154,0.5714285714285714,0.5925925925925926,0.6294642857142857,0.25368475914001465
"0,13,22,4,17,4,18,9,0,0,19,5,2,9,4",0.5666666666666667,0.8,0.6453125,0.5185185185185185,1.0,0.6829268292682927,0.59375,0.2537546157836914
"18,14,6,6,22,7,8,6,3,6,1,0,20,2,0",0.6,0.7,0.6404017857142856,0.5416666666666666,0.9285714285714286,0.6842105263157895,0.6205357142857143,0.27117228507995605
"19,4,5,11,9,11,11,0,8,22,3,14,0,10,9",0.5666666666666667,0.8,0.6386160714285715,0.5217391304347826,0.8571428571428571,0.6486486486486487,0.5848214285714286,0.3791618347167969
"13,10,23,11,2,2,19,12,15,5,8,4,2,22,4",0.6,0.8,0.6352678571428572,0.6666666666666666,0.2857142857142857,0.4,0.5803571428571428,0.29928040504455566
"19,0,16,11,9,11,11,12,8,22,0,14,0,10,9",0.5666666666666667,0.8,0.6352678571428572,0.5238095238095238,0.7857142857142857,0.6285714285714286,0.5803571428571428,0.44156336784362793
"19,4,16,11,9,11,11,0,8,22,0,14,0,10,9",0.5,1.0,0.6316964285714286,0.47368421052631576,0.6428571428571429,0.5454545454545454,0.5089285714285714,0.43461084365844727
"18,5,6,9,9,13,12,17,15,5,11,12,17,21,12",0.6666666666666666,0.5,0.6305803571428571,0.6111111111111112,0.7857142857142857,0.6875,0.6741071428571428,0.3247199058532715
"19,0,16,8,9,11,11,0,8,22,0,14,0,23,9",0.6,0.7,0.6303571428571428,0.5555555555555556,0.7142857142857143,0.625,0.6071428571428572,0.4438798427581787
"0,11,4,2,4,15,0,6,9,18,0,8,19,16,5",0.5333333333333333,0.9,0.6301339285714286,0.5,0.6428571428571429,0.5625,0.5401785714285714,0.2366325855255127
"17,14,5,6,4,18,3,0,15,20,8,9,8,20,9",0.6,0.7,0.6270089285714285,0.5625,0.6428571428571429,0.6,0.6026785714285714,0.2859232425689697
"17,14,5,4,4,18,3,0,15,20,8,9,8,20,9",0.6,0.7,0.6270089285714285,0.5625,0.6428571428571429,0.6,0.6026785714285714,0.3027925491333008
"5,7,23,17,9,23,13,7,16,13,10,13,4,5,9",0.6666666666666666,0.5,0.6238839285714286,0.6428571428571429,0.6428571428571429,0.6428571428571429,0.6651785714285714,0.2852623462677002
"4,4,14,11,16,11,9,11,8,0,3,22,0,12,9",0.6666666666666666,0.5,0.6238839285714286,0.6428571428571429,0.6428571428571429,0.6428571428571429,0.6651785714285714,0.3133678436279297
"4,0,19,16,16,23,9,11,18,11,8,4,0,10,0",0.6333333333333333,0.6,0.6220982142857143,0.6153846153846154,0.5714285714285714,0.5925925925925926,0.6294642857142857,0.4353621006011963
"0,13,16,4,17,11,11,9,0,0,0,5,2,10,9",0.5666666666666667,0.8,0.621875,0.5384615384615384,0.5,0.5185185185185185,0.5625,0.21390795707702637
"19,14,10,19,8,23,5,10,19,13,17,23,13,10,16",0.6,0.7,0.6203125,0.5833333333333334,0.5,0.5384615384615384,0.59375,0.453263521194458
"16,7,22,14,10,13,10,23,11,2,2,19,12,15,5",0.6333333333333333,0.6,0.61875,0.6363636363636364,0.5,0.56,0.625,0.35509657859802246
"7,8,18,14,14,15,1,1,20,14,2,5,5,18,16",0.6,0.6,0.61875,0.5384615384615384,1.0,0.7,0.625,0.441697359085083
"19,4,16,11,9,11,11,12,8,5,0,14,0,10,9",0.5666666666666667,0.8,0.6185267857142858,0.5454545454545454,0.42857142857142855,0.48,0.5580357142857143,0.42989563941955566
"4,0,19,4,16,11,9,11,23,0,8,22,0,12,0",0.5666666666666667,0.8,0.6185267857142858,0.5454545454545454,0.42857142857142855,0.48,0.5580357142857143,0.44632506370544434
"18,18,15,10,3,0,20,5,4,0,13,22,4,17,4",0.5666666666666667,0.7,0.6169642857142856,0.52,0.9285714285714286,0.6666666666666666,0.5892857142857143,0.4199216365814209
"15,2,2,10,0,19,2,4,4,19,6,18,14,22,12",0.6,0.7,0.6169642857142856,0.6,0.42857142857142855,0.5,0.5892857142857143,1.300386905670166
"19,0,16,6,9,7,11,0,3,6,0,0,0,2,9",0.6,0.7,0.6169642857142856,0.6,0.42857142857142855,0.5,0.5892857142857143,0.3876035213470459
"15,14,9,4,0,1,9,0,16,0,13,8,14,19,0",0.6333333333333333,0.6,0.6154017857142857,0.6666666666666666,0.42857142857142855,0.5217391304347826,0.6205357142857143,0.2508659362792969
"12,8,3,4,15,12,13,19,13,9,15,23,2,16,9",0.6,0.6,0.6154017857142857,0.5416666666666666,0.9285714285714286,0.6842105263157895,0.6205357142857143,0.3119833469390869
"12,13,19,13,9,15,23,2,16,9,15,15,19,12,7",0.6,0.7,0.6136160714285714,0.625,0.35714285714285715,0.45454545454545453,0.5848214285714286,0.3466830253601074
"17,15,5,11,12,17,21,12,14,20,3,10,14,0,7",0.6,0.6,0.6120535714285714,0.5454545454545454,0.8571428571428571,0.6666666666666666,0.6160714285714286,0.2863783836364746
"17,5,19,2,15,13,13,21,7,13,0,17,22,1,8",0.5666666666666667,0.7,0.610267857142857,0.5238095238095238,0.7857142857142857,0.6285714285714286,0.5803571428571428,0.45305323600769043
"11,3,19,18,14,14,13,15,8,7,20,9,13,7,8",0.6333333333333333,0.6,0.6087053571428571,0.8,0.2857142857142857,0.42105263157894735,0.6116071428571428,0.5553133487701416
"4,0,23,11,16,11,9,11,8,22,8,14,0,12,0",0.5333333333333333,0.8,0.608482142857143,0.5,0.7142857142857143,0.5882352941176471,0.5446428571428572,0.24848723411560059
"9,15,2,2,10,0,19,2,4,4,19,6,18,14,22",0.5666666666666667,0.7,0.6069196428571428,0.5263157894736842,0.7142857142857143,0.6060606060606061,0.5758928571428572,1.2793047428131104
"15,0,6,9,18,0,8,19,16,5,17,0,23,2,10",0.5666666666666667,0.7,0.6069196428571428,0.5263157894736842,0.7142857142857143,0.6060606060606061,0.5758928571428572,0.297468900680542
"11,4,4,9,3,5,17,9,14,6,2,3,4,0,19",0.6,0.6,0.6053571428571429,0.5555555555555556,0.7142857142857143,0.625,0.6071428571428572,0.2240281105041504
"10,4,7,12,0,11,3,19,18,14,14,13,15,8,7",0.5333333333333333,0.8,0.6051339285714286,0.5,0.6428571428571429,0.5625,0.5401785714285714,0.5314595699310303
"19,4,16,11,21,11,11,0,8,22,0,14,0,10,9",0.5666666666666667,0.8,0.6051339285714286,0.6666666666666666,0.14285714285714285,0.23529411764705882,0.5401785714285714,0.4362361431121826
"4,4,16,11,16,11,11,11,8,0,0,22,0,10,9",0.6333333333333333,0.5,0.6037946428571429,0.5882352941176471,0.7142857142857143,0.6451612903225806,0.6383928571428572,0.2648756504058838
"19,0,16,11,9,11,11,0,8,0,0,22,0,12,9",0.5666666666666667,0.7,0.6035714285714285,0.5294117647058824,0.6428571428571429,0.5806451612903226,0.5714285714285714,0.43279314041137695
"15,14,9,1,0,1,2,0,16,9,13,8,14,19,8",0.5666666666666667,0.7,0.6035714285714285,0.5294117647058824,0.6428571428571429,0.5806451612903226,0.5714285714285714,0.2984893321990967
"19,12,11,3,9,23,16,5,22,8,5,13,4,2,17",0.6,0.7,0.6035714285714285,1.0,0.14285714285714285,0.25,0.5714285714285714,0.44319915771484375
"16,4,16,11,9,11,10,23,11,2,0,19,12,9,5",0.5666666666666667,0.7,0.6035714285714285,0.5294117647058824,0.6428571428571429,0.5806451612903226,0.5714285714285714,0.3019852638244629
"19,2,4,4,19,6,18,14,22,12,15,7,15,15,14",0.6,0.6,0.6020089285714285,0.5625,0.6428571428571429,0.6,0.6026785714285714,1.4744820594787598
"19,4,19,11,16,11,9,0,23,0,8,22,0,14,9",0.5333333333333333,0.8,0.6017857142857144,0.5,0.5714285714285714,0.5333333333333333,0.5357142857142857,1.0107810497283936
"19,0,16,14,9,13,11,0,11,2,0,19,0,15,9",0.5666666666666667,0.7,0.6002232142857142,0.5333333333333333,0.5714285714285714,0.5517241379310345,0.5669642857142857,0.4589409828186035
"11,13,9,8,13,21,14,12,19,6,1,1,13,1,18",0.6333333333333333,0.5,0.5970982142857143,0.6153846153846154,0.5714285714285714,0.5925925925925926,0.6294642857142857,0.32767248153686523
"16,15,5,4,6,17,11,4,4,9,3,5,17,9,14",0.5666666666666667,0.7,0.596875,0.5384615384615384,0.5,0.5185185185185185,0.5625,0.2546882629394531
"15,4,16,11,9,11,9,0,16,0,0,8,14,19,0",0.6,0.6,0.5953125,0.5833333333333334,0.5,0.5384615384615384,0.59375,0.26964521408081055
"19,16,3,1,22,2,11,16,4,11,18,9,9,5,8",0.6,0.6,0.5953125,0.5833333333333334,0.5,0.5384615384615384,0.59375,0.45691823959350586
"5,5,15,2,16,9,15,2,2,10,0,19,2,4,4",0.6,0.6,0.5953125,0.5833333333333334,0.5,0.5384615384615384,0.59375,0.22184157371520996
"6,0,11,1,23,3,3,13,9,16,15,14,21,15,7",0.6,0.6,0.5953125,0.5833333333333334,0.5,0.5384615384615384,0.59375,0.26078319549560547
"19,0,16,11,9,11,11,0,8,22,0,14,0,21,7",0.5333333333333333,0.8,0.5950892857142858,0.5,0.42857142857142855,0.46153846153846156,0.5267857142857143,0.436262845993042
"19,0,16,11,9,10,11,0,8,22,0,14,0,10,9",0.5,0.8,0.5950892857142858,0.48148148148148145,0.9285714285714286,0.6341463414634146,0.5267857142857143,0.42969179153442383
"4,4,19,16,0,23,9,11,18,11,8,9,4,10,6",0.5,0.8,0.5950892857142858,0.48148148148148145,0.9285714285714286,0.6341463414634146,0.5267857142857143,0.4460885524749756
"18,14,18,19,1,15,1,15,22,5,2,17,0,18,16",0.5333333333333333,0.7,0.5935267857142856,0.5,0.9285714285714286,0.65,0.5580357142857143,0.8064680099487305
"4,8,15,13,17,18,8,5,14,5,4,1,6,3,16",0.5666666666666667,0.7,0.5935267857142856,0.5454545454545454,0.42857142857142855,0.48,0.5580357142857143,0.2880103588104248
"9,9,13,20,6,2,11,12,0,22,1,4,4,9,18",0.6666666666666666,0.4,0.5921875,0.7,0.5,0.5833333333333334,0.65625,0.19781088829040527
"21,12,10,9,8,1,13,23,8,16,6,3,7,14,23",0.5666666666666667,0.6,0.5919642857142857,0.52,0.9285714285714286,0.6666666666666666,0.5892857142857143,0.31789183616638184
"17,6,10,7,12,9,10,7,20,0,14,14,13,18,10",0.5,0.8,0.5917410714285715,0.48,0.8571428571428571,0.6153846153846154,0.5223214285714286,0.32637619972229004
"1,16,11,3,14,20,13,11,3,3,6,11,0,14,6",0.6,0.5,0.5904017857142857,0.5416666666666666,0.9285714285714286,0.6842105263157895,0.6205357142857143,0.25559306144714355
"23,10,2,1,15,10,4,0,17,7,20,14,15,13,0",0.6,0.5,0.5904017857142857,0.5416666666666666,0.9285714285714286,0.6842105263157895,0.6205357142857143,0.2528703212738037
"19,0,16,1,9,1,11,0,16,9,0,8,0,19,9",0.5666666666666667,0.7,0.5901785714285714,0.5555555555555556,0.35714285714285715,0.43478260869565216,0.5535714285714286,0.42938685417175293
"4,4,16,11,9,11,9,11,18,11,0,4,0,10,0",0.5333333333333333,0.7,0.5901785714285714,0.5,0.8571428571428571,0.631578947368421,0.5535714285714286,0.276716947555542
"6,4,8,8,21,2,8,2,6,13,21,5,3,8,4",0.5333333333333333,0.7,0.5901785714285714,0.5,0.8571428571428571,0.631578947368421,0.5535714285714286,0.2746763229370117
"19,4,17,6,10,7,12,9,10,7,20,0,14,14,13",0.4666666666666667,0.9,0.5899553571428572,0.4583333333333333,0.7857142857142857,0.5789473684210527,0.48660714285714285,0.5364699363708496
"16,15,17,6,18,2,17,8,2,5,6,9,5,20,16",0.5666666666666667,0.6,0.5886160714285715,0.5217391304347826,0.8571428571428571,0.6486486486486487,0.5848214285714286,0.40149950981140137
"18,0,8,19,16,5,17,0,23,2,10,3,20,8,9",0.5,0.8,0.5883928571428572,0.4782608695652174,0.7857142857142857,0.5945945945945946,0.5178571428571428,0.3850400447845459
"2,2,15,12,19,19,10,5,20,16,11,13,9,8,13",0.6333333333333333,0.5,0.5870535714285714,0.7142857142857143,0.35714285714285715,0.47619047619047616,0.6160714285714286,0.8626575469970703
"19,0,14,11,15,11,11,12,8,22,3,14,0,10,9",0.5333333333333333,0.7,0.586830357142857,0.5,0.7857142857142857,0.6111111111111112,0.5491071428571428,0.3959476947784424
"4,9,7,15,22,17,12,11,10,14,9,15,15,10,23",0.5666666666666667,0.7,0.586830357142857,0.5714285714285714,0.2857142857142857,0.38095238095238093,0.5491071428571428,0.3007009029388428
"4,19,6,18,14,22,12,15,7,15,15,14,21,5,3",0.5,0.9,0.5866071428571429,0.42857142857142855,0.21428571428571427,0.2857142857142857,0.48214285714285715,0.7092471122741699
"18,3,19,14,0,23,10,15,8,14,11,18,17,22,10",0.4666666666666667,0.9,0.5866071428571429,0.45454545454545453,0.7142857142857143,0.5555555555555556,0.48214285714285715,0.7305583953857422
"10,0,9,15,21,14,8,17,19,9,19,7,3,23,3",0.6,0.6,0.5852678571428571,0.6666666666666666,0.2857142857142857,0.4,0.5803571428571428,0.3986337184906006
"8,15,5,4,6,17,11,4,4,9,3,5,17,9,14",0.5,0.8,0.585044642857143,0.47619047619047616,0.7142857142857143,0.5714285714285714,0.5133928571428572,0.23440194129943848
"14,10,13,10,23,11,2,2,19,12,15,5,8,4,2",0.6,0.5,0.5837053571428571,0.55,0.7857142857142857,0.6470588235294118,0.6116071428571428,0.3538084030151367
"15,4,2,15,20,3,11,1,16,1,11,8,2,16,15",0.5333333333333333,0.7,0.5834821428571428,0.5,0.7142857142857143,0.5882352941176471,0.5446428571428572,0.25241780281066895
"12,11,8,20,10,20,5,6,4,16,1,4,8,9,7",0.5333333333333333,0.7,0.5834821428571428,0.5,0.7142857142857143,0.5882352941176471,0.5446428571428572,0.22694039344787598
"6,9,11,22,5,15,14,8,8,15,4,12,6,12,4",0.5666666666666667,0.6,0.5819196428571429,0.5263157894736842,0.7142857142857143,0.6060606060606061,0.5758928571428572,0.21612167358398438
"3,4,0,11,4,16,11,9,11,22,0,8,22,0,9",0.5666666666666667,0.6,0.5819196428571429,0.5263157894736842,0.7142857142857143,0.6060606060606061,0.5758928571428572,0.20819449424743652
"0,20,10,9,12,5,19,0,10,19,17,20,12,12,18",0.6,0.6,0.5819196428571428,0.75,0.2142857142857142,0.3333333333333333,0.5758928571428571,0.4109978675842285
"4,19,4,17,6,10,7,12,9,10,7,20,0,14,14",0.5333333333333333,0.8,0.5816964285714286,0.5,0.14285714285714285,0.2222222222222222,0.5089285714285714,0.5056717395782471
"0,23,15,6,5,9,3,10,17,1,11,5,2,9,7",0.5333333333333333,0.7,0.5801339285714285,0.5,0.6428571428571429,0.5625,0.5401785714285714,0.24827075004577637
"18,2,8,16,19,17,3,9,6,6,9,1,0,7,5",0.6333333333333333,0.4,0.5787946428571429,0.5882352941176471,0.7142857142857143,0.6451612903225806,0.6383928571428572,0.4945363998413086
"4,4,19,8,16,11,9,11,23,13,8,5,0,14,0",0.5666666666666667,0.6,0.5785714285714285,0.5294117647058824,0.6428571428571429,0.5806451612903226,0.5714285714285714,0.37439870834350586
"18,8,16,1,18,16,5,23,3,16,7,4,0,14,3",0.5666666666666667,0.6,0.5785714285714285,0.5294117647058824,0.6428571428571429,0.5806451612903226,0.5714285714285714,0.40897583961486816
"1,0,20,2,0,11,4,2,4,15,0,6,9,18,0",0.6,0.6,0.5785714285714285,1.0,0.14285714285714285,0.25,0.5714285714285714,0.16937494277954102
"17,22,2,5,16,12,6,5,0,0,17,18,11,19,10",0.5666666666666667,0.6,0.5785714285714285,0.5294117647058824,0.6428571428571429,0.5806451612903226,0.5714285714285714,0.34665417671203613
"4,16,11,9,11,23,0,8,22,0,14,0,10,9,22",0.5666666666666667,0.6,0.5785714285714285,0.5294117647058824,0.6428571428571429,0.5806451612903226,0.5714285714285714,0.2942850589752197
"19,0,16,11,9,11,11,0,8,10,0,14,0,10,9",0.5666666666666667,0.6,0.5785714285714285,0.5294117647058824,0.6428571428571429,0.5806451612903226,0.5714285714285714,0.4270951747894287
"8,14,10,0,15,7,17,18,0,17,2,15,1,3,10",0.5,0.8,0.5783482142857144,0.47058823529411764,0.5714285714285714,0.5161290322580645,0.5044642857142857,0.4043998718261719
"8,1,7,0,8,1,9,3,4,2,18,4,15,16,7",0.5,0.8,0.5783482142857144,0.47058823529411764,0.5714285714285714,0.5161290322580645,0.5044642857142857,0.25082850456237793
"4,17,14,5,4,4,18,3,0,15,20,8,9,8,20",0.5333333333333333,0.8,0.5783482142857144,0.5,0.07142857142857142,0.125,0.5044642857142857,0.2872464656829834
"6,7,14,17,8,15,11,5,17,10,3,6,1,20,2",0.6,0.5,0.5770089285714286,0.5625,0.6428571428571429,0.6,0.6026785714285714,0.3226842880249023
"15,7,17,18,0,17,2,15,1,3,10,0,7,6,15",0.6,0.5,0.5770089285714286,0.5625,0.6428571428571429,0.6,0.6026785714285714,0.3766655921936035
"12,9,12,12,7,5,18,17,5,4,3,8,18,2,19",0.6,0.5,0.5770089285714286,0.5625,0.6428571428571429,0.6,0.6026785714285714,0.6285591125488281
"14,6,10,3,23,3,13,3,12,14,14,2,22,13,6",0.6,0.5,0.5770089285714286,0.5625,0.6428571428571429,0.6,0.6026785714285714,0.25882649421691895
"19,1,14,11,9,11,11,12,8,22,3,14,0,10,9",0.6,0.5,0.5770089285714286,0.5625,0.6428571428571429,0.6,0.6026785714285714,0.42040395736694336
"6,7,18,17,1,15,1,5,22,5,2,17,0,18,2",0.6,0.5,0.5770089285714286,0.5625,0.6428571428571429,0.6,0.6026785714285714,0.3668031692504883
"19,0,14,11,3,11,11,12,8,22,3,14,0,10,9",0.5666666666666667,0.7,0.5767857142857142,1.0,0.07142857142857142,0.13333333333333333,0.5357142857142857,0.39378809928894043
"3,15,20,12,11,11,8,11,15,16,1,8,8,10,6",0.5333333333333333,0.7,0.5767857142857142,0.5,0.5714285714285714,0.5333333333333333,0.5357142857142857,0.3142356872558594
"10,23,11,2,2,19,12,15,5,8,4,2,22,4,1",0.6333333333333333,0.4,0.5754464285714286,0.6,0.6428571428571429,0.6206896551724138,0.6339285714285714,0.34009861946105957
"14,15,10,23,1,10,10,12,3,0,22,14,5,2,20",0.5666666666666667,0.6,0.5752232142857143,0.5333333333333333,0.5714285714285714,0.5517241379310345,0.5669642857142857,0.2844815254211426
"16,4,22,14,10,13,10,23,8,2,2,19,12,15,5",0.5666666666666667,0.6,0.5752232142857143,0.5333333333333333,0.5714285714285714,0.5517241379310345,0.5669642857142857,0.34066224098205566
"11,6,17,18,0,17,2,16,21,2,10,7,3,13,21",0.5666666666666667,0.6,0.5752232142857143,0.5333333333333333,0.5714285714285714,0.5517241379310345,0.5669642857142857,0.3970804214477539
"16,5,3,11,11,16,22,9,11,14,18,9,15,22,7",0.5666666666666667,0.6,0.5752232142857143,0.5333333333333333,0.5714285714285714,0.5517241379310345,0.5669642857142857,0.3059079647064209
"19,0,19,4,9,11,11,0,8,22,8,14,0,10,0",0.5,0.8,0.575,0.4666666666666667,0.5,0.4827586206896552,0.5,1.021181583404541
"10,1,12,0,13,7,11,8,4,5,10,14,16,2,22",0.6,0.5,0.5736607142857143,0.5714285714285714,0.5714285714285714,0.5714285714285714,0.5982142857142857,0.2370007038116455
"4,7,23,17,9,23,13,7,16,13,10,13,4,5,9",0.6,0.5,0.5736607142857143,0.5714285714285714,0.5714285714285714,0.5714285714285714,0.5982142857142857,0.2416832447052002
"7,8,5,16,1,16,0,20,3,6,3,15,14,16,8",0.5,0.7,0.5734375,0.4827586206896552,1.0,0.6511627906976745,0.53125,0.28436732292175293
"11,4,16,11,9,11,2,16,21,2,0,7,3,13,21",0.5333333333333333,0.7,0.5734375,0.5,0.5,0.5,0.53125,0.23775172233581543
"15,3,11,16,7,23,5,17,18,11,9,4,0,10,12",0.5666666666666667,0.6,0.571875,0.5384615384615384,0.5,0.5185185185185185,0.5625,0.3576781749725342
"0,6,2,10,7,1,15,7,4,22,12,3,14,8,17",0.5666666666666667,0.5,0.5703125,0.5185185185185185,1.0,0.6829268292682927,0.59375,0.2390575408935547
"1,3,6,20,12,5,13,20,3,8,4,8,11,3,21",0.5666666666666667,0.5,0.5703125,0.5185185185185185,1.0,0.6829268292682927,0.59375,0.2311246395111084
"18,12,14,17,7,12,3,13,3,10,9,17,16,14,19",0.5666666666666667,0.5,0.5703125,0.5185185185185185,1.0,0.6829268292682927,0.59375,0.36086177825927734
"6,3,9,0,7,3,22,3,15,20,11,5,3,0,20",0.5666666666666667,0.5,0.5703125,0.5185185185185185,1.0,0.6829268292682927,0.59375,0.18214106559753418
"6,17,0,18,5,12,15,0,4,4,13,6,0,2,20",0.6,0.5,0.5703125,0.5833333333333334,0.5,0.5384615384615384,0.59375,0.26982998847961426
"3,6,12,1,18,7,16,12,0,10,1,8,5,7,4",0.5666666666666667,0.5,0.5703125,0.5185185185185185,1.0,0.6829268292682927,0.59375,0.23041772842407227
"13,0,2,9,14,12,16,2,23,16,9,6,22,10,7",0.6,0.5,0.5703125,0.5833333333333334,0.5,0.5384615384615384,0.59375,0.3221285343170166
"4,0,19,4,16,11,9,11,8,0,8,22,0,14,0",0.5,0.7,0.5700892857142856,0.48148148148148145,0.9285714285714286,0.6341463414634146,0.5267857142857143,0.41923952102661133
"5,5,18,16,19,6,17,19,19,18,7,6,7,9,1",0.5,0.7,0.5700892857142856,0.48148148148148145,0.9285714285714286,0.6341463414634146,0.5267857142857143,1.7749159336090088
"9,12,8,13,17,14,17,11,1,10,2,2,15,12,19",0.6666666666666666,0.3,0.5671875,0.7,0.5,0.5833333333333334,0.65625,0.2893555164337158
"19,0,16,16,9,23,11,0,18,11,0,4,0,10,9",0.5666666666666667,0.5,0.5669642857142857,0.52,0.9285714285714286,0.6666666666666666,0.5892857142857143,0.4413571357727051
"6,14,0,4,19,10,10,17,17,1,23,17,6,3,2",0.5,0.7,0.5667410714285714,0.48,0.8571428571428571,0.6153846153846154,0.5223214285714286,0.6153628826141357
"7,5,15,12,6,22,11,18,11,10,23,12,18,13,16",0.5333333333333333,0.7,0.5667410714285714,0.5,0.35714285714285715,0.4166666666666667,0.5223214285714286,0.2720334529876709
"9,18,0,8,19,16,5,17,0,23,2,10,3,20,8",0.5333333333333333,0.6,0.5651785714285714,0.5,0.8571428571428571,0.631578947368421,0.5535714285714286,0.3030736446380615
"5,8,14,0,17,17,6,9,4,3,1,4,23,0,11",0.5666666666666667,0.6,0.5651785714285714,0.5555555555555556,0.35714285714285715,0.43478260869565216,0.5535714285714286,0.2605118751525879
"3,9,23,16,5,22,8,5,13,4,2,17,18,19,19",0.5,0.8,0.5649553571428572,0.4444444444444444,0.2857142857142857,0.34782608695652173,0.48660714285714285,1.3053617477416992
"8,20,15,16,13,11,19,11,7,8,4,11,2,12,23",0.6,0.5,0.5636160714285714,0.625,0.35714285714285715,0.45454545454545453,0.5848214285714286,0.29920482635498047
"19,7,9,10,3,3,9,0,0,5,19,2,15,15,18",0.5666666666666667,0.5,0.5636160714285714,0.5217391304347826,0.8571428571428571,0.6486486486486487,0.5848214285714286,0.4215419292449951
"14,10,19,10,23,11,9,2,19,12,8,5,8,14,0",0.5666666666666667,0.5,0.5636160714285714,0.5217391304347826,0.8571428571428571,0.6486486486486487,0.5848214285714286,0.3656044006347656
"12,13,5,13,13,14,4,19,3,14,16,11,8,3,16",0.6,0.5,0.5636160714285714,0.625,0.35714285714285715,0.45454545454545453,0.5848214285714286,0.2814962863922119
"14,13,15,8,7,20,9,13,7,8,0,16,11,10,13",0.6,0.5,0.5636160714285714,0.625,0.35714285714285715,0.45454545454545453,0.5848214285714286,0.31264400482177734
"13,4,21,10,1,12,0,13,7,11,8,4,5,10,14",0.6,0.5,0.5636160714285714,0.625,0.35714285714285715,0.45454545454545453,0.5848214285714286,0.263228178024292
"4,4,14,3,9,11,11,8,8,22,3,14,0,10,6",0.5333333333333333,0.7,0.563392857142857,0.5,0.2857142857142857,0.36363636363636365,0.5178571428571428,0.2575693130493164
"0,11,18,15,5,23,11,16,0,14,14,17,15,19,18",0.5333333333333333,0.7,0.563392857142857,0.5,0.2857142857142857,0.36363636363636365,0.5178571428571428,0.5752978324890137
"10,10,12,3,0,22,14,5,2,20,16,14,17,4,6",0.6,0.4,0.5620535714285715,0.5454545454545454,0.8571428571428571,0.6666666666666666,0.6160714285714286,0.26241564750671387
"18,14,13,10,7,17,23,5,16,1,14,2,16,0,9",0.5333333333333333,0.6,0.5618303571428571,0.5,0.7857142857142857,0.6111111111111112,0.5491071428571428,0.4768638610839844
"10,0,15,7,17,18,0,17,2,15,1,3,10,0,7",0.5666666666666667,0.6,0.5618303571428571,0.5714285714285714,0.2857142857142857,0.38095238095238093,0.5491071428571428,0.3733541965484619
"5,10,19,13,17,23,13,10,16,8,13,20,17,14,9",0.5666666666666667,0.6,0.5618303571428571,0.5714285714285714,0.2857142857142857,0.38095238095238093,0.5491071428571428,0.2872457504272461
"15,0,9,1,16,1,2,0,16,9,13,4,0,19,0",0.5333333333333333,0.6,0.5618303571428571,0.5,0.7857142857142857,0.6111111111111112,0.5491071428571428,0.2653491497039795
"6,4,14,17,11,15,11,5,8,10,3,6,1,20,2",0.5666666666666667,0.6,0.5618303571428571,0.5714285714285714,0.2857142857142857,0.38095238095238093,0.5491071428571428,0.24197983741760254
"12,15,0,16,2,0,0,17,13,2,10,4,7,12,0",0.4666666666666667,0.8,0.5616071428571429,0.45454545454545453,0.7142857142857143,0.5555555555555556,0.48214285714285715,0.23358774185180664
"0,13,16,4,3,11,11,9,0,0,0,5,2,10,9",0.5666666666666667,0.5,0.5602678571428571,0.5238095238095238,0.7857142857142857,0.6285714285714286,0.5803571428571428,0.24230623245239258
"15,19,12,7,9,11,18,16,9,3,16,0,22,12,16",0.6,0.5,0.5602678571428571,0.6666666666666666,0.2857142857142857,0.4,0.5803571428571428,0.31928443908691406
"14,12,16,2,23,16,9,6,22,10,7,14,3,9,21",0.5666666666666667,0.5,0.5602678571428571,0.5238095238095238,0.7857142857142857,0.6285714285714286,0.5803571428571428,0.32901978492736816
"18,6,18,18,6,1,17,14,7,8,20,0,3,16,0",0.6,0.5,0.5602678571428571,0.6666666666666666,0.2857142857142857,0.4,0.5803571428571428,0.6880908012390137
"19,4,14,19,9,15,11,0,22,5,3,17,0,18,9",0.5,0.7,0.5600446428571428,0.47619047619047616,0.7142857142857143,0.5714285714285714,0.5133928571428572,0.486605167388916
"22,11,1,22,1,13,0,19,2,7,17,3,16,1,9",0.5,0.7,0.5600446428571428,0.47619047619047616,0.7142857142857143,0.5714285714285714,0.5133928571428572,0.26316070556640625
"10,15,12,3,18,11,4,15,3,1,12,19,19,12,14",0.5333333333333333,0.7,0.5600446428571428,0.5,0.21428571428571427,0.3,0.5133928571428571,0.8542437553405762
"14,20,9,21,9,7,2,8,1,9,2,9,18,5,18",0.6,0.4,0.5587053571428571,0.55,0.7857142857142857,0.6470588235294118,0.6116071428571428,0.3623528480529785
"19,8,23,5,10,19,13,17,23,13,10,16,8,13,20",0.5333333333333333,0.6,0.5584821428571429,0.5,0.7142857142857143,0.5882352941176471,0.5446428571428572,0.43706464767456055
"10,3,0,20,5,4,0,13,22,4,17,4,18,9,0",0.5333333333333333,0.6,0.5584821428571429,0.5,0.7142857142857143,0.5882352941176471,0.5446428571428572,0.24844717979431152
"1,17,22,2,5,16,12,6,5,0,0,17,18,11,19",0.5333333333333333,0.6,0.5584821428571429,0.5,0.7142857142857143,0.5882352941176471,0.5446428571428572,0.33086252212524414
"3,9,0,0,5,19,2,15,15,18,6,3,4,10,22",0.5666666666666667,0.6,0.5584821428571428,0.6,0.21428571428571427,0.3157894736842105,0.5446428571428571,0.26335692405700684
"9,0,7,3,22,3,15,20,11,5,3,0,20,14,17",0.5666666666666667,0.5,0.5569196428571429,0.5263157894736842,0.7142857142857143,0.6060606060606061,0.5758928571428572,0.24288177490234375
"4,0,14,4,9,11,11,11,8,22,3,14,0,10,0",0.5666666666666667,0.5,0.5569196428571429,0.5263157894736842,0.7142857142857143,0.6060606060606061,0.5758928571428572,0.30943942070007324
"17,9,23,13,7,16,13,10,13,4,5,9,3,21,2",0.6,0.5,0.5569196428571428,0.75,0.21428571428571427,0.3333333333333333,0.5758928571428571,0.30025482177734375
"12,2,15,16,12,12,7,14,22,9,7,3,12,13,5",0.6,0.5,0.5569196428571428,0.75,0.21428571428571427,0.3333333333333333,0.5758928571428571,0.2624959945678711
"4,0,13,22,4,17,4,18,9,0,0,19,5,2,9",0.5,0.7,0.5566964285714285,0.47368421052631576,0.6428571428571429,0.5454545454545454,0.5089285714285714,0.24821209907531738
"19,13,14,11,9,11,11,0,8,22,3,14,0,10,9",0.5,0.7,0.5566964285714285,0.47368421052631576,0.6428571428571429,0.5454545454545454,0.5089285714285714,0.39318060874938965
"16,7,5,14,9,11,11,23,8,22,3,14,0,10,5",0.43333333333333335,0.9,0.5564732142857143,0.42105263157894735,0.5714285714285714,0.48484848484848486,0.4419642857142857,0.2952241897583008
"0,11,12,2,9,14,18,16,12,17,6,19,5,15,0",0.6,0.4,0.5553571428571429,0.5555555555555556,0.7142857142857143,0.625,0.6071428571428572,0.40210890769958496
"19,1,1,14,12,14,8,1,17,7,8,8,12,10,0",0.6,0.4,0.5553571428571429,0.5555555555555556,0.7142857142857143,0.625,0.6071428571428572,0.4067800045013428
"13,17,18,8,5,14,5,4,1,6,3,16,11,14,15",0.6,0.4,0.5553571428571429,0.5555555555555556,0.7142857142857143,0.625,0.6071428571428572,0.32860374450683594
"6,19,17,13,18,12,4,9,7,15,22,17,12,11,10",0.6,0.4,0.5553571428571429,0.5555555555555556,0.7142857142857143,0.625,0.6071428571428572,0.5821785926818848
"12,5,2,12,9,12,6,9,11,22,5,15,14,8,8",0.6,0.4,0.5553571428571429,0.5555555555555556,0.7142857142857143,0.625,0.6071428571428572,0.22741317749023438
"16,17,22,17,1,18,14,7,2,12,10,2,2,19,11",0.6,0.4,0.5553571428571429,0.5555555555555556,0.7142857142857143,0.625,0.6071428571428572,0.44051098823547363
"1,16,8,14,8,21,0,12,3,14,16,4,13,11,16",0.6,0.4,0.5553571428571429,0.5555555555555556,0.7142857142857143,0.625,0.6071428571428572,0.3079338073730469
"10,7,17,23,5,16,1,14,2,16,0,9,0,8,11",0.5333333333333333,0.6,0.5551339285714285,0.5,0.6428571428571429,0.5625,0.5401785714285714,0.46224546432495117
"1,13,1,18,8,16,1,18,16,5,23,3,16,7,4",0.5333333333333333,0.6,0.5551339285714285,0.5,0.6428571428571429,0.5625,0.5401785714285714,0.3630027770996094
"3,11,11,16,22,9,11,14,18,9,15,22,7,13,15",0.5666666666666667,0.6,0.5551339285714285,0.6666666666666666,0.14285714285714285,0.23529411764705882,0.5401785714285714,0.3236217498779297
"0,9,12,15,0,10,21,16,1,4,16,0,15,13,23",0.5333333333333333,0.6,0.5551339285714285,0.5,0.6428571428571429,0.5625,0.5401785714285714,2.6780881881713867
"10,15,14,18,9,0,5,4,8,2,14,0,22,6,4",0.5666666666666667,0.6,0.5551339285714285,0.6666666666666666,0.14285714285714285,0.23529411764705882,0.5401785714285714,0.2227339744567871
"14,23,10,14,15,0,9,19,3,11,23,6,9,4,19",0.6,0.5,0.5535714285714286,1.0,0.14285714285714285,0.25,0.5714285714285714,0.5796830654144287
"17,22,1,9,14,12,9,2,9,15,14,11,9,17,21",0.6,0.5,0.5535714285714286,1.0,0.14285714285714285,0.25,0.5714285714285714,0.3104593753814697
"12,0,11,18,15,5,23,11,16,0,14,14,17,15,19",0.5666666666666667,0.5,0.5535714285714286,0.5294117647058824,0.6428571428571429,0.5806451612903226,0.5714285714285714,0.2952399253845215
"5,2,19,3,7,8,8,7,0,12,2,15,16,12,12",0.5666666666666667,0.5,0.5535714285714286,0.5294117647058824,0.6428571428571429,0.5806451612903226,0.5714285714285714,0.37505245208740234
"5,15,17,9,19,8,14,16,21,17,11,12,5,16,9",0.5,0.7,0.5533482142857142,0.47058823529411764,0.5714285714285714,0.5161290322580645,0.5044642857142857,0.3692176342010498
"15,10,4,0,17,7,20,14,15,13,0,2,9,14,12",0.5,0.7,0.5533482142857142,0.47058823529411764,0.5714285714285714,0.5161290322580645,0.5044642857142857,0.3095383644104004
"9,19,7,3,23,3,5,8,2,7,8,22,14,20,9",0.6,0.4,0.5520089285714286,0.5625,0.6428571428571429,0.6,0.6026785714285714,0.24348807334899902
"23,0,15,18,14,13,12,18,1,17,13,5,5,11,9",0.5333333333333333,0.6,0.5517857142857143,0.5,0.5714285714285714,0.5333333333333333,0.5357142857142857,0.389021635055542
"3,0,4,10,13,20,15,10,3,14,21,15,8,21,16",0.5666666666666667,0.6,0.5517857142857143,1.0,0.07142857142857142,0.13333333333333333,0.5357142857142857,0.27276182174682617
"12,19,6,1,1,13,1,18,8,16,1,18,16,5,23",0.5666666666666667,0.5,0.5502232142857143,0.5333333333333333,0.5714285714285714,0.5517241379310345,0.5669642857142857,0.3204514980316162
"18,19,8,16,12,1,9,8,21,2,11,22,15,20,8",0.5666666666666667,0.5,0.5502232142857143,0.5333333333333333,0.5714285714285714,0.5517241379310345,0.5669642857142857,0.6178853511810303
"19,4,17,11,9,11,1,0,8,22,0,14,0,10,9",0.5666666666666667,0.5,0.5502232142857143,0.5333333333333333,0.5714285714285714,0.5517241379310345,0.5669642857142857,0.5872790813446045
"14,10,19,8,23,5,10,19,13,17,23,13,10,16,8",0.5666666666666667,0.5,0.5502232142857143,0.5333333333333333,0.5714285714285714,0.5517241379310345,0.5669642857142857,0.32160210609436035
"12,3,20,2,8,19,13,2,18,14,6,6,22,7,8",0.5666666666666667,0.5,0.5502232142857143,0.5333333333333333,0.5714285714285714,0.5517241379310345,0.5669642857142857,0.27088379859924316
"7,8,7,3,3,17,22,17,18,14,13,10,7,17,23",0.4666666666666667,0.7,0.55,0.4666666666666667,1.0,0.6363636363636364,0.5,0.40753626823425293
"12,14,7,4,2,0,17,5,23,17,13,4,6,17,8",0.6,0.4,0.5486607142857143,0.5714285714285714,0.5714285714285714,0.5714285714285714,0.5982142857142857,0.504892110824585
"5,18,16,19,6,17,19,19,18,7,6,7,9,1,4",0.5,0.6,0.5484375,0.4827586206896552,1.0,0.6511627906976745,0.53125,1.7293243408203125
"13,4,21,2,13,9,8,8,2,8,11,10,0,5,0",0.5333333333333333,0.6,0.5484375,0.5,0.5,0.5,0.53125,0.248732328414917
"10,9,8,1,13,23,8,16,6,3,7,14,23,10,21",0.5,0.6,0.5484375,0.4827586206896552,1.0,0.6511627906976745,0.53125,0.24637055397033691
"10,10,17,17,1,23,17,6,3,2,13,13,19,1,18",0.5333333333333333,0.5,0.546875,0.5,1.0,0.6666666666666666,0.5625,1.0048534870147705
"12,3,14,8,17,6,1,10,12,2,13,14,13,13,17",0.5333333333333333,0.5,0.546875,0.5,1.0,0.6666666666666666,0.5625,0.28884029388427734
"9,7,3,12,13,5,13,13,14,4,19,3,14,16,11",0.5666666666666667,0.5,0.546875,0.5384615384615384,0.5,0.5185185185185185,0.5625,0.2720324993133545
"12,0,19,4,16,17,9,11,4,9,8,5,0,9,0",0.5333333333333333,0.5,0.546875,0.5,1.0,0.6666666666666666,0.5625,0.27287864685058594
"14,0,4,19,10,10,17,17,1,23,17,6,3,2,13",0.5666666666666667,0.5,0.546875,0.5384615384615384,0.5,0.5185185185185185,0.5625,0.6718080043792725
"12,6,5,0,0,17,18,11,19,10,12,23,1,6,3",0.5333333333333333,0.5,0.546875,0.5,1.0,0.6666666666666666,0.5625,0.29286718368530273
"4,21,10,1,12,0,13,7,11,8,4,5,10,14,16",0.5333333333333333,0.5,0.546875,0.5,1.0,0.6666666666666666,0.5625,0.2494215965270996
"6,1,17,14,7,8,20,0,3,16,0,11,8,9,14",0.5333333333333333,0.5,0.546875,0.5,1.0,0.6666666666666666,0.5625,0.27574944496154785
"17,14,17,11,1,10,2,2,15,12,19,19,10,5,20",0.5666666666666667,0.5,0.546875,0.5384615384615384,0.5,0.5185185185185185,0.5625,0.8860647678375244
"8,6,17,6,13,22,12,0,19,19,13,11,6,12,8",0.5333333333333333,0.5,0.546875,0.5,1.0,0.6666666666666666,0.5625,0.8334317207336426
"9,6,3,12,9,12,12,7,5,18,17,5,4,3,8",0.5333333333333333,0.5,0.546875,0.5,1.0,0.6666666666666666,0.5625,0.25783419609069824
"23,7,3,18,0,6,2,10,7,1,15,7,4,22,12",0.5333333333333333,0.5,0.546875,0.5,1.0,0.6666666666666666,0.5625,0.2211441993713379
"12,10,0,2,0,18,0,13,0,9,16,10,15,14,3",0.5666666666666667,0.5,0.546875,0.5384615384615384,0.5,0.5185185185185185,0.5625,0.24733972549438477
"13,2,10,4,7,12,0,11,3,19,18,14,14,13,15",0.6,0.4,0.5453125,0.5833333333333334,0.5,0.5384615384615384,0.59375,0.5017275810241699
"10,0,19,2,4,4,19,6,18,14,22,12,15,7,15",0.6,0.4,0.5453125,0.5833333333333334,0.5,0.5384615384615384,0.59375,1.289020299911499
"6,1,19,17,12,3,15,8,17,6,12,15,13,3,11",0.5,0.6,0.5450892857142857,0.48148148148148145,0.9285714285714286,0.6341463414634146,0.5267857142857143,0.5095052719116211
"4,1,4,23,7,3,18,0,6,2,10,7,1,15,7",0.5,0.6,0.5450892857142857,0.48148148148148145,0.9285714285714286,0.6341463414634146,0.5267857142857143,0.20729422569274902
"6,12,17,3,6,2,14,12,15,19,16,13,6,4,2",0.5,0.6,0.5450892857142857,0.48148148148148145,0.9285714285714286,0.6341463414634146,0.5267857142857143,0.29163050651550293
"2,22,3,12,12,9,2,0,16,17,15,19,8,12,16",0.5333333333333333,0.6,0.5450892857142857,0.5,0.42857142857142855,0.46153846153846156,0.5267857142857143,0.30692052841186523
"5,6,9,5,20,16,2,17,11,20,17,16,3,1,2",0.5333333333333333,0.5,0.5435267857142857,0.5,0.9285714285714286,0.65,0.5580357142857143,0.2549569606781006
"15,16,12,12,7,14,22,9,7,3,12,13,5,13,13",0.5333333333333333,0.5,0.5435267857142857,0.5,0.9285714285714286,0.65,0.5580357142857143,0.31203174591064453
"16,0,14,11,9,11,23,12,12,17,3,10,2,10,8",0.5666666666666667,0.5,0.5435267857142857,0.5454545454545454,0.42857142857142855,0.48,0.5580357142857143,0.2799561023712158
"13,14,3,6,12,1,18,7,16,12,0,10,1,8,5",0.5333333333333333,0.5,0.5435267857142857,0.5,0.9285714285714286,0.65,0.5580357142857143,0.23750662803649902
"22,12,15,0,16,2,0,0,17,13,2,10,4,7,12",0.5333333333333333,0.5,0.5435267857142857,0.5,0.9285714285714286,0.65,0.5580357142857143,0.2665274143218994
"4,11,4,3,6,0,11,1,23,3,3,13,9,16,15",0.5666666666666667,0.5,0.5435267857142857,0.5454545454545454,0.42857142857142855,0.48,0.5580357142857143,0.22432756423950195
"23,14,13,1,0,19,6,12,17,17,14,2,9,14,22",0.5333333333333333,0.5,0.5435267857142857,0.5,0.9285714285714286,0.65,0.5580357142857143,0.2984473705291748
"14,17,15,19,18,14,14,15,10,11,23,9,18,1,3",0.5333333333333333,0.5,0.5435267857142857,0.5,0.9285714285714286,0.65,0.5580357142857143,0.6643214225769043
"13,21,14,12,19,6,1,1,13,1,18,8,16,1,18",0.5333333333333333,0.5,0.5435267857142857,0.5,0.9285714285714286,0.65,0.5580357142857143,0.3026559352874756
"15,1,2,19,9,6,3,12,9,12,12,7,5,18,17",0.5333333333333333,0.5,0.5435267857142857,0.5,0.9285714285714286,0.65,0.5580357142857143,0.30782341957092285
"8,16,12,1,9,8,21,2,11,22,15,20,8,3,17",0.5,0.7,0.5433035714285714,0.45454545454545453,0.35714285714285715,0.4,0.4910714285714286,0.24038934707641602
"4,0,16,4,9,11,11,11,8,22,0,14,0,19,0",0.5,0.7,0.5433035714285714,0.45454545454545453,0.35714285714285715,0.4,0.4910714285714286,0.25417518615722656
"16,3,22,2,7,8,18,14,14,15,1,1,20,14,2",0.5666666666666667,0.4,0.5419642857142857,0.52,0.9285714285714286,0.6666666666666666,0.5892857142857143,0.32711338996887207
"10,0,23,14,16,19,15,8,18,5,9,17,3,2,12",0.5333333333333333,0.6,0.5417410714285715,0.5,0.3571428571428571,0.4166666666666667,0.5223214285714286,0.4113063812255859
"9,4,14,11,9,11,11,0,8,22,3,14,0,10,9",0.5,0.6,0.5417410714285715,0.48,0.8571428571428571,0.6153846153846154,0.5223214285714286,0.22083568572998047
"10,3,15,20,12,11,11,8,11,15,16,1,8,8,10",0.5,0.6,0.5417410714285714,0.48,0.8571428571428571,0.6153846153846154,0.5223214285714286,0.27935123443603516
"0,17,13,2,10,4,7,12,0,11,3,19,18,14,14",0.6333333333333333,0.3,0.5404017857142857,0.6666666666666666,0.42857142857142855,0.5217391304347826,0.6205357142857143,0.5307655334472656
"11,8,18,3,15,15,19,19,7,14,10,13,8,9,22",0.5666666666666667,0.5,0.5401785714285714,0.5555555555555556,0.35714285714285715,0.43478260869565216,0.5535714285714286,0.923321008682251
"12,14,17,7,12,3,13,3,10,9,17,16,14,19,2",0.5333333333333333,0.5,0.5401785714285714,0.5,0.8571428571428571,0.631578947368421,0.5535714285714286,0.28179407119750977
"7,0,8,1,9,3,4,2,18,4,15,16,7,17,13",0.5333333333333333,0.5,0.5401785714285714,0.5,0.8571428571428571,0.631578947368421,0.5535714285714286,0.2535233497619629
"17,17,6,9,4,3,1,4,23,0,11,9,0,19,15",0.5666666666666667,0.5,0.5401785714285714,0.5555555555555556,0.35714285714285715,0.43478260869565216,0.5535714285714286,0.33169102668762207
"0,19,2,7,17,3,16,1,9,16,10,7,16,15,20",0.5666666666666667,0.5,0.5401785714285714,0.5555555555555556,0.35714285714285715,0.43478260869565216,0.5535714285714286,0.4104957580566406
"21,12,14,7,4,2,0,17,5,23,17,13,4,6,17",0.5333333333333333,0.5,0.5401785714285714,0.5,0.8571428571428571,0.631578947368421,0.5535714285714286,0.5212020874023438
"8,16,19,17,3,9,6,6,9,1,0,7,5,7,23",0.5666666666666667,0.5,0.5401785714285714,0.5555555555555556,0.35714285714285715,0.43478260869565216,0.5535714285714286,0.42224764823913574
"16,3,1,22,2,11,16,4,11,18,9,9,5,8,20",0.5666666666666667,0.5,0.5401785714285714,0.5555555555555556,0.35714285714285715,0.43478260869565216,0.5535714285714286,0.2891824245452881
"23,11,2,2,19,12,15,5,8,4,2,22,4,1,4",0.5333333333333333,0.5,0.5401785714285714,0.5,0.8571428571428571,0.631578947368421,0.5535714285714286,0.2287156581878662
"1,1,1,20,10,2,14,22,10,21,14,3,10,15,12",0.5333333333333333,0.5,0.5401785714285714,0.5,0.8571428571428571,0.631578947368421,0.5535714285714286,0.21952366828918457
"12,17,3,10,2,10,8,4,15,9,7,20,14,0,16",0.5333333333333333,0.5,0.5401785714285714,0.5,0.8571428571428571,0.631578947368421,0.5535714285714286,0.2670130729675293
"18,18,6,1,17,14,7,8,20,0,3,16,0,11,8",0.4666666666666667,0.7,0.5399553571428571,0.4583333333333333,0.7857142857142857,0.5789473684210527,0.48660714285714285,0.534355640411377
"3,4,2,18,4,15,16,7,17,13,15,3,15,17,20",0.6,0.4,0.5386160714285715,0.625,0.35714285714285715,0.45454545454545453,0.5848214285714286,0.3244476318359375
"10,12,4,9,16,23,4,16,2,5,19,16,16,1,3",0.5666666666666667,0.4,0.5386160714285715,0.5217391304347826,0.8571428571428571,0.6486486486486487,0.5848214285714286,0.47341227531433105
"15,23,17,22,1,9,14,12,9,2,9,15,14,11,9",0.5666666666666667,0.4,0.5386160714285715,0.5217391304347826,0.8571428571428571,0.6486486486486487,0.5848214285714286,0.3426516056060791
"10,9,22,15,14,9,1,0,1,2,0,16,9,13,8",0.6,0.4,0.5386160714285715,0.625,0.35714285714285715,0.45454545454545453,0.5848214285714286,0.23165512084960938
"20,14,2,5,5,18,16,19,6,17,19,19,18,7,6",0.5333333333333333,0.6,0.5383928571428571,0.5,0.2857142857142857,0.36363636363636365,0.5178571428571428,1.612534761428833
"12,4,12,22,14,0,21,10,14,11,2,1,5,14,16",0.5333333333333333,0.6,0.5383928571428571,0.5,0.2857142857142857,0.36363636363636365,0.5178571428571428,0.26048874855041504
"0,3,14,7,4,21,4,0,12,1,15,14,10,7,20",0.5333333333333333,0.6,0.5383928571428571,0.5,0.2857142857142857,0.36363636363636365,0.5178571428571428,0.2856311798095703
"12,17,6,19,5,15,0,6,7,14,17,15,6,20,1",0.5333333333333333,0.6,0.5383928571428571,0.5,0.2857142857142857,0.36363636363636365,0.5178571428571428,0.39150214195251465
"21,14,3,10,15,12,3,18,11,4,15,3,1,12,19",0.6333333333333333,0.3,0.5370535714285715,0.7142857142857143,0.35714285714285715,0.47619047619047616,0.6160714285714286,0.2838568687438965
"2,22,15,2,2,19,12,22,1,16,2,8,18,18,15",0.6,0.3,0.5370535714285715,0.5454545454545454,0.8571428571428571,0.6666666666666666,0.6160714285714286,0.4121677875518799
"19,7,14,14,1,17,22,2,5,16,12,6,5,0,0",0.5333333333333333,0.5,0.5368303571428571,0.5,0.7857142857142857,0.6111111111111112,0.5491071428571428,0.4057474136352539
"6,0,16,8,21,2,16,2,8,13,23,5,3,8,4",0.5333333333333333,0.5,0.5368303571428571,0.5,0.7857142857142857,0.6111111111111112,0.5491071428571428,0.2685225009918213
"6,15,8,12,4,12,22,14,0,21,10,14,11,2,1",0.5666666666666667,0.5,0.5368303571428571,0.5714285714285714,0.2857142857142857,0.38095238095238093,0.5491071428571428,0.29979801177978516
"19,10,20,3,17,13,1,6,23,13,4,12,18,19,8",0.5333333333333333,0.5,0.5368303571428571,0.5,0.7857142857142857,0.6111111111111112,0.5491071428571428,0.6564593315124512
"15,10,3,0,20,5,4,0,13,22,4,17,4,18,9",0.5666666666666667,0.5,0.5368303571428571,0.5714285714285714,0.2857142857142857,0.38095238095238093,0.5491071428571428,0.26172661781311035
"5,4,12,5,2,12,9,12,6,9,11,22,5,15,14",0.5333333333333333,0.5,0.5368303571428571,0.5,0.7857142857142857,0.6111111111111112,0.5491071428571428,0.20543551445007324
"3,15,14,16,8,7,1,13,7,9,10,9,7,11,15",0.5666666666666667,0.5,0.5368303571428571,0.5714285714285714,0.2857142857142857,0.38095238095238093,0.5491071428571428,0.5343890190124512
"10,6,16,2,9,23,11,1,13,11,6,11,19,6,2",0.4666666666666667,0.7,0.5366071428571428,0.45454545454545453,0.7142857142857143,0.5555555555555556,0.48214285714285715,0.2576026916503906
"5,15,2,22,15,2,2,19,12,22,1,16,2,8,18",0.5,0.6,0.5350446428571429,0.47619047619047616,0.7142857142857143,0.5714285714285714,0.5133928571428572,0.27752113342285156
"13,10,19,11,16,11,9,12,23,0,8,22,0,14,4",0.5333333333333333,0.6,0.5350446428571428,0.5,0.21428571428571427,0.3,0.5133928571428571,0.28562355041503906
"4,11,16,5,18,6,1,16,8,14,8,21,0,12,3",0.5333333333333333,0.6,0.5350446428571428,0.5,0.21428571428571427,0.3,0.5133928571428571,0.28353095054626465
"18,14,14,13,15,8,7,20,9,13,7,8,0,16,11",0.5333333333333333,0.6,0.5350446428571428,0.5,0.21428571428571427,0.3,0.5133928571428571,0.34206151962280273
"18,17,1,12,19,14,10,19,8,23,5,10,19,13,17",0.5333333333333333,0.6,0.5350446428571428,0.5,0.21428571428571427,0.3,0.5133928571428571,0.42899513244628906
"1,3,10,0,7,6,15,8,12,4,12,22,14,0,21",0.5333333333333333,0.5,0.5334821428571429,0.5,0.7142857142857143,0.5882352941176471,0.5446428571428572,0.20803618431091309
"9,8,21,2,11,22,15,20,8,3,17,13,9,5,13",0.5333333333333333,0.5,0.5334821428571429,0.5,0.7142857142857143,0.5882352941176471,0.5446428571428572,0.2915678024291992
"19,0,16,11,9,11,11,0,8,22,0,14,0,18,9",0.5333333333333333,0.5,0.5334821428571429,0.5,0.7142857142857143,0.5882352941176471,0.5446428571428572,0.46007633209228516
"10,14,17,21,14,0,15,8,12,0,15,21,10,23,10",0.5333333333333333,0.5,0.5334821428571429,0.5,0.7142857142857143,0.5882352941176471,0.5446428571428572,0.2880568504333496
"7,22,14,10,13,10,23,11,2,2,19,12,15,5,8",0.5333333333333333,0.5,0.5334821428571429,0.5,0.7142857142857143,0.5882352941176471,0.5446428571428572,0.2826213836669922
"7,7,12,10,1,12,0,7,19,15,10,6,9,22,0",0.5666666666666667,0.5,0.5334821428571428,0.6,0.21428571428571427,0.3157894736842105,0.5446428571428571,0.2759978771209717
"23,3,13,3,12,14,14,2,22,13,6,14,19,10,20",0.5666666666666667,0.5,0.5334821428571428,0.6,0.21428571428571427,0.3157894736842105,0.5446428571428571,0.2832505702972412
"16,9,15,15,19,12,7,9,11,18,16,9,3,16,0",0.5666666666666667,0.5,0.5334821428571428,0.6,0.21428571428571427,0.3157894736842105,0.5446428571428571,0.33023524284362793
"23,15,6,5,9,3,10,17,1,11,5,2,9,7,21",0.5666666666666667,0.5,0.5334821428571428,0.6,0.21428571428571427,0.3157894736842105,0.5446428571428571,0.2826392650604248
"5,15,12,6,22,11,18,11,10,23,12,18,13,16,23",0.5666666666666667,0.5,0.5334821428571428,0.6,0.21428571428571427,0.3157894736842105,0.5446428571428571,0.3162872791290283
"8,21,0,12,3,14,16,4,13,11,16,5,3,11,11",0.4666666666666667,0.7,0.5332589285714286,0.45,0.6428571428571429,0.5294117647058824,0.47767857142857145,0.24286961555480957
"17,14,9,4,4,14,0,4,8,3,12,4,1,19,8",0.4666666666666667,0.7,0.5332589285714286,0.45,0.6428571428571429,0.5294117647058824,0.47767857142857145,0.26277804374694824
"6,10,22,17,5,2,19,3,7,8,8,7,0,12,2",0.6,0.4,0.5319196428571428,0.75,0.21428571428571427,0.3333333333333333,0.5758928571428571,0.36104869842529297
"1,9,3,4,2,18,4,15,16,7,17,13,15,3,15",0.5,0.6,0.5316964285714285,0.47368421052631576,0.6428571428571429,0.5454545454545454,0.5089285714285714,0.25763821601867676
"5,15,2,16,9,15,2,2,10,0,19,2,4,4,19",0.5,0.6,0.5316964285714285,0.47368421052631576,0.6428571428571429,0.5454545454545454,0.5089285714285714,0.9559950828552246
"3,9,6,6,9,1,0,7,5,7,23,17,9,23,13",0.5666666666666667,0.5,0.5301339285714286,0.6666666666666666,0.14285714285714285,0.23529411764705882,0.5401785714285714,0.21469330787658691
"11,16,22,9,11,14,18,9,15,22,7,13,15,13,9",0.5333333333333333,0.5,0.5301339285714286,0.5,0.6428571428571429,0.5625,0.5401785714285714,0.3170323371887207
"21,0,8,10,0,9,15,21,14,8,17,19,9,19,7",0.5666666666666667,0.5,0.5301339285714286,0.6666666666666666,0.14285714285714285,0.23529411764705882,0.5401785714285714,0.4321110248565674
"7,2,6,7,11,20,7,9,0,11,12,2,9,14,18",0.5333333333333333,0.5,0.5301339285714286,0.5,0.6428571428571429,0.5625,0.5401785714285714,0.26927781105041504
"0,14,13,16,21,7,14,16,15,15,3,20,17,5,4",0.4666666666666667,0.7,0.5299107142857142,0.4444444444444444,0.5714285714285714,0.5,0.4732142857142857,0.30510568618774414
"19,0,0,11,4,16,11,0,11,23,0,8,22,0,7",0.4,0.9,0.5296875,0.3888888888888889,0.5,0.4375,0.40625,0.35050296783447266
"19,13,9,15,23,2,16,9,15,15,19,12,7,9,11",0.5666666666666667,0.4,0.5285714285714286,0.5294117647058824,0.6428571428571429,0.5806451612903226,0.5714285714285714,0.4924454689025879
"17,21,12,14,20,3,10,14,0,7,3,23,15,5,16",0.5333333333333333,0.6,0.5283482142857143,0.5,0.07142857142857142,0.125,0.5044642857142857,0.286684513092041
"18,15,10,3,0,20,5,4,0,13,22,4,17,4,18",0.5,0.6,0.5283482142857143,0.47058823529411764,0.5714285714285714,0.5161290322580645,0.5044642857142857,0.38164329528808594
"19,17,12,3,15,8,17,6,12,15,13,3,11,12,5",0.5333333333333333,0.6,0.5283482142857143,0.5,0.07142857142857142,0.125,0.5044642857142857,0.5182943344116211
"14,15,13,7,23,12,12,17,3,10,2,10,8,4,15",0.5,0.6,0.5283482142857143,0.47058823529411764,0.5714285714285714,0.5161290322580645,0.5044642857142857,0.30388522148132324
"4,0,19,4,16,23,9,11,18,0,8,4,0,10,0",0.4666666666666667,0.8,0.528125,0.0,0.0,0.0,0.4375,0.42049717903137207
"21,2,13,9,8,8,2,8,11,10,0,5,0,21,4",0.43333333333333335,0.8,0.528125,0.4117647058823529,0.5,0.45161290322580644,0.4375,0.2858238220214844
"0,21,12,14,7,4,2,0,17,5,23,17,13,4,6",0.6,0.3,0.5270089285714286,0.5625,0.6428571428571429,0.6,0.6026785714285714,0.5011019706726074
"0,4,16,11,9,11,11,0,8,8,0,14,0,10,9",0.5333333333333333,0.5,0.5267857142857143,0.5,0.5714285714285714,0.5333333333333333,0.5357142857142857,0.2657649517059326
"3,23,3,13,3,12,14,14,2,22,13,6,14,19,10",0.5666666666666667,0.5,0.5267857142857143,1.0,0.07142857142857142,0.13333333333333333,0.5357142857142857,0.26967549324035645
"1,10,22,4,11,4,3,6,0,11,1,23,3,3,13",0.5666666666666667,0.5,0.5267857142857143,1.0,0.07142857142857142,0.13333333333333333,0.5357142857142857,0.18306660652160645
"8,13,2,2,21,11,15,7,2,4,15,21,9,11,23",0.5666666666666667,0.5,0.5267857142857143,1.0,0.07142857142857142,0.13333333333333333,0.5357142857142857,0.25838470458984375
"10,8,22,16,9,0,23,15,6,5,9,3,10,17,1",0.5666666666666667,0.5,0.5267857142857143,1.0,0.07142857142857142,0.13333333333333333,0.5357142857142857,0.22654366493225098
"4,0,18,3,9,15,20,8,9,8,20,14,0,4,9",0.5666666666666667,0.5,0.5267857142857143,1.0,0.07142857142857142,0.13333333333333333,0.5357142857142857,0.2913703918457031
"18,14,8,13,2,2,21,11,15,7,2,4,15,21,9",0.5333333333333333,0.5,0.5267857142857143,0.5,0.5714285714285714,0.5333333333333333,0.5357142857142857,0.3400745391845703
"19,0,14,11,4,11,11,12,8,22,3,14,0,10,9",0.4666666666666667,0.7,0.5265625,0.4375,0.5,0.4666666666666667,0.46875,0.39495110511779785
"19,0,16,11,9,11,11,0,8,22,0,13,0,10,9",0.5666666666666667,0.4,0.5252232142857143,0.5333333333333333,0.5714285714285714,0.5517241379310345,0.5669642857142857,0.42992377281188965
"17,14,16,8,20,11,11,16,0,11,0,9,14,10,9",0.5666666666666667,0.4,0.5252232142857143,0.5333333333333333,0.5714285714285714,0.5517241379310345,0.5669642857142857,0.33330774307250977
"3,4,15,12,13,19,13,9,15,23,2,16,9,15,15",0.5666666666666667,0.4,0.5252232142857143,0.5333333333333333,0.5714285714285714,0.5517241379310345,0.5669642857142857,0.30460429191589355
"14,20,10,4,14,21,17,12,2,0,4,15,6,18,18",0.4666666666666667,0.6,0.525,0.4666666666666667,1.0,0.6363636363636364,0.5,0.4378468990325928
"11,6,3,22,6,17,10,13,19,6,19,17,13,18,12",0.5,0.6,0.525,0.4666666666666667,0.5,0.4827586206896552,0.5,1.0120954513549805
"5,17,3,13,19,2,2,9,14,4,12,20,17,5,18",0.5,0.6,0.525,0.4666666666666667,0.5,0.4827586206896552,0.5,0.3308124542236328
"19,4,19,11,9,11,9,0,8,22,8,14,0,10,9",0.5333333333333333,0.6,0.525,0.0,0.0,0.0,0.5,1.0310790538787842
"19,4,14,11,9,11,11,12,8,22,3,14,0,10,9",0.5333333333333333,0.6,0.525,0.0,0.0,0.0,0.5,0.4075617790222168
"2,17,19,12,11,8,20,10,20,5,6,4,16,1,4",0.4666666666666667,0.6,0.525,0.4666666666666667,1.0,0.6363636363636364,0.5,0.3848607540130615
"4,4,19,13,16,17,9,11,4,4,8,0,0,8,0",0.4666666666666667,0.6,0.525,0.4666666666666667,1.0,0.6363636363636364,0.5,0.3544011116027832
"19,4,18,11,0,15,20,0,9,8,20,9,4,4,9",0.4666666666666667,0.6,0.525,0.4666666666666667,1.0,0.6363636363636364,0.5,0.6815807819366455
"12,6,14,0,4,19,10,10,17,17,1,23,17,6,3",0.4666666666666667,0.6,0.525,0.4666666666666667,1.0,0.6363636363636364,0.5,0.5871927738189697
"19,18,17,12,7,5,9,6,16,12,5,16,11,6,3",0.5333333333333333,0.6,0.525,0.0,0.0,0.0,0.5,0.7405240535736084
"1,2,14,8,19,15,11,7,6,5,3,16,1,20,2",0.5,0.5,0.5234375,0.4827586206896552,1.0,0.6511627906976745,0.53125,0.3114809989929199
"8,1,9,3,4,2,18,4,15,16,7,17,13,15,3",0.5,0.5,0.5234375,0.4827586206896552,1.0,0.6511627906976745,0.53125,0.25960826873779297
"0,4,8,3,12,4,1,19,8,18,19,3,16,11,23",0.5333333333333333,0.5,0.5234375,0.5,0.5,0.5,0.53125,0.5822577476501465
"4,0,18,3,0,15,20,8,8,8,20,9,4,4,6",0.5333333333333333,0.5,0.5234375,0.5,0.5,0.5,0.53125,0.28484630584716797
"12,5,13,20,3,8,4,8,11,3,21,7,21,9,21",0.5,0.5,0.5234375,0.4827586206896552,1.0,0.6511627906976745,0.53125,0.24826383590698242
"2,12,9,12,6,9,11,22,5,15,14,8,8,15,4",0.5,0.5,0.5234375,0.4827586206896552,1.0,0.6511627906976745,0.53125,0.23172521591186523
"7,3,23,3,5,8,2,7,8,22,14,20,9,21,9",0.5333333333333333,0.5,0.5234375,0.5,0.5,0.5,0.53125,0.2546658515930176
"16,2,22,1,3,0,4,10,13,20,15,10,3,14,21",0.5333333333333333,0.5,0.5234375,0.5,0.5,0.5,0.53125,0.2702007293701172
"13,12,17,15,5,11,12,17,21,12,14,20,3,10,14",0.5333333333333333,0.5,0.5234375,0.5,0.5,0.5,0.53125,0.28354477882385254
"5,18,14,8,13,2,2,21,11,15,7,2,4,15,21",0.5,0.5,0.5234375,0.4827586206896552,1.0,0.6511627906976745,0.53125,0.32531094551086426
"2,18,14,6,6,22,7,8,6,3,6,1,0,20,2",0.5,0.5,0.5234375,0.4827586206896552,1.0,0.6511627906976745,0.53125,0.277130126953125
"0,20,5,4,0,13,22,4,17,4,18,9,0,0,19",0.5,0.5,0.5234375,0.4827586206896552,1.0,0.6511627906976745,0.53125,0.24701285362243652
"19,18,17,11,17,9,23,1,10,22,4,11,4,3,6",0.5,0.5,0.5234375,0.4827586206896552,1.0,0.6511627906976745,0.53125,0.7477798461914062
"8,12,4,12,22,14,0,21,10,14,11,2,1,5,14",0.5,0.5,0.5234375,0.4827586206896552,1.0,0.6511627906976745,0.53125,0.2250070571899414
"7,8,8,7,0,12,2,15,16,12,12,7,14,22,9",0.5333333333333333,0.5,0.5234375,0.5,0.5,0.5,0.53125,0.2870361804962158
"16,3,9,19,19,17,13,3,7,3,2,5,23,1,13",0.5333333333333333,0.5,0.5234375,0.5,0.5,0.5,0.53125,1.2214982509613037
"22,15,2,2,19,12,22,1,16,2,8,18,18,15,8",0.5,0.5,0.5234375,0.4827586206896552,1.0,0.6511627906976745,0.53125,0.43680715560913086
"20,16,11,13,9,8,13,21,14,12,19,6,1,1,13",0.5,0.5,0.5234375,0.4827586206896552,1.0,0.6511627906976745,0.53125,0.3267073631286621
"9,2,0,16,17,15,19,8,12,16,4,5,20,5,4",0.4666666666666667,0.7,0.5232142857142856,0.42857142857142855,0.42857142857142855,0.42857142857142855,0.4642857142857143,0.25429344177246094
"9,15,22,7,13,15,13,9,2,2,0,5,17,2,11",0.4666666666666667,0.7,0.5232142857142856,0.42857142857142855,0.42857142857142855,0.42857142857142855,0.4642857142857143,0.24191665649414062
"13,5,13,13,14,4,19,3,14,16,11,8,3,16,14",0.5666666666666667,0.4,0.521875,0.5384615384615384,0.5,0.5185185185185185,0.5625,0.26659274101257324
"4,4,13,6,0,2,20,11,5,17,23,11,4,8,23",0.5333333333333333,0.4,0.521875,0.5,1.0,0.6666666666666666,0.5625,0.24837374687194824
"1,12,0,7,19,15,10,6,9,22,0,11,7,5,9",0.5,0.6,0.5216517857142857,0.46153846153846156,0.42857142857142855,0.4444444444444444,0.4955357142857143,0.25710105895996094
"0,4,19,10,10,17,17,1,23,17,6,3,2,13,13",0.5,0.6,0.5216517857142857,0.46153846153846156,0.42857142857142855,0.4444444444444444,0.4955357142857143,0.7736465930938721
"14,16,4,13,11,16,5,3,11,11,16,22,9,11,14",0.5,0.6,0.5216517857142857,0.46153846153846156,0.42857142857142855,0.4444444444444444,0.4955357142857143,0.3091249465942383
"19,11,6,3,22,6,17,10,13,19,6,19,17,13,18",0.4666666666666667,0.6,0.5216517857142857,0.4642857142857143,0.9285714285714286,0.6190476190476191,0.4955357142857143,1.2637207508087158
"3,19,14,0,23,10,15,8,14,11,18,17,22,10,13",0.5,0.6,0.5216517857142857,0.46153846153846156,0.42857142857142855,0.4444444444444444,0.4955357142857143,0.4776136875152588
"18,14,14,19,1,10,7,15,22,5,17,17,0,2,21",0.6,0.3,0.5203125,0.5833333333333334,0.5,0.5384615384615384,0.59375,0.4210295677185058
"13,23,1,16,9,16,12,8,3,4,15,12,13,19,13",0.5333333333333333,0.5,0.5200892857142857,0.5,0.42857142857142855,0.46153846153846156,0.5267857142857143,0.29448628425598145
"4,12,0,12,15,19,1,1,14,12,14,8,1,17,7",0.5333333333333333,0.5,0.5200892857142857,0.5,0.42857142857142855,0.46153846153846156,0.5267857142857143,0.3205246925354004
"14,10,0,15,7,17,18,0,17,2,15,1,3,10,0",0.5,0.5,0.5200892857142857,0.48148148148148145,0.9285714285714286,0.6341463414634146,0.5267857142857143,0.374431848526001
"20,9,21,9,7,2,8,1,9,2,9,18,5,18,14",0.5,0.5,0.5200892857142857,0.48148148148148145,0.9285714285714286,0.6341463414634146,0.5267857142857143,0.3700706958770752
"8,6,3,9,0,7,3,22,3,15,20,11,5,3,0",0.5333333333333333,0.5,0.5200892857142857,0.5,0.42857142857142855,0.46153846153846156,0.5267857142857143,0.1967766284942627
"14,8,17,19,9,19,7,3,23,3,5,8,2,7,8",0.5333333333333333,0.5,0.5200892857142857,0.5,0.42857142857142855,0.46153846153846156,0.5267857142857143,0.3626518249511719
"2,15,5,4,6,17,11,4,4,9,3,5,17,9,14",0.5333333333333333,0.5,0.5200892857142857,0.5,0.42857142857142855,0.46153846153846156,0.5267857142857143,0.23191261291503906
"16,12,1,9,8,21,2,11,22,15,20,8,3,17,13",0.5333333333333333,0.5,0.5200892857142857,0.5,0.42857142857142855,0.46153846153846156,0.5267857142857143,0.31957578659057617
"19,0,8,11,9,11,11,0,8,22,3,14,0,10,9",0.4,0.9,0.5196428571428572,0.3333333333333333,0.2857142857142857,0.3076923076923077,0.39285714285714285,0.38025522232055664
"4,4,14,3,9,11,11,8,8,22,3,14,0,4,6",0.5666666666666667,0.4,0.5185267857142857,0.5454545454545454,0.42857142857142855,0.48,0.5580357142857143,0.22647380828857422
"2,5,16,12,6,5,0,0,17,18,11,19,10,12,23",0.5666666666666667,0.4,0.5185267857142857,0.5454545454545454,0.42857142857142855,0.48,0.5580357142857143,0.296966552734375
"12,0,12,15,19,1,1,14,12,14,8,1,17,7,8",0.5,0.6,0.5183035714285715,0.45454545454545453,0.35714285714285715,0.4,0.4910714285714286,0.3075439929962158
"14,1,17,22,2,5,16,12,6,5,0,0,17,18,11",0.5,0.6,0.5183035714285715,0.45454545454545453,0.35714285714285715,0.4,0.4910714285714286,0.29977941513061523
"1,19,17,12,3,15,8,17,6,12,15,13,3,11,12",0.5,0.6,0.5183035714285714,0.45454545454545453,0.35714285714285715,0.4,0.4910714285714286,0.5218920707702637
"13,13,3,0,4,14,13,0,6,0,1,14,5,9,20",0.4666666666666667,0.6,0.5183035714285714,0.46153846153846156,0.8571428571428571,0.6,0.49107142857142855,0.2437300682067871
"18,18,9,22,3,8,13,9,16,15,14,11,9,21,12",0.4666666666666667,0.6,0.5183035714285714,0.4615384615384615,0.8571428571428571,0.6,0.4910714285714285,0.5951857566833496
"11,18,15,5,23,11,16,0,14,14,17,15,19,18,14",0.5,0.6,0.5183035714285714,0.45454545454545453,0.35714285714285715,0.4,0.4910714285714286,0.5979423522949219
"4,4,14,3,9,3,11,8,8,22,3,14,0,10,6",0.4666666666666667,0.6,0.5183035714285714,0.46153846153846156,0.8571428571428571,0.6,0.49107142857142855,0.23914027214050293
"11,14,15,10,23,1,10,10,12,3,0,22,14,5,2",0.5,0.6,0.5183035714285714,0.45454545454545453,0.35714285714285715,0.4,0.4910714285714286,0.2554774284362793
"2,22,1,3,0,4,10,13,20,15,10,3,14,21,15",0.4666666666666667,0.6,0.5183035714285714,0.46153846153846156,0.8571428571428571,0.6,0.49107142857142855,0.263124942779541
"0,9,15,21,14,8,17,19,9,19,7,3,23,3,5",0.43333333333333335,0.8,0.5180803571428572,0.36363636363636365,0.2857142857142857,0.32,0.42410714285714285,0.3639247417449951
"5,16,1,16,0,20,3,6,3,15,14,16,8,7,1",0.6,0.3,0.5169642857142857,0.6,0.42857142857142855,0.5,0.5892857142857143,0.2679927349090576
"1,15,7,4,22,12,3,14,8,17,6,1,10,12,2",0.5,0.5,0.5167410714285714,0.48,0.8571428571428571,0.6153846153846154,0.5223214285714286,0.28979945182800293
"22,9,7,3,12,13,5,13,13,14,4,19,3,14,16",0.5333333333333333,0.5,0.5167410714285714,0.5,0.35714285714285715,0.4166666666666667,0.5223214285714286,0.2707648277282715
"15,12,13,19,13,9,15,23,2,16,9,15,15,19,12",0.5333333333333333,0.5,0.5167410714285714,0.5,0.35714285714285715,0.4166666666666667,0.5223214285714286,0.36114501953125
"1,16,9,16,12,8,3,4,15,12,13,19,13,9,15",0.5333333333333333,0.5,0.5167410714285714,0.5,0.35714285714285715,0.4166666666666667,0.5223214285714286,0.295257568359375
"10,3,3,9,0,0,5,19,2,15,15,18,6,3,4",0.5,0.5,0.5167410714285714,0.48,0.8571428571428571,0.6153846153846154,0.5223214285714286,0.24291491508483887
"19,9,5,14,0,8,2,10,8,22,16,9,0,23,15",0.5,0.5,0.5167410714285714,0.48,0.8571428571428571,0.6153846153846154,0.5223214285714286,0.372830867767334
"17,11,4,4,9,3,5,17,9,14,6,2,3,4,0",0.5,0.5,0.5167410714285714,0.48,0.8571428571428571,0.6153846153846154,0.5223214285714286,0.23076081275939941
"18,6,1,16,8,14,8,21,0,12,3,14,16,4,13",0.5,0.5,0.5167410714285714,0.48,0.8571428571428571,0.6153846153846154,0.5223214285714286,0.32299089431762695
"23,1,10,10,12,3,0,22,14,5,2,20,16,14,17",0.5,0.5,0.5167410714285714,0.48,0.8571428571428571,0.6153846153846154,0.5223214285714286,0.28180932998657227
"4,12,5,2,12,9,12,6,9,11,22,5,15,14,8",0.5333333333333333,0.5,0.5167410714285714,0.5,0.35714285714285715,0.4166666666666667,0.5223214285714286,0.2226705551147461
"11,4,17,14,5,4,4,18,3,0,15,20,8,9,8",0.43333333333333335,0.7,0.5165178571428571,0.44,0.7857142857142857,0.5641025641025641,0.45535714285714285,0.3062469959259033
"0,8,2,10,8,22,16,9,0,23,15,6,5,9,3",0.4666666666666667,0.7,0.5165178571428571,0.4,0.2857142857142857,0.3333333333333333,0.45535714285714285,0.21403932571411133
"4,12,6,12,4,7,20,5,1,3,7,3,13,0,19",0.4666666666666667,0.6,0.5149553571428571,0.4583333333333333,0.7857142857142857,0.5789473684210527,0.48660714285714285,0.22344684600830078
"13,19,13,9,15,23,2,16,9,15,15,19,12,7,9",0.5,0.6,0.5149553571428571,0.4444444444444444,0.2857142857142857,0.34782608695652173,0.48660714285714285,0.35013794898986816
"5,12,15,0,4,4,13,6,0,2,20,11,5,17,23",0.4666666666666667,0.6,0.5149553571428571,0.4583333333333333,0.7857142857142857,0.5789473684210527,0.48660714285714285,0.19600892066955566
"11,12,6,17,16,22,9,15,20,5,4,4,8,0,18",0.5,0.5,0.5133928571428571,0.4782608695652174,0.7857142857142857,0.5945945945945946,0.5178571428571428,0.3305051326751709
"10,2,2,15,12,19,19,10,5,20,16,11,13,9,8",0.5333333333333333,0.5,0.5133928571428571,0.5,0.2857142857142857,0.36363636363636365,0.5178571428571428,0.8389148712158203
"18,3,0,15,20,8,9,8,20,9,4,4,6,19,15",0.5,0.5,0.5133928571428571,0.4782608695652174,0.7857142857142857,0.5945945945945946,0.5178571428571428,0.3524131774902344
"8,8,7,0,12,2,15,16,12,12,7,14,22,9,7",0.5,0.5,0.5133928571428571,0.4782608695652174,0.7857142857142857,0.5945945945945946,0.5178571428571428,0.2690901756286621
"15,10,9,4,2,1,9,0,16,0,13,4,2,19,4",0.5333333333333333,0.5,0.5133928571428571,0.5,0.2857142857142857,0.36363636363636365,0.5178571428571428,0.23329877853393555
"7,17,18,0,17,2,15,1,3,10,0,7,6,15,8",0.5333333333333333,0.5,0.5133928571428571,0.5,0.2857142857142857,0.36363636363636365,0.5178571428571428,0.38798069953918457
"0,10,9,22,15,14,9,1,0,1,2,0,16,9,13",0.4666666666666667,0.7,0.5131696428571428,0.375,0.21428571428571427,0.2727272727272727,0.45089285714285715,0.23787927627563477
"19,4,14,11,9,11,11,0,8,22,3,0,0,10,9",0.4,0.9,0.5129464285714286,0.25,0.14285714285714285,0.18181818181818182,0.3839285714285714,0.395627498626709
"10,1,22,2,17,19,12,11,8,20,10,20,5,6,4",0.6,0.2,0.5120535714285714,0.5454545454545454,0.8571428571428571,0.6666666666666666,0.6160714285714286,0.3538672924041748
"22,11,4,17,14,5,4,4,18,3,0,15,20,8,9",0.5666666666666667,0.4,0.5118303571428571,0.5714285714285714,0.2857142857142857,0.38095238095238093,0.5491071428571428,0.2619004249572754
"19,0,16,4,9,4,11,0,0,0,0,5,0,9,9",0.4666666666666667,0.6,0.5116071428571429,0.45454545454545453,0.7142857142857143,0.5555555555555556,0.48214285714285715,0.38230156898498535
"0,7,3,23,15,5,16,11,23,6,11,2,4,14,16",0.5,0.6,0.5116071428571429,0.42857142857142855,0.21428571428571427,0.2857142857142857,0.48214285714285715,0.25511765480041504
"0,2,9,14,12,16,2,23,16,9,6,22,10,7,14",0.4666666666666667,0.6,0.5116071428571428,0.45454545454545453,0.7142857142857143,0.5555555555555556,0.48214285714285715,0.28493285179138184
"23,17,22,1,9,14,12,9,2,9,15,14,11,9,17",0.5,0.6,0.5116071428571428,0.42857142857142855,0.21428571428571427,0.2857142857142857,0.48214285714285715,0.5486171245574951
"15,13,4,21,2,13,9,8,8,2,8,11,10,0,5",0.5666666666666667,0.3,0.5102678571428572,0.5238095238095238,0.7857142857142857,0.6285714285714286,0.5803571428571428,0.2804982662200928
"3,10,0,7,6,15,8,12,4,12,22,14,0,21,10",0.5,0.5,0.5100446428571429,0.47619047619047616,0.7142857142857143,0.5714285714285714,0.5133928571428572,0.24210143089294434
"4,13,11,16,5,3,11,11,16,22,9,11,14,18,9",0.5,0.5,0.5100446428571429,0.47619047619047616,0.7142857142857143,0.5714285714285714,0.5133928571428572,0.28888940811157227
"7,3,22,3,15,20,11,5,3,0,20,14,17,19,11",0.5,0.5,0.5100446428571429,0.47619047619047616,0.7142857142857143,0.5714285714285714,0.5133928571428572,0.3515324592590332
"22,14,20,9,21,9,7,2,8,1,9,2,9,18,5",0.5,0.5,0.5100446428571429,0.47619047619047616,0.7142857142857143,0.5714285714285714,0.5133928571428572,0.3251521587371826
"0,0,5,9,16,5,14,15,13,7,23,12,12,17,3",0.5333333333333333,0.5,0.5100446428571428,0.5,0.21428571428571427,0.3,0.5133928571428571,0.2639181613922119
"2,14,22,10,21,14,3,10,15,12,3,18,11,4,15",0.5333333333333333,0.5,0.5100446428571428,0.5,0.21428571428571427,0.3,0.5133928571428571,0.3032050132751465
"19,9,6,3,12,9,12,12,7,5,18,17,5,4,3",0.5333333333333333,0.5,0.5100446428571428,0.5,0.21428571428571427,0.3,0.5133928571428571,0.41391921043395996
"2,10,8,22,16,9,0,23,15,6,5,9,3,10,17",0.5333333333333333,0.5,0.5100446428571428,0.5,0.21428571428571427,0.3,0.5133928571428571,0.2232348918914795
"0,4,10,13,20,15,10,3,14,21,15,8,21,16,21",0.5333333333333333,0.5,0.5100446428571428,0.5,0.21428571428571427,0.3,0.5133928571428571,0.271456241607666
"16,15,19,4,6,11,9,4,4,9,8,5,17,14,0",0.43333333333333335,0.7,0.5098214285714286,0.42857142857142855,0.6428571428571429,0.5142857142857142,0.44642857142857145,0.2778182029724121
"14,17,19,11,6,3,22,6,17,10,13,19,6,19,17",0.4666666666666667,0.7,0.5098214285714285,0.3333333333333333,0.14285714285714285,0.2,0.4464285714285714,1.179645299911499
"8,20,3,7,1,5,1,3,8,9,4,16,3,9,19",0.5333333333333333,0.4,0.5084821428571429,0.5,0.7142857142857143,0.5882352941176471,0.5446428571428572,0.19012451171875
"22,17,18,14,13,10,7,17,23,5,16,1,14,2,16",0.5333333333333333,0.4,0.5084821428571429,0.5,0.7142857142857143,0.5882352941176471,0.5446428571428572,0.5708391666412354
"19,13,2,18,14,6,6,22,7,8,6,3,6,1,0",0.5666666666666667,0.4,0.5084821428571428,0.6,0.21428571428571427,0.3157894736842105,0.5446428571428571,0.367443323135376
"8,4,17,23,5,16,1,14,8,16,0,9,0,8,11",0.4666666666666667,0.6,0.5082589285714286,0.45,0.6428571428571429,0.5294117647058824,0.47767857142857145,0.45278000831604004
"13,22,4,17,4,18,9,0,0,19,5,2,9,4,8",0.4666666666666667,0.6,0.5082589285714286,0.45,0.6428571428571429,0.5294117647058824,0.47767857142857145,0.27629590034484863
"3,16,7,4,0,14,3,0,4,11,16,5,18,6,1",0.5,0.6,0.5082589285714285,0.4,0.14285714285714285,0.21052631578947367,0.4776785714285714,0.2512531280517578
"9,15,15,19,12,7,9,11,18,16,9,3,16,0,22",0.6,0.3,0.5069196428571427,0.75,0.21428571428571427,0.3333333333333333,0.5758928571428571,0.319399356842041
"7,8,18,9,14,10,1,1,9,5,2,21,5,6,16",0.5,0.5,0.5066964285714286,0.47368421052631576,0.6428571428571429,0.5454545454545454,0.5089285714285714,0.23242998123168945
"7,4,18,14,14,15,1,1,8,14,2,5,5,18,16",0.5,0.5,0.5066964285714286,0.47368421052631576,0.6428571428571429,0.5454545454545454,0.5089285714285714,0.30886197090148926
"0,12,3,20,2,8,19,13,2,18,14,6,6,22,7",0.5333333333333333,0.5,0.5066964285714286,0.5,0.14285714285714285,0.2222222222222222,0.5089285714285714,0.24552249908447266
"16,11,3,14,20,13,11,3,3,6,11,0,14,6,22",0.5333333333333333,0.5,0.5066964285714286,0.5,0.14285714285714285,0.2222222222222222,0.5089285714285714,0.2648193836212158
"0,10,18,3,19,14,0,23,10,15,8,14,11,18,17",0.5333333333333333,0.5,0.5066964285714286,0.5,0.14285714285714285,0.2222222222222222,0.5089285714285714,0.6354639530181885
"9,7,21,1,14,11,22,15,13,16,11,6,18,12,8",0.5333333333333333,0.5,0.5066964285714286,0.5,0.14285714285714285,0.2222222222222222,0.5089285714285714,0.3105790615081787
"0,9,14,17,0,10,21,16,1,4,3,0,1,13,2",0.4666666666666667,0.7,0.5064732142857142,0.25,0.07142857142857142,0.1111111111111111,0.4419642857142857,0.29787564277648926
"12,10,1,12,0,7,19,15,10,6,9,22,0,11,7",0.4666666666666667,0.7,0.5064732142857142,0.25,0.07142857142857142,0.1111111111111111,0.4419642857142857,0.2620370388031006
"5,4,0,13,22,4,17,4,18,9,0,0,19,5,2",0.43333333333333335,0.7,0.5064732142857142,0.42105263157894735,0.5714285714285714,0.48484848484848486,0.4419642857142857,0.260575532913208
"0,13,0,9,16,10,15,14,3,11,8,18,3,15,15",0.5333333333333333,0.4,0.5051339285714286,0.5,0.6428571428571429,0.5625,0.5401785714285714,0.26816511154174805
"18,12,4,21,4,11,15,23,17,22,1,9,14,12,9",0.5666666666666667,0.4,0.5051339285714286,0.6666666666666666,0.14285714285714285,0.23529411764705882,0.5401785714285714,0.3616354465484619
"0,1,16,11,3,14,20,13,11,3,3,6,11,0,14",0.5666666666666667,0.4,0.5051339285714286,0.6666666666666666,0.14285714285714285,0.23529411764705882,0.5401785714285714,0.2464447021484375
"4,2,18,4,15,16,7,17,13,15,3,15,17,20,2",0.5666666666666667,0.4,0.5051339285714286,0.6666666666666666,0.14285714285714285,0.23529411764705882,0.5401785714285714,0.31193041801452637
"12,4,9,7,15,22,17,12,11,10,14,9,15,15,10",0.5666666666666667,0.4,0.5051339285714286,0.6666666666666666,0.14285714285714285,0.23529411764705882,0.5401785714285714,0.3103463649749756
"9,3,5,17,9,14,6,2,3,4,0,19,4,16,11",0.5333333333333333,0.4,0.5051339285714286,0.5,0.6428571428571429,0.5625,0.5401785714285714,0.2760789394378662
"17,2,22,16,3,22,2,7,8,18,14,14,15,1,1",0.4666666666666667,0.6,0.5049107142857143,0.4444444444444444,0.5714285714285714,0.5,0.4732142857142857,0.31847167015075684
"11,16,17,18,0,17,2,16,21,2,10,7,3,13,21",0.5,0.6,0.5049107142857143,0.3333333333333333,0.07142857142857142,0.11764705882352941,0.4732142857142857,0.4142463207244873
"4,0,17,7,20,14,15,13,0,2,9,14,12,16,2",0.5,0.6,0.5049107142857143,0.3333333333333333,0.07142857142857142,0.11764705882352941,0.4732142857142857,0.27063989639282227
"10,15,5,4,6,17,11,4,4,9,3,5,17,9,14",0.5,0.6,0.5049107142857143,0.3333333333333333,0.07142857142857142,0.11764705882352941,0.4732142857142857,0.2093791961669922
"15,1,3,10,0,7,6,15,8,12,4,12,22,14,0",0.5666666666666667,0.3,0.5035714285714286,0.5294117647058824,0.6428571428571429,0.5806451612903226,0.5714285714285714,0.26706528663635254
"8,9,4,16,3,9,19,19,17,13,3,7,3,2,5",0.5333333333333333,0.5,0.5033482142857143,0.5,0.07142857142857142,0.125,0.5044642857142857,1.2412123680114746
"7,4,18,14,14,15,1,1,8,14,4,5,5,18,16",0.5333333333333333,0.5,0.5033482142857143,0.5,0.07142857142857142,0.125,0.5044642857142857,0.27292609214782715
"6,3,16,11,14,15,10,23,1,10,10,12,3,0,22",0.5,0.5,0.5033482142857143,0.47058823529411764,0.5714285714285714,0.5161290322580645,0.5044642857142857,0.2654421329498291
"14,0,23,10,15,8,14,11,18,17,22,10,13,9,16",0.5333333333333333,0.5,0.5033482142857143,0.5,0.07142857142857142,0.125,0.5044642857142857,0.3364408016204834
"10,22,17,5,2,19,3,7,8,8,7,0,12,2,15",0.5333333333333333,0.5,0.5033482142857143,0.5,0.07142857142857142,0.125,0.5044642857142857,0.3717155456542969
"12,9,12,6,9,11,22,5,15,14,8,8,15,4,12",0.5333333333333333,0.5,0.5033482142857143,0.5,0.07142857142857142,0.125,0.5044642857142857,0.2559998035430908
"19,13,17,23,13,10,16,8,13,20,17,14,9,4,4",0.5333333333333333,0.5,0.5033482142857143,0.5,0.07142857142857142,0.125,0.5044642857142857,0.4248936176300049
"15,4,12,6,12,4,7,20,5,1,3,7,3,13,0",0.5333333333333333,0.5,0.5033482142857143,0.5,0.07142857142857142,0.125,0.5044642857142857,0.21491718292236328
"16,5,14,4,13,7,9,12,12,0,3,10,2,10,0",0.5333333333333333,0.5,0.5033482142857143,0.5,0.07142857142857142,0.125,0.5044642857142857,0.26180076599121094
"4,0,3,21,4,8,15,13,17,18,8,5,14,5,4",0.5333333333333333,0.5,0.5033482142857143,0.5,0.07142857142857142,0.125,0.5044642857142857,0.26468658447265625
"19,0,19,11,9,11,9,0,8,22,8,14,0,10,9",0.5333333333333333,0.5,0.5033482142857143,0.5,0.07142857142857142,0.125,0.5044642857142857,1.0200285911560059
"8,22,14,20,9,21,9,7,2,8,1,9,2,9,18",0.5333333333333333,0.5,0.5033482142857143,0.5,0.07142857142857142,0.125,0.5044642857142857,0.308563232421875
"19,4,14,11,9,11,11,0,16,0,3,8,0,19,9",0.43333333333333335,0.7,0.503125,0.4117647058823529,0.5,0.45161290322580644,0.4375,0.3805105686187744
"11,4,2,4,15,0,6,9,18,0,8,19,16,5,17",0.5666666666666667,0.4,0.5017857142857143,1.0,0.07142857142857142,0.13333333333333333,0.5357142857142857,0.2691166400909424
"13,18,12,4,9,7,15,22,17,12,11,10,14,9,15",0.4666666666666667,0.6,0.5015625,0.4375,0.5,0.4666666666666667,0.46875,0.30423784255981445
"14,10,9,10,0,1,2,2,16,9,13,8,14,19,2",0.4666666666666667,0.6,0.5015625,0.4375,0.5,0.4666666666666667,0.46875,0.306288480758667
"18,15,5,23,11,16,0,14,14,17,15,19,18,14,14",0.4666666666666667,0.6,0.5015625,0.4375,0.5,0.4666666666666667,0.46875,0.6565196514129639
"23,0,8,22,0,14,0,10,9,22,15,14,9,1,0",0.5,0.6,0.5015625,0.0,0.0,0.0,0.46875,0.23726654052734375
"0,14,14,13,18,10,7,7,10,21,1,11,10,10,16",0.5333333333333333,0.5,0.5,0.0,0.0,0.0,0.5,0.30936241149902344
"3,6,20,12,5,13,20,3,8,4,8,11,3,21,7",0.5333333333333333,0.5,0.5,0.0,0.0,0.0,0.5,0.2576570510864258
"22,12,3,14,8,17,6,1,10,12,2,13,14,13,13",0.4666666666666667,0.5,0.5,0.4666666666666667,1.0,0.6363636363636364,0.5,0.2959611415863037
"22,13,18,7,9,13,7,9,4,9,23,11,5,10,20",0.5333333333333333,0.5,0.5,0.0,0.0,0.0,0.5,0.2809641361236572
"20,1,0,7,17,0,0,5,9,16,5,14,15,13,7",0.4666666666666667,0.5,0.5,0.4666666666666667,1.0,0.6363636363636364,0.5,0.2274186611175537
"9,11,22,5,15,14,8,8,15,4,12,6,12,4,7",0.4666666666666667,0.5,0.5,0.4666666666666667,1.0,0.6363636363636364,0.5,0.22145724296569824
"5,23,3,16,7,4,0,14,3,0,4,11,16,5,18",0.5333333333333333,0.5,0.5,0.0,0.0,0.0,0.5,0.3537280559539795
"0,3,16,0,11,8,9,14,18,13,20,17,10,9,17",0.5333333333333333,0.5,0.5,0.0,0.0,0.0,0.5,0.35179638862609863
"22,8,23,2,17,12,8,15,6,18,13,11,1,11,18",0.4666666666666667,0.5,0.5,0.4666666666666667,1.0,0.6363636363636364,0.5,0.270352840423584
"0,20,3,6,3,15,14,16,8,7,1,13,7,9,10",0.4666666666666667,0.5,0.5,0.4666666666666667,1.0,0.6363636363636364,0.5,0.3184647560119629
"3,20,2,8,19,13,2,18,14,6,6,22,7,8,6",0.4666666666666667,0.5,0.5,0.4666666666666667,1.0,0.6363636363636364,0.5,0.25608229637145996
"14,4,13,10,23,11,2,2,8,12,15,5,8,4,2",0.5,0.5,0.5,0.4666666666666667,0.5,0.4827586206896552,0.5,0.29137516021728516
"22,15,14,9,1,0,1,2,0,16,9,13,8,14,19",0.5333333333333333,0.5,0.5,0.0,0.0,0.0,0.5,0.2777719497680664
"12,11,3,9,23,16,5,22,8,5,13,4,2,17,18",0.4666666666666667,0.5,0.5,0.4666666666666667,1.0,0.6363636363636364,0.5,0.31977176666259766
"8,16,1,18,16,5,23,3,16,7,4,0,14,3,0",0.5333333333333333,0.5,0.5,0.0,0.0,0.0,0.5,0.3282952308654785
"5,0,23,17,9,23,13,7,8,13,10,13,4,5,9",0.5333333333333333,0.5,0.5,0.0,0.0,0.0,0.5,0.5036652088165283
"23,14,6,10,3,23,3,13,3,12,14,14,2,22,13",0.4666666666666667,0.5,0.5,0.4666666666666667,1.0,0.6363636363636364,0.5,0.2607259750366211
"20,14,17,19,11,6,3,22,6,17,10,13,19,6,19",0.5333333333333333,0.5,0.5,0.0,0.0,0.0,0.5,1.0494751930236816
"12,6,15,14,19,12,7,2,6,7,11,20,7,9,0",0.5333333333333333,0.5,0.5,0.0,0.0,0.0,0.5,0.2461988925933838
"17,4,10,1,0,2,16,16,16,15,5,4,6,17,11",0.5333333333333333,0.5,0.5,0.0,0.0,0.0,0.5,0.28926563262939453
"6,1,16,8,14,8,21,0,12,3,14,16,4,13,11",0.5333333333333333,0.5,0.5,0.0,0.0,0.0,0.5,0.4064199924468994
"13,18,7,9,13,7,9,4,9,23,11,5,10,20,3",0.5333333333333333,0.5,0.5,0.0,0.0,0.0,0.5,0.2856028079986572
"20,2,8,19,13,2,18,14,6,6,22,7,8,6,3",0.5333333333333333,0.5,0.5,0.0,0.0,0.0,0.5,0.25128769874572754
"1,13,23,8,16,6,3,7,14,23,10,21,14,8,6",0.5333333333333333,0.5,0.5,0.0,0.0,0.0,0.5,0.2788212299346924
"9,0,21,7,3,9,20,15,4,10,23,5,13,4,1",0.4666666666666667,0.5,0.5,0.4666666666666667,1.0,0.6363636363636364,0.5,0.2000260353088379
"4,4,19,3,0,11,9,8,9,8,8,9,4,12,0",0.5333333333333333,0.5,0.5,0.0,0.0,0.0,0.5,0.34880852699279785
"2,19,11,4,6,1,1,7,4,0,3,21,4,8,15",0.5333333333333333,0.5,0.5,0.0,0.0,0.0,0.5,0.37079930305480957
"16,7,12,3,2,1,12,12,21,8,17,4,9,13,3",0.5333333333333333,0.5,0.5,0.0,0.0,0.0,0.5,0.27852606773376465
"21,4,6,10,7,20,3,8,0,14,9,8,19,0,7",0.5333333333333333,0.5,0.5,0.0,0.0,0.0,0.5,0.24075031280517578
"21,2,0,16,0,10,20,15,7,7,5,15,12,6,22",0.5333333333333333,0.5,0.5,0.0,0.0,0.0,0.5,0.38939905166625977
"3,2,19,9,11,13,10,9,6,3,15,18,4,7,20",0.4666666666666667,0.5,0.5,0.4666666666666667,1.0,0.6363636363636364,0.5,0.39875197410583496
"23,15,5,16,11,23,6,11,2,4,14,16,22,7,3",0.5333333333333333,0.5,0.5,0.0,0.0,0.0,0.5,0.3123035430908203
"23,2,9,10,6,16,2,9,23,11,1,13,11,6,11",0.4666666666666667,0.5,0.5,0.4666666666666667,1.0,0.6363636363636364,0.5,0.25341200828552246
"6,23,10,2,1,15,10,4,0,17,7,20,14,15,13",0.5333333333333333,0.5,0.5,0.0,0.0,0.0,0.5,0.27277493476867676
"6,4,16,11,9,11,8,2,6,13,0,5,3,8,4",0.5333333333333333,0.5,0.5,0.0,0.0,0.0,0.5,0.2403092384338379
"8,7,3,3,17,22,17,18,14,13,10,7,17,23,5",0.4666666666666667,0.5,0.5,0.4666666666666667,1.0,0.6363636363636364,0.5,0.3790619373321533
"17,6,9,4,3,1,4,23,0,11,9,0,19,15,6",0.5333333333333333,0.5,0.5,0.0,0.0,0.0,0.5,0.24780678749084473
"2,19,3,7,8,8,7,0,12,2,15,16,12,12,7",0.5333333333333333,0.5,0.5,0.0,0.0,0.0,0.5,0.38216495513916016
"5,5,11,9,22,12,16,8,14,4,8,6,17,6,13",0.4666666666666667,0.5,0.5,0.4666666666666667,1.0,0.6363636363636364,0.5,0.2465970516204834
"20,17,5,19,2,15,13,13,21,7,13,0,17,22,1",0.5333333333333333,0.5,0.5,0.0,0.0,0.0,0.5,0.5963408946990967
"6,2,3,4,0,19,4,16,11,9,11,23,0,8,22",0.4666666666666667,0.5,0.5,0.4666666666666667,1.0,0.6363636363636364,0.5,0.443256139755249
"3,16,14,1,7,3,21,0,4,2,7,12,16,0,17",0.5,0.5,0.5,0.4666666666666667,0.5,0.4827586206896552,0.5,0.27775144577026367
"14,0,8,2,10,8,22,16,9,0,23,15,6,5,9",0.5333333333333333,0.5,0.5,0.0,0.0,0.0,0.5,0.28284358978271484
"3,21,4,8,15,13,17,18,8,5,14,5,4,1,6",0.4666666666666667,0.5,0.5,0.4666666666666667,1.0,0.6363636363636364,0.5,0.2850043773651123
"3,5,8,2,7,8,22,14,20,9,21,9,7,2,8",0.4666666666666667,0.5,0.5,0.4666666666666667,1.0,0.6363636363636364,0.5,0.2402801513671875
"14,7,2,12,10,2,2,19,11,4,6,1,1,7,4",0.4666666666666667,0.5,0.5,0.4666666666666667,1.0,0.6363636363636364,0.5,0.22965312004089355
"22,2,11,16,4,11,18,9,9,5,8,20,7,6,22",0.4666666666666667,0.5,0.5,0.4666666666666667,1.0,0.6363636363636364,0.5,0.2435915470123291
"14,13,16,21,7,14,16,15,15,3,20,17,5,4,4",0.5333333333333333,0.5,0.5,0.0,0.0,0.0,0.5,0.2930467128753662
"23,10,14,15,0,9,19,3,11,23,6,9,4,19,18",0.5333333333333333,0.5,0.5,0.0,0.0,0.0,0.5,0.5135438442230225
"14,8,21,0,12,3,14,16,4,13,11,16,5,3,11",0.4666666666666667,0.5,0.5,0.4666666666666667,1.0,0.6363636363636364,0.5,0.2859973907470703
"1,10,4,4,12,0,12,15,19,1,1,14,12,14,8",0.5333333333333333,0.5,0.5,0.0,0.0,0.0,0.5,0.2874932289123535
"9,12,6,9,11,22,5,15,14,8,8,15,4,12,6",0.4666666666666667,0.5,0.5,0.4666666666666667,1.0,0.6363636363636364,0.5,0.23647284507751465
"22,6,17,10,13,19,6,19,17,13,18,12,4,9,7",0.5333333333333333,0.5,0.5,0.0,0.0,0.0,0.5,1.0844829082489014
"3,10,0,3,14,7,4,21,4,0,12,1,15,14,10",0.4666666666666667,0.5,0.5,0.4666666666666667,1.0,0.6363636363636364,0.5,0.1976757049560547
"19,9,19,7,3,23,3,5,8,2,7,8,22,14,20",0.5333333333333333,0.5,0.5,0.0,0.0,0.0,0.5,0.43416333198547363
"1,18,16,5,23,3,16,7,4,0,14,3,0,4,11",0.4666666666666667,0.5,0.5,0.4666666666666667,1.0,0.6363636363636364,0.5,0.3851642608642578
"0,9,16,15,0,2,16,16,1,4,23,0,15,8,4",0.4666666666666667,0.5,0.5,0.4666666666666667,1.0,0.6363636363636364,0.5,0.25416040420532227
"6,3,12,9,12,12,7,5,18,17,5,4,3,8,18",0.5333333333333333,0.5,0.5,0.0,0.0,0.0,0.5,0.28850293159484863
"6,9,1,0,7,5,7,23,17,9,23,13,7,16,13",0.5333333333333333,0.5,0.5,0.0,0.0,0.0,0.5,0.22578001022338867
"2,14,5,23,13,7,17,7,1,7,18,13,11,23,16",0.4666666666666667,0.5,0.5,0.4666666666666667,1.0,0.6363636363636364,0.5,0.3553926944732666
"2,4,4,19,6,18,14,22,12,15,7,15,15,14,21",0.4666666666666667,0.5,0.5,0.4666666666666667,1.0,0.6363636363636364,0.5,0.701817512512207
"19,7,14,11,13,11,11,12,8,22,3,10,2,10,8",0.4666666666666667,0.5,0.5,0.4666666666666667,1.0,0.6363636363636364,0.5,0.4047229290008545
"21,16,6,8,19,17,19,5,9,23,0,15,1,3,20",0.5333333333333333,0.5,0.5,0.0,0.0,0.0,0.5,0.8532078266143799
"6,6,22,7,8,6,3,6,1,0,20,2,0,11,4",0.5333333333333333,0.5,0.5,0.0,0.0,0.0,0.5,0.16185617446899414
"14,0,4,8,3,12,4,1,19,8,18,19,3,16,11",0.4666666666666667,0.5,0.5,0.4666666666666667,1.0,0.6363636363636364,0.5,0.5789053440093994
"11,9,11,23,0,8,22,0,14,0,10,9,22,15,14",0.5333333333333333,0.5,0.5,0.0,0.0,0.0,0.5,0.26073646545410156
"1,15,22,8,0,3,16,14,1,7,3,21,0,4,2",0.4666666666666667,0.5,0.5,0.4666666666666667,1.0,0.6363636363636364,0.5,0.22649526596069336
"19,15,10,6,9,22,0,11,7,5,9,7,21,1,14",0.5333333333333333,0.5,0.5,0.0,0.0,0.0,0.5,0.4043455123901367
"21,0,12,8,20,3,7,1,5,1,3,8,9,4,16",0.5333333333333333,0.5,0.5,0.0,0.0,0.0,0.5,0.25882911682128906
"7,4,0,3,21,4,8,15,13,17,18,8,5,14,5",0.4666666666666667,0.5,0.5,0.4666666666666667,1.0,0.6363636363636364,0.5,0.2782924175262451
"21,4,11,15,23,17,22,1,9,14,12,9,2,9,15",0.5333333333333333,0.5,0.5,0.0,0.0,0.0,0.5,0.31736183166503906
"12,9,2,0,16,17,15,19,8,12,16,4,5,20,5",0.5,0.5,0.5,0.4666666666666667,0.5,0.4827586206896552,0.5,0.26328015327453613
"7,14,22,9,7,3,12,13,5,13,13,14,4,19,3",0.4666666666666667,0.5,0.5,0.4666666666666667,1.0,0.6363636363636364,0.5,0.27713513374328613
"9,15,21,14,8,17,19,9,19,7,3,23,3,5,8",0.4666666666666667,0.5,0.5,0.4666666666666667,1.0,0.6363636363636364,0.5,0.3736116886138916
"1,7,0,8,1,9,3,4,2,18,4,15,16,7,17",0.4666666666666667,0.5,0.5,0.4666666666666667,1.0,0.6363636363636364,0.5,0.24872088432312012
"3,6,1,0,20,2,0,11,4,2,4,15,0,6,9",0.4666666666666667,0.5,0.5,0.4666666666666667,1.0,0.6363636363636364,0.5,0.163285493850708
"6,23,9,6,16,9,13,15,3,11,16,7,23,5,17",0.5333333333333333,0.5,0.5,0.0,0.0,0.0,0.5,0.2508120536804199
"1,18,14,7,2,12,10,2,2,19,11,4,6,1,1",0.5333333333333333,0.5,0.5,0.0,0.0,0.0,0.5,0.290602445602417
"2,23,15,0,7,3,10,0,18,9,19,17,0,22,2",0.5333333333333333,0.5,0.5,0.0,0.0,0.0,0.5,0.38767385482788086
"1,1,14,12,14,8,1,17,7,8,8,12,10,0,0",0.5333333333333333,0.5,0.5,0.0,0.0,0.0,0.5,0.2764420509338379
"4,0,14,11,9,11,20,8,9,8,3,9,4,4,6",0.5333333333333333,0.5,0.5,0.0,0.0,0.0,0.5,0.27661848068237305
"13,7,11,8,4,5,10,14,16,2,22,1,3,0,4",0.5333333333333333,0.5,0.5,0.0,0.0,0.0,0.5,0.23806047439575195
"13,4,19,4,16,11,19,12,15,5,8,4,2,22,4",0.5333333333333333,0.5,0.5,0.0,0.0,0.0,0.5,0.2941126823425293
"23,3,5,8,2,7,8,22,14,20,9,21,9,7,2",0.5333333333333333,0.5,0.5,0.0,0.0,0.0,0.5,0.2668004035949707
"17,19,2,19,7,14,14,1,17,22,2,5,16,12,6",0.4666666666666667,0.5,0.5,0.4666666666666667,1.0,0.6363636363636364,0.5,1.2428438663482666
"16,7,22,4,10,13,9,23,11,0,2,19,12,15,0",0.5333333333333333,0.5,0.5,0.0,0.0,0.0,0.5,0.3515603542327881
"21,14,1,19,18,17,11,17,9,23,1,10,22,4,11",0.4666666666666667,0.5,0.5,0.4666666666666667,1.0,0.6363636363636364,0.5,0.6718707084655762
"10,15,8,14,11,18,17,22,10,13,9,16,8,14,19",0.5333333333333333,0.5,0.5,0.0,0.0,0.0,0.5,0.3555121421813965
"17,2,15,1,3,10,0,7,6,15,8,12,4,12,22",0.4666666666666667,0.5,0.5,0.4666666666666667,1.0,0.6363636363636364,0.5,0.2792782783508301
"10,8,4,15,9,7,20,14,0,16,7,8,16,22,17",0.4666666666666667,0.5,0.5,0.4666666666666667,1.0,0.6363636363636364,0.5,0.28159093856811523
"4,20,14,17,21,9,23,14,6,11,16,13,15,13,23",0.5333333333333333,0.5,0.5,0.0,0.0,0.0,0.5,0.2875938415527344
"1,9,8,21,2,11,22,15,20,8,3,17,13,9,5",0.4666666666666667,0.5,0.5,0.4666666666666667,1.0,0.6363636363636364,0.5,0.2632298469543457
"22,15,20,8,8,12,11,2,8,17,3,6,4,12,19",0.5333333333333333,0.5,0.5,0.0,0.0,0.0,0.5,0.28174757957458496
"22,7,3,8,11,23,2,9,10,6,16,2,9,23,11",0.5333333333333333,0.5,0.5,0.0,0.0,0.0,0.5,0.23160481452941895
"7,8,22,14,20,9,21,9,7,2,8,1,9,2,9",0.5333333333333333,0.5,0.5,0.0,0.0,0.0,0.5,0.28546857833862305
"0,17,2,15,1,3,10,0,7,6,15,8,12,4,12",0.5333333333333333,0.5,0.5,0.0,0.0,0.0,0.5,0.2705686092376709
"8,2,7,8,22,14,20,9,21,9,7,2,8,1,9",0.5333333333333333,0.5,0.5,0.0,0.0,0.0,0.5,0.2403855323791504
"23,1,10,22,4,11,4,3,6,0,11,1,23,3,3",0.5333333333333333,0.5,0.5,0.0,0.0,0.0,0.5,0.21341586112976074
"3,22,6,17,10,13,19,6,19,17,13,18,12,4,9",0.4666666666666667,0.5,0.5,0.4666666666666667,1.0,0.6363636363636364,0.5,1.0766267776489258
"0,20,2,0,11,4,2,4,15,0,6,9,18,0,8",0.4666666666666667,0.5,0.5,0.4666666666666667,1.0,0.6363636363636364,0.5,0.16985034942626953
"14,7,4,2,0,17,5,23,17,13,4,6,17,8,11",0.5333333333333333,0.5,0.5,0.0,0.0,0.0,0.5,0.5197114944458008
"6,22,7,8,6,3,6,1,0,20,2,0,11,4,2",0.5333333333333333,0.5,0.5,0.0,0.0,0.0,0.5,0.15979290008544922
"2,8,3,10,0,9,22,16,15,10,22,7,7,16,19",0.4666666666666667,0.5,0.5,0.4666666666666667,1.0,0.6363636363636364,0.5,0.33577561378479
"1,21,0,8,20,15,16,13,11,19,11,7,8,4,11",0.4666666666666667,0.5,0.5,0.4666666666666667,1.0,0.6363636363636364,0.5,0.2930591106414795
"9,4,3,1,4,23,0,11,9,0,19,15,6,8,21",0.5333333333333333,0.5,0.5,0.0,0.0,0.0,0.5,0.25786328315734863
"2,22,7,4,14,10,14,17,21,14,0,15,8,12,0",0.4666666666666667,0.5,0.5,0.4666666666666667,1.0,0.6363636363636364,0.5,0.25936079025268555
"4,1,20,0,8,15,4,2,15,20,3,11,1,16,1",0.4666666666666667,0.5,0.5,0.4666666666666667,1.0,0.6363636363636364,0.5,0.23606252670288086
"4,21,4,0,12,1,15,14,10,7,20,14,8,23,3",0.5333333333333333,0.5,0.5,0.0,0.0,0.0,0.5,0.27513813972473145
"21,9,12,0,11,18,15,5,23,11,16,0,14,14,17",0.5333333333333333,0.5,0.5,0.0,0.0,0.0,0.5,0.2758967876434326
"21,8,3,2,2,22,8,23,2,17,12,8,15,6,18",0.4666666666666667,0.5,0.5,0.4666666666666667,1.0,0.6363636363636364,0.5,0.26392364501953125
"20,3,8,0,14,9,8,19,0,7,16,18,0,19,2",0.5333333333333333,0.5,0.5,0.0,0.0,0.0,0.5,0.5298416614532471
"12,16,8,14,4,8,6,17,6,13,22,12,0,19,19",0.5333333333333333,0.5,0.5,0.0,0.0,0.0,0.5,0.8254213333129883
"23,6,11,2,4,14,16,22,7,3,8,11,23,2,9",0.5333333333333333,0.5,0.5,0.0,0.0,0.0,0.5,0.26723337173461914
"7,11,20,7,9,0,11,12,2,9,14,18,16,12,17",0.5333333333333333,0.5,0.5,0.0,0.0,0.0,0.5,0.3244142532348633
"16,15,1,2,19,9,6,3,12,9,12,12,7,5,18",0.5333333333333333,0.5,0.5,0.0,0.0,0.0,0.5,0.28707098960876465
"7,7,10,21,1,11,10,10,16,16,17,7,7,1,18",0.5333333333333333,0.5,0.5,0.0,0.0,0.0,0.5,0.3238718509674072
"17,5,2,19,3,7,8,8,7,0,12,2,15,16,12",0.4666666666666667,0.5,0.5,0.4666666666666667,1.0,0.6363636363636364,0.5,0.4343132972717285
"20,13,6,10,2,10,12,6,15,14,19,12,7,2,6",0.5333333333333333,0.5,0.5,0.0,0.0,0.0,0.5,0.26801609992980957
"23,17,9,23,13,7,16,13,10,13,4,5,9,3,21",0.4666666666666667,0.5,0.5,0.4666666666666667,1.0,0.6363636363636364,0.5,0.5252723693847656
"21,2,5,10,8,7,21,10,2,4,8,8,3,4,9",0.4666666666666667,0.5,0.5,0.4666666666666667,1.0,0.6363636363636364,0.5,0.3692965507507324
"4,6,1,1,7,4,0,3,21,4,8,15,13,17,18",0.5333333333333333,0.5,0.5,0.0,0.0,0.0,0.5,0.24885988235473633
"7,7,5,15,12,6,22,11,18,11,10,23,12,18,13",0.4666666666666667,0.5,0.5,0.4666666666666667,1.0,0.6363636363636364,0.5,0.2893495559692383
"0,23,2,10,3,20,8,9,17,6,10,22,17,5,2",0.5333333333333333,0.5,0.5,0.0,0.0,0.0,0.5,0.2549905776977539
"5,9,7,21,1,14,11,22,15,13,16,11,6,18,12",0.5333333333333333,0.5,0.5,0.0,0.0,0.0,0.5,0.2905111312866211
"2,7,8,22,14,20,9,21,9,7,2,8,1,9,2",0.5333333333333333,0.5,0.5,0.0,0.0,0.0,0.5,0.26700448989868164
"11,4,4,9,3,5,17,9,8,6,2,3,4,0,19",0.4666666666666667,0.5,0.5,0.4666666666666667,1.0,0.6363636363636364,0.5,0.18512749671936035
"1,18,7,16,12,0,10,1,8,5,7,4,7,4,10",0.5333333333333333,0.5,0.5,0.0,0.0,0.0,0.5,0.30308079719543457
"20,0,16,11,9,11,11,0,8,22,0,14,0,10,9",0.5333333333333333,0.5,0.5,0.0,0.0,0.0,0.5,0.2450885772705078
"23,0,14,13,16,21,7,14,16,15,15,3,20,17,5",0.5333333333333333,0.5,0.5,0.0,0.0,0.0,0.5,0.29280519485473633
"21,17,11,1,2,14,5,3,14,8,9,10,6,20,1",0.5333333333333333,0.5,0.5,0.0,0.0,0.0,0.5,0.5161535739898682
"4,4,22,4,16,11,10,11,8,0,2,22,0,12,0",0.5333333333333333,0.5,0.5,0.0,0.0,0.0,0.5,0.2811582088470459
"13,16,21,7,14,16,15,15,3,20,17,5,4,4,15",0.5333333333333333,0.5,0.5,0.0,0.0,0.0,0.5,0.3005228042602539
"5,7,16,17,21,2,16,7,6,13,23,5,3,8,9",0.4666666666666667,0.5,0.5,0.4666666666666667,1.0,0.6363636363636364,0.5,0.41341519355773926
"22,13,6,14,19,10,20,3,17,13,1,6,23,13,4",0.4666666666666667,0.5,0.5,0.4666666666666667,1.0,0.6363636363636364,0.5,0.2732124328613281
"2,9,14,12,16,2,23,16,9,6,22,10,7,14,3",0.5333333333333333,0.5,0.5,0.0,0.0,0.0,0.5,0.2826371192932129
"16,7,22,14,10,13,10,23,11,2,2,7,12,15,5",0.4666666666666667,0.5,0.5,0.4666666666666667,1.0,0.6363636363636364,0.5,0.3295309543609619
"7,4,21,4,0,12,1,15,14,10,7,20,14,8,23",0.4666666666666667,0.5,0.5,0.4666666666666667,1.0,0.6363636363636364,0.5,0.24103856086730957
"2,22,8,23,2,17,12,8,15,6,18,13,11,1,11",0.5333333333333333,0.5,0.5,0.0,0.0,0.0,0.5,0.26234936714172363
"17,6,18,2,17,8,2,5,6,9,5,20,16,2,17",0.5333333333333333,0.5,0.5,0.0,0.0,0.0,0.5,0.4075956344604492
"12,5,16,11,6,3,2,16,12,20,11,10,21,3,16",0.5333333333333333,0.5,0.5,0.0,0.0,0.0,0.5,0.22841310501098633
"18,0,6,2,10,7,1,15,7,4,22,12,3,14,8",0.5333333333333333,0.5,0.5,0.0,0.0,0.0,0.5,0.3583543300628662
"21,9,7,2,8,1,9,2,9,18,5,18,14,8,13",0.5333333333333333,0.5,0.5,0.0,0.0,0.0,0.5,0.34555816650390625
"23,5,10,19,13,17,23,13,10,16,8,13,20,17,14",0.4666666666666667,0.5,0.5,0.4666666666666667,1.0,0.6363636363636364,0.5,0.3100159168243408
"4,22,9,16,17,13,5,14,14,21,16,15,4,5,6",0.5333333333333333,0.5,0.5,0.0,0.0,0.0,0.5,0.26470184326171875
"18,17,12,7,5,9,6,16,12,5,16,11,6,3,2",0.5333333333333333,0.5,0.5,0.0,0.0,0.0,0.5,0.3505439758300781
"7,4,2,0,17,5,23,17,13,4,6,17,8,11,22",0.4666666666666667,0.5,0.5,0.4666666666666667,1.0,0.6363636363636364,0.5,0.5143020153045654
"15,7,4,22,12,3,14,8,17,6,1,10,12,2,13",0.4666666666666667,0.5,0.5,0.4666666666666667,1.0,0.6363636363636364,0.5,0.3180356025695801
"12,6,9,11,22,5,15,14,8,8,15,4,12,6,12",0.5333333333333333,0.5,0.5,0.0,0.0,0.0,0.5,0.23127508163452148
"1,4,23,7,3,18,0,6,2,10,7,1,15,7,4",0.5333333333333333,0.5,0.5,0.0,0.0,0.0,0.5,0.20867276191711426
"0,16,1,10,5,21,13,10,1,7,4,8,9,15,21",0.4666666666666667,0.5,0.5,0.4666666666666667,1.0,0.6363636363636364,0.5,0.30181074142456055
"23,16,1,15,22,8,0,3,16,14,1,7,3,21,0",0.4666666666666667,0.5,0.5,0.4666666666666667,1.0,0.6363636363636364,0.5,0.36916494369506836
"18,16,19,6,17,19,19,18,7,6,7,9,1,4,11",0.4666666666666667,0.5,0.5,0.4666666666666667,1.0,0.6363636363636364,0.5,1.7579927444458008
"6,0,14,11,9,11,16,2,6,13,3,5,3,8,4",0.5333333333333333,0.5,0.5,0.0,0.0,0.0,0.5,0.24698972702026367
"2,9,18,5,18,14,8,13,2,2,21,11,15,7,2",0.4666666666666667,0.5,0.5,0.4666666666666667,1.0,0.6363636363636364,0.5,0.3659210205078125
"4,2,15,20,3,11,1,16,1,11,8,2,16,15,6",0.4666666666666667,0.5,0.5,0.4666666666666667,1.0,0.6363636363636364,0.5,0.2614860534667969
"4,14,0,4,8,3,12,4,1,19,8,18,19,3,16",0.5333333333333333,0.5,0.5,0.0,0.0,0.0,0.5,0.60048508644104
"4,6,10,7,20,3,8,0,14,9,8,19,0,7,16",0.5333333333333333,0.5,0.5,0.0,0.0,0.0,0.5,0.21570181846618652
"9,9,13,12,17,15,5,11,12,17,21,12,14,20,3",0.5333333333333333,0.5,0.5,0.0,0.0,0.0,0.5,0.2997398376464844
"10,2,2,19,11,4,6,1,1,7,4,0,3,21,4",0.5333333333333333,0.5,0.5,0.0,0.0,0.0,0.5,0.2074897289276123
"4,21,0,8,10,0,9,15,21,14,8,17,19,9,19",0.5333333333333333,0.5,0.5,0.0,0.0,0.0,0.5,0.36536574363708496
"6,21,12,21,3,5,4,12,5,2,12,9,12,6,9",0.4666666666666667,0.5,0.5,0.4666666666666667,1.0,0.6363636363636364,0.5,0.2553904056549072
"20,5,8,14,0,17,17,6,9,4,3,1,4,23,0",0.5333333333333333,0.5,0.5,0.0,0.0,0.0,0.5,0.24623656272888184
"5,4,4,18,3,0,15,20,8,9,8,20,9,4,4",0.5333333333333333,0.5,0.5,0.0,0.0,0.0,0.5,0.28322410583496094
"6,23,15,14,20,10,4,14,21,17,12,2,0,4,15",0.4666666666666667,0.5,0.5,0.4666666666666667,1.0,0.6363636363636364,0.5,0.3143787384033203
"4,0,19,4,16,11,9,11,23,0,8,22,15,14,0",0.5333333333333333,0.5,0.5,0.0,0.0,0.0,0.5,0.4433937072753906
"6,9,4,3,1,4,23,0,11,9,0,19,15,6,8",0.5333333333333333,0.5,0.5,0.0,0.0,0.0,0.5,0.24522805213928223
"11,10,21,8,6,7,10,3,0,9,15,4,10,15,6",0.5333333333333333,0.5,0.5,0.0,0.0,0.0,0.5,0.25302600860595703
"2,6,6,6,23,15,14,20,10,4,14,21,17,12,2",0.5333333333333333,0.5,0.5,0.0,0.0,0.0,0.5,0.41329431533813477
"17,7,8,8,12,10,0,0,2,1,9,13,2,12,23",0.4666666666666667,0.5,0.5,0.4666666666666667,1.0,0.6363636363636364,0.5,0.27548694610595703
"2,19,18,17,12,7,5,9,6,16,12,5,16,11,6",0.5333333333333333,0.5,0.5,0.0,0.0,0.0,0.5,0.7442545890808105
"20,3,7,1,5,1,3,8,9,4,16,3,9,19,19",0.5333333333333333,0.5,0.5,0.0,0.0,0.0,0.5,0.8143653869628906
"12,3,14,16,4,13,11,16,5,3,11,11,16,22,9",0.5,0.5,0.5,0.4666666666666667,0.5,0.4827586206896552,0.5,0.2673068046569824
"5,0,1,16,11,3,14,20,13,11,3,3,6,11,0",0.4666666666666667,0.5,0.5,0.4666666666666667,1.0,0.6363636363636364,0.5,0.22867155075073242
"0,7,6,15,8,12,4,12,22,14,0,21,10,14,11",0.4666666666666667,0.5,0.5,0.4666666666666667,1.0,0.6363636363636364,0.5,0.22121691703796387
"1,3,0,4,10,13,20,15,10,3,14,21,15,8,21",0.5333333333333333,0.5,0.5,0.0,0.0,0.0,0.5,0.2718031406402588
"13,20,17,14,9,4,4,14,0,4,8,3,12,4,1",0.4666666666666667,0.5,0.5,0.4666666666666667,1.0,0.6363636363636364,0.5,0.24863934516906738
"17,0,6,0,16,1,10,5,21,13,10,1,7,4,8",0.5333333333333333,0.5,0.5,0.0,0.0,0.0,0.5,0.24918556213378906
"1,0,2,16,16,16,15,5,4,6,17,11,4,4,9",0.5333333333333333,0.5,0.5,0.0,0.0,0.0,0.5,0.24216699600219727
"0,7,5,7,23,17,9,23,13,7,16,13,10,13,4",0.5333333333333333,0.5,0.5,0.0,0.0,0.0,0.5,0.24909138679504395
"16,7,4,0,14,3,0,4,11,16,5,18,6,1,16",0.5333333333333333,0.5,0.5,0.0,0.0,0.0,0.5,0.27962756156921387
"4,4,19,4,4,11,9,11,23,0,8,8,22,14,14",0.5333333333333333,0.5,0.5,0.0,0.0,0.0,0.5,0.3748180866241455
"4,18,3,0,15,20,8,9,8,20,9,4,4,6,19",0.4666666666666667,0.5,0.5,0.4666666666666667,1.0,0.6363636363636364,0.5,0.31242871284484863
"13,11,10,21,8,6,7,10,3,0,9,15,4,10,15",0.5333333333333333,0.5,0.5,0.0,0.0,0.0,0.5,0.28092384338378906
"6,21,13,13,3,0,4,14,13,0,6,0,1,14,5",0.4666666666666667,0.5,0.5,0.4666666666666667,1.0,0.6363636363636364,0.5,0.1976618766784668
"17,1,12,19,14,10,19,8,23,5,10,19,13,17,23",0.5333333333333333,0.5,0.5,0.0,0.0,0.0,0.5,0.3346290588378906
"9,8,8,2,8,11,10,0,5,0,21,4,0,13,4",0.4666666666666667,0.5,0.5,0.4666666666666667,1.0,0.6363636363636364,0.5,0.18647408485412598
"2,1,15,10,4,0,17,7,20,14,15,13,0,2,9",0.4666666666666667,0.5,0.5,0.4666666666666667,1.0,0.6363636363636364,0.5,0.29045867919921875
"21,17,19,2,19,7,14,14,1,17,22,2,5,16,12",0.4666666666666667,0.5,0.5,0.4666666666666667,1.0,0.6363636363636364,0.5,1.5621488094329834
"1,11,5,21,6,5,7,9,0,3,1,7,13,16,20",0.4666666666666667,0.5,0.5,0.4666666666666667,1.0,0.6363636363636364,0.5,0.2862663269042969
"23,10,15,8,14,11,18,17,22,10,13,9,16,8,14",0.5333333333333333,0.5,0.5,0.0,0.0,0.0,0.5,0.33475208282470703
"23,0,8,1,7,0,8,1,9,3,4,2,18,4,15",0.5333333333333333,0.5,0.5,0.0,0.0,0.0,0.5,0.23415565490722656
"21,0,8,20,15,16,13,11,19,11,7,8,4,11,2",0.4666666666666667,0.5,0.5,0.4666666666666667,1.0,0.6363636363636364,0.5,0.2796444892883301
"23,1,16,9,16,12,8,3,4,15,12,13,19,13,9",0.4666666666666667,0.5,0.5,0.4666666666666667,1.0,0.6363636363636364,0.5,0.43001437187194824
"0,20,14,17,19,11,6,3,22,6,17,10,13,19,6",0.5333333333333333,0.5,0.5,0.0,0.0,0.0,0.5,0.36350059509277344
"1,18,3,16,15,20,3,10,5,8,16,1,17,14,8",0.4666666666666667,0.5,0.5,0.4666666666666667,1.0,0.6363636363636364,0.5,0.386427640914917
"1,3,10,0,3,14,7,4,21,4,0,12,1,15,14",0.5333333333333333,0.5,0.5,0.0,0.0,0.0,0.5,0.18750548362731934
"19,4,16,11,4,11,11,12,8,22,0,8,22,10,14",0.5333333333333333,0.5,0.5,0.0,0.0,0.0,0.5,0.4525578022003174
"2,5,5,18,16,19,6,17,19,19,18,7,6,7,9",0.4666666666666667,0.5,0.5,0.4666666666666667,1.0,0.6363636363636364,0.5,1.678527593612671
"7,16,12,0,10,1,8,5,7,4,7,4,10,18,19",0.4666666666666667,0.5,0.5,0.4666666666666667,1.0,0.6363636363636364,0.5,0.4656829833984375
"16,7,16,14,10,11,11,23,11,2,0,19,12,10,9",0.4666666666666667,0.5,0.5,0.4666666666666667,1.0,0.6363636363636364,0.5,0.2976973056793213
"1,20,0,8,15,4,2,15,20,3,11,1,16,1,11",0.4666666666666667,0.5,0.5,0.4666666666666667,1.0,0.6363636363636364,0.5,0.22856760025024414
"22,4,13,4,21,10,1,12,0,13,7,11,8,4,5",0.5333333333333333,0.5,0.5,0.0,0.0,0.0,0.5,0.24224543571472168
"2,10,8,4,15,9,7,20,14,0,16,7,8,16,22",0.4666666666666667,0.5,0.5,0.4666666666666667,1.0,0.6363636363636364,0.5,0.2899205684661865
"5,23,6,17,0,18,5,12,15,0,4,4,13,6,0",0.5333333333333333,0.5,0.5,0.0,0.0,0.0,0.5,0.537635087966919
"16,2,0,0,17,13,2,10,4,7,12,0,11,3,19",0.5333333333333333,0.5,0.5,0.0,0.0,0.0,0.5,0.2621428966522217
"22,5,15,14,8,8,15,4,12,6,12,4,7,20,5",0.5333333333333333,0.5,0.5,0.0,0.0,0.0,0.5,0.25702881813049316
"6,4,1,20,0,8,15,4,2,15,20,3,11,1,16",0.4666666666666667,0.5,0.5,0.4666666666666667,1.0,0.6363636363636364,0.5,0.23566842079162598
"1,19,7,14,7,11,11,17,2,22,16,3,22,2,7",0.4666666666666667,0.5,0.5,0.4666666666666667,1.0,0.6363636363636364,0.5,0.4300112724304199
"13,0,23,11,2,2,19,12,8,5,8,4,2,22,4",0.5333333333333333,0.5,0.5,0.0,0.0,0.0,0.5,0.24354314804077148
"4,1,6,3,16,11,14,15,10,23,1,10,10,12,3",0.5333333333333333,0.5,0.5,0.0,0.0,0.0,0.5,0.27202272415161133
"6,3,22,6,17,10,13,19,6,19,17,13,18,12,4",0.5333333333333333,0.5,0.5,0.0,0.0,0.0,0.5,1.0833640098571777
"19,0,16,11,9,11,11,0,8,22,0,13,0,10,7",0.5333333333333333,0.5,0.5,0.0,0.0,0.0,0.5,0.4334425926208496
"16,7,5,4,10,17,11,4,4,9,3,19,12,9,5",0.4666666666666667,0.5,0.5,0.4666666666666667,1.0,0.6363636363636364,0.5,0.255706787109375
"3,23,3,5,8,2,7,8,22,14,20,9,21,9,7",0.5333333333333333,0.5,0.5,0.0,0.0,0.0,0.5,0.267348051071167
"15,10,6,9,22,0,11,7,5,9,7,21,1,14,11",0.5333333333333333,0.5,0.5,0.0,0.0,0.0,0.5,0.28407740592956543
"10,11,16,11,16,10,14,9,0,14,20,15,6,16,19",0.4666666666666667,0.5,0.5,0.4666666666666667,1.0,0.6363636363636364,0.5,0.3518869876861572
"0,23,10,15,8,14,11,18,17,22,10,13,9,16,8",0.5333333333333333,0.5,0.5,0.0,0.0,0.0,0.5,0.3317267894744873
"20,10,20,5,6,4,16,1,4,8,9,7,5,15,23",0.5333333333333333,0.5,0.5,0.0,0.0,0.0,0.5,0.21732807159423828
"5,7,16,17,9,11,11,7,16,13,0,13,4,10,9",0.5333333333333333,0.5,0.5,0.0,0.0,0.0,0.5,0.27946043014526367
"1,9,14,12,9,2,9,15,14,11,9,17,21,0,1",0.5333333333333333,0.5,0.5,0.0,0.0,0.0,0.5,0.2537803649902344
"1,2,8,8,19,16,8,7,6,5,21,16,1,17,16",0.5333333333333333,0.5,0.5,0.0,0.0,0.0,0.5,0.3748805522918701
"2,15,20,3,11,1,16,1,11,8,2,16,15,6,20",0.5333333333333333,0.5,0.5,0.0,0.0,0.0,0.5,0.2693917751312256
"1,18,8,16,1,18,16,5,23,3,16,7,4,0,14",0.5333333333333333,0.5,0.5,0.0,0.0,0.0,0.5,0.40642547607421875
"0,16,7,12,3,2,1,12,12,21,8,17,4,9,13",0.5333333333333333,0.5,0.5,0.0,0.0,0.0,0.5,0.29340171813964844
"21,8,15,4,12,2,1,1,19,9,8,4,1,16,5",0.5333333333333333,0.5,0.5,0.0,0.0,0.0,0.5,0.2262859344482422
"11,17,9,23,1,10,22,4,11,4,3,6,0,11,1",0.4666666666666667,0.5,0.5,0.4666666666666667,1.0,0.6363636363636364,0.5,0.20682907104492188
"7,8,5,14,9,11,11,1,8,22,3,14,0,10,16",0.5333333333333333,0.5,0.5,0.0,0.0,0.0,0.5,0.28296804428100586
"23,9,15,10,10,9,16,4,6,10,18,8,10,16,22",0.5333333333333333,0.5,0.5,0.0,0.0,0.0,0.5,0.7324135303497314
"6,14,19,10,20,3,17,13,1,6,23,13,4,12,18",0.4666666666666667,0.5,0.5,0.4666666666666667,1.0,0.6363636363636364,0.5,0.2900571823120117
"19,0,14,11,9,11,11,12,8,22,3,14,4,10,9",0.4666666666666667,0.5,0.5,0.4666666666666667,1.0,0.6363636363636364,0.5,0.39887213706970215
"8,14,11,18,17,22,10,13,9,16,8,14,19,6,19",0.4666666666666667,0.5,0.5,0.4666666666666667,1.0,0.6363636363636364,0.5,0.9729931354522705
"3,18,0,6,2,10,7,1,15,7,4,22,12,3,14",0.5333333333333333,0.5,0.5,0.0,0.0,0.0,0.5,0.304779052734375
"8,17,19,9,19,7,3,23,3,5,8,2,7,8,22",0.5333333333333333,0.5,0.5,0.0,0.0,0.0,0.5,0.36031174659729004
"23,13,4,12,18,19,8,16,12,1,9,8,21,2,11",0.5333333333333333,0.5,0.5,0.0,0.0,0.0,0.5,0.535269021987915
"0,16,0,10,20,15,7,7,5,15,12,6,22,11,18",0.5333333333333333,0.5,0.5,0.0,0.0,0.0,0.5,0.28762102127075195
"23,10,21,9,12,0,11,18,15,5,23,11,16,0,14",0.5333333333333333,0.5,0.5,0.0,0.0,0.0,0.5,0.27555012702941895
"2,4,15,0,6,9,18,0,8,19,16,5,17,0,23",0.5333333333333333,0.5,0.5,0.0,0.0,0.0,0.5,0.2711360454559326
"0,8,1,7,0,8,1,9,3,4,2,18,4,15,16",0.4666666666666667,0.5,0.5,0.4666666666666667,1.0,0.6363636363636364,0.5,0.2318103313446045
"3,1,22,2,11,16,4,11,18,9,9,5,8,20,7",0.5333333333333333,0.5,0.5,0.0,0.0,0.0,0.5,0.22628402709960938
"2,2,22,8,23,2,17,12,8,15,6,18,13,11,1",0.4666666666666667,0.5,0.5,0.4666666666666667,1.0,0.6363636363636364,0.5,0.27854275703430176
"21,2,11,22,15,20,8,3,17,13,9,5,13,15,1",0.5333333333333333,0.5,0.5,0.0,0.0,0.0,0.5,0.31853699684143066
"7,12,10,1,12,0,7,19,15,10,6,9,22,0,11",0.4666666666666667,0.5,0.5,0.4666666666666667,1.0,0.6363636363636364,0.5,0.2673912048339844
"20,10,2,14,22,10,21,14,3,10,15,12,3,18,11",0.5333333333333333,0.5,0.5,0.0,0.0,0.0,0.5,0.2791252136230469
"22,7,10,3,17,0,6,0,16,1,10,5,21,13,10",0.4666666666666667,0.5,0.5,0.4666666666666667,1.0,0.6363636363636364,0.5,0.2447669506072998
"0,7,19,15,10,6,9,22,0,11,7,5,9,7,21",0.5333333333333333,0.5,0.5,0.0,0.0,0.0,0.5,0.28749561309814453
"2,10,12,6,15,14,19,12,7,2,6,7,11,20,7",0.5333333333333333,0.5,0.5,0.0,0.0,0.0,0.5,0.28322339057922363
"7,4,18,14,9,15,1,1,20,4,2,14,0,18,9",0.5333333333333333,0.5,0.5,0.0,0.0,0.0,0.5,0.2906064987182617
"20,8,6,3,9,0,7,3,22,3,15,20,11,5,3",0.4666666666666667,0.5,0.5,0.4666666666666667,1.0,0.6363636363636364,0.5,0.27654218673706055
"6,4,9,8,0,1,9,2,16,0,13,8,14,19,4",0.5333333333333333,0.5,0.5,0.0,0.0,0.0,0.5,0.26282310485839844
"16,12,6,5,0,0,17,18,11,19,10,12,23,1,6",0.5333333333333333,0.5,0.5,0.0,0.0,0.0,0.5,0.2991621494293213
"23,4,16,11,9,11,11,12,8,22,0,14,0,10,9",0.5333333333333333,0.5,0.5,0.0,0.0,0.0,0.5,0.36339592933654785
"3,23,15,5,16,11,23,6,11,2,4,14,16,22,7",0.4666666666666667,0.5,0.5,0.4666666666666667,1.0,0.6363636363636364,0.5,0.2796447277069092
"2,22,16,3,22,2,7,8,18,14,14,15,1,1,20",0.4666666666666667,0.5,0.5,0.4666666666666667,1.0,0.6363636363636364,0.5,0.2806894779205322
"2,7,8,18,14,14,15,1,1,20,14,2,5,5,18",0.5333333333333333,0.5,0.5,0.0,0.0,0.0,0.5,0.2760303020477295
"17,19,9,19,7,3,23,3,5,8,2,7,8,22,14",0.5333333333333333,0.5,0.5,0.0,0.0,0.0,0.5,0.3956732749938965
"17,11,17,9,23,1,10,22,4,11,4,3,6,0,11",0.4666666666666667,0.5,0.5,0.4666666666666667,1.0,0.6363636363636364,0.5,0.2772519588470459
"20,12,11,11,8,11,15,16,1,8,8,10,6,5,15",0.4666666666666667,0.5,0.5,0.4666666666666667,1.0,0.6363636363636364,0.5,0.27668118476867676
"0,3,21,4,8,15,13,17,18,8,5,14,5,4,1",0.5333333333333333,0.5,0.5,0.0,0.0,0.0,0.5,0.25707149505615234
"5,1,3,8,9,4,16,3,9,19,19,17,13,3,7",0.5333333333333333,0.5,0.5,0.0,0.0,0.0,0.5,1.0420832633972168
"20,6,11,10,0,12,10,9,18,18,8,5,7,2,18",0.5333333333333333,0.5,0.5,0.0,0.0,0.0,0.5,0.33836817741394043
"20,3,17,13,1,6,23,13,4,12,18,19,8,16,12",0.4666666666666667,0.5,0.5,0.4666666666666667,1.0,0.6363636363636364,0.5,0.5729231834411621
"5,7,8,7,3,3,17,22,17,18,14,13,10,7,17",0.5333333333333333,0.5,0.5,0.0,0.0,0.0,0.5,0.35848069190979004
"5,3,0,20,14,17,19,11,6,3,22,6,17,10,13",0.4666666666666667,0.5,0.5,0.4666666666666667,1.0,0.6363636363636364,0.5,0.34322643280029297
"5,9,6,16,12,5,16,11,6,3,2,16,12,20,11",0.5333333333333333,0.5,0.5,0.0,0.0,0.0,0.5,0.19707298278808594
"22,1,9,14,12,9,2,9,15,14,11,9,17,21,0",0.5333333333333333,0.5,0.5,0.0,0.0,0.0,0.5,0.23375511169433594
"14,8,17,6,1,10,12,2,13,14,13,13,17,3,20",0.4666666666666667,0.5,0.5,0.4666666666666667,1.0,0.6363636363636364,0.5,0.30052924156188965
"22,2,5,16,12,6,5,0,0,17,18,11,19,10,12",0.4666666666666667,0.5,0.5,0.4666666666666667,1.0,0.6363636363636364,0.5,0.3125905990600586
"18,7,16,12,0,10,1,8,5,7,4,7,4,10,18",0.4666666666666667,0.5,0.5,0.4666666666666667,1.0,0.6363636363636364,0.5,0.2969508171081543
"20,5,4,0,13,22,4,17,4,18,9,0,0,19,5",0.4666666666666667,0.5,0.5,0.4666666666666667,1.0,0.6363636363636364,0.5,0.2477858066558838
"2,12,10,2,2,19,11,4,6,1,1,7,4,0,3",0.4666666666666667,0.5,0.5,0.4666666666666667,1.0,0.6363636363636364,0.5,0.204864501953125
"2,10,4,7,12,0,11,3,19,18,14,14,13,15,8",0.4666666666666667,0.5,0.5,0.4666666666666667,1.0,0.6363636363636364,0.5,0.5038876533508301
"6,2,11,1,10,4,4,12,0,12,15,19,1,1,14",0.4666666666666667,0.5,0.5,0.4666666666666667,1.0,0.6363636363636364,0.5,0.2643864154815674
"19,3,7,8,8,7,0,12,2,15,16,12,12,7,14",0.5333333333333333,0.5,0.5,0.0,0.0,0.0,0.5,0.38529539108276367
"3,17,13,1,6,23,13,4,12,18,19,8,16,12,1",0.5333333333333333,0.5,0.5,0.0,0.0,0.0,0.5,0.5339560508728027
"7,5,9,6,16,12,5,16,11,6,3,2,16,12,20",0.5333333333333333,0.5,0.5,0.0,0.0,0.0,0.5,0.23248052597045898
"4,23,7,3,18,0,6,2,10,7,1,15,7,4,22",0.5333333333333333,0.5,0.5,0.0,0.0,0.0,0.5,0.2126779556274414
"5,7,18,17,0,15,20,7,9,8,20,9,4,4,9",0.5333333333333333,0.5,0.5,0.0,0.0,0.0,0.5,0.28278064727783203
"1,15,14,10,7,20,14,8,23,3,8,10,4,3,20",0.4666666666666667,0.5,0.5,0.4666666666666667,1.0,0.6363636363636364,0.5,0.29755401611328125
"1,16,0,20,3,6,3,15,14,16,8,7,1,13,7",0.5333333333333333,0.5,0.5,0.0,0.0,0.0,0.5,0.2788965702056885
"1,22,2,17,19,12,11,8,20,10,20,5,6,4,16",0.5333333333333333,0.5,0.5,0.0,0.0,0.0,0.5,0.43951416015625
"3,22,3,15,20,11,5,3,0,20,14,17,19,11,6",0.4666666666666667,0.5,0.5,0.4666666666666667,1.0,0.6363636363636364,0.5,0.34857678413391113
"0,10,20,15,7,7,5,15,12,6,22,11,18,11,10",0.5333333333333333,0.5,0.5,0.0,0.0,0.0,0.5,0.24822711944580078
"1,1,7,4,0,3,21,4,8,15,13,17,18,8,5",0.4666666666666667,0.5,0.5,0.4666666666666667,1.0,0.6363636363636364,0.5,0.2650797367095947
"0,8,19,16,5,17,0,23,2,10,3,20,8,9,17",0.5333333333333333,0.5,0.5,0.0,0.0,0.0,0.5,0.32201242446899414
"19,10,5,20,16,11,13,9,8,13,21,14,12,19,6",0.5333333333333333,0.5,0.5,0.0,0.0,0.0,0.5,0.42807841300964355
"3,0,20,5,4,0,13,22,4,17,4,18,9,0,0",0.5333333333333333,0.5,0.5,0.0,0.0,0.0,0.5,0.24561762809753418
"13,10,23,4,2,2,9,12,15,0,8,4,2,22,0",0.5333333333333333,0.5,0.5,0.0,0.0,0.0,0.5,0.2508656978607178
"7,4,18,8,14,15,1,1,20,13,2,5,5,18,16",0.4666666666666667,0.5,0.5,0.4666666666666667,1.0,0.6363636363636364,0.5,0.29424214363098145
"17,3,6,2,14,12,15,19,16,13,6,4,2,16,4",0.5333333333333333,0.5,0.5,0.0,0.0,0.0,0.5,0.34169912338256836
"1,0,7,5,7,23,17,9,23,13,7,16,13,10,13",0.5333333333333333,0.5,0.5,0.0,0.0,0.0,0.5,0.25220441818237305
"0,14,14,17,15,19,18,14,14,15,10,11,23,9,18",0.5333333333333333,0.5,0.5,0.0,0.0,0.0,0.5,0.6063873767852783
"11,4,19,9,16,23,9,9,18,11,8,4,0,10,19",0.5333333333333333,0.5,0.5,0.0,0.0,0.0,0.5,0.31353259086608887
"2,8,1,9,2,9,18,5,18,14,8,13,2,2,21",0.5333333333333333,0.5,0.5,0.0,0.0,0.0,0.5,0.35764169692993164
"9,5,14,4,9,7,0,1,18,15,12,3,5,4,3",0.4666666666666667,0.5,0.5,0.4666666666666667,1.0,0.6363636363636364,0.5,0.3373005390167236
"18,5,18,14,8,13,2,2,21,11,15,7,2,4,15",0.5333333333333333,0.5,0.5,0.0,0.0,0.0,0.5,0.43880510330200195
"20,6,12,17,3,6,2,14,12,15,19,16,13,6,4",0.5333333333333333,0.5,0.5,0.0,0.0,0.0,0.5,0.32572460174560547
"19,5,14,11,13,11,11,12,8,22,3,10,2,10,8",0.4666666666666667,0.5,0.5,0.4666666666666667,1.0,0.6363636363636364,0.5,0.43225812911987305
"6,20,12,5,13,20,3,8,4,8,11,3,21,7,21",0.4666666666666667,0.5,0.5,0.4666666666666667,1.0,0.6363636363636364,0.5,0.26485610008239746
"19,4,16,11,4,11,11,0,8,22,0,8,22,10,14",0.5333333333333333,0.5,0.5,0.0,0.0,0.0,0.5,0.4730503559112549
"8,13,21,14,12,19,6,1,1,13,1,18,8,16,1",0.4666666666666667,0.5,0.5,0.4666666666666667,1.0,0.6363636363636364,0.5,0.27171778678894043
"10,10,13,9,8,10,17,19,9,5,8,21,13,6,14",0.5333333333333333,0.5,0.5,0.0,0.0,0.0,0.5,0.3914906978607178
"23,13,7,16,13,10,13,4,5,9,3,21,2,17,19",0.5333333333333333,0.5,0.5,0.0,0.0,0.0,0.5,0.35843920707702637
"10,21,8,6,7,10,3,0,9,15,4,10,15,6,18",0.5333333333333333,0.5,0.5,0.0,0.0,0.0,0.5,0.2850017547607422
"23,6,17,0,18,5,12,15,0,4,4,13,6,0,2",0.4666666666666667,0.5,0.5,0.4666666666666667,1.0,0.6363636363636364,0.5,0.5509772300720215
"9,14,12,16,2,23,16,9,6,22,10,7,14,3,9",0.5333333333333333,0.5,0.5,0.0,0.0,0.0,0.5,0.31700730323791504
"23,15,14,20,10,4,14,21,17,12,2,0,4,15,6",0.4666666666666667,0.5,0.5,0.4666666666666667,1.0,0.6363636363636364,0.5,0.3160865306854248
"12,3,20,14,19,1,16,13,17,2,7,6,21,7,15",0.4666666666666667,0.5,0.5,0.4666666666666667,1.0,0.6363636363636364,0.5,0.3708760738372803
"9,23,13,7,16,13,10,13,4,5,9,3,21,2,17",0.5333333333333333,0.5,0.5,0.0,0.0,0.0,0.5,0.23441171646118164
"1,0,21,1,1,0,12,3,20,2,8,19,13,2,18",0.4666666666666667,0.5,0.5,0.4666666666666667,1.0,0.6363636363636364,0.5,0.23409628868103027
"20,16,17,11,17,21,7,12,2,22,16,15,10,18,6",0.4666666666666667,0.5,0.5,0.4666666666666667,1.0,0.6363636363636364,0.5,0.35065531730651855
"6,9,0,16,7,12,3,2,1,12,12,21,8,17,4",0.5333333333333333,0.5,0.5,0.0,0.0,0.0,0.5,0.20853638648986816
"10,0,7,6,15,8,12,4,12,22,14,0,21,10,14",0.4666666666666667,0.5,0.5,0.4666666666666667,1.0,0.6363636363636364,0.5,0.2785496711730957
"14,16,22,7,3,8,11,23,2,9,10,6,16,2,9",0.4666666666666667,0.5,0.5,0.4666666666666667,1.0,0.6363636363636364,0.5,0.30666613578796387
"0,19,2,4,4,19,6,18,14,22,12,15,7,15,15",0.5333333333333333,0.5,0.5,0.0,0.0,0.0,0.5,1.4684844017028809
"1,2,19,18,17,12,7,5,9,6,16,12,5,16,11",0.4666666666666667,0.5,0.5,0.4666666666666667,1.0,0.6363636363636364,0.5,0.7503056526184082
"11,14,7,10,6,0,17,23,5,5,13,18,18,15,16",0.5333333333333333,0.5,0.5,0.0,0.0,0.0,0.5,0.3844621181488037
"7,5,5,15,2,16,9,15,2,2,10,0,19,2,4",0.5333333333333333,0.5,0.5,0.0,0.0,0.0,0.5,0.2407996654510498
"3,20,8,9,17,6,10,22,17,5,2,19,3,7,8",0.4666666666666667,0.5,0.5,0.4666666666666667,1.0,0.6363636363636364,0.5,0.3723907470703125
"16,5,18,6,1,16,8,14,8,21,0,12,3,14,16",0.5333333333333333,0.5,0.5,0.0,0.0,0.0,0.5,0.3283040523529053
"18,11,9,4,0,10,12,4,9,16,23,4,16,2,5",0.4666666666666667,0.5,0.5,0.4666666666666667,1.0,0.6363636363636364,0.5,0.33690738677978516
"8,4,15,9,7,20,14,0,16,7,8,16,22,17,2",0.5333333333333333,0.5,0.5,0.0,0.0,0.0,0.5,0.2770850658416748
"7,10,6,0,17,23,5,5,13,18,18,15,16,13,15",0.5333333333333333,0.5,0.5,0.0,0.0,0.0,0.5,0.3723030090332031
"20,0,8,15,4,2,15,20,3,11,1,16,1,11,8",0.5333333333333333,0.5,0.5,0.0,0.0,0.0,0.5,0.2433032989501953
"20,12,3,19,19,18,9,18,11,18,16,15,1,2,19",0.5333333333333333,0.5,0.5,0.0,0.0,0.0,0.5,1.287562370300293
"12,12,7,14,22,9,7,3,12,13,5,13,13,14,4",0.4666666666666667,0.5,0.5,0.4666666666666667,1.0,0.6363636363636364,0.5,0.2517812252044678
"8,7,1,13,7,9,10,9,7,11,15,13,21,2,6",0.4666666666666667,0.5,0.5,0.4666666666666667,1.0,0.6363636363636364,0.5,0.29302358627319336
"17,13,5,14,14,21,16,15,4,5,6,6,9,3,6",0.4666666666666667,0.5,0.5,0.4666666666666667,1.0,0.6363636363636364,0.5,0.3490262031555176
"20,5,16,23,14,6,10,3,23,3,13,3,12,14,14",0.4666666666666667,0.5,0.5,0.4666666666666667,1.0,0.6363636363636364,0.5,0.2858157157897949
"6,15,14,19,12,7,2,6,7,11,20,7,9,0,11",0.4666666666666667,0.5,0.5,0.4666666666666667,1.0,0.6363636363636364,0.5,0.29454946517944336
"23,12,6,14,0,4,19,10,10,17,17,1,23,17,6",0.5333333333333333,0.5,0.5,0.0,0.0,0.0,0.5,0.5913283824920654
"3,12,9,12,12,7,5,18,17,5,4,3,8,18,2",0.5333333333333333,0.5,0.5,0.0,0.0,0.0,0.5,0.27502942085266113
"1,9,8,8,19,16,8,7,1,5,21,16,1,17,16",0.4666666666666667,0.5,0.5,0.4666666666666667,1.0,0.6363636363636364,0.5,0.48656702041625977
"9,0,16,7,12,3,2,1,12,12,21,8,17,4,9",0.4666666666666667,0.5,0.5,0.4666666666666667,1.0,0.6363636363636364,0.5,0.22070550918579102
"1,9,2,9,18,5,18,14,8,13,2,2,21,11,15",0.4666666666666667,0.5,0.5,0.4666666666666667,1.0,0.6363636363636364,0.5,0.4543874263763428
"8,4,10,3,15,20,12,11,11,8,11,15,16,1,8",0.5333333333333333,0.5,0.5,0.0,0.0,0.0,0.5,0.27425718307495117
"4,21,2,13,9,8,8,2,8,11,10,0,5,0,21",0.4666666666666667,0.5,0.5,0.4666666666666667,1.0,0.6363636363636364,0.5,0.27002429962158203
"10,7,20,14,8,23,3,8,10,4,3,20,8,23,2",0.5333333333333333,0.5,0.5,0.0,0.0,0.0,0.5,0.24475502967834473
"22,4,17,4,18,9,0,0,19,5,2,9,4,8,0",0.5333333333333333,0.5,0.5,0.0,0.0,0.0,0.5,0.3279085159301758
"22,1,3,10,0,3,14,7,4,21,4,0,12,1,15",0.5333333333333333,0.5,0.5,0.0,0.0,0.0,0.5,0.19144463539123535
"2,1,2,19,18,17,12,7,5,9,6,16,12,5,16",0.5333333333333333,0.5,0.5,0.0,0.0,0.0,0.5,0.7530121803283691
"23,2,10,3,20,8,9,17,6,10,22,17,5,2,19",0.5333333333333333,0.5,0.5,0.0,0.0,0.0,0.5,0.39174699783325195
"2,5,10,8,7,21,10,2,4,8,8,3,4,9,2",0.5333333333333333,0.5,0.5,0.0,0.0,0.0,0.5,0.2837226390838623
"0,21,7,3,9,20,15,4,10,23,5,13,4,1,18",0.5333333333333333,0.5,0.5,0.0,0.0,0.0,0.5,0.2592806816101074
"16,9,16,12,8,3,4,15,12,13,19,13,9,15,23",0.5333333333333333,0.5,0.5,0.0,0.0,0.0,0.5,0.3169121742248535
"3,10,14,0,7,3,23,15,5,16,11,23,6,11,2",0.5333333333333333,0.5,0.5,0.0,0.0,0.0,0.5,0.24523282051086426
"8,0,19,4,16,11,9,11,23,0,8,22,0,14,0",0.5333333333333333,0.5,0.5,0.0,0.0,0.0,0.5,0.2681465148925781
"16,8,14,8,21,0,12,3,14,16,4,13,11,16,5",0.5333333333333333,0.5,0.5,0.0,0.0,0.0,0.5,0.2968783378601074
"3,0,15,20,8,9,8,20,9,4,4,6,19,15,20",0.4666666666666667,0.5,0.5,0.4666666666666667,1.0,0.6363636363636364,0.5,0.2923712730407715
"2,19,9,11,13,10,9,6,3,15,18,4,7,20,5",0.4666666666666667,0.5,0.5,0.4666666666666667,1.0,0.6363636363636364,0.5,0.3981966972351074
"16,19,6,17,19,19,18,7,6,7,9,1,4,11,18",0.5333333333333333,0.5,0.5,0.0,0.0,0.0,0.5,2.431166648864746
"6,3,6,1,0,20,2,0,11,4,2,4,15,0,6",0.5333333333333333,0.5,0.5,0.0,0.0,0.0,0.5,0.14301419258117676
"13,17,23,13,10,16,8,13,20,17,14,9,4,4,14",0.5333333333333333,0.5,0.5,0.0,0.0,0.0,0.5,0.3400135040283203
"2,8,16,19,17,3,9,6,6,9,1,0,7,5,7",0.4666666666666667,0.5,0.5,0.4666666666666667,1.0,0.6363636363636364,0.5,0.39246320724487305
"4,12,22,14,0,21,10,14,11,2,1,5,14,16,21",0.5333333333333333,0.5,0.5,0.0,0.0,0.0,0.5,0.25710105895996094
"7,1,13,7,9,10,9,7,11,15,13,21,2,6,6",0.4666666666666667,0.5,0.5,0.4666666666666667,1.0,0.6363636363636364,0.5,0.23014402389526367
"14,7,4,21,4,0,12,1,15,14,10,7,20,14,8",0.5333333333333333,0.5,0.5,0.0,0.0,0.0,0.5,0.30294013023376465
"6,6,9,3,6,14,12,14,2,9,20,17,3,6,23",0.5333333333333333,0.5,0.5,0.0,0.0,0.0,0.5,0.20806145668029785
"23,5,16,1,14,2,16,0,9,0,8,11,8,9,17",0.5333333333333333,0.4,0.4984375,0.5,0.5,0.5,0.53125,0.38267040252685547
"8,5,16,1,16,0,20,3,6,3,15,14,16,8,7",0.5333333333333333,0.4,0.4984375,0.5,0.5,0.5,0.53125,0.2666130065917969
"12,1,15,14,10,7,20,14,8,23,3,8,10,4,3",0.5,0.4,0.4984375,0.4827586206896552,1.0,0.6511627906976745,0.53125,0.2417616844177246
"19,0,0,11,9,11,11,0,8,22,3,14,0,10,9",0.5333333333333333,0.4,0.4984375,0.5,0.5,0.5,0.53125,0.3671553134918213
"12,19,19,10,5,20,16,11,13,9,8,13,21,14,12",0.4666666666666667,0.6,0.4982142857142857,0.42857142857142855,0.42857142857142855,0.42857142857142855,0.4642857142857143,0.8730201721191406
"5,10,5,12,17,0,6,5,3,22,16,5,5,0,14",0.4666666666666667,0.6,0.4982142857142857,0.42857142857142855,0.42857142857142855,0.42857142857142855,0.4642857142857143,0.19889187812805176
"12,0,13,7,11,8,4,5,10,14,16,2,22,1,3",0.43333333333333335,0.6,0.4982142857142857,0.4482758620689655,0.9285714285714286,0.6046511627906976,0.4642857142857143,0.26228833198547363
"13,3,5,0,1,16,11,3,14,20,13,11,3,3,6",0.5666666666666667,0.3,0.496875,0.5384615384615384,0.5,0.5185185185185185,0.5625,0.2369675636291504
"18,10,15,14,18,9,0,5,4,8,2,14,0,22,6",0.4666666666666667,0.5,0.4966517857142857,0.4642857142857143,0.9285714285714286,0.6190476190476191,0.4955357142857143,0.2819075584411621
"14,5,4,4,18,3,0,15,20,8,9,8,20,9,4",0.4666666666666667,0.5,0.4966517857142857,0.4642857142857143,0.9285714285714286,0.6190476190476191,0.4955357142857143,0.2697567939758301
"16,9,15,2,2,10,0,19,2,4,4,19,6,18,14",0.5,0.5,0.4966517857142857,0.46153846153846156,0.42857142857142855,0.4444444444444444,0.4955357142857143,1.3078198432922363
"19,0,14,11,4,11,11,0,8,22,3,14,0,10,9",0.5,0.5,0.4966517857142857,0.46153846153846156,0.42857142857142855,0.4444444444444444,0.4955357142857143,0.39072155952453613
"9,22,15,14,9,1,0,1,2,0,16,9,13,8,14",0.4666666666666667,0.5,0.4966517857142857,0.4642857142857143,0.9285714285714286,0.6190476190476191,0.4955357142857143,0.24296331405639648
"11,11,16,22,9,11,14,18,9,15,22,7,13,15,13",0.5,0.5,0.4966517857142857,0.46153846153846156,0.42857142857142855,0.4444444444444444,0.4955357142857143,0.3202540874481201
"12,17,3,6,2,14,12,15,19,16,13,6,4,2,16",0.4666666666666667,0.5,0.4966517857142857,0.4642857142857143,0.9285714285714286,0.6190476190476191,0.4955357142857143,0.3348383903503418
"3,22,2,7,8,18,14,14,15,1,1,20,14,2,5",0.4666666666666667,0.5,0.4966517857142857,0.4642857142857143,0.9285714285714286,0.6190476190476191,0.4955357142857143,0.2829442024230957
"6,1,0,20,2,0,11,4,2,4,15,0,6,9,18",0.5,0.5,0.4966517857142857,0.46153846153846156,0.42857142857142855,0.4444444444444444,0.4955357142857143,0.16009163856506348
"13,15,3,11,16,7,23,5,17,18,11,9,4,0,10",0.4666666666666667,0.5,0.4966517857142857,0.4642857142857143,0.9285714285714286,0.6190476190476191,0.4955357142857143,0.30544090270996094
"9,13,15,3,11,16,7,23,5,17,18,11,9,4,0",0.4666666666666667,0.5,0.4966517857142857,0.4642857142857143,0.9285714285714286,0.6190476190476191,0.4955357142857143,0.31186485290527344
"14,19,10,20,3,17,13,1,6,23,13,4,12,18,19",0.43333333333333335,0.7,0.49642857142857144,0.38461538461538464,0.35714285714285715,0.37037037037037035,0.4285714285714286,0.5163037776947021
"17,18,8,5,14,5,4,1,6,3,16,11,14,15,10",0.5,0.4,0.4950892857142857,0.48148148148148145,0.9285714285714286,0.6341463414634146,0.5267857142857143,0.3555898666381836
"10,2,10,12,6,15,14,19,12,7,2,6,7,11,20",0.5333333333333333,0.4,0.4950892857142857,0.5,0.42857142857142855,0.46153846153846156,0.5267857142857143,0.25345945358276367
"6,16,12,5,16,11,6,3,2,16,12,20,11,10,21",0.5333333333333333,0.4,0.4950892857142857,0.5,0.42857142857142855,0.46153846153846156,0.5267857142857143,0.26940321922302246
"4,4,18,4,16,11,1,11,8,0,2,22,0,12,0",0.5333333333333333,0.4,0.4950892857142857,0.5,0.42857142857142855,0.46153846153846156,0.5267857142857143,0.29906225204467773
"11,1,10,4,4,12,0,12,15,19,1,1,14,12,14",0.4666666666666667,0.6,0.4948660714285714,0.4166666666666667,0.35714285714285715,0.38461538461538464,0.4598214285714286,0.2815675735473633
"16,9,13,8,14,19,8,2,20,13,22,2,0,12,0",0.5666666666666667,0.3,0.4935267857142857,0.5454545454545454,0.42857142857142855,0.48,0.5580357142857143,0.2923762798309326
"13,19,6,19,17,13,18,12,4,9,7,15,22,17,12",0.5666666666666667,0.3,0.4935267857142857,0.5454545454545454,0.42857142857142855,0.48,0.5580357142857143,1.045668363571167
"7,4,22,12,3,14,8,17,6,1,10,12,2,13,14",0.5,0.5,0.49330357142857145,0.45454545454545453,0.35714285714285715,0.4,0.4910714285714286,0.41224145889282227
"7,21,13,15,18,12,4,21,4,11,15,23,17,22,1",0.5,0.5,0.49330357142857145,0.45454545454545453,0.35714285714285715,0.4,0.4910714285714286,0.3304626941680908
"9,8,1,13,23,8,16,6,3,7,14,23,10,21,14",0.5,0.5,0.49330357142857145,0.45454545454545453,0.35714285714285715,0.4,0.4910714285714286,0.24309349060058594
"4,12,18,19,8,16,12,1,9,8,21,2,11,22,15",0.5,0.5,0.49330357142857145,0.45454545454545453,0.35714285714285715,0.4,0.4910714285714286,0.524132490158081
"4,0,19,18,16,17,9,11,21,2,8,7,0,13,0",0.5,0.5,0.49330357142857145,0.45454545454545453,0.35714285714285715,0.4,0.4910714285714286,0.7333478927612305
"13,10,16,8,13,20,17,14,9,4,4,14,0,4,8",0.5,0.5,0.49330357142857145,0.45454545454545453,0.35714285714285715,0.4,0.4910714285714286,0.25690245628356934
"4,8,3,12,4,1,19,8,18,19,3,16,11,23,1",0.4666666666666667,0.5,0.4933035714285714,0.46153846153846156,0.8571428571428571,0.6,0.49107142857142855,0.5843639373779297
"11,5,3,0,20,14,17,19,11,6,3,22,6,17,10",0.4666666666666667,0.5,0.4933035714285714,0.46153846153846156,0.8571428571428571,0.6,0.49107142857142855,0.3406949043273926
"8,22,16,9,0,23,15,6,5,9,3,10,17,1,11",0.4666666666666667,0.5,0.4933035714285714,0.46153846153846156,0.8571428571428571,0.6,0.49107142857142855,0.22434544563293457
"19,4,13,11,9,11,2,0,8,22,15,14,0,10,9",0.4,0.7,0.49308035714285714,0.4230769230769231,0.7857142857142857,0.55,0.42410714285714285,0.4004497528076172
"16,5,14,15,13,7,11,12,12,17,3,10,2,10,8",0.5,0.4,0.4917410714285715,0.48,0.8571428571428571,0.6153846153846154,0.5223214285714286,0.290454626083374
"4,4,14,11,0,11,9,11,8,0,3,9,4,12,6",0.5333333333333333,0.4,0.4917410714285715,0.5,0.35714285714285715,0.4166666666666667,0.5223214285714286,0.27915024757385254
"21,14,12,19,6,1,1,13,1,18,8,16,1,18,16",0.43333333333333335,0.6,0.4915178571428571,0.44,0.7857142857142857,0.5641025641025641,0.45535714285714285,0.34516406059265137
"18,14,7,2,12,10,2,2,19,11,4,6,1,1,7",0.43333333333333335,0.6,0.4915178571428571,0.44,0.7857142857142857,0.5641025641025641,0.45535714285714285,0.3327598571777344
"3,14,16,4,13,11,16,5,3,11,11,16,22,9,11",0.5,0.5,0.48995535714285715,0.4444444444444444,0.2857142857142857,0.34782608695652173,0.48660714285714285,0.30286550521850586
"8,7,0,12,2,15,16,12,12,7,14,22,9,7,3",0.4666666666666667,0.5,0.48995535714285715,0.4583333333333333,0.7857142857142857,0.5789473684210527,0.48660714285714285,0.27505064010620117
"1,12,0,13,7,11,8,4,5,10,14,16,2,22,1",0.4666666666666667,0.5,0.48995535714285715,0.4583333333333333,0.7857142857142857,0.5789473684210527,0.48660714285714285,0.23263192176818848
"7,5,9,7,21,1,14,11,22,15,13,16,11,6,18",0.5,0.5,0.48995535714285715,0.4444444444444444,0.2857142857142857,0.34782608695652173,0.48660714285714285,0.2886335849761963
"12,1,9,8,21,2,11,22,15,20,8,3,17,13,9",0.4666666666666667,0.5,0.48995535714285715,0.4583333333333333,0.7857142857142857,0.5789473684210527,0.48660714285714285,0.3008122444152832
"6,10,7,12,9,10,7,20,0,14,14,13,18,10,7",0.5,0.5,0.48995535714285715,0.4444444444444444,0.2857142857142857,0.34782608695652173,0.48660714285714285,0.26668691635131836
"12,4,21,4,11,15,23,17,22,1,9,14,12,9,2",0.4666666666666667,0.5,0.48995535714285715,0.4583333333333333,0.7857142857142857,0.5789473684210527,0.48660714285714285,0.2926063537597656
"15,12,3,18,11,4,15,3,1,12,19,19,12,14,1",0.43333333333333335,0.7,0.48973214285714284,0.3333333333333333,0.21428571428571427,0.2608695652173913,0.41964285714285715,0.8625404834747314
"6,18,18,6,1,17,14,7,8,20,0,3,16,0,11",0.4,0.7,0.48973214285714284,0.4166666666666667,0.7142857142857143,0.5263157894736842,0.41964285714285715,0.5243065357208252
"0,6,23,10,2,1,15,10,4,0,17,7,20,14,15",0.5,0.4,0.4883928571428571,0.4782608695652174,0.7857142857142857,0.5945945945945946,0.5178571428571428,0.23224353790283203
"17,22,17,18,14,13,10,7,17,23,5,16,1,14,2",0.5333333333333333,0.4,0.4883928571428571,0.5,0.2857142857142857,0.36363636363636365,0.5178571428571428,0.5669324398040771
"18,6,1,17,14,7,8,20,0,3,16,0,11,8,9",0.5,0.4,0.4883928571428571,0.4782608695652174,0.7857142857142857,0.5945945945945946,0.5178571428571428,0.371044397354126
"19,16,5,17,0,23,2,10,3,20,8,9,17,6,10",0.5,0.4,0.4883928571428571,0.4782608695652174,0.7857142857142857,0.5945945945945946,0.5178571428571428,0.4970734119415283
"6,19,17,6,9,0,16,7,12,3,2,1,12,12,21",0.5,0.4,0.4883928571428571,0.4782608695652174,0.7857142857142857,0.5945945945945946,0.5178571428571428,0.5291378498077393
"16,15,22,4,10,13,10,4,11,2,2,19,12,15,14",0.4666666666666667,0.6,0.48816964285714287,0.375,0.21428571428571427,0.2727272727272727,0.45089285714285715,0.2916908264160156
"22,11,9,12,8,13,17,14,17,11,1,10,2,2,15",0.43333333333333335,0.6,0.48816964285714287,0.43478260869565216,0.7142857142857143,0.5405405405405406,0.45089285714285715,0.31402158737182617
"6,10,3,23,3,13,3,12,14,14,2,22,13,6,14",0.4666666666666667,0.6,0.48816964285714287,0.375,0.21428571428571427,0.2727272727272727,0.45089285714285715,0.2069551944732666
"9,5,20,16,2,17,11,20,17,16,3,1,2,1,22",0.4666666666666667,0.6,0.48816964285714287,0.375,0.21428571428571427,0.2727272727272727,0.45089285714285715,0.2777552604675293
"14,5,4,1,6,3,16,11,14,15,10,23,1,10,10",0.43333333333333335,0.6,0.4881696428571428,0.43478260869565216,0.7142857142857143,0.5405405405405406,0.45089285714285715,0.26992344856262207
"1,22,7,7,7,12,10,1,12,0,7,19,15,10,6",0.4666666666666667,0.5,0.48660714285714285,0.45454545454545453,0.7142857142857143,0.5555555555555556,0.48214285714285715,0.26592493057250977
"8,13,20,17,14,9,4,4,14,0,4,8,3,12,4",0.4666666666666667,0.5,0.48660714285714285,0.45454545454545453,0.7142857142857143,0.5555555555555556,0.48214285714285715,0.23669958114624023
"19,2,7,17,3,16,1,9,16,10,7,16,15,20,5",0.5,0.5,0.48660714285714285,0.42857142857142855,0.21428571428571427,0.2857142857142857,0.48214285714285715,0.41278886795043945
"2,15,1,3,10,0,7,6,15,8,12,4,12,22,14",0.4666666666666667,0.5,0.48660714285714285,0.45454545454545453,0.7142857142857143,0.5555555555555556,0.48214285714285715,0.2756154537200928
"13,17,14,17,11,1,10,2,2,15,12,19,19,10,5",0.4666666666666667,0.5,0.48660714285714285,0.45454545454545453,0.7142857142857143,0.5555555555555556,0.48214285714285715,0.8495259284973145
"6,4,8,8,21,2,8,2,8,13,21,5,3,8,4",0.4666666666666667,0.5,0.48660714285714285,0.45454545454545453,0.7142857142857143,0.5555555555555556,0.48214285714285715,0.21456003189086914
"5,20,16,11,13,9,8,13,21,14,12,19,6,1,1",0.4666666666666667,0.5,0.48660714285714285,0.45454545454545453,0.7142857142857143,0.5555555555555556,0.48214285714285715,0.27641844749450684
"13,9,8,8,2,8,11,10,0,5,0,21,4,0,13",0.4666666666666667,0.5,0.48660714285714285,0.45454545454545453,0.7142857142857143,0.5555555555555556,0.48214285714285715,0.24792790412902832
"3,19,18,14,14,13,15,8,7,20,9,13,7,8,0",0.5,0.4,0.4850446428571429,0.47619047619047616,0.7142857142857143,0.5714285714285714,0.5133928571428572,0.7135705947875977
"0,12,1,15,14,10,7,20,14,8,23,3,8,10,4",0.5,0.4,0.4850446428571429,0.47619047619047616,0.7142857142857143,0.5714285714285714,0.5133928571428572,0.2398853302001953
"4,17,4,18,9,0,0,19,5,2,9,4,8,0,3",0.5333333333333333,0.4,0.48504464285714277,0.5,0.21428571428571427,0.3,0.5133928571428571,0.2679722309112549
"8,15,13,17,18,8,5,14,5,4,1,6,3,16,11",0.43333333333333335,0.6,0.4848214285714286,0.42857142857142855,0.6428571428571429,0.5142857142857142,0.44642857142857145,0.323209285736084
"20,8,14,10,0,15,7,17,18,0,17,2,15,1,3",0.4666666666666667,0.6,0.48482142857142857,0.3333333333333333,0.14285714285714285,0.2,0.4464285714285714,0.40912747383117676
"0,13,7,11,8,4,5,10,14,16,2,22,1,3,0",0.5666666666666667,0.3,0.4834821428571428,0.6,0.21428571428571427,0.3157894736842105,0.5446428571428571,0.24597454071044922
"6,16,9,13,15,3,11,16,7,23,5,17,18,11,9",0.5666666666666667,0.3,0.4834821428571428,0.6,0.21428571428571427,0.3157894736842105,0.5446428571428571,0.3290443420410156
"9,1,0,7,5,7,23,17,9,23,13,7,16,13,10",0.4666666666666667,0.5,0.4832589285714286,0.45,0.6428571428571429,0.5294117647058824,0.47767857142857145,0.23334836959838867
"16,0,14,14,17,15,19,18,14,14,15,10,11,23,9",0.4666666666666667,0.5,0.4832589285714286,0.45,0.6428571428571429,0.5294117647058824,0.47767857142857145,0.615290641784668
"0,4,11,16,5,18,6,1,16,8,14,8,21,0,12",0.5,0.5,0.48325892857142855,0.4,0.14285714285714285,0.21052631578947367,0.4776785714285714,0.2859766483306885
"18,9,12,15,0,10,13,9,16,15,16,11,9,21,12",0.5,0.5,0.48325892857142855,0.4,0.14285714285714285,0.21052631578947367,0.4776785714285714,0.4259052276611328
"22,16,3,22,2,7,8,18,14,14,15,1,1,20,14",0.5,0.5,0.48325892857142855,0.4,0.14285714285714285,0.21052631578947367,0.4776785714285714,0.2888498306274414
"1,1,13,1,18,8,16,1,18,16,5,23,3,16,7",0.5,0.5,0.48325892857142855,0.4,0.14285714285714285,0.21052631578947367,0.4776785714285714,0.34464526176452637
"12,0,7,19,15,10,6,9,22,0,11,7,5,9,7",0.4,0.7,0.4830357142857143,0.4,0.5714285714285714,0.47058823529411764,0.4107142857142857,0.2791156768798828
"14,15,9,17,14,3,0,3,5,5,16,7,22,10,19",0.4,0.7,0.4830357142857143,0.4,0.5714285714285714,0.4705882352941176,0.4107142857142857,0.3187770843505859
"0,11,1,23,3,3,13,9,16,15,14,21,15,7,18",0.5333333333333333,0.4,0.4816964285714286,0.5,0.14285714285714285,0.2222222222222222,0.5089285714285714,0.2566707134246826
"13,10,16,11,2,11,11,12,15,5,0,4,2,10,9",0.5,0.4,0.4816964285714286,0.47368421052631576,0.6428571428571429,0.5454545454545454,0.5089285714285714,0.28969740867614746
"14,22,10,21,14,3,10,15,12,3,18,11,4,15,3",0.5,0.4,0.4816964285714286,0.47368421052631576,0.6428571428571429,0.5454545454545454,0.5089285714285714,0.3053469657897949
"6,0,16,1,10,5,21,13,10,1,7,4,8,9,15",0.5333333333333333,0.4,0.4816964285714286,0.5,0.14285714285714285,0.2222222222222222,0.5089285714285714,0.30411601066589355
"4,6,17,11,4,4,9,3,5,17,9,14,6,2,3",0.5,0.4,0.4816964285714286,0.47368421052631576,0.6428571428571429,0.5454545454545454,0.5089285714285714,0.2662203311920166
"2,0,18,0,13,0,9,16,10,15,14,3,11,8,18",0.43333333333333335,0.6,0.4814732142857143,0.42105263157894735,0.5714285714285714,0.48484848484848486,0.4419642857142857,0.2856264114379883
"9,13,12,17,15,5,11,12,17,21,12,14,20,3,10",0.43333333333333335,0.6,0.4814732142857143,0.42105263157894735,0.5714285714285714,0.48484848484848486,0.4419642857142857,0.2780618667602539
"18,5,12,15,0,4,4,13,6,0,2,20,11,5,17",0.5333333333333333,0.3,0.48013392857142856,0.5,0.6428571428571429,0.5625,0.5401785714285714,0.24975347518920898
"15,14,20,10,4,14,21,17,12,2,0,4,15,6,18",0.5,0.5,0.4799107142857143,0.3333333333333333,0.07142857142857142,0.11764705882352941,0.4732142857142857,0.2857019901275635
"13,1,6,23,13,4,12,18,19,8,16,12,1,9,8",0.5,0.5,0.4799107142857143,0.3333333333333333,0.07142857142857142,0.11764705882352941,0.4732142857142857,0.512545108795166
"14,11,13,0,13,18,5,6,9,9,13,12,17,15,5",0.4666666666666667,0.5,0.4799107142857143,0.4444444444444444,0.5714285714285714,0.5,0.4732142857142857,0.28219151496887207
"8,4,14,11,16,11,9,11,8,0,3,22,0,12,9",0.4666666666666667,0.5,0.4799107142857143,0.4444444444444444,0.5714285714285714,0.5,0.4732142857142857,0.22390413284301758
"23,6,7,22,11,1,22,1,13,0,19,2,7,17,3",0.5,0.5,0.4799107142857143,0.3333333333333333,0.07142857142857142,0.11764705882352941,0.4732142857142857,0.2665698528289795
"16,8,12,4,21,11,1,3,15,17,10,5,0,9,5",0.5,0.5,0.4799107142857143,0.3333333333333333,0.0714285714285714,0.1176470588235294,0.4732142857142857,0.358987808227539
"22,9,16,17,13,5,14,14,21,16,15,4,5,6,6",0.5,0.5,0.4799107142857143,0.3333333333333333,0.07142857142857142,0.11764705882352941,0.4732142857142857,0.2822225093841553
"10,20,3,17,13,1,6,23,13,4,12,18,19,8,16",0.5,0.5,0.4799107142857143,0.3333333333333333,0.07142857142857142,0.11764705882352941,0.4732142857142857,0.4989144802093506
"13,6,10,2,10,12,6,15,14,19,12,7,2,6,7",0.5,0.5,0.4799107142857143,0.3333333333333333,0.07142857142857142,0.11764705882352941,0.4732142857142857,0.279799222946167
"13,2,18,14,6,6,22,7,8,6,3,6,1,0,20",0.5,0.5,0.4799107142857143,0.3333333333333333,0.07142857142857142,0.11764705882352941,0.4732142857142857,0.23902416229248047
"4,0,19,10,16,17,9,11,16,1,8,2,0,0,0",0.5333333333333333,0.4,0.4783482142857143,0.5,0.07142857142857142,0.125,0.5044642857142857,0.3653585910797119
"15,23,2,16,9,15,15,19,12,7,9,11,18,16,9",0.5333333333333333,0.4,0.4783482142857143,0.5,0.07142857142857142,0.125,0.5044642857142857,0.3687741756439209
"15,0,4,4,13,6,0,2,20,11,5,17,23,11,4",0.43333333333333335,0.6,0.478125,0.4117647058823529,0.5,0.45161290322580644,0.4375,0.2182314395904541
"9,2,9,18,5,18,14,8,13,2,2,21,11,15,7",0.43333333333333335,0.6,0.478125,0.4117647058823529,0.5,0.45161290322580644,0.4375,0.3698115348815918
"10,16,16,13,20,11,11,9,4,4,0,0,4,10,9",0.4666666666666667,0.6,0.478125,0.0,0.0,0.0,0.4375,0.23977303504943848
"7,5,7,23,17,9,23,13,7,16,13,10,13,4,5",0.5333333333333333,0.3,0.4767857142857143,0.5,0.5714285714285714,0.5333333333333333,0.5357142857142857,0.23630213737487793
"22,17,1,18,14,7,2,12,10,2,2,19,11,4,6",0.5,0.5,0.4765625,0.0,0.0,0.0,0.46875,0.37468981742858887
"12,3,0,22,14,5,2,20,16,14,17,4,6,10,19",0.5,0.5,0.4765625,0.0,0.0,0.0,0.46875,0.22897624969482422
"1,6,3,16,11,14,15,10,23,1,10,10,12,3,0",0.5,0.5,0.4765625,0.0,0.0,0.0,0.46875,0.2673308849334717
"19,14,23,10,14,15,0,9,19,3,11,23,6,9,4",0.5,0.5,0.4765625,0.0,0.0,0.0,0.46875,0.40990567207336426
"7,10,21,1,11,10,10,16,16,17,7,7,1,18,14",0.4666666666666667,0.5,0.4765625,0.4375,0.5,0.4666666666666667,0.46875,0.3104407787322998
"22,17,5,2,19,3,7,8,8,7,0,12,2,15,16",0.5,0.5,0.4765625,0.0,0.0,0.0,0.46875,0.46747899055480957
"19,6,19,11,9,11,9,0,8,22,8,14,0,12,0",0.5,0.5,0.4765625,0.0,0.0,0.0,0.46875,1.0148932933807373
"2,2,19,12,22,1,16,2,8,18,18,15,8,8,18",0.5,0.5,0.4765625,0.0,0.0,0.0,0.46875,0.5306460857391357
"4,14,10,14,17,21,14,0,15,8,12,0,15,21,10",0.5,0.5,0.4765625,0.0,0.0,0.0,0.46875,0.2891967296600342
"5,1,0,21,1,1,0,12,3,20,2,8,19,13,2",0.5,0.5,0.4765625,0.0,0.0,0.0,0.46875,0.23557806015014648
"21,13,15,18,12,4,21,4,11,15,23,17,22,1,9",0.5,0.5,0.4765625,0.0,0.0,0.0,0.46875,0.32843542098999023
"11,1,22,1,13,0,19,2,7,17,3,16,1,9,16",0.4666666666666667,0.5,0.4765625,0.4375,0.5,0.4666666666666667,0.46875,0.2806575298309326
"6,9,22,0,11,7,5,9,7,21,1,14,11,22,15",0.4666666666666667,0.5,0.4765625,0.4375,0.5,0.4666666666666667,0.46875,0.222320556640625
"7,12,0,11,3,19,18,14,14,13,15,8,7,20,9",0.5,0.5,0.4765625,0.0,0.0,0.0,0.46875,0.5256686210632324
"5,16,12,6,5,0,0,17,18,11,19,10,12,23,1",0.4666666666666667,0.5,0.4765625,0.4375,0.5,0.4666666666666667,0.46875,0.2934997081756592
"0,17,7,20,14,15,13,0,2,9,14,12,16,2,23",0.5,0.5,0.4765625,0.0,0.0,0.0,0.46875,0.3119983673095703
"1,2,19,9,6,3,12,9,12,12,7,5,18,17,5",0.5,0.5,0.4765625,0.0,0.0,0.0,0.46875,0.4187815189361572
"9,6,16,9,13,15,3,11,16,7,23,5,17,18,11",0.5,0.5,0.4765625,0.0,0.0,0.0,0.46875,0.3201730251312256
"3,6,2,14,12,15,19,16,13,6,4,2,16,4,12",0.5,0.5,0.4765625,0.0,0.0,0.0,0.46875,0.32779812812805176
"13,15,8,7,20,9,13,7,8,0,16,11,10,13,20",0.5,0.5,0.4765625,0.0,0.0,0.0,0.46875,0.289473295211792
"19,16,5,10,5,12,17,0,6,5,3,22,16,5,5",0.4,0.7,0.4763392857142857,0.375,0.42857142857142855,0.4,0.4017857142857143,0.4298567771911621
"8,15,4,12,6,12,4,7,20,5,1,3,7,3,13",0.5333333333333333,0.4,0.475,0.0,0.0,0.0,0.5,0.20136737823486328
"11,8,11,15,16,1,8,8,10,6,5,15,2,1,22",0.5,0.4,0.475,0.4666666666666667,0.5,0.4827586206896552,0.5,0.2519338130950928
"15,5,23,11,16,0,14,14,17,15,19,18,14,14,15",0.43333333333333335,0.6,0.4747767857142857,0.4,0.42857142857142855,0.41379310344827586,0.4330357142857143,0.5926425457000732
"8,13,17,14,17,11,1,10,2,2,15,12,19,19,10",0.5333333333333333,0.3,0.4734375,0.5,0.5,0.5,0.53125,0.8393747806549072
"18,4,18,19,1,15,1,15,8,5,2,17,0,18,16",0.5333333333333333,0.3,0.4734375,0.5,0.5,0.5,0.53125,0.925560474395752
"14,3,6,12,1,18,7,16,12,0,10,1,8,5,7",0.4666666666666667,0.5,0.4732142857142857,0.42857142857142855,0.42857142857142855,0.42857142857142855,0.4642857142857143,0.25753355026245117
"1,13,7,9,10,9,7,11,15,13,21,2,6,6,6",0.43333333333333335,0.5,0.4732142857142857,0.4482758620689655,0.9285714285714286,0.6046511627906976,0.4642857142857143,0.2757420539855957
"7,4,0,14,3,0,4,11,16,5,18,6,1,16,8",0.4666666666666667,0.5,0.4732142857142857,0.42857142857142855,0.42857142857142855,0.42857142857142855,0.4642857142857143,0.25850534439086914
"2,10,0,19,2,4,4,19,6,18,14,22,12,15,7",0.43333333333333335,0.5,0.4732142857142857,0.4482758620689655,0.9285714285714286,0.6046511627906976,0.4642857142857143,1.2915370464324951
"3,17,22,17,18,14,13,10,7,17,23,5,16,1,14",0.43333333333333335,0.5,0.4732142857142857,0.4482758620689655,0.9285714285714286,0.6046511627906976,0.4642857142857143,0.5678744316101074
"6,8,16,14,21,2,16,2,6,14,23,5,3,8,4",0.43333333333333335,0.5,0.4732142857142857,0.4482758620689655,0.9285714285714286,0.6046511627906976,0.4642857142857143,0.3440394401550293
"14,1,19,18,17,11,17,9,23,1,10,22,4,11,4",0.43333333333333335,0.5,0.4732142857142857,0.4482758620689655,0.9285714285714286,0.6046511627906976,0.4642857142857143,0.6161320209503174
"19,17,4,10,1,0,2,16,16,16,15,5,4,6,17",0.4666666666666667,0.5,0.4732142857142857,0.42857142857142855,0.42857142857142855,0.42857142857142855,0.4642857142857143,0.5489194393157959
"12,18,1,17,13,5,5,11,9,22,12,16,8,14,4",0.4666666666666667,0.5,0.4732142857142857,0.42857142857142855,0.42857142857142855,0.42857142857142855,0.4642857142857143,0.32498812675476074
"2,9,14,18,16,12,17,6,19,5,15,0,6,7,14",0.43333333333333335,0.5,0.4732142857142857,0.4482758620689655,0.9285714285714286,0.6046511627906976,0.4642857142857143,0.4080207347869873
"11,7,5,9,7,21,1,14,11,22,15,13,16,11,6",0.43333333333333335,0.5,0.4732142857142857,0.4482758620689655,0.9285714285714286,0.6046511627906976,0.4642857142857143,0.2505757808685303
"0,17,23,5,5,13,18,18,15,16,13,15,6,15,12",0.4,0.7,0.47299107142857144,0.35714285714285715,0.35714285714285715,0.35714285714285715,0.3973214285714286,0.4243474006652832
"13,6,14,19,10,20,3,17,13,1,6,23,13,4,12",0.5,0.4,0.4716517857142857,0.46153846153846156,0.42857142857142855,0.4444444444444444,0.4955357142857143,0.2571437358856201
"1,15,10,4,0,17,7,20,14,15,13,0,2,9,14",0.5,0.4,0.4716517857142857,0.46153846153846156,0.42857142857142855,0.4444444444444444,0.4955357142857143,0.2912559509277344
"4,4,12,0,12,15,19,1,1,14,12,14,8,1,17",0.43333333333333335,0.6,0.4714285714285715,0.38461538461538464,0.35714285714285715,0.37037037037037035,0.4285714285714286,0.2763354778289795
"14,9,1,0,1,2,0,16,9,13,8,14,19,8,2",0.43333333333333335,0.6,0.4714285714285714,0.38461538461538464,0.35714285714285715,0.37037037037037035,0.4285714285714286,0.3254997730255127
"16,5,17,0,23,2,10,3,20,8,9,17,6,10,22",0.4,0.6,0.4714285714285714,0.42857142857142855,0.8571428571428571,0.5714285714285714,0.42857142857142855,0.3001217842102051
"10,2,1,15,10,4,0,17,7,20,14,15,13,0,2",0.5,0.3,0.4700892857142857,0.48148148148148145,0.9285714285714286,0.6341463414634146,0.5267857142857143,0.20889544486999512
"9,4,16,3,9,19,19,17,13,3,7,3,2,5,23",0.5333333333333333,0.3,0.4700892857142857,0.5,0.42857142857142855,0.46153846153846156,0.5267857142857143,1.1914427280426025
"7,4,18,14,21,15,1,1,20,14,2,5,3,18,4",0.4666666666666667,0.5,0.46986607142857145,0.4166666666666667,0.35714285714285715,0.38461538461538464,0.4598214285714286,0.26735830307006836
"2,23,14,13,1,0,19,6,12,17,17,14,2,9,14",0.43333333333333335,0.5,0.4698660714285714,0.4444444444444444,0.8571428571428571,0.5853658536585366,0.45982142857142855,0.38206982612609863
"3,9,0,7,3,22,3,15,20,11,5,3,0,20,14",0.43333333333333335,0.5,0.4698660714285714,0.4444444444444444,0.8571428571428571,0.5853658536585366,0.45982142857142855,0.19420194625854492
"11,3,9,23,16,5,22,8,5,13,4,2,17,18,19",0.43333333333333335,0.5,0.4698660714285714,0.4444444444444444,0.8571428571428571,0.5853658536585366,0.45982142857142855,0.5806186199188232
"5,4,6,17,11,4,4,9,3,5,17,9,14,6,2",0.36666666666666664,0.7,0.46964285714285714,0.4074074074074074,0.7857142857142857,0.5365853658536586,0.39285714285714285,0.25901055335998535
"14,14,15,1,1,20,14,2,5,5,18,16,19,6,17",0.5,0.4,0.4683035714285715,0.45454545454545453,0.35714285714285715,0.4,0.4910714285714286,0.44793701171875
"0,19,4,16,11,9,11,23,0,8,22,0,14,0,10",0.5,0.4,0.4683035714285715,0.45454545454545453,0.35714285714285715,0.4,0.4910714285714286,0.43010568618774414
"10,4,4,12,0,12,15,19,1,1,14,12,14,8,1",0.4666666666666667,0.4,0.4683035714285714,0.46153846153846156,0.8571428571428571,0.6,0.49107142857142855,0.26929497718811035
"19,0,14,11,9,11,11,0,8,22,3,14,9,10,9",0.4666666666666667,0.4,0.4683035714285714,0.46153846153846156,0.8571428571428571,0.6,0.49107142857142855,0.4030928611755371
"20,0,14,14,13,18,10,7,7,10,21,1,11,10,10",0.4666666666666667,0.4,0.4683035714285714,0.46153846153846156,0.8571428571428571,0.6,0.49107142857142855,0.288679838180542
"14,14,13,15,8,7,20,9,13,7,8,0,16,11,10",0.43333333333333335,0.6,0.4680803571428572,0.36363636363636365,0.2857142857142857,0.32,0.42410714285714285,0.3121337890625
"9,14,18,16,12,17,6,19,5,15,0,6,7,14,17",0.43333333333333335,0.6,0.4680803571428572,0.36363636363636365,0.2857142857142857,0.32,0.42410714285714285,0.41854429244995117
"17,19,11,6,3,22,6,17,10,13,19,6,19,17,13",0.4,0.6,0.4680803571428571,0.4230769230769231,0.7857142857142857,0.55,0.42410714285714285,1.211066484451294
"8,10,0,9,15,21,14,8,17,19,9,19,7,3,23",0.4,0.6,0.4680803571428571,0.4230769230769231,0.7857142857142857,0.55,0.42410714285714285,0.3849678039550781
"7,23,12,12,17,3,10,2,10,8,4,15,9,7,20",0.4666666666666667,0.5,0.46651785714285715,0.4,0.2857142857142857,0.3333333333333333,0.45535714285714285,0.24002385139465332
"10,22,4,11,4,3,6,0,11,1,23,3,3,13,9",0.43333333333333335,0.5,0.46651785714285715,0.44,0.7857142857142857,0.5641025641025641,0.45535714285714285,0.18149209022521973
"6,4,14,8,9,11,11,2,8,22,3,14,0,10,4",0.4666666666666667,0.5,0.46651785714285715,0.4,0.2857142857142857,0.3333333333333333,0.45535714285714285,0.2602541446685791
"0,1,21,0,8,20,15,16,13,11,19,11,7,8,4",0.43333333333333335,0.5,0.46651785714285715,0.44,0.7857142857142857,0.5641025641025641,0.45535714285714285,0.2561655044555664
"14,15,13,0,2,9,14,12,16,2,23,16,9,6,22",0.43333333333333335,0.5,0.46651785714285715,0.44,0.7857142857142857,0.5641025641025641,0.45535714285714285,0.3135840892791748
"7,20,0,14,14,13,18,10,7,7,10,21,1,11,10",0.4666666666666667,0.5,0.46651785714285715,0.4,0.2857142857142857,0.3333333333333333,0.45535714285714285,0.2822880744934082
"9,4,0,10,12,4,9,16,23,4,16,2,5,19,16",0.4666666666666667,0.5,0.46651785714285715,0.4,0.2857142857142857,0.3333333333333333,0.45535714285714285,0.40888309478759766
"16,1,15,22,8,0,3,16,14,1,7,3,21,0,4",0.4666666666666667,0.5,0.46651785714285715,0.4,0.2857142857142857,0.3333333333333333,0.45535714285714285,0.27527546882629395
"1,3,8,9,4,16,3,9,19,19,17,13,3,7,3",0.43333333333333335,0.5,0.46651785714285715,0.44,0.7857142857142857,0.5641025641025641,0.45535714285714285,1.0064873695373535
"14,2,5,5,18,16,19,6,17,19,19,18,7,6,7",0.4,0.7,0.46629464285714284,0.3,0.21428571428571427,0.25,0.38839285714285715,1.6169416904449463
"10,4,0,17,7,20,14,15,13,0,2,9,14,12,16",0.4666666666666667,0.4,0.4649553571428572,0.4583333333333333,0.7857142857142857,0.5789473684210527,0.48660714285714285,0.2236771583557129
"22,2,7,8,18,14,14,15,1,1,20,14,2,5,5",0.4666666666666667,0.4,0.4649553571428572,0.4583333333333333,0.7857142857142857,0.5789473684210527,0.48660714285714285,0.2690715789794922
"13,0,15,12,3,9,17,3,10,13,5,2,12,21,11",0.5,0.4,0.4649553571428572,0.4444444444444444,0.2857142857142857,0.3478260869565217,0.4866071428571428,0.284468412399292
"10,23,1,10,10,12,3,0,22,14,5,2,20,16,14",0.43333333333333335,0.6,0.4647321428571428,0.3333333333333333,0.21428571428571427,0.2608695652173913,0.41964285714285715,0.27391958236694336
"10,0,3,14,7,4,21,4,0,12,1,15,14,10,7",0.4,0.6,0.4647321428571428,0.4166666666666667,0.7142857142857143,0.5263157894736842,0.41964285714285715,0.21364641189575195
"12,19,14,10,19,8,23,5,10,19,13,17,23,13,10",0.5,0.3,0.4633928571428571,0.4782608695652174,0.7857142857142857,0.5945945945945946,0.5178571428571428,0.30678224563598633
"5,9,16,5,14,15,13,7,23,12,12,17,3,10,2",0.5,0.3,0.4633928571428571,0.4782608695652174,0.7857142857142857,0.5945945945945946,0.5178571428571428,0.2562406063079834
"18,12,4,9,7,15,22,17,12,11,10,14,9,15,15",0.5,0.3,0.4633928571428571,0.4782608695652174,0.7857142857142857,0.5945945945945946,0.5178571428571428,0.3583533763885498
"16,9,0,23,15,6,5,9,3,10,17,1,11,5,2",0.43333333333333335,0.5,0.46316964285714285,0.43478260869565216,0.7142857142857143,0.5405405405405406,0.45089285714285715,0.2788429260253906
"16,4,5,4,6,17,11,4,8,9,3,5,17,9,14",0.43333333333333335,0.5,0.46316964285714285,0.43478260869565216,0.7142857142857143,0.5405405405405406,0.45089285714285715,0.2545633316040039
"20,8,9,17,6,10,22,17,5,2,19,3,7,8,8",0.4666666666666667,0.5,0.46316964285714285,0.375,0.21428571428571427,0.2727272727272727,0.45089285714285715,0.38836097717285156
"18,0,7,5,5,15,2,16,9,15,2,2,10,0,19",0.36666666666666664,0.7,0.4629464285714286,0.391304347826087,0.6428571428571429,0.4864864864864865,0.38392857142857145,0.26595163345336914
"10,3,17,0,6,0,16,1,10,5,21,13,10,1,7",0.4,0.7,0.46294642857142854,0.25,0.14285714285714285,0.18181818181818182,0.3839285714285714,0.24246907234191895
"1,10,10,12,3,0,22,14,5,2,20,16,14,17,4",0.5,0.4,0.4616071428571429,0.42857142857142855,0.21428571428571427,0.2857142857142857,0.48214285714285715,0.27599620819091797
"15,22,8,0,3,16,14,1,7,3,21,0,4,2,7",0.4666666666666667,0.4,0.4616071428571429,0.45454545454545453,0.7142857142857143,0.5555555555555556,0.48214285714285715,0.3240470886230469
"7,8,20,0,3,16,0,11,8,9,14,18,13,20,17",0.5,0.4,0.4616071428571429,0.42857142857142855,0.21428571428571427,0.2857142857142857,0.48214285714285715,0.2723119258880615
"9,1,0,1,2,0,16,9,13,8,14,19,8,2,20",0.5,0.4,0.4616071428571429,0.42857142857142855,0.21428571428571427,0.2857142857142857,0.48214285714285715,0.2354111671447754
"3,16,0,11,8,9,14,18,13,20,17,10,9,17,19",0.4,0.6,0.4613839285714286,0.4090909090909091,0.6428571428571429,0.5,0.41517857142857145,0.4030873775482178
"16,0,20,3,6,3,15,14,16,8,7,1,13,7,9",0.4,0.6,0.4613839285714286,0.4090909090909091,0.6428571428571429,0.5,0.41517857142857145,0.28329038619995117
"11,6,19,18,0,11,9,16,21,2,8,7,3,14,0",0.4,0.6,0.4613839285714286,0.4090909090909091,0.6428571428571429,0.5,0.41517857142857145,0.5329480171203613
"12,10,2,2,19,11,4,6,1,1,7,4,0,3,21",0.4,0.6,0.4613839285714286,0.4090909090909091,0.6428571428571429,0.5,0.41517857142857145,0.21744465827941895
"6,17,11,4,4,9,3,5,17,9,14,6,2,3,4",0.4,0.6,0.4613839285714286,0.4090909090909091,0.6428571428571429,0.5,0.41517857142857145,0.2468557357788086
"16,1,14,2,16,0,9,0,8,11,8,9,17,12,20",0.5333333333333333,0.3,0.4600446428571428,0.5,0.21428571428571427,0.3,0.5133928571428571,0.29776811599731445
"4,0,12,1,15,14,10,7,20,14,8,23,3,8,10",0.43333333333333335,0.5,0.4598214285714286,0.42857142857142855,0.6428571428571429,0.5142857142857142,0.44642857142857145,0.23204469680786133
"23,11,16,0,14,14,17,15,19,18,14,14,15,10,11",0.43333333333333335,0.5,0.4598214285714286,0.42857142857142855,0.6428571428571429,0.5142857142857142,0.44642857142857145,0.5851209163665771
"10,21,14,3,10,15,12,3,18,11,4,15,3,1,12",0.43333333333333335,0.5,0.4598214285714286,0.42857142857142855,0.6428571428571429,0.5142857142857142,0.44642857142857145,0.26860666275024414
"16,12,8,3,4,15,12,13,19,13,9,15,23,2,16",0.4666666666666667,0.5,0.45982142857142855,0.3333333333333333,0.14285714285714285,0.2,0.4464285714285714,0.3121626377105713
"6,15,12,10,0,2,0,18,0,13,0,9,16,10,15",0.36666666666666664,0.7,0.4595982142857143,0.38095238095238093,0.5714285714285714,0.45714285714285713,0.3794642857142857,0.25664234161376953
"21,4,0,12,1,15,14,10,7,20,14,8,23,3,8",0.4666666666666667,0.4,0.4582589285714286,0.45,0.6428571428571429,0.5294117647058824,0.47767857142857145,0.2837216854095459
"9,14,6,2,3,4,0,19,4,16,11,9,11,23,0",0.4666666666666667,0.4,0.4582589285714286,0.45,0.6428571428571429,0.5294117647058824,0.47767857142857145,0.2719094753265381
"18,14,19,19,1,11,9,15,22,5,8,17,0,14,0",0.4666666666666667,0.4,0.4582589285714286,0.45,0.6428571428571429,0.5294117647058824,0.47767857142857145,1.059509038925171
"8,1,17,7,8,8,12,10,0,0,2,1,9,13,2",0.4666666666666667,0.4,0.4582589285714286,0.45,0.6428571428571429,0.5294117647058824,0.47767857142857145,0.1952366828918457
"4,16,3,9,19,19,17,13,3,7,3,2,5,23,1",0.4,0.6,0.4580357142857143,0.4,0.5714285714285714,0.47058823529411764,0.4107142857142857,1.1914057731628418
"10,0,15,14,16,19,15,8,18,5,9,17,3,2,12",0.43333333333333335,0.6,0.4580357142857143,0.2,0.07142857142857142,0.10526315789473684,0.4107142857142857,0.42124485969543457
"10,1,12,0,7,19,15,10,6,9,22,0,11,7,5",0.5,0.3,0.45669642857142856,0.47368421052631576,0.6428571428571429,0.5454545454545454,0.5089285714285714,0.27119970321655273
"22,0,11,7,5,9,7,21,1,14,11,22,15,13,16",0.4666666666666667,0.5,0.4564732142857143,0.25,0.07142857142857142,0.1111111111111111,0.4419642857142857,0.2561039924621582
"10,21,9,12,0,11,18,15,5,23,11,16,0,14,14",0.4666666666666667,0.5,0.4564732142857143,0.25,0.07142857142857142,0.1111111111111111,0.4419642857142857,2.276930809020996
"11,4,15,3,1,12,19,19,12,14,1,14,15,2,5",0.4666666666666667,0.4,0.4549107142857143,0.4444444444444444,0.5714285714285714,0.5,0.4732142857142857,0.8566305637359619
"13,7,21,13,15,18,12,4,21,4,11,15,23,17,22",0.5,0.4,0.4549107142857143,0.3333333333333333,0.07142857142857142,0.11764705882352941,0.4732142857142857,0.320284366607666
"19,4,2,11,9,11,11,12,8,22,3,14,0,10,9",0.4666666666666667,0.4,0.4549107142857143,0.4444444444444444,0.5714285714285714,0.5,0.4732142857142857,0.38504457473754883
"3,13,3,12,14,14,2,22,13,6,14,19,10,20,3",0.43333333333333335,0.6,0.4546875,0.0,0.0,0.0,0.40625,0.2643711566925049
"15,14,14,1,0,11,11,0,16,9,3,8,14,10,9",0.4,0.6,0.4546875,0.3888888888888889,0.5,0.4375,0.40625,0.35668492317199707
"11,16,5,3,11,11,16,22,9,11,14,18,9,15,22",0.4666666666666667,0.5,0.453125,0.0,0.0,0.0,0.4375,0.2928190231323242
"2,2,10,0,19,2,4,4,19,6,18,14,22,12,15",0.4666666666666667,0.5,0.453125,0.0,0.0,0.0,0.4375,1.2810192108154297
"17,0,23,2,10,3,20,8,9,17,6,10,22,17,5",0.4666666666666667,0.5,0.453125,0.0,0.0,0.0,0.4375,0.27513766288757324
"7,4,16,11,9,11,1,1,20,14,0,5,5,18,16",0.43333333333333335,0.5,0.453125,0.4117647058823529,0.5,0.45161290322580644,0.4375,0.2517576217651367
"0,8,15,4,2,15,20,3,11,1,16,1,11,8,2",0.4666666666666667,0.5,0.453125,0.0,0.0,0.0,0.4375,0.25749731063842773
"0,7,3,22,3,15,20,11,5,3,0,20,14,17,19",0.43333333333333335,0.5,0.453125,0.4117647058823529,0.5,0.45161290322580644,0.4375,0.3289036750793457
"3,12,14,14,2,22,13,6,14,19,10,20,3,17,13",0.43333333333333335,0.5,0.453125,0.4117647058823529,0.5,0.45161290322580644,0.4375,0.26204752922058105
"17,6,13,22,12,0,19,19,13,11,6,12,8,23,2",0.4666666666666667,0.5,0.453125,0.0,0.0,0.0,0.4375,0.8903787136077881
"1,12,19,14,10,19,8,23,5,10,19,13,17,23,13",0.4666666666666667,0.5,0.453125,0.0,0.0,0.0,0.4375,0.3008091449737549
"23,11,1,2,22,3,12,12,9,2,0,16,17,15,19",0.5,0.4,0.4515625,0.0,0.0,0.0,0.46875,0.27501487731933594
"12,3,2,1,12,12,21,8,17,4,9,13,3,14,23",0.5,0.4,0.4515625,0.0,0.0,0.0,0.46875,0.22076964378356934
"17,6,9,0,16,7,12,3,2,1,12,12,21,8,17",0.4666666666666667,0.4,0.4515625,0.4375,0.5,0.4666666666666667,0.46875,0.28139638900756836
"11,20,7,9,0,11,12,2,9,14,18,16,12,17,6",0.4666666666666667,0.4,0.4515625,0.4375,0.5,0.4666666666666667,0.46875,0.27880406379699707
"17,15,15,14,11,13,0,13,18,5,6,9,9,13,12",0.4666666666666667,0.4,0.4515625,0.4375,0.5,0.4666666666666667,0.46875,0.28652501106262207
"15,14,16,4,0,11,23,0,16,0,0,8,14,10,9",0.4,0.6,0.4513392857142857,0.375,0.42857142857142855,0.4,0.4017857142857143,0.2770254611968994
"15,13,0,2,9,14,12,16,2,23,16,9,6,22,10",0.5,0.3,0.45,0.4666666666666667,0.5,0.4827586206896552,0.5,0.324493408203125
"7,2,8,1,9,2,9,18,5,18,14,8,13,2,2",0.5333333333333333,0.3,0.45,0.0,0.0,0.0,0.5,0.33251404762268066
"16,23,14,6,10,3,23,3,13,3,12,14,14,2,22",0.43333333333333335,0.5,0.4497767857142857,0.4,0.42857142857142855,0.41379310344827586,0.4330357142857143,0.30416297912597656
"19,0,16,4,9,1,11,0,16,0,0,8,0,19,9",0.43333333333333335,0.5,0.4497767857142857,0.4,0.42857142857142855,0.41379310344827586,0.4330357142857143,0.42705559730529785
"12,4,9,16,23,4,16,2,5,19,16,16,1,3,8",0.4666666666666667,0.4,0.4482142857142857,0.42857142857142855,0.42857142857142855,0.42857142857142855,0.4642857142857143,0.4727792739868164
"10,0,2,0,18,0,13,0,9,16,10,15,14,3,11",0.4666666666666667,0.4,0.4482142857142857,0.42857142857142855,0.42857142857142855,0.42857142857142855,0.4642857142857143,0.23537755012512207
"16,11,14,15,10,23,1,10,10,12,3,0,22,14,5",0.4666666666666667,0.4,0.4482142857142857,0.42857142857142855,0.42857142857142855,0.42857142857142855,0.4642857142857143,0.3057823181152344
"14,22,9,7,3,12,13,5,13,13,14,4,19,3,14",0.43333333333333335,0.4,0.4482142857142857,0.4482758620689655,0.9285714285714286,0.6046511627906976,0.4642857142857143,0.2946798801422119
"4,0,19,17,16,15,9,11,22,5,8,17,0,18,0",0.5,0.3,0.4466517857142857,0.46153846153846156,0.42857142857142855,0.4444444444444444,0.4955357142857143,0.5963845252990723
"7,4,14,10,14,17,21,14,0,15,8,12,0,15,21",0.43333333333333335,0.5,0.44642857142857145,0.38461538461538464,0.35714285714285715,0.37037037037037035,0.4285714285714286,0.2721703052520752
"19,16,19,13,14,3,6,12,1,18,7,16,12,0,10",0.43333333333333335,0.5,0.44642857142857145,0.38461538461538464,0.35714285714285715,0.37037037037037035,0.4285714285714286,0.5422689914703369
"5,13,18,18,15,16,13,15,6,15,12,10,0,2,0",0.43333333333333335,0.5,0.44642857142857145,0.38461538461538464,0.35714285714285715,0.37037037037037035,0.4285714285714286,0.3671543598175049
"23,2,16,9,15,15,19,12,7,9,11,18,16,9,3",0.4,0.5,0.4464285714285714,0.42857142857142855,0.8571428571428571,0.5714285714285714,0.42857142857142855,0.48073601722717285
"8,5,14,5,4,1,6,3,16,11,14,15,10,23,1",0.5333333333333333,0.2,0.4450892857142857,0.5,0.42857142857142855,0.46153846153846156,0.5267857142857143,0.23427200317382812
"12,12,9,2,0,16,17,15,19,8,12,16,4,5,20",0.4666666666666667,0.4,0.4448660714285715,0.4166666666666667,0.35714285714285715,0.38461538461538464,0.4598214285714286,0.27953600883483887
"16,5,14,15,13,7,23,12,12,17,0,10,2,10,8",0.4666666666666667,0.4,0.4448660714285715,0.4166666666666667,0.35714285714285715,0.38461538461538464,0.4598214285714286,0.3005101680755615
"12,3,19,19,18,9,18,11,18,16,15,1,2,19,9",0.4666666666666667,0.4,0.4448660714285715,0.4166666666666667,0.35714285714285715,0.38461538461538464,0.4598214285714286,1.2751574516296387
"15,12,19,19,10,5,20,16,11,13,9,8,13,21,14",0.43333333333333335,0.4,0.4448660714285714,0.4444444444444444,0.8571428571428571,0.5853658536585366,0.45982142857142855,0.8784127235412598
"11,8,4,5,10,14,16,2,22,1,3,0,4,10,13",0.43333333333333335,0.4,0.4448660714285714,0.4444444444444444,0.8571428571428571,0.5853658536585366,0.45982142857142855,0.23499131202697754
"15,22,7,13,15,13,9,2,2,0,5,17,2,11,13",0.4,0.6,0.4446428571428571,0.3333333333333333,0.2857142857142857,0.3076923076923077,0.39285714285714285,0.28853273391723633
"10,2,14,22,10,21,14,3,10,15,12,3,18,11,4",0.4666666666666667,0.3,0.4433035714285714,0.46153846153846156,0.8571428571428571,0.6,0.49107142857142855,0.26532530784606934
"2,19,7,14,14,1,17,22,2,5,16,12,6,5,0",0.4666666666666667,0.3,0.4433035714285714,0.46153846153846156,0.8571428571428571,0.6,0.49107142857142855,0.3976438045501709
"6,9,0,21,7,3,9,20,15,4,10,23,5,13,4",0.4,0.5,0.44308035714285715,0.4230769230769231,0.7857142857142857,0.55,0.42410714285714285,0.21199965476989746
"2,19,12,9,4,4,5,6,8,10,8,6,11,6,4",0.43333333333333335,0.5,0.44308035714285715,0.36363636363636365,0.2857142857142857,0.32,0.42410714285714285,0.34113430976867676
"8,15,4,12,2,1,1,19,9,8,4,1,16,5,10",0.43333333333333335,0.4,0.4415178571428572,0.44,0.7857142857142857,0.5641025641025641,0.45535714285714285,0.23137617111206055
"6,10,2,10,12,6,15,14,19,12,7,2,6,7,11",0.4666666666666667,0.4,0.4415178571428572,0.4,0.2857142857142857,0.3333333333333333,0.45535714285714285,0.24708294868469238
"11,1,2,22,3,12,12,9,2,0,16,17,15,19,8",0.43333333333333335,0.4,0.4415178571428572,0.44,0.7857142857142857,0.5641025641025641,0.45535714285714285,0.2819385528564453
"11,14,18,9,15,22,7,13,15,13,9,2,2,0,5",0.4,0.6,0.4412946428571428,0.3,0.21428571428571427,0.25,0.38839285714285715,0.2909712791442871
"19,0,14,4,9,11,11,0,8,0,3,22,0,10,9",0.4666666666666667,0.3,0.43995535714285716,0.4583333333333333,0.7857142857142857,0.5789473684210527,0.48660714285714285,0.41900205612182617
"10,3,23,3,13,3,12,14,14,2,22,13,6,14,19",0.5,0.3,0.43995535714285716,0.4444444444444444,0.2857142857142857,0.34782608695652173,0.48660714285714285,0.25954294204711914
"9,0,11,12,2,9,14,18,16,12,17,6,19,5,15",0.4,0.5,0.43973214285714285,0.4166666666666667,0.7142857142857143,0.5263157894736842,0.41964285714285715,0.4142932891845703
"19,12,7,9,11,18,16,9,3,16,0,22,12,16,21",0.43333333333333335,0.5,0.43973214285714285,0.3333333333333333,0.21428571428571427,0.2608695652173913,0.41964285714285715,0.4290285110473633
"16,4,16,11,9,11,11,4,4,9,0,5,17,9,14",0.43333333333333335,0.5,0.43973214285714285,0.3333333333333333,0.21428571428571427,0.2608695652173913,0.41964285714285715,0.2663881778717041
"16,10,1,22,2,17,19,12,11,8,20,10,20,5,6",0.43333333333333335,0.5,0.43973214285714285,0.3333333333333333,0.21428571428571427,0.2608695652173913,0.41964285714285715,0.3870398998260498
"15,21,14,8,17,19,9,19,7,3,23,3,5,8,2",0.43333333333333335,0.5,0.43973214285714285,0.3333333333333333,0.21428571428571427,0.2608695652173913,0.41964285714285715,0.37558722496032715
"16,6,11,12,6,17,16,22,9,15,20,5,4,4,8",0.43333333333333335,0.5,0.43973214285714285,0.3333333333333333,0.21428571428571427,0.2608695652173913,0.41964285714285715,0.2982003688812256
"10,5,20,16,11,13,9,8,13,21,14,12,19,6,1",0.43333333333333335,0.4,0.4381696428571429,0.43478260869565216,0.7142857142857143,0.5405405405405406,0.45089285714285715,0.29790616035461426
"17,9,23,1,10,22,4,11,4,3,6,0,11,1,23",0.43333333333333335,0.4,0.4381696428571429,0.43478260869565216,0.7142857142857143,0.5405405405405406,0.45089285714285715,0.31565284729003906
"10,21,1,11,10,10,16,16,17,7,7,1,18,14,22",0.4666666666666667,0.4,0.4381696428571429,0.375,0.21428571428571427,0.2727272727272727,0.45089285714285715,0.3054537773132324
"17,12,3,15,8,17,6,12,15,13,3,11,12,5,20",0.36666666666666664,0.6,0.4379464285714286,0.391304347826087,0.6428571428571429,0.4864864864864865,0.38392857142857145,0.3188173770904541
"19,4,19,4,9,11,23,0,8,22,8,14,0,10,0",0.5666666666666667,0.1,0.4368303571428571,0.5714285714285714,0.2857142857142857,0.38095238095238093,0.5491071428571428,0.993924617767334
"3,8,9,4,16,3,9,19,19,17,13,3,7,3,2",0.4666666666666667,0.3,0.43660714285714286,0.45454545454545453,0.7142857142857143,0.5555555555555556,0.48214285714285715,1.179110050201416
"0,15,7,17,18,0,17,2,15,1,3,10,0,7,6",0.4,0.5,0.4363839285714286,0.4090909090909091,0.6428571428571429,0.5,0.41517857142857145,0.3761599063873291
"19,4,4,11,9,11,17,0,8,22,2,14,0,10,9",0.43333333333333335,0.5,0.43638392857142855,0.2857142857142857,0.14285714285714285,0.19047619047619047,0.4151785714285714,0.39971423149108887
"18,13,7,21,13,15,18,12,4,21,4,11,15,23,17",0.43333333333333335,0.5,0.43638392857142855,0.2857142857142857,0.14285714285714285,0.19047619047619047,0.4151785714285714,0.38607215881347656
"4,4,14,0,4,8,3,12,4,1,19,8,18,19,3",0.43333333333333335,0.4,0.4348214285714286,0.42857142857142855,0.6428571428571429,0.5142857142857142,0.44642857142857145,0.47652244567871094
"7,12,9,10,7,20,0,14,14,13,18,10,7,7,10",0.4666666666666667,0.4,0.4348214285714286,0.3333333333333333,0.14285714285714285,0.2,0.4464285714285714,0.2952759265899658
"4,0,16,4,9,11,11,11,8,22,0,14,0,23,0",0.4,0.6,0.4345982142857143,0.16666666666666666,0.07142857142857142,0.1,0.3794642857142857,0.26070189476013184
"0,18,5,12,15,0,4,4,13,6,0,2,20,11,5",0.36666666666666664,0.6,0.4345982142857143,0.38095238095238093,0.5714285714285714,0.45714285714285713,0.3794642857142857,0.2476811408996582
"16,6,3,7,14,23,10,21,14,8,6,23,9,17,19",0.4,0.6,0.4345982142857143,0.16666666666666666,0.07142857142857142,0.1,0.3794642857142857,0.36997556686401367
"10,4,16,11,9,11,2,0,16,9,0,8,14,19,8",0.4,0.5,0.4330357142857143,0.4,0.5714285714285714,0.47058823529411764,0.4107142857142857,0.2932424545288086
"18,14,18,8,1,15,16,15,22,13,2,17,0,18,4",0.43333333333333335,0.5,0.4330357142857143,0.2,0.07142857142857142,0.10526315789473684,0.4107142857142857,0.4319305419921875
"12,14,8,1,17,7,8,8,12,10,0,0,2,1,9",0.4,0.5,0.4330357142857143,0.4,0.5714285714285714,0.47058823529411764,0.4107142857142857,0.23879408836364746
"19,15,12,8,18,13,16,15,17,6,18,2,17,8,2",0.43333333333333335,0.5,0.4330357142857143,0.2,0.07142857142857142,0.10526315789473684,0.4107142857142857,0.5850331783294678
"4,15,12,13,19,13,9,15,23,2,16,9,15,15,19",0.4,0.5,0.4330357142857143,0.4,0.5714285714285714,0.47058823529411764,0.4107142857142857,0.339235782623291
"17,13,18,12,4,9,7,15,22,17,12,11,10,14,9",0.5,0.2,0.43169642857142854,0.47368421052631576,0.6428571428571429,0.5454545454545454,0.5089285714285714,0.3146970272064209
"19,13,14,3,6,12,1,18,7,16,12,0,10,1,8",0.43333333333333335,0.4,0.4314732142857143,0.42105263157894735,0.5714285714285714,0.48484848484848486,0.4419642857142857,0.3896963596343994
"5,16,11,6,3,2,16,12,20,11,10,21,3,16,2",0.36666666666666664,0.6,0.43125,0.3684210526315789,0.5,0.42424242424242425,0.375,0.26694679260253906
"19,4,18,11,9,11,1,0,8,22,2,14,0,10,9",0.36666666666666664,0.6,0.43125,0.3684210526315789,0.5,0.42424242424242425,0.375,0.6788372993469238
"16,5,23,3,16,7,4,0,14,3,0,4,11,16,5",0.43333333333333335,0.5,0.4296875,0.0,0.0,0.0,0.40625,0.278827428817749
"23,8,7,8,15,0,0,12,14,17,9,15,5,10,14",0.43333333333333335,0.5,0.4296875,0.0,0.0,0.0,0.40625,0.25403904914855957
"17,17,0,3,9,1,5,15,2,22,15,2,2,19,12",0.4,0.5,0.4296875,0.3888888888888889,0.5,0.4375,0.40625,0.3161201477050781
"14,14,2,22,13,6,14,19,10,20,3,17,13,1,6",0.43333333333333335,0.4,0.428125,0.4117647058823529,0.5,0.45161290322580644,0.4375,0.2874643802642822
"4,4,19,3,16,11,9,11,23,8,8,9,0,14,0",0.4666666666666667,0.4,0.428125,0.0,0.0,0.0,0.4375,0.4453556537628174
"21,4,4,7,17,0,14,22,14,12,9,5,16,2,19",0.4666666666666667,0.4,0.428125,0.0,0.0,0.0,0.4375,0.3275372982025146
"13,1,18,8,16,1,18,16,5,23,3,16,7,4,0",0.43333333333333335,0.4,0.428125,0.4117647058823529,0.5,0.45161290322580644,0.4375,0.35370779037475586
"4,5,10,14,16,2,22,1,3,0,4,10,13,20,15",0.4,0.5,0.4263392857142857,0.375,0.42857142857142855,0.4,0.4017857142857143,0.23673105239868164
"10,7,20,0,14,14,13,18,10,7,7,10,21,1,11",0.43333333333333335,0.4,0.4247767857142857,0.4,0.42857142857142855,0.41379310344827586,0.4330357142857143,0.310319185256958
"8,14,0,17,17,6,9,4,3,1,4,23,0,11,9",0.43333333333333335,0.4,0.4247767857142857,0.4,0.42857142857142855,0.41379310344827586,0.4330357142857143,0.277829647064209
"6,7,14,14,8,19,11,5,18,5,3,17,1,2,2",0.36666666666666664,0.6,0.4245535714285714,0.3333333333333333,0.35714285714285715,0.3448275862068966,0.3660714285714286,0.41947102546691895
"15,3,1,12,19,19,12,14,1,14,15,2,5,20,4",0.4666666666666667,0.3,0.4232142857142857,0.42857142857142855,0.42857142857142855,0.42857142857142855,0.4642857142857143,0.9869489669799805
"6,7,14,14,8,15,1,5,17,14,3,6,1,20,16",0.4,0.5,0.42299107142857145,0.35714285714285715,0.35714285714285715,0.35714285714285715,0.3973214285714286,0.2911529541015625
"19,4,18,14,9,11,23,0,8,22,2,14,5,10,16",0.4,0.5,0.42299107142857145,0.35714285714285715,0.35714285714285715,0.35714285714285715,0.3973214285714286,0.7082626819610596
"8,14,19,8,2,20,13,22,2,0,12,0,8,23,0",0.5,0.2,0.4216517857142857,0.46153846153846156,0.42857142857142855,0.4444444444444444,0.4955357142857143,0.2736518383026123
"8,11,9,7,12,12,21,14,15,5,0,19,13,9,4",0.5,0.2,0.4216517857142857,0.4615384615384615,0.4285714285714285,0.4444444444444444,0.4955357142857143,0.338160753250122
"16,23,4,16,2,5,19,16,16,1,3,8,13,18,2",0.43333333333333335,0.4,0.4214285714285715,0.38461538461538464,0.35714285714285715,0.37037037037037035,0.4285714285714286,0.549830436706543
"9,23,1,10,22,4,11,4,3,6,0,11,1,23,3",0.43333333333333335,0.4,0.4214285714285715,0.38461538461538464,0.35714285714285715,0.37037037037037035,0.4285714285714286,0.19090819358825684
"18,9,15,22,7,13,15,13,9,2,2,0,5,17,2",0.4666666666666667,0.3,0.41986607142857146,0.4166666666666667,0.35714285714285715,0.38461538461538464,0.4598214285714286,0.28011560440063477
"4,3,1,4,23,0,11,9,0,19,15,6,8,21,5",0.4,0.5,0.41964285714285715,0.3333333333333333,0.2857142857142857,0.3076923076923077,0.39285714285714285,0.23872995376586914
"19,6,1,1,13,1,18,8,16,1,18,16,5,23,3",0.36666666666666664,0.5,0.41964285714285715,0.4074074074074074,0.7857142857142857,0.5365853658536586,0.39285714285714285,0.45169711112976074
"4,19,10,10,17,17,1,23,17,6,3,2,13,13,19",0.43333333333333335,0.4,0.4180803571428572,0.36363636363636365,0.2857142857142857,0.32,0.42410714285714285,0.7947506904602051
"8,1,9,2,9,18,5,18,14,8,13,2,2,21,11",0.43333333333333335,0.4,0.4180803571428572,0.36363636363636365,0.2857142857142857,0.32,0.42410714285714285,0.34898877143859863
"15,2,2,19,12,22,1,16,2,8,18,18,15,8,8",0.43333333333333335,0.4,0.4180803571428572,0.36363636363636365,0.2857142857142857,0.32,0.42410714285714285,0.40438032150268555
"6,7,19,17,1,11,9,5,22,5,8,17,0,14,0",0.36666666666666664,0.6,0.41785714285714287,0.2727272727272727,0.21428571428571427,0.24,0.35714285714285715,0.3755216598510742
"3,0,4,11,16,5,18,6,1,16,8,14,8,21,0",0.4,0.5,0.41629464285714285,0.3,0.21428571428571427,0.25,0.38839285714285715,0.2762448787689209
"0,0,17,13,2,10,4,7,12,0,11,3,19,18,14",0.4,0.5,0.41629464285714285,0.3,0.21428571428571427,0.25,0.38839285714285715,0.5112385749816895
"22,14,10,13,10,23,11,2,2,19,12,15,5,8,4",0.36666666666666664,0.5,0.41629464285714285,0.4,0.7142857142857143,0.5128205128205128,0.38839285714285715,0.27310824394226074
"3,7,1,5,1,3,8,9,4,16,3,9,19,19,17",0.36666666666666664,0.5,0.41629464285714285,0.4,0.7142857142857143,0.5128205128205128,0.38839285714285715,0.9836404323577881
"12,18,19,8,16,12,1,9,8,21,2,11,22,15,20",0.43333333333333335,0.4,0.4147321428571429,0.3333333333333333,0.21428571428571427,0.2608695652173913,0.41964285714285715,0.5485141277313232
"10,13,10,23,11,2,2,19,12,15,5,8,4,2,22",0.4,0.4,0.4147321428571429,0.4166666666666667,0.7142857142857143,0.5263157894736842,0.41964285714285715,0.27840137481689453
"17,11,1,10,2,2,15,12,19,19,10,5,20,16,11",0.36666666666666664,0.6,0.4145089285714285,0.2222222222222222,0.14285714285714285,0.17391304347826086,0.3526785714285714,0.8675525188446045
"16,12,6,0,3,11,15,15,3,8,8,7,14,5,21",0.3666666666666666,0.6,0.4145089285714285,0.2222222222222222,0.1428571428571428,0.1739130434782608,0.3526785714285714,0.3101167678833008
"16,4,13,11,16,5,3,11,11,16,22,9,11,14,18",0.36666666666666664,0.6,0.4145089285714285,0.2222222222222222,0.14285714285714285,0.17391304347826086,0.3526785714285714,0.29491519927978516
"12,15,19,1,1,14,12,14,8,1,17,7,8,8,12",0.4666666666666667,0.3,0.41316964285714286,0.375,0.21428571428571427,0.2727272727272727,0.45089285714285715,0.3123941421508789
"23,16,5,1,7,8,5,16,1,16,0,20,3,6,3",0.43333333333333335,0.4,0.4113839285714286,0.2857142857142857,0.14285714285714285,0.19047619047619047,0.4151785714285714,0.3667275905609131
"14,7,8,20,0,3,16,0,11,8,9,14,18,13,20",0.43333333333333335,0.4,0.4113839285714286,0.2857142857142857,0.14285714285714285,0.19047619047619047,0.4151785714285714,0.30884766578674316
"10,6,0,17,23,5,5,13,18,18,15,16,13,15,6",0.43333333333333335,0.3,0.4098214285714286,0.42857142857142855,0.6428571428571429,0.5142857142857142,0.44642857142857145,0.40625786781311035
"19,0,5,11,9,11,11,0,8,22,3,14,0,10,9",0.4666666666666667,0.3,0.40982142857142856,0.3333333333333333,0.14285714285714285,0.2,0.4464285714285714,0.35787272453308105
"19,0,10,18,3,19,14,0,23,10,15,8,14,11,18",0.4,0.5,0.4095982142857143,0.16666666666666666,0.07142857142857142,0.1,0.3794642857142857,0.7480688095092773
"3,17,0,6,0,16,1,10,5,21,13,10,1,7,4",0.4,0.5,0.4095982142857143,0.16666666666666666,0.07142857142857142,0.1,0.3794642857142857,0.283935546875
"6,5,0,0,17,18,11,19,10,12,23,1,6,3,0",0.4,0.5,0.4095982142857143,0.16666666666666666,0.07142857142857142,0.1,0.3794642857142857,0.31763553619384766
"22,1,3,0,4,10,13,20,15,10,3,14,21,15,8",0.36666666666666664,0.5,0.4095982142857143,0.38095238095238093,0.5714285714285714,0.45714285714285713,0.3794642857142857,0.2616007328033447
"6,0,16,8,9,2,16,2,6,13,23,14,0,8,9",0.43333333333333335,0.4,0.4080357142857143,0.2,0.07142857142857142,0.10526315789473684,0.4107142857142857,0.27367734909057617
"4,15,3,1,12,19,19,12,14,1,14,15,2,5,20",0.43333333333333335,0.3,0.4064732142857143,0.42105263157894735,0.5714285714285714,0.48484848484848486,0.4419642857142857,0.8761661052703857
"15,19,1,1,14,12,14,8,1,17,7,8,8,12,10",0.36666666666666664,0.5,0.40625,0.3684210526315789,0.5,0.42424242424242425,0.375,0.3097391128540039
"19,17,3,9,6,6,9,1,0,7,5,7,23,17,9",0.4,0.5,0.40625,0.0,0.0,0.0,0.375,0.5059108734130859
"20,11,1,3,6,20,12,5,13,20,3,8,4,8,11",0.4,0.5,0.40625,0.0,0.0,0.0,0.375,0.22022438049316406
"4,10,3,15,20,12,11,11,8,11,15,16,1,8,8",0.3333333333333333,0.6,0.4044642857142857,0.3333333333333333,0.42857142857142855,0.375,0.3392857142857143,0.2801027297973633
"0,20,1,0,7,17,0,0,5,9,16,5,14,15,13",0.43333333333333335,0.3,0.403125,0.4117647058823529,0.5,0.45161290322580644,0.4375,0.2413794994354248
"14,12,19,6,1,1,13,1,18,8,16,1,18,16,5",0.43333333333333335,0.3,0.403125,0.4117647058823529,0.5,0.45161290322580644,0.4375,0.32156920433044434
"10,7,14,23,8,15,11,14,17,10,3,6,1,20,11",0.4,0.4,0.4013392857142857,0.375,0.42857142857142855,0.4,0.4017857142857143,0.2913856506347656
"3,12,12,9,2,0,16,17,15,19,8,12,16,4,5",0.43333333333333335,0.3,0.3997767857142857,0.4,0.42857142857142855,0.41379310344827586,0.4330357142857143,0.25452756881713867
"0,6,0,16,1,10,5,21,13,10,1,7,4,8,9",0.4,0.4,0.3979910714285715,0.35714285714285715,0.35714285714285715,0.35714285714285715,0.3973214285714286,0.24124693870544434
"19,14,2,23,15,0,7,3,10,0,18,9,19,17,0",0.4,0.4,0.3979910714285715,0.35714285714285715,0.35714285714285715,0.35714285714285715,0.3973214285714286,0.5089859962463379
"18,8,5,14,5,4,1,6,3,16,11,14,15,10,23",0.3333333333333333,0.6,0.3977678571428572,0.2857142857142857,0.2857142857142857,0.2857142857142857,0.33035714285714285,0.330310583114624
"10,7,12,9,10,7,20,0,14,14,13,18,10,7,7",0.43333333333333335,0.3,0.39642857142857146,0.38461538461538464,0.35714285714285715,0.37037037037037035,0.4285714285714286,0.2980639934539795
"9,1,5,15,2,22,15,2,2,19,12,22,1,16,2",0.4666666666666667,0.2,0.39486607142857144,0.4166666666666667,0.35714285714285715,0.38461538461538464,0.4598214285714286,0.26639842987060547
"9,11,14,18,9,15,22,7,13,15,13,9,2,2,0",0.4,0.4,0.3946428571428572,0.3333333333333333,0.2857142857142857,0.3076923076923077,0.39285714285714285,0.2760803699493408
"17,7,20,14,15,13,0,2,9,14,12,16,2,23,16",0.4,0.4,0.3946428571428572,0.3333333333333333,0.2857142857142857,0.3076923076923077,0.39285714285714285,0.33513975143432617
"0,12,8,20,3,7,1,5,1,3,8,9,4,16,3",0.43333333333333335,0.3,0.39308035714285716,0.36363636363636365,0.2857142857142857,0.32,0.42410714285714285,0.23907136917114258
"8,15,4,2,15,20,3,11,1,16,1,11,8,2,16",0.43333333333333335,0.3,0.39308035714285716,0.36363636363636365,0.2857142857142857,0.32,0.42410714285714285,0.24542951583862305
"14,0,17,17,6,9,4,3,1,4,23,0,11,9,0",0.36666666666666664,0.4,0.3912946428571429,0.4,0.7142857142857143,0.5128205128205128,0.38839285714285715,0.2439439296722412
"10,19,13,17,23,13,10,16,8,13,20,17,14,9,4",0.36666666666666664,0.4,0.3912946428571429,0.4,0.7142857142857143,0.5128205128205128,0.38839285714285715,0.30899596214294434
"8,3,2,2,22,8,23,2,17,12,8,15,6,18,13",0.3333333333333333,0.5,0.3895089285714286,0.375,0.6428571428571429,0.47368421052631576,0.35267857142857145,0.2638564109802246
"0,8,1,9,3,4,2,18,4,15,16,7,17,13,15",0.43333333333333335,0.2,0.38816964285714284,0.43478260869565216,0.7142857142857143,0.5405405405405406,0.45089285714285715,0.2653176784515381
"6,12,1,18,7,16,12,0,10,1,8,5,7,4,7",0.43333333333333335,0.2,0.38816964285714284,0.43478260869565216,0.7142857142857143,0.5405405405405406,0.45089285714285715,0.2256910800933838
"14,9,4,4,14,0,4,8,3,12,4,1,19,8,18",0.4,0.3,0.3863839285714286,0.4090909090909091,0.6428571428571429,0.5,0.41517857142857145,0.2366328239440918
"19,0,14,11,13,7,23,12,12,17,3,10,2,10,9",0.36666666666666664,0.4,0.3845982142857143,0.38095238095238093,0.5714285714285714,0.45714285714285713,0.3794642857142857,0.4131031036376953
"10,14,16,2,22,1,3,0,4,10,13,20,15,10,3",0.36666666666666664,0.4,0.3845982142857143,0.38095238095238093,0.5714285714285714,0.45714285714285713,0.3794642857142857,0.2516367435455322
"16,12,5,16,11,6,3,2,16,12,20,11,10,21,3",0.36666666666666664,0.4,0.3845982142857143,0.38095238095238093,0.5714285714285714,0.45714285714285713,0.3794642857142857,0.28749537467956543
"15,14,10,7,20,14,8,23,3,8,10,4,3,20,8",0.3333333333333333,0.5,0.3828125,0.35,0.5,0.4117647058823529,0.34375,0.31505584716796875
"4,0,19,11,16,11,9,11,8,22,8,14,0,12,0",0.4666666666666667,0.2,0.3814732142857143,0.25,0.07142857142857142,0.1111111111111111,0.4419642857142857,0.3771371841430664
"10,7,7,10,21,1,11,10,10,16,16,17,7,7,1",0.36666666666666664,0.4,0.3779017857142857,0.35294117647058826,0.42857142857142855,0.3870967741935484,0.3705357142857143,0.31337666511535645
"22,16,10,1,22,2,17,19,12,11,8,20,10,20,5",0.3,0.6,0.3743303571428571,0.26666666666666666,0.2857142857142857,0.27586206896551724,0.29910714285714285,0.3994307518005371
"14,8,13,10,14,11,2,2,19,12,15,5,5,4,16",0.3333333333333333,0.5,0.37276785714285715,0.2857142857142857,0.2857142857142857,0.2857142857142857,0.33035714285714285,0.3038606643676758
"19,17,13,18,12,4,9,7,15,22,17,12,11,10,14",0.43333333333333335,0.2,0.37142857142857144,0.38461538461538464,0.35714285714285715,0.37037037037037035,0.4285714285714286,0.5727880001068115
"4,0,14,3,0,4,11,16,5,18,6,1,16,8,14",0.4,0.3,0.35625,0.0,0.0,0.0,0.375,0.2662982940673828
"0,12,10,9,18,18,8,5,7,2,18,2,2,3,11",0.36666666666666664,0.3,0.3529017857142857,0.35294117647058826,0.42857142857142855,0.3870967741935484,0.3705357142857143,0.3402731418609619
"12,8,13,17,14,17,11,1,10,2,2,15,12,19,19",0.3,0.5,0.34933035714285715,0.26666666666666666,0.2857142857142857,0.27586206896551724,0.29910714285714285,0.8540468215942383
"4,0,19,8,16,2,9,11,6,13,8,5,0,8,0",0.3333333333333333,0.4,0.3477678571428572,0.2857142857142857,0.2857142857142857,0.2857142857142857,0.33035714285714285,0.351482629776001
"4,17,6,10,7,12,9,10,7,20,0,14,14,13,18",0.43333333333333335,0.1,0.3464285714285715,0.38461538461538464,0.35714285714285715,0.37037037037037035,0.4285714285714286,0.3045847415924072
"0,0,5,19,2,15,15,18,6,3,4,10,22,16,5",0.3333333333333333,0.4,0.3377232142857143,0.125,0.07142857142857142,0.09090909090909091,0.3169642857142857,0.4046468734741211
"16,1,16,0,20,3,6,3,15,14,16,8,7,1,13",0.3,0.4,0.33102678571428573,0.3157894736842105,0.42857142857142855,0.36363636363636365,0.3080357142857143,0.29763317108154297
