encoding,test accuracy,training accuracy,combined accuracy,test precision,test recall,test fscore,test auc,training time
"0,0,1,0,1,0,0,0,1,0,0,1,1,1,0,0,0,0,1,1,0",0.6666666666666666,0.9,0.7339285714285714,0.6,0.8571428571428571,0.7058823529411765,0.6785714285714286,0.18053793907165527
"1,0,1,0,0,0,0,1,0,0,0,1,0,1,0,0,0,0,1,0,1",0.6666666666666666,0.9,0.7339285714285714,0.6,0.8571428571428571,0.7058823529411765,0.6785714285714286,0.15996718406677246
"1,1,1,0,1,0,0,1,0,1,0,0,1,0,0,0,1,1,1,1,0",0.6,0.9,0.69375,0.5384615384615384,1.0,0.7,0.625,0.20508456230163574
"1,1,1,0,1,0,0,1,0,1,0,0,1,0,0,0,1,1,0,1,0",0.6,0.9,0.69375,0.5384615384615384,1.0,0.7,0.625,0.2142784595489502
"1,1,1,0,0,0,0,1,0,1,0,0,1,0,0,0,1,1,1,1,0",0.6,0.9,0.69375,0.5384615384615384,1.0,0.7,0.625,0.21437740325927734
"0,0,1,1,1,1,1,0,1,1,1,1,0,1,0,1,0,1,0,0,0",0.7333333333333333,0.6,0.6890625,0.875,0.5,0.6363636363636364,0.71875,0.18197202682495117
"0,0,1,1,1,1,1,0,1,1,1,1,0,1,0,0,0,1,0,0,0",0.7333333333333333,0.6,0.6890625,0.875,0.5,0.6363636363636364,0.71875,0.17611241340637207
"0,0,1,0,1,1,0,1,0,1,0,1,1,1,0,0,0,0,1,0,1",0.6333333333333333,0.8,0.6888392857142858,0.5652173913043478,0.9285714285714286,0.7027027027027027,0.6517857142857143,0.18521785736083984
"0,0,0,0,0,1,1,0,0,1,1,1,0,0,0,0,1,1,0,0,1",0.6666666666666666,0.7,0.6872767857142856,0.5909090909090909,0.9285714285714286,0.7222222222222222,0.6830357142857143,0.16876792907714844
"0,0,0,1,1,0,0,0,1,0,0,1,1,1,0,0,0,0,1,1,0",0.6333333333333333,0.9,0.6870535714285715,0.7142857142857143,0.35714285714285715,0.47619047619047616,0.6160714285714286,0.21083498001098633
"0,0,1,0,1,1,1,1,1,0,0,1,0,0,0,1,0,0,1,1,0",0.6333333333333333,0.8,0.66875,0.6363636363636364,0.5,0.56,0.625,0.1927332878112793
"0,0,0,1,0,0,0,1,0,1,0,1,0,0,1,0,0,1,0,0,0",0.5666666666666667,1.0,0.6685267857142857,0.5454545454545454,0.42857142857142855,0.48,0.5580357142857143,0.1575019359588623
"0,1,0,0,0,0,1,1,0,0,0,1,1,0,0,0,1,1,0,1,1",0.7,0.6,0.665625,0.7777777777777778,0.5,0.6086956521739131,0.6875,0.19977569580078125
"0,0,1,1,1,1,1,0,1,1,1,1,0,1,0,1,0,1,0,1,0",0.6333333333333333,0.8,0.6654017857142858,0.6666666666666666,0.42857142857142855,0.5217391304347826,0.6205357142857143,0.19578003883361816
"0,0,1,1,1,1,1,0,1,1,1,1,0,1,0,1,0,1,1,1,0",0.6333333333333333,0.8,0.6654017857142858,0.6666666666666666,0.42857142857142855,0.5217391304347826,0.6205357142857143,0.19036221504211426
"1,1,1,0,0,0,0,0,1,1,1,0,0,0,1,0,1,0,1,0,1",0.6666666666666666,0.7,0.6604910714285714,0.8333333333333334,0.35714285714285715,0.5,0.6473214285714286,0.21688079833984375
"1,1,0,1,0,0,0,0,0,0,1,1,0,0,0,1,1,0,1,1,1",0.6333333333333333,0.7,0.6604910714285714,0.5714285714285714,0.8571428571428571,0.6857142857142857,0.6473214285714286,0.1969585418701172
"1,0,0,1,1,0,0,0,1,1,0,1,1,1,1,0,0,0,0,0,0",0.6666666666666666,0.6,0.6589285714285714,0.6,0.8571428571428571,0.7058823529411765,0.6785714285714286,0.15677618980407715
"1,1,0,0,0,0,1,0,1,0,0,0,0,0,0,0,1,1,0,0,0",0.6666666666666666,0.6,0.6589285714285714,0.6,0.8571428571428571,0.7058823529411765,0.6785714285714286,0.13980793952941895
"0,1,0,1,0,0,0,0,1,0,0,0,0,0,0,1,1,1,0,0,0",0.6666666666666666,0.6,0.6589285714285714,0.6,0.8571428571428571,0.7058823529411765,0.6785714285714286,0.16450929641723633
"1,0,0,1,1,0,0,0,1,1,0,1,1,1,1,0,1,0,0,0,0",0.6666666666666666,0.6,0.6589285714285714,0.6,0.8571428571428571,0.7058823529411765,0.6785714285714286,0.1554722785949707
"0,1,0,0,0,0,1,0,1,0,0,0,0,0,0,0,1,1,0,0,0",0.6666666666666666,0.6,0.6589285714285714,0.6,0.8571428571428571,0.7058823529411765,0.6785714285714286,0.13660240173339844
"0,1,0,1,0,0,0,0,1,0,0,0,0,0,0,0,1,1,0,0,0",0.6666666666666666,0.6,0.6589285714285714,0.6,0.8571428571428571,0.7058823529411765,0.6785714285714286,0.13246536254882812
"1,1,0,1,0,0,0,0,1,0,0,0,0,0,0,0,1,1,1,0,0",0.6666666666666666,0.6,0.6589285714285714,0.6,0.8571428571428571,0.7058823529411765,0.6785714285714286,0.16872072219848633
"1,1,0,1,0,0,0,0,1,0,0,0,0,0,0,0,1,1,0,0,0",0.6666666666666666,0.6,0.6589285714285714,0.6,0.8571428571428571,0.7058823529411765,0.6785714285714286,0.14259600639343262
"1,1,0,1,0,0,0,0,1,0,0,0,0,0,0,1,1,1,0,0,0",0.6666666666666666,0.6,0.6589285714285714,0.6,0.8571428571428571,0.7058823529411765,0.6785714285714286,0.15004873275756836
"0,0,0,1,1,0,0,0,1,1,0,1,1,1,1,0,1,0,0,0,0",0.6666666666666666,0.6,0.6589285714285714,0.6,0.8571428571428571,0.7058823529411765,0.6785714285714286,0.15166354179382324
"0,0,0,1,1,0,0,0,1,0,0,1,1,1,1,0,1,0,0,0,0",0.6666666666666666,0.6,0.6589285714285714,0.6,0.8571428571428571,0.7058823529411765,0.6785714285714286,0.14768671989440918
"0,0,0,1,1,0,0,0,1,1,0,1,1,1,1,0,0,0,0,0,0",0.6666666666666666,0.6,0.6589285714285714,0.6,0.8571428571428571,0.7058823529411765,0.6785714285714286,0.13962984085083008
"1,0,0,1,1,0,0,0,1,1,0,1,0,1,1,0,1,0,1,0,0",0.6666666666666666,0.6,0.6589285714285714,0.6,0.8571428571428571,0.7058823529411765,0.6785714285714286,0.16206979751586914
"1,1,0,0,0,0,0,0,1,0,0,0,0,0,0,0,1,1,0,0,0",0.6666666666666666,0.6,0.6589285714285714,0.6,0.8571428571428571,0.7058823529411765,0.6785714285714286,0.13437747955322266
"0,1,0,0,0,0,0,0,1,0,0,0,0,0,0,0,1,1,0,0,0",0.6666666666666666,0.6,0.6589285714285714,0.6,0.8571428571428571,0.7058823529411765,0.6785714285714286,0.15715241432189941
"0,0,1,0,1,0,0,0,0,1,0,1,1,0,1,0,0,0,0,0,0",0.6666666666666666,0.6,0.6589285714285714,0.6,0.8571428571428571,0.7058823529411765,0.6785714285714286,0.15952014923095703
"0,1,0,1,0,0,0,0,1,0,0,0,0,0,0,0,1,1,1,0,0",0.6666666666666666,0.6,0.6589285714285714,0.6,0.8571428571428571,0.7058823529411765,0.6785714285714286,0.15646791458129883
"1,0,0,1,0,1,1,1,1,1,0,1,0,1,0,0,0,0,1,1,0",0.6,0.8,0.6587053571428572,0.55,0.7857142857142857,0.6470588235294118,0.6116071428571428,0.16846418380737305
"1,0,0,1,0,1,1,1,1,1,0,1,0,0,0,0,0,0,1,1,0",0.6,0.8,0.6587053571428572,0.55,0.7857142857142857,0.6470588235294118,0.6116071428571428,0.17493414878845215
"0,1,1,0,1,0,1,1,0,1,0,1,1,0,0,0,0,1,1,0,1",0.6,0.8,0.6587053571428572,0.55,0.7857142857142857,0.6470588235294118,0.6116071428571428,0.1956043243408203
"0,1,1,1,1,0,0,1,1,0,0,1,0,1,1,0,0,1,1,0,1",0.6,0.8,0.655357142857143,0.5555555555555556,0.7142857142857143,0.625,0.6071428571428572,0.21006202697753906
"0,0,1,1,0,1,0,1,1,1,0,1,1,1,1,0,0,1,0,0,1",0.6,0.8,0.655357142857143,0.5555555555555556,0.7142857142857143,0.625,0.6071428571428572,0.22001123428344727
"1,0,0,0,1,0,0,1,0,0,1,1,0,0,0,0,0,0,1,1,1",0.6666666666666666,0.6,0.6522321428571429,0.625,0.7142857142857143,0.6666666666666666,0.6696428571428572,0.18561196327209473
"1,1,0,0,1,1,0,0,0,0,1,0,1,0,0,1,0,1,0,1,1",0.6,0.8,0.6520089285714286,0.5625,0.6428571428571429,0.6,0.6026785714285714,0.2090928554534912
"1,0,1,0,1,1,0,1,0,1,0,0,0,1,1,0,1,0,1,1,1",0.6,0.8,0.6520089285714286,0.5625,0.6428571428571429,0.6,0.6026785714285714,0.21995759010314941
"0,1,1,1,1,0,0,1,1,0,0,1,0,1,1,1,0,1,1,0,1",0.6333333333333333,0.7,0.6504464285714285,0.6,0.6428571428571429,0.6206896551724138,0.6339285714285714,0.20216059684753418
"1,0,1,1,1,0,0,1,1,1,1,1,1,0,1,1,1,1,0,1,1",0.6,0.8,0.6486607142857144,0.5714285714285714,0.5714285714285714,0.5714285714285714,0.5982142857142857,0.2227630615234375
"1,0,1,0,1,0,1,1,1,0,0,1,1,0,0,0,1,1,1,0,1",0.6,0.8,0.6486607142857144,0.5714285714285714,0.5714285714285714,0.5714285714285714,0.5982142857142857,0.21075987815856934
"1,1,0,0,1,1,1,1,0,1,1,1,0,0,1,0,0,1,0,0,1",0.6,0.8,0.6486607142857144,0.5714285714285714,0.5714285714285714,0.5714285714285714,0.5982142857142857,0.21491336822509766
"0,1,0,0,1,0,0,0,1,0,0,1,1,1,0,1,1,0,1,1,1",0.6333333333333333,0.7,0.6470982142857142,0.6153846153846154,0.5714285714285714,0.5925925925925926,0.6294642857142857,0.19040465354919434
"0,1,0,1,0,1,1,1,1,0,0,1,0,0,0,1,0,0,1,1,0",0.6333333333333333,0.7,0.6470982142857142,0.6153846153846154,0.5714285714285714,0.5925925925925926,0.6294642857142857,0.2119734287261963
"0,1,0,0,0,0,0,1,1,0,0,1,1,1,0,1,1,1,0,0,0",0.5333333333333333,0.9,0.646875,0.5,1.0,0.6666666666666666,0.5625,0.20145750045776367
"1,1,0,0,0,0,0,1,1,1,0,0,0,1,0,1,0,1,0,1,1",0.6,0.8,0.6453125,0.5833333333333334,0.5,0.5384615384615384,0.59375,0.20750641822814941
"0,1,0,0,0,0,1,0,0,0,0,1,0,0,0,0,1,1,1,1,0",0.5333333333333333,1.0,0.6450892857142857,0.5,0.42857142857142855,0.46153846153846156,0.5267857142857143,0.2059640884399414
"1,0,1,0,0,1,0,1,1,0,0,1,0,0,1,0,1,0,1,0,0",0.6333333333333333,0.7,0.64375,0.6363636363636364,0.5,0.56,0.625,0.18224668502807617
"1,1,0,0,1,0,1,1,0,1,0,1,1,0,0,0,0,1,1,0,1",0.5333333333333333,0.9,0.6435267857142857,0.5,0.9285714285714286,0.65,0.5580357142857143,0.19585943222045898
"0,0,1,1,1,1,1,0,0,1,1,1,0,0,0,0,1,1,0,0,1",0.6,0.8,0.6419642857142858,0.6,0.42857142857142855,0.5,0.5892857142857143,0.19523048400878906
"0,1,0,0,0,0,0,1,1,0,0,1,1,1,0,1,1,1,0,0,1",0.5666666666666667,0.8,0.6419642857142858,0.52,0.9285714285714286,0.6666666666666666,0.5892857142857143,0.17646241188049316
"0,1,0,1,0,0,0,1,1,0,0,1,1,1,0,1,1,1,0,0,1",0.5333333333333333,0.9,0.6401785714285715,0.5,0.8571428571428571,0.631578947368421,0.5535714285714286,0.1813368797302246
"1,1,1,0,1,0,0,1,0,1,0,0,1,0,0,0,1,1,0,0,0",0.6333333333333333,0.6,0.6388392857142857,0.5652173913043478,0.9285714285714286,0.7027027027027027,0.6517857142857143,0.15437555313110352
"1,1,0,1,0,0,0,0,1,0,0,0,0,0,0,0,1,0,1,1,0",0.6333333333333333,0.6,0.6388392857142857,0.5652173913043478,0.9285714285714286,0.7027027027027027,0.6517857142857143,0.2005753517150879
"1,1,1,1,1,0,1,1,1,1,0,0,0,0,0,1,1,1,0,0,0",0.6333333333333333,0.6,0.6388392857142857,0.5652173913043478,0.9285714285714286,0.7027027027027027,0.6517857142857143,0.16457772254943848
"1,1,0,1,0,0,0,1,1,1,0,1,0,0,0,0,0,0,1,1,0",0.6333333333333333,0.6,0.6388392857142857,0.5652173913043478,0.9285714285714286,0.7027027027027027,0.6517857142857143,0.178483247756958
"0,0,1,0,1,1,1,0,0,1,1,1,1,0,0,1,0,1,1,1,0",0.6333333333333333,0.7,0.6370535714285714,0.7142857142857143,0.35714285714285715,0.47619047619047616,0.6160714285714286,0.23085737228393555
"0,1,0,1,1,1,1,1,1,1,1,1,1,0,1,0,0,0,1,1,1",0.6333333333333333,0.7,0.6370535714285714,0.7142857142857143,0.35714285714285715,0.47619047619047616,0.6160714285714286,0.2126312255859375
"0,1,0,0,0,0,0,1,1,0,0,1,1,0,0,0,0,0,1,1,0",0.5333333333333333,0.9,0.6368303571428571,0.5,0.7857142857142857,0.6111111111111112,0.5491071428571428,0.18968534469604492
"0,1,0,1,0,0,0,1,1,0,0,1,1,1,0,1,1,1,0,0,0",0.5333333333333333,0.9,0.6368303571428571,0.5,0.7857142857142857,0.6111111111111112,0.5491071428571428,0.16956353187561035
"0,1,0,0,0,0,0,1,1,0,0,1,1,1,0,0,0,0,1,1,0",0.5333333333333333,0.9,0.6368303571428571,0.5,0.7857142857142857,0.6111111111111112,0.5491071428571428,0.18745779991149902
"1,1,0,0,1,0,1,1,0,1,0,1,1,0,0,1,1,1,0,0,1",0.5666666666666667,0.8,0.6352678571428572,0.5238095238095238,0.7857142857142857,0.6285714285714286,0.5803571428571428,0.18237519264221191
"0,1,1,1,0,1,0,1,0,1,1,0,0,1,0,0,0,0,0,1,1",0.6,0.8,0.6352678571428572,0.6666666666666666,0.2857142857142857,0.4,0.5803571428571428,0.18152403831481934
"0,0,0,0,1,1,1,1,0,1,0,0,0,0,0,1,1,1,1,0,1",0.6666666666666666,0.5,0.6339285714285714,0.6,0.8571428571428571,0.7058823529411765,0.6785714285714286,0.18525314331054688
"1,0,1,0,1,0,0,1,0,0,0,1,0,1,0,0,1,1,1,0,0",0.6333333333333333,0.6,0.6321428571428571,0.5789473684210527,0.7857142857142857,0.6666666666666666,0.6428571428571428,0.18244409561157227
"1,0,1,1,1,0,1,1,1,0,0,1,1,1,1,1,1,0,1,1,1",0.5666666666666667,0.8,0.631919642857143,0.5263157894736842,0.7142857142857143,0.6060606060606061,0.5758928571428572,0.22763347625732422
"1,0,0,1,0,1,1,0,0,0,0,0,1,0,0,1,1,0,0,0,1",0.5666666666666667,0.8,0.631919642857143,0.5263157894736842,0.7142857142857143,0.6060606060606061,0.5758928571428572,0.15088820457458496
"1,0,0,1,0,0,1,0,0,1,0,0,1,0,0,1,1,0,0,0,1",0.6,0.7,0.6303571428571428,0.5555555555555556,0.7142857142857143,0.625,0.6071428571428572,0.18768787384033203
"0,0,0,0,0,0,0,1,0,1,0,0,1,0,0,0,1,0,1,1,0",0.5666666666666667,0.9,0.6301339285714286,0.6666666666666666,0.14285714285714285,0.23529411764705882,0.5401785714285714,0.16194772720336914
"0,1,0,0,1,0,1,1,0,0,0,0,0,1,0,0,1,1,0,0,0",0.5666666666666667,0.9,0.6301339285714286,0.6666666666666666,0.14285714285714285,0.23529411764705882,0.5401785714285714,0.17066073417663574
"0,0,1,0,1,0,1,1,0,0,0,1,0,1,1,0,1,0,1,0,0",0.5666666666666667,0.9,0.6301339285714286,0.6666666666666666,0.14285714285714285,0.23529411764705882,0.5401785714285714,0.1450338363647461
"0,0,1,1,0,0,1,1,0,1,0,0,0,0,0,1,1,0,0,1,1",0.6333333333333333,0.6,0.6254464285714285,0.6,0.6428571428571429,0.6206896551724138,0.6339285714285714,0.20904326438903809
"1,0,0,0,0,1,0,1,0,1,0,0,1,0,1,1,1,0,1,0,1",0.6,0.7,0.6236607142857142,0.5714285714285714,0.5714285714285714,0.5714285714285714,0.5982142857142857,0.20101332664489746
"1,0,1,0,0,0,0,0,1,1,0,0,1,1,1,0,0,0,0,1,1",0.5333333333333333,0.9,0.6234375,0.5,0.5,0.5,0.53125,0.20668673515319824
"0,0,0,0,0,1,1,0,0,1,0,1,0,0,1,1,0,1,0,0,0",0.6,0.7,0.6203125,0.5833333333333334,0.5,0.5384615384615384,0.59375,0.1885826587677002
"0,0,0,1,1,0,1,0,1,1,0,1,0,1,0,0,0,1,1,0,1",0.5333333333333333,0.9,0.6200892857142857,0.5,0.42857142857142855,0.46153846153846156,0.5267857142857143,0.21517610549926758
"0,0,1,1,1,0,0,1,1,0,0,1,0,1,1,1,0,1,1,0,1",0.5333333333333333,0.9,0.6200892857142857,0.5,0.42857142857142855,0.46153846153846156,0.5267857142857143,0.20893073081970215
"0,1,0,0,0,1,0,1,0,0,1,1,1,0,0,0,1,0,1,0,1",0.6333333333333333,0.6,0.61875,0.6363636363636364,0.5,0.56,0.625,0.1983642578125
"1,1,0,1,0,0,0,0,0,0,0,1,0,1,1,0,1,1,1,0,1",0.5666666666666667,0.8,0.6185267857142858,0.5454545454545454,0.42857142857142855,0.48,0.5580357142857143,0.20452022552490234
"0,1,1,0,1,0,1,1,1,0,1,0,1,0,1,1,0,0,1,0,0",0.5666666666666667,0.8,0.6185267857142858,0.5454545454545454,0.42857142857142855,0.48,0.5580357142857143,0.15889263153076172
"0,1,1,1,1,0,1,1,0,1,0,1,1,0,0,0,0,1,0,0,1",0.6333333333333333,0.5,0.6171875,0.56,1.0,0.717948717948718,0.65625,0.2072436809539795
"1,0,0,1,1,1,1,0,0,0,0,0,1,1,0,0,1,1,1,1,0",0.6,0.7,0.6169642857142856,0.6,0.42857142857142855,0.5,0.5892857142857143,0.19187307357788086
"0,0,0,1,1,0,1,1,0,0,1,1,1,1,0,1,1,1,0,0,0",0.5666666666666667,0.7,0.6169642857142856,0.52,0.9285714285714286,0.6666666666666666,0.5892857142857143,0.1647319793701172
"1,1,0,0,0,1,0,1,0,0,0,0,0,0,1,0,0,0,1,0,0",0.5666666666666667,0.7,0.6169642857142856,0.52,0.9285714285714286,0.6666666666666666,0.5892857142857143,0.18497681617736816
"0,0,0,1,1,0,0,0,1,1,0,1,1,1,0,1,1,1,0,0,1",0.5333333333333333,0.9,0.6167410714285715,0.5,0.35714285714285715,0.4166666666666667,0.5223214285714286,0.21664643287658691
"0,0,0,1,1,0,0,0,1,1,0,1,1,1,0,0,1,1,0,0,1",0.5333333333333333,0.9,0.6167410714285715,0.5,0.35714285714285715,0.4166666666666667,0.5223214285714286,0.1951155662536621
"0,0,0,1,1,1,0,1,1,0,1,1,1,1,1,0,1,1,0,1,0",0.6333333333333333,0.6,0.6154017857142857,0.6666666666666666,0.42857142857142855,0.5217391304347826,0.6205357142857143,0.21244502067565918
"0,1,1,0,0,1,1,1,1,0,0,1,1,0,0,0,0,1,0,1,0",0.6333333333333333,0.6,0.6154017857142857,0.6666666666666666,0.42857142857142855,0.5217391304347826,0.6205357142857143,0.18919849395751953
"0,1,1,0,0,0,1,0,1,0,0,1,0,0,0,0,0,1,1,0,1",0.5666666666666667,0.8,0.6151785714285715,0.5555555555555556,0.35714285714285715,0.43478260869565216,0.5535714285714286,0.23695731163024902
"0,0,0,1,0,0,0,1,0,1,0,1,0,0,1,0,0,1,1,1,0",0.5,1.0,0.6149553571428572,0.4444444444444444,0.2857142857142857,0.34782608695652173,0.48660714285714285,0.22588229179382324
"0,1,1,1,0,1,0,0,0,1,0,1,1,0,0,1,1,1,1,0,0",0.6666666666666666,0.5,0.6138392857142857,0.75,0.42857142857142855,0.5454545454545454,0.6517857142857143,0.17270398139953613
"0,0,1,0,1,0,0,0,1,0,0,1,1,1,0,0,0,0,1,1,1",0.5666666666666667,0.7,0.6136160714285714,0.5217391304347826,0.8571428571428571,0.6486486486486487,0.5848214285714286,0.19600701332092285
"1,0,1,1,1,0,0,1,1,0,1,1,1,1,0,1,1,1,1,1,0",0.6,0.7,0.6136160714285714,0.625,0.35714285714285715,0.45454545454545453,0.5848214285714286,0.21217679977416992
"1,0,0,0,0,0,1,1,1,1,1,0,1,0,0,1,0,1,0,0,0",0.6,0.7,0.6136160714285714,0.625,0.35714285714285715,0.45454545454545453,0.5848214285714286,0.1868605613708496
"1,1,1,1,1,0,0,1,1,0,0,1,0,1,1,1,0,1,1,0,1",0.6,0.6,0.6120535714285715,0.5454545454545454,0.8571428571428571,0.6666666666666666,0.6160714285714286,0.21809840202331543
"0,1,0,1,0,0,0,0,1,0,0,0,0,0,0,1,1,0,1,1,1",0.5333333333333333,0.8,0.6118303571428572,0.5,0.7857142857142857,0.6111111111111112,0.5491071428571428,0.21714472770690918
"0,1,1,0,0,1,0,0,0,0,0,0,0,1,0,1,0,1,1,1,0",0.5333333333333333,0.8,0.6118303571428572,0.5,0.7857142857142857,0.6111111111111112,0.5491071428571428,0.15193748474121094
"0,0,1,0,0,1,1,0,1,1,0,0,0,1,0,0,0,1,1,0,1",0.6,0.7,0.610267857142857,0.6666666666666666,0.2857142857142857,0.4,0.5803571428571428,0.20553374290466309
"0,1,0,0,1,0,1,0,1,0,0,0,0,0,0,0,1,1,0,1,0",0.5333333333333333,0.9,0.6100446428571428,0.5,0.21428571428571427,0.3,0.5133928571428571,0.17839717864990234
"1,1,1,1,0,0,1,1,0,0,0,1,1,1,1,1,0,0,0,1,1",0.6333333333333333,0.6,0.6087053571428571,0.8,0.2857142857142857,0.42105263157894735,0.6116071428571428,0.21375656127929688
"1,0,0,1,1,1,1,0,0,1,1,0,0,0,0,1,0,1,0,1,0",0.6,0.6,0.6087053571428571,0.55,0.7857142857142857,0.6470588235294118,0.6116071428571428,0.20075559616088867
"0,1,0,0,1,1,1,1,1,0,0,1,1,1,0,0,1,1,0,0,0",0.5666666666666667,0.8,0.6084821428571427,0.6,0.21428571428571427,0.3157894736842105,0.5446428571428571,0.16013383865356445
"0,1,0,0,1,1,1,1,1,0,0,1,0,0,0,0,0,1,0,0,0",0.5666666666666667,0.8,0.6084821428571427,0.6,0.21428571428571427,0.3157894736842105,0.5446428571428571,0.19244885444641113
"0,1,0,1,0,1,1,1,1,0,0,1,1,1,0,0,1,1,0,0,0",0.5666666666666667,0.8,0.6084821428571427,0.6,0.21428571428571427,0.3157894736842105,0.5446428571428571,0.18209600448608398
"0,1,0,1,0,1,1,1,1,0,0,1,0,1,0,0,1,1,0,0,0",0.5666666666666667,0.8,0.6084821428571427,0.6,0.21428571428571427,0.3157894736842105,0.5446428571428571,0.19473671913146973
"1,1,0,0,0,0,0,0,1,0,0,0,0,0,0,0,1,1,0,0,1",0.6333333333333333,0.5,0.6071428571428571,0.5789473684210527,0.7857142857142857,0.6666666666666666,0.6428571428571428,0.17315006256103516
"1,0,0,1,1,0,0,0,1,1,0,1,1,1,1,0,0,1,0,0,0",0.6333333333333333,0.5,0.6071428571428571,0.5789473684210527,0.7857142857142857,0.6666666666666666,0.6428571428571428,0.15326571464538574
"0,1,0,1,0,0,0,0,1,0,0,0,0,0,0,1,1,1,0,0,1",0.6333333333333333,0.5,0.6071428571428571,0.5789473684210527,0.7857142857142857,0.6666666666666666,0.6428571428571428,0.16951704025268555
"1,1,0,1,0,0,0,0,1,0,0,0,0,0,0,0,1,1,0,0,1",0.6333333333333333,0.5,0.6071428571428571,0.5789473684210527,0.7857142857142857,0.6666666666666666,0.6428571428571428,0.15917062759399414
"1,0,0,1,1,0,0,0,1,1,0,1,1,1,1,0,1,1,0,0,0",0.6333333333333333,0.5,0.6071428571428571,0.5789473684210527,0.7857142857142857,0.6666666666666666,0.6428571428571428,0.17678189277648926
"0,0,0,1,1,0,0,0,1,1,0,1,1,1,1,0,0,1,0,0,0",0.6333333333333333,0.5,0.6071428571428571,0.5789473684210527,0.7857142857142857,0.6666666666666666,0.6428571428571428,0.15567302703857422
"0,1,0,1,0,0,0,0,1,0,0,0,0,0,0,0,1,1,0,0,1",0.6333333333333333,0.5,0.6071428571428571,0.5789473684210527,0.7857142857142857,0.6666666666666666,0.6428571428571428,0.1407616138458252
"0,1,0,0,0,0,1,0,1,0,0,0,0,0,0,0,1,1,0,0,1",0.6333333333333333,0.5,0.6071428571428571,0.5789473684210527,0.7857142857142857,0.6666666666666666,0.6428571428571428,0.17082595825195312
"0,0,0,0,0,1,1,1,0,1,0,0,1,0,0,0,1,1,1,1,0",0.5666666666666667,0.7,0.6069196428571428,0.5263157894736842,0.7142857142857143,0.6060606060606061,0.5758928571428572,0.2020421028137207
"1,1,1,0,1,0,0,1,1,1,0,1,1,1,1,1,1,1,0,0,0",0.5666666666666667,0.7,0.6069196428571428,0.5263157894736842,0.7142857142857143,0.6060606060606061,0.5758928571428572,0.1875314712524414
"0,1,0,0,1,1,0,0,0,0,1,0,1,1,1,1,1,1,1,0,0",0.6,0.7,0.6069196428571428,0.75,0.21428571428571427,0.3333333333333333,0.5758928571428571,0.20552635192871094
"1,0,1,0,0,0,1,1,1,1,0,0,1,0,0,0,1,1,1,1,1",0.5,0.9,0.6066964285714286,0.47368421052631576,0.6428571428571429,0.5454545454545454,0.5089285714285714,0.19851231575012207
"1,1,0,1,0,0,0,0,0,0,1,1,0,0,0,1,0,1,0,0,0",0.6,0.6,0.6053571428571429,0.5555555555555556,0.7142857142857143,0.625,0.6071428571428572,0.19286465644836426
"1,1,0,1,0,0,0,0,0,0,1,1,0,0,0,1,1,1,0,0,0",0.6,0.6,0.6053571428571429,0.5555555555555556,0.7142857142857143,0.625,0.6071428571428572,0.1762685775756836
"1,1,0,1,0,0,0,0,0,0,1,1,0,0,0,0,1,1,0,0,0",0.6,0.6,0.6053571428571429,0.5555555555555556,0.7142857142857143,0.625,0.6071428571428572,0.1993269920349121
"1,1,0,0,1,1,1,1,1,1,1,0,1,1,1,1,0,0,0,0,0",0.5333333333333333,0.8,0.6051339285714286,0.5,0.6428571428571429,0.5625,0.5401785714285714,0.16592049598693848
"1,1,0,0,0,1,1,1,0,1,1,0,1,1,1,1,1,0,1,1,0",0.5333333333333333,0.8,0.6051339285714286,0.5,0.6428571428571429,0.5625,0.5401785714285714,0.19099712371826172
"1,0,0,1,1,1,1,0,1,1,1,0,0,1,0,0,1,0,0,1,0",0.5333333333333333,0.8,0.6051339285714286,0.5,0.6428571428571429,0.5625,0.5401785714285714,0.16143345832824707
"0,1,1,1,1,0,1,1,1,1,1,0,0,1,0,1,0,1,0,1,0",0.5333333333333333,0.8,0.6051339285714286,0.5,0.6428571428571429,0.5625,0.5401785714285714,0.18506836891174316
"0,1,0,1,0,1,0,0,0,1,0,1,1,0,1,0,1,0,1,1,1",0.5666666666666667,0.7,0.6035714285714285,0.5294117647058824,0.6428571428571429,0.5806451612903226,0.5714285714285714,0.21812725067138672
"0,1,0,0,0,0,0,1,1,0,0,1,0,0,0,1,0,0,1,1,0",0.5666666666666667,0.7,0.6035714285714285,0.5294117647058824,0.6428571428571429,0.5806451612903226,0.5714285714285714,0.17179083824157715
"0,1,1,1,1,0,0,1,1,0,0,1,0,1,1,0,0,1,0,0,1",0.6,0.6,0.6020089285714285,0.5625,0.6428571428571429,0.6,0.6026785714285714,0.20147967338562012
"0,1,1,1,1,0,0,1,1,0,0,1,0,1,1,1,0,1,0,0,1",0.6,0.6,0.6020089285714285,0.5625,0.6428571428571429,0.6,0.6026785714285714,0.2227528095245361
"0,0,0,0,0,1,0,0,1,1,1,1,1,0,1,0,1,0,1,0,0",0.5333333333333333,0.8,0.6017857142857144,0.5,0.5714285714285714,0.5333333333333333,0.5357142857142857,0.161484956741333
"1,1,0,0,0,1,1,0,1,1,1,1,0,1,1,1,0,1,0,1,0",0.5666666666666667,0.7,0.6002232142857142,0.5333333333333333,0.5714285714285714,0.5517241379310345,0.5669642857142857,0.20946025848388672
"0,1,0,1,0,0,0,1,0,1,0,1,1,0,0,0,0,1,0,0,1",0.5666666666666667,0.7,0.6002232142857142,0.5333333333333333,0.5714285714285714,0.5517241379310345,0.5669642857142857,0.20057439804077148
"0,1,0,0,1,1,0,0,1,1,0,1,0,0,0,0,0,1,1,0,0",0.6,0.6,0.5986607142857143,0.5714285714285714,0.5714285714285714,0.5714285714285714,0.5982142857142857,0.19397306442260742
"1,0,0,1,0,1,0,1,0,0,0,1,1,1,0,0,0,0,1,1,0",0.6,0.6,0.5986607142857143,0.5714285714285714,0.5714285714285714,0.5714285714285714,0.5982142857142857,0.16979598999023438
"1,1,0,0,0,1,0,1,0,0,0,0,0,1,1,0,0,1,0,1,0",0.5333333333333333,0.8,0.5984375,0.5,0.5,0.5,0.53125,0.2189924716949463
"0,1,0,0,1,0,1,1,0,1,0,1,1,0,0,0,0,1,1,0,1",0.5666666666666667,0.7,0.596875,0.5384615384615384,0.5,0.5185185185185185,0.5625,0.22200751304626465
"1,0,1,0,1,1,1,1,0,0,0,1,0,0,0,1,0,0,1,1,0",0.5666666666666667,0.7,0.596875,0.5384615384615384,0.5,0.5185185185185185,0.5625,0.1960892677307129
"0,0,1,1,0,1,0,1,1,1,0,1,1,1,1,0,0,0,1,1,1",0.5666666666666667,0.7,0.596875,0.5384615384615384,0.5,0.5185185185185185,0.5625,0.2265467643737793
"0,0,1,1,0,1,0,0,1,1,0,1,0,1,0,0,1,0,0,1,1",0.5666666666666667,0.7,0.596875,0.5384615384615384,0.5,0.5185185185185185,0.5625,0.20207929611206055
"1,0,1,0,0,0,1,0,1,1,1,0,1,0,0,1,1,0,0,1,1",0.5666666666666667,0.7,0.596875,0.5384615384615384,0.5,0.5185185185185185,0.5625,0.1886601448059082
"0,1,0,1,1,0,1,1,0,1,0,1,1,0,0,0,0,1,1,0,1",0.5666666666666667,0.7,0.596875,0.5384615384615384,0.5,0.5185185185185185,0.5625,0.2435009479522705
"1,1,0,0,1,0,0,1,0,1,0,1,0,0,0,1,1,1,0,0,1",0.5333333333333333,0.7,0.596875,0.5,1.0,0.6666666666666666,0.5625,0.20624232292175293
"0,0,1,0,1,0,0,1,1,1,0,1,1,1,1,0,0,0,1,1,0",0.5,0.9,0.5966517857142857,0.46153846153846156,0.42857142857142855,0.4444444444444444,0.4955357142857143,0.17445826530456543
"1,1,1,0,1,1,1,1,0,1,0,1,0,1,0,0,0,0,1,1,1",0.5,0.9,0.5966517857142857,0.46153846153846156,0.42857142857142855,0.4444444444444444,0.4955357142857143,0.20395302772521973
"1,1,0,0,0,1,1,1,0,0,1,1,1,0,1,0,1,0,1,0,1",0.5,0.9,0.5966517857142857,0.46153846153846156,0.42857142857142855,0.4444444444444444,0.4955357142857143,0.1932697296142578
"0,1,0,1,1,1,1,1,1,0,0,1,1,1,0,0,1,1,0,0,0",0.6,0.6,0.5953125,0.5833333333333334,0.5,0.5384615384615384,0.59375,0.1970529556274414
"0,1,0,1,1,1,1,1,0,1,0,1,1,0,0,0,1,1,0,0,0",0.6,0.6,0.5953125,0.5833333333333334,0.5,0.5384615384615384,0.59375,0.2023172378540039
"0,0,1,0,0,0,1,1,1,1,1,0,0,0,1,0,0,1,0,1,0",0.6,0.6,0.5953125,0.5833333333333334,0.5,0.5384615384615384,0.59375,0.19345498085021973
"0,1,0,0,0,0,0,1,0,1,0,1,0,0,0,1,0,1,1,0,1",0.5,0.8,0.5950892857142858,0.48148148148148145,0.9285714285714286,0.6341463414634146,0.5267857142857143,0.20793437957763672
"0,1,1,1,1,0,0,1,0,1,0,1,1,0,0,0,0,1,1,0,1",0.6333333333333333,0.5,0.59375,0.6363636363636364,0.5,0.56,0.625,0.220991849899292
"0,0,0,1,0,1,0,0,1,1,0,0,0,1,1,0,1,0,1,1,0",0.6,0.5,0.59375,0.5384615384615384,1.0,0.7,0.625,0.19582009315490723
"0,0,0,1,1,0,0,0,1,1,0,1,1,0,1,0,1,0,1,0,1",0.5666666666666667,0.7,0.5935267857142856,0.5454545454545454,0.42857142857142855,0.48,0.5580357142857143,0.26409339904785156
"0,0,0,0,1,0,0,1,0,0,0,1,1,0,1,0,1,0,0,0,1",0.5666666666666667,0.7,0.5935267857142856,0.5454545454545454,0.42857142857142855,0.48,0.5580357142857143,0.21699810028076172
"0,0,1,1,0,0,0,0,0,0,1,1,1,0,1,0,1,0,1,1,1",0.4666666666666667,0.9,0.5933035714285714,0.46153846153846156,0.8571428571428571,0.6,0.49107142857142855,0.2235414981842041
"0,0,1,0,1,1,1,0,1,0,0,0,0,0,0,0,1,1,1,0,0",0.4666666666666667,0.9,0.5933035714285714,0.46153846153846156,0.8571428571428571,0.6,0.49107142857142855,0.1421201229095459
"0,0,0,1,1,1,0,0,0,0,0,1,0,1,0,0,1,0,1,1,0",0.4666666666666667,0.9,0.5933035714285714,0.46153846153846156,0.8571428571428571,0.6,0.49107142857142855,0.1656179428100586
"0,0,1,0,1,1,1,0,1,0,0,0,0,0,0,0,1,1,0,0,0",0.4666666666666667,0.9,0.5933035714285714,0.46153846153846156,0.8571428571428571,0.6,0.49107142857142855,0.17451167106628418
"0,1,0,1,0,1,0,1,1,1,0,1,0,0,1,0,1,0,1,0,0",0.4666666666666667,0.9,0.5933035714285714,0.46153846153846156,0.8571428571428571,0.6,0.49107142857142855,0.15227103233337402
"1,1,1,1,0,0,1,0,0,1,0,0,1,0,0,1,0,0,1,1,0",0.6666666666666666,0.4,0.5921875,0.7,0.5,0.5833333333333334,0.65625,0.20739507675170898
"0,0,0,1,1,1,1,0,1,0,0,1,0,1,0,0,1,0,0,0,1",0.6,0.6,0.5919642857142857,0.6,0.42857142857142855,0.5,0.5892857142857143,0.19911670684814453
"1,0,0,1,0,1,1,0,0,1,1,0,1,1,1,1,0,0,0,1,0",0.5,0.8,0.5917410714285715,0.48,0.8571428571428571,0.6153846153846154,0.5223214285714286,0.19661688804626465
"0,0,0,0,0,1,0,1,1,0,0,1,0,0,0,0,0,1,1,1,0",0.6,0.5,0.5904017857142857,0.5416666666666666,0.9285714285714286,0.6842105263157895,0.6205357142857143,0.1847364902496338
"0,1,0,0,0,1,0,1,1,1,0,1,0,0,1,1,0,0,1,1,0",0.6333333333333333,0.5,0.5904017857142857,0.6666666666666666,0.42857142857142855,0.5217391304347826,0.6205357142857143,0.1864168643951416
"0,0,1,1,1,1,1,0,1,1,1,1,0,1,0,1,1,0,1,1,1",0.6333333333333333,0.5,0.5904017857142857,0.6666666666666666,0.42857142857142855,0.5217391304347826,0.6205357142857143,0.2154407501220703
"0,0,0,0,0,1,1,0,1,1,1,0,0,1,0,0,1,0,0,0,1",0.6,0.6,0.5886160714285714,0.625,0.35714285714285715,0.45454545454545453,0.5848214285714286,0.21949172019958496
"1,1,0,1,0,0,0,0,0,0,1,1,0,0,0,1,1,1,0,0,1",0.5666666666666667,0.6,0.5886160714285714,0.5217391304347826,0.8571428571428571,0.6486486486486487,0.5848214285714286,0.21487975120544434
"0,0,1,1,1,0,1,1,0,1,0,1,1,1,0,1,0,1,0,1,1",0.5333333333333333,0.8,0.5883928571428572,0.5,0.2857142857142857,0.36363636363636365,0.5178571428571428,0.2362666130065918
"0,1,0,1,0,1,1,1,1,0,0,1,1,1,0,0,0,1,1,0,1",0.5333333333333333,0.8,0.5883928571428572,0.5,0.2857142857142857,0.36363636363636365,0.5178571428571428,0.203751802444458
"1,0,1,0,0,0,0,0,0,0,1,0,1,1,0,1,1,1,0,1,1",0.5,0.8,0.5883928571428572,0.4782608695652174,0.7857142857142857,0.5945945945945946,0.5178571428571428,0.20577049255371094
"0,1,1,1,1,0,1,1,0,1,0,1,1,0,0,0,0,1,1,0,1",0.6,0.5,0.5870535714285714,0.5454545454545454,0.8571428571428571,0.6666666666666666,0.6160714285714286,0.2220375537872314
"0,0,0,0,0,0,0,1,0,1,1,0,1,1,1,0,1,1,0,0,1",0.6333333333333333,0.5,0.5870535714285714,0.7142857142857143,0.35714285714285715,0.47619047619047616,0.6160714285714286,0.17187786102294922
"0,0,0,0,0,1,1,0,1,1,1,1,0,1,0,1,0,1,0,0,0",0.6,0.5,0.5870535714285714,0.5454545454545454,0.8571428571428571,0.6666666666666666,0.6160714285714286,0.18125581741333008
"1,0,0,1,1,1,0,1,0,0,1,1,1,1,1,0,1,1,0,0,1",0.6333333333333333,0.5,0.5870535714285714,0.7142857142857143,0.35714285714285715,0.47619047619047616,0.6160714285714286,0.21642088890075684
"0,0,0,0,1,1,1,0,0,1,0,1,1,1,0,1,1,1,0,0,0",0.5333333333333333,0.7,0.586830357142857,0.5,0.7857142857142857,0.6111111111111112,0.5491071428571428,0.2002580165863037
"0,0,1,1,1,1,0,0,0,0,1,1,0,1,1,1,1,1,1,1,1",0.5333333333333333,0.7,0.586830357142857,0.5,0.7857142857142857,0.6111111111111112,0.5491071428571428,0.21248435974121094
"0,0,0,1,1,1,0,0,0,0,0,1,0,1,0,0,0,1,1,1,1",0.5666666666666667,0.7,0.586830357142857,0.5714285714285714,0.2857142857142857,0.38095238095238093,0.5491071428571428,0.19725489616394043
"0,0,0,0,1,0,0,1,1,0,0,0,1,1,1,0,0,1,1,1,0",0.5,0.9,0.5866071428571429,0.42857142857142855,0.21428571428571427,0.2857142857142857,0.48214285714285715,0.1799924373626709
"0,0,0,0,0,1,1,0,0,1,1,1,0,0,0,1,1,1,0,0,0",0.6333333333333333,0.4,0.5854910714285715,0.5714285714285714,0.8571428571428571,0.6857142857142857,0.6473214285714286,0.1696147918701172
"0,0,0,0,0,1,1,0,1,0,1,0,1,1,0,1,0,0,0,0,1",0.6333333333333333,0.4,0.5854910714285715,0.5714285714285714,0.8571428571428571,0.6857142857142857,0.6473214285714286,0.1741926670074463
"0,0,0,0,0,1,1,0,0,1,1,1,0,0,0,0,1,1,0,0,0",0.6333333333333333,0.4,0.5854910714285715,0.5714285714285714,0.8571428571428571,0.6857142857142857,0.6473214285714286,0.1899855136871338
"0,0,1,0,0,1,0,1,0,1,0,0,1,0,1,0,0,1,1,1,0",0.5666666666666667,0.6,0.5852678571428571,0.5238095238095238,0.7857142857142857,0.6285714285714286,0.5803571428571428,0.21525859832763672
"0,1,0,0,0,0,0,0,1,0,0,0,0,0,0,0,1,1,0,1,0",0.5666666666666667,0.6,0.5852678571428571,0.5238095238095238,0.7857142857142857,0.6285714285714286,0.5803571428571428,0.1553351879119873
"0,1,0,1,0,0,0,1,1,0,0,1,1,1,0,0,0,0,1,1,0",0.5,0.8,0.585044642857143,0.47619047619047616,0.7142857142857143,0.5714285714285714,0.5133928571428572,0.16323447227478027
"1,0,0,1,0,1,1,1,1,1,0,1,0,1,0,0,0,0,1,1,1",0.5,0.8,0.585044642857143,0.47619047619047616,0.7142857142857143,0.5714285714285714,0.5133928571428572,0.2088179588317871
"0,1,1,0,1,1,1,0,0,0,0,1,0,1,0,1,1,0,0,0,1",0.6333333333333333,0.5,0.5837053571428571,0.8,0.2857142857142857,0.42105263157894735,0.6116071428571428,0.18224763870239258
"0,1,0,1,0,1,0,1,1,1,1,1,1,1,1,0,1,0,0,1,1",0.6333333333333333,0.5,0.5837053571428571,0.8,0.2857142857142857,0.42105263157894735,0.6116071428571428,0.18766140937805176
"0,1,0,1,1,1,0,0,1,1,1,1,0,0,1,0,1,1,1,0,0",0.6,0.5,0.5837053571428571,0.55,0.7857142857142857,0.6470588235294118,0.6116071428571428,0.18511366844177246
"1,0,0,0,1,0,1,1,1,0,1,0,0,1,1,0,0,1,1,0,1",0.6333333333333333,0.5,0.5837053571428571,0.8,0.2857142857142857,0.42105263157894735,0.6116071428571428,0.21534490585327148
"0,1,1,0,1,1,0,1,0,1,1,0,1,0,1,0,1,0,0,1,0",0.6,0.5,0.5837053571428571,0.55,0.7857142857142857,0.6470588235294118,0.6116071428571428,0.17318391799926758
"1,0,0,1,1,1,0,0,1,0,0,1,1,1,1,0,0,0,0,1,0",0.6333333333333333,0.5,0.5837053571428571,0.8,0.2857142857142857,0.42105263157894735,0.6116071428571428,0.1856245994567871
"1,0,1,1,0,1,0,1,0,0,0,0,1,0,0,0,1,1,1,1,1",0.5333333333333333,0.7,0.5834821428571428,0.5,0.7142857142857143,0.5882352941176471,0.5446428571428572,0.2060253620147705
"0,1,1,0,0,1,0,1,0,0,1,1,1,0,0,1,1,0,1,1,1",0.5333333333333333,0.7,0.5834821428571428,0.5,0.7142857142857143,0.5882352941176471,0.5446428571428572,0.2057201862335205
"0,1,0,1,0,0,0,1,1,0,0,1,0,1,1,1,0,1,1,0,1",0.5666666666666667,0.7,0.5834821428571428,0.6,0.21428571428571427,0.3157894736842105,0.5446428571428571,0.19884061813354492
"1,0,0,1,0,1,1,1,1,1,0,1,0,1,1,0,1,0,1,0,0",0.5333333333333333,0.7,0.5834821428571428,0.5,0.7142857142857143,0.5882352941176471,0.5446428571428572,0.16086792945861816
"0,1,1,1,1,0,0,1,0,1,0,1,1,1,1,0,0,0,0,0,1",0.5666666666666667,0.7,0.5834821428571428,0.6,0.21428571428571427,0.3157894736842105,0.5446428571428571,0.1993863582611084
"1,0,0,1,0,1,1,1,1,1,0,1,0,1,1,0,1,0,0,0,0",0.5333333333333333,0.7,0.5834821428571428,0.5,0.7142857142857143,0.5882352941176471,0.5446428571428572,0.19269418716430664
"1,0,0,1,0,1,1,0,0,1,0,0,1,0,1,0,1,0,0,0,0",0.5333333333333333,0.7,0.5834821428571428,0.5,0.7142857142857143,0.5882352941176471,0.5446428571428572,0.20047354698181152
"0,1,1,1,0,1,1,1,1,0,0,1,0,0,1,1,0,1,1,0,1",0.5666666666666667,0.6,0.5819196428571429,0.5263157894736842,0.7142857142857143,0.6060606060606061,0.5758928571428572,0.22043609619140625
"0,0,0,0,1,1,0,1,0,0,1,1,0,1,0,1,0,0,1,0,0",0.5666666666666667,0.6,0.5819196428571429,0.5263157894736842,0.7142857142857143,0.6060606060606061,0.5758928571428572,0.16423463821411133
"1,0,1,0,1,1,1,0,0,1,0,1,0,0,1,1,1,1,1,0,0",0.5666666666666667,0.6,0.5819196428571429,0.5263157894736842,0.7142857142857143,0.6060606060606061,0.5758928571428572,0.17122387886047363
"0,0,0,0,1,1,1,1,0,0,1,0,0,0,0,0,0,0,1,0,0",0.5666666666666667,0.6,0.5819196428571429,0.5263157894736842,0.7142857142857143,0.6060606060606061,0.5758928571428572,0.16846776008605957
"0,1,1,1,0,0,0,1,1,1,0,0,0,0,0,1,0,1,0,0,0",0.6,0.6,0.5819196428571428,0.75,0.21428571428571427,0.3333333333333333,0.5758928571428571,0.17653250694274902
"0,0,1,1,1,1,1,0,1,1,1,1,0,1,0,1,0,1,0,0,1",0.6,0.6,0.5819196428571428,0.75,0.21428571428571427,0.3333333333333333,0.5758928571428571,0.18392205238342285
"0,1,0,1,1,0,1,0,0,0,0,0,0,0,1,0,1,1,0,1,1",0.5,0.8,0.5816964285714286,0.47368421052631576,0.6428571428571429,0.5454545454545454,0.5089285714285714,0.24449729919433594
"0,1,1,1,1,0,0,1,1,0,0,1,0,1,0,1,1,1,0,0,1",0.6,0.5,0.5803571428571429,0.5555555555555556,0.7142857142857143,0.625,0.6071428571428572,0.22214818000793457
"0,0,1,0,1,0,0,0,0,1,0,0,1,1,1,1,0,0,1,1,1",0.6,0.5,0.5803571428571429,0.5555555555555556,0.7142857142857143,0.625,0.6071428571428572,0.2630956172943115
"1,0,0,0,0,1,0,0,1,1,0,0,0,1,1,1,0,0,1,1,1",0.5333333333333333,0.7,0.5801339285714285,0.5,0.6428571428571429,0.5625,0.5401785714285714,0.20560836791992188
"1,1,1,0,0,1,1,1,1,1,1,0,1,1,1,1,0,1,1,1,0",0.5333333333333333,0.7,0.5801339285714285,0.5,0.6428571428571429,0.5625,0.5401785714285714,0.1965620517730713
"0,0,1,1,1,1,0,1,0,0,1,0,1,0,0,1,0,0,0,1,1",0.5666666666666667,0.7,0.5801339285714285,0.6666666666666666,0.14285714285714285,0.23529411764705882,0.5401785714285714,0.22236180305480957
"0,1,1,0,0,1,1,1,0,1,0,0,1,1,1,0,0,1,0,0,1",0.5666666666666667,0.7,0.5801339285714285,0.6666666666666666,0.14285714285714285,0.23529411764705882,0.5401785714285714,0.20690083503723145
"0,1,0,1,0,0,0,0,1,0,0,0,0,1,1,1,0,1,1,0,1",0.5666666666666667,0.7,0.5801339285714285,0.6666666666666666,0.14285714285714285,0.23529411764705882,0.5401785714285714,0.23476958274841309
"0,0,0,1,1,0,0,0,1,1,0,1,1,1,1,0,1,0,0,1,0",0.5333333333333333,0.7,0.5801339285714285,0.5,0.6428571428571429,0.5625,0.5401785714285714,0.17304682731628418
"0,0,0,1,1,0,0,0,1,1,0,1,1,1,1,0,0,0,0,1,0",0.5333333333333333,0.7,0.5801339285714285,0.5,0.6428571428571429,0.5625,0.5401785714285714,0.18427371978759766
"0,1,0,1,0,0,0,1,1,0,0,1,0,1,1,0,0,1,1,0,1",0.6,0.6,0.5785714285714285,1.0,0.14285714285714285,0.25,0.5714285714285714,0.2121741771697998
"1,1,1,0,0,1,0,0,1,0,0,1,1,0,0,1,0,0,1,1,1",0.5666666666666667,0.6,0.5785714285714285,0.5294117647058824,0.6428571428571429,0.5806451612903226,0.5714285714285714,0.20310282707214355
"1,1,0,1,1,0,0,1,1,0,0,0,0,1,0,1,0,0,1,0,1",0.5666666666666667,0.6,0.5785714285714285,0.5294117647058824,0.6428571428571429,0.5806451612903226,0.5714285714285714,0.19495058059692383
"0,1,1,0,1,0,1,1,1,0,1,1,1,1,0,0,1,0,0,1,1",0.5666666666666667,0.6,0.5785714285714285,0.5294117647058824,0.6428571428571429,0.5806451612903226,0.5714285714285714,0.2336738109588623
"0,1,1,0,0,0,1,1,0,1,0,1,1,0,1,0,1,0,0,0,1",0.5333333333333333,0.8,0.5783482142857144,0.5,0.07142857142857142,0.125,0.5044642857142857,0.18138909339904785
"0,1,1,1,1,1,0,1,1,0,1,0,1,1,1,1,1,1,1,1,1",0.43333333333333335,1.0,0.578125,0.4117647058823529,0.5,0.45161290322580644,0.4375,0.21634125709533691
"0,1,1,1,1,0,0,1,1,0,0,1,0,0,1,0,0,1,1,0,1",0.6,0.5,0.5770089285714286,0.5625,0.6428571428571429,0.6,0.6026785714285714,0.20443344116210938
"0,1,0,0,0,0,0,0,1,0,0,0,0,0,1,0,1,0,1,0,1",0.6,0.5,0.5770089285714286,0.5625,0.6428571428571429,0.6,0.6026785714285714,0.2168886661529541
"0,1,0,0,0,0,0,1,1,0,0,0,0,0,0,0,1,1,0,1,0",0.5333333333333333,0.7,0.5767857142857142,0.5,0.5714285714285714,0.5333333333333333,0.5357142857142857,0.16672968864440918
"1,0,0,1,0,1,0,0,0,1,0,1,1,0,1,0,0,0,0,0,1",0.5333333333333333,0.7,0.5767857142857142,0.5,0.5714285714285714,0.5333333333333333,0.5357142857142857,0.18120384216308594
"0,1,0,0,1,0,0,0,1,0,0,0,0,0,0,1,1,1,0,0,1",0.4666666666666667,0.9,0.5765625,0.4375,0.5,0.4666666666666667,0.46875,0.17400455474853516
"0,1,0,1,1,1,1,1,1,0,0,1,1,1,0,0,1,1,0,0,1",0.5666666666666667,0.6,0.5752232142857143,0.5333333333333333,0.5714285714285714,0.5517241379310345,0.5669642857142857,0.19307279586791992
"0,1,1,1,0,0,1,1,1,0,1,0,1,0,1,0,1,1,1,1,1",0.5666666666666667,0.6,0.5752232142857143,0.5333333333333333,0.5714285714285714,0.5517241379310345,0.5669642857142857,0.22504687309265137
"0,1,0,1,1,1,1,1,1,0,0,1,1,1,0,1,1,1,0,0,1",0.5666666666666667,0.6,0.5752232142857143,0.5333333333333333,0.5714285714285714,0.5517241379310345,0.5669642857142857,0.1765761375427246
"0,1,0,0,0,1,1,1,1,1,0,0,0,1,0,0,1,0,1,0,1",0.5,0.8,0.575,0.4666666666666667,0.5,0.4827586206896552,0.5,0.2307894229888916
"0,0,0,1,1,1,0,0,0,1,0,0,1,0,1,1,1,1,1,0,1",0.6,0.5,0.5736607142857143,0.5714285714285714,0.5714285714285714,0.5714285714285714,0.5982142857142857,0.21288299560546875
"1,0,1,1,0,0,1,0,0,1,0,1,0,1,0,0,0,0,0,1,0",0.6,0.5,0.5736607142857143,0.5714285714285714,0.5714285714285714,0.5714285714285714,0.5982142857142857,0.1853182315826416
"0,0,0,0,1,1,0,1,0,1,0,1,1,0,1,0,0,0,0,1,0",0.5,0.7,0.5734375,0.4827586206896552,1.0,0.6511627906976745,0.53125,0.15994548797607422
"0,1,0,1,1,1,1,1,1,1,1,1,0,0,1,0,0,1,1,0,1",0.5333333333333333,0.7,0.5734375,0.5,0.5,0.5,0.53125,0.21691060066223145
"1,0,0,0,1,1,0,1,0,1,1,1,0,1,1,1,1,0,0,1,0",0.5,0.7,0.5734375,0.4827586206896552,1.0,0.6511627906976745,0.53125,0.1736912727355957
"0,1,0,0,0,0,0,0,1,0,0,0,0,0,0,0,0,0,1,1,1",0.5666666666666667,0.6,0.571875,0.5384615384615384,0.5,0.5185185185185185,0.5625,0.1743311882019043
"1,0,0,1,1,1,0,1,0,0,1,1,1,0,0,0,0,1,1,0,1",0.5333333333333333,0.6,0.571875,0.5,1.0,0.6666666666666666,0.5625,0.22032427787780762
"0,0,0,0,1,0,1,1,1,0,0,1,1,1,1,0,1,0,1,1,0",0.5333333333333333,0.6,0.571875,0.5,1.0,0.6666666666666666,0.5625,0.1947166919708252
"0,1,0,0,1,0,0,0,0,1,0,1,1,1,0,1,1,0,1,1,0",0.5666666666666667,0.6,0.571875,0.5384615384615384,0.5,0.5185185185185185,0.5625,0.16739940643310547
"0,1,0,1,0,1,1,0,0,1,1,0,0,0,0,0,1,1,1,1,0",0.5666666666666667,0.6,0.571875,0.5384615384615384,0.5,0.5185185185185185,0.5625,0.17420148849487305
"0,1,0,0,0,0,0,0,1,0,0,0,0,0,0,0,1,0,1,1,0",0.5333333333333333,0.6,0.571875,0.5,1.0,0.6666666666666666,0.5625,0.1524059772491455
"0,1,1,0,0,0,1,0,0,0,1,1,0,1,0,0,1,1,0,0,1",0.5666666666666667,0.6,0.571875,0.5384615384615384,0.5,0.5185185185185185,0.5625,0.18960142135620117
"0,0,0,0,1,0,1,1,0,0,0,1,1,1,1,0,1,0,0,1,0",0.5333333333333333,0.6,0.571875,0.5,1.0,0.6666666666666666,0.5625,0.15950798988342285
"1,1,1,0,1,1,1,1,0,1,1,0,1,1,0,0,1,1,1,1,1",0.5,0.8,0.5716517857142858,0.4615384615384615,0.4285714285714285,0.4444444444444444,0.4955357142857143,0.2232904434204101
"1,1,0,0,0,0,0,1,1,0,0,1,1,1,0,1,1,1,0,0,1",0.4666666666666667,0.8,0.5716517857142858,0.4642857142857143,0.9285714285714286,0.6190476190476191,0.4955357142857143,0.1986832618713379
"0,1,0,1,1,1,0,1,1,1,0,0,0,0,1,1,1,0,1,1,0",0.6,0.5,0.5703125,0.5833333333333334,0.5,0.5384615384615384,0.59375,0.21763229370117188
"0,1,0,1,0,0,0,0,0,0,0,1,0,0,0,0,1,1,1,1,0",0.5666666666666667,0.5,0.5703125,0.5185185185185185,1.0,0.6829268292682927,0.59375,0.16773009300231934
"1,0,0,1,1,1,1,0,1,1,1,0,0,0,0,0,1,0,1,1,1",0.5333333333333333,0.7,0.5700892857142856,0.5,0.42857142857142855,0.46153846153846156,0.5267857142857143,0.19150328636169434
"1,1,1,0,0,0,0,0,1,0,1,0,0,0,1,1,1,1,1,1,1",0.5333333333333333,0.7,0.5700892857142856,0.5,0.42857142857142855,0.46153846153846156,0.5267857142857143,0.20109128952026367
"0,0,1,0,1,1,0,1,0,1,0,0,0,0,1,0,0,0,1,1,1",0.5333333333333333,0.7,0.5700892857142856,0.5,0.42857142857142855,0.46153846153846156,0.5267857142857143,0.18252277374267578
"1,1,1,0,1,1,1,0,1,0,1,0,1,1,0,0,1,0,0,1,1",0.5,0.7,0.5700892857142856,0.48148148148148145,0.9285714285714286,0.6341463414634146,0.5267857142857143,0.2163410186767578
"0,1,1,1,1,0,0,1,1,0,0,1,0,1,1,0,0,0,0,1,1",0.5666666666666667,0.6,0.5685267857142857,0.5454545454545454,0.42857142857142855,0.48,0.5580357142857143,0.22556376457214355
"0,0,0,1,0,1,1,1,0,0,1,1,1,1,0,0,1,0,1,1,1",0.5333333333333333,0.6,0.5685267857142857,0.5,0.9285714285714286,0.65,0.5580357142857143,0.21769189834594727
"0,0,1,0,0,1,0,1,0,1,0,0,0,1,1,1,0,0,0,0,1",0.5333333333333333,0.6,0.5685267857142857,0.5,0.9285714285714286,0.65,0.5580357142857143,0.16176819801330566
"1,0,0,1,0,0,1,0,0,1,0,0,0,1,1,1,0,1,1,0,1",0.5,0.8,0.5683035714285715,0.45454545454545453,0.35714285714285715,0.4,0.4910714285714286,0.20772838592529297
"0,0,0,0,1,0,1,1,1,0,1,1,1,0,1,0,1,0,0,1,1",0.5,0.8,0.5683035714285715,0.45454545454545453,0.35714285714285715,0.4,0.4910714285714286,0.2391042709350586
"0,1,1,1,0,0,1,0,1,0,1,0,1,1,0,1,0,0,0,1,1",0.4666666666666667,0.8,0.5683035714285714,0.46153846153846156,0.8571428571428571,0.6,0.49107142857142855,0.2161259651184082
"0,1,0,1,0,0,0,1,1,0,0,1,0,0,0,1,0,0,1,1,0",0.4666666666666667,0.8,0.5683035714285714,0.46153846153846156,0.8571428571428571,0.6,0.49107142857142855,0.2158811092376709
"0,1,1,1,1,0,1,1,0,1,0,1,1,0,0,1,1,1,0,0,1",0.5666666666666667,0.5,0.5669642857142857,0.52,0.9285714285714286,0.6666666666666666,0.5892857142857143,0.21741652488708496
"0,0,0,1,1,0,0,0,1,1,0,1,1,1,1,0,1,0,0,0,1",0.5666666666666667,0.5,0.5669642857142857,0.52,0.9285714285714286,0.6666666666666666,0.5892857142857143,0.1828782558441162
"0,0,1,1,1,0,0,0,0,0,1,1,1,1,1,0,1,0,1,0,0",0.4666666666666667,0.9,0.5665178571428572,0.4,0.2857142857142857,0.3333333333333333,0.45535714285714285,0.15029597282409668
"0,1,0,1,1,0,1,1,1,0,1,1,0,0,1,1,1,1,0,1,1",0.4666666666666667,0.9,0.5665178571428572,0.4,0.2857142857142857,0.3333333333333333,0.45535714285714285,0.23341131210327148
"0,0,0,0,0,0,0,0,1,0,0,1,0,0,1,0,1,1,0,0,1",0.4666666666666667,0.9,0.5665178571428572,0.4,0.2857142857142857,0.3333333333333333,0.45535714285714285,0.16245079040527344
"0,0,1,0,0,0,0,1,1,1,0,0,0,0,1,1,0,1,1,0,0",0.4666666666666667,0.9,0.5665178571428572,0.4,0.2857142857142857,0.3333333333333333,0.45535714285714285,0.18738675117492676
"1,0,0,1,0,0,0,0,0,1,0,0,0,0,1,0,0,1,0,0,0",0.4666666666666667,0.9,0.5665178571428572,0.4,0.2857142857142857,0.3333333333333333,0.45535714285714285,0.16726231575012207
"0,1,0,1,1,0,0,1,0,0,1,0,1,0,1,0,0,0,0,0,1",0.5333333333333333,0.6,0.5651785714285715,0.5,0.8571428571428571,0.631578947368421,0.5535714285714286,0.18767356872558594
"1,0,0,1,1,0,1,0,1,0,0,1,0,0,1,1,1,1,1,0,1",0.5666666666666667,0.6,0.5651785714285715,0.5555555555555556,0.35714285714285715,0.43478260869565216,0.5535714285714286,0.20487141609191895
"0,1,1,0,1,0,0,1,1,0,0,1,0,1,0,0,1,1,1,0,0",0.5333333333333333,0.6,0.5651785714285714,0.5,0.8571428571428571,0.631578947368421,0.5535714285714286,0.19743108749389648
"1,0,0,1,1,1,0,1,0,0,1,1,1,1,1,0,1,1,0,1,0",0.5666666666666667,0.6,0.5651785714285714,0.5555555555555556,0.35714285714285715,0.43478260869565216,0.5535714285714286,0.1914207935333252
"0,1,0,0,0,1,1,1,1,1,0,0,1,0,0,0,1,1,1,1,0",0.5333333333333333,0.6,0.5651785714285714,0.5,0.8571428571428571,0.631578947368421,0.5535714285714286,0.19037199020385742
"1,0,1,1,0,1,0,0,1,0,1,1,1,0,1,1,0,1,1,1,0",0.5666666666666667,0.6,0.5651785714285714,0.5555555555555556,0.35714285714285715,0.43478260869565216,0.5535714285714286,0.179168701171875
"0,1,0,1,1,0,0,0,1,0,0,1,1,1,0,0,0,0,1,1,0",0.5333333333333333,0.6,0.5651785714285714,0.5,0.8571428571428571,0.631578947368421,0.5535714285714286,0.18681597709655762
"1,1,0,0,0,1,0,1,0,1,1,1,0,0,0,0,0,0,0,1,1",0.4666666666666667,0.8,0.5649553571428572,0.4583333333333333,0.7857142857142857,0.5789473684210527,0.48660714285714285,0.19913911819458008
"1,1,0,0,0,0,1,1,0,1,0,0,1,1,0,1,1,0,1,0,1",0.4666666666666667,0.8,0.5649553571428572,0.4583333333333333,0.7857142857142857,0.5789473684210527,0.48660714285714285,0.20096158981323242
"0,0,0,1,1,0,0,1,1,1,0,1,0,0,1,1,1,0,0,1,0",0.5,0.8,0.5649553571428572,0.4444444444444444,0.2857142857142857,0.34782608695652173,0.48660714285714285,0.21439266204833984
"1,0,1,0,0,0,0,0,0,1,0,0,0,1,0,0,0,1,1,1,0",0.5,0.8,0.5649553571428572,0.4444444444444444,0.2857142857142857,0.34782608695652173,0.48660714285714285,0.16761374473571777
"1,0,1,0,0,0,1,1,1,0,1,0,1,1,0,0,0,1,0,1,0",0.6,0.5,0.5636160714285714,0.625,0.35714285714285715,0.45454545454545453,0.5848214285714286,0.21369695663452148
"0,1,0,1,1,0,1,1,1,0,1,1,1,0,0,1,1,1,1,1,1",0.5666666666666667,0.5,0.5636160714285714,0.5217391304347826,0.8571428571428571,0.6486486486486487,0.5848214285714286,0.22016382217407227
"1,0,0,0,1,0,1,1,1,0,1,0,0,1,1,1,0,1,0,0,1",0.6,0.5,0.5636160714285714,0.625,0.35714285714285715,0.45454545454545453,0.5848214285714286,0.19621896743774414
"0,1,0,0,1,1,0,0,0,1,1,0,1,0,1,1,0,0,0,1,0",0.6,0.5,0.5636160714285714,0.625,0.35714285714285715,0.45454545454545453,0.5848214285714286,0.2053987979888916
"1,1,0,0,1,0,0,1,0,1,0,0,1,0,1,0,0,0,0,1,0",0.5,0.7,0.563392857142857,0.4782608695652174,0.7857142857142857,0.5945945945945946,0.5178571428571428,0.16710567474365234
"1,0,0,0,1,1,1,1,1,0,0,0,1,0,0,1,0,1,0,1,0",0.5,0.7,0.563392857142857,0.4782608695652174,0.7857142857142857,0.5945945945945946,0.5178571428571428,0.18239164352416992
"0,1,1,1,0,0,1,1,0,1,1,1,0,0,0,0,1,0,0,1,1",0.5,0.7,0.563392857142857,0.4782608695652174,0.7857142857142857,0.5945945945945946,0.5178571428571428,0.20074224472045898
"1,1,1,0,1,0,0,0,1,0,0,1,0,0,0,1,1,1,0,1,1",0.5,0.7,0.563392857142857,0.4782608695652174,0.7857142857142857,0.5945945945945946,0.5178571428571428,0.22652339935302734
"1,1,0,1,0,0,0,0,0,0,1,1,0,0,1,0,1,0,0,0,0",0.5333333333333333,0.6,0.5618303571428571,0.5,0.7857142857142857,0.6111111111111112,0.5491071428571428,0.18697762489318848
"0,0,1,0,1,0,1,0,0,1,0,0,1,0,0,0,0,1,0,1,1",0.5666666666666667,0.6,0.5618303571428571,0.5714285714285714,0.2857142857142857,0.38095238095238093,0.5491071428571428,0.19808244705200195
"0,0,0,0,0,0,0,0,1,0,0,1,1,1,0,0,0,0,1,1,0",0.5666666666666667,0.6,0.5618303571428571,0.5714285714285714,0.2857142857142857,0.38095238095238093,0.5491071428571428,0.1652829647064209
"0,0,0,1,1,1,0,1,0,0,0,0,1,1,1,0,1,0,1,1,0",0.5666666666666667,0.6,0.5618303571428571,0.5714285714285714,0.2857142857142857,0.38095238095238093,0.5491071428571428,0.18595671653747559
"0,1,1,1,1,0,0,1,1,0,0,1,0,1,0,0,0,1,1,0,1",0.5333333333333333,0.6,0.5618303571428571,0.5,0.7857142857142857,0.6111111111111112,0.5491071428571428,0.2019641399383545
"0,1,0,1,0,1,0,0,0,1,1,1,0,0,1,0,1,1,0,1,1",0.5666666666666667,0.6,0.5618303571428571,0.5714285714285714,0.2857142857142857,0.38095238095238093,0.5491071428571428,0.20457124710083008
"1,0,1,0,0,1,1,0,1,1,1,1,0,1,0,1,0,1,0,0,0",0.5333333333333333,0.6,0.5618303571428571,0.5,0.7857142857142857,0.6111111111111112,0.5491071428571428,0.18600773811340332
"1,1,0,1,0,0,0,0,0,0,1,1,0,0,1,0,0,0,0,0,0",0.5333333333333333,0.6,0.5618303571428571,0.5,0.7857142857142857,0.6111111111111112,0.5491071428571428,0.15639948844909668
"0,0,1,1,1,0,0,0,1,1,1,0,1,0,1,0,1,0,1,0,1",0.5,0.8,0.5616071428571429,0.42857142857142855,0.21428571428571427,0.2857142857142857,0.48214285714285715,0.21265625953674316
"0,0,0,0,1,0,1,1,1,0,0,1,1,1,1,0,0,1,0,1,1",0.4666666666666667,0.8,0.5616071428571429,0.45454545454545453,0.7142857142857143,0.5555555555555556,0.48214285714285715,0.20511865615844727
"0,0,0,0,0,1,0,1,1,0,0,0,0,1,1,1,1,0,0,1,0",0.5666666666666667,0.5,0.5602678571428571,0.5238095238095238,0.7857142857142857,0.6285714285714286,0.5803571428571428,0.1978895664215088
"1,1,1,1,1,0,0,1,0,0,0,1,0,0,1,1,0,0,0,0,0",0.5666666666666667,0.5,0.5602678571428571,0.5238095238095238,0.7857142857142857,0.6285714285714286,0.5803571428571428,0.16391539573669434
"0,1,1,0,0,0,1,1,1,0,0,1,1,1,0,1,0,1,0,1,0",0.6,0.5,0.5602678571428571,0.6666666666666666,0.2857142857142857,0.4,0.5803571428571428,0.19504189491271973
"0,1,1,1,1,0,1,0,1,0,0,0,0,0,0,0,1,1,0,0,0",0.5666666666666667,0.5,0.5602678571428571,0.5238095238095238,0.7857142857142857,0.6285714285714286,0.5803571428571428,0.15304827690124512
"1,1,0,1,0,0,0,0,1,1,0,1,1,1,1,0,1,0,0,0,0",0.5666666666666667,0.5,0.5602678571428571,0.5238095238095238,0.7857142857142857,0.6285714285714286,0.5803571428571428,0.15777254104614258
"0,1,0,1,0,1,0,0,1,0,1,1,0,1,1,1,0,0,1,1,0",0.6,0.5,0.5602678571428571,0.6666666666666666,0.2857142857142857,0.4,0.5803571428571428,0.18615317344665527
"0,1,1,1,1,0,0,0,1,0,0,0,0,0,0,0,1,1,0,0,0",0.5666666666666667,0.5,0.5602678571428571,0.5238095238095238,0.7857142857142857,0.6285714285714286,0.5803571428571428,0.1546158790588379
"0,1,0,0,0,0,0,1,0,1,1,0,0,1,0,0,0,0,0,1,1",0.5333333333333333,0.7,0.5600446428571428,0.5,0.21428571428571427,0.3,0.5133928571428571,0.21082592010498047
"0,1,1,1,1,1,1,1,1,1,1,0,1,0,0,0,1,1,1,1,0",0.5,0.7,0.5600446428571428,0.47619047619047616,0.7142857142857143,0.5714285714285714,0.5133928571428572,0.18239951133728027
"1,0,0,0,1,1,1,1,0,0,1,0,0,0,1,1,1,1,1,0,0",0.5,0.7,0.5600446428571428,0.47619047619047616,0.7142857142857143,0.5714285714285714,0.5133928571428572,0.19095134735107422
"1,0,0,1,0,1,1,1,0,1,1,0,0,1,1,0,1,1,1,0,0",0.5,0.7,0.5600446428571428,0.47619047619047616,0.7142857142857143,0.5714285714285714,0.5133928571428572,0.17332935333251953
"0,1,0,0,0,0,1,0,0,0,0,1,0,0,0,0,1,1,0,0,0",0.43333333333333335,0.9,0.5598214285714286,0.42857142857142855,0.6428571428571429,0.5142857142857142,0.44642857142857145,0.1725611686706543
"1,0,0,1,1,0,0,0,1,1,0,1,1,1,1,0,1,0,0,1,0",0.5333333333333333,0.6,0.5584821428571429,0.5,0.7142857142857143,0.5882352941176471,0.5446428571428572,0.176499605178833
"1,0,1,0,1,1,1,0,1,1,1,1,0,0,1,0,0,1,1,0,1",0.5333333333333333,0.6,0.5584821428571429,0.5,0.7142857142857143,0.5882352941176471,0.5446428571428572,0.20649266242980957
"1,0,0,1,1,0,0,0,1,1,0,1,1,1,1,0,0,0,0,1,0",0.5333333333333333,0.6,0.5584821428571429,0.5,0.7142857142857143,0.5882352941176471,0.5446428571428572,0.1789414882659912
"1,0,0,0,1,1,1,0,0,1,0,0,1,0,0,1,0,0,0,1,1",0.5333333333333333,0.6,0.5584821428571429,0.5,0.7142857142857143,0.5882352941176471,0.5446428571428572,0.21658587455749512
"1,1,0,0,1,0,0,1,0,1,0,0,1,0,0,0,1,1,1,1,0",0.5333333333333333,0.6,0.5584821428571429,0.5,0.7142857142857143,0.5882352941176471,0.5446428571428572,0.20378661155700684
"0,0,1,1,0,0,1,0,1,0,0,1,1,1,0,0,1,1,0,1,1",0.5333333333333333,0.6,0.5584821428571429,0.5,0.7142857142857143,0.5882352941176471,0.5446428571428572,0.23163723945617676
"1,1,0,0,1,0,0,1,1,0,0,1,0,1,1,1,0,1,1,0,1",0.5,0.8,0.5582589285714286,0.4,0.14285714285714285,0.21052631578947367,0.4776785714285714,0.19913029670715332
"1,0,1,1,1,0,0,1,0,1,0,0,1,1,1,1,1,0,0,1,1",0.4666666666666667,0.8,0.5582589285714286,0.45,0.6428571428571429,0.5294117647058824,0.47767857142857145,0.21287083625793457
"0,0,0,1,1,1,1,1,0,0,0,1,1,0,0,1,1,1,0,1,0",0.4666666666666667,0.8,0.5582589285714286,0.45,0.6428571428571429,0.5294117647058824,0.47767857142857145,0.2019329071044922
"0,0,1,0,0,0,1,0,0,1,1,1,0,1,1,0,1,1,1,1,1",0.5,0.8,0.5582589285714286,0.4,0.14285714285714285,0.21052631578947367,0.4776785714285714,0.23221039772033691
"0,0,0,1,0,1,0,0,0,0,0,0,1,0,0,0,1,0,0,0,1",0.5666666666666667,0.5,0.5569196428571429,0.5263157894736842,0.7142857142857143,0.6060606060606061,0.5758928571428572,0.1633613109588623
"1,1,1,0,0,1,0,0,1,1,1,1,0,1,0,0,1,1,0,0,0",0.6,0.5,0.5569196428571428,0.75,0.21428571428571427,0.3333333333333333,0.5758928571428571,0.16919183731079102
"1,1,1,0,1,0,1,0,1,1,0,0,1,1,1,1,1,1,1,0,1",0.6,0.5,0.5569196428571428,0.75,0.21428571428571427,0.3333333333333333,0.5758928571428571,0.21038103103637695
"1,0,1,0,1,1,1,0,1,1,1,1,0,1,0,1,0,1,0,0,0",0.5,0.7,0.5566964285714285,0.47368421052631576,0.6428571428571429,0.5454545454545454,0.5089285714285714,0.1628272533416748
"0,1,0,0,1,1,1,0,1,0,0,0,1,0,1,1,1,0,1,0,0",0.5666666666666667,0.6,0.5551339285714285,0.6666666666666666,0.14285714285714285,0.23529411764705882,0.5401785714285714,0.15616846084594727
"0,1,0,1,0,0,1,0,0,1,0,0,0,0,1,0,1,1,1,0,1",0.5666666666666667,0.6,0.5551339285714285,0.6666666666666666,0.14285714285714285,0.23529411764705882,0.5401785714285714,0.22597694396972656
"0,1,1,0,1,1,1,1,0,0,0,1,0,0,0,0,0,1,0,1,1",0.5666666666666667,0.6,0.5551339285714285,0.6666666666666666,0.14285714285714285,0.23529411764705882,0.5401785714285714,0.21612143516540527
"1,0,1,0,0,1,0,0,0,1,0,1,0,0,1,1,1,0,0,0,1",0.5666666666666667,0.6,0.5551339285714285,0.6666666666666666,0.14285714285714285,0.23529411764705882,0.5401785714285714,0.1882343292236328
"1,0,1,1,0,0,1,1,0,1,1,1,0,0,1,1,1,0,1,0,1",0.5666666666666667,0.6,0.5551339285714285,0.6666666666666666,0.14285714285714285,0.23529411764705882,0.5401785714285714,0.23386144638061523
"0,0,0,1,1,1,0,1,0,0,1,1,1,1,1,0,1,1,0,1,0",0.4666666666666667,0.8,0.5549107142857144,0.4444444444444444,0.5714285714285714,0.5,0.4732142857142857,0.2082107067108154
"1,1,1,0,1,0,0,1,1,0,0,1,0,0,0,1,0,0,1,1,0",0.4666666666666667,0.8,0.5549107142857144,0.4444444444444444,0.5714285714285714,0.5,0.4732142857142857,0.1797327995300293
"1,1,1,0,0,1,0,0,0,0,0,1,0,0,0,0,1,0,0,1,0",0.6,0.5,0.5535714285714286,1.0,0.14285714285714285,0.25,0.5714285714285714,0.14524316787719727
"1,1,1,0,0,1,0,0,1,1,1,1,0,0,1,0,0,0,0,0,0",0.6,0.5,0.5535714285714286,1.0,0.1428571428571428,0.25,0.5714285714285714,0.1833009719848632
"0,0,1,1,1,1,0,0,1,1,1,1,1,0,0,0,1,0,1,0,0",0.6,0.5,0.5535714285714286,1.0,0.14285714285714285,0.25,0.5714285714285714,0.1588900089263916
"1,0,1,0,1,1,0,0,0,1,0,1,1,0,1,0,1,0,0,0,0",0.6,0.5,0.5535714285714286,1.0,0.14285714285714285,0.25,0.5714285714285714,0.17884445190429688
"1,1,0,1,0,1,0,0,1,0,0,0,0,0,0,0,1,1,0,0,0",0.6,0.5,0.5535714285714286,1.0,0.14285714285714285,0.25,0.5714285714285714,0.15106630325317383
"1,0,0,1,1,1,0,1,0,0,1,1,1,0,0,1,0,0,1,1,1",0.6,0.5,0.5535714285714286,1.0,0.14285714285714285,0.25,0.5714285714285714,0.20918750762939453
"0,0,0,0,0,0,1,1,1,0,1,0,1,0,1,1,1,1,1,0,0",0.6,0.5,0.5535714285714286,1.0,0.14285714285714285,0.25,0.5714285714285714,0.17808866500854492
"0,1,0,1,1,1,0,1,1,0,0,1,1,0,1,1,1,0,0,1,1",0.6,0.5,0.5535714285714286,1.0,0.14285714285714285,0.25,0.5714285714285714,0.22618389129638672
"1,1,0,0,1,1,0,0,0,0,0,0,1,1,0,0,1,1,1,0,0",0.6,0.5,0.5535714285714286,1.0,0.14285714285714285,0.25,0.5714285714285714,0.17245936393737793
"1,1,0,0,1,0,0,1,0,1,0,1,0,0,0,0,0,1,0,1,0",0.6,0.5,0.5535714285714286,1.0,0.14285714285714285,0.25,0.5714285714285714,0.18689918518066406
"0,0,1,1,1,1,1,0,1,1,1,1,0,1,0,1,0,0,0,0,0",0.6,0.5,0.5535714285714286,1.0,0.14285714285714285,0.25,0.5714285714285714,0.15189361572265625
"0,0,1,0,0,0,0,0,1,0,0,1,1,1,0,0,0,0,1,1,0",0.5,0.7,0.5533482142857142,0.47058823529411764,0.5714285714285714,0.5161290322580645,0.5044642857142857,0.16555356979370117
"1,0,1,1,1,0,0,0,0,1,0,1,1,1,0,0,1,1,1,1,0",0.5,0.7,0.5533482142857142,0.47058823529411764,0.5714285714285714,0.5161290322580645,0.5044642857142857,0.17658472061157227
"0,1,0,0,0,0,1,0,1,0,0,0,0,0,0,1,0,0,1,1,0",0.5,0.7,0.5533482142857142,0.47058823529411764,0.5714285714285714,0.5161290322580645,0.5044642857142857,0.16083335876464844
"0,1,0,1,1,0,1,0,1,0,1,1,1,0,0,0,0,1,0,1,1",0.5333333333333333,0.7,0.5533482142857142,0.5,0.07142857142857142,0.125,0.5044642857142857,0.21802639961242676
"0,0,1,1,0,1,1,1,0,0,0,0,1,0,0,1,1,1,0,1,0",0.5333333333333333,0.7,0.5533482142857142,0.5,0.07142857142857142,0.125,0.5044642857142857,0.20717096328735352
"1,1,1,1,0,0,1,0,0,0,1,0,0,1,1,0,0,0,0,0,1",0.5,0.7,0.5533482142857142,0.47058823529411764,0.5714285714285714,0.5161290322580645,0.5044642857142857,0.18670892715454102
"1,0,1,1,0,0,1,1,1,1,0,1,1,1,0,0,1,0,0,1,0",0.5,0.7,0.5533482142857142,0.47058823529411764,0.5714285714285714,0.5161290322580645,0.5044642857142857,0.18810701370239258
"0,1,0,0,0,0,0,0,1,0,0,0,0,0,0,1,1,0,1,1,1",0.5333333333333333,0.6,0.5517857142857143,0.5,0.5714285714285714,0.5333333333333333,0.5357142857142857,0.18284964561462402
"0,1,0,0,0,0,1,0,0,0,1,0,1,0,0,0,0,1,0,1,1",0.5666666666666667,0.6,0.5517857142857143,1.0,0.07142857142857142,0.13333333333333333,0.5357142857142857,0.20703625679016113
"0,1,0,0,0,0,0,1,1,0,1,1,1,0,0,1,0,0,1,0,0",0.5333333333333333,0.6,0.5517857142857143,0.5,0.5714285714285714,0.5333333333333333,0.5357142857142857,0.1452805995941162
"0,0,0,0,0,0,0,0,1,0,0,1,1,1,1,0,1,0,0,0,0",0.5333333333333333,0.6,0.5517857142857143,0.5,0.5714285714285714,0.5333333333333333,0.5357142857142857,0.13969016075134277
"0,0,0,1,1,0,1,1,1,0,0,1,0,0,1,0,0,0,1,1,1",0.5666666666666667,0.6,0.5517857142857143,1.0,0.07142857142857142,0.13333333333333333,0.5357142857142857,0.20384478569030762
"1,0,0,0,1,1,0,0,0,1,1,0,1,1,0,1,0,1,1,1,1",0.5333333333333333,0.6,0.5517857142857143,0.5,0.5714285714285714,0.5333333333333333,0.5357142857142857,0.18992924690246582
"1,1,0,0,1,0,0,1,0,0,1,1,0,0,1,0,0,1,1,1,0",0.5666666666666667,0.5,0.5502232142857143,0.5333333333333333,0.5714285714285714,0.5517241379310345,0.5669642857142857,0.18073701858520508
"1,0,1,0,0,1,0,1,1,1,0,1,1,0,1,1,1,0,1,1,0",0.5,0.7,0.55,0.4666666666666667,0.5,0.4827586206896552,0.5,0.21512103080749512
"1,0,0,0,1,1,1,1,1,0,0,1,0,0,0,1,1,1,1,0,1",0.5,0.7,0.55,0.4666666666666667,0.5,0.4827586206896552,0.5,0.19356107711791992
"0,1,0,1,0,1,1,1,1,1,0,0,0,0,0,1,1,1,1,1,0",0.5,0.7,0.55,0.4666666666666667,0.5,0.4827586206896552,0.5,0.19333648681640625
"1,1,1,0,1,0,0,0,1,0,0,1,1,1,0,0,0,0,1,1,0",0.43333333333333335,0.9,0.5497767857142857,0.4,0.42857142857142855,0.41379310344827586,0.4330357142857143,0.16637539863586426
"0,0,0,0,0,1,1,0,1,1,0,1,0,1,1,0,1,0,1,0,0",0.5333333333333333,0.6,0.5484375,0.5,0.5,0.5,0.53125,0.17844271659851074
"0,0,0,0,0,1,1,0,1,0,0,1,1,1,1,0,1,0,0,0,0",0.5333333333333333,0.6,0.5484375,0.5,0.5,0.5,0.53125,0.15978717803955078
"0,0,0,1,1,0,0,0,1,0,0,1,1,1,0,0,0,0,1,0,1",0.5,0.6,0.5484375,0.4827586206896552,1.0,0.6511627906976745,0.53125,0.22463107109069824
"0,1,1,1,1,0,0,1,1,0,0,1,0,1,1,0,0,1,1,0,0",0.5333333333333333,0.6,0.5484375,0.5,0.5,0.5,0.53125,0.1828305721282959
"0,1,1,1,1,0,0,1,1,0,0,1,0,1,1,1,0,1,0,0,0",0.5333333333333333,0.6,0.5484375,0.5,0.5,0.5,0.53125,0.17822718620300293
"1,0,1,1,1,0,1,1,1,1,0,0,1,0,0,1,1,0,1,1,0",0.5,0.6,0.5484375,0.4827586206896552,1.0,0.6511627906976745,0.53125,0.2091968059539795
"1,0,0,1,1,1,0,1,0,0,1,1,1,1,0,0,1,1,0,0,0",0.5,0.6,0.5484375,0.4827586206896552,1.0,0.6511627906976745,0.53125,0.1930708885192871
"0,0,1,1,0,1,0,1,0,0,0,1,1,1,0,1,0,1,1,0,0",0.5333333333333333,0.6,0.5484375,0.5,0.5,0.5,0.53125,0.16768193244934082
"1,0,0,0,0,1,0,1,1,0,1,0,0,0,0,0,0,0,1,0,1",0.5333333333333333,0.6,0.5484375,0.5,0.5,0.5,0.53125,0.1711127758026123
"1,0,1,1,0,0,0,1,0,1,0,0,1,0,0,0,0,0,1,1,0",0.4666666666666667,0.8,0.5482142857142858,0.42857142857142855,0.42857142857142855,0.42857142857142855,0.4642857142857143,0.19287586212158203
"0,0,1,0,0,0,0,1,0,1,1,1,0,0,0,1,1,0,0,0,0",0.5333333333333333,0.5,0.546875,0.5,1.0,0.6666666666666666,0.5625,0.16048693656921387
"0,1,1,1,1,0,0,1,1,0,0,1,0,1,0,0,1,1,0,0,0",0.5666666666666667,0.5,0.546875,0.5384615384615384,0.5,0.5185185185185185,0.5625,0.1981642246246338
"0,1,1,1,1,0,0,1,1,0,0,1,0,0,0,0,1,1,0,0,0",0.5666666666666667,0.5,0.546875,0.5384615384615384,0.5,0.5185185185185185,0.5625,0.20472240447998047
"1,1,1,0,0,1,0,0,1,1,1,1,0,0,0,1,0,0,1,1,1",0.5333333333333333,0.5,0.546875,0.5,1.0,0.6666666666666666,0.5625,0.21036934852600098
"0,0,0,0,1,1,0,0,0,1,0,0,0,1,0,1,0,1,0,0,1",0.5333333333333333,0.5,0.546875,0.5,1.0,0.6666666666666666,0.5625,0.22900605201721191
"0,1,1,1,0,1,1,0,1,1,0,0,1,1,0,0,0,0,1,0,1",0.5666666666666667,0.5,0.546875,0.5384615384615384,0.5,0.5185185185185185,0.5625,0.20571064949035645
"1,1,1,1,1,0,1,0,0,1,0,1,0,0,0,1,0,1,1,0,1",0.5333333333333333,0.5,0.546875,0.5,1.0,0.6666666666666666,0.5625,0.23653888702392578
"0,0,1,1,1,1,1,0,1,0,1,0,0,0,0,0,0,1,1,0,1",0.5333333333333333,0.5,0.546875,0.5,1.0,0.6666666666666666,0.5625,0.19768834114074707
"0,0,1,0,0,1,0,0,1,1,0,0,0,0,0,0,1,1,1,0,1",0.5333333333333333,0.5,0.546875,0.5,1.0,0.6666666666666666,0.5625,0.20329785346984863
"1,0,0,0,0,1,1,1,1,0,0,1,0,0,0,0,0,0,0,1,0",0.5333333333333333,0.5,0.546875,0.5,1.0,0.6666666666666666,0.5625,0.16133546829223633
"0,0,0,0,0,1,0,0,1,0,0,0,1,0,0,1,1,1,0,1,1",0.5333333333333333,0.5,0.546875,0.5,1.0,0.6666666666666666,0.5625,0.2295219898223877
"0,1,1,1,1,0,0,1,1,0,0,1,0,1,0,1,1,1,0,0,0",0.5666666666666667,0.5,0.546875,0.5384615384615384,0.5,0.5185185185185185,0.5625,0.19420337677001953
"1,1,1,0,1,1,0,1,0,1,1,1,1,1,1,1,1,1,0,0,1",0.4666666666666667,0.7,0.5466517857142856,0.4642857142857143,0.9285714285714286,0.6190476190476191,0.4955357142857143,0.18358588218688965
"0,0,1,0,0,1,1,1,1,0,0,1,1,1,1,1,0,0,0,1,0",0.5,0.7,0.5466517857142856,0.46153846153846156,0.42857142857142855,0.4444444444444444,0.4955357142857143,0.20581603050231934
"1,1,0,0,0,0,1,1,0,0,0,1,0,0,0,1,0,1,0,1,0",0.4666666666666667,0.7,0.5466517857142856,0.4642857142857143,0.9285714285714286,0.6190476190476191,0.4955357142857143,0.19079256057739258
"0,1,0,0,1,0,1,1,0,1,0,1,1,0,0,0,0,1,1,1,1",0.5,0.7,0.5466517857142856,0.46153846153846156,0.42857142857142855,0.4444444444444444,0.4955357142857143,0.21072793006896973
"1,0,0,1,1,0,0,0,1,1,0,1,0,0,0,1,0,0,1,1,0",0.5333333333333333,0.6,0.5450892857142857,0.5,0.42857142857142855,0.46153846153846156,0.5267857142857143,0.17359685897827148
"0,1,1,0,1,1,0,0,1,1,1,1,0,1,1,1,0,0,0,0,0",0.5333333333333333,0.6,0.5450892857142857,0.5,0.42857142857142855,0.46153846153846156,0.5267857142857143,0.1821577548980713
"1,1,0,0,1,0,1,1,0,1,0,1,1,0,0,0,1,1,0,0,0",0.5,0.6,0.5450892857142857,0.48148148148148145,0.9285714285714286,0.6341463414634146,0.5267857142857143,0.18184518814086914
"1,0,0,1,0,1,0,1,1,1,1,1,1,1,1,1,1,0,1,0,0",0.5,0.6,0.5450892857142857,0.48148148148148145,0.9285714285714286,0.6341463414634146,0.5267857142857143,0.1578381061553955
"0,1,0,1,1,1,1,1,0,0,0,0,0,1,1,1,1,1,0,1,0",0.5333333333333333,0.6,0.5450892857142857,0.5,0.42857142857142855,0.46153846153846156,0.5267857142857143,0.20262980461120605
"0,1,1,0,0,1,0,0,0,0,0,0,0,0,0,0,1,1,1,1,0",0.43333333333333335,0.8,0.5448660714285714,0.4444444444444444,0.8571428571428571,0.5853658536585366,0.45982142857142855,0.18700122833251953
"0,1,1,1,1,0,0,0,1,0,0,0,0,0,0,1,1,1,0,0,1",0.5333333333333333,0.5,0.5435267857142857,0.5,0.9285714285714286,0.65,0.5580357142857143,0.17936062812805176
"1,0,0,1,1,1,1,0,0,1,1,1,0,0,0,0,1,1,0,0,1",0.5666666666666667,0.5,0.5435267857142857,0.5454545454545454,0.42857142857142855,0.48,0.5580357142857143,0.18428611755371094
"0,1,1,0,1,0,0,0,0,0,0,0,1,0,1,1,0,1,1,1,0",0.5333333333333333,0.5,0.5435267857142857,0.5,0.9285714285714286,0.65,0.5580357142857143,0.16830062866210938
"0,1,0,0,0,1,1,1,0,1,1,0,1,1,1,0,0,0,1,1,1",0.5666666666666667,0.5,0.5435267857142857,0.5454545454545454,0.42857142857142855,0.48,0.5580357142857143,0.1875019073486328
"1,0,0,1,1,0,0,0,1,1,0,1,1,1,0,1,1,0,1,1,1",0.4666666666666667,0.7,0.5433035714285714,0.46153846153846156,0.8571428571428571,0.6,0.49107142857142855,0.2211439609527588
"1,1,0,0,0,1,0,1,0,1,0,1,1,0,0,1,0,0,1,1,1",0.5,0.7,0.5433035714285714,0.45454545454545453,0.35714285714285715,0.4,0.4910714285714286,0.20812177658081055
"0,0,0,1,1,0,1,1,1,0,0,0,0,1,0,1,0,1,1,0,0",0.5,0.7,0.5433035714285714,0.45454545454545453,0.35714285714285715,0.4,0.4910714285714286,0.15276193618774414
"1,0,0,1,0,1,1,0,0,0,1,1,0,0,0,1,1,0,1,1,1",0.4666666666666667,0.7,0.5433035714285714,0.46153846153846156,0.8571428571428571,0.6,0.49107142857142855,0.20435571670532227
"1,1,0,1,1,0,0,1,1,1,1,0,1,1,1,0,0,0,0,0,1",0.5,0.7,0.5433035714285714,0.45454545454545453,0.35714285714285715,0.4,0.4910714285714286,0.19661426544189453
"0,1,1,1,1,1,1,1,1,0,0,1,1,1,0,0,1,1,0,0,0",0.4666666666666667,0.7,0.5433035714285714,0.46153846153846156,0.8571428571428571,0.6,0.49107142857142855,0.200408935546875
"0,1,0,0,1,1,0,0,1,1,1,1,0,1,0,0,1,1,0,0,0",0.4666666666666667,0.7,0.5433035714285714,0.46153846153846156,0.8571428571428571,0.6,0.49107142857142855,0.19113492965698242
"1,0,0,1,0,1,0,0,1,1,1,0,0,1,1,0,1,1,1,0,0",0.4666666666666667,0.7,0.5433035714285714,0.46153846153846156,0.8571428571428571,0.6,0.49107142857142855,0.19985389709472656
"1,0,1,0,0,1,0,1,1,0,0,1,1,1,1,0,0,1,1,1,1",0.6,0.4,0.5419642857142857,0.6,0.42857142857142855,0.5,0.5892857142857143,0.18809986114501953
"1,0,0,1,1,0,0,0,1,1,0,1,0,1,1,0,1,1,0,0,1",0.5333333333333333,0.6,0.5417410714285715,0.5,0.35714285714285715,0.4166666666666667,0.5223214285714286,0.19260621070861816
"0,1,0,0,1,1,0,0,0,1,0,1,1,1,0,1,0,0,0,1,0",0.5333333333333333,0.6,0.5417410714285715,0.5,0.35714285714285715,0.4166666666666667,0.5223214285714286,0.18089580535888672
"1,0,0,1,0,0,1,0,1,0,1,0,0,0,1,1,1,0,0,1,0",0.5,0.6,0.5417410714285715,0.48,0.8571428571428571,0.6153846153846154,0.5223214285714286,0.20983362197875977
"1,0,0,1,1,0,0,0,0,0,1,0,1,1,1,0,0,1,1,1,1",0.5,0.6,0.5417410714285714,0.48,0.8571428571428571,0.6153846153846154,0.5223214285714286,0.20744967460632324
"0,1,0,0,0,0,0,0,1,1,1,0,0,1,0,1,1,1,0,1,1",0.4,1.0,0.5412946428571428,0.3,0.21428571428571427,0.25,0.38839285714285715,0.20415282249450684
"0,1,0,1,0,0,0,1,0,1,0,1,1,0,0,0,0,1,1,0,1",0.5666666666666667,0.5,0.5401785714285714,0.5555555555555556,0.35714285714285715,0.43478260869565216,0.5535714285714286,0.2242891788482666
"0,0,0,0,1,0,1,1,0,0,1,0,0,0,0,0,1,1,1,0,1",0.5666666666666667,0.5,0.5401785714285714,0.5555555555555556,0.35714285714285715,0.43478260869565216,0.5535714285714286,0.1931319236755371
"0,1,0,1,1,0,0,1,0,0,1,1,0,1,1,0,0,0,1,0,0",0.5333333333333333,0.5,0.5401785714285714,0.5,0.8571428571428571,0.631578947368421,0.5535714285714286,0.18740582466125488
"0,0,1,0,1,0,1,1,1,0,0,0,0,0,0,0,1,1,0,0,0",0.5,0.7,0.5399553571428571,0.4444444444444444,0.2857142857142857,0.34782608695652173,0.48660714285714285,0.1551053524017334
"0,0,1,0,1,0,0,1,1,0,0,0,1,1,0,1,0,1,1,0,0",0.5,0.7,0.5399553571428571,0.4444444444444444,0.2857142857142857,0.34782608695652173,0.48660714285714285,0.198136568069458
"0,1,0,1,1,0,0,1,1,0,0,1,0,1,1,1,0,1,0,0,1",0.5,0.7,0.5399553571428571,0.4444444444444444,0.2857142857142857,0.34782608695652173,0.48660714285714285,0.21159958839416504
"0,0,1,0,1,0,0,1,1,1,0,0,0,1,0,1,0,1,1,0,0",0.5,0.7,0.5399553571428571,0.4444444444444444,0.2857142857142857,0.34782608695652173,0.48660714285714285,0.17119860649108887
"1,1,1,1,0,0,1,0,1,0,0,0,0,1,1,1,1,0,1,1,1",0.5,0.7,0.5399553571428571,0.4444444444444444,0.2857142857142857,0.34782608695652173,0.48660714285714285,0.21773338317871094
"1,1,1,0,1,1,1,1,0,0,1,0,0,1,1,0,1,1,0,1,1",0.4666666666666667,0.7,0.5399553571428571,0.4583333333333333,0.7857142857142857,0.5789473684210527,0.48660714285714285,0.2087385654449463
"0,1,0,1,1,0,0,1,1,1,1,0,0,0,0,0,1,1,0,0,1",0.5,0.7,0.5399553571428571,0.4444444444444444,0.2857142857142857,0.34782608695652173,0.48660714285714285,0.1988368034362793
"0,1,1,1,0,0,1,0,0,0,1,0,0,1,0,1,0,1,0,1,1",0.4666666666666667,0.7,0.5399553571428571,0.4583333333333333,0.7857142857142857,0.5789473684210527,0.4866071428571428,0.2320494651794433
"0,1,0,1,1,0,0,1,0,0,0,0,0,1,1,1,0,1,1,1,0",0.6,0.4,0.5386160714285715,0.625,0.35714285714285715,0.45454545454545453,0.5848214285714286,0.18426179885864258
"0,0,1,0,1,1,0,1,0,0,0,0,0,1,0,1,1,0,0,0,0",0.5666666666666667,0.4,0.5386160714285715,0.5217391304347826,0.8571428571428571,0.6486486486486487,0.5848214285714286,0.15666842460632324
"1,0,1,0,0,1,0,1,0,1,0,0,1,0,0,0,1,0,1,0,0",0.5666666666666667,0.4,0.5386160714285715,0.5217391304347826,0.8571428571428571,0.6486486486486487,0.5848214285714286,0.14601755142211914
"1,0,0,1,0,1,1,1,1,1,0,1,0,0,0,0,0,0,1,0,0",0.5666666666666667,0.4,0.5386160714285715,0.5217391304347826,0.8571428571428571,0.6486486486486487,0.5848214285714286,0.1428825855255127
"0,0,0,1,1,0,0,0,1,1,0,1,1,1,1,0,0,1,0,0,1",0.5666666666666667,0.4,0.5386160714285715,0.5217391304347826,0.8571428571428571,0.6486486486486487,0.5848214285714286,0.17414116859436035
"0,0,1,1,0,1,0,0,1,1,0,0,1,0,0,0,0,0,0,0,0",0.5666666666666667,0.4,0.5386160714285715,0.5217391304347826,0.8571428571428571,0.6486486486486487,0.5848214285714286,0.1445469856262207
"0,0,0,0,0,0,1,0,0,1,1,0,1,0,0,0,1,0,0,0,0",0.5666666666666667,0.4,0.5386160714285715,0.5217391304347826,0.8571428571428571,0.6486486486486487,0.5848214285714286,0.1400001049041748
"0,1,0,1,0,1,0,1,0,1,0,1,1,0,0,1,1,0,0,0,0",0.5666666666666667,0.4,0.5386160714285715,0.5217391304347826,0.8571428571428571,0.6486486486486487,0.5848214285714286,0.14802217483520508
"0,0,1,0,1,1,1,1,1,0,0,1,0,0,0,1,0,0,1,0,0",0.5666666666666667,0.4,0.5386160714285715,0.5217391304347826,0.8571428571428571,0.6486486486486487,0.5848214285714286,0.15800809860229492
"0,1,0,1,0,1,1,1,0,0,0,0,0,0,0,1,1,0,0,0,0",0.5666666666666667,0.4,0.5386160714285715,0.5217391304347826,0.8571428571428571,0.6486486486486487,0.5848214285714286,0.14693760871887207
"0,0,0,0,1,0,0,0,1,0,0,0,1,1,1,0,1,0,1,0,1",0.5333333333333333,0.6,0.5383928571428571,0.5,0.2857142857142857,0.36363636363636365,0.5178571428571428,0.23543596267700195
"0,0,0,1,1,0,0,1,0,1,0,0,1,1,0,1,0,0,0,1,1",0.5,0.6,0.5383928571428571,0.4782608695652174,0.7857142857142857,0.5945945945945946,0.5178571428571428,0.22368741035461426
"0,1,0,0,0,1,0,0,1,0,0,0,1,1,1,0,1,1,0,1,1",0.5,0.6,0.5383928571428571,0.4782608695652174,0.7857142857142857,0.5945945945945946,0.5178571428571428,0.2096996307373047
"0,1,0,1,0,0,0,0,1,0,0,0,0,0,0,0,1,1,1,1,0",0.5,0.6,0.5383928571428571,0.4782608695652174,0.7857142857142857,0.5945945945945946,0.5178571428571428,0.19166159629821777
"1,1,1,0,0,1,0,0,0,0,0,0,0,1,0,0,1,1,1,1,1",0.5333333333333333,0.6,0.5383928571428571,0.5,0.2857142857142857,0.36363636363636365,0.5178571428571428,0.19912195205688477
"0,1,0,1,0,0,1,1,0,1,0,1,1,0,0,0,0,1,0,0,1",0.5333333333333333,0.6,0.5383928571428571,0.5,0.2857142857142857,0.36363636363636365,0.5178571428571428,0.1839430332183838
"1,1,0,1,0,0,0,0,0,0,0,0,1,0,1,1,0,1,0,0,0",0.5333333333333333,0.6,0.5383928571428571,0.5,0.2857142857142857,0.36363636363636365,0.5178571428571428,0.16815924644470215
"1,1,0,1,0,1,1,0,1,1,1,1,0,1,0,1,0,1,0,1,0",0.5,0.6,0.5383928571428571,0.4782608695652174,0.7857142857142857,0.5945945945945946,0.5178571428571428,0.17934298515319824
"0,1,0,1,0,0,0,0,1,0,0,0,0,0,0,0,1,1,0,1,0",0.5,0.6,0.5383928571428571,0.4782608695652174,0.7857142857142857,0.5945945945945946,0.5178571428571428,0.16772770881652832
"1,1,0,0,0,1,1,0,0,0,1,1,0,1,1,0,1,0,1,1,1",0.5,0.6,0.5383928571428571,0.4782608695652174,0.7857142857142857,0.5945945945945946,0.5178571428571428,0.21991777420043945
"1,0,1,1,1,0,0,1,0,1,0,1,0,1,1,0,1,0,0,0,1",0.4666666666666667,0.8,0.5381696428571429,0.375,0.21428571428571427,0.2727272727272727,0.45089285714285715,0.22841382026672363
"0,0,0,0,1,0,0,1,1,1,1,0,0,1,1,1,1,1,0,0,0",0.4666666666666667,0.8,0.5381696428571429,0.375,0.21428571428571427,0.2727272727272727,0.45089285714285715,0.16330814361572266
"0,0,1,1,1,1,0,0,1,1,0,0,0,1,1,1,1,1,0,0,0",0.5666666666666667,0.5,0.5368303571428571,0.5714285714285714,0.2857142857142857,0.38095238095238093,0.5491071428571428,0.1668260097503662
"1,0,0,1,1,0,0,0,1,1,0,1,1,1,1,0,1,0,1,0,1",0.5333333333333333,0.5,0.5368303571428571,0.5,0.7857142857142857,0.6111111111111112,0.5491071428571428,0.20434260368347168
"0,0,1,0,1,1,0,0,0,0,0,1,0,0,1,0,0,0,0,1,0",0.5333333333333333,0.5,0.5368303571428571,0.5,0.7857142857142857,0.6111111111111112,0.5491071428571428,0.1975095272064209
"0,0,0,0,1,1,0,1,1,0,0,1,1,1,1,0,1,1,1,0,0",0.5333333333333333,0.5,0.5368303571428571,0.5,0.7857142857142857,0.6111111111111112,0.5491071428571428,0.20192241668701172
"1,0,0,1,0,1,0,1,0,1,1,0,1,0,0,0,1,1,0,0,0",0.4666666666666667,0.7,0.5366071428571428,0.45454545454545453,0.7142857142857143,0.5555555555555556,0.48214285714285715,0.16890406608581543
"0,0,0,1,0,0,0,0,1,1,0,0,1,1,1,1,0,0,0,0,1",0.4666666666666667,0.7,0.5366071428571428,0.45454545454545453,0.7142857142857143,0.5555555555555556,0.48214285714285715,0.16915559768676758
"0,1,0,0,1,0,1,1,0,1,0,1,1,0,0,0,0,1,0,0,1",0.5,0.7,0.5366071428571428,0.42857142857142855,0.21428571428571427,0.2857142857142857,0.48214285714285715,0.22472691535949707
"1,0,0,0,1,1,0,1,1,1,1,0,1,0,0,0,0,1,0,0,0",0.4666666666666667,0.7,0.5366071428571428,0.45454545454545453,0.7142857142857143,0.5555555555555556,0.48214285714285715,0.18883585929870605
"0,0,1,0,0,0,1,1,0,1,0,1,0,0,0,1,1,1,0,1,0",0.4666666666666667,0.7,0.5366071428571428,0.45454545454545453,0.7142857142857143,0.5555555555555556,0.48214285714285715,0.20246362686157227
"0,0,0,1,1,0,0,0,1,1,0,1,1,1,1,0,0,1,1,1,0",0.5,0.7,0.5366071428571428,0.42857142857142855,0.21428571428571427,0.2857142857142857,0.48214285714285715,0.20400142669677734
"0,1,1,1,1,1,0,1,1,0,1,0,1,1,1,0,1,0,1,0,0",0.4,0.9,0.5363839285714286,0.4090909090909091,0.6428571428571429,0.5,0.41517857142857145,0.1927173137664795
"0,0,1,0,0,0,1,1,1,0,0,0,1,0,0,1,0,1,1,1,1",0.6,0.4,0.5352678571428571,0.6666666666666666,0.2857142857142857,0.4,0.5803571428571428,0.21387362480163574
"0,0,1,0,1,0,0,1,0,0,0,1,1,1,1,0,0,0,0,1,1",0.5666666666666667,0.4,0.5352678571428571,0.5238095238095238,0.7857142857142857,0.6285714285714286,0.5803571428571428,0.2127549648284912
"1,1,1,1,1,0,0,1,0,1,0,1,0,1,0,1,1,1,0,1,0",0.5666666666666667,0.4,0.5352678571428571,0.5238095238095238,0.7857142857142857,0.6285714285714286,0.5803571428571428,0.2173924446105957
"0,1,1,0,0,0,0,1,1,1,1,0,0,1,0,0,0,0,0,0,0",0.5,0.6,0.5350446428571429,0.47619047619047616,0.7142857142857143,0.5714285714285714,0.5133928571428572,0.16775178909301758
"0,0,0,1,0,0,0,1,0,0,1,0,0,1,1,0,0,0,0,0,0",0.5,0.6,0.5350446428571429,0.47619047619047616,0.7142857142857143,0.5714285714285714,0.5133928571428572,0.15651512145996094
"0,0,1,0,0,1,1,0,1,1,1,1,1,0,1,0,0,0,0,0,0",0.5,0.6,0.5350446428571429,0.47619047619047616,0.7142857142857143,0.5714285714285714,0.5133928571428572,0.1927177906036377
"1,0,0,0,0,0,0,0,0,1,0,1,1,0,1,0,0,0,0,0,0",0.5,0.6,0.5350446428571429,0.47619047619047616,0.7142857142857143,0.5714285714285714,0.5133928571428572,0.15671086311340332
"1,0,0,0,0,0,0,0,0,0,1,1,1,1,0,1,0,0,0,0,0",0.5333333333333333,0.6,0.5350446428571428,0.5,0.21428571428571427,0.3,0.5133928571428571,0.16430306434631348
"1,0,1,0,1,0,0,0,1,0,1,1,0,1,0,1,0,1,1,1,0",0.5333333333333333,0.6,0.5350446428571428,0.5,0.21428571428571427,0.3,0.5133928571428571,0.22271037101745605
"1,0,0,1,0,0,0,1,1,1,0,1,1,0,1,1,1,0,0,0,1",0.5333333333333333,0.6,0.5350446428571428,0.5,0.21428571428571427,0.3,0.5133928571428571,0.1992802619934082
"1,0,0,1,0,0,1,1,0,1,1,0,0,0,1,0,0,0,1,1,0",0.5333333333333333,0.6,0.5350446428571428,0.5,0.21428571428571427,0.3,0.5133928571428571,0.19230055809020996
"0,0,1,1,0,0,0,1,1,1,1,1,0,0,0,1,1,1,0,0,1",0.5333333333333333,0.6,0.5350446428571428,0.5,0.21428571428571427,0.3,0.5133928571428571,0.18206167221069336
"1,0,0,1,0,0,1,0,0,1,0,1,0,1,1,1,1,1,1,1,1",0.5333333333333333,0.6,0.5350446428571428,0.5,0.21428571428571427,0.3,0.5133928571428571,0.20639824867248535
"1,0,1,0,1,0,1,1,0,0,1,1,1,1,1,1,1,0,1,1,1",0.5333333333333333,0.6,0.5350446428571428,0.5,0.21428571428571427,0.3,0.5133928571428571,0.21138715744018555
"1,0,1,1,1,0,1,1,0,0,1,1,1,1,0,1,1,1,0,0,1",0.5333333333333333,0.6,0.5350446428571428,0.5,0.21428571428571427,0.3,0.5133928571428571,0.2068006992340088
"1,0,1,0,0,0,0,0,1,1,1,1,1,0,0,0,1,1,0,0,1",0.5333333333333333,0.6,0.5350446428571428,0.5,0.21428571428571427,0.3,0.5133928571428571,0.1980736255645752
"0,1,0,1,0,1,1,1,1,1,1,1,1,1,1,0,1,0,0,0,1",0.5333333333333333,0.6,0.5350446428571428,0.5,0.21428571428571427,0.3,0.5133928571428571,0.17871713638305664
"0,0,1,0,0,1,1,1,1,0,0,1,0,1,0,1,0,1,1,1,0",0.5333333333333333,0.6,0.5350446428571428,0.5,0.21428571428571427,0.3,0.5133928571428571,0.19737982749938965
"1,0,0,1,0,0,1,0,0,1,0,0,1,1,0,0,0,1,1,0,1",0.4666666666666667,0.8,0.5348214285714286,0.3333333333333333,0.14285714285714285,0.2,0.4464285714285714,0.20671987533569336
"0,0,1,1,1,0,1,1,0,1,0,1,1,0,0,0,0,1,0,0,1",0.43333333333333335,0.8,0.5348214285714286,0.42857142857142855,0.6428571428571429,0.5142857142857142,0.44642857142857145,0.19939184188842773
"0,0,1,1,1,0,0,1,0,1,1,1,0,1,1,1,0,0,0,0,1",0.43333333333333335,0.8,0.5348214285714286,0.42857142857142855,0.6428571428571429,0.5142857142857142,0.44642857142857145,0.19603371620178223
"1,1,0,0,0,0,0,0,1,1,0,0,1,1,0,0,0,0,0,0,1",0.6333333333333333,0.3,0.533705357142857,0.8,0.2857142857142857,0.42105263157894735,0.6116071428571428,0.16241860389709473
"1,0,1,1,0,0,0,0,1,1,1,0,1,0,0,0,0,1,1,1,0",0.5333333333333333,0.5,0.5334821428571429,0.5,0.7142857142857143,0.5882352941176471,0.5446428571428572,0.1888432502746582
"0,0,0,0,1,0,0,0,0,0,0,1,1,1,0,0,1,0,1,1,1",0.5333333333333333,0.5,0.5334821428571429,0.5,0.7142857142857143,0.5882352941176471,0.5446428571428572,0.1943058967590332
"1,0,0,0,0,0,1,1,1,0,0,0,1,0,1,0,1,0,1,1,0",0.5333333333333333,0.5,0.5334821428571429,0.5,0.7142857142857143,0.5882352941176471,0.5446428571428572,0.19318914413452148
"1,1,1,0,0,0,0,1,1,0,0,1,0,0,0,1,1,1,0,0,0",0.5333333333333333,0.5,0.5334821428571429,0.5,0.7142857142857143,0.5882352941176471,0.5446428571428572,0.19095873832702637
"0,1,1,0,1,0,0,1,1,0,1,0,1,0,0,1,0,0,1,1,1",0.5333333333333333,0.5,0.5334821428571429,0.5,0.7142857142857143,0.5882352941176471,0.5446428571428572,0.2283313274383545
"0,1,1,1,1,0,0,1,0,0,0,1,1,1,1,1,0,0,1,0,0",0.5666666666666667,0.5,0.5334821428571428,0.6,0.21428571428571427,0.3157894736842105,0.5446428571428571,0.14358234405517578
"0,1,0,1,0,0,0,0,1,0,0,0,0,0,0,0,1,0,1,1,0",0.5666666666666667,0.5,0.5334821428571428,0.6,0.21428571428571427,0.3157894736842105,0.5446428571428571,0.173753023147583
"0,1,0,1,0,0,0,1,1,0,0,1,1,1,1,0,1,0,0,0,0",0.5666666666666667,0.5,0.5334821428571428,0.6,0.21428571428571427,0.3157894736842105,0.5446428571428571,0.1580638885498047
"1,0,1,0,0,1,0,0,0,0,0,1,1,0,1,1,1,0,0,1,0",0.5666666666666667,0.5,0.5334821428571428,0.6,0.21428571428571427,0.3157894736842105,0.5446428571428571,0.18351507186889648
"0,1,0,0,1,0,0,1,0,1,0,1,1,1,1,1,1,1,1,1,1",0.5666666666666667,0.5,0.5334821428571428,0.6,0.21428571428571427,0.3157894736842105,0.5446428571428571,0.23046588897705078
"0,1,0,0,0,0,0,1,1,0,0,1,1,1,1,0,1,0,0,0,0",0.5666666666666667,0.5,0.5334821428571428,0.6,0.21428571428571427,0.3157894736842105,0.5446428571428571,0.15209722518920898
"0,0,0,1,1,0,0,0,1,1,0,1,1,1,1,0,1,0,1,0,1",0.5666666666666667,0.5,0.5334821428571428,0.6,0.21428571428571427,0.3157894736842105,0.5446428571428571,0.2345409393310547
"1,1,0,0,0,0,0,1,1,1,1,1,0,1,0,1,0,0,0,0,0",0.5666666666666667,0.5,0.5334821428571428,0.6,0.21428571428571427,0.3157894736842105,0.5446428571428571,0.16051578521728516
"0,1,1,0,0,1,0,0,1,1,1,1,0,0,1,0,0,0,0,0,0",0.5666666666666667,0.5,0.5334821428571428,0.6,0.21428571428571427,0.3157894736842105,0.5446428571428571,0.1535482406616211
"0,0,0,1,1,0,0,0,0,1,0,1,0,1,0,0,1,0,1,1,0",0.5666666666666667,0.5,0.5334821428571428,0.6,0.21428571428571427,0.3157894736842105,0.5446428571428571,0.1735210418701172
"1,1,0,0,1,1,0,1,1,1,0,0,1,1,1,0,1,0,1,1,0",0.5666666666666667,0.5,0.5334821428571428,0.6,0.21428571428571427,0.3157894736842105,0.5446428571428571,0.16913056373596191
"1,0,1,0,0,0,1,0,1,0,0,0,0,0,0,0,1,0,1,0,1",0.5666666666666667,0.5,0.5334821428571428,0.6,0.21428571428571427,0.3157894736842105,0.5446428571428571,0.22153353691101074
"0,0,0,0,1,1,0,0,0,1,1,0,0,0,1,1,0,1,1,0,1",0.5666666666666667,0.5,0.5334821428571428,0.6,0.21428571428571427,0.3157894736842105,0.5446428571428571,0.1949329376220703
"1,1,0,0,0,0,0,1,1,1,1,1,0,1,0,0,1,0,1,0,0",0.5666666666666667,0.5,0.5334821428571428,0.6,0.21428571428571427,0.3157894736842105,0.5446428571428571,0.16021513938903809
"0,0,1,0,1,1,0,0,0,0,0,1,0,0,1,1,0,0,0,1,0",0.5666666666666667,0.5,0.5334821428571428,0.6,0.21428571428571427,0.3157894736842105,0.5446428571428571,0.16875100135803223
"0,1,0,1,1,0,0,0,1,1,0,1,1,1,1,0,0,0,0,0,0",0.5666666666666667,0.5,0.5334821428571428,0.6,0.21428571428571427,0.3157894736842105,0.5446428571428571,0.15826153755187988
"0,1,0,0,0,0,1,0,0,0,0,1,0,0,0,1,1,1,0,0,0",0.4666666666666667,0.7,0.5332589285714286,0.45,0.6428571428571429,0.5294117647058824,0.47767857142857145,0.17937588691711426
"1,0,1,0,0,1,1,1,0,1,1,0,0,0,1,1,1,0,1,1,1",0.4666666666666667,0.7,0.5332589285714286,0.45,0.6428571428571429,0.5294117647058824,0.47767857142857145,0.21340250968933105
"0,1,0,0,0,1,1,0,0,0,1,0,0,0,0,1,1,1,0,0,0",0.5,0.7,0.5332589285714285,0.4,0.14285714285714285,0.21052631578947367,0.4776785714285714,0.17566800117492676
"1,1,1,1,1,0,0,0,1,1,1,0,0,1,0,0,1,0,0,1,0",0.6,0.4,0.5319196428571428,0.75,0.21428571428571427,0.3333333333333333,0.5758928571428571,0.15419316291809082
"0,0,1,0,0,1,1,0,0,0,1,0,1,1,1,0,1,0,0,0,1",0.5,0.6,0.5316964285714285,0.47368421052631576,0.6428571428571429,0.5454545454545454,0.5089285714285714,0.1866161823272705
"1,0,1,1,1,0,0,0,0,0,1,0,1,1,1,0,1,0,0,0,1",0.5333333333333333,0.6,0.5316964285714285,0.5,0.14285714285714285,0.2222222222222222,0.5089285714285714,0.17564988136291504
"0,1,1,0,1,0,0,0,0,1,0,0,0,1,0,1,0,0,0,0,1",0.5,0.6,0.5316964285714285,0.47368421052631576,0.6428571428571429,0.5454545454545454,0.5089285714285714,0.19413471221923828
"0,1,0,1,0,0,0,1,1,1,0,0,1,0,1,1,0,1,1,1,0",0.5333333333333333,0.6,0.5316964285714285,0.5,0.14285714285714285,0.2222222222222222,0.5089285714285714,0.18771815299987793
"1,1,0,0,1,0,0,1,1,1,1,0,0,0,0,1,0,0,1,1,0",0.5333333333333333,0.6,0.5316964285714285,0.5,0.14285714285714285,0.2222222222222222,0.5089285714285714,0.1871957778930664
"1,0,0,1,0,1,1,1,0,1,1,1,0,0,0,0,1,1,1,0,1",0.43333333333333335,0.8,0.5314732142857144,0.42105263157894735,0.5714285714285714,0.48484848484848486,0.4419642857142857,0.21559906005859375
"1,0,0,1,1,0,0,0,0,1,1,1,0,0,0,0,1,1,0,0,1",0.5333333333333333,0.5,0.5301339285714286,0.5,0.6428571428571429,0.5625,0.5401785714285714,0.19893407821655273
"1,1,1,0,0,0,0,0,1,1,1,0,0,0,1,0,0,0,0,0,0",0.5666666666666667,0.5,0.5301339285714286,0.6666666666666666,0.14285714285714285,0.23529411764705882,0.5401785714285714,0.17592239379882812
"0,0,1,0,0,1,0,1,0,0,0,1,0,1,1,0,1,0,0,0,0",0.5333333333333333,0.5,0.5301339285714286,0.5,0.6428571428571429,0.5625,0.5401785714285714,0.16414403915405273
"1,1,0,1,0,0,0,1,0,1,1,0,0,1,1,1,1,0,0,0,0",0.5666666666666667,0.5,0.5301339285714286,0.6666666666666666,0.14285714285714285,0.23529411764705882,0.5401785714285714,0.15929913520812988
"0,0,0,1,1,1,0,1,1,0,1,0,1,1,1,1,1,1,1,0,1",0.5666666666666667,0.5,0.5301339285714286,0.6666666666666666,0.14285714285714285,0.23529411764705882,0.5401785714285714,0.24511098861694336
"1,1,1,0,0,0,0,0,1,1,1,0,0,1,1,0,1,0,0,0,0",0.5666666666666667,0.5,0.5301339285714286,0.6666666666666666,0.14285714285714285,0.23529411764705882,0.5401785714285714,0.18422412872314453
"1,1,0,0,1,0,1,0,0,1,1,1,0,0,1,1,0,1,1,1,0",0.5666666666666667,0.5,0.5301339285714286,0.6666666666666666,0.14285714285714285,0.23529411764705882,0.5401785714285714,0.1889181137084961
"1,1,1,0,0,0,0,0,1,1,1,0,0,1,1,0,0,0,0,0,0",0.5666666666666667,0.5,0.5301339285714286,0.6666666666666666,0.14285714285714285,0.23529411764705882,0.5401785714285714,0.19814229011535645
"0,1,1,1,0,0,0,1,1,1,0,0,0,0,0,1,0,1,0,0,1",0.5666666666666667,0.5,0.5301339285714286,0.6666666666666666,0.14285714285714285,0.23529411764705882,0.5401785714285714,0.17457008361816406
"0,1,0,0,0,0,0,0,0,0,1,1,0,0,0,1,1,0,1,1,1",0.5666666666666667,0.5,0.5301339285714286,0.6666666666666666,0.14285714285714285,0.23529411764705882,0.5401785714285714,0.20760488510131836
"0,1,1,0,1,1,1,1,1,0,1,1,0,1,0,1,1,1,1,1,1",0.5666666666666667,0.5,0.5301339285714286,0.6666666666666666,0.14285714285714285,0.23529411764705882,0.5401785714285714,0.19918370246887207
"0,0,0,1,1,0,0,1,0,1,0,0,1,0,0,0,1,1,1,1,0",0.5666666666666667,0.5,0.5301339285714286,0.6666666666666666,0.14285714285714285,0.23529411764705882,0.5401785714285714,0.20616412162780762
"1,1,1,0,0,0,0,0,1,1,1,0,0,0,1,0,1,0,1,0,0",0.5666666666666667,0.5,0.5301339285714286,0.6666666666666666,0.14285714285714285,0.23529411764705882,0.5401785714285714,0.17288970947265625
"1,1,0,1,1,1,1,0,1,0,1,0,1,0,0,0,0,1,1,1,1",0.5,0.7,0.5299107142857142,0.3333333333333333,0.07142857142857142,0.11764705882352941,0.4732142857142857,0.23107171058654785
"0,1,0,0,1,0,1,1,0,1,0,1,1,1,1,0,0,1,0,1,0",0.5,0.7,0.5299107142857142,0.3333333333333333,0.07142857142857142,0.11764705882352941,0.4732142857142857,0.20763778686523438
"0,1,0,0,1,0,1,1,1,0,1,1,0,1,1,1,0,1,1,0,1",0.4666666666666667,0.7,0.5299107142857142,0.4444444444444444,0.5714285714285714,0.5,0.4732142857142857,0.22066593170166016
"1,0,0,1,1,0,1,0,0,0,0,0,0,0,0,0,0,1,0,0,1",0.4666666666666667,0.7,0.5299107142857142,0.4444444444444444,0.5714285714285714,0.5,0.4732142857142857,0.17085981369018555
"0,0,1,0,0,0,1,1,1,0,1,0,1,0,1,1,0,0,1,1,1",0.43333333333333335,0.9,0.5296875,0.0,0.0,0.0,0.40625,0.22476863861083984
"1,0,0,1,1,0,0,0,1,1,0,1,0,1,0,0,0,0,1,1,0",0.5333333333333333,0.6,0.5283482142857143,0.5,0.07142857142857142,0.125,0.5044642857142857,0.14521145820617676
"0,1,0,1,0,1,0,0,0,0,1,0,0,0,0,0,0,1,1,1,0",0.5,0.6,0.5283482142857143,0.47058823529411764,0.5714285714285714,0.5161290322580645,0.5044642857142857,0.18033885955810547
"1,1,1,1,0,0,1,0,0,1,0,1,0,0,1,0,1,0,0,0,0",0.5333333333333333,0.6,0.5283482142857143,0.5,0.07142857142857142,0.125,0.5044642857142857,0.15205168724060059
"0,0,0,1,1,0,0,0,1,1,0,1,1,1,0,1,1,0,1,1,1",0.4666666666666667,0.8,0.528125,0.0,0.0,0.0,0.4375,0.21462178230285645
"1,0,0,1,1,0,0,0,1,1,0,1,1,0,0,0,1,1,0,0,1",0.5666666666666667,0.5,0.5267857142857143,1.0,0.07142857142857142,0.13333333333333333,0.5357142857142857,0.18893074989318848
"0,0,1,1,1,1,1,0,1,1,0,1,1,1,1,0,1,0,0,0,0",0.5666666666666667,0.5,0.5267857142857143,1.0,0.07142857142857142,0.13333333333333333,0.5357142857142857,0.16964221000671387
"0,0,0,1,1,1,1,0,1,1,1,1,0,1,0,1,0,1,0,1,0",0.5666666666666667,0.5,0.5267857142857143,1.0,0.07142857142857142,0.13333333333333333,0.5357142857142857,0.18958687782287598
"1,1,1,0,0,1,0,0,1,1,1,1,0,1,0,0,0,1,1,0,1",0.5666666666666667,0.5,0.5267857142857143,1.0,0.07142857142857142,0.13333333333333333,0.5357142857142857,0.19924664497375488
"0,0,1,1,1,1,1,0,1,1,0,1,1,1,1,0,0,0,0,0,0",0.5666666666666667,0.5,0.5267857142857143,1.0,0.07142857142857142,0.13333333333333333,0.5357142857142857,0.15691709518432617
"1,1,0,1,1,0,1,1,1,0,0,0,1,1,1,0,0,0,0,0,1",0.5666666666666667,0.5,0.5267857142857143,1.0,0.07142857142857142,0.13333333333333333,0.5357142857142857,0.175429105758667
"0,1,0,1,1,1,1,1,0,1,0,1,1,0,0,0,0,1,1,0,1",0.5666666666666667,0.5,0.5267857142857143,1.0,0.07142857142857142,0.13333333333333333,0.5357142857142857,0.18758869171142578
"0,0,1,1,1,1,0,0,1,0,0,0,0,0,0,0,1,0,0,1,1",0.5666666666666667,0.5,0.5267857142857143,1.0,0.07142857142857142,0.13333333333333333,0.5357142857142857,0.21084284782409668
"1,0,0,1,1,0,1,0,0,0,0,0,1,1,1,1,1,0,0,0,1",0.5666666666666667,0.5,0.5267857142857143,1.0,0.07142857142857142,0.13333333333333333,0.5357142857142857,0.19273996353149414
"1,0,1,0,1,0,1,0,0,1,0,1,1,0,0,1,0,0,1,0,1",0.5333333333333333,0.5,0.5267857142857143,0.5,0.5714285714285714,0.5333333333333333,0.5357142857142857,0.208479642868042
"0,1,0,1,0,0,1,1,1,0,1,1,1,1,0,0,0,1,1,0,0",0.5666666666666667,0.5,0.5267857142857143,1.0,0.07142857142857142,0.13333333333333333,0.5357142857142857,0.1907656192779541
"1,1,0,0,0,0,1,1,1,0,1,1,0,0,0,1,0,0,1,1,0",0.5666666666666667,0.5,0.5267857142857143,1.0,0.07142857142857142,0.13333333333333333,0.5357142857142857,0.20399689674377441
"1,0,1,0,0,0,0,1,1,1,1,0,0,1,1,0,0,0,1,1,1",0.5666666666666667,0.5,0.5267857142857143,1.0,0.07142857142857142,0.13333333333333333,0.5357142857142857,0.20113039016723633
"1,0,1,0,1,0,1,0,1,1,1,0,1,0,0,1,0,1,0,1,0",0.5666666666666667,0.5,0.5267857142857143,1.0,0.07142857142857142,0.13333333333333333,0.5357142857142857,0.19264698028564453
"0,1,0,1,1,1,1,1,0,1,0,0,0,0,0,0,1,1,0,0,0",0.5666666666666667,0.5,0.5267857142857143,1.0,0.07142857142857142,0.13333333333333333,0.5357142857142857,0.18678879737854004
"0,1,0,1,1,0,1,0,0,0,0,0,1,0,1,1,0,0,0,0,1",0.5666666666666667,0.5,0.5267857142857143,1.0,0.07142857142857142,0.13333333333333333,0.5357142857142857,0.18442678451538086
"0,1,0,0,1,1,0,0,0,0,1,0,1,1,1,1,1,1,0,1,1",0.5666666666666667,0.5,0.5267857142857143,1.0,0.0714285714285714,0.1333333333333333,0.5357142857142857,0.2394115924835205
"0,1,1,0,1,1,1,1,1,0,0,0,0,1,0,0,1,1,1,1,0",0.5666666666666667,0.5,0.5267857142857143,1.0,0.07142857142857142,0.13333333333333333,0.5357142857142857,0.18200993537902832
"0,1,1,0,1,0,0,0,1,1,0,0,0,1,0,0,0,0,1,1,1",0.5,0.7,0.5265625,0.0,0.0,0.0,0.46875,0.2022404670715332
"0,1,1,0,0,0,1,1,1,1,1,0,0,0,1,1,1,0,0,1,0",0.4666666666666667,0.7,0.5265625,0.4375,0.5,0.4666666666666667,0.46875,0.1991596221923828
"1,0,1,1,1,0,1,1,0,1,1,1,1,1,1,1,0,0,0,0,1",0.5,0.7,0.5265625,0.0,0.0,0.0,0.46875,0.20109987258911133
"1,1,1,0,0,1,0,0,1,1,1,1,0,0,1,0,0,0,0,1,1",0.5666666666666667,0.4,0.5252232142857143,0.5333333333333333,0.5714285714285714,0.5517241379310345,0.5669642857142857,0.22027087211608887
"0,0,1,0,0,1,1,0,1,1,1,1,1,0,1,1,0,0,1,1,1",0.5,0.6,0.525,0.4666666666666667,0.5,0.4827586206896552,0.5,0.20454120635986328
"0,0,0,0,0,0,1,0,0,0,1,0,0,0,1,1,1,0,1,0,1",0.5,0.6,0.525,0.4666666666666667,0.5,0.4827586206896552,0.5,0.19020938873291016
"0,0,0,1,0,0,0,0,0,1,0,1,1,0,0,0,1,1,1,1,0",0.5333333333333333,0.6,0.525,0.0,0.0,0.0,0.5,0.1993427276611328
"0,1,0,0,0,1,1,1,1,0,0,1,0,0,0,1,0,0,1,1,0",0.4666666666666667,0.6,0.525,0.4666666666666667,1.0,0.6363636363636364,0.5,0.18589162826538086
"1,0,0,0,0,1,0,0,0,0,1,1,1,1,0,1,0,0,0,1,0",0.5,0.6,0.525,0.4666666666666667,0.5,0.4827586206896552,0.5,0.2021925449371338
"1,0,1,0,1,0,0,1,0,0,1,0,0,0,0,1,0,1,1,1,0",0.5,0.6,0.525,0.4666666666666667,0.5,0.4827586206896552,0.5,0.1771411895751953
"1,0,0,1,0,0,0,0,1,0,1,0,0,0,1,0,0,1,0,1,1",0.4666666666666667,0.6,0.525,0.4666666666666667,1.0,0.6363636363636364,0.5,0.19275522232055664
"1,0,0,0,0,1,0,0,1,0,1,0,1,0,0,0,1,1,1,0,0",0.4666666666666667,0.6,0.525,0.4666666666666667,1.0,0.6363636363636364,0.5,0.17693662643432617
"1,0,1,0,0,1,1,0,0,1,0,1,0,1,0,0,0,0,0,0,1",0.5,0.6,0.525,0.4666666666666667,0.5,0.4827586206896552,0.5,0.184075117111206
"0,1,0,0,1,1,0,0,0,1,1,0,1,1,1,1,0,1,1,1,0",0.5333333333333333,0.6,0.525,0.0,0.0,0.0,0.5,0.1878957748413086
"0,1,1,0,0,1,0,1,0,0,1,1,0,1,0,0,0,1,1,0,0",0.5,0.6,0.525,0.4666666666666667,0.5,0.4827586206896552,0.5,0.17832088470458984
"0,1,0,1,0,0,1,0,1,1,0,0,1,0,0,1,0,1,0,1,0",0.5333333333333333,0.6,0.525,0.0,0.0,0.0,0.5,0.23436284065246582
"1,0,0,1,0,1,1,1,1,1,0,1,0,1,0,0,1,1,0,0,0",0.5,0.6,0.525,0.4666666666666667,0.5,0.4827586206896552,0.5,0.19495940208435059
"1,0,1,0,1,1,0,0,0,0,0,1,0,1,1,1,0,1,1,1,0",0.43333333333333335,0.8,0.5247767857142858,0.4,0.42857142857142855,0.41379310344827586,0.4330357142857143,0.18406367301940918
"1,1,1,1,1,1,1,1,0,0,0,0,1,0,0,1,0,1,0,1,0",0.43333333333333335,0.8,0.5247767857142858,0.4,0.42857142857142855,0.41379310344827586,0.4330357142857143,0.19528412818908691
"1,1,1,1,1,1,1,0,0,0,1,0,1,0,0,0,0,0,0,1,0",0.5,0.5,0.5234375,0.4827586206896552,1.0,0.6511627906976745,0.53125,0.1978440284729004
"1,0,0,1,1,0,0,0,1,1,0,1,0,1,1,0,1,0,1,1,1",0.5,0.5,0.5234375,0.4827586206896552,1.0,0.6511627906976745,0.53125,0.21897339820861816
"1,0,0,1,1,0,0,0,1,1,0,1,1,1,1,0,1,1,1,1,0",0.5,0.5,0.5234375,0.4827586206896552,1.0,0.6511627906976745,0.53125,0.1966564655303955
"0,0,1,0,1,0,0,0,0,1,0,1,1,0,0,0,1,1,0,0,1",0.5,0.5,0.5234375,0.4827586206896552,1.0,0.6511627906976745,0.53125,0.22029614448547363
"0,0,0,0,1,0,1,1,1,0,0,0,1,1,0,0,0,0,1,1,0",0.5,0.5,0.5234375,0.4827586206896552,1.0,0.6511627906976745,0.53125,0.15946650505065918
"0,1,0,1,1,0,1,1,1,0,0,1,1,0,1,0,0,0,0,0,0",0.5,0.5,0.5234375,0.4827586206896552,1.0,0.6511627906976745,0.53125,0.19592666625976562
"0,1,1,1,0,0,1,0,0,1,0,0,0,1,1,1,0,0,1,1,1",0.5,0.5,0.5234375,0.4827586206896552,1.0,0.6511627906976745,0.53125,0.21820497512817383
"1,1,0,0,0,0,1,0,0,1,1,1,1,0,0,1,0,1,0,1,0",0.5,0.5,0.5234375,0.4827586206896552,1.0,0.6511627906976745,0.53125,0.21618890762329102
"1,0,0,0,1,1,1,0,1,1,0,1,1,1,1,1,0,1,1,0,1",0.5,0.5,0.5234375,0.4827586206896552,1.0,0.6511627906976745,0.53125,0.21207523345947266
"0,1,0,1,0,1,0,0,1,0,0,0,1,0,1,0,0,1,1,1,0",0.43333333333333335,0.7,0.5232142857142856,0.4482758620689655,0.9285714285714286,0.6046511627906976,0.4642857142857143,0.18181920051574707
"0,1,0,1,0,0,1,1,1,1,1,0,0,1,1,0,1,0,0,0,0",0.4666666666666667,0.7,0.5232142857142856,0.42857142857142855,0.42857142857142855,0.42857142857142855,0.4642857142857143,0.18123912811279297
"0,1,0,0,0,0,1,0,1,1,1,1,0,1,0,1,0,1,0,0,0",0.4666666666666667,0.7,0.5232142857142856,0.42857142857142855,0.42857142857142855,0.42857142857142855,0.4642857142857143,0.1961684226989746
"0,0,0,1,0,0,1,0,0,0,1,1,1,0,1,1,0,1,1,1,0",0.4666666666666667,0.7,0.5232142857142856,0.42857142857142855,0.42857142857142855,0.42857142857142855,0.4642857142857143,0.1865384578704834
"1,0,1,1,0,0,0,0,0,1,0,1,1,1,0,1,1,1,0,1,0",0.4666666666666667,0.7,0.5232142857142856,0.42857142857142855,0.42857142857142855,0.42857142857142855,0.4642857142857143,0.2062692642211914
"1,0,1,1,1,1,1,1,1,1,1,1,1,1,0,1,1,0,1,1,1",0.4333333333333333,0.7,0.5232142857142856,0.4482758620689655,0.9285714285714286,0.6046511627906976,0.4642857142857143,0.2368371486663818
"1,0,0,0,1,1,0,1,0,1,1,0,1,0,1,0,0,0,1,1,0",0.43333333333333335,0.7,0.5232142857142856,0.4482758620689655,0.9285714285714286,0.6046511627906976,0.4642857142857143,0.19408774375915527
"1,1,0,1,1,1,0,1,1,1,0,0,1,1,1,1,1,1,0,1,1",0.4666666666666667,0.6,0.5216517857142857,0.4642857142857143,0.9285714285714286,0.6190476190476191,0.4955357142857143,0.2129058837890625
"0,1,1,0,0,1,0,0,1,1,1,1,1,0,0,1,0,0,0,0,0",0.5,0.6,0.5216517857142857,0.46153846153846156,0.42857142857142855,0.4444444444444444,0.4955357142857143,0.15050101280212402
"0,1,1,1,1,1,0,1,1,0,0,1,0,1,0,1,0,1,1,1,0",0.4666666666666667,0.6,0.5216517857142857,0.4642857142857143,0.9285714285714286,0.6190476190476191,0.4955357142857143,0.2048966884613037
"1,0,0,1,1,0,0,0,1,1,0,1,1,0,1,0,1,0,1,0,1",0.5,0.6,0.5216517857142857,0.46153846153846156,0.42857142857142855,0.4444444444444444,0.4955357142857143,0.21699738502502441
"0,0,0,0,0,1,1,0,0,1,1,1,0,0,0,0,1,0,0,0,0",0.4666666666666667,0.6,0.5216517857142857,0.4642857142857143,0.9285714285714286,0.6190476190476191,0.4955357142857143,0.13905000686645508
"0,0,0,0,1,1,0,1,1,1,0,0,1,0,0,1,0,0,0,1,1",0.5,0.6,0.5216517857142857,0.46153846153846156,0.42857142857142855,0.4444444444444444,0.4955357142857143,0.2312607765197754
"1,0,0,0,1,1,0,0,0,1,0,0,0,0,1,1,1,0,0,0,0",0.5,0.6,0.5216517857142857,0.46153846153846156,0.42857142857142855,0.4444444444444444,0.4955357142857143,0.16522550582885742
"0,0,1,0,1,1,0,0,0,0,1,1,1,1,0,0,1,0,0,0,0",0.5,0.6,0.5216517857142857,0.46153846153846156,0.42857142857142855,0.4444444444444444,0.4955357142857143,0.17748522758483887
"0,1,0,1,1,1,0,1,0,0,1,1,0,0,1,1,0,1,0,0,0",0.5,0.6,0.5216517857142857,0.46153846153846156,0.42857142857142855,0.4444444444444444,0.4955357142857143,0.17435932159423828
"0,0,0,0,0,0,1,1,0,0,1,1,0,0,0,0,0,0,1,1,0",0.5,0.6,0.5216517857142857,0.46153846153846156,0.42857142857142855,0.4444444444444444,0.4955357142857143,0.15746855735778809
"0,0,0,0,0,1,1,0,0,1,1,1,0,0,0,0,1,0,1,0,0",0.4666666666666667,0.6,0.5216517857142857,0.4642857142857143,0.9285714285714286,0.6190476190476191,0.4955357142857143,0.17038679122924805
"0,1,1,1,0,1,0,0,0,1,0,0,1,0,0,0,1,1,1,0,1",0.4666666666666667,0.6,0.5216517857142857,0.4642857142857143,0.9285714285714286,0.6190476190476191,0.4955357142857143,0.21539902687072754
"1,0,1,0,0,1,0,1,0,0,0,1,0,1,1,0,1,0,0,0,0",0.5,0.6,0.5216517857142857,0.46153846153846156,0.42857142857142855,0.4444444444444444,0.4955357142857143,0.14709258079528809
"0,1,0,0,1,1,1,0,1,1,1,1,0,0,0,1,1,0,0,0,0",0.5,0.6,0.5216517857142857,0.46153846153846156,0.42857142857142855,0.4444444444444444,0.4955357142857143,0.1611945629119873
"0,0,1,1,1,0,1,1,0,0,0,1,1,1,0,1,1,1,1,0,0",0.5,0.6,0.5216517857142857,0.46153846153846156,0.42857142857142855,0.4444444444444444,0.4955357142857143,0.2080845832824707
"1,0,0,0,1,1,0,0,0,1,0,1,0,1,1,1,0,0,0,0,0",0.5,0.6,0.5216517857142857,0.46153846153846156,0.42857142857142855,0.4444444444444444,0.4955357142857143,0.17684674263000488
"1,0,1,1,1,1,0,1,1,1,0,0,1,1,0,1,1,0,1,0,1",0.4,0.8,0.5214285714285714,0.42857142857142855,0.8571428571428571,0.5714285714285714,0.42857142857142855,0.1960601806640625
"1,1,0,1,0,0,0,0,0,1,1,1,1,0,1,1,1,0,0,1,0",0.5333333333333333,0.5,0.5200892857142857,0.5,0.42857142857142855,0.46153846153846156,0.5267857142857143,0.2085580825805664
"0,0,0,0,0,1,1,1,0,1,1,1,0,0,0,1,1,0,1,1,1",0.5,0.5,0.5200892857142857,0.48148148148148145,0.9285714285714286,0.6341463414634146,0.5267857142857143,0.17707228660583496
"0,1,1,1,0,1,0,1,1,0,0,0,1,0,1,0,0,1,0,0,0",0.5333333333333333,0.5,0.5200892857142857,0.5,0.42857142857142855,0.46153846153846156,0.5267857142857143,0.15684843063354492
"1,0,0,0,1,0,1,0,1,1,0,0,0,1,0,1,1,0,1,0,1",0.5333333333333333,0.5,0.5200892857142857,0.5,0.42857142857142855,0.46153846153846156,0.5267857142857143,0.21699881553649902
"0,0,0,0,0,0,0,0,0,0,1,0,0,1,0,0,1,0,1,1,0",0.5,0.5,0.5200892857142857,0.48148148148148145,0.9285714285714286,0.6341463414634146,0.5267857142857143,0.15995573997497559
"0,0,0,0,0,1,1,1,1,1,0,1,0,1,0,0,0,0,0,0,1",0.5,0.5,0.5200892857142857,0.48148148148148145,0.9285714285714286,0.6341463414634146,0.5267857142857143,0.1973743438720703
"0,1,1,0,0,0,0,0,1,1,1,0,0,0,1,0,1,0,1,0,1",0.5,0.5,0.5200892857142857,0.48148148148148145,0.9285714285714286,0.6341463414634146,0.5267857142857143,0.2089533805847168
"1,1,1,1,0,0,0,1,1,0,0,1,1,1,0,1,0,0,1,1,1",0.4666666666666667,0.7,0.5198660714285714,0.4166666666666667,0.35714285714285715,0.38461538461538464,0.4598214285714286,0.21021509170532227
"1,1,1,0,1,1,0,1,0,1,1,1,1,1,1,1,0,1,1,1,0",0.43333333333333335,0.7,0.5198660714285714,0.4444444444444444,0.8571428571428571,0.5853658536585366,0.45982142857142855,0.1803302764892578
"1,1,0,1,0,0,0,1,1,0,0,1,0,0,0,1,0,0,1,1,0",0.43333333333333335,0.7,0.5198660714285714,0.4444444444444444,0.8571428571428571,0.5853658536585366,0.45982142857142855,0.22096037864685059
"1,1,1,1,0,1,1,1,0,0,1,0,0,1,0,0,1,1,0,0,1",0.43333333333333335,0.7,0.5198660714285714,0.4444444444444444,0.8571428571428571,0.5853658536585366,0.45982142857142855,0.1791706085205078
"1,1,0,1,0,1,1,0,1,1,1,1,0,1,0,1,0,1,0,0,0",0.5666666666666667,0.4,0.5185267857142857,0.5454545454545454,0.42857142857142855,0.48,0.5580357142857143,0.20070552825927734
"0,1,0,0,0,1,0,1,1,0,1,0,0,0,0,0,1,0,1,1,0",0.5,0.6,0.5183035714285715,0.45454545454545453,0.35714285714285715,0.4,0.4910714285714286,0.16680216789245605
"0,1,0,0,0,1,1,1,1,0,1,0,0,0,0,0,1,0,1,1,0",0.5,0.6,0.5183035714285715,0.45454545454545453,0.35714285714285715,0.4,0.4910714285714286,0.1589798927307129
"0,0,1,1,0,0,0,0,1,0,1,0,1,0,0,1,0,1,1,1,0",0.5,0.6,0.5183035714285714,0.45454545454545453,0.35714285714285715,0.4,0.4910714285714286,0.1790151596069336
"0,1,0,1,0,1,1,0,0,1,0,0,0,0,0,1,1,0,1,0,1",0.5,0.6,0.5183035714285714,0.45454545454545453,0.35714285714285715,0.4,0.4910714285714286,0.21718788146972656
"1,1,1,1,1,0,1,1,0,1,0,1,1,1,0,1,0,1,0,0,0",0.5333333333333333,0.5,0.5167410714285714,0.5,0.35714285714285715,0.4166666666666667,0.5223214285714286,0.17990899085998535
"0,1,0,1,1,1,1,1,1,0,0,1,1,0,1,0,0,0,0,0,0",0.5333333333333333,0.5,0.5167410714285714,0.5,0.35714285714285715,0.4166666666666667,0.5223214285714286,0.17203831672668457
"0,0,0,0,0,1,1,0,0,1,1,1,0,0,1,0,0,0,0,0,0",0.5,0.5,0.5167410714285714,0.48,0.8571428571428571,0.6153846153846154,0.5223214285714286,0.1692979335784912
"0,0,0,0,0,1,1,0,0,1,1,1,0,1,1,0,0,0,0,0,0",0.5,0.5,0.5167410714285714,0.48,0.8571428571428571,0.6153846153846154,0.5223214285714286,0.15210580825805664
"0,0,1,0,1,1,1,1,1,0,0,1,0,1,1,0,0,0,0,0,0",0.5333333333333333,0.5,0.5167410714285714,0.5,0.35714285714285715,0.4166666666666667,0.5223214285714286,0.17604541778564453
"0,1,1,1,0,1,1,1,0,0,0,1,1,0,1,1,1,0,0,0,0",0.5333333333333333,0.5,0.5167410714285714,0.5,0.35714285714285715,0.4166666666666667,0.5223214285714286,0.16057491302490234
"0,0,1,0,1,1,1,1,1,0,0,1,0,1,1,0,1,0,1,0,0",0.5333333333333333,0.5,0.5167410714285714,0.5,0.35714285714285715,0.4166666666666667,0.5223214285714286,0.17354321479797363
"0,0,1,0,1,1,1,0,1,0,0,1,0,1,1,0,1,0,0,0,0",0.5333333333333333,0.5,0.5167410714285714,0.5,0.35714285714285715,0.4166666666666667,0.5223214285714286,0.1676018238067627
"0,1,0,1,1,0,0,1,0,0,1,1,1,1,1,0,0,1,0,0,0",0.5,0.5,0.5167410714285714,0.48,0.8571428571428571,0.6153846153846154,0.5223214285714286,0.18548202514648438
"0,0,0,0,0,1,1,0,0,1,1,1,0,1,1,0,1,0,0,0,0",0.5,0.5,0.5167410714285714,0.48,0.8571428571428571,0.6153846153846154,0.5223214285714286,0.17501091957092285
"0,0,0,0,0,1,1,0,0,1,1,1,0,0,1,0,1,0,0,0,0",0.5,0.5,0.5167410714285714,0.48,0.8571428571428571,0.6153846153846154,0.5223214285714286,0.18013763427734375
"0,0,1,0,1,1,1,1,1,0,0,1,0,1,1,0,1,0,0,0,0",0.5333333333333333,0.5,0.5167410714285714,0.5,0.35714285714285715,0.4166666666666667,0.5223214285714286,0.1698150634765625
"0,0,0,0,1,1,1,1,1,0,0,0,1,1,0,0,1,1,1,0,1",0.5,0.5,0.5167410714285714,0.48,0.8571428571428571,0.6153846153846154,0.5223214285714286,0.22501611709594727
"1,0,0,0,1,0,0,1,0,0,1,1,0,0,0,0,1,1,0,0,0",0.5,0.5,0.5167410714285714,0.48,0.8571428571428571,0.6153846153846154,0.5223214285714286,0.18849897384643555
"0,0,1,0,1,1,1,1,1,0,0,1,0,0,1,0,0,0,0,0,0",0.5333333333333333,0.5,0.5167410714285714,0.5,0.35714285714285715,0.4166666666666667,0.5223214285714286,0.15264463424682617
"1,0,0,0,1,0,0,1,0,0,1,1,0,0,0,0,1,1,1,0,0",0.5,0.5,0.5167410714285714,0.48,0.8571428571428571,0.6153846153846154,0.5223214285714286,0.18126678466796875
"0,0,0,0,0,1,1,0,0,1,1,1,0,0,1,0,1,0,1,0,0",0.5,0.5,0.5167410714285714,0.48,0.8571428571428571,0.6153846153846154,0.5223214285714286,0.1734449863433838
"0,0,1,0,0,1,1,0,1,1,1,1,1,0,0,1,0,0,1,1,1",0.5,0.5,0.5167410714285714,0.48,0.8571428571428571,0.6153846153846154,0.5223214285714286,0.2143499851226806
"1,1,1,0,0,1,1,0,1,1,1,1,0,1,1,1,1,1,0,0,0",0.5333333333333333,0.5,0.5167410714285714,0.5,0.35714285714285715,0.4166666666666667,0.5223214285714286,0.18967437744140625
"0,0,0,1,1,1,1,1,0,0,0,1,0,0,1,0,1,0,1,0,0",0.5333333333333333,0.5,0.5167410714285714,0.5,0.35714285714285715,0.4166666666666667,0.5223214285714286,0.1783764362335205
"0,0,1,1,1,0,0,0,1,1,1,0,0,0,1,0,1,0,1,0,1",0.4666666666666667,0.7,0.5165178571428571,0.4,0.2857142857142857,0.3333333333333333,0.45535714285714285,0.1982126235961914
"0,1,0,0,1,0,1,1,0,1,0,1,1,0,0,0,0,1,1,0,0",0.4666666666666667,0.7,0.5165178571428571,0.4,0.2857142857142857,0.3333333333333333,0.45535714285714285,0.18265557289123535
"0,1,0,0,1,0,1,1,0,1,0,1,1,0,0,0,1,1,0,0,0",0.4666666666666667,0.7,0.5165178571428571,0.4,0.2857142857142857,0.3333333333333333,0.45535714285714285,0.18608450889587402
"1,1,1,1,1,1,1,0,1,0,0,1,1,1,0,1,1,1,1,1,1",0.43333333333333335,0.7,0.5165178571428571,0.44,0.7857142857142857,0.5641025641025641,0.45535714285714285,0.19637584686279297
"0,0,0,0,1,0,1,0,0,0,1,1,1,1,1,1,1,0,0,0,0",0.4666666666666667,0.7,0.5165178571428571,0.4,0.2857142857142857,0.3333333333333333,0.45535714285714285,0.17171764373779297
"0,0,1,0,0,0,0,0,0,0,1,0,0,0,0,0,0,1,1,0,1",0.36666666666666664,0.9,0.5162946428571429,0.4,0.7142857142857143,0.5128205128205128,0.38839285714285715,0.18519186973571777
"1,0,0,0,1,0,1,0,0,0,0,0,0,0,1,0,1,0,1,0,1",0.5,0.6,0.5149553571428571,0.4444444444444444,0.2857142857142857,0.34782608695652173,0.48660714285714285,0.2044389247894287
"0,1,1,0,1,0,1,1,0,1,0,1,1,0,0,0,0,1,1,1,0",0.5,0.6,0.5149553571428571,0.4444444444444444,0.2857142857142857,0.34782608695652173,0.48660714285714285,0.19227933883666992
"0,0,0,1,0,0,0,0,1,0,0,1,0,0,0,1,1,0,1,0,1",0.4666666666666667,0.6,0.5149553571428571,0.4583333333333333,0.7857142857142857,0.5789473684210527,0.48660714285714285,0.19808173179626465
"0,1,0,1,0,0,0,0,1,0,0,1,1,1,1,0,0,1,1,1,1",0.5,0.6,0.5149553571428571,0.4444444444444444,0.2857142857142857,0.34782608695652173,0.48660714285714285,0.2318124771118164
"1,1,0,1,1,1,0,1,0,1,0,1,1,0,0,1,0,0,1,1,0",0.4666666666666667,0.6,0.5149553571428571,0.4583333333333333,0.7857142857142857,0.5789473684210527,0.48660714285714285,0.19150114059448242
"0,1,1,0,0,0,1,0,1,0,1,1,1,0,0,0,0,0,0,0,1",0.5,0.6,0.5149553571428571,0.4444444444444444,0.2857142857142857,0.34782608695652173,0.48660714285714285,0.16578316688537598
"0,0,0,0,1,1,1,1,1,0,1,0,1,0,0,0,0,0,0,1,1",0.5,0.6,0.5149553571428571,0.4444444444444444,0.2857142857142857,0.34782608695652173,0.48660714285714285,0.18630123138427734
"1,1,0,1,1,1,1,0,1,1,1,0,1,0,1,0,1,1,0,0,1",0.4666666666666667,0.6,0.5149553571428571,0.4583333333333333,0.7857142857142857,0.5789473684210527,0.48660714285714285,0.20648741722106934
"1,1,1,1,0,0,0,0,0,1,1,1,0,0,0,1,0,1,0,1,0",0.5,0.6,0.5149553571428571,0.4444444444444444,0.2857142857142857,0.34782608695652173,0.48660714285714285,0.19271016120910645
"0,0,1,0,0,1,0,0,1,1,0,0,1,0,0,1,1,1,0,0,1",0.4666666666666667,0.6,0.5149553571428571,0.4583333333333333,0.7857142857142857,0.5789473684210527,0.48660714285714285,0.19373035430908203
"0,1,0,0,1,0,0,0,1,1,0,1,0,1,0,0,0,1,1,1,0",0.43333333333333335,0.8,0.5147321428571429,0.3333333333333333,0.21428571428571427,0.2608695652173913,0.41964285714285715,0.20898079872131348
"0,0,0,1,1,1,0,1,0,0,1,1,1,1,0,0,1,1,0,0,0",0.5333333333333333,0.5,0.5133928571428571,0.5,0.2857142857142857,0.36363636363636365,0.5178571428571428,0.18500399589538574
"0,0,0,0,0,1,0,0,1,0,0,1,0,1,1,0,0,1,1,0,1",0.5,0.5,0.5133928571428571,0.4782608695652174,0.7857142857142857,0.5945945945945946,0.5178571428571428,0.229567289352417
"0,1,1,1,1,0,0,1,1,0,0,1,0,1,1,1,0,1,0,1,0",0.5,0.5,0.5133928571428571,0.4782608695652174,0.7857142857142857,0.5945945945945946,0.5178571428571428,0.22548794746398926
"1,1,0,1,1,0,0,1,0,0,1,0,1,0,1,0,0,0,1,1,1",0.5333333333333333,0.5,0.5133928571428571,0.5,0.2857142857142857,0.36363636363636365,0.5178571428571428,0.19148540496826172
"1,0,0,0,0,0,1,1,0,1,0,1,0,1,1,0,1,0,0,0,0",0.5,0.5,0.5133928571428571,0.4782608695652174,0.7857142857142857,0.5945945945945946,0.5178571428571428,0.17601823806762695
"1,1,1,0,1,1,1,0,0,1,1,1,0,0,0,0,1,1,0,0,1",0.43333333333333335,0.7,0.5131696428571428,0.43478260869565216,0.7142857142857143,0.5405405405405406,0.45089285714285715,0.19558382034301758
"1,1,0,0,1,0,1,1,0,0,0,1,1,0,0,0,0,1,1,0,1",0.43333333333333335,0.7,0.5131696428571428,0.43478260869565216,0.7142857142857143,0.5405405405405406,0.45089285714285715,0.20522713661193848
"1,0,0,0,1,1,0,1,1,1,1,1,1,0,1,1,1,0,0,1,1",0.43333333333333335,0.7,0.5131696428571428,0.43478260869565216,0.7142857142857143,0.5405405405405406,0.45089285714285715,0.2372274398803711
"0,1,1,1,1,0,1,0,0,1,0,1,0,0,1,0,0,0,1,1,1",0.36666666666666664,0.9,0.5129464285714286,0.391304347826087,0.6428571428571429,0.4864864864864865,0.38392857142857145,0.2055821418762207
"0,1,1,1,1,0,0,1,0,0,1,1,0,1,1,0,1,1,0,1,1",0.4666666666666667,0.6,0.5116071428571429,0.45454545454545453,0.7142857142857143,0.5555555555555556,0.48214285714285715,0.21892142295837402
"1,1,0,1,0,0,1,1,0,1,0,1,0,0,1,0,0,1,1,1,1",0.5,0.6,0.5116071428571429,0.42857142857142855,0.21428571428571427,0.2857142857142857,0.48214285714285715,0.20650768280029297
"1,1,0,0,0,0,0,1,0,0,1,0,0,0,0,1,0,1,0,0,0",0.4666666666666667,0.6,0.5116071428571429,0.45454545454545453,0.7142857142857143,0.5555555555555556,0.48214285714285715,0.17510461807250977
"1,0,1,0,0,0,0,1,0,1,1,0,1,0,0,0,0,0,0,0,1",0.4666666666666667,0.6,0.5116071428571429,0.45454545454545453,0.7142857142857143,0.5555555555555556,0.48214285714285715,0.16017818450927734
"1,0,0,0,1,1,1,0,1,0,1,1,0,0,0,1,0,1,0,0,1",0.4666666666666667,0.6,0.5116071428571428,0.45454545454545453,0.7142857142857143,0.5555555555555556,0.48214285714285715,0.18183040618896484
"0,1,0,0,0,0,1,1,1,0,0,0,0,1,1,0,1,1,0,0,1",0.4666666666666667,0.6,0.5116071428571428,0.45454545454545453,0.7142857142857143,0.5555555555555556,0.48214285714285715,0.19541597366333008
"1,0,0,1,1,0,0,0,0,0,1,0,1,1,1,0,0,1,1,0,1",0.5,0.5,0.5100446428571429,0.47619047619047616,0.7142857142857143,0.5714285714285714,0.5133928571428572,0.22710680961608887
"0,1,1,1,0,0,1,1,0,1,0,0,0,0,0,0,1,0,0,1,1",0.5,0.5,0.5100446428571429,0.47619047619047616,0.7142857142857143,0.5714285714285714,0.5133928571428572,0.19239521026611328
"1,1,0,0,1,1,1,1,0,0,1,0,1,1,1,0,0,0,1,1,1",0.5333333333333333,0.5,0.5100446428571428,0.5,0.21428571428571427,0.3,0.5133928571428571,0.20993304252624512
"1,0,0,1,0,0,0,1,1,1,0,0,0,1,0,0,1,0,1,1,1",0.5333333333333333,0.5,0.5100446428571428,0.5,0.21428571428571427,0.3,0.5133928571428571,0.21810293197631836
"0,1,0,0,0,1,1,0,1,1,1,1,0,1,1,1,0,1,0,1,0",0.5333333333333333,0.5,0.5100446428571428,0.5,0.21428571428571427,0.3,0.5133928571428571,0.19664478302001953
"0,0,1,1,0,1,0,1,0,1,1,0,1,0,0,0,0,1,0,0,0",0.5333333333333333,0.5,0.5100446428571428,0.5,0.21428571428571427,0.3,0.5133928571428571,0.17685842514038086
"1,0,1,0,1,1,0,0,1,1,0,0,0,0,0,1,1,1,1,0,1",0.5333333333333333,0.5,0.5100446428571428,0.5,0.21428571428571427,0.3,0.5133928571428571,0.20613741874694824
"0,1,1,0,0,1,1,1,1,1,1,1,0,1,1,1,1,0,0,0,0",0.5333333333333333,0.5,0.5100446428571428,0.5,0.21428571428571427,0.3,0.5133928571428571,0.17035222053527832
"1,0,1,1,0,0,1,0,0,1,0,1,0,1,0,0,0,1,1,1,0",0.43333333333333335,0.7,0.5098214285714286,0.42857142857142855,0.6428571428571429,0.5142857142857142,0.44642857142857145,0.21869373321533203
"0,1,0,1,0,0,0,0,1,1,1,1,0,0,1,1,0,0,0,1,1",0.43333333333333335,0.7,0.5098214285714286,0.42857142857142855,0.6428571428571429,0.5142857142857142,0.44642857142857145,0.21196866035461426
"0,0,0,1,0,0,1,1,1,0,1,0,0,0,1,0,1,1,1,0,1",0.43333333333333335,0.7,0.5098214285714286,0.42857142857142855,0.6428571428571429,0.5142857142857142,0.44642857142857145,0.2161576747894287
"0,0,1,1,0,0,1,1,1,0,0,0,0,1,1,0,0,1,0,0,0",0.4666666666666667,0.7,0.5098214285714285,0.3333333333333333,0.14285714285714285,0.2,0.4464285714285714,0.19178199768066406
"0,1,0,0,0,0,0,0,0,1,0,0,1,1,1,1,1,0,1,0,1",0.4666666666666667,0.7,0.5098214285714285,0.3333333333333333,0.14285714285714285,0.2,0.4464285714285714,0.18559575080871582
"1,1,0,0,1,0,0,0,1,0,0,0,0,0,0,1,1,1,0,0,1",0.36666666666666664,0.9,0.5095982142857143,0.38095238095238093,0.5714285714285714,0.45714285714285713,0.3794642857142857,0.1745443344116211
"1,0,1,0,1,0,1,0,0,0,0,1,0,0,0,0,0,0,1,1,1",0.36666666666666664,0.9,0.5095982142857143,0.38095238095238093,0.5714285714285714,0.45714285714285713,0.3794642857142857,0.17511868476867676
"0,1,0,0,1,0,0,1,1,0,0,1,0,0,1,1,1,0,0,1,1",0.5666666666666667,0.4,0.5084821428571428,0.6,0.21428571428571427,0.3157894736842105,0.5446428571428571,0.20502614974975586
"0,0,0,0,1,1,1,0,1,1,1,0,0,0,1,1,0,1,1,1,0",0.4666666666666667,0.6,0.5082589285714286,0.45,0.6428571428571429,0.5294117647058824,0.47767857142857145,0.18160319328308105
"1,0,1,0,1,0,1,1,0,0,1,0,0,1,1,1,1,1,0,0,1",0.4666666666666667,0.6,0.5082589285714286,0.45,0.6428571428571429,0.5294117647058824,0.47767857142857145,0.1894526481628418
"0,1,0,0,1,0,0,0,1,1,1,0,1,1,0,1,0,1,1,1,0",0.4666666666666667,0.6,0.5082589285714286,0.45,0.6428571428571429,0.5294117647058824,0.47767857142857145,0.20328116416931152
"0,1,0,1,0,0,0,1,1,1,0,1,0,1,1,0,0,0,1,0,1",0.5,0.6,0.5082589285714285,0.4,0.14285714285714285,0.21052631578947367,0.4776785714285714,0.2071521282196045
"0,0,0,1,1,0,0,0,1,0,0,1,1,1,0,0,1,1,0,0,1",0.5,0.6,0.5082589285714285,0.4,0.14285714285714285,0.21052631578947367,0.4776785714285714,0.1935877799987793
"1,0,0,1,0,0,1,0,0,1,1,0,0,1,0,0,1,1,1,0,0",0.5,0.6,0.5082589285714285,0.4,0.14285714285714285,0.21052631578947367,0.4776785714285714,0.16309356689453125
"1,1,1,1,1,0,0,0,0,1,1,0,0,0,1,0,0,0,1,0,1",0.5,0.6,0.5082589285714285,0.4,0.14285714285714285,0.21052631578947367,0.4776785714285714,0.2068636417388916
"1,0,0,0,1,0,1,0,0,0,0,0,0,1,0,0,0,1,0,0,0",0.4,0.8,0.5080357142857144,0.4,0.5714285714285714,0.47058823529411764,0.4107142857142857,0.1387324333190918
"0,0,0,0,1,0,1,1,1,0,1,1,0,1,1,0,0,1,0,0,1",0.4,0.8,0.5080357142857144,0.4,0.5714285714285714,0.47058823529411764,0.4107142857142857,0.2048940658569336
"0,0,0,0,0,0,0,0,0,1,0,0,1,0,0,1,0,1,1,0,0",0.4,0.8,0.5080357142857144,0.4,0.5714285714285714,0.47058823529411764,0.4107142857142857,0.1510469913482666
"0,0,1,1,0,0,0,1,1,0,1,1,0,1,0,1,1,1,1,1,1",0.5333333333333333,0.5,0.5066964285714286,0.5,0.14285714285714285,0.2222222222222222,0.5089285714285714,0.18811368942260742
"1,1,1,0,0,0,0,1,1,0,1,0,0,1,1,0,0,1,0,0,0",0.5,0.5,0.5066964285714286,0.47368421052631576,0.6428571428571429,0.5454545454545454,0.5089285714285714,0.19583845138549805
"1,1,0,1,0,0,0,0,0,0,1,1,0,0,0,1,1,1,1,1,0",0.5,0.5,0.5066964285714286,0.47368421052631576,0.6428571428571429,0.5454545454545454,0.5089285714285714,0.17889165878295898
"0,1,0,1,0,0,0,0,1,0,0,0,0,0,1,0,0,1,1,0,1",0.5,0.5,0.5066964285714286,0.47368421052631576,0.6428571428571429,0.5454545454545454,0.5089285714285714,0.19781827926635742
"1,1,1,0,0,1,0,0,0,1,1,1,1,1,0,0,1,0,0,0,1",0.5,0.5,0.5066964285714286,0.47368421052631576,0.6428571428571429,0.5454545454545454,0.5089285714285714,0.18166136741638184
"1,0,1,1,0,1,0,0,0,0,1,0,0,0,1,0,1,0,0,0,0",0.5333333333333333,0.5,0.5066964285714286,0.5,0.14285714285714285,0.2222222222222222,0.5089285714285714,0.18693876266479492
"0,1,0,1,0,0,0,1,0,1,1,0,1,0,0,0,0,0,1,0,1",0.5333333333333333,0.5,0.5066964285714286,0.5,0.14285714285714285,0.2222222222222222,0.5089285714285714,0.21024775505065918
"1,0,0,1,1,1,0,0,0,1,1,0,1,1,1,1,1,0,0,0,0",0.5333333333333333,0.5,0.5066964285714286,0.5,0.14285714285714285,0.2222222222222222,0.5089285714285714,0.1564805507659912
"1,1,0,1,0,0,0,1,1,0,0,1,0,1,1,0,0,1,1,0,1",0.5,0.5,0.5066964285714286,0.47368421052631576,0.6428571428571429,0.5454545454545454,0.5089285714285714,0.216141939163208
"1,1,0,1,1,0,0,1,1,0,1,1,1,0,0,1,1,1,0,1,0",0.5333333333333333,0.5,0.5066964285714286,0.5,0.14285714285714285,0.2222222222222222,0.5089285714285714,0.21212124824523926
"1,1,1,0,0,1,0,1,1,1,0,1,1,1,0,0,0,0,1,1,1",0.5333333333333333,0.5,0.5066964285714286,0.5,0.14285714285714285,0.2222222222222222,0.5089285714285714,0.19286870956420898
"0,1,0,1,1,1,0,0,1,1,1,1,0,1,0,1,1,0,0,1,1",0.5333333333333333,0.5,0.5066964285714286,0.5,0.14285714285714285,0.2222222222222222,0.5089285714285714,0.21473169326782227
"0,0,1,0,0,0,1,1,1,1,0,0,0,0,1,1,0,1,0,0,1",0.4666666666666667,0.7,0.5064732142857142,0.25,0.07142857142857142,0.1111111111111111,0.4419642857142857,0.1965041160583496
"1,0,1,0,1,0,1,1,0,0,1,1,0,0,0,0,0,1,1,1,1",0.4666666666666667,0.7,0.5064732142857142,0.25,0.07142857142857142,0.1111111111111111,0.4419642857142857,0.19965338706970215
"0,1,0,1,0,0,0,0,1,0,0,0,0,0,0,0,1,0,0,1,1",0.5666666666666667,0.4,0.5051339285714286,0.6666666666666666,0.14285714285714285,0.23529411764705882,0.5401785714285714,0.19745421409606934
"0,0,1,0,1,0,0,0,1,0,0,0,0,0,0,0,1,1,1,0,0",0.5666666666666667,0.4,0.5051339285714286,0.6666666666666666,0.14285714285714285,0.23529411764705882,0.5401785714285714,0.16316509246826172
"0,0,1,0,0,0,0,0,0,0,1,0,0,0,1,1,0,1,1,0,0",0.5666666666666667,0.4,0.5051339285714286,0.6666666666666666,0.1428571428571428,0.2352941176470588,0.5401785714285714,0.1815733909606933
"1,1,1,0,1,0,0,0,0,0,1,0,1,1,0,0,1,0,0,0,0",0.5666666666666667,0.4,0.5051339285714286,0.6666666666666666,0.14285714285714285,0.23529411764705882,0.5401785714285714,0.16385865211486816
"0,1,0,0,0,0,0,0,0,0,0,1,1,1,1,0,1,0,0,0,0",0.5666666666666667,0.4,0.5051339285714286,0.6666666666666666,0.14285714285714285,0.23529411764705882,0.5401785714285714,0.15227675437927246
"0,0,1,0,1,0,0,0,1,0,0,0,0,0,0,0,1,1,0,0,0",0.5666666666666667,0.4,0.5051339285714286,0.6666666666666666,0.14285714285714285,0.23529411764705882,0.5401785714285714,0.1687297821044922
"1,0,1,1,1,0,0,0,1,1,1,0,0,0,0,0,1,0,1,0,0",0.5666666666666667,0.4,0.5051339285714286,0.6666666666666666,0.14285714285714285,0.23529411764705882,0.5401785714285714,0.16157269477844238
"1,0,0,1,0,0,1,0,0,0,0,1,0,1,1,1,0,1,1,0,1",0.5666666666666667,0.4,0.5051339285714286,0.6666666666666666,0.14285714285714285,0.23529411764705882,0.5401785714285714,0.21485662460327148
"0,1,0,0,1,1,1,0,0,1,0,0,1,1,1,1,0,0,0,0,1",0.5,0.6,0.5049107142857143,0.3333333333333333,0.07142857142857142,0.11764705882352941,0.4732142857142857,0.1726696491241455
"1,1,1,0,0,1,1,0,1,1,1,1,0,1,0,1,0,1,0,0,0",0.5,0.6,0.5049107142857143,0.3333333333333333,0.07142857142857142,0.11764705882352941,0.4732142857142857,0.18196702003479004
"0,0,0,1,1,0,1,1,1,1,1,0,0,0,0,1,0,0,1,1,1",0.4666666666666667,0.6,0.5049107142857143,0.4444444444444444,0.5714285714285714,0.5,0.4732142857142857,0.18461847305297852
"0,0,0,1,1,0,0,0,1,0,0,0,1,0,1,0,1,0,0,1,0",0.5,0.6,0.5049107142857143,0.3333333333333333,0.07142857142857142,0.11764705882352941,0.4732142857142857,0.19258856773376465
"0,1,0,0,1,1,0,0,0,0,1,0,1,1,1,1,1,1,1,0,1",0.5,0.6,0.5049107142857143,0.3333333333333333,0.07142857142857142,0.11764705882352941,0.4732142857142857,0.23113656044006348
"0,1,1,1,0,1,1,1,0,0,0,0,1,1,1,0,1,1,0,0,0",0.4666666666666667,0.6,0.5049107142857143,0.4444444444444444,0.5714285714285714,0.5,0.4732142857142857,0.17299723625183105
"1,1,0,0,1,1,0,0,0,1,1,1,0,1,1,0,1,1,1,1,1",0.5,0.6,0.5049107142857143,0.3333333333333333,0.07142857142857142,0.11764705882352941,0.4732142857142857,0.23371458053588867
"1,1,0,1,1,0,1,0,1,1,1,0,1,0,1,0,1,1,0,0,1",0.5,0.6,0.5049107142857143,0.3333333333333333,0.07142857142857142,0.11764705882352941,0.4732142857142857,0.1963191032409668
"1,0,0,1,1,0,0,0,1,1,0,1,1,1,0,0,0,0,1,1,0",0.4666666666666667,0.6,0.5049107142857143,0.4444444444444444,0.5714285714285714,0.5,0.4732142857142857,0.17886638641357422
"0,1,1,0,0,1,1,1,0,0,0,1,1,0,1,1,1,1,1,0,0",0.5,0.6,0.5049107142857143,0.3333333333333333,0.07142857142857142,0.11764705882352941,0.4732142857142857,0.19018816947937012
"0,0,0,1,1,0,0,0,1,1,0,1,1,0,0,0,1,1,0,0,1",0.5,0.6,0.5049107142857143,0.3333333333333333,0.07142857142857142,0.11764705882352941,0.4732142857142857,0.20306825637817383
"0,1,0,1,0,1,1,1,1,0,0,1,1,1,0,0,1,1,0,0,1",0.5333333333333333,0.5,0.5033482142857143,0.5,0.07142857142857142,0.125,0.5044642857142857,0.19060397148132324
"1,0,1,0,1,0,1,1,1,1,1,1,1,1,0,1,0,0,1,1,1",0.5333333333333333,0.5,0.5033482142857143,0.5,0.07142857142857142,0.125,0.5044642857142857,0.21128511428833008
"0,0,1,0,0,1,1,0,1,0,0,0,1,0,0,0,0,0,0,0,1",0.5,0.5,0.5033482142857143,0.47058823529411764,0.5714285714285714,0.5161290322580645,0.5044642857142857,0.16066265106201172
"0,0,1,0,1,0,1,0,1,1,1,0,0,1,1,0,0,0,1,1,1",0.5333333333333333,0.5,0.5033482142857143,0.5,0.07142857142857142,0.125,0.5044642857142857,0.18877077102661133
"0,1,0,1,1,1,0,1,0,0,0,1,0,0,1,0,0,0,1,1,1",0.5333333333333333,0.5,0.5033482142857143,0.5,0.07142857142857142,0.125,0.5044642857142857,0.17497563362121582
"0,0,1,1,1,1,1,1,1,0,1,1,1,1,0,0,0,0,0,1,1",0.5333333333333333,0.5,0.5033482142857143,0.5,0.07142857142857142,0.125,0.5044642857142857,0.1958000659942627
"0,0,1,0,0,0,0,0,1,0,0,0,0,1,0,0,1,0,0,0,1",0.5333333333333333,0.5,0.5033482142857143,0.5,0.07142857142857142,0.125,0.5044642857142857,0.17199063301086426
"0,1,1,0,0,1,1,0,1,0,0,0,0,0,1,1,0,0,1,1,1",0.5333333333333333,0.5,0.5033482142857143,0.5,0.07142857142857142,0.125,0.5044642857142857,0.2083897590637207
"1,1,0,1,0,1,1,0,0,0,0,1,1,1,0,1,0,0,0,0,1",0.5333333333333333,0.5,0.5033482142857143,0.5,0.07142857142857142,0.125,0.5044642857142857,0.18717598915100098
"1,0,1,0,0,0,1,0,1,1,0,1,0,1,0,1,1,1,0,0,0",0.5333333333333333,0.5,0.5033482142857143,0.5,0.07142857142857142,0.125,0.5044642857142857,0.17038822174072266
"1,0,0,0,0,1,0,1,1,1,0,1,1,0,1,1,0,0,1,0,0",0.5,0.5,0.5033482142857143,0.47058823529411764,0.5714285714285714,0.5161290322580645,0.5044642857142857,0.16071629524230957
"0,0,0,1,0,1,1,0,1,0,0,0,0,1,1,0,0,1,0,1,1",0.5,0.5,0.5033482142857143,0.47058823529411764,0.5714285714285714,0.5161290322580645,0.5044642857142857,0.19245243072509766
"1,1,0,1,0,1,0,1,0,0,0,0,1,1,1,1,0,0,1,1,0",0.5333333333333333,0.5,0.5033482142857143,0.5,0.07142857142857142,0.125,0.5044642857142857,0.2155139446258545
"1,1,0,0,1,0,1,0,0,1,1,1,1,1,0,0,1,1,0,1,0",0.5,0.5,0.5033482142857143,0.47058823529411764,0.5714285714285714,0.5161290322580645,0.5044642857142857,0.2139575481414795
"1,0,1,0,0,1,0,0,1,0,0,0,0,1,0,1,1,1,0,1,1",0.5333333333333333,0.5,0.5033482142857143,0.5,0.07142857142857142,0.125,0.5044642857142857,0.20528125762939453
"1,0,0,1,1,1,1,1,0,1,0,1,0,1,0,0,0,0,1,0,0",0.5333333333333333,0.5,0.5033482142857143,0.5,0.07142857142857142,0.125,0.5044642857142857,0.14690709114074707
"1,1,0,1,0,1,0,0,0,0,0,0,0,1,0,1,0,0,1,0,0",0.5333333333333333,0.5,0.5033482142857143,0.5,0.07142857142857142,0.125,0.5044642857142857,0.1562349796295166
"1,1,0,0,1,1,0,1,0,0,0,0,0,0,0,0,0,0,1,0,0",0.5333333333333333,0.5,0.5033482142857143,0.5,0.07142857142857142,0.125,0.5044642857142857,0.15479040145874023
"1,0,1,1,0,1,0,1,1,1,0,1,0,1,0,0,0,1,0,1,0",0.5333333333333333,0.5,0.5033482142857143,0.5,0.07142857142857142,0.125,0.5044642857142857,0.2046830654144287
"1,1,1,0,0,0,0,0,1,1,1,0,0,0,1,0,1,1,1,1,0",0.5333333333333333,0.5,0.5033482142857143,0.5,0.07142857142857142,0.125,0.5044642857142857,0.19428586959838867
"1,0,0,1,1,1,0,0,1,1,0,1,1,1,0,0,0,0,1,0,0",0.5333333333333333,0.5,0.5033482142857143,0.5,0.07142857142857142,0.125,0.5044642857142857,0.15350961685180664
"1,0,0,0,0,1,0,0,1,0,0,0,1,1,0,1,0,1,0,0,0",0.5,0.5,0.5033482142857143,0.47058823529411764,0.5714285714285714,0.5161290322580645,0.5044642857142857,0.1423940658569336
"0,1,1,0,1,1,1,1,1,0,0,1,0,0,0,1,0,0,1,1,0",0.5333333333333333,0.5,0.5033482142857143,0.5,0.07142857142857142,0.125,0.5044642857142857,0.18054819107055664
"1,1,0,1,0,1,0,0,1,0,0,1,1,1,1,1,0,1,1,1,1",0.5333333333333333,0.5,0.5033482142857143,0.5,0.07142857142857142,0.125,0.5044642857142857,0.2433485984802246
"1,0,0,1,1,0,0,0,1,0,1,1,1,0,1,0,0,0,1,0,1",0.43333333333333335,0.7,0.503125,0.4117647058823529,0.5,0.45161290322580644,0.4375,0.20670652389526367
"0,1,1,0,0,0,1,1,0,0,0,1,1,0,1,1,0,1,0,1,1",0.4666666666666667,0.7,0.503125,0.0,0.0,0.0,0.4375,0.22118735313415527
"1,1,1,0,1,0,0,1,0,1,0,0,1,0,0,0,1,0,1,0,1",0.5,0.6,0.5015625,0.0,0.0,0.0,0.46875,0.20582985877990723
"1,0,1,1,0,0,0,1,0,0,1,1,0,0,1,0,0,0,0,0,0",0.4666666666666667,0.6,0.5015625,0.4375,0.5,0.4666666666666667,0.46875,0.14669132232666016
"0,1,1,1,0,0,1,1,0,1,1,0,1,0,1,1,0,1,0,1,0",0.5,0.6,0.5015625,0.0,0.0,0.0,0.46875,0.23856401443481445
"1,1,0,0,0,0,0,1,0,1,0,0,0,1,1,1,1,1,1,1,0",0.4666666666666667,0.6,0.5015625,0.4375,0.5,0.4666666666666667,0.46875,0.1997973918914795
"0,1,0,0,0,1,0,1,0,0,0,0,0,0,0,1,0,1,0,1,0",0.4666666666666667,0.6,0.5015625,0.4375,0.5,0.4666666666666667,0.46875,0.18828940391540527
"0,1,0,1,0,0,1,1,0,0,0,1,1,0,1,0,1,1,0,0,0",0.5,0.6,0.5015625,0.0,0.0,0.0,0.46875,0.1754605770111084
"1,0,0,0,0,1,1,0,0,0,0,1,1,0,0,0,0,1,1,1,1",0.4666666666666667,0.6,0.5015625,0.4375,0.5,0.4666666666666667,0.46875,0.20420479774475098
"1,1,1,0,0,0,1,1,0,1,1,1,0,0,0,0,1,0,1,0,1",0.5,0.6,0.5015625,0.0,0.0,0.0,0.46875,0.22617530822753906
"1,1,1,1,0,1,1,1,1,1,1,1,1,0,0,1,0,0,1,0,1",0.4666666666666667,0.6,0.5015625,0.4375,0.5,0.4666666666666667,0.46875,0.2242424488067627
"1,0,1,0,0,0,1,0,1,1,0,1,0,0,0,0,1,1,0,0,1",0.5,0.6,0.5015625,0.0,0.0,0.0,0.46875,0.22374510765075684
"0,1,1,1,1,0,0,1,1,1,1,0,0,0,0,1,1,0,1,1,1",0.4666666666666667,0.6,0.5015625,0.4375,0.5,0.4666666666666667,0.46875,0.2584507465362549
"0,1,0,0,0,0,1,0,0,0,1,1,0,1,0,1,0,1,1,1,0",0.4666666666666667,0.6,0.5015625,0.4375,0.5,0.4666666666666667,0.46875,0.18573904037475586
"1,0,0,0,1,0,0,0,1,0,1,0,1,1,1,1,0,0,0,0,0",0.4666666666666667,0.6,0.5015625,0.4375,0.5,0.4666666666666667,0.46875,0.1827056407928466
"1,0,0,0,0,0,0,1,1,0,1,0,0,1,1,0,1,0,1,0,0",0.4666666666666667,0.6,0.5015625,0.4375,0.5,0.4666666666666667,0.46875,0.19257283210754395
"1,0,0,0,0,0,1,1,1,0,1,1,1,0,0,0,1,1,0,1,1",0.5,0.6,0.5015625,0.0,0.0,0.0,0.46875,0.23872661590576172
"1,1,0,0,1,0,1,0,1,0,0,0,0,0,0,0,1,1,0,0,0",0.4,0.8,0.5013392857142858,0.375,0.42857142857142855,0.4,0.4017857142857143,0.1438887119293213
"1,0,0,1,1,0,1,0,0,0,0,0,1,1,0,0,1,1,1,0,0",0.4,0.8,0.5013392857142858,0.375,0.42857142857142855,0.4,0.4017857142857143,0.13576841354370117
"1,0,1,0,0,0,0,0,0,0,0,0,0,1,0,0,1,0,0,1,0",0.4,0.8,0.5013392857142858,0.375,0.42857142857142855,0.4,0.4017857142857143,0.14880943298339844
"0,0,1,0,0,0,0,1,0,1,0,0,0,1,0,0,1,0,1,1,0",0.4,0.8,0.5013392857142858,0.375,0.42857142857142855,0.4,0.4017857142857143,0.15973758697509766
"0,1,0,1,1,0,0,0,1,0,0,0,0,0,0,0,1,1,0,0,0",0.4,0.8,0.5013392857142858,0.375,0.42857142857142855,0.4,0.4017857142857143,0.14575743675231934
"0,0,0,1,0,1,0,0,0,1,0,0,1,0,1,1,0,0,0,0,0",0.4666666666666667,0.5,0.5,0.4666666666666667,1.0,0.6363636363636364,0.5,0.1739649772644043
"0,0,0,1,1,0,0,0,1,1,0,1,1,1,0,1,1,1,0,0,0",0.5333333333333333,0.5,0.5,0.0,0.0,0.0,0.5,0.16237807273864746
"0,1,1,1,0,0,0,0,0,1,0,1,0,0,1,0,1,1,0,0,1",0.5,0.5,0.5,0.4666666666666667,0.5,0.4827586206896552,0.5,0.22398591041564941
"0,0,0,1,1,0,0,0,1,0,1,0,1,1,1,0,0,0,0,0,0",0.5333333333333333,0.5,0.5,0.0,0.0,0.0,0.5,0.14248156547546387
"1,1,1,0,1,0,1,0,1,1,1,1,1,0,0,0,0,0,1,1,1",0.5333333333333333,0.5,0.5,0.0,0.0,0.0,0.5,0.20104622840881348
"1,0,0,1,1,0,0,0,1,1,0,1,0,1,0,0,1,1,0,0,1",0.5333333333333333,0.5,0.5,0.0,0.0,0.0,0.5,0.22433042526245117
"1,1,0,1,1,1,0,0,0,0,1,1,1,0,1,1,0,0,0,1,0",0.4666666666666667,0.5,0.5,0.4666666666666667,1.0,0.6363636363636364,0.5,0.1838970184326172
"0,0,1,0,1,0,0,0,1,0,1,1,1,1,0,0,0,0,1,1,0",0.5333333333333333,0.5,0.5,0.0,0.0,0.0,0.5,0.16945719718933105
"0,0,1,1,1,1,0,1,0,0,0,0,0,1,1,1,1,0,1,1,1",0.5333333333333333,0.5,0.5,0.0,0.0,0.0,0.5,0.2177746295928955
"0,1,1,1,0,0,1,0,1,0,0,1,1,1,1,1,0,0,1,1,0",0.4666666666666667,0.5,0.5,0.4666666666666667,1.0,0.6363636363636364,0.5,0.22470641136169434
"1,0,0,1,1,0,0,0,0,0,0,1,1,0,0,1,1,1,0,0,0",0.5333333333333333,0.5,0.5,0.0,0.0,0.0,0.5,0.15496468544006348
"1,1,1,0,1,1,0,0,1,1,1,1,0,1,1,1,0,0,1,0,0",0.4666666666666667,0.5,0.5,0.4666666666666667,1.0,0.6363636363636364,0.5,0.18785953521728516
"1,1,0,1,1,0,1,1,0,1,1,1,0,0,1,0,1,0,1,0,1",0.4666666666666667,0.5,0.5,0.4666666666666667,1.0,0.6363636363636364,0.5,0.21785402297973633
"0,0,1,1,1,0,0,1,0,1,0,0,1,0,0,0,1,1,1,1,0",0.4666666666666667,0.5,0.5,0.4666666666666667,1.0,0.6363636363636364,0.5,0.21323609352111816
"1,1,0,0,0,0,0,0,1,1,1,0,1,0,1,0,1,1,1,1,1",0.5333333333333333,0.5,0.5,0.0,0.0,0.0,0.5,0.19972562789916992
"1,0,1,0,0,1,0,0,1,1,1,1,1,0,1,1,1,1,0,1,0",0.4666666666666667,0.5,0.5,0.4666666666666667,1.0,0.6363636363636364,0.5,0.18052172660827637
"0,1,0,1,1,0,0,1,0,0,0,0,0,1,1,0,1,0,1,0,1",0.5333333333333333,0.5,0.5,0.0,0.0,0.0,0.5,0.2039952278137207
"1,1,1,1,1,1,1,0,1,0,0,0,1,1,1,1,0,0,1,0,0",0.4666666666666667,0.5,0.5,0.4666666666666667,1.0,0.6363636363636364,0.5,0.1753530502319336
"1,1,1,1,0,1,0,0,0,0,0,1,0,1,1,0,0,1,0,0,0",0.4666666666666667,0.5,0.5,0.4666666666666667,1.0,0.6363636363636364,0.5,0.17729973793029785
"1,1,1,1,1,0,1,1,0,1,0,1,1,1,1,1,1,1,1,1,0",0.5333333333333333,0.5,0.5,0.0,0.0,0.0,0.5,0.20179390907287598
"0,0,1,0,0,0,0,0,1,1,0,0,0,1,1,0,1,1,1,1,1",0.5333333333333333,0.5,0.5,0.0,0.0,0.0,0.5,0.2239527702331543
"1,0,1,1,0,1,0,1,1,1,0,1,0,1,0,1,1,0,0,1,0",0.5333333333333333,0.5,0.5,0.0,0.0,0.0,0.5,0.2122797966003418
"0,1,0,1,0,0,0,0,0,0,1,1,0,0,0,1,1,0,1,1,1",0.5333333333333333,0.5,0.5,0.0,0.0,0.0,0.5,0.1994173526763916
"1,1,0,0,1,0,0,0,0,0,0,0,1,0,0,1,1,1,1,1,0",0.4666666666666667,0.5,0.5,0.4666666666666667,1.0,0.6363636363636364,0.5,0.17324376106262207
"0,0,0,1,0,1,0,1,0,0,0,1,0,1,1,0,1,0,1,0,1",0.4666666666666667,0.5,0.5,0.4666666666666667,1.0,0.6363636363636364,0.5,0.19399619102478027
"1,1,1,1,0,1,0,1,1,0,0,1,1,1,1,0,0,1,0,0,1",0.4666666666666667,0.5,0.5,0.4666666666666667,1.0,0.6363636363636364,0.5,0.19197702407836914
"0,1,0,0,1,1,1,1,0,0,0,0,1,0,0,1,1,0,0,0,1",0.5333333333333333,0.5,0.5,0.0,0.0,0.0,0.5,0.17697548866271973
"0,0,0,0,1,0,0,0,0,1,0,0,0,0,1,1,1,1,0,1,0",0.5333333333333333,0.5,0.5,0.0,0.0,0.0,0.5,0.18423676490783691
"1,0,1,1,1,0,0,1,1,0,1,1,0,1,0,1,1,0,1,0,1",0.5333333333333333,0.5,0.5,0.0,0.0,0.0,0.5,0.23181438446044922
"1,1,1,0,0,0,1,1,1,0,0,1,0,0,1,0,0,1,0,0,0",0.5333333333333333,0.5,0.5,0.0,0.0,0.0,0.5,0.17165613174438477
"0,0,1,1,1,1,0,0,1,0,1,1,1,0,0,0,1,1,1,0,0",0.5,0.5,0.5,0.4666666666666667,0.5,0.4827586206896552,0.5,0.19324231147766113
"1,0,1,1,1,1,0,0,0,1,0,0,0,0,0,1,0,1,1,0,0",0.4666666666666667,0.5,0.5,0.4666666666666667,1.0,0.6363636363636364,0.5,0.15212082862854004
"1,1,1,0,0,1,0,1,0,0,0,0,1,1,1,1,0,1,1,1,1",0.5333333333333333,0.5,0.5,0.0,0.0,0.0,0.5,0.1916818618774414
"1,1,0,1,1,1,0,0,0,0,0,1,0,1,1,1,0,1,0,0,0",0.4666666666666667,0.5,0.5,0.4666666666666667,1.0,0.6363636363636364,0.5,0.16690874099731445
"1,1,1,0,0,0,0,0,1,1,1,0,0,0,1,0,1,0,1,1,0",0.5333333333333333,0.5,0.5,0.0,0.0,0.0,0.5,0.18519806861877441
"1,0,1,0,1,1,0,0,1,0,0,0,0,0,1,1,0,1,0,1,0",0.5333333333333333,0.5,0.5,0.0,0.0,0.0,0.5,0.20300030708312988
"1,0,1,0,0,0,0,0,0,0,0,0,0,0,1,0,1,0,0,0,0",0.5333333333333333,0.5,0.5,0.0,0.0,0.0,0.5,0.142228364944458
"0,0,1,0,0,0,0,0,0,0,1,0,0,0,1,1,0,1,0,1,1",0.5333333333333333,0.5,0.5,0.0,0.0,0.0,0.5,0.19322657585144043
"1,1,1,0,0,1,0,1,0,1,0,1,1,0,1,0,0,0,1,1,0",0.5333333333333333,0.5,0.5,0.0,0.0,0.0,0.5,0.17586445808410645
"0,1,0,1,0,0,1,1,1,0,0,1,1,0,1,1,1,0,0,0,0",0.5,0.5,0.5,0.4666666666666667,0.5,0.4827586206896552,0.5,0.15369033813476562
"1,0,1,1,1,1,1,1,1,1,1,1,1,1,0,1,1,0,1,1,0",0.4666666666666667,0.5,0.5,0.4666666666666667,1.0,0.6363636363636364,0.5,0.20797324180603027
"0,0,1,0,1,1,1,1,0,1,0,0,1,0,0,0,1,1,1,1,0",0.5333333333333333,0.5,0.5,0.0,0.0,0.0,0.5,0.20203375816345215
"0,0,0,1,0,1,0,1,1,0,0,0,1,0,1,1,0,0,0,0,0",0.4666666666666667,0.5,0.5,0.4666666666666667,1.0,0.6363636363636364,0.5,0.14319849014282227
"1,1,0,1,0,0,0,1,1,0,0,0,1,0,0,0,0,1,1,1,0",0.5333333333333333,0.5,0.5,0.0,0.0,0.0,0.5,0.2140653133392334
"0,0,1,0,1,0,0,0,0,0,1,1,0,0,0,1,1,0,1,1,1",0.5333333333333333,0.5,0.5,0.0,0.0,0.0,0.5,0.20731854438781738
"1,1,0,0,1,0,0,1,1,0,1,0,0,0,0,0,1,1,1,1,1",0.5333333333333333,0.5,0.5,0.0,0.0,0.0,0.5,0.1764371395111084
"0,0,0,0,1,1,0,0,1,0,0,0,1,1,1,0,0,0,1,0,0",0.4666666666666667,0.5,0.5,0.4666666666666667,1.0,0.6363636363636364,0.5,0.17892670631408691
"1,1,1,1,1,0,0,0,0,1,0,0,1,0,1,0,1,0,0,0,1",0.4666666666666667,0.5,0.5,0.4666666666666667,1.0,0.6363636363636364,0.5,0.21920490264892578
"1,1,0,1,1,0,1,1,1,0,0,1,0,1,0,1,0,1,1,0,1",0.4666666666666667,0.5,0.5,0.4666666666666667,1.0,0.6363636363636364,0.5,0.23939847946166992
"1,1,0,1,0,1,0,0,0,0,0,0,1,1,0,1,0,0,1,1,0",0.5333333333333333,0.5,0.5,0.0,0.0,0.0,0.5,0.16263198852539062
"0,1,0,1,0,0,0,0,1,0,0,0,0,0,0,0,1,0,1,1,1",0.5333333333333333,0.5,0.5,0.0,0.0,0.0,0.5,0.2109661102294922
"0,0,0,1,1,0,0,0,1,1,1,1,1,1,1,0,1,0,0,0,0",0.5333333333333333,0.5,0.5,0.0,0.0,0.0,0.5,0.19301247596740723
"0,0,0,0,0,1,0,0,1,1,0,0,0,1,0,1,1,1,0,1,0",0.4666666666666667,0.5,0.5,0.4666666666666667,1.0,0.6363636363636364,0.5,0.20337915420532227
"0,0,1,1,0,0,0,0,0,0,1,1,0,0,1,1,0,0,0,0,0",0.5333333333333333,0.5,0.5,0.0,0.0,0.0,0.5,0.15453672409057617
"0,0,0,1,1,0,0,0,1,1,1,1,1,1,1,0,0,0,0,0,0",0.5333333333333333,0.5,0.5,0.0,0.0,0.0,0.5,0.1710071563720703
"1,0,1,0,0,0,0,1,0,0,0,0,0,0,1,1,1,0,0,1,0",0.5333333333333333,0.5,0.5,0.0,0.0,0.0,0.5,0.17389726638793945
"0,1,1,0,0,1,1,1,1,0,0,0,0,0,1,1,0,0,1,1,1",0.5333333333333333,0.5,0.5,0.0,0.0,0.0,0.5,0.19293475151062012
"0,1,1,1,1,1,0,0,1,0,0,0,1,1,1,1,0,1,0,0,0",0.4666666666666667,0.5,0.5,0.4666666666666667,1.0,0.6363636363636364,0.5,0.18044424057006836
"0,1,1,1,0,0,0,0,0,1,1,1,1,1,0,1,0,1,0,0,0",0.4666666666666667,0.5,0.5,0.4666666666666667,1.0,0.6363636363636364,0.5,0.18873047828674316
"0,1,0,0,1,0,1,0,1,0,0,0,0,0,1,0,1,0,1,0,0",0.5,0.5,0.5,0.4666666666666667,0.5,0.4827586206896552,0.5,0.17413616180419922
"0,1,1,0,1,1,1,0,1,1,1,0,0,1,1,1,1,1,1,0,1",0.5333333333333333,0.5,0.5,0.0,0.0,0.0,0.5,0.21275973320007324
"0,1,0,1,0,0,1,0,0,0,1,0,1,0,0,1,1,1,0,0,0",0.5333333333333333,0.5,0.5,0.0,0.0,0.0,0.5,0.18624353408813477
"0,0,0,1,1,1,1,0,0,0,0,1,1,0,1,0,0,1,1,0,0",0.5333333333333333,0.5,0.5,0.0,0.0,0.0,0.5,0.182481050491333
"1,1,1,0,0,0,0,0,1,1,1,0,0,0,0,0,1,1,0,0,0",0.5333333333333333,0.5,0.5,0.0,0.0,0.0,0.5,0.17218470573425293
"1,1,1,1,0,1,0,1,0,1,0,0,0,0,1,0,0,0,0,0,0",0.4666666666666667,0.5,0.5,0.4666666666666667,1.0,0.6363636363636364,0.5,0.1548161506652832
"0,0,0,1,1,0,0,0,1,0,1,1,1,0,0,1,0,0,1,1,0",0.5333333333333333,0.5,0.5,0.0,0.0,0.0,0.5,0.20074963569641113
"0,1,0,0,1,1,1,0,1,0,0,1,1,0,1,0,0,1,0,0,0",0.5333333333333333,0.5,0.5,0.0,0.0,0.0,0.5,0.2080278396606445
"1,1,0,1,1,0,1,0,1,1,0,1,0,1,0,1,0,0,1,0,1",0.43333333333333335,0.7,0.4997767857142857,0.4,0.42857142857142855,0.41379310344827586,0.4330357142857143,0.20703125
"1,1,0,1,1,1,1,1,0,0,1,0,1,0,1,0,1,0,1,1,1",0.43333333333333335,0.7,0.4997767857142857,0.4,0.42857142857142855,0.41379310344827586,0.4330357142857143,0.1977522373199463
"0,1,1,1,0,1,1,0,0,1,1,1,1,0,1,1,1,0,0,1,0",0.5333333333333333,0.4,0.4984375,0.5,0.5,0.5,0.53125,0.17348170280456543
"0,1,1,1,0,0,0,1,1,0,0,1,0,1,1,1,0,1,1,0,1",0.5333333333333333,0.4,0.4984375,0.5,0.5,0.5,0.53125,0.24443411827087402
"0,0,0,0,0,1,1,1,1,0,1,0,0,0,0,0,1,1,1,1,0",0.5,0.4,0.4984375,0.4827586206896552,1.0,0.6511627906976745,0.53125,0.20212483406066895
"0,0,0,1,0,1,1,0,1,0,0,0,0,0,0,0,1,0,1,1,0",0.43333333333333335,0.6,0.4982142857142857,0.4482758620689655,0.9285714285714286,0.6046511627906976,0.4642857142857143,0.1857306957244873
"1,0,0,0,0,1,1,1,0,1,1,0,1,1,0,0,1,1,1,1,1",0.43333333333333335,0.6,0.4982142857142857,0.4482758620689655,0.9285714285714286,0.6046511627906976,0.4642857142857143,0.21514678001403809
"0,0,0,1,0,1,1,1,1,1,0,1,0,0,0,0,0,0,1,1,0",0.43333333333333335,0.6,0.4982142857142857,0.4482758620689655,0.9285714285714286,0.6046511627906976,0.4642857142857143,0.18988299369812012
"1,1,0,0,0,1,0,0,0,0,1,1,1,0,0,0,0,1,1,0,1",0.43333333333333335,0.6,0.4982142857142857,0.4482758620689655,0.9285714285714286,0.6046511627906976,0.4642857142857143,0.1891951560974121
"1,1,0,1,1,1,0,0,0,1,1,0,1,1,1,0,0,0,0,1,0",0.43333333333333335,0.6,0.4982142857142857,0.4482758620689655,0.9285714285714286,0.6046511627906976,0.4642857142857143,0.18575453758239746
"1,1,1,1,1,1,1,0,0,0,0,1,1,0,0,0,1,0,0,0,1",0.4666666666666667,0.5,0.4966517857142857,0.4642857142857143,0.9285714285714286,0.6190476190476191,0.4955357142857143,0.19432330131530762
"1,1,0,0,0,1,0,1,0,1,0,1,1,1,0,0,1,0,0,1,1",0.4666666666666667,0.5,0.4966517857142857,0.4642857142857143,0.9285714285714286,0.6190476190476191,0.4955357142857143,0.19719433784484863
"1,1,0,0,1,1,1,1,0,0,1,0,0,1,0,0,1,0,0,1,0",0.5,0.5,0.4966517857142857,0.46153846153846156,0.42857142857142855,0.4444444444444444,0.4955357142857143,0.1866161823272705
"0,1,0,1,1,1,0,0,0,0,0,0,0,1,1,0,0,0,0,0,0",0.5,0.5,0.4966517857142857,0.46153846153846156,0.42857142857142855,0.4444444444444444,0.4955357142857143,0.13161349296569824
"1,0,0,1,1,1,1,1,0,0,1,0,0,0,0,0,1,0,0,0,0",0.5,0.5,0.4966517857142857,0.46153846153846156,0.42857142857142855,0.4444444444444444,0.4955357142857143,0.1588273048400879
"0,0,1,1,1,1,1,0,1,0,0,0,0,0,0,0,1,1,0,0,0",0.5,0.5,0.4966517857142857,0.46153846153846156,0.42857142857142855,0.4444444444444444,0.4955357142857143,0.152512788772583
"1,0,0,1,1,1,1,0,0,1,1,1,1,1,0,0,0,1,0,1,0",0.4666666666666667,0.5,0.4966517857142857,0.4642857142857143,0.9285714285714286,0.6190476190476191,0.4955357142857143,0.20623421669006348
"1,1,0,1,0,1,1,0,0,0,1,0,1,0,0,1,0,0,0,0,0",0.5,0.5,0.4966517857142857,0.46153846153846156,0.42857142857142855,0.4444444444444444,0.4955357142857143,0.14909648895263672
"0,1,1,0,1,0,1,0,0,1,0,0,1,1,1,1,1,0,1,1,1",0.4666666666666667,0.5,0.4966517857142857,0.4642857142857143,0.9285714285714286,0.6190476190476191,0.4955357142857143,0.21894311904907227
"1,0,0,0,0,1,1,0,0,0,0,1,1,0,0,0,0,1,1,1,0",0.5,0.5,0.4966517857142857,0.4615384615384615,0.4285714285714285,0.4444444444444444,0.4955357142857143,0.1857938766479492
"1,1,1,1,1,1,1,1,0,1,0,0,1,1,1,0,1,1,1,1,1",0.4666666666666667,0.5,0.4966517857142857,0.4642857142857143,0.9285714285714286,0.6190476190476191,0.4955357142857143,0.23534798622131348
"1,1,0,1,0,0,0,0,0,0,1,1,0,0,0,1,1,0,1,1,0",0.5,0.5,0.4966517857142857,0.46153846153846156,0.42857142857142855,0.4444444444444444,0.4955357142857143,0.18611645698547363
"0,0,1,1,1,0,0,1,1,0,0,1,0,1,1,0,0,1,1,0,1",0.43333333333333335,0.7,0.49642857142857144,0.38461538461538464,0.35714285714285715,0.37037037037037035,0.4285714285714286,0.22524642944335938
"0,1,0,0,1,1,1,0,0,1,1,0,1,1,1,0,0,0,0,1,0",0.43333333333333335,0.7,0.49642857142857144,0.38461538461538464,0.35714285714285715,0.37037037037037035,0.4285714285714286,0.16270208358764648
"1,1,0,1,1,1,0,0,1,1,1,1,1,1,0,1,1,1,1,0,1",0.4,0.7,0.4964285714285714,0.42857142857142855,0.8571428571428571,0.5714285714285714,0.42857142857142855,0.22033095359802246
"0,1,1,1,1,0,1,1,0,1,0,1,1,0,0,0,0,1,1,0,0",0.5333333333333333,0.4,0.4950892857142857,0.5,0.42857142857142855,0.46153846153846156,0.5267857142857143,0.19725680351257324
"1,0,0,0,0,1,1,1,0,0,0,0,1,1,0,1,1,0,0,1,1",0.5333333333333333,0.4,0.4950892857142857,0.5,0.42857142857142855,0.46153846153846156,0.5267857142857143,0.19502639770507812
"1,0,1,0,1,0,1,0,0,0,0,1,1,1,1,0,0,1,1,0,0",0.5,0.4,0.4950892857142857,0.48148148148148145,0.9285714285714286,0.6341463414634146,0.5267857142857143,0.17467808723449707
"0,1,1,1,1,0,1,1,0,1,0,1,1,1,0,0,1,1,0,0,0",0.5333333333333333,0.4,0.4950892857142857,0.5,0.42857142857142855,0.46153846153846156,0.5267857142857143,0.1826944351196289
"0,1,1,1,1,0,1,1,1,0,0,1,1,1,0,0,1,1,0,0,0",0.5333333333333333,0.4,0.4950892857142857,0.5,0.42857142857142855,0.46153846153846156,0.5267857142857143,0.18484997749328613
"0,0,1,0,1,1,0,0,0,1,1,1,1,0,1,0,0,1,0,1,0",0.5,0.4,0.4950892857142857,0.48148148148148145,0.9285714285714286,0.6341463414634146,0.5267857142857143,0.21118998527526855
"0,1,1,1,1,0,1,1,0,1,0,1,1,0,0,0,0,1,0,0,0",0.5333333333333333,0.4,0.4950892857142857,0.5,0.42857142857142855,0.46153846153846156,0.5267857142857143,0.18249201774597168
"1,1,0,0,0,0,0,1,0,1,0,0,1,0,1,1,0,0,1,1,1",0.43333333333333335,0.6,0.4948660714285714,0.4444444444444444,0.8571428571428571,0.5853658536585366,0.45982142857142855,0.21767163276672363
"1,1,1,0,1,1,1,1,0,0,0,0,0,1,1,1,0,0,0,1,0",0.43333333333333335,0.6,0.4948660714285714,0.4444444444444444,0.8571428571428571,0.5853658536585366,0.45982142857142855,0.19353771209716797
"1,0,0,1,0,1,0,0,0,0,1,1,1,1,0,1,1,1,1,1,1",0.43333333333333335,0.6,0.4948660714285714,0.4444444444444444,0.8571428571428571,0.5853658536585366,0.45982142857142855,0.20839715003967285
"1,1,1,0,1,1,1,0,0,0,0,0,1,0,1,1,1,0,1,0,0",0.43333333333333335,0.6,0.4948660714285714,0.4444444444444444,0.8571428571428571,0.5853658536585366,0.45982142857142855,0.17959213256835938
"1,0,1,0,0,0,0,1,0,0,1,1,1,1,0,0,1,1,1,1,1",0.43333333333333335,0.6,0.4948660714285714,0.4444444444444444,0.8571428571428571,0.5853658536585366,0.45982142857142855,0.2192702293395996
"0,0,1,1,1,0,0,1,1,0,0,0,1,1,0,1,0,1,1,0,1",0.43333333333333335,0.6,0.4948660714285714,0.4444444444444444,0.8571428571428571,0.5853658536585366,0.45982142857142855,0.2082350254058838
"1,1,1,1,0,1,1,1,1,0,0,0,0,0,1,1,1,0,0,0,1",0.43333333333333335,0.6,0.4948660714285714,0.4444444444444444,0.8571428571428571,0.5853658536585366,0.45982142857142855,0.19052410125732422
"1,0,1,1,1,1,0,1,0,0,0,0,1,0,0,0,0,1,0,0,0",0.43333333333333335,0.6,0.4948660714285714,0.4444444444444444,0.8571428571428571,0.5853658536585366,0.45982142857142855,0.15534496307373047
"1,1,0,1,1,1,1,0,0,0,1,0,0,0,0,0,1,0,1,1,0",0.43333333333333335,0.6,0.4948660714285714,0.4444444444444444,0.8571428571428571,0.5853658536585366,0.45982142857142855,0.16701912879943848
"0,1,1,1,1,0,0,1,1,1,1,1,0,0,0,1,0,1,0,0,0",0.43333333333333335,0.6,0.4948660714285714,0.4444444444444444,0.8571428571428571,0.5853658536585366,0.45982142857142855,0.1712191104888916
"0,1,1,1,1,0,0,1,0,1,1,1,0,0,0,1,1,1,0,0,0",0.43333333333333335,0.6,0.4948660714285714,0.4444444444444444,0.8571428571428571,0.5853658536585366,0.45982142857142855,0.17554283142089844
"0,1,1,1,1,0,0,1,0,0,1,0,0,1,0,0,1,0,0,1,1",0.4,0.8,0.49464285714285716,0.3333333333333333,0.2857142857142857,0.3076923076923077,0.39285714285714285,0.21295905113220215
"0,1,1,1,1,0,1,0,0,0,1,0,0,0,1,0,0,1,0,0,1",0.5,0.5,0.49330357142857145,0.45454545454545453,0.35714285714285715,0.4,0.4910714285714286,0.21670293807983398
"0,1,1,0,0,1,0,0,1,1,0,1,1,0,1,1,1,0,0,1,0",0.5,0.5,0.4933035714285714,0.4545454545454545,0.3571428571428571,0.4,0.4910714285714286,0.2195839881896972
"0,0,0,0,0,1,1,1,1,1,0,0,0,1,1,0,0,1,1,1,0",0.4666666666666667,0.5,0.4933035714285714,0.46153846153846156,0.8571428571428571,0.6,0.49107142857142855,0.19420647621154785
"1,0,0,0,1,0,0,0,1,1,1,0,1,0,1,0,1,1,0,0,1",0.4666666666666667,0.5,0.4933035714285714,0.46153846153846156,0.8571428571428571,0.6,0.49107142857142855,0.1991121768951416
"0,0,0,1,1,1,1,0,1,0,0,0,0,0,1,0,1,1,0,0,1",0.4666666666666667,0.5,0.4933035714285714,0.46153846153846156,0.8571428571428571,0.6,0.49107142857142855,0.1908280849456787
"0,1,1,1,0,0,1,0,0,1,1,1,1,0,0,0,0,1,0,0,1",0.4666666666666667,0.5,0.4933035714285714,0.46153846153846156,0.8571428571428571,0.6,0.49107142857142855,0.20443058013916016
"0,0,1,0,0,1,1,0,0,1,0,0,0,0,0,0,0,1,0,1,0",0.4666666666666667,0.5,0.4933035714285714,0.46153846153846156,0.8571428571428571,0.6,0.49107142857142855,0.1667952537536621
"0,1,0,1,0,0,0,0,0,0,0,1,0,1,0,1,0,1,0,1,0",0.4666666666666667,0.5,0.4933035714285714,0.46153846153846156,0.8571428571428571,0.6,0.49107142857142855,0.16498064994812012
"0,1,1,1,1,0,1,1,1,0,0,1,0,0,1,0,0,1,0,1,0",0.4666666666666667,0.5,0.4933035714285714,0.46153846153846156,0.8571428571428571,0.6,0.49107142857142855,0.21924281120300293
"0,1,0,0,0,0,1,0,0,0,0,1,0,0,0,0,1,1,1,0,1",0.43333333333333335,0.7,0.49308035714285714,0.36363636363636365,0.2857142857142857,0.32,0.42410714285714285,0.22499656677246094
"1,0,1,0,0,0,0,0,0,1,1,0,0,0,1,1,0,1,1,1,1",0.43333333333333335,0.7,0.49308035714285714,0.36363636363636365,0.2857142857142857,0.32,0.42410714285714285,0.19027400016784668
"1,1,1,0,1,1,1,1,1,0,0,1,0,0,0,1,0,0,1,1,0",0.43333333333333335,0.7,0.49308035714285714,0.36363636363636365,0.2857142857142857,0.32,0.42410714285714285,0.2241230010986328
"1,0,1,1,1,1,0,1,0,1,0,1,0,0,0,0,1,1,1,1,0",0.4,0.7,0.49308035714285714,0.4230769230769231,0.7857142857142857,0.55,0.42410714285714285,0.18202996253967285
"1,1,0,1,0,0,1,1,1,0,1,1,1,1,1,1,1,0,0,0,1",0.43333333333333335,0.7,0.49308035714285714,0.36363636363636365,0.2857142857142857,0.32,0.42410714285714285,0.218505859375
"1,1,0,0,0,0,1,1,0,1,0,1,1,0,0,0,0,1,1,0,1",0.43333333333333335,0.7,0.49308035714285714,0.36363636363636365,0.2857142857142857,0.32,0.42410714285714285,0.212385892868042
"1,0,0,0,1,0,1,1,0,1,0,1,0,1,1,1,0,0,0,0,1",0.36666666666666664,0.9,0.4928571428571429,0.2727272727272727,0.21428571428571427,0.24,0.35714285714285715,0.19345951080322266
"1,1,0,1,1,1,0,0,0,1,1,1,0,0,0,0,0,1,0,1,0",0.43333333333333335,0.6,0.4915178571428571,0.44,0.7857142857142857,0.5641025641025641,0.45535714285714285,0.18472909927368164
"0,1,0,0,1,1,0,0,1,1,1,1,0,0,0,0,0,1,1,0,1",0.43333333333333335,0.6,0.4915178571428571,0.44,0.7857142857142857,0.5641025641025641,0.45535714285714285,0.19809365272521973
"0,0,0,0,1,1,0,0,1,0,1,0,0,1,1,0,1,0,0,0,1",0.43333333333333335,0.6,0.4915178571428571,0.44,0.7857142857142857,0.5641025641025641,0.45535714285714285,0.17353606224060059
"0,1,1,1,1,0,1,1,1,0,1,0,1,0,1,1,0,0,1,0,0",0.4666666666666667,0.6,0.4915178571428571,0.4,0.2857142857142857,0.3333333333333333,0.45535714285714285,0.17711687088012695
"0,1,0,0,0,1,1,0,0,1,1,1,0,0,0,0,1,1,0,0,1",0.43333333333333335,0.6,0.4915178571428571,0.44,0.7857142857142857,0.5641025641025641,0.45535714285714285,0.19469690322875977
"1,1,1,1,0,1,0,0,1,0,1,0,0,1,0,0,0,1,1,1,1",0.36666666666666664,0.8,0.49129464285714286,0.4,0.7142857142857143,0.5128205128205128,0.38839285714285715,0.19533181190490723
"1,1,0,1,1,1,0,0,1,0,1,0,1,0,1,1,0,1,0,0,0",0.36666666666666664,0.8,0.49129464285714286,0.4,0.7142857142857143,0.5128205128205128,0.38839285714285715,0.1813664436340332
"1,1,1,0,1,1,1,1,0,1,1,0,1,1,0,0,1,1,1,0,0",0.36666666666666664,0.8,0.49129464285714286,0.4,0.7142857142857143,0.5128205128205128,0.38839285714285715,0.1799774169921875
"1,1,0,1,1,1,0,0,0,0,1,0,0,1,1,1,0,1,0,0,0",0.36666666666666664,0.8,0.49129464285714286,0.4,0.7142857142857143,0.5128205128205128,0.38839285714285715,0.19428586959838867
"0,0,0,1,1,0,0,1,1,0,0,0,0,0,0,1,1,0,0,1,1",0.4666666666666667,0.5,0.48995535714285715,0.4583333333333333,0.7857142857142857,0.5789473684210527,0.48660714285714285,0.1887950897216797
"0,0,0,1,1,0,0,0,1,0,0,1,1,1,1,0,1,1,0,0,1",0.4666666666666667,0.5,0.48995535714285715,0.4583333333333333,0.7857142857142857,0.5789473684210527,0.48660714285714285,0.18595027923583984
"0,0,1,0,0,1,0,1,1,1,1,1,0,1,0,0,0,0,0,0,1",0.4666666666666667,0.5,0.48995535714285715,0.4583333333333333,0.7857142857142857,0.5789473684210527,0.48660714285714285,0.19306612014770508
"0,1,0,1,0,0,1,1,0,1,0,1,1,0,0,0,0,1,1,0,1",0.5,0.5,0.48995535714285715,0.4444444444444444,0.2857142857142857,0.34782608695652173,0.48660714285714285,0.21445202827453613
"0,1,0,0,0,1,1,0,1,0,1,1,1,0,1,1,1,1,0,0,1",0.5,0.5,0.48995535714285715,0.4444444444444444,0.2857142857142857,0.34782608695652173,0.48660714285714285,0.17965197563171387
"0,1,1,1,0,0,1,1,1,1,0,1,0,1,1,0,0,1,1,1,1",0.4666666666666667,0.5,0.48995535714285715,0.4583333333333333,0.7857142857142857,0.5789473684210527,0.48660714285714285,0.2221050262451172
"0,1,0,1,1,0,0,1,1,0,1,1,1,1,0,0,0,1,0,0,0",0.4666666666666667,0.5,0.48995535714285715,0.4583333333333333,0.7857142857142857,0.5789473684210527,0.48660714285714285,0.17808103561401367
"0,0,0,1,1,1,0,1,0,1,0,1,1,0,0,1,1,1,1,1,1",0.4666666666666667,0.5,0.48995535714285715,0.4583333333333333,0.7857142857142857,0.5789473684210527,0.48660714285714285,0.21477866172790527
"0,0,1,0,0,0,0,1,0,1,1,1,0,1,1,0,1,1,0,0,1",0.4666666666666667,0.5,0.48995535714285715,0.4583333333333333,0.7857142857142857,0.5789473684210527,0.48660714285714285,0.1977553367614746
"0,1,1,1,1,1,0,0,1,1,1,0,0,1,0,0,0,0,0,1,1",0.3333333333333333,0.9,0.4895089285714286,0.375,0.6428571428571429,0.4736842105263157,0.3526785714285714,0.2212755680084228
"1,1,1,0,1,0,0,1,1,0,0,1,1,0,1,0,0,0,0,0,1",0.5333333333333333,0.4,0.4883928571428571,0.5,0.2857142857142857,0.36363636363636365,0.5178571428571428,0.15422749519348145
"0,1,0,0,0,1,0,1,0,0,0,0,1,0,1,1,0,1,0,0,0",0.43333333333333335,0.6,0.4881696428571428,0.43478260869565216,0.7142857142857143,0.5405405405405406,0.45089285714285715,0.15753507614135742
"1,0,0,0,0,1,1,1,1,1,0,0,1,1,1,1,0,1,1,1,0",0.4333333333333333,0.6,0.4881696428571428,0.4347826086956521,0.7142857142857143,0.5405405405405406,0.4508928571428571,0.2058005332946777
"0,0,1,0,0,0,0,1,0,0,0,0,1,1,1,1,0,1,0,0,0",0.4666666666666667,0.6,0.4881696428571428,0.375,0.21428571428571427,0.2727272727272727,0.45089285714285715,0.20666742324829102
"1,0,0,0,1,0,0,0,0,0,0,0,1,0,0,0,1,0,0,1,0",0.4666666666666667,0.6,0.4881696428571428,0.375,0.21428571428571427,0.2727272727272727,0.45089285714285715,0.15723156929016113
"1,1,1,0,1,1,1,0,0,1,0,0,1,0,0,1,0,1,0,1,1",0.36666666666666664,0.8,0.4879464285714286,0.391304347826087,0.6428571428571429,0.4864864864864865,0.38392857142857145,0.2064957618713379
"1,0,0,0,0,1,0,0,1,1,1,0,1,0,0,0,1,0,1,1,1",0.36666666666666664,0.8,0.4879464285714286,0.391304347826087,0.6428571428571429,0.4864864864864865,0.38392857142857145,0.23526716232299805
"0,1,0,1,0,0,0,0,1,0,0,0,0,0,0,0,0,0,1,1,0",0.4,0.8,0.48794642857142856,0.25,0.14285714285714285,0.18181818181818182,0.3839285714285714,0.15455889701843262
"1,1,1,0,0,1,1,0,0,0,1,1,0,1,0,1,1,0,1,0,1",0.5,0.5,0.48660714285714285,0.42857142857142855,0.21428571428571427,0.2857142857142857,0.48214285714285715,0.21525120735168457
"0,0,0,0,1,1,1,1,0,1,0,0,0,1,0,0,0,1,0,0,1",0.4666666666666667,0.5,0.48660714285714285,0.45454545454545453,0.7142857142857143,0.5555555555555556,0.48214285714285715,0.1829991340637207
"0,1,0,0,0,0,1,0,1,0,0,0,0,0,1,0,1,0,1,0,1",0.4666666666666667,0.5,0.48660714285714285,0.45454545454545453,0.7142857142857143,0.5555555555555556,0.48214285714285715,0.2199540138244629
"0,1,1,1,1,0,0,0,0,0,1,1,0,0,0,1,1,0,1,1,1",0.43333333333333335,0.7,0.48638392857142854,0.2857142857142857,0.14285714285714285,0.19047619047619047,0.4151785714285714,0.19834327697753906
"0,1,0,1,0,0,1,0,0,1,1,1,1,1,0,1,1,1,1,0,1",0.5333333333333333,0.4,0.48504464285714277,0.5,0.21428571428571427,0.3,0.5133928571428571,0.21317434310913086
"0,0,1,1,1,0,0,0,0,0,1,0,1,0,0,0,1,1,1,1,1",0.43333333333333335,0.6,0.4848214285714286,0.42857142857142855,0.6428571428571429,0.5142857142857142,0.44642857142857145,0.22376489639282227
"0,1,0,0,0,0,0,0,0,1,0,1,0,0,1,0,0,0,0,1,1",0.4666666666666667,0.6,0.48482142857142857,0.3333333333333333,0.14285714285714285,0.2,0.4464285714285714,0.1941978931427002
"1,1,1,0,0,0,1,0,0,1,0,1,1,1,1,1,0,1,0,0,0",0.4666666666666667,0.6,0.48482142857142857,0.3333333333333333,0.14285714285714285,0.2,0.4464285714285714,0.18465733528137207
"0,1,1,1,0,1,1,0,0,0,1,0,0,1,1,0,0,1,0,0,0",0.4666666666666667,0.6,0.4848214285714285,0.3333333333333333,0.14285714285714285,0.2,0.4464285714285714,0.2040109634399414
"0,1,1,1,0,0,0,1,0,1,0,1,0,1,1,0,0,1,0,0,1",0.4666666666666667,0.5,0.4832589285714286,0.45,0.6428571428571429,0.5294117647058824,0.47767857142857145,0.1785132884979248
"1,0,0,0,0,0,1,1,0,0,0,1,1,0,1,1,1,1,1,1,0",0.4666666666666667,0.5,0.4832589285714286,0.45,0.6428571428571429,0.5294117647058824,0.47767857142857145,0.18466949462890625
"1,0,0,0,0,0,1,1,0,0,1,0,1,0,0,1,1,0,1,0,0",0.4666666666666667,0.5,0.4832589285714286,0.45,0.6428571428571429,0.5294117647058824,0.47767857142857145,0.1514146327972412
"1,1,0,1,0,0,0,0,0,0,1,1,0,0,0,1,1,0,1,0,0",0.4666666666666667,0.5,0.4832589285714286,0.45,0.6428571428571429,0.5294117647058824,0.47767857142857145,0.15785765647888184
"1,1,0,1,0,1,0,1,1,0,0,1,1,1,1,1,1,1,0,1,1",0.4666666666666667,0.5,0.4832589285714286,0.45,0.6428571428571429,0.5294117647058824,0.47767857142857145,0.22656869888305664
"1,1,0,0,1,0,0,0,0,0,1,0,0,0,0,1,0,0,1,0,0",0.4666666666666667,0.5,0.4832589285714286,0.45,0.6428571428571429,0.5294117647058824,0.47767857142857145,0.1672651767730713
"0,0,1,1,0,1,0,1,1,1,0,1,1,1,1,0,1,0,0,0,0",0.4666666666666667,0.5,0.4832589285714286,0.45,0.6428571428571429,0.5294117647058824,0.47767857142857145,0.1513974666595459
"1,1,1,0,1,0,0,1,0,1,0,0,1,0,1,0,1,1,1,1,0",0.5,0.5,0.48325892857142855,0.4,0.14285714285714285,0.21052631578947367,0.4776785714285714,0.19580745697021484
"1,1,1,0,1,0,0,0,1,0,1,1,0,0,1,1,1,1,0,0,0",0.5,0.5,0.48325892857142855,0.4,0.14285714285714285,0.21052631578947367,0.4776785714285714,0.17584800720214844
"1,1,1,0,0,1,0,1,0,0,1,1,1,1,1,0,0,1,1,0,1",0.5,0.5,0.48325892857142855,0.4,0.14285714285714285,0.21052631578947367,0.4776785714285714,0.20647907257080078
"0,1,0,1,0,1,1,1,1,1,1,1,1,0,1,0,0,1,1,1,0",0.5,0.5,0.48325892857142855,0.4,0.14285714285714285,0.21052631578947367,0.4776785714285714,0.19524335861206055
"1,1,1,0,1,0,0,0,1,0,1,1,1,0,1,0,0,1,1,0,0",0.5,0.5,0.48325892857142855,0.4,0.14285714285714285,0.21052631578947367,0.4776785714285714,0.19453668594360352
"0,1,1,0,1,1,1,0,0,1,0,0,1,0,0,0,1,1,1,0,0",0.5,0.5,0.48325892857142855,0.4,0.14285714285714285,0.21052631578947367,0.4776785714285714,0.1558382511138916
"0,0,1,0,1,1,0,1,1,1,0,1,1,1,0,0,1,1,1,1,1",0.5,0.5,0.48325892857142855,0.4,0.14285714285714285,0.21052631578947367,0.4776785714285714,0.1992032527923584
"0,0,1,1,0,1,1,1,0,0,0,0,1,0,1,0,1,1,0,0,0",0.43333333333333335,0.7,0.4830357142857143,0.2,0.07142857142857142,0.10526315789473684,0.4107142857142857,0.17107534408569336
"1,1,0,0,0,0,1,1,0,0,0,1,1,0,0,0,0,1,0,1,0",0.5,0.4,0.4816964285714286,0.47368421052631576,0.6428571428571429,0.5454545454545454,0.5089285714285714,0.21915292739868164
"0,1,0,1,0,1,1,1,0,0,1,1,0,0,0,1,1,1,0,1,1",0.4666666666666667,0.6,0.4814732142857143,0.25,0.07142857142857142,0.1111111111111111,0.4419642857142857,0.21347641944885254
"1,0,1,0,1,1,1,1,0,1,1,0,1,0,1,0,0,1,1,1,0",0.4333333333333333,0.6,0.4814732142857143,0.4210526315789473,0.5714285714285714,0.4848484848484848,0.4419642857142857,0.2161011695861816
"1,1,1,1,1,0,0,1,0,1,0,0,0,0,1,1,1,1,0,1,1",0.43333333333333335,0.6,0.4814732142857143,0.42105263157894735,0.5714285714285714,0.48484848484848486,0.4419642857142857,0.21046948432922363
"1,0,1,1,1,0,0,1,1,1,1,0,1,0,1,1,0,0,1,1,1",0.4666666666666667,0.6,0.4814732142857143,0.25,0.07142857142857142,0.1111111111111111,0.4419642857142857,0.20700335502624512
"0,0,1,1,0,1,1,1,1,0,1,0,0,0,0,1,0,0,0,0,1",0.5333333333333333,0.3,0.48013392857142856,0.5,0.6428571428571429,0.5625,0.5401785714285714,0.18712782859802246
"0,1,0,1,0,1,1,0,0,0,1,0,1,1,0,1,0,1,0,0,0",0.5333333333333333,0.3,0.48013392857142856,0.5,0.6428571428571429,0.5625,0.5401785714285714,0.15187859535217285
"0,1,0,0,1,0,0,1,0,0,1,1,0,0,0,1,1,0,1,1,1",0.5,0.5,0.4799107142857143,0.3333333333333333,0.07142857142857142,0.11764705882352941,0.4732142857142857,0.2210066318511963
"1,1,1,0,0,0,1,1,0,1,0,1,1,0,0,0,0,1,1,0,1",0.5,0.5,0.4799107142857143,0.3333333333333333,0.07142857142857142,0.11764705882352941,0.4732142857142857,0.228865385055542
"1,1,0,1,1,0,1,1,1,1,1,0,1,1,0,1,0,1,1,1,1",0.5,0.5,0.4799107142857143,0.3333333333333333,0.07142857142857142,0.11764705882352941,0.4732142857142857,0.19662046432495117
"1,1,1,0,0,1,0,0,1,1,0,1,0,0,0,0,0,1,1,1,1",0.5,0.5,0.4799107142857143,0.3333333333333333,0.07142857142857142,0.11764705882352941,0.4732142857142857,0.20873641967773438
"1,0,0,0,0,1,1,1,0,1,0,0,0,0,1,1,1,0,1,0,1",0.4,0.7,0.4796875,0.3888888888888889,0.5,0.4375,0.40625,0.2201533317565918
"0,1,1,1,1,0,0,1,0,1,0,1,0,1,1,1,0,0,1,1,0",0.43333333333333335,0.7,0.4796875,0.0,0.0,0.0,0.40625,0.19843292236328125
"1,0,0,0,1,1,0,0,0,0,1,0,1,0,1,0,0,1,0,1,1",0.3333333333333333,0.9,0.4794642857142857,0.3333333333333333,0.42857142857142855,0.375,0.3392857142857143,0.21149063110351562
"1,1,0,0,1,0,0,1,0,0,1,0,0,0,1,1,1,0,1,1,0",0.5,0.4,0.4783482142857143,0.47058823529411764,0.5714285714285714,0.5161290322580645,0.5044642857142857,0.17507576942443848
"0,0,0,0,0,1,0,0,0,1,1,1,0,0,0,0,1,1,0,0,0",0.43333333333333335,0.6,0.478125,0.4117647058823529,0.5,0.45161290322580644,0.4375,0.17934489250183105
"1,0,1,0,1,1,1,0,0,1,1,0,0,0,1,1,1,0,1,1,0",0.43333333333333335,0.6,0.478125,0.4117647058823529,0.5,0.45161290322580644,0.4375,0.19112300872802734
"0,1,1,0,0,0,0,0,0,1,1,0,0,1,1,0,0,0,0,0,0",0.43333333333333335,0.6,0.478125,0.4117647058823529,0.5,0.45161290322580644,0.4375,0.15201044082641602
"0,1,0,0,0,1,1,1,0,0,1,1,1,0,0,0,0,0,1,1,1",0.43333333333333335,0.6,0.478125,0.4117647058823529,0.5,0.45161290322580644,0.4375,0.17884063720703125
"0,0,1,1,0,1,0,1,1,0,1,0,1,0,0,0,1,1,0,1,0",0.43333333333333335,0.6,0.478125,0.4117647058823529,0.5,0.45161290322580644,0.4375,0.20071744918823242
"0,1,0,0,1,1,0,1,1,0,0,0,1,0,0,0,1,1,0,1,0",0.4666666666666667,0.6,0.478125,0.0,0.0,0.0,0.4375,0.19788575172424316
"0,1,0,0,1,0,1,1,0,1,1,1,0,0,1,1,0,1,0,0,0",0.5,0.5,0.4765625,0.0,0.0,0.0,0.46875,0.2023637294769287
"0,0,0,1,1,0,0,0,0,1,1,1,0,0,0,0,1,1,0,0,1",0.5,0.5,0.4765625,0.0,0.0,0.0,0.46875,0.185776948928833
"0,1,0,0,0,0,0,1,1,0,0,1,1,1,1,1,0,1,0,0,1",0.5,0.5,0.4765625,0.0,0.0,0.0,0.46875,0.19246459007263184
"1,1,1,0,0,1,0,0,1,0,0,0,1,1,1,0,0,1,1,1,0",0.5,0.5,0.4765625,0.0,0.0,0.0,0.46875,0.19279170036315918
"0,1,0,1,1,0,1,1,0,0,0,1,1,0,0,0,0,1,1,0,1",0.5,0.5,0.4765625,0.0,0.0,0.0,0.46875,0.2279818058013916
"0,1,0,1,0,0,0,1,1,0,0,1,1,1,1,0,0,1,1,0,1",0.5,0.5,0.4765625,0.0,0.0,0.0,0.46875,0.21226954460144043
"1,1,0,0,1,0,0,0,1,1,1,1,1,0,0,1,0,0,0,1,1",0.5,0.5,0.4765625,0.0,0.0,0.0,0.46875,0.20554733276367188
"0,0,0,1,1,0,0,0,1,1,1,1,0,1,0,1,0,1,0,0,0",0.5,0.5,0.4765625,0.0,0.0,0.0,0.46875,0.1778120994567871
"1,1,1,1,0,0,1,0,0,0,1,0,0,0,0,0,0,1,1,0,1",0.5,0.5,0.4765625,0.0,0.0,0.0,0.46875,0.19595694541931152
"1,0,1,1,0,0,0,1,0,1,1,0,0,0,0,0,1,0,0,1,0",0.5,0.5,0.4765625,0.0,0.0,0.0,0.46875,0.18170475959777832
"1,1,1,0,1,0,0,1,0,1,0,0,1,0,0,0,1,0,1,1,0",0.4,0.7,0.4763392857142857,0.375,0.42857142857142855,0.4,0.4017857142857143,0.18259835243225098
"0,1,1,0,1,0,0,1,0,1,1,1,0,1,1,0,1,1,1,0,1",0.4,0.7,0.4763392857142857,0.375,0.42857142857142855,0.4,0.4017857142857143,0.237687349319458
"0,1,0,1,1,1,1,1,1,1,1,1,0,0,1,0,1,0,0,0,0",0.5,0.4,0.475,0.4666666666666667,0.5,0.4827586206896552,0.5,0.21609997749328613
"0,0,1,0,1,0,1,1,1,1,1,0,1,1,0,1,0,1,1,1,0",0.36666666666666664,0.8,0.47455357142857146,0.3333333333333333,0.35714285714285715,0.3448275862068966,0.3660714285714286,0.2107689380645752
"1,0,0,1,0,0,1,1,0,0,0,0,0,0,1,1,1,0,1,0,1",0.4666666666666667,0.5,0.4732142857142857,0.42857142857142855,0.42857142857142855,0.42857142857142855,0.4642857142857143,0.19250011444091797
"0,1,0,1,0,0,1,0,0,0,0,0,1,1,0,1,1,1,0,0,1",0.43333333333333335,0.5,0.4732142857142857,0.4482758620689655,0.9285714285714286,0.6046511627906976,0.4642857142857143,0.18793034553527832
"1,1,0,1,1,1,0,0,1,1,0,1,1,0,1,0,1,1,0,1,0",0.43333333333333335,0.5,0.4732142857142857,0.4482758620689655,0.9285714285714286,0.6046511627906976,0.4642857142857143,0.22020244598388672
"0,1,1,1,1,0,1,1,1,0,0,1,0,1,1,1,0,1,0,0,1",0.43333333333333335,0.5,0.4732142857142857,0.4482758620689655,0.9285714285714286,0.6046511627906976,0.4642857142857143,0.22940945625305176
"0,0,0,1,0,0,1,1,1,1,1,0,1,0,1,0,1,0,0,0,0",0.4666666666666667,0.5,0.4732142857142857,0.42857142857142855,0.42857142857142855,0.42857142857142855,0.4642857142857143,0.16326189041137695
"0,1,1,1,1,1,1,0,0,0,1,0,1,1,1,1,1,1,0,1,1",0.43333333333333335,0.5,0.4732142857142857,0.4482758620689655,0.9285714285714286,0.6046511627906976,0.4642857142857143,0.21511578559875488
"0,1,1,1,1,0,1,1,0,1,0,1,1,0,1,1,0,1,1,0,0",0.43333333333333335,0.5,0.4732142857142857,0.4482758620689655,0.9285714285714286,0.6046511627906976,0.4642857142857143,0.1759483814239502
"1,0,0,1,0,0,0,1,1,1,1,1,0,0,1,0,0,0,1,1,1",0.4666666666666667,0.5,0.4732142857142857,0.42857142857142855,0.42857142857142855,0.42857142857142855,0.4642857142857143,0.2155008316040039
"1,1,1,0,1,1,0,1,0,1,1,1,0,1,0,1,0,0,0,1,0",0.43333333333333335,0.5,0.4732142857142857,0.4482758620689655,0.9285714285714286,0.6046511627906976,0.4642857142857143,0.1954653263092041
"0,0,0,0,1,1,1,0,1,1,0,0,0,1,0,0,1,1,0,0,1",0.43333333333333335,0.5,0.4732142857142857,0.4482758620689655,0.9285714285714286,0.6046511627906976,0.4642857142857143,0.19371509552001953
"0,1,1,1,1,0,1,0,1,1,0,0,1,1,1,1,0,0,1,0,0",0.43333333333333335,0.5,0.4732142857142857,0.4482758620689655,0.9285714285714286,0.6046511627906976,0.4642857142857143,0.2083415985107422
"1,0,1,0,0,0,0,0,1,1,0,0,1,1,1,0,0,1,0,0,0",0.4,0.7,0.47299107142857144,0.35714285714285715,0.35714285714285715,0.35714285714285715,0.3973214285714286,0.16662049293518066
"0,1,0,0,0,0,0,1,1,0,0,1,1,1,0,1,1,0,1,1,1",0.4,0.7,0.47299107142857144,0.35714285714285715,0.35714285714285715,0.35714285714285715,0.3973214285714286,0.20251059532165527
"1,1,0,1,0,0,0,0,1,0,0,0,1,0,1,0,0,0,0,1,0",0.4,0.7,0.47299107142857144,0.35714285714285715,0.35714285714285715,0.35714285714285715,0.3973214285714286,0.17655301094055176
"1,0,0,0,0,1,0,1,1,1,0,0,1,1,1,1,0,0,1,0,1",0.4,0.7,0.47299107142857144,0.35714285714285715,0.35714285714285715,0.35714285714285715,0.3973214285714286,0.20310449600219727
"0,1,1,0,1,1,0,1,1,1,0,0,1,0,1,0,1,0,1,1,0",0.5,0.4,0.4716517857142857,0.46153846153846156,0.42857142857142855,0.4444444444444444,0.4955357142857143,0.1932227611541748
"0,0,0,0,1,0,0,0,0,0,1,1,0,0,0,1,1,0,1,1,1",0.43333333333333335,0.6,0.4714285714285714,0.38461538461538464,0.35714285714285715,0.37037037037037035,0.4285714285714286,0.1854863166809082
"0,1,0,0,0,1,1,1,0,1,0,1,1,0,0,0,1,0,1,0,0",0.4,0.6,0.4714285714285714,0.42857142857142855,0.8571428571428571,0.5714285714285714,0.42857142857142855,0.15844249725341797
"1,0,0,0,1,1,0,1,0,0,1,1,0,0,1,0,1,0,0,1,1",0.4,0.6,0.4714285714285714,0.42857142857142855,0.8571428571428571,0.5714285714285714,0.42857142857142855,0.21743392944335938
"0,0,1,0,0,1,1,1,1,1,0,0,1,0,0,0,0,0,1,0,0",0.4,0.6,0.4714285714285714,0.42857142857142855,0.8571428571428571,0.5714285714285714,0.42857142857142855,0.1496894359588623
"0,1,0,0,0,1,0,0,0,1,0,0,1,0,0,1,1,0,0,0,0",0.4,0.6,0.4714285714285714,0.42857142857142855,0.8571428571428571,0.5714285714285714,0.42857142857142855,0.1377403736114502
"0,0,1,1,0,0,0,0,0,1,1,1,1,0,1,1,1,1,1,0,0",0.43333333333333335,0.6,0.4714285714285714,0.38461538461538464,0.35714285714285715,0.37037037037037035,0.4285714285714286,0.18390607833862305
"1,1,1,0,1,0,0,0,0,1,0,0,1,0,0,0,1,1,1,1,0",0.43333333333333335,0.6,0.4714285714285714,0.38461538461538464,0.35714285714285715,0.37037037037037035,0.4285714285714286,0.20302796363830566
"1,0,0,0,0,1,1,0,1,0,0,1,1,0,0,1,0,0,0,0,0",0.4,0.6,0.4714285714285714,0.42857142857142855,0.8571428571428571,0.5714285714285714,0.42857142857142855,0.14577221870422363
"1,0,0,0,1,1,1,0,0,1,1,1,0,1,0,1,0,1,0,1,1",0.4666666666666667,0.5,0.46986607142857145,0.4166666666666667,0.35714285714285715,0.38461538461538464,0.4598214285714286,0.19732213020324707
"0,0,0,0,1,0,0,0,0,1,1,1,1,0,1,0,0,0,1,0,0",0.4666666666666667,0.5,0.46986607142857145,0.4166666666666667,0.35714285714285715,0.38461538461538464,0.4598214285714286,0.21036624908447266
"1,1,1,0,1,1,1,0,0,0,1,1,0,1,1,1,0,0,0,0,1",0.43333333333333335,0.5,0.4698660714285714,0.4444444444444444,0.8571428571428571,0.5853658536585366,0.45982142857142855,0.1692519187927246
"0,1,1,1,1,1,0,0,0,0,0,1,1,1,1,1,0,1,0,0,1",0.43333333333333335,0.5,0.4698660714285714,0.4444444444444444,0.8571428571428571,0.5853658536585366,0.45982142857142855,0.19988369941711426
"1,0,1,1,1,1,1,1,1,1,1,0,0,1,0,1,0,0,0,0,1",0.43333333333333335,0.5,0.4698660714285714,0.4444444444444444,0.8571428571428571,0.5853658536585366,0.45982142857142855,0.17711210250854492
"0,0,1,0,0,1,0,0,0,1,1,1,0,0,1,1,1,0,0,0,0",0.43333333333333335,0.5,0.4698660714285714,0.4444444444444444,0.8571428571428571,0.5853658536585366,0.45982142857142855,0.20709633827209473
"1,1,0,0,1,0,0,1,0,0,0,1,1,1,0,0,1,1,1,0,0",0.43333333333333335,0.5,0.4698660714285714,0.4444444444444444,0.8571428571428571,0.5853658536585366,0.45982142857142855,0.18732404708862305
"0,0,1,1,1,0,0,0,0,1,1,0,0,1,0,0,0,1,1,1,0",0.43333333333333335,0.5,0.4698660714285714,0.4444444444444444,0.8571428571428571,0.5853658536585366,0.45982142857142855,0.19474148750305176
"1,1,1,0,1,1,0,0,0,1,1,1,0,0,0,0,1,1,0,0,1",0.43333333333333335,0.5,0.4698660714285714,0.4444444444444444,0.8571428571428571,0.5853658536585366,0.45982142857142855,0.1852860450744629
"0,1,1,1,1,0,1,1,0,1,0,1,1,0,1,1,0,1,0,0,1",0.43333333333333335,0.5,0.4698660714285714,0.4444444444444444,0.8571428571428571,0.5853658536585366,0.45982142857142855,0.22109532356262207
"1,0,1,0,0,0,0,0,1,1,0,0,1,1,1,0,0,1,0,1,1",0.43333333333333335,0.5,0.4698660714285714,0.4444444444444444,0.8571428571428571,0.5853658536585366,0.45982142857142855,0.22012925148010254
"0,0,0,1,1,1,1,0,0,1,0,0,0,0,0,0,0,1,0,0,1",0.5,0.4,0.4683035714285715,0.45454545454545453,0.35714285714285715,0.4,0.4910714285714286,0.21255731582641602
"0,1,0,1,0,1,1,0,1,0,0,0,0,1,0,0,0,1,0,1,0",0.5,0.4,0.4683035714285715,0.45454545454545453,0.35714285714285715,0.4,0.4910714285714286,0.21757078170776367
"1,0,0,1,1,0,0,0,1,1,1,1,0,1,0,1,0,1,0,0,0",0.5,0.4,0.4683035714285715,0.45454545454545453,0.35714285714285715,0.4,0.4910714285714286,0.20298266410827637
"1,1,0,1,1,1,0,0,1,0,0,1,0,0,0,1,1,1,0,0,1",0.4,0.6,0.4680803571428572,0.4230769230769231,0.7857142857142857,0.55,0.42410714285714285,0.20337128639221191
"1,1,1,1,1,1,0,0,0,0,1,0,0,1,0,1,0,1,0,0,0",0.4,0.6,0.4680803571428572,0.4230769230769231,0.7857142857142857,0.55,0.42410714285714285,0.18059515953063965
"1,1,1,1,0,1,1,1,0,0,1,1,0,1,1,0,1,0,1,1,0",0.4,0.6,0.4680803571428572,0.4230769230769231,0.7857142857142857,0.55,0.42410714285714285,0.17979097366333008
"1,0,1,1,1,1,1,1,1,1,1,0,0,1,0,0,1,1,0,1,0",0.4,0.6,0.4680803571428572,0.4230769230769231,0.7857142857142857,0.55,0.42410714285714285,0.19210171699523926
"1,1,1,0,1,1,1,0,1,1,1,1,0,1,0,1,0,1,0,0,0",0.4,0.6,0.4680803571428571,0.4230769230769231,0.7857142857142857,0.55,0.42410714285714285,0.2002429962158203
"0,1,0,1,1,1,1,1,1,0,0,1,1,1,1,0,1,1,0,1,0",0.4,0.6,0.4680803571428571,0.4230769230769231,0.7857142857142857,0.55,0.42410714285714285,0.22108817100524902
"1,1,1,0,1,1,1,0,1,1,1,1,0,0,0,1,0,1,0,0,0",0.4,0.6,0.4680803571428571,0.4230769230769231,0.7857142857142857,0.55,0.42410714285714285,0.18235540390014648
"0,0,1,1,0,1,1,0,0,0,1,0,0,0,1,1,0,1,0,0,1",0.4,0.6,0.4680803571428571,0.4230769230769231,0.7857142857142857,0.55,0.42410714285714285,0.20183897018432617
"0,1,0,0,0,0,1,0,1,1,1,0,0,0,1,1,0,0,0,0,1",0.43333333333333335,0.6,0.4680803571428571,0.36363636363636365,0.2857142857142857,0.32,0.42410714285714285,0.1812598705291748
"1,0,0,0,1,0,0,0,0,0,1,0,1,1,0,0,0,1,1,1,1",0.4,0.6,0.4680803571428571,0.4230769230769231,0.7857142857142857,0.55,0.42410714285714285,0.23098182678222656
"1,1,1,1,1,1,0,1,0,0,1,1,1,0,1,1,1,1,1,1,1",0.4666666666666667,0.5,0.46651785714285715,0.4,0.2857142857142857,0.3333333333333333,0.45535714285714285,0.21342682838439941
"0,1,0,1,1,1,1,0,1,1,1,1,0,1,1,1,0,1,0,1,0",0.43333333333333335,0.5,0.46651785714285715,0.44,0.7857142857142857,0.5641025641025641,0.45535714285714285,0.19872665405273438
"0,1,1,1,0,0,1,0,0,1,0,0,1,1,0,0,1,0,0,1,1",0.4,0.7,0.46629464285714284,0.3,0.21428571428571427,0.25,0.38839285714285715,0.21098589897155762
"0,0,1,1,0,0,0,1,1,0,0,0,0,1,0,1,0,1,0,0,1",0.4,0.7,0.46629464285714284,0.3,0.21428571428571427,0.25,0.38839285714285715,0.2287147045135498
"0,1,1,0,1,0,0,0,1,0,0,0,0,0,0,0,1,0,0,0,1",0.4,0.7,0.46629464285714284,0.3,0.21428571428571427,0.25,0.38839285714285715,0.191375732421875
"0,0,1,0,1,0,0,1,0,1,0,0,1,0,0,0,1,1,1,1,0",0.4,0.7,0.46629464285714284,0.3,0.21428571428571427,0.25,0.38839285714285715,0.2088947296142578
"0,1,0,0,1,1,1,1,1,0,0,1,1,1,0,0,1,1,0,0,1",0.5,0.4,0.4649553571428572,0.4444444444444444,0.2857142857142857,0.34782608695652173,0.48660714285714285,0.19597816467285156
"1,1,1,0,1,0,0,0,1,1,1,0,0,0,1,0,1,0,1,0,1",0.5,0.4,0.4649553571428572,0.4444444444444444,0.2857142857142857,0.34782608695652173,0.48660714285714285,0.2273421287536621
"0,0,0,0,1,0,1,0,1,1,1,0,0,1,0,1,0,0,1,1,1",0.43333333333333335,0.6,0.4647321428571428,0.3333333333333333,0.21428571428571427,0.2608695652173913,0.41964285714285715,0.20839595794677734
"1,1,1,0,0,0,0,1,1,0,0,0,1,1,0,0,0,0,1,0,1",0.43333333333333335,0.6,0.4647321428571428,0.3333333333333333,0.21428571428571427,0.2608695652173913,0.41964285714285715,0.19357657432556152
"0,1,0,0,0,0,0,1,1,0,1,1,1,1,0,0,0,0,1,1,0",0.43333333333333335,0.6,0.4647321428571428,0.3333333333333333,0.21428571428571427,0.2608695652173913,0.41964285714285715,0.19045519828796387
"1,0,0,1,1,0,1,1,0,1,0,1,1,0,1,0,1,0,1,0,0",0.43333333333333335,0.5,0.46316964285714285,0.43478260869565216,0.7142857142857143,0.5405405405405406,0.45089285714285715,0.192643404006958
"1,1,0,0,1,0,0,1,0,0,1,0,0,1,0,0,1,1,0,0,0",0.4666666666666667,0.5,0.46316964285714285,0.375,0.21428571428571427,0.2727272727272727,0.45089285714285715,0.17033791542053223
"1,0,0,0,1,0,1,1,0,1,0,0,0,0,0,1,0,1,1,0,0",0.43333333333333335,0.5,0.46316964285714285,0.43478260869565216,0.7142857142857143,0.5405405405405406,0.45089285714285715,0.16382312774658203
"1,0,0,0,1,0,0,1,1,0,0,1,0,0,0,0,0,0,0,1,0",0.43333333333333335,0.5,0.46316964285714285,0.43478260869565216,0.7142857142857143,0.5405405405405406,0.45089285714285715,0.1809830665588379
"1,1,1,1,0,1,0,1,0,1,1,0,0,1,0,0,1,0,0,0,1",0.36666666666666664,0.7,0.4629464285714286,0.391304347826087,0.6428571428571429,0.4864864864864865,0.38392857142857145,0.2048032283782959
"1,1,1,1,0,1,0,0,0,1,0,0,0,1,0,0,1,0,0,1,1",0.36666666666666664,0.7,0.4629464285714286,0.391304347826087,0.6428571428571429,0.4864864864864865,0.38392857142857145,0.22221040725708008
"1,0,1,1,0,0,0,0,0,1,0,0,1,0,0,0,0,1,0,1,0",0.36666666666666664,0.7,0.4629464285714286,0.391304347826087,0.6428571428571429,0.4864864864864865,0.38392857142857145,0.16863012313842773
"0,0,0,1,0,0,1,0,0,1,1,0,0,0,0,0,0,1,1,1,0",0.4,0.7,0.46294642857142854,0.25,0.14285714285714285,0.18181818181818182,0.3839285714285714,0.19704222679138184
"0,1,1,0,0,0,0,0,0,1,1,0,0,1,1,1,0,0,0,1,1",0.3,0.9,0.4627232142857143,0.34782608695652173,0.5714285714285714,0.43243243243243246,0.3169642857142857,0.21701717376708984
"0,0,0,1,0,1,0,0,1,0,1,1,0,0,1,1,1,1,0,0,1",0.5,0.4,0.4616071428571429,0.42857142857142855,0.21428571428571427,0.2857142857142857,0.48214285714285715,0.18690037727355957
"0,0,1,1,1,0,0,0,0,0,1,1,0,0,0,1,1,0,1,1,1",0.4,0.6,0.4613839285714286,0.4090909090909091,0.6428571428571429,0.5,0.41517857142857145,0.21533203125
"0,1,1,1,0,0,0,1,1,0,1,1,1,1,1,0,0,0,0,1,0",0.4,0.6,0.4613839285714286,0.4090909090909091,0.6428571428571429,0.5,0.41517857142857145,0.176285982131958
"1,0,1,0,0,0,1,0,1,0,0,0,1,0,1,0,0,0,0,0,0",0.4,0.6,0.4613839285714286,0.4090909090909091,0.6428571428571429,0.5,0.41517857142857145,0.1590726375579834
"0,1,1,1,0,1,0,0,0,0,1,1,1,0,1,0,1,1,0,0,0",0.4,0.6,0.4613839285714286,0.4090909090909091,0.6428571428571429,0.5,0.41517857142857145,0.17658400535583496
"1,0,1,0,0,1,1,0,0,0,1,1,0,1,0,1,1,0,0,0,1",0.4,0.6,0.4613839285714286,0.4090909090909091,0.6428571428571429,0.5,0.41517857142857145,0.198714017868042
"0,1,1,1,1,0,0,0,0,1,1,0,1,1,1,1,1,1,1,1,1",0.43333333333333335,0.6,0.4613839285714285,0.2857142857142857,0.14285714285714285,0.19047619047619047,0.4151785714285714,0.20907020568847656
"0,0,0,1,1,1,1,1,1,0,0,1,0,0,0,1,0,0,1,1,0",0.43333333333333335,0.6,0.4613839285714285,0.2857142857142857,0.14285714285714285,0.19047619047619047,0.4151785714285714,0.18193984031677246
"0,1,0,0,0,1,1,1,1,1,1,1,0,0,0,0,1,1,0,0,0",0.5333333333333333,0.3,0.4600446428571428,0.5,0.21428571428571427,0.3,0.5133928571428571,0.18298006057739258
"0,0,0,0,1,0,0,1,0,0,1,1,0,0,0,0,1,1,0,0,0",0.43333333333333335,0.5,0.4598214285714286,0.42857142857142855,0.6428571428571429,0.5142857142857142,0.44642857142857145,0.17812514305114746
"1,1,1,0,0,0,0,0,1,0,1,0,0,1,0,1,1,0,0,1,1",0.43333333333333335,0.5,0.4598214285714286,0.42857142857142855,0.6428571428571429,0.5142857142857142,0.44642857142857145,0.18720459938049316
"1,0,1,1,0,1,1,1,0,0,1,0,1,0,1,0,1,1,0,1,0",0.43333333333333335,0.5,0.4598214285714286,0.42857142857142855,0.6428571428571429,0.5142857142857142,0.44642857142857145,0.1882157325744629
"1,1,0,0,0,1,1,1,0,1,1,1,1,0,0,0,1,1,1,0,1",0.4666666666666667,0.5,0.45982142857142855,0.3333333333333333,0.14285714285714285,0.2,0.4464285714285714,0.22675013542175293
"1,0,1,0,1,0,0,0,0,1,1,1,1,0,0,1,1,0,0,0,1",0.4666666666666667,0.5,0.45982142857142855,0.3333333333333333,0.14285714285714285,0.2,0.4464285714285714,0.20449614524841309
"1,1,0,0,1,0,0,1,1,1,1,1,0,0,1,0,0,0,0,0,1",0.4666666666666667,0.5,0.45982142857142855,0.3333333333333333,0.14285714285714285,0.2,0.4464285714285714,0.2121109962463379
"1,0,1,1,0,0,0,1,1,1,1,0,1,0,0,1,0,1,0,0,1",0.4666666666666667,0.5,0.45982142857142855,0.3333333333333333,0.14285714285714285,0.2,0.4464285714285714,0.17453241348266602
"0,1,1,0,0,1,0,0,0,0,0,0,0,1,1,1,0,1,1,0,1",0.36666666666666664,0.7,0.4595982142857143,0.38095238095238093,0.5714285714285714,0.45714285714285713,0.3794642857142857,0.19634795188903809
"0,1,1,1,1,0,1,1,1,0,0,1,1,0,1,1,0,1,0,1,1",0.36666666666666664,0.7,0.4595982142857143,0.38095238095238093,0.5714285714285714,0.45714285714285713,0.3794642857142857,0.23126935958862305
"1,0,0,0,0,1,0,0,0,0,1,0,0,0,0,1,1,1,1,0,1",0.4666666666666667,0.4,0.4582589285714286,0.45,0.6428571428571429,0.5294117647058824,0.47767857142857145,0.18544507026672363
"1,0,1,1,0,0,1,1,0,0,0,0,1,0,1,0,0,1,0,1,0",0.43333333333333335,0.6,0.4580357142857143,0.2,0.07142857142857142,0.10526315789473684,0.4107142857142857,0.17534708976745605
"0,0,1,1,1,0,0,1,1,1,0,1,0,1,0,1,0,1,1,1,1",0.43333333333333335,0.6,0.4580357142857143,0.2,0.07142857142857142,0.10526315789473684,0.4107142857142857,0.24490952491760254
"1,1,0,1,0,0,0,0,1,0,0,0,0,1,1,0,0,1,1,0,1",0.43333333333333335,0.6,0.4580357142857143,0.2,0.07142857142857142,0.10526315789473684,0.4107142857142857,0.22182321548461914
"1,0,0,1,1,1,0,1,0,1,0,1,0,1,1,1,1,1,1,1,1",0.43333333333333335,0.6,0.4580357142857143,0.2,0.07142857142857142,0.10526315789473684,0.4107142857142857,0.1953449249267578
"0,0,0,0,0,0,1,1,1,1,0,1,0,0,0,0,0,1,1,1,1",0.4666666666666667,0.5,0.4564732142857143,0.25,0.07142857142857142,0.1111111111111111,0.4419642857142857,0.20042705535888672
"0,0,1,1,0,0,1,1,1,1,0,0,1,1,0,0,0,0,1,0,1",0.4666666666666667,0.5,0.4564732142857143,0.25,0.07142857142857142,0.1111111111111111,0.4419642857142857,0.20552587509155273
"1,0,0,1,1,1,1,0,0,1,0,1,0,1,0,1,1,1,0,0,1",0.43333333333333335,0.5,0.4564732142857143,0.42105263157894735,0.5714285714285714,0.48484848484848486,0.4419642857142857,0.1982712745666504
"0,0,1,1,1,1,1,0,1,0,0,1,0,1,0,0,0,1,0,1,1",0.4666666666666667,0.5,0.4564732142857143,0.25,0.07142857142857142,0.1111111111111111,0.4419642857142857,0.20076918601989746
"1,1,0,0,1,0,1,1,1,0,0,1,0,1,1,1,0,1,0,0,1",0.4666666666666667,0.5,0.4564732142857143,0.25,0.07142857142857142,0.1111111111111111,0.4419642857142857,0.1880950927734375
"1,1,0,1,0,1,1,1,1,0,0,1,0,0,0,1,0,0,1,1,0",0.4666666666666667,0.5,0.4564732142857143,0.25,0.07142857142857142,0.1111111111111111,0.4419642857142857,0.1991274356842041
"0,0,0,1,1,1,1,0,0,1,1,1,0,0,0,0,1,1,0,0,1",0.4666666666666667,0.5,0.4564732142857143,0.25,0.07142857142857142,0.1111111111111111,0.4419642857142857,0.1947789192199707
"1,1,0,0,0,1,0,0,0,1,1,0,1,0,0,1,1,0,0,1,0",0.43333333333333335,0.5,0.4564732142857143,0.42105263157894735,0.5714285714285714,0.48484848484848486,0.4419642857142857,0.17999792098999023
"1,0,1,0,0,0,0,0,1,0,1,1,0,0,1,0,0,0,0,0,1",0.43333333333333335,0.5,0.4564732142857143,0.42105263157894735,0.5714285714285714,0.48484848484848486,0.4419642857142857,0.17865633964538574
"0,1,0,0,1,0,1,0,0,0,1,0,1,1,0,1,0,0,0,0,1",0.4,0.7,0.45625,0.0,0.0,0.0,0.375,0.21167469024658203
"0,1,0,1,0,0,1,0,0,0,1,1,1,1,0,0,0,0,1,1,0",0.4,0.7,0.45625,0.0,0.0,0.0,0.375,0.18642115592956543
"0,0,1,1,1,0,0,0,1,0,0,1,0,1,1,1,1,1,0,1,0",0.5,0.4,0.4549107142857143,0.3333333333333333,0.07142857142857142,0.11764705882352941,0.4732142857142857,0.20334386825561523
"0,1,0,1,1,1,0,1,0,1,1,0,1,0,0,1,0,1,1,1,0",0.4666666666666667,0.5,0.453125,0.0,0.0,0.0,0.4375,0.20401573181152344
"1,1,1,0,0,0,0,1,0,0,1,1,0,0,0,1,1,1,0,0,1",0.43333333333333335,0.5,0.453125,0.4117647058823529,0.5,0.45161290322580644,0.4375,0.1834583282470703
"1,1,0,1,0,0,0,0,1,0,0,0,0,0,0,1,0,0,1,1,0",0.4666666666666667,0.5,0.453125,0.0,0.0,0.0,0.4375,0.1832411289215088
"0,0,1,1,1,1,0,1,1,1,0,0,1,0,0,1,0,0,1,0,1",0.4666666666666667,0.5,0.453125,0.0,0.0,0.0,0.4375,0.23247647285461426
"1,1,1,1,0,0,1,0,0,0,0,0,0,0,1,0,0,1,1,1,1",0.4666666666666667,0.5,0.453125,0.0,0.0,0.0,0.4375,0.21221280097961426
"0,0,1,0,0,0,0,1,0,0,1,0,0,0,1,1,0,1,0,1,0",0.36666666666666664,0.7,0.4529017857142857,0.35294117647058826,0.42857142857142855,0.3870967741935484,0.3705357142857143,0.1919701099395752
"0,0,0,0,1,0,0,1,0,0,0,1,0,0,1,1,1,0,1,1,0",0.4,0.6,0.4513392857142857,0.375,0.42857142857142855,0.4,0.4017857142857143,0.1759650707244873
"0,1,1,0,0,0,0,1,0,1,0,1,0,0,1,0,1,1,1,0,1",0.4,0.6,0.4513392857142857,0.375,0.42857142857142855,0.4,0.4017857142857143,0.2222273349761963
"0,0,0,1,0,1,1,1,0,1,1,1,0,1,0,1,0,0,1,1,1",0.43333333333333335,0.5,0.4497767857142857,0.4,0.42857142857142855,0.41379310344827586,0.4330357142857143,0.22128796577453613
"0,0,0,1,1,0,0,0,1,0,0,1,1,0,0,1,0,0,1,1,0",0.4,0.6,0.4479910714285714,0.35714285714285715,0.35714285714285715,0.35714285714285715,0.3973214285714286,0.20809435844421387
"0,0,0,1,1,0,0,0,1,1,0,1,1,1,0,1,0,0,1,1,0",0.4,0.6,0.4479910714285714,0.35714285714285715,0.35714285714285715,0.35714285714285715,0.3973214285714286,0.19626069068908691
"0,0,0,1,1,0,0,0,1,1,0,1,1,0,0,1,0,0,1,1,0",0.4,0.6,0.4479910714285714,0.35714285714285715,0.35714285714285715,0.35714285714285715,0.3973214285714286,0.19221782684326172
"1,0,1,0,0,0,0,0,1,1,0,0,1,1,1,0,0,1,1,0,1",0.3333333333333333,0.8,0.44776785714285716,0.2857142857142857,0.2857142857142857,0.2857142857142857,0.33035714285714285,0.21654295921325684
"0,1,0,1,1,0,0,0,1,0,1,1,1,1,1,0,0,1,0,0,0",0.3333333333333333,0.8,0.44776785714285716,0.2857142857142857,0.2857142857142857,0.2857142857142857,0.33035714285714285,0.1732771396636963
"0,0,1,0,0,1,0,0,0,1,1,1,0,1,1,0,1,0,1,1,1",0.4,0.5,0.4464285714285714,0.42857142857142855,0.8571428571428571,0.5714285714285714,0.42857142857142855,0.18909502029418945
"1,1,1,1,0,1,0,0,1,1,1,0,1,1,1,1,1,1,1,0,0",0.4,0.5,0.4464285714285714,0.42857142857142855,0.8571428571428571,0.5714285714285714,0.42857142857142855,0.18697500228881836
"1,1,1,0,1,1,0,1,0,1,1,1,0,1,0,1,0,1,1,0,0",0.4,0.5,0.4464285714285714,0.42857142857142855,0.8571428571428571,0.5714285714285714,0.42857142857142855,0.19997167587280273
"0,1,1,1,0,0,1,1,1,1,0,0,1,0,1,1,1,0,0,0,1",0.4,0.5,0.4464285714285714,0.42857142857142855,0.8571428571428571,0.5714285714285714,0.42857142857142855,0.18586134910583496
"0,0,1,0,0,1,0,0,0,1,1,0,1,0,1,0,0,0,1,1,1",0.4,0.5,0.4464285714285714,0.42857142857142855,0.8571428571428571,0.5714285714285714,0.42857142857142855,0.20752739906311035
"0,1,0,0,0,0,0,0,1,1,1,1,0,1,0,1,0,1,0,0,0",0.3333333333333333,0.8,0.44441964285714286,0.25,0.21428571428571427,0.23076923076923078,0.32589285714285715,0.18057560920715332
"1,1,1,1,0,0,1,0,1,0,1,0,1,0,1,1,1,0,1,0,0",0.43333333333333335,0.5,0.44308035714285715,0.36363636363636365,0.2857142857142857,0.32,0.42410714285714285,0.18216967582702637
"0,1,0,1,1,0,0,0,1,0,1,0,0,1,0,0,0,0,0,1,1",0.4,0.5,0.44308035714285715,0.4230769230769231,0.7857142857142857,0.55,0.42410714285714285,0.20751023292541504
"1,0,1,1,1,1,1,1,1,0,1,1,1,0,0,1,0,0,0,0,0",0.4,0.5,0.44308035714285715,0.4230769230769231,0.7857142857142857,0.55,0.42410714285714285,0.166520357131958
"1,0,1,1,1,1,1,0,0,0,0,0,1,1,1,1,1,0,1,0,0",0.4,0.5,0.44308035714285715,0.4230769230769231,0.7857142857142857,0.55,0.42410714285714285,0.18266606330871582
"1,1,0,1,1,1,1,1,0,0,0,0,1,0,0,1,1,1,1,0,0",0.4,0.5,0.44308035714285715,0.4230769230769231,0.7857142857142857,0.55,0.42410714285714285,0.16597270965576172
"1,0,1,1,1,1,1,1,1,0,0,0,1,0,1,0,0,0,0,0,0",0.4,0.5,0.44308035714285715,0.4230769230769231,0.7857142857142857,0.55,0.42410714285714285,0.1565876007080078
"1,1,1,0,1,1,1,0,0,0,0,1,1,0,0,0,0,1,1,1,0",0.3333333333333333,0.7,0.44285714285714284,0.38461538461538464,0.7142857142857143,0.5,0.35714285714285715,0.1935884952545166
"0,0,0,0,0,0,1,1,0,0,0,1,1,0,1,1,1,1,0,1,0",0.4,0.6,0.4412946428571428,0.3,0.21428571428571427,0.25,0.38839285714285715,0.16472744941711426
"1,1,1,0,1,0,0,0,0,1,1,1,0,0,0,0,1,1,0,0,1",0.43333333333333335,0.5,0.43973214285714285,0.3333333333333333,0.21428571428571427,0.2608695652173913,0.41964285714285715,0.19953560829162598
"0,1,0,0,0,0,1,0,0,0,0,1,1,1,1,0,1,0,0,0,1",0.4,0.5,0.43973214285714285,0.4166666666666667,0.7142857142857143,0.5263157894736842,0.41964285714285715,0.18593668937683105
"0,0,0,1,0,1,0,0,0,0,0,1,1,0,0,1,0,1,0,0,1",0.4,0.5,0.43973214285714285,0.4166666666666667,0.7142857142857143,0.5263157894736842,0.41964285714285715,0.20868968963623047
"0,1,0,1,1,1,1,0,1,1,0,1,0,0,0,1,1,1,1,0,0",0.4666666666666667,0.4,0.4381696428571429,0.375,0.2142857142857142,0.2727272727272727,0.4508928571428571,0.1930530071258545
"0,0,0,0,0,0,0,1,0,1,0,0,1,0,0,0,1,1,1,1,0",0.4666666666666667,0.4,0.4381696428571429,0.375,0.21428571428571427,0.2727272727272727,0.45089285714285715,0.16563987731933594
"1,0,1,0,1,0,1,1,1,1,1,0,0,0,0,0,1,1,1,1,1",0.36666666666666664,0.6,0.4379464285714286,0.391304347826087,0.6428571428571429,0.4864864864864865,0.38392857142857145,0.1948082447052002
"1,1,1,0,0,0,1,0,1,0,1,0,1,1,0,0,1,0,0,1,1",0.4,0.5,0.4363839285714286,0.4090909090909091,0.6428571428571429,0.5,0.41517857142857145,0.20094633102416992
"0,1,1,1,1,1,1,1,1,0,0,1,0,0,1,0,1,0,0,1,0",0.36666666666666664,0.6,0.4345982142857143,0.38095238095238093,0.5714285714285714,0.45714285714285713,0.3794642857142857,0.1761188507080078
"0,0,0,0,1,1,0,0,0,1,1,0,1,1,1,1,0,1,0,0,0",0.36666666666666664,0.6,0.4345982142857143,0.38095238095238093,0.5714285714285714,0.45714285714285713,0.3794642857142857,0.17222881317138672
"1,0,0,1,0,1,0,0,1,1,1,0,1,1,1,1,0,0,0,1,1",0.36666666666666664,0.6,0.4345982142857143,0.38095238095238093,0.5714285714285714,0.45714285714285713,0.3794642857142857,0.2429971694946289
"0,0,0,1,1,0,1,1,1,1,0,1,1,1,0,1,0,1,0,1,1",0.4,0.5,0.4330357142857143,0.4,0.5714285714285714,0.47058823529411764,0.4107142857142857,0.19836163520812988
"0,0,1,0,0,0,1,1,1,1,0,1,0,0,0,0,0,1,0,1,1",0.43333333333333335,0.5,0.4330357142857143,0.2,0.07142857142857142,0.10526315789473684,0.4107142857142857,0.2368605136871338
"1,0,1,1,1,0,1,0,1,0,1,1,0,0,1,0,0,1,1,0,1",0.43333333333333335,0.5,0.4330357142857143,0.2,0.07142857142857142,0.10526315789473684,0.4107142857142857,0.21145272254943848
"1,1,0,0,1,1,0,1,1,0,1,0,1,1,0,1,0,1,0,1,0",0.43333333333333335,0.5,0.4330357142857143,0.2,0.07142857142857142,0.10526315789473684,0.4107142857142857,0.1962740421295166
"1,1,1,0,0,1,0,1,0,1,0,1,1,1,0,0,1,1,0,0,0",0.4666666666666667,0.4,0.4314732142857143,0.25,0.07142857142857142,0.1111111111111111,0.4419642857142857,0.1729440689086914
"0,0,1,0,1,1,1,1,1,0,0,1,0,0,0,1,1,1,0,0,0",0.4,0.6,0.43125,0.0,0.0,0.0,0.375,0.18651342391967773
"0,0,1,0,1,1,1,1,1,0,0,1,0,0,0,1,0,1,0,0,0",0.4,0.6,0.43125,0.0,0.0,0.0,0.375,0.1974318027496338
"0,0,1,0,1,1,1,1,1,0,0,1,0,0,0,0,1,1,0,0,0",0.4,0.6,0.43125,0.0,0.0,0.0,0.375,0.17046761512756348
"0,1,1,1,0,1,0,1,0,1,1,0,0,1,1,1,1,1,1,1,0",0.36666666666666664,0.6,0.43125,0.3684210526315789,0.5,0.42424242424242425,0.375,0.21268630027770996
"0,0,1,0,1,1,1,1,1,0,0,1,0,0,0,1,0,1,1,0,0",0.4,0.6,0.43125,0.0,0.0,0.0,0.375,0.1788349151611328
"1,1,1,0,1,0,1,0,0,0,0,0,0,0,1,0,1,0,0,1,0",0.4,0.6,0.43125,0.0,0.0,0.0,0.375,0.17747712135314941
"0,0,1,0,1,1,1,0,1,0,1,1,0,1,0,0,1,0,1,1,1",0.43333333333333335,0.5,0.4296875,0.0,0.0,0.0,0.40625,0.20742201805114746
"1,0,1,1,1,0,1,0,1,1,0,1,0,0,1,0,1,1,1,0,1",0.4,0.5,0.4296875,0.3888888888888889,0.5,0.4375,0.40625,0.22853755950927734
"0,0,1,0,1,1,0,1,1,1,0,1,1,0,0,1,1,1,1,0,1",0.43333333333333335,0.5,0.4296875,0.0,0.0,0.0,0.40625,0.21820473670959473
"0,1,0,0,1,0,1,0,1,1,1,1,0,0,1,0,0,0,0,0,0",0.4666666666666667,0.4,0.428125,0.0,0.0,0.0,0.4375,0.15378594398498535
"0,0,1,1,0,1,1,1,1,0,1,1,1,0,1,0,1,0,1,1,0",0.36666666666666664,0.6,0.4279017857142857,0.35294117647058826,0.42857142857142855,0.3870967741935484,0.3705357142857143,0.20134258270263672
"0,1,1,1,0,0,1,1,1,0,0,0,0,0,1,1,1,1,1,0,1",0.4,0.5,0.4263392857142857,0.375,0.42857142857142855,0.4,0.4017857142857143,0.22976183891296387
"1,1,1,1,1,1,1,1,0,0,1,0,1,0,0,0,0,1,1,1,1",0.3333333333333333,0.7,0.42611607142857144,0.3125,0.35714285714285715,0.3333333333333333,0.3348214285714286,0.1861271858215332
"0,1,0,1,0,0,0,0,1,1,1,1,0,1,0,1,0,1,0,0,0",0.36666666666666664,0.6,0.4245535714285715,0.3333333333333333,0.35714285714285715,0.3448275862068966,0.3660714285714286,0.1743764877319336
"0,1,0,0,0,0,0,0,0,0,1,0,1,1,0,1,0,0,0,0,0",0.36666666666666664,0.6,0.4245535714285715,0.3333333333333333,0.35714285714285715,0.3448275862068966,0.3660714285714286,0.15674543380737305
"1,1,1,0,1,0,0,1,0,1,0,0,1,0,0,0,1,0,1,1,1",0.43333333333333335,0.4,0.4214285714285715,0.38461538461538464,0.35714285714285715,0.37037037037037035,0.4285714285714286,0.20095229148864746
"1,0,0,1,1,1,0,1,0,0,0,1,0,1,1,1,0,1,0,0,1",0.4,0.5,0.41964285714285715,0.3333333333333333,0.2857142857142857,0.3076923076923077,0.39285714285714285,0.19532179832458496
"1,1,0,0,0,0,1,1,0,1,1,1,1,1,1,1,1,1,0,0,0",0.4,0.5,0.41964285714285715,0.3333333333333333,0.2857142857142857,0.3076923076923077,0.39285714285714285,0.1912708282470703
"1,1,1,0,1,1,1,1,1,1,1,1,0,0,1,0,0,1,0,1,0",0.36666666666666664,0.5,0.41964285714285715,0.4074074074074074,0.7857142857142857,0.5365853658536586,0.39285714285714285,0.20657014846801758
"0,0,1,1,0,1,1,1,1,0,0,0,1,0,0,0,0,0,1,0,1",0.4,0.4,0.4180803571428572,0.4230769230769231,0.7857142857142857,0.55,0.42410714285714285,0.19501566886901855
"0,1,0,1,0,0,0,0,1,0,0,0,0,0,0,0,0,1,1,0,1",0.3333333333333333,0.6,0.4178571428571428,0.38461538461538464,0.7142857142857143,0.5,0.35714285714285715,0.18311738967895508
"0,1,1,1,1,1,0,1,0,1,0,1,0,0,0,0,1,0,0,0,0",0.36666666666666664,0.5,0.41629464285714285,0.4,0.7142857142857143,0.5128205128205128,0.38839285714285715,0.13941049575805664
"1,1,1,0,0,1,0,1,0,1,0,1,1,0,0,0,0,1,1,0,1",0.36666666666666664,0.5,0.41629464285714285,0.4,0.7142857142857143,0.5128205128205128,0.38839285714285715,0.2032783031463623
"1,1,0,1,1,1,0,0,1,1,0,1,0,0,0,0,0,0,1,0,0",0.36666666666666664,0.5,0.41629464285714285,0.4,0.7142857142857143,0.5128205128205128,0.38839285714285715,0.16057324409484863
"0,1,1,1,1,1,0,0,1,0,0,0,1,0,0,1,1,0,0,0,0",0.36666666666666664,0.5,0.41629464285714285,0.4,0.7142857142857143,0.5128205128205128,0.38839285714285715,0.15838408470153809
"1,0,1,1,1,1,0,0,0,0,0,1,1,1,0,0,0,1,0,1,0",0.36666666666666664,0.5,0.41629464285714285,0.4,0.7142857142857143,0.5128205128205128,0.38839285714285715,0.18013215065002441
"1,1,1,0,1,1,0,0,0,1,0,0,1,1,0,0,1,0,0,0,0",0.36666666666666664,0.5,0.41629464285714285,0.4,0.7142857142857143,0.5128205128205128,0.38839285714285715,0.15926480293273926
"0,1,1,1,1,1,1,1,1,1,0,0,1,0,0,1,1,0,1,0,0",0.36666666666666664,0.5,0.41629464285714285,0.4,0.7142857142857143,0.5128205128205128,0.38839285714285715,0.18062710762023926
"0,1,1,1,1,1,0,1,0,1,0,1,1,0,0,1,0,0,1,0,0",0.36666666666666664,0.5,0.41629464285714285,0.4,0.7142857142857143,0.5128205128205128,0.38839285714285715,0.14459896087646484
"0,0,0,1,1,0,1,0,0,1,1,1,0,0,1,0,0,0,1,0,0",0.4,0.4,0.4147321428571429,0.4166666666666667,0.7142857142857143,0.5263157894736842,0.4196428571428571,0.1845486164093017
"0,1,1,0,0,0,1,1,1,0,1,1,0,1,1,1,1,1,0,1,1",0.36666666666666664,0.6,0.41450892857142857,0.2222222222222222,0.14285714285714285,0.17391304347826086,0.3526785714285714,0.22557616233825684
"1,0,0,1,1,0,0,0,0,0,1,0,1,1,1,0,0,1,1,1,0",0.36666666666666664,0.5,0.4129464285714286,0.391304347826087,0.6428571428571429,0.4864864864864865,0.38392857142857145,0.22675848007202148
"0,0,1,0,1,1,1,1,1,0,0,1,0,0,0,1,0,1,1,1,0",0.36666666666666664,0.6,0.4111607142857143,0.14285714285714285,0.07142857142857142,0.09523809523809523,0.3482142857142857,0.21185016632080078
"0,0,0,1,1,0,0,0,0,0,1,1,0,0,0,1,1,0,1,1,1",0.36666666666666664,0.6,0.4078125,0.0,0.0,0.0,0.34375,0.20687603950500488
"0,1,1,1,0,0,0,1,0,0,1,0,1,1,1,1,1,0,1,0,0",0.3333333333333333,0.6,0.4078125,0.35,0.5,0.4117647058823529,0.34375,0.18267321586608887
"1,0,0,1,1,0,0,1,0,0,1,1,1,0,0,1,1,0,0,0,1",0.36666666666666664,0.6,0.4078125,0.0,0.0,0.0,0.34375,0.19115376472473145
"0,0,1,0,1,0,1,0,0,0,1,1,1,0,0,1,0,1,1,0,1",0.4,0.4,0.4013392857142857,0.375,0.42857142857142855,0.4,0.4017857142857143,0.19920563697814941
"0,0,0,0,0,0,0,0,1,1,0,1,0,1,1,0,1,0,1,0,0",0.43333333333333335,0.3,0.3997767857142857,0.4,0.42857142857142855,0.41379310344827586,0.4330357142857143,0.15194272994995117
"0,1,0,1,0,0,0,0,0,0,0,0,0,0,0,0,1,1,0,0,0",0.43333333333333335,0.3,0.3997767857142857,0.4,0.42857142857142855,0.41379310344827586,0.4330357142857143,0.14872479438781738
"0,0,0,1,1,0,1,0,1,0,1,1,0,1,0,0,0,0,1,0,0",0.43333333333333335,0.3,0.3997767857142857,0.4,0.42857142857142855,0.41379310344827586,0.4330357142857143,0.16734838485717773
"0,1,1,0,0,0,1,0,0,1,1,0,0,1,0,0,0,0,0,0,0",0.43333333333333335,0.3,0.3997767857142857,0.4,0.42857142857142855,0.41379310344827586,0.4330357142857143,0.15818572044372559
"0,1,1,1,0,0,0,0,0,0,0,1,1,0,0,0,0,0,0,1,1",0.36666666666666664,0.5,0.39955357142857145,0.3333333333333333,0.35714285714285715,0.3448275862068966,0.3660714285714286,0.19821858406066895
"0,1,0,0,0,0,0,1,1,0,1,0,1,0,1,1,0,1,0,0,0",0.4,0.4,0.3979910714285715,0.35714285714285715,0.35714285714285715,0.35714285714285715,0.3973214285714286,0.15963363647460938
"0,0,0,0,0,1,1,1,0,1,0,1,0,1,1,1,1,1,0,0,0",0.36666666666666664,0.5,0.39620535714285715,0.3076923076923077,0.2857142857142857,0.2962962962962963,0.36160714285714285,0.20748019218444824
"1,0,0,0,1,0,1,1,0,1,0,0,0,0,1,1,0,0,1,0,1",0.3,0.7,0.39598214285714284,0.23076923076923078,0.21428571428571427,0.2222222222222222,0.29464285714285715,0.21964740753173828
"0,1,1,1,1,1,0,1,0,1,0,0,0,0,0,0,1,1,0,1,0",0.36666666666666664,0.4,0.3912946428571429,0.4,0.7142857142857143,0.5128205128205128,0.38839285714285715,0.2127056121826172
"1,0,0,1,0,0,1,1,1,1,1,0,0,1,0,0,0,0,0,1,0",0.36666666666666664,0.4,0.3912946428571429,0.4,0.7142857142857143,0.5128205128205128,0.38839285714285715,0.16763067245483398
"0,1,1,1,1,1,1,1,0,0,0,0,1,1,0,0,0,1,0,0,0",0.36666666666666664,0.4,0.3912946428571429,0.4,0.7142857142857143,0.5128205128205128,0.38839285714285715,0.1959390640258789
"1,1,1,1,1,1,0,0,0,0,0,1,1,1,1,0,1,0,1,0,0",0.3666666666666666,0.4,0.3912946428571429,0.4,0.7142857142857143,0.5128205128205128,0.3883928571428571,0.1596970558166504
"0,1,1,1,1,1,0,1,0,1,0,0,0,0,0,0,0,1,0,1,0",0.36666666666666664,0.4,0.3912946428571429,0.4,0.7142857142857143,0.5128205128205128,0.38839285714285715,0.1795063018798828
"0,1,0,0,0,1,0,0,1,0,0,1,1,0,0,0,0,0,0,1,1",0.3333333333333333,0.5,0.3895089285714286,0.375,0.6428571428571429,0.47368421052631576,0.35267857142857145,0.2052748203277588
"0,1,1,0,1,0,0,0,0,0,1,0,1,1,0,0,0,0,1,1,1",0.3333333333333333,0.6,0.38772321428571427,0.125,0.07142857142857142,0.09090909090909091,0.3169642857142857,0.1901257038116455
"1,1,1,1,1,1,0,0,1,0,0,1,0,1,0,0,1,0,1,0,0",0.3333333333333333,0.5,0.3861607142857143,0.36363636363636365,0.5714285714285714,0.4444444444444444,0.3482142857142857,0.15236401557922363
"1,1,1,1,1,1,1,0,0,1,0,0,1,1,0,1,0,0,0,0,0",0.3333333333333333,0.5,0.3861607142857143,0.36363636363636365,0.5714285714285714,0.4444444444444444,0.3482142857142857,0.15045928955078125
"0,1,0,1,0,0,0,1,0,1,1,0,1,0,1,0,1,1,1,0,0",0.3333333333333333,0.5,0.37611607142857145,0.3125,0.35714285714285715,0.3333333333333333,0.3348214285714286,0.19045376777648926
"0,1,0,1,0,0,0,0,1,0,0,0,0,0,0,0,0,0,1,1,1",0.3,0.6,0.3743303571428571,0.26666666666666666,0.2857142857142857,0.27586206896551724,0.29910714285714285,0.16172146797180176
"1,0,0,0,1,0,1,0,1,0,1,1,0,0,1,0,0,1,1,1,1",0.36666666666666664,0.3,0.33950892857142856,0.2222222222222222,0.14285714285714285,0.17391304347826086,0.3526785714285714,0.2061758041381836
"1,0,0,1,1,1,1,0,0,0,0,1,1,0,1,1,1,1,1,1,1",0.3333333333333333,0.3,0.3361607142857143,0.36363636363636365,0.5714285714285714,0.4444444444444444,0.3482142857142857,0.2187511920928955
"0,0,0,1,1,0,1,1,1,0,0,1,1,1,0,0,1,0,1,0,0",0.0,0.0,0.0,0.0,0.0,0.0,0.0,0.0
"0,0,1,1,0,0,0,1,0,0,0,1,0,1,0,1,0,0,1,0,0",0.0,0.0,0.0,0.0,0.0,0.0,0.0,0.0
"0,0,0,1,0,0,1,1,0,1,0,0,0,1,0,0,0,0,0,0,0",0.0,0.0,0.0,0.0,0.0,0.0,0.0,0.0
"0,0,0,1,1,0,1,1,1,1,0,1,0,0,0,0,1,0,0,0,0",0.0,0.0,0.0,0.0,0.0,0.0,0.0,0.0
"0,1,0,1,0,0,0,0,0,0,0,1,0,1,0,0,1,0,0,0,0",0.0,0.0,0.0,0.0,0.0,0.0,0.0,0.0
"1,1,1,0,1,0,0,1,0,1,0,0,1,0,0,0,1,0,0,0,0",0.0,0.0,0.0,0.0,0.0,0.0,0.0,0.0
"0,0,0,1,1,0,0,0,1,0,0,1,1,1,0,0,0,0,1,0,0",0.0,0.0,0.0,0.0,0.0,0.0,0.0,0.0
"1,1,0,1,0,0,0,0,0,1,0,1,1,0,0,1,0,0,0,0,0",0.0,0.0,0.0,0.0,0.0,0.0,0.0,0.0
"0,0,1,1,0,0,0,1,0,1,0,1,1,1,0,0,0,0,0,0,0",0.0,0.0,0.0,0.0,0.0,0.0,0.0,0.0
"1,1,0,1,1,0,0,0,0,0,0,1,0,1,0,1,1,0,0,0,0",0.0,0.0,0.0,0.0,0.0,0.0,0.0,0.0
"1,0,0,0,1,0,1,0,0,0,0,0,1,1,0,0,1,0,1,0,0",0.0,0.0,0.0,0.0,0.0,0.0,0.0,0.0
"0,1,1,0,1,0,0,1,1,0,0,1,0,0,0,0,0,0,0,0,0",0.0,0.0,0.0,0.0,0.0,0.0,0.0,0.0
"1,1,1,1,0,0,0,1,1,1,0,0,1,0,0,1,0,0,1,0,0",0.0,0.0,0.0,0.0,0.0,0.0,0.0,0.0
"1,1,0,0,0,0,1,1,0,1,0,0,1,1,0,0,1,0,0,0,0",0.0,0.0,0.0,0.0,0.0,0.0,0.0,0.0
