encoding,test accuracy,training accuracy,combined accuracy,test precision,test recall,test fscore,test auc,training time
"1,0,1,0,0,0,0,1,0,0,0,1,0,1,0,0,0,0,1,0,1",0.6666666666666666,0.9,0.7339285714285714,0.6,0.8571428571428571,0.7058823529411765,0.6785714285714286,0.1715404987335205
"0,0,1,0,0,0,1,0,0,1,1,0,1,0,0,0,0,0,0,1,1",0.6,1.0,0.7087053571428571,0.55,0.7857142857142857,0.6470588235294118,0.6116071428571428,0.1954965591430664
"0,0,1,0,0,0,1,1,0,1,1,0,1,0,0,0,0,0,0,1,1",0.6,1.0,0.7087053571428571,0.55,0.7857142857142857,0.6470588235294118,0.6116071428571428,0.18330144882202148
"1,1,1,0,1,0,0,1,0,1,0,0,1,0,0,0,1,1,1,1,0",0.6,0.9,0.69375,0.5384615384615384,1.0,0.7,0.625,0.2083897590637207
"0,0,0,0,0,1,1,0,0,1,1,1,0,0,0,0,1,1,0,0,1",0.6666666666666666,0.7,0.6872767857142856,0.5909090909090909,0.9285714285714286,0.7222222222222222,0.6830357142857143,0.19188570976257324
"0,0,1,0,0,0,1,1,0,1,0,1,0,0,1,0,0,1,0,0,0",0.6666666666666666,0.7,0.6772321428571428,0.625,0.7142857142857143,0.6666666666666666,0.6696428571428572,0.19596433639526367
"0,0,0,1,1,0,0,0,1,1,0,1,1,1,1,0,1,0,0,1,1",0.6333333333333333,0.8,0.6720982142857144,0.6153846153846154,0.5714285714285714,0.5925925925925926,0.6294642857142857,0.21589279174804688
"0,0,0,1,1,1,1,0,1,1,1,0,0,1,0,0,1,0,0,1,1",0.6333333333333333,0.8,0.66875,0.6363636363636364,0.5,0.56,0.625,0.22675728797912598
"0,0,1,0,1,1,1,1,1,0,0,1,0,0,0,1,0,0,1,1,0",0.6333333333333333,0.8,0.66875,0.6363636363636364,0.5,0.56,0.625,0.19115328788757324
"0,0,0,1,0,0,0,1,0,1,0,1,0,0,1,0,0,1,0,0,0",0.5666666666666667,1.0,0.6685267857142857,0.5454545454545454,0.42857142857142855,0.48,0.5580357142857143,0.19833946228027344
"0,1,0,0,0,0,1,1,0,0,0,1,1,0,0,0,1,1,0,1,1",0.7,0.6,0.665625,0.7777777777777778,0.5,0.6086956521739131,0.6875,0.2238481044769287
"1,1,1,0,0,0,0,0,1,1,1,0,0,0,1,0,1,0,1,0,1",0.6666666666666666,0.7,0.6604910714285714,0.8333333333333334,0.35714285714285715,0.5,0.6473214285714286,0.22309231758117676
"0,0,0,0,1,0,0,1,0,0,0,0,1,0,1,0,0,0,1,0,0",0.6666666666666666,0.6,0.6589285714285714,0.6,0.8571428571428571,0.7058823529411765,0.6785714285714286,0.14950203895568848
"0,0,1,0,1,0,0,0,0,1,0,1,1,0,1,0,0,0,0,0,0",0.6666666666666666,0.6,0.6589285714285714,0.6,0.8571428571428571,0.7058823529411765,0.6785714285714286,0.16258788108825684
"0,0,0,1,1,0,0,0,1,1,0,1,1,0,1,0,1,0,0,0,0",0.6666666666666666,0.6,0.6589285714285714,0.6,0.8571428571428571,0.7058823529411765,0.6785714285714286,0.1479473114013672
"1,0,0,1,1,0,0,0,1,1,0,1,0,1,1,0,1,0,1,0,0",0.6666666666666666,0.6,0.6589285714285714,0.6,0.8571428571428571,0.7058823529411765,0.6785714285714286,0.15948891639709473
"0,0,0,1,1,0,0,0,1,1,0,1,1,1,1,0,1,0,0,0,0",0.6666666666666666,0.6,0.6589285714285714,0.6,0.8571428571428571,0.7058823529411765,0.6785714285714286,0.15434861183166504
"0,1,1,0,1,0,1,1,1,0,1,0,1,0,0,0,1,0,1,0,0",0.6666666666666666,0.6,0.6589285714285714,0.6,0.8571428571428571,0.7058823529411765,0.6785714285714286,0.1614973545074463
"1,0,0,1,1,0,0,0,1,1,0,1,1,1,1,1,1,0,0,0,0",0.6666666666666666,0.6,0.6589285714285714,0.6,0.8571428571428571,0.7058823529411765,0.6785714285714286,0.14300823211669922
"1,0,0,0,1,0,0,0,1,1,0,1,1,1,1,0,1,0,0,0,0",0.6666666666666666,0.6,0.6589285714285714,0.6,0.8571428571428571,0.7058823529411765,0.6785714285714286,0.1440880298614502
"1,1,0,0,0,1,1,1,1,1,0,0,0,1,1,1,0,0,1,0,0",0.6,0.8,0.6587053571428572,0.55,0.7857142857142857,0.6470588235294118,0.6116071428571428,0.15313339233398438
"1,0,0,1,0,1,1,1,1,1,0,1,0,0,0,0,0,0,1,1,0",0.6,0.8,0.6587053571428572,0.55,0.7857142857142857,0.6470588235294118,0.6116071428571428,0.20059752464294434
"0,0,1,1,0,1,0,1,1,1,0,1,1,1,1,0,0,1,0,0,1",0.6,0.8,0.655357142857143,0.5555555555555556,0.7142857142857143,0.625,0.6071428571428572,0.20887160301208496
"1,0,0,0,1,0,0,1,0,0,1,1,0,0,0,0,0,0,1,1,1",0.6666666666666666,0.6,0.6522321428571429,0.625,0.7142857142857143,0.6666666666666666,0.6696428571428572,0.1882457733154297
"1,1,0,0,1,1,0,0,0,0,1,0,1,0,0,1,0,1,0,1,1",0.6,0.8,0.6520089285714286,0.5625,0.6428571428571429,0.6,0.6026785714285714,0.2004532814025879
"1,0,1,0,1,1,0,1,0,1,0,0,0,1,1,0,1,0,1,1,1",0.6,0.8,0.6520089285714286,0.5625,0.6428571428571429,0.6,0.6026785714285714,0.22530460357666016
"1,1,0,0,1,1,1,1,0,1,1,1,0,0,1,0,0,1,0,0,1",0.6,0.8,0.6486607142857144,0.5714285714285714,0.5714285714285714,0.5714285714285714,0.5982142857142857,0.19135499000549316
"1,0,1,1,1,0,0,1,1,1,1,1,1,0,1,1,1,1,0,1,1",0.6,0.8,0.6486607142857144,0.5714285714285714,0.5714285714285714,0.5714285714285714,0.5982142857142857,0.21946072578430176
"0,1,0,0,1,0,0,0,1,0,0,1,1,1,0,1,1,0,1,1,1",0.6333333333333333,0.7,0.6470982142857142,0.6153846153846154,0.5714285714285714,0.5925925925925926,0.6294642857142857,0.21924448013305664
"1,1,0,0,0,0,0,1,1,1,0,0,0,1,0,1,0,1,0,1,1",0.6,0.8,0.6453125,0.5833333333333334,0.5,0.5384615384615384,0.59375,0.2169172763824463
"1,1,1,0,0,0,0,0,1,1,1,0,0,1,1,1,1,0,1,1,1",0.6333333333333333,0.7,0.64375,0.6363636363636364,0.5,0.56,0.625,0.19792890548706055
"0,0,1,1,0,1,0,1,1,1,0,1,1,0,0,1,1,0,0,1,1",0.6,0.8,0.6419642857142858,0.6,0.42857142857142855,0.5,0.5892857142857143,0.21379756927490234
"0,0,0,0,1,0,0,1,0,0,0,0,1,0,0,1,0,0,1,1,0",0.6666666666666666,0.6,0.6388392857142857,0.75,0.42857142857142855,0.5454545454545454,0.6517857142857143,0.19568657875061035
"0,1,1,1,0,0,0,1,0,1,0,1,1,0,0,0,1,0,1,1,0",0.6333333333333333,0.6,0.6388392857142857,0.5652173913043478,0.9285714285714286,0.7027027027027027,0.6517857142857143,0.17981696128845215
"1,1,1,1,1,0,1,1,1,1,0,0,0,0,0,1,1,1,0,0,0",0.6333333333333333,0.6,0.6388392857142857,0.5652173913043478,0.9285714285714286,0.7027027027027027,0.6517857142857143,0.15764284133911133
"0,1,0,1,1,1,1,1,1,1,1,1,1,0,1,0,0,0,1,1,1",0.6333333333333333,0.7,0.6370535714285714,0.7142857142857143,0.35714285714285715,0.47619047619047616,0.6160714285714286,0.20181751251220703
"1,0,0,0,0,0,1,1,1,1,1,0,1,0,0,1,0,0,1,1,1",0.6333333333333333,0.7,0.6370535714285714,0.7142857142857143,0.35714285714285715,0.47619047619047616,0.6160714285714286,0.21955561637878418
"0,0,0,0,1,1,1,1,0,1,0,0,0,0,0,1,1,1,1,0,1",0.6666666666666666,0.5,0.6339285714285714,0.6,0.8571428571428571,0.7058823529411765,0.6785714285714286,0.24265170097351074
"0,1,1,1,1,0,0,1,0,0,0,0,0,0,0,1,0,0,1,1,1",0.6,0.7,0.633705357142857,0.55,0.7857142857142857,0.6470588235294118,0.6116071428571428,0.21423697471618652
"1,0,1,0,1,0,0,1,0,0,0,1,0,1,0,0,1,1,1,0,0",0.6333333333333333,0.6,0.6321428571428571,0.5789473684210527,0.7857142857142857,0.6666666666666666,0.6428571428571428,0.19170069694519043
"1,0,0,1,0,1,1,0,0,0,0,0,1,0,0,1,1,0,0,0,1",0.5666666666666667,0.8,0.631919642857143,0.5263157894736842,0.7142857142857143,0.6060606060606061,0.5758928571428572,0.16515254974365234
"0,0,1,0,1,0,1,1,0,0,0,1,0,1,1,0,1,0,1,0,0",0.5666666666666667,0.9,0.6301339285714286,0.6666666666666666,0.14285714285714285,0.23529411764705882,0.5401785714285714,0.15364313125610352
"0,1,0,0,1,0,1,1,0,0,0,0,0,1,0,0,1,1,0,0,0",0.5666666666666667,0.9,0.6301339285714286,0.6666666666666666,0.14285714285714285,0.23529411764705882,0.5401785714285714,0.15291571617126465
"0,1,0,1,1,0,1,0,0,0,1,1,0,1,1,0,0,1,0,0,0",0.6333333333333333,0.6,0.6287946428571429,0.5882352941176471,0.7142857142857143,0.6451612903225806,0.6383928571428572,0.19108128547668457
"0,1,0,1,1,0,1,0,0,0,1,1,0,0,1,1,1,1,1,1,1",0.6333333333333333,0.6,0.6287946428571429,0.5882352941176471,0.7142857142857143,0.6451612903225806,0.6383928571428572,0.2170803546905517
"0,1,0,1,1,0,1,0,0,0,1,1,0,0,1,1,1,1,1,0,0",0.6333333333333333,0.6,0.6287946428571429,0.5882352941176471,0.7142857142857143,0.6451612903225806,0.6383928571428572,0.1707475185394287
"1,1,0,0,0,1,0,1,0,0,1,0,0,0,0,0,1,1,0,1,1",0.5666666666666667,0.8,0.6285714285714286,0.5294117647058824,0.6428571428571429,0.5806451612903226,0.5714285714285714,0.18800115585327148
"1,0,0,0,0,0,0,1,1,1,0,1,0,1,0,1,1,1,1,1,0",0.6,0.8,0.6285714285714286,1.0,0.14285714285714285,0.25,0.5714285714285714,0.2324538230895996
"1,0,0,1,1,0,0,0,1,1,0,1,1,1,1,1,1,0,0,0,1",0.6666666666666666,0.5,0.6272321428571429,0.625,0.7142857142857143,0.6666666666666666,0.6696428571428572,0.20890378952026367
"1,1,1,1,0,0,0,0,0,1,0,1,1,1,1,0,0,0,1,0,1",0.6,0.7,0.6270089285714285,0.5625,0.6428571428571429,0.6,0.6026785714285714,0.19237995147705078
"1,0,1,0,0,1,0,1,1,1,0,1,0,1,1,0,1,0,0,1,0",0.6,0.7,0.6270089285714285,0.5625,0.6428571428571429,0.6,0.6026785714285714,0.16668701171875
"0,0,1,1,0,0,1,1,0,1,0,0,0,0,0,1,1,0,0,1,1",0.6333333333333333,0.6,0.6254464285714285,0.6,0.6428571428571429,0.6206896551724138,0.6339285714285714,0.20342326164245605
"1,1,0,0,0,0,0,0,1,1,0,0,1,1,1,0,0,0,1,1,0",0.5666666666666667,0.8,0.6252232142857144,0.5333333333333333,0.5714285714285714,0.5517241379310345,0.5669642857142857,0.15538406372070312
"1,0,0,0,0,1,0,1,0,1,0,0,1,0,1,1,1,0,1,0,1",0.6,0.7,0.6236607142857142,0.5714285714285714,0.5714285714285714,0.5714285714285714,0.5982142857142857,0.22904300689697266
"0,1,0,1,1,0,1,0,0,1,0,1,1,1,0,1,1,0,1,1,1",0.5333333333333333,0.9,0.6234375,0.5,0.5,0.5,0.53125,0.221940279006958
"1,0,1,0,0,0,0,0,1,1,0,0,1,1,1,0,0,0,0,1,1",0.5333333333333333,0.9,0.6234375,0.5,0.5,0.5,0.53125,0.23803400993347168
"1,1,1,1,0,0,0,0,0,1,0,1,1,1,1,0,0,1,0,0,0",0.5333333333333333,0.9,0.6234375,0.5,0.5,0.5,0.53125,0.16952919960021973
"1,0,0,0,0,0,1,1,1,1,0,1,1,1,0,0,1,0,0,1,0",0.6666666666666666,0.5,0.6205357142857143,0.6666666666666666,0.5714285714285714,0.6153846153846154,0.6607142857142857,0.1683051586151123
"1,0,0,1,0,1,1,1,1,1,0,1,0,0,0,0,0,0,1,1,1",0.5666666666666667,0.7,0.6203125,0.5185185185185185,1.0,0.6829268292682927,0.59375,0.17489981651306152
"0,1,0,0,0,1,0,1,0,0,1,1,1,0,0,0,1,0,1,0,1",0.6333333333333333,0.6,0.61875,0.6363636363636364,0.5,0.56,0.625,0.21306633949279785
"0,0,1,0,1,0,0,0,0,1,0,1,1,1,1,0,0,1,0,0,0",0.5666666666666667,0.8,0.6185267857142858,0.5454545454545454,0.42857142857142855,0.48,0.5580357142857143,0.17695999145507812
"1,1,0,1,0,0,0,0,0,0,0,1,0,1,1,0,1,1,1,0,1",0.5666666666666667,0.8,0.6185267857142858,0.5454545454545454,0.42857142857142855,0.48,0.5580357142857143,0.1987016201019287
"1,0,1,0,0,1,1,0,1,0,0,0,1,1,0,0,0,1,0,0,0",0.5666666666666667,0.7,0.6169642857142856,0.52,0.9285714285714286,0.6666666666666666,0.5892857142857143,0.14908671379089355
"1,0,1,1,0,1,0,0,0,0,0,1,0,1,1,0,0,0,0,1,1",0.6,0.7,0.6169642857142856,0.6,0.42857142857142855,0.5,0.5892857142857143,0.17557382583618164
"1,1,0,0,0,1,0,1,0,0,0,0,0,0,1,0,0,0,1,0,0",0.5666666666666667,0.7,0.6169642857142856,0.52,0.9285714285714286,0.6666666666666666,0.5892857142857143,0.1784670352935791
"1,0,0,1,1,1,1,0,0,0,0,0,1,1,0,0,1,1,1,1,0",0.6,0.7,0.6169642857142856,0.6,0.42857142857142855,0.5,0.5892857142857143,0.22739005088806152
"0,1,1,0,0,0,1,0,1,0,0,1,0,0,0,0,0,1,1,0,1",0.5666666666666667,0.8,0.6151785714285715,0.5555555555555556,0.35714285714285715,0.43478260869565216,0.5535714285714286,0.21620655059814453
"0,1,1,0,0,0,0,0,1,0,0,1,0,0,0,1,0,0,1,1,1",0.5333333333333333,0.8,0.6151785714285715,0.5,0.8571428571428571,0.631578947368421,0.5535714285714286,0.21395540237426758
"1,0,0,0,0,0,0,0,1,0,0,1,1,1,1,1,0,1,0,1,0",0.5666666666666667,0.8,0.6151785714285715,0.5555555555555556,0.35714285714285715,0.43478260869565216,0.5535714285714286,0.2027435302734375
"1,0,0,0,0,0,1,1,1,1,1,0,1,0,0,1,0,1,0,0,1",0.6666666666666666,0.5,0.6138392857142857,0.75,0.42857142857142855,0.5454545454545454,0.6517857142857143,0.1728215217590332
"0,1,1,1,0,1,0,0,0,1,0,1,1,0,0,1,1,1,1,0,0",0.6666666666666666,0.5,0.6138392857142857,0.75,0.42857142857142855,0.5454545454545454,0.6517857142857143,0.16859817504882812
"0,1,0,1,1,1,1,0,0,1,1,1,0,0,0,0,1,1,0,0,1",0.6666666666666666,0.5,0.6138392857142857,0.75,0.42857142857142855,0.5454545454545454,0.6517857142857143,0.20653581619262695
"1,0,0,0,0,0,1,1,1,1,1,0,1,0,0,0,0,1,1,0,0",0.6,0.7,0.6136160714285714,0.625,0.35714285714285715,0.45454545454545453,0.5848214285714286,0.1665956974029541
"1,0,0,0,0,0,1,1,1,1,1,0,1,0,0,1,0,1,0,0,0",0.6,0.7,0.6136160714285714,0.625,0.35714285714285715,0.45454545454545453,0.5848214285714286,0.16483640670776367
"0,0,0,0,1,0,0,1,0,0,0,0,1,0,1,0,0,0,1,0,1",0.6,0.7,0.6136160714285714,0.625,0.35714285714285715,0.45454545454545453,0.5848214285714286,0.18563413619995117
"0,0,0,1,1,0,0,1,1,1,0,0,0,1,1,0,1,1,1,1,1",0.5333333333333333,0.9,0.6133928571428571,0.5,0.2857142857142857,0.36363636363636365,0.5178571428571428,0.19851088523864746
"1,0,1,1,1,0,0,0,1,1,0,1,1,1,0,0,0,0,1,0,1",0.6333333333333333,0.6,0.6120535714285715,0.7142857142857143,0.35714285714285715,0.47619047619047616,0.6160714285714286,0.23453116416931152
"1,0,0,0,0,0,0,1,1,1,0,1,0,1,1,0,0,1,0,0,1",0.5333333333333333,0.8,0.6118303571428572,0.5,0.7857142857142857,0.6111111111111112,0.5491071428571428,0.21794915199279785
"0,1,1,0,0,1,0,0,0,0,0,0,0,1,0,1,0,1,1,1,0",0.5333333333333333,0.8,0.6118303571428572,0.5,0.7857142857142857,0.6111111111111112,0.5491071428571428,0.1817772388458252
"0,0,1,0,0,1,1,0,1,1,0,0,0,1,0,0,0,1,1,0,1",0.6,0.7,0.610267857142857,0.6666666666666666,0.2857142857142857,0.4,0.5803571428571428,0.20381641387939453
"1,0,0,1,1,0,0,0,1,1,0,1,1,1,1,1,1,0,0,1,1",0.5666666666666667,0.7,0.610267857142857,0.5238095238095238,0.7857142857142857,0.6285714285714286,0.5803571428571428,0.21698403358459473
"1,1,0,0,0,1,1,1,1,1,0,0,0,1,0,0,1,0,0,1,1",0.5,0.9,0.6100446428571429,0.47619047619047616,0.7142857142857143,0.5714285714285714,0.5133928571428572,0.20937323570251465
"1,0,1,0,0,1,0,0,0,1,1,1,1,0,0,0,0,1,1,0,1",0.5,0.9,0.6100446428571429,0.47619047619047616,0.7142857142857143,0.5714285714285714,0.5133928571428572,0.21895503997802734
"1,1,1,0,1,0,0,1,0,1,0,1,0,0,1,0,0,0,1,0,1",0.5,0.9,0.6100446428571429,0.47619047619047616,0.7142857142857143,0.5714285714285714,0.5133928571428572,0.20566582679748535
"0,0,0,0,1,0,0,0,0,1,0,0,1,0,0,0,1,1,0,1,0",0.5333333333333333,0.9,0.6100446428571428,0.5,0.21428571428571427,0.3,0.5133928571428571,0.17600750923156738
"1,0,0,1,1,1,1,0,0,1,1,0,0,0,0,1,0,1,0,1,0",0.6,0.6,0.6087053571428571,0.55,0.7857142857142857,0.6470588235294118,0.6116071428571428,0.1711564064025879
"1,0,0,1,1,0,0,0,0,1,0,1,1,1,1,0,0,0,1,0,1",0.6,0.6,0.6087053571428571,0.55,0.7857142857142857,0.6470588235294118,0.6116071428571428,0.2247171401977539
"1,0,0,0,0,0,0,1,1,0,0,0,1,1,0,1,1,1,1,0,1",0.5333333333333333,0.8,0.608482142857143,0.5,0.7142857142857143,0.5882352941176471,0.5446428571428572,0.2447664737701416
"0,1,0,0,1,1,1,1,1,0,0,1,0,0,0,0,0,1,0,0,0",0.5666666666666667,0.8,0.6084821428571427,0.6,0.21428571428571427,0.3157894736842105,0.5446428571428571,0.19832086563110352
"1,0,0,1,1,0,0,0,0,1,0,1,1,1,1,0,0,1,0,0,0",0.6333333333333333,0.5,0.6071428571428571,0.5789473684210527,0.7857142857142857,0.6666666666666666,0.6428571428571428,0.1765744686126709
"0,0,0,1,1,0,0,0,1,1,0,1,1,1,1,0,0,1,0,0,0",0.6333333333333333,0.5,0.6071428571428571,0.5789473684210527,0.7857142857142857,0.6666666666666666,0.6428571428571428,0.15129661560058594
"0,0,1,0,1,0,0,0,0,1,0,1,1,1,1,0,0,0,1,1,0",0.6333333333333333,0.5,0.6071428571428571,0.5789473684210527,0.7857142857142857,0.6666666666666666,0.6428571428571428,0.180159330368042
"1,0,0,0,1,0,0,0,1,1,0,1,1,1,1,0,1,1,1,0,0",0.6333333333333333,0.5,0.6071428571428571,0.5789473684210527,0.7857142857142857,0.6666666666666666,0.6428571428571428,0.16757464408874512
"0,1,0,1,0,0,0,0,1,0,0,0,0,0,0,1,1,1,0,0,1",0.6333333333333333,0.5,0.6071428571428571,0.5789473684210527,0.7857142857142857,0.6666666666666666,0.6428571428571428,0.1656339168548584
"0,1,0,1,1,0,1,1,1,1,1,0,1,0,0,1,0,1,0,0,0",0.6333333333333333,0.5,0.6071428571428571,0.5789473684210527,0.7857142857142857,0.6666666666666666,0.6428571428571428,0.15602755546569824
"1,0,0,1,1,0,0,0,0,1,0,1,1,1,1,1,1,1,1,0,0",0.6333333333333333,0.5,0.6071428571428571,0.5789473684210527,0.7857142857142857,0.6666666666666666,0.6428571428571428,0.17952990531921387
"1,0,1,0,0,0,1,1,1,1,0,0,1,0,0,0,1,1,1,1,1",0.5,0.9,0.6066964285714286,0.47368421052631576,0.6428571428571429,0.5454545454545454,0.5089285714285714,0.21088647842407227
"0,1,1,1,1,0,0,1,1,0,0,1,0,0,0,1,0,0,1,1,0",0.6,0.6,0.6053571428571429,0.5555555555555556,0.7142857142857143,0.625,0.6071428571428572,0.2079916000366211
"1,1,0,0,0,1,1,1,0,1,1,0,1,1,1,1,1,0,1,1,0",0.5333333333333333,0.8,0.6051339285714286,0.5,0.6428571428571429,0.5625,0.5401785714285714,0.21273517608642578
"0,1,1,1,1,0,1,1,1,1,1,0,0,1,0,1,0,1,0,1,0",0.5333333333333333,0.8,0.6051339285714286,0.5,0.6428571428571429,0.5625,0.5401785714285714,0.17958855628967285
"1,1,0,0,1,0,1,1,0,0,0,0,0,0,0,1,1,1,1,0,1",0.6333333333333333,0.5,0.6037946428571429,0.5882352941176471,0.7142857142857143,0.6451612903225806,0.6383928571428572,0.1977841854095459
"0,0,1,0,1,0,0,0,0,1,0,1,1,1,1,0,0,1,0,1,1",0.6333333333333333,0.5,0.6037946428571429,0.5882352941176471,0.7142857142857143,0.6451612903225806,0.6383928571428572,0.2345430850982666
"1,0,1,0,1,1,1,1,1,1,1,1,0,1,0,0,1,1,1,0,1",0.6333333333333333,0.5,0.6037946428571429,0.5882352941176471,0.7142857142857143,0.6451612903225806,0.6383928571428572,0.22025036811828613
"1,0,1,1,0,1,0,1,0,0,0,1,1,0,1,0,1,1,1,0,1",0.5666666666666667,0.7,0.6035714285714285,0.5294117647058824,0.6428571428571429,0.5806451612903226,0.5714285714285714,0.2078566551208496
"1,0,0,1,1,0,0,0,0,1,0,1,1,1,1,0,0,1,0,0,1",0.6,0.6,0.6020089285714285,0.5625,0.6428571428571429,0.6,0.6026785714285714,0.21518707275390625
"0,0,1,1,1,0,1,0,0,1,1,1,0,0,1,0,0,1,1,1,1",0.6,0.6,0.6020089285714285,0.5625,0.6428571428571429,0.6,0.6026785714285714,0.21797776222229004
"1,0,0,0,0,0,1,1,1,1,0,1,1,0,0,0,0,0,1,1,1",0.6,0.6,0.6020089285714285,0.5625,0.6428571428571429,0.6,0.6026785714285714,0.2019028663635254
"1,1,1,1,0,0,1,0,0,1,0,0,1,0,0,1,0,0,1,0,1",0.6,0.6,0.6020089285714285,0.5625,0.6428571428571429,0.6,0.6026785714285714,0.1982734203338623
"0,0,0,0,0,1,0,0,1,1,1,1,1,0,1,0,1,0,1,0,0",0.5333333333333333,0.8,0.6017857142857144,0.5,0.5714285714285714,0.5333333333333333,0.5357142857142857,0.16645050048828125
"0,1,0,1,0,1,1,0,0,1,0,0,1,1,0,1,1,0,0,0,1",0.5333333333333333,0.8,0.6017857142857144,0.5,0.5714285714285714,0.5333333333333333,0.5357142857142857,0.20924139022827148
"0,0,0,1,0,0,0,1,0,1,0,0,0,0,1,0,1,1,0,1,0",0.5,0.9,0.6,0.4666666666666667,0.5,0.4827586206896552,0.5,0.20725727081298828
"0,1,1,1,1,0,0,1,0,0,0,0,0,1,0,0,0,1,1,0,1",0.6,0.6,0.5986607142857143,0.5714285714285714,0.5714285714285714,0.5714285714285714,0.5982142857142857,0.20437145233154297
"0,1,0,0,1,1,0,0,1,1,0,1,0,0,0,0,0,1,1,0,0",0.6,0.6,0.5986607142857143,0.5714285714285714,0.5714285714285714,0.5714285714285714,0.5982142857142857,0.1669328212738037
"0,1,0,0,1,1,0,0,1,1,0,1,0,0,0,1,0,1,0,0,0",0.6,0.6,0.5986607142857143,0.5714285714285714,0.5714285714285714,0.5714285714285714,0.5982142857142857,0.17647194862365723
"1,0,0,1,1,0,0,0,1,1,0,1,1,1,1,0,1,1,1,0,1",0.6,0.6,0.5986607142857143,0.5714285714285714,0.5714285714285714,0.5714285714285714,0.5982142857142857,0.21139287948608398
"1,1,1,1,0,0,1,0,0,1,1,0,1,0,0,0,0,0,1,1,1",0.6333333333333333,0.5,0.5970982142857143,0.6153846153846154,0.5714285714285714,0.5925925925925926,0.6294642857142857,0.1841728687286377
"1,1,0,0,1,0,0,1,0,1,0,1,0,0,0,1,1,1,0,0,1",0.5333333333333333,0.7,0.596875,0.5,1.0,0.6666666666666666,0.5625,0.20831847190856934
"1,1,0,1,0,0,0,1,1,0,0,0,1,0,1,0,1,1,1,0,0",0.5666666666666667,0.7,0.596875,0.5384615384615384,0.5,0.5185185185185185,0.5625,0.19261574745178223
"0,0,1,1,0,1,0,0,1,1,0,1,0,1,0,0,1,0,0,1,1",0.5666666666666667,0.7,0.596875,0.5384615384615384,0.5,0.5185185185185185,0.5625,0.1972348690032959
"0,0,1,0,1,0,0,1,1,1,0,1,1,1,1,0,0,0,1,1,0",0.5,0.9,0.5966517857142857,0.46153846153846156,0.42857142857142855,0.4444444444444444,0.4955357142857143,0.1873483657836914
"1,1,0,0,0,1,1,1,0,0,1,1,1,0,1,0,1,0,1,0,1",0.5,0.9,0.5966517857142857,0.46153846153846156,0.42857142857142855,0.4444444444444444,0.4955357142857143,0.20616841316223145
"1,1,1,0,1,1,1,1,0,1,0,1,0,1,0,0,0,0,1,1,1",0.5,0.9,0.5966517857142857,0.46153846153846156,0.42857142857142855,0.4444444444444444,0.4955357142857143,0.20165467262268066
"0,0,1,0,0,0,1,1,1,1,1,0,0,0,1,0,0,1,0,1,0",0.6,0.6,0.5953125,0.5833333333333334,0.5,0.5384615384615384,0.59375,0.19883227348327637
"1,0,0,0,1,0,0,1,0,0,1,1,0,0,1,0,1,0,1,0,1",0.6,0.6,0.5953125,0.5833333333333334,0.5,0.5384615384615384,0.59375,0.22273731231689453
"0,1,0,1,1,0,1,1,0,0,1,1,0,0,1,1,1,1,1,1,1",0.5333333333333333,0.8,0.5950892857142858,0.5,0.42857142857142855,0.46153846153846156,0.5267857142857143,0.23766851425170898
"0,1,0,0,0,0,0,1,0,1,0,1,0,0,0,1,0,1,1,0,1",0.5,0.8,0.5950892857142858,0.48148148148148145,0.9285714285714286,0.6341463414634146,0.5267857142857143,0.20776009559631348
"0,0,0,1,0,0,1,0,0,0,1,0,0,1,1,1,0,1,1,0,1",0.5333333333333333,0.8,0.5950892857142858,0.5,0.42857142857142855,0.46153846153846156,0.5267857142857143,0.2180957794189453
"0,0,0,1,0,1,0,0,1,1,0,0,0,1,1,0,1,0,1,1,0",0.6,0.5,0.59375,0.5384615384615384,1.0,0.7,0.625,0.19245576858520508
"0,0,0,0,1,0,0,1,0,0,0,1,1,0,1,0,1,0,0,0,1",0.5666666666666667,0.7,0.5935267857142856,0.5454545454545454,0.42857142857142855,0.48,0.5580357142857143,0.23226094245910645
"1,0,0,0,1,1,1,1,1,0,1,1,1,0,1,0,0,1,0,0,0",0.5333333333333333,0.7,0.5935267857142856,0.5,0.9285714285714286,0.65,0.5580357142857143,0.18457794189453125
"1,0,0,1,1,0,0,0,1,1,0,1,1,1,1,1,1,1,1,1,0",0.5,0.9,0.5933035714285715,0.45454545454545453,0.35714285714285715,0.4,0.4910714285714286,0.1968839168548584
"0,0,1,0,1,1,1,1,0,1,0,0,1,1,0,1,1,0,0,0,1",0.5,0.9,0.5933035714285715,0.45454545454545453,0.35714285714285715,0.4,0.4910714285714286,0.2022075653076172
"0,0,1,1,1,0,0,0,1,0,1,0,1,1,0,0,0,1,0,1,1",0.4666666666666667,0.9,0.5933035714285714,0.46153846153846156,0.8571428571428571,0.6,0.49107142857142855,0.2422020435333252
"0,1,0,1,0,1,0,1,1,1,0,1,0,0,1,0,1,0,1,0,0",0.4666666666666667,0.9,0.5933035714285714,0.46153846153846156,0.8571428571428571,0.6,0.49107142857142855,0.1703808307647705
"0,0,1,1,0,0,0,0,0,0,1,1,1,0,1,0,1,0,1,1,1",0.4666666666666667,0.9,0.5933035714285714,0.46153846153846156,0.8571428571428571,0.6,0.49107142857142855,0.21175837516784668
"0,0,0,1,1,1,1,1,0,1,0,1,0,0,0,0,0,0,1,1,0",0.4666666666666667,0.9,0.5933035714285714,0.46153846153846156,0.8571428571428571,0.6,0.49107142857142855,0.16165924072265625
"1,1,1,1,0,0,1,0,0,1,0,0,1,0,0,1,0,0,1,1,0",0.6666666666666666,0.4,0.5921875,0.7,0.5,0.5833333333333334,0.65625,0.20655179023742676
"0,0,1,0,1,1,1,0,0,0,1,1,1,0,0,0,0,0,1,0,1",0.6,0.6,0.5919642857142857,0.6,0.42857142857142855,0.5,0.5892857142857143,0.19459176063537598
"0,0,0,1,1,1,1,0,1,0,0,1,0,1,0,0,1,0,0,0,1",0.6,0.6,0.5919642857142857,0.6,0.42857142857142855,0.5,0.5892857142857143,0.22353529930114746
"1,0,0,1,0,1,1,0,0,1,1,0,1,1,1,1,0,0,0,1,0",0.5,0.8,0.5917410714285715,0.48,0.8571428571428571,0.6153846153846154,0.5223214285714286,0.21128344535827637
"1,0,0,0,1,0,0,0,1,1,0,1,1,1,1,0,1,0,0,0,1",0.6,0.5,0.5904017857142857,0.5416666666666666,0.9285714285714286,0.6842105263157895,0.6205357142857143,0.210052490234375
"0,0,0,0,0,1,0,1,1,0,0,1,0,0,0,0,0,1,1,1,0",0.6,0.5,0.5904017857142857,0.5416666666666666,0.9285714285714286,0.6842105263157895,0.6205357142857143,0.20293498039245605
"1,1,1,1,0,0,0,0,0,1,0,1,1,0,0,0,0,0,1,1,1",0.5333333333333333,0.7,0.5901785714285714,0.5,0.8571428571428571,0.631578947368421,0.5535714285714286,0.20246076583862305
"0,1,0,0,0,0,1,1,1,1,0,0,1,1,0,0,0,1,1,1,1",0.5333333333333333,0.7,0.5901785714285714,0.5,0.8571428571428571,0.631578947368421,0.5535714285714286,0.22645902633666992
"0,1,1,0,0,0,0,0,1,0,0,1,1,0,0,0,1,0,1,1,1",0.5333333333333333,0.7,0.5901785714285714,0.5,0.8571428571428571,0.631578947368421,0.5535714285714286,0.19102096557617188
"0,1,0,0,1,1,0,0,1,0,0,1,0,0,0,0,0,1,1,0,1",0.5666666666666667,0.6,0.5886160714285714,0.5217391304347826,0.8571428571428571,0.6486486486486487,0.5848214285714286,0.2025303840637207
"0,0,0,0,0,1,1,0,1,1,1,0,0,1,0,0,1,0,0,0,1",0.6,0.6,0.5886160714285714,0.625,0.35714285714285715,0.45454545454545453,0.5848214285714286,0.20785140991210938
"1,0,1,0,0,0,0,0,0,0,1,0,1,1,0,1,1,1,0,1,1",0.5,0.8,0.5883928571428572,0.4782608695652174,0.7857142857142857,0.5945945945945946,0.5178571428571428,0.23178887367248535
"1,1,0,0,1,1,1,1,1,0,1,1,1,0,1,0,0,1,0,0,0",0.6,0.5,0.5870535714285714,0.5454545454545454,0.8571428571428571,0.6666666666666666,0.6160714285714286,0.1757521629333496
"1,0,0,0,1,1,1,1,0,1,0,0,0,0,0,1,0,1,1,0,0",0.5333333333333333,0.7,0.586830357142857,0.5,0.7857142857142857,0.6111111111111112,0.5491071428571428,0.1911168098449707
"0,1,1,1,0,0,0,0,1,0,1,0,1,1,0,0,0,1,0,1,1",0.5333333333333333,0.7,0.586830357142857,0.5,0.7857142857142857,0.6111111111111112,0.5491071428571428,0.21859264373779297
"0,0,0,0,1,1,1,0,0,1,0,1,1,1,0,1,1,1,0,0,0",0.5333333333333333,0.7,0.586830357142857,0.5,0.7857142857142857,0.6111111111111112,0.5491071428571428,0.20343756675720215
"0,0,0,1,1,0,0,0,1,1,0,1,1,1,1,0,1,0,1,1,1",0.5,0.9,0.5866071428571429,0.42857142857142855,0.21428571428571427,0.2857142857142857,0.48214285714285715,0.21366357803344727
"0,1,0,0,1,1,0,0,0,1,0,1,1,1,1,0,0,0,1,0,1",0.4666666666666667,0.9,0.5866071428571429,0.45454545454545453,0.7142857142857143,0.5555555555555556,0.48214285714285715,0.20180130004882812
"0,0,0,0,0,1,0,1,0,0,1,0,0,0,0,1,1,0,0,0,1",0.6333333333333333,0.4,0.5854910714285715,0.5714285714285714,0.8571428571428571,0.6857142857142857,0.6473214285714286,0.16955161094665527
"1,1,1,1,1,0,0,0,1,1,1,0,0,0,0,0,0,1,1,1,0",0.6,0.6,0.5852678571428571,0.6666666666666666,0.2857142857142857,0.4,0.5803571428571428,0.1705338954925537
"0,0,0,0,0,1,1,0,1,1,1,0,0,1,0,0,1,0,0,1,1",0.5666666666666667,0.6,0.5852678571428571,0.5238095238095238,0.7857142857142857,0.6285714285714286,0.5803571428571428,0.2346346378326416
"1,1,1,0,0,1,0,0,1,0,0,1,0,1,0,1,1,1,1,1,1",0.6,0.6,0.5852678571428571,0.6666666666666666,0.2857142857142857,0.4,0.5803571428571428,0.21760821342468262
"0,0,1,0,0,1,0,1,0,1,0,0,1,0,1,0,0,1,1,1,0",0.5666666666666667,0.6,0.5852678571428571,0.5238095238095238,0.7857142857142857,0.6285714285714286,0.5803571428571428,0.20209670066833496
"1,1,1,0,1,1,1,0,0,0,0,1,1,1,0,1,1,0,0,0,1",0.5,0.8,0.585044642857143,0.47619047619047616,0.7142857142857143,0.5714285714285714,0.5133928571428572,0.20009088516235352
"1,0,0,1,1,1,0,0,1,0,0,1,1,1,1,0,0,0,0,1,0",0.6333333333333333,0.5,0.5837053571428571,0.8,0.2857142857142857,0.42105263157894735,0.6116071428571428,0.21931886672973633
"1,0,0,0,1,0,1,1,1,0,1,0,0,1,1,0,0,1,1,0,1",0.6333333333333333,0.5,0.5837053571428571,0.8,0.2857142857142857,0.42105263157894735,0.6116071428571428,0.19615459442138672
"0,1,0,1,0,1,0,1,1,1,1,1,1,1,1,0,1,0,0,1,1",0.6333333333333333,0.5,0.5837053571428571,0.8,0.2857142857142857,0.42105263157894735,0.6116071428571428,0.19826817512512207
"0,1,1,0,1,1,1,0,0,0,0,1,0,1,0,1,1,0,0,0,1",0.6333333333333333,0.5,0.5837053571428571,0.8,0.2857142857142857,0.42105263157894735,0.6116071428571428,0.18991351127624512
"0,0,0,0,1,0,0,1,0,0,0,0,1,0,1,0,0,0,0,1,1",0.5333333333333333,0.7,0.5834821428571428,0.5,0.7142857142857143,0.5882352941176471,0.5446428571428572,0.19203615188598633
"0,1,1,1,1,0,0,1,0,0,0,0,0,0,0,0,0,1,1,0,0",0.5666666666666667,0.7,0.5834821428571428,0.6,0.21428571428571427,0.3157894736842105,0.5446428571428571,0.16367459297180176
"1,1,1,0,0,1,1,1,1,0,1,1,0,0,1,1,1,1,1,0,1",0.5333333333333333,0.7,0.5834821428571428,0.5,0.7142857142857143,0.5882352941176471,0.5446428571428572,0.20704030990600586
"0,1,1,0,0,1,0,1,0,0,1,1,1,0,0,1,1,0,1,1,1",0.5333333333333333,0.7,0.5834821428571428,0.5,0.7142857142857143,0.5882352941176471,0.5446428571428572,0.19289207458496094
"1,0,1,1,0,1,0,1,0,0,0,0,1,0,0,0,1,1,1,1,1",0.5333333333333333,0.7,0.5834821428571428,0.5,0.7142857142857143,0.5882352941176471,0.5446428571428572,0.19670867919921875
"1,0,1,0,0,0,0,1,1,1,1,0,1,1,1,1,1,1,1,1,0",0.5666666666666667,0.6,0.5819196428571429,0.5263157894736842,0.7142857142857143,0.6060606060606061,0.5758928571428572,0.18600201606750488
"0,0,0,0,1,1,0,1,0,0,1,1,0,1,0,1,0,0,1,0,0",0.5666666666666667,0.6,0.5819196428571429,0.5263157894736842,0.7142857142857143,0.6060606060606061,0.5758928571428572,0.16264104843139648
"0,1,1,1,0,1,1,1,1,0,0,1,0,0,1,1,0,1,1,0,1",0.5666666666666667,0.6,0.5819196428571429,0.5263157894736842,0.7142857142857143,0.6060606060606061,0.5758928571428572,0.20700407028198242
"1,1,1,1,0,0,1,0,0,1,0,1,1,1,1,0,0,0,1,0,1",0.6,0.6,0.5819196428571428,0.75,0.21428571428571427,0.3333333333333333,0.5758928571428571,0.19857215881347656
"0,1,0,1,0,1,0,1,0,1,1,0,0,1,1,0,0,0,0,0,1",0.6,0.6,0.5819196428571428,0.75,0.21428571428571427,0.3333333333333333,0.5758928571428571,0.18466687202453613
"0,1,1,1,0,0,0,1,1,1,0,0,0,0,0,1,0,1,0,0,0",0.6,0.6,0.5819196428571428,0.75,0.21428571428571427,0.3333333333333333,0.5758928571428571,0.15599989891052246
"0,0,1,1,0,1,0,1,1,1,0,1,1,1,0,0,1,0,0,1,1",0.6,0.6,0.5819196428571428,0.75,0.21428571428571427,0.3333333333333333,0.5758928571428571,0.2277228832244873
"0,0,1,0,1,0,0,0,0,1,0,1,1,0,0,1,0,0,1,1,1",0.5333333333333333,0.8,0.5816964285714286,0.5,0.14285714285714285,0.2222222222222222,0.5089285714285714,0.19885635375976562
"1,0,0,0,1,0,0,0,1,1,0,1,1,1,1,0,1,0,0,1,1",0.5333333333333333,0.8,0.5816964285714286,0.5,0.14285714285714285,0.2222222222222222,0.5089285714285714,0.2416689395904541
"1,0,1,1,0,1,0,1,1,1,0,1,1,1,1,0,0,1,0,0,1",0.6333333333333333,0.5,0.5803571428571428,1.0,0.21428571428571427,0.35294117647058826,0.6071428571428571,0.2054586410522461
"1,0,0,1,0,1,1,1,1,1,0,1,0,1,1,0,0,1,1,0,0",0.5333333333333333,0.7,0.5801339285714285,0.5,0.6428571428571429,0.5625,0.5401785714285714,0.1899104118347168
"1,0,0,1,0,1,1,1,1,1,0,1,0,0,1,1,1,1,1,0,0",0.5333333333333333,0.7,0.5801339285714285,0.5,0.6428571428571429,0.5625,0.5401785714285714,0.1772010326385498
"1,0,0,0,0,1,0,0,1,1,0,0,0,1,1,1,0,0,1,1,1",0.5333333333333333,0.7,0.5801339285714285,0.5,0.6428571428571429,0.5625,0.5401785714285714,0.22570204734802246
"0,1,1,0,0,1,1,1,0,1,0,0,1,1,1,0,0,1,0,0,1",0.5666666666666667,0.7,0.5801339285714285,0.6666666666666666,0.14285714285714285,0.23529411764705882,0.5401785714285714,0.2007293701171875
"1,0,0,1,0,1,1,1,1,1,0,1,0,0,1,0,0,1,0,0,0",0.5333333333333333,0.7,0.5801339285714285,0.5,0.6428571428571429,0.5625,0.5401785714285714,0.17474365234375
"0,0,0,1,1,0,0,0,1,1,0,1,1,1,1,0,1,0,0,1,0",0.5333333333333333,0.7,0.5801339285714285,0.5,0.6428571428571429,0.5625,0.5401785714285714,0.1850748062133789
"0,1,0,1,1,0,1,1,0,0,0,0,0,0,0,1,1,1,1,0,1",0.5666666666666667,0.7,0.5801339285714285,0.6666666666666666,0.14285714285714285,0.23529411764705882,0.5401785714285714,0.22074174880981445
"1,0,1,0,1,0,0,0,1,1,1,0,1,0,1,1,0,0,0,1,0",0.6,0.6,0.5785714285714285,1.0,0.14285714285714285,0.25,0.5714285714285714,0.19762730598449707
"1,1,0,1,1,0,0,1,1,0,0,0,0,1,0,1,0,0,1,0,1",0.5666666666666667,0.6,0.5785714285714285,0.5294117647058824,0.6428571428571429,0.5806451612903226,0.5714285714285714,0.22229862213134766
"1,0,1,0,1,1,1,1,1,0,1,1,0,1,0,1,1,1,0,1,0",0.5666666666666667,0.6,0.5785714285714285,0.5294117647058824,0.6428571428571429,0.5806451612903226,0.5714285714285714,0.2099761962890625
"0,1,1,0,1,0,1,1,1,0,1,1,1,1,0,0,1,0,0,1,1",0.5666666666666667,0.6,0.5785714285714285,0.5294117647058824,0.6428571428571429,0.5806451612903226,0.5714285714285714,0.24054455757141113
"0,1,0,1,1,1,1,1,0,0,1,0,0,0,1,0,0,1,1,0,0",0.5666666666666667,0.6,0.5785714285714285,0.5294117647058824,0.6428571428571429,0.5806451612903226,0.5714285714285714,0.1842026710510254
"0,0,0,1,1,1,0,0,1,1,0,1,1,1,1,0,1,0,0,1,1",0.5333333333333333,0.8,0.5783482142857144,0.5,0.07142857142857142,0.125,0.5044642857142857,0.23644518852233887
"1,1,1,1,0,0,0,1,1,0,0,0,0,0,1,0,0,1,0,0,0",0.5333333333333333,0.7,0.5767857142857142,0.5,0.5714285714285714,0.5333333333333333,0.5357142857142857,0.17363572120666504
"1,0,0,0,0,0,0,0,0,0,0,1,0,0,1,0,0,1,0,1,1",0.5666666666666667,0.7,0.5767857142857142,1.0,0.07142857142857142,0.13333333333333333,0.5357142857142857,0.1959247589111328
"1,0,0,1,0,1,0,0,0,1,0,1,1,0,1,0,0,0,0,0,1",0.5333333333333333,0.7,0.5767857142857142,0.5,0.5714285714285714,0.5333333333333333,0.5357142857142857,0.1640336513519287
"1,0,1,0,1,1,0,1,0,1,0,0,0,1,1,0,1,1,0,0,1",0.5666666666666667,0.7,0.5767857142857142,1.0,0.07142857142857142,0.13333333333333333,0.5357142857142857,0.18058085441589355
"1,1,0,0,0,1,0,1,1,0,0,0,0,0,1,0,0,1,0,0,0",0.5333333333333333,0.7,0.5767857142857142,0.5,0.5714285714285714,0.5333333333333333,0.5357142857142857,0.1867072582244873
"0,0,0,1,1,0,0,0,1,1,0,1,1,1,0,1,1,1,0,1,0",0.5,0.9,0.5765625,0.0,0.0,0.0,0.46875,0.20612645149230957
"0,0,1,0,1,1,1,0,0,1,1,1,1,0,1,0,1,1,0,0,1",0.5666666666666667,0.6,0.5752232142857143,0.5333333333333333,0.5714285714285714,0.5517241379310345,0.5669642857142857,0.19079804420471191
"0,1,0,0,0,1,1,1,1,1,0,0,0,1,0,0,1,0,1,0,1",0.5,0.8,0.575,0.4666666666666667,0.5,0.4827586206896552,0.5,0.20740747451782227
"0,0,1,0,0,0,0,0,1,1,0,1,1,1,0,0,1,0,0,1,0",0.5,0.8,0.575,0.4666666666666667,0.5,0.4827586206896552,0.5,0.19158244132995605
"1,1,1,0,0,0,1,1,0,0,1,1,1,0,1,0,0,1,1,1,0",0.5,0.8,0.575,0.4666666666666667,0.5,0.4827586206896552,0.5,0.19442510604858398
"0,0,0,1,1,1,0,0,0,1,0,0,1,0,1,1,1,1,1,0,1",0.6,0.5,0.5736607142857143,0.5714285714285714,0.5714285714285714,0.5714285714285714,0.5982142857142857,0.21374249458312988
"1,0,1,1,0,0,1,0,0,1,0,1,0,1,0,0,0,0,0,1,0",0.6,0.5,0.5736607142857143,0.5714285714285714,0.5714285714285714,0.5714285714285714,0.5982142857142857,0.1567530632019043
"0,1,0,1,1,1,1,1,1,1,1,1,0,0,1,0,0,1,1,0,1",0.5333333333333333,0.7,0.5734375,0.5,0.5,0.5,0.53125,0.23945307731628418
"1,1,0,0,1,1,1,1,1,0,1,1,1,0,1,0,0,0,1,0,1",0.5333333333333333,0.7,0.5734375,0.5,0.5,0.5,0.53125,0.2015688419342041
"1,0,0,0,1,1,0,1,0,1,1,1,0,1,1,1,1,0,0,1,0",0.5,0.7,0.5734375,0.4827586206896552,1.0,0.6511627906976745,0.53125,0.17333245277404785
"0,0,0,0,1,0,0,1,1,1,0,1,0,0,0,1,0,1,1,1,0",0.5,0.7,0.5734375,0.4827586206896552,1.0,0.6511627906976745,0.53125,0.2080996036529541
"0,0,0,0,1,1,0,1,0,1,0,1,1,0,1,0,0,0,0,1,0",0.5,0.7,0.5734375,0.4827586206896552,1.0,0.6511627906976745,0.53125,0.16886591911315918
"0,0,0,0,1,0,1,1,0,0,0,1,1,1,1,0,1,0,0,1,0",0.5333333333333333,0.6,0.571875,0.5,1.0,0.6666666666666666,0.5625,0.16783952713012695
"0,0,0,0,1,0,1,1,1,0,0,1,1,1,1,0,1,0,1,1,0",0.5333333333333333,0.6,0.571875,0.5,1.0,0.6666666666666666,0.5625,0.17569303512573242
"0,1,0,1,0,1,1,0,0,1,1,0,0,0,0,0,1,1,1,1,0",0.5666666666666667,0.6,0.571875,0.5384615384615384,0.5,0.5185185185185185,0.5625,0.17895841598510742
"1,1,0,0,1,1,1,1,1,0,1,1,1,0,0,1,0,0,1,0,1",0.5666666666666667,0.6,0.571875,0.5384615384615384,0.5,0.5185185185185185,0.5625,0.2150866985321045
"0,0,0,0,1,0,1,1,0,0,0,0,1,1,1,1,0,0,1,0,0",0.5333333333333333,0.6,0.571875,0.5,1.0,0.6666666666666666,0.5625,0.17479920387268066
"0,1,1,0,0,0,1,0,0,0,1,1,0,1,0,0,1,1,0,0,1",0.5666666666666667,0.6,0.571875,0.5384615384615384,0.5,0.5185185185185185,0.5625,0.19167566299438477
"0,1,0,0,1,1,1,1,0,0,0,1,0,1,1,0,0,0,0,1,1",0.5666666666666667,0.6,0.571875,0.5384615384615384,0.5,0.5185185185185185,0.5625,0.22739505767822266
"1,1,0,0,0,0,1,0,0,1,1,0,0,0,1,1,1,0,0,1,1",0.5,0.8,0.5716517857142858,0.46153846153846156,0.42857142857142855,0.4444444444444444,0.4955357142857143,0.17864060401916504
"1,0,0,0,1,0,0,1,0,1,0,1,0,0,1,0,1,0,0,1,1",0.43333333333333335,1.0,0.5714285714285714,0.38461538461538464,0.35714285714285715,0.37037037037037035,0.4285714285714286,0.2108626365661621
"1,1,1,0,1,1,0,1,1,1,0,1,1,0,1,1,0,0,1,1,0",0.5666666666666667,0.5,0.5703125,0.5185185185185185,1.0,0.6829268292682927,0.59375,0.1762094497680664
"0,1,0,1,1,1,0,1,1,1,0,0,0,0,1,1,1,0,1,1,0",0.6,0.5,0.5703125,0.5833333333333334,0.5,0.5384615384615384,0.59375,0.20035195350646973
"1,1,1,1,0,0,0,1,0,0,0,0,0,1,0,1,1,0,0,0,1",0.5333333333333333,0.7,0.5700892857142856,0.5,0.42857142857142855,0.46153846153846156,0.5267857142857143,0.19873642921447754
"1,1,1,0,1,1,1,0,1,0,1,0,1,1,0,0,1,0,0,1,1",0.5,0.7,0.5700892857142856,0.48148148148148145,0.9285714285714286,0.6341463414634146,0.5267857142857143,0.20693325996398926
"0,0,1,0,1,1,0,1,0,1,0,0,0,0,1,0,0,0,1,1,1",0.5333333333333333,0.7,0.5700892857142856,0.5,0.42857142857142855,0.46153846153846156,0.5267857142857143,0.22211813926696777
"1,0,0,0,1,1,1,1,1,0,0,1,0,0,0,1,0,0,1,1,0",0.5333333333333333,0.6,0.5685267857142857,0.5,0.9285714285714286,0.65,0.5580357142857143,0.21712112426757812
"0,0,0,1,0,0,0,1,1,0,1,0,0,1,1,0,0,1,0,1,0",0.5666666666666667,0.6,0.5685267857142857,0.5454545454545454,0.42857142857142855,0.48,0.5580357142857143,0.18320322036743164
"0,0,0,1,0,1,1,0,0,1,1,1,1,0,0,0,0,0,1,1,0",0.5666666666666667,0.6,0.5685267857142857,0.5454545454545454,0.42857142857142855,0.48,0.5580357142857143,0.17727184295654297
"1,0,0,0,1,0,1,0,0,1,0,0,0,0,0,1,1,0,1,1,1",0.5,0.8,0.5683035714285715,0.45454545454545453,0.35714285714285715,0.4,0.4910714285714286,0.1910707950592041
"1,0,0,1,1,0,0,0,1,1,0,1,0,1,1,0,1,0,1,0,1",0.5666666666666667,0.5,0.5669642857142857,0.52,0.9285714285714286,0.6666666666666666,0.5892857142857143,0.2333049774169922
"0,0,0,1,1,0,0,0,1,1,0,1,1,1,1,0,1,0,0,0,1",0.5666666666666667,0.5,0.5669642857142857,0.52,0.9285714285714286,0.6666666666666666,0.5892857142857143,0.18760347366333008
"0,0,1,0,1,0,0,0,0,1,0,1,1,1,1,0,0,0,1,0,1",0.5666666666666667,0.5,0.5669642857142857,0.52,0.9285714285714286,0.6666666666666666,0.5892857142857143,0.20392346382141113
"0,0,0,0,0,0,0,0,1,0,0,1,0,0,1,0,1,1,0,0,1",0.4666666666666667,0.9,0.5665178571428572,0.4,0.2857142857142857,0.3333333333333333,0.45535714285714285,0.1605527400970459
"0,1,0,1,1,0,1,1,1,0,1,1,0,0,1,1,1,1,0,1,1",0.4666666666666667,0.9,0.5665178571428572,0.4,0.2857142857142857,0.3333333333333333,0.45535714285714285,0.22498178482055664
"0,0,1,1,1,0,0,0,0,0,1,1,1,1,1,0,1,0,1,0,0",0.4666666666666667,0.9,0.5665178571428572,0.4,0.2857142857142857,0.3333333333333333,0.45535714285714285,0.1623215675354004
"1,0,1,1,1,1,1,0,1,0,1,0,0,0,0,0,0,0,1,0,1",0.43333333333333335,0.9,0.5665178571428572,0.44,0.7857142857142857,0.5641025641025641,0.45535714285714285,0.19625401496887207
"0,0,1,0,0,0,0,1,1,1,0,0,0,0,1,1,0,1,1,0,0",0.4666666666666667,0.9,0.5665178571428572,0.4,0.2857142857142857,0.3333333333333333,0.45535714285714285,0.2083427906036377
"1,0,0,1,0,0,0,0,0,1,0,0,0,0,1,0,0,1,0,0,0",0.4666666666666667,0.9,0.5665178571428572,0.4,0.2857142857142857,0.3333333333333333,0.45535714285714285,0.17113685607910156
"0,0,1,1,1,0,0,0,1,0,1,0,1,0,1,1,0,0,1,0,0",0.4666666666666667,0.9,0.5665178571428572,0.4,0.2857142857142857,0.3333333333333333,0.45535714285714285,0.18816685676574707
"0,1,0,0,0,0,1,0,0,0,0,0,0,1,1,1,0,0,1,0,1",0.5666666666666667,0.6,0.5651785714285714,0.5555555555555556,0.35714285714285715,0.43478260869565216,0.5535714285714286,0.21283531188964844
"0,1,0,0,0,1,1,1,1,1,0,0,1,0,0,0,1,1,1,1,0",0.5333333333333333,0.6,0.5651785714285714,0.5,0.8571428571428571,0.631578947368421,0.5535714285714286,0.2037978172302246
"1,0,1,1,0,1,0,0,1,0,1,1,1,0,1,1,0,1,1,1,0",0.5666666666666667,0.6,0.5651785714285714,0.5555555555555556,0.35714285714285715,0.43478260869565216,0.5535714285714286,0.18705081939697266
"1,0,1,1,0,0,1,1,1,1,1,1,1,0,1,1,1,1,0,0,0",0.5666666666666667,0.6,0.5651785714285714,0.5555555555555556,0.35714285714285715,0.43478260869565216,0.5535714285714286,0.200239896774292
"1,1,0,0,0,1,0,1,0,1,1,1,0,0,0,0,0,0,0,1,1",0.4666666666666667,0.8,0.5649553571428572,0.4583333333333333,0.7857142857142857,0.5789473684210527,0.48660714285714285,0.17693829536437988
"0,0,0,1,1,0,0,1,1,1,0,1,0,0,1,1,1,0,0,1,0",0.5,0.8,0.5649553571428572,0.4444444444444444,0.2857142857142857,0.34782608695652173,0.48660714285714285,0.2184734344482422
"0,1,0,0,1,1,0,0,0,1,1,0,1,0,1,1,0,0,0,1,0",0.6,0.5,0.5636160714285714,0.625,0.35714285714285715,0.45454545454545453,0.5848214285714286,0.20344829559326172
"0,1,0,1,1,0,1,1,1,0,1,1,1,0,0,1,1,1,1,1,1",0.5666666666666667,0.5,0.5636160714285714,0.5217391304347826,0.8571428571428571,0.6486486486486487,0.5848214285714286,0.21672320365905762
"1,0,0,0,1,1,1,1,1,0,0,0,1,0,0,1,0,1,0,1,0",0.5,0.7,0.563392857142857,0.4782608695652174,0.7857142857142857,0.5945945945945946,0.5178571428571428,0.20911240577697754
"0,0,0,1,1,1,1,1,0,1,0,0,1,0,1,0,0,0,1,0,1",0.5333333333333333,0.7,0.563392857142857,0.5,0.2857142857142857,0.36363636363636365,0.5178571428571428,0.1926736831665039
"1,1,1,0,1,0,0,0,1,0,0,1,0,0,0,1,1,1,0,1,1",0.5,0.7,0.563392857142857,0.4782608695652174,0.7857142857142857,0.5945945945945946,0.5178571428571428,0.2169034481048584
"1,0,0,1,1,1,1,0,1,1,1,0,0,1,0,0,1,0,0,1,1",0.4666666666666667,0.9,0.5631696428571429,0.375,0.21428571428571427,0.2727272727272727,0.45089285714285715,0.23028945922851562
"0,0,0,1,1,0,1,1,0,1,1,0,1,0,0,0,0,0,0,1,1",0.5333333333333333,0.6,0.5618303571428571,0.5,0.7857142857142857,0.6111111111111112,0.5491071428571428,0.21500945091247559
"0,0,1,0,1,0,1,0,0,1,0,0,1,0,0,0,0,1,0,1,1",0.5666666666666667,0.6,0.5618303571428571,0.5714285714285714,0.2857142857142857,0.38095238095238093,0.5491071428571428,0.19768810272216797
"1,0,0,0,0,0,1,1,1,1,1,0,0,0,1,1,0,0,1,1,1",0.5666666666666667,0.6,0.5618303571428571,0.5714285714285714,0.2857142857142857,0.38095238095238093,0.5491071428571428,0.20563983917236328
"1,0,0,0,1,0,1,0,0,0,1,0,1,0,0,0,0,0,0,0,1",0.5333333333333333,0.6,0.5618303571428571,0.5,0.7857142857142857,0.6111111111111112,0.5491071428571428,0.15981054306030273
"0,1,0,0,0,1,0,0,1,1,1,0,1,1,0,1,1,1,1,1,0",0.5333333333333333,0.6,0.5618303571428571,0.5,0.7857142857142857,0.6111111111111112,0.5491071428571428,0.19541120529174805
"1,0,0,0,1,1,1,0,1,0,1,0,1,1,0,0,1,1,1,1,1",0.4666666666666667,0.8,0.5616071428571429,0.45454545454545453,0.7142857142857143,0.5555555555555556,0.48214285714285715,0.22113633155822754
"1,0,0,1,0,0,1,1,0,0,0,1,1,0,1,1,1,1,0,1,1",0.4666666666666667,0.8,0.5616071428571429,0.45454545454545453,0.7142857142857143,0.5555555555555556,0.48214285714285715,0.21248650550842285
"0,0,0,1,1,0,0,0,1,1,0,1,1,1,0,1,0,0,1,1,1",0.5,0.8,0.5616071428571429,0.42857142857142855,0.21428571428571427,0.2857142857142857,0.48214285714285715,0.23051071166992188
"0,0,1,1,0,0,1,1,0,1,0,0,0,1,1,0,0,1,0,0,1",0.5,0.8,0.5616071428571429,0.42857142857142855,0.21428571428571427,0.2857142857142857,0.48214285714285715,0.18884563446044922
"1,0,0,1,1,0,1,0,0,1,0,0,1,0,0,1,0,0,1,1,0",0.4666666666666667,0.8,0.5616071428571429,0.45454545454545453,0.7142857142857143,0.5555555555555556,0.48214285714285715,0.23418188095092773
"1,1,1,1,0,0,0,0,0,1,0,1,1,1,1,0,0,0,1,0,0",0.5666666666666667,0.5,0.5602678571428571,0.5238095238095238,0.7857142857142857,0.6285714285714286,0.5803571428571428,0.14814496040344238
"1,1,1,1,1,0,0,1,0,0,0,1,0,0,1,1,0,0,0,0,0",0.5666666666666667,0.5,0.5602678571428571,0.5238095238095238,0.7857142857142857,0.6285714285714286,0.5803571428571428,0.1663808822631836
"1,0,1,0,0,0,0,1,0,0,0,1,1,1,1,1,0,0,0,1,0",0.6,0.5,0.5602678571428571,0.6666666666666666,0.2857142857142857,0.4,0.5803571428571428,0.1991441249847412
"1,1,1,0,1,0,0,0,1,1,0,1,1,1,1,0,1,0,0,0,0",0.5666666666666667,0.5,0.5602678571428571,0.5238095238095238,0.7857142857142857,0.6285714285714286,0.5803571428571428,0.18125510215759277
"1,1,1,1,1,0,0,0,1,1,1,0,0,0,0,1,1,1,1,0,1",0.6,0.5,0.5602678571428571,0.6666666666666666,0.2857142857142857,0.4,0.5803571428571428,0.20272016525268555
"1,0,0,1,1,0,0,0,1,1,0,1,0,0,0,1,0,0,1,1,1",0.6,0.5,0.5602678571428571,0.6666666666666666,0.2857142857142857,0.4,0.5803571428571428,0.21204328536987305
"1,1,1,0,1,0,0,0,1,1,0,1,1,1,1,1,1,0,0,0,0",0.5666666666666667,0.5,0.5602678571428571,0.5238095238095238,0.7857142857142857,0.6285714285714286,0.5803571428571428,0.15584826469421387
"0,1,1,0,0,0,1,1,1,0,0,1,1,1,0,1,0,1,0,1,0",0.6,0.5,0.5602678571428571,0.6666666666666666,0.2857142857142857,0.4,0.5803571428571428,0.19733977317810059
"1,0,0,1,0,1,1,1,1,1,0,0,1,0,0,0,1,1,1,1,0",0.5666666666666667,0.5,0.5602678571428571,0.5238095238095238,0.7857142857142857,0.6285714285714286,0.5803571428571428,0.19970965385437012
"1,1,1,0,1,0,0,0,1,1,0,1,0,1,1,0,1,0,1,0,0",0.5666666666666667,0.5,0.5602678571428571,0.5238095238095238,0.7857142857142857,0.6285714285714286,0.5803571428571428,0.17257905006408691
"1,1,1,0,1,0,0,0,0,1,0,1,1,0,1,0,0,0,0,0,0",0.5666666666666667,0.5,0.5602678571428571,0.5238095238095238,0.7857142857142857,0.6285714285714286,0.5803571428571428,0.1583409309387207
"1,1,1,1,0,0,0,0,1,1,0,1,0,0,1,1,0,0,1,0,0",0.5666666666666667,0.5,0.5602678571428571,0.5238095238095238,0.7857142857142857,0.6285714285714286,0.5803571428571428,0.16557765007019043
"1,0,0,0,1,1,1,1,0,0,1,0,0,0,1,1,1,1,1,0,0",0.5,0.7,0.5600446428571428,0.47619047619047616,0.7142857142857143,0.5714285714285714,0.5133928571428572,0.1778104305267334
"1,1,1,0,0,1,1,1,1,0,1,1,0,0,1,0,0,1,0,0,0",0.5,0.7,0.5600446428571428,0.4761904761904761,0.7142857142857143,0.5714285714285714,0.5133928571428572,0.2049846649169922
"1,1,1,1,0,0,0,0,0,1,0,1,1,1,1,0,0,1,0,0,1",0.5,0.7,0.5600446428571428,0.47619047619047616,0.7142857142857143,0.5714285714285714,0.5133928571428572,0.19452285766601562
"0,1,0,0,0,0,0,1,0,1,1,0,0,1,0,0,0,0,0,1,1",0.5333333333333333,0.7,0.5600446428571428,0.5,0.21428571428571427,0.3,0.5133928571428571,0.1815173625946045
"0,1,1,1,1,1,1,1,1,1,1,0,1,0,0,0,1,1,1,1,0",0.5,0.7,0.5600446428571428,0.47619047619047616,0.7142857142857143,0.5714285714285714,0.5133928571428572,0.19284772872924805
"1,1,1,1,0,0,1,0,0,1,0,0,1,0,1,0,1,0,1,1,1",0.5333333333333333,0.7,0.5600446428571428,0.5,0.21428571428571427,0.3,0.5133928571428571,0.2276601791381836
"0,1,1,1,1,0,0,1,0,0,0,0,0,0,0,1,0,0,1,1,0",0.5,0.7,0.5600446428571428,0.47619047619047616,0.7142857142857143,0.5714285714285714,0.5133928571428572,0.2070772647857666
"1,1,0,0,1,1,1,1,1,0,1,1,1,0,1,0,0,1,0,0,1",0.5333333333333333,0.6,0.5584821428571429,0.5,0.7142857142857143,0.5882352941176471,0.5446428571428572,0.22315192222595215
"1,0,0,0,1,1,1,0,0,1,0,0,1,0,0,1,0,0,0,1,1",0.5333333333333333,0.6,0.5584821428571429,0.5,0.7142857142857143,0.5882352941176471,0.5446428571428572,0.23411798477172852
"0,0,1,1,0,0,1,0,1,0,0,1,1,1,0,0,1,1,0,1,1",0.5333333333333333,0.6,0.5584821428571429,0.5,0.7142857142857143,0.5882352941176471,0.5446428571428572,0.22261619567871094
"1,0,0,0,0,0,1,1,1,0,1,0,1,1,1,0,1,0,1,0,0",0.5666666666666667,0.6,0.5584821428571428,0.6,0.21428571428571427,0.3157894736842105,0.5446428571428571,0.1826324462890625
"0,1,0,0,0,0,1,0,0,0,1,1,1,1,1,0,0,0,1,0,0",0.5666666666666667,0.6,0.5584821428571428,0.6,0.21428571428571427,0.3157894736842105,0.5446428571428571,0.19411444664001465
"1,0,0,0,1,1,1,1,1,0,1,1,1,0,1,0,0,1,0,0,1",0.4666666666666667,0.8,0.5582589285714286,0.45,0.6428571428571429,0.5294117647058824,0.47767857142857145,0.21594572067260742
"1,0,1,1,1,0,0,1,0,1,0,0,1,1,1,1,1,0,0,1,1",0.4666666666666667,0.8,0.5582589285714286,0.45,0.6428571428571429,0.5294117647058824,0.47767857142857145,0.22237110137939453
"0,0,0,1,1,1,1,1,0,0,0,1,1,0,0,1,1,1,0,1,0",0.4666666666666667,0.8,0.5582589285714286,0.45,0.6428571428571429,0.5294117647058824,0.47767857142857145,0.20512986183166504
"0,0,1,0,0,0,1,0,0,1,1,1,0,1,1,0,1,1,1,1,1",0.5,0.8,0.5582589285714286,0.4,0.14285714285714285,0.21052631578947367,0.4776785714285714,0.2342832088470459
"1,0,0,0,0,0,1,1,1,0,0,1,0,0,0,1,0,0,1,1,0",0.5666666666666667,0.5,0.5569196428571429,0.5263157894736842,0.7142857142857143,0.6060606060606061,0.5758928571428572,0.20591402053833008
"0,0,0,1,0,1,0,0,0,0,0,0,1,0,0,0,1,0,0,0,1",0.5666666666666667,0.5,0.5569196428571429,0.5263157894736842,0.7142857142857143,0.6060606060606061,0.5758928571428572,0.16240334510803223
"1,1,1,0,1,0,1,0,1,1,0,0,1,1,1,1,1,1,1,0,1",0.6,0.5,0.5569196428571428,0.75,0.21428571428571427,0.3333333333333333,0.5758928571428571,0.22106099128723145
"1,0,0,1,0,0,1,1,0,1,1,0,1,1,0,1,1,1,0,0,1",0.6,0.5,0.5569196428571428,0.75,0.21428571428571427,0.3333333333333333,0.5758928571428571,0.2094120979309082
"1,1,1,0,0,0,0,0,1,1,1,0,0,0,1,0,1,0,1,1,1",0.6,0.5,0.5569196428571428,0.75,0.21428571428571427,0.3333333333333333,0.5758928571428571,0.21730732917785645
"1,1,1,0,1,0,0,0,1,1,1,0,0,0,1,0,1,0,1,1,1",0.6,0.5,0.5569196428571428,0.75,0.21428571428571427,0.3333333333333333,0.5758928571428571,0.21000957489013672
"1,0,0,0,1,1,0,1,1,0,1,0,1,1,1,1,1,1,1,1,1",0.5,0.7,0.5566964285714285,0.47368421052631576,0.6428571428571429,0.5454545454545454,0.5089285714285714,0.192213773727417
"0,0,1,0,1,1,1,1,0,0,0,0,0,1,0,1,1,1,1,0,1",0.5666666666666667,0.6,0.5551339285714285,0.6666666666666666,0.14285714285714285,0.23529411764705882,0.5401785714285714,0.21452045440673828
"0,0,1,1,0,1,0,1,1,1,0,1,1,1,1,0,0,1,0,0,0",0.5333333333333333,0.6,0.5551339285714285,0.5,0.6428571428571429,0.5625,0.5401785714285714,0.17741012573242188
"0,0,1,1,0,1,0,1,1,1,0,1,1,0,1,0,0,1,0,0,0",0.5333333333333333,0.6,0.5551339285714285,0.5,0.6428571428571429,0.5625,0.5401785714285714,0.16056394577026367
"0,0,1,0,1,1,0,1,1,1,0,1,1,1,1,0,0,1,0,0,1",0.5333333333333333,0.6,0.5551339285714285,0.5,0.6428571428571429,0.5625,0.5401785714285714,0.17109179496765137
"1,0,1,0,0,1,0,0,0,1,0,1,0,0,1,1,1,0,0,0,1",0.5666666666666667,0.6,0.5551339285714285,0.6666666666666666,0.14285714285714285,0.23529411764705882,0.5401785714285714,0.1999492645263672
"0,1,0,0,1,1,1,0,1,0,0,0,1,0,1,1,1,0,1,0,0",0.5666666666666667,0.6,0.5551339285714285,0.6666666666666666,0.14285714285714285,0.23529411764705882,0.5401785714285714,0.1559739112854004
"1,1,0,0,1,0,0,0,0,0,0,0,0,0,1,1,1,1,0,1,0",0.5666666666666667,0.6,0.5551339285714285,0.6666666666666666,0.14285714285714285,0.23529411764705882,0.5401785714285714,0.20063543319702148
"1,1,1,1,0,0,0,0,0,1,0,1,1,1,1,0,0,1,1,1,0",0.5333333333333333,0.6,0.5551339285714285,0.5,0.6428571428571429,0.5625,0.5401785714285714,0.20021533966064453
"0,1,0,0,1,1,1,1,0,1,0,0,0,1,1,0,1,0,0,0,0",0.5666666666666667,0.6,0.5551339285714285,0.6666666666666666,0.14285714285714285,0.23529411764705882,0.5401785714285714,0.16710734367370605
"0,0,0,1,1,1,1,1,1,1,0,1,0,0,0,0,0,0,1,1,0",0.5666666666666667,0.6,0.5551339285714285,0.6666666666666666,0.14285714285714285,0.23529411764705882,0.5401785714285714,0.15900969505310059
"0,0,1,0,1,1,1,0,0,1,0,1,1,1,1,0,0,1,0,0,0",0.5666666666666667,0.6,0.5551339285714285,0.6666666666666666,0.14285714285714285,0.23529411764705882,0.5401785714285714,0.18956351280212402
"0,1,1,0,1,1,1,1,0,0,0,1,0,0,0,0,0,1,0,1,1",0.5666666666666667,0.6,0.5551339285714285,0.6666666666666666,0.14285714285714285,0.23529411764705882,0.5401785714285714,0.22557282447814941
"1,0,0,1,0,1,1,0,1,1,1,0,0,1,0,0,1,0,0,1,1",0.4666666666666667,0.8,0.5549107142857144,0.4444444444444444,0.5714285714285714,0.5,0.4732142857142857,0.1922907829284668
"0,0,0,1,0,0,0,1,0,1,0,1,0,1,1,0,0,1,0,0,1",0.5,0.8,0.5549107142857144,0.3333333333333333,0.07142857142857142,0.11764705882352941,0.4732142857142857,0.20652556419372559
"0,1,0,0,1,0,1,0,0,1,0,1,0,0,0,0,1,0,0,1,1",0.4,1.0,0.5546875,0.3888888888888889,0.5,0.4375,0.40625,0.21797823905944824
"1,0,1,0,1,1,0,1,0,1,0,0,0,1,1,0,1,0,0,0,0",0.6,0.5,0.5535714285714286,1.0,0.14285714285714285,0.25,0.5714285714285714,0.16937685012817383
"1,1,1,1,0,0,0,1,1,0,0,1,0,0,0,1,0,0,1,1,0",0.6,0.5,0.5535714285714286,1.0,0.14285714285714285,0.25,0.5714285714285714,0.20224547386169434
"0,0,1,1,1,1,1,0,0,1,0,0,0,0,0,1,0,0,0,0,1",0.6,0.5,0.5535714285714286,1.0,0.14285714285714285,0.25,0.5714285714285714,0.1912696361541748
"0,0,0,0,0,0,1,1,1,0,1,0,1,0,1,1,1,1,1,0,0",0.6,0.5,0.5535714285714286,1.0,0.14285714285714285,0.25,0.5714285714285714,0.17083954811096191
"1,1,0,1,0,1,0,1,0,1,1,1,1,1,1,1,1,0,1,0,0",0.6,0.5,0.5535714285714286,1.0,0.14285714285714285,0.25,0.5714285714285714,0.1647508144378662
"1,0,0,1,1,1,0,1,0,0,1,1,1,0,0,1,0,0,1,1,1",0.6,0.5,0.5535714285714286,1.0,0.14285714285714285,0.25,0.5714285714285714,0.21778345108032227
"1,1,0,0,1,1,0,0,0,0,0,0,1,1,0,0,1,1,1,0,0",0.6,0.5,0.5535714285714286,1.0,0.14285714285714285,0.25,0.5714285714285714,0.17278838157653809
"0,0,1,1,1,1,0,0,1,1,0,0,0,0,1,0,1,0,1,0,0",0.6,0.5,0.5535714285714286,1.0,0.14285714285714285,0.25,0.5714285714285714,0.16712737083435059
"1,1,1,0,0,0,0,0,1,1,1,0,0,1,1,0,1,0,1,1,1",0.6,0.5,0.5535714285714286,1.0,0.14285714285714285,0.25,0.5714285714285714,0.2304222583770752
"0,1,0,1,1,0,1,0,0,0,1,1,0,1,1,0,0,1,0,0,1",0.5666666666666667,0.5,0.5535714285714286,0.5294117647058824,0.6428571428571429,0.5806451612903226,0.5714285714285714,0.21656131744384766
"1,0,1,0,1,1,0,0,0,1,0,1,1,0,1,0,1,0,0,0,0",0.6,0.5,0.5535714285714286,1.0,0.14285714285714285,0.25,0.5714285714285714,0.17490673065185547
"0,0,0,0,1,0,1,1,1,0,1,0,0,0,1,0,0,1,0,0,0",0.5,0.7,0.5533482142857142,0.47058823529411764,0.5714285714285714,0.5161290322580645,0.5044642857142857,0.18445205688476562
"1,0,1,1,0,0,1,1,1,1,0,1,1,1,0,0,0,0,0,1,0",0.5,0.7,0.5533482142857142,0.47058823529411764,0.5714285714285714,0.5161290322580645,0.5044642857142857,0.20014524459838867
"1,0,1,1,1,0,0,0,0,1,0,1,1,1,0,0,1,1,1,1,0",0.5,0.7,0.5533482142857142,0.47058823529411764,0.5714285714285714,0.5161290322580645,0.5044642857142857,0.17835092544555664
"1,1,0,1,1,0,1,0,0,0,1,1,0,0,1,1,1,1,1,0,0",0.5,0.7,0.5533482142857142,0.47058823529411764,0.5714285714285714,0.5161290322580645,0.5044642857142857,0.21362972259521484
"0,0,1,1,0,1,1,1,0,0,0,0,1,0,0,1,1,1,0,1,0",0.5333333333333333,0.7,0.5533482142857142,0.5,0.07142857142857142,0.125,0.5044642857142857,0.19503426551818848
"1,0,1,1,0,0,1,1,1,1,0,1,1,1,0,0,1,0,0,1,0",0.5,0.7,0.5533482142857142,0.47058823529411764,0.5714285714285714,0.5161290322580645,0.5044642857142857,0.19265198707580566
"1,1,1,1,0,0,0,0,0,1,0,1,1,1,1,0,0,1,0,1,1",0.5,0.7,0.5533482142857142,0.47058823529411764,0.5714285714285714,0.5161290322580645,0.5044642857142857,0.2239832878112793
"1,1,1,1,0,0,1,0,0,0,1,0,0,1,1,0,0,0,0,0,1",0.5,0.7,0.5533482142857142,0.47058823529411764,0.5714285714285714,0.5161290322580645,0.5044642857142857,0.22134804725646973
"0,0,0,0,1,0,0,1,1,1,1,0,0,1,0,1,0,1,0,1,1",0.4666666666666667,0.9,0.553125,0.0,0.0,0.0,0.4375,0.18606352806091309
"1,0,0,0,0,0,1,1,1,1,1,0,1,0,1,1,1,1,1,0,0",0.5666666666666667,0.6,0.5517857142857143,1.0,0.07142857142857142,0.13333333333333333,0.5357142857142857,0.1879587173461914
"0,0,0,1,1,0,1,1,1,0,0,1,0,0,1,0,0,0,1,1,1",0.5666666666666667,0.6,0.5517857142857143,1.0,0.07142857142857142,0.13333333333333333,0.5357142857142857,0.18578124046325684
"0,0,1,0,0,0,1,0,0,1,1,0,1,0,0,0,0,0,0,0,0",0.5333333333333333,0.6,0.5517857142857143,0.5,0.5714285714285714,0.5333333333333333,0.5357142857142857,0.1750047206878662
"0,0,1,0,0,0,1,0,0,1,1,0,1,0,0,0,0,0,1,0,0",0.5333333333333333,0.6,0.5517857142857143,0.5,0.5714285714285714,0.5333333333333333,0.5357142857142857,0.15372848510742188
"0,0,1,0,0,0,1,1,0,1,1,0,1,0,0,0,0,0,0,0,0",0.5333333333333333,0.6,0.5517857142857143,0.5,0.5714285714285714,0.5333333333333333,0.5357142857142857,0.1504063606262207
"1,1,1,1,0,0,0,0,0,1,0,1,1,1,0,0,0,0,1,1,1",0.5333333333333333,0.6,0.5517857142857143,0.5,0.5714285714285714,0.5333333333333333,0.5357142857142857,0.20840716361999512
"1,0,0,0,1,1,0,0,0,1,1,0,1,1,0,1,0,1,1,1,1",0.5333333333333333,0.6,0.5517857142857143,0.5,0.5714285714285714,0.5333333333333333,0.5357142857142857,0.22805070877075195
"0,1,0,0,0,0,1,0,0,0,1,0,1,0,0,0,0,1,0,1,1",0.5666666666666667,0.6,0.5517857142857143,1.0,0.07142857142857142,0.13333333333333333,0.5357142857142857,0.19103479385375977
"0,0,1,0,0,0,1,1,0,1,1,0,1,0,0,0,0,0,1,0,0",0.5333333333333333,0.6,0.5517857142857143,0.5,0.5714285714285714,0.5333333333333333,0.5357142857142857,0.13332915306091309
"1,1,0,1,0,1,1,0,1,0,0,1,0,1,1,1,0,1,1,0,1",0.5666666666666667,0.5,0.5502232142857143,0.5333333333333333,0.5714285714285714,0.5517241379310345,0.5669642857142857,0.2020864486694336
"0,0,1,0,0,0,1,0,1,1,1,0,0,0,1,0,1,0,1,0,1",0.5666666666666667,0.5,0.5502232142857143,0.5333333333333333,0.5714285714285714,0.5517241379310345,0.5669642857142857,0.20247268676757812
"0,0,1,1,0,0,0,1,0,1,0,1,0,0,1,0,0,1,0,1,1",0.5,0.7,0.55,0.4666666666666667,0.5,0.4827586206896552,0.5,0.22905993461608887
"0,1,0,1,0,1,1,1,1,1,0,0,0,0,0,1,1,1,1,1,0",0.5,0.7,0.55,0.4666666666666667,0.5,0.4827586206896552,0.5,0.16845345497131348
"1,0,0,0,1,1,1,1,1,0,0,1,0,0,0,1,1,1,1,0,1",0.5,0.7,0.55,0.4666666666666667,0.5,0.4827586206896552,0.5,0.19863557815551758
"1,0,1,0,0,1,0,1,1,1,0,1,1,0,1,1,1,0,1,1,0",0.5,0.7,0.55,0.4666666666666667,0.5,0.4827586206896552,0.5,0.17671632766723633
"0,0,1,0,1,0,0,1,0,0,1,1,0,0,0,0,0,0,1,1,1",0.5333333333333333,0.7,0.55,0.0,0.0,0.0,0.5,0.1725926399230957
"1,0,1,1,1,0,1,1,1,1,0,0,1,0,0,1,1,0,1,1,0",0.5,0.6,0.5484375,0.4827586206896552,1.0,0.6511627906976745,0.53125,0.1921253204345703
"0,1,0,0,1,1,0,0,0,1,0,1,1,1,1,0,0,1,1,0,0",0.5333333333333333,0.6,0.5484375,0.5,0.5,0.5,0.53125,0.1832890510559082
"0,0,1,1,0,1,0,1,0,0,0,1,1,1,0,1,0,1,1,0,0",0.5333333333333333,0.6,0.5484375,0.5,0.5,0.5,0.53125,0.20394039154052734
"1,0,0,0,1,1,1,0,1,1,1,0,0,1,0,0,1,0,0,1,1",0.5333333333333333,0.6,0.5484375,0.5,0.5,0.5,0.53125,0.22111177444458008
"1,1,1,0,1,0,0,1,1,1,0,1,0,0,0,0,0,0,1,1,0",0.4666666666666667,0.8,0.5482142857142858,0.42857142857142855,0.42857142857142855,0.42857142857142855,0.4642857142857143,0.1728217601776123
"1,0,1,1,0,0,0,1,0,1,0,0,1,0,0,0,0,0,1,1,0",0.4666666666666667,0.8,0.5482142857142858,0.42857142857142855,0.42857142857142855,0.42857142857142855,0.4642857142857143,0.18209433555603027
"0,0,1,0,0,0,1,0,0,1,0,0,1,0,0,0,0,0,0,1,0",0.43333333333333335,0.8,0.5482142857142858,0.4482758620689655,0.9285714285714286,0.6046511627906976,0.4642857142857143,0.17769455909729004
"0,1,1,1,0,1,1,0,1,1,0,0,1,1,0,0,0,0,1,0,1",0.5666666666666667,0.5,0.546875,0.5384615384615384,0.5,0.5185185185185185,0.5625,0.21114802360534668
"0,0,0,0,0,1,0,0,1,0,0,0,1,0,0,1,1,1,0,1,1",0.5333333333333333,0.5,0.546875,0.5,1.0,0.6666666666666666,0.5625,0.21406078338623047
"0,0,1,1,1,1,1,0,1,0,1,0,0,0,0,0,0,1,1,0,1",0.5333333333333333,0.5,0.546875,0.5,1.0,0.6666666666666666,0.5625,0.17873525619506836
"0,0,1,0,0,0,0,1,0,1,1,1,0,0,0,1,1,0,0,0,0",0.5333333333333333,0.5,0.546875,0.5,1.0,0.6666666666666666,0.5625,0.16699886322021484
"1,1,1,1,1,0,1,0,0,1,0,1,0,0,0,1,0,1,1,0,1",0.5333333333333333,0.5,0.546875,0.5,1.0,0.6666666666666666,0.5625,0.22177433967590332
"1,0,0,0,0,1,1,1,1,1,0,1,0,0,0,0,0,0,1,1,0",0.5333333333333333,0.5,0.546875,0.5,1.0,0.6666666666666666,0.5625,0.1682584285736084
"0,0,1,0,0,1,0,0,1,1,0,0,0,0,0,0,1,1,1,0,1",0.5333333333333333,0.5,0.546875,0.5,1.0,0.6666666666666666,0.5625,0.2031421661376953
"1,1,1,0,1,1,0,1,0,1,1,1,1,1,1,1,1,1,0,0,1",0.4666666666666667,0.7,0.5466517857142856,0.4642857142857143,0.9285714285714286,0.6190476190476191,0.4955357142857143,0.19755244255065918
"0,0,1,0,1,0,0,0,0,1,0,1,1,1,1,0,0,1,0,0,1",0.5,0.7,0.5466517857142856,0.46153846153846156,0.42857142857142855,0.4444444444444444,0.4955357142857143,0.2104790210723877
"1,1,1,1,0,1,0,0,1,0,1,0,0,1,1,0,1,0,1,1,1",0.4666666666666667,0.7,0.5466517857142856,0.4642857142857143,0.9285714285714286,0.6190476190476191,0.4955357142857143,0.2213273048400879
"1,0,0,0,1,1,1,0,1,1,0,1,0,1,1,1,0,1,0,1,0",0.5,0.6,0.5450892857142857,0.48148148148148145,0.9285714285714286,0.6341463414634146,0.5267857142857143,0.20610857009887695
"1,0,0,1,0,1,0,1,1,1,1,1,1,1,1,1,1,0,1,0,0",0.5,0.6,0.5450892857142857,0.48148148148148145,0.9285714285714286,0.6341463414634146,0.5267857142857143,0.18631553649902344
"1,0,0,1,1,0,0,0,1,1,0,1,0,1,0,1,0,0,1,1,0",0.5333333333333333,0.6,0.5450892857142857,0.5,0.42857142857142855,0.46153846153846156,0.5267857142857143,0.2035536766052246
"1,1,1,0,0,1,1,0,0,0,0,1,0,1,0,1,0,0,1,0,1",0.5,0.6,0.5450892857142857,0.48148148148148145,0.9285714285714286,0.6341463414634146,0.5267857142857143,0.19932866096496582
"0,1,0,1,0,0,1,0,0,1,0,0,1,0,0,1,0,0,1,1,0",0.4666666666666667,0.8,0.5448660714285715,0.4166666666666667,0.35714285714285715,0.38461538461538464,0.4598214285714286,0.23299288749694824
"0,1,1,0,0,0,1,1,1,1,0,1,0,0,1,0,1,0,0,1,0",0.4666666666666667,0.8,0.5448660714285715,0.4166666666666667,0.35714285714285715,0.38461538461538464,0.4598214285714286,0.20782160758972168
"0,0,1,0,1,1,1,1,0,0,0,0,0,0,0,1,0,0,1,1,1",0.5333333333333333,0.5,0.5435267857142857,0.5,0.9285714285714286,0.65,0.5580357142857143,0.1912217140197754
"0,1,1,0,1,0,0,0,0,0,0,0,1,0,1,1,0,1,1,1,0",0.5333333333333333,0.5,0.5435267857142857,0.5,0.9285714285714286,0.65,0.5580357142857143,0.18307709693908691
"1,0,0,0,1,0,0,1,0,0,1,1,0,1,0,0,1,0,0,1,0",0.5666666666666667,0.5,0.5435267857142857,0.5454545454545454,0.42857142857142855,0.48,0.5580357142857143,0.16075444221496582
"1,1,1,1,0,0,0,0,0,1,0,1,1,1,1,0,0,0,1,1,1",0.5333333333333333,0.5,0.5435267857142857,0.5,0.9285714285714286,0.65,0.5580357142857143,0.19122672080993652
"1,1,0,0,1,0,0,1,0,0,1,1,0,0,1,0,0,1,0,0,0",0.5333333333333333,0.5,0.5435267857142857,0.5,0.9285714285714286,0.65,0.5580357142857143,0.20414280891418457
"0,0,0,0,0,0,1,0,1,1,0,1,1,1,0,1,1,0,0,1,1",0.5666666666666667,0.5,0.5435267857142857,0.5454545454545454,0.42857142857142855,0.48,0.5580357142857143,0.1913454532623291
"0,0,0,0,1,1,1,0,0,1,1,1,0,0,0,0,1,1,0,0,1",0.5666666666666667,0.5,0.5435267857142857,0.5454545454545454,0.42857142857142855,0.48,0.5580357142857143,0.17558741569519043
"1,0,1,0,0,0,0,0,1,1,0,0,1,1,1,0,0,0,1,1,0",0.5,0.7,0.5433035714285714,0.45454545454545453,0.35714285714285715,0.4,0.4910714285714286,0.19321322441101074
"0,0,0,0,1,0,0,1,1,1,1,1,0,1,0,1,0,1,0,0,0",0.5,0.7,0.5433035714285714,0.45454545454545453,0.35714285714285715,0.4,0.4910714285714286,0.18221688270568848
"0,0,0,1,1,0,1,1,1,0,0,0,0,1,0,1,0,1,1,0,0",0.5,0.7,0.5433035714285714,0.45454545454545453,0.35714285714285715,0.4,0.4910714285714286,0.15587115287780762
"1,1,0,1,1,0,0,1,1,1,1,0,1,1,1,0,0,0,0,0,1",0.5,0.7,0.5433035714285714,0.45454545454545453,0.35714285714285715,0.4,0.4910714285714286,0.20507168769836426
"1,1,0,0,0,1,0,1,0,1,0,1,1,0,0,1,0,0,1,1,1",0.5,0.7,0.5433035714285714,0.45454545454545453,0.35714285714285715,0.4,0.4910714285714286,0.20570898056030273
"1,0,0,1,1,0,0,0,1,1,0,1,1,1,0,1,1,0,1,1,1",0.4666666666666667,0.7,0.5433035714285714,0.46153846153846156,0.8571428571428571,0.6,0.49107142857142855,0.22069931030273438
"1,0,0,1,0,1,0,0,1,1,1,0,0,1,1,0,1,1,1,0,0",0.4666666666666667,0.7,0.5433035714285714,0.46153846153846156,0.8571428571428571,0.6,0.49107142857142855,0.16763758659362793
"1,0,0,0,1,1,1,1,1,0,1,1,1,0,1,1,1,1,1,0,1",0.4666666666666667,0.7,0.5433035714285714,0.4615384615384615,0.8571428571428571,0.6,0.4910714285714285,0.2153363227844238
"1,0,1,1,1,0,0,0,0,1,0,0,1,1,1,0,1,0,0,0,1",0.43333333333333335,0.9,0.5430803571428572,0.36363636363636365,0.2857142857142857,0.32,0.42410714285714285,0.21050310134887695
"1,0,1,0,0,1,0,1,1,0,0,1,1,1,1,0,0,1,1,1,1",0.6,0.4,0.5419642857142857,0.6,0.42857142857142855,0.5,0.5892857142857143,0.1983184814453125
"1,0,0,1,0,0,1,0,1,0,1,0,0,0,1,1,1,0,0,1,0",0.5,0.6,0.5417410714285715,0.48,0.8571428571428571,0.6153846153846154,0.5223214285714286,0.20109224319458008
"1,0,0,1,0,0,1,1,1,0,0,1,1,0,0,0,1,1,0,1,0",0.5333333333333333,0.6,0.5417410714285715,0.5,0.35714285714285715,0.4166666666666667,0.5223214285714286,0.19145560264587402
"1,0,1,0,0,1,1,0,0,1,0,1,0,0,1,1,1,0,0,1,1",0.5,0.6,0.5417410714285715,0.48,0.8571428571428571,0.6153846153846154,0.5223214285714286,0.18781065940856934
"1,0,0,1,1,0,0,0,0,0,1,0,1,1,1,0,0,1,1,1,1",0.5,0.6,0.5417410714285714,0.48,0.8571428571428571,0.6153846153846154,0.5223214285714286,0.21915411949157715
"0,1,0,0,1,1,0,1,0,1,0,0,1,0,0,1,1,1,1,1,0",0.4666666666666667,0.8,0.5415178571428572,0.4,0.2857142857142857,0.3333333333333333,0.45535714285714285,0.20028448104858398
"0,1,0,0,0,0,0,0,1,1,1,0,0,1,0,1,1,1,0,1,1",0.4,1.0,0.5412946428571428,0.3,0.21428571428571427,0.25,0.38839285714285715,0.23413944244384766
"0,0,0,0,1,0,0,1,0,0,1,1,0,0,0,0,0,0,1,1,1",0.5333333333333333,0.5,0.5401785714285714,0.5,0.8571428571428571,0.631578947368421,0.5535714285714286,0.1683356761932373
"1,1,1,1,1,0,0,0,1,1,1,0,0,0,0,0,0,0,1,0,1",0.5666666666666667,0.5,0.5401785714285714,0.5555555555555556,0.35714285714285715,0.43478260869565216,0.5535714285714286,0.1859891414642334
"0,1,0,1,1,0,0,1,0,0,1,1,0,1,1,0,0,0,1,0,0",0.5333333333333333,0.5,0.5401785714285714,0.5,0.8571428571428571,0.631578947368421,0.5535714285714286,0.18523788452148438
"0,0,0,0,1,0,1,1,0,0,1,0,0,0,0,0,1,1,1,0,1",0.5666666666666667,0.5,0.5401785714285714,0.5555555555555556,0.35714285714285715,0.43478260869565216,0.5535714285714286,0.19751381874084473
"1,1,1,0,1,1,1,1,0,0,1,0,0,1,1,0,1,1,0,1,1",0.4666666666666667,0.7,0.5399553571428571,0.4583333333333333,0.7857142857142857,0.5789473684210527,0.48660714285714285,0.21691465377807617
"0,1,0,1,1,0,0,1,1,1,1,0,0,0,0,0,1,1,0,0,1",0.5,0.7,0.5399553571428571,0.4444444444444444,0.2857142857142857,0.34782608695652173,0.48660714285714285,0.19926667213439941
"0,0,1,0,1,0,0,1,1,1,0,0,0,1,0,1,0,1,1,0,0",0.5,0.7,0.5399553571428571,0.4444444444444444,0.2857142857142857,0.34782608695652173,0.48660714285714285,0.18239378929138184
"1,1,0,0,1,0,1,1,0,0,0,0,0,0,1,0,0,1,0,0,0",0.5,0.7,0.5399553571428571,0.4444444444444444,0.2857142857142857,0.34782608695652173,0.48660714285714285,0.1847844123840332
"1,0,0,0,1,0,0,0,1,1,0,1,1,1,0,1,0,0,1,1,0",0.5,0.7,0.5399553571428571,0.4444444444444444,0.2857142857142857,0.34782608695652173,0.48660714285714285,0.19622445106506348
"0,0,1,0,1,0,0,1,1,0,0,0,1,1,0,1,0,1,1,0,0",0.5,0.7,0.5399553571428571,0.4444444444444444,0.2857142857142857,0.34782608695652173,0.48660714285714285,0.1946864128112793
"0,0,1,0,1,1,1,0,1,0,0,1,1,0,0,1,1,0,1,0,0",0.5666666666666667,0.4,0.5386160714285715,0.5217391304347826,0.8571428571428571,0.6486486486486487,0.5848214285714286,0.14285063743591309
"1,0,1,0,0,1,0,1,0,1,0,0,1,0,0,0,1,0,1,0,0",0.5666666666666667,0.4,0.5386160714285715,0.5217391304347826,0.8571428571428571,0.6486486486486487,0.5848214285714286,0.15159296989440918
"0,1,0,1,0,1,1,1,0,0,0,0,0,0,0,1,1,0,0,0,0",0.5666666666666667,0.4,0.5386160714285715,0.5217391304347826,0.8571428571428571,0.6486486486486487,0.5848214285714286,0.1719379425048828
"0,0,1,1,0,1,0,0,1,1,0,0,1,0,0,0,0,0,0,0,0",0.5666666666666667,0.4,0.5386160714285715,0.5217391304347826,0.8571428571428571,0.6486486486486487,0.5848214285714286,0.13718509674072266
"0,1,0,0,1,1,0,1,0,0,0,1,1,0,0,0,1,0,0,0,0",0.5666666666666667,0.4,0.5386160714285715,0.5217391304347826,0.8571428571428571,0.6486486486486487,0.5848214285714286,0.14400625228881836
"1,0,1,0,0,1,1,1,1,1,0,0,1,1,0,1,0,0,0,0,0",0.5666666666666667,0.4,0.5386160714285715,0.5217391304347826,0.8571428571428571,0.6486486486486487,0.5848214285714286,0.15255141258239746
"0,1,0,1,0,1,0,1,0,1,0,1,1,0,0,1,1,0,0,0,0",0.5666666666666667,0.4,0.5386160714285715,0.5217391304347826,0.8571428571428571,0.6486486486486487,0.5848214285714286,0.139984130859375
"0,0,1,0,1,0,0,0,0,1,0,1,1,0,1,0,0,0,0,0,1",0.5,0.6,0.5383928571428571,0.4782608695652174,0.7857142857142857,0.5945945945945946,0.5178571428571428,0.20537328720092773
"1,1,1,0,0,1,0,0,0,0,0,0,0,1,0,0,1,1,1,1,1",0.5333333333333333,0.6,0.5383928571428571,0.5,0.2857142857142857,0.36363636363636365,0.5178571428571428,0.20067238807678223
"1,1,0,1,0,0,0,0,0,0,0,0,1,0,1,1,0,1,0,0,0",0.5333333333333333,0.6,0.5383928571428571,0.5,0.2857142857142857,0.36363636363636365,0.5178571428571428,0.202437162399292
"0,1,1,1,1,0,0,1,0,0,0,0,0,0,0,1,0,0,0,1,1",0.5333333333333333,0.6,0.5383928571428571,0.5,0.2857142857142857,0.36363636363636365,0.5178571428571428,0.22356653213500977
"0,0,0,0,1,0,0,1,1,1,1,0,0,1,1,1,1,1,0,0,0",0.4666666666666667,0.8,0.5381696428571429,0.375,0.21428571428571427,0.2727272727272727,0.45089285714285715,0.16978073120117188
"0,0,1,0,1,1,0,0,0,0,0,1,0,0,1,0,0,0,0,1,0",0.5333333333333333,0.5,0.5368303571428571,0.5,0.7857142857142857,0.6111111111111112,0.5491071428571428,0.15981197357177734
"0,0,0,1,0,1,0,1,0,1,0,1,0,1,1,0,0,1,1,0,0",0.5333333333333333,0.5,0.5368303571428571,0.5,0.7857142857142857,0.6111111111111112,0.5491071428571428,0.18584251403808594
"1,0,0,1,1,1,1,1,1,1,1,0,0,1,0,1,1,1,1,1,1",0.5666666666666667,0.5,0.5368303571428571,0.5714285714285714,0.2857142857142857,0.3809523809523809,0.5491071428571428,0.2395405769348144
"1,1,1,1,0,0,0,0,0,1,0,0,1,0,0,1,0,0,1,1,0",0.5333333333333333,0.5,0.5368303571428571,0.5,0.7857142857142857,0.6111111111111112,0.5491071428571428,0.20730233192443848
"1,1,1,0,0,0,0,0,1,1,1,0,0,0,0,0,0,0,1,1,1",0.5666666666666667,0.5,0.5368303571428571,0.5714285714285714,0.2857142857142857,0.38095238095238093,0.5491071428571428,0.17745447158813477
"0,1,0,1,1,1,0,1,1,1,1,0,0,1,0,0,1,1,0,1,1",0.5666666666666667,0.5,0.5368303571428571,0.5714285714285714,0.2857142857142857,0.38095238095238093,0.5491071428571428,0.204512357711792
"1,0,0,1,1,1,1,1,0,0,0,1,0,1,0,0,0,0,0,1,1",0.5666666666666667,0.5,0.5368303571428571,0.5714285714285714,0.2857142857142857,0.38095238095238093,0.5491071428571428,0.18583464622497559
"0,0,0,0,1,1,0,1,1,0,0,1,1,1,1,0,1,1,1,0,0",0.5333333333333333,0.5,0.5368303571428571,0.5,0.7857142857142857,0.6111111111111112,0.5491071428571428,0.1972191333770752
"0,0,1,0,1,0,0,0,0,1,0,1,1,0,1,0,0,0,0,1,1",0.5333333333333333,0.5,0.5368303571428571,0.5,0.7857142857142857,0.6111111111111112,0.5491071428571428,0.20064496994018555
"1,0,1,0,1,1,0,1,0,1,0,0,0,0,1,0,1,0,1,0,1",0.5666666666666667,0.5,0.5368303571428571,0.5714285714285714,0.2857142857142857,0.38095238095238093,0.5491071428571428,0.2053532600402832
"1,1,0,0,1,0,1,1,0,0,0,0,0,1,0,1,1,1,1,0,1",0.5333333333333333,0.5,0.5368303571428571,0.5,0.7857142857142857,0.6111111111111112,0.5491071428571428,0.2124261856079101
"1,0,0,0,1,1,0,1,1,1,1,0,1,0,0,0,0,1,0,0,0",0.4666666666666667,0.7,0.5366071428571428,0.45454545454545453,0.7142857142857143,0.5555555555555556,0.48214285714285715,0.16605377197265625
"0,0,1,0,0,0,1,1,0,1,0,1,0,0,0,1,1,1,0,1,0",0.4666666666666667,0.7,0.5366071428571428,0.45454545454545453,0.7142857142857143,0.5555555555555556,0.48214285714285715,0.1919538974761963
"1,0,1,0,0,1,1,1,0,1,1,1,1,1,1,1,0,0,0,1,0",0.4666666666666667,0.7,0.5366071428571428,0.45454545454545453,0.7142857142857143,0.5555555555555556,0.48214285714285715,0.20321106910705566
"1,0,0,1,0,1,0,1,0,1,1,0,1,0,0,0,1,1,0,0,0",0.4666666666666667,0.7,0.5366071428571428,0.45454545454545453,0.7142857142857143,0.5555555555555556,0.48214285714285715,0.17164349555969238
"0,1,1,0,0,1,0,0,0,0,0,1,1,0,1,0,1,0,1,1,0",0.4666666666666667,0.7,0.5366071428571428,0.45454545454545453,0.7142857142857143,0.5555555555555556,0.48214285714285715,0.16417503356933594
"1,0,1,0,0,0,1,1,0,1,0,1,1,1,0,1,1,1,1,0,0",0.4666666666666667,0.7,0.5366071428571428,0.45454545454545453,0.7142857142857143,0.5555555555555556,0.48214285714285715,0.19647812843322754
"0,0,0,1,1,1,1,1,0,0,0,1,1,1,0,0,1,0,0,1,0",0.4666666666666667,0.7,0.5366071428571428,0.45454545454545453,0.7142857142857143,0.5555555555555556,0.48214285714285715,0.18642020225524902
"0,0,0,1,1,0,0,0,1,1,0,1,1,1,1,0,1,1,1,1,0",0.5,0.7,0.5366071428571428,0.42857142857142855,0.21428571428571427,0.2857142857142857,0.48214285714285715,0.2186124324798584
"0,1,1,1,1,1,0,1,1,0,1,0,1,1,1,0,1,0,1,0,0",0.4,0.9,0.5363839285714286,0.4090909090909091,0.6428571428571429,0.5,0.41517857142857145,0.18387770652770996
"1,1,1,1,1,0,0,1,0,1,0,1,0,1,0,1,1,1,0,1,0",0.5666666666666667,0.4,0.5352678571428571,0.5238095238095238,0.7857142857142857,0.6285714285714286,0.5803571428571428,0.18408679962158203
"1,1,0,1,1,0,1,1,1,0,1,1,0,1,1,0,0,1,1,0,0",0.6,0.4,0.5352678571428571,0.6666666666666666,0.2857142857142857,0.4,0.5803571428571428,0.17714142799377441
"0,1,0,1,0,0,0,0,0,1,0,1,1,1,1,0,0,0,1,0,1",0.6,0.4,0.5352678571428571,0.6666666666666666,0.2857142857142857,0.4,0.5803571428571428,0.19698071479797363
"1,0,0,0,0,0,0,0,0,1,0,1,1,0,1,0,0,0,0,0,0",0.5,0.6,0.5350446428571429,0.47619047619047616,0.7142857142857143,0.5714285714285714,0.5133928571428572,0.16109752655029297
"0,1,1,0,0,0,0,1,1,1,1,0,0,1,0,0,0,0,0,0,0",0.5,0.6,0.5350446428571429,0.47619047619047616,0.7142857142857143,0.5714285714285714,0.5133928571428572,0.14757108688354492
"1,0,0,1,0,0,1,0,0,1,0,1,0,1,1,1,1,1,1,1,1",0.5333333333333333,0.6,0.5350446428571428,0.5,0.21428571428571427,0.3,0.5133928571428571,0.21025562286376953
"1,0,1,1,1,0,1,1,0,0,1,1,1,1,0,1,1,1,0,0,1",0.5333333333333333,0.6,0.5350446428571428,0.5,0.21428571428571427,0.3,0.5133928571428571,0.19406509399414062
"0,0,1,0,0,1,1,1,1,0,0,1,0,1,0,1,0,1,1,1,0",0.5333333333333333,0.6,0.5350446428571428,0.5,0.21428571428571427,0.3,0.5133928571428571,0.21204042434692383
"0,0,1,0,0,1,1,1,1,0,0,1,0,0,0,1,0,1,1,1,0",0.5333333333333333,0.6,0.5350446428571428,0.5,0.21428571428571427,0.3,0.5133928571428571,0.20009231567382812
"0,0,1,1,0,0,0,1,1,1,1,1,0,0,0,1,1,1,0,0,1",0.5333333333333333,0.6,0.5350446428571428,0.5,0.21428571428571427,0.3,0.5133928571428571,0.19056153297424316
"0,1,0,1,0,1,1,1,1,1,1,1,1,1,1,0,1,0,0,0,1",0.5333333333333333,0.6,0.5350446428571428,0.5,0.21428571428571427,0.3,0.5133928571428571,0.21161770820617676
"1,0,1,0,0,0,0,0,1,1,1,1,1,0,0,0,1,1,0,0,1",0.5333333333333333,0.6,0.5350446428571428,0.5,0.21428571428571427,0.3,0.5133928571428571,0.20237326622009277
"1,0,1,0,1,0,1,1,0,0,1,1,1,1,1,1,1,0,1,1,1",0.5333333333333333,0.6,0.5350446428571428,0.5,0.21428571428571427,0.3,0.5133928571428571,0.19397902488708496
"0,1,1,1,1,1,0,0,0,0,1,0,0,1,1,1,1,0,0,1,0",0.43333333333333335,0.8,0.5348214285714286,0.42857142857142855,0.6428571428571429,0.5142857142857142,0.44642857142857145,0.18782496452331543
"1,1,0,0,0,0,0,0,1,1,0,0,1,1,0,0,0,0,0,0,1",0.6333333333333333,0.3,0.533705357142857,0.8,0.2857142857142857,0.42105263157894735,0.6116071428571428,0.18086838722229004
"1,0,1,1,0,1,0,1,0,1,0,0,1,1,0,1,1,0,0,0,1",0.5333333333333333,0.5,0.5334821428571429,0.5,0.7142857142857143,0.5882352941176471,0.5446428571428572,0.199345588684082
"0,1,1,0,1,0,0,1,1,0,1,0,1,0,0,1,0,0,1,1,1",0.5333333333333333,0.5,0.5334821428571429,0.5,0.7142857142857143,0.5882352941176471,0.5446428571428572,0.24780941009521484
"0,1,1,1,0,1,1,0,1,0,1,1,1,0,1,0,1,0,1,1,0",0.5333333333333333,0.5,0.5334821428571429,0.5,0.7142857142857143,0.5882352941176471,0.5446428571428572,0.18636107444763184
"1,1,1,0,0,0,0,1,1,0,0,1,0,0,0,1,1,1,0,0,0",0.5333333333333333,0.5,0.5334821428571429,0.5,0.7142857142857143,0.5882352941176471,0.5446428571428572,0.1683669090270996
"0,0,0,0,1,0,0,0,0,0,0,1,1,1,0,0,1,0,1,1,1",0.5333333333333333,0.5,0.5334821428571429,0.5,0.7142857142857143,0.5882352941176471,0.5446428571428572,0.21296477317810059
"1,0,0,0,0,0,1,1,1,0,0,0,1,0,1,0,1,0,1,1,0",0.5333333333333333,0.5,0.5334821428571429,0.5,0.7142857142857143,0.5882352941176471,0.5446428571428572,0.16449880599975586
"0,1,0,0,1,0,0,0,1,0,0,1,1,1,1,1,1,0,0,0,0",0.5666666666666667,0.5,0.5334821428571428,0.6,0.21428571428571427,0.3157894736842105,0.5446428571428571,0.15743303298950195
"1,1,0,0,0,0,0,1,1,1,1,1,0,1,0,1,0,0,0,0,0",0.5666666666666667,0.5,0.5334821428571428,0.6,0.21428571428571427,0.3157894736842105,0.5446428571428571,0.1745772361755371
"0,0,0,0,1,1,0,0,0,1,1,0,0,0,1,1,0,1,1,0,1",0.5666666666666667,0.5,0.5334821428571428,0.6,0.21428571428571427,0.3157894736842105,0.5446428571428571,0.1985619068145752
"0,0,1,0,1,1,0,0,0,0,0,1,0,0,1,1,0,0,0,1,0",0.5666666666666667,0.5,0.5334821428571428,0.6,0.21428571428571427,0.3157894736842105,0.5446428571428571,0.18343329429626465
"0,1,0,1,1,0,0,0,0,1,0,1,1,1,1,0,0,0,1,0,1",0.5666666666666667,0.5,0.5334821428571428,0.6,0.21428571428571427,0.3157894736842105,0.5446428571428571,0.2219398021697998
"1,1,0,1,1,0,1,1,0,0,1,1,0,0,0,0,1,0,1,0,0",0.5666666666666667,0.5,0.5334821428571428,0.6,0.21428571428571427,0.3157894736842105,0.5446428571428571,0.17031359672546387
"0,1,1,1,1,0,0,0,1,1,0,1,1,1,1,0,1,0,0,0,0",0.5666666666666667,0.5,0.5334821428571428,0.6,0.21428571428571427,0.3157894736842105,0.5446428571428571,0.14411401748657227
"1,1,0,0,0,0,0,1,1,1,1,1,0,1,0,0,1,0,1,0,0",0.5666666666666667,0.5,0.5334821428571428,0.6,0.21428571428571427,0.3157894736842105,0.5446428571428571,0.16980457305908203
"0,1,1,1,1,0,0,1,0,0,0,1,1,1,1,1,0,0,1,0,0",0.5666666666666667,0.5,0.5334821428571428,0.6,0.21428571428571427,0.3157894736842105,0.5446428571428571,0.1600666046142578
"0,0,0,0,0,0,0,1,1,0,0,0,0,0,0,1,1,0,0,1,1",0.5666666666666667,0.5,0.5334821428571428,0.6,0.21428571428571427,0.3157894736842105,0.5446428571428571,0.16624927520751953
"0,1,1,1,1,0,0,1,0,0,0,0,0,0,1,0,1,0,0,0,0",0.5666666666666667,0.5,0.5334821428571428,0.6,0.21428571428571427,0.3157894736842105,0.5446428571428571,0.17374467849731445
"1,0,1,0,0,0,1,0,1,0,0,0,0,0,0,0,1,0,1,0,1",0.5666666666666667,0.5,0.5334821428571428,0.6,0.21428571428571427,0.3157894736842105,0.5446428571428571,0.19748640060424805
"1,0,1,1,0,0,1,0,0,1,1,1,1,1,0,0,1,0,0,0,0",0.5666666666666667,0.5,0.5334821428571428,0.6,0.21428571428571427,0.3157894736842105,0.5446428571428571,0.1818091869354248
"0,1,0,0,1,0,0,1,0,1,0,1,1,1,1,1,1,1,1,1,1",0.5666666666666667,0.5,0.5334821428571428,0.6,0.21428571428571427,0.3157894736842105,0.5446428571428571,0.20160722732543945
"1,0,0,1,1,0,1,0,0,0,1,1,0,0,1,1,1,1,1,1,1",0.4666666666666667,0.7,0.5332589285714286,0.45,0.6428571428571429,0.5294117647058824,0.47767857142857145,0.2193012237548828
"0,1,1,1,1,0,0,0,1,1,1,0,0,0,1,0,0,1,1,1,0",0.4666666666666667,0.7,0.5332589285714286,0.45,0.6428571428571429,0.5294117647058824,0.4776785714285714,0.2120575904846191
"0,1,0,0,0,1,1,0,0,0,1,0,0,0,0,1,1,1,0,0,0",0.5,0.7,0.5332589285714285,0.4,0.14285714285714285,0.21052631578947367,0.4776785714285714,0.17212128639221191
"1,0,0,0,0,0,1,0,1,1,1,0,1,0,0,0,1,0,0,1,0",0.5333333333333333,0.6,0.5316964285714285,0.5,0.14285714285714285,0.2222222222222222,0.5089285714285714,0.16919350624084473
"0,1,1,0,1,0,0,0,0,1,0,0,0,1,0,1,0,0,0,0,1",0.5,0.6,0.5316964285714285,0.47368421052631576,0.6428571428571429,0.5454545454545454,0.5089285714285714,0.18977999687194824
"0,0,0,0,0,1,0,0,1,0,0,0,0,1,0,1,0,0,0,1,0",0.5,0.6,0.5316964285714285,0.47368421052631576,0.6428571428571429,0.5454545454545454,0.5089285714285714,0.17146539688110352
"1,0,1,1,1,0,0,0,0,0,1,0,1,1,1,0,1,0,0,0,1",0.5333333333333333,0.6,0.5316964285714285,0.5,0.14285714285714285,0.2222222222222222,0.5089285714285714,0.2135612964630127
"0,1,0,0,1,1,1,0,0,1,1,0,0,0,1,1,0,1,0,1,1",0.5333333333333333,0.6,0.5316964285714285,0.5,0.14285714285714285,0.2222222222222222,0.5089285714285714,0.22381997108459473
"0,0,1,0,0,1,1,0,0,0,1,0,1,1,1,0,1,0,0,0,1",0.5,0.6,0.5316964285714285,0.47368421052631576,0.6428571428571429,0.5454545454545454,0.5089285714285714,0.1822054386138916
"1,0,0,1,0,1,1,1,0,1,1,1,0,0,0,0,1,1,1,0,1",0.43333333333333335,0.8,0.5314732142857144,0.42105263157894735,0.5714285714285714,0.48484848484848486,0.4419642857142857,0.20652389526367188
"0,1,0,0,0,0,1,0,0,1,1,1,1,0,0,1,1,1,1,1,0",0.43333333333333335,0.8,0.5314732142857144,0.42105263157894735,0.5714285714285714,0.48484848484848486,0.4419642857142857,0.17881035804748535
"1,1,1,0,0,1,1,0,0,1,0,1,1,1,1,0,0,0,1,0,1",0.5333333333333333,0.5,0.5301339285714286,0.5,0.6428571428571429,0.5625,0.5401785714285714,0.18172383308410645
"0,0,0,1,1,0,0,1,0,1,0,0,1,0,0,0,0,1,1,1,0",0.5666666666666667,0.5,0.5301339285714286,0.6666666666666666,0.14285714285714285,0.23529411764705882,0.5401785714285714,0.19205665588378906
"1,1,0,0,1,0,1,0,0,1,1,1,0,0,1,1,0,1,1,1,0",0.5666666666666667,0.5,0.5301339285714286,0.6666666666666666,0.14285714285714285,0.23529411764705882,0.5401785714285714,0.19226861000061035
"1,1,0,1,0,0,0,1,0,1,1,0,0,1,1,1,1,0,0,0,0",0.5666666666666667,0.5,0.5301339285714286,0.6666666666666666,0.14285714285714285,0.23529411764705882,0.5401785714285714,0.18330907821655273
"1,1,1,0,0,0,0,0,1,1,1,1,1,0,1,0,1,0,0,0,0",0.5666666666666667,0.5,0.5301339285714286,0.6666666666666666,0.14285714285714285,0.23529411764705882,0.5401785714285714,0.16897892951965332
"1,0,0,1,1,0,0,0,1,1,1,0,1,1,0,1,1,1,1,1,0",0.5333333333333333,0.5,0.5301339285714286,0.5,0.6428571428571429,0.5625,0.5401785714285714,0.17614126205444336
"1,1,1,0,0,0,0,1,1,0,1,1,0,0,1,1,1,1,0,1,1",0.5333333333333333,0.5,0.5301339285714286,0.5,0.6428571428571429,0.5625,0.5401785714285714,0.2084665298461914
"0,0,1,1,0,0,1,0,0,0,0,0,0,0,0,0,1,1,1,1,0",0.5666666666666667,0.5,0.5301339285714286,0.6666666666666666,0.14285714285714285,0.23529411764705882,0.5401785714285714,0.17888402938842773
"0,0,0,1,1,0,0,1,0,1,0,0,1,0,0,0,1,1,1,1,0",0.5666666666666667,0.5,0.5301339285714286,0.6666666666666666,0.14285714285714285,0.23529411764705882,0.5401785714285714,0.20206117630004883
"0,1,1,0,1,1,1,1,1,0,1,1,0,1,0,1,1,1,1,1,1",0.5666666666666667,0.5,0.5301339285714286,0.6666666666666666,0.14285714285714285,0.23529411764705882,0.5401785714285714,0.22104620933532715
"0,0,0,0,0,0,0,1,1,1,1,0,1,0,0,0,0,0,1,1,1",0.5666666666666667,0.5,0.5301339285714286,0.6666666666666666,0.14285714285714285,0.23529411764705882,0.5401785714285714,0.18414568901062012
"0,1,0,0,1,0,1,1,1,0,1,1,0,1,1,1,0,1,1,0,1",0.4666666666666667,0.7,0.5299107142857142,0.4444444444444444,0.5714285714285714,0.5,0.4732142857142857,0.23473095893859863
"1,1,0,1,1,1,1,0,1,0,1,0,1,0,0,0,0,1,1,1,1",0.5,0.7,0.5299107142857142,0.3333333333333333,0.07142857142857142,0.11764705882352941,0.4732142857142857,0.201401948928833
"0,0,1,0,1,1,1,1,1,0,0,1,0,0,0,1,0,1,1,1,1",0.4666666666666667,0.7,0.5299107142857142,0.4444444444444444,0.5714285714285714,0.5,0.4732142857142857,0.20355892181396484
"1,0,0,1,1,0,1,0,0,0,0,0,0,0,0,0,0,1,0,0,1",0.4666666666666667,0.7,0.5299107142857142,0.4444444444444444,0.5714285714285714,0.5,0.4732142857142857,0.15706825256347656
"1,0,1,1,0,0,0,0,0,1,0,1,1,1,1,0,0,0,1,0,1",0.4666666666666667,0.7,0.5299107142857142,0.4444444444444444,0.5714285714285714,0.5,0.4732142857142857,0.2316882610321045
"1,0,1,1,0,1,0,1,0,1,0,0,1,0,1,1,1,1,1,0,1",0.5,0.7,0.5299107142857142,0.3333333333333333,0.07142857142857142,0.11764705882352941,0.4732142857142857,0.21676206588745117
"0,0,1,0,0,0,1,1,1,0,1,0,1,0,1,1,0,0,1,1,1",0.43333333333333335,0.9,0.5296875,0.0,0.0,0.0,0.40625,0.21787214279174805
"1,1,1,1,1,0,1,1,1,1,0,0,0,0,1,0,1,0,0,0,0",0.5333333333333333,0.6,0.5283482142857143,0.5,0.07142857142857142,0.125,0.5044642857142857,0.20699524879455566
"1,1,1,1,1,0,1,1,1,1,0,0,0,1,1,0,1,0,0,0,0",0.5333333333333333,0.6,0.5283482142857143,0.5,0.07142857142857142,0.125,0.5044642857142857,0.1785888671875
"0,1,0,1,0,1,0,0,0,0,1,0,0,0,0,0,0,1,1,1,0",0.5,0.6,0.5283482142857143,0.47058823529411764,0.5714285714285714,0.5161290322580645,0.5044642857142857,0.1962904930114746
"1,1,0,0,1,0,1,1,0,0,0,1,1,0,1,1,0,0,0,0,0",0.5333333333333333,0.6,0.5283482142857143,0.5,0.07142857142857142,0.125,0.5044642857142857,0.17536258697509766
"1,1,1,1,1,0,1,1,1,1,0,0,0,1,1,0,1,0,1,0,0",0.5333333333333333,0.6,0.5283482142857143,0.5,0.07142857142857142,0.125,0.5044642857142857,0.17978644371032715
"0,1,1,0,1,1,1,1,0,1,0,0,0,0,1,0,0,0,0,1,0",0.5,0.6,0.5283482142857143,0.47058823529411764,0.5714285714285714,0.5161290322580645,0.5044642857142857,0.20212149620056152
"0,0,0,1,1,0,0,0,1,1,0,1,1,1,1,0,1,1,0,1,1",0.43333333333333335,0.8,0.528125,0.4117647058823529,0.5,0.45161290322580644,0.4375,0.23800158500671387
"0,0,1,1,1,0,1,1,0,1,1,1,1,1,0,1,1,0,1,0,1",0.6,0.3,0.5270089285714286,0.5625,0.6428571428571429,0.6,0.6026785714285714,0.23770499229431152
"0,1,1,0,1,1,0,1,1,0,1,1,1,0,0,1,0,1,0,1,0",0.5666666666666667,0.5,0.5267857142857143,1.0,0.07142857142857142,0.13333333333333333,0.5357142857142857,0.22255253791809082
"1,1,0,1,1,0,1,1,1,0,0,0,1,1,1,0,0,0,0,0,1",0.5666666666666667,0.5,0.5267857142857143,1.0,0.07142857142857142,0.13333333333333333,0.5357142857142857,0.19780540466308594
"0,0,1,1,1,1,0,0,1,0,0,0,0,0,0,0,1,0,0,1,1",0.5666666666666667,0.5,0.5267857142857143,1.0,0.07142857142857142,0.13333333333333333,0.5357142857142857,0.19546914100646973
"0,0,1,0,1,1,1,1,1,1,1,0,1,0,0,1,0,0,1,1,1",0.5666666666666667,0.5,0.5267857142857143,1.0,0.07142857142857142,0.13333333333333333,0.5357142857142857,0.1944751739501953
"0,0,0,1,0,0,0,1,0,1,1,0,1,0,0,0,0,0,0,1,1",0.5666666666666667,0.5,0.5267857142857143,1.0,0.07142857142857142,0.13333333333333333,0.5357142857142857,0.20578646659851074
"1,0,1,0,1,0,1,0,1,1,1,0,1,0,0,1,0,1,0,1,0",0.5666666666666667,0.5,0.5267857142857143,1.0,0.07142857142857142,0.13333333333333333,0.5357142857142857,0.19324398040771484
"0,0,0,0,1,1,1,1,1,0,1,1,1,0,1,0,0,1,0,0,0",0.5333333333333333,0.5,0.5267857142857143,0.5,0.5714285714285714,0.5333333333333333,0.5357142857142857,0.17612314224243164
"0,1,1,0,1,1,1,1,1,0,0,0,0,1,0,0,1,1,1,1,0",0.5666666666666667,0.5,0.5267857142857143,1.0,0.07142857142857142,0.13333333333333333,0.5357142857142857,0.18242883682250977
"0,1,0,1,0,0,1,1,1,0,1,1,1,1,0,0,0,1,1,0,0",0.5666666666666667,0.5,0.5267857142857143,1.0,0.07142857142857142,0.13333333333333333,0.5357142857142857,0.1963808536529541
"0,0,0,1,1,1,1,1,0,1,1,1,0,0,0,0,1,1,0,0,1",0.5666666666666667,0.5,0.5267857142857143,1.0,0.07142857142857142,0.13333333333333333,0.5357142857142857,0.20261478424072266
"0,0,1,1,1,1,1,0,0,1,0,0,0,1,1,1,1,0,1,0,0",0.5666666666666667,0.5,0.5267857142857143,1.0,0.07142857142857142,0.13333333333333333,0.5357142857142857,0.17900967597961426
"0,1,0,1,1,0,1,0,0,0,0,0,1,0,1,1,0,0,0,0,1",0.5666666666666667,0.5,0.5267857142857143,1.0,0.07142857142857142,0.13333333333333333,0.5357142857142857,0.17245912551879883
"1,0,1,0,1,0,1,0,0,1,0,1,1,0,0,1,0,0,1,0,1",0.5333333333333333,0.5,0.5267857142857143,0.5,0.5714285714285714,0.5333333333333333,0.5357142857142857,0.20522546768188477
"0,0,1,1,0,1,1,1,1,0,0,1,0,0,0,1,0,0,1,1,0",0.5666666666666667,0.5,0.5267857142857143,1.0,0.07142857142857142,0.13333333333333333,0.5357142857142857,0.19514799118041992
"0,0,1,0,0,1,1,0,1,1,1,0,0,1,0,0,1,0,0,1,1",0.5666666666666667,0.5,0.5267857142857143,1.0,0.07142857142857142,0.13333333333333333,0.5357142857142857,0.21791911125183105
"1,0,1,0,1,1,1,1,0,1,0,0,1,1,0,1,1,0,0,0,1",0.5666666666666667,0.5,0.5267857142857143,1.0,0.07142857142857142,0.13333333333333333,0.5357142857142857,0.21924304962158203
"1,1,0,0,0,0,1,1,1,0,1,1,0,0,0,1,0,0,1,1,0",0.5666666666666667,0.5,0.5267857142857143,1.0,0.07142857142857142,0.13333333333333333,0.5357142857142857,0.19075655937194824
"0,1,0,1,1,1,1,1,0,1,0,0,0,0,0,0,1,1,0,0,0",0.5666666666666667,0.5,0.5267857142857143,1.0,0.07142857142857142,0.13333333333333333,0.5357142857142857,0.16165995597839355
"1,0,0,1,1,0,1,0,0,0,0,0,1,1,1,1,1,0,0,0,1",0.5666666666666667,0.5,0.5267857142857143,1.0,0.07142857142857142,0.13333333333333333,0.5357142857142857,0.19602560997009277
"1,0,0,0,0,0,1,1,1,1,1,0,1,0,0,1,0,0,0,1,1",0.5666666666666667,0.5,0.5267857142857143,1.0,0.07142857142857142,0.13333333333333333,0.5357142857142857,0.20171308517456055
"0,1,1,0,0,0,1,1,1,1,1,0,0,0,1,1,1,0,0,1,0",0.4666666666666667,0.7,0.5265625,0.4375,0.5,0.4666666666666667,0.46875,0.2377030849456787
"0,0,0,1,1,1,0,1,1,0,1,0,1,1,1,0,1,0,1,0,1",0.5666666666666667,0.4,0.5252232142857143,0.5333333333333333,0.5714285714285714,0.5517241379310345,0.5669642857142857,0.2370152473449707
"0,1,0,1,0,0,1,0,1,1,0,0,1,0,0,1,0,1,0,1,0",0.5333333333333333,0.6,0.525,0.0,0.0,0.0,0.5,0.20690393447875977
"1,0,0,1,0,0,0,0,1,0,1,0,0,0,1,0,0,1,0,1,1",0.4666666666666667,0.6,0.525,0.4666666666666667,1.0,0.6363636363636364,0.5,0.2442483901977539
"1,0,0,1,1,1,0,1,1,1,1,1,1,1,0,0,0,1,0,1,0",0.4666666666666667,0.6,0.525,0.4666666666666667,1.0,0.6363636363636364,0.5,0.21277189254760742
"0,0,1,0,1,1,1,1,1,0,0,1,0,0,0,1,0,0,1,0,1",0.5,0.6,0.525,0.4666666666666667,0.5,0.4827586206896552,0.5,0.21555066108703613
"0,0,0,1,0,0,0,0,0,1,0,1,1,0,0,0,1,1,1,1,0",0.5333333333333333,0.6,0.525,0.0,0.0,0.0,0.5,0.1863880157470703
"0,1,1,0,1,0,1,1,0,1,0,1,0,0,0,1,1,0,1,0,1",0.5,0.6,0.525,0.4666666666666667,0.5,0.4827586206896552,0.5,0.23888826370239258
"1,0,0,0,1,1,0,0,1,1,1,0,1,0,0,1,1,1,0,0,1",0.4666666666666667,0.6,0.525,0.4666666666666667,1.0,0.6363636363636364,0.5,0.18773579597473145
"0,1,1,0,0,1,0,1,0,0,1,1,0,1,0,0,0,1,1,0,0",0.5,0.6,0.525,0.4666666666666667,0.5,0.4827586206896552,0.5,0.17710280418395996
"1,1,0,0,1,0,1,1,0,0,0,0,0,0,0,0,0,1,1,1,0",0.5333333333333333,0.6,0.525,0.0,0.0,0.0,0.5,0.1953415870666504
"1,1,0,0,0,1,1,0,1,1,0,1,0,1,1,1,1,1,1,1,1",0.5,0.6,0.525,0.4666666666666667,0.5,0.4827586206896552,0.5,0.19392156600952148
"1,1,1,1,1,1,1,1,0,0,0,0,1,0,0,1,0,1,0,1,0",0.43333333333333335,0.8,0.5247767857142858,0.4,0.42857142857142855,0.41379310344827586,0.4330357142857143,0.21391820907592773
"0,1,0,1,1,0,1,0,0,0,1,1,0,1,0,0,0,0,1,1,0",0.5,0.5,0.5234375,0.4827586206896552,1.0,0.6511627906976745,0.53125,0.17691469192504883
"0,1,1,0,0,0,0,0,1,1,1,0,0,0,1,0,1,0,0,0,1",0.5,0.5,0.5234375,0.4827586206896552,1.0,0.6511627906976745,0.53125,0.18853545188903809
"0,0,1,0,1,0,0,0,0,1,0,1,1,0,0,1,0,1,0,0,0",0.5,0.5,0.5234375,0.4827586206896552,1.0,0.6511627906976745,0.53125,0.15758347511291504
"1,1,1,1,1,1,1,0,0,0,1,0,1,0,0,0,0,0,0,1,0",0.5,0.5,0.5234375,0.4827586206896552,1.0,0.6511627906976745,0.53125,0.18006396293640137
"0,1,0,1,1,0,1,0,0,1,0,1,1,1,1,0,0,1,0,0,0",0.5,0.5,0.5234375,0.4827586206896552,1.0,0.6511627906976745,0.53125,0.19227886199951172
"1,0,0,1,1,0,0,0,1,1,0,1,0,1,1,0,1,0,1,1,1",0.5,0.5,0.5234375,0.4827586206896552,1.0,0.6511627906976745,0.53125,0.2188558578491211
"1,0,0,1,0,1,1,1,1,1,0,1,0,0,0,1,0,0,1,1,1",0.5,0.5,0.5234375,0.4827586206896552,1.0,0.6511627906976745,0.53125,0.23377132415771484
"1,0,0,1,1,0,0,0,1,1,0,1,0,1,1,0,1,0,0,1,1",0.5,0.5,0.5234375,0.4827586206896552,1.0,0.6511627906976745,0.53125,0.23894381523132324
"0,1,0,1,1,0,1,0,0,0,1,1,0,1,1,0,1,0,0,0,0",0.5333333333333333,0.5,0.5234375,0.5,0.5,0.5,0.53125,0.18356060981750488
"0,1,0,1,1,0,1,0,0,0,1,1,0,0,0,0,0,0,1,1,0",0.5,0.5,0.5234375,0.4827586206896552,1.0,0.6511627906976745,0.53125,0.1767866611480713
"1,0,0,1,1,0,0,0,0,1,0,1,1,1,1,0,0,0,1,1,0",0.5,0.5,0.5234375,0.4827586206896552,1.0,0.6511627906976745,0.53125,0.17387151718139648
"0,1,0,1,1,0,1,0,0,0,1,1,0,0,1,0,1,0,0,0,0",0.5333333333333333,0.5,0.5234375,0.5,0.5,0.5,0.53125,0.20235228538513184
"0,0,0,0,1,0,1,1,1,0,0,0,1,1,0,0,0,0,1,1,0",0.5,0.5,0.5234375,0.4827586206896552,1.0,0.6511627906976745,0.53125,0.2048962116241455
"1,0,0,0,1,0,0,0,0,1,0,1,1,1,1,0,0,0,1,0,1",0.5333333333333333,0.5,0.5234375,0.5,0.5,0.5,0.53125,0.20972394943237305
"0,0,0,0,0,1,1,0,0,1,1,1,0,0,0,0,1,0,1,1,1",0.5,0.5,0.5234375,0.4827586206896552,1.0,0.6511627906976745,0.53125,0.23634624481201172
"1,1,0,0,0,0,1,0,0,1,1,1,1,0,0,1,0,1,0,1,0",0.5,0.5,0.5234375,0.4827586206896552,1.0,0.6511627906976745,0.53125,0.18876957893371582
"1,1,0,1,1,1,1,1,0,1,1,0,1,0,1,1,1,1,1,1,1",0.5,0.5,0.5234375,0.4827586206896552,1.0,0.6511627906976745,0.53125,0.22313690185546875
"1,0,1,0,1,0,0,0,0,1,0,1,1,1,1,0,0,1,0,0,0",0.5,0.5,0.5234375,0.4827586206896552,1.0,0.6511627906976745,0.53125,0.15711665153503418
"0,0,0,1,1,0,0,1,0,0,0,0,0,0,0,1,0,0,1,1,1",0.5,0.5,0.5234375,0.4827586206896552,1.0,0.6511627906976745,0.53125,0.18431687355041504
"1,0,0,0,1,1,0,1,0,1,1,0,1,0,1,0,0,0,1,1,0",0.43333333333333335,0.7,0.5232142857142856,0.4482758620689655,0.9285714285714286,0.6046511627906976,0.4642857142857143,0.16826415061950684
"1,0,0,0,1,1,1,0,0,0,1,0,0,1,0,1,1,1,1,1,0",0.43333333333333335,0.7,0.5232142857142856,0.4482758620689655,0.9285714285714286,0.6046511627906976,0.4642857142857143,0.21496248245239258
"0,1,0,1,0,0,1,1,1,1,1,0,0,1,1,0,1,0,0,0,0",0.4666666666666667,0.7,0.5232142857142856,0.42857142857142855,0.42857142857142855,0.42857142857142855,0.4642857142857143,0.15457868576049805
"0,1,0,1,0,1,0,0,1,0,0,0,1,0,1,0,0,1,1,1,0",0.43333333333333335,0.7,0.5232142857142856,0.4482758620689655,0.9285714285714286,0.6046511627906976,0.4642857142857143,0.21393704414367676
"0,0,0,0,0,0,1,1,0,0,1,1,0,0,0,0,0,0,1,1,0",0.5,0.6,0.5216517857142857,0.46153846153846156,0.42857142857142855,0.4444444444444444,0.4955357142857143,0.14567041397094727
"0,0,1,0,0,0,1,0,0,0,1,0,1,0,0,0,0,0,0,1,1",0.4666666666666667,0.6,0.5216517857142857,0.4642857142857143,0.9285714285714286,0.6190476190476191,0.4955357142857143,0.19293880462646484
"1,1,1,0,0,1,1,0,1,1,1,0,0,0,0,1,0,0,1,1,1",0.4666666666666667,0.6,0.5216517857142857,0.4642857142857143,0.9285714285714286,0.6190476190476191,0.4955357142857143,0.21936893463134766
"1,0,0,0,1,1,0,0,0,1,0,1,0,1,1,1,0,0,0,0,0",0.5,0.6,0.5216517857142857,0.46153846153846156,0.42857142857142855,0.4444444444444444,0.4955357142857143,0.17192506790161133
"1,1,1,1,0,0,1,0,0,1,0,0,1,1,0,1,1,1,1,0,1",0.4666666666666667,0.6,0.5216517857142857,0.4642857142857143,0.9285714285714286,0.6190476190476191,0.4955357142857143,0.2172553539276123
"1,0,0,0,1,1,0,0,0,1,0,0,0,0,1,1,1,0,0,0,0",0.5,0.6,0.5216517857142857,0.46153846153846156,0.42857142857142855,0.4444444444444444,0.4955357142857143,0.1667780876159668
"1,0,0,1,0,1,1,1,1,1,0,1,0,0,0,0,0,1,1,1,0",0.5,0.6,0.5216517857142857,0.46153846153846156,0.42857142857142855,0.4444444444444444,0.4955357142857143,0.17171168327331543
"1,0,1,0,0,1,0,1,0,0,1,0,0,0,1,1,1,1,0,0,0",0.4666666666666667,0.6,0.5216517857142857,0.4642857142857143,0.9285714285714286,0.6190476190476191,0.4955357142857143,0.1831660270690918
"0,1,0,1,1,1,0,1,0,0,1,1,0,0,1,1,0,1,0,0,0",0.5,0.6,0.5216517857142857,0.46153846153846156,0.42857142857142855,0.4444444444444444,0.4955357142857143,0.18311429023742676
"0,0,0,1,0,0,1,1,1,1,0,0,1,0,1,0,1,0,1,1,1",0.4666666666666667,0.6,0.5216517857142857,0.4642857142857143,0.9285714285714286,0.6190476190476191,0.4955357142857143,0.22369623184204102
"0,1,1,0,0,1,0,0,1,1,1,1,1,0,0,1,0,0,0,0,0",0.5,0.6,0.5216517857142857,0.46153846153846156,0.42857142857142855,0.4444444444444444,0.4955357142857143,0.14902019500732422
"0,1,0,0,1,1,1,0,1,1,1,1,0,0,0,1,1,0,0,0,0",0.5,0.6,0.5216517857142857,0.46153846153846156,0.42857142857142855,0.4444444444444444,0.4955357142857143,0.1629040241241455
"1,1,1,0,1,1,1,0,1,0,1,0,1,1,0,0,1,0,1,0,1",0.4666666666666667,0.6,0.5216517857142857,0.4642857142857143,0.9285714285714286,0.6190476190476191,0.4955357142857143,0.2116682529449463
"0,0,1,0,0,0,0,0,1,0,1,1,0,0,0,1,1,1,1,0,1",0.4666666666666667,0.6,0.5216517857142857,0.4642857142857143,0.9285714285714286,0.6190476190476191,0.4955357142857143,0.18574953079223633
"0,0,0,1,1,1,1,0,1,1,1,0,0,1,0,0,1,0,0,0,0",0.5,0.6,0.5216517857142857,0.46153846153846156,0.42857142857142855,0.4444444444444444,0.4955357142857143,0.1699991226196289
"1,1,1,1,0,1,1,1,1,0,0,1,0,0,0,1,0,0,1,1,0",0.4,0.8,0.5214285714285714,0.42857142857142855,0.8571428571428571,0.5714285714285714,0.42857142857142855,0.20827078819274902
"1,0,1,1,1,1,0,1,1,1,0,0,1,1,0,1,1,0,1,0,1",0.4,0.8,0.5214285714285714,0.42857142857142855,0.8571428571428571,0.5714285714285714,0.42857142857142855,0.23390746116638184
"0,1,1,0,0,0,0,0,1,1,1,0,0,0,1,0,1,0,1,0,1",0.5,0.5,0.5200892857142857,0.48148148148148145,0.9285714285714286,0.6341463414634146,0.5267857142857143,0.21025347709655762
"0,0,0,0,0,1,1,1,0,1,1,1,0,0,0,1,1,0,1,1,1",0.5,0.5,0.5200892857142857,0.48148148148148145,0.9285714285714286,0.6341463414634146,0.5267857142857143,0.21480321884155273
"0,0,0,1,0,0,1,1,0,0,0,1,0,1,1,1,0,1,0,0,0",0.5,0.5,0.5200892857142857,0.48148148148148145,0.9285714285714286,0.6341463414634146,0.5267857142857143,0.1833493709564209
"1,1,0,0,1,1,0,1,1,1,1,1,0,1,0,0,1,0,0,0,1",0.5333333333333333,0.5,0.5200892857142857,0.5,0.4285714285714285,0.4615384615384615,0.5267857142857143,0.1732881069183349
"0,1,1,1,0,1,0,1,1,0,0,0,1,0,1,0,0,1,0,0,0",0.5333333333333333,0.5,0.5200892857142857,0.5,0.42857142857142855,0.46153846153846156,0.5267857142857143,0.17015433311462402
"0,0,0,0,0,0,0,0,0,0,1,0,0,1,0,0,1,0,1,1,0",0.5,0.5,0.5200892857142857,0.48148148148148145,0.9285714285714286,0.6341463414634146,0.5267857142857143,0.14628982543945312
"1,0,0,0,0,1,1,1,0,1,1,0,0,0,1,0,0,1,1,0,0",0.5333333333333333,0.5,0.5200892857142857,0.5,0.42857142857142855,0.46153846153846156,0.5267857142857143,0.1876058578491211
"0,1,0,1,1,0,1,0,0,0,1,1,0,0,1,1,1,0,1,0,1",0.5333333333333333,0.5,0.5200892857142857,0.5,0.42857142857142855,0.46153846153846156,0.5267857142857143,0.21734023094177246
"1,1,0,1,0,0,0,0,0,1,1,1,1,0,1,1,1,0,0,1,0",0.5333333333333333,0.5,0.5200892857142857,0.5,0.42857142857142855,0.46153846153846156,0.5267857142857143,0.18125391006469727
"1,0,0,0,1,0,1,0,1,1,0,0,0,1,0,1,1,0,1,0,1",0.5333333333333333,0.5,0.5200892857142857,0.5,0.42857142857142855,0.46153846153846156,0.5267857142857143,0.219588041305542
"1,1,1,0,1,0,1,0,1,0,0,0,0,1,0,0,0,0,0,0,1",0.43333333333333335,0.7,0.5198660714285714,0.4444444444444444,0.8571428571428571,0.5853658536585366,0.45982142857142855,0.1900768280029297
"0,0,0,0,0,0,1,1,1,1,1,0,1,0,0,1,0,0,1,1,1",0.43333333333333335,0.7,0.5198660714285714,0.4444444444444444,0.8571428571428571,0.5853658536585366,0.45982142857142855,0.19417905807495117
"1,1,1,1,0,1,1,1,0,0,1,0,0,1,0,0,1,1,0,0,1",0.43333333333333335,0.7,0.5198660714285714,0.4444444444444444,0.8571428571428571,0.5853658536585366,0.45982142857142855,0.19913244247436523
"0,0,1,1,0,1,0,0,1,1,0,0,1,0,1,0,0,1,1,1,0",0.5666666666666667,0.4,0.5185267857142857,0.5454545454545454,0.42857142857142855,0.48,0.5580357142857143,0.21752190589904785
"0,1,0,0,0,1,1,1,1,0,1,0,0,0,0,0,1,0,1,1,0",0.5,0.6,0.5183035714285715,0.45454545454545453,0.35714285714285715,0.4,0.4910714285714286,0.1766502857208252
"0,0,1,1,0,0,0,0,1,0,1,0,1,0,0,1,0,1,1,1,0",0.5,0.6,0.5183035714285714,0.45454545454545453,0.35714285714285715,0.4,0.4910714285714286,0.19684648513793945
"1,0,0,0,1,0,0,1,0,0,1,1,0,1,1,0,0,1,0,0,0",0.5,0.6,0.5183035714285714,0.45454545454545453,0.35714285714285715,0.4,0.4910714285714286,0.17795205116271973
"0,1,0,1,0,1,1,0,0,1,0,0,0,0,0,1,1,0,1,0,1",0.5,0.6,0.5183035714285714,0.45454545454545453,0.35714285714285715,0.4,0.4910714285714286,0.230057954788208
"1,0,0,0,1,0,0,0,1,1,1,0,0,1,0,0,1,0,0,1,1",0.4666666666666667,0.6,0.5183035714285714,0.46153846153846156,0.8571428571428571,0.6,0.49107142857142855,0.1966400146484375
"0,0,0,0,1,1,1,1,0,1,0,0,0,1,1,0,1,0,0,0,0",0.5,0.6,0.5183035714285714,0.45454545454545453,0.35714285714285715,0.4,0.4910714285714286,0.1666858196258545
"1,0,0,0,1,0,0,1,0,0,1,1,0,0,1,0,0,1,0,0,0",0.5,0.6,0.5183035714285714,0.45454545454545453,0.35714285714285715,0.4,0.4910714285714286,0.16274690628051758
"1,0,0,0,1,0,0,1,0,0,1,1,0,0,0,0,0,1,1,1,0",0.5,0.5,0.5167410714285714,0.48,0.8571428571428571,0.6153846153846154,0.5223214285714286,0.19639205932617188
"1,1,1,1,1,0,1,1,0,1,0,1,1,1,0,1,0,1,0,0,0",0.5333333333333333,0.5,0.5167410714285714,0.5,0.35714285714285715,0.4166666666666667,0.5223214285714286,0.19690489768981934
"0,0,0,0,0,0,1,0,0,1,0,0,1,0,1,1,0,0,1,1,0",0.5,0.5,0.5167410714285714,0.48,0.8571428571428571,0.6153846153846154,0.5223214285714286,0.19116520881652832
"0,0,0,0,1,1,1,1,1,0,0,0,1,1,0,0,1,1,1,0,1",0.5,0.5,0.5167410714285714,0.48,0.8571428571428571,0.6153846153846154,0.5223214285714286,0.22112035751342773
"0,0,1,0,1,1,1,1,1,0,0,1,0,0,1,0,1,0,0,0,0",0.5333333333333333,0.5,0.5167410714285714,0.5,0.35714285714285715,0.4166666666666667,0.5223214285714286,0.16983366012573242
"0,0,1,0,1,1,1,1,1,0,0,1,0,0,1,0,0,0,1,0,0",0.5333333333333333,0.5,0.5167410714285714,0.5,0.35714285714285715,0.4166666666666667,0.5223214285714286,0.17779874801635742
"0,0,0,1,1,1,1,1,0,0,0,1,0,0,1,0,1,0,1,0,0",0.5333333333333333,0.5,0.5167410714285714,0.5,0.35714285714285715,0.4166666666666667,0.5223214285714286,0.20037078857421875
"0,1,1,1,0,1,1,1,0,0,0,1,1,0,1,1,1,0,0,0,0",0.5333333333333333,0.5,0.5167410714285714,0.5,0.35714285714285715,0.4166666666666667,0.5223214285714286,0.1812744140625
"0,0,1,0,1,1,1,1,0,1,0,0,1,0,1,1,0,0,0,0,0",0.5333333333333333,0.5,0.5167410714285714,0.5,0.35714285714285715,0.4166666666666667,0.5223214285714286,0.1919698715209961
"0,0,1,0,1,1,1,1,0,0,0,1,1,0,1,1,0,0,0,0,0",0.5333333333333333,0.5,0.5167410714285714,0.5,0.3571428571428571,0.4166666666666667,0.5223214285714286,0.1801795959472656
"0,1,0,1,1,0,0,1,0,0,1,1,1,1,1,0,0,1,0,0,0",0.5,0.5,0.5167410714285714,0.48,0.8571428571428571,0.6153846153846154,0.5223214285714286,0.1894512176513672
"0,0,1,0,1,1,1,1,1,0,0,1,0,0,1,0,1,0,1,0,0",0.5333333333333333,0.5,0.5167410714285714,0.5,0.35714285714285715,0.4166666666666667,0.5223214285714286,0.17937850952148438
"0,0,1,0,1,1,1,1,1,0,0,1,0,0,1,1,1,0,0,0,0",0.5333333333333333,0.5,0.5167410714285714,0.5,0.35714285714285715,0.4166666666666667,0.5223214285714286,0.17749881744384766
"1,0,0,1,1,0,0,0,0,1,0,1,1,1,1,0,0,0,0,1,1",0.5,0.5,0.5167410714285714,0.48,0.8571428571428571,0.6153846153846154,0.5223214285714286,0.23021221160888672
"1,0,0,0,1,0,0,0,1,1,0,1,1,1,0,0,1,0,0,0,1",0.43333333333333335,0.7,0.5165178571428571,0.44,0.7857142857142857,0.5641025641025641,0.45535714285714285,0.2291257381439209
"1,0,0,1,1,0,0,0,1,1,0,1,1,1,0,1,0,0,1,1,0",0.43333333333333335,0.7,0.5165178571428571,0.44,0.7857142857142857,0.5641025641025641,0.45535714285714285,0.1869642734527588
"1,1,1,1,1,1,1,0,1,0,0,1,1,1,0,1,1,1,1,1,1",0.43333333333333335,0.7,0.5165178571428571,0.44,0.7857142857142857,0.5641025641025641,0.45535714285714285,0.21611618995666504
"1,1,1,1,1,1,0,1,1,1,1,0,0,0,0,0,1,1,1,0,0",0.43333333333333335,0.7,0.5165178571428571,0.44,0.7857142857142857,0.5641025641025641,0.45535714285714285,0.16492438316345215
"1,1,1,1,1,1,1,1,1,1,0,1,0,0,0,1,1,1,1,0,0",0.4666666666666667,0.7,0.5165178571428571,0.4,0.2857142857142857,0.3333333333333333,0.45535714285714285,0.1999833583831787
"0,0,0,0,1,0,1,0,0,0,1,1,1,1,1,1,1,0,0,0,0",0.4666666666666667,0.7,0.5165178571428571,0.4,0.2857142857142857,0.3333333333333333,0.45535714285714285,0.18290042877197266
"1,1,1,0,0,0,1,1,1,0,0,0,0,0,1,0,1,0,0,0,1",0.4666666666666667,0.7,0.5165178571428571,0.4,0.2857142857142857,0.3333333333333333,0.45535714285714285,0.2153337001800537
"0,1,1,1,1,1,1,1,1,0,0,1,0,0,0,1,0,0,1,1,0",0.43333333333333335,0.7,0.5165178571428571,0.44,0.7857142857142857,0.5641025641025641,0.45535714285714285,0.19910192489624023
"0,1,1,1,1,1,0,0,1,1,1,0,0,1,0,1,0,0,0,0,0",0.3666666666666666,0.9,0.5162946428571429,0.4,0.7142857142857143,0.5128205128205128,0.3883928571428571,0.1551783084869384
"0,1,0,1,0,0,0,0,1,0,0,1,1,1,1,0,0,1,1,1,1",0.5,0.6,0.5149553571428571,0.4444444444444444,0.2857142857142857,0.34782608695652173,0.48660714285714285,0.2216172218322754
"1,1,0,1,1,1,0,1,0,1,0,1,1,0,0,1,0,0,1,1,0",0.4666666666666667,0.6,0.5149553571428571,0.4583333333333333,0.7857142857142857,0.5789473684210527,0.48660714285714285,0.18778252601623535
"0,0,1,0,0,1,0,0,1,1,0,0,1,0,0,1,1,1,0,0,1",0.4666666666666667,0.6,0.5149553571428571,0.4583333333333333,0.7857142857142857,0.5789473684210527,0.48660714285714285,0.16974186897277832
"1,0,0,0,1,0,1,0,0,0,0,0,0,0,1,0,1,0,1,0,1",0.5,0.6,0.5149553571428571,0.4444444444444444,0.2857142857142857,0.34782608695652173,0.48660714285714285,0.2184126377105713
"1,1,1,1,0,0,0,0,0,1,1,1,0,0,0,1,0,1,0,1,0",0.5,0.6,0.5149553571428571,0.4444444444444444,0.2857142857142857,0.34782608695652173,0.48660714285714285,0.19981050491333008
"0,0,0,1,0,0,0,0,1,0,0,1,0,0,0,1,1,0,1,0,1",0.4666666666666667,0.6,0.5149553571428571,0.4583333333333333,0.7857142857142857,0.5789473684210527,0.48660714285714285,0.21984052658081055
"0,1,0,0,1,0,1,1,1,0,1,0,1,1,0,1,0,0,1,0,1",0.5,0.6,0.5149553571428571,0.4444444444444444,0.2857142857142857,0.34782608695652173,0.48660714285714285,0.18388986587524414
"1,1,0,1,1,1,1,0,1,1,1,0,1,0,1,0,1,1,0,0,1",0.4666666666666667,0.6,0.5149553571428571,0.4583333333333333,0.7857142857142857,0.5789473684210527,0.48660714285714285,0.20280122756958008
"0,1,0,0,1,0,0,0,1,1,0,1,0,1,0,0,0,1,1,1,0",0.43333333333333335,0.8,0.5147321428571429,0.3333333333333333,0.21428571428571427,0.2608695652173913,0.41964285714285715,0.19731616973876953
"1,1,1,1,0,0,1,0,0,1,0,0,1,0,1,0,0,1,0,0,0",0.5333333333333333,0.5,0.5133928571428571,0.5,0.2857142857142857,0.36363636363636365,0.5178571428571428,0.17519235610961914
"0,0,0,1,1,0,0,0,1,0,0,0,0,1,1,1,0,0,0,0,1",0.5,0.5,0.5133928571428571,0.4782608695652174,0.7857142857142857,0.5945945945945946,0.5178571428571428,0.17351984977722168
"1,0,0,0,0,0,1,1,0,1,0,1,0,1,1,0,1,0,0,0,0",0.5,0.5,0.5133928571428571,0.4782608695652174,0.7857142857142857,0.5945945945945946,0.5178571428571428,0.1538102626800537
"1,0,0,1,1,0,0,0,1,1,0,1,0,1,1,0,1,1,1,1,0",0.5333333333333333,0.5,0.5133928571428571,0.5,0.2857142857142857,0.36363636363636365,0.5178571428571428,0.1987318992614746
"1,0,0,1,1,1,1,0,1,1,0,0,0,1,0,0,1,0,0,1,1",0.5333333333333333,0.5,0.5133928571428571,0.5,0.2857142857142857,0.36363636363636365,0.5178571428571428,0.2341916561126709
"1,0,0,1,1,0,1,1,0,0,0,0,0,0,0,1,1,1,1,0,1",0.5333333333333333,0.5,0.5133928571428571,0.5,0.2857142857142857,0.36363636363636365,0.5178571428571428,0.20183491706848145
"1,1,0,1,1,0,0,1,0,0,1,0,1,0,1,0,0,0,1,1,1",0.5333333333333333,0.5,0.5133928571428571,0.5,0.2857142857142857,0.36363636363636365,0.5178571428571428,0.18338823318481445
"0,0,0,0,0,1,0,0,1,0,0,1,0,1,1,0,0,1,1,0,1",0.5,0.5,0.5133928571428571,0.4782608695652174,0.7857142857142857,0.5945945945945946,0.5178571428571428,0.2027595043182373
"1,1,1,0,1,1,1,0,0,1,1,1,0,0,0,0,1,1,0,0,1",0.43333333333333335,0.7,0.5131696428571428,0.43478260869565216,0.7142857142857143,0.5405405405405406,0.45089285714285715,0.21110129356384277
"1,1,1,0,1,1,0,1,1,1,1,1,0,1,1,0,1,0,1,1,1",0.43333333333333335,0.7,0.5131696428571428,0.43478260869565216,0.7142857142857143,0.5405405405405406,0.45089285714285715,0.2099928855895996
"1,0,1,0,0,1,0,1,0,1,1,1,1,1,0,1,1,0,1,0,1",0.43333333333333335,0.7,0.5131696428571428,0.43478260869565216,0.7142857142857143,0.5405405405405406,0.45089285714285715,0.21824026107788086
"1,0,0,0,1,1,1,1,1,0,1,1,1,0,1,0,0,0,1,0,1",0.43333333333333335,0.7,0.5131696428571428,0.43478260869565216,0.7142857142857143,0.5405405405405406,0.45089285714285715,0.20802855491638184
"0,1,1,1,1,0,1,0,0,1,0,1,0,0,1,0,0,0,1,1,1",0.36666666666666664,0.9,0.5129464285714286,0.391304347826087,0.6428571428571429,0.4864864864864865,0.38392857142857145,0.20969557762145996
"0,1,1,1,1,0,0,1,0,0,1,1,0,1,1,0,1,1,0,1,1",0.4666666666666667,0.6,0.5116071428571429,0.45454545454545453,0.7142857142857143,0.5555555555555556,0.48214285714285715,0.2103252410888672
"1,1,0,0,0,0,0,1,0,0,1,0,0,0,0,1,0,1,0,0,0",0.4666666666666667,0.6,0.5116071428571429,0.45454545454545453,0.7142857142857143,0.5555555555555556,0.48214285714285715,0.1788654327392578
"1,0,1,0,0,0,0,1,0,1,1,0,1,0,0,0,0,0,0,0,1",0.4666666666666667,0.6,0.5116071428571429,0.45454545454545453,0.7142857142857143,0.5555555555555556,0.48214285714285715,0.1730339527130127
"1,1,0,1,0,0,1,1,0,1,0,1,0,0,1,0,0,1,1,1,1",0.5,0.6,0.5116071428571429,0.42857142857142855,0.21428571428571427,0.2857142857142857,0.48214285714285715,0.2383284568786621
"1,1,0,1,1,1,1,0,0,1,0,0,1,1,0,1,1,0,1,1,0",0.4666666666666667,0.6,0.5116071428571429,0.45454545454545453,0.7142857142857143,0.5555555555555556,0.48214285714285715,0.1937108039855957
"0,0,0,1,0,0,1,1,0,0,0,1,1,1,0,0,1,1,1,0,1",0.4666666666666667,0.6,0.5116071428571429,0.45454545454545453,0.7142857142857143,0.5555555555555556,0.48214285714285715,0.2184131145477295
"0,0,1,1,1,1,1,0,0,0,1,0,0,1,0,1,0,1,0,0,1",0.5,0.6,0.5116071428571428,0.42857142857142855,0.21428571428571427,0.2857142857142857,0.48214285714285715,0.1799304485321045
"1,0,0,0,1,0,0,0,1,1,0,1,1,1,0,0,1,0,0,1,1",0.4666666666666667,0.6,0.5116071428571428,0.45454545454545453,0.7142857142857143,0.5555555555555556,0.48214285714285715,0.2406623363494873
"1,0,0,0,1,1,1,0,1,0,1,1,0,0,0,1,0,1,0,0,1",0.4666666666666667,0.6,0.5116071428571428,0.45454545454545453,0.7142857142857143,0.5555555555555556,0.48214285714285715,0.1967024803161621
"0,0,0,1,0,1,1,0,0,1,1,0,0,1,0,1,1,1,1,1,0",0.4666666666666667,0.6,0.5116071428571428,0.4545454545454545,0.7142857142857143,0.5555555555555556,0.4821428571428571,0.1925430297851562
"1,0,0,0,0,0,0,0,1,0,1,0,1,1,1,0,0,1,0,1,0",0.4666666666666667,0.6,0.5116071428571428,0.45454545454545453,0.7142857142857143,0.5555555555555556,0.48214285714285715,0.20096588134765625
"1,0,0,1,1,0,1,1,0,1,1,0,1,1,1,0,0,1,0,1,0",0.6,0.3,0.5102678571428572,0.6666666666666666,0.2857142857142857,0.4,0.5803571428571428,0.19095611572265625
"1,0,0,0,1,1,1,0,1,1,0,1,1,1,0,0,0,1,1,1,0",0.5,0.5,0.5100446428571429,0.47619047619047616,0.7142857142857143,0.5714285714285714,0.5133928571428572,0.21101903915405273
"0,0,0,1,1,1,1,0,1,1,1,0,0,1,0,0,1,0,0,1,0",0.5333333333333333,0.5,0.5100446428571428,0.5,0.21428571428571427,0.3,0.5133928571428571,0.17881178855895996
"1,0,1,0,1,1,0,0,1,1,0,0,0,0,0,1,1,1,1,0,1",0.5333333333333333,0.5,0.5100446428571428,0.5,0.21428571428571427,0.3,0.5133928571428571,0.20635247230529785
"0,0,1,0,1,1,1,1,1,0,0,1,0,0,0,1,0,0,0,1,1",0.5333333333333333,0.5,0.5100446428571428,0.5,0.21428571428571427,0.3,0.5133928571428571,0.20572376251220703
"0,0,1,0,1,1,1,1,1,0,1,0,0,0,0,0,0,1,1,0,0",0.5333333333333333,0.5,0.5100446428571428,0.5,0.21428571428571427,0.3,0.5133928571428571,0.17175555229187012
"0,0,1,0,1,1,1,1,1,1,1,0,1,0,0,1,0,1,0,0,0",0.5333333333333333,0.5,0.5100446428571428,0.5,0.21428571428571427,0.3,0.5133928571428571,0.1668095588684082
"1,0,1,0,1,0,0,0,0,1,0,0,0,0,0,0,1,1,1,0,0",0.5333333333333333,0.5,0.5100446428571428,0.5,0.21428571428571427,0.3,0.5133928571428571,0.16044998168945312
"1,1,0,0,0,1,0,1,1,1,0,1,0,0,0,1,0,1,1,0,0",0.43333333333333335,0.7,0.5098214285714286,0.42857142857142855,0.6428571428571429,0.5142857142857142,0.44642857142857145,0.18392038345336914
"0,0,0,1,0,0,1,1,1,0,1,0,0,0,1,0,1,1,1,0,1",0.43333333333333335,0.7,0.5098214285714286,0.42857142857142855,0.6428571428571429,0.5142857142857142,0.44642857142857145,0.19863629341125488
"0,1,0,1,0,0,0,0,1,1,1,1,0,0,1,1,0,0,0,1,1",0.43333333333333335,0.7,0.5098214285714286,0.42857142857142855,0.6428571428571429,0.5142857142857142,0.44642857142857145,0.2068157196044922
"0,0,1,1,0,0,1,1,1,0,0,0,0,1,1,0,0,1,0,0,0",0.4666666666666667,0.7,0.5098214285714285,0.3333333333333333,0.14285714285714285,0.2,0.4464285714285714,0.19934940338134766
"0,1,0,0,1,0,0,1,1,0,0,1,0,0,1,1,1,0,0,1,1",0.5666666666666667,0.4,0.5084821428571428,0.6,0.21428571428571427,0.3157894736842105,0.5446428571428571,0.21158242225646973
"1,0,1,0,1,0,1,1,0,0,1,0,0,1,1,1,1,1,0,0,1",0.4666666666666667,0.6,0.5082589285714286,0.45,0.6428571428571429,0.5294117647058824,0.47767857142857145,0.19965434074401855
"0,0,0,0,1,1,1,0,1,1,1,0,0,0,1,1,0,1,1,1,0",0.4666666666666667,0.6,0.5082589285714286,0.45,0.6428571428571429,0.5294117647058824,0.47767857142857145,0.21064186096191406
"0,1,0,0,1,0,0,0,1,1,1,0,1,1,0,1,0,1,1,1,0",0.4666666666666667,0.6,0.5082589285714286,0.45,0.6428571428571429,0.5294117647058824,0.47767857142857145,0.20187854766845703
"0,1,0,1,1,0,1,0,0,0,1,1,0,1,1,0,0,0,1,1,0",0.4666666666666667,0.6,0.5082589285714286,0.45,0.6428571428571429,0.5294117647058824,0.47767857142857145,0.1862471103668213
"1,0,1,0,0,0,0,0,1,1,1,1,0,1,1,1,0,0,1,0,0",0.5,0.6,0.5082589285714285,0.4,0.14285714285714285,0.21052631578947367,0.4776785714285714,0.16495203971862793
"0,1,0,0,1,1,1,1,0,0,0,1,0,1,1,0,0,0,1,1,0",0.5,0.6,0.5082589285714285,0.4,0.1428571428571428,0.2105263157894736,0.4776785714285714,0.2039117813110351
"1,0,1,0,1,0,0,0,1,0,1,0,0,0,1,0,1,0,0,0,0",0.5,0.6,0.5082589285714285,0.4,0.14285714285714285,0.21052631578947367,0.4776785714285714,0.17399120330810547
"1,0,0,1,0,0,1,0,0,1,1,0,0,1,0,0,1,1,1,0,0",0.5,0.6,0.5082589285714285,0.4,0.14285714285714285,0.21052631578947367,0.4776785714285714,0.19785761833190918
"1,1,1,1,1,0,0,0,0,1,1,0,0,0,1,0,0,0,1,0,1",0.5,0.6,0.5082589285714285,0.4,0.14285714285714285,0.21052631578947367,0.4776785714285714,0.2040419578552246
"0,1,1,1,0,0,0,0,1,1,0,0,0,1,1,0,0,0,0,1,0",0.5,0.6,0.5082589285714285,0.4,0.14285714285714285,0.21052631578947367,0.4776785714285714,0.17341065406799316
"0,1,0,0,1,0,0,0,1,0,1,0,0,1,1,1,0,0,0,1,0",0.5,0.6,0.5082589285714285,0.4,0.14285714285714285,0.21052631578947367,0.4776785714285714,0.16983485221862793
"1,0,0,0,1,0,1,0,0,0,0,0,0,1,0,0,0,1,0,0,0",0.4,0.8,0.5080357142857144,0.4,0.5714285714285714,0.47058823529411764,0.4107142857142857,0.14334964752197266
"1,1,1,0,0,1,0,0,0,1,1,1,1,1,0,0,1,0,0,0,1",0.5,0.5,0.5066964285714286,0.47368421052631576,0.6428571428571429,0.5454545454545454,0.5089285714285714,0.21369385719299316
"1,0,0,1,1,1,0,0,0,1,1,0,1,1,1,1,1,0,0,0,0",0.5333333333333333,0.5,0.5066964285714286,0.5,0.14285714285714285,0.2222222222222222,0.5089285714285714,0.1816565990447998
"0,1,0,1,1,1,0,0,1,1,1,1,0,1,0,1,1,0,0,1,1",0.5333333333333333,0.5,0.5066964285714286,0.5,0.14285714285714285,0.2222222222222222,0.5089285714285714,0.2135322093963623
"1,1,1,0,0,0,0,1,1,0,1,0,0,1,1,0,0,1,0,0,0",0.5,0.5,0.5066964285714286,0.47368421052631576,0.6428571428571429,0.5454545454545454,0.5089285714285714,0.19248485565185547
"1,1,0,0,1,0,1,0,1,0,1,0,1,1,1,0,1,0,0,1,0",0.5333333333333333,0.5,0.5066964285714286,0.5,0.14285714285714285,0.2222222222222222,0.5089285714285714,0.18542742729187012
"0,1,1,0,0,0,1,0,0,1,1,0,1,0,0,0,0,0,0,1,1",0.5333333333333333,0.5,0.5066964285714286,0.5,0.14285714285714285,0.2222222222222222,0.5089285714285714,0.19490575790405273
"0,0,1,0,1,0,0,1,0,1,0,1,1,1,1,1,0,1,1,0,1",0.5,0.5,0.5066964285714286,0.47368421052631576,0.6428571428571429,0.5454545454545454,0.5089285714285714,0.21958565711975098
"0,0,1,0,0,0,1,1,1,1,0,0,0,0,1,1,0,1,0,0,1",0.4666666666666667,0.7,0.5064732142857142,0.25,0.07142857142857142,0.1111111111111111,0.4419642857142857,0.1884629726409912
"0,0,1,0,0,0,1,0,0,1,1,0,1,0,0,0,0,0,1,1,0",0.43333333333333335,0.7,0.5064732142857142,0.42105263157894735,0.5714285714285714,0.48484848484848486,0.4419642857142857,0.2046213150024414
"0,0,1,0,0,0,1,0,0,1,1,0,1,0,0,0,0,0,0,1,0",0.43333333333333335,0.7,0.5064732142857142,0.42105263157894735,0.5714285714285714,0.48484848484848486,0.4419642857142857,0.16352081298828125
"1,0,1,0,1,0,1,1,0,0,1,1,0,0,0,0,0,1,1,1,1",0.4666666666666667,0.7,0.5064732142857142,0.25,0.07142857142857142,0.1111111111111111,0.4419642857142857,0.22104358673095703
"0,0,0,0,0,0,0,1,0,1,0,0,1,0,0,0,0,1,1,0,0",0.5666666666666667,0.4,0.5051339285714286,0.6666666666666666,0.14285714285714285,0.23529411764705882,0.5401785714285714,0.1548764705657959
"0,1,0,0,0,0,0,0,0,0,0,1,1,1,1,0,1,0,0,0,0",0.5666666666666667,0.4,0.5051339285714286,0.6666666666666666,0.14285714285714285,0.23529411764705882,0.5401785714285714,0.14533448219299316
"1,0,0,1,0,0,1,0,0,0,0,1,0,1,1,1,0,1,1,0,1",0.5666666666666667,0.4,0.5051339285714286,0.6666666666666666,0.14285714285714285,0.23529411764705882,0.5401785714285714,0.20706462860107422
"1,0,0,1,0,0,0,1,1,1,1,0,0,0,0,1,1,0,1,0,0",0.5666666666666667,0.4,0.5051339285714286,0.6666666666666666,0.14285714285714285,0.23529411764705882,0.5401785714285714,0.15137672424316406
"1,0,1,0,1,1,0,1,0,0,0,1,1,0,0,0,1,0,1,0,1",0.5666666666666667,0.4,0.5051339285714286,0.6666666666666666,0.14285714285714285,0.23529411764705882,0.5401785714285714,0.18952226638793945
"1,1,1,1,0,0,1,0,0,0,1,1,1,1,0,1,0,0,0,0,0",0.5666666666666667,0.4,0.5051339285714286,0.6666666666666666,0.14285714285714285,0.23529411764705882,0.5401785714285714,0.14537906646728516
"0,0,0,1,1,1,1,0,1,1,1,0,0,1,1,1,1,0,0,0,0",0.4666666666666667,0.6,0.5049107142857143,0.4444444444444444,0.5714285714285714,0.5,0.4732142857142857,0.15837717056274414
"1,1,0,1,1,0,1,0,1,1,1,0,1,0,1,0,1,1,0,0,1",0.5,0.6,0.5049107142857143,0.3333333333333333,0.07142857142857142,0.11764705882352941,0.4732142857142857,0.18421244621276855
"0,0,0,1,1,1,1,0,1,1,1,0,0,1,1,0,1,0,0,0,0",0.4666666666666667,0.6,0.5049107142857143,0.4444444444444444,0.5714285714285714,0.5,0.4732142857142857,0.19352245330810547
"0,0,0,1,1,0,1,1,1,1,1,0,0,0,0,1,0,0,1,1,1",0.4666666666666667,0.6,0.5049107142857143,0.4444444444444444,0.5714285714285714,0.5,0.4732142857142857,0.1953427791595459
"0,1,0,0,1,1,1,0,0,1,0,0,1,1,1,1,0,0,0,0,1",0.5,0.6,0.5049107142857143,0.3333333333333333,0.07142857142857142,0.11764705882352941,0.4732142857142857,0.1829826831817627
"1,1,0,0,1,1,0,0,0,1,1,1,0,1,1,0,1,1,1,1,1",0.5,0.6,0.5049107142857143,0.3333333333333333,0.07142857142857142,0.11764705882352941,0.4732142857142857,0.2252364158630371
"0,1,0,1,0,1,1,0,0,1,0,0,1,1,0,1,1,0,0,1,0",0.5,0.6,0.5049107142857143,0.3333333333333333,0.07142857142857142,0.11764705882352941,0.4732142857142857,0.18566346168518066
"0,1,1,0,0,1,1,1,0,0,0,1,1,0,1,1,1,1,1,0,0",0.5,0.6,0.5049107142857143,0.3333333333333333,0.07142857142857142,0.11764705882352941,0.4732142857142857,0.19158339500427246
"0,0,0,1,1,1,1,0,1,1,1,0,0,1,1,1,0,0,1,0,0",0.4666666666666667,0.6,0.5049107142857143,0.4444444444444444,0.5714285714285714,0.5,0.4732142857142857,0.1659386157989502
"0,1,1,1,0,0,0,0,0,1,0,1,1,1,1,0,0,0,1,0,1",0.5,0.6,0.5049107142857143,0.3333333333333333,0.07142857142857142,0.11764705882352941,0.4732142857142857,0.22587037086486816
"0,1,1,1,0,1,1,1,0,0,0,0,1,1,1,0,1,1,0,0,0",0.4666666666666667,0.6,0.5049107142857143,0.4444444444444444,0.5714285714285714,0.5,0.4732142857142857,0.18814992904663086
"1,0,1,0,0,1,0,0,1,0,0,0,0,1,0,1,1,1,0,1,1",0.5333333333333333,0.5,0.5033482142857143,0.5,0.07142857142857142,0.125,0.5044642857142857,0.21789240837097168
"1,0,1,0,1,0,1,1,1,1,1,1,1,1,0,1,0,0,1,1,1",0.5333333333333333,0.5,0.5033482142857143,0.5,0.07142857142857142,0.125,0.5044642857142857,0.21583151817321777
"1,0,0,1,1,1,0,0,1,1,0,1,1,1,0,0,0,0,1,0,0",0.5333333333333333,0.5,0.5033482142857143,0.5,0.07142857142857142,0.125,0.5044642857142857,0.16309499740600586
"0,0,0,1,1,0,1,1,1,1,1,0,0,1,1,0,0,1,1,0,0",0.5333333333333333,0.5,0.5033482142857143,0.5,0.0714285714285714,0.125,0.5044642857142857,0.183502197265625
"1,0,1,0,1,1,1,1,1,0,0,0,0,0,0,1,0,0,1,1,0",0.5333333333333333,0.5,0.5033482142857143,0.5,0.07142857142857142,0.125,0.5044642857142857,0.17967748641967773
"0,0,1,0,1,0,1,0,1,1,1,0,0,1,1,0,0,0,1,1,1",0.5333333333333333,0.5,0.5033482142857143,0.5,0.07142857142857142,0.125,0.5044642857142857,0.20305228233337402
"1,1,0,1,0,1,0,0,0,0,0,0,0,1,0,1,0,0,1,0,0",0.5333333333333333,0.5,0.5033482142857143,0.5,0.07142857142857142,0.125,0.5044642857142857,0.1442885398864746
"0,1,1,1,0,1,0,0,1,1,0,0,1,1,0,1,0,0,0,0,0",0.5333333333333333,0.5,0.5033482142857143,0.5,0.07142857142857142,0.125,0.5044642857142857,0.14641618728637695
"1,1,0,1,0,1,0,0,1,0,0,1,1,1,1,1,0,1,1,1,1",0.5333333333333333,0.5,0.5033482142857143,0.5,0.07142857142857142,0.125,0.5044642857142857,0.19480180740356445
"1,1,1,0,0,1,1,1,1,1,0,0,0,1,0,1,0,0,0,0,0",0.5333333333333333,0.5,0.5033482142857143,0.5,0.07142857142857142,0.125,0.5044642857142857,0.1488049030303955
"1,0,0,1,1,1,0,0,0,0,1,1,0,0,1,0,0,0,1,1,1",0.5333333333333333,0.5,0.5033482142857143,0.5,0.07142857142857142,0.125,0.5044642857142857,0.18688678741455078
"0,1,1,0,1,1,1,0,0,1,0,1,0,1,0,1,1,0,1,0,0",0.5333333333333333,0.5,0.5033482142857143,0.5,0.07142857142857142,0.125,0.5044642857142857,0.14440274238586426
"1,1,0,0,1,0,1,0,0,1,1,1,1,1,0,0,1,1,0,1,0",0.5,0.5,0.5033482142857143,0.47058823529411764,0.5714285714285714,0.5161290322580645,0.5044642857142857,0.21116900444030762
"1,0,0,0,0,1,0,0,1,0,0,0,1,1,0,1,0,1,0,0,0",0.5,0.5,0.5033482142857143,0.47058823529411764,0.5714285714285714,0.5161290322580645,0.5044642857142857,0.15831756591796875
"1,1,0,0,1,0,1,0,0,0,1,1,0,0,1,1,1,1,1,1,1",0.5333333333333333,0.5,0.5033482142857143,0.5,0.07142857142857142,0.125,0.5044642857142857,0.21226978302001953
"1,0,0,1,1,0,0,1,1,0,1,1,0,0,1,1,1,1,1,0,1",0.5,0.5,0.5033482142857143,0.47058823529411764,0.5714285714285714,0.5161290322580645,0.5044642857142857,0.21141815185546875
"0,0,1,0,0,1,1,0,1,0,0,0,1,0,0,0,0,0,0,0,1",0.5,0.5,0.5033482142857143,0.47058823529411764,0.5714285714285714,0.5161290322580645,0.5044642857142857,0.16182231903076172
"1,0,0,1,1,1,1,1,0,1,0,1,0,1,0,0,0,0,1,0,0",0.5333333333333333,0.5,0.5033482142857143,0.5,0.07142857142857142,0.125,0.5044642857142857,0.15636610984802246
"0,1,1,0,0,1,1,0,1,0,0,0,0,0,1,1,0,0,1,1,1",0.5333333333333333,0.5,0.5033482142857143,0.5,0.07142857142857142,0.125,0.5044642857142857,0.20377659797668457
"0,0,1,0,0,0,0,0,1,0,0,0,0,1,0,0,1,0,0,0,1",0.5333333333333333,0.5,0.5033482142857143,0.5,0.07142857142857142,0.125,0.5044642857142857,0.1731407642364502
"1,0,1,1,0,1,0,1,1,1,0,1,0,1,0,0,0,1,0,1,0",0.5333333333333333,0.5,0.5033482142857143,0.5,0.07142857142857142,0.125,0.5044642857142857,0.21163105964660645
"1,0,1,1,0,0,1,1,1,1,0,0,1,1,1,1,0,0,0,0,1",0.5,0.5,0.5033482142857143,0.47058823529411764,0.5714285714285714,0.5161290322580645,0.5044642857142857,0.1777360439300537
"0,0,1,1,0,1,0,0,0,0,0,1,1,1,1,1,0,0,0,1,1",0.5333333333333333,0.5,0.5033482142857143,0.5,0.07142857142857142,0.125,0.5044642857142857,0.18056797981262207
"1,1,0,0,1,1,0,1,0,0,0,0,0,0,0,0,0,0,1,0,0",0.5333333333333333,0.5,0.5033482142857143,0.5,0.07142857142857142,0.125,0.5044642857142857,0.1425321102142334
"0,0,1,1,1,0,0,0,0,1,1,0,1,1,0,0,1,1,1,1,0",0.43333333333333335,0.7,0.503125,0.4117647058823529,0.5,0.45161290322580644,0.4375,0.20192432403564453
"1,0,0,1,1,0,0,1,0,1,0,0,1,1,1,0,0,1,1,0,1",0.4666666666666667,0.7,0.503125,0.0,0.0,0.0,0.4375,0.2317497730255127
"0,0,0,0,1,0,0,1,0,0,1,0,1,1,0,0,1,1,0,1,1",0.4666666666666667,0.7,0.503125,0.0,0.0,0.0,0.4375,0.21172690391540527
"0,1,1,0,0,1,1,0,0,0,0,0,0,1,1,0,0,1,1,1,0",0.4666666666666667,0.7,0.503125,0.0,0.0,0.0,0.4375,0.18248724937438965
"0,1,1,0,0,0,1,1,0,0,0,1,1,0,1,1,0,1,0,1,1",0.4666666666666667,0.7,0.503125,0.0,0.0,0.0,0.4375,0.20240497589111328
"1,0,0,1,1,0,0,0,1,0,1,1,1,0,1,0,0,0,1,0,1",0.43333333333333335,0.7,0.503125,0.4117647058823529,0.5,0.45161290322580644,0.4375,0.22806930541992188
"0,0,1,0,0,0,0,0,0,0,1,0,0,1,1,1,1,1,0,1,0",0.5666666666666667,0.4,0.5017857142857143,1.0,0.07142857142857142,0.13333333333333333,0.5357142857142857,0.2030327320098877
"0,0,1,0,0,1,0,0,1,0,0,1,1,0,0,0,1,1,0,1,1",0.5666666666666667,0.4,0.5017857142857143,1.0,0.07142857142857142,0.13333333333333333,0.5357142857142857,0.22054481506347656
"1,0,0,1,1,0,0,0,0,1,0,1,1,0,1,1,0,1,1,1,1",0.4666666666666667,0.6,0.5015625,0.4375,0.5,0.4666666666666667,0.46875,0.23180103302001953
"1,1,1,1,0,0,0,1,0,1,0,0,1,1,0,1,1,0,0,0,1",0.5,0.6,0.5015625,0.0,0.0,0.0,0.46875,0.19911503791809082
"1,1,0,1,0,0,0,0,1,0,0,0,0,1,0,0,0,0,1,1,1",0.4666666666666667,0.6,0.5015625,0.4375,0.5,0.4666666666666667,0.46875,0.1758561134338379
"1,0,0,0,0,0,0,1,1,0,1,0,0,1,1,0,1,0,1,0,0",0.4666666666666667,0.6,0.5015625,0.4375,0.5,0.4666666666666667,0.46875,0.16843748092651367
"1,1,1,0,0,0,1,1,0,1,1,1,0,0,0,0,1,0,1,0,1",0.5,0.6,0.5015625,0.0,0.0,0.0,0.46875,0.19504570960998535
"0,1,0,1,0,0,1,1,0,0,0,1,1,0,1,0,1,1,0,0,0",0.5,0.6,0.5015625,0.0,0.0,0.0,0.46875,0.19543766975402832
"1,1,1,0,0,0,0,0,0,0,1,1,0,0,0,0,0,0,1,1,0",0.4666666666666667,0.6,0.5015625,0.4375,0.5,0.4666666666666667,0.46875,0.1729576587677002
"0,0,0,0,1,0,1,1,0,1,1,1,0,1,1,0,0,1,1,1,1",0.5,0.6,0.5015625,0.0,0.0,0.0,0.46875,0.22404813766479492
"1,0,1,1,0,0,0,1,0,0,1,1,0,0,1,0,0,0,0,0,0",0.4666666666666667,0.6,0.5015625,0.4375,0.5,0.4666666666666667,0.46875,0.17191505432128906
"0,1,0,0,0,1,0,1,0,0,0,0,0,0,0,1,0,1,0,1,0",0.4666666666666667,0.6,0.5015625,0.4375,0.5,0.4666666666666667,0.46875,0.17831134796142578
"0,0,1,0,0,0,0,1,0,1,0,0,0,1,0,0,1,0,1,1,0",0.4,0.8,0.5013392857142858,0.375,0.42857142857142855,0.4,0.4017857142857143,0.14331459999084473
"0,0,1,0,1,0,1,1,0,1,1,0,1,0,0,0,0,0,0,1,1",0.5333333333333333,0.5,0.5,0.0,0.0,0.0,0.5,0.1982738971710205
"0,1,0,1,0,0,1,0,0,0,1,0,1,0,0,1,1,1,0,0,0",0.5333333333333333,0.5,0.5,0.0,0.0,0.0,0.5,0.15878057479858398
"0,0,0,1,0,1,0,1,1,0,0,0,1,0,1,1,0,0,0,0,0",0.4666666666666667,0.5,0.5,0.4666666666666667,1.0,0.6363636363636364,0.5,0.15124750137329102
"1,0,1,0,0,1,0,0,1,1,1,1,1,0,1,1,1,1,0,1,0",0.4666666666666667,0.5,0.5,0.4666666666666667,1.0,0.6363636363636364,0.5,0.22325468063354492
"1,0,0,0,0,0,1,1,1,1,1,0,1,0,0,1,0,0,1,1,0",0.5333333333333333,0.5,0.5,0.0,0.0,0.0,0.5,0.22291898727416992
"1,1,1,0,0,1,0,1,0,1,0,1,1,0,1,0,0,0,1,1,0",0.5333333333333333,0.5,0.5,0.0,0.0,0.0,0.5,0.15754246711730957
"0,1,1,0,0,0,0,1,0,1,0,0,1,0,1,0,1,1,1,1,1",0.5333333333333333,0.5,0.5,0.0,0.0,0.0,0.5,0.2156836986541748
"1,0,0,0,0,1,1,1,1,1,0,0,0,1,0,0,1,0,0,1,1",0.4666666666666667,0.5,0.5,0.4666666666666667,1.0,0.6363636363636364,0.5,0.22343111038208008
"1,0,1,1,1,1,1,0,0,1,0,0,0,1,0,0,1,1,0,0,0",0.4666666666666667,0.5,0.5,0.4666666666666667,1.0,0.6363636363636364,0.5,0.16353964805603027
"0,0,0,1,1,0,0,0,1,1,1,1,1,1,1,0,1,0,0,0,0",0.5333333333333333,0.5,0.5,0.0,0.0,0.0,0.5,0.15213680267333984
"1,0,1,0,1,1,1,1,1,0,0,1,0,0,0,1,0,0,1,1,0",0.5333333333333333,0.5,0.5,0.0,0.0,0.0,0.5,0.20091533660888672
"1,1,0,1,1,1,0,0,0,0,1,1,1,0,1,1,0,0,0,1,0",0.4666666666666667,0.5,0.5,0.4666666666666667,1.0,0.6363636363636364,0.5,0.20095181465148926
"0,0,1,1,1,1,0,1,0,0,0,0,0,1,1,1,1,0,1,1,1",0.5333333333333333,0.5,0.5,0.0,0.0,0.0,0.5,0.21833586692810059
"1,1,0,0,1,0,0,1,1,0,1,0,0,0,0,0,1,1,1,1,1",0.5333333333333333,0.5,0.5,0.0,0.0,0.0,0.5,0.2048654556274414
"1,1,1,1,0,1,0,1,1,0,0,1,1,1,1,0,0,1,0,0,1",0.4666666666666667,0.5,0.5,0.4666666666666667,1.0,0.6363636363636364,0.5,0.21809864044189453
"1,1,0,0,1,1,1,0,1,0,0,1,1,1,0,0,1,0,0,1,1",0.5333333333333333,0.5,0.5,0.0,0.0,0.0,0.5,0.195906400680542
"1,0,0,1,1,0,0,0,1,1,0,1,0,0,0,1,1,1,0,0,0",0.5333333333333333,0.5,0.5,0.0,0.0,0.0,0.5,0.18416810035705566
"1,1,0,0,0,0,0,1,1,0,0,1,1,0,0,0,0,1,1,1,0",0.4666666666666667,0.5,0.5,0.4666666666666667,1.0,0.6363636363636364,0.5,0.2067635059356689
"0,0,1,0,1,0,0,1,0,1,0,0,0,0,1,0,0,1,1,1,1",0.5333333333333333,0.5,0.5,0.0,0.0,0.0,0.5,0.21336722373962402
"0,1,0,1,1,0,0,1,0,0,0,0,0,1,1,0,1,0,1,0,1",0.5333333333333333,0.5,0.5,0.0,0.0,0.0,0.5,0.2251729965209961
"0,1,0,1,1,1,1,1,1,0,0,1,0,0,0,1,0,0,1,1,0",0.5333333333333333,0.5,0.5,0.0,0.0,0.0,0.5,0.20007777214050293
"0,0,1,0,1,0,0,1,1,0,1,0,0,0,1,1,0,0,0,1,0",0.5333333333333333,0.5,0.5,0.0,0.0,0.0,0.5,0.1829543113708496
"1,1,1,1,0,1,0,0,1,0,1,0,0,1,1,0,1,0,1,0,1",0.4666666666666667,0.5,0.5,0.4666666666666667,1.0,0.6363636363636364,0.5,0.2077147960662841
"1,1,1,0,0,0,1,1,1,0,0,1,0,0,1,0,0,1,0,0,0",0.5333333333333333,0.5,0.5,0.0,0.0,0.0,0.5,0.16914725303649902
"1,1,1,1,1,0,1,1,0,1,0,1,1,1,1,1,1,1,1,1,0",0.5333333333333333,0.5,0.5,0.0,0.0,0.0,0.5,0.18900513648986816
"1,1,1,1,1,0,0,0,1,0,1,0,0,0,0,0,0,1,0,0,0",0.5333333333333333,0.5,0.5,0.0,0.0,0.0,0.5,0.17710399627685547
"0,1,0,1,1,0,0,1,0,0,0,0,0,0,0,1,0,0,1,1,1",0.5333333333333333,0.5,0.5,0.0,0.0,0.0,0.5,0.18575263023376465
"1,0,1,1,0,1,0,1,1,1,0,1,0,1,0,1,1,0,0,1,0",0.5333333333333333,0.5,0.5,0.0,0.0,0.0,0.5,0.21165943145751953
"1,0,0,1,1,0,0,0,0,0,0,1,1,0,0,1,1,1,0,0,0",0.5333333333333333,0.5,0.5,0.0,0.0,0.0,0.5,0.1545553207397461
"0,0,1,1,0,0,0,0,0,0,1,1,0,0,1,1,0,0,0,0,0",0.5333333333333333,0.5,0.5,0.0,0.0,0.0,0.5,0.17282915115356445
"0,0,0,0,0,1,0,0,1,1,0,0,0,1,0,1,1,1,0,1,0",0.4666666666666667,0.5,0.5,0.4666666666666667,1.0,0.6363636363636364,0.5,0.19080018997192383
"1,1,0,0,1,0,0,0,0,0,0,0,1,0,0,1,1,1,1,1,0",0.4666666666666667,0.5,0.5,0.4666666666666667,1.0,0.6363636363636364,0.5,0.20073795318603516
"1,1,1,1,0,1,0,0,0,0,0,1,1,1,1,0,1,1,1,0,0",0.4666666666666667,0.5,0.5,0.4666666666666667,1.0,0.6363636363636364,0.5,0.16298937797546387
"1,0,1,0,1,1,0,0,1,0,0,0,0,0,1,1,0,1,0,1,0",0.5333333333333333,0.5,0.5,0.0,0.0,0.0,0.5,0.19228553771972656
"0,0,0,0,1,1,0,0,1,0,0,0,1,1,1,0,0,0,1,0,0",0.4666666666666667,0.5,0.5,0.4666666666666667,1.0,0.6363636363636364,0.5,0.14867544174194336
"1,0,0,0,0,0,1,1,1,1,1,0,1,0,0,0,0,0,1,1,1",0.5333333333333333,0.5,0.5,0.0,0.0,0.0,0.5,0.2063131332397461
"1,1,0,1,0,1,0,0,0,0,0,0,1,1,0,1,0,0,1,1,0",0.5333333333333333,0.5,0.5,0.0,0.0,0.0,0.5,0.19592547416687012
"1,0,1,0,1,0,1,1,0,0,1,0,0,1,1,0,1,1,0,0,0",0.5,0.5,0.5,0.4666666666666667,0.5,0.4827586206896552,0.5,0.19034242630004883
"0,0,0,1,0,1,0,1,0,0,0,1,0,1,1,0,1,0,1,0,1",0.4666666666666667,0.5,0.5,0.4666666666666667,1.0,0.6363636363636364,0.5,0.19397783279418945
"1,0,1,0,0,0,0,1,0,0,0,0,0,0,1,1,1,0,0,1,0",0.5333333333333333,0.5,0.5,0.0,0.0,0.0,0.5,0.19449329376220703
"0,0,0,0,1,1,0,0,0,0,0,0,1,1,0,0,1,1,0,0,0",0.4666666666666667,0.5,0.5,0.4666666666666667,1.0,0.6363636363636364,0.5,0.1734013557434082
"0,0,0,0,0,0,1,1,0,0,0,0,0,0,1,1,0,0,1,1,0",0.4666666666666667,0.5,0.5,0.4666666666666667,1.0,0.6363636363636364,0.5,0.15625667572021484
"1,1,1,1,0,1,1,0,0,1,0,0,1,1,0,1,1,0,0,0,1",0.4666666666666667,0.5,0.5,0.4666666666666667,1.0,0.6363636363636364,0.5,0.20155882835388184
"1,0,0,0,1,0,0,0,1,1,0,1,1,0,0,1,1,1,0,0,0",0.5333333333333333,0.5,0.5,0.0,0.0,0.0,0.5,0.15851259231567383
"0,0,0,1,0,1,0,0,0,1,0,0,1,0,1,1,0,0,0,0,0",0.4666666666666667,0.5,0.5,0.4666666666666667,1.0,0.6363636363636364,0.5,0.17858052253723145
"0,1,1,1,0,0,1,0,1,0,0,1,1,1,1,1,0,0,1,1,0",0.4666666666666667,0.5,0.5,0.4666666666666667,1.0,0.6363636363636364,0.5,0.21259427070617676
"1,1,0,1,1,0,1,1,1,0,0,1,0,1,0,1,0,1,1,0,1",0.4666666666666667,0.5,0.5,0.4666666666666667,1.0,0.6363636363636364,0.5,0.21865105628967285
"1,1,0,0,0,0,0,0,1,1,1,0,1,0,1,0,1,1,1,1,1",0.5333333333333333,0.5,0.5,0.0,0.0,0.0,0.5,0.21490907669067383
"1,1,1,1,0,1,1,1,1,0,1,1,1,0,1,0,0,1,0,0,0",0.4666666666666667,0.5,0.5,0.4666666666666667,1.0,0.6363636363636364,0.5,0.1831965446472168
"0,1,1,0,0,1,1,1,1,0,0,0,0,0,1,1,0,0,1,1,1",0.5333333333333333,0.5,0.5,0.0,0.0,0.0,0.5,0.1851198673248291
"0,1,0,0,1,1,1,1,0,0,0,0,1,0,0,1,1,0,0,0,1",0.5333333333333333,0.5,0.5,0.0,0.0,0.0,0.5,0.1931169033050537
"1,0,1,1,1,1,0,0,0,1,0,0,0,0,0,1,0,1,1,0,0",0.4666666666666667,0.5,0.5,0.4666666666666667,1.0,0.6363636363636364,0.5,0.1477205753326416
"0,1,1,0,0,1,0,0,1,1,1,0,0,1,1,0,0,0,1,1,0",0.5333333333333333,0.5,0.5,0.0,0.0,0.0,0.5,0.15998387336730957
"1,1,0,1,1,1,0,0,0,0,0,1,0,1,1,1,0,1,0,0,0",0.4666666666666667,0.5,0.5,0.4666666666666667,1.0,0.6363636363636364,0.5,0.20150279998779297
"0,0,1,0,1,0,1,0,0,1,1,0,1,0,0,0,0,0,0,1,1",0.5333333333333333,0.5,0.5,0.0,0.0,0.0,0.5,0.20203757286071777
"0,1,0,1,0,1,1,0,0,1,0,0,1,1,1,0,0,0,1,0,1",0.5333333333333333,0.5,0.5,0.0,0.0,0.0,0.5,0.19881248474121094
"1,1,0,1,1,1,1,1,0,0,1,0,1,0,1,0,1,0,1,1,1",0.43333333333333335,0.7,0.4997767857142857,0.4,0.42857142857142855,0.41379310344827586,0.4330357142857143,0.20477533340454102
"0,0,0,1,1,0,0,0,1,1,0,0,0,1,1,0,1,1,0,1,0",0.36666666666666664,0.9,0.4995535714285715,0.3333333333333333,0.35714285714285715,0.3448275862068966,0.3660714285714286,0.22064900398254395
"1,1,0,1,1,1,0,0,0,1,1,0,1,1,1,0,0,0,0,1,0",0.43333333333333335,0.6,0.4982142857142857,0.4482758620689655,0.9285714285714286,0.6046511627906976,0.4642857142857143,0.20366430282592773
"0,0,0,1,1,0,1,1,0,1,1,0,1,0,0,0,0,0,1,1,1",0.4666666666666667,0.6,0.4982142857142857,0.42857142857142855,0.42857142857142855,0.42857142857142855,0.4642857142857143,0.20969390869140625
"1,1,1,1,1,1,1,1,1,0,0,0,0,1,0,0,1,0,1,0,1",0.43333333333333335,0.6,0.4982142857142857,0.4482758620689655,0.9285714285714286,0.6046511627906976,0.4642857142857143,0.2281482219696045
"0,0,0,1,0,0,0,0,1,1,1,1,0,1,0,0,0,1,0,0,0",0.4666666666666667,0.6,0.4982142857142857,0.42857142857142855,0.42857142857142855,0.42857142857142855,0.4642857142857143,0.17076921463012695
"0,0,0,1,0,1,1,0,1,0,0,0,0,0,0,0,1,0,1,1,0",0.43333333333333335,0.6,0.4982142857142857,0.4482758620689655,0.9285714285714286,0.6046511627906976,0.4642857142857143,0.16918230056762695
"0,0,0,1,0,1,1,1,1,1,0,1,0,0,0,0,0,0,1,1,0",0.43333333333333335,0.6,0.4982142857142857,0.4482758620689655,0.9285714285714286,0.6046511627906976,0.4642857142857143,0.17442655563354492
"0,1,1,0,1,0,1,0,0,1,0,0,1,1,1,1,1,0,1,1,1",0.4666666666666667,0.5,0.4966517857142857,0.4642857142857143,0.9285714285714286,0.6190476190476191,0.4955357142857143,0.2218339443206787
"1,1,1,1,1,1,1,1,0,1,0,0,1,1,1,0,1,1,1,1,1",0.4666666666666667,0.5,0.4966517857142857,0.4642857142857143,0.9285714285714286,0.6190476190476191,0.4955357142857143,0.2128145694732666
"1,1,1,1,1,1,1,0,0,0,0,1,1,0,0,0,1,0,0,0,1",0.4666666666666667,0.5,0.4966517857142857,0.4642857142857143,0.9285714285714286,0.6190476190476191,0.4955357142857143,0.20242738723754883
"1,1,1,1,1,0,0,1,0,0,0,1,0,1,0,1,1,0,0,0,1",0.5,0.5,0.4966517857142857,0.46153846153846156,0.42857142857142855,0.4444444444444444,0.4955357142857143,0.1871628761291504
"1,1,1,0,0,0,1,1,1,1,1,0,0,1,1,0,1,1,1,1,1",0.4666666666666667,0.5,0.4966517857142857,0.4642857142857143,0.9285714285714286,0.6190476190476191,0.4955357142857143,0.2020471096038818
"1,1,0,0,1,1,0,1,1,1,1,1,0,1,0,0,1,0,0,0,0",0.5,0.5,0.4966517857142857,0.46153846153846156,0.42857142857142855,0.4444444444444444,0.4955357142857143,0.19117522239685059
"1,0,0,1,1,1,1,1,0,0,1,0,0,0,0,0,1,0,0,0,0",0.5,0.5,0.4966517857142857,0.46153846153846156,0.42857142857142855,0.4444444444444444,0.4955357142857143,0.1620771884918213
"1,0,1,1,0,0,0,0,0,1,0,0,1,1,0,0,0,1,0,1,1",0.4666666666666667,0.5,0.4966517857142857,0.4642857142857143,0.9285714285714286,0.6190476190476191,0.4955357142857143,0.21048831939697266
"1,1,0,1,1,1,1,0,0,0,0,0,1,1,1,0,0,0,1,0,1",0.4666666666666667,0.5,0.4966517857142857,0.4642857142857143,0.9285714285714286,0.6190476190476191,0.4955357142857143,0.2081913948059082
"1,0,0,1,1,1,0,1,1,1,1,0,0,0,1,1,0,0,0,0,0",0.5,0.5,0.4966517857142857,0.46153846153846156,0.42857142857142855,0.4444444444444444,0.4955357142857143,0.17139244079589844
"1,0,0,1,1,1,0,1,1,0,1,1,1,1,1,0,1,0,1,0,0",0.5,0.5,0.4966517857142857,0.46153846153846156,0.42857142857142855,0.4444444444444444,0.4955357142857143,0.16818904876708984
"1,1,0,1,0,1,1,0,0,0,1,0,1,0,0,1,0,0,0,0,0",0.5,0.5,0.4966517857142857,0.46153846153846156,0.42857142857142855,0.4444444444444444,0.4955357142857143,0.17340993881225586
"0,1,0,1,1,1,0,0,0,0,0,0,0,1,1,0,0,0,0,0,0",0.5,0.5,0.4966517857142857,0.46153846153846156,0.42857142857142855,0.4444444444444444,0.4955357142857143,0.1483614444732666
"1,0,1,1,1,0,0,1,0,0,1,0,0,1,0,1,0,1,1,1,1",0.5,0.5,0.4966517857142857,0.46153846153846156,0.42857142857142855,0.4444444444444444,0.4955357142857143,0.21322154998779297
"0,1,0,0,0,0,0,1,0,1,1,0,0,0,1,1,1,1,0,1,0",0.5,0.5,0.4966517857142857,0.46153846153846156,0.42857142857142855,0.4444444444444444,0.4955357142857143,0.17458367347717285
"1,1,1,1,0,1,0,0,1,0,1,0,0,1,0,1,0,0,1,1,0",0.4666666666666667,0.5,0.4966517857142857,0.4642857142857143,0.9285714285714286,0.6190476190476191,0.4955357142857143,0.19498777389526367
"1,1,1,1,1,1,0,0,1,0,0,1,1,0,1,0,0,0,0,0,1",0.4666666666666667,0.5,0.4966517857142857,0.4642857142857143,0.9285714285714286,0.6190476190476191,0.4955357142857143,0.17627263069152832
"1,1,0,0,0,0,1,1,0,0,1,0,0,0,1,1,1,0,0,0,1",0.5,0.5,0.4966517857142857,0.46153846153846156,0.42857142857142855,0.4444444444444444,0.4955357142857143,0.19303488731384277
"0,0,0,0,0,1,0,0,0,0,1,0,0,1,0,0,0,1,1,0,1",0.43333333333333335,0.7,0.49642857142857144,0.38461538461538464,0.35714285714285715,0.37037037037037035,0.4285714285714286,0.23274469375610352
"1,0,1,0,1,0,1,0,0,0,0,1,1,1,1,0,0,1,1,0,0",0.5,0.4,0.4950892857142857,0.48148148148148145,0.9285714285714286,0.6341463414634146,0.5267857142857143,0.18846750259399414
"1,1,1,0,0,0,0,1,0,0,1,1,1,1,0,0,1,0,1,0,1",0.5333333333333333,0.4,0.4950892857142857,0.5,0.42857142857142855,0.46153846153846156,0.5267857142857143,0.2137138843536377
"1,0,0,1,0,0,1,1,0,1,0,0,0,0,0,1,1,1,1,1,0",0.5,0.4,0.4950892857142857,0.48148148148148145,0.9285714285714286,0.6341463414634146,0.5267857142857143,0.17648005485534668
"0,0,1,0,1,1,0,0,0,1,1,1,1,0,1,0,0,1,0,1,0",0.5,0.4,0.4950892857142857,0.48148148148148145,0.9285714285714286,0.6341463414634146,0.5267857142857143,0.18563032150268555
"1,0,0,0,0,1,1,1,0,0,0,0,1,1,0,1,1,0,0,1,1",0.5333333333333333,0.4,0.4950892857142857,0.5,0.42857142857142855,0.46153846153846156,0.5267857142857143,0.22686219215393066
"0,1,1,1,1,0,0,1,0,1,1,1,0,0,0,1,1,1,0,0,0",0.43333333333333335,0.6,0.4948660714285714,0.4444444444444444,0.8571428571428571,0.5853658536585366,0.45982142857142855,0.18825697898864746
"0,1,1,0,0,0,0,1,1,1,1,0,0,0,1,0,1,0,1,0,1",0.43333333333333335,0.6,0.4948660714285714,0.4444444444444444,0.8571428571428571,0.5853658536585366,0.45982142857142855,0.21133017539978027
"1,1,0,1,1,1,1,0,0,0,1,0,0,0,0,0,1,0,1,1,0",0.43333333333333335,0.6,0.4948660714285714,0.4444444444444444,0.8571428571428571,0.5853658536585366,0.45982142857142855,0.17750859260559082
"0,1,1,1,1,1,0,0,0,1,0,1,0,0,0,0,0,1,1,0,0",0.43333333333333335,0.6,0.4948660714285714,0.4444444444444444,0.8571428571428571,0.5853658536585366,0.45982142857142855,0.16540288925170898
"0,0,0,0,1,1,0,0,1,1,1,0,0,0,1,1,0,1,1,1,1",0.43333333333333335,0.6,0.4948660714285714,0.4444444444444444,0.8571428571428571,0.5853658536585366,0.45982142857142855,0.22742795944213867
"1,1,1,0,1,1,1,1,0,0,0,0,0,1,1,1,0,0,0,1,0",0.43333333333333335,0.6,0.4948660714285714,0.4444444444444444,0.8571428571428571,0.5853658536585366,0.45982142857142855,0.1911325454711914
"0,0,1,1,1,0,0,1,1,0,0,0,1,1,0,1,0,1,1,0,1",0.43333333333333335,0.6,0.4948660714285714,0.4444444444444444,0.8571428571428571,0.5853658536585366,0.45982142857142855,0.23445987701416016
"1,1,1,0,0,1,1,1,1,0,1,1,0,1,0,1,1,0,0,0,1",0.4666666666666667,0.6,0.4948660714285714,0.4166666666666667,0.35714285714285715,0.38461538461538464,0.4598214285714286,0.19694995880126953
"1,0,1,0,0,0,0,1,0,0,1,1,1,1,0,0,1,1,1,1,1",0.43333333333333335,0.6,0.4948660714285714,0.4444444444444444,0.8571428571428571,0.5853658536585366,0.45982142857142855,0.18343687057495117
"1,1,1,0,1,1,1,0,1,0,1,0,1,0,0,0,0,1,1,0,0",0.43333333333333335,0.6,0.4948660714285714,0.4444444444444444,0.8571428571428571,0.5853658536585366,0.45982142857142855,0.17396163940429688
"1,0,0,1,0,1,1,0,1,1,1,0,1,1,1,0,0,1,1,1,1",0.4666666666666667,0.6,0.4948660714285714,0.4166666666666667,0.35714285714285715,0.38461538461538464,0.4598214285714286,0.21498894691467285
"1,0,1,1,1,1,0,1,0,0,0,0,1,0,0,0,0,1,0,0,0",0.43333333333333335,0.6,0.4948660714285714,0.4444444444444444,0.8571428571428571,0.5853658536585366,0.45982142857142855,0.17817187309265137
"0,1,1,1,1,0,0,1,1,1,1,1,0,0,0,1,0,1,0,0,0",0.43333333333333335,0.6,0.4948660714285714,0.4444444444444444,0.8571428571428571,0.5853658536585366,0.45982142857142855,0.1645359992980957
"0,1,1,1,1,0,0,1,0,0,1,0,0,1,0,0,1,0,0,1,1",0.4,0.8,0.49464285714285716,0.3333333333333333,0.2857142857142857,0.3076923076923077,0.39285714285714285,0.20219969749450684
"0,1,0,1,0,1,0,1,1,1,0,0,1,1,0,0,0,1,1,1,0",0.5,0.5,0.49330357142857145,0.45454545454545453,0.35714285714285715,0.4,0.4910714285714286,0.22097182273864746
"0,1,1,1,1,0,1,0,0,0,1,0,0,0,1,0,0,1,0,0,1",0.5,0.5,0.49330357142857145,0.45454545454545453,0.35714285714285715,0.4,0.4910714285714286,0.20325517654418945
"1,0,0,1,0,0,0,0,0,1,1,1,0,1,1,1,0,0,0,1,1",0.4666666666666667,0.5,0.4933035714285714,0.46153846153846156,0.8571428571428571,0.6,0.49107142857142855,0.2010059356689453
"0,1,1,1,1,0,1,1,1,0,0,1,0,0,1,0,0,1,0,1,0",0.4666666666666667,0.5,0.4933035714285714,0.46153846153846156,0.8571428571428571,0.6,0.49107142857142855,0.21866941452026367
"0,1,0,0,0,0,1,0,0,1,0,0,0,1,1,0,1,0,1,0,0",0.4666666666666667,0.5,0.4933035714285714,0.46153846153846156,0.8571428571428571,0.6,0.49107142857142855,0.17681527137756348
"0,0,0,1,0,1,0,1,0,0,1,0,0,1,0,0,0,0,1,0,1",0.4666666666666667,0.5,0.4933035714285714,0.46153846153846156,0.8571428571428571,0.6,0.49107142857142855,0.20709562301635742
"1,0,0,0,1,0,0,0,1,1,1,0,1,0,1,0,1,1,0,0,1",0.4666666666666667,0.5,0.4933035714285714,0.46153846153846156,0.8571428571428571,0.6,0.49107142857142855,0.21677517890930176
"0,1,0,1,0,0,0,0,0,0,0,1,0,1,0,1,0,1,0,1,0",0.4666666666666667,0.5,0.4933035714285714,0.46153846153846156,0.8571428571428571,0.6,0.49107142857142855,0.21250438690185547
"0,0,0,0,0,1,1,1,1,0,0,0,0,0,0,1,1,1,1,1,1",0.4666666666666667,0.5,0.4933035714285714,0.4615384615384615,0.8571428571428571,0.6,0.4910714285714285,0.2102913856506347
"0,0,0,1,1,1,1,0,1,0,0,0,0,0,1,0,1,1,0,0,1",0.4666666666666667,0.5,0.4933035714285714,0.46153846153846156,0.8571428571428571,0.6,0.49107142857142855,0.18730640411376953
"0,1,1,1,0,0,1,0,0,1,1,1,1,0,0,0,0,1,0,0,1",0.4666666666666667,0.5,0.4933035714285714,0.46153846153846156,0.8571428571428571,0.6,0.49107142857142855,0.18336057662963867
"0,0,0,0,0,1,1,1,1,1,0,0,0,1,1,0,0,1,1,1,0",0.4666666666666667,0.5,0.4933035714285714,0.46153846153846156,0.8571428571428571,0.6,0.49107142857142855,0.2029573917388916
"0,0,1,0,0,1,1,0,0,1,0,0,0,0,0,0,0,1,0,1,0",0.4666666666666667,0.5,0.4933035714285714,0.46153846153846156,0.8571428571428571,0.6,0.49107142857142855,0.17328429222106934
"1,0,1,1,1,1,0,1,0,1,0,1,0,0,0,0,1,1,1,1,0",0.4,0.7,0.49308035714285714,0.4230769230769231,0.7857142857142857,0.55,0.42410714285714285,0.22502350807189941
"1,0,0,0,1,0,1,1,0,1,0,1,0,1,1,1,0,0,0,0,1",0.36666666666666664,0.9,0.4928571428571429,0.2727272727272727,0.21428571428571427,0.24,0.35714285714285715,0.20624160766601562
"1,1,0,0,1,0,0,1,1,1,1,0,0,1,0,1,1,1,0,1,1",0.5333333333333333,0.4,0.4917410714285715,0.5,0.3571428571428571,0.4166666666666667,0.5223214285714286,0.2223231792449951
"0,1,0,1,0,0,0,0,0,0,1,0,0,0,1,0,0,0,1,1,1",0.4666666666666667,0.6,0.4915178571428571,0.4,0.2857142857142857,0.3333333333333333,0.45535714285714285,0.18326473236083984
"0,0,0,0,1,1,0,0,1,0,1,0,0,1,1,0,1,0,0,0,1",0.43333333333333335,0.6,0.4915178571428571,0.44,0.7857142857142857,0.5641025641025641,0.45535714285714285,0.2328195571899414
"1,1,0,1,1,1,0,0,1,0,1,0,1,0,1,1,0,1,0,0,0",0.36666666666666664,0.8,0.49129464285714286,0.4,0.7142857142857143,0.5128205128205128,0.38839285714285715,0.1875319480895996
"1,1,1,1,0,1,0,0,1,0,1,0,0,1,0,0,0,1,1,1,1",0.36666666666666664,0.8,0.49129464285714286,0.4,0.7142857142857143,0.5128205128205128,0.38839285714285715,0.22029352188110352
"0,1,0,1,1,0,0,1,1,0,0,0,0,0,1,1,1,1,0,1,1",0.5666666666666667,0.3,0.49017857142857146,0.5555555555555556,0.35714285714285715,0.43478260869565216,0.5535714285714286,0.21077871322631836
"0,1,0,0,1,1,0,0,1,0,0,0,0,0,0,0,0,0,1,1,1",0.4666666666666667,0.5,0.48995535714285715,0.4583333333333333,0.7857142857142857,0.5789473684210527,0.48660714285714285,0.1931924819946289
"0,0,0,1,1,1,0,1,0,1,0,1,1,0,0,1,1,1,1,1,1",0.4666666666666667,0.5,0.48995535714285715,0.4583333333333333,0.7857142857142857,0.5789473684210527,0.48660714285714285,0.20788216590881348
"0,1,1,1,0,0,1,1,1,1,0,1,0,1,1,0,0,1,1,1,1",0.4666666666666667,0.5,0.48995535714285715,0.4583333333333333,0.7857142857142857,0.5789473684210527,0.48660714285714285,0.25305962562561035
"0,1,1,1,1,0,1,0,0,0,1,1,0,0,1,1,1,1,1,1,1",0.5,0.5,0.48995535714285715,0.4444444444444444,0.2857142857142857,0.34782608695652173,0.48660714285714285,0.21029305458068848
"0,1,1,1,1,1,1,1,1,1,0,0,1,0,1,0,0,0,0,1,1",0.5,0.5,0.48995535714285715,0.4444444444444444,0.2857142857142857,0.34782608695652173,0.48660714285714285,0.20553922653198242
"1,0,1,0,1,0,1,1,1,0,0,1,0,0,0,1,0,0,1,1,0",0.4666666666666667,0.5,0.48995535714285715,0.4583333333333333,0.7857142857142857,0.5789473684210527,0.48660714285714285,0.19989562034606934
"0,1,0,1,1,0,0,1,1,0,1,1,1,1,0,0,0,1,0,0,0",0.4666666666666667,0.5,0.48995535714285715,0.4583333333333333,0.7857142857142857,0.5789473684210527,0.48660714285714285,0.19402480125427246
"0,0,1,0,0,1,0,1,1,1,1,1,0,1,0,0,0,0,0,0,1",0.4666666666666667,0.5,0.48995535714285715,0.4583333333333333,0.7857142857142857,0.5789473684210527,0.48660714285714285,0.18035006523132324
"0,0,0,1,1,0,0,1,1,0,0,0,0,0,0,1,1,0,0,1,1",0.4666666666666667,0.5,0.48995535714285715,0.4583333333333333,0.7857142857142857,0.5789473684210527,0.48660714285714285,0.1953589916229248
"0,0,0,1,1,0,0,1,0,0,1,1,0,0,0,0,0,0,1,1,1",0.4666666666666667,0.5,0.48995535714285715,0.4583333333333333,0.7857142857142857,0.5789473684210527,0.48660714285714285,0.184586763381958
"1,0,1,1,1,1,1,1,1,1,0,0,1,0,0,1,0,1,0,0,1",0.4,0.7,0.48973214285714284,0.4166666666666667,0.7142857142857143,0.5263157894736842,0.41964285714285715,0.18140625953674316
"1,0,0,0,1,0,1,1,0,0,1,1,1,1,0,0,0,0,0,1,1",0.5333333333333333,0.4,0.4883928571428571,0.5,0.2857142857142857,0.36363636363636365,0.5178571428571428,0.18395161628723145
"0,1,1,0,0,0,0,0,0,1,1,1,0,1,0,1,0,1,1,1,1",0.43333333333333335,0.6,0.48816964285714287,0.43478260869565216,0.7142857142857143,0.5405405405405406,0.45089285714285715,0.21052265167236328
"0,1,0,0,0,1,0,1,0,0,0,0,1,0,1,1,0,1,0,0,0",0.43333333333333335,0.6,0.4881696428571428,0.43478260869565216,0.7142857142857143,0.5405405405405406,0.45089285714285715,0.1856555938720703
"0,0,1,0,0,0,0,1,0,0,0,0,1,1,1,1,0,1,0,0,0",0.4666666666666667,0.6,0.4881696428571428,0.375,0.21428571428571427,0.2727272727272727,0.45089285714285715,0.21354222297668457
"0,0,0,0,0,1,0,0,0,1,0,0,0,1,1,1,0,1,0,1,0",0.43333333333333335,0.6,0.4881696428571428,0.43478260869565216,0.7142857142857143,0.5405405405405406,0.45089285714285715,0.20581293106079102
"1,1,1,0,0,0,0,1,1,1,0,1,1,0,0,0,1,0,0,1,1",0.43333333333333335,0.6,0.4881696428571428,0.43478260869565216,0.7142857142857143,0.5405405405405406,0.45089285714285715,0.19856762886047363
"0,0,1,0,1,0,1,0,0,0,1,1,0,0,1,1,1,1,1,0,0",0.43333333333333335,0.6,0.4881696428571428,0.43478260869565216,0.7142857142857143,0.5405405405405406,0.45089285714285715,0.19250273704528809
"1,0,0,0,0,1,0,0,1,1,1,0,1,0,0,0,1,0,1,1,1",0.36666666666666664,0.8,0.4879464285714286,0.391304347826087,0.6428571428571429,0.4864864864864865,0.38392857142857145,0.21583127975463867
"1,0,1,0,1,1,1,0,0,0,0,0,0,0,1,1,0,0,0,0,0",0.5,0.5,0.48660714285714285,0.42857142857142855,0.21428571428571427,0.2857142857142857,0.48214285714285715,0.18209028244018555
"1,1,1,0,0,1,1,0,0,0,1,1,0,1,0,1,1,0,1,0,1",0.5,0.5,0.48660714285714285,0.42857142857142855,0.21428571428571427,0.2857142857142857,0.48214285714285715,0.19979500770568848
"0,0,1,0,1,1,1,1,0,0,0,0,0,0,0,1,0,0,1,1,0",0.4666666666666667,0.5,0.48660714285714285,0.45454545454545453,0.7142857142857143,0.5555555555555556,0.48214285714285715,0.177229642868042
"0,0,1,0,0,0,1,0,0,1,1,0,1,0,0,0,0,0,0,0,1",0.5,0.5,0.48660714285714285,0.42857142857142855,0.21428571428571427,0.2857142857142857,0.48214285714285715,0.17095446586608887
"0,1,0,1,1,1,0,0,1,0,1,0,0,1,1,1,1,1,0,0,1",0.5,0.5,0.48660714285714285,0.42857142857142855,0.21428571428571427,0.2857142857142857,0.48214285714285715,0.212357759475708
"1,0,1,1,0,1,1,1,0,0,0,1,1,0,1,1,0,0,0,0,0",0.5,0.5,0.48660714285714285,0.42857142857142855,0.21428571428571427,0.2857142857142857,0.48214285714285715,0.1723184585571289
"0,1,0,0,1,0,1,1,0,0,0,0,0,1,0,1,1,1,1,0,1",0.4666666666666667,0.5,0.48660714285714285,0.45454545454545453,0.7142857142857143,0.5555555555555556,0.48214285714285715,0.21926450729370117
"0,0,0,0,1,1,1,1,0,1,0,0,0,1,0,0,0,1,0,0,1",0.4666666666666667,0.5,0.48660714285714285,0.45454545454545453,0.7142857142857143,0.5555555555555556,0.48214285714285715,0.18821978569030762
"1,0,1,1,0,0,0,1,0,1,1,0,1,0,1,0,0,0,0,1,0",0.43333333333333335,0.7,0.48638392857142854,0.2857142857142857,0.14285714285714285,0.19047619047619047,0.4151785714285714,0.1947166919708252
"1,0,0,1,1,0,0,1,0,1,0,0,1,0,0,0,1,1,1,1,0",0.5,0.4,0.4850446428571429,0.47619047619047616,0.7142857142857143,0.5714285714285714,0.5133928571428572,0.22603583335876465
"0,1,0,1,0,0,1,0,0,1,1,1,1,1,0,1,1,1,1,0,1",0.5333333333333333,0.4,0.48504464285714277,0.5,0.21428571428571427,0.3,0.5133928571428571,0.20808744430541992
"0,1,0,1,0,1,1,0,0,1,1,1,1,1,1,1,0,1,1,1,1",0.43333333333333335,0.6,0.4848214285714286,0.42857142857142855,0.6428571428571429,0.5142857142857142,0.44642857142857145,0.24791574478149414
"0,0,0,0,1,1,1,1,0,1,1,1,0,0,1,0,0,1,0,0,1",0.43333333333333335,0.6,0.4848214285714286,0.42857142857142855,0.6428571428571429,0.5142857142857142,0.44642857142857145,0.1714179515838623
"1,0,0,0,0,1,1,1,0,0,0,1,1,1,0,0,0,0,1,0,1",0.4333333333333333,0.6,0.4848214285714286,0.4285714285714285,0.6428571428571429,0.5142857142857142,0.4464285714285714,0.2053532600402832
"1,1,1,0,0,0,1,0,0,1,0,1,1,1,1,1,0,1,0,0,0",0.4666666666666667,0.6,0.48482142857142857,0.3333333333333333,0.14285714285714285,0.2,0.4464285714285714,0.18564939498901367
"0,1,0,0,0,0,0,0,1,1,0,0,0,1,1,0,1,1,1,1,0",0.4666666666666667,0.6,0.48482142857142857,0.3333333333333333,0.14285714285714285,0.2,0.4464285714285714,0.20793581008911133
"0,1,1,1,0,1,1,0,0,0,1,0,0,1,1,0,0,1,0,0,0",0.4666666666666667,0.6,0.4848214285714285,0.3333333333333333,0.14285714285714285,0.2,0.4464285714285714,0.1824657917022705
"1,1,1,1,1,0,0,0,1,1,1,0,0,0,0,0,0,1,1,1,1",0.4666666666666667,0.6,0.4848214285714285,0.3333333333333333,0.14285714285714285,0.2,0.4464285714285714,0.20449328422546387
"1,0,1,0,1,0,0,1,0,1,0,0,1,0,0,0,1,1,1,1,0",0.4666666666666667,0.6,0.4848214285714285,0.3333333333333333,0.14285714285714285,0.2,0.4464285714285714,0.21021556854248047
"1,0,0,0,0,0,1,1,0,0,1,0,1,0,0,1,1,0,1,0,0",0.4666666666666667,0.5,0.4832589285714286,0.45,0.6428571428571429,0.5294117647058824,0.47767857142857145,0.15256071090698242
"1,0,0,0,1,0,0,1,0,0,1,1,0,0,0,0,0,0,1,0,0",0.4666666666666667,0.5,0.4832589285714286,0.45,0.6428571428571429,0.5294117647058824,0.47767857142857145,0.1565854549407959
"1,1,0,1,0,1,0,1,1,0,0,1,1,1,1,1,1,1,0,1,1",0.4666666666666667,0.5,0.4832589285714286,0.45,0.6428571428571429,0.5294117647058824,0.47767857142857145,0.20872807502746582
"1,0,1,1,0,1,1,0,0,1,0,0,1,0,1,0,1,0,0,0,1",0.4666666666666667,0.5,0.4832589285714286,0.45,0.6428571428571429,0.5294117647058824,0.47767857142857145,0.18233585357666016
"0,1,1,0,1,0,0,0,1,1,0,0,0,1,0,1,0,1,1,1,0",0.4666666666666667,0.5,0.4832589285714286,0.45,0.6428571428571429,0.5294117647058824,0.47767857142857145,0.19656872749328613
"1,0,0,0,0,1,0,0,0,0,0,0,1,1,1,0,0,1,0,1,1",0.4666666666666667,0.5,0.4832589285714286,0.45,0.6428571428571429,0.5294117647058824,0.47767857142857145,0.1857461929321289
"0,1,0,1,0,1,1,1,1,1,1,1,1,0,1,0,0,1,1,1,0",0.5,0.5,0.48325892857142855,0.4,0.14285714285714285,0.21052631578947367,0.4776785714285714,0.20697855949401855
"1,0,0,1,1,0,0,1,1,0,1,0,0,0,0,0,1,1,0,0,1",0.5,0.5,0.48325892857142855,0.4,0.14285714285714285,0.21052631578947367,0.4776785714285714,0.16970181465148926
"1,0,0,0,1,0,1,0,1,1,0,1,1,1,1,0,1,0,0,0,0",0.5,0.5,0.48325892857142855,0.4,0.14285714285714285,0.21052631578947367,0.4776785714285714,0.15953493118286133
"1,1,1,0,0,1,0,1,0,0,1,1,1,1,1,0,0,1,1,0,1",0.5,0.5,0.48325892857142855,0.4,0.14285714285714285,0.21052631578947367,0.4776785714285714,0.2158646583557129
"1,1,1,0,1,0,0,0,1,0,1,1,1,0,1,0,0,1,1,0,0",0.5,0.5,0.48325892857142855,0.4,0.14285714285714285,0.21052631578947367,0.4776785714285714,0.2143421173095703
"0,1,1,0,1,1,1,0,0,1,0,0,1,0,0,0,1,1,1,0,0",0.5,0.5,0.48325892857142855,0.4,0.14285714285714285,0.21052631578947367,0.4776785714285714,0.1700127124786377
"1,0,0,0,0,0,1,0,1,0,0,1,1,0,0,0,0,1,1,1,1",0.5,0.5,0.4832589285714285,0.4,0.1428571428571428,0.2105263157894736,0.4776785714285714,0.231818675994873
"1,0,0,1,0,0,1,0,0,0,1,1,1,0,0,1,1,1,0,0,0",0.4,0.7,0.4830357142857143,0.4,0.5714285714285714,0.47058823529411764,0.4107142857142857,0.1870405673980713
"0,0,1,1,0,1,1,1,0,0,0,0,1,0,1,0,1,1,0,0,0",0.43333333333333335,0.7,0.4830357142857143,0.2,0.07142857142857142,0.10526315789473684,0.4107142857142857,0.20373916625976562
"1,0,1,0,0,0,1,1,1,1,1,1,1,0,0,0,0,1,1,0,0",0.5333333333333333,0.4,0.4816964285714286,0.5,0.14285714285714285,0.2222222222222222,0.5089285714285714,0.18564724922180176
"1,1,1,1,1,0,0,1,0,1,0,0,0,0,1,1,1,1,0,1,1",0.43333333333333335,0.6,0.4814732142857143,0.42105263157894735,0.5714285714285714,0.48484848484848486,0.4419642857142857,0.21918320655822754
"0,1,0,1,1,0,1,0,0,0,1,1,0,0,1,1,1,0,0,0,1",0.43333333333333335,0.6,0.4814732142857143,0.42105263157894735,0.5714285714285714,0.48484848484848486,0.4419642857142857,0.2133784294128418
"0,1,0,0,1,0,1,0,0,1,1,1,0,1,1,1,1,0,0,0,1",0.4666666666666667,0.6,0.4814732142857143,0.25,0.07142857142857142,0.1111111111111111,0.4419642857142857,0.20828795433044434
"0,0,1,0,1,1,0,0,1,0,0,0,0,0,1,1,1,0,1,1,1",0.4666666666666667,0.6,0.4814732142857143,0.25,0.07142857142857142,0.1111111111111111,0.4419642857142857,0.23047423362731934
"0,1,0,1,0,1,1,1,0,0,1,1,0,0,0,1,1,1,0,1,1",0.4666666666666667,0.6,0.4814732142857143,0.25,0.07142857142857142,0.1111111111111111,0.4419642857142857,0.21506857872009277
"1,0,1,1,1,0,0,1,1,1,1,0,1,0,1,1,0,0,1,1,1",0.4666666666666667,0.6,0.4814732142857143,0.25,0.07142857142857142,0.1111111111111111,0.4419642857142857,0.2332322597503662
"0,0,0,1,0,1,1,0,0,1,1,0,0,1,0,1,1,1,1,1,1",0.43333333333333335,0.6,0.4814732142857143,0.42105263157894735,0.5714285714285714,0.48484848484848486,0.4419642857142857,0.2483680248260498
"0,1,1,1,1,0,0,1,0,0,0,0,0,0,0,1,0,1,0,0,1",0.4666666666666667,0.6,0.4814732142857143,0.25,0.07142857142857142,0.1111111111111111,0.4419642857142857,0.19385838508605957
"0,0,1,1,0,1,0,0,0,1,1,1,0,0,0,0,1,1,0,0,1",0.4666666666666667,0.6,0.4814732142857143,0.25,0.07142857142857142,0.1111111111111111,0.4419642857142857,0.17807888984680176
"1,1,1,1,1,0,1,0,0,0,0,0,0,1,1,0,0,0,1,1,0",0.4666666666666667,0.6,0.4814732142857143,0.25,0.07142857142857142,0.1111111111111111,0.4419642857142857,0.16735100746154785
"0,1,0,1,0,1,1,0,0,0,1,0,1,1,0,1,0,1,0,0,0",0.5333333333333333,0.3,0.48013392857142856,0.5,0.6428571428571429,0.5625,0.5401785714285714,0.17061972618103027
"0,0,1,1,0,1,1,1,1,0,1,0,0,0,0,1,0,0,0,0,1",0.5333333333333333,0.3,0.48013392857142856,0.5,0.6428571428571429,0.5625,0.5401785714285714,0.17462849617004395
"0,0,1,0,1,0,0,0,0,0,0,1,0,0,0,1,0,0,0,1,1",0.4666666666666667,0.5,0.4799107142857143,0.4444444444444444,0.5714285714285714,0.5,0.4732142857142857,0.20236849784851074
"0,1,0,0,0,1,1,1,0,1,1,0,1,0,1,1,1,0,1,0,1",0.4666666666666667,0.5,0.4799107142857143,0.4444444444444444,0.5714285714285714,0.5,0.4732142857142857,0.20551133155822754
"0,0,0,0,0,0,0,0,1,1,0,1,1,1,1,0,1,0,0,1,1",0.5,0.5,0.4799107142857143,0.3333333333333333,0.07142857142857142,0.11764705882352941,0.4732142857142857,0.19407391548156738
"0,1,1,1,1,0,0,1,0,1,0,1,0,1,1,1,0,0,1,1,0",0.43333333333333335,0.7,0.4796875,0.0,0.0,0.0,0.40625,0.21688556671142578
"1,1,1,1,1,0,1,0,0,0,1,1,1,1,0,0,1,0,0,0,1",0.5333333333333333,0.4,0.4783482142857143,0.5,0.07142857142857142,0.125,0.5044642857142857,0.19680142402648926
"0,1,1,1,0,1,0,1,1,1,0,1,1,1,0,0,1,0,0,1,1",0.5333333333333333,0.4,0.4783482142857143,0.5,0.07142857142857142,0.125,0.5044642857142857,0.22884488105773926
"1,0,1,0,1,1,1,0,0,1,1,0,0,0,1,1,1,0,1,1,0",0.43333333333333335,0.6,0.478125,0.4117647058823529,0.5,0.45161290322580644,0.4375,0.20526552200317383
"0,0,1,1,0,1,0,1,1,0,1,0,1,0,0,0,1,1,0,1,0",0.43333333333333335,0.6,0.478125,0.4117647058823529,0.5,0.45161290322580644,0.4375,0.20084238052368164
"0,1,0,0,0,1,1,1,0,0,1,1,1,0,0,0,0,0,1,1,1",0.43333333333333335,0.6,0.478125,0.4117647058823529,0.5,0.45161290322580644,0.4375,0.20428204536437988
"0,1,0,0,1,1,0,1,1,0,0,0,1,0,0,0,1,1,0,1,0",0.4666666666666667,0.6,0.478125,0.0,0.0,0.0,0.4375,0.18320727348327637
"1,0,0,0,0,0,1,1,1,1,1,0,1,0,0,1,0,0,0,0,1",0.4666666666666667,0.6,0.478125,0.0,0.0,0.0,0.4375,0.1655893325805664
"0,0,1,0,1,0,0,0,0,1,1,1,1,0,1,1,1,1,1,1,1",0.36666666666666664,0.8,0.4779017857142857,0.35294117647058826,0.42857142857142855,0.3870967741935484,0.3705357142857143,0.2053682804107666
"1,1,1,0,0,1,0,0,1,0,0,0,1,1,1,0,0,1,1,1,0",0.5,0.5,0.4765625,0.0,0.0,0.0,0.46875,0.20738625526428223
"0,1,1,1,0,1,0,0,1,0,1,0,1,0,0,1,0,0,0,1,0",0.5,0.5,0.4765625,0.0,0.0,0.0,0.46875,0.21137785911560059
"1,1,0,1,0,1,1,1,1,1,1,1,1,1,0,0,1,0,0,1,1",0.5,0.5,0.4765625,0.0,0.0,0.0,0.46875,0.1979527473449707
"1,1,0,0,1,0,0,0,1,1,1,1,1,0,0,1,0,0,0,1,1",0.5,0.5,0.4765625,0.0,0.0,0.0,0.46875,0.21187162399291992
"1,1,0,0,1,1,0,0,0,0,0,1,1,1,1,0,1,1,1,1,1",0.5,0.5,0.4765625,0.0,0.0,0.0,0.46875,0.19547295570373535
"0,1,0,0,1,0,1,1,0,1,1,1,0,0,1,1,0,1,0,0,0",0.5,0.5,0.4765625,0.0,0.0,0.0,0.46875,0.19359302520751953
"1,0,1,1,0,0,0,1,0,1,1,0,0,0,0,0,1,0,0,1,0",0.5,0.5,0.4765625,0.0,0.0,0.0,0.46875,0.17361855506896973
"0,1,1,0,0,1,1,1,1,0,1,1,1,0,0,0,0,0,1,0,1",0.4666666666666667,0.5,0.4765625,0.4375,0.5,0.4666666666666667,0.46875,0.172776460647583
"0,0,0,1,1,0,0,0,1,1,0,1,1,0,0,1,1,1,1,0,1",0.5,0.5,0.4765625,0.0,0.0,0.0,0.46875,0.23207736015319824
"1,0,0,0,0,0,1,1,1,1,1,0,1,1,1,0,1,0,1,0,0",0.5,0.5,0.4765625,0.0,0.0,0.0,0.46875,0.20609045028686523
"1,1,1,1,0,0,1,0,0,1,0,1,1,1,0,1,1,0,0,0,1",0.5,0.5,0.4765625,0.0,0.0,0.0,0.46875,0.20576238632202148
"0,0,1,1,0,0,0,1,0,1,0,1,1,0,0,0,1,1,0,0,1",0.5,0.5,0.4765625,0.0,0.0,0.0,0.46875,0.2093307971954345
"1,0,0,0,0,0,1,1,1,1,1,0,1,0,1,0,0,0,0,0,0",0.5,0.5,0.4765625,0.0,0.0,0.0,0.46875,0.18532514572143555
"0,1,0,0,0,0,0,1,0,1,1,0,0,0,0,1,1,1,1,0,0",0.4,0.7,0.4763392857142857,0.375,0.42857142857142855,0.4,0.4017857142857143,0.1730799674987793
"1,1,1,0,1,0,0,1,0,1,0,0,1,0,0,0,1,0,1,1,0",0.4,0.7,0.4763392857142857,0.375,0.42857142857142855,0.4,0.4017857142857143,0.17457938194274902
"0,0,1,0,0,0,1,0,0,1,1,0,1,0,1,1,0,0,0,0,0",0.4,0.7,0.4763392857142857,0.375,0.42857142857142855,0.4,0.4017857142857143,0.19893193244934082
"0,1,1,0,1,0,0,1,0,1,1,1,0,1,1,0,1,1,1,0,1",0.4,0.7,0.4763392857142857,0.375,0.42857142857142855,0.4,0.4017857142857143,0.234055757522583
"1,1,0,1,1,1,0,1,1,0,0,1,1,1,1,0,1,1,1,0,0",0.4666666666666667,0.4,0.475,0.4666666666666667,1.0,0.6363636363636364,0.5,0.18172097206115723
"0,1,1,1,0,1,1,0,1,1,1,0,0,0,1,1,1,0,0,0,0",0.5,0.4,0.475,0.4666666666666667,0.5,0.4827586206896552,0.5,0.17288637161254883
"0,0,1,0,1,0,1,1,1,1,1,0,1,1,0,1,0,1,1,1,0",0.36666666666666664,0.8,0.47455357142857146,0.3333333333333333,0.35714285714285715,0.3448275862068966,0.3660714285714286,0.20386695861816406
"1,0,0,1,0,0,0,1,1,1,1,1,0,0,1,0,0,0,1,1,1",0.4666666666666667,0.5,0.4732142857142857,0.42857142857142855,0.42857142857142855,0.42857142857142855,0.4642857142857143,0.20037460327148438
"0,1,1,1,1,0,1,0,0,0,0,0,1,1,1,1,0,1,1,1,0",0.43333333333333335,0.5,0.4732142857142857,0.4482758620689655,0.9285714285714286,0.6046511627906976,0.4642857142857143,0.2044074535369873
"1,0,0,1,0,0,1,1,0,0,0,0,0,0,1,1,1,0,1,0,1",0.4666666666666667,0.5,0.4732142857142857,0.42857142857142855,0.42857142857142855,0.42857142857142855,0.4642857142857143,0.2163090705871582
"0,1,0,1,0,1,0,1,1,0,0,1,0,0,1,1,1,1,1,0,0",0.4666666666666667,0.5,0.4732142857142857,0.42857142857142855,0.42857142857142855,0.42857142857142855,0.4642857142857143,0.18487238883972168
"0,1,1,1,1,0,1,0,0,0,0,0,1,0,1,1,0,0,1,0,0",0.43333333333333335,0.5,0.4732142857142857,0.4482758620689655,0.9285714285714286,0.6046511627906976,0.4642857142857143,0.16449189186096191
"1,1,1,0,1,1,0,1,0,1,1,1,0,1,0,1,0,0,0,1,0",0.43333333333333335,0.5,0.4732142857142857,0.4482758620689655,0.9285714285714286,0.6046511627906976,0.4642857142857143,0.2043018341064453
"0,1,0,1,0,0,1,0,0,0,0,0,1,1,0,1,1,1,0,0,1",0.43333333333333335,0.5,0.4732142857142857,0.4482758620689655,0.9285714285714286,0.6046511627906976,0.4642857142857143,0.23276019096374512
"0,0,0,0,1,1,1,0,1,1,0,0,0,1,0,0,1,1,0,0,1",0.43333333333333335,0.5,0.4732142857142857,0.4482758620689655,0.9285714285714286,0.6046511627906976,0.4642857142857143,0.1728827953338623
"0,1,0,1,1,0,1,0,0,0,1,1,0,0,1,1,1,0,1,1,0",0.4,0.7,0.47299107142857144,0.35714285714285715,0.35714285714285715,0.35714285714285715,0.3973214285714286,0.1965641975402832
"1,1,0,1,0,0,0,0,1,0,0,0,1,0,1,0,0,0,0,1,0",0.4,0.7,0.47299107142857144,0.35714285714285715,0.35714285714285715,0.35714285714285715,0.3973214285714286,0.1857774257659912
"0,1,1,0,1,1,0,1,1,1,0,0,1,0,1,0,1,0,1,1,0",0.5,0.4,0.4716517857142857,0.46153846153846156,0.42857142857142855,0.4444444444444444,0.4955357142857143,0.20198583602905273
"0,0,0,1,0,1,1,1,0,0,1,1,1,1,0,1,0,1,1,0,0",0.43333333333333335,0.6,0.4714285714285715,0.38461538461538464,0.35714285714285715,0.37037037037037035,0.4285714285714286,0.18047761917114258
"0,0,1,1,0,0,0,0,0,1,1,1,1,0,1,1,1,1,1,0,0",0.43333333333333335,0.6,0.4714285714285714,0.38461538461538464,0.35714285714285715,0.37037037037037035,0.4285714285714286,0.21835780143737793
"0,0,0,0,1,0,1,0,0,1,0,0,0,0,1,1,0,0,0,1,1",0.43333333333333335,0.6,0.4714285714285714,0.38461538461538464,0.35714285714285715,0.37037037037037035,0.4285714285714286,0.20801901817321777
"1,0,0,0,0,1,1,0,1,0,0,1,1,0,0,1,0,0,0,0,0",0.4,0.6,0.4714285714285714,0.42857142857142855,0.8571428571428571,0.5714285714285714,0.42857142857142855,0.14518189430236816
"0,0,0,0,0,1,1,1,1,1,0,1,1,1,1,0,0,1,0,0,1",0.43333333333333335,0.6,0.4714285714285714,0.38461538461538464,0.35714285714285715,0.37037037037037035,0.4285714285714286,0.1722104549407959
"0,1,0,0,0,1,0,0,0,1,0,0,1,0,0,1,1,0,0,0,0",0.4,0.6,0.4714285714285714,0.42857142857142855,0.8571428571428571,0.5714285714285714,0.42857142857142855,0.1381065845489502
"0,1,0,0,1,1,0,0,1,1,0,1,0,1,1,0,0,1,0,0,0",0.4,0.6,0.4714285714285714,0.42857142857142855,0.8571428571428571,0.5714285714285714,0.42857142857142855,0.1818253993988037
"1,1,0,1,0,0,0,0,0,1,0,1,1,0,0,0,0,1,1,1,1",0.4,0.6,0.4714285714285714,0.42857142857142855,0.8571428571428571,0.5714285714285714,0.42857142857142855,0.20173859596252441
"0,0,1,1,0,1,0,1,1,1,0,1,1,1,0,1,1,1,1,1,0",0.4666666666666667,0.5,0.46986607142857145,0.4166666666666667,0.35714285714285715,0.38461538461538464,0.4598214285714286,0.21460270881652832
"0,1,1,0,1,1,0,0,1,0,0,1,0,1,0,1,0,0,0,1,1",0.4666666666666667,0.5,0.46986607142857145,0.4166666666666667,0.35714285714285715,0.38461538461538464,0.4598214285714286,0.21828126907348633
"1,0,0,0,1,1,1,0,0,1,1,1,0,1,0,1,0,1,0,1,1",0.4666666666666667,0.5,0.46986607142857145,0.4166666666666667,0.35714285714285715,0.38461538461538464,0.4598214285714286,0.20148921012878418
"0,0,0,0,1,0,0,0,0,1,1,1,1,0,1,0,0,0,1,0,0",0.4666666666666667,0.5,0.46986607142857145,0.4166666666666667,0.35714285714285715,0.38461538461538464,0.4598214285714286,0.1576695442199707
"1,0,1,1,1,1,1,1,1,1,1,0,0,1,0,1,0,0,0,0,1",0.43333333333333335,0.5,0.4698660714285714,0.4444444444444444,0.8571428571428571,0.5853658536585366,0.45982142857142855,0.1795215606689453
"0,0,0,0,1,0,0,1,0,0,1,1,0,0,0,1,0,0,1,1,1",0.43333333333333335,0.5,0.4698660714285714,0.4444444444444444,0.8571428571428571,0.5853658536585366,0.45982142857142855,0.24561333656311035
"0,1,1,1,1,1,0,0,0,1,1,1,0,0,1,0,0,1,0,0,1",0.43333333333333335,0.5,0.4698660714285714,0.4444444444444444,0.8571428571428571,0.5853658536585366,0.45982142857142855,0.2090916633605957
"1,0,1,1,1,1,1,0,1,1,0,1,0,1,1,1,1,1,1,1,1",0.43333333333333335,0.5,0.4698660714285714,0.4444444444444444,0.8571428571428571,0.5853658536585366,0.45982142857142855,0.2249770164489746
"1,1,0,0,1,0,0,1,0,0,0,1,1,1,0,0,1,1,1,0,0",0.43333333333333335,0.5,0.4698660714285714,0.4444444444444444,0.8571428571428571,0.5853658536585366,0.45982142857142855,0.20234203338623047
"1,1,1,0,1,0,1,1,0,0,1,1,1,1,0,0,1,0,0,1,0",0.43333333333333335,0.5,0.4698660714285714,0.4444444444444444,0.8571428571428571,0.5853658536585366,0.45982142857142855,0.1905226707458496
"1,0,0,0,0,0,0,1,0,0,0,1,0,0,0,1,1,1,0,1,0",0.43333333333333335,0.5,0.4698660714285714,0.4444444444444444,0.8571428571428571,0.5853658536585366,0.45982142857142855,0.1875154972076416
"1,1,1,1,0,1,0,1,0,1,0,0,0,0,1,1,1,1,0,0,1",0.43333333333333335,0.5,0.4698660714285714,0.4444444444444444,0.8571428571428571,0.5853658536585366,0.45982142857142855,0.1965649127960205
"1,1,0,0,1,0,0,0,0,0,1,1,1,0,1,1,1,0,0,0,1",0.43333333333333335,0.5,0.4698660714285714,0.4444444444444444,0.8571428571428571,0.5853658536585366,0.45982142857142855,0.2039806842803955
"0,1,0,1,0,1,1,0,0,1,0,0,1,1,0,1,1,1,1,1,1",0.43333333333333335,0.5,0.4698660714285714,0.4444444444444444,0.8571428571428571,0.5853658536585366,0.45982142857142855,0.2567784786224365
"0,0,1,0,0,1,0,0,0,1,1,1,0,0,1,1,1,0,0,0,0",0.43333333333333335,0.5,0.4698660714285714,0.4444444444444444,0.8571428571428571,0.5853658536585366,0.45982142857142855,0.17394495010375977
"1,1,0,0,1,0,1,0,1,0,1,1,0,1,0,0,0,1,1,0,0",0.43333333333333335,0.5,0.4698660714285714,0.4444444444444444,0.8571428571428571,0.5853658536585366,0.45982142857142855,0.1856396198272705
"1,0,1,1,1,1,1,0,1,0,0,0,0,0,0,1,1,0,0,0,1",0.43333333333333335,0.5,0.4698660714285714,0.4444444444444444,0.8571428571428571,0.5853658536585366,0.45982142857142855,0.16459155082702637
"0,1,1,1,1,1,0,0,0,0,0,1,1,1,1,1,0,1,0,0,1",0.43333333333333335,0.5,0.4698660714285714,0.4444444444444444,0.8571428571428571,0.5853658536585366,0.45982142857142855,0.18463349342346191
"1,0,0,1,1,0,0,0,1,1,1,1,1,0,0,0,1,1,1,0,0",0.5,0.4,0.4683035714285715,0.45454545454545453,0.35714285714285715,0.4,0.4910714285714286,0.19466018676757812
"1,0,1,1,1,1,1,1,1,1,1,0,0,1,0,0,1,1,0,1,0",0.4,0.6,0.4680803571428572,0.4230769230769231,0.7857142857142857,0.55,0.42410714285714285,0.1997075080871582
"1,1,1,1,0,1,1,1,0,0,1,1,0,1,1,0,1,0,1,1,0",0.4,0.6,0.4680803571428572,0.4230769230769231,0.7857142857142857,0.55,0.42410714285714285,0.1952381134033203
"1,1,0,1,1,1,0,0,1,0,0,1,0,0,0,1,1,1,0,0,1",0.4,0.6,0.4680803571428572,0.4230769230769231,0.7857142857142857,0.55,0.42410714285714285,0.17197084426879883
"0,1,0,0,0,0,1,0,1,1,1,0,0,0,1,1,0,0,0,0,1",0.43333333333333335,0.6,0.4680803571428571,0.36363636363636365,0.2857142857142857,0.32,0.42410714285714285,0.16825032234191895
"0,1,0,1,1,0,1,1,1,0,0,1,0,0,0,1,0,0,1,1,0",0.43333333333333335,0.6,0.4680803571428571,0.36363636363636365,0.2857142857142857,0.32,0.42410714285714285,0.18840289115905762
"1,1,1,1,0,0,0,1,0,1,0,0,0,0,0,0,1,0,0,0,1",0.4,0.6,0.4680803571428571,0.4230769230769231,0.7857142857142857,0.55,0.42410714285714285,0.17641997337341309
"0,0,1,1,0,0,0,1,1,0,1,0,1,1,0,1,0,1,0,0,0",0.36666666666666664,0.8,0.46785714285714286,0.2727272727272727,0.21428571428571427,0.24,0.35714285714285715,0.16828536987304688
"0,0,1,0,1,0,0,0,0,0,1,1,0,0,1,0,1,0,0,1,1",0.36666666666666664,0.8,0.46785714285714286,0.2727272727272727,0.21428571428571427,0.24,0.35714285714285715,0.18368172645568848
"0,0,1,0,0,0,0,1,1,0,0,0,1,1,0,0,0,1,1,0,1",0.43333333333333335,0.5,0.46651785714285715,0.44,0.7857142857142857,0.5641025641025641,0.45535714285714285,0.21985340118408203
"1,0,0,1,0,0,0,1,1,0,1,0,1,0,0,0,1,1,1,0,1",0.43333333333333335,0.5,0.46651785714285715,0.44,0.7857142857142857,0.5641025641025641,0.45535714285714285,0.19703340530395508
"1,1,1,1,1,1,0,1,0,0,1,1,1,0,1,1,1,1,1,1,1",0.4666666666666667,0.5,0.46651785714285715,0.4,0.2857142857142857,0.3333333333333333,0.45535714285714285,0.24138855934143066
"1,0,0,1,1,0,0,0,1,1,0,1,1,1,0,0,1,0,0,1,1",0.4666666666666667,0.5,0.46651785714285715,0.4,0.2857142857142857,0.3333333333333333,0.45535714285714285,0.21781206130981445
"1,1,1,1,0,0,0,0,1,0,0,1,1,0,0,0,1,1,1,0,0",0.4,0.7,0.46629464285714284,0.3,0.21428571428571427,0.25,0.38839285714285715,0.18683528900146484
"1,1,1,1,0,0,0,0,1,1,0,1,0,0,0,0,0,1,1,0,0",0.4,0.7,0.46629464285714284,0.3,0.21428571428571427,0.25,0.38839285714285715,0.1713254451751709
"0,0,1,0,1,0,0,1,0,1,0,0,1,0,0,0,1,1,1,1,0",0.4,0.7,0.46629464285714284,0.3,0.21428571428571427,0.25,0.38839285714285715,0.17940258979797363
"0,0,0,1,1,1,1,0,1,1,1,0,0,1,1,0,0,1,0,0,1",0.4,0.7,0.46629464285714284,0.3,0.21428571428571427,0.25,0.38839285714285715,0.22115135192871094
"0,1,1,1,0,0,1,0,0,1,0,0,1,1,0,0,1,0,0,1,1",0.4,0.7,0.46629464285714284,0.3,0.21428571428571427,0.25,0.38839285714285715,0.23669981956481934
"1,1,1,0,1,0,1,1,0,1,0,0,1,0,1,1,1,0,1,1,0",0.43333333333333335,0.6,0.46473214285714287,0.3333333333333333,0.21428571428571427,0.2608695652173913,0.41964285714285715,0.18821930885314941
"1,1,1,0,0,0,0,1,1,0,0,0,1,1,0,0,0,0,1,0,1",0.43333333333333335,0.6,0.4647321428571428,0.3333333333333333,0.21428571428571427,0.2608695652173913,0.41964285714285715,0.20276498794555664
"0,0,0,0,1,0,1,0,1,1,1,0,0,1,0,1,0,0,1,1,1",0.43333333333333335,0.6,0.4647321428571428,0.3333333333333333,0.21428571428571427,0.2608695652173913,0.41964285714285715,0.20982909202575684
"1,1,0,0,1,1,1,0,1,0,1,0,1,0,1,1,1,1,1,1,1",0.4,0.6,0.4647321428571428,0.4166666666666667,0.7142857142857143,0.5263157894736842,0.41964285714285715,0.21506023406982422
"0,0,0,1,1,1,1,1,0,0,1,1,0,0,0,0,0,0,1,1,1",0.5333333333333333,0.3,0.4633928571428571,0.5,0.2857142857142857,0.36363636363636365,0.5178571428571428,0.16741108894348145
"0,0,1,1,0,1,1,0,1,0,1,1,1,1,1,1,1,1,1,0,0",0.43333333333333335,0.5,0.46316964285714285,0.43478260869565216,0.7142857142857143,0.5405405405405406,0.45089285714285715,0.18990015983581543
"1,1,0,0,1,0,1,1,0,0,0,0,0,0,0,1,1,1,1,0,0",0.43333333333333335,0.5,0.46316964285714285,0.43478260869565216,0.7142857142857143,0.5405405405405406,0.45089285714285715,0.16357159614562988
"1,0,1,0,1,0,0,1,0,1,0,0,0,1,1,0,1,1,0,0,1",0.43333333333333335,0.5,0.46316964285714285,0.43478260869565216,0.7142857142857143,0.5405405405405406,0.45089285714285715,0.21645402908325195
"0,1,0,1,0,0,0,1,0,1,0,0,0,0,0,0,0,1,0,1,0",0.4666666666666667,0.5,0.46316964285714285,0.375,0.21428571428571427,0.2727272727272727,0.45089285714285715,0.16319656372070312
"1,1,0,0,1,0,0,0,1,1,1,1,0,1,0,0,0,0,0,1,0",0.4666666666666667,0.5,0.46316964285714285,0.375,0.21428571428571427,0.2727272727272727,0.45089285714285715,0.19296669960021973
"1,1,0,0,1,0,0,1,0,0,1,0,0,1,0,0,1,1,0,0,0",0.4666666666666667,0.5,0.46316964285714285,0.375,0.21428571428571427,0.2727272727272727,0.45089285714285715,0.1574563980102539
"1,0,0,0,1,0,1,1,0,1,0,0,0,0,0,1,0,1,1,0,0",0.43333333333333335,0.5,0.46316964285714285,0.43478260869565216,0.7142857142857143,0.5405405405405406,0.45089285714285715,0.16518759727478027
"1,0,0,1,1,0,1,1,0,1,0,1,1,0,1,0,1,0,1,0,0",0.43333333333333335,0.5,0.46316964285714285,0.43478260869565216,0.7142857142857143,0.5405405405405406,0.45089285714285715,0.1913449764251709
"1,0,0,0,1,0,0,1,1,0,0,1,0,0,0,0,0,0,0,1,0",0.43333333333333335,0.5,0.46316964285714285,0.43478260869565216,0.7142857142857143,0.5405405405405406,0.45089285714285715,0.15977001190185547
"1,1,0,1,0,0,0,1,1,1,1,0,0,1,0,0,0,1,1,1,1",0.4666666666666667,0.5,0.46316964285714285,0.375,0.21428571428571427,0.2727272727272727,0.45089285714285715,0.21509313583374023
"1,0,1,1,0,0,0,0,0,1,0,0,1,0,0,0,0,1,0,1,0",0.36666666666666664,0.7,0.4629464285714286,0.391304347826087,0.6428571428571429,0.4864864864864865,0.38392857142857145,0.20287680625915527
"1,1,1,1,0,1,0,0,0,1,0,0,0,1,0,0,1,0,0,1,1",0.36666666666666664,0.7,0.4629464285714286,0.391304347826087,0.6428571428571429,0.4864864864864865,0.38392857142857145,0.20353436470031738
"0,1,1,0,0,0,0,0,0,1,1,0,0,1,1,1,0,0,0,1,1",0.3,0.9,0.4627232142857143,0.34782608695652173,0.5714285714285714,0.43243243243243246,0.3169642857142857,0.21958231925964355
"1,0,0,0,1,0,1,0,0,0,0,1,0,1,1,0,1,0,0,0,0",0.4,0.6,0.4613839285714286,0.4090909090909091,0.6428571428571429,0.5,0.41517857142857145,0.16446661949157715
"0,1,1,1,0,0,0,1,1,0,1,1,1,1,1,0,0,0,0,1,0",0.4,0.6,0.4613839285714286,0.4090909090909091,0.6428571428571429,0.5,0.41517857142857145,0.17653965950012207
"1,0,1,0,0,1,1,0,0,0,1,1,0,1,0,1,1,0,0,0,1",0.4,0.6,0.4613839285714286,0.4090909090909091,0.6428571428571429,0.5,0.41517857142857145,0.19634294509887695
"1,0,1,0,0,0,1,0,1,0,0,0,1,0,1,0,0,0,0,0,0",0.4,0.6,0.4613839285714286,0.4090909090909091,0.6428571428571429,0.5,0.41517857142857145,0.15892243385314941
"0,1,0,0,0,1,1,1,1,1,1,1,0,0,0,0,1,1,0,0,0",0.5333333333333333,0.3,0.4600446428571428,0.5,0.21428571428571427,0.3,0.5133928571428571,0.19565081596374512
"1,0,1,1,0,1,1,1,0,0,1,0,1,0,1,0,1,1,0,1,0",0.43333333333333335,0.5,0.4598214285714286,0.42857142857142855,0.6428571428571429,0.5142857142857142,0.44642857142857145,0.20659732818603516
"1,1,1,1,0,0,1,0,0,1,0,0,1,0,0,1,0,1,1,1,1",0.43333333333333335,0.5,0.4598214285714286,0.42857142857142855,0.6428571428571429,0.5142857142857142,0.44642857142857145,0.19711923599243164
"1,0,1,0,1,0,0,0,0,1,1,1,1,0,0,1,1,0,0,0,1",0.4666666666666667,0.5,0.45982142857142855,0.3333333333333333,0.14285714285714285,0.2,0.4464285714285714,0.21181273460388184
"1,0,0,1,1,1,1,1,1,1,0,1,1,1,1,0,0,0,0,0,1",0.4666666666666667,0.5,0.45982142857142855,0.3333333333333333,0.14285714285714285,0.2,0.4464285714285714,0.18465709686279297
"1,1,0,0,1,0,0,1,1,1,1,1,0,0,1,0,0,0,0,0,1",0.4666666666666667,0.5,0.45982142857142855,0.3333333333333333,0.14285714285714285,0.2,0.4464285714285714,0.20770549774169922
"1,1,1,1,0,0,0,0,0,1,1,0,0,1,1,1,1,0,0,1,1",0.5,0.4,0.4582589285714286,0.4,0.14285714285714285,0.21052631578947367,0.4776785714285714,0.21272802352905273
"1,0,1,1,0,0,1,1,0,0,0,0,1,0,1,0,0,1,0,1,0",0.43333333333333335,0.6,0.4580357142857143,0.2,0.07142857142857142,0.10526315789473684,0.4107142857142857,0.19455385208129883
"1,0,0,1,1,1,0,1,0,1,0,1,0,1,1,1,1,1,1,1,1",0.43333333333333335,0.6,0.4580357142857143,0.2,0.07142857142857142,0.10526315789473684,0.4107142857142857,0.23332810401916504
"0,0,1,1,1,0,0,1,1,1,0,1,0,1,0,1,0,1,1,1,1",0.43333333333333335,0.6,0.4580357142857143,0.2,0.07142857142857142,0.10526315789473684,0.4107142857142857,0.22324395179748535
"1,0,0,0,1,0,1,1,0,0,0,0,0,0,0,1,1,1,1,1,1",0.4,0.6,0.4580357142857143,0.4,0.5714285714285714,0.47058823529411764,0.4107142857142857,0.17960333824157715
"1,1,1,1,1,0,0,1,0,0,0,0,0,0,0,1,0,0,1,1,1",0.4,0.6,0.4580357142857143,0.4,0.5714285714285714,0.47058823529411764,0.4107142857142857,0.1959991455078125
"1,0,1,0,0,0,0,0,1,0,1,1,0,0,1,0,0,0,0,0,1",0.43333333333333335,0.5,0.4564732142857143,0.42105263157894735,0.5714285714285714,0.48484848484848486,0.4419642857142857,0.18767285346984863
"0,0,0,1,1,1,1,0,0,1,1,1,0,0,0,0,1,1,0,0,1",0.4666666666666667,0.5,0.4564732142857143,0.25,0.07142857142857142,0.1111111111111111,0.4419642857142857,0.18125033378601074
"1,0,1,1,1,0,1,0,0,0,1,0,1,1,0,0,1,1,1,1,0",0.4666666666666667,0.5,0.4564732142857143,0.25,0.07142857142857142,0.1111111111111111,0.4419642857142857,0.1837608814239502
"0,0,0,0,0,0,1,1,1,1,0,1,0,0,0,0,0,1,1,1,1",0.4666666666666667,0.5,0.4564732142857143,0.25,0.07142857142857142,0.1111111111111111,0.4419642857142857,0.21264934539794922
"1,1,1,0,0,0,0,1,0,1,1,0,1,0,0,0,0,0,0,1,1",0.4666666666666667,0.5,0.4564732142857143,0.25,0.07142857142857142,0.1111111111111111,0.4419642857142857,0.1989450454711914
"0,0,1,1,1,1,1,0,1,0,0,1,0,1,0,0,0,1,0,1,1",0.4666666666666667,0.5,0.4564732142857143,0.25,0.07142857142857142,0.1111111111111111,0.4419642857142857,0.20575237274169922
"0,0,1,1,0,0,1,1,1,1,0,0,1,1,0,0,0,0,1,0,1",0.4666666666666667,0.5,0.4564732142857143,0.25,0.07142857142857142,0.1111111111111111,0.4419642857142857,0.20069026947021484
"1,1,1,0,0,0,0,0,0,1,1,0,1,0,0,0,0,0,0,1,1",0.4666666666666667,0.5,0.4564732142857143,0.25,0.07142857142857142,0.1111111111111111,0.4419642857142857,0.20488905906677246
"1,1,0,0,0,1,0,0,0,1,1,0,1,0,0,1,1,0,0,1,0",0.43333333333333335,0.5,0.4564732142857143,0.42105263157894735,0.5714285714285714,0.48484848484848486,0.4419642857142857,0.19008088111877441
"0,1,0,1,0,0,1,0,0,0,1,1,1,1,0,0,0,0,1,1,0",0.4,0.7,0.45625,0.0,0.0,0.0,0.375,0.1863398551940918
"1,1,1,1,0,0,0,0,0,1,0,1,1,1,0,1,1,1,1,0,1",0.36666666666666664,0.7,0.45625,0.3684210526315789,0.5,0.42424242424242425,0.375,0.1926555633544922
"1,0,0,0,1,0,0,1,0,1,0,0,1,0,0,0,1,1,1,1,0",0.5,0.4,0.4549107142857143,0.3333333333333333,0.07142857142857142,0.11764705882352941,0.4732142857142857,0.183457612991333
"0,0,1,1,1,0,0,0,1,0,0,1,0,1,1,1,1,1,0,1,0",0.5,0.4,0.4549107142857143,0.3333333333333333,0.07142857142857142,0.11764705882352941,0.4732142857142857,0.21610379219055176
"0,0,1,0,1,1,1,1,1,0,0,1,0,0,0,1,0,1,0,0,1",0.43333333333333335,0.6,0.4546875,0.0,0.0,0.0,0.40625,0.22797203063964844
"0,1,0,1,1,0,1,0,0,0,1,1,0,0,1,0,0,0,1,0,1",0.4,0.6,0.4546875,0.3888888888888889,0.5,0.4375,0.40625,0.22303533554077148
"1,1,1,0,0,0,0,1,0,0,1,1,0,0,0,1,1,1,0,0,1",0.43333333333333335,0.5,0.453125,0.4117647058823529,0.5,0.45161290322580644,0.4375,0.17857146263122559
"0,1,0,0,1,0,0,1,0,0,1,0,0,1,1,0,0,0,1,1,0",0.4666666666666667,0.5,0.453125,0.0,0.0,0.0,0.4375,0.19641542434692383
"0,0,1,1,1,1,0,1,1,1,0,0,1,0,0,1,0,0,1,0,1",0.4666666666666667,0.5,0.453125,0.0,0.0,0.0,0.4375,0.22070741653442383
"0,1,0,1,1,1,0,1,0,1,1,0,1,0,0,1,0,1,1,1,0",0.4666666666666667,0.5,0.453125,0.0,0.0,0.0,0.4375,0.1981489658355713
"0,0,1,0,1,1,1,1,0,0,0,1,1,0,0,0,0,0,0,1,1",0.4666666666666667,0.5,0.453125,0.0,0.0,0.0,0.4375,0.21869254112243652
"0,0,0,1,1,0,0,0,1,1,0,1,1,1,1,1,1,1,1,1,1",0.36666666666666664,0.7,0.4529017857142857,0.35294117647058826,0.42857142857142855,0.3870967741935484,0.3705357142857143,0.24759244918823242
"0,0,0,0,1,0,0,1,0,0,0,1,0,0,1,1,1,0,1,1,0",0.4,0.6,0.4513392857142857,0.375,0.42857142857142855,0.4,0.4017857142857143,0.1703803539276123
"0,1,1,0,0,0,0,1,0,1,0,1,0,0,1,0,1,1,1,0,1",0.4,0.6,0.4513392857142857,0.375,0.42857142857142855,0.4,0.4017857142857143,0.20674371719360352
"1,0,0,0,0,1,1,0,0,0,1,1,0,0,0,1,1,0,1,1,0",0.5,0.3,0.45,0.4666666666666667,0.5,0.4827586206896552,0.5,0.17409658432006836
"1,0,0,0,0,0,1,0,0,0,1,1,0,0,1,1,1,1,1,1,1",0.43333333333333335,0.5,0.4497767857142857,0.4,0.42857142857142855,0.41379310344827586,0.4330357142857143,0.2047119140625
"1,0,0,1,1,0,0,0,0,0,1,1,0,0,1,1,1,1,1,1,1",0.4,0.6,0.4479910714285714,0.35714285714285715,0.35714285714285715,0.35714285714285715,0.3973214285714286,0.19977545738220215
"0,0,0,1,1,0,0,0,1,1,0,1,1,1,0,1,0,0,1,1,0",0.4,0.6,0.4479910714285714,0.35714285714285715,0.35714285714285715,0.35714285714285715,0.3973214285714286,0.20338702201843262
"0,1,0,1,1,0,0,0,1,0,1,1,1,1,1,0,0,1,0,0,0",0.3333333333333333,0.8,0.44776785714285716,0.2857142857142857,0.2857142857142857,0.2857142857142857,0.33035714285714285,0.20655131340026855
"0,0,1,0,0,1,1,1,1,0,0,1,0,0,0,1,0,0,1,1,0",0.43333333333333335,0.5,0.44642857142857145,0.38461538461538464,0.35714285714285715,0.37037037037037035,0.4285714285714286,0.1925675868988037
"0,0,0,1,1,0,0,0,1,1,0,1,1,0,1,1,1,1,0,1,1",0.43333333333333335,0.5,0.44642857142857145,0.38461538461538464,0.35714285714285715,0.37037037037037035,0.4285714285714286,0.21056127548217773
"0,0,1,0,0,0,0,0,0,0,0,0,1,1,1,1,0,1,0,0,0",0.43333333333333335,0.5,0.44642857142857145,0.38461538461538464,0.35714285714285715,0.37037037037037035,0.4285714285714286,0.17610788345336914
"1,1,1,0,1,1,1,0,1,0,1,0,1,1,1,0,0,1,0,0,0",0.4,0.5,0.4464285714285714,0.42857142857142855,0.8571428571428571,0.5714285714285714,0.42857142857142855,0.1967487335205078
"0,0,1,0,0,1,0,0,0,1,1,0,1,0,1,0,0,0,1,1,1",0.4,0.5,0.4464285714285714,0.42857142857142855,0.8571428571428571,0.5714285714285714,0.42857142857142855,0.20464468002319336
"0,0,1,0,0,1,0,0,0,1,1,1,0,1,1,0,1,0,1,1,1",0.4,0.5,0.4464285714285714,0.42857142857142855,0.8571428571428571,0.5714285714285714,0.42857142857142855,0.20608043670654297
"1,0,0,0,0,0,0,0,1,0,1,1,0,1,1,1,0,1,1,0,0",0.4,0.5,0.4464285714285714,0.42857142857142855,0.8571428571428571,0.5714285714285714,0.42857142857142855,0.17662453651428223
"1,1,1,0,1,1,0,1,0,1,1,1,0,1,0,1,0,1,1,0,0",0.4,0.5,0.4464285714285714,0.42857142857142855,0.8571428571428571,0.5714285714285714,0.42857142857142855,0.18790507316589355
"1,1,0,1,1,1,1,0,1,1,1,0,0,1,1,0,1,1,0,1,0",0.4,0.5,0.4464285714285714,0.42857142857142855,0.8571428571428571,0.5714285714285714,0.42857142857142855,0.19694137573242188
"1,1,1,1,0,1,0,0,1,1,1,0,1,1,1,1,1,1,1,0,0",0.4,0.5,0.4464285714285714,0.42857142857142855,0.8571428571428571,0.5714285714285714,0.42857142857142855,0.19171643257141113
"1,1,1,0,1,1,1,0,1,1,1,0,0,1,0,0,1,0,0,1,1",0.36666666666666664,0.7,0.44620535714285714,0.3076923076923077,0.2857142857142857,0.2962962962962963,0.36160714285714285,0.21211814880371094
"0,0,1,0,1,0,0,0,0,1,0,1,1,0,1,0,0,1,1,1,0",0.36666666666666664,0.7,0.44620535714285714,0.3076923076923077,0.2857142857142857,0.2962962962962963,0.36160714285714285,0.19056034088134766
"0,0,0,1,1,1,0,1,0,1,1,0,0,0,1,0,1,0,0,1,0",0.43333333333333335,0.4,0.4448660714285714,0.4444444444444444,0.8571428571428571,0.5853658536585366,0.45982142857142855,0.2020435333251953
"1,1,1,1,0,0,1,0,1,0,1,0,1,1,1,0,0,1,1,0,0",0.4,0.6,0.4446428571428572,0.3333333333333333,0.2857142857142857,0.3076923076923077,0.39285714285714285,0.16801881790161133
"1,0,0,0,0,0,1,0,1,1,0,0,0,0,1,1,1,1,0,0,1",0.4,0.6,0.4446428571428571,0.3333333333333333,0.2857142857142857,0.3076923076923077,0.39285714285714285,0.18637299537658691
"1,0,0,0,0,1,0,0,1,1,1,1,0,0,1,1,1,1,1,0,0",0.36666666666666664,0.6,0.4446428571428571,0.4074074074074074,0.7857142857142857,0.5365853658536586,0.39285714285714285,0.18769145011901855
"0,0,0,0,1,1,1,1,1,0,1,0,0,1,0,1,0,0,0,1,0",0.43333333333333335,0.5,0.44308035714285715,0.36363636363636365,0.2857142857142857,0.32,0.42410714285714285,0.19488883018493652
"1,0,1,1,1,1,1,0,0,0,0,0,1,1,1,1,1,0,1,0,0",0.4,0.5,0.44308035714285715,0.4230769230769231,0.7857142857142857,0.55,0.42410714285714285,0.17738771438598633
"1,0,0,1,0,0,0,0,0,0,0,1,0,0,1,1,1,1,1,0,1",0.4,0.5,0.44308035714285715,0.4230769230769231,0.7857142857142857,0.55,0.42410714285714285,0.20223093032836914
"1,0,1,1,1,1,1,1,1,0,0,0,1,0,1,0,0,0,0,0,0",0.4,0.5,0.44308035714285715,0.4230769230769231,0.7857142857142857,0.55,0.42410714285714285,0.19591045379638672
"1,1,0,1,1,1,1,1,0,0,0,0,1,0,0,1,1,1,1,0,0",0.4,0.5,0.44308035714285715,0.4230769230769231,0.7857142857142857,0.55,0.42410714285714285,0.16071414947509766
"1,1,1,1,0,0,1,0,1,0,1,0,1,0,1,1,1,0,1,0,0",0.43333333333333335,0.5,0.44308035714285715,0.36363636363636365,0.2857142857142857,0.32,0.42410714285714285,0.1849677562713623
"0,0,1,0,0,0,1,0,0,1,1,0,0,0,1,0,1,0,1,0,1",0.36666666666666664,0.7,0.44285714285714284,0.2727272727272727,0.21428571428571427,0.24,0.35714285714285715,0.21815752983093262
"1,1,0,1,0,1,0,0,0,1,1,0,1,0,1,1,1,0,1,1,1",0.4666666666666667,0.4,0.4415178571428572,0.4,0.2857142857142857,0.3333333333333333,0.45535714285714285,0.19895648956298828
"0,1,0,1,0,1,1,0,1,0,0,0,1,1,0,0,0,1,0,1,0",0.5,0.3,0.43995535714285716,0.4444444444444444,0.2857142857142857,0.34782608695652173,0.48660714285714285,0.18418502807617188
"0,1,0,0,0,0,1,0,0,0,0,1,1,1,1,0,1,0,0,0,1",0.4,0.5,0.43973214285714285,0.4166666666666667,0.7142857142857143,0.5263157894736842,0.41964285714285715,0.20088744163513184
"0,0,1,0,1,1,1,0,0,0,1,1,0,0,1,1,1,1,1,1,1",0.4,0.5,0.43973214285714285,0.4166666666666667,0.7142857142857143,0.5263157894736842,0.41964285714285715,0.20994019508361816
"0,0,1,0,0,1,1,0,1,1,0,0,0,0,0,1,0,0,1,1,1",0.4,0.5,0.43973214285714285,0.4166666666666667,0.7142857142857143,0.5263157894736842,0.41964285714285715,0.18523192405700684
"0,0,0,0,0,0,0,1,0,1,0,0,1,0,0,0,1,1,1,1,0",0.4666666666666667,0.4,0.4381696428571429,0.375,0.21428571428571427,0.2727272727272727,0.45089285714285715,0.20498442649841309
"0,0,1,0,1,0,0,1,0,0,0,0,0,0,0,1,0,0,1,1,1",0.4666666666666667,0.4,0.4381696428571429,0.375,0.21428571428571427,0.2727272727272727,0.45089285714285715,0.18993520736694336
"0,1,0,0,1,1,0,0,1,1,0,1,0,1,0,0,1,0,0,1,1",0.4,0.6,0.4379464285714285,0.25,0.14285714285714285,0.18181818181818182,0.3839285714285714,0.1996781826019287
"1,1,0,0,1,0,0,0,0,1,0,1,1,1,1,0,0,0,1,0,1",0.43333333333333335,0.5,0.43638392857142855,0.2857142857142857,0.14285714285714285,0.19047619047619047,0.4151785714285714,0.18982648849487305
"0,0,0,0,1,1,0,0,0,1,1,0,1,1,1,1,0,1,0,0,0",0.36666666666666664,0.6,0.4345982142857143,0.38095238095238093,0.5714285714285714,0.45714285714285713,0.3794642857142857,0.18265485763549805
"0,1,0,1,1,0,1,0,0,0,1,1,0,0,0,1,0,1,0,0,0",0.4,0.6,0.4345982142857143,0.16666666666666666,0.07142857142857142,0.1,0.3794642857142857,0.18412399291992188
"1,0,0,1,0,1,0,0,1,1,1,0,1,1,1,1,0,0,0,1,1",0.36666666666666664,0.6,0.4345982142857143,0.38095238095238093,0.5714285714285714,0.45714285714285713,0.3794642857142857,0.22554945945739746
"0,1,1,1,1,1,1,1,1,0,0,1,0,0,1,0,1,0,0,1,0",0.36666666666666664,0.6,0.4345982142857143,0.38095238095238093,0.5714285714285714,0.45714285714285713,0.3794642857142857,0.16358351707458496
"1,0,1,0,1,1,1,1,1,1,1,1,1,0,0,1,0,0,1,1,0",0.43333333333333335,0.5,0.4330357142857143,0.2,0.07142857142857142,0.10526315789473684,0.4107142857142857,0.205047607421875
"0,0,0,1,1,1,1,0,1,1,1,1,1,0,0,1,0,1,0,1,0",0.43333333333333335,0.5,0.4330357142857143,0.2,0.07142857142857142,0.10526315789473684,0.4107142857142857,0.2060096263885498
"1,0,1,1,1,0,1,0,1,0,1,1,0,0,1,0,0,1,1,0,1",0.43333333333333335,0.5,0.4330357142857143,0.2,0.07142857142857142,0.10526315789473684,0.4107142857142857,0.21883034706115723
"0,0,0,1,1,1,1,0,1,1,1,0,0,1,0,0,1,0,1,1,1",0.43333333333333335,0.5,0.4330357142857143,0.2,0.07142857142857142,0.10526315789473684,0.4107142857142857,0.23547959327697754
"0,0,0,1,1,0,1,1,1,1,0,1,1,1,0,1,0,1,0,1,1",0.4,0.5,0.4330357142857143,0.4,0.5714285714285714,0.47058823529411764,0.4107142857142857,0.20667290687561035
"1,0,0,0,1,0,0,0,1,1,0,1,1,1,1,0,1,1,1,1,0",0.43333333333333335,0.4,0.4314732142857143,0.42105263157894735,0.5714285714285714,0.48484848484848486,0.4419642857142857,0.2237539291381836
"0,1,1,1,0,1,0,1,0,1,1,0,0,1,1,1,1,1,1,1,0",0.36666666666666664,0.6,0.43125,0.3684210526315789,0.5,0.42424242424242425,0.375,0.2076425552368164
"0,0,1,0,1,1,1,1,1,0,0,1,0,0,0,1,0,1,0,0,0",0.4,0.6,0.43125,0.0,0.0,0.0,0.375,0.194122314453125
"0,0,0,1,1,1,1,0,1,0,0,0,1,0,0,0,1,0,0,1,0",0.4,0.6,0.43125,0.0,0.0,0.0,0.375,0.2012629508972168
"1,0,1,0,0,0,0,0,1,0,1,1,0,0,0,0,1,1,1,1,0",0.43333333333333335,0.5,0.4296875,0.0,0.0,0.0,0.40625,0.18845129013061523
"0,0,0,0,0,1,1,1,0,0,0,1,0,1,0,1,0,1,1,0,0",0.4,0.5,0.4296875,0.3888888888888889,0.5,0.4375,0.40625,0.18304157257080078
"0,0,1,0,1,1,1,0,1,0,1,1,0,1,0,0,1,0,1,1,1",0.43333333333333335,0.5,0.4296875,0.0,0.0,0.0,0.40625,0.22845149040222168
"0,0,1,1,0,1,1,1,1,0,1,1,1,0,1,0,1,0,1,1,0",0.36666666666666664,0.6,0.4279017857142857,0.35294117647058826,0.42857142857142855,0.3870967741935484,0.3705357142857143,0.17821335792541504
"1,0,0,1,0,0,1,0,0,0,1,1,1,0,1,1,0,1,0,1,1",0.36666666666666664,0.6,0.4279017857142857,0.35294117647058826,0.42857142857142855,0.3870967741935484,0.3705357142857143,0.1951749324798584
"0,1,1,1,0,0,1,1,1,0,0,0,0,0,1,1,1,1,1,0,1",0.4,0.5,0.4263392857142857,0.375,0.42857142857142855,0.4,0.4017857142857143,0.24283194541931152
"1,0,0,1,1,0,0,0,0,1,0,1,0,1,0,0,1,0,1,1,1",0.4,0.5,0.4263392857142857,0.375,0.42857142857142855,0.4,0.4017857142857143,0.22726964950561523
"1,1,1,1,1,1,1,1,0,0,1,0,1,0,0,0,0,1,1,1,1",0.3333333333333333,0.7,0.42611607142857144,0.3125,0.35714285714285715,0.3333333333333333,0.3348214285714286,0.21109485626220703
"0,1,0,0,0,0,0,0,0,0,1,0,1,1,0,1,0,0,0,0,0",0.36666666666666664,0.6,0.4245535714285715,0.3333333333333333,0.35714285714285715,0.3448275862068966,0.3660714285714286,0.16088581085205078
"1,1,1,0,1,0,0,1,0,1,0,0,1,0,0,0,1,0,1,1,1",0.43333333333333335,0.4,0.4214285714285715,0.38461538461538464,0.35714285714285715,0.37037037037037035,0.4285714285714286,0.2063736915588379
"1,0,0,0,1,1,1,1,1,0,1,1,1,0,0,0,1,0,0,1,1",0.36666666666666664,0.5,0.41964285714285715,0.4074074074074074,0.7857142857142857,0.5365853658536586,0.39285714285714285,0.2093980312347412
"0,1,0,1,1,1,0,0,0,0,1,0,1,1,1,0,0,1,1,1,1",0.36666666666666664,0.5,0.41964285714285715,0.4074074074074074,0.7857142857142857,0.5365853658536586,0.39285714285714285,0.22746539115905762
"1,1,1,0,1,1,1,1,1,1,1,1,0,0,1,0,0,1,0,1,0",0.36666666666666664,0.5,0.41964285714285715,0.4074074074074074,0.7857142857142857,0.5365853658536586,0.39285714285714285,0.2028942108154297
"0,1,0,0,0,1,1,1,0,0,0,1,0,0,1,0,1,1,1,1,1",0.4,0.4,0.4180803571428572,0.4230769230769231,0.7857142857142857,0.55,0.42410714285714285,0.22949004173278809
"1,0,1,1,1,0,0,1,1,0,0,0,1,1,1,0,1,1,0,1,1",0.3333333333333333,0.6,0.4178571428571428,0.38461538461538464,0.7142857142857143,0.5,0.35714285714285715,0.2075486183166504
"0,0,1,0,1,0,0,1,1,0,0,1,0,0,0,1,0,0,1,1,0",0.4,0.5,0.41629464285714285,0.3,0.21428571428571427,0.25,0.38839285714285715,0.22759175300598145
"0,1,1,1,1,1,0,1,0,1,0,1,0,0,0,0,1,0,0,0,0",0.36666666666666664,0.5,0.41629464285714285,0.4,0.7142857142857143,0.5128205128205128,0.38839285714285715,0.15762066841125488
"1,0,1,1,1,1,0,0,0,0,0,1,1,1,0,0,0,1,0,1,0",0.36666666666666664,0.5,0.41629464285714285,0.4,0.7142857142857143,0.5128205128205128,0.38839285714285715,0.18928241729736328
"0,1,1,1,1,1,1,1,1,1,0,0,1,0,0,1,1,0,1,0,0",0.36666666666666664,0.5,0.41629464285714285,0.4,0.7142857142857143,0.5128205128205128,0.38839285714285715,0.17829275131225586
"1,1,0,1,1,1,1,0,1,0,0,0,0,1,0,0,0,0,1,0,0",0.36666666666666664,0.5,0.41629464285714285,0.4,0.7142857142857143,0.5128205128205128,0.38839285714285715,0.14581012725830078
"1,1,0,1,1,1,1,1,1,1,0,1,0,0,0,0,1,0,1,0,0",0.3666666666666666,0.5,0.4162946428571428,0.4,0.7142857142857143,0.5128205128205128,0.3883928571428571,0.1800692081451416
"0,0,1,1,0,0,1,1,1,0,1,0,0,1,1,1,0,0,1,0,0",0.4,0.4,0.4147321428571429,0.4166666666666667,0.7142857142857143,0.5263157894736842,0.41964285714285715,0.15745019912719727
"0,1,1,0,0,0,1,1,1,0,1,1,0,1,1,1,1,1,0,1,1",0.36666666666666664,0.6,0.41450892857142857,0.2222222222222222,0.14285714285714285,0.17391304347826086,0.3526785714285714,0.22642946243286133
"1,0,0,1,0,0,0,0,0,1,1,0,1,0,1,0,1,1,0,1,0",0.36666666666666664,0.5,0.4129464285714286,0.391304347826087,0.6428571428571429,0.4864864864864865,0.38392857142857145,0.20994973182678223
"0,1,0,1,0,0,1,0,1,0,0,1,1,1,0,1,1,1,1,0,0",0.36666666666666664,0.5,0.4129464285714286,0.391304347826087,0.6428571428571429,0.4864864864864865,0.38392857142857145,0.17491745948791504
"1,0,0,1,1,0,0,1,0,0,1,1,1,0,0,1,1,0,0,0,1",0.36666666666666664,0.6,0.4078125,0.0,0.0,0.0,0.34375,0.20168423652648926
"0,1,1,0,1,0,0,0,0,0,1,1,0,0,1,1,1,0,0,0,0",0.3333333333333333,0.6,0.4078125,0.35,0.5,0.4117647058823529,0.34375,0.1737043857574463
"0,1,1,1,1,0,0,1,0,0,0,0,0,0,0,1,0,0,1,0,1",0.4,0.4,0.4046875,0.3888888888888889,0.5,0.4375,0.40625,0.211714506149292
"0,1,0,1,0,0,0,0,0,1,1,0,0,1,0,1,0,0,1,1,0",0.4,0.4,0.4046875,0.3888888888888889,0.5,0.4375,0.40625,0.17766523361206055
"0,0,0,0,0,0,0,0,1,1,0,1,1,1,1,0,1,0,0,0,0",0.43333333333333335,0.3,0.3997767857142857,0.4,0.42857142857142855,0.41379310344827586,0.4330357142857143,0.1424577236175537
"1,0,1,0,0,0,0,0,0,0,0,1,0,1,1,0,1,0,0,0,0",0.43333333333333335,0.3,0.3997767857142857,0.4,0.42857142857142855,0.41379310344827586,0.4330357142857143,0.1482219696044922
"0,0,0,1,0,0,0,0,1,0,0,0,0,1,1,1,1,0,1,0,0",0.43333333333333335,0.3,0.3997767857142857,0.4,0.42857142857142855,0.41379310344827586,0.4330357142857143,0.14713311195373535
"0,0,0,1,1,0,1,0,0,1,1,0,0,1,0,0,0,0,0,0,0",0.43333333333333335,0.3,0.3997767857142857,0.4,0.42857142857142855,0.41379310344827586,0.4330357142857143,0.13375544548034668
"0,0,0,1,1,0,1,0,1,0,1,1,0,1,0,0,0,0,1,0,0",0.43333333333333335,0.3,0.3997767857142857,0.4,0.42857142857142855,0.41379310344827586,0.4330357142857143,0.14606070518493652
"0,1,1,1,0,0,0,0,0,0,0,1,1,0,0,0,0,0,0,1,1",0.36666666666666664,0.5,0.39955357142857145,0.3333333333333333,0.35714285714285715,0.3448275862068966,0.3660714285714286,0.17009711265563965
"0,1,0,0,0,0,0,1,1,0,1,0,1,0,1,1,0,1,0,0,0",0.4,0.4,0.3979910714285715,0.35714285714285715,0.35714285714285715,0.35714285714285715,0.3973214285714286,0.1778569221496582
"0,0,0,0,0,1,1,1,0,1,0,1,0,1,1,1,1,1,0,0,0",0.36666666666666664,0.5,0.39620535714285715,0.3076923076923077,0.2857142857142857,0.2962962962962963,0.36160714285714285,0.18627047538757324
"0,1,1,1,1,1,0,1,0,1,0,0,0,0,0,0,0,1,0,1,0",0.36666666666666664,0.4,0.3912946428571429,0.4,0.7142857142857143,0.5128205128205128,0.38839285714285715,0.19384193420410156
"1,0,0,1,0,0,1,1,1,1,1,0,0,1,0,0,0,0,0,1,0",0.36666666666666664,0.4,0.3912946428571429,0.4,0.7142857142857143,0.5128205128205128,0.38839285714285715,0.1886746883392334
"0,1,1,1,1,1,0,1,0,1,0,0,0,0,0,0,1,1,0,1,0",0.36666666666666664,0.4,0.3912946428571429,0.4,0.7142857142857143,0.5128205128205128,0.38839285714285715,0.18535876274108887
"0,1,1,1,0,0,0,0,0,1,0,1,1,1,1,0,0,1,0,0,0",0.36666666666666664,0.4,0.3912946428571429,0.4,0.7142857142857143,0.5128205128205128,0.38839285714285715,0.18603062629699707
"0,0,1,0,1,1,1,0,0,1,0,1,1,1,1,0,0,0,1,0,1",0.36666666666666664,0.5,0.3861607142857143,0.14285714285714285,0.07142857142857142,0.09523809523809523,0.3482142857142857,0.1968693733215332
"1,1,1,1,1,1,0,0,1,0,0,1,0,1,0,0,1,0,1,0,0",0.3333333333333333,0.5,0.3861607142857143,0.36363636363636365,0.5714285714285714,0.4444444444444444,0.3482142857142857,0.1464073657989502
"0,0,0,1,1,0,0,1,1,1,1,0,0,1,1,0,0,0,0,1,0",0.36666666666666664,0.4,0.3779017857142857,0.35294117647058826,0.42857142857142855,0.3870967741935484,0.3705357142857143,0.19828295707702637
"0,0,0,1,1,0,1,0,0,1,1,0,1,0,0,0,0,0,0,1,1",0.4,0.2,0.34464285714285714,0.3333333333333333,0.2857142857142857,0.3076923076923077,0.39285714285714285,0.2127840518951416
"1,0,0,0,1,0,1,0,1,0,1,1,0,0,1,0,0,1,1,1,1",0.36666666666666664,0.3,0.33950892857142856,0.2222222222222222,0.14285714285714285,0.17391304347826086,0.3526785714285714,0.2268977165222168
"1,1,0,1,0,0,0,0,0,1,0,1,1,0,0,1,0,0,0,0,0",0.0,0.0,0.0,0.0,0.0,0.0,0.0,0.0
"0,1,1,0,1,0,0,1,1,0,0,1,0,0,0,0,0,0,0,0,0",0.0,0.0,0.0,0.0,0.0,0.0,0.0,0.0
"1,0,0,1,0,0,1,0,1,0,0,1,0,1,0,0,0,0,1,0,0",0.0,0.0,0.0,0.0,0.0,0.0,0.0,0.0
"1,1,1,1,1,0,1,0,1,0,0,0,0,0,0,0,1,0,1,0,0",0.0,0.0,0.0,0.0,0.0,0.0,0.0,0.0
"0,0,1,1,0,0,0,1,0,1,0,1,1,1,0,0,0,0,0,0,0",0.0,0.0,0.0,0.0,0.0,0.0,0.0,0.0
"1,1,1,0,1,0,0,1,0,1,0,0,1,0,0,0,1,0,0,0,0",0.0,0.0,0.0,0.0,0.0,0.0,0.0,0.0
"0,1,0,1,0,0,0,0,0,0,0,1,0,1,0,0,1,0,0,0,0",0.0,0.0,0.0,0.0,0.0,0.0,0.0,0.0
"0,0,0,0,1,0,1,0,1,1,0,0,0,1,0,1,1,0,0,0,0",0.0,0.0,0.0,0.0,0.0,0.0,0.0,0.0
"1,0,1,0,0,0,1,0,0,1,0,1,1,0,0,0,0,0,1,0,0",0.0,0.0,0.0,0.0,0.0,0.0,0.0,0.0
"1,1,1,0,1,0,0,1,0,1,0,0,0,0,0,0,1,0,0,0,0",0.0,0.0,0.0,0.0,0.0,0.0,0.0,0.0
"1,1,1,1,1,0,0,1,0,0,0,0,0,1,0,0,0,0,1,0,0",0.0,0.0,0.0,0.0,0.0,0.0,0.0,0.0
"0,1,1,0,0,0,1,0,1,1,0,0,0,0,0,1,0,0,1,0,0",0.0,0.0,0.0,0.0,0.0,0.0,0.0,0.0
"1,1,1,0,1,0,1,1,0,0,0,1,0,1,0,0,1,0,0,0,0",0.0,0.0,0.0,0.0,0.0,0.0,0.0,0.0
"1,1,1,1,0,0,0,1,1,1,0,0,1,0,0,1,0,0,1,0,0",0.0,0.0,0.0,0.0,0.0,0.0,0.0,0.0
"1,1,0,0,0,0,1,1,0,1,0,0,1,1,0,0,1,0,0,0,0",0.0,0.0,0.0,0.0,0.0,0.0,0.0,0.0
"1,0,1,0,0,0,0,1,0,0,0,1,0,1,0,0,0,0,1,0,0",0.0,0.0,0.0,0.0,0.0,0.0,0.0,0.0
"0,1,1,1,1,0,0,1,1,0,0,1,0,0,0,1,0,0,1,0,0",0.0,0.0,0.0,0.0,0.0,0.0,0.0,0.0
"1,0,0,0,1,0,1,0,0,0,0,0,1,1,0,0,1,0,1,0,0",0.0,0.0,0.0,0.0,0.0,0.0,0.0,0.0
"1,1,1,0,1,0,0,1,0,1,0,0,1,0,0,0,1,0,1,0,0",0.0,0.0,0.0,0.0,0.0,0.0,0.0,0.0
"0,0,0,1,1,0,0,0,0,0,0,1,1,0,0,1,1,0,0,0,0",0.0,0.0,0.0,0.0,0.0,0.0,0.0,0.0
