encoding,test accuracy,training accuracy,combined accuracy,test precision,test recall,test fscore,test auc,training time
"1,0,1,0,0,0,0,1,0,0,0,1,0,1,0,0,0,0,1,0,1",0.6666666666666666,0.9,0.7339285714285714,0.6,0.8571428571428571,0.7058823529411765,0.6785714285714286,0.1770765781402588
"1,1,1,0,1,0,0,1,0,1,0,0,1,0,0,0,1,1,1,1,0",0.6,0.9,0.69375,0.5384615384615384,1.0,0.7,0.625,0.1943950653076172
"0,0,0,0,0,1,1,0,0,1,1,1,0,0,0,0,1,1,0,0,1",0.6666666666666666,0.7,0.6872767857142856,0.5909090909090909,0.9285714285714286,0.7222222222222222,0.6830357142857143,0.17383408546447754
"0,0,1,0,1,1,1,1,1,0,0,1,0,0,0,1,1,0,1,0,1",0.6,0.9,0.6736607142857143,0.5714285714285714,0.5714285714285714,0.5714285714285714,0.5982142857142857,0.2081453800201416
"0,0,0,1,1,0,0,0,1,1,0,1,1,1,1,0,1,0,0,1,1",0.6333333333333333,0.8,0.6720982142857144,0.6153846153846154,0.5714285714285714,0.5925925925925926,0.6294642857142857,0.2194194793701172
"0,0,1,0,1,1,1,1,1,0,0,1,0,0,0,1,0,0,1,1,0",0.6333333333333333,0.8,0.66875,0.6363636363636364,0.5,0.56,0.625,0.1988525390625
"0,0,1,0,1,1,1,1,1,1,0,1,0,0,0,1,1,0,1,1,0",0.6333333333333333,0.8,0.66875,0.6363636363636364,0.5,0.56,0.625,0.20751547813415527
"0,0,1,0,1,1,1,1,1,0,0,1,0,0,0,1,0,0,0,1,0",0.6333333333333333,0.8,0.66875,0.6363636363636364,0.5,0.56,0.625,0.19800186157226562
"0,0,1,0,1,1,1,1,1,0,0,1,0,0,0,1,1,0,1,1,0",0.6333333333333333,0.8,0.66875,0.6363636363636364,0.5,0.56,0.625,0.17931056022644043
"0,0,0,1,1,1,1,0,1,1,1,0,0,1,0,0,1,0,0,1,1",0.6333333333333333,0.8,0.66875,0.6363636363636364,0.5,0.56,0.625,0.20702219009399414
"0,0,0,1,0,0,0,1,0,1,0,1,0,0,1,0,0,1,0,0,0",0.5666666666666667,1.0,0.6685267857142857,0.5454545454545454,0.42857142857142855,0.48,0.5580357142857143,0.17738819122314453
"1,1,1,0,0,0,0,0,1,1,1,0,0,0,1,0,1,0,1,0,1",0.6666666666666666,0.7,0.6604910714285714,0.8333333333333334,0.35714285714285715,0.5,0.6473214285714286,0.20511317253112793
"1,1,0,1,0,0,0,0,0,0,1,1,0,0,0,1,1,0,1,1,1",0.6333333333333333,0.7,0.6604910714285714,0.5714285714285714,0.8571428571428571,0.6857142857142857,0.6473214285714286,0.19356703758239746
"0,0,1,0,1,0,0,0,0,1,0,1,1,0,1,0,0,0,0,0,0",0.6666666666666666,0.6,0.6589285714285714,0.6,0.8571428571428571,0.7058823529411765,0.6785714285714286,0.1445167064666748
"0,1,1,0,1,0,1,1,1,0,1,0,1,0,0,0,1,0,1,0,0",0.6666666666666666,0.6,0.6589285714285714,0.6,0.8571428571428571,0.7058823529411765,0.6785714285714286,0.1594069004058838
"1,0,0,1,1,0,0,0,1,1,0,1,1,1,1,0,1,0,0,0,0",0.6666666666666666,0.6,0.6589285714285714,0.6,0.8571428571428571,0.7058823529411765,0.6785714285714286,0.14568495750427246
"0,0,0,1,0,0,0,0,1,1,0,1,1,1,1,0,1,0,0,0,0",0.6666666666666666,0.6,0.6589285714285714,0.6,0.8571428571428571,0.7058823529411765,0.6785714285714286,0.15120553970336914
"1,0,0,1,0,0,0,0,1,1,0,1,1,1,1,0,1,0,0,0,0",0.6666666666666666,0.6,0.6589285714285714,0.6,0.8571428571428571,0.7058823529411765,0.6785714285714286,0.14548563957214355
"0,0,0,0,1,0,0,1,0,0,0,0,1,0,1,0,0,0,1,0,0",0.6666666666666666,0.6,0.6589285714285714,0.6,0.8571428571428571,0.7058823529411765,0.6785714285714286,0.14595389366149902
"0,0,0,1,1,0,0,0,1,1,0,1,1,1,1,0,1,0,0,0,0",0.6666666666666666,0.6,0.6589285714285714,0.6,0.8571428571428571,0.7058823529411765,0.6785714285714286,0.13280725479125977
"0,0,0,1,0,1,0,0,1,1,0,0,0,1,1,0,1,0,1,1,1",0.6666666666666666,0.6,0.6589285714285714,0.6,0.8571428571428571,0.7058823529411765,0.6785714285714286,0.24438762664794922
"1,0,0,1,1,0,0,0,1,1,0,1,0,1,1,0,1,0,1,0,0",0.6666666666666666,0.6,0.6589285714285714,0.6,0.8571428571428571,0.7058823529411765,0.6785714285714286,0.14559698104858398
"1,0,0,1,0,1,1,1,1,1,0,1,0,0,0,0,0,0,1,1,0",0.6,0.8,0.6587053571428572,0.55,0.7857142857142857,0.6470588235294118,0.6116071428571428,0.18265628814697266
"1,1,0,0,0,1,1,1,1,1,0,0,0,1,1,1,0,0,1,0,0",0.6,0.8,0.6587053571428572,0.55,0.7857142857142857,0.6470588235294118,0.6116071428571428,0.1901869773864746
"0,0,1,1,0,1,0,1,1,1,0,1,1,1,1,0,0,1,0,0,1",0.6,0.8,0.655357142857143,0.5555555555555556,0.7142857142857143,0.625,0.6071428571428572,0.2255105972290039
"1,0,0,0,1,0,0,1,0,0,1,1,0,0,0,0,0,0,1,1,1",0.6666666666666666,0.6,0.6522321428571429,0.625,0.7142857142857143,0.6666666666666666,0.6696428571428572,0.1635112762451172
"1,1,0,0,1,1,0,0,0,0,1,0,1,0,0,1,0,1,0,1,1",0.6,0.8,0.6520089285714286,0.5625,0.6428571428571429,0.6,0.6026785714285714,0.20601582527160645
"1,0,1,0,1,1,0,1,0,1,0,0,0,1,1,0,1,0,1,1,1",0.6,0.8,0.6520089285714286,0.5625,0.6428571428571429,0.6,0.6026785714285714,0.2097318172454834
"1,1,1,0,1,0,1,1,0,1,0,0,1,0,0,0,1,1,1,1,0",0.5666666666666667,0.9,0.6502232142857143,0.5333333333333333,0.5714285714285714,0.5517241379310345,0.5669642857142857,0.1983485221862793
"0,0,1,0,1,1,1,0,1,1,0,1,1,0,0,1,0,0,1,0,1",0.6666666666666666,0.6,0.6488839285714285,0.6428571428571429,0.6428571428571429,0.6428571428571429,0.6651785714285714,0.2091677188873291
"1,1,0,0,1,1,1,1,0,1,1,1,0,0,1,0,0,1,0,0,1",0.6,0.8,0.6486607142857144,0.5714285714285714,0.5714285714285714,0.5714285714285714,0.5982142857142857,0.19754910469055176
"1,0,1,0,1,0,1,1,1,0,0,1,1,0,0,0,1,1,1,0,1",0.6,0.8,0.6486607142857144,0.5714285714285714,0.5714285714285714,0.5714285714285714,0.5982142857142857,0.2113947868347168
"1,0,1,1,1,0,0,1,1,1,1,1,1,0,1,1,1,1,0,1,1",0.6,0.8,0.6486607142857144,0.5714285714285714,0.5714285714285714,0.5714285714285714,0.5982142857142857,0.20051264762878418
"0,1,0,0,1,0,0,0,1,0,0,1,1,1,0,1,1,0,1,1,1",0.6333333333333333,0.7,0.6470982142857142,0.6153846153846154,0.5714285714285714,0.5925925925925926,0.6294642857142857,0.22168493270874023
"1,1,0,0,0,0,0,1,1,1,0,0,0,1,0,1,0,1,0,1,1",0.6,0.8,0.6453125,0.5833333333333334,0.5,0.5384615384615384,0.59375,0.1960911750793457
"1,0,0,1,0,1,0,0,1,1,0,1,1,1,1,0,1,0,0,0,0",0.6333333333333333,0.7,0.64375,0.6363636363636364,0.5,0.56,0.625,0.17492270469665527
"1,0,1,0,0,1,0,1,1,0,0,1,0,0,1,0,1,0,1,0,0",0.6333333333333333,0.7,0.64375,0.6363636363636364,0.5,0.56,0.625,0.1566295623779297
"0,0,0,1,1,1,0,0,1,1,0,1,1,1,1,0,1,0,0,0,0",0.6333333333333333,0.7,0.64375,0.6363636363636364,0.5,0.56,0.625,0.14457178115844727
"0,1,0,1,1,1,1,1,1,1,1,1,1,0,1,0,0,0,1,1,1",0.6333333333333333,0.7,0.6370535714285714,0.7142857142857143,0.35714285714285715,0.47619047619047616,0.6160714285714286,0.2014632225036621
"0,0,0,0,1,1,1,1,0,1,0,0,0,0,0,1,1,1,1,0,1",0.6666666666666666,0.5,0.6339285714285714,0.6,0.8571428571428571,0.7058823529411765,0.6785714285714286,0.19057607650756836
"1,0,1,0,1,0,0,1,0,0,0,1,0,1,0,0,1,1,1,0,0",0.6333333333333333,0.6,0.6321428571428571,0.5789473684210527,0.7857142857142857,0.6666666666666666,0.6428571428571428,0.19490385055541992
"1,0,0,1,0,1,0,0,1,1,0,1,1,0,0,0,1,1,0,0,0",0.5666666666666667,0.8,0.631919642857143,0.5263157894736842,0.7142857142857143,0.6060606060606061,0.5758928571428572,0.1853959560394287
"1,0,0,1,0,1,0,0,1,1,0,1,1,1,1,1,1,0,1,1,1",0.6,0.8,0.6319196428571427,0.75,0.21428571428571427,0.3333333333333333,0.5758928571428571,0.19995880126953125
"1,0,0,1,0,0,1,0,0,1,0,0,1,0,0,1,1,0,0,0,1",0.6,0.7,0.6303571428571428,0.5555555555555556,0.7142857142857143,0.625,0.6071428571428572,0.19454360008239746
"0,0,1,0,1,0,1,1,0,0,0,1,0,1,1,0,1,0,1,0,0",0.5666666666666667,0.9,0.6301339285714286,0.6666666666666666,0.14285714285714285,0.23529411764705882,0.5401785714285714,0.15312504768371582
"0,0,1,1,0,1,0,1,1,1,0,1,1,0,0,1,0,0,1,1,0",0.5333333333333333,0.9,0.6301339285714286,0.5,0.6428571428571429,0.5625,0.5401785714285714,0.21448707580566406
"1,1,0,0,0,1,0,1,0,0,1,0,0,0,0,0,1,1,0,1,1",0.5666666666666667,0.8,0.6285714285714286,0.5294117647058824,0.6428571428571429,0.5806451612903226,0.5714285714285714,0.1982734203338623
"1,0,0,0,0,0,0,1,1,1,0,1,0,1,0,1,1,1,1,1,0",0.6,0.8,0.6285714285714286,1.0,0.14285714285714285,0.25,0.5714285714285714,0.22032451629638672
"0,0,0,1,0,0,0,1,0,1,0,1,0,0,1,0,0,1,0,0,1",0.5,1.0,0.6283482142857143,0.47058823529411764,0.5714285714285714,0.5161290322580645,0.5044642857142857,0.18715167045593262
"1,0,0,1,1,0,0,0,1,1,0,1,1,1,1,0,1,0,0,0,1",0.6666666666666666,0.5,0.6272321428571429,0.625,0.7142857142857143,0.6666666666666666,0.6696428571428572,0.19164419174194336
"1,0,1,0,0,1,1,1,1,0,1,0,1,0,1,1,1,0,1,1,1",0.6,0.7,0.6270089285714285,0.5625,0.6428571428571429,0.6,0.6026785714285714,0.2160177230834961
"0,0,1,1,0,0,1,1,0,1,0,0,0,0,0,1,1,0,0,1,1",0.6333333333333333,0.6,0.6254464285714285,0.6,0.6428571428571429,0.6206896551724138,0.6339285714285714,0.19884538650512695
"1,1,0,0,0,0,0,0,1,1,0,0,1,1,1,0,0,0,1,1,0",0.5666666666666667,0.8,0.6252232142857144,0.5333333333333333,0.5714285714285714,0.5517241379310345,0.5669642857142857,0.16623449325561523
"1,0,0,0,0,1,0,1,0,1,0,0,1,0,1,1,1,0,1,0,1",0.6,0.7,0.6236607142857142,0.5714285714285714,0.5714285714285714,0.5714285714285714,0.5982142857142857,0.22699379920959473
"0,1,0,1,1,0,1,0,0,1,0,1,1,1,0,1,1,0,1,1,1",0.5333333333333333,0.9,0.6234375,0.5,0.5,0.5,0.53125,0.23336172103881836
"1,0,1,0,0,0,0,0,1,1,0,0,1,1,1,0,0,0,0,1,1",0.5333333333333333,0.9,0.6234375,0.5,0.5,0.5,0.53125,0.21238422393798828
"0,0,0,1,1,0,0,0,1,1,0,1,1,1,0,0,1,0,0,1,1",0.5666666666666667,0.8,0.621875,0.5384615384615384,0.5,0.5185185185185185,0.5625,0.19742941856384277
"0,1,0,0,0,0,0,0,0,0,0,0,1,0,0,1,0,0,1,0,1",0.5666666666666667,0.8,0.621875,0.5384615384615384,0.5,0.5185185185185185,0.5625,0.18684053421020508
"1,0,0,0,0,0,1,1,1,1,0,1,1,1,0,0,1,0,0,1,0",0.6666666666666666,0.5,0.6205357142857143,0.6666666666666666,0.5714285714285714,0.6153846153846154,0.6607142857142857,0.20624232292175293
"1,1,1,0,1,0,0,1,0,1,0,0,1,0,0,0,1,1,1,1,1",0.5666666666666667,0.7,0.6203125,0.5185185185185185,1.0,0.6829268292682927,0.59375,0.21712636947631836
"1,1,0,1,0,0,0,0,0,0,0,0,0,0,1,0,0,1,0,0,1",0.6,0.7,0.6203125,0.5833333333333334,0.5,0.5384615384615384,0.59375,0.18313097953796387
"0,0,0,0,0,1,1,0,0,1,0,1,0,0,1,1,0,1,0,0,0",0.6,0.7,0.6203125,0.5833333333333334,0.5,0.5384615384615384,0.59375,0.18015027046203613
"0,0,0,1,1,0,1,0,1,1,0,1,0,1,0,0,0,1,1,0,1",0.5333333333333333,0.9,0.6200892857142857,0.5,0.42857142857142855,0.46153846153846156,0.5267857142857143,0.19985246658325195
"0,1,0,0,0,1,0,1,0,0,1,1,1,0,0,0,1,0,1,0,1",0.6333333333333333,0.6,0.61875,0.6363636363636364,0.5,0.56,0.625,0.19887447357177734
"1,0,0,1,0,0,0,1,0,0,1,1,1,0,1,1,0,1,1,1,1",0.6333333333333333,0.6,0.61875,0.6363636363636364,0.5,0.56,0.625,0.20978188514709473
"1,1,0,1,0,0,0,0,0,0,0,1,0,1,1,0,1,1,1,0,1",0.5666666666666667,0.8,0.6185267857142858,0.5454545454545454,0.42857142857142855,0.48,0.5580357142857143,0.20085525512695312
"1,0,0,1,1,1,1,0,0,0,0,0,1,1,0,0,1,1,1,1,0",0.6,0.7,0.6169642857142856,0.6,0.42857142857142855,0.5,0.5892857142857143,0.1942121982574463
"1,1,0,0,0,1,0,1,0,0,0,0,0,0,1,0,0,0,1,0,0",0.5666666666666667,0.7,0.6169642857142856,0.52,0.9285714285714286,0.6666666666666666,0.5892857142857143,0.1482100486755371
"1,0,0,1,0,1,1,1,1,0,1,0,1,0,1,0,0,0,0,1,0",0.5,0.9,0.6167410714285715,0.48,0.8571428571428571,0.6153846153846154,0.5223214285714286,0.1953592300415039
"1,0,0,1,0,1,1,1,1,0,1,0,1,0,1,0,0,0,1,1,0",0.5,0.9,0.6167410714285715,0.48,0.8571428571428571,0.6153846153846154,0.5223214285714286,0.19552111625671387
"0,0,0,1,1,1,1,1,1,0,0,1,0,0,0,1,1,0,1,0,1",0.6333333333333333,0.6,0.6154017857142857,0.6666666666666666,0.42857142857142855,0.5217391304347826,0.6205357142857143,0.21965670585632324
"0,1,1,0,0,1,1,1,1,0,0,1,1,0,0,0,0,1,0,1,0",0.6333333333333333,0.6,0.6154017857142857,0.6666666666666666,0.42857142857142855,0.5217391304347826,0.6205357142857143,0.1958920955657959
"0,0,0,1,0,0,1,0,1,1,0,0,0,0,0,1,0,0,1,1,0",0.5333333333333333,0.8,0.6151785714285715,0.5,0.8571428571428571,0.631578947368421,0.5535714285714286,0.18963122367858887
"1,0,0,1,0,1,1,1,1,1,0,1,0,1,0,0,1,0,0,1,1",0.5333333333333333,0.8,0.6151785714285715,0.5,0.8571428571428571,0.631578947368421,0.5535714285714286,0.18839311599731445
"1,0,0,0,0,0,0,0,1,0,0,1,1,1,1,1,0,1,0,1,0",0.5666666666666667,0.8,0.6151785714285715,0.5555555555555556,0.35714285714285715,0.43478260869565216,0.5535714285714286,0.20345306396484375
"1,0,0,1,0,1,0,1,0,1,1,1,1,1,0,1,1,0,0,1,0",0.4666666666666667,1.0,0.6149553571428572,0.4583333333333333,0.7857142857142857,0.5789473684210527,0.48660714285714285,0.19959521293640137
"1,0,0,1,0,1,0,1,0,1,1,1,1,1,0,1,1,0,1,1,0",0.4666666666666667,1.0,0.6149553571428572,0.4583333333333333,0.7857142857142857,0.5789473684210527,0.48660714285714285,0.21467113494873047
"0,1,0,1,1,1,1,0,0,1,1,1,0,0,0,0,1,1,0,0,1",0.6666666666666666,0.5,0.6138392857142857,0.75,0.42857142857142855,0.5454545454545454,0.6517857142857143,0.2190251350402832
"1,0,0,1,0,0,1,1,0,0,0,1,1,0,1,1,1,0,1,1,1",0.6,0.7,0.6136160714285714,0.625,0.35714285714285715,0.45454545454545453,0.5848214285714286,0.22424650192260742
"1,0,0,0,0,0,1,1,1,1,1,0,1,0,0,1,0,1,0,0,0",0.6,0.7,0.6136160714285714,0.625,0.35714285714285715,0.45454545454545453,0.5848214285714286,0.172957181930542
"0,0,0,1,0,1,1,0,1,1,1,0,0,1,0,0,1,0,0,1,1",0.6,0.7,0.6136160714285714,0.625,0.35714285714285715,0.45454545454545453,0.5848214285714286,0.1812758445739746
"0,0,0,1,1,0,0,1,1,1,0,0,0,1,1,0,1,1,1,1,1",0.5333333333333333,0.9,0.6133928571428571,0.5,0.2857142857142857,0.36363636363636365,0.5178571428571428,0.23813533782958984
"1,0,1,1,1,0,0,0,1,1,0,1,1,1,0,0,0,0,1,0,1",0.6333333333333333,0.6,0.6120535714285715,0.7142857142857143,0.35714285714285715,0.47619047619047616,0.6160714285714286,0.20647048950195312
"0,1,1,0,0,1,0,0,0,0,0,0,0,1,0,1,0,1,1,1,0",0.5333333333333333,0.8,0.6118303571428572,0.5,0.7857142857142857,0.6111111111111112,0.5491071428571428,0.18250131607055664
"0,0,1,0,0,1,1,0,1,1,0,0,0,1,0,0,0,1,1,0,1",0.6,0.7,0.610267857142857,0.6666666666666666,0.2857142857142857,0.4,0.5803571428571428,0.21941351890563965
"0,0,0,1,0,0,0,0,1,1,0,1,1,1,1,0,1,0,0,0,1",0.5666666666666667,0.7,0.610267857142857,0.5238095238095238,0.7857142857142857,0.6285714285714286,0.5803571428571428,0.19701695442199707
"0,1,0,0,0,0,0,0,1,0,0,0,1,0,0,0,1,1,1,0,1",0.5666666666666667,0.7,0.610267857142857,0.5238095238095238,0.7857142857142857,0.6285714285714286,0.5803571428571428,0.2094714641571045
"0,0,0,1,1,0,0,0,1,1,0,1,1,1,1,1,1,0,1,1,1",0.5333333333333333,0.9,0.6100446428571428,0.5,0.21428571428571427,0.3,0.5133928571428571,0.24765539169311523
"1,0,0,0,0,0,0,1,1,0,0,0,1,1,0,1,1,1,1,0,1",0.5333333333333333,0.8,0.608482142857143,0.5,0.7142857142857143,0.5882352941176471,0.5446428571428572,0.20276856422424316
"0,1,0,0,1,1,1,1,1,0,0,1,0,0,0,0,0,1,0,0,0",0.5666666666666667,0.8,0.6084821428571427,0.6,0.21428571428571427,0.3157894736842105,0.5446428571428571,0.19005346298217773
"1,1,1,0,1,0,0,1,1,1,0,1,1,1,1,1,1,1,0,0,0",0.5666666666666667,0.7,0.6069196428571428,0.5263157894736842,0.7142857142857143,0.6060606060606061,0.5758928571428572,0.1716456413269043
"1,0,1,0,0,0,1,1,1,1,0,0,1,0,0,0,1,1,1,1,1",0.5,0.9,0.6066964285714286,0.47368421052631576,0.6428571428571429,0.5454545454545454,0.5089285714285714,0.20658659934997559
"0,1,1,1,1,0,1,1,1,1,1,0,0,1,0,1,0,1,0,1,0",0.5333333333333333,0.8,0.6051339285714286,0.5,0.6428571428571429,0.5625,0.5401785714285714,0.18085551261901855
"0,0,0,1,1,1,0,0,1,1,0,0,0,1,1,0,1,0,1,1,1",0.5666666666666667,0.8,0.6051339285714286,0.6666666666666666,0.14285714285714285,0.23529411764705882,0.5401785714285714,0.21993255615234375
"1,1,0,0,0,1,1,1,0,1,1,0,1,1,1,1,1,0,1,1,0",0.5333333333333333,0.8,0.6051339285714286,0.5,0.6428571428571429,0.5625,0.5401785714285714,0.2072136402130127
"1,0,0,1,0,0,0,0,1,1,0,1,1,1,1,0,1,0,0,1,1",0.5333333333333333,0.8,0.6051339285714286,0.5,0.6428571428571429,0.5625,0.5401785714285714,0.2123556137084961
"1,0,1,0,1,1,1,1,1,1,1,1,0,1,0,0,1,1,1,0,1",0.6333333333333333,0.5,0.6037946428571429,0.5882352941176471,0.7142857142857143,0.6451612903225806,0.6383928571428572,0.21649503707885742
"1,0,1,0,1,0,0,1,0,1,0,0,1,0,0,0,1,1,1,1,1",0.6,0.7,0.6035714285714285,1.0,0.14285714285714285,0.25,0.5714285714285714,0.20685505867004395
"0,0,0,1,0,0,1,0,0,1,0,1,1,0,0,1,1,0,1,1,1",0.5666666666666667,0.7,0.6035714285714285,0.5294117647058824,0.6428571428571429,0.5806451612903226,0.5714285714285714,0.2124767303466797
"0,1,0,1,0,1,0,0,0,1,0,1,1,0,1,0,1,0,1,1,1",0.5666666666666667,0.7,0.6035714285714285,0.5294117647058824,0.6428571428571429,0.5806451612903226,0.5714285714285714,0.1880345344543457
"0,0,1,1,1,0,1,0,0,1,1,1,0,0,1,0,0,1,1,1,1",0.6,0.6,0.6020089285714285,0.5625,0.6428571428571429,0.6,0.6026785714285714,0.22133708000183105
"0,1,0,1,0,1,1,0,0,1,0,0,1,1,0,1,1,0,0,0,1",0.5333333333333333,0.8,0.6017857142857144,0.5,0.5714285714285714,0.5333333333333333,0.5357142857142857,0.20417356491088867
"0,1,0,0,1,0,0,0,0,1,0,1,0,0,0,1,0,0,1,0,1",0.5333333333333333,0.8,0.6017857142857144,0.5,0.5714285714285714,0.5333333333333333,0.5357142857142857,0.20729446411132812
"0,0,0,0,0,1,0,0,1,1,1,1,1,0,1,0,1,0,1,0,0",0.5333333333333333,0.8,0.6017857142857144,0.5,0.5714285714285714,0.5333333333333333,0.5357142857142857,0.16604042053222656
"0,0,0,0,0,1,1,0,0,1,1,0,0,0,0,0,0,1,1,0,0",0.5333333333333333,0.8,0.6017857142857144,0.5,0.5714285714285714,0.5333333333333333,0.5357142857142857,0.1812429428100586
"1,0,0,1,0,1,0,1,0,1,1,1,1,0,0,0,1,1,0,0,0",0.5,0.9,0.6,0.4666666666666667,0.5,0.4827586206896552,0.5,0.1684246063232422
"0,1,0,0,1,1,0,0,1,1,0,1,0,0,0,0,0,1,1,0,0",0.6,0.6,0.5986607142857143,0.5714285714285714,0.5714285714285714,0.5714285714285714,0.5982142857142857,0.17860031127929688
"1,0,0,1,0,1,0,1,0,0,0,1,1,1,0,0,1,0,1,1,0",0.6,0.6,0.5986607142857143,0.5714285714285714,0.5714285714285714,0.5714285714285714,0.5982142857142857,0.17425084114074707
"1,0,1,0,1,0,1,1,1,0,0,1,1,0,0,0,1,1,1,1,1",0.6,0.6,0.5986607142857143,0.5714285714285714,0.5714285714285714,0.5714285714285714,0.5982142857142857,0.19878363609313965
"1,1,1,1,0,0,1,0,0,1,1,0,1,0,0,0,0,0,1,1,1",0.6333333333333333,0.5,0.5970982142857143,0.6153846153846154,0.5714285714285714,0.5925925925925926,0.6294642857142857,0.18781542778015137
"1,0,1,0,0,0,1,0,1,1,1,0,1,0,0,1,1,0,0,1,1",0.5666666666666667,0.7,0.596875,0.5384615384615384,0.5,0.5185185185185185,0.5625,0.20605778694152832
"1,1,0,1,0,0,0,1,1,0,0,0,1,0,1,0,1,1,1,0,0",0.5666666666666667,0.7,0.596875,0.5384615384615384,0.5,0.5185185185185185,0.5625,0.1770188808441162
"0,0,0,1,1,0,0,0,1,1,0,1,1,1,1,0,1,1,0,0,1",0.5666666666666667,0.7,0.596875,0.5384615384615384,0.5,0.5185185185185185,0.5625,0.20541048049926758
"1,1,0,0,0,1,1,1,0,0,1,1,1,0,1,0,1,0,1,0,1",0.5,0.9,0.5966517857142857,0.46153846153846156,0.42857142857142855,0.4444444444444444,0.4955357142857143,0.21081805229187012
"0,0,1,0,1,0,0,1,1,1,0,1,1,1,1,0,0,0,1,1,0",0.5,0.9,0.5966517857142857,0.46153846153846156,0.42857142857142855,0.4444444444444444,0.4955357142857143,0.17299461364746094
"1,1,0,1,0,0,0,0,1,1,0,1,1,1,1,0,1,1,0,0,1",0.5,0.9,0.5966517857142857,0.46153846153846156,0.42857142857142855,0.4444444444444444,0.4955357142857143,0.19073009490966797
"0,0,1,0,0,0,1,1,1,1,1,0,0,0,1,0,0,1,0,1,0",0.6,0.6,0.5953125,0.5833333333333334,0.5,0.5384615384615384,0.59375,0.19718313217163086
"1,0,0,0,1,0,0,1,0,0,1,1,0,0,1,0,1,0,1,0,1",0.6,0.6,0.5953125,0.5833333333333334,0.5,0.5384615384615384,0.59375,0.21204543113708496
"0,0,0,1,0,0,1,0,0,0,1,0,0,1,1,1,0,1,1,0,1",0.5333333333333333,0.8,0.5950892857142858,0.5,0.42857142857142855,0.46153846153846156,0.5267857142857143,0.20069479942321777
"0,1,0,0,0,0,0,1,0,1,0,1,0,0,0,1,0,1,1,0,1",0.5,0.8,0.5950892857142858,0.48148148148148145,0.9285714285714286,0.6341463414634146,0.5267857142857143,0.20626449584960938
"0,0,0,1,0,1,0,0,1,1,0,0,0,1,1,0,1,0,1,1,0",0.6,0.5,0.59375,0.5384615384615384,1.0,0.7,0.625,0.16533923149108887
"1,0,1,0,0,1,1,1,1,0,1,0,1,0,1,0,0,0,0,1,0",0.5333333333333333,0.7,0.5935267857142856,0.5,0.9285714285714286,0.65,0.5580357142857143,0.17407822608947754
"0,0,0,0,1,0,0,1,0,0,0,1,1,0,1,0,1,0,0,0,1",0.5666666666666667,0.7,0.5935267857142856,0.5454545454545454,0.42857142857142855,0.48,0.5580357142857143,0.22239136695861816
"1,0,1,0,0,1,1,1,1,0,1,0,1,0,1,0,0,0,1,1,0",0.5333333333333333,0.7,0.5935267857142856,0.5,0.9285714285714286,0.65,0.5580357142857143,0.18240928649902344
"1,1,0,0,0,1,1,1,1,0,1,0,0,1,0,1,0,0,1,0,0",0.4666666666666667,0.9,0.5933035714285714,0.46153846153846156,0.8571428571428571,0.6,0.49107142857142855,0.1731245517730713
"1,0,0,1,0,1,0,1,0,1,1,1,1,1,0,1,1,0,0,0,0",0.4666666666666667,0.9,0.5933035714285714,0.46153846153846156,0.8571428571428571,0.6,0.49107142857142855,0.16443324089050293
"0,0,0,1,1,1,1,1,0,1,0,1,0,0,0,0,0,0,1,1,0",0.4666666666666667,0.9,0.5933035714285714,0.46153846153846156,0.8571428571428571,0.6,0.49107142857142855,0.1724870204925537
"0,0,1,1,0,0,0,0,0,0,1,1,1,0,1,0,1,0,1,1,1",0.4666666666666667,0.9,0.5933035714285714,0.46153846153846156,0.8571428571428571,0.6,0.49107142857142855,0.22070026397705078
"0,0,0,1,1,1,0,0,0,0,0,1,0,1,0,0,1,0,1,1,0",0.4666666666666667,0.9,0.5933035714285714,0.46153846153846156,0.8571428571428571,0.6,0.49107142857142855,0.14364886283874512
"0,1,0,1,0,1,0,1,1,1,0,1,0,0,1,0,1,0,1,0,0",0.4666666666666667,0.9,0.5933035714285714,0.46153846153846156,0.8571428571428571,0.6,0.49107142857142855,0.17156720161437988
"0,0,1,1,1,0,0,0,1,0,1,0,1,1,0,0,0,1,0,1,1",0.4666666666666667,0.9,0.5933035714285714,0.46153846153846156,0.8571428571428571,0.6,0.49107142857142855,0.22597026824951172
"1,1,1,1,0,0,1,0,0,1,0,0,1,0,0,1,0,0,1,1,0",0.6666666666666666,0.4,0.5921875,0.7,0.5,0.5833333333333334,0.65625,0.21661591529846191
"0,0,0,1,1,1,1,0,1,0,0,1,0,1,0,0,1,0,0,0,1",0.6,0.6,0.5919642857142857,0.6,0.42857142857142855,0.5,0.5892857142857143,0.19421744346618652
"0,1,0,0,0,0,0,1,1,1,0,1,1,1,0,0,0,1,1,0,1",0.5666666666666667,0.6,0.5919642857142857,0.52,0.9285714285714286,0.6666666666666666,0.5892857142857143,0.1904599666595459
"0,0,0,0,0,1,1,0,0,1,1,1,0,1,0,1,1,0,0,1,0",0.5666666666666667,0.6,0.5919642857142857,0.52,0.9285714285714286,0.6666666666666666,0.5892857142857143,0.1749722957611084
"1,0,0,1,0,1,1,0,0,1,1,0,1,1,1,1,0,0,0,1,0",0.5,0.8,0.5917410714285715,0.48,0.8571428571428571,0.6153846153846154,0.5223214285714286,0.2032771110534668
"0,0,0,0,0,1,0,1,1,0,0,1,0,0,0,0,0,1,1,1,0",0.6,0.5,0.5904017857142857,0.5416666666666666,0.9285714285714286,0.6842105263157895,0.6205357142857143,0.18413615226745605
"0,1,0,0,0,1,0,1,1,1,0,1,0,0,1,1,0,0,1,1,0",0.6333333333333333,0.5,0.5904017857142857,0.6666666666666666,0.42857142857142855,0.5217391304347826,0.6205357142857143,0.2020556926727295
"0,1,1,0,0,0,0,0,1,0,0,1,1,0,0,0,1,0,1,1,1",0.5333333333333333,0.7,0.5901785714285714,0.5,0.8571428571428571,0.631578947368421,0.5535714285714286,0.1813492774963379
"0,1,0,0,0,0,1,1,1,1,0,0,1,1,0,0,0,1,1,1,1",0.5333333333333333,0.7,0.5901785714285714,0.5,0.8571428571428571,0.631578947368421,0.5535714285714286,0.20356488227844238
"1,0,0,1,0,1,1,1,0,1,0,1,0,0,1,1,0,1,0,1,1",0.5,0.9,0.5899553571428572,0.4444444444444444,0.2857142857142857,0.34782608695652173,0.48660714285714285,0.19124889373779297
"1,1,0,1,0,0,0,0,0,0,1,1,0,0,0,1,1,1,0,0,1",0.5666666666666667,0.6,0.5886160714285714,0.5217391304347826,0.8571428571428571,0.6486486486486487,0.5848214285714286,0.19760870933532715
"0,1,0,0,0,1,1,0,1,0,1,0,0,0,1,1,1,0,1,0,1",0.6,0.6,0.5886160714285714,0.625,0.35714285714285715,0.45454545454545453,0.5848214285714286,0.20160794258117676
"1,0,0,1,0,1,0,1,0,1,1,1,1,1,0,1,1,0,0,1,1",0.5,0.8,0.5883928571428572,0.4782608695652174,0.7857142857142857,0.5945945945945946,0.5178571428571428,0.2036583423614502
"1,1,1,0,0,0,0,0,1,1,1,1,1,0,1,0,0,1,0,1,0",0.5333333333333333,0.8,0.5883928571428572,0.5,0.2857142857142857,0.36363636363636365,0.5178571428571428,0.19717812538146973
"1,0,1,0,0,0,0,0,0,0,1,0,1,1,0,1,1,1,0,1,1",0.5,0.8,0.5883928571428572,0.4782608695652174,0.7857142857142857,0.5945945945945946,0.5178571428571428,0.19457435607910156
"1,0,0,1,0,1,0,1,0,1,1,1,1,1,0,1,1,0,1,1,1",0.5,0.8,0.5883928571428572,0.4782608695652174,0.7857142857142857,0.5945945945945946,0.5178571428571428,0.2229566574096679
"0,0,1,1,1,1,0,0,0,0,1,1,0,1,1,1,1,1,1,1,1",0.5333333333333333,0.7,0.586830357142857,0.5,0.7857142857142857,0.6111111111111112,0.5491071428571428,0.2326338291168213
"0,0,0,0,1,1,1,0,0,1,0,1,1,1,0,1,1,1,0,0,0",0.5333333333333333,0.7,0.586830357142857,0.5,0.7857142857142857,0.6111111111111112,0.5491071428571428,0.2085437774658203
"0,1,1,1,0,0,0,0,1,0,1,0,1,1,0,0,0,1,0,1,1",0.5333333333333333,0.7,0.586830357142857,0.5,0.7857142857142857,0.6111111111111112,0.5491071428571428,0.21647119522094727
"0,0,0,0,1,0,0,1,1,0,0,0,1,1,1,0,0,1,1,1,0",0.5,0.9,0.5866071428571429,0.42857142857142855,0.21428571428571427,0.2857142857142857,0.48214285714285715,0.1910099983215332
"0,0,0,1,1,0,0,0,1,1,0,1,1,1,1,0,1,0,1,1,1",0.5,0.9,0.5866071428571429,0.42857142857142855,0.21428571428571427,0.2857142857142857,0.48214285714285715,0.2272195816040039
"0,1,0,1,0,0,1,1,0,0,0,1,1,0,1,1,1,0,1,1,1",0.5,0.9,0.5866071428571429,0.42857142857142855,0.21428571428571427,0.2857142857142857,0.48214285714285715,0.23276305198669434
"0,0,0,0,0,1,0,1,0,0,1,0,0,0,0,1,1,0,0,0,1",0.6333333333333333,0.4,0.5854910714285715,0.5714285714285714,0.8571428571428571,0.6857142857142857,0.6473214285714286,0.167266845703125
"0,0,0,0,0,1,1,0,0,1,1,1,0,0,0,0,1,1,0,0,0",0.6333333333333333,0.4,0.5854910714285715,0.5714285714285714,0.8571428571428571,0.6857142857142857,0.6473214285714286,0.18620681762695312
"0,1,0,1,0,1,0,0,1,0,1,1,1,0,1,0,1,1,0,1,0",0.6,0.6,0.5852678571428571,0.6666666666666666,0.2857142857142857,0.4,0.5803571428571428,0.22331833839416504
"0,0,1,0,0,1,0,1,0,1,0,0,1,0,1,0,0,1,1,1,0",0.5666666666666667,0.6,0.5852678571428571,0.5238095238095238,0.7857142857142857,0.6285714285714286,0.5803571428571428,0.200911283493042
"1,1,1,0,0,1,0,0,1,0,0,1,0,1,0,1,1,1,1,1,1",0.6,0.6,0.5852678571428571,0.6666666666666666,0.2857142857142857,0.4,0.5803571428571428,0.1966550350189209
"0,0,0,0,0,1,1,0,1,1,1,0,0,1,0,0,1,0,0,1,1",0.5666666666666667,0.6,0.5852678571428571,0.5238095238095238,0.7857142857142857,0.6285714285714286,0.5803571428571428,0.22445321083068848
"0,0,1,0,1,1,1,0,1,0,0,1,0,0,0,1,0,0,1,1,0",0.5666666666666667,0.6,0.5852678571428571,0.5238095238095238,0.7857142857142857,0.6285714285714286,0.5803571428571428,0.21513056755065918
"0,0,0,1,1,1,0,0,0,1,0,1,0,1,0,1,1,0,0,1,0",0.6,0.6,0.5852678571428571,0.6666666666666666,0.2857142857142857,0.4,0.5803571428571428,0.17049145698547363
"1,0,0,1,0,1,1,1,1,0,1,0,1,0,1,1,0,1,0,1,1",0.5,0.8,0.585044642857143,0.47619047619047616,0.7142857142857143,0.5714285714285714,0.5133928571428572,0.20237207412719727
"1,0,1,0,0,1,1,1,1,0,1,0,1,0,1,0,0,0,1,1,1",0.5,0.8,0.585044642857143,0.4761904761904761,0.7142857142857143,0.5714285714285714,0.5133928571428572,0.1910157203674316
"1,0,0,1,1,1,0,0,1,0,0,1,1,1,1,0,0,0,0,1,0",0.6333333333333333,0.5,0.5837053571428571,0.8,0.2857142857142857,0.42105263157894735,0.6116071428571428,0.19996881484985352
"0,1,0,1,0,1,0,1,1,1,1,1,1,1,1,0,1,0,0,1,1",0.6333333333333333,0.5,0.5837053571428571,0.8,0.2857142857142857,0.42105263157894735,0.6116071428571428,0.2035844326019287
"1,0,0,0,1,0,1,1,1,0,1,0,0,1,1,0,0,1,1,0,1",0.6333333333333333,0.5,0.5837053571428571,0.8,0.2857142857142857,0.42105263157894735,0.6116071428571428,0.22603321075439453
"0,0,0,1,0,1,0,0,1,1,0,0,0,1,0,1,0,0,1,1,0",0.5333333333333333,0.7,0.5834821428571428,0.5,0.7142857142857143,0.5882352941176471,0.5446428571428572,0.18808817863464355
"0,1,1,0,0,1,0,1,0,0,1,1,1,0,0,1,1,0,1,1,1",0.5333333333333333,0.7,0.5834821428571428,0.5,0.7142857142857143,0.5882352941176471,0.5446428571428572,0.21280932426452637
"1,0,1,1,0,1,0,1,0,0,0,0,1,0,0,0,1,1,1,1,1",0.5333333333333333,0.7,0.5834821428571428,0.5,0.7142857142857143,0.5882352941176471,0.5446428571428572,0.18277716636657715
"1,0,0,1,0,1,1,0,1,1,0,1,1,1,1,0,1,0,0,0,0",0.5333333333333333,0.7,0.5834821428571428,0.5,0.7142857142857143,0.5882352941176471,0.5446428571428572,0.1697525978088379
"1,0,1,0,0,1,1,0,1,1,0,1,1,1,1,0,1,0,0,0,0",0.5333333333333333,0.7,0.5834821428571428,0.5,0.7142857142857143,0.5882352941176471,0.5446428571428572,0.1725168228149414
"0,0,0,1,0,1,0,0,1,1,0,0,0,1,0,1,1,0,1,1,0",0.5333333333333333,0.7,0.5834821428571428,0.5,0.7142857142857143,0.5882352941176471,0.5446428571428572,0.21585345268249512
"1,0,1,0,0,1,1,1,1,0,1,0,1,0,1,0,0,0,0,1,1",0.5333333333333333,0.7,0.5834821428571428,0.5,0.7142857142857143,0.5882352941176471,0.5446428571428572,0.19790244102478027
"0,0,0,1,0,1,1,1,0,1,0,0,0,1,0,1,1,0,0,1,1",0.5,0.9,0.5832589285714286,0.4,0.14285714285714285,0.21052631578947367,0.4776785714285714,0.20801568031311035
"0,0,0,0,1,1,1,1,0,0,1,0,0,0,0,0,0,0,1,0,0",0.5666666666666667,0.6,0.5819196428571429,0.5263157894736842,0.7142857142857143,0.6060606060606061,0.5758928571428572,0.14559412002563477
"1,0,1,0,0,0,0,1,1,1,1,0,1,1,1,1,1,1,1,1,0",0.5666666666666667,0.6,0.5819196428571429,0.5263157894736842,0.7142857142857143,0.6060606060606061,0.5758928571428572,0.1986985206604004
"1,1,0,1,0,1,1,0,1,0,1,0,1,0,1,0,1,0,1,1,1",0.5666666666666667,0.6,0.5819196428571429,0.5263157894736842,0.7142857142857143,0.6060606060606061,0.5758928571428572,0.2315931320190429
"1,0,1,0,1,1,1,0,0,1,0,1,0,0,1,1,1,1,1,0,0",0.5666666666666667,0.6,0.5819196428571429,0.5263157894736842,0.7142857142857143,0.6060606060606061,0.5758928571428572,0.19264984130859375
"0,1,1,1,0,1,1,1,1,0,0,1,0,0,1,1,0,1,1,0,1",0.5666666666666667,0.6,0.5819196428571429,0.5263157894736842,0.7142857142857143,0.6060606060606061,0.5758928571428572,0.21076726913452148
"0,1,1,1,0,0,0,1,1,1,0,0,0,0,0,1,0,1,0,0,0",0.6,0.6,0.5819196428571428,0.75,0.21428571428571427,0.3333333333333333,0.5758928571428571,0.1900498867034912
"0,1,0,1,1,0,1,0,0,0,0,0,0,0,1,0,1,1,0,1,1",0.5,0.8,0.5816964285714286,0.47368421052631576,0.6428571428571429,0.5454545454545454,0.5089285714285714,0.21375441551208496
"0,0,1,0,1,1,1,0,1,0,1,0,1,0,0,1,0,1,0,0,1",0.6333333333333333,0.5,0.5803571428571428,1.0,0.21428571428571427,0.35294117647058826,0.6071428571428571,0.17735815048217773
"0,1,0,1,1,1,0,1,0,0,0,1,0,1,1,0,0,1,1,1,1",0.6333333333333333,0.5,0.5803571428571428,1.0,0.21428571428571427,0.35294117647058826,0.6071428571428571,0.19771695137023926
"0,1,1,0,0,1,1,1,0,1,0,0,1,1,1,0,0,1,0,0,1",0.5666666666666667,0.7,0.5801339285714285,0.6666666666666666,0.14285714285714285,0.23529411764705882,0.5401785714285714,0.1718142032623291
"0,0,0,1,1,0,0,0,1,1,0,1,1,1,1,0,1,0,0,1,0",0.5333333333333333,0.7,0.5801339285714285,0.5,0.6428571428571429,0.5625,0.5401785714285714,0.2035083770751953
"1,1,1,0,0,1,1,1,1,1,1,0,1,1,1,1,0,1,1,1,0",0.5333333333333333,0.7,0.5801339285714285,0.5,0.6428571428571429,0.5625,0.5401785714285714,0.18568634986877441
"1,0,0,1,0,1,1,1,0,1,0,1,0,0,1,1,0,1,0,0,0",0.5333333333333333,0.7,0.5801339285714285,0.5,0.6428571428571429,0.5625,0.5401785714285714,0.17501544952392578
"0,0,0,1,1,0,0,0,1,1,0,1,1,1,1,0,1,0,1,1,0",0.5333333333333333,0.7,0.5801339285714285,0.5,0.6428571428571429,0.5625,0.5401785714285714,0.18978619575500488
"1,0,1,0,0,0,0,1,1,1,1,0,0,0,1,0,0,0,1,1,1",0.5666666666666667,0.7,0.5801339285714285,0.6666666666666666,0.14285714285714285,0.23529411764705882,0.5401785714285714,0.1989445686340332
"1,0,0,0,0,1,0,0,1,1,0,0,0,1,1,1,0,0,1,1,1",0.5333333333333333,0.7,0.5801339285714285,0.5,0.6428571428571429,0.5625,0.5401785714285714,0.18623089790344238
"0,0,0,1,0,1,0,0,1,1,0,0,0,1,1,1,1,0,1,1,1",0.5333333333333333,0.7,0.5801339285714285,0.5,0.6428571428571429,0.5625,0.5401785714285714,0.20788788795471191
"1,1,0,1,1,0,0,1,1,0,0,0,0,1,0,1,0,0,1,0,1",0.5666666666666667,0.6,0.5785714285714285,0.5294117647058824,0.6428571428571429,0.5806451612903226,0.5714285714285714,0.2115037441253662
"0,1,1,0,1,0,1,1,1,0,1,1,1,1,0,0,1,0,0,1,1",0.5666666666666667,0.6,0.5785714285714285,0.5294117647058824,0.6428571428571429,0.5806451612903226,0.5714285714285714,0.22344040870666504
"0,1,0,1,1,1,1,1,0,0,1,0,0,0,1,0,0,1,1,0,0",0.5666666666666667,0.6,0.5785714285714285,0.5294117647058824,0.6428571428571429,0.5806451612903226,0.5714285714285714,0.17505240440368652
"0,1,1,0,0,0,1,1,0,1,0,1,1,0,1,0,1,0,0,0,1",0.5333333333333333,0.8,0.5783482142857144,0.5,0.07142857142857142,0.125,0.5044642857142857,0.18372154235839844
"0,1,1,1,1,1,0,1,1,0,1,0,1,1,1,1,1,1,1,1,1",0.43333333333333335,1.0,0.578125,0.4117647058823529,0.5,0.45161290322580644,0.4375,0.20879530906677246
"1,0,0,1,0,1,0,0,0,1,0,1,1,0,1,0,0,0,0,0,1",0.5333333333333333,0.7,0.5767857142857142,0.5,0.5714285714285714,0.5333333333333333,0.5357142857142857,0.18201184272766113
"1,1,0,0,0,1,0,1,1,0,0,0,0,0,1,0,0,1,0,0,0",0.5333333333333333,0.7,0.5767857142857142,0.5,0.5714285714285714,0.5333333333333333,0.5357142857142857,0.17704343795776367
"1,1,1,1,0,0,0,1,1,0,0,0,0,0,1,0,0,1,0,0,0",0.5333333333333333,0.7,0.5767857142857142,0.5,0.5714285714285714,0.5333333333333333,0.5357142857142857,0.1704878807067871
"1,1,0,1,0,1,0,1,0,1,1,1,1,1,0,1,1,0,1,1,1",0.5333333333333333,0.7,0.5767857142857142,0.5,0.5714285714285714,0.5333333333333333,0.5357142857142857,0.20323395729064941
"0,0,0,1,1,1,0,0,1,1,0,1,1,1,1,0,1,0,1,1,1",0.5,0.9,0.5765625,0.0,0.0,0.0,0.46875,0.21335601806640625
"0,0,1,0,1,1,1,1,0,1,1,1,1,1,0,1,1,0,1,1,1",0.4666666666666667,0.9,0.5765625,0.4375,0.5,0.4666666666666667,0.46875,0.22365546226501465
"0,0,0,1,1,1,0,1,0,1,1,1,1,1,0,1,1,0,0,1,0",0.5666666666666667,0.6,0.5752232142857143,0.5333333333333333,0.5714285714285714,0.5517241379310345,0.5669642857142857,0.20298981666564941
"1,0,0,0,0,0,0,1,1,0,0,1,1,1,0,0,0,1,1,0,1",0.5666666666666667,0.6,0.5752232142857143,0.5333333333333333,0.5714285714285714,0.5517241379310345,0.5669642857142857,0.24412178993225098
"0,1,1,1,0,0,1,1,1,0,1,0,1,0,1,0,1,1,1,1,1",0.5666666666666667,0.6,0.5752232142857143,0.5333333333333333,0.5714285714285714,0.5517241379310345,0.5669642857142857,0.23570609092712402
"0,1,0,0,0,1,1,1,1,1,0,0,0,1,0,0,1,0,1,0,1",0.5,0.8,0.575,0.4666666666666667,0.5,0.4827586206896552,0.5,0.22734475135803223
"1,0,1,0,1,1,0,0,1,1,1,1,1,1,1,0,1,1,1,1,0",0.6,0.5,0.5736607142857143,0.5714285714285714,0.5714285714285714,0.5714285714285714,0.5982142857142857,0.18981266021728516
"0,0,0,1,1,1,0,0,0,1,0,0,1,0,1,1,1,1,1,0,1",0.6,0.5,0.5736607142857143,0.5714285714285714,0.5714285714285714,0.5714285714285714,0.5982142857142857,0.19110822677612305
"0,0,0,1,0,0,0,0,1,1,0,1,1,1,1,0,1,1,0,0,1",0.5333333333333333,0.7,0.5734375,0.5,0.5,0.5,0.53125,0.18238019943237305
"1,0,0,0,1,1,0,1,0,1,1,1,0,1,1,1,1,0,0,1,0",0.5,0.7,0.5734375,0.4827586206896552,1.0,0.6511627906976745,0.53125,0.22432899475097656
"0,0,0,0,1,1,0,1,0,1,0,1,1,0,1,0,0,0,0,1,0",0.5,0.7,0.5734375,0.4827586206896552,1.0,0.6511627906976745,0.53125,0.19301390647888184
"0,0,0,0,1,0,0,1,1,1,0,1,0,0,0,1,0,1,1,1,0",0.5,0.7,0.5734375,0.4827586206896552,1.0,0.6511627906976745,0.53125,0.20083355903625488
"0,0,0,1,1,1,1,1,1,0,1,0,1,0,1,0,0,0,0,1,0",0.5333333333333333,0.7,0.5734375,0.5,0.5,0.5,0.53125,0.17133450508117676
"0,1,0,1,1,1,1,1,1,1,1,1,0,0,1,0,0,1,1,0,1",0.5333333333333333,0.7,0.5734375,0.5,0.5,0.5,0.53125,0.20081424713134766
"1,1,0,1,0,0,0,0,1,1,0,1,1,1,1,0,1,0,0,1,1",0.5333333333333333,0.7,0.5734375,0.5,0.5,0.5,0.53125,0.20092034339904785
"1,1,0,1,0,0,1,0,1,0,0,1,0,0,0,1,1,1,1,0,0",0.5333333333333333,0.7,0.5734375,0.5,0.5,0.5,0.53125,0.18163299560546875
"0,0,0,1,1,1,1,1,1,0,1,0,1,0,1,0,0,0,1,1,0",0.5333333333333333,0.7,0.5734375,0.5,0.5,0.5,0.53125,0.19108843803405762
"1,1,1,0,0,1,1,1,1,0,1,0,1,1,0,0,1,1,1,1,0",0.5333333333333333,0.7,0.5734375,0.5,0.5,0.5,0.53125,0.2004098892211914
"0,0,0,0,1,0,1,1,0,0,0,1,1,1,1,0,1,0,0,1,0",0.5333333333333333,0.6,0.571875,0.5,1.0,0.6666666666666666,0.5625,0.18357157707214355
"0,0,1,0,1,1,1,1,1,0,0,1,0,0,0,1,0,0,1,1,1",0.5666666666666667,0.6,0.571875,0.5384615384615384,0.5,0.5185185185185185,0.5625,0.19853448867797852
"0,1,0,1,0,1,1,0,0,1,1,0,0,0,0,0,1,1,1,1,0",0.5666666666666667,0.6,0.571875,0.5384615384615384,0.5,0.5185185185185185,0.5625,0.18482518196105957
"0,0,0,0,1,0,1,1,1,0,0,1,1,1,1,0,1,0,1,1,0",0.5333333333333333,0.6,0.571875,0.5,1.0,0.6666666666666666,0.5625,0.1985645294189453
"1,1,0,0,0,0,0,0,0,1,1,1,0,0,0,0,1,1,0,0,1",0.5666666666666667,0.6,0.571875,0.5384615384615384,0.5,0.5185185185185185,0.5625,0.17100787162780762
"0,0,1,1,0,1,0,1,1,1,0,1,1,1,0,1,1,0,1,1,1",0.5,0.8,0.5716517857142858,0.46153846153846156,0.42857142857142855,0.4444444444444444,0.4955357142857143,0.25086164474487305
"1,0,0,0,1,0,0,1,0,1,0,1,0,0,1,0,1,0,0,1,1",0.43333333333333335,1.0,0.5714285714285714,0.38461538461538464,0.35714285714285715,0.37037037037037035,0.4285714285714286,0.2255256175994873
"0,1,0,1,1,1,0,1,1,1,0,0,0,0,1,1,1,0,1,1,0",0.6,0.5,0.5703125,0.5833333333333334,0.5,0.5384615384615384,0.59375,0.20638585090637207
"1,1,1,0,1,1,0,1,1,1,0,1,1,0,1,1,0,0,1,1,0",0.5666666666666667,0.5,0.5703125,0.5185185185185185,1.0,0.6829268292682927,0.59375,0.19277310371398926
"0,0,0,1,0,1,0,0,1,1,0,0,0,1,1,0,1,0,0,1,1",0.5666666666666667,0.5,0.5703125,0.5185185185185185,1.0,0.6829268292682927,0.59375,0.21559643745422363
"0,0,1,0,1,1,0,1,0,1,0,0,0,0,1,0,0,0,1,1,1",0.5333333333333333,0.7,0.5700892857142856,0.5,0.42857142857142855,0.46153846153846156,0.5267857142857143,0.23325157165527344
"1,1,1,0,1,1,1,0,1,0,1,0,1,1,0,0,1,0,0,1,1",0.5,0.7,0.5700892857142856,0.48148148148148145,0.9285714285714286,0.6341463414634146,0.5267857142857143,0.21048259735107422
"1,1,1,1,0,0,0,1,0,0,0,0,0,1,0,1,1,0,0,0,1",0.5333333333333333,0.7,0.5700892857142856,0.5,0.42857142857142855,0.46153846153846156,0.5267857142857143,0.20464682579040527
"1,0,0,1,1,1,1,0,1,1,1,0,0,0,0,0,1,0,1,1,1",0.5333333333333333,0.7,0.5700892857142856,0.5,0.42857142857142855,0.46153846153846156,0.5267857142857143,0.1859149932861328
"1,1,0,1,0,0,0,0,0,0,1,1,0,1,1,0,1,0,1,1,1",0.5333333333333333,0.7,0.5700892857142856,0.5,0.42857142857142855,0.46153846153846156,0.5267857142857143,0.1985485553741455
"0,0,0,1,0,1,1,0,0,1,1,1,1,0,0,0,0,0,1,1,0",0.5666666666666667,0.6,0.5685267857142857,0.5454545454545454,0.42857142857142855,0.48,0.5580357142857143,0.17092275619506836
"0,0,0,1,0,0,0,1,1,0,1,0,0,1,1,0,0,1,0,1,0",0.5666666666666667,0.6,0.5685267857142857,0.5454545454545454,0.42857142857142855,0.48,0.5580357142857143,0.20354080200195312
"0,0,0,1,0,1,1,1,0,0,1,1,1,1,0,0,1,0,1,1,1",0.5333333333333333,0.6,0.5685267857142857,0.5,0.9285714285714286,0.65,0.5580357142857143,0.18262338638305664
"1,0,0,0,1,0,1,0,0,1,0,0,0,0,0,1,1,0,1,1,1",0.5,0.8,0.5683035714285715,0.45454545454545453,0.35714285714285715,0.4,0.4910714285714286,0.19910907745361328
"0,1,1,1,0,0,1,0,1,0,1,0,1,1,0,1,0,0,0,1,1",0.4666666666666667,0.8,0.5683035714285714,0.46153846153846156,0.8571428571428571,0.6,0.49107142857142855,0.21094512939453125
"1,0,0,1,1,0,0,0,1,1,0,1,0,1,1,0,1,0,1,0,1",0.5666666666666667,0.5,0.5669642857142857,0.52,0.9285714285714286,0.6666666666666666,0.5892857142857143,0.20268511772155762
"0,0,0,1,1,0,0,0,1,1,0,1,1,1,1,0,1,0,0,0,1",0.5666666666666667,0.5,0.5669642857142857,0.52,0.9285714285714286,0.6666666666666666,0.5892857142857143,0.2006816864013672
"1,0,1,0,0,0,0,0,0,0,1,0,1,0,1,0,1,0,1,0,1",0.5,0.7,0.5667410714285714,0.48,0.8571428571428571,0.6153846153846154,0.5223214285714286,0.19968771934509277
"0,0,1,0,1,0,0,1,1,1,0,1,1,1,1,0,1,0,0,1,1",0.4666666666666667,0.9,0.5665178571428572,0.4,0.2857142857142857,0.3333333333333333,0.45535714285714285,0.22148513793945312
"0,0,0,0,0,0,0,0,1,0,0,1,0,0,1,0,1,1,0,0,1",0.4666666666666667,0.9,0.5665178571428572,0.4,0.2857142857142857,0.3333333333333333,0.45535714285714285,0.17425036430358887
"0,0,1,1,1,0,0,0,1,0,1,0,1,0,1,1,0,0,1,0,0",0.4666666666666667,0.9,0.5665178571428572,0.4,0.2857142857142857,0.3333333333333333,0.45535714285714285,0.15799236297607422
"0,1,0,1,1,0,1,1,1,0,1,1,0,0,1,1,1,1,0,1,1",0.4666666666666667,0.9,0.5665178571428572,0.4,0.2857142857142857,0.3333333333333333,0.45535714285714285,0.24086833000183105
"0,1,0,0,0,1,1,1,1,1,0,0,1,0,0,0,1,1,1,1,0",0.5333333333333333,0.6,0.5651785714285714,0.5,0.8571428571428571,0.631578947368421,0.5535714285714286,0.18000483512878418
"0,0,1,0,1,1,1,0,1,0,1,0,1,0,1,0,1,0,1,1,1",0.5333333333333333,0.6,0.5651785714285714,0.5,0.8571428571428571,0.631578947368421,0.5535714285714286,0.20604395866394043
"1,0,1,1,0,1,0,0,1,0,1,1,1,0,1,1,0,1,1,1,0",0.5666666666666667,0.6,0.5651785714285714,0.5555555555555556,0.35714285714285715,0.43478260869565216,0.5535714285714286,0.21351122856140137
"1,0,1,1,0,0,1,1,1,1,1,1,1,0,1,1,1,1,0,0,0",0.5666666666666667,0.6,0.5651785714285714,0.5555555555555556,0.35714285714285715,0.43478260869565216,0.5535714285714286,0.19704627990722656
"1,1,0,0,0,1,0,1,0,1,1,1,0,0,0,0,0,0,0,1,1",0.4666666666666667,0.8,0.5649553571428572,0.4583333333333333,0.7857142857142857,0.5789473684210527,0.48660714285714285,0.1855020523071289
"0,0,0,1,1,0,0,1,1,1,0,1,0,0,1,1,1,0,0,1,0",0.5,0.8,0.5649553571428572,0.4444444444444444,0.2857142857142857,0.34782608695652173,0.48660714285714285,0.2097914218902588
"1,0,1,0,0,0,0,0,0,1,0,0,0,1,0,0,0,1,1,1,0",0.5,0.8,0.5649553571428572,0.4444444444444444,0.2857142857142857,0.34782608695652173,0.48660714285714285,0.19523262977600098
"0,1,0,0,1,1,0,0,0,1,1,0,1,0,1,1,0,0,0,1,0",0.6,0.5,0.5636160714285714,0.625,0.35714285714285715,0.45454545454545453,0.5848214285714286,0.2228381633758545
"0,1,0,1,1,0,1,1,1,0,1,1,1,0,0,1,1,1,1,1,1",0.5666666666666667,0.5,0.5636160714285714,0.5217391304347826,0.8571428571428571,0.6486486486486487,0.5848214285714286,0.22647905349731445
"0,0,0,0,0,1,1,1,1,1,0,1,0,0,1,0,1,0,0,0,1",0.5333333333333333,0.7,0.563392857142857,0.5,0.2857142857142857,0.36363636363636365,0.5178571428571428,0.17957592010498047
"0,0,0,1,1,1,1,1,0,1,0,0,1,0,1,0,0,0,1,0,1",0.5333333333333333,0.7,0.563392857142857,0.5,0.2857142857142857,0.36363636363636365,0.5178571428571428,0.19156479835510254
"1,1,0,0,1,0,0,1,0,1,0,0,1,0,1,0,0,0,0,1,0",0.5,0.7,0.563392857142857,0.4782608695652174,0.7857142857142857,0.5945945945945946,0.5178571428571428,0.17330718040466309
"1,0,0,0,1,1,1,1,1,0,0,0,1,0,0,1,0,1,0,1,0",0.5,0.7,0.563392857142857,0.4782608695652174,0.7857142857142857,0.5945945945945946,0.5178571428571428,0.20526671409606934
"0,0,1,0,1,1,1,0,1,0,0,0,1,0,1,1,0,0,1,1,1",0.5333333333333333,0.7,0.563392857142857,0.5,0.2857142857142857,0.36363636363636365,0.5178571428571428,0.21648502349853516
"1,1,1,0,1,0,0,0,1,0,0,1,0,0,0,1,1,1,0,1,1",0.5,0.7,0.563392857142857,0.4782608695652174,0.7857142857142857,0.5945945945945946,0.5178571428571428,0.1921985149383545
"0,1,1,1,0,0,1,1,0,1,1,1,0,0,0,0,1,0,0,1,1",0.5,0.7,0.563392857142857,0.4782608695652174,0.7857142857142857,0.5945945945945946,0.5178571428571428,0.22799205780029297
"1,0,1,0,1,0,1,1,1,0,0,1,1,0,0,0,1,0,1,0,1",0.5333333333333333,0.6,0.5618303571428571,0.5,0.7857142857142857,0.6111111111111112,0.5491071428571428,0.19733572006225586
"1,0,0,0,1,1,1,0,1,0,1,0,1,1,0,0,1,1,1,1,1",0.4666666666666667,0.8,0.5616071428571429,0.45454545454545453,0.7142857142857143,0.5555555555555556,0.48214285714285715,0.21023869514465332
"1,0,0,1,0,0,1,1,0,0,0,1,1,0,1,1,1,1,0,1,1",0.4666666666666667,0.8,0.5616071428571429,0.45454545454545453,0.7142857142857143,0.5555555555555556,0.48214285714285715,0.20061945915222168
"1,1,1,1,0,0,0,0,1,1,0,1,0,0,1,1,0,0,1,0,0",0.5666666666666667,0.5,0.5602678571428571,0.5238095238095238,0.7857142857142857,0.6285714285714286,0.5803571428571428,0.15960431098937988
"1,1,0,1,0,0,0,0,1,1,0,1,1,1,1,0,1,0,0,0,0",0.5666666666666667,0.5,0.5602678571428571,0.5238095238095238,0.7857142857142857,0.6285714285714286,0.5803571428571428,0.16002655029296875
"1,1,1,1,1,0,0,1,0,0,0,1,0,0,1,1,0,0,0,0,0",0.5666666666666667,0.5,0.5602678571428571,0.5238095238095238,0.7857142857142857,0.6285714285714286,0.5803571428571428,0.15247106552124023
"0,0,0,0,0,1,0,1,1,0,0,0,0,1,1,1,1,0,0,1,0",0.5666666666666667,0.5,0.5602678571428571,0.5238095238095238,0.7857142857142857,0.6285714285714286,0.5803571428571428,0.2006821632385254
"1,0,1,0,0,0,0,1,0,0,0,1,1,1,1,1,0,0,0,1,0",0.6,0.5,0.5602678571428571,0.6666666666666666,0.2857142857142857,0.4,0.5803571428571428,0.20513653755187988
"1,0,1,0,1,1,0,1,0,1,0,0,0,1,1,0,1,0,1,1,0",0.6,0.5,0.5602678571428571,0.6666666666666666,0.2857142857142857,0.4,0.5803571428571428,0.15124726295471191
"0,1,1,0,0,0,1,1,1,0,0,1,1,1,0,1,0,1,0,1,0",0.6,0.5,0.5602678571428571,0.6666666666666666,0.2857142857142857,0.4,0.5803571428571428,0.2124767303466797
"0,1,0,0,0,0,0,1,0,1,1,0,0,1,0,0,0,0,0,1,1",0.5333333333333333,0.7,0.5600446428571428,0.5,0.21428571428571427,0.3,0.5133928571428571,0.19747567176818848
"1,1,0,1,0,1,1,1,1,0,1,0,1,0,1,0,0,0,0,1,0",0.5,0.7,0.5600446428571428,0.47619047619047616,0.7142857142857143,0.5714285714285714,0.5133928571428572,0.1799638271331787
"1,1,0,1,0,1,1,0,1,0,1,0,1,0,1,0,0,0,1,1,0",0.5,0.7,0.5600446428571428,0.47619047619047616,0.7142857142857143,0.5714285714285714,0.5133928571428572,0.17576003074645996
"0,1,1,1,1,1,1,1,1,1,1,0,1,0,0,0,1,1,1,1,0",0.5,0.7,0.5600446428571428,0.47619047619047616,0.7142857142857143,0.5714285714285714,0.5133928571428572,0.1782677173614502
"0,0,0,1,1,1,1,1,0,1,0,0,1,0,1,0,0,0,1,1,1",0.5333333333333333,0.7,0.5600446428571428,0.5,0.21428571428571427,0.3,0.5133928571428571,0.18697166442871094
"1,0,0,0,1,1,1,1,0,0,1,0,0,0,1,1,1,1,1,0,0",0.5,0.7,0.5600446428571428,0.47619047619047616,0.7142857142857143,0.5714285714285714,0.5133928571428572,0.1807537078857422
"1,1,0,1,0,1,1,0,1,0,1,0,1,0,1,0,1,0,1,1,0",0.5,0.7,0.5600446428571428,0.47619047619047616,0.7142857142857143,0.5714285714285714,0.5133928571428572,0.1866164207458496
"0,1,1,0,0,0,1,1,0,0,0,0,1,0,1,0,1,0,0,1,0",0.6333333333333333,0.4,0.5587053571428571,0.8,0.2857142857142857,0.42105263157894735,0.6116071428571428,0.1813983917236328
"1,0,0,1,0,0,0,0,1,1,0,1,1,1,1,0,1,0,0,1,0",0.5333333333333333,0.6,0.5584821428571429,0.5,0.7142857142857143,0.5882352941176471,0.5446428571428572,0.18161439895629883
"0,0,1,1,0,0,1,0,1,0,0,1,1,1,0,0,1,1,0,1,1",0.5333333333333333,0.6,0.5584821428571429,0.5,0.7142857142857143,0.5882352941176471,0.5446428571428572,0.20005297660827637
"1,0,0,0,1,1,1,0,0,1,0,0,1,0,0,1,0,0,0,1,1",0.5333333333333333,0.6,0.5584821428571429,0.5,0.7142857142857143,0.5882352941176471,0.5446428571428572,0.19802165031433105
"0,0,1,0,0,0,1,1,1,0,0,1,1,1,0,0,0,0,0,1,1",0.5333333333333333,0.6,0.5584821428571429,0.5,0.7142857142857143,0.5882352941176471,0.5446428571428572,0.17338967323303223
"1,0,1,0,1,1,1,0,1,1,1,1,0,0,1,0,0,1,1,0,1",0.5333333333333333,0.6,0.5584821428571429,0.5,0.7142857142857143,0.5882352941176471,0.5446428571428572,0.19889497756958008
"1,0,1,0,1,1,0,1,0,1,0,0,0,0,1,1,1,0,1,1,1",0.5666666666666667,0.6,0.5584821428571428,0.6,0.21428571428571427,0.3157894736842105,0.5446428571428571,0.22565603256225586
"0,0,0,1,1,1,1,1,0,0,0,1,1,0,0,1,1,1,0,1,0",0.4666666666666667,0.8,0.5582589285714286,0.45,0.6428571428571429,0.5294117647058824,0.47767857142857145,0.20012545585632324
"1,0,0,1,0,1,1,1,1,0,1,0,1,0,1,0,0,0,0,1,1",0.4666666666666667,0.8,0.5582589285714286,0.45,0.6428571428571429,0.5294117647058824,0.47767857142857145,0.19040250778198242
"1,0,1,0,0,1,1,1,1,0,1,0,1,0,1,0,0,0,1,0,1",0.4666666666666667,0.8,0.5582589285714286,0.45,0.6428571428571429,0.5294117647058824,0.47767857142857145,0.1827383041381836
"1,0,1,1,1,0,0,1,0,1,0,0,1,1,1,1,1,0,0,1,1",0.4666666666666667,0.8,0.5582589285714286,0.45,0.6428571428571429,0.5294117647058824,0.47767857142857145,0.21207737922668457
"0,0,0,1,0,1,0,0,0,0,0,0,1,0,0,0,1,0,0,0,1",0.5666666666666667,0.5,0.5569196428571429,0.5263157894736842,0.7142857142857143,0.6060606060606061,0.5758928571428572,0.16013264656066895
"1,1,0,1,0,1,0,1,0,0,1,0,1,1,0,0,1,0,0,1,0",0.6,0.5,0.5569196428571428,0.75,0.21428571428571427,0.3333333333333333,0.5758928571428571,0.18358349800109863
"1,1,1,0,1,0,1,0,1,1,0,0,1,1,1,1,1,1,1,0,1",0.6,0.5,0.5569196428571428,0.75,0.21428571428571427,0.3333333333333333,0.5758928571428571,0.20828509330749512
"1,0,1,0,1,1,0,1,1,0,0,1,0,0,0,1,0,0,1,1,0",0.6,0.5,0.5569196428571428,0.75,0.21428571428571427,0.3333333333333333,0.5758928571428571,0.21909189224243164
"1,0,0,1,0,0,1,1,0,1,1,0,1,1,0,1,1,1,0,0,1",0.6,0.5,0.5569196428571428,0.75,0.21428571428571427,0.3333333333333333,0.5758928571428571,0.20611882209777832
"1,0,0,1,0,1,1,1,0,0,0,1,0,0,1,1,0,1,0,1,0",0.5,0.7,0.5566964285714285,0.47368421052631576,0.6428571428571429,0.5454545454545454,0.5089285714285714,0.21763062477111816
"1,0,0,0,1,1,0,1,1,0,1,0,1,1,1,1,1,1,1,1,1",0.5,0.7,0.5566964285714285,0.47368421052631576,0.6428571428571429,0.5454545454545454,0.5089285714285714,0.19669246673583984
"0,0,0,1,1,1,0,0,0,0,1,1,0,0,0,1,1,0,1,1,1",0.5,0.7,0.5566964285714285,0.47368421052631576,0.6428571428571429,0.5454545454545454,0.5089285714285714,0.20333433151245117
"0,0,0,0,1,0,1,0,1,0,0,1,0,1,1,1,0,1,0,1,1",0.5,0.7,0.5566964285714285,0.47368421052631576,0.6428571428571429,0.5454545454545454,0.5089285714285714,0.2022244930267334
"1,1,1,1,0,0,0,0,1,1,0,0,0,1,0,0,0,1,0,1,0",0.6,0.4,0.5553571428571429,0.5555555555555556,0.7142857142857143,0.625,0.6071428571428572,0.20538067817687988
"0,0,1,1,0,1,0,0,0,0,0,1,1,0,0,1,1,1,0,0,0",0.5666666666666667,0.6,0.5551339285714285,0.6666666666666666,0.14285714285714285,0.23529411764705882,0.5401785714285714,0.1886889934539795
"0,1,0,0,1,1,1,0,1,0,0,0,1,0,1,1,1,0,1,0,0",0.5666666666666667,0.6,0.5551339285714285,0.6666666666666666,0.14285714285714285,0.23529411764705882,0.5401785714285714,0.16871070861816406
"1,1,0,0,1,0,0,0,0,0,0,0,0,0,1,1,1,1,0,1,0",0.5666666666666667,0.6,0.5551339285714285,0.6666666666666666,0.14285714285714285,0.23529411764705882,0.5401785714285714,0.19065213203430176
"0,1,0,1,0,1,1,0,0,1,0,0,1,1,1,0,1,0,0,0,0",0.5666666666666667,0.6,0.5551339285714285,0.6666666666666666,0.14285714285714285,0.23529411764705882,0.5401785714285714,0.18996858596801758
"1,0,1,0,0,1,0,0,0,1,0,1,0,0,1,1,1,0,0,0,1",0.5666666666666667,0.6,0.5551339285714285,0.6666666666666666,0.14285714285714285,0.23529411764705882,0.5401785714285714,0.2089841365814209
"0,0,1,1,0,1,0,1,1,1,0,1,1,1,1,0,0,1,0,0,0",0.5333333333333333,0.6,0.5551339285714285,0.5,0.6428571428571429,0.5625,0.5401785714285714,0.20059466361999512
"0,1,0,1,0,0,1,0,0,1,0,0,0,0,1,0,1,1,1,0,1",0.5666666666666667,0.6,0.5551339285714285,0.6666666666666666,0.14285714285714285,0.23529411764705882,0.5401785714285714,0.21916532516479492
"0,1,1,0,1,1,1,1,0,0,0,1,0,0,0,0,0,1,0,1,1",0.5666666666666667,0.6,0.5551339285714285,0.6666666666666666,0.14285714285714285,0.23529411764705882,0.5401785714285714,0.20603179931640625
"0,0,0,1,1,0,0,1,0,0,0,1,1,0,1,1,1,0,1,1,1",0.4666666666666667,0.8,0.5549107142857144,0.4444444444444444,0.5714285714285714,0.5,0.4732142857142857,0.21642112731933594
"0,1,0,0,1,0,1,0,0,1,0,1,0,0,0,0,1,0,0,1,1",0.4,1.0,0.5546875,0.3888888888888889,0.5,0.4375,0.40625,0.2088918685913086
"1,0,1,0,1,1,0,1,0,1,0,0,0,1,1,0,1,0,1,0,0",0.6,0.5,0.5535714285714286,1.0,0.14285714285714285,0.25,0.5714285714285714,0.15915250778198242
"0,0,0,0,0,0,1,1,1,0,1,0,1,0,1,1,1,1,1,0,0",0.6,0.5,0.5535714285714286,1.0,0.14285714285714285,0.25,0.5714285714285714,0.17929434776306152
"1,0,0,1,0,1,1,1,1,1,0,1,0,0,1,0,0,0,0,1,0",0.5666666666666667,0.5,0.5535714285714286,0.5294117647058824,0.6428571428571429,0.5806451612903226,0.5714285714285714,0.18138360977172852
"0,0,1,1,1,1,0,0,1,1,1,1,1,0,0,0,1,0,1,0,0",0.6,0.5,0.5535714285714286,1.0,0.14285714285714285,0.25,0.5714285714285714,0.1618337631225586
"1,1,0,0,1,1,0,0,0,0,0,0,1,1,0,0,1,1,1,0,0",0.6,0.5,0.5535714285714286,1.0,0.14285714285714285,0.25,0.5714285714285714,0.16597199440002441
"1,1,1,0,0,1,0,0,0,0,0,1,0,0,0,0,1,0,0,1,0",0.6,0.5,0.5535714285714286,1.0,0.14285714285714285,0.25,0.5714285714285714,0.14876580238342285
"1,0,1,0,1,1,0,0,0,1,0,1,1,0,1,0,1,0,0,0,0",0.6,0.5,0.5535714285714286,1.0,0.14285714285714285,0.25,0.5714285714285714,0.17914557456970215
"1,0,0,1,1,1,0,1,0,0,1,1,1,0,0,1,0,0,1,1,1",0.6,0.5,0.5535714285714286,1.0,0.14285714285714285,0.25,0.5714285714285714,0.18310260772705078
"0,0,1,1,1,1,1,0,0,1,0,0,0,0,0,1,0,0,0,0,1",0.6,0.5,0.5535714285714286,1.0,0.14285714285714285,0.25,0.5714285714285714,0.17317724227905273
"1,0,1,1,0,0,1,1,1,1,0,1,1,1,0,0,1,0,0,1,0",0.5,0.7,0.5533482142857142,0.47058823529411764,0.5714285714285714,0.5161290322580645,0.5044642857142857,0.16866111755371094
"0,0,0,0,1,0,1,1,1,0,1,0,0,0,1,0,0,1,0,0,0",0.5,0.7,0.5533482142857142,0.47058823529411764,0.5714285714285714,0.5161290322580645,0.5044642857142857,0.17533564567565918
"0,0,0,1,0,0,0,0,1,1,0,1,1,1,0,1,1,0,1,1,0",0.5,0.7,0.5533482142857142,0.47058823529411764,0.5714285714285714,0.5161290322580645,0.5044642857142857,0.18610501289367676
"1,1,1,1,0,0,1,0,0,0,1,0,0,1,1,0,0,0,0,0,1",0.5,0.7,0.5533482142857142,0.47058823529411764,0.5714285714285714,0.5161290322580645,0.5044642857142857,0.1923215389251709
"1,0,1,1,1,0,0,0,0,1,0,1,1,1,0,0,1,1,1,1,0",0.5,0.7,0.5533482142857142,0.47058823529411764,0.5714285714285714,0.5161290322580645,0.5044642857142857,0.18165016174316406
"0,0,1,1,0,1,1,1,0,0,0,0,1,0,0,1,1,1,0,1,0",0.5333333333333333,0.7,0.5533482142857142,0.5,0.07142857142857142,0.125,0.5044642857142857,0.17478060722351074
"1,0,0,0,1,1,0,0,0,1,1,0,1,1,0,1,0,1,1,1,1",0.5333333333333333,0.6,0.5517857142857143,0.5,0.5714285714285714,0.5333333333333333,0.5357142857142857,0.22089004516601562
"0,1,0,0,0,0,0,1,1,0,0,1,0,1,0,0,1,1,0,1,0",0.5666666666666667,0.5,0.5502232142857143,0.5333333333333333,0.5714285714285714,0.5517241379310345,0.5669642857142857,0.18303394317626953
"1,1,0,0,1,0,0,1,0,0,1,1,0,0,1,0,0,1,1,1,0",0.5666666666666667,0.5,0.5502232142857143,0.5333333333333333,0.5714285714285714,0.5517241379310345,0.5669642857142857,0.18151402473449707
"0,1,0,0,1,0,0,1,1,0,0,0,0,0,0,1,1,1,0,1,0",0.5666666666666667,0.5,0.5502232142857143,0.5333333333333333,0.5714285714285714,0.5517241379310345,0.5669642857142857,0.1553049087524414
"1,1,0,1,0,1,1,0,1,0,0,1,0,1,1,1,0,1,1,0,1",0.5666666666666667,0.5,0.5502232142857143,0.5333333333333333,0.5714285714285714,0.5517241379310345,0.5669642857142857,0.20711493492126465
"1,0,0,0,1,1,1,1,1,0,0,1,0,0,0,1,1,1,1,0,1",0.5,0.7,0.55,0.4666666666666667,0.5,0.4827586206896552,0.5,0.19879865646362305
"0,1,0,1,0,1,1,1,1,1,0,0,0,0,0,1,1,1,1,1,0",0.5,0.7,0.55,0.4666666666666667,0.5,0.4827586206896552,0.5,0.1766495704650879
"1,0,1,0,0,1,0,1,1,1,0,1,1,0,1,1,1,0,1,1,0",0.5,0.7,0.55,0.4666666666666667,0.5,0.4827586206896552,0.5,0.1889791488647461
"1,0,0,1,0,1,1,0,0,1,0,0,1,1,0,1,1,0,0,0,1",0.5,0.7,0.55,0.4666666666666667,0.5,0.4827586206896552,0.5,0.24596428871154785
"0,0,0,0,0,1,1,0,1,1,1,0,0,0,1,0,1,0,1,0,1",0.5,0.7,0.55,0.4666666666666667,0.5,0.4827586206896552,0.5,0.1982109546661377
"1,0,0,1,0,1,1,1,1,1,0,1,0,0,0,1,1,0,1,1,0",0.5,0.6,0.5484375,0.4827586206896552,1.0,0.6511627906976745,0.53125,0.18613195419311523
"0,0,1,1,0,1,0,1,0,0,0,1,1,1,0,1,0,1,1,0,0",0.5333333333333333,0.6,0.5484375,0.5,0.5,0.5,0.53125,0.16634583473205566
"0,0,1,0,0,0,0,1,0,1,1,1,0,1,0,1,0,0,0,1,0",0.5,0.6,0.5484375,0.4827586206896552,1.0,0.6511627906976745,0.53125,0.2020459175109863
"0,0,0,0,0,1,1,0,1,1,0,1,1,1,1,0,1,0,0,0,0",0.5333333333333333,0.6,0.5484375,0.5,0.5,0.5,0.53125,0.18206262588500977
"0,0,0,0,0,1,1,0,1,1,0,1,0,1,1,0,1,0,1,0,0",0.5333333333333333,0.6,0.5484375,0.5,0.5,0.5,0.53125,0.1788797378540039
"1,0,0,0,0,1,0,1,0,1,1,0,0,0,1,0,1,1,0,0,0",0.5,0.6,0.5484375,0.4827586206896552,1.0,0.6511627906976745,0.53125,0.16046452522277832
"1,0,1,1,1,0,1,1,1,1,0,0,1,0,0,1,1,0,1,1,0",0.5,0.6,0.5484375,0.4827586206896552,1.0,0.6511627906976745,0.53125,0.17315363883972168
"1,0,0,1,0,1,0,1,0,1,1,1,0,0,1,1,0,0,0,1,1",0.5,0.6,0.5484375,0.4827586206896552,1.0,0.6511627906976745,0.53125,0.2179110050201416
"1,1,1,0,0,1,1,0,0,0,1,1,1,0,1,1,0,1,1,1,1",0.5333333333333333,0.6,0.5484375,0.5,0.5,0.5,0.53125,0.2274320125579834
"1,1,1,1,0,0,1,1,0,1,0,0,0,0,0,0,0,0,0,0,1",0.4666666666666667,0.8,0.5482142857142858,0.42857142857142855,0.42857142857142855,0.42857142857142855,0.4642857142857143,0.18327569961547852
"1,0,1,1,0,0,0,1,0,1,0,0,1,0,0,0,0,0,1,1,0",0.4666666666666667,0.8,0.5482142857142858,0.42857142857142855,0.42857142857142855,0.42857142857142855,0.4642857142857143,0.16879010200500488
"0,0,1,1,1,1,1,0,1,0,1,0,0,0,0,0,0,1,1,0,1",0.5333333333333333,0.5,0.546875,0.5,1.0,0.6666666666666666,0.5625,0.19634723663330078
"0,0,0,1,0,1,0,0,1,1,0,0,0,1,0,0,1,1,1,1,0",0.5666666666666667,0.5,0.546875,0.5384615384615384,0.5,0.5185185185185185,0.5625,0.19287395477294922
"1,0,0,0,0,1,1,1,1,0,0,1,0,0,0,0,0,0,0,1,0",0.5333333333333333,0.5,0.546875,0.5,1.0,0.6666666666666666,0.5625,0.17765378952026367
"0,0,0,0,0,1,0,0,1,0,0,0,1,0,0,1,1,1,0,1,1",0.5333333333333333,0.5,0.546875,0.5,1.0,0.6666666666666666,0.5625,0.22743988037109375
"0,0,1,0,1,0,1,1,0,0,0,1,0,1,1,0,0,0,0,0,1",0.5666666666666667,0.5,0.546875,0.5384615384615384,0.5,0.5185185185185185,0.5625,0.20906615257263184
"1,0,0,0,1,0,0,1,0,0,1,1,0,0,1,0,1,0,1,1,1",0.5333333333333333,0.5,0.546875,0.5,1.0,0.6666666666666666,0.5625,0.19721555709838867
"0,0,1,0,0,0,0,1,0,1,1,1,0,0,0,1,1,0,0,0,0",0.5333333333333333,0.5,0.546875,0.5,1.0,0.6666666666666666,0.5625,0.15579915046691895
"1,0,0,1,0,0,0,0,1,1,0,1,1,1,1,0,1,0,0,0,1",0.5333333333333333,0.5,0.546875,0.5,1.0,0.6666666666666666,0.5625,0.19086718559265137
"1,1,1,1,1,0,1,0,0,1,0,1,0,0,0,1,0,1,1,0,1",0.5333333333333333,0.5,0.546875,0.5,1.0,0.6666666666666666,0.5625,0.2028515338897705
"0,1,0,0,0,0,0,0,0,0,0,0,1,1,1,0,1,0,1,1,1",0.5333333333333333,0.5,0.546875,0.5,1.0,0.6666666666666666,0.5625,0.17262935638427734
"0,0,1,0,0,1,0,0,1,1,0,0,0,0,0,0,1,1,1,0,1",0.5333333333333333,0.5,0.546875,0.5,1.0,0.6666666666666666,0.5625,0.16871356964111328
"0,1,1,1,0,1,1,0,1,1,0,0,1,1,0,0,0,0,1,0,1",0.5666666666666667,0.5,0.546875,0.5384615384615384,0.5,0.5185185185185185,0.5625,0.19095683097839355
"0,0,1,0,0,1,1,1,1,0,0,1,1,1,1,1,0,0,0,1,0",0.5,0.7,0.5466517857142856,0.46153846153846156,0.42857142857142855,0.4444444444444444,0.4955357142857143,0.19238805770874023
"1,1,1,0,1,1,0,1,0,1,1,1,1,1,1,1,1,1,0,0,1",0.4666666666666667,0.7,0.5466517857142856,0.4642857142857143,0.9285714285714286,0.6190476190476191,0.4955357142857143,0.21875357627868652
"1,0,0,1,0,1,0,1,0,1,1,1,1,1,1,0,1,0,0,0,0",0.5,0.6,0.5450892857142857,0.48148148148148145,0.9285714285714286,0.6341463414634146,0.5267857142857143,0.1692490577697754
"1,0,0,1,0,1,0,1,1,1,1,1,1,1,1,1,1,0,1,0,0",0.5,0.6,0.5450892857142857,0.48148148148148145,0.9285714285714286,0.6341463414634146,0.5267857142857143,0.19685792922973633
"0,0,0,1,1,1,1,0,0,1,1,1,0,0,0,0,1,0,0,0,1",0.5333333333333333,0.6,0.5450892857142857,0.5,0.42857142857142855,0.46153846153846156,0.5267857142857143,0.1823275089263916
"1,0,0,1,1,0,0,0,1,1,0,1,0,0,0,1,0,0,1,1,0",0.5333333333333333,0.6,0.5450892857142857,0.5,0.42857142857142855,0.46153846153846156,0.5267857142857143,0.19729208946228027
"0,1,0,1,1,1,1,1,0,0,0,0,0,1,1,1,1,1,0,1,0",0.5333333333333333,0.6,0.5450892857142857,0.5,0.42857142857142855,0.46153846153846156,0.5267857142857143,0.17489290237426758
"1,0,0,1,1,0,0,0,1,1,0,1,0,1,0,1,1,0,1,1,0",0.5333333333333333,0.6,0.5450892857142857,0.5,0.42857142857142855,0.46153846153846156,0.5267857142857143,0.22426342964172363
"1,0,0,1,1,0,0,0,1,1,0,1,0,1,0,1,0,0,1,1,0",0.5333333333333333,0.6,0.5450892857142857,0.5,0.42857142857142855,0.46153846153846156,0.5267857142857143,0.2093968391418457
"1,1,1,0,0,1,1,0,0,0,0,1,0,1,0,1,0,0,1,0,1",0.5,0.6,0.5450892857142857,0.48148148148148145,0.9285714285714286,0.6341463414634146,0.5267857142857143,0.19665765762329102
"0,1,1,0,0,0,1,1,1,1,0,1,0,0,1,0,1,0,0,1,0",0.4666666666666667,0.8,0.5448660714285715,0.4166666666666667,0.35714285714285715,0.38461538461538464,0.4598214285714286,0.2072763442993164
"0,0,1,0,1,0,1,1,1,0,0,1,0,0,0,1,1,0,1,1,0",0.4666666666666667,0.8,0.5448660714285715,0.4166666666666667,0.35714285714285715,0.38461538461538464,0.4598214285714286,0.22530031204223633
"1,0,0,1,0,1,1,1,1,0,1,0,1,0,0,0,1,0,1,1,0",0.43333333333333335,0.8,0.5448660714285714,0.4444444444444444,0.8571428571428571,0.5853658536585366,0.45982142857142855,0.20022916793823242
"1,0,0,0,1,0,0,1,0,0,1,1,0,0,0,0,0,0,1,1,0",0.5666666666666667,0.5,0.5435267857142857,0.5454545454545454,0.42857142857142855,0.48,0.5580357142857143,0.16764092445373535
"0,1,0,0,0,1,1,1,0,1,1,0,1,1,1,0,0,0,1,1,1",0.5666666666666667,0.5,0.5435267857142857,0.5454545454545454,0.42857142857142855,0.48,0.5580357142857143,0.1806337833404541
"1,1,0,0,1,0,1,0,0,1,1,0,1,0,0,0,1,1,0,0,0",0.5666666666666667,0.5,0.5435267857142857,0.5454545454545454,0.42857142857142855,0.48,0.5580357142857143,0.15269756317138672
"1,1,0,1,0,1,0,1,1,1,0,0,0,0,1,0,1,1,1,0,0",0.5666666666666667,0.5,0.5435267857142857,0.5454545454545454,0.42857142857142855,0.48,0.5580357142857143,0.17797207832336426
"0,1,1,0,1,0,0,0,0,0,0,0,1,0,1,1,0,1,1,1,0",0.5333333333333333,0.5,0.5435267857142857,0.5,0.9285714285714286,0.65,0.5580357142857143,0.1679363250732422
"1,1,0,1,1,0,0,1,1,1,1,0,1,1,1,0,0,0,0,0,1",0.5,0.7,0.5433035714285714,0.45454545454545453,0.35714285714285715,0.4,0.4910714285714286,0.17926645278930664
"0,0,0,1,1,0,1,1,1,0,0,0,0,1,0,1,0,1,1,0,0",0.5,0.7,0.5433035714285714,0.45454545454545453,0.35714285714285715,0.4,0.4910714285714286,0.1591651439666748
"1,0,0,1,0,1,0,0,1,1,1,0,0,1,1,0,1,1,1,0,0",0.4666666666666667,0.7,0.5433035714285714,0.46153846153846156,0.8571428571428571,0.6,0.49107142857142855,0.18296313285827637
"1,0,0,1,0,1,1,1,0,1,0,1,0,0,0,1,0,0,1,1,1",0.4666666666666667,0.7,0.5433035714285714,0.46153846153846156,0.8571428571428571,0.6,0.49107142857142855,0.2020719051361084
"1,0,0,1,0,1,0,0,1,0,1,0,1,0,1,0,1,0,1,1,1",0.4666666666666667,0.7,0.5433035714285714,0.46153846153846156,0.8571428571428571,0.6,0.49107142857142855,0.22925043106079102
"1,0,1,1,1,0,0,0,0,1,0,0,1,1,1,0,1,0,0,0,1",0.43333333333333335,0.9,0.5430803571428572,0.36363636363636365,0.2857142857142857,0.32,0.42410714285714285,0.19725871086120605
"1,0,0,1,1,0,0,0,1,1,0,1,1,1,1,0,1,1,0,0,1",0.5333333333333333,0.6,0.5417410714285715,0.5,0.35714285714285715,0.4166666666666667,0.5223214285714286,0.18417906761169434
"1,0,0,1,0,0,1,1,1,0,0,1,1,0,0,0,1,1,0,1,0",0.5333333333333333,0.6,0.5417410714285715,0.5,0.35714285714285715,0.4166666666666667,0.5223214285714286,0.2189326286315918
"1,0,0,1,0,1,1,1,0,1,0,1,0,0,1,0,0,0,1,1,0",0.5333333333333333,0.6,0.5417410714285715,0.5,0.35714285714285715,0.4166666666666667,0.5223214285714286,0.17080378532409668
"1,0,0,1,1,0,0,0,1,1,0,1,0,1,1,0,1,1,0,0,1",0.5333333333333333,0.6,0.5417410714285715,0.5,0.35714285714285715,0.4166666666666667,0.5223214285714286,0.2132883071899414
"1,0,0,1,0,1,0,1,0,1,1,1,1,1,1,1,0,1,0,1,1",0.5,0.6,0.5417410714285715,0.48,0.8571428571428571,0.6153846153846154,0.5223214285714286,0.20909619331359863
"1,0,1,1,1,0,1,0,0,1,0,1,0,1,0,0,1,0,0,0,1",0.5333333333333333,0.6,0.5417410714285714,0.5,0.35714285714285715,0.4166666666666667,0.5223214285714286,0.216660737991333
"1,0,0,0,1,1,0,1,1,1,1,1,0,0,0,0,1,0,0,1,1",0.5,0.6,0.5417410714285714,0.48,0.8571428571428571,0.6153846153846154,0.5223214285714286,0.20436334609985352
"0,0,0,0,0,1,1,1,0,0,1,0,1,1,1,0,1,1,1,0,0",0.5,0.6,0.5417410714285714,0.48,0.8571428571428571,0.6153846153846154,0.5223214285714286,0.182875394821167
"0,0,1,1,0,1,1,0,1,1,0,1,1,1,0,0,1,0,1,0,1",0.43333333333333335,0.8,0.5415178571428572,0.44,0.7857142857142857,0.5641025641025641,0.45535714285714285,0.21462082862854004
"1,0,1,0,0,1,1,0,1,0,1,0,1,0,1,0,1,0,1,1,1",0.43333333333333335,0.8,0.5415178571428572,0.44,0.7857142857142857,0.5641025641025641,0.45535714285714285,0.21456527709960938
"1,0,0,1,0,1,1,1,1,0,1,0,1,0,0,0,0,0,1,1,1",0.43333333333333335,0.8,0.5415178571428572,0.44,0.7857142857142857,0.5641025641025641,0.45535714285714285,0.19844317436218262
"0,1,0,0,0,0,0,0,1,1,1,0,0,1,0,1,1,1,0,1,1",0.4,1.0,0.5412946428571428,0.3,0.21428571428571427,0.25,0.38839285714285715,0.19848251342773438
"0,0,1,0,0,1,0,0,1,1,0,0,0,1,1,0,1,1,1,1,0",0.5333333333333333,0.5,0.5401785714285714,0.5,0.8571428571428571,0.631578947368421,0.5535714285714286,0.20409536361694336
"1,0,0,1,1,0,0,0,0,1,0,1,0,0,1,0,1,0,1,1,1",0.5333333333333333,0.5,0.5401785714285714,0.5,0.8571428571428571,0.631578947368421,0.5535714285714286,0.21794486045837402
"0,0,0,0,1,0,1,1,0,0,1,0,0,0,0,0,1,1,1,0,1",0.5666666666666667,0.5,0.5401785714285714,0.5555555555555556,0.35714285714285715,0.43478260869565216,0.5535714285714286,0.20702815055847168
"1,0,0,1,1,0,0,0,1,1,0,1,0,1,0,1,1,0,0,1,1",0.5666666666666667,0.5,0.5401785714285714,0.5555555555555556,0.35714285714285715,0.43478260869565216,0.5535714285714286,0.23124432563781738
"1,1,1,1,0,0,1,0,1,0,0,0,0,1,1,1,1,0,1,1,1",0.5,0.7,0.5399553571428571,0.4444444444444444,0.2857142857142857,0.34782608695652173,0.48660714285714285,0.21100950241088867
"1,1,1,0,1,1,1,1,0,0,1,0,0,1,1,0,1,1,0,1,1",0.4666666666666667,0.7,0.5399553571428571,0.4583333333333333,0.7857142857142857,0.5789473684210527,0.48660714285714285,0.22915434837341309
"0,0,0,1,1,0,0,1,1,1,0,1,0,0,0,0,0,0,1,1,0",0.5,0.7,0.5399553571428571,0.4444444444444444,0.2857142857142857,0.34782608695652173,0.48660714285714285,0.16277003288269043
"0,0,1,0,1,0,0,1,1,0,0,0,1,1,0,1,0,1,1,0,0",0.5,0.7,0.5399553571428571,0.4444444444444444,0.2857142857142857,0.34782608695652173,0.48660714285714285,0.17736339569091797
"0,1,0,1,1,0,0,1,1,1,1,0,0,0,0,0,1,1,0,0,1",0.5,0.7,0.5399553571428571,0.4444444444444444,0.2857142857142857,0.34782608695652173,0.48660714285714285,0.1884477138519287
"0,0,1,0,1,0,0,1,1,1,0,0,0,1,0,1,0,1,1,0,0",0.5,0.7,0.5399553571428571,0.4444444444444444,0.2857142857142857,0.34782608695652173,0.48660714285714285,0.14789152145385742
"0,0,1,0,1,1,1,1,1,0,0,1,0,0,0,1,0,0,0,0,0",0.5666666666666667,0.4,0.5386160714285715,0.5217391304347826,0.8571428571428571,0.6486486486486487,0.5848214285714286,0.15649032592773438
"0,0,1,0,1,1,1,1,1,0,0,1,0,0,0,1,1,0,1,0,0",0.5666666666666667,0.4,0.5386160714285715,0.5217391304347826,0.8571428571428571,0.6486486486486487,0.5848214285714286,0.15727663040161133
"0,1,0,1,0,1,1,1,0,0,0,0,0,0,0,1,1,0,0,0,0",0.5666666666666667,0.4,0.5386160714285715,0.5217391304347826,0.8571428571428571,0.6486486486486487,0.5848214285714286,0.14681339263916016
"0,0,1,0,1,1,1,0,1,0,0,1,1,0,0,1,1,0,1,0,0",0.5666666666666667,0.4,0.5386160714285715,0.5217391304347826,0.8571428571428571,0.6486486486486487,0.5848214285714286,0.1396338939666748
"1,0,1,0,0,1,1,1,1,1,0,0,1,1,0,1,0,0,0,0,0",0.5666666666666667,0.4,0.5386160714285715,0.5217391304347826,0.8571428571428571,0.6486486486486487,0.5848214285714286,0.15823054313659668
"0,0,1,0,1,1,1,1,1,0,0,1,0,0,0,1,0,0,1,0,0",0.5666666666666667,0.4,0.5386160714285715,0.5217391304347826,0.8571428571428571,0.6486486486486487,0.5848214285714286,0.15197348594665527
"1,0,1,0,0,1,0,1,0,1,0,0,1,0,0,0,1,0,1,0,0",0.5666666666666667,0.4,0.5386160714285715,0.5217391304347826,0.8571428571428571,0.6486486486486487,0.5848214285714286,0.14698147773742676
"0,0,1,0,1,1,0,1,0,0,0,0,0,1,0,1,1,0,0,0,0",0.5666666666666667,0.4,0.5386160714285715,0.5217391304347826,0.8571428571428571,0.6486486486486487,0.5848214285714286,0.14902591705322266
"0,1,0,0,1,1,0,1,0,0,0,1,1,0,0,0,1,0,0,0,0",0.5666666666666667,0.4,0.5386160714285715,0.5217391304347826,0.8571428571428571,0.6486486486486487,0.5848214285714286,0.1306774616241455
"0,0,1,0,1,1,1,1,1,1,0,1,0,0,0,1,1,0,1,0,0",0.5666666666666667,0.4,0.5386160714285715,0.5217391304347826,0.8571428571428571,0.6486486486486487,0.5848214285714286,0.14543962478637695
"1,0,0,1,0,1,1,1,0,1,0,1,0,0,0,1,1,0,0,0,0",0.5666666666666667,0.4,0.5386160714285715,0.5217391304347826,0.8571428571428571,0.6486486486486487,0.5848214285714286,0.18617892265319824
"0,0,1,1,0,1,0,0,1,1,0,0,1,0,0,0,0,0,0,0,0",0.5666666666666667,0.4,0.5386160714285715,0.5217391304347826,0.8571428571428571,0.6486486486486487,0.5848214285714286,0.1457970142364502
"0,1,0,0,1,0,0,0,0,1,0,0,0,1,1,1,1,0,0,0,1",0.5666666666666667,0.4,0.5386160714285715,0.5217391304347826,0.8571428571428571,0.6486486486486487,0.5848214285714286,0.1712803840637207
"1,0,0,1,0,1,1,1,1,1,0,1,0,0,0,0,0,0,1,0,0",0.5666666666666667,0.4,0.5386160714285715,0.5217391304347826,0.8571428571428571,0.6486486486486487,0.5848214285714286,0.15646743774414062
"1,1,0,0,0,1,1,0,0,0,1,1,0,1,1,0,1,0,1,1,1",0.5,0.6,0.5383928571428571,0.4782608695652174,0.7857142857142857,0.5945945945945946,0.5178571428571428,0.2007617950439453
"1,1,1,0,0,1,0,0,0,0,0,0,0,1,0,0,1,1,1,1,1",0.5333333333333333,0.6,0.5383928571428571,0.5,0.2857142857142857,0.36363636363636365,0.5178571428571428,0.20774078369140625
"1,0,1,0,0,1,1,1,1,0,1,0,1,0,1,0,1,0,1,1,1",0.5,0.6,0.5383928571428571,0.4782608695652174,0.7857142857142857,0.5945945945945946,0.5178571428571428,0.22396063804626465
"0,1,0,1,0,1,0,0,1,1,0,0,0,1,1,0,1,0,1,1,0",0.5,0.6,0.5383928571428571,0.4782608695652174,0.7857142857142857,0.5945945945945946,0.5178571428571428,0.18270325660705566
"1,1,0,1,0,0,0,0,0,0,0,0,1,0,1,1,0,1,0,0,0",0.5333333333333333,0.6,0.5383928571428571,0.5,0.2857142857142857,0.36363636363636365,0.5178571428571428,0.17401528358459473
"1,0,1,0,0,1,1,1,0,0,0,1,1,0,1,1,1,0,1,1,1",0.43333333333333335,0.8,0.5381696428571429,0.43478260869565216,0.7142857142857143,0.5405405405405406,0.45089285714285715,0.2181987762451172
"1,0,1,1,1,0,0,1,0,1,0,1,0,1,1,0,1,0,0,0,1",0.4666666666666667,0.8,0.5381696428571429,0.375,0.21428571428571427,0.2727272727272727,0.45089285714285715,0.2069106101989746
"0,0,0,0,1,0,0,1,1,1,1,0,0,1,1,1,1,1,0,0,0",0.4666666666666667,0.8,0.5381696428571429,0.375,0.21428571428571427,0.2727272727272727,0.45089285714285715,0.1698288917541504
"0,1,0,1,0,0,0,1,1,0,1,0,1,1,1,0,1,1,1,1,0",0.6333333333333333,0.3,0.5370535714285715,0.7142857142857143,0.35714285714285715,0.47619047619047616,0.6160714285714286,0.2091202735900879
"0,0,0,1,0,1,0,1,0,1,0,1,0,1,1,0,0,1,1,0,0",0.5333333333333333,0.5,0.5368303571428571,0.5,0.7857142857142857,0.6111111111111112,0.5491071428571428,0.16568708419799805
"1,0,0,1,1,1,1,1,1,1,0,1,0,1,0,0,1,0,0,1,1",0.5666666666666667,0.5,0.5368303571428571,0.5714285714285714,0.2857142857142857,0.38095238095238093,0.5491071428571428,0.22620248794555664
"0,0,1,0,1,1,1,0,0,1,1,1,0,0,0,0,1,1,0,0,1",0.5666666666666667,0.5,0.5368303571428571,0.5714285714285714,0.2857142857142857,0.38095238095238093,0.5491071428571428,0.21085524559020996
"0,0,0,0,1,1,0,1,1,0,0,1,1,1,1,0,1,1,1,0,0",0.5333333333333333,0.5,0.5368303571428571,0.5,0.7857142857142857,0.6111111111111112,0.5491071428571428,0.18283677101135254
"1,0,1,0,0,1,1,1,0,1,0,1,0,0,1,1,0,1,0,0,0",0.5333333333333333,0.5,0.5368303571428571,0.5,0.7857142857142857,0.6111111111111112,0.5491071428571428,0.17465901374816895
"1,1,1,0,0,0,0,0,1,1,1,0,0,0,0,0,0,0,1,1,1",0.5666666666666667,0.5,0.5368303571428571,0.5714285714285714,0.2857142857142857,0.38095238095238093,0.5491071428571428,0.18156695365905762
"1,0,0,1,1,1,1,1,0,0,0,1,0,1,0,0,0,0,0,1,1",0.5666666666666667,0.5,0.5368303571428571,0.5714285714285714,0.2857142857142857,0.38095238095238093,0.5491071428571428,0.20266509056091309
"0,0,1,0,1,1,1,0,1,1,1,1,0,0,0,0,1,1,0,0,1",0.5666666666666667,0.5,0.5368303571428571,0.5714285714285714,0.2857142857142857,0.38095238095238093,0.5491071428571428,0.18655920028686523
"1,0,0,1,0,1,1,1,1,0,1,0,1,0,1,0,0,0,0,0,0",0.4666666666666667,0.7,0.5366071428571428,0.45454545454545453,0.7142857142857143,0.5555555555555556,0.48214285714285715,0.1667933464050293
"1,0,1,0,0,1,1,1,1,0,1,0,1,0,1,0,0,0,0,0,0",0.4666666666666667,0.7,0.5366071428571428,0.45454545454545453,0.7142857142857143,0.5555555555555556,0.48214285714285715,0.1507406234741211
"0,0,1,0,0,0,1,1,0,1,0,1,0,0,0,1,1,1,0,1,0",0.4666666666666667,0.7,0.5366071428571428,0.45454545454545453,0.7142857142857143,0.5555555555555556,0.48214285714285715,0.19017553329467773
"1,0,1,0,0,1,1,1,1,0,1,0,1,0,1,0,1,0,0,0,0",0.4666666666666667,0.7,0.5366071428571428,0.45454545454545453,0.7142857142857143,0.5555555555555556,0.48214285714285715,0.19469332695007324
"0,1,1,1,1,1,0,1,1,0,1,0,1,1,1,0,1,0,1,0,0",0.4,0.9,0.5363839285714286,0.4090909090909091,0.6428571428571429,0.5,0.41517857142857145,0.17281699180603027
"1,1,1,1,1,0,0,1,0,1,0,1,0,1,0,1,1,1,0,1,0",0.5666666666666667,0.4,0.5352678571428571,0.5238095238095238,0.7857142857142857,0.6285714285714286,0.5803571428571428,0.1949925422668457
"0,1,1,0,0,0,0,1,1,1,1,0,0,1,0,0,0,0,0,0,0",0.5,0.6,0.5350446428571429,0.47619047619047616,0.7142857142857143,0.5714285714285714,0.5133928571428572,0.14562344551086426
"1,0,0,0,0,0,0,0,0,1,0,1,1,0,1,0,0,0,0,0,0",0.5,0.6,0.5350446428571429,0.47619047619047616,0.7142857142857143,0.5714285714285714,0.5133928571428572,0.1464836597442627
"0,0,0,1,0,0,0,1,0,0,1,0,0,1,1,0,0,0,0,0,0",0.5,0.6,0.5350446428571429,0.47619047619047616,0.7142857142857143,0.5714285714285714,0.5133928571428572,0.15462660789489746
"0,0,0,0,1,1,1,0,1,0,1,0,1,1,1,1,1,0,0,0,0",0.5,0.6,0.5350446428571429,0.47619047619047616,0.7142857142857143,0.5714285714285714,0.5133928571428572,0.1634223461151123
"1,0,0,1,0,0,1,0,0,1,0,1,0,1,1,1,1,1,1,1,1",0.5333333333333333,0.6,0.5350446428571428,0.5,0.21428571428571427,0.3,0.5133928571428571,0.20900654792785645
"0,0,1,1,0,0,0,1,1,1,1,1,0,0,0,1,1,1,0,0,1",0.5333333333333333,0.6,0.5350446428571428,0.5,0.21428571428571427,0.3,0.5133928571428571,0.2115170955657959
"1,0,1,0,0,0,0,0,1,1,1,1,1,0,0,0,1,1,0,0,1",0.5333333333333333,0.6,0.5350446428571428,0.5,0.21428571428571427,0.3,0.5133928571428571,0.19819903373718262
"1,0,1,0,1,0,1,1,0,0,1,1,1,1,1,1,1,0,1,1,1",0.5333333333333333,0.6,0.5350446428571428,0.5,0.21428571428571427,0.3,0.5133928571428571,0.20006990432739258
"0,0,1,0,0,1,1,1,1,0,0,1,0,1,0,1,0,1,1,1,0",0.5333333333333333,0.6,0.5350446428571428,0.5,0.21428571428571427,0.3,0.5133928571428571,0.18697619438171387
"1,0,1,1,1,0,1,1,0,0,1,1,1,1,0,1,1,1,0,0,1",0.5333333333333333,0.6,0.5350446428571428,0.5,0.21428571428571427,0.3,0.5133928571428571,0.23578190803527832
"1,1,1,0,1,0,1,1,0,0,0,1,0,1,1,0,1,0,1,1,1",0.4666666666666667,0.8,0.5348214285714286,0.3333333333333333,0.1428571428571428,0.2,0.4464285714285714,0.195357084274292
"0,1,1,1,1,1,0,0,0,0,1,0,0,1,1,1,1,0,0,1,0",0.43333333333333335,0.8,0.5348214285714286,0.42857142857142855,0.6428571428571429,0.5142857142857142,0.44642857142857145,0.1939833164215088
"0,0,0,0,1,0,0,0,0,0,0,1,1,1,0,0,1,0,1,1,1",0.5333333333333333,0.5,0.5334821428571429,0.5,0.7142857142857143,0.5882352941176471,0.5446428571428572,0.17401552200317383
"1,1,1,0,0,0,0,1,1,0,0,1,0,0,0,1,1,1,0,0,0",0.5333333333333333,0.5,0.5334821428571429,0.5,0.7142857142857143,0.5882352941176471,0.5446428571428572,0.1970982551574707
"0,0,1,0,1,1,1,1,0,1,0,1,0,0,1,1,0,1,0,0,0",0.5333333333333333,0.5,0.5334821428571429,0.5,0.7142857142857143,0.5882352941176471,0.5446428571428572,0.2082440853118896
"0,1,1,1,0,1,1,0,1,0,1,1,1,0,1,0,1,0,1,1,0",0.5333333333333333,0.5,0.5334821428571429,0.5,0.7142857142857143,0.5882352941176471,0.5446428571428572,0.1893467903137207
"1,0,0,0,0,0,1,1,1,0,0,0,1,0,1,0,1,0,1,1,0",0.5333333333333333,0.5,0.5334821428571429,0.5,0.7142857142857143,0.5882352941176471,0.5446428571428572,0.20226383209228516
"0,1,1,0,1,0,0,1,1,0,1,0,1,0,0,1,0,0,1,1,1",0.5333333333333333,0.5,0.5334821428571429,0.5,0.7142857142857143,0.5882352941176471,0.5446428571428572,0.22154664993286133
"1,1,0,0,0,0,0,1,1,1,1,1,0,1,0,0,1,0,1,0,0",0.5666666666666667,0.5,0.5334821428571428,0.6,0.21428571428571427,0.3157894736842105,0.5446428571428571,0.17405962944030762
"1,1,0,1,1,0,1,1,0,0,1,1,0,0,0,0,1,0,1,0,0",0.5666666666666667,0.5,0.5334821428571428,0.6,0.21428571428571427,0.3157894736842105,0.5446428571428571,0.16322684288024902
"1,1,1,1,1,0,0,1,1,0,1,0,0,0,0,0,0,0,0,0,0",0.5666666666666667,0.5,0.5334821428571428,0.6,0.21428571428571427,0.3157894736842105,0.5446428571428571,0.1602034568786621
"1,0,1,1,0,0,1,0,0,1,1,1,1,1,0,0,1,0,0,0,0",0.5666666666666667,0.5,0.5334821428571428,0.6,0.21428571428571427,0.3157894736842105,0.5446428571428571,0.17329955101013184
"0,0,1,0,1,1,0,0,0,0,0,1,0,0,1,1,0,0,0,1,0",0.5666666666666667,0.5,0.5334821428571428,0.6,0.21428571428571427,0.3157894736842105,0.5446428571428571,0.19158148765563965
"1,1,1,1,1,0,1,0,1,0,1,0,0,0,0,1,0,0,0,0,0",0.5666666666666667,0.5,0.5334821428571428,0.6,0.21428571428571427,0.3157894736842105,0.5446428571428571,0.1697864532470703
"0,0,0,0,1,1,0,0,0,1,1,0,0,0,1,1,0,1,1,0,1",0.5666666666666667,0.5,0.5334821428571428,0.6,0.21428571428571427,0.3157894736842105,0.5446428571428571,0.23168611526489258
"1,0,1,0,0,0,1,0,1,0,0,0,0,0,0,0,1,0,1,0,1",0.5666666666666667,0.5,0.5334821428571428,0.6,0.21428571428571427,0.3157894736842105,0.5446428571428571,0.20336151123046875
"0,1,0,0,1,0,0,1,0,1,0,1,1,1,1,1,1,1,1,1,1",0.5666666666666667,0.5,0.5334821428571428,0.6,0.21428571428571427,0.3157894736842105,0.5446428571428571,0.20795035362243652
"0,1,1,1,1,0,0,1,0,0,0,1,1,1,1,1,0,0,1,0,0",0.5666666666666667,0.5,0.5334821428571428,0.6,0.21428571428571427,0.3157894736842105,0.5446428571428571,0.18110179901123047
"1,1,0,0,0,0,0,1,1,1,1,1,0,1,0,1,0,0,0,0,0",0.5666666666666667,0.5,0.5334821428571428,0.6,0.21428571428571427,0.3157894736842105,0.5446428571428571,0.15021276473999023
"0,1,0,1,1,1,0,0,1,1,0,1,1,1,1,0,1,0,1,1,1",0.5666666666666667,0.5,0.5334821428571428,0.6,0.21428571428571427,0.3157894736842105,0.5446428571428571,0.20362448692321777
"0,0,0,1,0,1,0,0,1,1,0,0,0,0,0,1,1,0,0,1,1",0.4666666666666667,0.7,0.5332589285714286,0.45,0.6428571428571429,0.5294117647058824,0.47767857142857145,0.17270374298095703
"1,0,1,0,0,0,0,1,1,1,1,0,0,0,1,0,0,0,0,1,0",0.5,0.7,0.5332589285714285,0.4,0.1428571428571428,0.2105263157894736,0.4776785714285714,0.2090399265289306
"0,1,1,0,1,1,1,1,1,0,0,1,0,0,0,1,1,0,1,1,1",0.5333333333333333,0.6,0.5316964285714285,0.5,0.14285714285714285,0.2222222222222222,0.5089285714285714,0.18133950233459473
"0,0,1,0,1,1,1,1,1,1,0,1,0,0,0,0,0,0,1,1,0",0.5,0.6,0.5316964285714285,0.47368421052631576,0.6428571428571429,0.5454545454545454,0.5089285714285714,0.18044447898864746
"0,1,0,0,0,0,0,0,0,1,0,1,1,0,1,1,1,0,1,1,0",0.5333333333333333,0.6,0.5316964285714285,0.5,0.14285714285714285,0.2222222222222222,0.5089285714285714,0.19278693199157715
"0,1,1,0,1,0,0,0,0,1,0,0,0,1,0,1,0,0,0,0,1",0.5,0.6,0.5316964285714285,0.47368421052631576,0.6428571428571429,0.5454545454545454,0.5089285714285714,0.1872878074645996
"1,0,0,1,1,0,0,0,1,1,0,1,0,1,0,0,1,0,0,1,1",0.5333333333333333,0.6,0.5316964285714285,0.5,0.14285714285714285,0.2222222222222222,0.5089285714285714,0.22789549827575684
"0,0,1,0,0,1,1,0,0,0,1,0,1,1,1,0,1,0,0,0,1",0.5,0.6,0.5316964285714285,0.47368421052631576,0.6428571428571429,0.5454545454545454,0.5089285714285714,0.17681145668029785
"0,1,0,0,1,1,1,0,0,1,1,0,0,0,1,1,0,1,0,1,1",0.5333333333333333,0.6,0.5316964285714285,0.5,0.14285714285714285,0.2222222222222222,0.5089285714285714,0.22487854957580566
"0,0,1,0,1,0,0,0,1,1,0,1,1,1,1,0,1,0,0,1,1",0.5,0.6,0.5316964285714285,0.47368421052631576,0.6428571428571429,0.5454545454545454,0.5089285714285714,0.22607851028442383
"1,1,0,0,1,0,0,1,1,1,1,0,0,0,0,1,0,0,1,1,0",0.5333333333333333,0.6,0.5316964285714285,0.5,0.14285714285714285,0.2222222222222222,0.5089285714285714,0.17644810676574707
"1,0,0,0,0,0,1,0,1,1,1,0,1,0,0,0,1,0,0,1,0",0.5333333333333333,0.6,0.5316964285714285,0.5,0.14285714285714285,0.2222222222222222,0.5089285714285714,0.17432165145874023
"0,1,0,1,0,0,0,1,1,1,0,0,1,0,1,1,0,1,1,1,0",0.5333333333333333,0.6,0.5316964285714285,0.5,0.14285714285714285,0.2222222222222222,0.5089285714285714,0.1924901008605957
"1,0,1,1,1,0,0,0,0,0,1,0,1,1,1,0,1,0,0,0,1",0.5333333333333333,0.6,0.5316964285714285,0.5,0.14285714285714285,0.2222222222222222,0.5089285714285714,0.19860148429870605
"1,0,0,1,0,1,1,1,0,1,1,1,0,0,0,0,1,1,1,0,1",0.43333333333333335,0.8,0.5314732142857144,0.42105263157894735,0.5714285714285714,0.48484848484848486,0.4419642857142857,0.1947770118713379
"0,1,0,0,0,0,1,0,0,1,1,1,1,0,0,1,1,1,1,1,0",0.43333333333333335,0.8,0.5314732142857144,0.42105263157894735,0.5714285714285714,0.48484848484848486,0.4419642857142857,0.18004941940307617
"1,0,1,0,0,1,1,1,1,0,1,0,1,0,1,1,1,0,1,1,0",0.5333333333333333,0.5,0.5301339285714286,0.5,0.6428571428571429,0.5625,0.5401785714285714,0.1998291015625
"1,1,0,0,1,0,1,0,0,1,1,1,0,0,1,1,0,1,1,1,0",0.5666666666666667,0.5,0.5301339285714286,0.6666666666666666,0.14285714285714285,0.23529411764705882,0.5401785714285714,0.19094562530517578
"1,0,1,0,1,1,0,1,0,1,0,0,0,1,1,0,1,0,0,1,1",0.5666666666666667,0.5,0.5301339285714286,0.6666666666666666,0.14285714285714285,0.23529411764705882,0.5401785714285714,0.22267603874206543
"0,0,1,1,0,0,1,0,0,0,0,0,0,0,0,0,1,1,1,1,0",0.5666666666666667,0.5,0.5301339285714286,0.6666666666666666,0.14285714285714285,0.23529411764705882,0.5401785714285714,0.1926555633544922
"0,0,0,0,0,0,0,1,1,1,1,0,1,0,0,0,0,0,1,1,1",0.5666666666666667,0.5,0.5301339285714286,0.6666666666666666,0.14285714285714285,0.23529411764705882,0.5401785714285714,0.19302940368652344
"1,1,0,1,0,0,0,0,0,0,1,1,0,0,1,0,0,1,0,0,1",0.5333333333333333,0.5,0.5301339285714286,0.5,0.6428571428571429,0.5625,0.5401785714285714,0.20604443550109863
"1,1,1,0,0,0,0,1,1,0,1,1,0,0,1,1,1,1,0,1,1",0.5333333333333333,0.5,0.5301339285714286,0.5,0.6428571428571429,0.5625,0.5401785714285714,0.19877910614013672
"0,1,1,0,1,1,1,1,1,0,1,1,0,1,0,1,1,1,1,1,1",0.5666666666666667,0.5,0.5301339285714286,0.6666666666666666,0.14285714285714285,0.23529411764705882,0.5401785714285714,0.21733570098876953
"0,0,1,0,1,0,1,1,1,0,0,1,0,1,0,0,1,1,1,1,1",0.5666666666666667,0.5,0.5301339285714286,0.6666666666666666,0.14285714285714285,0.23529411764705882,0.5401785714285714,0.20737028121948242
"0,1,0,0,1,0,1,1,1,0,1,1,0,1,1,1,0,1,1,0,1",0.4666666666666667,0.7,0.5299107142857142,0.4444444444444444,0.5714285714285714,0.5,0.4732142857142857,0.2010347843170166
"1,1,0,1,1,1,1,0,1,0,1,0,1,0,0,0,0,1,1,1,1",0.5,0.7,0.5299107142857142,0.3333333333333333,0.07142857142857142,0.11764705882352941,0.4732142857142857,0.23109006881713867
"0,0,1,0,0,0,1,1,1,0,1,0,1,0,1,1,0,0,1,1,1",0.43333333333333335,0.9,0.5296875,0.0,0.0,0.0,0.40625,0.22059035301208496
"1,1,1,1,0,0,1,0,0,1,0,1,0,0,1,0,1,0,0,0,0",0.5333333333333333,0.6,0.5283482142857143,0.5,0.07142857142857142,0.125,0.5044642857142857,0.18422484397888184
"0,1,0,1,0,1,0,0,0,0,1,0,0,0,0,0,0,1,1,1,0",0.5,0.6,0.5283482142857143,0.47058823529411764,0.5714285714285714,0.5161290322580645,0.5044642857142857,0.21059226989746094
"1,0,0,1,1,0,1,1,1,1,0,0,0,1,0,0,0,0,0,1,0",0.5333333333333333,0.6,0.5283482142857143,0.5,0.07142857142857142,0.125,0.5044642857142857,0.17132258415222168
"0,0,0,1,1,0,0,0,1,1,0,0,0,1,1,0,1,0,1,1,1",0.5333333333333333,0.6,0.5283482142857143,0.5,0.07142857142857142,0.125,0.5044642857142857,0.2129220962524414
"1,1,1,0,0,0,0,0,1,1,0,0,0,0,1,0,1,0,1,0,1",0.43333333333333335,0.8,0.528125,0.4117647058823529,0.5,0.45161290322580644,0.4375,0.20621585845947266
"0,0,0,1,1,0,0,0,1,1,0,1,1,1,1,0,1,1,0,1,1",0.43333333333333335,0.8,0.528125,0.4117647058823529,0.5,0.45161290322580644,0.4375,0.2158050537109375
"0,0,1,0,0,1,1,0,1,1,1,0,0,1,0,0,1,0,0,1,1",0.5666666666666667,0.5,0.5267857142857143,1.0,0.07142857142857142,0.13333333333333333,0.5357142857142857,0.21057891845703125
"1,1,0,1,1,0,1,1,1,0,0,0,1,1,1,0,0,0,0,0,1",0.5666666666666667,0.5,0.5267857142857143,1.0,0.07142857142857142,0.13333333333333333,0.5357142857142857,0.1848769187927246
"0,1,0,1,0,0,1,1,1,0,1,1,1,1,0,0,0,1,1,0,0",0.5666666666666667,0.5,0.5267857142857143,1.0,0.07142857142857142,0.13333333333333333,0.5357142857142857,0.1849842071533203
"0,0,1,1,1,1,1,1,1,0,0,0,0,1,1,0,0,0,1,0,0",0.5666666666666667,0.5,0.5267857142857143,1.0,0.07142857142857142,0.13333333333333333,0.5357142857142857,0.180816650390625
"0,1,0,1,1,0,1,0,0,0,0,0,1,0,1,1,0,0,0,0,1",0.5666666666666667,0.5,0.5267857142857143,1.0,0.07142857142857142,0.13333333333333333,0.5357142857142857,0.17968201637268066
"0,1,0,1,1,1,1,1,0,1,0,0,0,0,0,0,1,1,0,0,0",0.5666666666666667,0.5,0.5267857142857143,1.0,0.07142857142857142,0.13333333333333333,0.5357142857142857,0.17862153053283691
"1,0,0,1,0,1,0,0,1,1,0,1,1,1,1,0,1,0,1,1,0",0.5333333333333333,0.5,0.5267857142857143,0.5,0.5714285714285714,0.5333333333333333,0.5357142857142857,0.18770456314086914
"0,0,0,1,1,0,0,0,1,1,0,1,1,0,0,0,1,1,1,0,1",0.5666666666666667,0.5,0.5267857142857143,1.0,0.07142857142857142,0.13333333333333333,0.5357142857142857,0.22152256965637207
"1,1,0,0,0,0,1,1,1,0,1,1,0,0,0,1,0,0,1,1,0",0.5666666666666667,0.5,0.5267857142857143,1.0,0.07142857142857142,0.13333333333333333,0.5357142857142857,0.20267677307128906
"1,0,1,0,1,0,1,0,1,1,1,0,1,0,0,1,0,1,0,1,0",0.5666666666666667,0.5,0.5267857142857143,1.0,0.07142857142857142,0.13333333333333333,0.5357142857142857,0.19855928421020508
"0,1,1,0,0,0,1,1,1,1,1,0,0,0,1,1,1,0,0,1,0",0.4666666666666667,0.7,0.5265625,0.4375,0.5,0.4666666666666667,0.46875,0.20798969268798828
"0,0,1,0,0,0,0,1,0,1,1,1,0,0,1,1,0,1,0,0,0",0.4666666666666667,0.7,0.5265625,0.4375,0.5,0.4666666666666667,0.46875,0.19402050971984863
"0,0,1,0,0,1,0,0,0,0,1,0,1,1,1,0,1,1,0,1,1",0.4666666666666667,0.7,0.5265625,0.4375,0.5,0.4666666666666667,0.46875,0.2292482852935791
"0,0,0,1,1,1,0,1,1,0,1,0,1,1,1,0,1,0,1,0,1",0.5666666666666667,0.4,0.5252232142857143,0.5333333333333333,0.5714285714285714,0.5517241379310345,0.5669642857142857,0.23829150199890137
"0,0,0,1,0,0,0,0,0,1,0,1,1,0,0,0,1,1,1,1,0",0.5333333333333333,0.6,0.525,0.0,0.0,0.0,0.5,0.20369362831115723
"1,0,1,0,1,0,0,1,0,0,1,0,0,0,0,1,0,1,1,1,0",0.5,0.6,0.525,0.4666666666666667,0.5,0.4827586206896552,0.5,0.18561840057373047
"0,1,0,1,0,0,1,0,1,1,0,0,1,0,0,1,0,1,0,1,0",0.5333333333333333,0.6,0.525,0.0,0.0,0.0,0.5,0.2197096347808838
"1,0,0,0,0,1,1,0,0,1,0,0,0,1,1,1,0,0,0,1,0",0.4666666666666667,0.6,0.525,0.4666666666666667,1.0,0.6363636363636364,0.5,0.16649937629699707
"1,0,0,0,0,1,0,0,0,0,1,1,1,1,0,1,0,0,0,1,0",0.5,0.6,0.525,0.4666666666666667,0.5,0.4827586206896552,0.5,0.17482304573059082
"0,1,1,0,0,1,0,1,0,0,1,1,0,1,0,0,0,1,1,0,0",0.5,0.6,0.525,0.4666666666666667,0.5,0.4827586206896552,0.5,0.18902087211608887
"0,1,0,0,0,0,0,0,1,0,0,1,0,0,0,1,0,1,0,0,1",0.5333333333333333,0.6,0.525,0.0,0.0,0.0,0.5,0.1672699451446533
"1,0,0,0,1,1,0,0,1,1,1,0,1,0,0,1,1,1,0,0,1",0.4666666666666667,0.6,0.525,0.4666666666666667,1.0,0.6363636363636364,0.5,0.1835317611694336
"1,0,0,1,1,0,0,0,1,1,0,1,0,0,0,0,1,1,1,0,1",0.5333333333333333,0.6,0.525,0.0,0.0,0.0,0.5,0.22696232795715332
"1,0,0,0,0,1,0,0,1,0,1,0,1,0,0,0,1,1,1,0,0",0.4666666666666667,0.6,0.525,0.4666666666666667,1.0,0.6363636363636364,0.5,0.15945649147033691
"1,0,0,1,0,0,0,0,1,0,1,0,0,0,1,0,0,1,0,1,1",0.4666666666666667,0.6,0.525,0.4666666666666667,1.0,0.6363636363636364,0.5,0.20956993103027344
"1,1,1,1,1,1,1,0,0,0,1,0,1,0,0,0,0,0,0,1,0",0.5,0.5,0.5234375,0.4827586206896552,1.0,0.6511627906976745,0.53125,0.17685747146606445
"1,1,0,0,0,0,1,0,0,1,1,1,1,0,0,1,0,1,0,1,0",0.5,0.5,0.5234375,0.4827586206896552,1.0,0.6511627906976745,0.53125,0.17906713485717773
"0,0,0,0,1,0,1,1,1,0,0,0,1,1,0,0,0,0,1,1,0",0.5,0.5,0.5234375,0.4827586206896552,1.0,0.6511627906976745,0.53125,0.17092180252075195
"1,1,1,0,0,1,1,1,1,0,1,0,1,0,1,0,0,0,1,1,1",0.5333333333333333,0.5,0.5234375,0.5,0.5,0.5,0.53125,0.207000732421875
"0,1,1,1,0,0,1,0,0,1,0,0,0,1,1,1,0,0,1,1,1",0.5,0.5,0.5234375,0.4827586206896552,1.0,0.6511627906976745,0.53125,0.20969820022583008
"0,0,0,1,0,1,0,0,1,1,0,0,0,1,1,0,1,1,1,1,1",0.5,0.5,0.5234375,0.4827586206896552,1.0,0.6511627906976745,0.53125,0.21084308624267578
"0,0,0,0,0,1,1,0,0,1,1,1,0,0,0,0,1,0,1,0,1",0.5,0.5,0.5234375,0.4827586206896552,1.0,0.6511627906976745,0.53125,0.21648526191711426
"0,1,0,1,0,0,1,1,1,1,1,0,0,1,1,0,1,0,0,0,0",0.4666666666666667,0.7,0.5232142857142856,0.42857142857142855,0.42857142857142855,0.42857142857142855,0.4642857142857143,0.20041155815124512
"0,1,0,1,0,1,0,0,1,0,0,0,1,0,1,0,0,1,1,1,0",0.43333333333333335,0.7,0.5232142857142856,0.4482758620689655,0.9285714285714286,0.6046511627906976,0.4642857142857143,0.22805047035217285
"1,0,0,0,1,1,1,0,0,0,1,0,0,1,0,1,1,1,1,1,0",0.43333333333333335,0.7,0.5232142857142856,0.4482758620689655,0.9285714285714286,0.6046511627906976,0.4642857142857143,0.16935467720031738
"1,0,0,0,1,1,0,1,0,1,1,0,1,0,1,0,0,0,1,1,0",0.43333333333333335,0.7,0.5232142857142856,0.4482758620689655,0.9285714285714286,0.6046511627906976,0.4642857142857143,0.18070769309997559
"1,0,0,0,1,1,0,0,0,1,0,0,0,0,1,1,1,0,0,0,0",0.5,0.6,0.5216517857142857,0.46153846153846156,0.42857142857142855,0.4444444444444444,0.4955357142857143,0.1567528247833252
"1,1,1,0,0,1,1,0,1,1,1,0,0,0,0,1,0,0,1,1,1",0.4666666666666667,0.6,0.5216517857142857,0.4642857142857143,0.9285714285714286,0.6190476190476191,0.4955357142857143,0.20131850242614746
"1,1,0,1,1,0,1,0,1,1,1,1,1,1,1,1,1,0,0,1,0",0.5,0.6,0.5216517857142857,0.46153846153846156,0.42857142857142855,0.4444444444444444,0.4955357142857143,0.17554926872253418
"0,1,1,0,0,1,0,0,1,1,1,1,1,0,0,1,0,0,0,0,0",0.5,0.6,0.5216517857142857,0.46153846153846156,0.42857142857142855,0.4444444444444444,0.4955357142857143,0.1730186939239502
"1,0,0,0,1,1,0,0,0,1,0,1,0,1,1,1,0,0,0,0,0",0.5,0.6,0.5216517857142857,0.46153846153846156,0.42857142857142855,0.4444444444444444,0.4955357142857143,0.15844035148620605
"0,0,0,0,0,0,1,0,1,0,1,1,1,0,0,1,0,1,0,0,1",0.4666666666666667,0.6,0.5216517857142857,0.4642857142857143,0.9285714285714286,0.6190476190476191,0.4955357142857143,0.16702723503112793
"0,0,0,0,0,1,1,0,0,1,1,1,1,0,0,1,1,0,0,0,0",0.4666666666666667,0.6,0.5216517857142857,0.4642857142857143,0.9285714285714286,0.6190476190476191,0.4955357142857143,0.18294811248779297
"0,0,0,0,0,1,1,0,0,0,1,1,1,0,0,1,1,0,1,1,1",0.5,0.6,0.5216517857142857,0.46153846153846156,0.42857142857142855,0.4444444444444444,0.4955357142857143,0.20430755615234375
"0,1,1,1,0,1,0,0,0,1,0,0,1,0,0,0,1,1,1,0,1",0.4666666666666667,0.6,0.5216517857142857,0.4642857142857143,0.9285714285714286,0.6190476190476191,0.4955357142857143,0.23374342918395996
"0,0,0,0,0,0,1,1,0,0,1,1,0,0,0,0,0,0,1,1,0",0.5,0.6,0.5216517857142857,0.46153846153846156,0.42857142857142855,0.4444444444444444,0.4955357142857143,0.1503734588623047
"0,1,1,0,0,1,1,0,1,1,1,1,0,0,0,1,0,0,0,0,0",0.5,0.6,0.5216517857142857,0.46153846153846156,0.42857142857142855,0.4444444444444444,0.4955357142857143,0.17589831352233887
"0,1,0,1,1,1,0,1,0,0,1,1,0,0,1,1,0,1,0,0,0",0.5,0.6,0.5216517857142857,0.46153846153846156,0.42857142857142855,0.4444444444444444,0.4955357142857143,0.1886601448059082
"0,0,0,1,0,0,1,1,1,1,0,0,1,0,1,0,1,0,1,1,1",0.4666666666666667,0.6,0.5216517857142857,0.4642857142857143,0.9285714285714286,0.6190476190476191,0.4955357142857143,0.22735357284545898
"1,0,1,0,0,1,0,1,0,0,0,1,0,1,1,0,1,0,0,0,0",0.5,0.6,0.5216517857142857,0.46153846153846156,0.42857142857142855,0.4444444444444444,0.4955357142857143,0.151564359664917
"0,0,0,0,0,1,1,0,0,1,1,1,0,0,0,0,1,0,0,0,0",0.4666666666666667,0.6,0.5216517857142857,0.4642857142857143,0.9285714285714286,0.6190476190476191,0.4955357142857143,0.152817964553833
"0,0,0,0,0,1,1,0,0,1,1,1,0,0,0,0,1,0,1,0,0",0.4666666666666667,0.6,0.5216517857142857,0.4642857142857143,0.9285714285714286,0.6190476190476191,0.4955357142857143,0.1572284698486328
"0,0,1,0,1,1,1,1,1,0,0,1,0,0,1,1,0,1,0,1,1",0.43333333333333335,0.8,0.5214285714285715,0.38461538461538464,0.35714285714285715,0.37037037037037035,0.4285714285714286,0.21512150764465332
"0,0,0,1,0,0,1,1,0,0,0,1,0,1,1,1,0,1,0,0,0",0.5,0.5,0.5200892857142857,0.48148148148148145,0.9285714285714286,0.6341463414634146,0.5267857142857143,0.15967345237731934
"0,0,0,0,0,0,0,0,0,0,1,0,0,1,0,0,1,0,1,1,0",0.5,0.5,0.5200892857142857,0.48148148148148145,0.9285714285714286,0.6341463414634146,0.5267857142857143,0.1422111988067627
"1,1,0,1,0,0,0,0,0,1,1,1,1,0,1,1,1,0,0,1,0",0.5333333333333333,0.5,0.5200892857142857,0.5,0.42857142857142855,0.46153846153846156,0.5267857142857143,0.18592548370361328
"0,1,1,0,0,0,0,0,1,1,1,0,0,0,1,0,1,0,1,0,1",0.5,0.5,0.5200892857142857,0.48148148148148145,0.9285714285714286,0.6341463414634146,0.5267857142857143,0.21586203575134277
"1,0,0,1,0,1,1,0,1,1,0,1,1,0,1,1,1,1,0,1,1",0.5,0.5,0.5200892857142857,0.4814814814814814,0.9285714285714286,0.6341463414634146,0.5267857142857143,0.2259054183959961
"1,0,0,0,1,0,1,0,1,1,0,0,0,1,0,1,1,0,1,0,1",0.5333333333333333,0.5,0.5200892857142857,0.5,0.42857142857142855,0.46153846153846156,0.5267857142857143,0.2129054069519043
"0,1,0,0,0,1,0,0,1,0,1,1,0,0,0,0,0,1,0,0,1",0.5,0.5,0.5200892857142857,0.48148148148148145,0.9285714285714286,0.6341463414634146,0.5267857142857143,0.2007460594177246
"1,0,0,0,0,1,1,1,0,1,1,0,0,0,1,0,0,1,1,0,0",0.5333333333333333,0.5,0.5200892857142857,0.5,0.42857142857142855,0.46153846153846156,0.5267857142857143,0.18033504486083984
"1,0,0,1,0,1,0,0,1,1,0,1,1,1,0,1,1,0,0,0,1",0.5,0.5,0.5200892857142857,0.48148148148148145,0.9285714285714286,0.6341463414634146,0.5267857142857143,0.1989421844482422
"0,0,0,0,0,1,1,1,0,1,1,1,0,0,0,1,1,0,1,1,1",0.5,0.5,0.5200892857142857,0.48148148148148145,0.9285714285714286,0.6341463414634146,0.5267857142857143,0.2015669345855713
"1,1,1,1,0,1,1,1,0,0,1,0,0,1,0,0,1,1,0,0,1",0.43333333333333335,0.7,0.5198660714285714,0.4444444444444444,0.8571428571428571,0.5853658536585366,0.45982142857142855,0.2207469940185547
"1,0,0,1,0,0,0,0,1,1,0,1,1,1,0,0,1,0,0,1,1",0.43333333333333335,0.7,0.5198660714285714,0.4444444444444444,0.8571428571428571,0.5853658536585366,0.45982142857142855,0.22356081008911133
"0,0,1,0,1,1,1,1,1,0,0,1,0,0,0,1,1,0,0,0,1",0.43333333333333335,0.7,0.5198660714285714,0.4444444444444444,0.8571428571428571,0.5853658536585366,0.45982142857142855,0.21886873245239258
"0,1,0,0,1,1,0,0,0,1,1,1,0,0,1,1,1,0,1,0,1",0.4666666666666667,0.7,0.5198660714285714,0.4166666666666667,0.35714285714285715,0.38461538461538464,0.4598214285714286,0.22555851936340332
"0,0,1,1,0,1,0,0,1,1,0,0,1,0,1,0,0,1,1,1,0",0.5666666666666667,0.4,0.5185267857142857,0.5454545454545454,0.42857142857142855,0.48,0.5580357142857143,0.20992040634155273
"0,0,0,0,1,1,1,1,0,0,1,1,0,0,0,1,1,1,1,1,0",0.5,0.6,0.5183035714285715,0.45454545454545453,0.35714285714285715,0.4,0.4910714285714286,0.19792675971984863
"0,1,0,0,0,1,0,1,1,0,1,0,0,0,0,0,1,0,1,1,0",0.5,0.6,0.5183035714285715,0.45454545454545453,0.35714285714285715,0.4,0.4910714285714286,0.15770483016967773
"0,1,0,0,0,1,1,1,1,0,1,0,0,0,0,0,1,0,1,1,0",0.5,0.6,0.5183035714285715,0.45454545454545453,0.35714285714285715,0.4,0.4910714285714286,0.1610116958618164
"0,0,1,1,0,0,0,0,1,0,1,0,1,0,0,1,0,1,1,1,0",0.5,0.6,0.5183035714285714,0.45454545454545453,0.35714285714285715,0.4,0.4910714285714286,0.2029740810394287
"0,1,0,1,0,1,1,0,0,1,0,0,0,0,0,1,1,0,1,0,1",0.5,0.6,0.5183035714285714,0.45454545454545453,0.35714285714285715,0.4,0.4910714285714286,0.22612810134887695
"0,0,0,1,0,1,0,1,1,1,0,0,0,0,0,0,0,1,1,0,0",0.5,0.6,0.5183035714285714,0.45454545454545453,0.35714285714285715,0.4,0.4910714285714286,0.17603373527526855
"0,0,0,1,0,1,0,0,1,1,0,0,0,0,0,1,0,0,1,0,1",0.4666666666666667,0.6,0.5183035714285714,0.46153846153846156,0.8571428571428571,0.6,0.49107142857142855,0.1841411590576172
"0,0,0,1,1,1,1,0,1,1,1,0,0,1,1,0,1,0,1,1,1",0.4666666666666667,0.6,0.5183035714285714,0.46153846153846156,0.8571428571428571,0.6,0.49107142857142855,0.1940135955810547
"0,0,0,1,1,0,0,0,1,1,0,1,1,0,1,0,1,0,0,1,1",0.4666666666666667,0.6,0.5183035714285714,0.46153846153846156,0.8571428571428571,0.6,0.49107142857142855,0.22060942649841309
"0,0,1,0,1,1,1,1,1,0,0,1,0,0,1,0,0,0,0,0,0",0.5333333333333333,0.5,0.5167410714285714,0.5,0.35714285714285715,0.4166666666666667,0.5223214285714286,0.16827678680419922
"0,0,0,1,1,1,1,1,0,0,0,1,0,0,1,0,1,0,1,0,0",0.5333333333333333,0.5,0.5167410714285714,0.5,0.35714285714285715,0.4166666666666667,0.5223214285714286,0.18640685081481934
"0,0,1,0,1,1,1,1,1,0,0,1,0,0,1,0,1,0,1,0,0",0.5333333333333333,0.5,0.5167410714285714,0.5,0.35714285714285715,0.4166666666666667,0.5223214285714286,0.15559148788452148
"0,1,1,0,1,1,1,0,0,0,0,1,0,0,1,1,1,0,1,0,0",0.5333333333333333,0.5,0.5167410714285714,0.5,0.35714285714285715,0.4166666666666667,0.5223214285714286,0.1745138168334961
"0,1,1,1,0,1,1,1,0,0,0,1,1,0,1,1,1,0,0,0,0",0.5333333333333333,0.5,0.5167410714285714,0.5,0.35714285714285715,0.4166666666666667,0.5223214285714286,0.21179723739624023
"0,0,1,0,1,1,1,1,1,0,0,1,0,0,1,0,1,0,0,0,0",0.5333333333333333,0.5,0.5167410714285714,0.5,0.35714285714285715,0.4166666666666667,0.5223214285714286,0.16793203353881836
"1,1,1,1,1,0,1,1,0,1,0,1,1,1,0,1,0,1,0,0,0",0.5333333333333333,0.5,0.5167410714285714,0.5,0.35714285714285715,0.4166666666666667,0.5223214285714286,0.2032771110534668
"0,0,1,0,1,1,1,1,1,0,0,1,0,1,1,0,1,0,1,0,0",0.5333333333333333,0.5,0.5167410714285714,0.5,0.35714285714285715,0.4166666666666667,0.5223214285714286,0.17500901222229004
"0,1,0,1,1,0,0,1,0,0,1,1,1,1,1,0,0,1,0,0,0",0.5,0.5,0.5167410714285714,0.48,0.8571428571428571,0.6153846153846154,0.5223214285714286,0.162583589553833
"0,0,1,0,1,1,1,1,1,1,0,1,0,0,1,0,1,0,0,0,0",0.5333333333333333,0.5,0.5167410714285714,0.5,0.35714285714285715,0.4166666666666667,0.5223214285714286,0.17932605743408203
"0,0,1,0,1,1,1,1,1,1,0,1,0,0,1,0,1,0,1,0,0",0.5333333333333333,0.5,0.5167410714285714,0.5,0.35714285714285715,0.4166666666666667,0.5223214285714286,0.17145729064941406
"0,1,1,1,0,1,1,0,1,0,0,0,1,1,1,0,1,0,0,0,0",0.5333333333333333,0.5,0.5167410714285714,0.5,0.3571428571428571,0.4166666666666667,0.5223214285714286,0.1995601654052734
"0,0,1,0,1,1,1,1,1,0,0,1,1,1,1,0,1,0,0,0,0",0.5333333333333333,0.5,0.5167410714285714,0.5,0.35714285714285715,0.4166666666666667,0.5223214285714286,0.18281841278076172
"0,0,0,0,1,1,1,1,1,0,0,0,1,1,0,0,1,1,1,0,1",0.5,0.5,0.5167410714285714,0.48,0.8571428571428571,0.6153846153846154,0.5223214285714286,0.21718621253967285
"0,0,0,0,1,0,1,0,0,0,1,1,1,1,1,1,1,0,0,0,0",0.4666666666666667,0.7,0.5165178571428571,0.4,0.2857142857142857,0.3333333333333333,0.45535714285714285,0.17068982124328613
"1,0,0,1,0,0,0,0,1,1,0,1,1,0,0,1,0,0,1,1,0",0.43333333333333335,0.7,0.5165178571428571,0.44,0.7857142857142857,0.5641025641025641,0.45535714285714285,0.1873950958251953
"1,0,0,1,0,0,0,0,1,1,0,1,1,1,0,1,1,0,1,1,0",0.43333333333333335,0.7,0.5165178571428571,0.44,0.7857142857142857,0.5641025641025641,0.45535714285714285,0.18987464904785156
"1,1,1,1,1,1,1,0,1,0,0,1,1,1,0,1,1,1,1,1,1",0.43333333333333335,0.7,0.5165178571428571,0.44,0.7857142857142857,0.5641025641025641,0.45535714285714285,0.22254252433776855
"1,0,0,1,0,0,0,0,1,1,0,1,1,1,0,1,0,0,1,1,0",0.43333333333333335,0.7,0.5165178571428571,0.44,0.7857142857142857,0.5641025641025641,0.45535714285714285,0.18709182739257812
"1,1,1,1,1,1,1,1,1,1,0,1,0,0,0,1,1,1,1,0,0",0.4666666666666667,0.7,0.5165178571428571,0.4,0.2857142857142857,0.3333333333333333,0.45535714285714285,0.1864914894104004
"1,1,1,0,0,0,1,1,1,0,0,0,0,0,1,0,1,0,0,0,1",0.4666666666666667,0.7,0.5165178571428571,0.4,0.2857142857142857,0.3333333333333333,0.45535714285714285,0.18592405319213867
"1,0,0,0,1,0,1,1,0,1,0,1,0,0,0,0,1,0,0,0,1",0.43333333333333335,0.7,0.5165178571428571,0.44,0.7857142857142857,0.5641025641025641,0.45535714285714285,0.18416094779968262
"0,0,0,1,0,1,1,1,0,1,0,1,0,0,1,1,0,1,0,0,0",0.4666666666666667,0.7,0.5165178571428571,0.4,0.2857142857142857,0.3333333333333333,0.45535714285714285,0.20064282417297363
"1,0,0,1,1,0,0,0,1,1,0,1,1,1,0,1,1,0,1,1,0",0.43333333333333335,0.7,0.5165178571428571,0.44,0.7857142857142857,0.5641025641025641,0.45535714285714285,0.17916059494018555
"0,0,0,1,1,0,1,0,0,1,1,0,0,1,0,1,0,0,1,1,1",0.5,0.6,0.5149553571428571,0.4444444444444444,0.2857142857142857,0.34782608695652173,0.48660714285714285,0.20330047607421875
"0,1,1,0,0,0,1,0,1,0,1,1,1,0,0,0,0,0,0,0,1",0.5,0.6,0.5149553571428571,0.4444444444444444,0.2857142857142857,0.34782608695652173,0.48660714285714285,0.14883804321289062
"0,0,1,0,0,1,0,0,1,1,0,0,1,0,0,1,1,1,0,0,1",0.4666666666666667,0.6,0.5149553571428571,0.4583333333333333,0.7857142857142857,0.5789473684210527,0.48660714285714285,0.19416141510009766
"1,1,1,0,0,1,0,1,1,0,1,1,1,0,1,1,1,0,0,1,1",0.5,0.6,0.5149553571428571,0.4444444444444444,0.2857142857142857,0.34782608695652173,0.48660714285714285,0.21133184432983398
"1,1,1,1,0,0,0,0,0,1,1,1,0,0,0,1,0,1,0,1,0",0.5,0.6,0.5149553571428571,0.4444444444444444,0.2857142857142857,0.34782608695652173,0.48660714285714285,0.20377326011657715
"0,0,0,1,1,0,0,0,1,1,0,1,1,1,1,1,1,0,0,1,1",0.5,0.6,0.5149553571428571,0.4444444444444444,0.2857142857142857,0.34782608695652173,0.48660714285714285,0.2233445644378662
"0,0,0,0,1,1,1,1,1,0,1,0,1,0,0,0,0,0,0,1,1",0.5,0.6,0.5149553571428571,0.4444444444444444,0.2857142857142857,0.34782608695652173,0.48660714285714285,0.20118093490600586
"1,0,0,0,1,0,1,0,0,0,0,0,0,0,1,0,1,0,1,0,1",0.5,0.6,0.5149553571428571,0.4444444444444444,0.2857142857142857,0.34782608695652173,0.48660714285714285,0.21323347091674805
"1,1,0,1,1,1,1,0,1,1,1,0,1,0,1,0,1,1,0,0,1",0.4666666666666667,0.6,0.5149553571428571,0.4583333333333333,0.7857142857142857,0.5789473684210527,0.48660714285714285,0.1992053985595703
"1,0,1,1,1,1,1,0,1,0,0,1,0,0,0,1,1,0,0,1,1",0.4666666666666667,0.6,0.5149553571428571,0.4583333333333333,0.7857142857142857,0.5789473684210527,0.4866071428571428,0.2322592735290527
"0,1,1,1,0,0,1,1,0,0,0,1,1,1,0,1,1,0,1,1,1",0.43333333333333335,0.8,0.5147321428571429,0.3333333333333333,0.21428571428571427,0.2608695652173913,0.41964285714285715,0.20747852325439453
"1,0,0,0,1,0,0,0,1,1,0,1,0,0,1,1,0,0,1,0,1",0.5,0.5,0.5133928571428571,0.4782608695652174,0.7857142857142857,0.5945945945945946,0.5178571428571428,0.2080550193786621
"1,1,0,1,0,1,1,0,1,0,1,0,1,0,1,0,0,0,1,0,1",0.5,0.5,0.5133928571428571,0.4782608695652174,0.7857142857142857,0.5945945945945946,0.5178571428571428,0.17692065238952637
"0,0,0,1,1,0,0,0,1,0,0,0,0,1,1,1,0,0,0,0,1",0.5,0.5,0.5133928571428571,0.4782608695652174,0.7857142857142857,0.5945945945945946,0.5178571428571428,0.161818265914917
"0,0,0,1,0,0,0,0,1,1,0,1,1,1,1,0,1,0,0,1,1",0.5,0.5,0.5133928571428571,0.4782608695652174,0.7857142857142857,0.5945945945945946,0.5178571428571428,0.21851682662963867
"1,0,1,0,0,1,0,1,0,1,1,1,1,1,0,1,1,0,1,0,1",0.43333333333333335,0.7,0.5131696428571428,0.43478260869565216,0.7142857142857143,0.5405405405405406,0.45089285714285715,0.20377731323242188
"1,1,1,0,1,1,0,1,1,1,1,1,0,1,1,0,1,0,1,1,1",0.43333333333333335,0.7,0.5131696428571428,0.43478260869565216,0.7142857142857143,0.5405405405405406,0.45089285714285715,0.2116999626159668
"0,1,1,1,1,0,1,0,0,1,0,1,0,0,1,0,0,0,1,1,1",0.36666666666666664,0.9,0.5129464285714286,0.391304347826087,0.6428571428571429,0.4864864864864865,0.38392857142857145,0.2147514820098877
"0,1,0,0,1,1,0,1,0,0,0,0,0,1,1,1,1,1,0,0,0",0.36666666666666664,0.9,0.5129464285714286,0.391304347826087,0.6428571428571429,0.4864864864864865,0.38392857142857145,0.18050146102905273
"1,0,0,0,0,0,0,1,1,0,0,1,1,0,0,0,0,0,0,1,1",0.5,0.6,0.5116071428571429,0.42857142857142855,0.21428571428571427,0.2857142857142857,0.48214285714285715,0.19146442413330078
"1,0,1,1,1,1,1,0,1,0,0,1,0,1,0,1,0,0,0,1,0",0.4666666666666667,0.6,0.5116071428571429,0.45454545454545453,0.7142857142857143,0.5555555555555556,0.48214285714285715,0.1920027732849121
"1,1,0,1,0,0,1,1,0,1,0,1,0,0,1,0,0,1,1,1,1",0.5,0.6,0.5116071428571429,0.42857142857142855,0.21428571428571427,0.2857142857142857,0.48214285714285715,0.2005596160888672
"1,0,1,0,0,0,0,1,0,1,1,0,1,0,0,0,0,0,0,0,1",0.4666666666666667,0.6,0.5116071428571429,0.45454545454545453,0.7142857142857143,0.5555555555555556,0.48214285714285715,0.21158361434936523
"0,0,0,1,0,1,0,0,1,0,1,0,1,1,1,1,1,0,1,1,0",0.5,0.6,0.5116071428571429,0.42857142857142855,0.21428571428571427,0.2857142857142857,0.48214285714285715,0.24236321449279785
"0,0,0,1,0,0,1,1,0,0,0,1,1,1,0,0,1,1,1,0,1",0.4666666666666667,0.6,0.5116071428571429,0.45454545454545453,0.7142857142857143,0.5555555555555556,0.48214285714285715,0.21457195281982422
"1,0,0,0,0,0,0,0,1,0,1,0,1,1,1,0,0,1,0,1,0",0.4666666666666667,0.6,0.5116071428571428,0.45454545454545453,0.7142857142857143,0.5555555555555556,0.48214285714285715,0.20055389404296875
"1,1,0,0,0,1,0,1,0,1,1,0,0,0,1,0,1,1,0,1,0",0.4666666666666667,0.6,0.5116071428571428,0.45454545454545453,0.7142857142857143,0.5555555555555556,0.48214285714285715,0.19893956184387207
"0,1,0,0,0,0,1,1,1,0,0,0,0,1,1,0,1,1,0,0,1",0.4666666666666667,0.6,0.5116071428571428,0.45454545454545453,0.7142857142857143,0.5555555555555556,0.48214285714285715,0.19579792022705078
"0,0,0,1,0,0,0,1,0,1,0,1,0,0,1,0,1,1,0,0,1",0.43333333333333335,0.8,0.5113839285714286,0.2857142857142857,0.14285714285714285,0.19047619047619047,0.4151785714285714,0.19661355018615723
"0,0,0,0,0,1,1,0,0,0,1,1,0,0,0,1,1,0,1,1,1",0.5,0.5,0.5100446428571429,0.47619047619047616,0.7142857142857143,0.5714285714285714,0.5133928571428572,0.21144771575927734
"1,0,0,0,1,1,1,0,1,1,0,1,1,1,0,0,0,1,1,1,0",0.5,0.5,0.5100446428571429,0.47619047619047616,0.7142857142857143,0.5714285714285714,0.5133928571428572,0.18179583549499512
"1,0,0,1,0,0,0,1,1,1,0,0,0,1,0,0,1,0,1,1,1",0.5333333333333333,0.5,0.5100446428571428,0.5,0.21428571428571427,0.3,0.5133928571428571,0.21070241928100586
"1,0,1,0,1,0,0,0,0,1,0,0,0,0,0,0,1,1,1,0,0",0.5333333333333333,0.5,0.5100446428571428,0.5,0.21428571428571427,0.3,0.5133928571428571,0.14620232582092285
"1,0,1,0,1,1,0,0,1,1,0,0,0,0,0,1,1,1,1,0,1",0.5333333333333333,0.5,0.5100446428571428,0.5,0.21428571428571427,0.3,0.5133928571428571,0.20411396026611328
"0,1,1,0,0,1,1,1,1,1,1,1,0,1,1,1,1,0,0,0,0",0.5333333333333333,0.5,0.5100446428571428,0.5,0.21428571428571427,0.3,0.5133928571428571,0.1565263271331787
"0,0,1,0,1,1,0,0,0,0,1,1,0,1,0,1,0,1,0,1,0",0.5333333333333333,0.5,0.5100446428571428,0.5,0.2142857142857142,0.3,0.5133928571428571,0.2222414016723632
"1,1,0,1,0,0,0,0,0,1,1,1,0,0,0,0,1,1,0,0,1",0.5333333333333333,0.5,0.5100446428571428,0.5,0.21428571428571427,0.3,0.5133928571428571,0.20013689994812012
"0,0,0,1,1,1,1,0,1,1,1,0,0,0,0,0,0,0,1,1,0",0.5333333333333333,0.5,0.5100446428571428,0.5,0.21428571428571427,0.3,0.5133928571428571,0.1664736270904541
"0,0,0,1,0,0,1,1,1,0,1,0,0,0,1,0,1,1,1,0,1",0.43333333333333335,0.7,0.5098214285714286,0.42857142857142855,0.6428571428571429,0.5142857142857142,0.44642857142857145,0.22048377990722656
"1,0,0,0,0,1,1,1,1,1,1,1,1,1,0,1,1,1,0,0,0",0.4333333333333333,0.7,0.5098214285714286,0.4285714285714285,0.6428571428571429,0.5142857142857142,0.4464285714285714,0.2024717330932617
"1,0,1,1,0,0,1,0,0,1,0,1,0,1,0,0,0,1,1,1,0",0.43333333333333335,0.7,0.5098214285714286,0.42857142857142855,0.6428571428571429,0.5142857142857142,0.44642857142857145,0.18299317359924316
"0,1,0,1,0,0,0,0,1,1,1,1,0,0,1,1,0,0,0,1,1",0.43333333333333335,0.7,0.5098214285714286,0.42857142857142855,0.6428571428571429,0.5142857142857142,0.44642857142857145,0.21778082847595215
"0,0,1,1,1,0,0,1,1,0,1,1,1,0,0,0,0,1,0,0,1",0.43333333333333335,0.7,0.5098214285714286,0.42857142857142855,0.6428571428571429,0.5142857142857142,0.44642857142857145,0.2230985164642334
"1,1,0,0,0,1,0,1,1,1,0,1,0,0,0,1,0,1,1,0,0",0.43333333333333335,0.7,0.5098214285714286,0.42857142857142855,0.6428571428571429,0.5142857142857142,0.44642857142857145,0.2236478328704834
"0,0,0,1,1,1,1,1,1,1,0,0,0,0,1,1,0,0,0,1,0",0.4666666666666667,0.7,0.5098214285714285,0.3333333333333333,0.14285714285714285,0.2,0.4464285714285714,0.18034076690673828
"0,0,1,1,0,0,1,1,1,0,0,0,0,1,1,0,0,1,0,0,0",0.4666666666666667,0.7,0.5098214285714285,0.3333333333333333,0.14285714285714285,0.2,0.4464285714285714,0.19186758995056152
"0,1,0,0,0,0,0,0,0,1,0,0,1,1,1,1,1,0,1,0,1",0.4666666666666667,0.7,0.5098214285714285,0.3333333333333333,0.14285714285714285,0.2,0.4464285714285714,0.22424793243408203
"1,0,0,0,1,0,0,0,0,0,1,1,0,0,0,1,1,0,1,1,1",0.4666666666666667,0.6,0.5082589285714286,0.45,0.6428571428571429,0.5294117647058824,0.47767857142857145,0.20362353324890137
"0,1,0,0,1,1,0,0,0,0,0,0,1,1,1,0,1,0,1,0,1",0.4666666666666667,0.6,0.5082589285714286,0.45,0.6428571428571429,0.5294117647058824,0.47767857142857145,0.18412518501281738
"0,1,0,0,1,0,0,0,1,1,1,0,1,1,0,1,0,1,1,1,0",0.4666666666666667,0.6,0.5082589285714286,0.45,0.6428571428571429,0.5294117647058824,0.47767857142857145,0.20634818077087402
"0,0,1,1,1,0,0,1,0,0,1,0,0,1,0,0,0,1,1,1,0",0.4666666666666667,0.6,0.5082589285714286,0.45,0.6428571428571429,0.5294117647058824,0.47767857142857145,0.1778249740600586
"0,0,0,0,1,1,1,0,1,1,1,0,0,0,1,1,0,1,1,1,0",0.4666666666666667,0.6,0.5082589285714286,0.45,0.6428571428571429,0.5294117647058824,0.47767857142857145,0.18249225616455078
"1,0,1,1,1,0,0,0,0,1,1,1,0,1,1,0,0,0,1,0,0",0.5,0.6,0.5082589285714285,0.4,0.14285714285714285,0.21052631578947367,0.4776785714285714,0.16580986976623535
"1,0,0,1,0,0,1,0,0,1,1,0,0,1,0,0,1,1,1,0,0",0.5,0.6,0.5082589285714285,0.4,0.14285714285714285,0.21052631578947367,0.4776785714285714,0.16948270797729492
"0,1,0,0,1,0,0,0,1,0,1,0,0,1,1,1,0,0,0,1,0",0.5,0.6,0.5082589285714285,0.4,0.14285714285714285,0.21052631578947367,0.4776785714285714,0.20464205741882324
"1,0,1,0,1,0,0,0,1,0,1,0,0,0,1,0,1,0,0,0,0",0.5,0.6,0.5082589285714285,0.4,0.14285714285714285,0.21052631578947367,0.4776785714285714,0.1496446132659912
"1,1,0,1,0,0,1,1,1,0,0,1,0,0,1,1,1,1,0,0,0",0.5,0.6,0.5082589285714285,0.4,0.14285714285714285,0.21052631578947367,0.4776785714285714,0.17343854904174805
"1,0,1,1,0,0,0,0,1,1,1,1,0,0,1,0,0,0,0,0,0",0.5,0.6,0.5082589285714285,0.4,0.14285714285714285,0.21052631578947367,0.4776785714285714,0.18236923217773438
"1,1,1,1,1,0,0,0,0,1,1,0,0,0,1,0,0,0,1,0,1",0.5,0.6,0.5082589285714285,0.4,0.14285714285714285,0.21052631578947367,0.4776785714285714,0.20058512687683105
"1,0,0,1,0,0,0,1,1,1,1,0,1,0,0,0,0,0,1,0,1",0.5,0.6,0.5082589285714285,0.4,0.14285714285714285,0.21052631578947367,0.4776785714285714,0.1703050136566162
"0,0,0,0,1,0,1,1,1,0,1,1,0,1,1,0,0,1,0,0,1",0.4,0.8,0.5080357142857144,0.4,0.5714285714285714,0.47058823529411764,0.4107142857142857,0.20420098304748535
"0,0,0,1,1,0,0,0,1,1,0,1,0,1,1,0,1,0,0,1,0",0.4,0.8,0.5080357142857144,0.4,0.5714285714285714,0.47058823529411764,0.4107142857142857,0.18410253524780273
"0,0,1,1,1,0,0,1,0,0,1,1,1,1,0,0,0,0,1,0,0",0.4,0.8,0.5080357142857144,0.4,0.5714285714285714,0.47058823529411764,0.4107142857142857,0.14543890953063965
"0,1,0,1,1,0,0,0,0,1,1,1,1,0,0,1,0,0,0,0,0",0.4,0.8,0.5080357142857144,0.4,0.5714285714285714,0.47058823529411764,0.4107142857142857,0.15069055557250977
"1,0,0,0,1,0,1,0,0,0,0,0,0,1,0,0,0,1,0,0,0",0.4,0.8,0.5080357142857144,0.4,0.5714285714285714,0.47058823529411764,0.4107142857142857,0.14827466011047363
"0,0,1,1,0,0,0,1,1,0,1,1,0,1,0,1,1,1,1,1,1",0.5333333333333333,0.5,0.5066964285714286,0.5,0.14285714285714285,0.2222222222222222,0.5089285714285714,0.20064854621887207
"1,0,0,1,0,1,1,1,1,0,1,0,1,0,1,0,0,0,1,1,1",0.5,0.5,0.5066964285714286,0.47368421052631576,0.6428571428571429,0.5454545454545454,0.5089285714285714,0.17720699310302734
"1,1,1,0,0,1,0,1,1,1,0,1,1,1,0,0,0,0,1,1,1",0.5333333333333333,0.5,0.5066964285714286,0.5,0.14285714285714285,0.2222222222222222,0.5089285714285714,0.20936155319213867
"0,0,1,0,1,0,0,1,0,1,0,1,1,1,1,1,0,1,1,0,1",0.5,0.5,0.5066964285714286,0.47368421052631576,0.6428571428571429,0.5454545454545454,0.5089285714285714,0.21039056777954102
"1,1,1,0,0,0,0,1,1,0,1,0,0,1,1,0,0,1,0,0,0",0.5,0.5,0.5066964285714286,0.47368421052631576,0.6428571428571429,0.5454545454545454,0.5089285714285714,0.17876720428466797
"1,1,0,0,1,0,1,0,1,0,1,0,1,1,1,0,1,0,0,1,0",0.5333333333333333,0.5,0.5066964285714286,0.5,0.14285714285714285,0.2222222222222222,0.5089285714285714,0.20366334915161133
"0,1,0,1,1,1,0,0,1,1,1,1,0,1,0,1,1,0,0,1,1",0.5333333333333333,0.5,0.5066964285714286,0.5,0.14285714285714285,0.2222222222222222,0.5089285714285714,0.19865822792053223
"1,0,1,1,0,1,1,0,1,0,0,0,0,0,1,0,0,1,1,0,0",0.5333333333333333,0.5,0.5066964285714286,0.5,0.1428571428571428,0.2222222222222222,0.5089285714285714,0.2000946998596191
"1,0,1,0,1,0,1,1,0,0,1,1,0,0,0,0,0,1,1,1,1",0.4666666666666667,0.7,0.5064732142857142,0.25,0.07142857142857142,0.1111111111111111,0.4419642857142857,0.20226550102233887
"0,0,1,0,0,0,1,1,1,1,0,0,0,0,1,1,0,1,0,0,1",0.4666666666666667,0.7,0.5064732142857142,0.25,0.07142857142857142,0.1111111111111111,0.4419642857142857,0.17375564575195312
"1,0,0,1,0,0,0,1,1,1,1,0,0,0,0,1,1,0,1,0,0",0.5666666666666667,0.4,0.5051339285714286,0.6666666666666666,0.14285714285714285,0.23529411764705882,0.5401785714285714,0.15643572807312012
"1,0,0,1,0,0,1,0,0,0,0,1,0,1,1,1,0,1,1,0,1",0.5666666666666667,0.4,0.5051339285714286,0.6666666666666666,0.14285714285714285,0.23529411764705882,0.5401785714285714,0.19266629219055176
"1,0,1,1,1,0,0,0,1,1,1,0,0,0,0,0,1,0,1,0,0",0.5666666666666667,0.4,0.5051339285714286,0.6666666666666666,0.14285714285714285,0.23529411764705882,0.5401785714285714,0.1400754451751709
"1,0,0,0,1,0,0,1,0,0,1,1,0,0,0,0,0,0,0,1,1",0.5666666666666667,0.4,0.5051339285714286,0.6666666666666666,0.14285714285714285,0.23529411764705882,0.5401785714285714,0.19888520240783691
"1,1,1,0,0,0,1,1,0,1,1,1,1,1,0,0,0,0,1,0,0",0.5666666666666667,0.4,0.5051339285714286,0.6666666666666666,0.14285714285714285,0.23529411764705882,0.5401785714285714,0.1602461338043213
"1,0,1,0,1,1,0,1,0,0,0,1,1,0,0,0,1,0,1,0,1",0.5666666666666667,0.4,0.5051339285714286,0.6666666666666666,0.14285714285714285,0.23529411764705882,0.5401785714285714,0.22663617134094238
"0,1,0,0,0,0,0,0,0,0,0,1,1,1,1,0,1,0,0,0,0",0.5666666666666667,0.4,0.5051339285714286,0.6666666666666666,0.14285714285714285,0.23529411764705882,0.5401785714285714,0.1560380458831787
"1,1,1,0,1,0,1,0,0,0,1,0,1,0,0,0,1,0,1,0,0",0.5666666666666667,0.4,0.5051339285714286,0.6666666666666666,0.14285714285714285,0.23529411764705882,0.5401785714285714,0.16058683395385742
"1,0,0,1,0,1,0,0,1,0,0,0,1,1,1,1,0,0,0,0,1",0.4666666666666667,0.6,0.5049107142857143,0.4444444444444444,0.5714285714285714,0.5,0.4732142857142857,0.1955857276916504
"0,0,0,1,1,1,1,0,1,1,1,0,0,0,1,0,0,0,0,0,0",0.4666666666666667,0.6,0.5049107142857143,0.4444444444444444,0.5714285714285714,0.5,0.4732142857142857,0.15616869926452637
"1,1,0,0,1,1,0,0,0,1,1,1,0,1,1,0,1,1,1,1,1",0.5,0.6,0.5049107142857143,0.3333333333333333,0.07142857142857142,0.11764705882352941,0.4732142857142857,0.19579148292541504
"0,1,1,0,0,1,1,1,0,0,0,1,1,0,1,1,1,1,1,0,0",0.5,0.6,0.5049107142857143,0.3333333333333333,0.07142857142857142,0.11764705882352941,0.4732142857142857,0.15674591064453125
"0,0,0,1,1,1,1,0,1,1,1,0,0,1,1,0,1,0,0,0,0",0.4666666666666667,0.6,0.5049107142857143,0.4444444444444444,0.5714285714285714,0.5,0.4732142857142857,0.18784689903259277
"0,1,0,0,1,1,1,0,0,1,0,0,1,1,1,1,0,0,0,0,1",0.5,0.6,0.5049107142857143,0.3333333333333333,0.07142857142857142,0.11764705882352941,0.4732142857142857,0.17728161811828613
"0,0,0,1,1,1,1,0,1,1,1,0,0,1,1,0,1,0,1,0,0",0.4666666666666667,0.6,0.5049107142857143,0.4444444444444444,0.5714285714285714,0.5,0.4732142857142857,0.18580150604248047
"0,0,0,1,1,1,1,0,1,1,1,0,0,1,1,0,0,0,0,0,0",0.4666666666666667,0.6,0.5049107142857143,0.4444444444444444,0.5714285714285714,0.5,0.4732142857142857,0.16284680366516113
"0,0,0,1,1,0,1,1,1,1,1,0,0,0,0,1,0,0,1,1,1",0.4666666666666667,0.6,0.5049107142857143,0.4444444444444444,0.5714285714285714,0.5,0.4732142857142857,0.2122032642364502
"0,1,1,0,1,0,0,0,1,1,0,1,1,1,1,0,1,0,0,1,1",0.5,0.6,0.5049107142857143,0.3333333333333333,0.07142857142857142,0.11764705882352941,0.4732142857142857,0.22927236557006836
"1,1,0,1,1,0,1,0,1,1,1,0,1,0,1,0,1,1,0,0,1",0.5,0.6,0.5049107142857143,0.3333333333333333,0.07142857142857142,0.11764705882352941,0.4732142857142857,0.20156168937683105
"0,0,0,1,0,0,1,1,1,0,1,1,0,1,1,1,1,1,0,1,0",0.43333333333333335,0.8,0.5046875,0.0,0.0,0.0,0.40625,0.1920011043548584
"0,1,1,1,0,1,0,0,1,1,0,0,1,1,0,1,0,0,0,0,0",0.5333333333333333,0.5,0.5033482142857143,0.5,0.07142857142857142,0.125,0.5044642857142857,0.1620621681213379
"0,1,1,0,1,1,1,0,0,1,0,1,0,1,0,1,1,0,1,0,0",0.5333333333333333,0.5,0.5033482142857143,0.5,0.07142857142857142,0.125,0.5044642857142857,0.15206503868103027
"1,0,0,1,1,1,1,1,0,1,0,1,0,1,0,0,0,0,1,0,0",0.5333333333333333,0.5,0.5033482142857143,0.5,0.07142857142857142,0.125,0.5044642857142857,0.17781352996826172
"1,1,0,1,0,1,0,0,1,0,0,1,1,1,1,1,0,1,1,1,1",0.5333333333333333,0.5,0.5033482142857143,0.5,0.07142857142857142,0.125,0.5044642857142857,0.2032160758972168
"1,1,1,0,0,1,1,1,1,1,0,0,0,1,0,1,0,0,0,0,0",0.5333333333333333,0.5,0.5033482142857143,0.5,0.07142857142857142,0.125,0.5044642857142857,0.15683460235595703
"0,0,1,0,1,0,1,0,1,1,1,0,0,1,1,0,0,0,1,1,1",0.5333333333333333,0.5,0.5033482142857143,0.5,0.07142857142857142,0.125,0.5044642857142857,0.21677756309509277
"1,0,1,0,1,0,1,1,1,1,1,1,1,1,0,1,0,0,1,1,1",0.5333333333333333,0.5,0.5033482142857143,0.5,0.07142857142857142,0.125,0.5044642857142857,0.21431565284729004
"0,1,1,0,0,1,1,0,1,0,0,0,0,0,1,1,0,0,1,1,1",0.5333333333333333,0.5,0.5033482142857143,0.5,0.07142857142857142,0.125,0.5044642857142857,0.17429375648498535
"1,0,1,1,0,1,1,1,0,0,0,1,1,1,0,0,0,0,0,1,0",0.5333333333333333,0.5,0.5033482142857143,0.5,0.07142857142857142,0.125,0.5044642857142857,0.19292020797729492
"1,0,1,1,0,1,0,1,1,1,0,1,0,1,0,0,0,1,0,1,0",0.5333333333333333,0.5,0.5033482142857143,0.5,0.07142857142857142,0.125,0.5044642857142857,0.20800471305847168
"1,0,0,1,0,0,1,1,1,0,1,0,1,0,1,0,0,0,1,1,1",0.5333333333333333,0.5,0.5033482142857143,0.5,0.07142857142857142,0.125,0.5044642857142857,0.1959390640258789
"1,0,1,0,1,1,1,0,1,0,1,0,1,0,0,1,0,1,0,0,1",0.5333333333333333,0.5,0.5033482142857143,0.5,0.07142857142857142,0.125,0.5044642857142857,0.1865091323852539
"0,1,1,0,1,1,1,1,1,1,0,1,0,0,0,1,1,0,1,1,0",0.5333333333333333,0.5,0.5033482142857143,0.5,0.07142857142857142,0.125,0.5044642857142857,0.20643329620361328
"1,1,0,1,0,0,0,1,0,1,1,1,0,0,0,0,0,0,1,1,1",0.5,0.5,0.5033482142857143,0.47058823529411764,0.5714285714285714,0.5161290322580645,0.5044642857142857,0.19696259498596191
"1,0,0,0,0,1,0,0,1,0,0,0,1,1,0,1,0,1,0,0,0",0.5,0.5,0.5033482142857143,0.47058823529411764,0.5714285714285714,0.5161290322580645,0.5044642857142857,0.1617603302001953
"0,1,0,1,1,1,0,1,0,1,0,1,1,0,0,1,0,0,0,0,0",0.5333333333333333,0.5,0.5033482142857143,0.5,0.07142857142857142,0.125,0.5044642857142857,0.1370089054107666
"0,0,1,1,0,1,0,0,0,0,0,1,1,1,1,1,0,0,0,1,1",0.5333333333333333,0.5,0.5033482142857143,0.5,0.07142857142857142,0.125,0.5044642857142857,0.17111468315124512
"1,0,0,1,1,1,0,0,1,1,0,1,1,1,0,0,0,0,1,0,0",0.5333333333333333,0.5,0.5033482142857143,0.5,0.07142857142857142,0.125,0.5044642857142857,0.1419074535369873
"0,0,0,1,0,1,1,0,0,0,0,0,1,0,0,1,0,0,0,0,1",0.5,0.5,0.5033482142857143,0.47058823529411764,0.5714285714285714,0.5161290322580645,0.5044642857142857,0.15746021270751953
"0,1,1,1,0,1,1,0,1,1,1,0,1,1,0,1,1,0,0,1,1",0.5333333333333333,0.5,0.5033482142857143,0.5,0.07142857142857142,0.125,0.5044642857142857,0.22348356246948242
"1,1,0,0,1,0,1,0,0,1,1,1,1,1,0,0,1,1,0,1,0",0.5,0.5,0.5033482142857143,0.47058823529411764,0.5714285714285714,0.5161290322580645,0.5044642857142857,0.21105647087097168
"1,1,0,0,1,1,0,1,0,0,0,0,0,0,0,0,0,0,1,0,0",0.5333333333333333,0.5,0.5033482142857143,0.5,0.07142857142857142,0.125,0.5044642857142857,0.14977455139160156
"0,0,1,1,1,0,0,0,0,1,1,0,1,1,0,0,1,1,1,1,0",0.43333333333333335,0.7,0.503125,0.4117647058823529,0.5,0.45161290322580644,0.4375,0.19809436798095703
"0,0,0,0,1,0,0,1,0,0,1,0,1,1,0,0,1,1,0,1,1",0.4666666666666667,0.7,0.503125,0.0,0.0,0.0,0.4375,0.24836134910583496
"1,0,0,1,1,0,0,0,1,0,1,1,1,0,1,0,0,0,1,0,1",0.43333333333333335,0.7,0.503125,0.4117647058823529,0.5,0.45161290322580644,0.4375,0.21773457527160645
"0,0,1,0,1,0,0,0,0,1,0,1,1,1,0,0,1,0,0,1,1",0.4666666666666667,0.7,0.503125,0.0,0.0,0.0,0.4375,0.22583389282226562
"0,0,1,0,0,1,0,0,1,0,0,1,1,0,0,0,1,1,0,1,1",0.5666666666666667,0.4,0.5017857142857143,1.0,0.07142857142857142,0.13333333333333333,0.5357142857142857,0.20540952682495117
"0,1,0,0,0,1,0,1,0,0,0,0,0,0,0,1,0,1,0,1,0",0.4666666666666667,0.6,0.5015625,0.4375,0.5,0.4666666666666667,0.46875,0.17611002922058105
"1,0,0,0,0,0,1,1,1,0,1,1,1,0,0,0,1,1,0,1,1",0.5,0.6,0.5015625,0.0,0.0,0.0,0.46875,0.21039175987243652
"0,0,1,0,1,0,0,0,0,1,0,1,1,0,0,1,0,0,1,1,0",0.5,0.6,0.5015625,0.0,0.0,0.0,0.46875,0.20050454139709473
"0,0,1,0,0,1,0,1,0,0,0,0,1,0,1,1,1,0,1,1,1",0.4666666666666667,0.6,0.5015625,0.4375,0.5,0.4666666666666667,0.46875,0.2190468311309814
"1,1,0,1,0,0,0,0,1,0,0,0,0,1,0,0,0,0,1,1,1",0.4666666666666667,0.6,0.5015625,0.4375,0.5,0.4666666666666667,0.46875,0.18610715866088867
"0,0,0,0,1,0,1,1,0,1,1,1,0,1,1,0,0,1,1,1,1",0.5,0.6,0.5015625,0.0,0.0,0.0,0.46875,0.19336795806884766
"0,0,0,1,0,1,1,0,0,0,0,1,1,1,1,0,0,1,0,0,0",0.4666666666666667,0.6,0.5015625,0.4375,0.5,0.4666666666666667,0.46875,0.1918478012084961
"1,1,1,0,0,0,1,1,0,1,1,1,0,0,0,0,1,0,1,0,1",0.5,0.6,0.5015625,0.0,0.0,0.0,0.46875,0.20319104194641113
"0,1,0,1,0,0,1,1,0,0,0,1,1,0,1,0,1,1,0,0,0",0.5,0.6,0.5015625,0.0,0.0,0.0,0.46875,0.18337750434875488
"1,1,1,0,0,0,0,0,0,0,1,1,0,0,0,0,0,0,1,1,0",0.4666666666666667,0.6,0.5015625,0.4375,0.5,0.4666666666666667,0.46875,0.1630876064300537
"0,0,0,1,0,0,0,0,1,1,0,1,1,0,0,0,1,1,1,0,1",0.5,0.6,0.5015625,0.0,0.0,0.0,0.46875,0.21483373641967773
"1,1,0,0,0,0,0,1,0,1,0,0,0,1,1,1,1,1,1,1,0",0.4666666666666667,0.6,0.5015625,0.4375,0.5,0.4666666666666667,0.46875,0.1889324188232422
"0,0,0,0,1,0,0,1,1,0,0,0,1,0,1,1,1,0,1,0,0",0.4,0.8,0.5013392857142858,0.375,0.42857142857142855,0.4,0.4017857142857143,0.14384150505065918
"1,0,1,0,0,0,0,0,0,0,0,0,0,1,0,0,1,0,0,1,0",0.4,0.8,0.5013392857142858,0.375,0.42857142857142855,0.4,0.4017857142857143,0.14601540565490723
"0,0,1,0,0,0,0,1,0,1,0,0,0,1,0,0,1,0,1,1,0",0.4,0.8,0.5013392857142858,0.375,0.42857142857142855,0.4,0.4017857142857143,0.13387656211853027
"0,0,1,0,1,0,0,0,1,1,0,1,1,1,1,0,1,0,0,0,0",0.4,0.8,0.5013392857142858,0.375,0.42857142857142855,0.4,0.4017857142857143,0.16379261016845703
"1,0,0,1,0,0,0,0,1,1,0,1,1,0,0,0,1,1,0,0,0",0.5333333333333333,0.5,0.5,0.0,0.0,0.0,0.5,0.1775352954864502
"1,1,0,0,0,0,0,0,1,1,1,0,1,0,1,0,1,1,1,1,1",0.5333333333333333,0.5,0.5,0.0,0.0,0.0,0.5,0.19579815864562988
"0,0,1,1,0,0,0,0,0,0,1,1,0,0,1,1,0,0,0,0,0",0.5333333333333333,0.5,0.5,0.0,0.0,0.0,0.5,0.17647862434387207
"0,0,0,1,0,1,0,0,1,1,0,1,1,1,1,0,1,0,0,1,1",0.4666666666666667,0.5,0.5,0.4666666666666667,1.0,0.6363636363636364,0.5,0.2102217674255371
"1,1,0,1,0,1,1,1,0,1,0,1,0,0,0,1,0,1,0,0,0",0.5333333333333333,0.5,0.5,0.0,0.0,0.0,0.5,0.20557665824890137
"1,0,1,0,1,1,0,0,1,0,0,0,0,0,1,1,0,1,0,1,0",0.5333333333333333,0.5,0.5,0.0,0.0,0.0,0.5,0.19582796096801758
"1,1,0,0,1,0,0,0,1,0,1,0,1,0,1,0,1,0,1,1,1",0.4666666666666667,0.5,0.5,0.4666666666666667,1.0,0.6363636363636364,0.5,0.22221159934997559
"0,0,1,0,1,0,0,0,0,0,1,1,0,0,0,1,1,0,1,1,1",0.5333333333333333,0.5,0.5,0.0,0.0,0.0,0.5,0.19985389709472656
"1,1,1,0,0,0,0,0,1,0,1,1,1,0,1,0,0,0,1,0,0",0.5,0.5,0.5,0.4666666666666667,0.5,0.4827586206896552,0.5,0.17203927040100098
"0,1,0,1,1,0,0,1,0,0,0,0,0,1,1,0,1,0,1,0,1",0.5333333333333333,0.5,0.5,0.0,0.0,0.0,0.5,0.21937799453735352
"1,1,1,1,0,1,0,0,0,0,0,1,1,1,1,0,1,1,1,0,0",0.4666666666666667,0.5,0.5,0.4666666666666667,1.0,0.6363636363636364,0.5,0.1545717716217041
"1,0,1,0,0,0,0,1,0,0,0,0,0,0,1,1,1,0,0,1,0",0.5333333333333333,0.5,0.5,0.0,0.0,0.0,0.5,0.20313167572021484
"0,0,1,1,1,1,0,1,0,0,0,0,0,1,1,1,1,0,1,1,1",0.5333333333333333,0.5,0.5,0.0,0.0,0.0,0.5,0.2350301742553711
"0,1,1,0,0,1,0,0,1,1,1,0,0,1,1,0,0,0,1,1,0",0.5333333333333333,0.5,0.5,0.0,0.0,0.0,0.5,0.18003368377685547
"1,0,1,0,1,1,1,1,1,0,0,1,0,0,0,1,1,0,1,1,0",0.5333333333333333,0.5,0.5,0.0,0.0,0.0,0.5,0.20183682441711426
"1,0,1,0,0,1,0,1,0,1,1,1,1,1,0,1,1,0,1,1,1",0.4666666666666667,0.5,0.5,0.4666666666666667,1.0,0.6363636363636364,0.5,0.20869803428649902
"0,1,0,0,1,0,1,1,0,0,1,1,0,1,1,1,1,0,0,0,1",0.5333333333333333,0.5,0.5,0.0,0.0,0.0,0.5,0.1913301944732666
"1,1,1,0,1,1,1,1,0,1,1,1,0,0,1,1,0,1,1,0,1",0.4666666666666667,0.5,0.5,0.4666666666666667,1.0,0.6363636363636364,0.5,0.20435118675231934
"1,0,0,1,1,0,0,0,0,0,0,1,1,0,0,1,1,1,0,0,0",0.5333333333333333,0.5,0.5,0.0,0.0,0.0,0.5,0.14987516403198242
"1,0,0,1,1,0,0,0,1,1,0,1,0,1,1,0,1,0,1,1,0",0.4666666666666667,0.5,0.5,0.4666666666666667,1.0,0.6363636363636364,0.5,0.17605209350585938
"0,1,1,0,0,0,0,1,0,1,0,0,1,0,1,0,1,1,1,1,1",0.5333333333333333,0.5,0.5,0.0,0.0,0.0,0.5,0.20639586448669434
"1,1,0,1,1,1,0,0,0,0,0,1,0,1,1,1,0,1,0,0,0",0.4666666666666667,0.5,0.5,0.4666666666666667,1.0,0.6363636363636364,0.5,0.1586472988128662
"1,0,1,1,1,1,0,0,0,1,0,0,0,0,0,1,0,1,1,0,0",0.4666666666666667,0.5,0.5,0.4666666666666667,1.0,0.6363636363636364,0.5,0.15610527992248535
"0,1,0,1,0,0,1,0,0,0,1,0,1,0,0,1,1,1,0,0,0",0.5333333333333333,0.5,0.5,0.0,0.0,0.0,0.5,0.1669454574584961
"1,1,0,0,1,0,0,1,1,0,1,0,0,0,0,0,1,1,1,1,1",0.5333333333333333,0.5,0.5,0.0,0.0,0.0,0.5,0.20307707786560059
"1,0,1,1,1,1,0,1,1,0,0,1,1,1,0,0,0,1,1,1,1",0.4666666666666667,0.5,0.5,0.4666666666666667,1.0,0.6363636363636364,0.5,0.1919560432434082
"0,1,0,1,0,0,0,0,0,0,1,1,0,0,0,1,1,0,1,1,1",0.5333333333333333,0.5,0.5,0.0,0.0,0.0,0.5,0.19533920288085938
"1,1,1,1,0,1,0,1,0,1,0,0,0,0,1,0,0,0,0,0,0",0.4666666666666667,0.5,0.5,0.4666666666666667,1.0,0.6363636363636364,0.5,0.1770169734954834
"0,0,0,1,0,1,0,0,1,1,0,0,0,1,1,0,1,0,0,0,0",0.4666666666666667,0.5,0.5,0.4666666666666667,1.0,0.6363636363636364,0.5,0.16740059852600098
"0,0,0,1,1,0,1,0,1,1,1,0,0,1,0,0,1,0,0,1,1",0.5333333333333333,0.5,0.5,0.0,0.0,0.0,0.5,0.19301557540893555
"0,0,1,0,1,0,0,1,1,0,1,0,0,0,1,1,0,0,0,1,0",0.5333333333333333,0.5,0.5,0.0,0.0,0.0,0.5,0.20723414421081543
"0,1,0,0,1,1,1,0,1,1,0,1,1,1,1,1,0,1,0,1,0",0.5333333333333333,0.5,0.5,0.0,0.0,0.0,0.5,0.2064664363861084
"0,0,0,1,0,1,0,0,0,1,0,0,1,0,1,1,0,0,0,0,0",0.4666666666666667,0.5,0.5,0.4666666666666667,1.0,0.6363636363636364,0.5,0.1565868854522705
"0,0,0,1,0,1,0,1,1,0,0,0,1,0,1,1,0,0,0,0,0",0.4666666666666667,0.5,0.5,0.4666666666666667,1.0,0.6363636363636364,0.5,0.14881587028503418
"0,1,1,0,0,1,1,1,1,0,0,0,0,0,1,1,0,0,1,1,1",0.5333333333333333,0.5,0.5,0.0,0.0,0.0,0.5,0.2090442180633545
"0,0,0,0,1,1,0,0,1,1,0,0,0,0,0,0,1,1,0,0,1",0.4666666666666667,0.5,0.5,0.4666666666666667,1.0,0.6363636363636364,0.5,0.18539190292358398
"1,0,1,1,0,1,0,1,1,1,0,1,0,1,0,1,1,0,0,1,0",0.5333333333333333,0.5,0.5,0.0,0.0,0.0,0.5,0.19270873069763184
"0,1,1,1,0,0,1,0,1,0,0,1,1,1,1,1,0,0,1,1,0",0.4666666666666667,0.5,0.5,0.4666666666666667,1.0,0.6363636363636364,0.5,0.2065112590789795
"0,0,0,1,0,1,0,0,1,1,0,0,0,0,0,0,1,1,0,0,0",0.4666666666666667,0.5,0.5,0.4666666666666667,1.0,0.6363636363636364,0.5,0.15657806396484375
"0,0,0,0,1,1,0,0,1,0,0,0,1,1,1,0,0,0,1,0,0",0.4666666666666667,0.5,0.5,0.4666666666666667,1.0,0.6363636363636364,0.5,0.14455032348632812
"0,1,0,1,1,1,0,0,1,0,0,0,1,0,0,0,0,0,1,1,0",0.5333333333333333,0.5,0.5,0.0,0.0,0.0,0.5,0.1575632095336914
"0,0,0,0,0,0,1,1,0,0,0,0,0,0,1,1,0,0,1,1,0",0.4666666666666667,0.5,0.5,0.4666666666666667,1.0,0.6363636363636364,0.5,0.20470070838928223
"1,1,0,1,1,1,0,0,0,0,1,1,1,0,1,1,0,0,0,1,0",0.4666666666666667,0.5,0.5,0.4666666666666667,1.0,0.6363636363636364,0.5,0.22301268577575684
"1,1,0,0,1,0,0,0,0,0,0,0,1,0,0,1,1,1,1,1,0",0.4666666666666667,0.5,0.5,0.4666666666666667,1.0,0.6363636363636364,0.5,0.1890087127685547
"1,1,0,1,0,1,0,0,0,0,0,0,1,1,0,1,0,0,1,1,0",0.5333333333333333,0.5,0.5,0.0,0.0,0.0,0.5,0.18552207946777344
"1,1,1,0,0,0,0,0,1,1,1,0,0,0,1,0,1,0,1,1,0",0.5333333333333333,0.5,0.5,0.0,0.0,0.0,0.5,0.18764662742614746
"1,1,1,0,0,1,0,1,0,1,0,1,1,0,1,0,0,0,1,1,0",0.5333333333333333,0.5,0.5,0.0,0.0,0.0,0.5,0.2022390365600586
"1,1,1,0,0,0,1,1,1,0,0,1,0,0,1,0,0,1,0,0,0",0.5333333333333333,0.5,0.5,0.0,0.0,0.0,0.5,0.17751336097717285
"0,0,0,1,1,1,0,0,1,1,0,1,1,1,1,0,1,1,0,0,1",0.5333333333333333,0.5,0.5,0.0,0.0,0.0,0.5,0.18062376976013184
"1,1,1,0,1,0,1,0,1,1,1,1,1,0,0,0,0,0,1,1,1",0.5333333333333333,0.5,0.5,0.0,0.0,0.0,0.5,0.19035744667053223
"1,1,0,1,1,0,1,1,1,0,0,1,0,1,0,1,0,1,1,0,1",0.4666666666666667,0.5,0.5,0.4666666666666667,1.0,0.6363636363636364,0.5,0.23566508293151855
"1,1,0,0,1,0,1,1,1,0,1,1,1,0,0,0,0,1,1,1,0",0.5333333333333333,0.5,0.5,0.0,0.0,0.0,0.5,0.20731353759765625
"0,1,0,0,1,0,1,0,0,0,1,0,1,1,0,1,0,0,0,0,0",0.5333333333333333,0.5,0.5,0.0,0.0,0.0,0.5,0.14525485038757324
"0,0,0,1,0,1,0,1,0,0,0,1,0,1,1,0,1,0,1,0,1",0.4666666666666667,0.5,0.5,0.4666666666666667,1.0,0.6363636363636364,0.5,0.21592998504638672
"0,1,1,0,1,1,1,0,1,1,1,0,0,1,1,1,1,1,1,0,1",0.5333333333333333,0.5,0.5,0.0,0.0,0.0,0.5,0.20096707344055176
"1,0,1,0,0,1,0,0,1,1,1,1,1,0,1,1,1,1,0,1,0",0.4666666666666667,0.5,0.5,0.4666666666666667,1.0,0.6363636363636364,0.5,0.19851970672607422
"0,0,0,1,1,1,1,0,0,0,0,1,1,0,1,0,0,1,1,0,0",0.5333333333333333,0.5,0.5,0.0,0.0,0.0,0.5,0.17963457107543945
"1,0,1,1,1,1,1,0,0,1,0,0,0,1,0,0,1,1,0,0,0",0.4666666666666667,0.5,0.5,0.4666666666666667,1.0,0.6363636363636364,0.5,0.16732263565063477
"0,0,1,0,1,0,0,1,0,1,0,0,0,0,1,0,0,1,1,1,1",0.5333333333333333,0.5,0.5,0.0,0.0,0.0,0.5,0.21618080139160156
"1,1,0,1,1,0,1,0,1,1,0,1,0,1,0,1,0,0,1,0,1",0.43333333333333335,0.7,0.4997767857142857,0.4,0.42857142857142855,0.41379310344827586,0.4330357142857143,0.19697070121765137
"1,1,1,1,0,0,0,1,0,0,0,1,1,1,0,1,0,0,1,0,1",0.4333333333333333,0.7,0.4997767857142857,0.4,0.4285714285714285,0.4137931034482758,0.4330357142857143,0.2385973930358886
"0,0,0,1,1,0,0,0,1,1,0,0,0,1,1,0,1,1,0,1,0",0.36666666666666664,0.9,0.4995535714285715,0.3333333333333333,0.35714285714285715,0.3448275862068966,0.3660714285714286,0.21463489532470703
"0,0,0,1,1,0,0,1,1,0,1,0,1,0,1,0,0,0,0,1,0",0.36666666666666664,0.9,0.4995535714285715,0.3333333333333333,0.35714285714285715,0.3448275862068966,0.3660714285714286,0.16798186302185059
"0,0,0,1,0,0,0,0,1,1,1,1,0,1,0,0,0,1,0,0,0",0.4666666666666667,0.6,0.4982142857142857,0.42857142857142855,0.42857142857142855,0.42857142857142855,0.4642857142857143,0.20400094985961914
"0,0,0,1,0,1,1,1,1,1,0,1,0,0,0,0,0,0,1,1,0",0.43333333333333335,0.6,0.4982142857142857,0.4482758620689655,0.9285714285714286,0.6046511627906976,0.4642857142857143,0.16727733612060547
"1,1,0,1,1,1,0,0,0,1,1,0,1,1,1,0,0,0,0,1,0",0.43333333333333335,0.6,0.4982142857142857,0.4482758620689655,0.9285714285714286,0.6046511627906976,0.4642857142857143,0.17814373970031738
"1,1,0,0,0,1,0,0,0,0,1,1,1,0,0,0,0,1,1,0,1",0.43333333333333335,0.6,0.4982142857142857,0.4482758620689655,0.9285714285714286,0.6046511627906976,0.4642857142857143,0.21207404136657715
"0,0,0,1,0,1,0,0,1,1,0,0,0,1,0,0,1,0,0,1,1",0.43333333333333335,0.6,0.4982142857142857,0.4482758620689655,0.9285714285714286,0.6046511627906976,0.4642857142857143,0.19304275512695312
"0,0,0,1,0,1,1,0,1,0,0,0,0,0,0,0,1,0,1,1,0",0.43333333333333335,0.6,0.4982142857142857,0.4482758620689655,0.9285714285714286,0.6046511627906976,0.4642857142857143,0.1774888038635254
"0,1,1,0,1,0,1,0,0,1,0,0,1,1,1,1,1,0,1,1,1",0.4666666666666667,0.5,0.4966517857142857,0.4642857142857143,0.9285714285714286,0.6190476190476191,0.4955357142857143,0.20325875282287598
"1,0,0,1,1,1,0,1,1,0,1,1,1,1,1,0,1,0,1,0,0",0.5,0.5,0.4966517857142857,0.46153846153846156,0.42857142857142855,0.4444444444444444,0.4955357142857143,0.1564786434173584
"1,1,1,1,1,1,1,1,0,1,0,0,1,1,1,0,1,1,1,1,1",0.4666666666666667,0.5,0.4966517857142857,0.4642857142857143,0.9285714285714286,0.6190476190476191,0.4955357142857143,0.2365729808807373
"0,0,1,1,0,0,0,1,0,0,0,0,1,1,1,0,0,0,0,1,1",0.4666666666666667,0.5,0.4966517857142857,0.4642857142857143,0.9285714285714286,0.6190476190476191,0.4955357142857143,0.1570582389831543
"1,1,0,1,0,0,0,0,0,0,1,1,0,0,0,1,1,0,1,1,0",0.5,0.5,0.4966517857142857,0.46153846153846156,0.42857142857142855,0.4444444444444444,0.4955357142857143,0.1883680820465088
"1,0,1,1,0,1,0,1,1,1,1,1,1,1,1,1,0,0,1,0,0",0.5,0.5,0.4966517857142857,0.46153846153846156,0.42857142857142855,0.4444444444444444,0.4955357142857143,0.15968608856201172
"1,0,0,0,0,0,1,1,0,0,1,1,1,1,0,0,1,1,0,0,0",0.4666666666666667,0.5,0.4966517857142857,0.4642857142857143,0.9285714285714286,0.6190476190476191,0.4955357142857143,0.17473530769348145
"1,0,0,1,1,1,1,1,0,0,1,0,0,0,0,0,1,0,0,0,0",0.5,0.5,0.4966517857142857,0.46153846153846156,0.42857142857142855,0.4444444444444444,0.4955357142857143,0.17570853233337402
"1,0,0,1,1,1,0,1,1,1,1,0,0,0,1,1,0,0,0,0,0",0.5,0.5,0.4966517857142857,0.46153846153846156,0.42857142857142855,0.4444444444444444,0.4955357142857143,0.17447161674499512
"0,1,0,1,1,0,1,0,1,0,1,0,0,1,0,1,1,0,0,1,0",0.4666666666666667,0.5,0.4966517857142857,0.4642857142857143,0.9285714285714286,0.6190476190476191,0.4955357142857143,0.18819928169250488
"1,1,0,1,0,1,1,0,0,0,1,0,1,0,0,1,0,0,0,0,0",0.5,0.5,0.4966517857142857,0.46153846153846156,0.42857142857142855,0.4444444444444444,0.4955357142857143,0.1689131259918213
"1,1,0,1,1,1,1,0,0,0,0,0,1,1,1,0,0,0,1,0,1",0.4666666666666667,0.5,0.4966517857142857,0.4642857142857143,0.9285714285714286,0.6190476190476191,0.4955357142857143,0.19375348091125488
"0,1,0,1,1,1,0,0,0,0,0,0,0,1,1,0,0,0,0,0,0",0.5,0.5,0.4966517857142857,0.46153846153846156,0.42857142857142855,0.4444444444444444,0.4955357142857143,0.1481776237487793
"1,0,0,0,0,0,1,1,0,0,1,1,1,0,0,0,0,1,1,0,0",0.4666666666666667,0.5,0.4966517857142857,0.4642857142857143,0.9285714285714286,0.6190476190476191,0.4955357142857143,0.18961858749389648
"1,0,0,1,0,1,1,1,0,1,0,1,0,1,1,0,1,0,0,0,1",0.4666666666666667,0.5,0.4966517857142857,0.4642857142857143,0.9285714285714286,0.6190476190476191,0.4955357142857143,0.1925058364868164
"0,0,0,0,0,1,1,1,1,1,0,1,0,0,0,1,1,0,1,1,0",0.43333333333333335,0.7,0.49642857142857144,0.38461538461538464,0.35714285714285715,0.37037037037037035,0.4285714285714286,0.20585298538208008
"0,0,0,0,0,1,1,1,1,0,0,1,0,0,0,1,0,0,1,1,0",0.43333333333333335,0.7,0.49642857142857144,0.38461538461538464,0.35714285714285715,0.37037037037037035,0.4285714285714286,0.2012012004852295
"0,0,0,0,0,1,1,1,1,0,0,1,0,0,0,1,1,0,1,1,0",0.43333333333333335,0.7,0.49642857142857144,0.38461538461538464,0.35714285714285715,0.37037037037037035,0.4285714285714286,0.18468570709228516
"1,1,1,0,0,0,0,1,0,0,1,1,1,1,0,0,1,0,1,0,1",0.5333333333333333,0.4,0.4950892857142857,0.5,0.42857142857142855,0.46153846153846156,0.5267857142857143,0.22164463996887207
"1,0,1,0,1,0,1,0,0,0,0,1,1,1,1,0,0,1,1,0,0",0.5,0.4,0.4950892857142857,0.48148148148148145,0.9285714285714286,0.6341463414634146,0.5267857142857143,0.2042992115020752
"1,0,0,0,0,1,1,1,0,0,0,0,1,1,0,1,1,0,0,1,1",0.5333333333333333,0.4,0.4950892857142857,0.5,0.42857142857142855,0.46153846153846156,0.5267857142857143,0.22129392623901367
"1,0,0,1,1,0,1,1,1,0,0,0,0,1,0,0,1,1,1,0,1",0.4666666666666667,0.6,0.4948660714285714,0.4166666666666667,0.35714285714285715,0.38461538461538464,0.4598214285714286,0.19429755210876465
"1,1,0,1,1,1,1,0,0,0,1,0,0,0,0,0,1,0,1,1,0",0.43333333333333335,0.6,0.4948660714285714,0.4444444444444444,0.8571428571428571,0.5853658536585366,0.45982142857142855,0.16073226928710938
"1,0,1,0,0,0,0,1,0,0,1,1,1,1,0,0,1,1,1,1,1",0.43333333333333335,0.6,0.4948660714285714,0.4444444444444444,0.8571428571428571,0.5853658536585366,0.45982142857142855,0.21691203117370605
"1,1,1,0,1,1,1,1,0,0,0,0,0,1,1,1,0,0,0,1,0",0.43333333333333335,0.6,0.4948660714285714,0.4444444444444444,0.8571428571428571,0.5853658536585366,0.45982142857142855,0.18559837341308594
"1,0,1,1,1,1,0,1,0,0,0,0,1,0,0,0,0,1,0,0,0",0.43333333333333335,0.6,0.4948660714285714,0.4444444444444444,0.8571428571428571,0.5853658536585366,0.45982142857142855,0.1750180721282959
"1,0,0,1,0,1,0,0,0,0,1,1,1,1,0,1,1,1,1,1,1",0.43333333333333335,0.6,0.4948660714285714,0.4444444444444444,0.8571428571428571,0.5853658536585366,0.45982142857142855,0.18702363967895508
"0,0,1,1,1,0,0,1,1,0,0,0,1,1,0,1,0,1,1,0,1",0.43333333333333335,0.6,0.4948660714285714,0.4444444444444444,0.8571428571428571,0.5853658536585366,0.45982142857142855,0.24598383903503418
"0,1,1,1,1,0,0,1,1,1,1,1,0,0,0,1,0,1,0,0,0",0.43333333333333335,0.6,0.4948660714285714,0.4444444444444444,0.8571428571428571,0.5853658536585366,0.45982142857142855,0.17177700996398926
"0,1,1,1,1,1,0,0,0,1,0,1,0,0,0,0,0,1,1,0,0",0.43333333333333335,0.6,0.4948660714285714,0.4444444444444444,0.8571428571428571,0.5853658536585366,0.45982142857142855,0.17713499069213867
"1,0,1,1,1,1,0,0,0,1,1,0,0,0,0,0,1,0,0,1,0",0.43333333333333335,0.6,0.4948660714285714,0.4444444444444444,0.8571428571428571,0.5853658536585366,0.45982142857142855,0.15829086303710938
"1,0,0,1,0,1,1,0,1,1,1,0,1,1,1,0,0,1,1,1,1",0.4666666666666667,0.6,0.4948660714285714,0.4166666666666667,0.35714285714285715,0.38461538461538464,0.4598214285714286,0.1855299472808838
"0,1,1,1,1,0,0,1,0,0,1,0,0,1,0,0,1,0,0,1,1",0.4,0.8,0.49464285714285716,0.3333333333333333,0.2857142857142857,0.3076923076923077,0.39285714285714285,0.20434808731079102
"1,1,1,0,0,0,0,0,0,1,1,1,0,0,0,0,1,1,0,0,1",0.5,0.5,0.49330357142857145,0.45454545454545453,0.35714285714285715,0.4,0.4910714285714286,0.18726086616516113
"1,0,1,1,0,1,1,1,1,1,0,1,1,0,1,0,1,1,1,1,1",0.5,0.5,0.49330357142857145,0.45454545454545453,0.35714285714285715,0.4,0.4910714285714286,0.21274876594543457
"0,1,1,1,1,0,1,0,0,0,1,0,0,0,1,0,0,1,0,0,1",0.5,0.5,0.49330357142857145,0.45454545454545453,0.35714285714285715,0.4,0.4910714285714286,0.20015430450439453
"1,0,1,0,1,0,0,0,0,0,0,0,1,0,1,0,0,1,0,0,0",0.4666666666666667,0.5,0.4933035714285714,0.46153846153846156,0.8571428571428571,0.6,0.49107142857142855,0.16379070281982422
"0,1,1,1,0,0,1,0,0,1,1,1,1,0,0,0,0,1,0,0,1",0.4666666666666667,0.5,0.4933035714285714,0.46153846153846156,0.8571428571428571,0.6,0.49107142857142855,0.19870829582214355
"0,1,1,0,0,0,1,1,0,1,0,1,1,0,0,0,1,0,1,1,1",0.4666666666666667,0.5,0.4933035714285714,0.46153846153846156,0.8571428571428571,0.6,0.49107142857142855,0.21680402755737305
"0,0,1,0,1,1,1,1,1,0,0,1,1,0,0,1,0,0,1,1,0",0.4666666666666667,0.5,0.4933035714285714,0.46153846153846156,0.8571428571428571,0.6,0.49107142857142855,0.18185639381408691
"0,1,0,1,0,0,0,0,0,0,0,1,0,1,0,1,0,1,0,1,0",0.4666666666666667,0.5,0.4933035714285714,0.46153846153846156,0.8571428571428571,0.6,0.49107142857142855,0.15444684028625488
"0,0,1,0,0,1,1,0,0,1,0,0,0,0,0,0,0,1,0,1,0",0.4666666666666667,0.5,0.4933035714285714,0.46153846153846156,0.8571428571428571,0.6,0.49107142857142855,0.19756388664245605
"0,0,0,0,0,1,1,1,1,1,0,0,0,1,1,0,0,1,1,1,0",0.4666666666666667,0.5,0.4933035714285714,0.46153846153846156,0.8571428571428571,0.6,0.49107142857142855,0.22104859352111816
"0,0,0,1,0,1,0,1,0,0,1,0,0,1,0,0,0,0,1,0,1",0.4666666666666667,0.5,0.4933035714285714,0.46153846153846156,0.8571428571428571,0.6,0.49107142857142855,0.17328405380249023
"0,0,0,1,1,1,1,0,1,0,0,0,0,0,1,0,1,1,0,0,1",0.4666666666666667,0.5,0.4933035714285714,0.46153846153846156,0.8571428571428571,0.6,0.49107142857142855,0.19242095947265625
"0,0,1,0,0,1,0,0,0,1,1,1,0,1,1,0,1,1,1,0,0",0.4666666666666667,0.5,0.4933035714285714,0.46153846153846156,0.8571428571428571,0.6,0.49107142857142855,0.19385933876037598
"0,1,1,1,1,0,1,1,1,0,0,1,0,0,1,0,0,1,0,1,0",0.4666666666666667,0.5,0.4933035714285714,0.46153846153846156,0.8571428571428571,0.6,0.49107142857142855,0.23765873908996582
"1,0,0,1,0,0,0,0,0,1,1,1,0,1,1,1,0,0,0,1,1",0.4666666666666667,0.5,0.4933035714285714,0.46153846153846156,0.8571428571428571,0.6,0.49107142857142855,0.19185686111450195
"1,1,0,1,0,0,1,1,1,0,1,1,1,1,1,1,1,0,0,0,1",0.43333333333333335,0.7,0.49308035714285714,0.36363636363636365,0.2857142857142857,0.32,0.42410714285714285,0.18633556365966797
"1,1,1,0,1,0,1,1,0,1,0,0,1,0,1,0,1,0,1,1,1",0.43333333333333335,0.7,0.49308035714285714,0.36363636363636365,0.2857142857142857,0.32,0.42410714285714285,0.20408892631530762
"1,0,1,1,1,1,0,1,0,1,0,1,0,0,0,0,1,1,1,1,0",0.4,0.7,0.49308035714285714,0.4230769230769231,0.7857142857142857,0.55,0.42410714285714285,0.2123105525970459
"0,0,0,1,1,1,1,1,0,0,1,0,0,0,1,1,1,1,0,1,0",0.43333333333333335,0.6,0.4915178571428572,0.44,0.7857142857142857,0.5641025641025641,0.45535714285714285,0.19658875465393066
"0,1,1,1,1,0,1,1,1,0,1,0,1,0,1,1,0,0,1,0,0",0.4666666666666667,0.6,0.4915178571428571,0.4,0.2857142857142857,0.3333333333333333,0.45535714285714285,0.1903076171875
"1,1,0,1,1,1,1,1,1,1,1,1,0,0,0,0,1,0,0,1,0",0.36666666666666664,0.8,0.49129464285714286,0.4,0.7142857142857143,0.5128205128205128,0.38839285714285715,0.15822911262512207
"1,1,1,1,0,1,0,0,1,0,1,0,0,1,0,0,0,1,1,1,1",0.36666666666666664,0.8,0.49129464285714286,0.4,0.7142857142857143,0.5128205128205128,0.38839285714285715,0.21368622779846191
"0,1,1,1,1,1,0,0,0,1,0,0,1,0,1,0,1,0,0,1,0",0.36666666666666664,0.8,0.49129464285714286,0.4,0.7142857142857143,0.5128205128205128,0.38839285714285715,0.17885947227478027
"1,1,0,1,1,1,0,0,1,0,1,0,1,0,1,1,0,1,0,0,0",0.36666666666666664,0.8,0.49129464285714286,0.4,0.7142857142857143,0.5128205128205128,0.38839285714285715,0.19586634635925293
"1,0,0,0,0,0,0,0,1,1,0,0,0,0,0,0,1,1,0,0,1",0.4,0.8,0.49129464285714286,0.3,0.21428571428571427,0.25,0.38839285714285715,0.19746899604797363
"0,1,0,1,1,0,0,1,1,0,0,0,0,0,1,1,1,1,0,1,1",0.5666666666666667,0.3,0.49017857142857146,0.5555555555555556,0.35714285714285715,0.43478260869565216,0.5535714285714286,0.24532318115234375
"0,1,0,1,1,0,0,1,1,0,1,1,1,1,0,0,0,1,0,0,0",0.4666666666666667,0.5,0.48995535714285715,0.4583333333333333,0.7857142857142857,0.5789473684210527,0.48660714285714285,0.18343758583068848
"1,1,0,0,1,0,1,0,1,0,1,1,1,0,0,1,1,0,0,0,1",0.4666666666666667,0.5,0.48995535714285715,0.4583333333333333,0.7857142857142857,0.5789473684210527,0.48660714285714285,0.19674372673034668
"0,0,0,1,1,0,0,1,1,0,0,0,0,0,0,1,1,0,0,1,1",0.4666666666666667,0.5,0.48995535714285715,0.4583333333333333,0.7857142857142857,0.5789473684210527,0.48660714285714285,0.20365571975708008
"0,0,0,1,1,1,0,1,0,1,0,1,1,0,0,1,1,1,1,1,1",0.4666666666666667,0.5,0.48995535714285715,0.4583333333333333,0.7857142857142857,0.5789473684210527,0.48660714285714285,0.24416017532348633
"0,0,1,0,0,1,0,1,1,1,1,1,0,1,0,0,0,0,0,0,1",0.4666666666666667,0.5,0.48995535714285715,0.4583333333333333,0.7857142857142857,0.5789473684210527,0.48660714285714285,0.19611501693725586
"0,0,1,0,0,1,1,0,0,1,1,1,0,0,0,0,1,0,1,1,1",0.4666666666666667,0.5,0.48995535714285715,0.4583333333333333,0.7857142857142857,0.5789473684210527,0.48660714285714285,0.20723748207092285
"0,1,1,1,0,0,1,1,1,1,0,1,0,1,1,0,0,1,1,1,1",0.4666666666666667,0.5,0.48995535714285715,0.4583333333333333,0.7857142857142857,0.5789473684210527,0.48660714285714285,0.2331993579864502
"0,1,1,1,1,1,1,1,1,1,0,0,1,0,1,0,0,0,0,1,1",0.5,0.5,0.48995535714285715,0.4444444444444444,0.2857142857142857,0.34782608695652173,0.48660714285714285,0.17140698432922363
"0,1,0,1,1,0,0,1,1,1,1,1,1,1,0,1,1,1,1,0,0",0.4666666666666667,0.5,0.48995535714285715,0.4583333333333333,0.7857142857142857,0.5789473684210527,0.48660714285714285,0.172227144241333
"1,1,1,1,0,0,0,1,0,0,1,0,1,0,1,0,0,1,0,1,0",0.4666666666666667,0.5,0.48995535714285715,0.4583333333333333,0.7857142857142857,0.5789473684210527,0.48660714285714285,0.1980445384979248
"0,1,0,0,1,1,0,0,1,0,0,0,0,0,0,0,0,0,1,1,1",0.4666666666666667,0.5,0.48995535714285715,0.4583333333333333,0.7857142857142857,0.5789473684210527,0.48660714285714285,0.18903207778930664
"1,0,1,1,1,1,1,1,1,1,0,0,1,0,0,1,0,1,0,0,1",0.4,0.7,0.48973214285714284,0.4166666666666667,0.7142857142857143,0.5263157894736842,0.41964285714285715,0.19884395599365234
"0,1,1,0,0,0,0,0,0,1,1,1,0,1,0,1,0,1,1,1,1",0.43333333333333335,0.6,0.48816964285714287,0.43478260869565216,0.7142857142857143,0.5405405405405406,0.45089285714285715,0.2176046371459961
"0,0,1,1,0,1,0,0,0,1,1,0,0,0,1,0,0,0,0,1,1",0.4666666666666667,0.6,0.4881696428571428,0.375,0.21428571428571427,0.2727272727272727,0.45089285714285715,0.1842484474182129
"1,0,0,1,0,1,0,1,0,0,1,1,1,1,0,1,0,0,1,1,0",0.4333333333333333,0.6,0.4881696428571428,0.4347826086956521,0.7142857142857143,0.5405405405405406,0.4508928571428571,0.2037222385406494
"1,1,1,0,1,0,1,1,0,1,0,0,1,0,0,1,1,0,1,1,1",0.4666666666666667,0.6,0.4881696428571428,0.375,0.21428571428571427,0.2727272727272727,0.45089285714285715,0.20630431175231934
"1,0,0,1,0,0,1,1,0,0,0,1,1,0,1,0,0,0,0,1,1",0.4666666666666667,0.6,0.4881696428571428,0.375,0.21428571428571427,0.2727272727272727,0.45089285714285715,0.18916630744934082
"0,0,1,0,0,0,0,1,0,0,0,0,1,1,1,1,0,1,0,0,0",0.4666666666666667,0.6,0.4881696428571428,0.375,0.21428571428571427,0.2727272727272727,0.45089285714285715,0.16591334342956543
"0,0,1,0,1,0,1,1,1,0,0,1,0,0,1,0,1,0,0,0,0",0.4666666666666667,0.6,0.4881696428571428,0.375,0.21428571428571427,0.2727272727272727,0.45089285714285715,0.17279338836669922
"1,1,1,0,0,0,0,1,1,1,0,1,1,0,0,0,1,0,0,1,1",0.43333333333333335,0.6,0.4881696428571428,0.43478260869565216,0.7142857142857143,0.5405405405405406,0.45089285714285715,0.21472477912902832
"0,1,0,0,0,1,0,1,0,0,0,0,1,0,1,1,0,1,0,0,0",0.43333333333333335,0.6,0.4881696428571428,0.43478260869565216,0.7142857142857143,0.5405405405405406,0.45089285714285715,0.18001103401184082
"1,0,1,0,1,0,1,1,1,0,1,0,0,1,0,1,0,1,0,0,1",0.43333333333333335,0.6,0.4881696428571428,0.43478260869565216,0.7142857142857143,0.5405405405405406,0.45089285714285715,0.18909788131713867
"1,0,0,0,0,1,0,0,1,1,1,0,1,0,0,0,1,0,1,1,1",0.36666666666666664,0.8,0.4879464285714286,0.391304347826087,0.6428571428571429,0.4864864864864865,0.38392857142857145,0.21732401847839355
"0,0,0,0,1,1,1,1,0,1,0,0,0,1,0,0,0,1,0,0,1",0.4666666666666667,0.5,0.48660714285714285,0.45454545454545453,0.7142857142857143,0.5555555555555556,0.48214285714285715,0.17902231216430664
"1,1,1,0,0,1,1,0,0,0,1,1,0,1,0,1,1,0,1,0,1",0.5,0.5,0.48660714285714285,0.42857142857142855,0.21428571428571427,0.2857142857142857,0.48214285714285715,0.20868873596191406
"1,0,1,1,1,1,0,1,1,1,0,1,0,1,0,1,1,0,0,1,0",0.4666666666666667,0.5,0.48660714285714285,0.45454545454545453,0.7142857142857143,0.5555555555555556,0.48214285714285715,0.23627781867980957
"0,1,0,1,1,1,0,0,1,0,1,0,0,1,1,1,1,1,0,0,1",0.5,0.5,0.48660714285714285,0.42857142857142855,0.21428571428571427,0.2857142857142857,0.48214285714285715,0.18616795539855957
"1,0,1,1,0,0,0,1,0,1,1,0,1,0,1,0,0,0,0,1,0",0.43333333333333335,0.7,0.48638392857142854,0.2857142857142857,0.14285714285714285,0.19047619047619047,0.4151785714285714,0.18127918243408203
"0,1,0,1,0,1,0,0,0,0,0,1,0,1,0,1,0,0,0,1,0",0.5,0.4,0.4850446428571429,0.47619047619047616,0.7142857142857143,0.5714285714285714,0.5133928571428572,0.16151213645935059
"0,1,0,1,0,0,1,0,0,1,1,1,1,1,0,1,1,1,1,0,1",0.5333333333333333,0.4,0.48504464285714277,0.5,0.21428571428571427,0.3,0.5133928571428571,0.19884800910949707
"1,0,0,1,0,0,1,1,0,0,0,1,1,0,1,1,1,0,1,1,0",0.43333333333333335,0.6,0.4848214285714286,0.42857142857142855,0.6428571428571429,0.5142857142857142,0.44642857142857145,0.20138287544250488
"0,0,1,1,0,1,0,1,1,1,0,1,1,1,1,0,0,0,0,1,1",0.43333333333333335,0.6,0.4848214285714286,0.42857142857142855,0.6428571428571429,0.5142857142857142,0.44642857142857145,0.21509051322937012
"0,1,0,1,0,1,1,0,0,1,1,1,1,1,1,1,0,1,1,1,1",0.43333333333333335,0.6,0.4848214285714286,0.42857142857142855,0.6428571428571429,0.5142857142857142,0.44642857142857145,0.21000099182128906
"0,0,0,0,1,1,1,1,0,1,1,1,0,0,1,0,0,1,0,0,1",0.43333333333333335,0.6,0.4848214285714286,0.42857142857142855,0.6428571428571429,0.5142857142857142,0.44642857142857145,0.1830754280090332
"1,1,1,0,0,0,1,0,0,1,0,1,1,1,1,1,0,1,0,0,0",0.4666666666666667,0.6,0.48482142857142857,0.3333333333333333,0.14285714285714285,0.2,0.4464285714285714,0.17600083351135254
"0,1,0,0,0,0,0,0,1,1,0,0,0,1,1,0,1,1,1,1,0",0.4666666666666667,0.6,0.48482142857142857,0.3333333333333333,0.14285714285714285,0.2,0.4464285714285714,0.16984200477600098
"0,1,0,0,0,0,0,0,0,1,0,1,0,0,1,0,0,0,0,1,1",0.4666666666666667,0.6,0.48482142857142857,0.3333333333333333,0.14285714285714285,0.2,0.4464285714285714,0.18971729278564453
"0,1,1,1,0,1,1,0,0,0,1,0,0,1,1,0,0,1,0,0,0",0.4666666666666667,0.6,0.4848214285714285,0.3333333333333333,0.14285714285714285,0.2,0.4464285714285714,0.19161438941955566
"0,1,1,1,0,0,0,1,0,1,0,1,0,1,1,0,0,1,0,0,1",0.4666666666666667,0.5,0.4832589285714286,0.45,0.6428571428571429,0.5294117647058824,0.47767857142857145,0.2060391902923584
"1,0,0,1,1,0,0,0,0,1,1,0,0,0,0,0,1,1,0,0,1",0.4666666666666667,0.5,0.4832589285714286,0.45,0.6428571428571429,0.5294117647058824,0.47767857142857145,0.17717599868774414
"1,0,1,1,0,1,1,0,0,1,0,0,1,0,1,0,1,0,0,0,1",0.4666666666666667,0.5,0.4832589285714286,0.45,0.6428571428571429,0.5294117647058824,0.47767857142857145,0.17375826835632324
"1,0,0,0,0,1,0,0,0,0,0,0,1,1,1,0,0,1,0,1,1",0.4666666666666667,0.5,0.4832589285714286,0.45,0.6428571428571429,0.5294117647058824,0.47767857142857145,0.20288777351379395
"1,1,0,1,0,1,0,1,1,0,0,1,1,1,1,1,1,1,0,1,1",0.4666666666666667,0.5,0.4832589285714286,0.45,0.6428571428571429,0.5294117647058824,0.47767857142857145,0.20131826400756836
"0,1,0,0,1,1,0,0,0,1,0,0,1,1,0,1,1,1,0,0,0",0.4666666666666667,0.5,0.4832589285714286,0.45,0.6428571428571429,0.5294117647058824,0.4776785714285714,0.1705503463745117
"1,1,0,0,0,1,0,0,0,1,0,1,0,1,0,0,1,0,0,1,0",0.4666666666666667,0.5,0.4832589285714286,0.45,0.6428571428571429,0.5294117647058824,0.47767857142857145,0.15875506401062012
"1,0,0,1,1,0,0,1,1,0,1,0,0,0,0,0,1,1,0,0,1",0.5,0.5,0.48325892857142855,0.4,0.14285714285714285,0.21052631578947367,0.4776785714285714,0.18068838119506836
"1,0,0,1,0,0,1,0,1,1,0,1,1,1,1,0,1,0,0,0,0",0.5,0.5,0.48325892857142855,0.4,0.14285714285714285,0.21052631578947367,0.4776785714285714,0.17853832244873047
"0,1,0,1,1,0,0,0,0,0,1,0,0,1,0,0,0,0,1,0,1",0.5,0.5,0.48325892857142855,0.4,0.14285714285714285,0.21052631578947367,0.4776785714285714,0.20448756217956543
"1,1,1,0,1,0,0,0,1,0,1,1,0,0,1,1,1,1,0,0,0",0.5,0.5,0.48325892857142855,0.4,0.14285714285714285,0.21052631578947367,0.4776785714285714,0.17341947555541992
"1,1,1,0,1,0,0,0,1,0,1,1,1,0,1,0,0,1,1,0,0",0.5,0.5,0.48325892857142855,0.4,0.14285714285714285,0.21052631578947367,0.4776785714285714,0.18648791313171387
"1,1,1,0,0,1,0,1,0,0,1,1,1,1,1,0,0,1,1,0,1",0.5,0.5,0.48325892857142855,0.4,0.14285714285714285,0.21052631578947367,0.4776785714285714,0.19804167747497559
"1,1,1,0,0,1,0,1,1,1,0,0,0,1,1,1,0,0,0,0,0",0.5,0.5,0.48325892857142855,0.4,0.14285714285714285,0.21052631578947367,0.4776785714285714,0.1573481559753418
"1,0,0,1,0,0,1,0,0,0,1,1,1,0,0,1,1,1,0,0,0",0.4,0.7,0.4830357142857143,0.4,0.5714285714285714,0.47058823529411764,0.4107142857142857,0.20064544677734375
"0,0,1,1,0,1,1,1,0,0,0,0,1,0,1,0,1,1,0,0,0",0.43333333333333335,0.7,0.4830357142857143,0.2,0.07142857142857142,0.10526315789473684,0.4107142857142857,0.1679391860961914
"0,0,0,1,0,0,0,0,0,1,1,1,0,0,0,0,1,1,0,0,1",0.43333333333333335,0.7,0.4830357142857143,0.2,0.07142857142857142,0.10526315789473684,0.4107142857142857,0.19638299942016602
"1,0,1,0,0,0,1,1,1,1,1,1,1,0,0,0,0,1,1,0,0",0.5333333333333333,0.4,0.4816964285714286,0.5,0.14285714285714285,0.2222222222222222,0.5089285714285714,0.17096829414367676
"0,0,0,1,0,1,1,0,0,1,0,0,1,1,0,1,1,0,0,0,1",0.43333333333333335,0.6,0.4814732142857143,0.42105263157894735,0.5714285714285714,0.48484848484848486,0.4419642857142857,0.21529769897460938
"0,1,0,0,1,0,1,0,0,1,1,1,0,1,1,1,1,0,0,0,1",0.4666666666666667,0.6,0.4814732142857143,0.25,0.07142857142857142,0.1111111111111111,0.4419642857142857,0.19745564460754395
"1,0,1,1,1,0,0,1,1,1,1,0,1,0,1,1,0,0,1,1,1",0.4666666666666667,0.6,0.4814732142857143,0.25,0.07142857142857142,0.1111111111111111,0.4419642857142857,0.20645666122436523
"0,0,1,0,1,1,1,1,1,0,0,1,0,0,0,1,1,0,1,1,1",0.4666666666666667,0.6,0.4814732142857143,0.25,0.07142857142857142,0.1111111111111111,0.4419642857142857,0.21379899978637695
"1,1,1,1,1,0,0,1,0,1,0,0,0,0,1,1,1,1,0,1,1",0.43333333333333335,0.6,0.4814732142857143,0.42105263157894735,0.5714285714285714,0.48484848484848486,0.4419642857142857,0.1960005760192871
"0,0,1,0,1,0,1,0,1,0,1,1,1,0,1,0,0,1,0,1,0",0.36666666666666664,0.8,0.48125,0.3684210526315789,0.5,0.42424242424242425,0.375,0.19506311416625977
"0,1,0,1,0,1,1,0,0,0,1,0,1,1,0,1,0,1,0,0,0",0.5333333333333333,0.3,0.48013392857142856,0.5,0.6428571428571429,0.5625,0.5401785714285714,0.18921160697937012
"0,0,1,1,0,1,1,1,1,0,1,0,0,0,0,1,0,0,0,0,1",0.5333333333333333,0.3,0.48013392857142856,0.5,0.6428571428571429,0.5625,0.5401785714285714,0.1636366844177246
"1,1,0,1,0,0,0,0,0,0,1,1,0,0,0,0,1,1,1,1,0",0.4666666666666667,0.5,0.4799107142857143,0.4444444444444444,0.5714285714285714,0.5,0.4732142857142857,0.18790245056152344
"0,1,0,0,1,0,0,1,0,0,1,1,0,0,0,1,1,0,1,1,1",0.5,0.5,0.4799107142857143,0.3333333333333333,0.07142857142857142,0.11764705882352941,0.4732142857142857,0.19328761100769043
"1,1,1,0,1,0,1,1,0,1,0,0,1,0,0,1,1,0,0,1,1",0.5,0.5,0.4799107142857143,0.3333333333333333,0.07142857142857142,0.11764705882352941,0.4732142857142857,0.20010876655578613
"1,1,0,1,1,0,1,0,1,1,1,0,1,0,1,0,0,0,1,0,1",0.4666666666666667,0.5,0.4799107142857143,0.4444444444444444,0.5714285714285714,0.5,0.4732142857142857,0.20293021202087402
"0,1,1,1,0,1,0,1,1,1,0,1,1,1,0,1,1,0,1,1,1",0.5,0.5,0.4799107142857143,0.3333333333333333,0.07142857142857142,0.11764705882352941,0.4732142857142857,0.18860840797424316
"1,0,1,0,0,0,0,1,1,1,1,0,0,0,1,1,0,1,0,1,1",0.5,0.5,0.4799107142857143,0.3333333333333333,0.07142857142857142,0.11764705882352941,0.4732142857142857,0.21654939651489258
"0,1,1,0,0,0,0,0,1,1,1,1,0,1,1,1,1,1,0,0,1",0.5,0.5,0.4799107142857143,0.3333333333333333,0.07142857142857142,0.11764705882352941,0.4732142857142857,0.18516063690185547
"0,0,1,0,1,1,1,1,1,1,0,1,0,0,1,0,1,0,1,1,1",0.43333333333333335,0.7,0.4796875,0.0,0.0,0.0,0.40625,0.2318129539489746
"1,1,1,1,1,0,1,0,0,0,1,1,1,1,0,0,1,0,0,0,1",0.5333333333333333,0.4,0.4783482142857143,0.5,0.07142857142857142,0.125,0.5044642857142857,0.1891484260559082
"1,0,1,0,1,1,1,0,0,1,1,0,0,0,1,1,1,0,1,1,0",0.43333333333333335,0.6,0.478125,0.4117647058823529,0.5,0.45161290322580644,0.4375,0.18807077407836914
"0,1,0,0,0,1,1,1,0,0,1,1,1,0,0,0,0,0,1,1,1",0.43333333333333335,0.6,0.478125,0.4117647058823529,0.5,0.45161290322580644,0.4375,0.18772554397583008
"1,1,1,0,1,0,1,1,0,0,0,1,0,1,1,0,1,0,1,0,1",0.4666666666666667,0.6,0.478125,0.0,0.0,0.0,0.4375,0.2120347023010254
"1,0,0,0,0,0,1,0,1,1,0,0,1,0,0,0,0,0,1,1,1",0.4666666666666667,0.6,0.478125,0.0,0.0,0.0,0.4375,0.18062853813171387
"0,0,1,1,0,1,0,1,1,0,1,0,1,0,0,0,1,1,0,1,0",0.43333333333333335,0.6,0.478125,0.4117647058823529,0.5,0.45161290322580644,0.4375,0.19379353523254395
"0,0,0,1,1,1,1,1,0,1,0,0,1,0,1,0,1,0,1,1,1",0.43333333333333335,0.6,0.478125,0.4117647058823529,0.5,0.45161290322580644,0.4375,0.20383715629577637
"0,1,0,0,1,1,0,1,1,0,0,0,1,0,0,0,1,1,0,1,0",0.4666666666666667,0.6,0.478125,0.0,0.0,0.0,0.4375,0.17741179466247559
"1,1,0,1,1,0,1,1,0,0,1,0,0,1,0,1,0,1,0,0,0",0.4666666666666667,0.6,0.478125,0.0,0.0,0.0,0.4375,0.17274880409240723
"0,0,1,0,1,0,0,0,0,1,1,1,1,0,1,1,1,1,1,1,1",0.36666666666666664,0.8,0.4779017857142857,0.35294117647058826,0.42857142857142855,0.3870967741935484,0.3705357142857143,0.19825220108032227
"1,0,1,0,1,1,0,1,0,1,0,0,0,0,0,1,1,0,1,1,1",0.5,0.5,0.4765625,0.0,0.0,0.0,0.46875,0.1893324851989746
"0,1,1,0,0,1,1,1,1,0,1,1,1,0,0,0,0,0,1,0,1",0.4666666666666667,0.5,0.4765625,0.4375,0.5,0.4666666666666667,0.46875,0.20032048225402832
"0,0,0,1,1,1,0,0,1,0,1,1,0,1,1,1,0,1,1,1,0",0.4666666666666667,0.5,0.4765625,0.4375,0.5,0.4666666666666667,0.46875,0.20429658889770508
"0,1,1,1,0,1,0,0,1,0,1,0,1,0,0,1,0,0,0,1,0",0.5,0.5,0.4765625,0.0,0.0,0.0,0.46875,0.19219279289245605
"1,1,0,0,1,1,0,0,0,0,0,1,1,1,1,0,1,1,1,1,1",0.5,0.5,0.4765625,0.0,0.0,0.0,0.46875,0.1973097324371338
"1,1,1,0,0,1,0,0,1,0,0,0,1,1,1,0,0,1,1,1,0",0.5,0.5,0.4765625,0.0,0.0,0.0,0.46875,0.18666434288024902
"0,0,0,1,1,0,0,0,0,1,1,1,0,0,0,0,1,1,0,0,1",0.5,0.5,0.4765625,0.0,0.0,0.0,0.46875,0.1988356113433838
"1,0,1,1,0,0,0,1,0,1,1,0,0,0,0,0,1,0,0,1,0",0.5,0.5,0.4765625,0.0,0.0,0.0,0.46875,0.17686796188354492
"0,1,0,1,0,0,1,0,1,1,1,0,1,0,1,1,0,1,0,0,1",0.5,0.5,0.4765625,0.0,0.0,0.0,0.46875,0.19566082954406738
"1,0,0,1,0,1,1,1,0,1,0,1,0,0,1,0,0,0,1,1,1",0.5,0.5,0.4765625,0.0,0.0,0.0,0.46875,0.1923971176147461
"1,1,0,1,0,1,1,1,1,1,1,1,1,1,0,0,1,0,0,1,1",0.5,0.5,0.4765625,0.0,0.0,0.0,0.46875,0.226027250289917
"0,1,0,0,0,0,0,1,0,1,1,0,0,0,0,1,1,1,1,0,0",0.4,0.7,0.4763392857142857,0.375,0.42857142857142855,0.4,0.4017857142857143,0.16287946701049805
"0,1,1,0,1,0,0,1,0,1,1,1,0,1,1,0,1,1,1,0,1",0.4,0.7,0.4763392857142857,0.375,0.42857142857142855,0.4,0.4017857142857143,0.2492213249206543
"0,1,0,0,1,0,0,1,1,1,1,1,0,1,1,1,1,0,1,0,1",0.4,0.7,0.4763392857142857,0.375,0.42857142857142855,0.4,0.4017857142857143,0.21445989608764648
"1,0,0,1,0,1,0,1,0,1,1,1,1,1,0,1,1,1,0,1,1",0.4,0.7,0.4763392857142857,0.375,0.42857142857142855,0.4,0.4017857142857143,0.20186424255371094
"0,1,1,1,0,1,1,0,1,1,1,0,0,0,1,1,1,0,0,0,0",0.5,0.4,0.475,0.4666666666666667,0.5,0.4827586206896552,0.5,0.1779797077178955
"0,1,0,1,1,1,1,0,1,1,1,0,0,0,1,0,0,0,0,0,0",0.5,0.4,0.475,0.4666666666666667,0.5,0.4827586206896552,0.5,0.18704819679260254
"0,0,0,1,0,0,0,0,0,0,1,1,1,0,0,1,0,1,1,1,0",0.43333333333333335,0.6,0.4747767857142857,0.4,0.42857142857142855,0.41379310344827586,0.4330357142857143,0.19996953010559082
"0,0,1,0,1,0,1,1,1,1,1,0,1,1,0,1,0,1,1,1,0",0.36666666666666664,0.8,0.47455357142857146,0.3333333333333333,0.35714285714285715,0.3448275862068966,0.3660714285714286,0.21613264083862305
"0,1,0,1,0,0,0,0,1,1,0,1,1,1,0,1,1,0,1,1,0",0.36666666666666664,0.8,0.47455357142857146,0.3333333333333333,0.35714285714285715,0.3448275862068966,0.3660714285714286,0.21737265586853027
"0,1,0,1,1,0,1,0,1,0,0,0,0,1,0,0,0,1,1,1,1",0.3,1.0,0.47433035714285715,0.26666666666666666,0.2857142857142857,0.27586206896551724,0.29910714285714285,0.21144914627075195
"1,0,1,0,0,0,0,1,0,0,1,1,0,1,0,0,0,0,1,0,0",0.43333333333333335,0.5,0.4732142857142857,0.4482758620689655,0.9285714285714286,0.6046511627906976,0.4642857142857143,0.1632232666015625
"1,1,1,1,1,1,0,1,1,1,1,0,1,1,1,0,0,1,1,0,1",0.43333333333333335,0.5,0.4732142857142857,0.4482758620689655,0.9285714285714286,0.6046511627906976,0.4642857142857143,0.21184110641479492
"0,0,0,1,0,0,1,1,1,1,1,0,1,0,1,0,1,0,0,0,0",0.4666666666666667,0.5,0.4732142857142857,0.42857142857142855,0.42857142857142855,0.42857142857142855,0.4642857142857143,0.15349268913269043
"1,1,1,0,1,1,0,1,0,1,1,1,0,1,0,1,0,0,0,1,0",0.43333333333333335,0.5,0.4732142857142857,0.4482758620689655,0.9285714285714286,0.6046511627906976,0.4642857142857143,0.2142038345336914
"0,0,0,1,0,1,0,0,1,1,0,0,0,1,0,0,0,0,1,1,1",0.43333333333333335,0.5,0.4732142857142857,0.4482758620689655,0.9285714285714286,0.6046511627906976,0.4642857142857143,0.17312860488891602
"1,0,0,1,0,0,0,1,1,1,1,1,0,0,1,0,0,0,1,1,1",0.4666666666666667,0.5,0.4732142857142857,0.42857142857142855,0.42857142857142855,0.42857142857142855,0.4642857142857143,0.19185972213745117
"0,0,0,0,1,1,1,0,1,1,0,0,0,1,0,0,1,1,0,0,1",0.43333333333333335,0.5,0.4732142857142857,0.4482758620689655,0.9285714285714286,0.6046511627906976,0.4642857142857143,0.19666171073913574
"1,1,0,1,1,1,0,0,1,1,0,1,1,0,1,0,1,1,0,1,0",0.43333333333333335,0.5,0.4732142857142857,0.4482758620689655,0.9285714285714286,0.6046511627906976,0.4642857142857143,0.190413236618042
"1,0,0,1,0,0,1,1,0,0,0,0,0,0,1,1,1,0,1,0,1",0.4666666666666667,0.5,0.4732142857142857,0.42857142857142855,0.42857142857142855,0.42857142857142855,0.4642857142857143,0.2322390079498291
"0,1,1,1,1,0,1,0,1,1,0,0,1,1,1,1,0,0,1,0,0",0.43333333333333335,0.5,0.4732142857142857,0.4482758620689655,0.9285714285714286,0.6046511627906976,0.4642857142857143,0.15306448936462402
"0,1,0,0,0,1,1,1,0,1,0,1,0,1,1,0,0,1,1,1,1",0.43333333333333335,0.5,0.4732142857142857,0.4482758620689655,0.9285714285714286,0.6046511627906976,0.4642857142857143,0.19698262214660645
"0,1,0,1,0,0,1,0,0,0,0,0,1,1,0,1,1,1,0,0,1",0.43333333333333335,0.5,0.4732142857142857,0.4482758620689655,0.9285714285714286,0.6046511627906976,0.4642857142857143,0.1913595199584961
"0,1,0,0,0,1,1,0,1,0,0,1,1,0,0,1,0,1,0,0,1",0.43333333333333335,0.5,0.4732142857142857,0.4482758620689655,0.9285714285714286,0.6046511627906976,0.4642857142857143,0.19568800926208496
"0,1,1,1,1,0,1,0,0,0,0,0,1,0,1,1,0,0,1,0,0",0.43333333333333335,0.5,0.4732142857142857,0.4482758620689655,0.9285714285714286,0.6046511627906976,0.4642857142857143,0.18745899200439453
"1,1,0,1,0,0,0,0,1,0,0,0,1,0,1,0,0,0,0,1,0",0.4,0.7,0.47299107142857144,0.35714285714285715,0.35714285714285715,0.35714285714285715,0.3973214285714286,0.1723635196685791
"1,0,1,1,1,0,0,0,0,1,0,0,1,0,1,1,0,1,0,0,0",0.4,0.7,0.47299107142857144,0.35714285714285715,0.35714285714285715,0.35714285714285715,0.3973214285714286,0.1685478687286377
"0,1,1,0,1,1,0,1,1,1,0,0,1,0,1,0,1,0,1,1,0",0.5,0.4,0.4716517857142857,0.46153846153846156,0.42857142857142855,0.4444444444444444,0.4955357142857143,0.20683860778808594
"0,0,0,1,0,1,1,1,0,0,1,1,1,1,0,1,0,1,1,0,0",0.43333333333333335,0.6,0.4714285714285715,0.38461538461538464,0.35714285714285715,0.37037037037037035,0.4285714285714286,0.1761016845703125
"0,1,0,0,0,1,0,1,1,0,1,0,0,0,0,1,1,0,0,1,0",0.43333333333333335,0.6,0.4714285714285715,0.38461538461538464,0.35714285714285715,0.37037037037037035,0.4285714285714286,0.1928863525390625
"0,0,0,0,1,0,1,0,0,1,0,0,0,0,1,1,0,0,0,1,1",0.43333333333333335,0.6,0.4714285714285714,0.38461538461538464,0.35714285714285715,0.37037037037037035,0.4285714285714286,0.1833658218383789
"0,1,0,0,0,1,0,0,0,1,0,0,1,0,0,1,1,0,0,0,0",0.4,0.6,0.4714285714285714,0.42857142857142855,0.8571428571428571,0.5714285714285714,0.42857142857142855,0.1371457576751709
"0,0,1,0,0,1,1,1,1,1,0,0,1,0,0,0,0,0,1,0,0",0.4,0.6,0.4714285714285714,0.42857142857142855,0.8571428571428571,0.5714285714285714,0.42857142857142855,0.14783716201782227
"1,0,0,0,0,1,1,0,1,0,0,1,1,0,0,1,0,0,0,0,0",0.4,0.6,0.4714285714285714,0.42857142857142855,0.8571428571428571,0.5714285714285714,0.42857142857142855,0.15114402770996094
"0,0,1,1,0,0,0,0,0,1,1,1,1,0,1,1,1,1,1,0,0",0.43333333333333335,0.6,0.4714285714285714,0.38461538461538464,0.35714285714285715,0.37037037037037035,0.4285714285714286,0.18623995780944824
"1,1,0,1,0,0,0,0,0,1,0,1,1,0,0,0,0,1,1,1,1",0.4,0.6,0.4714285714285714,0.42857142857142855,0.8571428571428571,0.5714285714285714,0.42857142857142855,0.22520852088928223
"1,0,0,0,1,1,1,0,0,1,1,1,0,1,0,1,0,1,0,1,1",0.4666666666666667,0.5,0.46986607142857145,0.4166666666666667,0.35714285714285715,0.38461538461538464,0.4598214285714286,0.21677780151367188
"1,0,0,1,0,0,0,1,0,0,1,1,0,0,0,0,0,1,0,1,1",0.4666666666666667,0.5,0.46986607142857145,0.4166666666666667,0.35714285714285715,0.38461538461538464,0.4598214285714286,0.19294095039367676
"0,0,0,0,1,0,0,0,0,1,1,1,1,0,1,0,0,0,1,0,0",0.4666666666666667,0.5,0.46986607142857145,0.4166666666666667,0.35714285714285715,0.38461538461538464,0.4598214285714286,0.17173314094543457
"1,1,1,0,1,0,1,1,0,0,1,1,1,1,0,0,1,0,0,1,0",0.43333333333333335,0.5,0.4698660714285714,0.4444444444444444,0.8571428571428571,0.5853658536585366,0.45982142857142855,0.18611741065979004
"0,1,1,1,1,1,0,0,0,1,1,1,0,0,1,0,0,1,0,0,1",0.43333333333333335,0.5,0.4698660714285714,0.4444444444444444,0.8571428571428571,0.5853658536585366,0.45982142857142855,0.1972501277923584
"0,0,1,0,0,1,0,0,0,1,1,1,0,0,1,1,1,0,0,0,0",0.43333333333333335,0.5,0.4698660714285714,0.4444444444444444,0.8571428571428571,0.5853658536585366,0.45982142857142855,0.19344854354858398
"1,0,1,1,1,1,1,0,1,0,0,0,0,0,0,1,1,0,0,0,1",0.43333333333333335,0.5,0.4698660714285714,0.4444444444444444,0.8571428571428571,0.5853658536585366,0.45982142857142855,0.1667156219482422
"1,1,0,0,1,0,0,1,0,0,0,1,1,1,0,0,1,1,1,0,0",0.43333333333333335,0.5,0.4698660714285714,0.4444444444444444,0.8571428571428571,0.5853658536585366,0.45982142857142855,0.18814420700073242
"1,0,1,1,1,1,1,1,1,1,1,0,0,1,0,1,0,0,0,0,1",0.43333333333333335,0.5,0.4698660714285714,0.4444444444444444,0.8571428571428571,0.5853658536585366,0.45982142857142855,0.20343708992004395
"1,1,0,0,1,0,0,1,0,1,0,1,0,0,0,1,0,1,0,0,0",0.4333333333333333,0.5,0.4698660714285714,0.4444444444444444,0.8571428571428571,0.5853658536585366,0.4598214285714285,0.1937747001647949
"1,1,0,1,0,1,1,1,0,1,0,1,0,0,1,1,0,1,0,0,0",0.43333333333333335,0.5,0.4698660714285714,0.4444444444444444,0.8571428571428571,0.5853658536585366,0.45982142857142855,0.18914127349853516
"0,0,1,1,1,0,0,0,0,1,1,0,0,1,0,0,0,1,1,1,0",0.43333333333333335,0.5,0.4698660714285714,0.4444444444444444,0.8571428571428571,0.5853658536585366,0.45982142857142855,0.17824459075927734
"1,0,0,1,0,1,1,0,0,1,1,1,1,0,0,1,1,1,1,0,0",0.36666666666666664,0.7,0.46964285714285714,0.4074074074074074,0.7857142857142857,0.5365853658536586,0.39285714285714285,0.18311810493469238
"0,0,0,1,1,1,1,0,0,1,0,0,0,0,0,0,0,1,0,0,1",0.5,0.4,0.4683035714285715,0.45454545454545453,0.35714285714285715,0.4,0.4910714285714286,0.17067813873291016
"0,1,0,1,0,1,1,0,1,0,0,0,0,1,0,0,0,1,0,1,0",0.5,0.4,0.4683035714285715,0.45454545454545453,0.35714285714285715,0.4,0.4910714285714286,0.16672086715698242
"1,0,1,1,1,1,1,1,1,1,1,0,0,1,0,0,1,1,0,1,0",0.4,0.6,0.4680803571428572,0.4230769230769231,0.7857142857142857,0.55,0.42410714285714285,0.1826648712158203
"1,1,0,1,1,1,0,0,1,0,0,1,0,0,0,1,1,1,0,0,1",0.4,0.6,0.4680803571428572,0.4230769230769231,0.7857142857142857,0.55,0.42410714285714285,0.18468999862670898
"1,1,1,1,0,1,1,1,0,0,1,1,0,1,1,0,1,0,1,1,0",0.4,0.6,0.4680803571428572,0.4230769230769231,0.7857142857142857,0.55,0.42410714285714285,0.17871379852294922
"0,0,1,1,0,1,1,0,0,0,1,0,0,0,1,1,0,1,0,0,1",0.4,0.6,0.4680803571428571,0.4230769230769231,0.7857142857142857,0.55,0.42410714285714285,0.20807504653930664
"0,1,0,0,0,0,1,0,1,1,1,0,0,0,1,1,0,0,0,0,1",0.43333333333333335,0.6,0.4680803571428571,0.36363636363636365,0.2857142857142857,0.32,0.42410714285714285,0.19098901748657227
"0,1,1,1,1,1,0,0,1,0,0,0,0,0,1,0,0,0,0,1,0",0.4,0.6,0.4680803571428571,0.4230769230769231,0.7857142857142857,0.55,0.42410714285714285,0.16517353057861328
"1,1,1,1,0,0,0,1,0,1,0,0,0,0,0,0,1,0,0,0,1",0.4,0.6,0.4680803571428571,0.4230769230769231,0.7857142857142857,0.55,0.42410714285714285,0.1888413429260254
"1,0,0,1,0,1,0,0,0,0,1,1,0,0,0,1,1,0,1,1,1",0.43333333333333335,0.5,0.46651785714285715,0.44,0.7857142857142857,0.5641025641025641,0.45535714285714285,0.1991591453552246
"1,0,1,1,1,1,1,1,1,1,0,1,0,0,1,1,1,0,1,1,1",0.4666666666666667,0.5,0.46651785714285715,0.4,0.2857142857142857,0.3333333333333333,0.45535714285714285,0.2071702480316162
"1,0,0,1,1,0,0,0,1,1,0,1,1,1,0,0,1,0,0,1,1",0.4666666666666667,0.5,0.46651785714285715,0.4,0.2857142857142857,0.3333333333333333,0.45535714285714285,0.2325129508972168
"1,1,1,1,1,1,0,1,0,0,1,1,1,0,1,1,1,1,1,1,1",0.4666666666666667,0.5,0.46651785714285715,0.4,0.2857142857142857,0.3333333333333333,0.45535714285714285,0.21642541885375977
"1,1,0,1,0,1,0,1,1,0,0,1,0,0,1,1,0,1,1,0,0",0.43333333333333335,0.5,0.46651785714285715,0.44,0.7857142857142857,0.5641025641025641,0.45535714285714285,0.1728649139404297
"0,1,0,0,0,1,0,0,0,0,0,0,0,1,0,0,0,1,0,0,1",0.4666666666666667,0.5,0.46651785714285715,0.4,0.2857142857142857,0.3333333333333333,0.45535714285714285,0.17053604125976562
"1,1,1,1,0,0,0,0,1,0,0,1,1,0,0,0,1,1,1,0,0",0.4,0.7,0.46629464285714284,0.3,0.21428571428571427,0.25,0.38839285714285715,0.1752922534942627
"0,1,1,1,0,0,1,0,0,1,0,0,1,1,0,0,1,0,0,1,1",0.4,0.7,0.46629464285714284,0.3,0.21428571428571427,0.25,0.38839285714285715,0.21497058868408203
"0,0,0,1,1,1,1,0,0,1,1,0,0,0,0,0,1,1,0,0,1",0.4666666666666667,0.4,0.4649553571428572,0.4583333333333333,0.7857142857142857,0.5789473684210527,0.48660714285714285,0.17762255668640137
"0,0,0,0,1,0,1,0,1,1,1,0,0,1,0,1,0,0,1,1,1",0.43333333333333335,0.6,0.4647321428571428,0.3333333333333333,0.21428571428571427,0.2608695652173913,0.41964285714285715,0.17867708206176758
"1,0,0,1,0,0,1,0,0,1,1,0,0,0,1,1,0,1,1,1,1",0.5333333333333333,0.3,0.4633928571428571,0.5,0.2857142857142857,0.36363636363636365,0.5178571428571428,0.19328546524047852
"1,1,0,0,1,0,0,0,1,1,1,1,0,1,0,0,0,0,0,1,0",0.4666666666666667,0.5,0.46316964285714285,0.375,0.21428571428571427,0.2727272727272727,0.45089285714285715,0.15701556205749512
"1,0,1,0,1,0,1,1,1,0,0,1,1,1,1,0,1,0,0,0,0",0.43333333333333335,0.5,0.46316964285714285,0.43478260869565216,0.7142857142857143,0.5405405405405406,0.45089285714285715,0.1608138084411621
"1,0,0,1,1,0,1,1,0,1,0,1,1,0,1,0,1,0,1,0,0",0.43333333333333335,0.5,0.46316964285714285,0.43478260869565216,0.7142857142857143,0.5405405405405406,0.45089285714285715,0.1701831817626953
"0,0,1,1,0,1,1,0,1,0,1,1,1,1,1,1,1,1,1,0,0",0.43333333333333335,0.5,0.46316964285714285,0.43478260869565216,0.7142857142857143,0.5405405405405406,0.45089285714285715,0.17623472213745117
"1,1,0,0,1,0,0,1,0,0,1,0,0,1,0,0,1,1,0,0,0",0.4666666666666667,0.5,0.46316964285714285,0.375,0.21428571428571427,0.2727272727272727,0.45089285714285715,0.17079544067382812
"1,0,1,0,1,0,1,1,1,0,0,1,1,1,1,0,1,0,1,0,0",0.43333333333333335,0.5,0.46316964285714285,0.43478260869565216,0.7142857142857143,0.5405405405405406,0.45089285714285715,0.19538640975952148
"0,0,1,0,1,1,1,1,0,1,1,1,1,1,0,1,1,0,0,1,0",0.43333333333333335,0.5,0.46316964285714285,0.43478260869565216,0.7142857142857143,0.5405405405405406,0.45089285714285715,0.194044828414917
"1,0,0,1,0,1,0,0,1,1,0,1,1,1,1,0,1,0,1,1,1",0.4666666666666667,0.5,0.46316964285714285,0.375,0.21428571428571427,0.2727272727272727,0.45089285714285715,0.2170705795288086
"1,0,0,0,1,0,0,1,1,0,0,1,0,0,0,0,0,0,0,1,0",0.43333333333333335,0.5,0.46316964285714285,0.43478260869565216,0.7142857142857143,0.5405405405405406,0.45089285714285715,0.17480731010437012
"0,1,0,1,0,0,0,1,0,1,0,0,0,0,0,0,0,1,0,1,0",0.4666666666666667,0.5,0.46316964285714285,0.375,0.21428571428571427,0.2727272727272727,0.45089285714285715,0.16997003555297852
"1,1,0,1,0,0,0,1,1,1,1,0,0,1,0,0,0,1,1,1,1",0.4666666666666667,0.5,0.46316964285714285,0.375,0.21428571428571427,0.2727272727272727,0.45089285714285715,0.18461370468139648
"1,0,1,1,0,0,1,0,1,1,0,0,1,1,1,1,1,0,1,0,0",0.4333333333333333,0.5,0.4631696428571428,0.4347826086956521,0.7142857142857143,0.5405405405405406,0.4508928571428571,0.1741836071014404
"1,1,1,1,0,1,0,0,0,1,0,0,0,1,0,0,1,0,0,1,1",0.36666666666666664,0.7,0.4629464285714286,0.391304347826087,0.6428571428571429,0.4864864864864865,0.38392857142857145,0.21273446083068848
"0,1,1,0,0,0,0,0,0,1,1,0,0,1,1,1,0,0,0,1,1",0.3,0.9,0.4627232142857143,0.34782608695652173,0.5714285714285714,0.43243243243243246,0.3169642857142857,0.20286798477172852
"0,0,0,0,0,0,1,0,1,0,0,1,0,0,0,0,1,1,0,0,0",0.4,0.6,0.4613839285714286,0.4090909090909091,0.6428571428571429,0.5,0.41517857142857145,0.1715526580810547
"1,0,1,0,0,0,1,0,1,0,0,0,1,0,1,0,0,0,0,0,0",0.4,0.6,0.4613839285714286,0.4090909090909091,0.6428571428571429,0.5,0.41517857142857145,0.15075016021728516
"1,0,0,1,0,0,1,1,0,0,0,1,1,0,1,1,1,0,0,0,0",0.4,0.6,0.4613839285714286,0.4090909090909091,0.6428571428571429,0.5,0.41517857142857145,0.1860811710357666
"1,0,1,0,0,1,1,0,0,0,1,1,0,1,0,1,1,0,0,0,1",0.4,0.6,0.4613839285714286,0.4090909090909091,0.6428571428571429,0.5,0.41517857142857145,0.1964573860168457
"1,0,0,1,0,0,1,1,0,0,0,1,1,0,1,0,1,0,0,0,0",0.4,0.6,0.4613839285714286,0.4090909090909091,0.6428571428571429,0.5,0.41517857142857145,0.1683804988861084
"0,0,0,1,1,0,0,1,1,0,1,0,1,0,1,1,1,0,1,1,1",0.43333333333333335,0.6,0.4613839285714285,0.2857142857142857,0.14285714285714285,0.19047619047619047,0.4151785714285714,0.21815848350524902
"0,0,0,1,1,1,1,1,1,0,0,1,0,0,0,1,0,0,1,1,0",0.43333333333333335,0.6,0.4613839285714285,0.2857142857142857,0.14285714285714285,0.19047619047619047,0.4151785714285714,0.21714401245117188
"0,0,0,1,1,1,1,1,1,1,0,1,0,0,0,1,1,0,1,1,0",0.43333333333333335,0.6,0.4613839285714285,0.2857142857142857,0.14285714285714285,0.19047619047619047,0.4151785714285714,0.19465208053588867
"0,0,0,1,1,1,1,1,1,0,0,1,0,0,0,1,1,0,1,1,0",0.43333333333333335,0.6,0.4613839285714285,0.2857142857142857,0.14285714285714285,0.19047619047619047,0.4151785714285714,0.19134044647216797
"1,0,0,1,0,1,0,0,1,0,0,1,1,1,1,0,1,0,1,1,1",0.43333333333333335,0.5,0.4598214285714286,0.42857142857142855,0.6428571428571429,0.5142857142857142,0.44642857142857145,0.21814846992492676
"1,0,1,1,0,1,1,1,0,0,1,0,1,0,1,0,1,1,0,1,0",0.43333333333333335,0.5,0.4598214285714286,0.42857142857142855,0.6428571428571429,0.5142857142857142,0.44642857142857145,0.18623876571655273
"1,0,1,0,1,0,0,0,0,1,1,1,1,0,0,1,1,0,0,0,1",0.4666666666666667,0.5,0.45982142857142855,0.3333333333333333,0.14285714285714285,0.2,0.4464285714285714,0.1844322681427002
"1,1,0,0,1,0,0,1,1,1,1,1,0,0,1,0,0,0,0,0,1",0.4666666666666667,0.5,0.45982142857142855,0.3333333333333333,0.14285714285714285,0.2,0.4464285714285714,0.20354461669921875
"1,0,1,1,0,0,0,1,1,1,1,0,1,0,0,1,0,1,0,0,1",0.4666666666666667,0.5,0.45982142857142855,0.3333333333333333,0.14285714285714285,0.2,0.4464285714285714,0.17520618438720703
"0,0,1,0,1,1,1,1,1,0,1,1,0,0,0,1,1,0,1,0,1",0.5,0.4,0.4582589285714286,0.4,0.14285714285714285,0.21052631578947367,0.4776785714285714,0.2072455883026123
"1,1,1,1,0,0,0,0,0,1,1,0,0,1,1,1,1,0,0,1,1",0.5,0.4,0.4582589285714286,0.4,0.14285714285714285,0.21052631578947367,0.4776785714285714,0.2261974811553955
"1,0,0,0,0,1,0,0,0,0,1,0,0,0,0,1,1,1,1,0,1",0.4666666666666667,0.4,0.4582589285714286,0.45,0.6428571428571429,0.5294117647058824,0.47767857142857145,0.17220401763916016
"1,0,1,1,0,0,1,1,0,0,0,0,1,0,1,0,0,1,0,1,0",0.43333333333333335,0.6,0.4580357142857143,0.2,0.07142857142857142,0.10526315789473684,0.4107142857142857,0.19768643379211426
"0,0,1,1,1,0,0,1,1,1,0,1,0,1,0,1,0,1,1,1,1",0.43333333333333335,0.6,0.4580357142857143,0.2,0.07142857142857142,0.10526315789473684,0.4107142857142857,0.24644947052001953
"1,0,0,1,0,0,1,1,0,0,0,1,1,1,1,0,1,0,1,1,1",0.43333333333333335,0.6,0.4580357142857143,0.2,0.07142857142857142,0.10526315789473684,0.4107142857142857,0.21380090713500977
"1,0,1,0,1,1,1,0,1,0,1,0,1,0,1,0,1,0,1,1,1",0.4666666666666667,0.5,0.4564732142857143,0.25,0.07142857142857142,0.1111111111111111,0.4419642857142857,0.20963716506958008
"0,0,1,0,1,0,0,1,0,0,1,1,0,0,0,1,1,0,1,1,1",0.4666666666666667,0.5,0.4564732142857143,0.25,0.07142857142857142,0.1111111111111111,0.4419642857142857,0.20903515815734863
"1,0,0,0,1,0,0,1,0,0,1,1,0,0,1,0,0,0,1,1,0",0.43333333333333335,0.5,0.4564732142857143,0.42105263157894735,0.5714285714285714,0.48484848484848486,0.4419642857142857,0.20843243598937988
"1,0,1,0,0,0,0,0,1,0,1,1,0,0,1,0,0,0,0,0,1",0.43333333333333335,0.5,0.4564732142857143,0.42105263157894735,0.5714285714285714,0.48484848484848486,0.4419642857142857,0.1764826774597168
"1,1,0,0,0,1,0,0,0,1,1,0,1,0,0,1,1,0,0,1,0",0.43333333333333335,0.5,0.4564732142857143,0.42105263157894735,0.5714285714285714,0.48484848484848486,0.4419642857142857,0.18787193298339844
"1,1,0,1,0,1,1,1,1,0,0,1,0,0,0,1,0,0,1,1,0",0.4666666666666667,0.5,0.4564732142857143,0.25,0.07142857142857142,0.1111111111111111,0.4419642857142857,0.19600749015808105
"0,0,0,0,0,0,1,1,1,1,0,1,0,0,0,0,0,1,1,1,1",0.4666666666666667,0.5,0.4564732142857143,0.25,0.07142857142857142,0.1111111111111111,0.4419642857142857,0.18478107452392578
"0,0,0,1,1,1,1,0,0,1,1,1,0,0,0,0,1,1,0,0,1",0.4666666666666667,0.5,0.4564732142857143,0.25,0.07142857142857142,0.1111111111111111,0.4419642857142857,0.20344924926757812
"0,1,0,1,0,0,1,0,0,0,1,1,1,1,0,0,0,0,1,1,0",0.4,0.7,0.45625,0.0,0.0,0.0,0.375,0.19850611686706543
"0,0,1,1,1,0,0,0,1,0,0,1,0,1,1,1,1,1,0,1,0",0.5,0.4,0.4549107142857143,0.3333333333333333,0.07142857142857142,0.11764705882352941,0.4732142857142857,0.18617534637451172
"0,0,1,1,1,1,0,1,1,1,0,0,1,0,0,1,0,0,1,0,1",0.4666666666666667,0.5,0.453125,0.0,0.0,0.0,0.4375,0.240828275680542
"1,1,1,1,0,0,1,0,0,0,0,0,0,0,1,0,0,1,1,1,1",0.4666666666666667,0.5,0.453125,0.0,0.0,0.0,0.4375,0.19385933876037598
"0,0,1,0,1,0,0,0,0,1,0,1,1,0,0,0,1,0,0,1,1",0.4666666666666667,0.5,0.453125,0.0,0.0,0.0,0.4375,0.21752429008483887
"0,1,0,0,1,0,0,1,0,0,1,0,0,1,1,0,0,0,1,1,0",0.4666666666666667,0.5,0.453125,0.0,0.0,0.0,0.4375,0.1839609146118164
"0,1,0,1,1,1,0,1,0,1,1,0,1,0,0,1,0,1,1,1,0",0.4666666666666667,0.5,0.453125,0.0,0.0,0.0,0.4375,0.18620967864990234
"0,0,1,1,0,0,1,1,0,1,0,0,0,1,1,0,1,0,1,1,1",0.43333333333333335,0.5,0.453125,0.4117647058823529,0.5,0.45161290322580644,0.4375,0.20113492012023926
"0,0,1,0,1,1,1,1,0,1,0,0,0,1,1,0,1,0,1,1,1",0.4666666666666667,0.5,0.453125,0.0,0.0,0.0,0.4375,0.2360985279083252
"1,1,1,0,0,0,0,1,0,0,1,1,0,0,0,1,1,1,0,0,1",0.43333333333333335,0.5,0.453125,0.4117647058823529,0.5,0.45161290322580644,0.4375,0.1951007843017578
"0,0,1,0,0,0,0,1,0,0,1,0,0,0,1,1,0,1,0,1,0",0.36666666666666664,0.7,0.4529017857142857,0.35294117647058826,0.42857142857142855,0.3870967741935484,0.3705357142857143,0.1892709732055664
"0,0,0,0,1,0,0,1,0,0,0,1,0,0,1,1,1,0,1,1,0",0.4,0.6,0.4513392857142857,0.375,0.42857142857142855,0.4,0.4017857142857143,0.19510507583618164
"0,1,1,0,0,0,0,1,0,1,0,1,0,0,1,0,1,1,1,0,1",0.4,0.6,0.4513392857142857,0.375,0.42857142857142855,0.4,0.4017857142857143,0.2196347713470459
"1,0,0,0,0,1,1,0,0,0,1,1,0,0,0,1,1,0,1,1,0",0.5,0.3,0.45,0.4666666666666667,0.5,0.4827586206896552,0.5,0.1944882869720459
"1,0,0,1,0,1,1,0,1,1,0,1,1,1,1,0,1,0,0,1,1",0.43333333333333335,0.5,0.4497767857142857,0.4,0.42857142857142855,0.41379310344827586,0.4330357142857143,0.20046401023864746
"1,1,0,1,0,0,0,0,0,1,1,1,0,0,0,0,1,1,0,1,1",0.36666666666666664,0.7,0.44955357142857144,0.3333333333333333,0.35714285714285715,0.3448275862068966,0.3660714285714286,0.21184062957763672
"0,0,1,0,1,1,1,1,1,0,0,1,0,1,1,0,0,1,0,0,1",0.36666666666666664,0.7,0.44955357142857144,0.3333333333333333,0.35714285714285715,0.3448275862068966,0.3660714285714286,0.1800096035003662
"0,0,0,1,1,0,0,0,1,1,0,1,1,1,0,1,1,0,1,1,0",0.4,0.6,0.4479910714285714,0.35714285714285715,0.35714285714285715,0.35714285714285715,0.3973214285714286,0.21058106422424316
"0,0,1,0,0,1,1,1,1,0,0,1,0,0,0,1,0,0,1,1,0",0.43333333333333335,0.5,0.44642857142857145,0.38461538461538464,0.35714285714285715,0.37037037037037035,0.4285714285714286,0.21488690376281738
"0,1,0,0,0,0,0,0,0,0,0,1,0,0,1,0,1,0,1,1,1",0.43333333333333335,0.5,0.44642857142857145,0.38461538461538464,0.35714285714285715,0.37037037037037035,0.4285714285714286,0.1829242706298828
"1,0,1,1,1,0,1,1,0,1,1,1,0,1,1,0,1,1,0,0,1",0.43333333333333335,0.5,0.44642857142857145,0.38461538461538464,0.35714285714285715,0.37037037037037035,0.4285714285714286,0.20009970664978027
"0,0,1,0,0,0,0,0,0,0,0,0,1,1,1,1,0,1,0,0,0",0.43333333333333335,0.5,0.44642857142857145,0.38461538461538464,0.35714285714285715,0.37037037037037035,0.4285714285714286,0.1815176010131836
"0,1,1,0,0,1,0,0,0,1,1,1,0,0,0,1,0,0,1,0,1",0.43333333333333335,0.5,0.44642857142857145,0.38461538461538464,0.35714285714285715,0.37037037037037035,0.4285714285714286,0.18700361251831055
"0,0,1,0,0,1,0,0,0,1,1,1,0,1,1,0,1,0,1,1,1",0.4,0.5,0.4464285714285714,0.42857142857142855,0.8571428571428571,0.5714285714285714,0.42857142857142855,0.20568013191223145
"0,0,1,0,0,1,0,0,0,1,1,0,1,0,1,0,0,0,1,1,1",0.4,0.5,0.4464285714285714,0.42857142857142855,0.8571428571428571,0.5714285714285714,0.42857142857142855,0.2073359489440918
"1,0,1,1,1,1,1,0,1,1,0,1,0,1,1,1,0,1,0,1,0",0.4,0.5,0.4464285714285714,0.42857142857142855,0.8571428571428571,0.5714285714285714,0.42857142857142855,0.19513392448425293
"1,1,1,1,0,1,0,0,1,1,1,0,1,1,1,1,1,1,1,0,0",0.4,0.5,0.4464285714285714,0.42857142857142855,0.8571428571428571,0.5714285714285714,0.42857142857142855,0.23078513145446777
"1,1,1,0,1,1,0,1,0,1,1,1,0,1,0,1,0,1,1,0,0",0.4,0.5,0.4464285714285714,0.42857142857142855,0.8571428571428571,0.5714285714285714,0.42857142857142855,0.18677544593811035
"1,0,0,0,0,1,0,0,1,1,1,1,0,0,1,1,1,1,1,0,0",0.36666666666666664,0.6,0.4446428571428571,0.4074074074074074,0.7857142857142857,0.5365853658536586,0.39285714285714285,0.16718602180480957
"0,0,0,0,1,1,1,0,0,0,0,1,1,0,1,1,0,0,1,1,1",0.4,0.6,0.4446428571428571,0.3333333333333333,0.2857142857142857,0.3076923076923077,0.39285714285714285,0.19786715507507324
"0,1,1,1,1,1,1,1,0,0,0,1,0,1,0,0,0,0,0,0,1",0.4,0.5,0.44308035714285715,0.4230769230769231,0.7857142857142857,0.55,0.42410714285714285,0.17873263359069824
"0,0,0,1,0,0,0,0,1,1,0,1,1,1,1,0,1,0,0,1,0",0.4,0.5,0.44308035714285715,0.4230769230769231,0.7857142857142857,0.55,0.42410714285714285,0.2010059356689453
"1,0,1,1,1,1,1,0,0,0,0,0,1,1,1,1,1,0,1,0,0",0.4,0.5,0.44308035714285715,0.4230769230769231,0.7857142857142857,0.55,0.42410714285714285,0.15827274322509766
"1,1,1,1,0,0,1,0,1,0,1,0,1,0,1,1,1,0,1,0,0",0.43333333333333335,0.5,0.44308035714285715,0.36363636363636365,0.2857142857142857,0.32,0.42410714285714285,0.1593010425567627
"1,0,1,1,1,1,1,1,1,0,0,0,1,0,1,0,0,0,0,0,0",0.4,0.5,0.44308035714285715,0.4230769230769231,0.7857142857142857,0.55,0.42410714285714285,0.1656811237335205
"1,1,0,1,1,1,1,1,0,0,0,0,1,0,0,1,1,1,1,0,0",0.4,0.5,0.44308035714285715,0.4230769230769231,0.7857142857142857,0.55,0.42410714285714285,0.18864798545837402
"0,1,0,1,1,0,0,0,1,0,1,0,0,1,0,0,0,0,0,1,1",0.4,0.5,0.44308035714285715,0.4230769230769231,0.7857142857142857,0.55,0.42410714285714285,0.2080388069152832
"0,0,0,0,1,1,1,1,1,0,1,0,0,1,0,1,0,0,0,1,0",0.43333333333333335,0.5,0.44308035714285715,0.36363636363636365,0.2857142857142857,0.32,0.42410714285714285,0.18499350547790527
"1,0,1,0,0,0,0,0,0,0,1,0,1,0,0,1,0,0,0,0,1",0.4,0.5,0.44308035714285715,0.4230769230769231,0.7857142857142857,0.55,0.42410714285714285,0.17607474327087402
"1,1,0,1,0,1,0,0,0,1,1,0,1,0,1,1,1,0,1,1,1",0.4666666666666667,0.4,0.4415178571428572,0.4,0.2857142857142857,0.3333333333333333,0.45535714285714285,0.23439764976501465
"0,0,0,0,0,0,1,1,0,0,0,1,1,0,1,1,1,1,0,1,0",0.4,0.6,0.4412946428571428,0.3,0.21428571428571427,0.25,0.38839285714285715,0.17560863494873047
"0,1,0,1,0,1,1,0,1,0,0,0,1,1,0,0,0,1,0,1,0",0.5,0.3,0.43995535714285716,0.4444444444444444,0.2857142857142857,0.34782608695652173,0.48660714285714285,0.21272063255310059
"1,0,1,0,1,0,1,1,1,1,1,0,0,0,0,0,1,1,1,1,1",0.36666666666666664,0.6,0.4379464285714286,0.391304347826087,0.6428571428571429,0.4864864864864865,0.38392857142857145,0.2132718563079834
"0,0,0,1,0,0,0,1,1,1,1,1,0,0,0,1,0,0,1,0,1",0.4,0.6,0.4379464285714285,0.25,0.14285714285714285,0.18181818181818182,0.3839285714285714,0.23125767707824707
"1,1,1,0,0,0,1,0,1,0,1,0,1,1,0,0,1,0,0,1,1",0.4,0.5,0.4363839285714286,0.4090909090909091,0.6428571428571429,0.5,0.41517857142857145,0.2227797508239746
"0,0,1,0,1,1,1,1,1,0,0,1,0,0,1,0,1,0,1,1,1",0.36666666666666664,0.7,0.4361607142857143,0.14285714285714285,0.07142857142857142,0.09523809523809523,0.3482142857142857,0.1815040111541748
"0,1,1,1,1,1,1,1,1,0,0,1,0,0,1,0,1,0,0,1,0",0.36666666666666664,0.6,0.4345982142857143,0.38095238095238093,0.5714285714285714,0.45714285714285713,0.3794642857142857,0.18586111068725586
"1,0,0,1,0,1,0,0,1,1,1,0,1,1,1,1,0,0,0,1,1",0.36666666666666664,0.6,0.4345982142857143,0.38095238095238093,0.5714285714285714,0.45714285714285713,0.3794642857142857,0.20764803886413574
"0,0,1,0,0,0,0,1,0,1,1,1,0,0,0,1,1,0,0,1,1",0.36666666666666664,0.6,0.4345982142857143,0.38095238095238093,0.5714285714285714,0.45714285714285713,0.3794642857142857,0.22700786590576172
"0,0,0,0,1,1,0,0,0,1,1,0,1,1,1,1,0,1,0,0,0",0.36666666666666664,0.6,0.4345982142857143,0.38095238095238093,0.5714285714285714,0.45714285714285713,0.3794642857142857,0.1779778003692627
"0,0,0,1,1,0,1,1,1,1,0,1,1,1,0,1,0,1,0,1,1",0.4,0.5,0.4330357142857143,0.4,0.5714285714285714,0.47058823529411764,0.4107142857142857,0.22633647918701172
"0,0,1,0,0,0,1,1,1,1,0,1,0,0,0,0,0,1,0,1,1",0.43333333333333335,0.5,0.4330357142857143,0.2,0.07142857142857142,0.10526315789473684,0.4107142857142857,0.19865059852600098
"0,0,0,1,1,1,1,0,1,1,1,1,1,0,0,1,0,1,0,1,0",0.43333333333333335,0.5,0.4330357142857143,0.2,0.07142857142857142,0.10526315789473684,0.4107142857142857,0.18415117263793945
"1,0,1,1,1,0,1,0,1,0,1,1,0,0,1,0,0,1,1,0,1",0.43333333333333335,0.5,0.4330357142857143,0.2,0.07142857142857142,0.10526315789473684,0.4107142857142857,0.20418572425842285
"0,0,1,0,1,1,1,0,1,1,0,1,1,0,1,1,1,1,0,1,1",0.43333333333333335,0.5,0.4330357142857143,0.2,0.07142857142857142,0.10526315789473684,0.4107142857142857,0.22077369689941406
"1,1,1,0,0,1,0,1,0,1,0,1,1,1,0,0,1,1,0,0,0",0.4666666666666667,0.4,0.4314732142857143,0.25,0.07142857142857142,0.1111111111111111,0.4419642857142857,0.1737658977508545
"0,1,0,0,1,0,0,0,0,1,0,0,0,1,1,1,1,0,0,1,1",0.4666666666666667,0.4,0.4314732142857143,0.25,0.07142857142857142,0.1111111111111111,0.4419642857142857,0.22600245475769043
"0,0,0,1,1,1,1,0,1,0,0,0,1,0,0,0,1,0,0,1,0",0.4,0.6,0.43125,0.0,0.0,0.0,0.375,0.17509770393371582
"1,1,1,0,1,0,1,0,0,0,0,0,0,0,1,0,1,0,0,1,0",0.4,0.6,0.43125,0.0,0.0,0.0,0.375,0.18089985847473145
"0,1,1,1,0,1,0,1,0,1,1,0,0,1,1,1,1,1,1,1,0",0.36666666666666664,0.6,0.43125,0.3684210526315789,0.5,0.42424242424242425,0.375,0.2099437713623047
"0,0,0,0,0,1,1,1,0,0,0,1,0,1,0,1,0,1,1,0,0",0.4,0.5,0.4296875,0.3888888888888889,0.5,0.4375,0.40625,0.1856379508972168
"0,0,1,0,1,1,0,1,1,1,0,1,1,0,0,1,1,1,1,0,1",0.43333333333333335,0.5,0.4296875,0.0,0.0,0.0,0.40625,0.23812556266784668
"1,1,1,0,1,0,0,0,1,0,0,0,1,0,0,1,0,0,1,1,0",0.4666666666666667,0.4,0.428125,0.0,0.0,0.0,0.4375,0.20793414115905762
"0,0,0,1,1,0,0,1,0,1,1,1,1,1,0,1,1,0,0,1,0",0.36666666666666664,0.6,0.4279017857142857,0.35294117647058826,0.42857142857142855,0.3870967741935484,0.3705357142857143,0.20819640159606934
"0,0,1,1,0,1,1,1,1,0,1,1,1,0,1,0,1,0,1,1,0",0.36666666666666664,0.6,0.4279017857142857,0.35294117647058826,0.42857142857142855,0.3870967741935484,0.3705357142857143,0.17449665069580078
"0,0,0,1,1,1,0,0,1,1,1,0,1,0,1,0,1,0,1,1,1",0.4,0.5,0.4263392857142857,0.375,0.42857142857142855,0.4,0.4017857142857143,0.20518755912780762
"1,0,0,1,0,0,1,1,0,0,1,0,0,1,1,1,0,0,1,1,0",0.4,0.5,0.4263392857142857,0.375,0.42857142857142855,0.4,0.4017857142857143,0.19513583183288574
"1,0,0,1,1,0,0,0,0,1,0,1,0,1,0,0,1,0,1,1,1",0.4,0.5,0.4263392857142857,0.375,0.42857142857142855,0.4,0.4017857142857143,0.22692322731018066
"1,1,1,1,1,1,1,1,0,0,1,0,1,0,0,0,0,1,1,1,1",0.3333333333333333,0.7,0.42611607142857144,0.3125,0.35714285714285715,0.3333333333333333,0.3348214285714286,0.19792413711547852
"0,1,0,0,0,0,0,0,0,0,1,0,1,1,0,1,0,0,0,0,0",0.36666666666666664,0.6,0.4245535714285715,0.3333333333333333,0.35714285714285715,0.3448275862068966,0.3660714285714286,0.17100262641906738
"1,1,1,0,1,1,1,1,1,1,1,1,0,0,1,0,0,1,0,1,0",0.36666666666666664,0.5,0.41964285714285715,0.4074074074074074,0.7857142857142857,0.5365853658536586,0.39285714285714285,0.2050020694732666
"1,0,0,1,1,1,0,1,0,0,0,1,0,1,1,1,0,1,0,0,1",0.4,0.5,0.41964285714285715,0.3333333333333333,0.2857142857142857,0.3076923076923077,0.39285714285714285,0.17584609985351562
"0,0,1,1,0,1,1,1,1,0,0,0,1,0,0,0,0,0,1,0,1",0.4,0.4,0.4180803571428572,0.4230769230769231,0.7857142857142857,0.55,0.42410714285714285,0.19730186462402344
"1,0,1,1,1,0,0,1,1,0,0,0,1,1,1,0,1,1,0,1,1",0.3333333333333333,0.6,0.4178571428571428,0.38461538461538464,0.7142857142857143,0.5,0.35714285714285715,0.21474123001098633
"1,1,1,0,1,1,0,0,0,1,0,0,1,1,0,0,1,0,0,0,0",0.36666666666666664,0.5,0.41629464285714285,0.4,0.7142857142857143,0.5128205128205128,0.38839285714285715,0.16692090034484863
"1,1,1,0,1,0,0,0,0,0,0,1,1,0,0,0,1,1,0,1,1",0.36666666666666664,0.5,0.41629464285714285,0.4,0.7142857142857143,0.5128205128205128,0.38839285714285715,0.19881272315979004
"0,1,1,1,1,1,0,0,1,0,0,0,1,0,0,1,1,0,0,0,0",0.36666666666666664,0.5,0.41629464285714285,0.4,0.7142857142857143,0.5128205128205128,0.38839285714285715,0.16043448448181152
"1,0,1,1,1,1,0,0,0,0,0,1,1,1,0,0,0,1,0,1,0",0.36666666666666664,0.5,0.41629464285714285,0.4,0.7142857142857143,0.5128205128205128,0.38839285714285715,0.19326210021972656
"1,1,1,0,1,1,1,1,0,0,0,1,1,0,0,0,0,0,1,0,0",0.36666666666666664,0.5,0.41629464285714285,0.4,0.7142857142857143,0.5128205128205128,0.38839285714285715,0.16059565544128418
"1,1,1,0,0,0,0,0,1,1,1,0,0,0,1,0,1,1,0,0,1",0.4,0.5,0.41629464285714285,0.3,0.21428571428571427,0.25,0.38839285714285715,0.18576574325561523
"0,1,1,1,1,1,0,1,0,1,0,1,0,0,0,0,1,0,0,0,0",0.36666666666666664,0.5,0.41629464285714285,0.4,0.7142857142857143,0.5128205128205128,0.38839285714285715,0.1473679542541504
"0,1,1,1,1,1,1,1,1,1,0,0,1,0,0,1,1,0,1,0,0",0.36666666666666664,0.5,0.41629464285714285,0.4,0.7142857142857143,0.5128205128205128,0.38839285714285715,0.1620042324066162
"0,0,1,0,1,0,0,0,1,0,1,1,0,1,0,0,0,0,0,1,0",0.4,0.4,0.4147321428571429,0.4166666666666667,0.7142857142857143,0.5263157894736842,0.41964285714285715,0.1632366180419922
"0,1,1,0,0,0,1,1,1,0,1,1,0,1,1,1,1,1,0,1,1",0.36666666666666664,0.6,0.41450892857142857,0.2222222222222222,0.14285714285714285,0.17391304347826086,0.3526785714285714,0.20700883865356445
"1,1,1,1,0,1,1,1,0,0,0,0,1,1,0,0,0,0,1,0,1",0.3666666666666666,0.5,0.4129464285714286,0.391304347826087,0.6428571428571429,0.4864864864864865,0.3839285714285714,0.1957359313964843
"1,0,0,1,0,0,0,0,0,1,1,0,1,0,1,0,1,1,0,1,0",0.36666666666666664,0.5,0.4129464285714286,0.391304347826087,0.6428571428571429,0.4864864864864865,0.38392857142857145,0.18014144897460938
"1,0,0,1,0,1,1,1,0,1,0,1,0,0,0,1,1,0,0,1,0",0.3333333333333333,0.6,0.4111607142857143,0.36363636363636365,0.5714285714285714,0.4444444444444444,0.3482142857142857,0.21630620956420898
"1,0,1,1,1,1,1,0,1,0,0,1,0,0,0,1,1,0,1,1,1",0.3333333333333333,0.6,0.4078125,0.35,0.5,0.4117647058823529,0.34375,0.23050928115844727
"0,0,0,1,1,0,0,0,0,0,1,1,0,0,0,1,1,0,1,1,1",0.36666666666666664,0.6,0.4078125,0.0,0.0,0.0,0.34375,0.17389297485351562
"1,0,0,1,1,0,0,1,0,0,1,1,1,0,0,1,1,0,0,0,1",0.36666666666666664,0.6,0.4078125,0.0,0.0,0.0,0.34375,0.18317556381225586
"0,1,0,1,0,0,0,0,0,1,1,0,0,1,0,1,0,0,1,1,0",0.4,0.4,0.4046875,0.3888888888888889,0.5,0.4375,0.40625,0.17500638961791992
"0,1,1,0,0,0,1,0,0,1,1,0,0,1,0,0,0,0,0,0,0",0.43333333333333335,0.3,0.3997767857142857,0.4,0.42857142857142855,0.41379310344827586,0.4330357142857143,0.13750934600830078
"0,0,0,1,0,0,0,0,1,0,0,0,0,1,1,1,1,0,1,0,0",0.43333333333333335,0.3,0.3997767857142857,0.4,0.42857142857142855,0.41379310344827586,0.4330357142857143,0.1356658935546875
"0,0,0,1,1,0,1,0,1,0,1,1,0,1,0,0,0,0,1,0,0",0.43333333333333335,0.3,0.3997767857142857,0.4,0.42857142857142855,0.41379310344827586,0.4330357142857143,0.16318106651306152
"1,0,1,0,0,0,0,0,0,0,0,1,0,1,1,0,1,0,0,0,0",0.43333333333333335,0.3,0.3997767857142857,0.4,0.42857142857142855,0.41379310344827586,0.4330357142857143,0.13933992385864258
"0,1,0,0,0,0,0,1,1,0,1,0,1,0,1,1,0,1,0,0,0",0.4,0.4,0.3979910714285715,0.35714285714285715,0.35714285714285715,0.35714285714285715,0.3973214285714286,0.17952775955200195
"0,0,0,0,0,1,1,1,0,1,0,1,0,1,1,1,1,1,0,0,0",0.36666666666666664,0.5,0.39620535714285715,0.3076923076923077,0.2857142857142857,0.2962962962962963,0.36160714285714285,0.17299795150756836
"1,0,1,1,1,0,0,1,1,0,1,0,0,0,0,0,0,1,0,0,1",0.4,0.4,0.3946428571428572,0.3333333333333333,0.2857142857142857,0.3076923076923077,0.39285714285714285,0.16164541244506836
"0,1,1,1,1,1,0,1,0,1,0,0,0,0,0,0,1,1,0,1,0",0.36666666666666664,0.4,0.3912946428571429,0.4,0.7142857142857143,0.5128205128205128,0.38839285714285715,0.1788618564605713
"0,1,1,1,1,1,1,1,0,0,0,0,1,1,0,0,0,1,0,0,0",0.36666666666666664,0.4,0.3912946428571429,0.4,0.7142857142857143,0.5128205128205128,0.38839285714285715,0.1853785514831543
"0,1,1,1,1,1,0,1,0,1,0,0,0,0,0,0,0,1,0,1,0",0.36666666666666664,0.4,0.3912946428571429,0.4,0.7142857142857143,0.5128205128205128,0.38839285714285715,0.1896986961364746
"1,1,1,1,0,0,1,1,1,1,1,0,0,0,1,0,1,0,0,0,0",0.36666666666666664,0.4,0.3912946428571429,0.4,0.7142857142857143,0.5128205128205128,0.38839285714285715,0.1655111312866211
"0,1,0,0,0,1,0,0,1,0,0,1,1,0,0,0,0,0,0,1,1",0.3333333333333333,0.5,0.3895089285714286,0.375,0.6428571428571429,0.47368421052631576,0.35267857142857145,0.1796572208404541
"0,1,1,0,1,0,0,0,0,0,1,0,1,1,0,0,0,0,1,1,1",0.3333333333333333,0.6,0.38772321428571427,0.125,0.07142857142857142,0.09090909090909091,0.3169642857142857,0.20037221908569336
"1,1,1,1,1,1,0,0,1,0,0,1,0,1,0,0,1,0,1,0,0",0.3333333333333333,0.5,0.3861607142857143,0.36363636363636365,0.5714285714285714,0.4444444444444444,0.3482142857142857,0.14683151245117188
"0,0,1,1,0,0,0,1,1,0,0,0,1,1,0,1,1,0,1,0,1",0.3,0.6,0.3810267857142857,0.3157894736842105,0.42857142857142855,0.36363636363636365,0.3080357142857143,0.24210786819458008
"1,1,0,0,0,1,1,0,1,1,1,0,0,0,0,1,0,1,0,1,1",0.3333333333333333,0.4,0.3678571428571429,0.38461538461538464,0.7142857142857143,0.5,0.35714285714285715,0.16687822341918945
"1,0,0,0,1,0,1,1,0,0,0,0,0,1,0,0,1,0,0,0,0",0.0,0.0,0.0,0.0,0.0,0.0,0.0,0.0
"0,0,1,1,0,0,0,1,0,1,0,1,1,1,0,0,0,0,0,0,0",0.0,0.0,0.0,0.0,0.0,0.0,0.0,0.0
"1,0,1,0,0,0,1,0,0,1,0,1,1,0,0,0,0,0,1,0,0",0.0,0.0,0.0,0.0,0.0,0.0,0.0,0.0
"1,0,1,0,0,0,0,1,0,0,0,1,0,1,0,0,0,0,1,0,0",0.0,0.0,0.0,0.0,0.0,0.0,0.0,0.0
"1,1,0,0,0,0,1,1,0,1,0,0,1,1,0,0,1,0,0,0,0",0.0,0.0,0.0,0.0,0.0,0.0,0.0,0.0
"1,1,1,1,0,0,0,1,1,1,0,0,1,0,0,1,0,0,1,0,0",0.0,0.0,0.0,0.0,0.0,0.0,0.0,0.0
"0,1,0,1,0,0,0,0,0,0,0,1,0,1,0,0,1,0,0,0,0",0.0,0.0,0.0,0.0,0.0,0.0,0.0,0.0
"1,0,1,0,0,0,0,0,0,0,0,1,0,1,0,0,0,0,1,0,0",0.0,0.0,0.0,0.0,0.0,0.0,0.0,0.0
"1,1,1,1,1,0,1,0,1,0,0,0,0,0,0,0,1,0,1,0,0",0.0,0.0,0.0,0.0,0.0,0.0,0.0,0.0
"1,0,0,1,0,0,1,0,1,0,0,1,0,1,0,0,0,0,1,0,0",0.0,0.0,0.0,0.0,0.0,0.0,0.0,0.0
"1,1,1,0,1,0,1,1,0,0,0,1,0,1,0,0,1,0,0,0,0",0.0,0.0,0.0,0.0,0.0,0.0,0.0,0.0
"0,0,0,1,1,0,0,0,0,0,0,1,1,0,0,1,1,0,0,0,0",0.0,0.0,0.0,0.0,0.0,0.0,0.0,0.0
"1,1,1,0,0,0,1,0,0,1,0,1,0,1,0,0,1,0,1,0,0",0.0,0.0,0.0,0.0,0.0,0.0,0.0,0.0
"0,1,1,0,1,0,0,1,1,0,0,1,0,0,0,0,0,0,0,0,0",0.0,0.0,0.0,0.0,0.0,0.0,0.0,0.0
"0,0,0,0,0,0,0,1,0,1,0,1,1,1,0,0,1,0,1,0,0",0.0,0.0,0.0,0.0,0.0,0.0,0.0,0.0
"0,1,1,0,0,0,0,0,1,0,0,1,0,0,0,0,1,0,1,0,0",0.0,0.0,0.0,0.0,0.0,0.0,0.0,0.0
"0,0,0,1,1,0,1,1,1,1,0,1,0,0,0,0,1,0,0,0,0",0.0,0.0,0.0,0.0,0.0,0.0,0.0,0.0
"0,0,1,1,0,0,0,1,0,0,0,1,0,1,0,1,0,0,1,0,0",0.0,0.0,0.0,0.0,0.0,0.0,0.0,0.0
"1,1,1,1,1,0,0,1,0,0,0,0,0,1,0,0,0,0,1,0,0",0.0,0.0,0.0,0.0,0.0,0.0,0.0,0.0
