encoding,test accuracy,training accuracy,combined accuracy,test precision,test recall,test fscore,test auc,training time
"0,1,0,1,0,0,0,0,0,1,0,0,1,0,0,1,1,0,0,0,1",0.6666666666666666,0.9,0.7339285714285714,0.6,0.8571428571428571,0.7058823529411765,0.6785714285714286,0.1734485626220703
"0,1,0,1,0,0,1,0,0,1,0,0,1,0,0,1,1,0,0,0,1",0.6666666666666666,0.9,0.7339285714285714,0.6,0.8571428571428571,0.7058823529411765,0.6785714285714286,0.16664671897888184
"1,0,1,0,0,0,0,1,0,0,0,1,0,1,0,0,0,0,1,0,1",0.6666666666666666,0.9,0.7339285714285714,0.6,0.8571428571428571,0.7058823529411765,0.6785714285714286,0.1592240333557129
"0,0,1,1,1,1,1,0,1,1,1,1,0,1,0,1,0,1,0,1,1",0.6666666666666666,0.9,0.7171875,0.7,0.5,0.5833333333333334,0.65625,0.20755434036254883
"0,0,1,1,1,0,1,1,0,1,1,1,0,0,0,1,1,1,0,0,0",0.6666666666666666,0.8,0.6988839285714286,0.6428571428571429,0.6428571428571429,0.6428571428571429,0.6651785714285714,0.18854117393493652
"0,1,0,1,0,0,0,0,0,1,0,0,1,0,0,1,1,0,0,1,1",0.6333333333333333,0.9,0.6970982142857143,0.6153846153846154,0.5714285714285714,0.5925925925925926,0.6294642857142857,0.22157573699951172
"1,1,1,0,1,0,0,1,0,1,0,0,1,0,0,0,1,1,1,1,0",0.6,0.9,0.69375,0.5384615384615384,1.0,0.7,0.625,0.20012736320495605
"0,0,1,1,1,1,1,0,1,1,1,1,0,1,0,1,0,1,0,0,0",0.7333333333333333,0.6,0.6890625,0.875,0.5,0.6363636363636364,0.71875,0.17958903312683105
"0,0,0,0,0,1,1,0,0,1,1,1,0,0,0,0,1,1,0,0,1",0.6666666666666666,0.7,0.6872767857142856,0.5909090909090909,0.9285714285714286,0.7222222222222222,0.6830357142857143,0.18102526664733887
"1,1,0,0,0,1,1,0,0,1,0,0,1,0,0,1,1,0,0,1,1",0.6666666666666666,0.7,0.6705357142857142,0.6666666666666666,0.5714285714285714,0.6153846153846154,0.6607142857142857,0.21825742721557617
"0,0,0,1,1,1,1,0,1,1,1,0,0,1,0,0,1,0,0,1,1",0.6333333333333333,0.8,0.66875,0.6363636363636364,0.5,0.56,0.625,0.20747995376586914
"0,0,1,0,1,1,1,1,1,0,0,1,0,0,0,1,0,0,1,1,0",0.6333333333333333,0.8,0.66875,0.6363636363636364,0.5,0.56,0.625,0.2226555347442627
"0,0,1,1,1,1,1,0,1,1,1,1,0,1,0,1,0,1,0,1,0",0.6333333333333333,0.8,0.6654017857142858,0.6666666666666666,0.42857142857142855,0.5217391304347826,0.6205357142857143,0.19907736778259277
"1,1,0,1,0,0,0,0,0,0,1,1,0,0,0,1,1,0,1,1,1",0.6333333333333333,0.7,0.6604910714285714,0.5714285714285714,0.8571428571428571,0.6857142857142857,0.6473214285714286,0.23259997367858887
"1,1,1,0,0,0,0,0,1,1,1,0,0,0,1,0,1,0,1,0,1",0.6666666666666666,0.7,0.6604910714285714,0.8333333333333334,0.35714285714285715,0.5,0.6473214285714286,0.2152411937713623
"1,1,0,0,0,1,1,0,0,1,1,0,1,1,1,1,0,0,0,1,1",0.5666666666666667,0.9,0.6602678571428571,0.5238095238095238,0.7857142857142857,0.6285714285714286,0.5803571428571428,0.22479510307312012
"1,0,0,1,1,0,0,0,1,1,0,1,1,1,1,0,1,0,0,0,0",0.6666666666666666,0.6,0.6589285714285714,0.6,0.8571428571428571,0.7058823529411765,0.6785714285714286,0.1380934715270996
"0,1,1,0,1,0,1,1,1,0,1,0,1,0,0,0,1,0,1,0,0",0.6666666666666666,0.6,0.6589285714285714,0.6,0.8571428571428571,0.7058823529411765,0.6785714285714286,0.1485903263092041
"0,0,1,0,1,0,0,0,0,1,0,1,1,0,1,0,0,0,0,0,0",0.6666666666666666,0.6,0.6589285714285714,0.6,0.8571428571428571,0.7058823529411765,0.6785714285714286,0.13752460479736328
"0,0,0,0,1,0,0,1,0,0,0,0,1,0,1,0,0,0,1,0,0",0.6666666666666666,0.6,0.6589285714285714,0.6,0.8571428571428571,0.7058823529411765,0.6785714285714286,0.1482231616973877
"0,0,0,1,1,0,0,0,1,1,0,1,1,1,1,0,1,0,0,0,0",0.6666666666666666,0.6,0.6589285714285714,0.6,0.8571428571428571,0.7058823529411765,0.6785714285714286,0.14911437034606934
"1,0,0,1,1,0,0,0,1,1,0,1,0,1,1,0,1,0,1,0,0",0.6666666666666666,0.6,0.6589285714285714,0.6,0.8571428571428571,0.7058823529411765,0.6785714285714286,0.1432023048400879
"1,1,0,0,0,1,1,0,0,1,0,0,1,0,1,1,0,0,0,0,0",0.6,0.8,0.6587053571428572,0.55,0.7857142857142857,0.6470588235294118,0.6116071428571428,0.1841590404510498
"1,1,0,0,0,1,1,1,0,1,0,0,1,0,1,1,0,0,0,0,0",0.6,0.8,0.6587053571428572,0.55,0.7857142857142857,0.6470588235294118,0.6116071428571428,0.16431188583374023
"1,0,0,1,0,1,1,1,1,1,0,1,0,0,0,0,0,0,1,1,0",0.6,0.8,0.6587053571428572,0.55,0.7857142857142857,0.6470588235294118,0.6116071428571428,0.189133882522583
"1,1,0,0,0,1,1,1,1,1,0,0,0,1,1,1,0,0,1,0,0",0.6,0.8,0.6587053571428572,0.55,0.7857142857142857,0.6470588235294118,0.6116071428571428,0.15852785110473633
"1,1,0,0,0,1,1,0,0,1,0,0,1,0,1,1,0,0,1,0,0",0.6,0.8,0.6587053571428572,0.55,0.7857142857142857,0.6470588235294118,0.6116071428571428,0.16945433616638184
"0,0,1,1,0,1,0,1,1,1,0,1,1,1,1,0,0,1,0,0,1",0.6,0.8,0.655357142857143,0.5555555555555556,0.7142857142857143,0.625,0.6071428571428572,0.19986486434936523
"1,0,0,0,1,0,0,1,0,0,1,1,0,0,0,0,0,0,1,1,1",0.6666666666666666,0.6,0.6522321428571429,0.625,0.7142857142857143,0.6666666666666666,0.6696428571428572,0.18538689613342285
"1,1,0,0,1,1,0,0,0,0,1,0,1,0,0,1,0,1,0,1,1",0.6,0.8,0.6520089285714286,0.5625,0.6428571428571429,0.6,0.6026785714285714,0.21474695205688477
"1,0,1,0,1,1,0,1,0,1,0,0,0,1,1,0,1,0,1,1,1",0.6,0.8,0.6520089285714286,0.5625,0.6428571428571429,0.6,0.6026785714285714,0.2207627296447754
"1,1,0,0,1,1,1,1,0,1,1,1,0,0,1,0,0,1,0,0,1",0.6,0.8,0.6486607142857144,0.5714285714285714,0.5714285714285714,0.5714285714285714,0.5982142857142857,0.18189048767089844
"0,1,0,1,0,1,1,1,1,0,0,1,0,0,0,1,0,0,1,1,0",0.6333333333333333,0.7,0.6470982142857142,0.6153846153846154,0.5714285714285714,0.5925925925925926,0.6294642857142857,0.2268054485321045
"0,1,0,0,1,0,0,0,1,0,0,1,1,1,0,1,1,0,1,1,1",0.6333333333333333,0.7,0.6470982142857142,0.6153846153846154,0.5714285714285714,0.5925925925925926,0.6294642857142857,0.21813058853149414
"0,0,1,0,0,0,0,0,0,1,0,0,1,0,0,1,1,0,0,0,1",0.5333333333333333,0.9,0.646875,0.5,1.0,0.6666666666666666,0.5625,0.185516357421875
"1,1,0,0,0,0,0,1,1,1,0,0,0,1,0,1,0,1,0,1,1",0.6,0.8,0.6453125,0.5833333333333334,0.5,0.5384615384615384,0.59375,0.19738554954528809
"0,1,1,1,0,1,0,1,1,1,1,0,0,1,1,1,0,0,1,1,0",0.6,0.8,0.6453125,0.5833333333333334,0.5,0.5384615384615384,0.59375,0.1994495391845703
"0,1,0,1,0,1,1,1,1,0,0,1,0,0,0,1,1,0,1,1,1",0.6,0.7,0.6404017857142856,0.5416666666666666,0.9285714285714286,0.6842105263157895,0.6205357142857143,0.21664857864379883
"1,1,1,1,1,0,1,1,1,1,0,0,0,0,0,1,1,1,0,0,0",0.6333333333333333,0.6,0.6388392857142857,0.5652173913043478,0.9285714285714286,0.7027027027027027,0.6517857142857143,0.16654753684997559
"0,1,1,1,0,0,0,1,0,1,0,1,1,0,0,0,1,0,1,1,0",0.6333333333333333,0.6,0.6388392857142857,0.5652173913043478,0.9285714285714286,0.7027027027027027,0.6517857142857143,0.16527247428894043
"0,1,1,1,0,1,0,1,1,1,1,0,0,1,0,0,0,1,0,0,0",0.6333333333333333,0.7,0.6370535714285714,0.7142857142857143,0.35714285714285715,0.47619047619047616,0.6160714285714286,0.18664073944091797
"0,1,0,1,1,1,1,1,1,1,1,1,1,0,1,0,0,0,1,1,1",0.6333333333333333,0.7,0.6370535714285714,0.7142857142857143,0.35714285714285715,0.47619047619047616,0.6160714285714286,0.19930124282836914
"1,1,0,1,0,1,1,0,0,1,1,0,1,1,1,1,0,0,0,1,1",0.6,0.7,0.6370535714285714,0.5454545454545454,0.8571428571428571,0.6666666666666666,0.6160714285714286,0.21446537971496582
"0,1,1,1,0,1,0,1,0,1,1,0,0,1,0,0,0,0,0,1,1",0.6,0.8,0.6352678571428572,0.6666666666666666,0.2857142857142857,0.4,0.5803571428571428,0.20736265182495117
"0,0,0,0,1,1,1,1,0,1,0,0,0,0,0,1,1,1,1,0,1",0.6666666666666666,0.5,0.6339285714285714,0.6,0.8571428571428571,0.7058823529411765,0.6785714285714286,0.1911618709564209
"0,1,1,1,1,0,0,1,0,0,0,0,0,0,0,1,0,0,1,1,1",0.6,0.7,0.633705357142857,0.55,0.7857142857142857,0.6470588235294118,0.6116071428571428,0.21146035194396973
"1,0,1,0,1,0,0,1,0,0,0,1,0,1,0,0,1,1,1,0,0",0.6333333333333333,0.6,0.6321428571428571,0.5789473684210527,0.7857142857142857,0.6666666666666666,0.6428571428571428,0.1860668659210205
"1,1,1,1,0,0,1,0,0,0,0,0,1,0,0,0,0,1,0,0,1",0.6,0.8,0.6319196428571427,0.75,0.21428571428571427,0.3333333333333333,0.5758928571428571,0.19429659843444824
"1,0,0,1,0,0,1,0,0,1,0,0,1,0,0,1,1,0,0,0,1",0.6,0.7,0.6303571428571428,0.5555555555555556,0.7142857142857143,0.625,0.6071428571428572,0.1944282054901123
"1,1,0,1,0,0,0,0,0,1,0,0,1,0,0,1,1,0,0,0,1",0.6,0.7,0.6303571428571428,0.5555555555555556,0.7142857142857143,0.625,0.6071428571428572,0.1781930923461914
"0,1,1,1,0,0,1,0,0,1,1,0,1,1,0,0,0,0,1,1,1",0.5333333333333333,0.9,0.6301339285714286,0.5,0.6428571428571429,0.5625,0.5401785714285714,0.21134471893310547
"0,0,1,1,0,1,0,1,1,1,0,1,1,0,0,1,0,0,1,1,0",0.5333333333333333,0.9,0.6301339285714286,0.5,0.6428571428571429,0.5625,0.5401785714285714,0.17089605331420898
"1,1,0,0,0,1,0,1,0,0,1,0,0,0,0,0,1,1,0,1,1",0.5666666666666667,0.8,0.6285714285714286,0.5294117647058824,0.6428571428571429,0.5806451612903226,0.5714285714285714,0.17802953720092773
"1,0,0,0,0,0,0,1,1,1,0,1,0,1,0,1,1,1,1,1,0",0.6,0.8,0.6285714285714286,1.0,0.14285714285714285,0.25,0.5714285714285714,0.21149110794067383
"1,0,0,1,1,0,0,0,1,1,0,1,1,1,1,0,1,0,0,0,1",0.6666666666666666,0.5,0.6272321428571429,0.625,0.7142857142857143,0.6666666666666666,0.6696428571428572,0.2167212963104248
"0,1,1,1,0,1,0,1,1,1,1,0,0,1,1,1,0,0,0,1,1",0.6,0.7,0.6270089285714285,0.5625,0.6428571428571429,0.6,0.6026785714285714,0.185683012008667
"0,0,1,1,0,0,1,1,0,1,0,0,0,0,0,1,1,0,0,1,1",0.6333333333333333,0.6,0.6254464285714285,0.6,0.6428571428571429,0.6206896551724138,0.6339285714285714,0.18796014785766602
"1,0,0,1,0,0,1,0,0,1,0,0,1,0,0,1,1,1,0,0,1",0.5666666666666667,0.8,0.6252232142857144,0.5333333333333333,0.5714285714285714,0.5517241379310345,0.5669642857142857,0.18470406532287598
"1,0,0,0,0,1,0,1,0,1,0,0,1,0,1,1,1,0,1,0,1",0.6,0.7,0.6236607142857142,0.5714285714285714,0.5714285714285714,0.5714285714285714,0.5982142857142857,0.18477439880371094
"0,1,0,1,1,0,1,0,0,1,0,1,1,1,0,1,1,0,1,1,1",0.5333333333333333,0.9,0.6234375,0.5,0.5,0.5,0.53125,0.24077796936035156
"1,1,0,0,0,1,1,0,0,1,0,0,1,0,1,1,0,0,0,0,1",0.6333333333333333,0.6,0.6220982142857143,0.6153846153846154,0.5714285714285714,0.5925925925925926,0.6294642857142857,0.18108177185058594
"1,1,0,0,0,1,1,0,0,1,1,0,1,1,1,1,0,1,0,1,1",0.5666666666666667,0.8,0.621875,0.5384615384615384,0.5,0.5185185185185185,0.5625,0.20067143440246582
"0,1,1,1,0,0,1,0,0,1,1,0,1,1,1,1,0,0,0,0,1",0.5666666666666667,0.8,0.621875,0.5384615384615384,0.5,0.5185185185185185,0.5625,0.15981101989746094
"1,1,1,0,1,0,0,1,0,1,0,0,1,0,0,0,1,1,1,1,1",0.5666666666666667,0.7,0.6203125,0.5185185185185185,1.0,0.6829268292682927,0.59375,0.2033233642578125
"0,0,0,1,1,0,1,0,1,1,0,1,0,1,0,0,0,1,1,0,1",0.5333333333333333,0.9,0.6200892857142857,0.5,0.42857142857142855,0.46153846153846156,0.5267857142857143,0.19187712669372559
"0,1,1,1,0,1,0,1,1,1,1,0,0,1,0,0,0,1,0,0,1",0.5333333333333333,0.9,0.6200892857142857,0.5,0.42857142857142855,0.46153846153846156,0.5267857142857143,0.2041010856628418
"0,1,0,0,0,1,0,1,0,0,1,1,1,0,0,0,1,0,1,0,1",0.6333333333333333,0.6,0.61875,0.6363636363636364,0.5,0.56,0.625,0.20542407035827637
"1,1,0,1,0,0,0,0,0,0,0,1,0,1,1,0,1,1,1,0,1",0.5666666666666667,0.8,0.6185267857142858,0.5454545454545454,0.42857142857142855,0.48,0.5580357142857143,0.19632411003112793
"0,1,1,1,0,1,0,1,1,1,1,0,0,1,1,1,0,0,1,1,1",0.5666666666666667,0.8,0.6185267857142858,0.5454545454545454,0.42857142857142855,0.48,0.5580357142857143,0.20166850090026855
"0,1,1,1,0,0,1,0,0,1,1,0,1,1,1,1,0,0,0,0,0",0.5666666666666667,0.8,0.6185267857142858,0.5454545454545454,0.42857142857142855,0.48,0.5580357142857143,0.1642136573791504
"1,1,0,0,0,1,0,1,0,0,0,0,0,0,1,0,0,0,1,0,0",0.5666666666666667,0.7,0.6169642857142856,0.52,0.9285714285714286,0.6666666666666666,0.5892857142857143,0.1602191925048828
"0,0,1,1,1,1,1,0,1,1,1,1,0,1,0,0,0,1,0,1,0",0.6,0.7,0.6169642857142856,0.6,0.42857142857142855,0.5,0.5892857142857143,0.17693662643432617
"1,0,0,1,1,1,1,0,0,0,0,0,1,1,0,0,1,1,1,1,0",0.6,0.7,0.6169642857142856,0.6,0.42857142857142855,0.5,0.5892857142857143,0.17604684829711914
"1,0,1,0,0,1,1,0,1,0,0,0,1,1,0,0,0,1,0,0,0",0.5666666666666667,0.7,0.6169642857142856,0.52,0.9285714285714286,0.6666666666666666,0.5892857142857143,0.1637582778930664
"1,1,0,0,0,1,1,0,0,1,0,0,1,0,0,0,1,0,0,1,1",0.6,0.7,0.6169642857142856,0.6,0.42857142857142855,0.5,0.5892857142857143,0.2126479148864746
"0,0,1,0,1,1,1,1,1,0,0,1,0,0,0,1,0,0,0,0,1",0.5666666666666667,0.7,0.6169642857142856,0.52,0.9285714285714286,0.6666666666666666,0.5892857142857143,0.1624143123626709
"0,0,0,1,1,0,0,0,1,1,0,1,1,1,0,0,1,1,0,0,1",0.5333333333333333,0.9,0.6167410714285715,0.5,0.35714285714285715,0.4166666666666667,0.5223214285714286,0.1742103099822998
"0,1,1,1,0,0,1,0,0,1,1,0,1,1,1,1,0,0,0,1,1",0.5333333333333333,0.9,0.6167410714285715,0.5,0.35714285714285715,0.4166666666666667,0.5223214285714286,0.20795512199401855
"0,1,1,0,0,1,1,1,1,0,0,1,1,0,0,0,0,1,0,1,0",0.6333333333333333,0.6,0.6154017857142857,0.6666666666666666,0.42857142857142855,0.5217391304347826,0.6205357142857143,0.17586374282836914
"0,0,0,1,1,1,0,1,1,0,1,1,1,1,1,0,1,1,0,1,0",0.6333333333333333,0.6,0.6154017857142857,0.6666666666666666,0.42857142857142855,0.5217391304347826,0.6205357142857143,0.19260597229003906
"0,1,1,0,0,0,1,0,1,0,0,1,0,0,0,0,0,1,1,0,1",0.5666666666666667,0.8,0.6151785714285715,0.5555555555555556,0.35714285714285715,0.43478260869565216,0.5535714285714286,0.22765278816223145
"0,1,1,0,0,0,0,0,1,0,0,1,0,0,0,1,0,0,1,1,1",0.5333333333333333,0.8,0.6151785714285715,0.5,0.8571428571428571,0.631578947368421,0.5535714285714286,0.21217870712280273
"0,0,0,1,0,0,1,0,1,1,0,0,0,0,0,1,0,0,1,1,0",0.5333333333333333,0.8,0.6151785714285715,0.5,0.8571428571428571,0.631578947368421,0.5535714285714286,0.19079327583312988
"1,0,0,0,0,0,0,0,1,0,0,1,1,1,1,1,0,1,0,1,0",0.5666666666666667,0.8,0.6151785714285715,0.5555555555555556,0.35714285714285715,0.43478260869565216,0.5535714285714286,0.18638157844543457
"0,0,0,0,0,0,1,1,1,0,1,1,0,1,0,0,0,1,0,0,0",0.6666666666666666,0.5,0.6138392857142857,0.75,0.4285714285714285,0.5454545454545454,0.6517857142857143,0.1580538749694824
"0,0,1,1,1,0,1,0,1,1,1,1,0,1,0,1,0,1,0,0,0",0.6,0.7,0.6136160714285714,0.625,0.35714285714285715,0.45454545454545453,0.5848214285714286,0.16632413864135742
"1,0,0,0,0,0,1,1,1,1,1,0,1,0,0,1,0,1,0,0,0",0.6,0.7,0.6136160714285714,0.625,0.35714285714285715,0.45454545454545453,0.5848214285714286,0.18895983695983887
"1,1,0,0,0,1,1,0,0,1,0,0,1,0,0,1,1,1,0,0,1",0.6,0.7,0.6136160714285714,0.625,0.35714285714285715,0.45454545454545453,0.5848214285714286,0.19668221473693848
"0,0,0,1,1,0,0,1,1,1,0,0,0,1,1,0,1,1,1,1,1",0.5333333333333333,0.9,0.6133928571428571,0.5,0.2857142857142857,0.36363636363636365,0.5178571428571428,0.2440187931060791
"0,0,1,1,1,0,0,0,0,1,0,0,1,0,0,1,1,0,0,1,1",0.6,0.6,0.6120535714285715,0.5454545454545454,0.8571428571428571,0.6666666666666666,0.6160714285714286,0.23499798774719238
"1,0,1,1,1,0,0,0,1,1,0,1,1,1,0,0,0,0,1,0,1",0.6333333333333333,0.6,0.6120535714285715,0.7142857142857143,0.35714285714285715,0.47619047619047616,0.6160714285714286,0.19826936721801758
"0,1,1,0,0,1,0,0,0,0,0,0,0,1,0,1,0,1,1,1,0",0.5333333333333333,0.8,0.6118303571428572,0.5,0.7857142857142857,0.6111111111111112,0.5491071428571428,0.14981293678283691
"1,1,0,0,0,1,1,0,0,1,0,0,1,0,0,1,0,0,1,1,0",0.6333333333333333,0.5,0.6104910714285714,0.5714285714285714,0.8571428571428571,0.6857142857142857,0.6473214285714286,0.19345641136169434
"1,1,0,0,0,1,1,0,0,1,0,0,1,0,0,1,1,0,0,1,0",0.6333333333333333,0.5,0.6104910714285714,0.5714285714285714,0.8571428571428571,0.6857142857142857,0.6473214285714286,0.19442391395568848
"0,1,0,0,0,0,0,0,1,0,0,0,1,0,0,0,1,1,1,0,1",0.5666666666666667,0.7,0.610267857142857,0.5238095238095238,0.7857142857142857,0.6285714285714286,0.5803571428571428,0.20229148864746094
"0,0,1,0,0,1,1,0,1,1,0,0,0,1,0,0,0,1,1,0,1",0.6,0.7,0.610267857142857,0.6666666666666666,0.2857142857142857,0.4,0.5803571428571428,0.19246745109558105
"1,1,1,0,1,0,0,1,0,1,0,1,0,0,1,0,0,0,1,0,1",0.5,0.9,0.6100446428571429,0.47619047619047616,0.7142857142857143,0.5714285714285714,0.5133928571428572,0.2041490077972412
"1,0,0,1,1,1,1,0,0,1,1,0,0,0,0,1,0,1,0,1,0",0.6,0.6,0.6087053571428571,0.55,0.7857142857142857,0.6470588235294118,0.6116071428571428,0.18628358840942383
"0,1,0,0,1,1,1,1,1,0,0,1,0,0,0,0,0,1,0,0,0",0.5666666666666667,0.8,0.6084821428571427,0.6,0.21428571428571427,0.3157894736842105,0.5446428571428571,0.17607927322387695
"0,1,0,1,0,0,0,0,1,0,0,0,0,1,0,0,1,0,0,1,1",0.5666666666666667,0.8,0.6084821428571427,0.6,0.21428571428571427,0.3157894736842105,0.5446428571428571,0.1835637092590332
"1,0,0,1,0,0,1,0,0,0,0,0,1,0,0,1,1,1,0,0,1",0.6333333333333333,0.5,0.6071428571428571,0.5789473684210527,0.7857142857142857,0.6666666666666666,0.6428571428571428,0.14651775360107422
"0,1,0,1,0,0,0,0,1,0,0,0,0,0,0,1,1,1,0,0,1",0.6333333333333333,0.5,0.6071428571428571,0.5789473684210527,0.7857142857142857,0.6666666666666666,0.6428571428571428,0.1577155590057373
"1,0,0,1,0,0,1,0,1,0,0,0,0,0,0,1,1,1,0,0,1",0.6333333333333333,0.5,0.6071428571428571,0.5789473684210527,0.7857142857142857,0.6666666666666666,0.6428571428571428,0.1588907241821289
"1,1,1,0,1,0,0,1,1,1,0,1,1,1,1,1,1,1,0,0,0",0.5666666666666667,0.7,0.6069196428571428,0.5263157894736842,0.7142857142857143,0.6060606060606061,0.5758928571428572,0.16717267036437988
"1,0,1,0,0,0,1,1,1,1,0,0,1,0,0,0,1,1,1,1,1",0.5,0.9,0.6066964285714286,0.47368421052631576,0.6428571428571429,0.5454545454545454,0.5089285714285714,0.2306537628173828
"0,1,1,1,0,1,0,1,1,1,1,0,0,1,0,0,0,0,1,1,0",0.6333333333333333,0.6,0.6053571428571428,1.0,0.21428571428571427,0.35294117647058826,0.6071428571428571,0.15863370895385742
"0,1,1,0,1,0,0,0,0,0,0,0,1,1,0,1,0,1,0,0,0",0.5333333333333333,0.8,0.6051339285714286,0.5,0.6428571428571429,0.5625,0.5401785714285714,0.1571197509765625
"0,1,1,1,1,0,0,0,0,0,0,0,1,1,0,1,0,1,0,0,0",0.5333333333333333,0.8,0.6051339285714286,0.5,0.6428571428571429,0.5625,0.5401785714285714,0.14642333984375
"0,1,1,1,0,0,0,0,0,0,0,0,1,1,0,1,0,1,0,0,0",0.5333333333333333,0.8,0.6051339285714286,0.5,0.6428571428571429,0.5625,0.5401785714285714,0.14634466171264648
"1,1,0,0,0,1,1,1,0,1,1,0,1,1,1,1,1,0,1,1,0",0.5333333333333333,0.8,0.6051339285714286,0.5,0.6428571428571429,0.5625,0.5401785714285714,0.20013070106506348
"0,1,1,1,1,0,1,1,1,1,1,0,0,1,0,1,0,1,0,1,0",0.5333333333333333,0.8,0.6051339285714286,0.5,0.6428571428571429,0.5625,0.5401785714285714,0.19950556755065918
"1,0,1,0,1,1,1,1,1,1,1,1,0,1,0,0,1,1,1,0,1",0.6333333333333333,0.5,0.6037946428571429,0.5882352941176471,0.7142857142857143,0.6451612903225806,0.6383928571428572,0.22898364067077637
"0,1,0,1,0,1,1,0,0,1,0,0,1,1,0,1,1,0,0,0,1",0.5333333333333333,0.8,0.6017857142857144,0.5,0.5714285714285714,0.5333333333333333,0.5357142857142857,0.20810556411743164
"0,1,0,0,1,0,0,0,0,1,0,1,0,0,0,1,0,0,1,0,1",0.5333333333333333,0.8,0.6017857142857144,0.5,0.5714285714285714,0.5333333333333333,0.5357142857142857,0.2024681568145752
"0,0,0,0,0,1,1,0,0,1,1,0,0,0,0,0,0,1,1,0,0",0.5333333333333333,0.8,0.6017857142857144,0.5,0.5714285714285714,0.5333333333333333,0.5357142857142857,0.1896514892578125
"0,0,0,0,1,0,0,1,0,0,0,0,1,0,0,0,1,1,0,0,1",0.5333333333333333,0.8,0.6017857142857144,0.5,0.5714285714285714,0.5333333333333333,0.5357142857142857,0.1900951862335205
"0,0,0,0,0,1,0,0,1,1,1,1,1,0,1,0,1,0,1,0,0",0.5333333333333333,0.8,0.6017857142857144,0.5,0.5714285714285714,0.5333333333333333,0.5357142857142857,0.19320368766784668
"1,1,0,0,0,1,1,0,1,1,1,1,0,1,1,1,0,1,0,1,0",0.5666666666666667,0.7,0.6002232142857142,0.5333333333333333,0.5714285714285714,0.5517241379310345,0.5669642857142857,0.21674132347106934
"1,1,0,0,0,1,0,1,1,1,1,0,0,1,1,1,0,0,0,1,1",0.5666666666666667,0.7,0.6002232142857142,0.5333333333333333,0.5714285714285714,0.5517241379310345,0.5669642857142857,0.20874714851379395
"0,0,0,1,0,0,0,1,0,1,0,0,0,0,1,0,1,1,0,1,0",0.5,0.9,0.6,0.4666666666666667,0.5,0.4827586206896552,0.5,0.23924040794372559
"0,1,0,0,1,1,0,0,1,1,0,1,0,0,0,0,0,1,1,0,0",0.6,0.6,0.5986607142857143,0.5714285714285714,0.5714285714285714,0.5714285714285714,0.5982142857142857,0.19568443298339844
"0,1,1,1,0,1,0,1,1,1,1,0,0,1,1,1,1,1,1,1,1",0.5333333333333333,0.8,0.5984375,0.5,0.5,0.5,0.53125,0.20836639404296875
"1,1,0,1,0,0,0,1,1,0,0,0,1,0,1,0,1,1,1,0,0",0.5666666666666667,0.7,0.596875,0.5384615384615384,0.5,0.5185185185185185,0.5625,0.1968393325805664
"0,1,0,1,0,0,0,1,1,0,0,1,0,0,0,1,0,1,1,1,0",0.5333333333333333,0.7,0.596875,0.5,1.0,0.6666666666666666,0.5625,0.2256324291229248
"0,0,1,1,0,1,0,0,1,1,0,1,0,1,0,0,1,0,0,1,1",0.5666666666666667,0.7,0.596875,0.5384615384615384,0.5,0.5185185185185185,0.5625,0.18477416038513184
"1,1,0,0,0,1,0,0,0,0,0,1,0,1,1,0,0,0,1,1,1",0.5333333333333333,0.7,0.596875,0.5,1.0,0.6666666666666666,0.5625,0.20377397537231445
"1,0,1,0,0,0,1,0,1,1,1,0,1,0,0,1,1,0,0,1,1",0.5666666666666667,0.7,0.596875,0.5384615384615384,0.5,0.5185185185185185,0.5625,0.20406794548034668
"0,0,1,0,1,0,0,1,1,1,0,1,1,1,1,0,0,0,1,1,0",0.5,0.9,0.5966517857142857,0.46153846153846156,0.42857142857142855,0.4444444444444444,0.4955357142857143,0.18127870559692383
"1,1,0,0,0,1,1,1,0,0,1,1,1,0,1,0,1,0,1,0,1",0.5,0.9,0.5966517857142857,0.46153846153846156,0.42857142857142855,0.4444444444444444,0.4955357142857143,0.22394108772277832
"0,0,1,0,0,0,1,1,1,1,1,0,0,0,1,0,0,1,0,1,0",0.6,0.6,0.5953125,0.5833333333333334,0.5,0.5384615384615384,0.59375,0.18695521354675293
"0,1,0,0,0,0,0,1,0,1,0,1,0,0,0,1,0,1,1,0,1",0.5,0.8,0.5950892857142858,0.48148148148148145,0.9285714285714286,0.6341463414634146,0.5267857142857143,0.1911296844482422
"0,0,1,0,0,1,0,1,1,0,0,0,0,0,1,0,0,1,1,0,0",0.6,0.5,0.59375,0.5384615384615384,1.0,0.7,0.625,0.17916274070739746
"0,0,0,1,0,1,0,0,1,1,0,0,0,1,1,0,1,0,1,1,0",0.6,0.5,0.59375,0.5384615384615384,1.0,0.7,0.625,0.23360347747802734
"0,0,0,0,1,0,0,1,0,0,0,1,1,0,1,0,1,0,0,0,1",0.5666666666666667,0.7,0.5935267857142856,0.5454545454545454,0.42857142857142855,0.48,0.5580357142857143,0.24158906936645508
"0,0,1,1,1,0,0,0,1,0,1,0,1,1,0,0,0,1,0,1,1",0.4666666666666667,0.9,0.5933035714285714,0.46153846153846156,0.8571428571428571,0.6,0.49107142857142855,0.2663586139678955
"0,0,0,1,1,1,1,1,0,1,0,1,0,0,0,0,0,0,1,1,0",0.4666666666666667,0.9,0.5933035714285714,0.46153846153846156,0.8571428571428571,0.6,0.49107142857142855,0.17466187477111816
"0,0,1,1,0,0,0,0,0,0,1,1,1,0,1,0,1,0,1,1,1",0.4666666666666667,0.9,0.5933035714285714,0.46153846153846156,0.8571428571428571,0.6,0.49107142857142855,0.23901700973510742
"0,1,0,1,0,1,0,1,1,1,0,1,0,0,1,0,1,0,1,0,0",0.4666666666666667,0.9,0.5933035714285714,0.46153846153846156,0.8571428571428571,0.6,0.49107142857142855,0.15079712867736816
"1,1,1,1,0,0,1,0,0,1,0,0,1,0,0,1,0,0,1,1,0",0.6666666666666666,0.4,0.5921875,0.7,0.5,0.5833333333333334,0.65625,0.1923506259918213
"0,0,0,1,1,1,1,0,1,0,0,1,0,1,0,0,1,0,0,0,1",0.6,0.6,0.5919642857142857,0.6,0.42857142857142855,0.5,0.5892857142857143,0.1864168643951416
"0,1,0,0,0,0,0,1,1,1,0,1,1,1,0,0,0,1,1,0,1",0.5666666666666667,0.6,0.5919642857142857,0.52,0.9285714285714286,0.6666666666666666,0.5892857142857143,0.19699478149414062
"1,0,0,1,0,1,1,0,0,1,1,0,1,1,1,1,0,0,0,1,0",0.5,0.8,0.5917410714285715,0.48,0.8571428571428571,0.6153846153846154,0.5223214285714286,0.20121335983276367
"0,1,0,0,0,1,0,1,1,1,0,1,0,0,1,1,0,0,1,1,0",0.6333333333333333,0.5,0.5904017857142857,0.6666666666666666,0.42857142857142855,0.5217391304347826,0.6205357142857143,0.21879029273986816
"0,1,0,0,0,0,1,1,1,1,0,0,1,1,0,0,0,1,1,1,1",0.5333333333333333,0.7,0.5901785714285714,0.5,0.8571428571428571,0.631578947368421,0.5535714285714286,0.21848440170288086
"0,1,1,0,0,0,0,0,1,0,0,1,1,0,0,0,1,0,1,1,1",0.5333333333333333,0.7,0.5901785714285714,0.5,0.8571428571428571,0.631578947368421,0.5535714285714286,0.1942746639251709
"1,0,0,0,1,1,1,1,0,0,0,0,1,1,0,1,0,0,1,1,0",0.5666666666666667,0.7,0.5901785714285714,0.5555555555555556,0.35714285714285715,0.43478260869565216,0.5535714285714286,0.21532940864562988
"1,0,0,1,0,0,1,1,0,1,0,0,0,0,0,1,1,0,0,1,1",0.5666666666666667,0.6,0.5886160714285715,0.5217391304347826,0.8571428571428571,0.6486486486486487,0.5848214285714286,0.19842171669006348
"0,1,0,0,0,1,1,0,1,0,1,0,0,0,1,1,1,0,1,0,1",0.6,0.6,0.5886160714285714,0.625,0.35714285714285715,0.45454545454545453,0.5848214285714286,0.19152140617370605
"0,1,0,1,1,1,0,0,0,1,0,0,1,0,1,1,0,0,0,0,1",0.6,0.6,0.5886160714285714,0.625,0.35714285714285715,0.45454545454545453,0.5848214285714286,0.18104147911071777
"1,0,1,0,0,0,0,0,0,0,1,0,1,1,0,1,1,1,0,1,1",0.5,0.8,0.5883928571428572,0.4782608695652174,0.7857142857142857,0.5945945945945946,0.5178571428571428,0.19844508171081543
"0,0,0,0,1,1,1,0,0,1,0,1,1,1,0,1,1,1,0,0,0",0.5333333333333333,0.7,0.586830357142857,0.5,0.7857142857142857,0.6111111111111112,0.5491071428571428,0.1856858730316162
"1,1,0,0,0,1,1,1,0,1,0,0,1,0,1,1,0,0,0,1,1",0.5333333333333333,0.7,0.586830357142857,0.5,0.7857142857142857,0.6111111111111112,0.5491071428571428,0.18903231620788574
"0,1,1,1,0,0,0,0,1,0,1,0,1,1,0,0,0,1,0,1,1",0.5333333333333333,0.7,0.586830357142857,0.5,0.7857142857142857,0.6111111111111112,0.5491071428571428,0.21328473091125488
"0,0,0,0,0,1,0,1,0,0,1,0,0,0,0,1,1,0,0,0,1",0.6333333333333333,0.4,0.5854910714285715,0.5714285714285714,0.8571428571428571,0.6857142857142857,0.6473214285714286,0.17652297019958496
"0,0,0,0,0,1,1,0,0,1,1,1,0,0,0,0,1,1,0,0,0",0.6333333333333333,0.4,0.5854910714285715,0.5714285714285714,0.8571428571428571,0.6857142857142857,0.6473214285714286,0.1717817783355713
"1,0,0,0,0,0,1,1,1,0,1,1,0,1,1,1,0,0,1,1,0",0.6,0.6,0.5852678571428571,0.6666666666666666,0.2857142857142857,0.4,0.5803571428571428,0.18953180313110352
"0,0,1,0,0,1,0,1,0,1,0,0,1,0,1,0,0,1,1,1,0",0.5666666666666667,0.6,0.5852678571428571,0.5238095238095238,0.7857142857142857,0.6285714285714286,0.5803571428571428,0.20949244499206543
"1,1,1,0,0,1,0,0,1,0,0,1,0,1,0,1,1,1,1,1,1",0.6,0.6,0.5852678571428571,0.6666666666666666,0.2857142857142857,0.4,0.5803571428571428,0.200042724609375
"1,1,0,0,0,0,0,0,0,1,0,0,1,0,0,1,1,0,0,0,1",0.6,0.6,0.5852678571428571,0.6666666666666666,0.2857142857142857,0.4,0.5803571428571428,0.1693408489227295
"1,1,0,0,0,0,1,0,0,1,0,0,1,0,0,1,1,0,0,0,1",0.6,0.6,0.5852678571428571,0.6666666666666666,0.2857142857142857,0.4,0.5803571428571428,0.18906664848327637
"1,1,1,0,1,1,1,0,0,0,0,1,1,1,0,1,1,0,0,0,1",0.5,0.8,0.585044642857143,0.47619047619047616,0.7142857142857143,0.5714285714285714,0.5133928571428572,0.18853139877319336
"0,1,1,1,1,0,1,1,1,1,1,1,1,1,0,0,1,0,0,1,0",0.5,0.8,0.585044642857143,0.47619047619047616,0.7142857142857143,0.5714285714285714,0.5133928571428572,0.19161057472229004
"0,0,1,0,1,1,1,0,0,1,0,0,1,0,0,1,1,0,0,0,1",0.6333333333333333,0.5,0.5837053571428571,0.8,0.2857142857142857,0.42105263157894735,0.6116071428571428,0.1759500503540039
"0,1,1,0,0,1,0,1,0,1,1,1,0,1,0,0,0,0,0,1,1",0.6,0.5,0.5837053571428571,0.55,0.7857142857142857,0.6470588235294118,0.6116071428571428,0.1987109184265136
"1,0,0,0,1,0,1,1,1,0,1,0,0,1,1,0,0,1,1,0,1",0.6333333333333333,0.5,0.5837053571428571,0.8,0.2857142857142857,0.42105263157894735,0.6116071428571428,0.18706154823303223
"1,0,0,1,1,1,0,0,1,0,0,1,1,1,1,0,0,0,0,1,0",0.6333333333333333,0.5,0.5837053571428571,0.8,0.2857142857142857,0.42105263157894735,0.6116071428571428,0.18965482711791992
"0,1,0,1,0,1,0,1,1,1,1,1,1,1,1,0,1,0,0,1,1",0.6333333333333333,0.5,0.5837053571428571,0.8,0.2857142857142857,0.42105263157894735,0.6116071428571428,0.2190704345703125
"0,1,1,0,0,1,0,1,0,0,1,1,1,0,0,1,1,0,1,1,1",0.5333333333333333,0.7,0.5834821428571428,0.5,0.7142857142857143,0.5882352941176471,0.5446428571428572,0.210831880569458
"1,1,0,0,0,0,0,0,0,0,1,1,0,0,0,1,1,0,0,0,1",0.5333333333333333,0.7,0.5834821428571428,0.5,0.7142857142857143,0.5882352941176471,0.5446428571428572,0.18387699127197266
"0,0,0,0,0,0,1,1,1,0,1,1,0,1,1,1,1,1,1,1,1",0.5333333333333333,0.7,0.5834821428571428,0.5,0.7142857142857143,0.5882352941176471,0.5446428571428572,0.1757676601409912
"1,0,0,0,1,1,1,0,0,1,0,0,1,0,1,1,0,0,0,0,0",0.5333333333333333,0.7,0.5834821428571428,0.5,0.7142857142857143,0.5882352941176471,0.5446428571428572,0.17351150512695312
"1,1,0,0,0,0,0,0,0,1,0,0,1,0,0,1,1,0,0,1,1",0.5666666666666667,0.7,0.5834821428571428,0.6,0.21428571428571427,0.3157894736842105,0.5446428571428571,0.2019212245941162
"1,0,1,1,0,1,0,1,0,0,0,0,1,0,0,0,1,1,1,1,1",0.5333333333333333,0.7,0.5834821428571428,0.5,0.7142857142857143,0.5882352941176471,0.5446428571428572,0.23524832725524902
"1,0,1,0,0,0,0,1,1,1,1,0,1,1,1,1,1,1,1,1,0",0.5666666666666667,0.6,0.5819196428571429,0.5263157894736842,0.7142857142857143,0.6060606060606061,0.5758928571428572,0.20227646827697754
"1,0,1,0,1,1,1,0,0,1,0,1,0,0,1,1,1,1,1,0,0",0.5666666666666667,0.6,0.5819196428571429,0.5263157894736842,0.7142857142857143,0.6060606060606061,0.5758928571428572,0.18883562088012695
"0,1,0,1,0,1,0,1,0,1,1,0,0,1,1,0,0,0,0,0,1",0.6,0.6,0.5819196428571428,0.75,0.21428571428571427,0.3333333333333333,0.5758928571428571,0.1699206829071045
"0,1,1,1,0,0,0,1,1,1,0,0,0,0,0,1,0,1,0,0,0",0.6,0.6,0.5819196428571428,0.75,0.21428571428571427,0.3333333333333333,0.5758928571428571,0.16956043243408203
"1,1,1,0,1,0,0,0,1,1,1,1,0,0,1,0,0,0,1,1,1",0.6333333333333333,0.5,0.5803571428571428,1.0,0.21428571428571427,0.35294117647058826,0.6071428571428571,0.20412158966064453
"0,1,0,1,1,1,0,1,0,0,0,1,0,1,1,0,0,1,1,1,1",0.6333333333333333,0.5,0.5803571428571428,1.0,0.21428571428571427,0.35294117647058826,0.6071428571428571,0.2180790901184082
"1,0,1,1,0,1,0,1,1,1,0,1,1,1,1,0,0,1,0,0,1",0.6333333333333333,0.5,0.5803571428571428,1.0,0.21428571428571427,0.35294117647058826,0.6071428571428571,0.18326616287231445
"0,1,1,0,0,1,1,1,0,1,0,0,1,1,1,0,0,1,0,0,1",0.5666666666666667,0.7,0.5801339285714285,0.6666666666666666,0.14285714285714285,0.23529411764705882,0.5401785714285714,0.20089459419250488
"0,0,1,1,1,1,0,1,0,0,1,0,1,0,0,1,0,0,0,1,1",0.5666666666666667,0.7,0.5801339285714285,0.6666666666666666,0.14285714285714285,0.23529411764705882,0.5401785714285714,0.2096855640411377
"1,0,0,0,0,1,0,0,1,1,0,0,0,1,1,1,0,0,1,1,1",0.5333333333333333,0.7,0.5801339285714285,0.5,0.6428571428571429,0.5625,0.5401785714285714,0.23954415321350098
"1,1,0,1,1,0,0,1,1,0,0,0,0,1,0,1,0,0,1,0,1",0.5666666666666667,0.6,0.5785714285714285,0.5294117647058824,0.6428571428571429,0.5806451612903226,0.5714285714285714,0.19092226028442383
"1,0,1,0,1,1,1,1,1,0,1,1,0,1,0,1,1,1,0,1,0",0.5666666666666667,0.6,0.5785714285714285,0.5294117647058824,0.6428571428571429,0.5806451612903226,0.5714285714285714,0.17865681648254395
"0,1,0,1,1,1,1,1,0,0,1,0,0,0,1,0,0,1,1,0,0",0.5666666666666667,0.6,0.5785714285714285,0.5294117647058824,0.6428571428571429,0.5806451612903226,0.5714285714285714,0.20383000373840332
"0,0,0,0,1,0,0,1,0,0,1,1,0,0,0,0,1,0,1,1,1",0.5666666666666667,0.6,0.5785714285714285,0.5294117647058824,0.6428571428571429,0.5806451612903226,0.5714285714285714,0.2307424545288086
"1,0,1,0,1,0,0,0,1,1,1,0,1,0,1,1,0,0,0,1,0",0.6,0.6,0.5785714285714285,1.0,0.14285714285714285,0.25,0.5714285714285714,0.21132278442382812
"0,1,1,0,1,0,1,1,1,0,1,1,1,1,0,0,1,0,0,1,1",0.5666666666666667,0.6,0.5785714285714285,0.5294117647058824,0.6428571428571429,0.5806451612903226,0.5714285714285714,0.21835088729858398
"0,1,1,0,0,0,1,1,0,1,0,1,1,0,1,0,1,0,0,0,1",0.5333333333333333,0.8,0.5783482142857144,0.5,0.07142857142857142,0.125,0.5044642857142857,0.18205046653747559
"1,0,0,1,0,1,0,0,0,1,0,1,1,0,1,0,0,0,0,0,1",0.5333333333333333,0.7,0.5767857142857142,0.5,0.5714285714285714,0.5333333333333333,0.5357142857142857,0.19233369827270508
"1,1,1,1,0,0,0,1,1,0,0,0,0,0,1,0,0,1,0,0,0",0.5333333333333333,0.7,0.5767857142857142,0.5,0.5714285714285714,0.5333333333333333,0.5357142857142857,0.20910024642944336
"1,1,0,0,0,1,1,0,0,1,0,0,1,0,0,0,0,0,1,1,0",0.5333333333333333,0.7,0.5767857142857142,0.5,0.5714285714285714,0.5333333333333333,0.5357142857142857,0.1835014820098877
"0,1,1,0,1,0,0,0,0,0,0,0,1,1,0,1,0,1,0,0,1",0.5333333333333333,0.7,0.5767857142857142,0.5,0.5714285714285714,0.5333333333333333,0.5357142857142857,0.17023515701293945
"1,1,0,0,1,0,1,1,1,0,0,1,0,1,0,0,1,0,0,1,1",0.5333333333333333,0.7,0.5767857142857142,0.5,0.5714285714285714,0.5333333333333333,0.5357142857142857,0.2188475131988525
"1,1,0,0,0,0,1,0,0,1,1,0,1,1,1,1,0,0,0,1,1",0.5333333333333333,0.7,0.5767857142857142,0.5,0.5714285714285714,0.5333333333333333,0.5357142857142857,0.2053685188293457
"1,1,0,0,0,1,0,1,1,0,0,0,0,0,1,0,0,1,0,0,0",0.5333333333333333,0.7,0.5767857142857142,0.5,0.5714285714285714,0.5333333333333333,0.5357142857142857,0.1673433780670166
"0,0,0,1,1,1,0,1,1,0,0,0,1,0,0,1,1,0,0,1,0",0.5666666666666667,0.6,0.5752232142857143,0.5333333333333333,0.5714285714285714,0.5517241379310345,0.5669642857142857,0.22609853744506836
"0,1,0,0,0,1,1,1,1,1,0,0,0,1,0,0,1,0,1,0,1",0.5,0.8,0.575,0.4666666666666667,0.5,0.4827586206896552,0.5,0.22314715385437012
"1,1,1,0,0,0,1,1,0,0,1,1,1,0,1,0,0,1,1,1,0",0.5,0.8,0.575,0.4666666666666667,0.5,0.4827586206896552,0.5,0.2046823501586914
"0,1,0,0,0,1,1,1,1,0,0,0,0,1,1,0,1,0,0,1,1",0.5,0.8,0.575,0.4666666666666667,0.5,0.4827586206896552,0.5,0.18587470054626465
"0,0,1,0,0,0,0,0,1,1,0,1,1,1,0,0,1,0,0,1,0",0.5,0.8,0.575,0.4666666666666667,0.5,0.4827586206896552,0.5,0.1752002239227295
"1,1,1,1,0,1,0,1,1,1,1,0,0,1,1,1,1,1,1,1,1",0.4666666666666667,0.8,0.575,0.4666666666666667,1.0,0.6363636363636364,0.5,0.20714473724365234
"0,0,0,1,1,1,0,0,0,1,0,0,1,0,1,1,1,1,1,0,1",0.6,0.5,0.5736607142857143,0.5714285714285714,0.5714285714285714,0.5714285714285714,0.5982142857142857,0.2024378776550293
"0,0,0,0,1,0,0,1,1,1,0,1,0,0,0,1,0,1,1,1,0",0.5,0.7,0.5734375,0.4827586206896552,1.0,0.6511627906976745,0.53125,0.19570016860961914
"0,0,0,0,1,1,0,1,0,1,0,1,1,0,1,0,0,0,0,1,0",0.5,0.7,0.5734375,0.4827586206896552,1.0,0.6511627906976745,0.53125,0.15184903144836426
"0,0,0,1,0,1,1,0,1,1,1,0,1,1,0,0,1,1,1,1,0",0.5333333333333333,0.7,0.5734375,0.5,0.5,0.5,0.53125,0.18829774856567383
"1,0,0,0,1,1,0,1,0,1,1,1,0,1,1,1,1,0,0,1,0",0.5,0.7,0.5734375,0.4827586206896552,1.0,0.6511627906976745,0.53125,0.18720746040344238
"1,1,0,0,0,1,1,0,0,1,1,0,1,1,1,1,0,0,1,1,1",0.5,0.7,0.5734375,0.4827586206896552,1.0,0.6511627906976745,0.53125,0.1990184783935547
"1,1,0,0,0,1,1,0,0,1,1,0,1,1,1,1,0,0,1,1,0",0.5,0.7,0.5734375,0.4827586206896552,1.0,0.6511627906976745,0.53125,0.1999340057373047
"0,1,0,1,1,1,1,1,1,1,1,1,0,0,1,0,0,1,1,0,1",0.5333333333333333,0.7,0.5734375,0.5,0.5,0.5,0.53125,0.20353007316589355
"0,0,1,1,0,1,0,1,1,1,0,1,1,1,1,0,0,1,0,1,1",0.4666666666666667,0.9,0.5732142857142857,0.42857142857142855,0.42857142857142855,0.42857142857142855,0.4642857142857143,0.20920181274414062
"1,0,0,0,0,1,1,0,0,1,1,1,0,0,0,0,1,1,0,0,1",0.5666666666666667,0.6,0.571875,0.5384615384615384,0.5,0.5185185185185185,0.5625,0.1929175853729248
"0,0,0,0,1,0,1,1,0,0,0,1,1,1,1,0,1,0,0,1,0",0.5333333333333333,0.6,0.571875,0.5,1.0,0.6666666666666666,0.5625,0.16353964805603027
"0,0,0,0,1,0,1,1,1,0,0,1,1,1,1,0,1,0,1,1,0",0.5333333333333333,0.6,0.571875,0.5,1.0,0.6666666666666666,0.5625,0.17073774337768555
"1,1,0,1,1,0,0,0,0,1,1,0,1,1,1,1,0,0,0,1,1",0.5666666666666667,0.6,0.571875,0.5384615384615384,0.5,0.5185185185185185,0.5625,0.23581981658935547
"0,1,0,1,0,1,1,0,0,1,1,0,0,0,0,0,1,1,1,1,0",0.5666666666666667,0.6,0.571875,0.5384615384615384,0.5,0.5185185185185185,0.5625,0.19132399559020996
"1,1,0,1,0,0,0,1,0,1,0,0,1,0,0,1,1,0,0,0,1",0.5666666666666667,0.6,0.571875,0.5384615384615384,0.5,0.5185185185185185,0.5625,0.1936178207397461
"0,1,1,0,0,0,1,0,0,0,1,1,0,1,0,0,1,1,0,0,1",0.5666666666666667,0.6,0.571875,0.5384615384615384,0.5,0.5185185185185185,0.5625,0.19192147254943848
"1,1,0,0,0,0,1,0,0,1,1,0,0,0,1,1,1,0,0,1,1",0.5,0.8,0.5716517857142858,0.46153846153846156,0.42857142857142855,0.4444444444444444,0.4955357142857143,0.21216821670532227
"0,0,0,0,1,0,1,1,0,1,0,0,1,1,1,1,0,0,0,1,1",0.4666666666666667,0.8,0.5716517857142858,0.4642857142857143,0.9285714285714286,0.6190476190476191,0.4955357142857143,0.22647380828857422
"0,0,1,1,0,1,0,1,1,1,0,1,1,1,0,1,1,0,1,1,1",0.5,0.8,0.5716517857142858,0.46153846153846156,0.42857142857142855,0.4444444444444444,0.4955357142857143,0.22513222694396973
"0,1,0,0,1,0,1,1,1,0,0,1,0,1,0,0,1,0,0,1,1",0.43333333333333335,1.0,0.5714285714285714,0.38461538461538464,0.35714285714285715,0.37037037037037035,0.4285714285714286,0.22164106369018555
"1,0,0,0,1,0,0,1,0,1,0,1,0,0,1,0,1,0,0,1,1",0.43333333333333335,1.0,0.5714285714285714,0.38461538461538464,0.35714285714285715,0.37037037037037035,0.4285714285714286,0.2083745002746582
"0,1,0,1,1,1,0,1,1,1,0,0,0,0,1,1,1,0,1,1,0",0.6,0.5,0.5703125,0.5833333333333334,0.5,0.5384615384615384,0.59375,0.20723748207092285
"1,1,1,0,1,1,0,1,1,1,0,1,1,0,1,1,0,0,1,1,0",0.5666666666666667,0.5,0.5703125,0.5185185185185185,1.0,0.6829268292682927,0.59375,0.19580388069152832
"0,0,1,0,1,1,0,1,0,1,0,0,0,0,1,0,0,0,1,1,1",0.5333333333333333,0.7,0.5700892857142856,0.5,0.42857142857142855,0.46153846153846156,0.5267857142857143,0.22743439674377441
"0,0,1,0,0,1,0,0,0,0,1,0,1,0,0,0,1,0,0,1,0",0.5333333333333333,0.7,0.5700892857142856,0.5,0.42857142857142855,0.46153846153846156,0.5267857142857143,0.19344139099121094
"1,1,1,1,0,0,0,1,0,0,0,0,0,1,0,1,1,0,0,0,1",0.5333333333333333,0.7,0.5700892857142856,0.5,0.42857142857142855,0.46153846153846156,0.5267857142857143,0.21262168884277344
"1,0,0,0,1,1,1,1,1,0,0,1,0,0,0,1,0,0,1,1,0",0.5333333333333333,0.6,0.5685267857142857,0.5,0.9285714285714286,0.65,0.5580357142857143,0.18172740936279297
"0,1,1,1,1,0,0,1,1,0,0,0,0,1,0,1,0,1,0,0,1",0.5666666666666667,0.6,0.5685267857142857,0.5454545454545454,0.42857142857142855,0.48,0.5580357142857143,0.19413042068481445
"0,0,0,1,0,1,1,0,0,1,1,1,1,0,0,0,0,0,1,1,0",0.5666666666666667,0.6,0.5685267857142857,0.5454545454545454,0.42857142857142855,0.48,0.5580357142857143,0.18341660499572754
"0,0,0,1,0,0,0,1,1,0,1,0,0,1,1,0,0,1,0,1,0",0.5666666666666667,0.6,0.5685267857142857,0.5454545454545454,0.42857142857142855,0.48,0.5580357142857143,0.18521428108215332
"1,0,0,0,1,0,1,0,0,1,0,0,0,0,0,1,1,0,1,1,1",0.5,0.8,0.5683035714285715,0.45454545454545453,0.35714285714285715,0.4,0.4910714285714286,0.20656180381774902
"1,0,0,1,0,0,1,0,0,1,0,0,0,1,1,1,0,1,1,0,1",0.5,0.8,0.5683035714285715,0.45454545454545453,0.35714285714285715,0.4,0.4910714285714286,0.2049112319946289
"0,1,1,1,0,0,1,0,1,0,1,0,1,1,0,1,0,0,0,1,1",0.4666666666666667,0.8,0.5683035714285714,0.46153846153846156,0.8571428571428571,0.6,0.49107142857142855,0.23973917961120605
"0,1,0,1,0,0,0,1,1,0,0,1,0,0,0,1,0,0,1,1,0",0.4666666666666667,0.8,0.5683035714285714,0.46153846153846156,0.8571428571428571,0.6,0.49107142857142855,0.20282220840454102
"0,0,0,0,1,0,1,1,0,1,0,0,1,1,0,1,0,1,0,0,0",0.4666666666666667,0.8,0.5683035714285714,0.46153846153846156,0.8571428571428571,0.6,0.49107142857142855,0.157151460647583
"0,1,0,0,0,1,1,0,0,1,0,0,1,0,0,1,1,0,0,1,1",0.5666666666666667,0.5,0.5669642857142857,0.52,0.9285714285714286,0.6666666666666666,0.5892857142857143,0.20574355125427246
"0,0,0,1,1,0,0,0,1,1,0,1,1,1,1,0,1,0,0,0,1",0.5666666666666667,0.5,0.5669642857142857,0.52,0.9285714285714286,0.6666666666666666,0.5892857142857143,0.20683526992797852
"0,1,1,1,0,1,0,1,0,1,1,0,0,1,0,0,1,1,0,1,1",0.5333333333333333,0.7,0.5667410714285714,0.5,0.35714285714285715,0.4166666666666667,0.5223214285714286,0.20512914657592773
"1,0,0,1,0,0,1,0,0,1,0,0,1,0,0,1,0,1,1,1,0",0.43333333333333335,0.9,0.5665178571428572,0.44,0.7857142857142857,0.5641025641025641,0.45535714285714285,0.22574090957641602
"0,0,0,0,0,0,0,0,1,0,0,1,0,0,1,0,1,1,0,0,1",0.4666666666666667,0.9,0.5665178571428572,0.4,0.2857142857142857,0.3333333333333333,0.45535714285714285,0.16817426681518555
"0,0,1,1,1,0,0,0,1,0,1,0,1,0,1,1,0,0,1,0,0",0.4666666666666667,0.9,0.5665178571428572,0.4,0.2857142857142857,0.3333333333333333,0.45535714285714285,0.15210533142089844
"1,0,0,1,0,0,1,0,0,1,0,0,1,1,0,1,0,1,1,1,0",0.43333333333333335,0.9,0.5665178571428572,0.44,0.7857142857142857,0.5641025641025641,0.45535714285714285,0.20771527290344238
"0,1,0,1,1,0,1,1,1,0,1,1,0,0,1,1,1,1,0,1,1",0.4666666666666667,0.9,0.5665178571428572,0.4,0.2857142857142857,0.3333333333333333,0.45535714285714285,0.20673203468322754
"1,0,1,1,1,1,1,0,1,0,1,0,0,0,0,0,0,0,1,0,1",0.43333333333333335,0.9,0.5665178571428572,0.44,0.7857142857142857,0.5641025641025641,0.45535714285714285,0.19672632217407227
"0,1,0,0,0,0,1,0,0,0,0,0,0,1,1,1,0,0,1,0,1",0.5666666666666667,0.6,0.5651785714285714,0.5555555555555556,0.35714285714285715,0.43478260869565216,0.5535714285714286,0.20926713943481445
"1,0,1,1,0,1,0,0,1,0,1,1,1,0,1,1,0,1,1,1,0",0.5666666666666667,0.6,0.5651785714285714,0.5555555555555556,0.35714285714285715,0.43478260869565216,0.5535714285714286,0.18892574310302734
"0,1,0,0,0,1,1,1,1,1,0,0,1,0,0,0,1,1,1,1,0",0.5333333333333333,0.6,0.5651785714285714,0.5,0.8571428571428571,0.631578947368421,0.5535714285714286,0.20820975303649902
"1,0,1,1,0,0,1,1,1,1,1,1,1,0,1,1,1,1,0,0,0",0.5666666666666667,0.6,0.5651785714285714,0.5555555555555556,0.35714285714285715,0.43478260869565216,0.5535714285714286,0.18024969100952148
"1,1,1,0,1,0,0,1,0,1,0,0,1,0,0,1,1,0,1,1,1",0.4666666666666667,0.8,0.5649553571428572,0.4583333333333333,0.7857142857142857,0.5789473684210527,0.48660714285714285,0.2069237232208252
"1,1,0,0,0,1,0,1,0,1,1,1,0,0,0,0,0,0,0,1,1",0.4666666666666667,0.8,0.5649553571428572,0.4583333333333333,0.7857142857142857,0.5789473684210527,0.48660714285714285,0.1962296962738037
"1,0,1,0,0,0,0,0,0,1,0,0,0,1,0,0,0,1,1,1,0",0.5,0.8,0.5649553571428572,0.4444444444444444,0.2857142857142857,0.34782608695652173,0.48660714285714285,0.16852617263793945
"0,0,0,1,1,0,0,1,1,1,0,1,0,0,1,1,1,0,0,1,0",0.5,0.8,0.5649553571428572,0.4444444444444444,0.2857142857142857,0.34782608695652173,0.48660714285714285,0.20112371444702148
"0,1,0,0,1,1,0,0,0,1,1,0,1,0,1,1,0,0,0,1,0",0.6,0.5,0.5636160714285714,0.625,0.35714285714285715,0.45454545454545453,0.5848214285714286,0.1838986873626709
"1,0,1,0,0,1,1,1,0,1,0,1,1,0,0,0,0,0,0,1,1",0.6,0.5,0.5636160714285714,0.625,0.35714285714285715,0.45454545454545453,0.5848214285714286,0.19039368629455566
"0,0,0,0,0,1,1,1,1,1,0,1,0,0,1,0,1,0,0,0,1",0.5333333333333333,0.7,0.563392857142857,0.5,0.2857142857142857,0.36363636363636365,0.5178571428571428,0.20560097694396973
"0,0,0,1,1,1,1,1,0,1,0,0,1,0,1,0,0,0,1,0,1",0.5333333333333333,0.7,0.563392857142857,0.5,0.2857142857142857,0.36363636363636365,0.5178571428571428,0.2025911808013916
"1,1,1,0,1,0,0,0,1,0,0,1,0,0,0,1,1,1,0,1,1",0.5,0.7,0.563392857142857,0.4782608695652174,0.7857142857142857,0.5945945945945946,0.5178571428571428,0.20202875137329102
"0,1,0,1,1,0,0,0,0,1,1,0,1,1,1,1,0,0,0,1,1",0.5,0.7,0.563392857142857,0.4782608695652174,0.7857142857142857,0.5945945945945946,0.5178571428571428,0.2425465583801269
"0,1,1,1,0,0,1,1,0,1,1,1,0,0,0,0,1,0,0,1,1",0.5,0.7,0.563392857142857,0.4782608695652174,0.7857142857142857,0.5945945945945946,0.5178571428571428,0.23053693771362305
"0,0,0,0,0,0,0,0,1,1,0,0,1,0,0,1,1,0,0,0,1",0.43333333333333335,0.9,0.5631696428571429,0.43478260869565216,0.7142857142857143,0.5405405405405406,0.45089285714285715,0.1648406982421875
"0,0,0,0,0,0,1,0,0,1,0,0,1,0,0,1,1,0,0,0,1",0.43333333333333335,0.9,0.5631696428571429,0.43478260869565216,0.7142857142857143,0.5405405405405406,0.45089285714285715,0.16302800178527832
"1,1,0,0,0,1,1,1,1,0,0,1,0,0,0,1,0,0,1,1,0",0.5333333333333333,0.6,0.5618303571428571,0.5,0.7857142857142857,0.6111111111111112,0.5491071428571428,0.17182254791259766
"1,0,0,0,1,0,1,0,0,0,1,0,1,0,0,0,0,0,0,0,1",0.5333333333333333,0.6,0.5618303571428571,0.5,0.7857142857142857,0.6111111111111112,0.5491071428571428,0.1793513298034668
"1,0,0,1,0,0,1,0,0,1,0,0,1,0,0,1,1,0,1,1,0",0.5666666666666667,0.6,0.5618303571428571,0.5714285714285714,0.2857142857142857,0.38095238095238093,0.5491071428571428,0.19988083839416504
"0,1,0,0,0,1,0,0,1,1,1,0,1,1,0,1,1,1,1,1,0",0.5333333333333333,0.6,0.5618303571428571,0.5,0.7857142857142857,0.6111111111111112,0.5491071428571428,0.22405529022216797
"1,0,0,1,0,0,1,1,0,0,0,1,1,0,1,1,1,1,0,1,1",0.4666666666666667,0.8,0.5616071428571429,0.45454545454545453,0.7142857142857143,0.5555555555555556,0.48214285714285715,0.18974089622497559
"1,1,0,0,0,0,0,1,0,1,0,1,1,1,1,1,1,0,1,0,0",0.5666666666666667,0.5,0.5602678571428571,0.5238095238095238,0.7857142857142857,0.6285714285714286,0.5803571428571428,0.1614816188812255
"1,1,1,1,1,0,0,1,0,0,0,1,0,0,1,1,0,0,0,0,0",0.5666666666666667,0.5,0.5602678571428571,0.5238095238095238,0.7857142857142857,0.6285714285714286,0.5803571428571428,0.14241290092468262
"0,1,1,0,0,0,1,1,1,0,0,1,1,1,0,1,0,1,0,1,0",0.6,0.5,0.5602678571428571,0.6666666666666666,0.2857142857142857,0.4,0.5803571428571428,0.2122483253479004
"0,1,1,0,1,0,0,0,0,0,0,0,1,1,0,1,0,0,0,1,1",0.6,0.5,0.5602678571428571,0.6666666666666666,0.2857142857142857,0.4,0.5803571428571428,0.19104409217834473
"1,0,1,0,0,0,0,1,0,0,0,1,1,1,1,1,0,0,0,1,0",0.6,0.5,0.5602678571428571,0.6666666666666666,0.2857142857142857,0.4,0.5803571428571428,0.19257330894470215
"0,0,0,0,0,1,0,1,1,0,0,0,0,1,1,1,1,0,0,1,0",0.5666666666666667,0.5,0.5602678571428571,0.5238095238095238,0.7857142857142857,0.6285714285714286,0.5803571428571428,0.22359991073608398
"1,1,1,0,0,1,1,1,0,1,0,1,0,1,0,1,1,1,1,1,1",0.5333333333333333,0.7,0.5600446428571428,0.5,0.21428571428571427,0.3,0.5133928571428571,0.20427799224853516
"0,1,1,1,1,1,1,1,1,1,1,0,1,0,0,0,1,1,1,1,0",0.5,0.7,0.5600446428571428,0.47619047619047616,0.7142857142857143,0.5714285714285714,0.5133928571428572,0.19459915161132812
"0,1,0,0,0,0,0,1,0,1,1,0,0,1,0,0,0,0,0,1,1",0.5333333333333333,0.7,0.5600446428571428,0.5,0.21428571428571427,0.3,0.5133928571428571,0.18119573593139648
"1,0,0,0,1,1,1,1,0,0,1,0,0,0,1,1,1,1,1,0,0",0.5,0.7,0.5600446428571428,0.47619047619047616,0.7142857142857143,0.5714285714285714,0.5133928571428572,0.19221234321594238
"0,0,1,1,0,0,1,0,1,0,0,1,1,1,0,0,1,1,0,1,1",0.5333333333333333,0.6,0.5584821428571429,0.5,0.7142857142857143,0.5882352941176471,0.5446428571428572,0.22943973541259766
"1,0,0,0,1,1,1,0,0,1,0,0,1,0,0,1,0,0,0,1,1",0.5333333333333333,0.6,0.5584821428571429,0.5,0.7142857142857143,0.5882352941176471,0.5446428571428572,0.19997644424438477
"1,0,0,1,1,0,0,0,1,1,0,1,1,1,1,0,1,0,0,1,0",0.5333333333333333,0.6,0.5584821428571429,0.5,0.7142857142857143,0.5882352941176471,0.5446428571428572,0.2062513828277588
"0,0,1,0,0,0,1,1,1,0,0,1,1,1,0,0,0,0,0,1,1",0.5333333333333333,0.6,0.5584821428571429,0.5,0.7142857142857143,0.5882352941176471,0.5446428571428572,0.17489838600158691
"0,1,0,0,0,0,1,0,0,0,1,1,1,1,1,0,0,0,1,0,0",0.5666666666666667,0.6,0.5584821428571428,0.6,0.21428571428571427,0.3157894736842105,0.5446428571428571,0.2123706340789795
"0,1,1,1,1,0,0,1,1,0,0,0,1,1,1,1,1,0,0,0,1",0.5666666666666667,0.6,0.5584821428571428,0.6,0.21428571428571427,0.3157894736842105,0.5446428571428571,0.1971900463104248
"0,0,0,0,0,0,0,0,0,1,0,0,1,0,0,1,1,0,0,0,1",0.5666666666666667,0.6,0.5584821428571428,0.6,0.21428571428571427,0.3157894736842105,0.5446428571428571,0.16456937789916992
"0,0,0,1,1,1,1,1,0,0,0,1,1,0,0,1,1,1,0,1,0",0.4666666666666667,0.8,0.5582589285714286,0.45,0.6428571428571429,0.5294117647058824,0.47767857142857145,0.2107541561126709
"0,0,1,0,1,1,0,0,0,0,1,1,0,1,0,1,0,0,1,1,0",0.4666666666666667,0.8,0.5582589285714286,0.45,0.6428571428571429,0.5294117647058824,0.4776785714285714,0.20463228225708
"0,1,0,0,0,0,0,0,0,1,1,1,1,1,1,1,1,1,1,1,1",0.4666666666666667,0.8,0.5582589285714286,0.45,0.6428571428571429,0.5294117647058824,0.47767857142857145,0.19185590744018555
"1,0,1,1,1,0,0,1,0,1,0,0,1,1,1,1,1,0,0,1,1",0.4666666666666667,0.8,0.5582589285714286,0.45,0.6428571428571429,0.5294117647058824,0.47767857142857145,0.20913171768188477
"0,0,0,1,0,1,0,0,0,0,0,0,1,0,0,0,1,0,0,0,1",0.5666666666666667,0.5,0.5569196428571429,0.5263157894736842,0.7142857142857143,0.6060606060606061,0.5758928571428572,0.18026518821716309
"1,1,0,1,0,1,0,1,0,0,1,0,1,1,0,0,1,0,0,1,0",0.6,0.5,0.5569196428571428,0.75,0.21428571428571427,0.3333333333333333,0.5758928571428571,0.18216896057128906
"1,1,1,0,1,0,1,0,1,1,0,0,1,1,1,1,1,1,1,0,1",0.6,0.5,0.5569196428571428,0.75,0.21428571428571427,0.3333333333333333,0.5758928571428571,0.20383048057556152
"0,1,1,1,0,1,0,1,1,0,0,1,0,0,0,1,0,0,1,1,0",0.6,0.5,0.5569196428571428,0.75,0.21428571428571427,0.3333333333333333,0.5758928571428571,0.19952154159545898
"0,1,1,1,0,1,0,1,1,1,1,0,0,1,0,1,0,1,1,1,1",0.5333333333333333,0.7,0.5566964285714285,0.5,0.14285714285714285,0.2222222222222222,0.5089285714285714,0.2087869644165039
"0,0,0,0,1,0,1,0,1,0,0,1,0,1,1,1,0,1,0,1,1",0.5,0.7,0.5566964285714285,0.47368421052631576,0.6428571428571429,0.5454545454545454,0.5089285714285714,0.19094562530517578
"1,0,0,0,1,1,0,1,1,0,1,0,1,1,1,1,1,1,1,1,1",0.5,0.7,0.5566964285714285,0.47368421052631576,0.6428571428571429,0.5454545454545454,0.5089285714285714,0.20555377006530762
"1,1,1,1,0,0,0,0,1,1,0,0,0,1,0,0,0,1,0,1,0",0.6,0.4,0.5553571428571429,0.5555555555555556,0.7142857142857143,0.625,0.6071428571428572,0.18198704719543457
"1,0,1,0,0,1,0,0,0,1,0,1,0,0,1,1,1,0,0,0,1",0.5666666666666667,0.6,0.5551339285714285,0.6666666666666666,0.14285714285714285,0.23529411764705882,0.5401785714285714,0.21906733512878418
"0,1,0,0,1,1,1,1,1,0,0,1,1,0,1,0,0,0,0,0,0",0.5666666666666667,0.6,0.5551339285714285,0.6666666666666666,0.14285714285714285,0.23529411764705882,0.5401785714285714,0.16863608360290527
"1,0,0,1,0,0,1,0,0,1,0,0,0,0,0,1,0,0,1,1,1",0.5666666666666667,0.6,0.5551339285714285,0.6666666666666666,0.14285714285714285,0.23529411764705882,0.5401785714285714,0.207139253616333
"1,1,0,0,1,0,0,0,0,0,0,0,0,0,1,1,1,1,0,1,0",0.5666666666666667,0.6,0.5551339285714285,0.6666666666666666,0.14285714285714285,0.23529411764705882,0.5401785714285714,0.1860508918762207
"0,1,0,0,1,1,1,0,1,0,0,0,1,0,1,1,1,0,1,0,0",0.5666666666666667,0.6,0.5551339285714285,0.6666666666666666,0.14285714285714285,0.23529411764705882,0.5401785714285714,0.16048645973205566
"0,1,1,0,1,1,1,1,0,0,0,1,0,0,0,0,0,1,0,1,1",0.5666666666666667,0.6,0.5551339285714285,0.6666666666666666,0.14285714285714285,0.23529411764705882,0.5401785714285714,0.22588467597961426
"0,1,1,0,1,0,1,0,0,1,1,0,1,1,1,1,0,0,0,1,1",0.4666666666666667,0.8,0.5549107142857144,0.4444444444444444,0.5714285714285714,0.5,0.4732142857142857,0.22799324989318848
"0,1,0,0,1,0,1,0,0,1,0,1,0,0,0,0,1,0,0,1,1",0.4,1.0,0.5546875,0.3888888888888889,0.5,0.4375,0.40625,0.20660161972045898
"0,0,0,0,0,0,1,1,1,0,1,0,1,0,1,1,1,1,1,0,0",0.6,0.5,0.5535714285714286,1.0,0.14285714285714285,0.25,0.5714285714285714,0.15711212158203125
"0,1,0,1,1,1,0,0,0,1,0,0,1,0,0,1,0,1,1,1,0",0.6,0.5,0.5535714285714286,1.0,0.14285714285714285,0.25,0.5714285714285714,0.1844635009765625
"1,1,1,0,0,1,0,0,0,0,0,1,0,0,0,0,1,0,0,1,0",0.6,0.5,0.5535714285714286,1.0,0.14285714285714285,0.25,0.5714285714285714,0.17786026000976562
"1,1,0,0,1,1,0,0,0,0,0,0,1,1,0,0,1,1,1,0,0",0.6,0.5,0.5535714285714286,1.0,0.14285714285714285,0.25,0.5714285714285714,0.17506980895996094
"1,0,0,1,1,1,0,1,0,0,1,1,1,0,0,1,0,0,1,1,1",0.6,0.5,0.5535714285714286,1.0,0.14285714285714285,0.25,0.5714285714285714,0.24382877349853516
"0,0,1,1,1,1,1,0,0,1,0,0,0,0,0,1,0,0,0,0,1",0.6,0.5,0.5535714285714286,1.0,0.14285714285714285,0.25,0.5714285714285714,0.19146180152893066
"0,0,1,1,1,1,0,0,1,1,0,0,0,0,1,0,1,0,1,0,0",0.6,0.5,0.5535714285714286,1.0,0.14285714285714285,0.25,0.5714285714285714,0.17212700843811035
"1,0,0,1,1,0,0,0,0,1,0,0,1,0,0,1,1,0,0,1,1",0.5,0.7,0.5533482142857142,0.47058823529411764,0.5714285714285714,0.5161290322580645,0.5044642857142857,0.2158346176147461
"1,0,1,1,1,0,0,0,0,1,0,1,1,1,0,0,1,1,1,1,0",0.5,0.7,0.5533482142857142,0.47058823529411764,0.5714285714285714,0.5161290322580645,0.5044642857142857,0.17197513580322266
"1,1,1,1,0,0,1,0,0,0,1,0,0,1,1,0,0,0,0,0,1",0.5,0.7,0.5533482142857142,0.47058823529411764,0.5714285714285714,0.5161290322580645,0.5044642857142857,0.19727802276611328
"0,0,1,1,0,1,1,1,0,0,0,0,1,0,0,1,1,1,0,1,0",0.5333333333333333,0.7,0.5533482142857142,0.5,0.07142857142857142,0.125,0.5044642857142857,0.18519902229309082
"0,1,0,0,0,0,1,0,0,0,1,0,1,0,0,0,0,1,0,1,1",0.5666666666666667,0.6,0.5517857142857143,1.0,0.07142857142857142,0.13333333333333333,0.5357142857142857,0.21327924728393555
"0,0,0,1,1,0,1,1,1,0,0,1,0,0,1,0,0,0,1,1,1",0.5666666666666667,0.6,0.5517857142857143,1.0,0.07142857142857142,0.13333333333333333,0.5357142857142857,0.1975710391998291
"0,0,0,0,1,1,0,0,1,1,1,0,0,0,0,1,1,0,0,1,0",0.5333333333333333,0.6,0.5517857142857143,0.5,0.5714285714285714,0.5333333333333333,0.5357142857142857,0.16654562950134277
"1,0,0,0,1,1,0,0,0,1,1,0,1,1,0,1,0,1,1,1,1",0.5333333333333333,0.6,0.5517857142857143,0.5,0.5714285714285714,0.5333333333333333,0.5357142857142857,0.19461750984191895
"0,1,0,1,0,1,0,0,0,1,0,0,0,1,1,0,1,0,0,1,1",0.4666666666666667,0.8,0.5515625,0.4375,0.5,0.4666666666666667,0.46875,0.20322346687316895
"1,1,0,0,0,0,0,1,0,0,1,1,0,0,0,1,0,1,1,1,0",0.5666666666666667,0.5,0.5502232142857143,0.5333333333333333,0.5714285714285714,0.5517241379310345,0.5669642857142857,0.1928386688232422
"1,1,0,1,0,1,1,0,1,0,0,1,0,1,1,1,0,1,1,0,1",0.5666666666666667,0.5,0.5502232142857143,0.5333333333333333,0.5714285714285714,0.5517241379310345,0.5669642857142857,0.18742918968200684
"0,1,0,0,0,0,0,1,1,0,0,1,0,1,0,0,1,1,0,1,0",0.5666666666666667,0.5,0.5502232142857143,0.5333333333333333,0.5714285714285714,0.5517241379310345,0.5669642857142857,0.1810462474822998
"0,1,0,0,1,0,0,1,1,0,0,0,0,0,0,1,1,1,0,1,0",0.5666666666666667,0.5,0.5502232142857143,0.5333333333333333,0.5714285714285714,0.5517241379310345,0.5669642857142857,0.1675879955291748
"1,1,0,0,1,0,0,1,0,0,1,1,0,0,1,0,0,1,1,1,0",0.5666666666666667,0.5,0.5502232142857143,0.5333333333333333,0.5714285714285714,0.5517241379310345,0.5669642857142857,0.20517325401306152
"0,1,0,1,0,1,1,1,1,1,0,0,0,0,0,1,1,1,1,1,0",0.5,0.7,0.55,0.4666666666666667,0.5,0.4827586206896552,0.5,0.1772782802581787
"1,0,0,1,1,0,0,0,1,1,0,1,1,1,1,0,1,0,0,1,1",0.5,0.7,0.55,0.4666666666666667,0.5,0.4827586206896552,0.5,0.24631071090698242
"1,0,0,0,1,1,1,1,1,0,0,1,0,0,0,1,1,1,1,0,1",0.5,0.7,0.55,0.4666666666666667,0.5,0.4827586206896552,0.5,0.23248815536499023
"1,0,1,0,0,1,0,1,1,1,0,1,1,0,1,1,1,0,1,1,0",0.5,0.7,0.55,0.4666666666666667,0.5,0.4827586206896552,0.5,0.20006871223449707
"0,1,1,1,0,1,0,1,1,1,1,0,0,1,1,1,0,1,0,0,0",0.5,0.7,0.55,0.4666666666666667,0.5,0.4827586206896552,0.5,0.1943058967590332
"0,1,1,1,0,1,0,1,1,1,1,0,0,1,1,1,1,1,1,0,0",0.5,0.7,0.55,0.4666666666666667,0.5,0.4827586206896552,0.5,0.1945340633392334
"0,0,1,0,1,0,0,1,0,0,1,1,0,0,0,0,0,0,1,1,1",0.5333333333333333,0.7,0.55,0.0,0.0,0.0,0.5,0.19372963905334473
"1,1,0,0,1,1,0,0,0,0,1,0,1,0,1,0,0,1,0,1,1",0.6,0.4,0.5486607142857143,0.5714285714285714,0.5714285714285714,0.5714285714285714,0.5982142857142857,0.18817996978759766
"1,0,0,0,0,1,0,1,1,0,1,0,0,0,0,0,0,0,1,0,1",0.5333333333333333,0.6,0.5484375,0.5,0.5,0.5,0.53125,0.16042065620422363
"1,0,1,1,1,0,1,1,1,1,0,0,1,0,0,1,1,0,1,1,0",0.5,0.6,0.5484375,0.4827586206896552,1.0,0.6511627906976745,0.53125,0.18379807472229004
"0,0,1,1,0,1,0,1,0,0,0,1,1,1,0,1,0,1,1,0,0",0.5333333333333333,0.6,0.5484375,0.5,0.5,0.5,0.53125,0.18404626846313477
"0,0,0,0,0,1,1,0,0,1,0,0,1,0,1,1,0,0,0,0,0",0.5333333333333333,0.6,0.5484375,0.5,0.5,0.5,0.53125,0.1728353500366211
"1,0,0,1,0,1,1,1,1,1,0,1,0,0,0,1,0,0,1,1,0",0.5,0.6,0.5484375,0.4827586206896552,1.0,0.6511627906976745,0.53125,0.20238733291625977
"0,0,0,0,0,1,1,1,0,1,0,0,1,0,1,1,0,0,0,0,0",0.5333333333333333,0.6,0.5484375,0.5,0.5,0.5,0.53125,0.16847944259643555
"1,0,0,1,0,1,0,1,0,1,1,1,0,0,1,1,0,0,0,1,1",0.5,0.6,0.5484375,0.4827586206896552,1.0,0.6511627906976745,0.53125,0.2091209888458252
"1,1,0,0,0,1,1,0,0,1,0,0,1,0,1,1,0,1,1,1,0",0.5,0.6,0.5484375,0.4827586206896552,1.0,0.6511627906976745,0.53125,0.1981673240661621
"0,1,0,0,0,0,0,0,0,1,1,1,1,1,0,1,0,1,1,1,1",0.5,0.6,0.5484375,0.4827586206896552,1.0,0.6511627906976745,0.53125,0.2277874946594238
"1,0,0,0,0,1,0,1,0,1,1,0,0,0,1,0,1,1,0,0,0",0.5,0.6,0.5484375,0.4827586206896552,1.0,0.6511627906976745,0.53125,0.17864537239074707
"1,0,1,1,0,0,0,1,0,1,0,0,1,0,0,0,0,0,1,1,0",0.4666666666666667,0.8,0.5482142857142858,0.42857142857142855,0.42857142857142855,0.42857142857142855,0.4642857142857143,0.1697385311126709
"1,1,1,1,0,0,1,1,0,1,0,0,0,0,0,0,0,0,0,0,1",0.4666666666666667,0.8,0.5482142857142858,0.42857142857142855,0.42857142857142855,0.42857142857142855,0.4642857142857143,0.16974997520446777
"1,1,0,0,1,0,1,1,1,0,0,1,0,1,0,0,1,0,0,1,0",0.4666666666666667,0.8,0.5482142857142858,0.42857142857142855,0.42857142857142855,0.42857142857142855,0.4642857142857143,0.18207550048828125
"0,1,0,1,0,0,1,1,1,0,0,1,0,0,0,1,1,0,1,1,1",0.5333333333333333,0.5,0.546875,0.5,1.0,0.6666666666666666,0.5625,0.1974964141845703
"0,0,1,0,0,1,0,0,1,1,0,0,0,0,0,0,1,1,1,0,1",0.5333333333333333,0.5,0.546875,0.5,1.0,0.6666666666666666,0.5625,0.1843721866607666
"1,0,0,0,0,1,1,1,1,0,0,1,0,0,0,0,0,0,0,1,0",0.5333333333333333,0.5,0.546875,0.5,1.0,0.6666666666666666,0.5625,0.15026521682739258
"0,0,1,1,1,1,1,0,1,0,1,0,0,0,0,0,0,1,1,0,1",0.5333333333333333,0.5,0.546875,0.5,1.0,0.6666666666666666,0.5625,0.18195891380310059
"0,0,0,0,0,1,0,0,1,0,0,0,1,0,0,1,1,1,0,1,1",0.5333333333333333,0.5,0.546875,0.5,1.0,0.6666666666666666,0.5625,0.23057079315185547
"1,1,1,1,1,0,1,0,0,1,0,1,0,0,0,1,0,1,1,0,1",0.5333333333333333,0.5,0.546875,0.5,1.0,0.6666666666666666,0.5625,0.19936776161193848
"0,1,1,1,0,1,1,0,1,1,0,0,1,1,0,0,0,0,1,0,1",0.5666666666666667,0.5,0.546875,0.5384615384615384,0.5,0.5185185185185185,0.5625,0.20804786682128906
"0,0,1,0,0,0,0,1,0,1,1,1,0,0,0,1,1,0,0,0,0",0.5333333333333333,0.5,0.546875,0.5,1.0,0.6666666666666666,0.5625,0.15128588676452637
"1,1,1,0,1,1,0,1,0,1,1,1,1,1,1,1,1,1,0,0,1",0.4666666666666667,0.7,0.5466517857142856,0.4642857142857143,0.9285714285714286,0.6190476190476191,0.4955357142857143,0.2279517650604248
"1,1,0,0,0,0,1,1,0,0,0,1,0,0,0,1,0,1,0,1,0",0.4666666666666667,0.7,0.5466517857142856,0.4642857142857143,0.9285714285714286,0.6190476190476191,0.4955357142857143,0.17632484436035156
"1,1,0,0,0,1,1,0,0,1,1,0,1,0,1,1,0,0,0,1,1",0.4666666666666667,0.7,0.5466517857142856,0.4642857142857143,0.9285714285714286,0.6190476190476191,0.4955357142857143,0.21295785903930664
"0,1,0,1,1,0,0,0,0,1,1,0,1,0,0,1,0,1,1,1,0",0.43333333333333335,0.9,0.5464285714285715,0.38461538461538464,0.35714285714285715,0.37037037037037035,0.4285714285714286,0.22565340995788574
"0,1,1,0,1,1,0,0,1,1,1,1,0,1,1,1,0,0,0,0,0",0.5333333333333333,0.6,0.5450892857142857,0.5,0.42857142857142855,0.46153846153846156,0.5267857142857143,0.1637861728668213
"0,1,1,1,0,1,0,1,1,1,1,0,0,1,1,0,1,0,0,0,0",0.5333333333333333,0.6,0.5450892857142857,0.5,0.42857142857142855,0.46153846153846156,0.5267857142857143,0.16849303245544434
"1,1,1,0,0,1,1,0,0,0,0,1,0,1,0,1,0,0,1,0,1",0.5,0.6,0.5450892857142857,0.48148148148148145,0.9285714285714286,0.6341463414634146,0.5267857142857143,0.2059612274169922
"0,1,0,1,1,1,1,1,0,0,0,0,0,1,1,1,1,1,0,1,0",0.5333333333333333,0.6,0.5450892857142857,0.5,0.42857142857142855,0.46153846153846156,0.5267857142857143,0.18337273597717285
"1,1,0,0,0,1,1,1,0,1,0,0,1,0,1,1,0,0,0,1,0",0.5,0.6,0.5450892857142857,0.48148148148148145,0.9285714285714286,0.6341463414634146,0.5267857142857143,0.1964111328125
"1,1,0,0,0,1,1,0,0,1,1,0,1,1,0,1,0,1,0,0,0",0.5,0.6,0.5450892857142857,0.48148148148148145,0.9285714285714286,0.6341463414634146,0.5267857142857143,0.1736443042755127
"0,1,1,1,0,1,0,1,1,1,1,0,0,1,1,1,0,0,1,0,0",0.5333333333333333,0.6,0.5450892857142857,0.5,0.42857142857142855,0.46153846153846156,0.5267857142857143,0.16291356086730957
"0,1,0,1,0,0,0,0,1,0,0,0,0,0,1,1,0,0,0,0,1",0.5666666666666667,0.5,0.5435267857142857,0.5454545454545454,0.42857142857142855,0.48,0.5580357142857143,0.16558623313903809
"1,0,0,0,1,0,0,1,0,0,1,1,0,0,1,1,0,0,0,1,1",0.5666666666666667,0.5,0.5435267857142857,0.5454545454545454,0.42857142857142855,0.48,0.5580357142857143,0.21043157577514648
"0,1,1,0,1,0,0,0,0,0,0,0,1,0,1,1,0,1,1,1,0",0.5333333333333333,0.5,0.5435267857142857,0.5,0.9285714285714286,0.65,0.5580357142857143,0.18104243278503418
"0,0,0,1,1,0,1,1,1,0,0,0,0,1,0,1,0,1,1,0,0",0.5,0.7,0.5433035714285714,0.45454545454545453,0.35714285714285715,0.4,0.4910714285714286,0.15617680549621582
"1,0,0,1,0,1,0,0,1,1,1,0,0,1,1,0,1,1,1,0,0",0.4666666666666667,0.7,0.5433035714285714,0.46153846153846156,0.8571428571428571,0.6,0.49107142857142855,0.2054290771484375
"1,1,0,1,1,0,0,1,1,1,1,0,1,1,1,0,0,0,0,0,1",0.5,0.7,0.5433035714285714,0.45454545454545453,0.35714285714285715,0.4,0.4910714285714286,0.17868447303771973
"1,0,1,1,1,0,0,0,0,1,0,0,1,1,1,0,1,0,0,0,1",0.43333333333333335,0.9,0.5430803571428572,0.36363636363636365,0.2857142857142857,0.32,0.42410714285714285,0.2096998691558838
"1,0,0,1,1,0,0,0,0,0,1,0,1,1,1,0,0,1,1,1,1",0.5,0.6,0.5417410714285714,0.48,0.8571428571428571,0.6153846153846154,0.5223214285714286,0.19668316841125488
"0,0,0,0,0,1,1,1,0,0,1,0,1,1,1,0,1,1,1,0,0",0.5,0.6,0.5417410714285714,0.48,0.8571428571428571,0.6153846153846154,0.5223214285714286,0.1964097023010254
"0,0,1,1,0,1,1,0,1,1,0,1,1,1,0,0,1,0,1,0,1",0.43333333333333335,0.8,0.5415178571428572,0.44,0.7857142857142857,0.5641025641025641,0.45535714285714285,0.21106219291687012
"0,1,0,0,0,0,0,0,1,1,1,0,0,1,0,1,1,1,0,1,1",0.4,1.0,0.5412946428571428,0.3,0.21428571428571427,0.25,0.38839285714285715,0.22664332389831543
"0,1,0,0,0,0,0,1,1,1,1,1,1,1,0,1,1,0,1,0,0",0.5666666666666667,0.5,0.5401785714285714,0.5555555555555556,0.35714285714285715,0.43478260869565216,0.5535714285714286,0.14375972747802734
"0,0,0,0,1,0,0,1,0,0,1,1,0,0,0,0,0,0,1,1,1",0.5333333333333333,0.5,0.5401785714285714,0.5,0.8571428571428571,0.631578947368421,0.5535714285714286,0.17195844650268555
"0,1,1,0,1,0,1,1,1,0,1,1,0,1,0,0,0,1,0,0,0",0.5333333333333333,0.5,0.5401785714285714,0.5,0.8571428571428571,0.631578947368421,0.5535714285714286,0.19789552688598633
"0,1,0,0,1,0,1,0,1,0,0,1,0,0,0,1,0,1,0,0,1",0.5333333333333333,0.5,0.5401785714285714,0.5,0.8571428571428571,0.631578947368421,0.5535714285714286,0.19237756729125977
"1,1,0,0,1,1,1,1,0,1,1,1,0,0,0,0,0,1,0,1,1",0.5333333333333333,0.5,0.5401785714285714,0.5,0.8571428571428571,0.631578947368421,0.5535714285714286,0.1919996738433838
"0,1,1,0,0,1,0,1,0,1,1,1,0,1,1,0,0,1,1,1,1",0.5666666666666667,0.5,0.5401785714285714,0.5555555555555556,0.35714285714285715,0.43478260869565216,0.5535714285714286,0.1877429485321045
"0,0,0,0,1,0,1,1,0,0,1,0,0,0,0,0,1,1,1,0,1",0.5666666666666667,0.5,0.5401785714285714,0.5555555555555556,0.35714285714285715,0.43478260869565216,0.5535714285714286,0.19126391410827637
"1,0,0,0,1,0,0,1,0,0,1,1,0,0,1,1,0,0,0,0,1",0.5,0.7,0.5399553571428571,0.4444444444444444,0.2857142857142857,0.34782608695652173,0.48660714285714285,0.18553662300109863
"0,1,1,1,0,0,1,0,0,1,1,0,0,0,0,0,0,0,1,1,1",0.4666666666666667,0.7,0.5399553571428571,0.4583333333333333,0.7857142857142857,0.5789473684210527,0.48660714285714285,0.20050644874572754
"1,1,1,0,1,1,1,1,0,0,1,0,0,1,1,0,1,1,0,1,1",0.4666666666666667,0.7,0.5399553571428571,0.4583333333333333,0.7857142857142857,0.5789473684210527,0.48660714285714285,0.2254648208618164
"0,0,1,0,1,0,0,1,1,0,0,0,1,1,0,1,0,1,1,0,0",0.5,0.7,0.5399553571428571,0.4444444444444444,0.2857142857142857,0.34782608695652173,0.48660714285714285,0.17277169227600098
"0,1,0,1,1,0,0,1,1,1,1,0,0,0,0,0,1,1,0,0,1",0.5,0.7,0.5399553571428571,0.4444444444444444,0.2857142857142857,0.34782608695652173,0.48660714285714285,0.17559146881103516
"0,1,1,1,0,0,1,1,0,0,0,1,1,0,1,0,1,1,0,1,0",0.5,0.7,0.5399553571428571,0.4444444444444444,0.2857142857142857,0.34782608695652173,0.48660714285714285,0.22689318656921387
"0,0,1,0,1,0,0,1,1,1,0,0,0,1,0,1,0,1,1,0,0",0.5,0.7,0.5399553571428571,0.4444444444444444,0.2857142857142857,0.34782608695652173,0.48660714285714285,0.2087852954864502
"0,1,0,0,1,1,0,1,0,0,0,1,1,0,0,0,1,0,0,0,0",0.5666666666666667,0.4,0.5386160714285715,0.5217391304347826,0.8571428571428571,0.6486486486486487,0.5848214285714286,0.14882349967956543
"1,0,1,0,0,1,0,1,0,1,0,0,1,0,0,0,1,0,1,0,0",0.5666666666666667,0.4,0.5386160714285715,0.5217391304347826,0.8571428571428571,0.6486486486486487,0.5848214285714286,0.15671849250793457
"0,1,1,0,0,1,0,0,0,0,0,0,0,1,0,1,0,0,0,0,0",0.5666666666666667,0.4,0.5386160714285715,0.5217391304347826,0.8571428571428571,0.6486486486486487,0.5848214285714286,0.13944029808044434
"0,1,0,1,0,1,0,1,0,1,0,1,1,0,0,1,1,0,0,0,0",0.5666666666666667,0.4,0.5386160714285715,0.5217391304347826,0.8571428571428571,0.6486486486486487,0.5848214285714286,0.14993834495544434
"1,1,0,0,0,1,1,0,0,1,0,0,1,0,0,0,1,0,1,0,0",0.5666666666666667,0.4,0.5386160714285715,0.5217391304347826,0.8571428571428571,0.6486486486486487,0.5848214285714286,0.1434001922607422
"0,0,1,1,0,1,0,0,1,1,0,0,1,0,0,0,0,0,0,0,0",0.5666666666666667,0.4,0.5386160714285715,0.5217391304347826,0.8571428571428571,0.6486486486486487,0.5848214285714286,0.1531386375427246
"0,0,1,0,1,1,1,1,1,0,0,1,0,0,0,1,0,0,1,0,0",0.5666666666666667,0.4,0.5386160714285715,0.5217391304347826,0.8571428571428571,0.6486486486486487,0.5848214285714286,0.16329598426818848
"0,1,0,1,0,1,1,1,0,0,0,0,0,0,0,1,1,0,0,0,0",0.5666666666666667,0.4,0.5386160714285715,0.5217391304347826,0.8571428571428571,0.6486486486486487,0.5848214285714286,0.1572577953338623
"0,1,0,0,0,1,0,0,1,0,0,0,1,1,1,0,1,1,0,1,1",0.5,0.6,0.5383928571428571,0.4782608695652174,0.7857142857142857,0.5945945945945946,0.5178571428571428,0.2169361114501953
"1,1,0,1,0,0,0,0,0,0,0,0,1,0,1,1,0,1,0,0,0",0.5333333333333333,0.6,0.5383928571428571,0.5,0.2857142857142857,0.36363636363636365,0.5178571428571428,0.1686718463897705
"0,0,0,1,1,1,1,0,1,1,1,0,0,1,0,0,1,0,0,0,1",0.5333333333333333,0.6,0.5383928571428571,0.5,0.2857142857142857,0.36363636363636365,0.5178571428571428,0.19846367835998535
"1,1,0,0,1,0,0,0,1,0,0,1,1,0,0,0,0,0,1,0,1",0.5,0.6,0.5383928571428571,0.4782608695652174,0.7857142857142857,0.5945945945945946,0.5178571428571428,0.18715739250183105
"0,1,0,1,0,0,0,0,0,1,0,0,1,0,0,1,1,0,1,1,1",0.5,0.6,0.5383928571428571,0.4782608695652174,0.7857142857142857,0.5945945945945946,0.5178571428571428,0.2076585292816162
"1,1,0,0,0,1,1,0,0,1,0,0,1,1,0,1,1,1,1,1,0",0.5333333333333333,0.6,0.5383928571428571,0.5,0.2857142857142857,0.36363636363636365,0.5178571428571428,0.19281816482543945
"1,1,1,0,0,1,0,0,0,0,0,0,0,1,0,0,1,1,1,1,1",0.5333333333333333,0.6,0.5383928571428571,0.5,0.2857142857142857,0.36363636363636365,0.5178571428571428,0.20853519439697266
"0,1,1,0,0,1,0,0,0,0,0,0,0,1,0,1,0,1,1,1,1",0.43333333333333335,0.8,0.5381696428571429,0.43478260869565216,0.7142857142857143,0.5405405405405406,0.45089285714285715,0.18069863319396973
"0,0,0,0,1,0,0,1,1,1,1,0,0,1,1,1,1,1,0,0,0",0.4666666666666667,0.8,0.5381696428571429,0.375,0.21428571428571427,0.2727272727272727,0.45089285714285715,0.17000150680541992
"0,1,1,0,1,0,1,1,1,0,1,0,1,0,0,1,1,0,0,1,1",0.5333333333333333,0.5,0.5368303571428571,0.5,0.7857142857142857,0.6111111111111112,0.5491071428571428,0.20082521438598633
"0,0,0,1,0,1,0,1,0,1,0,1,0,1,1,0,0,1,1,0,0",0.5333333333333333,0.5,0.5368303571428571,0.5,0.7857142857142857,0.6111111111111112,0.5491071428571428,0.16991019248962402
"0,0,1,0,1,1,1,0,0,1,1,1,0,0,0,0,1,1,0,0,1",0.5666666666666667,0.5,0.5368303571428571,0.5714285714285714,0.2857142857142857,0.38095238095238093,0.5491071428571428,0.1909949779510498
"1,0,0,1,1,1,1,1,0,0,0,1,0,1,0,0,0,0,0,1,1",0.5666666666666667,0.5,0.5368303571428571,0.5714285714285714,0.2857142857142857,0.38095238095238093,0.5491071428571428,0.19169282913208008
"0,1,0,1,1,1,0,0,0,1,0,0,1,0,1,1,0,0,0,1,1",0.5666666666666667,0.5,0.5368303571428571,0.5714285714285714,0.2857142857142857,0.38095238095238093,0.5491071428571428,0.21290349960327148
"0,0,1,0,1,1,0,0,0,0,0,1,0,0,1,0,0,0,0,1,0",0.5333333333333333,0.5,0.5368303571428571,0.5,0.7857142857142857,0.6111111111111112,0.5491071428571428,0.1771247386932373
"1,0,0,1,0,1,0,1,1,1,1,0,0,1,0,0,0,1,0,0,0",0.4666666666666667,0.7,0.5366071428571428,0.45454545454545453,0.7142857142857143,0.5555555555555556,0.48214285714285715,0.19586825370788574
"0,1,1,0,0,1,0,0,0,0,0,0,0,1,1,1,0,0,0,0,1",0.4666666666666667,0.7,0.5366071428571428,0.45454545454545453,0.7142857142857143,0.5555555555555556,0.48214285714285715,0.1755824089050293
"1,0,0,1,0,1,0,1,0,1,1,0,1,0,0,0,1,1,0,0,0",0.4666666666666667,0.7,0.5366071428571428,0.45454545454545453,0.7142857142857143,0.5555555555555556,0.48214285714285715,0.17581582069396973
"1,0,1,0,0,1,1,1,0,1,1,1,1,1,1,1,0,0,0,1,0",0.4666666666666667,0.7,0.5366071428571428,0.45454545454545453,0.7142857142857143,0.5555555555555556,0.48214285714285715,0.20434212684631348
"1,0,1,0,0,0,1,1,0,1,0,1,1,1,0,1,1,1,1,0,0",0.4666666666666667,0.7,0.5366071428571428,0.45454545454545453,0.7142857142857143,0.5555555555555556,0.48214285714285715,0.19462347030639648
"0,1,1,0,0,1,0,0,0,0,0,1,1,0,1,0,1,0,1,1,0",0.4666666666666667,0.7,0.5366071428571428,0.45454545454545453,0.7142857142857143,0.5555555555555556,0.48214285714285715,0.1758260726928711
"0,0,1,0,0,0,1,1,0,1,0,1,0,0,0,1,1,1,0,1,0",0.4666666666666667,0.7,0.5366071428571428,0.45454545454545453,0.7142857142857143,0.5555555555555556,0.48214285714285715,0.19464874267578125
"0,1,1,1,1,1,0,1,1,0,1,0,1,1,1,0,1,0,1,0,0",0.4,0.9,0.5363839285714286,0.4090909090909091,0.6428571428571429,0.5,0.41517857142857145,0.1778271198272705
"0,0,1,0,1,0,0,1,0,0,0,1,1,1,1,0,0,0,0,1,1",0.5666666666666667,0.4,0.5352678571428571,0.5238095238095238,0.7857142857142857,0.6285714285714286,0.5803571428571428,0.18516945838928223
"0,1,1,0,0,0,0,1,1,1,1,0,0,1,0,0,0,0,0,0,0",0.5,0.6,0.5350446428571429,0.47619047619047616,0.7142857142857143,0.5714285714285714,0.5133928571428572,0.1482546329498291
"1,0,0,0,0,0,0,0,0,1,0,1,1,0,1,0,0,0,0,0,0",0.5,0.6,0.5350446428571429,0.47619047619047616,0.7142857142857143,0.5714285714285714,0.5133928571428572,0.16004395484924316
"1,1,1,0,1,1,1,1,1,0,0,1,0,1,0,1,0,1,0,1,1",0.5,0.6,0.5350446428571429,0.47619047619047616,0.7142857142857143,0.5714285714285714,0.5133928571428572,0.21865034103393555
"0,0,0,1,0,0,0,1,0,0,1,0,0,1,1,0,0,0,0,0,0",0.5,0.6,0.5350446428571429,0.47619047619047616,0.7142857142857143,0.5714285714285714,0.5133928571428572,0.162827730178833
"1,1,0,0,0,1,1,0,0,1,1,0,1,1,1,1,0,0,0,0,0",0.5,0.6,0.5350446428571429,0.47619047619047616,0.7142857142857143,0.5714285714285714,0.5133928571428572,0.17551350593566895
"1,0,0,0,1,1,0,1,0,1,0,0,0,1,1,1,0,1,0,1,1",0.5333333333333333,0.6,0.5350446428571428,0.5,0.21428571428571427,0.3,0.5133928571428571,0.20821022987365723
"1,0,0,1,0,0,1,0,0,1,0,1,0,1,1,1,1,1,1,1,1",0.5333333333333333,0.6,0.5350446428571428,0.5,0.21428571428571427,0.3,0.5133928571428571,0.20983624458312988
"0,0,1,0,1,1,0,0,0,0,1,1,0,1,0,1,0,1,0,0,0",0.5333333333333333,0.6,0.5350446428571428,0.5,0.21428571428571427,0.3,0.5133928571428571,0.17490625381469727
"0,0,1,0,0,1,1,1,1,0,0,1,0,1,0,1,0,1,1,1,0",0.5333333333333333,0.6,0.5350446428571428,0.5,0.21428571428571427,0.3,0.5133928571428571,0.2032175064086914
"1,0,1,0,0,0,0,0,1,1,1,1,1,0,0,0,1,1,0,0,1",0.5333333333333333,0.6,0.5350446428571428,0.5,0.21428571428571427,0.3,0.5133928571428571,0.2245957851409912
"0,0,1,1,0,0,0,1,1,1,1,1,0,0,0,1,1,1,0,0,1",0.5333333333333333,0.6,0.5350446428571428,0.5,0.21428571428571427,0.3,0.5133928571428571,0.18493366241455078
"1,0,0,1,0,0,1,1,0,1,1,0,0,0,1,0,0,0,1,1,0",0.5333333333333333,0.6,0.5350446428571428,0.5,0.21428571428571427,0.3,0.5133928571428571,0.1851332187652588
"0,0,1,1,0,1,0,1,1,1,0,1,1,1,0,0,0,0,1,1,1",0.5333333333333333,0.6,0.5350446428571428,0.5,0.21428571428571427,0.3,0.5133928571428571,0.19110369682312012
"1,0,0,0,0,0,0,0,0,0,1,1,1,1,0,1,0,0,0,0,0",0.5333333333333333,0.6,0.5350446428571428,0.5,0.21428571428571427,0.3,0.5133928571428571,0.17408370971679688
"1,0,1,0,1,0,1,1,0,0,1,1,1,1,1,1,1,0,1,1,1",0.5333333333333333,0.6,0.5350446428571428,0.5,0.21428571428571427,0.3,0.5133928571428571,0.20347261428833008
"1,1,0,0,0,0,0,0,1,1,0,0,1,1,0,0,0,0,0,0,1",0.6333333333333333,0.3,0.533705357142857,0.8,0.2857142857142857,0.42105263157894735,0.6116071428571428,0.19725418090820312
"0,1,1,1,0,1,1,0,1,0,1,1,1,0,1,0,1,0,1,1,0",0.5333333333333333,0.5,0.5334821428571429,0.5,0.7142857142857143,0.5882352941176471,0.5446428571428572,0.18083548545837402
"0,1,1,0,1,0,0,1,1,0,1,0,1,0,0,1,0,0,1,1,1",0.5333333333333333,0.5,0.5334821428571429,0.5,0.7142857142857143,0.5882352941176471,0.5446428571428572,0.21754717826843262
"0,0,0,0,1,0,0,0,0,0,0,1,1,1,0,0,1,0,1,1,1",0.5333333333333333,0.5,0.5334821428571429,0.5,0.7142857142857143,0.5882352941176471,0.5446428571428572,0.17239761352539062
"1,1,1,0,0,0,0,1,1,0,0,1,0,0,0,1,1,1,0,0,0",0.5333333333333333,0.5,0.5334821428571429,0.5,0.7142857142857143,0.5882352941176471,0.5446428571428572,0.18205976486206055
"1,1,0,0,0,0,0,1,1,1,1,1,0,1,0,0,1,0,1,0,0",0.5666666666666667,0.5,0.5334821428571428,0.6,0.21428571428571427,0.3157894736842105,0.5446428571428571,0.18476176261901855
"0,1,1,1,1,0,0,1,0,0,0,0,0,1,1,0,1,0,0,0,0",0.5666666666666667,0.5,0.5334821428571428,0.6,0.21428571428571427,0.3157894736842105,0.5446428571428571,0.16819119453430176
"1,0,1,1,0,0,1,1,0,1,1,1,1,0,0,0,1,0,0,0,0",0.5666666666666667,0.5,0.5334821428571428,0.6,0.21428571428571427,0.3157894736842105,0.5446428571428571,0.1663217544555664
"0,1,1,1,1,0,0,1,0,0,0,0,1,0,1,1,0,0,0,0,0",0.5666666666666667,0.5,0.5334821428571428,0.6,0.21428571428571427,0.3157894736842105,0.5446428571428571,0.1583099365234375
"1,1,1,1,1,0,1,0,1,0,1,0,0,0,0,1,0,0,0,0,0",0.5666666666666667,0.5,0.5334821428571428,0.6,0.21428571428571427,0.3157894736842105,0.5446428571428571,0.17829585075378418
"0,1,1,1,0,0,0,1,0,0,0,0,0,1,1,0,1,0,0,0,0",0.5666666666666667,0.5,0.5334821428571428,0.6,0.21428571428571427,0.3157894736842105,0.5446428571428571,0.16396880149841309
"0,1,0,1,0,0,0,0,1,1,0,1,1,1,1,0,1,0,0,0,0",0.5666666666666667,0.5,0.5334821428571428,0.6,0.21428571428571427,0.3157894736842105,0.5446428571428571,0.14170098304748535
"0,1,1,1,1,0,0,1,0,0,0,0,0,0,1,1,0,0,0,0,0",0.5666666666666667,0.5,0.5334821428571428,0.6,0.21428571428571427,0.3157894736842105,0.5446428571428571,0.17858004570007324
"1,0,1,1,0,0,1,0,0,1,1,1,1,1,0,0,1,0,0,0,0",0.5666666666666667,0.5,0.5334821428571428,0.6,0.21428571428571427,0.3157894736842105,0.5446428571428571,0.16887855529785156
"1,0,0,1,0,0,1,1,1,0,1,1,0,1,0,0,0,1,0,0,0",0.5666666666666667,0.5,0.5334821428571428,0.6,0.21428571428571427,0.3157894736842105,0.5446428571428571,0.18016958236694336
"0,0,0,0,1,1,0,0,0,1,1,0,0,0,1,1,0,1,1,0,1",0.5666666666666667,0.5,0.5334821428571428,0.6,0.21428571428571427,0.3157894736842105,0.5446428571428571,0.18174076080322266
"0,1,0,1,0,1,0,0,0,0,1,1,1,1,0,0,1,1,0,0,0",0.5666666666666667,0.5,0.5334821428571428,0.6,0.21428571428571427,0.3157894736842105,0.5446428571428571,0.1836085319519043
"0,1,0,0,1,0,0,1,0,1,0,1,1,1,1,1,1,1,1,1,1",0.5666666666666667,0.5,0.5334821428571428,0.6,0.21428571428571427,0.3157894736842105,0.5446428571428571,0.19524240493774414
"1,1,0,0,0,0,0,1,1,1,1,1,0,1,0,1,0,0,0,0,0",0.5666666666666667,0.5,0.5334821428571428,0.6,0.21428571428571427,0.3157894736842105,0.5446428571428571,0.16351819038391113
"0,0,0,0,0,0,1,1,1,0,1,1,0,1,0,0,0,0,1,1,0",0.5666666666666667,0.5,0.5334821428571428,0.6,0.21428571428571427,0.3157894736842105,0.5446428571428571,0.16272187232971191
"1,1,1,1,1,0,0,1,1,0,1,0,0,0,0,0,0,0,0,0,0",0.5666666666666667,0.5,0.5334821428571428,0.6,0.21428571428571427,0.3157894736842105,0.5446428571428571,0.16066980361938477
"1,1,1,0,0,0,0,1,1,1,1,1,1,1,0,1,1,0,1,0,0",0.5666666666666667,0.5,0.5334821428571428,0.6,0.2142857142857142,0.3157894736842105,0.5446428571428571,0.1545193195343017
"1,1,0,1,1,0,1,1,0,0,1,1,0,0,0,0,1,0,1,0,0",0.5666666666666667,0.5,0.5334821428571428,0.6,0.21428571428571427,0.3157894736842105,0.5446428571428571,0.16071629524230957
"0,0,1,0,1,0,0,0,0,1,0,0,1,0,0,1,1,0,0,1,1",0.4666666666666667,0.7,0.5332589285714286,0.45,0.6428571428571429,0.5294117647058824,0.47767857142857145,0.22736024856567383
"1,1,0,0,0,1,1,1,0,0,1,0,0,1,0,0,1,0,0,0,1",0.4666666666666667,0.7,0.5332589285714286,0.45,0.6428571428571429,0.5294117647058824,0.47767857142857145,0.17764019966125488
"1,0,0,1,1,0,0,0,1,1,0,1,1,0,0,1,1,0,0,0,1",0.4666666666666667,0.7,0.5332589285714286,0.45,0.6428571428571429,0.5294117647058824,0.47767857142857145,0.22128534317016602
"1,1,0,1,1,1,1,1,0,1,0,1,0,0,0,0,0,0,0,1,0",0.4666666666666667,0.7,0.5332589285714286,0.45,0.6428571428571429,0.5294117647058824,0.47767857142857145,0.1541140079498291
"1,0,1,0,0,0,0,0,1,1,1,0,0,0,1,0,1,0,0,0,1",0.5,0.7,0.5332589285714285,0.4,0.14285714285714285,0.21052631578947367,0.4776785714285714,0.20366287231445312
"1,1,0,0,0,1,1,1,0,1,0,0,1,0,1,1,0,0,0,0,1",0.5,0.7,0.5332589285714285,0.4,0.14285714285714285,0.21052631578947367,0.4776785714285714,0.16629457473754883
"1,1,1,1,1,0,0,0,1,1,1,0,0,1,0,0,1,0,0,1,0",0.6,0.4,0.5319196428571428,0.75,0.21428571428571427,0.3333333333333333,0.5758928571428571,0.17730331420898438
"0,1,0,0,1,1,1,0,0,1,1,0,0,0,1,1,0,1,0,1,1",0.5333333333333333,0.6,0.5316964285714285,0.5,0.14285714285714285,0.2222222222222222,0.5089285714285714,0.19570541381835938
"0,0,1,1,1,0,0,0,0,1,0,0,1,0,0,1,1,0,0,0,1",0.5,0.6,0.5316964285714285,0.47368421052631576,0.6428571428571429,0.5454545454545454,0.5089285714285714,0.17600631713867188
"0,0,1,0,1,1,1,1,1,0,0,1,0,0,0,0,0,0,1,1,0",0.5,0.6,0.5316964285714285,0.47368421052631576,0.6428571428571429,0.5454545454545454,0.5089285714285714,0.17285966873168945
"1,0,1,0,1,0,1,0,1,1,1,1,1,1,1,1,0,1,0,0,1",0.5333333333333333,0.6,0.5316964285714285,0.5,0.14285714285714285,0.2222222222222222,0.5089285714285714,0.19330883026123047
"0,0,0,0,0,1,1,0,0,1,1,1,0,0,0,0,1,1,0,1,1",0.5,0.6,0.5316964285714285,0.47368421052631576,0.6428571428571429,0.5454545454545454,0.5089285714285714,0.23544096946716309
"1,0,0,0,0,0,1,0,1,1,1,0,1,0,0,0,1,0,0,1,0",0.5333333333333333,0.6,0.5316964285714285,0.5,0.14285714285714285,0.2222222222222222,0.5089285714285714,0.1937103271484375
"0,1,1,0,1,0,0,0,0,1,0,0,0,1,0,1,0,0,0,0,1",0.5,0.6,0.5316964285714285,0.47368421052631576,0.6428571428571429,0.5454545454545454,0.5089285714285714,0.17283296585083008
"1,1,0,0,0,0,0,1,0,0,1,1,0,0,0,0,0,0,1,1,1",0.5333333333333333,0.6,0.5316964285714285,0.5,0.14285714285714285,0.2222222222222222,0.5089285714285714,0.19814586639404297
"0,0,0,0,0,1,0,0,1,0,0,0,0,1,0,1,0,0,0,1,0",0.5,0.6,0.5316964285714285,0.47368421052631576,0.6428571428571429,0.5454545454545454,0.5089285714285714,0.17345786094665527
"0,1,0,0,0,0,0,0,0,1,0,1,1,0,1,1,1,0,1,1,0",0.5333333333333333,0.6,0.5316964285714285,0.5,0.14285714285714285,0.2222222222222222,0.5089285714285714,0.1631009578704834
"1,0,1,1,1,0,0,0,0,0,1,0,1,1,1,0,1,0,0,0,1",0.5333333333333333,0.6,0.5316964285714285,0.5,0.14285714285714285,0.2222222222222222,0.5089285714285714,0.2037980556488037
"0,1,0,0,0,0,1,0,0,1,1,1,1,0,0,1,1,1,1,1,0",0.43333333333333335,0.8,0.5314732142857144,0.42105263157894735,0.5714285714285714,0.48484848484848486,0.4419642857142857,0.20572304725646973
"0,1,0,1,0,0,0,0,0,1,1,0,1,1,1,1,0,0,0,1,1",0.43333333333333335,0.8,0.5314732142857144,0.42105263157894735,0.5714285714285714,0.48484848484848486,0.4419642857142857,0.19832730293273926
"1,0,0,1,0,1,1,1,0,1,1,1,0,0,0,0,1,1,1,0,1",0.43333333333333335,0.8,0.5314732142857144,0.42105263157894735,0.5714285714285714,0.48484848484848486,0.4419642857142857,0.1993718147277832
"1,1,1,0,0,0,0,0,1,1,1,1,1,0,1,0,1,0,0,0,0",0.5666666666666667,0.5,0.5301339285714286,0.6666666666666666,0.14285714285714285,0.23529411764705882,0.5401785714285714,0.17017292976379395
"1,1,1,0,0,0,0,1,1,0,1,1,0,0,1,1,1,1,0,1,1",0.5333333333333333,0.5,0.5301339285714286,0.5,0.6428571428571429,0.5625,0.5401785714285714,0.18288373947143555
"0,1,1,1,0,0,0,1,1,1,0,0,0,0,0,1,0,1,0,0,1",0.5666666666666667,0.5,0.5301339285714286,0.6666666666666666,0.14285714285714285,0.23529411764705882,0.5401785714285714,0.1659867763519287
"1,1,0,0,1,0,1,0,0,1,1,1,0,0,1,1,0,1,1,1,0",0.5666666666666667,0.5,0.5301339285714286,0.6666666666666666,0.14285714285714285,0.23529411764705882,0.5401785714285714,0.1951460838317871
"1,1,0,1,0,0,0,1,0,1,1,0,0,1,1,1,1,0,0,0,0",0.5666666666666667,0.5,0.5301339285714286,0.6666666666666666,0.14285714285714285,0.23529411764705882,0.5401785714285714,0.18087100982666016
"0,1,1,0,1,1,1,1,1,0,1,1,0,1,0,1,1,1,1,1,1",0.5666666666666667,0.5,0.5301339285714286,0.6666666666666666,0.14285714285714285,0.23529411764705882,0.5401785714285714,0.20734810829162598
"0,1,0,1,1,0,0,0,0,1,1,0,1,1,1,1,1,1,1,1,1",0.5666666666666667,0.5,0.5301339285714286,0.6666666666666666,0.14285714285714285,0.23529411764705882,0.5401785714285714,0.24878883361816406
"0,0,1,0,1,0,1,1,1,0,0,1,0,1,0,0,1,1,1,1,1",0.5666666666666667,0.5,0.5301339285714286,0.6666666666666666,0.14285714285714285,0.23529411764705882,0.5401785714285714,0.2193143367767334
"1,1,0,1,0,0,0,0,0,0,1,1,0,0,1,0,0,1,0,0,1",0.5333333333333333,0.5,0.5301339285714286,0.5,0.6428571428571429,0.5625,0.5401785714285714,0.2026808261871338
"1,0,0,1,1,0,1,0,0,0,0,0,0,0,0,0,0,1,0,0,1",0.4666666666666667,0.7,0.5299107142857142,0.4444444444444444,0.5714285714285714,0.5,0.4732142857142857,0.18610477447509766
"0,1,0,0,1,0,1,1,1,0,1,1,0,1,1,1,0,1,1,0,1",0.4666666666666667,0.7,0.5299107142857142,0.4444444444444444,0.5714285714285714,0.5,0.4732142857142857,0.230086088180542
"1,1,0,1,1,1,1,0,1,0,1,0,1,0,0,0,0,1,1,1,1",0.5,0.7,0.5299107142857142,0.3333333333333333,0.07142857142857142,0.11764705882352941,0.4732142857142857,0.21387267112731934
"0,1,0,1,0,1,1,0,1,0,1,0,1,0,1,0,1,0,0,1,1",0.4666666666666667,0.7,0.5299107142857142,0.4444444444444444,0.5714285714285714,0.5,0.4732142857142857,0.2166857719421386
"0,1,1,1,0,1,0,0,0,1,1,0,1,1,1,1,0,0,0,1,1",0.4666666666666667,0.7,0.5299107142857142,0.4444444444444444,0.5714285714285714,0.5,0.4732142857142857,0.19452166557312012
"0,0,1,0,0,0,1,1,1,0,1,0,1,0,1,1,0,0,1,1,1",0.43333333333333335,0.9,0.5296875,0.0,0.0,0.0,0.40625,0.21195316314697266
"1,1,1,0,1,0,0,0,0,1,0,0,1,0,0,1,1,0,0,0,1",0.6,0.4,0.5285714285714286,1.0,0.14285714285714285,0.25,0.5714285714285714,0.16998982429504395
"0,1,1,0,1,1,1,1,0,1,0,0,0,0,1,0,0,0,0,1,0",0.5,0.6,0.5283482142857143,0.47058823529411764,0.5714285714285714,0.5161290322580645,0.5044642857142857,0.18727827072143555
"0,1,0,1,0,1,0,0,0,0,1,0,0,0,0,0,0,1,1,1,0",0.5,0.6,0.5283482142857143,0.47058823529411764,0.5714285714285714,0.5161290322580645,0.5044642857142857,0.19220995903015137
"0,0,1,1,1,1,0,0,1,0,0,0,0,0,0,0,1,0,0,1,1",0.5666666666666667,0.5,0.5267857142857143,1.0,0.07142857142857142,0.13333333333333333,0.5357142857142857,0.1730189323425293
"1,1,0,0,0,0,1,1,1,0,1,1,0,0,0,1,0,0,1,1,0",0.5666666666666667,0.5,0.5267857142857143,1.0,0.07142857142857142,0.13333333333333333,0.5357142857142857,0.18317866325378418
"0,1,1,1,0,1,1,1,1,0,0,0,1,1,0,0,0,0,0,1,0",0.5666666666666667,0.5,0.5267857142857143,1.0,0.07142857142857142,0.13333333333333333,0.5357142857142857,0.1639101505279541
"1,0,0,1,1,0,0,0,1,1,0,1,0,0,0,0,1,1,0,0,1",0.5666666666666667,0.5,0.5267857142857143,1.0,0.07142857142857142,0.13333333333333333,0.5357142857142857,0.19332265853881836
"1,0,1,0,0,0,0,1,1,1,1,0,0,1,1,0,0,0,1,1,1",0.5666666666666667,0.5,0.5267857142857143,1.0,0.07142857142857142,0.13333333333333333,0.5357142857142857,0.1691582202911377
"0,0,1,1,1,1,1,1,1,1,1,1,0,1,0,1,0,1,0,1,1",0.5666666666666667,0.5,0.5267857142857143,1.0,0.07142857142857142,0.13333333333333333,0.5357142857142857,0.2209775447845459
"0,1,1,0,1,1,1,1,1,0,0,0,0,1,0,0,1,1,1,1,0",0.5666666666666667,0.5,0.5267857142857143,1.0,0.07142857142857142,0.13333333333333333,0.5357142857142857,0.18517494201660156
"0,1,0,1,1,1,1,1,0,1,0,0,0,0,0,0,1,1,0,0,0",0.5666666666666667,0.5,0.5267857142857143,1.0,0.07142857142857142,0.13333333333333333,0.5357142857142857,0.19458532333374023
"1,0,0,1,1,0,1,0,0,0,0,0,1,1,1,1,1,0,0,0,1",0.5666666666666667,0.5,0.5267857142857143,1.0,0.07142857142857142,0.13333333333333333,0.5357142857142857,0.22206830978393555
"0,1,0,1,0,0,1,1,1,0,1,1,1,1,0,0,0,1,1,0,0",0.5666666666666667,0.5,0.5267857142857143,1.0,0.07142857142857142,0.13333333333333333,0.5357142857142857,0.18453669548034668
"0,0,1,1,1,1,1,0,0,1,0,0,0,1,1,1,1,0,1,0,0",0.5666666666666667,0.5,0.5267857142857143,1.0,0.07142857142857142,0.13333333333333333,0.5357142857142857,0.18169212341308594
"0,0,1,1,1,1,1,0,1,1,1,1,0,1,1,1,0,0,0,1,1",0.5666666666666667,0.5,0.5267857142857143,1.0,0.07142857142857142,0.13333333333333333,0.5357142857142857,0.200286865234375
"0,1,1,0,1,1,0,1,1,0,1,1,1,0,0,1,0,1,0,1,0",0.5666666666666667,0.5,0.5267857142857143,1.0,0.07142857142857142,0.13333333333333333,0.5357142857142857,0.1770172119140625
"0,1,0,1,1,0,1,0,0,0,0,0,1,0,1,1,0,0,0,0,1",0.5666666666666667,0.5,0.5267857142857143,1.0,0.07142857142857142,0.13333333333333333,0.5357142857142857,0.19258975982666016
"1,0,1,0,1,0,1,0,1,1,1,0,1,0,0,1,0,1,0,1,0",0.5666666666666667,0.5,0.5267857142857143,1.0,0.07142857142857142,0.13333333333333333,0.5357142857142857,0.19905996322631836
"0,0,1,1,1,1,1,1,1,1,1,1,0,1,0,1,0,1,0,1,0",0.5666666666666667,0.5,0.5267857142857143,1.0,0.07142857142857142,0.13333333333333333,0.5357142857142857,0.21591663360595703
"0,1,1,0,0,0,1,1,1,1,1,0,0,0,1,1,1,0,0,1,0",0.4666666666666667,0.7,0.5265625,0.4375,0.5,0.4666666666666667,0.46875,0.18427610397338867
"1,1,1,0,1,0,0,1,0,1,0,0,0,0,0,0,1,1,1,1,0",0.4666666666666667,0.7,0.5265625,0.4375,0.5,0.4666666666666667,0.46875,0.16968178749084473
"0,0,1,0,0,1,0,0,0,0,1,0,1,1,1,0,1,1,0,1,1",0.4666666666666667,0.7,0.5265625,0.4375,0.5,0.4666666666666667,0.46875,0.22360920906066895
"0,0,0,1,1,1,0,1,1,0,1,0,1,1,1,0,1,0,1,0,1",0.5666666666666667,0.4,0.5252232142857143,0.5333333333333333,0.5714285714285714,0.5517241379310345,0.5669642857142857,0.21949362754821777
"0,1,0,1,0,0,0,0,1,0,0,0,1,1,1,1,1,0,0,0,1",0.5333333333333333,0.6,0.525,0.0,0.0,0.0,0.5,0.19479632377624512
"1,0,0,0,0,1,1,0,0,1,0,0,0,1,1,1,0,0,0,1,0",0.4666666666666667,0.6,0.525,0.4666666666666667,1.0,0.6363636363636364,0.5,0.1962130069732666
"1,0,0,0,0,1,0,0,0,0,1,1,1,1,0,1,0,0,0,1,0",0.5,0.6,0.525,0.4666666666666667,0.5,0.4827586206896552,0.5,0.18570685386657715
"1,0,0,0,1,1,0,0,1,1,1,0,1,0,0,1,1,1,0,0,1",0.4666666666666667,0.6,0.525,0.4666666666666667,1.0,0.6363636363636364,0.5,0.17737722396850586
"0,1,1,0,0,1,0,1,0,0,1,1,0,1,0,0,0,1,1,0,0",0.5,0.6,0.525,0.4666666666666667,0.5,0.4827586206896552,0.5,0.20412302017211914
"1,0,0,1,1,1,0,1,1,1,1,1,1,1,0,0,0,1,0,1,0",0.4666666666666667,0.6,0.525,0.4666666666666667,1.0,0.6363636363636364,0.5,0.21613836288452148
"0,1,1,1,1,1,0,1,1,1,1,0,0,1,1,1,1,1,1,1,1",0.4666666666666667,0.6,0.525,0.4666666666666667,1.0,0.6363636363636364,0.5,0.22260594367980957
"1,0,0,1,0,0,0,0,1,0,1,0,0,0,1,0,0,1,0,1,1",0.4666666666666667,0.6,0.525,0.4666666666666667,1.0,0.6363636363636364,0.5,0.20611143112182617
"1,0,1,0,1,0,0,1,0,1,0,0,1,1,1,0,1,1,1,1,0",0.5,0.5,0.5234375,0.4827586206896552,1.0,0.6511627906976745,0.53125,0.1986992359161377
"1,1,0,1,1,1,1,1,0,1,1,0,1,0,1,1,1,1,1,1,1",0.5,0.5,0.5234375,0.4827586206896552,1.0,0.6511627906976745,0.53125,0.2110610008239746
"1,1,1,1,0,1,0,1,1,1,1,0,0,1,1,1,0,0,0,1,1",0.5,0.5,0.5234375,0.4827586206896552,1.0,0.6511627906976745,0.53125,0.21886229515075684
"0,0,1,0,0,0,0,0,0,1,1,1,0,0,1,0,1,1,1,0,1",0.5,0.5,0.5234375,0.4827586206896552,1.0,0.6511627906976745,0.53125,0.23491716384887695
"0,0,0,0,1,0,1,1,1,0,0,0,1,1,0,0,0,0,1,1,0",0.5,0.5,0.5234375,0.4827586206896552,1.0,0.6511627906976745,0.53125,0.1772143840789795
"1,1,1,1,1,1,1,0,0,0,1,0,1,0,0,0,0,0,0,1,0",0.5,0.5,0.5234375,0.4827586206896552,1.0,0.6511627906976745,0.53125,0.1987605094909668
"0,0,1,0,1,0,0,0,0,1,0,1,1,0,0,0,1,1,0,0,1",0.5,0.5,0.5234375,0.4827586206896552,1.0,0.6511627906976745,0.53125,0.22716450691223145
"0,0,0,0,0,1,1,0,0,1,1,1,0,0,0,0,1,0,1,1,1",0.5,0.5,0.5234375,0.4827586206896552,1.0,0.6511627906976745,0.53125,0.22856998443603516
"0,1,1,1,0,0,1,0,0,1,0,0,1,0,1,1,0,0,0,0,0",0.5,0.5,0.5234375,0.4827586206896552,1.0,0.6511627906976745,0.53125,0.19746899604797363
"0,1,1,1,0,0,1,0,0,1,0,0,0,1,1,1,0,0,1,1,1",0.5,0.5,0.5234375,0.4827586206896552,1.0,0.6511627906976745,0.53125,0.22003388404846191
"1,1,0,1,0,0,0,0,0,0,1,1,0,0,0,1,1,0,0,0,1",0.5,0.5,0.5234375,0.4827586206896552,1.0,0.6511627906976745,0.53125,0.20583891868591309
"0,1,0,1,0,0,1,1,1,1,1,0,0,1,1,0,1,0,0,0,0",0.4666666666666667,0.7,0.5232142857142856,0.42857142857142855,0.42857142857142855,0.42857142857142855,0.4642857142857143,0.18542838096618652
"1,1,1,0,1,0,0,0,0,1,0,0,1,0,0,1,1,0,0,1,1",0.4666666666666667,0.7,0.5232142857142856,0.42857142857142855,0.42857142857142855,0.42857142857142855,0.4642857142857143,0.20279383659362793
"0,0,0,1,0,0,1,0,0,1,0,0,1,0,0,1,1,0,0,0,1",0.4666666666666667,0.7,0.5232142857142856,0.42857142857142855,0.42857142857142855,0.42857142857142855,0.4642857142857143,0.16979646682739258
"0,1,0,1,1,1,0,1,0,0,1,1,0,0,1,1,0,1,0,0,0",0.5,0.6,0.5216517857142857,0.46153846153846156,0.42857142857142855,0.4444444444444444,0.4955357142857143,0.17153668403625488
"0,0,1,1,1,0,1,1,0,1,0,1,0,0,0,1,1,1,0,0,0",0.5,0.6,0.5216517857142857,0.46153846153846156,0.42857142857142855,0.4444444444444444,0.4955357142857143,0.1827836036682129
"1,0,0,0,1,1,0,0,0,1,0,1,0,1,1,1,0,0,0,0,0",0.5,0.6,0.5216517857142857,0.46153846153846156,0.42857142857142855,0.4444444444444444,0.4955357142857143,0.16952013969421387
"0,0,0,1,0,0,1,1,1,1,0,0,1,0,1,0,1,0,1,1,1",0.4666666666666667,0.6,0.5216517857142857,0.4642857142857143,0.9285714285714286,0.6190476190476191,0.4955357142857143,0.2227950096130371
"0,0,0,0,0,0,1,1,0,0,1,1,0,0,0,0,0,0,1,1,0",0.5,0.6,0.5216517857142857,0.46153846153846156,0.42857142857142855,0.4444444444444444,0.4955357142857143,0.150909423828125
"0,1,1,0,0,1,1,1,1,0,1,1,1,0,0,1,0,0,1,0,0",0.5,0.6,0.5216517857142857,0.46153846153846156,0.42857142857142855,0.4444444444444444,0.4955357142857143,0.14440369606018066
"0,0,0,0,0,0,1,0,1,0,1,1,1,0,0,1,0,1,0,0,1",0.4666666666666667,0.6,0.5216517857142857,0.4642857142857143,0.9285714285714286,0.6190476190476191,0.4955357142857143,0.19359636306762695
"1,0,1,0,0,1,0,1,0,0,0,1,0,1,1,0,1,0,0,0,0",0.5,0.6,0.5216517857142857,0.46153846153846156,0.42857142857142855,0.4444444444444444,0.4955357142857143,0.1438007354736328
"1,0,0,0,1,1,0,0,0,1,0,0,0,0,1,1,1,0,0,0,0",0.5,0.6,0.5216517857142857,0.46153846153846156,0.42857142857142855,0.4444444444444444,0.4955357142857143,0.15549707412719727
"0,1,0,1,1,1,0,1,1,0,1,1,1,0,1,1,0,1,1,0,0",0.5,0.6,0.5216517857142857,0.46153846153846156,0.42857142857142855,0.4444444444444444,0.4955357142857143,0.18525195121765137
"0,0,0,0,0,1,1,0,0,1,1,1,1,0,0,1,1,0,0,0,0",0.4666666666666667,0.6,0.5216517857142857,0.4642857142857143,0.9285714285714286,0.6190476190476191,0.4955357142857143,0.16974163055419922
"1,0,1,0,0,1,0,1,0,0,1,0,0,0,1,1,1,1,0,0,0",0.4666666666666667,0.6,0.5216517857142857,0.4642857142857143,0.9285714285714286,0.6190476190476191,0.4955357142857143,0.1890411376953125
"0,0,1,0,1,1,0,0,0,0,1,1,1,1,0,0,1,0,0,0,0",0.5,0.6,0.5216517857142857,0.46153846153846156,0.42857142857142855,0.4444444444444444,0.4955357142857143,0.16549038887023926
"0,1,1,0,0,1,0,0,1,1,1,1,1,0,0,1,0,0,0,0,0",0.5,0.6,0.5216517857142857,0.46153846153846156,0.42857142857142855,0.4444444444444444,0.4955357142857143,0.16099238395690918
"1,1,1,0,0,1,1,0,1,1,1,0,0,0,0,1,0,0,1,1,1",0.4666666666666667,0.6,0.5216517857142857,0.4642857142857143,0.9285714285714286,0.6190476190476191,0.4955357142857143,0.18659639358520508
"0,0,0,0,1,0,1,1,0,1,0,0,1,0,0,1,0,1,1,1,0",0.4666666666666667,0.6,0.5216517857142857,0.4642857142857143,0.9285714285714286,0.6190476190476191,0.4955357142857143,0.1864492893218994
"0,0,1,0,1,1,1,1,1,1,1,0,0,1,1,1,0,0,1,1,0",0.43333333333333335,0.8,0.5214285714285715,0.38461538461538464,0.35714285714285715,0.37037037037037035,0.4285714285714286,0.2132248878479004
"0,0,0,0,0,1,1,0,0,1,0,0,1,0,0,1,1,0,0,0,1",0.5,0.5,0.5200892857142857,0.48148148148148145,0.9285714285714286,0.6341463414634146,0.5267857142857143,0.16040635108947754
"1,0,0,1,1,1,1,0,1,0,1,1,0,0,1,1,1,1,0,0,1",0.5333333333333333,0.5,0.5200892857142857,0.5,0.42857142857142855,0.46153846153846156,0.5267857142857143,0.20368099212646484
"1,0,0,1,0,1,1,1,1,1,0,1,0,0,0,1,1,0,0,1,1",0.5,0.5,0.5200892857142857,0.48148148148148145,0.9285714285714286,0.6341463414634146,0.5267857142857143,0.1963026523590088
"1,1,0,0,1,1,1,0,0,1,0,0,1,0,0,1,0,0,1,1,0",0.5333333333333333,0.5,0.5200892857142857,0.5,0.42857142857142855,0.46153846153846156,0.5267857142857143,0.19208192825317383
"1,0,0,0,1,0,1,0,1,1,0,0,0,1,0,1,1,0,1,0,1",0.5333333333333333,0.5,0.5200892857142857,0.5,0.42857142857142855,0.46153846153846156,0.5267857142857143,0.2144012451171875
"0,1,0,1,0,0,0,0,1,0,0,0,0,0,0,1,1,1,0,1,1",0.5,0.5,0.5200892857142857,0.48148148148148145,0.9285714285714286,0.6341463414634146,0.5267857142857143,0.19774389266967773
"0,1,1,1,0,1,0,1,1,0,0,0,1,0,1,0,0,1,0,0,0",0.5333333333333333,0.5,0.5200892857142857,0.5,0.42857142857142855,0.46153846153846156,0.5267857142857143,0.17155766487121582
"0,0,0,0,0,0,0,0,0,0,1,0,0,1,0,0,1,0,1,1,0",0.5,0.5,0.5200892857142857,0.48148148148148145,0.9285714285714286,0.6341463414634146,0.5267857142857143,0.15223479270935059
"0,0,0,0,0,1,0,1,0,1,1,1,0,1,0,0,0,0,0,1,1",0.5,0.5,0.5200892857142857,0.48148148148148145,0.9285714285714286,0.6341463414634146,0.5267857142857143,0.19252347946166992
"0,0,0,0,0,1,1,1,0,1,1,1,0,0,0,1,1,0,1,1,1",0.5,0.5,0.5200892857142857,0.48148148148148145,0.9285714285714286,0.6341463414634146,0.5267857142857143,0.20842838287353516
"0,0,0,1,0,0,1,1,0,0,0,1,0,1,1,1,0,1,0,0,0",0.5,0.5,0.5200892857142857,0.48148148148148145,0.9285714285714286,0.6341463414634146,0.5267857142857143,0.1619093418121338
"1,1,0,1,0,0,0,0,0,1,1,1,1,0,1,1,1,0,0,1,0",0.5333333333333333,0.5,0.5200892857142857,0.5,0.42857142857142855,0.46153846153846156,0.5267857142857143,0.20800495147705078
"1,0,0,0,0,1,1,1,0,1,1,0,0,0,1,0,0,1,1,0,0",0.5333333333333333,0.5,0.5200892857142857,0.5,0.42857142857142855,0.46153846153846156,0.5267857142857143,0.17391657829284668
"0,1,1,0,0,0,0,0,1,1,1,0,0,0,1,0,1,0,1,0,1",0.5,0.5,0.5200892857142857,0.48148148148148145,0.9285714285714286,0.6341463414634146,0.5267857142857143,0.21460723876953125
"1,0,0,1,1,0,0,0,1,0,1,1,1,1,1,1,0,0,1,1,1",0.5,0.5,0.5200892857142857,0.48148148148148145,0.9285714285714286,0.6341463414634146,0.5267857142857143,0.1960735321044922
"1,1,1,0,1,0,1,0,1,0,0,0,0,1,0,0,0,0,0,0,1",0.43333333333333335,0.7,0.5198660714285714,0.4444444444444444,0.8571428571428571,0.5853658536585366,0.45982142857142855,0.1833500862121582
"1,1,1,1,0,1,1,1,0,0,1,0,0,1,0,0,1,1,0,0,1",0.43333333333333335,0.7,0.5198660714285714,0.4444444444444444,0.8571428571428571,0.5853658536585366,0.45982142857142855,0.21886229515075684
"1,1,0,1,1,1,1,0,1,1,0,0,0,0,0,1,1,0,1,1,0",0.4333333333333333,0.7,0.5198660714285714,0.4444444444444444,0.8571428571428571,0.5853658536585366,0.4598214285714285,0.1659162044525146
"1,0,1,0,0,1,0,1,0,0,1,1,1,0,1,1,1,1,0,0,0",0.43333333333333335,0.7,0.5198660714285714,0.4444444444444444,0.8571428571428571,0.5853658536585366,0.45982142857142855,0.18966937065124512
"1,1,1,1,0,0,0,1,1,0,0,1,1,1,0,1,0,0,1,1,1",0.4666666666666667,0.7,0.5198660714285714,0.4166666666666667,0.35714285714285715,0.38461538461538464,0.4598214285714286,0.21439719200134277
"0,0,1,1,0,1,0,0,1,1,0,0,1,0,1,0,0,1,1,1,0",0.5666666666666667,0.4,0.5185267857142857,0.5454545454545454,0.42857142857142855,0.48,0.5580357142857143,0.20757031440734863
"0,1,0,0,0,1,0,1,1,0,1,0,0,0,0,0,1,0,1,1,0",0.5,0.6,0.5183035714285715,0.45454545454545453,0.35714285714285715,0.4,0.4910714285714286,0.17363643646240234
"0,1,0,0,0,1,1,1,1,0,1,0,0,0,0,0,1,0,1,1,0",0.5,0.6,0.5183035714285715,0.45454545454545453,0.35714285714285715,0.4,0.4910714285714286,0.1982123851776123
"0,0,1,1,0,0,0,0,1,0,1,0,1,0,0,1,0,1,1,1,0",0.5,0.6,0.5183035714285714,0.45454545454545453,0.35714285714285715,0.4,0.4910714285714286,0.19963884353637695
"0,0,0,1,0,1,0,1,1,1,0,0,0,0,0,0,0,1,1,0,0",0.5,0.6,0.5183035714285714,0.45454545454545453,0.35714285714285715,0.4,0.4910714285714286,0.17898797988891602
"0,1,0,1,0,1,1,0,0,1,0,0,0,0,0,1,1,0,1,0,1",0.5,0.6,0.5183035714285714,0.45454545454545453,0.35714285714285715,0.4,0.4910714285714286,0.19471335411071777
"1,1,1,0,1,0,1,0,0,0,0,0,0,1,1,0,1,0,0,1,1",0.43333333333333335,0.8,0.5180803571428572,0.36363636363636365,0.2857142857142857,0.32,0.42410714285714285,0.20903491973876953
"0,0,0,0,0,1,1,0,0,1,1,1,0,0,1,0,1,0,1,0,0",0.5,0.5,0.5167410714285714,0.48,0.8571428571428571,0.6153846153846154,0.5223214285714286,0.18378186225891113
"0,0,0,0,0,1,1,0,0,1,1,1,0,1,1,0,1,0,0,0,0",0.5,0.5,0.5167410714285714,0.48,0.8571428571428571,0.6153846153846154,0.5223214285714286,0.181107759475708
"0,0,0,0,0,1,1,0,0,1,1,1,0,0,1,0,0,0,1,0,0",0.5,0.5,0.5167410714285714,0.48,0.8571428571428571,0.6153846153846154,0.5223214285714286,0.16810297966003418
"0,0,0,0,0,1,1,0,0,1,1,1,0,0,1,0,0,0,0,0,0",0.5,0.5,0.5167410714285714,0.48,0.8571428571428571,0.6153846153846154,0.5223214285714286,0.16809797286987305
"1,1,1,1,1,0,1,1,0,1,0,1,1,1,0,1,0,1,0,0,0",0.5333333333333333,0.5,0.5167410714285714,0.5,0.35714285714285715,0.4166666666666667,0.5223214285714286,0.18638014793395996
"0,0,1,0,1,1,1,0,0,1,0,0,1,0,1,1,0,0,0,0,0",0.5333333333333333,0.5,0.5167410714285714,0.5,0.35714285714285715,0.4166666666666667,0.5223214285714286,0.15672707557678223
"0,0,1,0,1,1,1,1,1,0,0,1,0,0,0,0,0,0,1,1,1",0.5,0.5,0.5167410714285714,0.48,0.8571428571428571,0.6153846153846154,0.5223214285714286,0.17633581161499023
"0,0,0,0,0,1,1,0,0,1,1,1,0,0,1,0,1,0,0,0,0",0.5,0.5,0.5167410714285714,0.48,0.8571428571428571,0.6153846153846154,0.5223214285714286,0.16273164749145508
"0,0,0,0,0,0,1,0,0,1,0,0,1,0,1,1,0,0,1,1,0",0.5,0.5,0.5167410714285714,0.48,0.8571428571428571,0.6153846153846154,0.5223214285714286,0.2019667625427246
"0,0,1,0,1,1,1,1,0,1,0,0,1,0,1,1,0,0,0,0,0",0.5333333333333333,0.5,0.5167410714285714,0.5,0.35714285714285715,0.4166666666666667,0.5223214285714286,0.15982389450073242
"0,1,0,1,1,0,0,1,0,0,1,1,1,1,1,0,0,1,0,0,0",0.5,0.5,0.5167410714285714,0.48,0.8571428571428571,0.6153846153846154,0.5223214285714286,0.19115018844604492
"0,0,1,0,1,1,1,1,1,0,0,1,0,0,1,1,0,0,0,0,0",0.5333333333333333,0.5,0.5167410714285714,0.5,0.35714285714285715,0.4166666666666667,0.5223214285714286,0.18413710594177246
"1,0,0,1,1,0,0,0,0,0,1,0,1,1,0,0,0,0,0,1,1",0.5333333333333333,0.5,0.5167410714285714,0.5,0.35714285714285715,0.4166666666666667,0.5223214285714286,0.17673969268798828
"0,1,1,0,1,1,1,0,0,0,0,1,0,0,1,1,1,0,1,0,0",0.5333333333333333,0.5,0.5167410714285714,0.5,0.35714285714285715,0.4166666666666667,0.5223214285714286,0.16152143478393555
"0,0,0,0,0,1,1,0,0,1,0,0,1,0,0,1,1,0,0,1,1",0.4666666666666667,0.7,0.5165178571428571,0.4,0.2857142857142857,0.3333333333333333,0.45535714285714285,0.2529020309448242
"1,1,0,0,0,1,1,0,0,1,0,0,1,0,1,1,0,0,0,1,1",0.4666666666666667,0.7,0.5165178571428571,0.4,0.2857142857142857,0.3333333333333333,0.45535714285714285,0.194183349609375
"0,0,0,0,0,0,1,0,0,1,1,0,1,1,1,1,0,0,0,1,1",0.43333333333333335,0.7,0.5165178571428571,0.44,0.7857142857142857,0.5641025641025641,0.45535714285714285,0.21755242347717285
"1,1,1,1,1,1,1,0,1,0,0,1,1,1,0,1,1,1,1,1,1",0.43333333333333335,0.7,0.5165178571428571,0.44,0.7857142857142857,0.5641025641025641,0.45535714285714285,0.23673248291015625
"1,0,0,0,1,0,1,1,0,1,0,1,0,0,0,0,1,0,0,0,1",0.43333333333333335,0.7,0.5165178571428571,0.44,0.7857142857142857,0.5641025641025641,0.45535714285714285,0.1830141544342041
"1,1,1,1,1,1,1,1,1,1,0,1,0,0,0,1,1,1,1,0,0",0.4666666666666667,0.7,0.5165178571428571,0.4,0.2857142857142857,0.3333333333333333,0.45535714285714285,0.18087220191955566
"1,1,1,0,0,0,1,1,1,0,0,0,0,0,1,0,1,0,0,0,1",0.4666666666666667,0.7,0.5165178571428571,0.4,0.2857142857142857,0.3333333333333333,0.45535714285714285,0.17591166496276855
"1,0,0,1,0,1,1,0,0,1,1,0,1,1,1,1,0,0,0,1,1",0.43333333333333335,0.7,0.5165178571428571,0.44,0.7857142857142857,0.5641025641025641,0.45535714285714285,0.20032620429992676
"1,1,1,1,1,1,0,1,1,1,1,0,0,0,0,0,1,1,1,0,0",0.43333333333333335,0.7,0.5165178571428571,0.44,0.7857142857142857,0.5641025641025641,0.45535714285714285,0.1668097972869873
"1,1,0,0,0,1,1,0,0,1,1,1,0,0,0,0,1,1,0,0,1",0.43333333333333335,0.7,0.5165178571428571,0.44,0.7857142857142857,0.5641025641025641,0.45535714285714285,0.20288777351379395
"1,0,0,0,1,0,1,0,0,0,0,0,0,0,1,0,1,0,1,0,1",0.5,0.6,0.5149553571428571,0.4444444444444444,0.2857142857142857,0.34782608695652173,0.48660714285714285,0.19161057472229004
"1,1,1,1,0,0,0,0,0,1,1,1,0,0,0,1,0,1,0,1,0",0.5,0.6,0.5149553571428571,0.4444444444444444,0.2857142857142857,0.34782608695652173,0.48660714285714285,0.2085556983947754
"0,0,0,1,0,0,0,0,1,0,0,1,0,0,0,1,1,0,1,0,1",0.4666666666666667,0.6,0.5149553571428571,0.4583333333333333,0.7857142857142857,0.5789473684210527,0.48660714285714285,0.1866157054901123
"1,1,1,0,0,1,0,1,1,0,1,1,1,0,1,1,1,0,0,1,1",0.5,0.6,0.5149553571428571,0.4444444444444444,0.2857142857142857,0.34782608695652173,0.48660714285714285,0.2074112892150879
"0,0,0,0,1,1,1,1,1,0,1,0,1,0,0,0,0,0,0,1,1",0.5,0.6,0.5149553571428571,0.4444444444444444,0.2857142857142857,0.34782608695652173,0.48660714285714285,0.19149088859558105
"1,1,1,1,0,1,0,0,0,1,1,1,1,0,0,1,0,0,0,1,1",0.4666666666666667,0.6,0.5149553571428571,0.4583333333333333,0.7857142857142857,0.5789473684210527,0.48660714285714285,0.22313714027404785
"0,1,0,1,0,0,0,0,1,0,0,1,1,1,1,0,0,1,1,1,1",0.5,0.6,0.5149553571428571,0.4444444444444444,0.2857142857142857,0.34782608695652173,0.48660714285714285,0.24206995964050293
"1,1,0,1,1,1,0,1,0,1,0,1,1,0,0,1,0,0,1,1,0",0.4666666666666667,0.6,0.5149553571428571,0.4583333333333333,0.7857142857142857,0.5789473684210527,0.48660714285714285,0.17702627182006836
"0,1,1,0,0,0,1,0,1,0,1,1,1,0,0,0,0,0,0,0,1",0.5,0.6,0.5149553571428571,0.4444444444444444,0.2857142857142857,0.34782608695652173,0.48660714285714285,0.15051579475402832
"1,1,0,1,1,1,1,0,1,1,1,0,1,0,1,0,1,1,0,0,1",0.4666666666666667,0.6,0.5149553571428571,0.4583333333333333,0.7857142857142857,0.5789473684210527,0.48660714285714285,0.20799970626831055
"0,1,0,0,1,0,0,0,1,1,0,1,0,1,0,0,0,1,1,1,0",0.43333333333333335,0.8,0.5147321428571429,0.3333333333333333,0.21428571428571427,0.2608695652173913,0.41964285714285715,0.18468856811523438
"0,0,0,1,1,0,0,0,1,0,0,0,0,1,1,1,0,0,0,0,1",0.5,0.5,0.5133928571428571,0.4782608695652174,0.7857142857142857,0.5945945945945946,0.5178571428571428,0.1735990047454834
"0,1,0,1,0,1,0,0,0,1,0,0,1,0,0,1,1,0,0,1,1",0.5333333333333333,0.5,0.5133928571428571,0.5,0.2857142857142857,0.36363636363636365,0.5178571428571428,0.22238850593566895
"1,0,0,0,0,0,1,1,0,1,0,1,0,1,1,0,1,0,0,0,0",0.5,0.5,0.5133928571428571,0.4782608695652174,0.7857142857142857,0.5945945945945946,0.5178571428571428,0.16515088081359863
"0,0,0,0,0,1,0,0,1,0,0,1,0,1,1,0,0,1,1,0,1",0.5,0.5,0.5133928571428571,0.4782608695652174,0.7857142857142857,0.5945945945945946,0.5178571428571428,0.22235631942749023
"1,1,1,0,1,1,0,1,1,1,1,1,0,1,1,0,1,0,1,1,1",0.43333333333333335,0.7,0.5131696428571428,0.43478260869565216,0.7142857142857143,0.5405405405405406,0.45089285714285715,0.22103381156921387
"1,0,1,0,0,1,0,1,0,1,1,1,1,1,0,1,1,0,1,0,1",0.43333333333333335,0.7,0.5131696428571428,0.43478260869565216,0.7142857142857143,0.5405405405405406,0.45089285714285715,0.21243882179260254
"1,0,0,0,0,0,0,0,1,0,1,0,1,0,1,0,1,0,1,1,0",0.43333333333333335,0.7,0.5131696428571428,0.43478260869565216,0.7142857142857143,0.5405405405405406,0.45089285714285715,0.1913917064666748
"1,1,1,0,1,1,1,0,0,1,1,1,0,0,0,0,1,1,0,0,1",0.43333333333333335,0.7,0.5131696428571428,0.43478260869565216,0.7142857142857143,0.5405405405405406,0.45089285714285715,0.19617366790771484
"0,1,1,1,1,0,1,0,0,1,0,1,0,0,1,0,0,0,1,1,1",0.36666666666666664,0.9,0.5129464285714286,0.391304347826087,0.6428571428571429,0.4864864864864865,0.38392857142857145,0.19886064529418945
"0,0,1,1,1,1,1,0,1,1,1,1,0,1,0,1,0,0,0,0,1",0.5666666666666667,0.4,0.5118303571428571,0.5714285714285714,0.2857142857142857,0.38095238095238093,0.5491071428571428,0.15999817848205566
"0,1,1,1,1,0,0,1,0,0,0,0,1,0,0,1,1,0,0,0,1",0.4666666666666667,0.6,0.5116071428571429,0.45454545454545453,0.7142857142857143,0.5555555555555556,0.48214285714285715,0.18447017669677734
"0,1,1,1,1,0,0,1,0,0,0,0,0,0,0,1,1,0,0,0,1",0.4666666666666667,0.6,0.5116071428571429,0.45454545454545453,0.7142857142857143,0.5555555555555556,0.48214285714285715,0.1949326992034912
"0,0,0,1,0,0,1,1,0,0,0,1,1,1,0,0,1,1,1,0,1",0.4666666666666667,0.6,0.5116071428571429,0.45454545454545453,0.7142857142857143,0.5555555555555556,0.48214285714285715,0.21192383766174316
"1,1,0,1,0,0,1,1,0,1,0,1,0,0,1,0,0,1,1,1,1",0.5,0.6,0.5116071428571429,0.42857142857142855,0.21428571428571427,0.2857142857142857,0.48214285714285715,0.1963803768157959
"0,1,1,1,1,0,0,1,0,0,1,1,0,1,1,0,1,1,0,1,1",0.4666666666666667,0.6,0.5116071428571429,0.45454545454545453,0.7142857142857143,0.5555555555555556,0.48214285714285715,0.2391510009765625
"1,1,0,0,0,1,1,1,1,1,1,0,0,1,1,1,1,1,1,1,1",0.4666666666666667,0.6,0.5116071428571428,0.4545454545454545,0.7142857142857143,0.5555555555555556,0.4821428571428571,0.2204427719116211
"1,0,0,0,1,1,1,0,1,0,1,1,0,0,0,1,0,1,0,0,1",0.4666666666666667,0.6,0.5116071428571428,0.45454545454545453,0.7142857142857143,0.5555555555555556,0.48214285714285715,0.19821691513061523
"1,0,0,0,0,0,0,0,1,0,1,0,1,1,1,0,0,1,0,1,0",0.4666666666666667,0.6,0.5116071428571428,0.45454545454545453,0.7142857142857143,0.5555555555555556,0.48214285714285715,0.18111205101013184
"0,0,1,1,1,1,1,0,0,0,1,0,0,1,0,1,0,1,0,0,1",0.5,0.6,0.5116071428571428,0.42857142857142855,0.21428571428571427,0.2857142857142857,0.48214285714285715,0.19391989707946777
"0,1,0,1,0,1,0,0,0,0,1,1,0,0,0,1,1,0,1,1,1",0.5,0.6,0.5116071428571428,0.42857142857142855,0.21428571428571427,0.2857142857142857,0.48214285714285715,0.21263384819030762
"0,1,1,1,0,1,0,1,1,1,1,0,0,1,1,1,0,1,0,0,1",0.5,0.5,0.5100446428571429,0.47619047619047616,0.7142857142857143,0.5714285714285714,0.5133928571428572,0.17099547386169434
"0,1,0,1,0,0,0,0,0,1,0,0,1,0,0,1,1,0,1,0,1",0.5,0.5,0.5100446428571429,0.47619047619047616,0.7142857142857143,0.5714285714285714,0.5133928571428572,0.23536205291748047
"1,1,0,0,0,1,1,1,0,1,0,0,1,0,0,0,0,0,1,1,1",0.5,0.5,0.5100446428571429,0.47619047619047616,0.7142857142857143,0.5714285714285714,0.5133928571428572,0.1955091953277588
"1,1,0,0,0,1,1,0,0,1,0,0,1,0,1,1,0,0,0,1,0",0.5333333333333333,0.5,0.5100446428571428,0.5,0.21428571428571427,0.3,0.5133928571428571,0.19565963745117188
"0,0,1,0,1,1,1,1,1,0,0,1,0,0,0,1,0,0,0,1,1",0.5333333333333333,0.5,0.5100446428571428,0.5,0.21428571428571427,0.3,0.5133928571428571,0.19710183143615723
"1,1,0,0,0,1,1,0,0,1,0,0,1,0,1,1,0,0,1,1,0",0.5333333333333333,0.5,0.5100446428571428,0.5,0.21428571428571427,0.3,0.5133928571428571,0.19705796241760254
"0,1,1,0,0,1,1,1,1,1,1,1,0,1,1,1,1,0,0,0,0",0.5333333333333333,0.5,0.5100446428571428,0.5,0.21428571428571427,0.3,0.5133928571428571,0.19008541107177734
"0,1,0,0,0,1,1,0,1,1,1,1,0,1,1,1,0,1,0,1,0",0.5333333333333333,0.5,0.5100446428571428,0.5,0.21428571428571427,0.3,0.5133928571428571,0.1750926971435547
"1,0,1,0,1,1,0,0,1,1,0,0,0,0,0,1,1,1,1,0,1",0.5333333333333333,0.5,0.5100446428571428,0.5,0.21428571428571427,0.3,0.5133928571428571,0.20913434028625488
"1,0,1,0,1,0,0,0,0,1,0,0,0,0,0,0,1,1,1,0,0",0.5333333333333333,0.5,0.5100446428571428,0.5,0.21428571428571427,0.3,0.5133928571428571,0.16724300384521484
"0,1,1,0,0,1,0,0,0,0,0,0,0,1,0,1,1,0,0,0,1",0.43333333333333335,0.7,0.5098214285714286,0.42857142857142855,0.6428571428571429,0.5142857142857142,0.44642857142857145,0.18817663192749023
"1,1,0,0,0,1,0,1,1,1,0,1,0,0,0,1,0,1,1,0,0",0.43333333333333335,0.7,0.5098214285714286,0.42857142857142855,0.6428571428571429,0.5142857142857142,0.44642857142857145,0.17348098754882812
"0,0,0,1,0,0,1,1,1,0,1,0,0,0,1,0,1,1,1,0,1",0.43333333333333335,0.7,0.5098214285714286,0.42857142857142855,0.6428571428571429,0.5142857142857142,0.44642857142857145,0.21604013442993164
"0,1,0,1,0,0,0,0,1,1,1,1,0,0,1,1,0,0,0,1,1",0.43333333333333335,0.7,0.5098214285714286,0.42857142857142855,0.6428571428571429,0.5142857142857142,0.44642857142857145,0.19917631149291992
"0,1,0,0,0,0,0,0,0,1,0,0,1,1,1,1,1,0,1,0,1",0.4666666666666667,0.7,0.5098214285714285,0.3333333333333333,0.14285714285714285,0.2,0.4464285714285714,0.24607157707214355
"0,0,1,1,0,0,1,1,1,0,0,0,0,1,1,0,0,1,0,0,0",0.4666666666666667,0.7,0.5098214285714285,0.3333333333333333,0.14285714285714285,0.2,0.4464285714285714,0.1710364818572998
"0,1,0,0,1,0,0,1,1,0,0,1,0,0,1,1,1,0,0,1,1",0.5666666666666667,0.4,0.5084821428571428,0.6,0.21428571428571427,0.3157894736842105,0.5446428571428571,0.2149028778076172
"0,1,0,0,1,0,0,0,1,1,1,0,1,1,0,1,0,1,1,1,0",0.4666666666666667,0.6,0.5082589285714286,0.45,0.6428571428571429,0.5294117647058824,0.47767857142857145,0.1828765869140625
"0,0,0,0,1,1,1,0,1,1,1,0,0,0,1,1,0,1,1,1,0",0.4666666666666667,0.6,0.5082589285714286,0.45,0.6428571428571429,0.5294117647058824,0.47767857142857145,0.2146449089050293
"1,0,1,0,1,0,1,1,0,0,1,0,0,1,1,1,1,1,0,0,1",0.4666666666666667,0.6,0.5082589285714286,0.45,0.6428571428571429,0.5294117647058824,0.47767857142857145,0.19647979736328125
"1,0,1,0,1,0,0,0,1,0,1,0,0,0,1,0,1,0,0,0,0",0.5,0.6,0.5082589285714285,0.4,0.14285714285714285,0.21052631578947367,0.4776785714285714,0.1753101348876953
"1,1,0,1,1,0,0,0,0,1,1,0,1,1,0,1,0,1,0,0,0",0.5,0.6,0.5082589285714285,0.4,0.14285714285714285,0.21052631578947367,0.4776785714285714,0.1767587661743164
"0,1,0,0,1,0,0,0,1,0,1,0,0,1,1,1,0,0,0,1,0",0.5,0.6,0.5082589285714285,0.4,0.14285714285714285,0.21052631578947367,0.4776785714285714,0.21506142616271973
"1,0,0,1,0,0,0,1,1,1,1,0,1,0,0,0,0,0,1,0,1",0.5,0.6,0.5082589285714285,0.4,0.14285714285714285,0.21052631578947367,0.4776785714285714,0.1908886432647705
"1,0,1,0,0,0,0,0,1,1,1,1,0,1,1,1,0,0,1,0,0",0.5,0.6,0.5082589285714285,0.4,0.14285714285714285,0.21052631578947367,0.4776785714285714,0.18221354484558105
"1,0,0,1,0,0,1,0,0,1,1,0,0,1,0,0,1,1,1,0,0",0.5,0.6,0.5082589285714285,0.4,0.14285714285714285,0.21052631578947367,0.4776785714285714,0.16028451919555664
"1,1,0,0,0,0,1,0,1,0,0,1,0,1,0,1,1,1,1,1,0",0.5,0.6,0.5082589285714285,0.4,0.14285714285714285,0.21052631578947367,0.4776785714285714,0.21957683563232422
"1,1,0,1,1,0,0,0,0,1,1,0,1,1,0,1,0,1,1,0,0",0.5,0.6,0.5082589285714285,0.4,0.14285714285714285,0.21052631578947367,0.4776785714285714,0.16902375221252441
"0,1,0,1,1,0,0,0,1,1,1,1,0,1,0,0,1,0,1,0,0",0.4,0.8,0.5080357142857144,0.4,0.5714285714285714,0.47058823529411764,0.4107142857142857,0.14380478858947754
"1,1,0,0,0,1,1,0,0,1,1,0,1,1,1,1,0,0,0,0,1",0.4,0.8,0.5080357142857144,0.4,0.5714285714285714,0.47058823529411764,0.4107142857142857,0.19377732276916504
"1,0,0,0,1,0,1,0,0,0,0,0,0,1,0,0,0,1,0,0,0",0.4,0.8,0.5080357142857144,0.4,0.5714285714285714,0.47058823529411764,0.4107142857142857,0.13823747634887695
"0,1,0,1,1,0,0,0,0,1,1,1,1,0,0,1,0,0,0,0,0",0.4,0.8,0.5080357142857144,0.4,0.5714285714285714,0.47058823529411764,0.4107142857142857,0.15334153175354004
"0,0,0,0,0,0,0,0,1,0,0,0,1,1,0,1,0,1,0,0,0",0.4,0.8,0.5080357142857144,0.4,0.5714285714285714,0.47058823529411764,0.4107142857142857,0.14556479454040527
"1,1,0,0,1,0,1,0,1,0,1,0,1,1,1,0,1,0,0,1,0",0.5333333333333333,0.5,0.5066964285714286,0.5,0.14285714285714285,0.2222222222222222,0.5089285714285714,0.17852163314819336
"0,0,1,0,1,0,0,1,0,1,0,1,1,1,1,1,0,1,1,0,1",0.5,0.5,0.5066964285714286,0.47368421052631576,0.6428571428571429,0.5454545454545454,0.5089285714285714,0.21891498565673828
"0,1,0,1,1,1,0,0,1,1,1,1,0,1,0,1,1,0,0,1,1",0.5333333333333333,0.5,0.5066964285714286,0.5,0.14285714285714285,0.2222222222222222,0.5089285714285714,0.21396088600158691
"0,1,0,1,0,0,0,0,0,1,0,0,1,0,0,1,0,0,1,1,1",0.5333333333333333,0.5,0.5066964285714286,0.5,0.14285714285714285,0.2222222222222222,0.5089285714285714,0.23526549339294434
"1,1,0,1,0,0,1,0,1,0,0,0,1,0,1,1,0,1,0,0,0",0.5333333333333333,0.5,0.5066964285714286,0.5,0.14285714285714285,0.2222222222222222,0.5089285714285714,0.18091773986816406
"1,1,1,0,0,0,0,1,1,0,1,0,0,1,1,0,0,1,0,0,0",0.5,0.5,0.5066964285714286,0.47368421052631576,0.6428571428571429,0.5454545454545454,0.5089285714285714,0.18510866165161133
"1,1,0,0,0,1,1,1,0,1,0,0,0,0,0,1,0,0,1,1,1",0.5,0.5,0.5066964285714286,0.47368421052631576,0.6428571428571429,0.5454545454545454,0.5089285714285714,0.20284700393676758
"1,0,0,1,1,1,0,0,0,1,1,0,1,1,1,1,1,0,0,0,0",0.5333333333333333,0.5,0.5066964285714286,0.5,0.14285714285714285,0.2222222222222222,0.5089285714285714,0.17175793647766113
"1,0,1,1,0,1,0,0,0,0,1,0,0,0,1,0,1,0,0,0,0",0.5333333333333333,0.5,0.5066964285714286,0.5,0.14285714285714285,0.2222222222222222,0.5089285714285714,0.16268587112426758
"0,0,0,0,0,0,1,1,1,0,1,1,0,0,1,1,0,0,0,0,1",0.5333333333333333,0.5,0.5066964285714286,0.5,0.14285714285714285,0.2222222222222222,0.5089285714285714,0.15366506576538086
"1,1,1,0,0,1,0,1,1,1,0,1,1,1,0,0,0,0,1,1,1",0.5333333333333333,0.5,0.5066964285714286,0.5,0.14285714285714285,0.2222222222222222,0.5089285714285714,0.20543646812438965
"0,1,1,1,0,1,0,1,1,1,0,0,0,0,0,1,0,0,1,1,1",0.5333333333333333,0.5,0.5066964285714286,0.5,0.14285714285714285,0.2222222222222222,0.5089285714285714,0.20064544677734375
"0,0,1,0,0,0,1,1,1,1,0,0,0,0,1,1,0,1,0,0,1",0.4666666666666667,0.7,0.5064732142857142,0.25,0.07142857142857142,0.1111111111111111,0.4419642857142857,0.2020556926727295
"1,0,1,0,1,0,1,1,0,0,1,1,0,0,0,0,0,1,1,1,1",0.4666666666666667,0.7,0.5064732142857142,0.25,0.07142857142857142,0.1111111111111111,0.4419642857142857,0.20669221878051758
"1,1,1,0,0,0,1,1,0,1,1,1,1,1,0,0,0,0,1,0,0",0.5666666666666667,0.4,0.5051339285714286,0.6666666666666666,0.14285714285714285,0.23529411764705882,0.5401785714285714,0.14976787567138672
"0,1,0,1,0,0,0,0,0,1,0,0,1,0,1,1,0,0,0,0,0",0.5666666666666667,0.4,0.5051339285714286,0.6666666666666666,0.14285714285714285,0.23529411764705882,0.5401785714285714,0.16700387001037598
"1,0,0,1,0,0,0,1,1,1,1,0,0,0,0,1,1,0,1,0,0",0.5666666666666667,0.4,0.5051339285714286,0.6666666666666666,0.14285714285714285,0.23529411764705882,0.5401785714285714,0.1605205535888672
"0,1,0,0,0,0,0,0,0,0,0,1,1,1,1,0,1,0,0,0,0",0.5666666666666667,0.4,0.5051339285714286,0.6666666666666666,0.14285714285714285,0.23529411764705882,0.5401785714285714,0.1416935920715332
"0,0,0,1,1,0,1,1,1,1,1,0,0,0,0,1,0,0,1,1,1",0.4666666666666667,0.6,0.5049107142857143,0.4444444444444444,0.5714285714285714,0.5,0.4732142857142857,0.2006850242614746
"0,1,0,0,1,1,1,0,0,1,0,0,1,1,1,1,0,0,0,0,1",0.5,0.6,0.5049107142857143,0.3333333333333333,0.07142857142857142,0.11764705882352941,0.4732142857142857,0.2077646255493164
"0,1,1,1,0,1,1,1,0,0,0,0,1,1,1,0,1,1,0,0,0",0.4666666666666667,0.6,0.5049107142857143,0.4444444444444444,0.5714285714285714,0.5,0.4732142857142857,0.19165802001953125
"0,1,1,0,0,1,1,1,0,0,0,1,1,0,1,1,1,1,1,0,0",0.5,0.6,0.5049107142857143,0.3333333333333333,0.07142857142857142,0.11764705882352941,0.4732142857142857,0.1987457275390625
"1,1,0,1,1,0,1,0,1,1,1,0,1,0,1,0,1,1,0,0,1",0.5,0.6,0.5049107142857143,0.3333333333333333,0.07142857142857142,0.11764705882352941,0.4732142857142857,0.17592549324035645
"0,1,1,0,0,1,0,1,1,1,1,0,0,1,1,1,0,0,0,1,1",0.5,0.6,0.5049107142857143,0.3333333333333333,0.07142857142857142,0.11764705882352941,0.4732142857142857,0.21336913108825684
"0,0,0,1,0,0,1,1,1,0,1,1,0,1,1,1,1,1,0,1,0",0.43333333333333335,0.8,0.5046875,0.0,0.0,0.0,0.40625,0.2039632797241211
"1,0,0,0,0,1,0,0,1,0,0,0,1,1,0,1,0,1,0,0,0",0.5,0.5,0.5033482142857143,0.47058823529411764,0.5714285714285714,0.5161290322580645,0.5044642857142857,0.16797304153442383
"0,0,0,0,0,0,1,1,1,0,1,1,0,1,0,0,0,0,0,1,1",0.5,0.5,0.5033482142857143,0.47058823529411764,0.5714285714285714,0.5161290322580645,0.5044642857142857,0.1798849105834961
"0,1,1,1,0,1,1,0,1,1,1,0,1,1,0,1,1,0,0,1,1",0.5333333333333333,0.5,0.5033482142857143,0.5,0.07142857142857142,0.125,0.5044642857142857,0.2081773281097412
"0,0,0,1,0,1,1,0,0,0,0,0,1,0,0,1,0,0,0,0,1",0.5,0.5,0.5033482142857143,0.47058823529411764,0.5714285714285714,0.5161290322580645,0.5044642857142857,0.17596817016601562
"0,1,0,1,0,0,1,1,0,1,1,1,0,0,0,1,1,1,0,0,0",0.5333333333333333,0.5,0.5033482142857143,0.5,0.07142857142857142,0.125,0.5044642857142857,0.16881036758422852
"0,1,1,1,0,1,1,0,0,1,0,0,1,0,1,1,0,0,0,0,1",0.5333333333333333,0.5,0.5033482142857143,0.5,0.07142857142857142,0.125,0.5044642857142857,0.19562554359436035
"0,1,1,0,0,1,1,0,1,0,0,0,0,0,1,1,0,0,1,1,1",0.5333333333333333,0.5,0.5033482142857143,0.5,0.07142857142857142,0.125,0.5044642857142857,0.19313383102416992
"1,0,0,1,1,1,1,1,0,1,0,1,1,0,0,1,0,0,1,0,1",0.5333333333333333,0.5,0.5033482142857143,0.5,0.0714285714285714,0.125,0.5044642857142857,0.2120873928070068
"0,1,1,1,0,1,0,1,1,0,0,1,0,0,0,1,0,0,1,0,0",0.5333333333333333,0.5,0.5033482142857143,0.5,0.07142857142857142,0.125,0.5044642857142857,0.1447007656097412
"1,1,1,0,0,1,1,1,1,1,0,0,0,1,0,1,0,0,0,0,0",0.5333333333333333,0.5,0.5033482142857143,0.5,0.07142857142857142,0.125,0.5044642857142857,0.15838313102722168
"1,1,0,0,1,1,0,1,0,0,0,0,0,0,0,0,0,0,1,0,0",0.5333333333333333,0.5,0.5033482142857143,0.5,0.07142857142857142,0.125,0.5044642857142857,0.15186023712158203
"0,1,1,0,1,1,0,0,1,1,0,0,0,0,1,0,1,0,0,1,0",0.5333333333333333,0.5,0.5033482142857143,0.5,0.07142857142857142,0.125,0.5044642857142857,0.18957257270812988
"1,1,0,1,0,1,0,0,1,0,0,1,1,1,1,1,0,1,1,1,1",0.5333333333333333,0.5,0.5033482142857143,0.5,0.07142857142857142,0.125,0.5044642857142857,0.19432568550109863
"0,1,1,1,0,1,0,0,1,1,0,0,1,1,0,1,0,0,0,0,0",0.5333333333333333,0.5,0.5033482142857143,0.5,0.07142857142857142,0.125,0.5044642857142857,0.1422100067138672
"0,0,1,0,1,0,1,0,1,1,1,0,0,1,1,0,0,0,1,1,1",0.5333333333333333,0.5,0.5033482142857143,0.5,0.07142857142857142,0.125,0.5044642857142857,0.2026658058166504
"1,0,0,1,1,1,1,1,0,1,0,1,0,1,0,0,0,0,1,0,0",0.5333333333333333,0.5,0.5033482142857143,0.5,0.07142857142857142,0.125,0.5044642857142857,0.1557607650756836
"0,0,1,1,1,1,1,1,1,1,1,0,0,1,1,1,0,0,1,1,0",0.5333333333333333,0.5,0.5033482142857143,0.5,0.07142857142857142,0.125,0.5044642857142857,0.20393586158752441
"1,0,1,1,0,1,0,1,1,1,0,1,0,1,0,0,0,1,0,1,0",0.5333333333333333,0.5,0.5033482142857143,0.5,0.07142857142857142,0.125,0.5044642857142857,0.20510196685791016
"0,1,1,1,0,1,0,0,0,1,0,0,1,0,1,1,0,0,0,0,1",0.5333333333333333,0.5,0.5033482142857143,0.5,0.0714285714285714,0.125,0.5044642857142857,0.1897597312927246
"1,0,0,1,1,1,0,0,1,1,0,1,1,1,0,0,0,0,1,0,0",0.5333333333333333,0.5,0.5033482142857143,0.5,0.07142857142857142,0.125,0.5044642857142857,0.1589043140411377
"0,0,1,1,0,0,1,0,0,1,0,0,1,0,0,1,1,0,0,0,1",0.5333333333333333,0.5,0.5033482142857143,0.5,0.07142857142857142,0.125,0.5044642857142857,0.18400359153747559
"1,0,1,0,1,0,1,1,1,1,1,1,1,1,0,1,0,0,1,1,1",0.5333333333333333,0.5,0.5033482142857143,0.5,0.07142857142857142,0.125,0.5044642857142857,0.20743966102600098
"1,1,0,0,1,0,1,0,0,1,1,1,1,1,0,0,1,1,0,1,0",0.5,0.5,0.5033482142857143,0.47058823529411764,0.5714285714285714,0.5161290322580645,0.5044642857142857,0.18500328063964844
"1,0,0,1,1,0,0,1,0,0,0,0,0,0,0,1,0,1,0,1,1",0.4666666666666667,0.7,0.503125,0.0,0.0,0.0,0.4375,0.18524837493896484
"0,0,1,1,1,0,0,0,0,1,1,0,1,1,0,0,1,1,1,1,0",0.43333333333333335,0.7,0.503125,0.4117647058823529,0.5,0.45161290322580644,0.4375,0.20729374885559082
"1,0,0,1,1,0,0,0,1,0,1,1,1,0,1,0,0,0,1,0,1",0.43333333333333335,0.7,0.503125,0.4117647058823529,0.5,0.45161290322580644,0.4375,0.17938733100891113
"0,0,1,0,0,0,0,0,0,0,1,0,0,1,1,1,1,1,0,1,0",0.5666666666666667,0.4,0.5017857142857143,1.0,0.07142857142857142,0.13333333333333333,0.5357142857142857,0.20263218879699707
"1,1,0,1,0,0,0,0,1,0,0,0,0,1,0,0,0,0,1,1,1",0.4666666666666667,0.6,0.5015625,0.4375,0.5,0.4666666666666667,0.46875,0.2015821933746338
"0,1,1,1,0,0,1,1,1,1,1,0,0,1,1,1,1,1,1,1,1",0.5,0.6,0.5015625,0.0,0.0,0.0,0.46875,0.23537015914916992
"0,1,0,1,0,0,1,1,0,0,0,1,1,0,1,0,1,1,0,0,0",0.5,0.6,0.5015625,0.0,0.0,0.0,0.46875,0.19702410697937012
"0,0,0,0,1,0,1,1,0,1,1,1,0,1,1,0,0,1,1,1,1",0.5,0.6,0.5015625,0.0,0.0,0.0,0.46875,0.21199488639831543
"0,0,1,1,0,0,0,0,0,1,0,0,1,0,0,0,1,0,0,1,1",0.5,0.6,0.5015625,0.0,0.0,0.0,0.46875,0.21491694450378418
"0,1,1,1,0,1,1,0,1,1,1,1,1,0,1,1,0,1,0,1,1",0.4666666666666667,0.6,0.5015625,0.4375,0.5,0.4666666666666667,0.46875,0.21268296241760254
"1,0,0,0,0,0,0,1,1,0,1,0,0,1,1,0,1,0,1,0,0",0.4666666666666667,0.6,0.5015625,0.4375,0.5,0.4666666666666667,0.46875,0.1653308868408203
"1,0,1,1,0,0,0,1,0,0,1,1,0,0,1,0,0,0,0,0,0",0.4666666666666667,0.6,0.5015625,0.4375,0.5,0.4666666666666667,0.46875,0.17331290245056152
"1,1,1,0,0,0,1,1,0,1,1,1,0,0,0,0,1,0,1,0,1",0.5,0.6,0.5015625,0.0,0.0,0.0,0.46875,0.2044682502746582
"0,1,0,1,0,1,1,0,0,1,0,0,1,0,0,1,1,0,0,1,1",0.5,0.6,0.5015625,0.0,0.0,0.0,0.46875,0.22454094886779785
"1,0,0,0,0,0,1,1,1,0,1,1,1,0,0,0,1,1,0,1,1",0.5,0.6,0.5015625,0.0,0.0,0.0,0.46875,0.20450592041015625
"1,0,0,0,1,0,1,0,1,0,0,1,0,0,1,0,0,0,0,1,0",0.5,0.6,0.5015625,0.0,0.0,0.0,0.46875,0.18558621406555176
"0,1,0,0,0,1,0,1,0,0,0,0,0,0,0,1,0,1,0,1,0",0.4666666666666667,0.6,0.5015625,0.4375,0.5,0.4666666666666667,0.46875,0.17733979225158691
"1,0,0,1,1,0,1,0,0,0,0,0,1,1,0,0,1,1,1,0,0",0.4,0.8,0.5013392857142858,0.375,0.42857142857142855,0.4,0.4017857142857143,0.13947033882141113
"0,0,0,0,1,0,0,1,1,0,0,0,1,0,1,1,1,0,1,0,0",0.4,0.8,0.5013392857142858,0.375,0.42857142857142855,0.4,0.4017857142857143,0.1425161361694336
"1,0,0,0,0,0,0,1,1,1,0,1,0,0,1,1,0,0,0,0,0",0.4,0.8,0.5013392857142858,0.375,0.42857142857142855,0.4,0.4017857142857143,0.1570737361907959
"1,0,0,1,0,0,1,0,0,1,0,0,1,0,0,1,1,1,0,0,0",0.4,0.8,0.5013392857142858,0.375,0.42857142857142855,0.4,0.4017857142857143,0.13667511940002441
"1,0,1,0,0,0,0,0,0,0,0,0,0,1,0,0,1,0,0,1,0",0.4,0.8,0.5013392857142858,0.375,0.42857142857142855,0.4,0.4017857142857143,0.1423945426940918
"0,1,0,1,0,0,1,1,1,0,0,1,1,0,1,1,1,0,0,0,0",0.5,0.5,0.5,0.4666666666666667,0.5,0.4827586206896552,0.5,0.17204761505126953
"1,1,1,0,1,0,1,0,1,1,1,1,1,0,0,0,0,0,1,1,1",0.5333333333333333,0.5,0.5,0.0,0.0,0.0,0.5,0.19697022438049316
"1,1,0,1,1,0,0,0,0,0,1,1,0,0,1,1,1,0,1,0,0",0.5,0.5,0.5,0.4666666666666667,0.5,0.4827586206896552,0.5,0.1803417205810547
"1,0,1,0,0,0,0,1,0,0,0,0,0,0,1,1,1,0,0,1,0",0.5333333333333333,0.5,0.5,0.0,0.0,0.0,0.5,0.20017743110656738
"0,1,0,1,0,0,0,0,0,1,1,0,1,0,0,1,1,0,0,0,1",0.5333333333333333,0.5,0.5,0.0,0.0,0.0,0.5,0.1964707374572754
"0,1,0,0,1,0,1,1,0,0,1,1,0,1,1,1,1,0,0,0,1",0.5333333333333333,0.5,0.5,0.0,0.0,0.0,0.5,0.19400668144226074
"1,0,0,1,1,0,0,0,1,1,0,1,0,1,0,0,1,1,0,0,1",0.5333333333333333,0.5,0.5,0.0,0.0,0.0,0.5,0.20825529098510742
"1,1,1,0,0,1,0,1,0,1,0,1,1,0,1,0,0,0,1,1,0",0.5333333333333333,0.5,0.5,0.0,0.0,0.0,0.5,0.19388246536254883
"0,0,0,0,0,0,0,0,0,0,0,0,1,1,0,1,0,1,0,0,0",0.5333333333333333,0.5,0.5,0.0,0.0,0.0,0.5,0.11956357955932617
"0,0,0,1,0,1,0,0,0,1,0,0,1,0,1,1,0,0,0,0,0",0.4666666666666667,0.5,0.5,0.4666666666666667,1.0,0.6363636363636364,0.5,0.14772748947143555
"0,0,0,1,0,1,0,1,1,0,0,0,1,0,1,1,0,0,0,0,0",0.4666666666666667,0.5,0.5,0.4666666666666667,1.0,0.6363636363636364,0.5,0.14064955711364746
"1,0,0,1,1,0,0,0,0,0,0,1,1,0,0,1,1,1,0,0,0",0.5333333333333333,0.5,0.5,0.0,0.0,0.0,0.5,0.17967891693115234
"1,0,1,1,0,0,1,1,1,1,0,0,0,0,0,1,1,0,0,1,1",0.5333333333333333,0.5,0.5,0.0,0.0,0.0,0.5,0.2156062126159668
"0,1,1,0,0,0,0,1,0,1,0,0,1,0,1,0,1,1,1,1,1",0.5333333333333333,0.5,0.5,0.0,0.0,0.0,0.5,0.21675467491149902
"1,1,1,0,0,0,1,1,1,0,0,1,0,0,1,0,0,1,0,0,0",0.5333333333333333,0.5,0.5,0.0,0.0,0.0,0.5,0.16026902198791504
"0,0,0,1,1,0,0,0,1,0,1,0,1,1,1,0,0,0,0,0,0",0.5333333333333333,0.5,0.5,0.0,0.0,0.0,0.5,0.15935134887695312
"0,1,0,1,0,0,0,0,0,1,0,1,1,0,0,1,1,0,0,1,1",0.5333333333333333,0.5,0.5,0.0,0.0,0.0,0.5,0.20792627334594727
"0,1,1,1,0,0,1,0,0,1,0,0,1,0,0,1,1,0,0,0,1",0.5333333333333333,0.5,0.5,0.0,0.0,0.0,0.5,0.2095499038696289
"0,1,0,0,1,1,1,1,0,0,0,0,1,0,0,1,1,0,0,0,1",0.5333333333333333,0.5,0.5,0.0,0.0,0.0,0.5,0.17668437957763672
"0,0,0,0,0,0,1,1,0,0,0,0,0,0,1,1,0,0,1,1,0",0.4666666666666667,0.5,0.5,0.4666666666666667,1.0,0.6363636363636364,0.5,0.18869948387145996
"0,1,0,1,0,0,0,0,0,0,1,1,0,0,0,1,1,0,1,1,1",0.5333333333333333,0.5,0.5,0.0,0.0,0.0,0.5,0.21241378784179688
"1,0,1,1,1,1,0,0,0,1,0,0,0,0,0,1,0,1,1,0,0",0.4666666666666667,0.5,0.5,0.4666666666666667,1.0,0.6363636363636364,0.5,0.16242146492004395
"0,0,0,1,1,0,0,0,1,1,0,1,1,1,0,0,0,1,0,0,0",0.5333333333333333,0.5,0.5,0.0,0.0,0.0,0.5,0.14239287376403809
"1,1,0,1,0,1,0,0,0,0,0,0,1,1,0,1,0,0,1,1,0",0.5333333333333333,0.5,0.5,0.0,0.0,0.0,0.5,0.16342949867248535
"1,1,0,0,1,0,0,0,0,0,0,0,1,0,0,1,1,1,1,1,0",0.4666666666666667,0.5,0.5,0.4666666666666667,1.0,0.6363636363636364,0.5,0.1745140552520752
"1,1,0,0,1,1,1,0,1,0,0,1,1,1,0,0,1,0,0,1,1",0.5333333333333333,0.5,0.5,0.0,0.0,0.0,0.5,0.22999787330627441
"0,1,0,1,0,1,1,0,1,1,1,1,0,1,0,1,0,1,0,0,0",0.5333333333333333,0.5,0.5,0.0,0.0,0.0,0.5,0.18311047554016113
"0,0,0,0,0,1,0,0,1,1,0,0,0,1,0,1,1,1,0,1,0",0.4666666666666667,0.5,0.5,0.4666666666666667,1.0,0.6363636363636364,0.5,0.18157696723937988
"1,0,1,0,1,1,1,1,1,0,0,1,0,0,0,1,0,0,1,1,0",0.5333333333333333,0.5,0.5,0.0,0.0,0.0,0.5,0.1830294132232666
"1,0,1,1,1,1,1,0,0,1,0,0,0,1,0,0,1,1,0,0,0",0.4666666666666667,0.5,0.5,0.4666666666666667,1.0,0.6363636363636364,0.5,0.14890694618225098
"0,0,1,0,1,0,0,0,0,0,1,1,0,0,0,1,1,0,1,1,1",0.5333333333333333,0.5,0.5,0.0,0.0,0.0,0.5,0.19200491905212402
"0,0,1,0,1,0,0,1,1,0,1,0,0,0,1,1,0,0,0,1,0",0.5333333333333333,0.5,0.5,0.0,0.0,0.0,0.5,0.20315980911254883
"0,0,1,1,0,0,0,0,0,0,1,1,0,0,1,1,0,0,0,0,0",0.5333333333333333,0.5,0.5,0.0,0.0,0.0,0.5,0.16285347938537598
"0,1,0,1,1,0,0,1,0,0,0,0,0,1,1,0,1,0,1,0,1",0.5333333333333333,0.5,0.5,0.0,0.0,0.0,0.5,0.21109557151794434
"1,1,0,0,0,1,1,0,0,1,0,0,1,1,1,0,0,1,0,0,1",0.5,0.5,0.5,0.4666666666666667,0.5,0.4827586206896552,0.5,0.17966842651367188
"1,1,0,1,0,0,0,1,1,0,0,0,1,0,0,0,0,1,1,1,0",0.5333333333333333,0.5,0.5,0.0,0.0,0.0,0.5,0.17934942245483398
"1,1,0,1,1,0,1,1,1,0,0,1,0,1,0,1,0,1,1,0,1",0.4666666666666667,0.5,0.5,0.4666666666666667,1.0,0.6363636363636364,0.5,0.2045609951019287
"1,1,0,0,1,0,1,1,1,0,1,1,1,0,0,0,0,1,1,1,0",0.5333333333333333,0.5,0.5,0.0,0.0,0.0,0.5,0.2273702621459961
"1,0,0,1,1,0,0,0,1,1,0,1,1,1,0,0,1,1,0,0,1",0.5333333333333333,0.5,0.5,0.0,0.0,0.0,0.5,0.19040298461914062
"0,1,1,1,0,0,1,0,1,0,0,1,1,1,1,1,0,0,1,1,0",0.4666666666666667,0.5,0.5,0.4666666666666667,1.0,0.6363636363636364,0.5,0.2439100742340088
"1,1,1,1,1,0,1,1,0,1,0,1,1,1,1,1,1,1,1,1,0",0.5333333333333333,0.5,0.5,0.0,0.0,0.0,0.5,0.20841360092163086
"1,1,1,0,1,1,1,1,0,1,1,1,0,0,1,1,0,1,1,0,1",0.4666666666666667,0.5,0.5,0.4666666666666667,1.0,0.6363636363636364,0.5,0.19893264770507812
"1,1,0,1,1,1,0,0,0,0,1,1,1,0,1,1,0,0,0,1,0",0.4666666666666667,0.5,0.5,0.4666666666666667,1.0,0.6363636363636364,0.5,0.20453786849975586
"0,0,1,0,1,0,0,0,1,1,1,1,1,1,1,0,0,0,0,1,1",0.5333333333333333,0.5,0.5,0.0,0.0,0.0,0.5,0.20610666275024414
"0,0,1,1,1,0,1,1,0,0,0,1,0,0,1,1,0,0,1,0,0",0.5333333333333333,0.5,0.5,0.0,0.0,0.0,0.5,0.15459609031677246
"1,0,1,0,0,1,0,0,1,1,1,1,1,0,1,1,1,1,0,1,0",0.4666666666666667,0.5,0.5,0.4666666666666667,1.0,0.6363636363636364,0.5,0.1967470645904541
"0,0,1,0,1,0,0,1,0,1,0,0,0,0,1,0,0,1,1,1,1",0.5333333333333333,0.5,0.5,0.0,0.0,0.0,0.5,0.21990561485290527
"1,1,1,1,1,1,1,1,0,1,0,0,0,1,1,1,1,0,0,1,0",0.4666666666666667,0.5,0.5,0.4666666666666667,1.0,0.6363636363636364,0.5,0.20516133308410645
"0,1,0,1,0,0,0,0,1,0,0,0,0,0,0,1,1,0,0,0,1",0.5333333333333333,0.5,0.5,0.0,0.0,0.0,0.5,0.15677833557128906
"0,0,0,0,1,1,0,0,1,1,0,0,0,0,0,0,1,1,0,0,1",0.4666666666666667,0.5,0.5,0.4666666666666667,1.0,0.6363636363636364,0.5,0.16912317276000977
"0,0,1,1,1,1,0,1,0,0,0,0,0,1,1,1,1,0,1,1,1",0.5333333333333333,0.5,0.5,0.0,0.0,0.0,0.5,0.1999833583831787
"1,1,1,1,0,1,0,1,1,0,0,1,1,1,1,0,0,1,0,0,1",0.4666666666666667,0.5,0.5,0.4666666666666667,1.0,0.6363636363636364,0.5,0.2372143268585205
"1,0,1,1,0,1,0,1,1,1,0,1,0,1,0,1,1,0,0,1,0",0.5333333333333333,0.5,0.5,0.0,0.0,0.0,0.5,0.1752476692199707
"1,1,1,1,0,1,0,1,1,1,1,0,0,1,1,1,0,0,1,1,0",0.4666666666666667,0.5,0.5,0.4666666666666667,1.0,0.6363636363636364,0.5,0.18695449829101562
"0,1,0,1,0,1,1,0,0,1,1,1,0,0,0,0,1,1,0,0,1",0.5333333333333333,0.5,0.5,0.0,0.0,0.0,0.5,0.19666099548339844
"0,1,1,1,0,1,0,1,1,1,1,0,0,0,0,1,0,0,0,0,1",0.5333333333333333,0.5,0.5,0.0,0.0,0.0,0.5,0.17026400566101074
"0,0,0,1,1,1,1,0,0,0,0,1,1,0,1,0,0,1,1,0,0",0.5333333333333333,0.5,0.5,0.0,0.0,0.0,0.5,0.19610214233398438
"0,1,1,1,0,1,0,0,0,0,0,0,0,1,0,1,0,1,1,1,0",0.5333333333333333,0.5,0.5,0.0,0.0,0.0,0.5,0.1667344570159912
"1,1,0,0,1,0,0,1,1,0,1,0,0,0,0,0,1,1,1,1,1",0.5333333333333333,0.5,0.5,0.0,0.0,0.0,0.5,0.20784497261047363
"0,0,0,0,1,1,0,0,1,0,0,0,1,1,1,0,0,0,1,0,0",0.4666666666666667,0.5,0.5,0.4666666666666667,1.0,0.6363636363636364,0.5,0.14329767227172852
"1,1,1,1,0,1,0,0,0,0,0,1,1,1,1,0,1,1,1,0,0",0.4666666666666667,0.5,0.5,0.4666666666666667,1.0,0.6363636363636364,0.5,0.18743562698364258
"1,1,0,1,1,1,1,1,0,0,1,0,1,0,1,0,1,0,1,1,1",0.43333333333333335,0.7,0.4997767857142857,0.4,0.42857142857142855,0.41379310344827586,0.4330357142857143,0.21967697143554688
"0,0,1,0,1,0,0,1,1,1,1,1,0,0,1,1,0,1,0,0,0",0.36666666666666664,0.9,0.4995535714285715,0.3333333333333333,0.35714285714285715,0.3448275862068966,0.3660714285714286,0.1849651336669922
"0,0,0,1,1,0,0,0,1,1,0,0,0,1,1,0,1,1,0,1,0",0.36666666666666664,0.9,0.4995535714285715,0.3333333333333333,0.35714285714285715,0.3448275862068966,0.3660714285714286,0.17666029930114746
"1,1,0,1,1,1,0,0,0,1,1,0,1,1,1,0,0,0,0,1,0",0.43333333333333335,0.6,0.4982142857142857,0.4482758620689655,0.9285714285714286,0.6046511627906976,0.4642857142857143,0.1913151741027832
"0,1,0,0,0,1,1,1,0,1,0,0,1,0,1,1,0,0,0,0,0",0.43333333333333335,0.6,0.4982142857142857,0.4482758620689655,0.9285714285714286,0.6046511627906976,0.4642857142857143,0.1655564308166504
"0,0,1,0,0,1,1,1,1,0,0,0,0,1,0,0,1,1,0,0,0",0.43333333333333335,0.6,0.4982142857142857,0.4482758620689655,0.9285714285714286,0.6046511627906976,0.4642857142857143,0.1731703281402588
"0,1,0,0,0,1,1,0,0,1,0,0,1,0,1,1,0,0,0,0,0",0.43333333333333335,0.6,0.4982142857142857,0.4482758620689655,0.9285714285714286,0.6046511627906976,0.4642857142857143,0.19194817543029785
"1,0,0,1,1,1,0,1,1,0,1,1,1,1,1,0,1,0,1,0,0",0.5,0.5,0.4966517857142857,0.46153846153846156,0.42857142857142855,0.4444444444444444,0.4955357142857143,0.17892980575561523
"0,1,1,0,1,0,1,0,0,1,0,0,1,1,1,1,1,0,1,1,1",0.4666666666666667,0.5,0.4966517857142857,0.4642857142857143,0.9285714285714286,0.6190476190476191,0.4955357142857143,0.21059179306030273
"1,1,0,1,0,0,0,0,0,0,1,1,0,0,0,1,1,0,1,1,0",0.5,0.5,0.4966517857142857,0.46153846153846156,0.42857142857142855,0.4444444444444444,0.4955357142857143,0.17343807220458984
"1,1,0,0,1,1,1,1,0,0,1,0,0,1,0,0,1,0,0,1,0",0.5,0.5,0.4966517857142857,0.46153846153846156,0.42857142857142855,0.4444444444444444,0.4955357142857143,0.17444896697998047
"0,1,1,1,1,0,0,0,0,0,0,0,1,1,0,1,0,0,0,1,1",0.4666666666666667,0.5,0.4966517857142857,0.4642857142857143,0.9285714285714286,0.6190476190476191,0.4955357142857143,0.1935019493103027
"1,1,1,1,1,1,0,0,1,0,0,1,1,0,1,0,0,0,0,0,1",0.4666666666666667,0.5,0.4966517857142857,0.4642857142857143,0.9285714285714286,0.6190476190476191,0.4955357142857143,0.1738746166229248
"0,0,0,0,0,1,1,0,0,1,1,1,0,0,0,0,1,0,1,1,0",0.4666666666666667,0.5,0.4966517857142857,0.4642857142857143,0.9285714285714286,0.6190476190476191,0.4955357142857143,0.16930937767028809
"0,1,1,0,1,0,0,0,0,0,0,0,1,1,1,1,0,0,0,1,1",0.5,0.5,0.4966517857142857,0.46153846153846156,0.42857142857142855,0.4444444444444444,0.4955357142857143,0.20529413223266602
"1,0,1,1,0,0,0,0,0,1,0,0,1,1,0,0,0,1,0,1,1",0.4666666666666667,0.5,0.4966517857142857,0.4642857142857143,0.9285714285714286,0.6190476190476191,0.4955357142857143,0.20355510711669922
"1,1,0,1,0,1,1,1,1,1,1,1,1,1,0,0,1,0,1,0,0",0.5,0.5,0.4966517857142857,0.46153846153846156,0.42857142857142855,0.4444444444444444,0.4955357142857143,0.1683661937713623
"1,1,0,1,0,1,1,0,0,0,1,0,1,0,0,1,0,0,0,0,0",0.5,0.5,0.4966517857142857,0.46153846153846156,0.42857142857142855,0.4444444444444444,0.4955357142857143,0.15139150619506836
"1,0,0,1,1,1,1,1,0,0,1,0,0,0,0,0,1,0,0,0,0",0.5,0.5,0.4966517857142857,0.46153846153846156,0.42857142857142855,0.4444444444444444,0.4955357142857143,0.17676162719726562
"0,1,0,1,1,1,0,0,0,0,0,0,0,1,1,0,0,0,0,0,0",0.5,0.5,0.4966517857142857,0.46153846153846156,0.42857142857142855,0.4444444444444444,0.4955357142857143,0.1604139804840088
"1,1,0,1,0,0,0,0,0,0,1,1,0,0,0,1,0,0,1,1,0",0.5,0.5,0.4966517857142857,0.46153846153846156,0.42857142857142855,0.4444444444444444,0.4955357142857143,0.18603873252868652
"0,0,1,1,0,0,0,1,0,0,0,0,1,1,1,0,0,0,0,1,1",0.4666666666666667,0.5,0.4966517857142857,0.4642857142857143,0.9285714285714286,0.6190476190476191,0.4955357142857143,0.1949443817138672
"1,0,0,1,1,1,0,1,1,1,1,0,0,0,1,1,0,0,0,0,0",0.5,0.5,0.4966517857142857,0.46153846153846156,0.42857142857142855,0.4444444444444444,0.4955357142857143,0.20081639289855957
"1,1,1,1,1,1,1,1,0,1,0,0,1,1,1,0,1,1,1,1,1",0.4666666666666667,0.5,0.4966517857142857,0.4642857142857143,0.9285714285714286,0.6190476190476191,0.4955357142857143,0.21341347694396973
"0,0,0,0,0,1,1,1,1,0,0,1,0,0,0,1,0,0,1,1,0",0.43333333333333335,0.7,0.49642857142857144,0.38461538461538464,0.35714285714285715,0.37037037037037035,0.4285714285714286,0.20421934127807617
"0,0,0,0,0,1,0,0,0,0,1,0,0,1,0,0,0,1,1,0,1",0.43333333333333335,0.7,0.49642857142857144,0.38461538461538464,0.35714285714285715,0.37037037037037035,0.4285714285714286,0.2340407371520996
"1,0,0,0,0,1,1,1,0,0,0,0,1,1,0,1,1,0,0,1,1",0.5333333333333333,0.4,0.4950892857142857,0.5,0.42857142857142855,0.46153846153846156,0.5267857142857143,0.2140979766845703
"0,0,1,0,1,1,0,0,0,1,1,1,1,0,1,0,0,1,0,1,0",0.5,0.4,0.4950892857142857,0.48148148148148145,0.9285714285714286,0.6341463414634146,0.5267857142857143,0.1799623966217041
"1,0,1,0,1,0,1,0,0,0,0,1,1,1,1,0,0,1,1,0,0",0.5,0.4,0.4950892857142857,0.48148148148148145,0.9285714285714286,0.6341463414634146,0.5267857142857143,0.17384767532348633
"1,0,0,1,0,0,1,1,0,1,0,0,0,0,0,1,1,1,1,1,0",0.5,0.4,0.4950892857142857,0.48148148148148145,0.9285714285714286,0.6341463414634146,0.5267857142857143,0.1902146339416504
"1,1,0,0,1,1,1,0,0,0,1,1,0,1,1,1,1,1,0,0,0",0.5,0.4,0.4950892857142857,0.48148148148148145,0.9285714285714286,0.6341463414634146,0.5267857142857143,0.1978909969329834
"1,1,0,1,0,0,0,0,0,0,1,1,0,0,0,0,1,0,1,0,1",0.4666666666666667,0.6,0.4948660714285715,0.4166666666666667,0.35714285714285715,0.38461538461538464,0.4598214285714286,0.2022686004638672
"1,0,1,1,1,1,0,1,0,0,0,0,1,0,0,0,0,1,0,0,0",0.43333333333333335,0.6,0.4948660714285714,0.4444444444444444,0.8571428571428571,0.5853658536585366,0.45982142857142855,0.17458009719848633
"1,1,0,1,1,1,1,0,0,0,1,0,0,0,0,0,1,0,1,1,0",0.43333333333333335,0.6,0.4948660714285714,0.4444444444444444,0.8571428571428571,0.5853658536585366,0.45982142857142855,0.16132521629333496
"1,0,1,0,0,0,0,1,0,0,1,1,1,1,0,0,1,1,1,1,1",0.43333333333333335,0.6,0.4948660714285714,0.4444444444444444,0.8571428571428571,0.5853658536585366,0.45982142857142855,0.19020724296569824
"0,1,1,1,1,0,0,1,1,1,1,1,0,0,0,1,0,1,0,0,0",0.43333333333333335,0.6,0.4948660714285714,0.4444444444444444,0.8571428571428571,0.5853658536585366,0.45982142857142855,0.18275690078735352
"0,1,1,1,1,1,0,0,0,1,0,1,0,0,0,0,0,1,1,0,0",0.43333333333333335,0.6,0.4948660714285714,0.4444444444444444,0.8571428571428571,0.5853658536585366,0.45982142857142855,0.15692496299743652
"1,1,1,0,1,1,1,1,0,0,0,0,0,1,1,1,0,0,0,1,0",0.43333333333333335,0.6,0.4948660714285714,0.4444444444444444,0.8571428571428571,0.5853658536585366,0.45982142857142855,0.1923050880432129
"0,0,1,1,1,0,0,1,1,0,0,0,1,1,0,1,0,1,1,0,1",0.43333333333333335,0.6,0.4948660714285714,0.4444444444444444,0.8571428571428571,0.5853658536585366,0.45982142857142855,0.21134686470031738
"1,1,1,1,0,1,0,1,1,1,1,0,1,0,0,1,1,0,0,0,1",0.43333333333333335,0.6,0.4948660714285714,0.4444444444444444,0.8571428571428571,0.5853658536585366,0.45982142857142855,0.1778430938720703
"0,1,1,1,1,0,0,1,0,0,1,0,0,1,0,0,1,0,0,1,1",0.4,0.8,0.49464285714285716,0.3333333333333333,0.2857142857142857,0.3076923076923077,0.39285714285714285,0.20708680152893066
"0,1,0,1,0,1,0,1,1,1,0,0,1,1,0,0,0,1,1,1,0",0.5,0.5,0.49330357142857145,0.45454545454545453,0.35714285714285715,0.4,0.4910714285714286,0.2133643627166748
"1,1,0,0,1,0,0,1,0,0,1,0,1,0,1,1,1,1,1,1,1",0.5,0.5,0.49330357142857145,0.45454545454545453,0.35714285714285715,0.4,0.4910714285714286,0.20760083198547363
"0,1,1,1,1,0,1,0,0,0,1,0,0,0,1,0,0,1,0,0,1",0.5,0.5,0.49330357142857145,0.45454545454545453,0.35714285714285715,0.4,0.4910714285714286,0.20693397521972656
"0,1,1,1,1,0,1,1,1,0,0,1,0,0,1,0,0,1,0,1,0",0.4666666666666667,0.5,0.4933035714285714,0.46153846153846156,0.8571428571428571,0.6,0.49107142857142855,0.1898331642150879
"0,0,1,0,0,1,1,0,0,1,0,0,0,0,0,0,0,1,0,1,0",0.4666666666666667,0.5,0.4933035714285714,0.46153846153846156,0.8571428571428571,0.6,0.49107142857142855,0.18843674659729004
"0,0,0,1,1,1,1,0,1,0,0,0,0,0,1,0,1,1,0,0,1",0.4666666666666667,0.5,0.4933035714285714,0.46153846153846156,0.8571428571428571,0.6,0.49107142857142855,0.2115621566772461
"0,1,0,1,0,0,0,0,0,0,0,1,0,1,0,1,0,1,0,1,0",0.4666666666666667,0.5,0.4933035714285714,0.46153846153846156,0.8571428571428571,0.6,0.49107142857142855,0.16354131698608398
"0,1,1,1,0,0,1,0,0,1,1,1,1,0,0,0,0,1,0,0,1",0.4666666666666667,0.5,0.4933035714285714,0.46153846153846156,0.8571428571428571,0.6,0.49107142857142855,0.19683837890625
"1,0,0,1,0,0,0,0,0,1,1,1,0,1,1,1,0,0,0,1,1",0.4666666666666667,0.5,0.4933035714285714,0.46153846153846156,0.8571428571428571,0.6,0.49107142857142855,0.22258400917053223
"1,0,0,0,1,0,0,0,1,1,1,0,1,0,1,0,1,1,0,0,1",0.4666666666666667,0.5,0.4933035714285714,0.46153846153846156,0.8571428571428571,0.6,0.49107142857142855,0.1920304298400879
"0,0,0,0,0,1,1,1,1,1,0,0,0,1,1,0,0,1,1,1,0",0.4666666666666667,0.5,0.4933035714285714,0.46153846153846156,0.8571428571428571,0.6,0.49107142857142855,0.23266005516052246
"0,0,0,1,0,1,0,1,0,0,1,0,0,1,0,0,0,0,1,0,1",0.4666666666666667,0.5,0.4933035714285714,0.46153846153846156,0.8571428571428571,0.6,0.49107142857142855,0.2029590606689453
"0,0,0,0,0,0,0,0,0,1,0,0,0,0,0,1,1,0,0,0,1",0.4666666666666667,0.5,0.4933035714285714,0.46153846153846156,0.8571428571428571,0.6,0.49107142857142855,0.15827608108520508
"1,1,0,1,0,0,1,1,1,0,1,1,1,1,1,1,1,0,0,0,1",0.43333333333333335,0.7,0.49308035714285714,0.36363636363636365,0.2857142857142857,0.32,0.42410714285714285,0.17781805992126465
"1,0,1,1,1,1,0,1,0,1,0,1,0,0,0,0,1,1,1,1,0",0.4,0.7,0.49308035714285714,0.4230769230769231,0.7857142857142857,0.55,0.42410714285714285,0.2059037685394287
"1,0,0,0,1,0,0,1,0,0,1,1,1,1,0,0,0,0,1,1,1",0.5333333333333333,0.4,0.4917410714285715,0.5,0.35714285714285715,0.4166666666666667,0.5223214285714286,0.20006728172302246
"0,0,0,1,1,1,1,1,0,0,1,0,0,0,1,1,1,1,0,1,0",0.43333333333333335,0.6,0.4915178571428572,0.44,0.7857142857142857,0.5641025641025641,0.45535714285714285,0.20856952667236328
"0,1,0,1,0,1,1,0,0,1,1,0,1,1,1,1,0,0,0,1,1",0.43333333333333335,0.6,0.4915178571428571,0.44,0.7857142857142857,0.5641025641025641,0.45535714285714285,0.2162477970123291
"1,0,0,0,0,1,1,0,0,1,0,0,1,0,1,1,0,0,0,0,0",0.43333333333333335,0.6,0.4915178571428571,0.44,0.7857142857142857,0.5641025641025641,0.45535714285714285,0.17953085899353027
"0,1,1,1,1,0,1,1,1,0,1,0,1,0,1,1,0,0,1,0,0",0.4666666666666667,0.6,0.4915178571428571,0.4,0.2857142857142857,0.3333333333333333,0.45535714285714285,0.17439985275268555
"0,1,0,1,0,0,0,0,0,0,1,0,0,0,1,0,0,0,1,1,1",0.4666666666666667,0.6,0.4915178571428571,0.4,0.2857142857142857,0.3333333333333333,0.45535714285714285,0.19141411781311035
"0,0,0,1,0,1,0,1,1,0,0,0,1,0,1,1,0,1,0,1,0",0.43333333333333335,0.6,0.4915178571428571,0.44,0.7857142857142857,0.5641025641025641,0.45535714285714285,0.20398616790771484
"1,1,0,1,1,1,0,0,1,0,1,0,1,0,1,1,0,1,0,0,0",0.36666666666666664,0.8,0.49129464285714286,0.4,0.7142857142857143,0.5128205128205128,0.38839285714285715,0.19413471221923828
"1,1,1,1,0,1,0,1,1,1,1,0,0,1,0,0,0,1,0,0,0",0.36666666666666664,0.8,0.49129464285714286,0.4,0.7142857142857143,0.5128205128205128,0.38839285714285715,0.1703193187713623
"0,1,1,1,1,1,0,0,0,1,0,0,1,0,1,0,1,0,0,1,0",0.36666666666666664,0.8,0.49129464285714286,0.4,0.7142857142857143,0.5128205128205128,0.38839285714285715,0.1882481575012207
"1,1,1,1,0,1,0,0,1,0,1,0,0,1,0,0,0,1,1,1,1",0.36666666666666664,0.8,0.49129464285714286,0.4,0.7142857142857143,0.5128205128205128,0.38839285714285715,0.20842218399047852
"0,1,0,1,1,0,0,1,1,0,0,0,0,0,1,1,1,1,0,1,1",0.5666666666666667,0.3,0.49017857142857146,0.5555555555555556,0.35714285714285715,0.43478260869565216,0.5535714285714286,0.20792603492736816
"0,1,0,1,1,0,0,1,1,0,1,1,1,1,0,0,0,1,0,0,0",0.4666666666666667,0.5,0.48995535714285715,0.4583333333333333,0.7857142857142857,0.5789473684210527,0.48660714285714285,0.19164490699768066
"0,0,0,1,1,1,0,1,0,1,0,1,1,0,0,1,1,1,1,1,1",0.4666666666666667,0.5,0.48995535714285715,0.4583333333333333,0.7857142857142857,0.5789473684210527,0.48660714285714285,0.2089078426361084
"0,0,0,1,1,0,0,1,1,0,0,0,0,0,0,1,1,0,0,1,1",0.4666666666666667,0.5,0.48995535714285715,0.4583333333333333,0.7857142857142857,0.5789473684210527,0.48660714285714285,0.19601082801818848
"0,1,0,1,1,0,0,1,1,0,1,1,0,1,0,0,0,1,0,0,0",0.4666666666666667,0.5,0.48995535714285715,0.4583333333333333,0.7857142857142857,0.5789473684210527,0.48660714285714285,0.21303296089172363
"0,0,1,0,0,0,0,1,0,1,1,1,0,1,1,0,1,1,0,0,1",0.4666666666666667,0.5,0.48995535714285715,0.4583333333333333,0.7857142857142857,0.5789473684210527,0.48660714285714285,0.1774578094482422
"0,1,0,0,0,1,1,0,1,0,1,1,1,0,1,1,1,1,0,0,1",0.5,0.5,0.48995535714285715,0.4444444444444444,0.2857142857142857,0.34782608695652173,0.48660714285714285,0.18211865425109863
"0,1,0,1,1,0,0,1,1,1,1,1,1,1,0,1,1,1,1,0,0",0.4666666666666667,0.5,0.48995535714285715,0.4583333333333333,0.7857142857142857,0.5789473684210527,0.48660714285714285,0.17749547958374023
"0,1,0,0,1,1,0,0,1,0,0,0,0,0,0,0,0,0,1,1,1",0.4666666666666667,0.5,0.48995535714285715,0.4583333333333333,0.7857142857142857,0.5789473684210527,0.48660714285714285,0.19389724731445312
"0,1,1,1,1,1,1,1,1,1,0,0,1,0,1,0,0,0,0,1,1",0.5,0.5,0.48995535714285715,0.4444444444444444,0.2857142857142857,0.34782608695652173,0.48660714285714285,0.1933133602142334
"1,1,0,1,0,0,0,0,0,1,0,0,1,0,0,1,1,0,0,1,1",0.4,0.7,0.48973214285714284,0.4166666666666667,0.7142857142857143,0.5263157894736842,0.41964285714285715,0.20364117622375488
"1,1,0,0,0,1,1,0,1,1,1,1,1,0,0,0,0,1,0,0,1",0.4,0.7,0.48973214285714284,0.4166666666666667,0.7142857142857143,0.5263157894736842,0.41964285714285715,0.20224452018737793
"1,0,1,1,1,1,1,1,1,1,0,0,1,0,0,1,0,1,0,0,1",0.4,0.7,0.48973214285714284,0.4166666666666667,0.7142857142857143,0.5263157894736842,0.41964285714285715,0.1884598731994629
"1,1,0,0,1,0,1,1,1,0,0,1,0,0,0,1,1,1,0,0,1",0.4,0.7,0.48973214285714284,0.4166666666666667,0.7142857142857143,0.5263157894736842,0.41964285714285715,0.1947329044342041
"0,1,1,0,0,0,1,1,1,0,1,1,0,1,0,0,0,1,0,0,0",0.43333333333333335,0.7,0.48973214285714284,0.3333333333333333,0.21428571428571427,0.2608695652173913,0.41964285714285715,0.19504499435424805
"1,0,0,0,1,0,1,1,0,0,1,1,1,1,0,0,0,0,0,1,1",0.5333333333333333,0.4,0.4883928571428571,0.5,0.2857142857142857,0.36363636363636365,0.5178571428571428,0.21190261840820312
"1,1,1,0,0,1,0,0,0,1,1,1,1,0,1,0,0,0,0,0,1",0.5333333333333333,0.4,0.4883928571428571,0.5,0.2857142857142857,0.36363636363636365,0.5178571428571428,0.18099689483642578
"0,1,0,1,0,1,0,0,1,1,1,1,0,0,1,1,1,0,1,0,1",0.5333333333333333,0.4,0.4883928571428571,0.5,0.2857142857142857,0.3636363636363636,0.5178571428571428,0.2172510623931884
"0,0,1,0,1,0,1,0,1,0,1,0,1,1,0,0,1,1,0,0,0",0.43333333333333335,0.6,0.48816964285714287,0.43478260869565216,0.7142857142857143,0.5405405405405406,0.45089285714285715,0.19046950340270996
"0,1,1,0,0,0,0,0,0,1,1,1,0,1,0,1,0,1,1,1,1",0.43333333333333335,0.6,0.48816964285714287,0.43478260869565216,0.7142857142857143,0.5405405405405406,0.45089285714285715,0.21657180786132812
"1,0,1,0,1,0,1,1,1,0,1,0,0,1,0,1,0,1,0,0,1",0.43333333333333335,0.6,0.4881696428571428,0.43478260869565216,0.7142857142857143,0.5405405405405406,0.45089285714285715,0.21963739395141602
"0,0,1,0,0,0,0,1,0,0,0,0,1,1,1,1,0,1,0,0,0",0.4666666666666667,0.6,0.4881696428571428,0.375,0.21428571428571427,0.2727272727272727,0.45089285714285715,0.19823002815246582
"0,1,0,0,1,1,0,0,1,0,0,0,1,1,1,0,0,1,1,1,0",0.4333333333333333,0.6,0.4881696428571428,0.4347826086956521,0.7142857142857143,0.5405405405405406,0.4508928571428571,0.1992161273956298
"1,1,1,0,0,0,0,1,1,1,0,1,1,0,0,0,1,0,0,1,1",0.43333333333333335,0.6,0.4881696428571428,0.43478260869565216,0.7142857142857143,0.5405405405405406,0.45089285714285715,0.23575663566589355
"0,1,0,0,0,1,0,1,0,0,0,0,1,0,1,1,0,1,0,0,0",0.43333333333333335,0.6,0.4881696428571428,0.43478260869565216,0.7142857142857143,0.5405405405405406,0.45089285714285715,0.18642044067382812
"0,1,1,0,1,0,0,0,0,0,0,0,1,1,0,1,0,1,0,1,1",0.36666666666666664,0.8,0.4879464285714286,0.391304347826087,0.6428571428571429,0.4864864864864865,0.38392857142857145,0.18947911262512207
"1,0,0,0,0,1,0,0,1,1,1,0,1,0,0,0,1,0,1,1,1",0.36666666666666664,0.8,0.4879464285714286,0.391304347826087,0.6428571428571429,0.4864864864864865,0.38392857142857145,0.21851634979248047
"1,0,1,0,1,1,1,0,0,0,0,0,0,0,1,1,0,0,0,0,0",0.5,0.5,0.48660714285714285,0.42857142857142855,0.21428571428571427,0.2857142857142857,0.48214285714285715,0.18765616416931152
"1,1,1,0,1,0,0,1,0,1,1,0,1,1,1,1,1,0,1,1,0",0.4666666666666667,0.5,0.48660714285714285,0.45454545454545453,0.7142857142857143,0.5555555555555556,0.48214285714285715,0.1918785572052002
"1,1,1,0,0,1,1,0,0,0,1,1,0,1,0,1,1,0,1,0,1",0.5,0.5,0.48660714285714285,0.42857142857142855,0.21428571428571427,0.2857142857142857,0.48214285714285715,0.22280406951904297
"0,0,0,0,1,1,1,1,0,1,0,0,0,1,0,0,0,1,0,0,1",0.4666666666666667,0.5,0.48660714285714285,0.45454545454545453,0.7142857142857143,0.5555555555555556,0.48214285714285715,0.19908833503723145
"0,1,1,0,0,1,1,0,1,0,0,1,0,1,0,1,0,0,0,0,1",0.4666666666666667,0.5,0.4866071428571428,0.4545454545454545,0.7142857142857143,0.5555555555555556,0.4821428571428571,0.2056596279144287
"1,1,0,0,1,0,0,1,0,0,1,1,0,0,0,0,0,0,1,1,1",0.43333333333333335,0.7,0.48638392857142854,0.2857142857142857,0.14285714285714285,0.19047619047619047,0.4151785714285714,0.19304251670837402
"0,0,1,0,0,0,0,0,1,1,1,0,1,1,1,0,0,0,1,1,0",0.43333333333333335,0.7,0.48638392857142854,0.2857142857142857,0.14285714285714285,0.19047619047619047,0.4151785714285714,0.17771244049072266
"1,0,1,1,0,0,0,1,0,1,1,0,1,0,1,0,0,0,0,1,0",0.43333333333333335,0.7,0.48638392857142854,0.2857142857142857,0.14285714285714285,0.19047619047619047,0.4151785714285714,0.20041513442993164
"0,1,0,1,0,0,1,0,0,1,1,1,1,1,0,1,1,1,1,0,1",0.5333333333333333,0.4,0.48504464285714277,0.5,0.21428571428571427,0.3,0.5133928571428571,0.18346190452575684
"0,1,0,1,0,1,1,0,0,1,1,1,1,1,1,1,0,1,1,1,1",0.43333333333333335,0.6,0.4848214285714286,0.42857142857142855,0.6428571428571429,0.5142857142857142,0.44642857142857145,0.2275087833404541
"0,0,1,1,0,1,0,1,1,1,1,0,0,1,1,1,0,0,0,1,1",0.43333333333333335,0.6,0.4848214285714286,0.42857142857142855,0.6428571428571429,0.5142857142857142,0.44642857142857145,0.19731998443603516
"0,0,1,1,1,0,0,0,0,0,1,0,1,0,0,0,1,1,1,1,1",0.43333333333333335,0.6,0.4848214285714286,0.42857142857142855,0.6428571428571429,0.5142857142857142,0.44642857142857145,0.22048568725585938
"1,1,1,0,0,0,1,0,0,1,0,1,1,1,1,1,0,1,0,0,0",0.4666666666666667,0.6,0.48482142857142857,0.3333333333333333,0.14285714285714285,0.2,0.4464285714285714,0.17110991477966309
"0,1,0,0,0,0,0,0,1,1,0,0,0,1,1,0,1,1,1,1,0",0.4666666666666667,0.6,0.48482142857142857,0.3333333333333333,0.14285714285714285,0.2,0.4464285714285714,0.2055511474609375
"0,1,1,1,0,1,1,0,0,0,1,0,0,1,1,0,0,1,0,0,0",0.4666666666666667,0.6,0.4848214285714285,0.3333333333333333,0.14285714285714285,0.2,0.4464285714285714,0.17778253555297852
"1,0,1,1,0,1,1,0,0,1,0,0,1,0,1,0,1,0,0,0,1",0.4666666666666667,0.5,0.4832589285714286,0.45,0.6428571428571429,0.5294117647058824,0.47767857142857145,0.20041441917419434
"0,1,1,1,0,0,0,1,0,1,0,1,0,1,1,0,0,1,0,0,1",0.4666666666666667,0.5,0.4832589285714286,0.45,0.6428571428571429,0.5294117647058824,0.47767857142857145,0.1950817108154297
"0,1,1,0,1,0,0,0,1,1,0,0,0,1,0,1,0,1,1,1,0",0.4666666666666667,0.5,0.4832589285714286,0.45,0.6428571428571429,0.5294117647058824,0.47767857142857145,0.1976022720336914
"1,0,0,0,0,0,1,1,0,0,1,0,1,0,0,1,1,0,1,0,0",0.4666666666666667,0.5,0.4832589285714286,0.45,0.6428571428571429,0.5294117647058824,0.47767857142857145,0.1595597267150879
"1,0,0,0,0,1,0,0,0,0,0,0,1,1,1,0,0,1,0,1,1",0.4666666666666667,0.5,0.4832589285714286,0.45,0.6428571428571429,0.5294117647058824,0.47767857142857145,0.2283463478088379
"1,0,1,0,1,0,0,1,0,1,1,1,0,1,0,1,1,0,1,0,0",0.4666666666666667,0.5,0.4832589285714286,0.45,0.6428571428571429,0.5294117647058824,0.47767857142857145,0.16007709503173828
"1,1,0,0,0,1,1,0,0,1,0,0,1,1,0,1,0,1,0,0,0",0.4666666666666667,0.5,0.4832589285714286,0.45,0.6428571428571429,0.5294117647058824,0.47767857142857145,0.13950514793395996
"0,0,0,1,1,1,0,1,0,1,0,1,1,1,1,1,0,0,0,0,0",0.4666666666666667,0.5,0.4832589285714286,0.45,0.6428571428571429,0.5294117647058824,0.47767857142857145,0.1553339958190918
"1,1,0,1,0,0,0,0,0,0,1,1,0,0,0,1,1,0,1,0,0",0.4666666666666667,0.5,0.4832589285714286,0.45,0.6428571428571429,0.5294117647058824,0.47767857142857145,0.16597557067871094
"1,1,1,0,0,1,0,1,0,0,1,1,1,1,1,0,0,1,1,0,1",0.5,0.5,0.48325892857142855,0.4,0.14285714285714285,0.21052631578947367,0.4776785714285714,0.20868420600891113
"1,0,0,1,1,0,0,1,1,0,1,0,0,0,0,0,1,1,0,0,1",0.5,0.5,0.48325892857142855,0.4,0.14285714285714285,0.21052631578947367,0.4776785714285714,0.16972661018371582
"1,1,1,0,1,0,0,0,1,0,1,1,1,0,1,0,0,1,1,0,0",0.5,0.5,0.48325892857142855,0.4,0.14285714285714285,0.21052631578947367,0.4776785714285714,0.1754615306854248
"0,1,1,1,0,1,0,0,0,0,0,0,1,1,0,1,0,1,0,0,0",0.5,0.5,0.48325892857142855,0.4,0.14285714285714285,0.21052631578947367,0.4776785714285714,0.16426825523376465
"0,1,1,0,1,1,1,0,0,1,0,0,1,0,0,0,1,1,1,0,0",0.5,0.5,0.48325892857142855,0.4,0.14285714285714285,0.21052631578947367,0.4776785714285714,0.15861201286315918
"0,1,1,1,0,1,0,0,0,1,0,0,1,1,0,0,0,1,0,0,0",0.5,0.5,0.48325892857142855,0.4,0.14285714285714285,0.21052631578947367,0.4776785714285714,0.15413641929626465
"0,1,0,1,1,0,0,0,0,0,1,0,0,1,0,0,0,0,1,0,1",0.5,0.5,0.48325892857142855,0.4,0.14285714285714285,0.21052631578947367,0.4776785714285714,0.20952796936035156
"1,0,1,0,0,0,1,0,1,1,0,0,1,1,1,1,0,0,0,0,0",0.5,0.5,0.48325892857142855,0.4,0.14285714285714285,0.21052631578947367,0.4776785714285714,0.1837477684020996
"0,1,0,1,0,1,1,0,1,0,1,0,1,0,1,1,0,0,0,0,1",0.43333333333333335,0.7,0.4830357142857143,0.2,0.07142857142857142,0.10526315789473684,0.4107142857142857,0.18255305290222168
"0,1,1,1,1,1,0,0,1,0,1,0,1,0,1,0,1,1,1,0,1",0.3333333333333333,0.9,0.4828125,0.35,0.5,0.4117647058823529,0.34375,0.22600030899047852
"1,0,1,0,0,0,1,1,1,1,1,1,1,0,0,0,0,1,1,0,0",0.5333333333333333,0.4,0.4816964285714286,0.5,0.14285714285714285,0.2222222222222222,0.5089285714285714,0.17957401275634766
"0,0,1,0,1,1,0,0,0,0,1,1,0,1,0,1,0,0,1,1,1",0.43333333333333335,0.6,0.4814732142857143,0.42105263157894735,0.5714285714285714,0.48484848484848486,0.4419642857142857,0.2261364459991455
"0,1,0,1,0,1,1,1,0,0,1,1,0,0,0,1,1,1,0,1,1",0.4666666666666667,0.6,0.4814732142857143,0.25,0.07142857142857142,0.1111111111111111,0.4419642857142857,0.23579645156860352
"0,0,1,1,0,1,0,0,0,1,1,1,0,0,0,0,1,1,0,0,1",0.4666666666666667,0.6,0.4814732142857143,0.25,0.07142857142857142,0.1111111111111111,0.4419642857142857,0.19598674774169922
"1,0,1,1,1,0,0,1,1,1,1,0,1,0,1,1,0,0,1,1,1",0.4666666666666667,0.6,0.4814732142857143,0.25,0.07142857142857142,0.1111111111111111,0.4419642857142857,0.21698975563049316
"0,1,0,0,1,0,1,0,0,1,1,1,0,1,1,1,1,0,0,0,1",0.4666666666666667,0.6,0.4814732142857143,0.25,0.07142857142857142,0.1111111111111111,0.4419642857142857,0.2052316665649414
"1,1,1,1,1,0,0,1,0,1,0,0,0,0,1,1,1,1,0,1,1",0.43333333333333335,0.6,0.4814732142857143,0.42105263157894735,0.5714285714285714,0.48484848484848486,0.4419642857142857,0.20580196380615234
"0,1,1,0,0,1,0,1,0,1,1,1,0,1,0,0,0,0,0,1,0",0.5333333333333333,0.3,0.48013392857142856,0.5,0.6428571428571429,0.5625,0.5401785714285714,0.16853976249694824
"0,0,1,1,0,1,1,1,1,0,1,0,0,0,0,1,0,0,0,0,1",0.5333333333333333,0.3,0.48013392857142856,0.5,0.6428571428571429,0.5625,0.5401785714285714,0.18319010734558105
"0,1,0,1,0,1,1,0,0,0,1,0,1,1,0,1,0,1,0,0,0",0.5333333333333333,0.3,0.48013392857142856,0.5,0.6428571428571429,0.5625,0.5401785714285714,0.1848611831665039
"0,1,1,1,0,1,0,0,0,1,0,0,1,0,1,0,1,0,0,1,1",0.5,0.5,0.4799107142857143,0.3333333333333333,0.07142857142857142,0.11764705882352941,0.4732142857142857,0.20401597023010254
"0,1,1,1,0,1,0,1,1,1,0,1,1,1,0,1,1,0,1,1,1",0.5,0.5,0.4799107142857143,0.3333333333333333,0.07142857142857142,0.11764705882352941,0.4732142857142857,0.2141408920288086
"0,1,0,0,1,0,0,1,0,0,1,1,0,0,0,1,1,0,1,1,1",0.5,0.5,0.4799107142857143,0.3333333333333333,0.07142857142857142,0.11764705882352941,0.4732142857142857,0.2169644832611084
"1,1,1,0,0,1,0,0,1,1,0,1,0,0,0,0,0,1,1,1,1",0.5,0.5,0.4799107142857143,0.3333333333333333,0.07142857142857142,0.11764705882352941,0.4732142857142857,0.20630645751953125
"0,0,1,0,1,0,0,0,0,0,0,1,0,0,0,1,0,0,0,1,1",0.4666666666666667,0.5,0.4799107142857143,0.4444444444444444,0.5714285714285714,0.5,0.4732142857142857,0.18544435501098633
"0,1,0,0,0,1,1,1,0,1,1,0,1,0,1,1,1,0,1,0,1",0.4666666666666667,0.5,0.4799107142857143,0.4444444444444444,0.5714285714285714,0.5,0.4732142857142857,0.19693493843078613
"0,1,0,1,0,0,0,0,0,1,1,1,0,0,0,0,1,1,0,0,1",0.5,0.5,0.4799107142857143,0.3333333333333333,0.07142857142857142,0.11764705882352941,0.4732142857142857,0.17501449584960938
"1,0,1,1,0,1,1,0,1,1,1,0,0,1,0,1,0,1,0,1,1",0.5,0.5,0.4799107142857143,0.3333333333333333,0.07142857142857142,0.11764705882352941,0.4732142857142857,0.2276623249053955
"0,1,1,1,0,1,0,0,0,0,0,0,1,0,0,0,0,0,1,1,0",0.5,0.5,0.4799107142857143,0.3333333333333333,0.0714285714285714,0.1176470588235294,0.4732142857142857,0.1671454906463623
"1,1,0,1,0,0,0,0,0,0,1,1,0,0,0,0,1,1,1,1,0",0.4666666666666667,0.5,0.4799107142857143,0.4444444444444444,0.5714285714285714,0.5,0.4732142857142857,0.20841288566589355
"0,1,1,0,0,0,0,0,1,1,1,1,0,1,1,1,1,1,0,0,1",0.5,0.5,0.4799107142857143,0.3333333333333333,0.07142857142857142,0.11764705882352941,0.4732142857142857,0.21553587913513184
"0,1,0,1,0,0,0,0,0,1,0,0,1,0,0,1,1,1,0,1,0",0.4,0.7,0.4796875,0.3888888888888889,0.5,0.4375,0.40625,0.17990636825561523
"0,1,1,0,0,0,0,0,0,1,1,0,0,1,1,0,0,0,0,0,0",0.43333333333333335,0.6,0.478125,0.4117647058823529,0.5,0.45161290322580644,0.4375,0.18301010131835938
"1,0,1,0,1,1,1,0,0,1,1,0,0,0,1,1,1,0,1,1,0",0.43333333333333335,0.6,0.478125,0.4117647058823529,0.5,0.45161290322580644,0.4375,0.21720242500305176
"0,1,0,0,1,1,0,1,1,0,0,0,1,0,0,0,1,1,0,1,0",0.4666666666666667,0.6,0.478125,0.0,0.0,0.0,0.4375,0.1966264247894287
"0,1,1,0,1,0,0,0,0,0,0,0,1,1,0,1,0,0,0,0,1",0.43333333333333335,0.6,0.478125,0.4117647058823529,0.5,0.45161290322580644,0.4375,0.15654301643371582
"0,0,1,1,0,1,0,1,1,0,1,0,1,0,0,0,1,1,0,1,0",0.43333333333333335,0.6,0.478125,0.4117647058823529,0.5,0.45161290322580644,0.4375,0.21415233612060547
"1,1,0,1,1,0,1,1,0,0,1,0,0,1,0,1,0,1,0,0,0",0.4666666666666667,0.6,0.478125,0.0,0.0,0.0,0.4375,0.15762972831726074
"0,1,0,0,0,1,1,1,0,0,1,1,1,0,0,0,0,0,1,1,1",0.43333333333333335,0.6,0.478125,0.4117647058823529,0.5,0.45161290322580644,0.4375,0.19588947296142578
"0,0,1,0,1,0,0,0,0,1,1,1,1,0,1,1,1,1,1,1,1",0.36666666666666664,0.8,0.4779017857142857,0.35294117647058826,0.42857142857142855,0.3870967741935484,0.3705357142857143,0.20978927612304688
"0,1,1,0,0,1,1,1,1,0,1,1,1,0,0,0,0,0,1,0,1",0.4666666666666667,0.5,0.4765625,0.4375,0.5,0.4666666666666667,0.46875,0.18825864791870117
"0,1,1,1,0,1,0,0,1,0,1,0,1,0,0,1,0,0,0,1,0",0.5,0.5,0.4765625,0.0,0.0,0.0,0.46875,0.21961569786071777
"1,0,1,1,0,0,0,1,0,1,1,0,0,0,0,0,1,0,0,1,0",0.5,0.5,0.4765625,0.0,0.0,0.0,0.46875,0.1754915714263916
"1,1,0,0,1,1,0,0,0,0,0,1,1,1,1,0,1,1,1,1,1",0.5,0.5,0.4765625,0.0,0.0,0.0,0.46875,0.1859757900238037
"0,1,0,1,0,0,1,0,1,1,1,0,1,0,1,1,0,1,0,0,1",0.5,0.5,0.4765625,0.0,0.0,0.0,0.46875,0.17526936531066895
"0,1,0,0,1,0,1,0,1,1,1,1,1,0,1,1,0,1,0,1,1",0.5,0.5,0.4765625,0.0,0.0,0.0,0.46875,0.21014118194580078
"0,1,0,1,0,0,1,0,0,1,1,0,1,1,1,0,0,1,0,0,1",0.5,0.5,0.4765625,0.0,0.0,0.0,0.46875,0.20870375633239746
"0,0,0,1,0,1,0,0,1,0,0,0,0,0,1,1,0,1,1,1,0",0.4666666666666667,0.5,0.4765625,0.4375,0.5,0.4666666666666667,0.46875,0.18510842323303223
"1,1,1,0,0,1,0,0,1,0,0,0,1,1,1,0,0,1,1,1,0",0.5,0.5,0.4765625,0.0,0.0,0.0,0.46875,0.21164822578430176
"0,1,1,0,1,0,0,1,0,1,1,1,0,1,1,0,1,1,1,0,1",0.4,0.7,0.4763392857142857,0.375,0.42857142857142855,0.4,0.4017857142857143,0.2228384017944336
"0,1,0,0,0,0,0,1,0,1,1,0,0,0,0,1,1,1,1,0,0",0.4,0.7,0.4763392857142857,0.375,0.42857142857142855,0.4,0.4017857142857143,0.16723871231079102
"1,1,1,0,0,0,0,0,1,1,1,0,0,0,1,0,1,0,0,0,1",0.5,0.4,0.475,0.4666666666666667,0.5,0.4827586206896552,0.5,0.23054862022399902
"0,1,0,1,1,1,1,1,1,1,1,1,0,0,1,0,1,0,0,0,0",0.5,0.4,0.475,0.4666666666666667,0.5,0.4827586206896552,0.5,0.16311335563659668
"0,1,1,1,0,1,1,0,1,1,1,0,0,0,1,1,1,0,0,0,0",0.5,0.4,0.475,0.4666666666666667,0.5,0.4827586206896552,0.5,0.16738009452819824
"0,0,0,1,0,0,0,0,0,0,1,1,1,0,0,1,0,1,1,1,0",0.43333333333333335,0.6,0.4747767857142857,0.4,0.42857142857142855,0.41379310344827586,0.4330357142857143,0.17295312881469727
"0,0,1,0,1,0,1,1,1,1,1,0,1,1,0,1,0,1,1,1,0",0.36666666666666664,0.8,0.47455357142857146,0.3333333333333333,0.35714285714285715,0.3448275862068966,0.3660714285714286,0.18694019317626953
"1,1,1,0,1,1,0,1,0,1,1,1,0,1,0,1,0,0,0,1,0",0.43333333333333335,0.5,0.4732142857142857,0.4482758620689655,0.9285714285714286,0.6046511627906976,0.4642857142857143,0.19107365608215332
"0,1,0,1,0,0,1,0,0,0,0,0,1,1,0,1,1,1,0,0,1",0.43333333333333335,0.5,0.4732142857142857,0.4482758620689655,0.9285714285714286,0.6046511627906976,0.4642857142857143,0.21921420097351074
"0,1,1,1,1,0,1,1,1,0,0,1,0,0,1,0,0,1,1,0,0",0.43333333333333335,0.5,0.4732142857142857,0.4482758620689655,0.9285714285714286,0.6046511627906976,0.4642857142857143,0.17425894737243652
"0,0,0,1,0,0,1,1,1,1,1,0,1,0,1,0,1,0,0,0,0",0.4666666666666667,0.5,0.4732142857142857,0.42857142857142855,0.42857142857142855,0.42857142857142855,0.4642857142857143,0.1602308750152588
"0,1,1,1,1,0,1,0,0,0,0,0,1,1,1,1,0,1,1,1,0",0.43333333333333335,0.5,0.4732142857142857,0.4482758620689655,0.9285714285714286,0.6046511627906976,0.4642857142857143,0.2210555076599121
"0,0,0,0,1,1,1,0,1,1,0,0,0,1,0,0,1,1,0,0,1",0.43333333333333335,0.5,0.4732142857142857,0.4482758620689655,0.9285714285714286,0.6046511627906976,0.4642857142857143,0.20096588134765625
"0,1,0,1,0,1,0,1,1,0,0,1,0,0,1,1,1,1,1,0,0",0.4666666666666667,0.5,0.4732142857142857,0.42857142857142855,0.42857142857142855,0.42857142857142855,0.4642857142857143,0.1695551872253418
"1,0,0,1,0,1,0,1,1,1,1,1,0,1,1,0,1,0,1,1,1",0.43333333333333335,0.5,0.4732142857142857,0.4482758620689655,0.9285714285714286,0.6046511627906976,0.4642857142857143,0.22679495811462402
"1,0,0,1,0,0,0,1,1,1,1,1,0,0,1,0,0,0,1,1,1",0.4666666666666667,0.5,0.4732142857142857,0.42857142857142855,0.42857142857142855,0.42857142857142855,0.4642857142857143,0.17638301849365234
"1,1,0,1,0,0,0,0,1,0,0,0,1,0,1,0,0,0,0,1,0",0.4,0.7,0.47299107142857144,0.35714285714285715,0.35714285714285715,0.35714285714285715,0.3973214285714286,0.16326475143432617
"0,1,1,0,1,1,0,1,1,1,0,0,1,0,1,0,1,0,1,1,0",0.5,0.4,0.4716517857142857,0.46153846153846156,0.42857142857142855,0.4444444444444444,0.4955357142857143,0.18831658363342285
"0,0,0,1,0,1,1,1,0,0,1,1,1,1,0,1,0,1,1,0,0",0.43333333333333335,0.6,0.4714285714285715,0.38461538461538464,0.35714285714285715,0.37037037037037035,0.4285714285714286,0.19864964485168457
"0,0,0,0,0,1,1,1,1,1,0,1,1,1,1,0,0,1,0,0,1",0.43333333333333335,0.6,0.4714285714285714,0.38461538461538464,0.35714285714285715,0.37037037037037035,0.4285714285714286,0.19259166717529297
"0,1,0,0,0,1,0,0,0,1,0,0,1,0,0,1,1,0,0,0,0",0.4,0.6,0.4714285714285714,0.42857142857142855,0.8571428571428571,0.5714285714285714,0.42857142857142855,0.1556873321533203
"1,0,0,0,0,1,1,0,1,0,0,1,1,0,0,1,0,0,0,0,0",0.4,0.6,0.4714285714285714,0.42857142857142855,0.8571428571428571,0.5714285714285714,0.42857142857142855,0.13906455039978027
"0,1,0,1,0,0,0,1,0,1,0,0,1,0,0,0,1,1,1,1,0",0.4,0.6,0.4714285714285714,0.42857142857142855,0.8571428571428571,0.5714285714285714,0.42857142857142855,0.17580890655517578
"0,0,1,0,0,1,1,1,1,1,0,0,1,0,0,0,0,0,1,0,0",0.4,0.6,0.4714285714285714,0.42857142857142855,0.8571428571428571,0.5714285714285714,0.42857142857142855,0.16538739204406738
"0,0,1,1,0,0,0,0,0,1,1,1,1,0,1,1,1,1,1,0,0",0.43333333333333335,0.6,0.4714285714285714,0.38461538461538464,0.35714285714285715,0.37037037037037035,0.4285714285714286,0.1842491626739502
"0,0,0,0,1,0,1,0,0,1,0,0,0,0,1,1,0,0,0,1,1",0.43333333333333335,0.6,0.4714285714285714,0.38461538461538464,0.35714285714285715,0.37037037037037035,0.4285714285714286,0.21555805206298828
"1,1,0,1,0,0,0,0,0,1,0,1,1,0,0,0,0,1,1,1,1",0.4,0.6,0.4714285714285714,0.42857142857142855,0.8571428571428571,0.5714285714285714,0.42857142857142855,0.20209145545959473
"1,0,0,0,1,1,1,0,0,1,1,1,0,1,0,1,0,1,0,1,1",0.4666666666666667,0.5,0.46986607142857145,0.4166666666666667,0.35714285714285715,0.38461538461538464,0.4598214285714286,0.21590805053710938
"1,1,0,0,0,0,1,0,1,0,1,1,0,0,0,1,0,1,1,0,0",0.4666666666666667,0.5,0.46986607142857145,0.4166666666666667,0.35714285714285715,0.38461538461538464,0.4598214285714286,0.19049715995788574
"1,1,0,1,0,0,0,0,0,0,1,1,0,0,0,1,0,0,1,1,1",0.4666666666666667,0.5,0.46986607142857145,0.4166666666666667,0.35714285714285715,0.38461538461538464,0.4598214285714286,0.20213818550109863
"1,0,1,1,1,1,1,1,1,1,1,0,0,1,0,1,0,0,0,0,1",0.43333333333333335,0.5,0.4698660714285714,0.4444444444444444,0.8571428571428571,0.5853658536585366,0.45982142857142855,0.16944003105163574
"0,1,1,1,1,1,0,0,0,1,1,1,0,0,1,0,0,1,0,0,1",0.43333333333333335,0.5,0.4698660714285714,0.4444444444444444,0.8571428571428571,0.5853658536585366,0.45982142857142855,0.19826126098632812
"1,0,1,1,1,1,1,0,1,1,0,1,0,1,1,1,1,1,1,1,1",0.43333333333333335,0.5,0.4698660714285714,0.4444444444444444,0.8571428571428571,0.5853658536585366,0.45982142857142855,0.2215871810913086
"0,0,1,1,1,0,0,0,0,1,1,0,0,1,0,0,0,1,1,1,0",0.43333333333333335,0.5,0.4698660714285714,0.4444444444444444,0.8571428571428571,0.5853658536585366,0.45982142857142855,0.17088818550109863
"0,0,1,0,0,1,0,0,0,1,1,1,0,0,1,1,1,0,0,0,0",0.43333333333333335,0.5,0.4698660714285714,0.4444444444444444,0.8571428571428571,0.5853658536585366,0.45982142857142855,0.18726563453674316
"1,1,0,0,1,0,0,1,0,0,0,1,1,1,0,0,1,1,1,0,0",0.43333333333333335,0.5,0.4698660714285714,0.4444444444444444,0.8571428571428571,0.5853658536585366,0.45982142857142855,0.16955184936523438
"1,0,0,0,0,0,0,1,0,0,0,1,0,0,0,1,1,1,0,1,0",0.43333333333333335,0.5,0.4698660714285714,0.4444444444444444,0.8571428571428571,0.5853658536585366,0.45982142857142855,0.19504785537719727
"1,1,1,0,1,0,1,1,0,0,1,1,1,1,0,0,1,0,0,1,0",0.43333333333333335,0.5,0.4698660714285714,0.4444444444444444,0.8571428571428571,0.5853658536585366,0.45982142857142855,0.18383264541625977
"1,1,1,1,0,1,1,1,0,0,1,0,0,1,0,0,1,0,1,0,1",0.43333333333333335,0.5,0.4698660714285714,0.4444444444444444,0.8571428571428571,0.5853658536585366,0.45982142857142855,0.20346951484680176
"1,0,1,1,1,1,1,0,1,0,0,0,0,0,0,1,1,0,0,0,1",0.43333333333333335,0.5,0.4698660714285714,0.4444444444444444,0.8571428571428571,0.5853658536585366,0.45982142857142855,0.17196202278137207
"1,1,0,0,1,0,0,0,0,0,1,1,1,0,1,1,1,0,0,0,1",0.43333333333333335,0.5,0.4698660714285714,0.4444444444444444,0.8571428571428571,0.5853658536585366,0.45982142857142855,0.16846156120300293
"0,0,0,1,1,1,1,0,0,1,0,0,0,0,0,0,0,1,0,0,1",0.5,0.4,0.4683035714285715,0.45454545454545453,0.35714285714285715,0.4,0.4910714285714286,0.19774937629699707
"1,1,0,1,0,0,0,0,0,0,1,1,0,0,0,1,1,0,1,0,1",0.4666666666666667,0.4,0.4683035714285714,0.46153846153846156,0.8571428571428571,0.6,0.49107142857142855,0.18479561805725098
"1,1,0,1,1,1,0,0,1,0,0,1,0,0,0,1,1,1,0,0,1",0.4,0.6,0.4680803571428572,0.4230769230769231,0.7857142857142857,0.55,0.42410714285714285,0.1788489818572998
"1,0,1,1,1,1,1,1,1,1,1,0,0,1,0,0,1,1,0,1,0",0.4,0.6,0.4680803571428572,0.4230769230769231,0.7857142857142857,0.55,0.42410714285714285,0.20549297332763672
"0,1,0,0,0,0,1,0,1,1,1,0,0,0,1,1,0,0,0,0,1",0.43333333333333335,0.6,0.4680803571428571,0.36363636363636365,0.2857142857142857,0.32,0.42410714285714285,0.1636645793914795
"1,1,1,1,0,0,0,1,0,1,0,0,0,0,0,0,1,0,0,0,1",0.4,0.6,0.4680803571428571,0.4230769230769231,0.7857142857142857,0.55,0.42410714285714285,0.17087435722351074
"1,0,0,0,1,0,0,0,0,0,1,0,1,1,0,0,0,1,1,1,1",0.4,0.6,0.4680803571428571,0.4230769230769231,0.7857142857142857,0.55,0.42410714285714285,0.23863935470581055
"0,0,1,1,0,1,1,0,0,0,1,0,0,0,1,1,0,1,0,0,1",0.4,0.6,0.4680803571428571,0.4230769230769231,0.7857142857142857,0.55,0.42410714285714285,0.2023782730102539
"0,0,1,0,1,0,0,0,0,0,1,1,0,0,1,0,1,0,0,1,1",0.36666666666666664,0.8,0.46785714285714286,0.2727272727272727,0.21428571428571427,0.24,0.35714285714285715,0.20323562622070312
"1,0,0,1,1,0,0,0,1,1,0,1,1,0,0,1,0,0,1,1,1",0.36666666666666664,0.8,0.46785714285714286,0.2727272727272727,0.21428571428571427,0.24,0.35714285714285715,0.24741387367248535
"0,0,1,0,0,0,0,1,1,0,0,0,1,1,0,0,0,1,1,0,1",0.43333333333333335,0.5,0.46651785714285715,0.44,0.7857142857142857,0.5641025641025641,0.45535714285714285,0.22545695304870605
"1,1,1,1,1,1,0,1,0,0,1,1,1,0,1,1,1,1,1,1,1",0.4666666666666667,0.5,0.46651785714285715,0.4,0.2857142857142857,0.3333333333333333,0.45535714285714285,0.2090926170349121
"0,1,1,1,0,0,1,0,0,1,0,0,1,1,0,0,1,0,0,1,1",0.4,0.7,0.46629464285714284,0.3,0.21428571428571427,0.25,0.38839285714285715,0.19858574867248535
"1,1,1,0,1,0,1,1,0,1,0,0,1,0,1,1,1,0,1,1,0",0.43333333333333335,0.6,0.46473214285714287,0.3333333333333333,0.21428571428571427,0.2608695652173913,0.41964285714285715,0.19415020942687988
"1,0,0,1,0,0,0,0,1,1,0,0,0,1,1,0,0,0,1,1,0",0.4,0.6,0.4647321428571428,0.4166666666666667,0.7142857142857143,0.5263157894736842,0.41964285714285715,0.17215561866760254
"0,0,0,0,1,0,1,0,1,1,1,0,0,1,0,1,0,0,1,1,1",0.43333333333333335,0.6,0.4647321428571428,0.3333333333333333,0.21428571428571427,0.2608695652173913,0.41964285714285715,0.22730350494384766
"1,1,0,0,1,1,1,0,1,0,1,0,1,0,1,1,1,1,1,1,1",0.4,0.6,0.4647321428571428,0.4166666666666667,0.7142857142857143,0.5263157894736842,0.41964285714285715,0.21882891654968262
"0,0,1,1,0,1,1,0,1,0,1,1,1,1,1,1,1,1,1,0,0",0.43333333333333335,0.5,0.46316964285714285,0.43478260869565216,0.7142857142857143,0.5405405405405406,0.45089285714285715,0.17818713188171387
"1,0,0,0,0,1,1,0,0,1,0,0,1,0,1,1,0,0,0,0,1",0.43333333333333335,0.5,0.46316964285714285,0.43478260869565216,0.7142857142857143,0.5405405405405406,0.45089285714285715,0.17772531509399414
"1,0,0,0,1,0,1,1,0,1,0,0,0,0,0,1,0,1,1,0,0",0.43333333333333335,0.5,0.46316964285714285,0.43478260869565216,0.7142857142857143,0.5405405405405406,0.45089285714285715,0.163726806640625
"1,1,0,0,0,0,0,0,0,0,1,1,0,0,0,1,1,0,1,1,1",0.43333333333333335,0.5,0.46316964285714285,0.43478260869565216,0.7142857142857143,0.5405405405405406,0.45089285714285715,0.1992027759552002
"1,1,0,1,0,0,0,1,1,1,1,0,0,1,0,0,0,1,1,1,1",0.4666666666666667,0.5,0.46316964285714285,0.375,0.21428571428571427,0.2727272727272727,0.45089285714285715,0.18668174743652344
"1,1,0,0,1,0,0,1,0,0,1,0,0,1,0,0,1,1,0,0,0",0.4666666666666667,0.5,0.46316964285714285,0.375,0.21428571428571427,0.2727272727272727,0.45089285714285715,0.161942720413208
"0,0,1,1,1,1,0,0,1,0,1,0,1,0,1,1,1,0,0,1,1",0.4666666666666667,0.5,0.46316964285714285,0.375,0.21428571428571427,0.2727272727272727,0.45089285714285715,0.20457983016967773
"1,0,0,0,1,0,0,1,1,0,0,1,0,0,0,0,0,0,0,1,0",0.43333333333333335,0.5,0.46316964285714285,0.43478260869565216,0.7142857142857143,0.5405405405405406,0.45089285714285715,0.19183683395385742
"0,1,0,1,0,0,0,1,0,1,0,0,0,0,0,0,0,1,0,1,0",0.4666666666666667,0.5,0.46316964285714285,0.375,0.21428571428571427,0.2727272727272727,0.45089285714285715,0.18564510345458984
"1,0,0,0,1,0,0,1,1,0,1,1,0,0,0,0,1,0,0,1,0",0.4666666666666667,0.5,0.46316964285714285,0.375,0.21428571428571427,0.2727272727272727,0.45089285714285715,0.17432332038879395
"1,1,1,1,0,1,0,0,0,1,0,0,0,1,0,0,1,0,0,1,1",0.36666666666666664,0.7,0.4629464285714286,0.391304347826087,0.6428571428571429,0.4864864864864865,0.38392857142857145,0.20545434951782227
"1,0,0,0,1,0,1,0,0,0,0,1,0,1,1,0,1,0,0,0,0",0.4,0.6,0.4613839285714286,0.4090909090909091,0.6428571428571429,0.5,0.41517857142857145,0.16307306289672852
"1,0,1,0,0,1,1,0,0,0,1,1,0,1,0,1,1,0,0,0,1",0.4,0.6,0.4613839285714286,0.4090909090909091,0.6428571428571429,0.5,0.41517857142857145,0.1837599277496338
"1,0,0,1,0,0,1,0,0,1,0,0,1,1,1,0,1,0,0,0,0",0.4,0.6,0.4613839285714286,0.4090909090909091,0.6428571428571429,0.5,0.41517857142857145,0.17725062370300293
"0,1,0,1,1,0,0,0,0,1,1,0,1,1,1,1,0,0,0,0,1",0.4,0.6,0.4613839285714286,0.4090909090909091,0.6428571428571429,0.5,0.41517857142857145,0.19395995140075684
"1,0,0,1,0,0,1,0,0,1,0,0,1,0,1,1,0,0,0,0,0",0.4,0.6,0.4613839285714286,0.4090909090909091,0.6428571428571429,0.5,0.41517857142857145,0.16339898109436035
"1,0,1,0,0,0,1,0,1,0,0,0,1,0,1,0,0,0,0,0,0",0.4,0.6,0.4613839285714286,0.4090909090909091,0.6428571428571429,0.5,0.41517857142857145,0.1876964569091797
"0,1,1,1,0,0,0,1,1,0,1,1,1,1,1,0,0,0,0,1,0",0.4,0.6,0.4613839285714286,0.4090909090909091,0.6428571428571429,0.5,0.41517857142857145,0.18289732933044434
"0,0,0,0,0,0,1,0,1,0,0,1,0,0,0,0,1,1,0,0,0",0.4,0.6,0.4613839285714286,0.4090909090909091,0.6428571428571429,0.5,0.41517857142857145,0.1745457649230957
"0,1,1,1,0,1,0,0,0,0,0,0,1,0,0,0,0,0,1,1,1",0.43333333333333335,0.6,0.4613839285714285,0.2857142857142857,0.14285714285714285,0.19047619047619047,0.4151785714285714,0.17672967910766602
"1,1,1,1,1,0,0,0,0,0,1,1,1,1,1,0,1,0,0,1,0",0.43333333333333335,0.6,0.4613839285714285,0.2857142857142857,0.14285714285714285,0.19047619047619047,0.4151785714285714,0.1934807300567627
"1,0,1,1,0,1,1,1,0,0,1,0,1,0,1,0,1,1,0,1,0",0.43333333333333335,0.5,0.4598214285714286,0.42857142857142855,0.6428571428571429,0.5142857142857142,0.44642857142857145,0.1977221965789795
"1,1,1,0,0,0,1,0,1,0,1,1,0,0,0,1,0,1,1,0,1",0.43333333333333335,0.5,0.4598214285714286,0.42857142857142855,0.6428571428571429,0.5142857142857142,0.44642857142857145,0.20154237747192383
"0,1,1,0,0,1,0,0,0,0,0,0,0,0,0,1,1,0,0,0,1",0.43333333333333335,0.5,0.4598214285714286,0.42857142857142855,0.6428571428571429,0.5142857142857142,0.44642857142857145,0.15518760681152344
"0,1,0,1,1,0,0,0,0,0,1,0,0,1,1,0,0,0,1,0,1",0.43333333333333335,0.5,0.4598214285714286,0.42857142857142855,0.6428571428571429,0.5142857142857142,0.44642857142857145,0.1952219009399414
"1,0,1,1,0,0,0,1,1,1,1,0,1,0,0,1,0,1,0,0,1",0.4666666666666667,0.5,0.45982142857142855,0.3333333333333333,0.14285714285714285,0.2,0.4464285714285714,0.18816733360290527
"1,1,0,0,1,0,0,1,1,1,1,1,0,0,1,0,0,0,0,0,1",0.4666666666666667,0.5,0.45982142857142855,0.3333333333333333,0.14285714285714285,0.2,0.4464285714285714,0.18384265899658203
"1,0,1,0,1,0,0,0,0,1,1,1,1,0,0,1,1,0,0,0,1",0.4666666666666667,0.5,0.45982142857142855,0.3333333333333333,0.14285714285714285,0.2,0.4464285714285714,0.18820691108703613
"1,1,1,1,1,0,0,0,1,1,1,0,1,1,0,1,1,0,0,1,0",0.4666666666666667,0.5,0.4598214285714285,0.3333333333333333,0.1428571428571428,0.2,0.4464285714285714,0.2004144191741943
"1,1,1,0,0,1,0,0,0,0,1,1,0,1,0,1,0,0,1,0,1",0.4666666666666667,0.5,0.4598214285714285,0.3333333333333333,0.1428571428571428,0.2,0.4464285714285714,0.2111423015594482
"1,0,0,0,0,1,0,0,0,0,1,0,0,0,0,1,1,1,1,0,1",0.4666666666666667,0.4,0.4582589285714286,0.45,0.6428571428571429,0.5294117647058824,0.47767857142857145,0.2015533447265625
"1,1,1,1,0,0,0,0,0,1,1,0,0,1,1,1,1,0,0,1,1",0.5,0.4,0.4582589285714286,0.4,0.14285714285714285,0.21052631578947367,0.4776785714285714,0.20259904861450195
"1,0,0,1,1,1,0,1,0,1,0,1,0,1,1,1,1,1,1,1,1",0.43333333333333335,0.6,0.4580357142857143,0.2,0.07142857142857142,0.10526315789473684,0.4107142857142857,0.2358694076538086
"0,0,1,1,1,0,0,1,1,1,0,1,0,1,0,1,0,1,1,1,1",0.43333333333333335,0.6,0.4580357142857143,0.2,0.07142857142857142,0.10526315789473684,0.4107142857142857,0.23877859115600586
"1,1,1,0,0,0,0,0,0,1,1,1,1,1,0,1,0,1,1,1,1",0.43333333333333335,0.6,0.4580357142857143,0.2,0.07142857142857142,0.10526315789473684,0.4107142857142857,0.20779752731323242
"1,1,0,0,0,1,0,0,0,1,1,0,1,0,0,1,1,0,0,1,0",0.43333333333333335,0.5,0.4564732142857143,0.42105263157894735,0.5714285714285714,0.48484848484848486,0.4419642857142857,0.18896079063415527
"0,0,1,1,0,0,1,1,1,1,0,0,1,1,0,0,0,0,1,0,1",0.4666666666666667,0.5,0.4564732142857143,0.25,0.07142857142857142,0.1111111111111111,0.4419642857142857,0.21659398078918457
"0,0,0,1,1,1,1,0,0,1,1,1,0,0,0,0,1,1,0,0,1",0.4666666666666667,0.5,0.4564732142857143,0.25,0.07142857142857142,0.1111111111111111,0.4419642857142857,0.18999052047729492
"1,0,1,1,1,0,1,0,0,0,1,0,1,1,0,0,1,1,1,1,0",0.4666666666666667,0.5,0.4564732142857143,0.25,0.07142857142857142,0.1111111111111111,0.4419642857142857,0.18328547477722168
"1,1,0,1,0,1,1,1,1,0,0,1,0,0,0,1,0,0,1,1,0",0.4666666666666667,0.5,0.4564732142857143,0.25,0.07142857142857142,0.1111111111111111,0.4419642857142857,0.1775035858154297
"1,0,0,1,1,1,1,0,0,1,0,1,0,1,0,1,1,1,0,0,1",0.43333333333333335,0.5,0.4564732142857143,0.42105263157894735,0.5714285714285714,0.48484848484848486,0.4419642857142857,0.19419622421264648
"0,0,0,0,0,0,1,1,1,1,0,1,0,0,0,0,0,1,1,1,1",0.4666666666666667,0.5,0.4564732142857143,0.25,0.07142857142857142,0.1111111111111111,0.4419642857142857,0.18187260627746582
"1,0,1,0,0,0,0,0,1,0,1,1,0,0,1,0,0,0,0,0,1",0.43333333333333335,0.5,0.4564732142857143,0.42105263157894735,0.5714285714285714,0.48484848484848486,0.4419642857142857,0.1904139518737793
"0,0,1,1,1,0,0,0,1,0,0,1,0,1,1,1,1,1,0,1,0",0.5,0.4,0.4549107142857143,0.3333333333333333,0.07142857142857142,0.11764705882352941,0.4732142857142857,0.21171975135803223
"0,0,1,1,1,1,0,1,1,1,0,0,1,0,0,1,0,0,1,0,1",0.4666666666666667,0.5,0.453125,0.0,0.0,0.0,0.4375,0.23180532455444336
"0,1,0,0,1,0,0,1,0,0,1,0,0,1,1,0,0,0,1,1,0",0.4666666666666667,0.5,0.453125,0.0,0.0,0.0,0.4375,0.1815636157989502
"1,1,1,0,0,0,0,1,0,0,1,1,0,0,0,1,1,1,0,0,1",0.43333333333333335,0.5,0.453125,0.4117647058823529,0.5,0.45161290322580644,0.4375,0.19764971733093262
"0,1,0,1,1,1,0,1,0,1,1,0,1,0,0,1,0,1,1,1,0",0.4666666666666667,0.5,0.453125,0.0,0.0,0.0,0.4375,0.19502758979797363
"1,1,1,0,0,0,0,0,1,1,1,0,0,0,1,0,1,0,0,1,1",0.5,0.4,0.4515625,0.0,0.0,0.0,0.46875,0.20872950553894043
"1,0,0,1,0,0,1,1,1,0,0,1,0,0,0,1,0,0,1,1,0",0.4666666666666667,0.4,0.4515625,0.4375,0.5,0.4666666666666667,0.46875,0.19472742080688477
"1,1,0,0,0,1,1,0,0,1,0,0,1,0,0,1,1,0,0,0,1",0.4666666666666667,0.4,0.4515625,0.4375,0.5,0.4666666666666667,0.46875,0.17646050453186035
"0,0,0,0,1,0,0,1,0,0,0,1,0,0,1,1,1,0,1,1,0",0.4,0.6,0.4513392857142857,0.375,0.42857142857142855,0.4,0.4017857142857143,0.1799156665802002
"0,1,1,0,0,0,0,1,0,1,0,1,0,0,1,0,1,1,1,0,1",0.4,0.6,0.4513392857142857,0.375,0.42857142857142855,0.4,0.4017857142857143,0.22668838500976562
"1,0,0,0,0,1,1,0,0,0,1,1,0,0,0,1,1,0,1,1,0",0.5,0.3,0.45,0.4666666666666667,0.5,0.4827586206896552,0.5,0.19444489479064941
"0,0,1,0,1,1,1,1,1,0,0,1,0,1,1,0,0,1,0,0,1",0.36666666666666664,0.7,0.44955357142857144,0.3333333333333333,0.35714285714285715,0.3448275862068966,0.3660714285714286,0.1929616928100586
"1,0,0,0,1,0,0,1,0,0,1,1,0,0,0,0,0,1,0,0,1",0.4,0.6,0.4479910714285714,0.35714285714285715,0.35714285714285715,0.35714285714285715,0.3973214285714286,0.17441344261169434
"0,1,0,1,1,0,0,0,1,0,1,1,1,1,1,0,0,1,0,0,0",0.3333333333333333,0.8,0.44776785714285716,0.2857142857142857,0.2857142857142857,0.2857142857142857,0.33035714285714285,0.18648314476013184
"0,1,1,0,0,1,0,0,0,1,1,1,0,0,0,1,0,0,1,0,1",0.43333333333333335,0.5,0.44642857142857145,0.38461538461538464,0.35714285714285715,0.37037037037037035,0.4285714285714286,0.2079002857208252
"1,1,0,1,1,0,0,0,0,0,1,1,0,0,1,1,1,0,1,0,1",0.43333333333333335,0.5,0.44642857142857145,0.38461538461538464,0.35714285714285715,0.37037037037037035,0.4285714285714286,0.21035051345825195
"0,0,1,0,0,0,0,0,0,0,0,0,1,1,1,1,0,1,0,0,0",0.43333333333333335,0.5,0.44642857142857145,0.38461538461538464,0.35714285714285715,0.37037037037037035,0.4285714285714286,0.17775487899780273
"1,0,1,1,1,1,1,0,1,1,0,1,0,1,1,1,0,1,0,1,0",0.4,0.5,0.4464285714285714,0.42857142857142855,0.8571428571428571,0.5714285714285714,0.42857142857142855,0.18778705596923828
"0,0,1,0,0,1,0,0,0,1,1,1,0,1,1,0,1,0,1,1,1",0.4,0.5,0.4464285714285714,0.42857142857142855,0.8571428571428571,0.5714285714285714,0.42857142857142855,0.16861748695373535
"0,0,1,0,0,1,0,0,0,1,1,0,1,0,1,0,0,0,1,1,1",0.4,0.5,0.4464285714285714,0.42857142857142855,0.8571428571428571,0.5714285714285714,0.42857142857142855,0.19355106353759766
"1,1,1,1,0,1,0,0,1,1,1,0,1,1,1,1,1,1,1,0,0",0.4,0.5,0.4464285714285714,0.42857142857142855,0.8571428571428571,0.5714285714285714,0.42857142857142855,0.17705845832824707
"1,1,1,0,1,1,0,1,0,1,1,1,0,1,0,1,0,1,1,0,0",0.4,0.5,0.4464285714285714,0.42857142857142855,0.8571428571428571,0.5714285714285714,0.42857142857142855,0.21263360977172852
"1,0,0,0,0,0,0,0,1,0,1,1,0,1,1,1,0,1,1,0,0",0.4,0.5,0.4464285714285714,0.42857142857142855,0.8571428571428571,0.5714285714285714,0.42857142857142855,0.17809629440307617
"1,1,0,0,0,1,1,1,0,1,0,0,1,0,0,1,0,0,1,1,0",0.4,0.5,0.4464285714285714,0.42857142857142855,0.8571428571428571,0.5714285714285714,0.42857142857142855,0.21316933631896973
"1,0,0,0,0,1,0,0,0,1,1,1,1,1,0,0,0,1,0,0,1",0.4666666666666667,0.4,0.4448660714285715,0.4166666666666667,0.35714285714285715,0.38461538461538464,0.4598214285714286,0.18909716606140137
"0,0,0,1,1,1,0,1,0,1,1,0,0,0,1,0,1,0,0,1,0",0.43333333333333335,0.4,0.4448660714285714,0.4444444444444444,0.8571428571428571,0.5853658536585366,0.45982142857142855,0.1795790195465088
"1,1,1,1,0,0,1,0,1,0,1,0,1,1,1,0,0,1,1,0,0",0.4,0.6,0.4446428571428572,0.3333333333333333,0.2857142857142857,0.3076923076923077,0.39285714285714285,0.19152474403381348
"1,0,0,0,0,1,0,0,1,1,1,1,0,0,1,1,1,1,1,0,0",0.36666666666666664,0.6,0.4446428571428571,0.4074074074074074,0.7857142857142857,0.5365853658536586,0.39285714285714285,0.19477009773254395
"1,0,0,0,0,0,1,0,1,1,0,0,0,0,1,1,1,1,0,0,1",0.4,0.6,0.4446428571428571,0.3333333333333333,0.2857142857142857,0.3076923076923077,0.39285714285714285,0.22135567665100098
"1,0,1,0,0,0,0,0,0,0,1,0,1,0,0,1,0,0,0,0,1",0.4,0.5,0.44308035714285715,0.4230769230769231,0.7857142857142857,0.55,0.42410714285714285,0.16687893867492676
"1,1,1,1,0,0,1,0,1,0,1,0,1,0,1,1,1,0,1,0,0",0.43333333333333335,0.5,0.44308035714285715,0.36363636363636365,0.2857142857142857,0.32,0.42410714285714285,0.19474124908447266
"1,0,0,0,1,0,0,1,0,0,1,1,0,0,0,1,0,0,1,1,0",0.4,0.5,0.44308035714285715,0.4230769230769231,0.7857142857142857,0.55,0.42410714285714285,0.17285370826721191
"1,0,1,1,1,1,1,1,1,0,0,0,1,0,1,0,0,0,0,0,0",0.4,0.5,0.44308035714285715,0.4230769230769231,0.7857142857142857,0.55,0.42410714285714285,0.17591524124145508
"0,0,0,0,1,1,1,1,1,0,1,0,0,1,0,1,0,0,0,1,0",0.43333333333333335,0.5,0.44308035714285715,0.36363636363636365,0.2857142857142857,0.32,0.42410714285714285,0.1781933307647705
"1,1,0,1,1,1,1,1,0,0,0,0,1,0,0,1,1,1,1,0,0",0.4,0.5,0.44308035714285715,0.4230769230769231,0.7857142857142857,0.55,0.42410714285714285,0.1961352825164795
"0,1,0,1,1,0,0,0,1,0,1,0,0,1,0,0,0,0,0,1,1",0.4,0.5,0.44308035714285715,0.4230769230769231,0.7857142857142857,0.55,0.42410714285714285,0.21954011917114258
"1,0,1,1,1,1,1,0,0,0,0,0,1,1,1,1,1,0,1,0,0",0.4,0.5,0.44308035714285715,0.4230769230769231,0.7857142857142857,0.55,0.42410714285714285,0.16757774353027344
"0,0,0,1,0,1,0,0,0,0,1,0,1,1,1,1,0,1,0,0,1",0.4,0.5,0.4430803571428571,0.4230769230769231,0.7857142857142857,0.55,0.4241071428571428,0.2182722091674804
"0,0,0,0,0,0,1,1,0,0,0,1,1,0,1,1,1,1,0,1,0",0.4,0.6,0.4412946428571428,0.3,0.21428571428571427,0.25,0.38839285714285715,0.19411611557006836
"0,1,0,0,0,0,1,0,0,0,0,1,1,1,1,0,1,0,0,0,1",0.4,0.5,0.43973214285714285,0.4166666666666667,0.7142857142857143,0.5263157894736842,0.41964285714285715,0.19338703155517578
"0,0,0,1,0,1,1,0,1,0,0,0,0,0,1,0,1,1,0,0,0",0.4,0.5,0.43973214285714285,0.4166666666666667,0.7142857142857143,0.5263157894736842,0.41964285714285715,0.19710373878479004
"0,0,0,0,0,0,0,1,0,1,0,0,1,0,0,0,1,1,1,1,0",0.4666666666666667,0.4,0.4381696428571429,0.375,0.21428571428571427,0.2727272727272727,0.45089285714285715,0.19205212593078613
"1,1,1,0,0,0,1,0,1,0,1,0,1,1,0,0,1,0,0,1,1",0.4,0.5,0.4363839285714286,0.4090909090909091,0.6428571428571429,0.5,0.41517857142857145,0.20649480819702148
"0,0,0,0,1,1,0,0,0,1,1,0,1,1,1,1,0,1,0,0,0",0.36666666666666664,0.6,0.4345982142857143,0.38095238095238093,0.5714285714285714,0.45714285714285713,0.3794642857142857,0.17562127113342285
"1,0,0,1,0,1,0,0,1,1,1,0,1,1,1,1,0,0,0,1,1",0.36666666666666664,0.6,0.4345982142857143,0.38095238095238093,0.5714285714285714,0.45714285714285713,0.3794642857142857,0.20691347122192383
"0,1,1,1,1,1,1,1,1,0,0,1,0,0,1,0,1,0,0,1,0",0.36666666666666664,0.6,0.4345982142857143,0.38095238095238093,0.5714285714285714,0.45714285714285713,0.3794642857142857,0.1852250099182129
"0,0,1,0,0,0,1,1,1,1,0,1,0,0,0,0,0,1,0,1,1",0.43333333333333335,0.5,0.4330357142857143,0.2,0.07142857142857142,0.10526315789473684,0.4107142857142857,0.1991276741027832
"0,0,0,1,1,1,1,0,1,1,1,1,1,0,0,1,0,1,0,1,0",0.43333333333333335,0.5,0.4330357142857143,0.2,0.07142857142857142,0.10526315789473684,0.4107142857142857,0.1930406093597412
"0,0,0,1,1,0,1,1,1,1,0,1,1,1,0,1,0,1,0,1,1",0.4,0.5,0.4330357142857143,0.4,0.5714285714285714,0.47058823529411764,0.4107142857142857,0.19515442848205566
"1,0,1,1,1,0,1,0,1,0,1,1,0,0,1,0,0,1,1,0,1",0.43333333333333335,0.5,0.4330357142857143,0.2,0.07142857142857142,0.10526315789473684,0.4107142857142857,0.22350025177001953
"1,1,1,0,0,1,0,1,0,1,0,1,1,1,0,0,1,1,0,0,0",0.4666666666666667,0.4,0.4314732142857143,0.25,0.07142857142857142,0.1111111111111111,0.4419642857142857,0.17072653770446777
"0,1,1,1,0,1,0,1,0,1,1,0,0,1,1,1,1,1,1,1,0",0.36666666666666664,0.6,0.43125,0.3684210526315789,0.5,0.42424242424242425,0.375,0.2119438648223877
"0,0,1,0,1,1,1,1,1,0,0,1,0,0,0,1,0,1,0,0,0",0.4,0.6,0.43125,0.0,0.0,0.0,0.375,0.1618363857269287
"0,0,1,0,1,1,0,1,1,1,0,1,1,0,0,1,1,1,1,0,1",0.43333333333333335,0.5,0.4296875,0.0,0.0,0.0,0.40625,0.21813297271728516
"0,0,1,0,1,1,1,0,1,0,1,1,0,1,0,0,1,0,1,1,1",0.43333333333333335,0.5,0.4296875,0.0,0.0,0.0,0.40625,0.2122504711151123
"0,0,0,0,0,1,1,1,0,0,0,1,0,1,0,1,0,1,1,0,0",0.4,0.5,0.4296875,0.3888888888888889,0.5,0.4375,0.40625,0.18864893913269043
"0,0,1,1,0,1,1,1,1,0,1,1,1,0,1,0,1,0,1,1,0",0.36666666666666664,0.6,0.4279017857142857,0.35294117647058826,0.42857142857142855,0.3870967741935484,0.3705357142857143,0.18074250221252441
"0,1,1,1,0,0,1,1,1,0,0,0,0,0,1,1,1,1,1,0,1",0.4,0.5,0.4263392857142857,0.375,0.42857142857142855,0.4,0.4017857142857143,0.22395086288452148
"1,0,0,1,0,0,1,1,0,0,1,0,0,1,1,1,0,0,1,1,0",0.4,0.5,0.4263392857142857,0.375,0.42857142857142855,0.4,0.4017857142857143,0.20179319381713867
"1,1,1,1,1,1,1,1,0,0,1,0,1,0,0,0,0,1,1,1,1",0.3333333333333333,0.7,0.42611607142857144,0.3125,0.35714285714285715,0.3333333333333333,0.3348214285714286,0.20818424224853516
"0,1,1,1,1,0,0,1,0,0,1,0,0,1,1,1,0,0,0,1,1",0.36666666666666664,0.6,0.4245535714285715,0.3333333333333333,0.35714285714285715,0.3448275862068966,0.3660714285714286,0.20746111869812012
"0,1,0,0,0,0,0,0,0,0,1,0,1,1,0,1,0,0,0,0,0",0.36666666666666664,0.6,0.4245535714285715,0.3333333333333333,0.35714285714285715,0.3448275862068966,0.3660714285714286,0.16282248497009277
"0,0,1,0,1,1,1,1,1,0,0,1,0,1,1,1,0,0,1,1,0",0.3333333333333333,0.7,0.42276785714285714,0.2857142857142857,0.2857142857142857,0.2857142857142857,0.33035714285714285,0.19094634056091309
"1,1,0,0,0,1,0,0,0,0,0,1,1,0,1,0,0,1,1,0,0",0.4,0.4,0.4214285714285714,0.4285714285714285,0.8571428571428571,0.5714285714285714,0.4285714285714285,0.1611063480377197
"0,1,1,1,1,0,0,0,0,0,0,0,1,0,1,1,0,0,0,0,1",0.36666666666666664,0.6,0.4212053571428572,0.3076923076923077,0.2857142857142857,0.2962962962962963,0.36160714285714285,0.15363860130310059
"1,1,1,0,1,1,1,1,1,1,1,1,0,0,1,0,0,1,0,1,0",0.36666666666666664,0.5,0.41964285714285715,0.4074074074074074,0.7857142857142857,0.5365853658536586,0.39285714285714285,0.20362520217895508
"0,1,0,0,0,1,1,0,0,1,0,0,1,0,1,1,0,0,0,0,1",0.36666666666666664,0.5,0.41964285714285715,0.4074074074074074,0.7857142857142857,0.5365853658536586,0.39285714285714285,0.18264460563659668
"0,0,1,1,0,1,1,1,1,0,0,0,1,0,0,0,0,0,1,0,1",0.4,0.4,0.4180803571428572,0.4230769230769231,0.7857142857142857,0.55,0.42410714285714285,0.18457531929016113
"1,0,1,1,1,1,0,0,0,0,0,1,1,1,0,0,0,1,0,1,0",0.36666666666666664,0.5,0.41629464285714285,0.4,0.7142857142857143,0.5128205128205128,0.38839285714285715,0.19454717636108398
"1,1,1,0,1,1,1,1,0,0,0,1,1,0,0,0,0,0,1,0,0",0.36666666666666664,0.5,0.41629464285714285,0.4,0.7142857142857143,0.5128205128205128,0.38839285714285715,0.14046907424926758
"0,1,1,1,1,1,0,1,0,1,0,1,0,0,0,0,1,0,0,0,0",0.36666666666666664,0.5,0.41629464285714285,0.4,0.7142857142857143,0.5128205128205128,0.38839285714285715,0.13492560386657715
"0,1,1,1,1,1,0,0,1,0,0,0,1,0,0,1,1,0,0,0,0",0.36666666666666664,0.5,0.41629464285714285,0.4,0.7142857142857143,0.5128205128205128,0.38839285714285715,0.16286158561706543
"0,1,1,1,1,1,1,1,1,1,0,0,1,0,0,1,1,0,1,0,0",0.36666666666666664,0.5,0.41629464285714285,0.4,0.7142857142857143,0.5128205128205128,0.38839285714285715,0.1552748680114746
"0,0,0,1,1,0,1,0,1,1,1,0,1,1,1,1,0,0,1,0,0",0.4,0.4,0.4147321428571429,0.4166666666666667,0.7142857142857143,0.5263157894736842,0.41964285714285715,0.1627659797668457
"0,0,1,1,0,0,1,1,1,0,1,0,0,1,1,1,0,0,1,0,0",0.4,0.4,0.4147321428571429,0.4166666666666667,0.7142857142857143,0.5263157894736842,0.41964285714285715,0.15512514114379883
"1,1,0,1,1,1,0,1,1,0,1,1,0,0,1,1,0,0,0,0,1",0.3333333333333333,0.6,0.4145089285714286,0.375,0.6428571428571429,0.47368421052631576,0.35267857142857145,0.20027470588684082
"0,1,1,0,0,0,1,1,1,0,1,1,0,1,1,1,1,1,0,1,1",0.36666666666666664,0.6,0.41450892857142857,0.2222222222222222,0.14285714285714285,0.17391304347826086,0.3526785714285714,0.19584870338439941
"0,1,0,1,0,0,1,0,1,0,0,1,1,1,0,1,1,1,1,0,0",0.36666666666666664,0.5,0.4129464285714286,0.391304347826087,0.6428571428571429,0.4864864864864865,0.38392857142857145,0.18878674507141113
"1,0,0,1,0,0,0,0,0,1,1,0,1,0,1,0,1,1,0,1,0",0.36666666666666664,0.5,0.4129464285714286,0.391304347826087,0.6428571428571429,0.4864864864864865,0.38392857142857145,0.19879746437072754
"0,0,1,1,0,1,0,1,1,1,0,1,1,0,1,1,0,0,0,0,1",0.4,0.4,0.4080357142857143,0.4,0.5714285714285714,0.47058823529411764,0.4107142857142857,0.18117070198059082
"1,0,0,1,1,0,0,1,0,0,1,1,1,0,0,1,1,0,0,0,1",0.36666666666666664,0.6,0.4078125,0.0,0.0,0.0,0.34375,0.21129465103149414
"0,1,0,1,0,0,0,0,0,1,1,0,0,1,0,1,0,0,1,1,0",0.4,0.4,0.4046875,0.3888888888888889,0.5,0.4375,0.40625,0.20722055435180664
"1,1,0,0,0,1,1,1,0,1,0,0,1,0,0,1,0,0,1,1,1",0.3333333333333333,0.6,0.4044642857142857,0.3333333333333333,0.42857142857142855,0.375,0.3392857142857143,0.19322824478149414
"0,0,1,0,1,0,1,0,0,0,1,1,1,0,0,1,0,1,1,0,1",0.4,0.4,0.4013392857142857,0.375,0.42857142857142855,0.4,0.4017857142857143,0.20226836204528809
"0,0,0,1,0,0,0,0,1,0,0,0,0,1,1,1,1,0,1,0,0",0.43333333333333335,0.3,0.3997767857142857,0.4,0.42857142857142855,0.41379310344827586,0.4330357142857143,0.13597869873046875
"0,0,0,0,0,0,0,0,1,1,0,1,1,1,1,0,1,0,0,0,0",0.43333333333333335,0.3,0.3997767857142857,0.4,0.42857142857142855,0.41379310344827586,0.4330357142857143,0.15072011947631836
"1,0,1,0,0,0,0,0,0,0,0,1,0,1,1,0,1,0,0,0,0",0.43333333333333335,0.3,0.3997767857142857,0.4,0.42857142857142855,0.41379310344827586,0.4330357142857143,0.15957140922546387
"0,0,0,1,1,0,1,0,0,1,1,0,0,1,0,0,0,0,0,0,0",0.43333333333333335,0.3,0.3997767857142857,0.4,0.42857142857142855,0.41379310344827586,0.4330357142857143,0.14046621322631836
"0,1,0,0,0,0,0,1,1,0,1,0,1,0,1,1,0,1,0,0,0",0.4,0.4,0.3979910714285715,0.35714285714285715,0.35714285714285715,0.35714285714285715,0.3973214285714286,0.16866636276245117
"0,0,0,0,0,1,1,1,0,1,0,1,0,1,1,1,1,1,0,0,0",0.36666666666666664,0.5,0.39620535714285715,0.3076923076923077,0.2857142857142857,0.2962962962962963,0.36160714285714285,0.18304443359375
"0,1,1,0,1,0,0,1,1,1,1,0,0,1,1,1,0,0,0,1,1",0.4,0.4,0.3946428571428572,0.3333333333333333,0.2857142857142857,0.3076923076923077,0.39285714285714285,0.21597838401794434
"0,1,1,1,1,1,0,1,0,1,0,0,0,0,0,0,0,1,0,1,0",0.36666666666666664,0.4,0.3912946428571429,0.4,0.7142857142857143,0.5128205128205128,0.38839285714285715,0.18974542617797852
"1,0,0,1,0,0,1,1,1,1,1,0,0,1,0,0,0,0,0,1,0",0.36666666666666664,0.4,0.3912946428571429,0.4,0.7142857142857143,0.5128205128205128,0.38839285714285715,0.16879606246948242
"0,1,1,1,1,1,0,1,0,1,0,0,0,0,0,0,1,1,0,1,0",0.36666666666666664,0.4,0.3912946428571429,0.4,0.7142857142857143,0.5128205128205128,0.38839285714285715,0.18448090553283691
"0,1,0,0,0,1,0,0,1,0,0,1,1,0,0,0,0,0,0,1,1",0.3333333333333333,0.5,0.3895089285714286,0.375,0.6428571428571429,0.47368421052631576,0.35267857142857145,0.20953583717346191
"0,1,0,1,0,0,0,0,0,1,0,0,0,1,1,1,0,0,1,1,0",0.4,0.4,0.3879464285714286,0.25,0.14285714285714285,0.18181818181818182,0.3839285714285714,0.15623021125793457
"0,1,1,0,1,0,0,0,0,0,1,0,1,1,0,0,0,0,1,1,1",0.3333333333333333,0.6,0.38772321428571427,0.125,0.07142857142857142,0.09090909090909091,0.3169642857142857,0.21879959106445312
"1,1,1,1,1,1,0,0,1,0,0,1,0,1,0,0,1,0,1,0,0",0.3333333333333333,0.5,0.3861607142857143,0.36363636363636365,0.5714285714285714,0.4444444444444444,0.3482142857142857,0.1438150405883789
"1,0,1,0,1,1,1,0,1,0,1,0,0,0,1,0,1,0,0,0,1",0.3333333333333333,0.5,0.3828125,0.35,0.5,0.4117647058823529,0.34375,0.22460126876831055
"1,1,0,0,0,1,1,0,1,1,1,0,0,0,0,1,0,1,0,1,1",0.3333333333333333,0.4,0.3678571428571429,0.38461538461538464,0.7142857142857143,0.5,0.35714285714285715,0.19649767875671387
"0,0,1,0,0,1,1,0,0,1,0,0,1,0,0,1,1,0,0,0,1",0.3,0.5,0.3660714285714286,0.36,0.6428571428571429,0.46153846153846156,0.32142857142857145,0.19040751457214355
"1,1,1,1,1,0,1,0,1,0,0,0,0,0,0,0,1,0,1,0,0",0.0,0.0,0.0,0.0,0.0,0.0,0.0,0.0
"0,0,1,1,0,0,0,1,0,1,0,1,1,1,0,0,0,0,0,0,0",0.0,0.0,0.0,0.0,0.0,0.0,0.0,0.0
"1,1,1,1,1,0,0,1,0,0,0,0,0,1,0,0,0,0,1,0,0",0.0,0.0,0.0,0.0,0.0,0.0,0.0,0.0
"1,1,0,0,0,0,1,1,0,1,0,0,1,1,0,0,1,0,0,0,0",0.0,0.0,0.0,0.0,0.0,0.0,0.0,0.0
"1,1,1,0,1,0,1,1,0,0,0,1,0,1,0,0,1,0,0,0,0",0.0,0.0,0.0,0.0,0.0,0.0,0.0,0.0
"0,0,0,1,0,0,0,0,0,1,0,0,1,0,0,1,1,0,0,0,0",0.0,0.0,0.0,0.0,0.0,0.0,0.0,0.0
"0,1,0,1,0,0,0,0,0,0,0,1,0,1,0,0,1,0,0,0,0",0.0,0.0,0.0,0.0,0.0,0.0,0.0,0.0
"0,1,0,1,0,0,0,0,0,0,0,0,1,0,0,1,1,0,0,0,0",0.0,0.0,0.0,0.0,0.0,0.0,0.0,0.0
"0,1,0,1,1,0,0,0,0,1,0,0,1,0,0,1,1,0,0,0,0",0.0,0.0,0.0,0.0,0.0,0.0,0.0,0.0
"0,1,0,1,0,0,0,1,0,1,0,0,0,1,0,1,0,0,0,0,0",0.0,0.0,0.0,0.0,0.0,0.0,0.0,0.0
"1,0,0,1,0,0,1,0,0,1,0,0,1,0,0,1,1,0,0,0,0",0.0,0.0,0.0,0.0,0.0,0.0,0.0,0.0
"0,0,1,0,0,0,1,1,0,1,0,0,1,1,0,0,1,0,1,0,0",0.0,0.0,0.0,0.0,0.0,0.0,0.0,0.0
"0,1,1,0,1,0,0,0,0,0,0,0,0,0,0,1,0,0,1,0,0",0.0,0.0,0.0,0.0,0.0,0.0,0.0,0.0
"1,1,1,1,0,0,0,1,1,1,0,0,1,0,0,1,0,0,1,0,0",0.0,0.0,0.0,0.0,0.0,0.0,0.0,0.0
"0,1,0,1,0,0,0,1,0,1,0,0,1,0,0,1,1,0,0,0,0",0.0,0.0,0.0,0.0,0.0,0.0,0.0,0.0
"1,0,0,1,0,0,1,0,1,0,0,1,0,1,0,0,0,0,1,0,0",0.0,0.0,0.0,0.0,0.0,0.0,0.0,0.0
"0,0,0,0,0,0,0,1,0,1,0,1,1,1,0,0,1,0,1,0,0",0.0,0.0,0.0,0.0,0.0,0.0,0.0,0.0
"1,1,0,1,1,0,0,0,1,0,0,1,1,0,0,1,0,0,0,0,0",0.0,0.0,0.0,0.0,0.0,0.0,0.0,0.0
"1,0,0,0,1,0,1,0,0,0,0,0,1,1,0,0,1,0,1,0,0",0.0,0.0,0.0,0.0,0.0,0.0,0.0,0.0
"1,1,1,0,0,0,1,0,0,1,0,1,0,1,0,0,1,0,1,0,0",0.0,0.0,0.0,0.0,0.0,0.0,0.0,0.0
"0,1,0,1,0,0,0,0,0,1,0,0,1,0,0,1,1,0,0,0,0",0.0,0.0,0.0,0.0,0.0,0.0,0.0,0.0
"1,1,0,0,0,0,0,1,0,1,0,1,1,1,0,1,1,0,1,0,0",0.0,0.0,0.0,0.0,0.0,0.0,0.0,0.0
"0,1,1,0,1,0,0,1,1,0,0,1,0,0,0,0,0,0,0,0,0",0.0,0.0,0.0,0.0,0.0,0.0,0.0,0.0
"0,1,0,1,0,0,0,0,0,1,0,0,1,0,0,1,0,0,0,0,0",0.0,0.0,0.0,0.0,0.0,0.0,0.0,0.0
"1,0,1,0,0,0,1,0,0,1,0,1,1,0,0,0,0,0,1,0,0",0.0,0.0,0.0,0.0,0.0,0.0,0.0,0.0
