encoding,test accuracy,training accuracy,combined accuracy,test precision,test recall,test fscore,test auc,training time
"0,0,0,0,1,1,0,0,0,1,1,1,0,1,1,1,0,0,0,1,0",0.675,0.82,0.7112500000000002,0.6666666666666666,0.7,0.6829268292682927,0.675,1.0410642623901367
"0,1,0,0,0,1,0,0,0,0,1,0,1,1,1,0,1,0,0,1,1",0.665,0.815,0.7025,0.6853932584269663,0.61,0.6455026455026455,0.665,0.9476089477539062
"0,0,0,0,1,1,0,0,0,1,1,1,1,1,1,1,1,0,0,0,0",0.67,0.75,0.69,0.6574074074074074,0.71,0.6826923076923077,0.6699999999999999,0.9217700958251953
"0,0,0,0,1,1,0,0,0,0,1,0,1,1,1,1,1,0,0,0,0",0.67,0.75,0.69,0.6574074074074074,0.71,0.6826923076923077,0.6699999999999999,0.9131677150726318
"0,0,0,0,1,1,0,1,1,1,1,0,1,1,1,0,1,1,0,1,1",0.645,0.81,0.68625,0.6464646464646465,0.64,0.6432160804020101,0.645,1.028864860534668
"1,1,0,0,0,0,0,0,0,1,0,0,0,0,1,0,1,1,0,1,0",0.64,0.815,0.6837499999999999,0.625,0.7,0.660377358490566,0.6399999999999999,1.0491142272949219
"0,1,1,1,1,1,1,1,1,0,1,0,1,0,1,1,1,0,1,1,0",0.65,0.78,0.6825000000000001,0.65,0.65,0.65,0.65,0.9854831695556641
"0,1,1,1,1,1,0,1,1,1,1,0,1,1,1,1,1,0,0,1,0",0.645,0.79,0.68125,0.6526315789473685,0.62,0.6358974358974359,0.645,0.998953104019165
"0,1,1,1,1,1,1,1,1,0,1,0,1,0,1,1,1,0,1,1,1",0.635,0.82,0.68125,0.6336633663366337,0.64,0.6368159203980099,0.635,1.0633695125579834
"0,1,1,1,1,1,0,1,1,1,1,0,1,0,1,1,1,0,0,1,0",0.645,0.79,0.68125,0.6526315789473685,0.62,0.6358974358974359,0.645,1.0375432968139648
"0,0,0,0,1,1,0,1,1,1,1,0,1,1,1,1,1,0,1,1,1",0.63,0.835,0.68125,0.6413043478260869,0.59,0.6145833333333334,0.63,1.0327887535095215
"0,1,1,1,1,1,0,1,1,1,1,0,1,1,1,1,1,0,0,1,1",0.65,0.775,0.6812499999999999,0.6630434782608695,0.61,0.6354166666666666,0.6499999999999999,1.0418083667755127
"0,0,0,0,1,1,0,1,1,1,1,0,1,1,1,1,1,0,1,0,0",0.655,0.75,0.67875,0.6260162601626016,0.77,0.6905829596412556,0.655,0.9528884887695312
"0,0,0,0,1,1,0,1,1,1,1,0,1,1,1,1,1,0,0,0,0",0.655,0.75,0.67875,0.6260162601626016,0.77,0.6905829596412556,0.655,0.9406182765960693
"0,1,0,0,0,1,0,0,1,1,1,0,0,1,0,0,1,1,0,0,1",0.635,0.81,0.67875,0.6216216216216216,0.69,0.6540284360189573,0.635,0.9931478500366211
"0,0,0,0,1,1,0,1,1,0,1,0,1,0,1,1,1,0,0,0,0",0.655,0.75,0.67875,0.6260162601626016,0.77,0.6905829596412556,0.655,0.9612874984741211
"0,1,0,0,0,1,0,0,1,1,1,0,0,1,0,1,1,1,0,0,1",0.635,0.81,0.67875,0.6216216216216216,0.69,0.6540284360189573,0.635,1.0488331317901611
"0,0,0,0,1,1,0,1,1,1,1,1,1,1,1,1,1,0,1,0,0",0.655,0.75,0.67875,0.6260162601626016,0.77,0.6905829596412556,0.655,0.9577670097351074
"0,1,0,0,0,1,1,1,0,1,1,0,0,0,0,0,1,0,1,1,1",0.65,0.765,0.67875,0.631578947368421,0.72,0.6728971962616822,0.6499999999999999,1.0092828273773193
"0,0,0,0,1,1,0,1,1,1,1,1,1,1,1,1,1,0,0,0,0",0.655,0.75,0.67875,0.6260162601626016,0.77,0.6905829596412556,0.655,0.9740810394287109
"0,0,0,0,1,1,0,1,1,0,1,0,1,1,1,1,1,0,0,0,0",0.655,0.75,0.67875,0.6260162601626016,0.77,0.6905829596412556,0.655,0.9875972270965576
"0,1,0,0,0,1,0,0,0,1,1,1,1,1,1,1,1,0,0,0,0",0.645,0.775,0.6775,0.6526315789473685,0.62,0.6358974358974359,0.645,0.9737491607666016
"0,1,0,0,0,1,0,1,1,1,1,0,1,1,1,1,1,0,0,0,0",0.645,0.775,0.6775,0.6526315789473685,0.62,0.6358974358974359,0.645,1.0104691982269287
"0,1,0,0,0,1,0,0,0,0,1,0,1,0,1,1,1,0,0,0,0",0.645,0.775,0.6775,0.6526315789473685,0.62,0.6358974358974359,0.645,0.9440011978149414
"0,1,0,0,0,1,0,0,0,0,1,0,1,1,1,1,1,0,0,0,0",0.645,0.775,0.6775,0.6526315789473685,0.62,0.6358974358974359,0.645,0.9979391098022461
"0,0,0,0,1,0,1,0,1,1,1,1,1,0,1,1,1,0,0,1,1",0.645,0.775,0.6775,0.6986301369863014,0.51,0.5895953757225434,0.645,1.0399410724639893
"0,1,1,0,1,1,0,0,0,0,1,0,1,1,1,1,0,0,0,1,0",0.64,0.79,0.6775,0.6428571428571429,0.63,0.6363636363636364,0.64,1.0409505367279053
"0,1,0,0,0,1,0,1,1,1,1,1,1,1,1,1,1,0,0,0,0",0.645,0.775,0.6775,0.6526315789473685,0.62,0.6358974358974359,0.645,0.9274923801422119
"0,1,0,0,0,1,0,0,0,1,1,0,1,1,1,1,1,0,1,0,0",0.645,0.775,0.6775,0.6526315789473685,0.62,0.6358974358974359,0.645,0.9804661273956299
"0,1,0,0,0,1,0,1,1,1,1,0,1,1,1,1,1,0,1,0,0",0.645,0.775,0.6775,0.6526315789473685,0.62,0.6358974358974359,0.645,0.9627108573913574
"0,0,0,0,1,1,0,0,0,0,1,0,1,1,1,0,1,0,0,1,1",0.64,0.79,0.6775,0.6458333333333334,0.62,0.6326530612244898,0.64,1.0516166687011719
"0,1,0,0,0,1,0,1,1,0,1,0,0,1,1,0,1,0,0,0,0",0.645,0.775,0.6775,0.6526315789473685,0.62,0.6358974358974359,0.645,0.9258580207824707
"0,1,0,0,0,1,0,0,1,1,1,0,1,1,1,1,1,0,1,0,0",0.645,0.775,0.6775,0.6526315789473685,0.62,0.6358974358974359,0.645,0.9912679195404053
"0,1,0,0,0,1,0,0,1,1,1,0,1,1,1,1,1,0,0,0,0",0.645,0.775,0.6775,0.6526315789473685,0.62,0.6358974358974359,0.645,0.9844448566436768
"0,1,0,0,0,1,0,0,1,1,1,1,1,1,1,1,1,0,1,0,0",0.645,0.775,0.6775,0.6526315789473685,0.62,0.6358974358974359,0.645,0.9744067192077637
"0,1,0,0,0,1,0,0,1,1,1,0,1,1,1,0,1,0,1,0,0",0.645,0.775,0.6775,0.6526315789473685,0.62,0.6358974358974359,0.645,0.9514575004577637
"0,1,0,0,0,1,0,0,0,1,1,1,1,1,1,1,1,0,1,0,0",0.645,0.775,0.6775,0.6526315789473685,0.62,0.6358974358974359,0.645,1.006188154220581
"0,0,0,0,1,1,0,1,1,1,1,0,1,1,1,0,1,1,0,1,0",0.635,0.8,0.67625,0.6336633663366337,0.64,0.6368159203980099,0.635,1.0170905590057373
"0,0,0,0,1,1,0,0,1,1,1,0,0,1,0,0,1,1,0,1,1",0.615,0.86,0.67625,0.6055045871559633,0.66,0.631578947368421,0.615,1.0159492492675781
"0,1,0,0,0,1,0,0,1,1,1,0,0,1,0,1,1,0,1,1,1",0.625,0.83,0.67625,0.6050420168067226,0.72,0.6575342465753424,0.625,1.0839776992797852
"0,1,0,0,0,1,0,0,0,0,1,0,1,0,1,1,1,0,1,1,1",0.62,0.845,0.67625,0.6153846153846154,0.64,0.6274509803921569,0.62,1.05924654006958
"0,1,0,0,0,0,0,0,0,1,0,0,0,0,1,0,1,1,0,1,0",0.625,0.83,0.67625,0.6106194690265486,0.69,0.647887323943662,0.625,1.023439884185791
"1,1,0,1,1,0,0,0,1,0,0,0,0,0,0,1,0,1,1,1,0",0.635,0.8,0.67625,0.6551724137931034,0.57,0.6096256684491979,0.635,0.9817132949829102
"0,0,0,0,1,1,0,1,1,1,1,1,1,1,1,1,1,0,0,1,1",0.62,0.84,0.675,0.6224489795918368,0.61,0.6161616161616161,0.62,0.9717094898223877
"0,0,0,0,1,1,0,1,1,1,1,0,1,1,1,0,1,1,0,0,1",0.625,0.825,0.675,0.6146788990825688,0.67,0.6411483253588517,0.625,1.0928328037261963
"0,1,1,1,1,1,1,1,1,0,1,0,1,1,1,1,1,0,1,1,1",0.63,0.81,0.675,0.6511627906976745,0.56,0.6021505376344086,0.63,0.9628560543060303
"0,1,1,1,1,1,1,1,1,0,1,1,1,0,1,1,1,0,1,1,1",0.62,0.84,0.675,0.6304347826086957,0.58,0.6041666666666666,0.62,1.0050561428070068
"0,0,0,0,1,1,0,1,1,1,1,0,1,1,1,1,1,1,0,0,1",0.625,0.825,0.675,0.6146788990825688,0.67,0.6411483253588517,0.625,0.9940109252929688
"0,0,0,0,1,1,1,1,0,1,1,0,0,0,0,0,1,0,1,1,1",0.635,0.795,0.675,0.6134453781512605,0.73,0.6666666666666666,0.635,1.0418610572814941
"0,1,1,1,1,1,1,1,1,0,0,1,1,0,0,1,1,0,1,1,0",0.63,0.805,0.6737500000000001,0.6274509803921569,0.64,0.6336633663366337,0.63,0.9693577289581299
"0,1,1,1,1,1,0,0,0,0,1,0,1,0,1,1,1,0,1,1,1",0.625,0.82,0.6737500000000001,0.6344086021505376,0.59,0.6113989637305699,0.625,1.031313419342041
"0,1,0,1,1,0,1,0,1,0,1,0,0,1,0,1,0,1,1,0,1",0.625,0.82,0.6737500000000001,0.6344086021505376,0.59,0.6113989637305699,0.625,1.0519695281982422
"0,1,0,0,0,1,0,0,0,1,1,1,0,1,1,1,0,0,0,1,0",0.63,0.8,0.6725000000000001,0.6326530612244898,0.62,0.6262626262626263,0.63,1.0683326721191406
"0,0,0,0,1,1,0,1,1,0,1,0,1,0,1,0,1,0,0,1,1",0.63,0.8,0.6725000000000001,0.6140350877192983,0.7,0.6542056074766355,0.63,0.969963788986206
"1,1,0,0,0,0,0,0,0,1,0,0,0,0,1,0,1,0,1,1,1",0.625,0.815,0.6725,0.6404494382022472,0.57,0.6031746031746031,0.625,1.07366943359375
"0,0,0,0,1,1,0,1,1,0,1,0,1,1,1,0,1,1,0,1,1",0.63,0.795,0.67125,0.6354166666666666,0.61,0.6224489795918368,0.63,0.9941914081573486
"0,0,1,1,1,1,1,0,0,0,1,0,1,1,1,0,1,0,0,1,1",0.645,0.75,0.67125,0.6464646464646465,0.64,0.6432160804020101,0.645,0.9685099124908447
"0,1,0,0,0,1,0,0,1,1,1,0,0,1,1,0,1,0,1,1,0",0.635,0.78,0.67125,0.6588235294117647,0.56,0.6054054054054054,0.635,1.0162715911865234
"0,0,0,0,1,1,1,0,1,0,1,0,0,0,0,0,0,1,1,1,0",0.65,0.735,0.6712499999999999,0.6339285714285714,0.71,0.6698113207547169,0.6499999999999999,1.096254825592041
"0,0,0,0,1,1,0,0,0,1,1,0,0,0,0,0,1,0,1,1,1",0.62,0.825,0.6712499999999999,0.6052631578947368,0.69,0.6448598130841121,0.62,1.0693986415863037
"0,1,0,0,0,1,0,0,0,1,1,0,0,1,0,0,1,1,0,0,1",0.63,0.795,0.6712499999999999,0.6160714285714286,0.69,0.6509433962264151,0.6299999999999999,0.992117166519165
"0,1,1,1,0,0,1,0,0,0,0,1,0,1,1,0,0,1,1,1,1",0.62,0.825,0.6712499999999999,0.6395348837209303,0.55,0.5913978494623656,0.62,1.0488331317901611
"0,0,0,0,1,1,0,1,1,1,1,0,1,1,1,1,1,0,0,1,1",0.63,0.79,0.67,0.6274509803921569,0.64,0.6336633663366337,0.63,1.0467925071716309
"0,0,1,1,1,1,0,0,1,1,1,1,0,0,1,1,0,1,1,0,1",0.625,0.805,0.6699999999999999,0.6068376068376068,0.71,0.6543778801843319,0.625,0.9845101833343506
"0,1,1,1,1,1,1,1,0,0,1,0,1,1,1,0,1,0,0,0,1",0.635,0.775,0.6699999999999999,0.6421052631578947,0.61,0.6256410256410256,0.635,0.9768099784851074
"1,0,1,0,0,0,0,1,0,1,1,0,0,1,1,0,1,0,1,0,1",0.61,0.845,0.66875,0.6037735849056604,0.64,0.6213592233009708,0.61,0.9701039791107178
"0,1,1,1,1,1,0,1,1,0,1,0,1,1,1,1,1,0,0,0,0",0.635,0.77,0.66875,0.6451612903225806,0.6,0.6217616580310881,0.635,0.974276065826416
"0,1,0,0,0,1,0,1,1,1,1,0,1,1,1,1,1,0,0,1,1",0.615,0.83,0.66875,0.6116504854368932,0.63,0.6206896551724138,0.615,0.9958360195159912
"0,1,1,1,1,1,0,1,1,1,1,1,1,1,1,1,1,0,1,0,0",0.635,0.77,0.66875,0.6451612903225806,0.6,0.6217616580310881,0.635,0.978191614151001
"0,1,0,0,0,1,0,0,1,1,1,0,0,1,0,0,1,1,0,1,0",0.635,0.77,0.66875,0.6238532110091743,0.68,0.6507177033492823,0.635,1.0421185493469238
"0,1,0,0,0,1,0,0,1,1,1,0,0,1,0,1,1,0,0,1,1",0.615,0.83,0.66875,0.5966386554621849,0.71,0.6484018264840182,0.615,1.0228614807128906
"0,1,0,0,0,1,1,1,0,1,1,0,0,0,0,0,1,1,0,1,0",0.62,0.815,0.66875,0.6276595744680851,0.59,0.6082474226804123,0.62,1.1004137992858887
"0,1,1,1,1,1,0,0,0,0,1,0,1,0,1,1,1,0,0,0,0",0.635,0.77,0.66875,0.6451612903225806,0.6,0.6217616580310881,0.635,0.9770207405090332
"0,1,1,1,1,1,0,0,0,0,1,0,0,0,1,1,1,0,0,0,0",0.635,0.77,0.66875,0.6451612903225806,0.6,0.6217616580310881,0.635,0.9416747093200684
"0,1,1,1,1,1,0,1,1,1,1,0,1,1,1,1,1,0,0,0,0",0.635,0.77,0.66875,0.6451612903225806,0.6,0.6217616580310881,0.635,0.9540185928344727
"0,1,1,1,1,1,0,0,0,0,1,0,0,0,1,1,1,0,1,0,0",0.635,0.77,0.66875,0.6451612903225806,0.6,0.6217616580310881,0.635,1.005422592163086
"0,1,1,1,1,1,0,1,1,1,1,1,1,1,1,1,1,0,0,0,0",0.635,0.77,0.66875,0.6451612903225806,0.6,0.6217616580310881,0.635,1.012312412261963
"0,1,1,1,1,1,0,0,0,0,1,0,1,1,1,1,1,0,0,0,0",0.635,0.77,0.66875,0.6451612903225806,0.6,0.6217616580310881,0.635,1.036987543106079
"0,1,1,1,1,1,0,0,0,1,1,1,1,1,1,1,1,0,0,0,0",0.635,0.77,0.66875,0.6451612903225806,0.6,0.6217616580310881,0.635,0.9769175052642822
"0,1,1,1,1,1,0,1,1,1,1,0,1,1,1,1,1,0,1,0,0",0.635,0.77,0.66875,0.6451612903225806,0.6,0.6217616580310881,0.635,0.967970609664917
"0,0,0,0,1,1,0,0,1,1,1,0,0,1,0,0,1,1,0,1,0",0.635,0.77,0.66875,0.6238532110091743,0.68,0.6507177033492823,0.635,1.0752387046813965
"0,1,1,1,1,1,0,0,0,0,1,0,1,0,1,1,1,0,1,0,0",0.635,0.77,0.66875,0.6451612903225806,0.6,0.6217616580310881,0.635,0.9511165618896484
"0,1,1,1,1,1,1,0,1,0,1,0,1,0,1,1,1,0,1,0,1",0.62,0.81,0.6675,0.6304347826086957,0.58,0.6041666666666666,0.62,1.0076713562011719
"0,1,0,0,0,1,0,0,0,1,0,0,0,0,1,1,1,0,1,1,1",0.61,0.84,0.6675,0.6122448979591837,0.6,0.6060606060606061,0.61,1.0068869590759277
"0,1,1,1,1,1,1,1,1,0,1,0,1,0,1,0,1,1,0,1,1",0.625,0.795,0.6675,0.6506024096385542,0.54,0.5901639344262295,0.625,1.0142011642456055
"0,1,1,1,1,1,0,1,1,1,1,0,1,1,1,0,1,1,0,0,1",0.615,0.82,0.66625,0.6263736263736264,0.57,0.5968586387434555,0.615,1.021557331085205
"0,1,0,0,0,0,1,0,1,1,0,1,0,1,0,0,0,1,1,1,1",0.625,0.79,0.66625,0.654320987654321,0.53,0.585635359116022,0.625,0.9699556827545166
"0,1,1,1,1,1,1,1,1,0,1,0,1,0,1,0,1,0,1,1,0",0.625,0.79,0.66625,0.6288659793814433,0.61,0.6192893401015228,0.625,1.0256707668304443
"0,1,1,1,1,1,0,1,1,1,1,0,1,1,1,1,1,1,0,0,1",0.615,0.82,0.66625,0.6263736263736264,0.57,0.5968586387434555,0.615,1.0922660827636719
"0,0,0,0,0,1,0,1,1,0,0,0,1,1,0,0,1,1,0,1,1",0.6,0.865,0.66625,0.6428571428571429,0.45,0.5294117647058824,0.6,1.0269050598144531
"0,1,0,0,0,1,0,0,0,1,0,0,0,0,1,1,0,0,1,0,1",0.61,0.835,0.66625,0.6037735849056604,0.64,0.6213592233009708,0.61,0.984682559967041
"0,0,0,0,1,1,0,0,1,1,1,0,0,1,1,0,0,1,1,1,1",0.6,0.865,0.66625,0.5961538461538461,0.62,0.6078431372549019,0.6,1.015395164489746
"0,0,0,0,1,1,0,1,1,1,1,1,1,1,1,1,1,0,0,1,0",0.63,0.775,0.66625,0.63,0.63,0.63,0.63,1.0600383281707764
"0,0,0,0,1,1,0,0,1,1,1,0,0,1,0,1,1,1,0,0,1",0.61,0.83,0.665,0.6122448979591837,0.6,0.6060606060606061,0.61,1.080881118774414
"0,1,1,1,1,1,1,1,1,0,0,1,1,0,0,1,1,1,1,1,0",0.6,0.86,0.665,0.6063829787234043,0.57,0.5876288659793815,0.6,0.9976019859313965
"0,1,1,1,1,1,1,1,1,0,0,1,1,0,0,1,1,1,0,1,0",0.6,0.86,0.665,0.6063829787234043,0.57,0.5876288659793815,0.6,0.9980347156524658
"0,1,0,0,0,1,0,0,1,1,1,0,0,1,0,1,1,0,0,1,0",0.62,0.8,0.665,0.603448275862069,0.7,0.6481481481481481,0.62,1.0627412796020508
"1,1,0,1,0,0,1,0,0,1,0,0,1,1,1,1,1,1,0,1,0",0.635,0.755,0.665,0.6551724137931034,0.57,0.6096256684491979,0.635,1.0138146877288818
"0,0,0,0,1,1,0,1,1,1,1,0,1,1,1,1,1,0,1,0,1",0.615,0.815,0.665,0.6074766355140186,0.65,0.6280193236714976,0.615,1.0032875537872314
"0,0,0,0,1,1,0,0,1,1,1,0,0,1,0,0,1,1,0,0,1",0.61,0.83,0.665,0.6122448979591837,0.6,0.6060606060606061,0.61,1.0649216175079346
"1,0,0,0,1,0,0,0,1,1,1,0,0,1,0,0,0,1,1,1,1",0.61,0.83,0.665,0.6078431372549019,0.62,0.6138613861386139,0.61,0.9967856407165527
"0,1,0,0,0,1,0,0,1,1,1,0,0,0,0,0,1,0,1,1,1",0.625,0.785,0.665,0.6262626262626263,0.62,0.6231155778894473,0.625,1.0172374248504639
"1,0,0,1,1,0,0,0,0,1,1,0,1,1,1,0,0,1,0,0,1",0.615,0.815,0.665,0.6116504854368932,0.63,0.6206896551724138,0.615,1.0251290798187256
"0,0,0,1,0,1,0,1,1,1,1,1,0,1,1,1,0,0,1,1,1",0.615,0.815,0.665,0.6,0.69,0.641860465116279,0.615,1.079535961151123
"0,1,0,0,0,1,0,1,0,0,1,0,1,1,1,0,1,0,0,1,1",0.605,0.84,0.6637500000000001,0.6179775280898876,0.55,0.582010582010582,0.605,1.019428014755249
"0,1,1,1,1,1,1,1,0,0,1,0,1,1,1,0,1,0,0,1,1",0.615,0.81,0.6637500000000001,0.6263736263736264,0.57,0.5968586387434555,0.615,1.014002799987793
"0,1,0,0,1,0,0,0,0,0,1,0,0,1,1,1,1,1,1,1,1",0.615,0.81,0.6637500000000001,0.6055045871559633,0.66,0.631578947368421,0.615,1.0041403770446777
"0,1,0,0,0,1,0,0,0,1,1,0,0,0,0,0,1,0,1,1,1",0.615,0.81,0.6637500000000001,0.6017699115044248,0.68,0.6384976525821596,0.615,1.1006896495819092
"0,0,0,0,0,0,1,0,1,1,0,0,0,1,1,0,0,1,1,0,1",0.625,0.78,0.6637500000000001,0.6288659793814433,0.61,0.6192893401015228,0.625,1.0236279964447021
"1,0,0,1,1,1,0,0,0,0,1,0,1,0,1,1,1,0,1,1,1",0.6,0.855,0.6637500000000001,0.5925925925925926,0.64,0.6153846153846154,0.6000000000000001,0.9833500385284424
"1,0,1,1,1,1,0,1,1,1,0,1,0,1,1,1,1,1,1,1,0",0.605,0.84,0.6637500000000001,0.6235294117647059,0.53,0.572972972972973,0.605,1.0215959548950195
"0,0,0,0,1,1,0,0,1,1,1,0,0,1,0,1,1,0,0,0,0",0.64,0.73,0.6625,0.6129032258064516,0.76,0.6785714285714286,0.64,0.9490904808044434
"0,1,0,0,0,1,0,1,1,1,1,0,0,1,0,0,1,0,0,0,0",0.64,0.73,0.6625,0.6129032258064516,0.76,0.6785714285714286,0.64,1.0856356620788574
"0,0,1,0,0,1,1,1,0,0,1,1,0,1,0,1,1,0,0,0,0",0.64,0.73,0.6625,0.6129032258064516,0.76,0.6785714285714286,0.64,0.9391045570373535
"0,0,0,0,1,1,1,0,1,0,1,1,0,1,1,1,1,1,1,1,0",0.635,0.745,0.6625,0.6363636363636364,0.63,0.6331658291457286,0.635,0.9840927124023438
"0,1,0,0,0,1,0,0,1,1,1,0,0,1,0,1,1,0,0,0,0",0.64,0.73,0.6625,0.6129032258064516,0.76,0.6785714285714286,0.64,0.9198870658874512
"0,0,0,0,0,1,0,0,0,1,1,0,0,0,1,0,1,1,0,0,0",0.595,0.865,0.6625,0.5855855855855856,0.65,0.6161137440758294,0.595,1.0197875499725342
"1,1,0,1,1,0,0,0,0,0,0,1,1,1,0,0,1,1,1,1,0",0.635,0.745,0.6625,0.6753246753246753,0.52,0.5875706214689266,0.635,0.9778082370758057
"0,0,0,0,1,1,0,0,0,0,1,0,1,1,1,1,1,0,1,1,1",0.605,0.835,0.6625,0.6019417475728155,0.62,0.6108374384236454,0.605,1.0449028015136719
"0,1,1,1,1,1,1,1,1,0,1,0,0,0,1,1,1,0,1,0,0",0.625,0.77,0.66125,0.6373626373626373,0.58,0.6073298429319371,0.625,0.9570155143737793
"0,0,0,0,0,1,1,1,0,0,1,0,1,1,1,1,0,0,1,1,0",0.61,0.815,0.66125,0.6122448979591837,0.6,0.6060606060606061,0.61,0.9774386882781982
"0,1,1,1,1,1,1,0,0,0,1,0,1,1,1,1,1,0,0,0,0",0.625,0.77,0.66125,0.6373626373626373,0.58,0.6073298429319371,0.625,1.0106432437896729
"0,1,1,1,1,1,1,1,1,0,1,0,1,0,1,0,1,1,0,1,0",0.615,0.8,0.66125,0.6385542168674698,0.53,0.5792349726775956,0.615,1.031789779663086
"0,0,0,0,1,1,0,1,1,1,1,1,1,1,1,0,1,1,0,1,0",0.62,0.785,0.66125,0.625,0.6,0.6122448979591837,0.62,1.0265908241271973
"0,1,1,1,1,1,1,1,1,1,1,0,1,1,1,1,1,0,0,0,0",0.625,0.77,0.66125,0.6373626373626373,0.58,0.6073298429319371,0.625,1.0013573169708252
"0,1,1,1,1,1,1,1,1,0,1,0,1,0,1,1,1,0,0,0,0",0.625,0.77,0.66125,0.6373626373626373,0.58,0.6073298429319371,0.625,0.9701838493347168
"0,0,0,0,0,1,1,1,0,1,0,1,1,0,1,1,1,1,1,1,1",0.625,0.77,0.66125,0.6436781609195402,0.56,0.5989304812834224,0.625,1.0110924243927002
"0,1,1,1,1,1,1,1,1,1,1,0,1,1,1,1,1,0,1,0,0",0.625,0.77,0.66125,0.6373626373626373,0.58,0.6073298429319371,0.625,0.9902021884918213
"1,1,0,0,1,0,0,0,0,1,1,0,0,0,1,1,1,0,1,1,1",0.61,0.815,0.66125,0.6341463414634146,0.52,0.5714285714285714,0.61,1.0600001811981201
"0,1,1,1,1,1,1,1,1,0,1,0,1,0,1,1,1,0,1,0,0",0.625,0.77,0.66125,0.6373626373626373,0.58,0.6073298429319371,0.625,0.981731653213501
"0,0,0,0,1,1,0,1,1,1,1,1,1,1,1,1,1,0,1,1,1",0.6,0.845,0.6612499999999999,0.6041666666666666,0.58,0.5918367346938775,0.6,1.0050501823425293
"0,1,1,1,1,1,0,0,0,0,1,0,1,1,1,0,1,0,0,1,1",0.615,0.795,0.6599999999999999,0.6455696202531646,0.51,0.5698324022346368,0.615,1.027026653289795
"0,1,0,0,0,1,0,1,1,1,1,0,1,1,1,1,1,0,1,1,1",0.61,0.805,0.6587500000000001,0.625,0.55,0.5851063829787234,0.6100000000000001,1.0473215579986572
"0,1,1,1,1,1,0,0,0,0,1,0,1,0,1,1,1,0,0,1,0",0.61,0.805,0.6587500000000001,0.6222222222222222,0.56,0.5894736842105263,0.6100000000000001,1.0116393566131592
"0,1,1,1,1,1,0,0,0,0,1,0,1,0,1,1,1,0,1,1,0",0.61,0.805,0.6587500000000001,0.6222222222222222,0.56,0.5894736842105263,0.6100000000000001,0.9917247295379639
"0,1,1,1,0,1,0,0,0,0,1,1,1,1,0,1,1,1,1,1,0",0.6,0.835,0.65875,0.6,0.6,0.6,0.6,0.9856913089752197
"0,0,0,0,1,1,0,1,1,0,1,0,1,1,1,1,1,0,0,1,0",0.62,0.775,0.65875,0.6111111111111112,0.66,0.6346153846153846,0.62,0.9737861156463623
"0,0,0,0,1,1,0,1,1,0,0,0,1,0,0,0,0,1,1,1,1",0.605,0.82,0.65875,0.5981308411214953,0.64,0.6183574879227053,0.605,0.9785726070404053
"0,0,0,0,1,1,0,1,1,1,1,0,1,1,1,1,1,0,1,1,0",0.62,0.775,0.65875,0.6111111111111112,0.66,0.6346153846153846,0.62,0.9593098163604736
"0,0,0,0,1,1,0,1,1,1,1,0,1,1,1,1,1,0,0,1,0",0.62,0.775,0.65875,0.6111111111111112,0.66,0.6346153846153846,0.62,0.9927380084991455
"1,1,0,0,0,0,0,0,0,1,0,0,0,0,1,0,1,1,0,0,1",0.615,0.79,0.65875,0.6236559139784946,0.58,0.6010362694300518,0.615,0.9833962917327881
"0,1,0,1,1,1,0,1,1,1,1,0,0,1,1,1,0,0,0,1,1",0.605,0.82,0.65875,0.6060606060606061,0.6,0.6030150753768844,0.605,1.0359859466552734
"0,0,0,0,0,1,0,0,0,1,1,1,1,0,0,1,0,0,0,1,0",0.605,0.82,0.65875,0.6039603960396039,0.61,0.6069651741293532,0.605,0.9875087738037109
"0,1,1,1,1,1,0,1,1,1,1,0,1,1,1,1,1,0,1,1,1",0.6,0.835,0.65875,0.6020408163265306,0.59,0.5959595959595959,0.6,0.9927668571472168
"0,1,0,1,1,1,1,0,0,1,1,1,1,1,0,0,0,1,0,1,1",0.625,0.76,0.65875,0.6190476190476191,0.65,0.6341463414634146,0.625,0.9699068069458008
"0,1,1,0,1,1,0,1,0,1,0,1,1,0,1,1,1,0,0,1,1",0.585,0.88,0.65875,0.5794392523364486,0.62,0.5990338164251208,0.585,0.9870617389678955
"0,0,0,0,0,1,0,1,1,1,1,1,0,1,0,1,0,1,1,1,0",0.595,0.845,0.6575,0.5798319327731093,0.69,0.6301369863013698,0.595,1.03814697265625
"1,0,0,1,0,0,0,0,0,1,0,0,1,1,1,1,1,1,1,1,0",0.605,0.81,0.65625,0.6179775280898876,0.55,0.582010582010582,0.605,1.0696475505828857
"0,0,0,0,1,1,0,0,0,0,1,0,1,0,1,1,1,0,1,1,1",0.6,0.825,0.65625,0.5980392156862745,0.61,0.6039603960396039,0.6,1.082258939743042
"0,1,0,0,0,1,1,1,0,0,0,1,0,1,0,1,0,0,0,1,0",0.635,0.72,0.65625,0.6285714285714286,0.66,0.6439024390243903,0.635,1.030442237854004
"0,0,0,0,1,1,0,1,1,1,1,0,1,1,1,0,1,0,0,1,1",0.6,0.825,0.65625,0.5925925925925926,0.64,0.6153846153846154,0.6000000000000001,1.0188581943511963
"0,1,1,1,1,0,0,0,1,0,1,0,1,0,0,0,0,0,0,1,0",0.63,0.73,0.655,0.6203703703703703,0.67,0.6442307692307693,0.63,1.0156364440917969
"1,1,0,0,0,0,0,0,0,1,0,0,0,0,1,1,0,0,1,0,1",0.615,0.775,0.655,0.6352941176470588,0.54,0.5837837837837838,0.615,1.0435752868652344
"0,1,1,1,1,1,0,1,1,1,1,1,1,1,1,1,1,0,0,1,0",0.6,0.82,0.655,0.6111111111111112,0.55,0.5789473684210527,0.6000000000000001,1.0726630687713623
"1,1,1,1,1,0,1,1,1,0,0,1,1,1,0,1,0,1,0,1,1",0.605,0.805,0.655,0.6153846153846154,0.56,0.5863874345549738,0.605,1.0065302848815918
"0,1,0,0,0,1,0,0,0,1,0,0,0,0,1,1,1,1,0,1,0",0.63,0.73,0.655,0.6226415094339622,0.66,0.6407766990291263,0.63,1.0184705257415771
"1,0,0,1,1,1,0,0,1,1,1,1,0,1,1,1,0,1,1,0,1",0.605,0.805,0.655,0.6039603960396039,0.61,0.6069651741293532,0.605,1.0648634433746338
"0,1,1,1,1,1,0,0,0,0,1,0,1,0,1,0,1,0,1,1,0",0.605,0.805,0.655,0.6296296296296297,0.51,0.56353591160221,0.605,1.0437171459197998
"0,1,1,1,1,1,0,0,0,1,1,0,1,0,1,1,1,0,1,1,1",0.61,0.79,0.655,0.6222222222222222,0.56,0.5894736842105263,0.6100000000000001,1.0525610446929932
"0,0,0,0,1,1,0,1,1,1,1,0,1,1,1,1,0,0,1,1,1",0.605,0.805,0.655,0.6039603960396039,0.61,0.6069651741293532,0.605,1.0588877201080322
"0,1,0,0,0,0,0,0,0,1,0,0,0,0,1,0,1,1,0,0,0",0.62,0.76,0.655,0.6090909090909091,0.67,0.638095238095238,0.62,0.9557132720947266
"0,1,1,1,1,1,0,1,1,1,1,0,1,1,1,0,1,0,1,1,1",0.595,0.83,0.65375,0.6043956043956044,0.55,0.5759162303664922,0.595,1.0684044361114502
"0,1,1,0,1,1,0,0,0,1,1,1,0,1,1,1,0,0,0,1,0",0.6,0.815,0.65375,0.6086956521739131,0.56,0.5833333333333334,0.6000000000000001,1.0224683284759521
"0,1,1,1,0,1,0,1,0,0,1,0,1,0,1,1,1,0,1,0,1",0.61,0.785,0.65375,0.6078431372549019,0.62,0.6138613861386139,0.61,1.0497913360595703
"0,1,0,0,0,1,0,1,1,1,1,0,1,1,1,1,0,0,1,1,1",0.605,0.8,0.65375,0.6039603960396039,0.61,0.6069651741293532,0.605,0.9974095821380615
"0,0,0,0,1,0,0,0,1,1,0,0,0,1,0,1,1,0,0,0,1",0.6,0.815,0.6537499999999999,0.631578947368421,0.48,0.5454545454545454,0.6,1.0339760780334473
"0,0,1,0,0,0,0,1,1,1,1,0,0,1,1,1,1,1,1,0,0",0.62,0.755,0.6537499999999999,0.6276595744680851,0.59,0.6082474226804123,0.62,0.9811875820159912
"0,1,1,0,1,1,0,1,0,1,0,1,1,1,1,1,1,1,1,1,1",0.59,0.84,0.6525000000000001,0.6125,0.49,0.5444444444444444,0.59,1.0387656688690186
"0,0,0,0,1,1,0,0,1,1,1,0,0,1,0,1,1,0,1,1,1",0.585,0.855,0.6525,0.580952380952381,0.61,0.5951219512195122,0.585,1.0435898303985596
"0,0,0,0,0,1,0,1,1,1,1,0,1,1,1,1,1,0,0,1,0",0.595,0.825,0.6525,0.5922330097087378,0.61,0.6009852216748769,0.595,1.0560758113861084
"0,0,0,0,1,1,0,1,1,1,1,0,0,1,0,0,1,1,0,1,0",0.635,0.705,0.6525,0.6261682242990654,0.67,0.6473429951690821,0.635,1.0356111526489258
"0,1,0,0,0,1,0,1,1,1,1,0,0,1,0,0,1,1,0,1,0",0.635,0.705,0.6525,0.6261682242990654,0.67,0.6473429951690821,0.635,1.1181585788726807
"0,1,0,0,0,1,0,1,0,1,0,0,0,0,1,0,1,1,0,1,0",0.6,0.81,0.6525,0.6282051282051282,0.49,0.550561797752809,0.6,1.019810676574707
"0,0,0,0,1,1,0,1,1,0,1,0,1,0,0,0,0,1,1,1,1",0.59,0.835,0.6512500000000001,0.5957446808510638,0.56,0.5773195876288659,0.5900000000000001,1.0806233882904053
"0,0,0,0,1,1,0,1,1,1,1,1,1,1,1,0,1,0,0,1,1",0.59,0.835,0.6512500000000001,0.5789473684210527,0.66,0.616822429906542,0.5900000000000001,0.9524595737457275
"0,1,1,1,1,1,1,1,1,0,0,1,1,0,0,0,0,1,1,1,1",0.58,0.865,0.6512500000000001,0.5833333333333334,0.56,0.5714285714285714,0.5800000000000001,1.0205729007720947
"0,1,1,1,1,1,1,1,1,0,0,1,1,0,0,0,1,1,0,1,0",0.585,0.85,0.65125,0.5934065934065934,0.54,0.5654450261780105,0.585,1.0127267837524414
"0,1,0,0,0,1,1,1,0,1,1,0,0,0,0,0,1,1,0,1,1",0.6,0.805,0.6512499999999999,0.6,0.6,0.6,0.6,1.0303335189819336
"0,1,1,1,0,1,1,0,0,0,1,0,0,1,0,0,0,1,0,1,1",0.6,0.8,0.6500000000000001,0.5892857142857143,0.66,0.6226415094339622,0.6000000000000001,1.0181052684783936
"0,0,0,0,0,1,0,0,0,0,1,0,1,1,1,0,1,0,0,1,1",0.58,0.86,0.65,0.5727272727272728,0.63,0.6,0.5800000000000001,1.0298662185668945
"0,0,1,1,1,1,0,1,1,1,1,1,0,0,1,1,1,0,0,1,0",0.615,0.755,0.65,0.5950413223140496,0.72,0.6515837104072398,0.615,0.9983797073364258
"1,1,0,1,1,1,1,1,1,1,0,0,1,1,0,1,0,0,0,1,1",0.6,0.8,0.6499999999999999,0.5943396226415094,0.63,0.6116504854368932,0.6,0.9577796459197998
"0,1,0,0,0,1,0,1,1,1,1,0,1,1,1,1,1,0,0,1,0",0.6,0.8,0.6499999999999999,0.6020408163265306,0.59,0.5959595959595959,0.6,0.9795029163360596
"0,1,0,0,0,1,0,1,1,1,1,0,1,1,1,1,1,0,1,1,0",0.6,0.8,0.6499999999999999,0.6020408163265306,0.59,0.5959595959595959,0.6,1.006439447402954
"0,0,0,0,1,1,0,1,1,0,0,0,1,0,1,0,0,1,1,1,1",0.595,0.815,0.6499999999999999,0.594059405940594,0.6,0.5970149253731343,0.595,0.9977314472198486
"0,1,0,1,1,1,1,0,0,1,1,0,0,1,0,0,1,0,1,1,1",0.6,0.8,0.6499999999999999,0.5980392156862745,0.61,0.6039603960396039,0.6,1.0157475471496582
"0,1,0,0,0,1,0,0,1,1,1,1,0,1,0,0,1,1,0,0,1",0.6,0.8,0.6499999999999999,0.6041666666666666,0.58,0.5918367346938775,0.6,1.006622314453125
"1,0,1,1,0,0,0,1,0,0,0,0,1,1,0,1,0,1,0,1,1",0.61,0.765,0.64875,0.6341463414634146,0.52,0.5714285714285714,0.61,1.0699164867401123
"0,0,0,1,0,1,1,1,0,0,1,0,1,0,0,0,0,1,1,0,1",0.61,0.765,0.64875,0.61,0.61,0.61,0.61,1.065814733505249
"0,0,0,0,1,1,0,1,1,1,1,1,1,1,1,0,1,1,0,1,1",0.61,0.765,0.64875,0.6145833333333334,0.59,0.6020408163265306,0.61,1.0030882358551025
"0,0,0,1,1,0,0,1,0,0,1,0,0,1,0,1,0,1,0,1,1",0.605,0.78,0.6487499999999999,0.6265060240963856,0.52,0.5683060109289617,0.605,1.0305109024047852
"0,0,0,0,1,1,0,1,1,1,1,0,1,1,1,0,1,0,1,1,1",0.59,0.825,0.6487499999999999,0.5882352941176471,0.6,0.594059405940594,0.59,1.1302452087402344
"1,0,1,0,1,1,1,1,1,0,1,1,1,0,0,1,1,1,0,1,0",0.61,0.765,0.6487499999999999,0.6375,0.51,0.5666666666666667,0.61,1.0140066146850586
"0,0,0,1,0,1,1,0,0,0,1,1,0,0,1,1,0,1,1,0,1",0.605,0.78,0.6487499999999999,0.6,0.63,0.6146341463414634,0.605,1.0146551132202148
"1,0,0,1,1,1,0,1,0,0,1,0,1,0,1,0,1,0,1,1,0",0.595,0.81,0.6487499999999999,0.5887850467289719,0.63,0.6086956521739131,0.595,1.0429394245147705
"0,1,0,0,0,1,0,0,1,1,1,0,1,1,1,1,1,0,1,1,1",0.585,0.84,0.6487499999999999,0.5977011494252874,0.52,0.5561497326203209,0.585,0.9771995544433594
"0,0,1,0,0,1,1,0,0,0,1,1,1,0,1,1,0,0,1,0,0",0.61,0.76,0.6475000000000001,0.5964912280701754,0.68,0.6355140186915887,0.6100000000000001,1.0196902751922607
"0,1,1,0,1,1,1,1,1,0,0,1,1,0,0,1,1,1,0,1,1",0.58,0.85,0.6475000000000001,0.5869565217391305,0.54,0.5625,0.5800000000000001,1.0022871494293213
"0,1,0,1,1,1,0,0,1,0,1,1,1,0,1,1,1,1,0,0,1",0.595,0.805,0.6475,0.6,0.57,0.5846153846153846,0.595,1.0346646308898926
"1,0,0,1,1,1,0,1,1,1,1,1,0,1,1,0,0,1,1,0,1",0.595,0.805,0.6475,0.5979381443298969,0.58,0.5888324873096447,0.595,0.9977154731750488
"0,0,0,0,1,1,0,1,1,1,1,0,1,1,1,0,1,0,1,1,0",0.61,0.76,0.6475,0.6018518518518519,0.65,0.625,0.61,1.025658130645752
"1,0,1,1,0,0,0,0,0,0,1,0,1,1,0,0,0,0,1,0,1",0.6,0.79,0.6475,0.6388888888888888,0.46,0.5348837209302325,0.6,0.999828577041626
"0,1,1,1,0,1,0,1,1,0,1,1,1,1,1,1,1,0,0,1,1",0.595,0.805,0.6475,0.5979381443298969,0.58,0.5888324873096447,0.595,1.0256052017211914
"0,1,0,0,0,1,1,1,0,1,1,0,0,0,0,1,1,0,0,1,0",0.61,0.76,0.6475,0.61,0.61,0.61,0.61,1.0527212619781494
"0,1,0,1,1,0,0,0,1,0,0,0,0,1,1,0,1,0,1,0,1",0.595,0.805,0.6475,0.5959595959595959,0.59,0.592964824120603,0.595,1.0755963325500488
"1,1,1,1,1,0,1,1,1,1,0,1,1,1,0,1,0,1,1,1,1",0.6,0.785,0.64625,0.6219512195121951,0.51,0.5604395604395604,0.6,0.9830200672149658
"0,1,1,1,1,1,1,1,1,0,0,1,1,0,0,1,1,1,0,0,0",0.585,0.83,0.64625,0.5894736842105263,0.56,0.5743589743589743,0.585,0.9816555976867676
"0,1,1,1,1,1,0,0,1,0,1,1,1,1,0,1,1,0,0,1,0",0.595,0.8,0.64625,0.6067415730337079,0.54,0.5714285714285714,0.595,1.0119578838348389
"0,1,0,0,0,1,1,1,0,1,1,0,1,1,1,1,1,0,1,0,0",0.62,0.725,0.64625,0.5983606557377049,0.73,0.6576576576576577,0.62,0.9623124599456787
"0,0,1,1,1,0,0,1,0,0,1,0,1,1,0,0,1,0,1,0,1",0.595,0.8,0.64625,0.594059405940594,0.6,0.5970149253731343,0.595,0.9885876178741455
"0,1,1,1,1,1,1,1,1,0,0,1,1,0,0,1,1,0,1,1,1",0.585,0.825,0.645,0.5841584158415841,0.59,0.5870646766169154,0.585,0.9964799880981445
"0,1,0,0,1,0,1,1,0,0,0,0,1,0,1,1,0,0,1,0,1",0.59,0.81,0.645,0.5957446808510638,0.56,0.5773195876288659,0.5900000000000001,1.0130479335784912
"1,1,1,0,0,1,1,0,1,0,1,1,0,0,0,0,1,1,1,1,0",0.6,0.78,0.645,0.625,0.5,0.5555555555555556,0.6,1.0009503364562988
"0,0,0,0,0,1,0,1,1,1,1,0,1,1,1,1,1,0,1,0,0",0.585,0.825,0.645,0.5739130434782609,0.66,0.6139534883720931,0.585,0.9114668369293213
"0,1,1,0,1,1,0,0,0,0,1,0,1,0,1,1,1,0,1,1,1",0.595,0.795,0.645,0.5922330097087378,0.61,0.6009852216748769,0.595,1.0549366474151611
"1,1,1,0,1,1,0,0,1,0,0,1,1,1,1,0,1,0,1,0,0",0.62,0.72,0.645,0.6224489795918368,0.61,0.6161616161616161,0.62,0.9401895999908447
"0,1,0,1,1,1,1,1,1,1,0,1,1,1,0,0,0,0,1,1,1",0.58,0.84,0.645,0.6052631578947368,0.46,0.5227272727272727,0.58,0.9832391738891602
"1,1,1,0,1,1,0,0,1,1,1,0,0,1,0,0,1,1,0,1,0",0.61,0.75,0.645,0.6078431372549019,0.62,0.6138613861386139,0.61,1.0303444862365723
"1,1,0,0,1,1,0,0,0,0,1,1,1,1,0,1,1,0,1,1,1",0.595,0.795,0.645,0.6021505376344086,0.56,0.5803108808290155,0.595,1.0336928367614746
"1,0,0,1,1,1,0,0,0,0,1,0,1,0,1,1,0,0,1,0,1",0.585,0.825,0.645,0.5841584158415841,0.59,0.5870646766169154,0.585,0.9904160499572754
"0,1,0,0,0,0,0,0,0,1,0,0,0,0,1,1,1,0,1,1,1",0.575,0.855,0.645,0.5806451612903226,0.54,0.5595854922279793,0.575,1.0712745189666748
"1,0,0,0,1,0,0,0,1,1,1,0,0,1,0,1,1,1,1,0,1",0.59,0.81,0.645,0.5865384615384616,0.61,0.5980392156862745,0.59,1.0339806079864502
"1,1,0,1,0,1,1,0,1,1,1,0,0,1,1,1,1,0,1,1,1",0.575,0.855,0.645,0.5862068965517241,0.51,0.5454545454545454,0.575,1.0491976737976074
"1,0,0,1,1,0,0,0,0,0,1,1,1,1,1,0,1,1,1,0,1",0.585,0.825,0.645,0.5841584158415841,0.59,0.5870646766169154,0.585,0.9916732311248779
"1,1,0,0,0,0,0,0,1,0,0,0,1,0,1,1,1,1,1,0,1",0.595,0.795,0.645,0.6043956043956044,0.55,0.5759162303664922,0.595,1.0191268920898438
"0,1,0,0,0,1,0,1,1,1,1,0,0,1,0,0,1,1,0,0,1",0.6,0.78,0.645,0.5925925925925926,0.64,0.6153846153846154,0.6000000000000001,1.0081005096435547
"1,0,1,1,0,0,0,1,0,0,1,0,0,0,1,0,1,1,0,1,1",0.6,0.78,0.645,0.6,0.6,0.6,0.6,1.0721430778503418
"0,0,1,0,0,1,1,0,1,1,0,0,0,0,1,0,1,1,1,1,0",0.6,0.78,0.645,0.6162790697674418,0.53,0.5698924731182796,0.6000000000000001,1.0395991802215576
"0,1,1,1,1,1,0,1,1,1,1,0,1,1,1,1,1,1,1,1,0",0.59,0.81,0.645,0.5978260869565217,0.55,0.5729166666666666,0.5900000000000001,1.0092625617980957
"1,0,0,0,1,0,0,0,1,1,1,0,0,1,0,0,1,1,0,1,1",0.585,0.82,0.64375,0.5794392523364486,0.62,0.5990338164251208,0.585,1.0045299530029297
"0,0,1,0,0,1,1,1,1,1,1,0,1,0,1,0,1,0,1,1,1",0.605,0.76,0.64375,0.5945945945945946,0.66,0.6255924170616114,0.605,1.0839989185333252
"0,0,0,1,0,0,1,0,0,1,0,1,0,1,1,0,0,1,0,1,0",0.615,0.73,0.64375,0.6138613861386139,0.62,0.6169154228855721,0.615,0.9948360919952393
"0,0,1,1,1,1,1,0,1,0,1,0,1,0,0,0,0,0,0,1,0",0.62,0.715,0.64375,0.6016949152542372,0.71,0.6513761467889908,0.62,0.9810516834259033
"1,0,1,1,1,1,1,0,0,0,0,0,1,0,0,1,1,1,1,1,0",0.605,0.76,0.64375,0.591304347826087,0.68,0.6325581395348837,0.605,1.0255846977233887
"0,1,0,1,1,1,1,0,1,1,1,1,1,0,0,0,0,0,0,0,0",0.62,0.715,0.64375,0.603448275862069,0.7,0.6481481481481481,0.62,0.9362070560455322
"1,0,0,0,1,0,1,0,1,1,1,0,0,1,0,0,1,1,0,0,1",0.61,0.745,0.64375,0.627906976744186,0.54,0.5806451612903226,0.6100000000000001,0.9475257396697998
"1,1,0,0,0,0,0,0,0,1,0,0,0,0,1,1,1,0,1,1,1",0.585,0.82,0.64375,0.5977011494252874,0.52,0.5561497326203209,0.585,1.0306293964385986
"1,0,1,0,0,0,0,1,1,0,1,0,1,1,0,0,1,1,1,1,0",0.59,0.805,0.64375,0.6153846153846154,0.48,0.5393258426966292,0.59,1.0539600849151611
"0,0,0,1,1,0,1,1,1,1,1,0,1,1,0,0,0,1,1,1,1",0.59,0.8,0.6425000000000001,0.6097560975609756,0.5,0.5494505494505495,0.5900000000000001,1.0370280742645264
"0,0,1,1,1,1,0,0,0,0,1,0,1,0,1,1,1,0,1,1,1",0.585,0.815,0.6425,0.5825242718446602,0.6,0.5911330049261084,0.585,0.9883332252502441
"0,1,1,0,0,0,1,1,1,0,1,1,0,0,1,0,0,1,0,1,1",0.605,0.755,0.6425,0.6,0.63,0.6146341463414634,0.605,1.027919054031372
"0,0,0,1,1,0,0,1,1,0,1,1,0,1,1,0,1,0,1,0,1",0.595,0.785,0.6425,0.6172839506172839,0.5,0.5524861878453039,0.595,1.0092461109161377
"1,1,0,1,1,1,0,0,0,0,1,1,1,1,1,1,1,0,0,0,1",0.575,0.845,0.6425,0.5806451612903226,0.54,0.5595854922279793,0.575,0.9902687072753906
"1,1,1,1,0,1,1,0,0,1,0,1,0,0,0,1,0,1,1,0,0",0.605,0.75,0.64125,0.6206896551724138,0.54,0.5775401069518716,0.605,1.0130493640899658
"1,1,0,1,1,1,0,1,1,1,0,1,1,0,1,1,0,1,1,1,1",0.605,0.75,0.64125,0.6179775280898876,0.55,0.582010582010582,0.605,1.024341344833374
"0,0,0,1,0,1,1,0,0,1,1,1,1,1,1,1,0,1,1,1,0",0.595,0.78,0.64125,0.5959595959595959,0.59,0.592964824120603,0.595,1.068479299545288
"0,0,0,0,1,1,1,1,1,0,1,0,1,0,1,0,1,0,1,1,0",0.595,0.78,0.64125,0.5922330097087378,0.61,0.6009852216748769,0.595,1.0153343677520752
"0,0,1,1,1,1,1,0,0,0,1,0,1,0,1,1,1,0,1,1,1",0.585,0.81,0.64125,0.5913978494623656,0.55,0.5699481865284974,0.585,1.0289463996887207
"0,0,0,0,0,1,0,0,1,0,1,1,0,0,0,0,1,0,1,1,0",0.605,0.75,0.64125,0.6,0.63,0.6146341463414634,0.605,0.950650691986084
"0,1,0,1,1,1,0,1,1,1,1,0,1,1,1,1,1,0,0,1,1",0.58,0.825,0.6412499999999999,0.58,0.58,0.58,0.58,1.0374302864074707
"1,0,1,1,1,1,0,0,1,1,1,1,1,0,0,0,1,0,1,1,1",0.58,0.82,0.6400000000000001,0.5909090909090909,0.52,0.5531914893617021,0.5800000000000001,1.0230960845947266
"0,1,1,1,1,1,0,0,1,1,1,0,0,1,0,0,1,1,0,1,1",0.6,0.76,0.6400000000000001,0.6111111111111112,0.55,0.5789473684210527,0.6000000000000001,1.0373055934906006
"1,0,1,1,1,0,1,1,0,0,0,1,1,0,1,0,0,1,0,0,1",0.58,0.82,0.6400000000000001,0.5952380952380952,0.5,0.5434782608695652,0.5800000000000001,0.975477933883667
"0,1,1,1,1,1,1,1,0,0,1,1,0,1,0,0,0,1,1,1,0",0.59,0.79,0.6400000000000001,0.5957446808510638,0.56,0.5773195876288659,0.5900000000000001,1.0013823509216309
"1,0,1,0,1,1,0,0,1,1,1,1,0,1,0,1,0,0,0,0,1",0.6,0.76,0.6400000000000001,0.6086956521739131,0.56,0.5833333333333334,0.6000000000000001,0.9812097549438477
"0,1,0,0,0,1,0,0,0,1,0,0,0,0,1,1,0,0,1,1,1",0.58,0.82,0.6400000000000001,0.5833333333333334,0.56,0.5714285714285714,0.5800000000000001,0.9535868167877197
"1,0,1,1,1,0,0,1,1,1,1,1,0,1,1,0,0,1,0,0,1",0.59,0.79,0.64,0.6153846153846154,0.48,0.5393258426966292,0.59,1.0208642482757568
"1,1,0,0,1,0,0,1,0,1,1,0,0,1,0,1,0,1,1,1,1",0.605,0.745,0.64,0.6019417475728155,0.62,0.6108374384236454,0.605,1.0857617855072021
"0,0,1,0,1,0,0,0,0,0,0,0,1,0,0,0,1,0,1,1,1",0.595,0.775,0.64,0.620253164556962,0.49,0.547486033519553,0.595,1.0269062519073486
"0,0,0,0,1,1,0,1,0,0,1,0,1,1,1,0,1,0,0,1,1",0.59,0.79,0.64,0.5703125,0.73,0.6403508771929824,0.59,1.0285284519195557
"1,1,0,1,0,1,1,0,0,1,1,1,1,0,1,0,1,0,0,0,0",0.595,0.775,0.6399999999999999,0.620253164556962,0.49,0.547486033519553,0.595,0.9709622859954834
"1,1,0,1,1,0,1,1,1,1,0,0,1,0,0,0,0,0,0,1,1",0.595,0.775,0.6399999999999999,0.6172839506172839,0.5,0.5524861878453039,0.595,1.0369317531585693
"1,1,1,0,0,1,1,1,0,0,1,0,1,1,1,0,1,0,1,0,0",0.595,0.775,0.6399999999999999,0.620253164556962,0.49,0.547486033519553,0.595,0.9928557872772217
"0,1,1,1,1,1,1,1,0,1,1,0,0,0,0,0,1,0,1,1,1",0.6,0.76,0.6399999999999999,0.6,0.6,0.6,0.6,1.003643274307251
"1,1,1,0,1,1,0,0,1,1,1,0,0,1,0,0,1,1,0,1,1",0.595,0.775,0.6399999999999999,0.5922330097087378,0.61,0.6009852216748769,0.595,1.0713119506835938
"0,1,1,0,1,1,0,1,1,0,1,0,0,0,1,0,0,0,0,1,1",0.59,0.785,0.63875,0.5849056603773585,0.62,0.6019417475728155,0.5900000000000001,1.0297303199768066
"1,1,0,0,0,0,0,0,1,0,0,0,1,0,0,0,0,1,1,1,1",0.59,0.785,0.63875,0.5957446808510638,0.56,0.5773195876288659,0.5900000000000001,1.0737051963806152
"1,0,0,0,1,0,0,0,1,1,1,0,0,1,0,1,1,0,1,1,1",0.575,0.83,0.6387499999999999,0.5714285714285714,0.6,0.5853658536585366,0.575,1.0289528369903564
"1,1,1,0,1,1,0,0,0,0,0,0,1,1,1,0,0,1,1,1,1",0.6,0.755,0.6387499999999999,0.6063829787234043,0.57,0.5876288659793815,0.6,1.0347874164581299
"1,1,0,0,0,0,0,0,0,1,0,0,0,0,1,1,0,0,1,1,0",0.595,0.77,0.6387499999999999,0.6233766233766234,0.48,0.5423728813559322,0.595,1.0338218212127686
"1,0,0,0,0,1,1,1,1,1,1,1,0,0,0,1,1,0,1,1,1",0.595,0.77,0.6387499999999999,0.5904761904761905,0.62,0.6048780487804878,0.595,0.992624044418335
"0,1,0,0,0,1,0,1,1,0,0,1,1,0,0,1,1,0,1,1,0",0.595,0.77,0.6387499999999999,0.5922330097087378,0.61,0.6009852216748769,0.595,1.0225415229797363
"1,0,0,0,1,0,1,1,0,0,0,1,0,0,0,0,1,1,0,1,0",0.6,0.755,0.6387499999999999,0.6219512195121951,0.51,0.5604395604395604,0.6,1.0134673118591309
"1,1,0,0,1,0,1,0,0,0,1,0,1,1,0,0,1,1,1,0,0",0.585,0.8,0.6387499999999999,0.5825242718446602,0.6,0.5911330049261084,0.585,0.9814045429229736
"0,1,0,1,1,1,0,1,0,1,0,1,0,1,1,1,0,0,0,0,1",0.58,0.81,0.6375000000000001,0.5869565217391305,0.54,0.5625,0.5800000000000001,0.9597163200378418
"0,1,0,0,0,0,1,0,1,1,0,0,1,1,1,1,1,1,1,0,1",0.58,0.81,0.6375000000000001,0.5930232558139535,0.51,0.5483870967741935,0.5800000000000001,1.020925521850586
"1,1,1,0,1,0,1,0,0,0,1,0,0,0,1,0,1,1,0,0,0",0.59,0.78,0.6375000000000001,0.5957446808510638,0.56,0.5773195876288659,0.5900000000000001,0.9779527187347412
"0,1,1,1,1,1,0,0,0,0,1,0,1,0,1,1,1,0,0,0,1",0.6,0.75,0.6375000000000001,0.6162790697674418,0.53,0.5698924731182796,0.6000000000000001,1.005815029144287
"0,0,0,1,0,1,1,0,0,1,1,0,1,0,1,0,1,0,0,1,0",0.59,0.78,0.6375000000000001,0.5803571428571429,0.65,0.6132075471698113,0.5900000000000001,1.0470457077026367
"0,1,1,1,0,1,1,1,0,1,1,1,1,0,1,0,0,1,0,1,0",0.575,0.825,0.6375,0.5757575757575758,0.57,0.5728643216080402,0.575,0.9890339374542236
"0,0,0,0,1,0,1,1,0,0,0,1,1,0,0,1,1,0,1,1,0",0.605,0.735,0.6375,0.6179775280898876,0.55,0.582010582010582,0.605,0.9683303833007812
"0,1,1,1,1,1,0,0,1,1,1,0,0,1,0,0,1,1,0,0,1",0.6,0.75,0.6375,0.625,0.5,0.5555555555555556,0.6,1.017704963684082
"0,1,1,1,1,1,1,1,1,0,0,1,1,0,0,1,1,0,1,0,0",0.635,0.645,0.6375,0.651685393258427,0.58,0.6137566137566137,0.635,0.9258933067321777
"0,1,1,1,1,1,0,0,1,1,1,0,0,1,0,1,1,1,0,0,1",0.6,0.75,0.6375,0.625,0.5,0.5555555555555556,0.6,1.0827445983886719
"1,0,0,1,0,0,0,1,1,1,0,0,0,1,1,0,0,1,0,1,0",0.57,0.84,0.6375,0.57,0.57,0.57,0.57,1.0686092376708984
"1,0,0,0,0,0,0,1,0,1,1,0,0,0,0,1,0,1,1,1,0",0.595,0.765,0.6375,0.6043956043956044,0.55,0.5759162303664922,0.595,1.01651930809021
"1,1,1,1,0,1,0,1,0,0,0,0,1,0,1,1,0,0,1,1,0",0.59,0.78,0.6375,0.5882352941176471,0.6,0.594059405940594,0.59,0.9966294765472412
"0,1,1,1,1,1,1,1,1,0,0,1,1,0,0,1,1,0,0,0,0",0.635,0.645,0.6375,0.651685393258427,0.58,0.6137566137566137,0.635,0.9482865333557129
"1,1,1,0,1,1,1,0,0,1,0,0,0,1,0,1,1,0,1,0,0",0.635,0.645,0.6375,0.651685393258427,0.58,0.6137566137566137,0.635,0.9358370304107666
"0,1,1,0,1,1,0,1,1,0,1,1,0,0,1,0,0,0,0,1,0",0.595,0.765,0.6375,0.5871559633027523,0.64,0.6124401913875598,0.595,1.0619733333587646
"0,0,0,1,1,0,1,1,1,1,1,0,1,1,0,1,1,1,1,1,0",0.585,0.795,0.6375,0.5894736842105263,0.56,0.5743589743589743,0.585,1.0128588676452637
"0,1,0,1,1,1,0,0,1,1,1,0,1,1,0,0,0,0,0,0,1",0.58,0.805,0.6362500000000001,0.5754716981132075,0.61,0.5922330097087378,0.5800000000000001,1.0166752338409424
"0,0,0,0,0,1,0,1,0,1,1,1,1,1,0,1,1,1,0,0,1",0.59,0.775,0.63625,0.5918367346938775,0.58,0.5858585858585859,0.59,1.0257019996643066
"0,1,0,1,1,1,1,0,0,0,1,0,1,0,1,0,0,0,0,0,0",0.575,0.82,0.63625,0.5688073394495413,0.62,0.5933014354066986,0.575,0.9853250980377197
"1,1,0,1,0,0,0,0,1,1,1,0,1,1,0,0,0,1,1,1,1",0.58,0.805,0.63625,0.5784313725490197,0.59,0.5841584158415841,0.58,0.9594707489013672
"0,1,1,1,1,1,0,1,1,1,1,0,1,1,0,1,1,0,1,1,1",0.575,0.82,0.63625,0.5806451612903226,0.54,0.5595854922279793,0.575,1.0285530090332031
"1,1,1,1,0,1,0,1,0,1,0,1,1,1,0,1,0,1,0,0,1",0.595,0.76,0.63625,0.6021505376344086,0.56,0.5803108808290155,0.595,1.0308384895324707
"0,1,1,1,1,1,1,1,1,0,0,0,1,0,0,0,0,1,1,1,1",0.565,0.85,0.63625,0.5670103092783505,0.55,0.5583756345177665,0.565,0.9929838180541992
"1,0,1,0,0,0,0,0,0,0,0,1,0,0,0,0,0,1,0,1,1",0.58,0.805,0.63625,0.5727272727272728,0.63,0.6,0.5800000000000001,1.0557193756103516
"0,1,1,1,1,1,0,1,1,0,0,1,0,0,1,1,1,1,0,1,0",0.575,0.82,0.63625,0.5806451612903226,0.54,0.5595854922279793,0.575,1.0115816593170166
"0,0,1,1,1,1,1,0,1,0,0,0,1,0,0,1,1,1,1,0,1",0.58,0.805,0.63625,0.6025641025641025,0.47,0.5280898876404494,0.58,0.9834537506103516
"1,0,0,1,0,0,1,0,1,1,1,0,1,0,1,0,1,0,1,1,1",0.575,0.82,0.63625,0.5842696629213483,0.52,0.5502645502645502,0.575,1.0287821292877197
"0,1,1,0,1,1,1,1,1,0,0,1,1,0,0,1,1,1,0,1,0",0.56,0.86,0.635,0.573170731707317,0.47,0.5164835164835165,0.56,1.0492801666259766
"0,1,0,0,0,1,0,1,1,0,0,0,1,0,1,0,0,1,1,1,1",0.57,0.83,0.635,0.5760869565217391,0.53,0.5520833333333334,0.5700000000000001,1.0289225578308105
"1,0,0,0,1,0,0,0,0,0,0,0,1,1,1,0,1,1,1,0,1",0.59,0.77,0.635,0.6125,0.49,0.5444444444444444,0.59,1.039189338684082
"0,1,1,1,1,1,0,0,1,0,1,1,0,0,1,0,0,0,0,1,0",0.59,0.77,0.635,0.5918367346938775,0.58,0.5858585858585859,0.59,1.0115420818328857
"0,1,1,1,0,1,1,0,0,1,0,1,0,0,0,0,0,1,1,0,1",0.565,0.845,0.635,0.5915492957746479,0.42,0.49122807017543857,0.565,1.023632287979126
"0,0,0,1,1,0,1,0,0,1,0,0,1,0,1,1,1,1,1,1,0",0.585,0.785,0.635,0.6133333333333333,0.46,0.5257142857142857,0.585,1.0190489292144775
"0,0,1,1,1,1,0,0,0,0,1,0,1,0,1,1,1,0,0,0,1",0.59,0.77,0.635,0.576271186440678,0.68,0.6238532110091743,0.5900000000000001,1.1008799076080322
"1,0,0,0,1,1,1,0,0,1,1,1,0,1,0,0,1,0,0,1,1",0.58,0.8,0.635,0.5909090909090909,0.52,0.5531914893617021,0.5800000000000001,0.9692463874816895
"0,1,0,1,1,0,1,0,0,1,0,1,1,0,0,1,1,1,0,0,0",0.59,0.77,0.635,0.59375,0.57,0.5816326530612245,0.59,0.9699745178222656
"0,0,1,0,1,1,0,1,0,1,0,0,0,1,1,1,1,0,0,1,1",0.575,0.815,0.635,0.5806451612903226,0.54,0.5595854922279793,0.575,1.1142213344573975
"1,0,0,0,0,1,1,1,1,0,1,1,1,1,1,0,0,1,1,1,0",0.595,0.755,0.635,0.6021505376344086,0.56,0.5803108808290155,0.595,1.0145113468170166
"0,0,0,0,1,1,0,1,0,1,1,0,0,1,1,1,1,0,1,0,1",0.58,0.8,0.635,0.5615384615384615,0.73,0.6347826086956522,0.58,1.0746183395385742
"0,1,1,0,1,1,1,1,1,0,0,1,1,0,0,1,0,1,0,1,0",0.56,0.86,0.635,0.573170731707317,0.47,0.5164835164835165,0.56,1.0461068153381348
"0,1,1,1,1,1,1,1,1,1,1,0,0,1,0,0,1,1,0,1,1",0.57,0.825,0.63375,0.5686274509803921,0.58,0.5742574257425742,0.5700000000000001,1.0116548538208008
"0,1,1,0,1,1,0,1,1,1,1,0,1,0,0,0,1,1,1,0,0",0.595,0.75,0.63375,0.5871559633027523,0.64,0.6124401913875598,0.595,0.9509122371673584
"0,0,1,1,1,1,0,1,0,0,1,0,0,0,0,0,1,0,0,1,1",0.575,0.81,0.63375,0.5688073394495413,0.62,0.5933014354066986,0.575,1.0081138610839844
"0,1,1,1,0,1,1,1,1,1,1,1,0,1,1,0,0,1,1,0,0",0.575,0.81,0.63375,0.5652173913043478,0.65,0.6046511627906976,0.575,1.04473876953125
"0,1,0,0,0,1,0,1,1,1,1,0,1,1,1,0,1,1,0,1,1",0.58,0.795,0.63375,0.5952380952380952,0.5,0.5434782608695652,0.5800000000000001,0.984130859375
"0,1,1,1,1,1,0,0,1,1,1,0,0,1,0,1,1,1,0,1,0",0.59,0.765,0.63375,0.6125,0.49,0.5444444444444444,0.59,1.017115592956543
"1,1,0,1,0,1,0,0,0,1,1,1,1,0,0,1,1,1,1,0,0",0.59,0.765,0.63375,0.5865384615384616,0.61,0.5980392156862745,0.59,1.0353538990020752
"1,1,0,1,0,0,1,0,0,1,1,0,1,0,0,0,0,1,1,1,0",0.59,0.765,0.63375,0.6046511627906976,0.52,0.5591397849462365,0.5900000000000001,1.013472557067871
"0,1,0,0,0,1,0,1,1,0,0,0,0,0,1,0,1,1,0,1,0",0.59,0.765,0.63375,0.6022727272727273,0.53,0.5638297872340425,0.5900000000000001,0.9954850673675537
"1,1,0,0,0,0,0,0,1,0,1,1,0,0,0,0,1,0,1,1,1",0.58,0.795,0.63375,0.5851063829787234,0.55,0.5670103092783505,0.5800000000000001,1.0367522239685059
"1,1,0,0,1,0,1,1,1,1,0,1,1,0,0,1,0,1,0,0,0",0.585,0.78,0.63375,0.6197183098591549,0.44,0.5146198830409356,0.585,1.067796230316162
"1,0,1,1,1,0,0,1,1,1,1,0,1,1,1,1,0,0,1,1,1",0.57,0.825,0.63375,0.5795454545454546,0.51,0.5425531914893617,0.5700000000000001,1.0266590118408203
"0,0,1,0,0,0,1,1,0,1,1,0,1,0,1,0,1,1,0,1,1",0.605,0.715,0.6325000000000001,0.6129032258064516,0.57,0.5906735751295337,0.605,0.9936912059783936
"0,1,1,0,1,1,1,1,1,0,0,1,1,0,0,0,0,1,1,1,1",0.565,0.835,0.6325000000000001,0.5822784810126582,0.46,0.5139664804469274,0.5650000000000001,1.0454955101013184
"0,0,0,0,0,1,0,1,0,0,1,1,1,0,1,0,0,1,1,1,1",0.57,0.82,0.6325000000000001,0.5660377358490566,0.6,0.5825242718446602,0.5700000000000001,1.1133661270141602
"1,0,1,1,0,0,0,1,0,1,1,1,1,1,1,1,1,1,0,0,0",0.59,0.76,0.6325000000000001,0.6071428571428571,0.51,0.5543478260869565,0.5900000000000001,1.0117261409759521
"0,1,1,1,0,1,0,1,0,0,0,0,1,0,1,1,0,1,0,1,0",0.56,0.85,0.6325000000000001,0.5769230769230769,0.45,0.5056179775280899,0.56,1.0390448570251465
"0,1,0,0,0,0,0,0,1,0,1,1,1,0,1,1,0,0,0,1,1",0.575,0.805,0.6325,0.6027397260273972,0.44,0.5086705202312138,0.575,1.1146016120910645
"0,1,0,1,1,0,0,0,1,1,0,0,1,1,0,1,1,0,1,1,0",0.595,0.745,0.6325,0.6172839506172839,0.5,0.5524861878453039,0.595,0.959963321685791
"0,1,0,1,0,0,1,0,1,1,0,1,0,0,1,0,1,1,0,0,1",0.575,0.805,0.6325,0.6,0.45,0.5142857142857142,0.575,0.9849898815155029
"0,1,1,1,0,0,0,1,1,1,0,0,0,0,0,0,1,1,0,1,0",0.575,0.805,0.6325,0.6,0.45,0.5142857142857142,0.575,0.9907655715942383
"0,0,0,0,1,1,0,0,1,0,1,0,1,1,1,1,1,0,0,0,0",0.6,0.73,0.6325,0.5847457627118644,0.69,0.6330275229357798,0.6,0.9465234279632568
"0,0,0,0,1,1,0,0,1,1,1,0,1,1,1,1,1,0,1,0,0",0.6,0.73,0.6325,0.5847457627118644,0.69,0.6330275229357798,0.6,0.9633104801177979
"0,0,0,1,0,1,1,0,1,0,0,1,1,0,1,0,0,0,0,1,1",0.575,0.805,0.6325,0.5824175824175825,0.53,0.5549738219895288,0.575,1.0220866203308105
"1,1,0,0,0,0,1,0,1,1,0,0,1,0,1,1,1,1,1,0,0",0.585,0.775,0.6325,0.6024096385542169,0.5,0.546448087431694,0.585,1.0014898777008057
"1,0,1,0,1,1,0,1,1,0,1,0,0,0,1,0,0,1,1,1,0",0.575,0.805,0.6325,0.5842696629213483,0.52,0.5502645502645502,0.575,1.0457143783569336
"0,0,0,0,1,1,0,0,1,1,1,1,1,1,1,1,1,0,1,0,0",0.6,0.73,0.6325,0.5847457627118644,0.69,0.6330275229357798,0.6,0.9764304161071777
"0,0,0,0,1,1,0,0,1,1,1,0,1,1,1,1,1,0,0,0,0",0.6,0.73,0.6325,0.5847457627118644,0.69,0.6330275229357798,0.6,1.0558078289031982
"0,1,1,1,1,1,0,0,1,0,1,0,0,0,1,0,0,0,0,1,1",0.585,0.775,0.6325,0.5894736842105263,0.56,0.5743589743589743,0.585,1.0754961967468262
"0,0,0,0,1,1,0,0,1,1,1,1,1,1,1,1,1,0,0,0,0",0.6,0.73,0.6325,0.5847457627118644,0.69,0.6330275229357798,0.6,1.0674879550933838
"0,0,0,0,1,1,1,1,1,0,1,0,1,0,1,1,1,0,1,1,0",0.585,0.775,0.6325,0.5752212389380531,0.65,0.6103286384976526,0.585,1.008434772491455
"1,0,1,0,1,0,1,1,0,1,0,0,0,1,0,0,1,1,0,1,0",0.585,0.775,0.6325,0.6024096385542169,0.5,0.546448087431694,0.585,1.023926019668579
"0,0,1,1,1,1,1,1,0,1,0,0,1,0,0,1,1,0,1,0,1",0.57,0.815,0.6312500000000001,0.5853658536585366,0.48,0.5274725274725275,0.5700000000000001,1.0279674530029297
"1,0,0,0,1,0,0,1,1,0,0,0,1,1,1,0,1,1,0,0,1",0.58,0.785,0.6312500000000001,0.5740740740740741,0.62,0.5961538461538461,0.5800000000000001,1.0211875438690186
"0,1,1,1,1,1,0,0,0,0,1,0,1,0,1,0,0,1,1,1,1",0.58,0.785,0.6312500000000001,0.5888888888888889,0.53,0.5578947368421052,0.5800000000000001,0.9927635192871094
"1,0,0,1,0,0,1,0,0,1,1,1,1,1,1,0,1,0,1,0,1",0.59,0.755,0.6312500000000001,0.5957446808510638,0.56,0.5773195876288659,0.5900000000000001,1.0806331634521484
"1,0,1,1,0,1,1,1,0,0,1,1,1,1,0,1,1,1,1,0,0",0.59,0.755,0.6312500000000001,0.6022727272727273,0.53,0.5638297872340425,0.5900000000000001,0.9897117614746094
"1,0,0,1,1,1,0,0,1,0,1,1,1,0,1,0,1,0,0,1,1",0.565,0.83,0.63125,0.5714285714285714,0.52,0.5445026178010471,0.565,1.0070056915283203
"0,1,0,1,1,1,0,1,0,1,0,0,0,0,1,0,1,1,0,1,0",0.575,0.8,0.63125,0.5824175824175825,0.53,0.5549738219895288,0.575,1.0356416702270508
"0,1,1,1,0,1,1,0,0,0,1,1,0,1,0,0,1,0,0,1,0",0.595,0.74,0.63125,0.5785123966942148,0.7,0.6334841628959276,0.595,0.9992725849151611
"0,1,1,0,1,1,0,0,1,0,1,1,1,0,0,1,0,0,0,0,1",0.595,0.74,0.63125,0.5785123966942148,0.7,0.6334841628959276,0.595,0.9460091590881348
"1,0,1,1,0,0,1,1,1,0,0,0,0,0,0,1,0,0,0,1,1",0.585,0.77,0.63125,0.6049382716049383,0.49,0.5414364640883977,0.585,1.0605647563934326
"0,0,1,1,1,0,1,0,0,1,0,0,1,1,0,0,0,0,0,1,1",0.59,0.755,0.63125,0.59375,0.57,0.5816326530612245,0.59,0.9827961921691895
"0,0,1,1,1,1,1,0,1,0,0,0,1,0,0,1,1,1,1,1,1",0.565,0.83,0.63125,0.5802469135802469,0.47,0.5193370165745856,0.565,0.9736082553863525
"0,1,1,0,1,0,1,1,1,0,0,0,1,1,1,0,0,0,0,0,0",0.585,0.77,0.63125,0.5913978494623656,0.55,0.5699481865284974,0.585,0.984673023223877
"0,1,0,0,0,0,1,0,1,1,1,0,0,1,1,1,0,1,1,0,0",0.595,0.74,0.63125,0.5871559633027523,0.64,0.6124401913875598,0.595,1.0698583126068115
"1,1,1,0,1,1,1,1,1,0,0,1,1,0,0,1,1,1,0,1,1",0.585,0.77,0.63125,0.5841584158415841,0.59,0.5870646766169154,0.585,1.0280673503875732
"1,1,0,1,0,1,0,0,1,1,1,0,1,0,0,1,0,0,1,1,0",0.58,0.785,0.6312499999999999,0.6052631578947368,0.46,0.5227272727272727,0.58,1.0220599174499512
"1,0,1,1,1,0,0,1,1,1,0,1,0,1,0,1,1,0,1,1,0",0.58,0.78,0.6300000000000001,0.5930232558139535,0.51,0.5483870967741935,0.5800000000000001,1.0307514667510986
"0,1,1,1,1,1,1,1,1,0,0,1,1,0,0,0,1,0,1,1,0",0.58,0.78,0.6300000000000001,0.5727272727272728,0.63,0.6,0.5800000000000001,1.010068416595459
"0,1,1,0,1,0,1,1,0,0,0,0,1,1,1,1,0,1,0,0,0",0.58,0.78,0.6300000000000001,0.5975609756097561,0.49,0.5384615384615384,0.5800000000000001,1.0607876777648926
"1,1,0,1,1,1,1,1,1,0,0,1,1,0,0,1,1,0,1,1,0",0.58,0.78,0.6300000000000001,0.5833333333333334,0.56,0.5714285714285714,0.5800000000000001,1.0052917003631592
"0,1,1,1,1,0,1,1,0,0,1,0,1,0,0,0,1,0,1,1,0",0.59,0.75,0.6300000000000001,0.6097560975609756,0.5,0.5494505494505495,0.5900000000000001,0.9806628227233887
"0,1,1,1,1,0,0,1,0,0,1,0,0,0,0,1,1,1,1,0,0",0.59,0.75,0.63,0.5865384615384616,0.61,0.5980392156862745,0.59,0.962878942489624
"0,0,1,0,1,0,0,0,0,1,1,0,1,0,0,0,0,0,1,1,1",0.595,0.735,0.63,0.5959595959595959,0.59,0.592964824120603,0.595,1.056046962738037
"0,1,0,0,0,1,0,0,0,1,0,0,0,0,1,0,1,1,0,1,0",0.585,0.765,0.63,0.5825242718446602,0.6,0.5911330049261084,0.585,1.0621485710144043
"1,0,1,0,1,0,0,0,0,0,0,1,0,1,0,1,1,1,1,1,0",0.59,0.75,0.63,0.5918367346938775,0.58,0.5858585858585859,0.59,0.9786574840545654
"0,0,0,0,0,0,1,0,1,0,0,1,1,1,0,1,0,0,1,1,1",0.595,0.735,0.63,0.611764705882353,0.52,0.5621621621621622,0.595,0.9990439414978027
"0,0,0,0,0,1,0,0,1,1,1,1,1,1,1,1,1,0,1,0,0",0.575,0.795,0.6299999999999999,0.5882352941176471,0.5,0.5405405405405406,0.575,0.9350008964538574
"1,0,1,1,1,0,0,1,0,0,0,0,1,0,1,1,0,0,1,1,1",0.585,0.765,0.6299999999999999,0.5913978494623656,0.55,0.5699481865284974,0.585,0.9720401763916016
"0,1,0,0,0,1,1,1,1,0,0,1,1,0,0,1,1,1,0,1,0",0.565,0.825,0.6299999999999999,0.5656565656565656,0.56,0.5628140703517588,0.565,0.9830827713012695
"1,0,1,1,0,1,0,0,0,0,0,0,0,0,1,0,0,0,0,0,1",0.58,0.78,0.6299999999999999,0.5645161290322581,0.7,0.625,0.58,0.9886705875396729
"0,1,1,1,1,1,0,0,0,0,1,0,1,0,1,1,1,0,1,0,1",0.56,0.835,0.62875,0.5638297872340425,0.53,0.5463917525773195,0.56,1.025576114654541
"0,1,0,1,0,0,0,0,0,0,1,1,1,0,0,1,0,1,1,1,1",0.57,0.805,0.62875,0.5777777777777777,0.52,0.5473684210526316,0.5700000000000001,1.0301496982574463
"0,0,0,1,0,1,1,0,1,0,0,1,1,0,0,1,1,0,1,0,1",0.58,0.775,0.62875,0.5689655172413793,0.66,0.6111111111111112,0.5800000000000001,1.0199692249298096
"1,1,0,0,0,1,0,0,0,1,0,0,0,0,1,1,1,0,1,1,1",0.57,0.805,0.62875,0.5686274509803921,0.58,0.5742574257425742,0.5700000000000001,1.0241868495941162
"1,0,0,0,1,1,0,1,0,0,1,0,0,1,0,0,1,1,1,1,1",0.56,0.835,0.62875,0.5612244897959183,0.55,0.5555555555555556,0.56,1.0192430019378662
"1,1,0,1,0,0,1,0,0,1,1,0,0,0,0,0,1,1,1,1,1",0.585,0.76,0.6287499999999999,0.5955056179775281,0.53,0.5608465608465608,0.585,0.9733037948608398
"1,1,1,1,0,0,0,1,0,1,0,1,0,0,0,0,0,0,1,0,1",0.57,0.805,0.6287499999999999,0.6,0.42,0.49411764705882355,0.57,0.9900717735290527
"0,0,1,1,0,0,0,0,0,0,0,1,0,0,0,0,1,1,0,0,1",0.595,0.73,0.6287499999999999,0.6091954022988506,0.53,0.5668449197860963,0.595,0.9788875579833984
"1,0,1,0,0,0,0,0,1,1,1,0,1,0,1,0,0,0,0,0,0",0.585,0.76,0.6287499999999999,0.5934065934065934,0.54,0.5654450261780105,0.585,0.9547369480133057
"1,0,0,1,0,1,0,0,0,0,0,1,1,0,1,1,1,0,0,1,1",0.575,0.79,0.6287499999999999,0.5630252100840336,0.67,0.6118721461187214,0.575,0.9629204273223877
"0,1,0,0,0,1,0,1,1,1,1,0,1,1,1,0,1,1,0,0,1",0.575,0.79,0.6287499999999999,0.5824175824175825,0.53,0.5549738219895288,0.575,0.9475781917572021
"1,1,1,1,0,1,1,0,0,0,1,0,0,0,0,0,0,1,0,1,1",0.585,0.76,0.6287499999999999,0.5752212389380531,0.65,0.6103286384976526,0.585,1.0026817321777344
"0,0,0,0,0,1,0,0,1,1,1,1,1,0,1,1,1,1,0,1,1",0.57,0.805,0.6287499999999999,0.5921052631578947,0.45,0.5113636363636364,0.57,1.0389935970306396
"1,0,1,1,0,1,0,0,1,0,0,1,1,0,1,0,0,0,0,1,1",0.56,0.83,0.6275000000000001,0.5652173913043478,0.52,0.5416666666666666,0.56,1.0457992553710938
"0,1,1,1,1,1,0,0,1,1,1,0,0,1,0,0,1,1,0,1,0",0.57,0.8,0.6275000000000001,0.5853658536585366,0.48,0.5274725274725275,0.5700000000000001,1.018998622894287
"1,1,1,0,1,1,1,1,1,1,1,0,1,1,0,0,1,1,0,0,1",0.58,0.77,0.6275000000000001,0.5975609756097561,0.49,0.5384615384615384,0.5800000000000001,1.0325775146484375
"1,0,0,1,0,0,1,1,1,1,1,1,0,1,0,1,0,1,0,1,1",0.57,0.8,0.6275000000000001,0.5777777777777777,0.52,0.5473684210526316,0.5700000000000001,0.982715368270874
"0,0,1,1,1,1,0,1,0,1,0,0,0,0,1,0,1,1,0,0,1",0.56,0.83,0.6275000000000001,0.5625,0.54,0.5510204081632653,0.56,1.0289711952209473
"1,1,0,0,1,1,1,0,0,0,0,0,0,1,0,0,0,1,1,1,1",0.565,0.815,0.6275000000000001,0.5528455284552846,0.68,0.6098654708520179,0.5650000000000001,1.044950246810913
"0,0,0,0,0,1,1,1,0,0,1,1,0,0,1,0,1,0,0,1,0",0.575,0.785,0.6275,0.5742574257425742,0.58,0.5771144278606966,0.575,1.046555757522583
"0,1,0,1,1,0,0,0,0,1,0,1,1,0,0,1,0,1,1,1,1",0.57,0.8,0.6275,0.5972222222222222,0.43,0.5,0.57,1.103529930114746
"0,0,0,1,1,1,0,0,0,1,1,1,0,1,0,0,0,0,1,1,1",0.555,0.845,0.6275,0.5567010309278351,0.54,0.5482233502538071,0.5549999999999999,1.0385756492614746
"1,1,1,1,0,1,1,1,1,1,0,0,0,0,0,1,0,0,1,1,1",0.575,0.785,0.6275,0.5757575757575758,0.57,0.5728643216080402,0.575,1.063218593597412
"0,1,0,0,0,0,0,0,0,1,0,0,0,0,1,1,1,1,0,1,0",0.575,0.785,0.6275,0.5700934579439252,0.61,0.5893719806763285,0.575,0.9398055076599121
"0,0,0,0,0,0,1,0,0,0,1,0,1,1,1,1,1,0,1,1,0",0.585,0.755,0.6275,0.5913978494623656,0.55,0.5699481865284974,0.585,1.0223100185394287
"0,1,0,0,1,0,0,0,0,0,1,1,1,0,1,0,1,1,0,1,1",0.575,0.785,0.6275,0.5842696629213483,0.52,0.5502645502645502,0.575,1.0965163707733154
"1,0,0,0,0,0,0,1,1,1,0,0,1,0,1,1,1,1,0,0,1",0.585,0.755,0.6275,0.5894736842105263,0.56,0.5743589743589743,0.585,1.058161735534668
"0,1,0,1,0,0,0,1,1,0,0,0,0,0,0,1,0,1,0,0,1",0.585,0.755,0.6275,0.6133333333333333,0.46,0.5257142857142857,0.585,1.134835958480835
"0,1,0,0,0,0,0,0,0,1,0,0,0,0,1,1,1,1,1,1,0",0.575,0.785,0.6275,0.5700934579439252,0.61,0.5893719806763285,0.575,1.0464286804199219
"0,0,0,0,1,1,1,1,1,0,0,1,1,0,0,1,1,1,0,1,1",0.575,0.785,0.6275,0.5842696629213483,0.52,0.5502645502645502,0.575,1.019153356552124
"1,0,1,1,1,1,0,0,1,1,0,0,1,0,0,1,0,1,1,1,0",0.57,0.795,0.6262500000000001,0.5660377358490566,0.6,0.5825242718446602,0.5700000000000001,1.0464253425598145
"0,1,1,1,0,0,1,0,0,0,1,0,1,1,0,1,0,0,1,1,0",0.585,0.75,0.62625,0.5779816513761468,0.63,0.6028708133971292,0.585,1.080871343612671
"0,0,1,1,1,0,0,0,1,0,0,1,1,1,0,1,0,0,0,0,1",0.58,0.765,0.62625,0.6142857142857143,0.43,0.5058823529411764,0.58,0.9649176597595215
"0,0,0,1,0,1,1,0,0,0,1,1,1,0,1,0,0,0,0,1,1",0.56,0.825,0.62625,0.5476190476190477,0.69,0.6106194690265486,0.5599999999999999,0.9663374423980713
"1,1,1,0,0,0,0,1,0,1,0,0,0,0,1,0,1,1,1,0,0",0.575,0.78,0.62625,0.5974025974025974,0.46,0.519774011299435,0.575,1.045649766921997
"1,0,0,1,1,1,0,0,0,1,0,0,0,0,1,0,1,1,0,1,0",0.575,0.78,0.62625,0.5652173913043478,0.65,0.6046511627906976,0.575,1.078953504562378
"1,0,0,1,1,1,0,0,0,0,1,0,1,0,1,0,1,1,0,1,1",0.56,0.825,0.62625,0.573170731707317,0.47,0.5164835164835165,0.56,0.9894218444824219
"0,0,0,0,1,1,0,1,0,1,1,1,0,1,1,1,0,0,0,1,0",0.57,0.795,0.62625,0.559322033898305,0.66,0.6055045871559633,0.5700000000000001,1.0374879837036133
"1,0,0,0,0,0,0,1,0,1,1,0,1,0,0,1,1,0,0,1,1",0.57,0.795,0.62625,0.6,0.42,0.49411764705882355,0.57,1.000627040863037
"1,1,0,1,0,0,0,0,1,0,0,1,0,0,1,0,1,0,1,1,0",0.575,0.78,0.62625,0.5974025974025974,0.46,0.519774011299435,0.575,0.999643087387085
"0,1,0,0,0,1,0,1,1,0,0,0,1,0,0,0,0,1,1,1,1",0.57,0.795,0.62625,0.5714285714285714,0.56,0.5656565656565656,0.5700000000000001,1.0567188262939453
"0,0,0,0,1,1,0,1,1,0,0,0,1,0,1,0,1,1,0,1,1",0.56,0.82,0.625,0.5555555555555556,0.6,0.5769230769230769,0.56,1.0023374557495117
"0,1,1,0,1,0,0,0,1,1,1,0,0,1,0,0,1,1,0,1,1",0.575,0.775,0.625,0.631578947368421,0.36,0.4585987261146497,0.575,1.1041803359985352
"1,1,0,0,0,0,0,0,0,1,0,0,0,0,1,1,1,0,0,0,0",0.605,0.685,0.625,0.6521739130434783,0.45,0.5325443786982249,0.605,0.9421818256378174
"1,0,0,1,1,1,0,0,0,0,1,0,1,0,1,0,1,0,1,1,0",0.565,0.805,0.625,0.5585585585585585,0.62,0.5876777251184834,0.565,1.0126903057098389
"0,0,0,1,1,1,0,1,0,0,0,0,1,1,1,1,0,1,1,1,1",0.57,0.79,0.625,0.6129032258064516,0.38,0.4691358024691358,0.5700000000000001,1.036219596862793
"0,0,0,0,1,0,0,0,1,1,1,1,0,0,1,0,0,0,1,0,0",0.59,0.73,0.625,0.5703125,0.73,0.6403508771929824,0.59,1.0096335411071777
"1,1,0,0,0,0,0,0,0,0,0,0,1,1,1,0,0,1,0,1,1",0.575,0.775,0.625,0.5842696629213483,0.52,0.5502645502645502,0.575,1.0450656414031982
"1,0,0,1,1,0,1,0,1,0,0,0,1,1,1,1,1,1,1,1,1",0.575,0.775,0.625,0.6086956521739131,0.42,0.4970414201183432,0.575,1.113081932067871
"1,1,0,0,0,0,0,0,0,1,0,0,0,0,1,1,1,0,1,0,0",0.605,0.685,0.625,0.6521739130434783,0.45,0.5325443786982249,0.605,0.9620652198791504
"1,1,0,0,0,0,1,0,1,0,0,1,0,1,1,1,0,0,0,1,0",0.575,0.775,0.625,0.5925925925925926,0.48,0.5303867403314917,0.575,1.026604175567627
"0,0,0,1,0,0,0,0,1,1,1,0,0,0,1,1,1,0,1,0,0",0.59,0.73,0.625,0.5703125,0.73,0.6403508771929824,0.59,1.0126368999481201
"0,1,1,0,1,0,1,0,1,1,1,1,0,0,1,0,0,0,0,1,1",0.585,0.74,0.62375,0.6164383561643836,0.45,0.5202312138728323,0.585,0.99611496925354
"1,0,0,0,0,0,1,0,1,1,1,0,0,1,0,1,0,0,0,0,1",0.59,0.725,0.62375,0.5918367346938775,0.58,0.5858585858585859,0.59,1.0031523704528809
"1,1,0,0,1,0,0,0,1,0,0,1,0,0,0,0,0,1,1,1,0",0.595,0.71,0.62375,0.6021505376344086,0.56,0.5803108808290155,0.595,1.0587937831878662
"0,0,0,1,1,0,1,0,1,1,0,0,1,1,1,1,0,1,0,1,0",0.57,0.785,0.62375,0.5972222222222222,0.43,0.5,0.57,0.9947752952575684
"0,1,0,1,1,1,1,1,1,1,1,1,1,0,0,1,0,1,1,1,1",0.575,0.77,0.62375,0.5757575757575758,0.57,0.5728643216080402,0.575,1.002251148223877
"1,0,1,1,1,0,0,1,0,1,1,1,0,1,1,1,1,0,0,1,1",0.565,0.8,0.62375,0.5730337078651685,0.51,0.5396825396825397,0.565,1.0223538875579834
"1,1,0,0,1,0,0,0,0,1,0,1,1,0,0,1,1,1,1,1,1",0.59,0.725,0.62375,0.6153846153846154,0.48,0.5393258426966292,0.59,1.0463407039642334
"0,1,1,1,1,1,1,1,1,1,0,0,0,0,1,1,1,0,1,1,1",0.575,0.77,0.62375,0.56,0.7,0.6222222222222222,0.575,1.0252325534820557
"1,0,0,0,1,0,0,0,1,1,1,1,0,0,1,0,1,1,0,1,0",0.575,0.77,0.62375,0.5742574257425742,0.58,0.5771144278606966,0.575,1.0667667388916016
"0,1,0,0,0,1,1,1,0,1,1,1,0,1,1,1,0,0,0,1,0",0.575,0.77,0.62375,0.5700934579439252,0.61,0.5893719806763285,0.575,1.0438635349273682
"1,0,0,1,0,1,0,0,0,1,1,0,1,1,0,0,1,0,1,1,1",0.555,0.83,0.62375,0.5591397849462365,0.52,0.538860103626943,0.5549999999999999,1.0708532333374023
"0,0,0,0,1,1,0,1,1,0,0,0,1,0,0,1,0,0,1,0,1",0.555,0.83,0.62375,0.5578947368421052,0.53,0.5435897435897435,0.5549999999999999,1.01491379737854
"1,1,0,0,0,1,0,1,1,1,1,0,1,1,1,1,1,0,0,0,0",0.575,0.77,0.62375,0.5903614457831325,0.49,0.5355191256830601,0.575,1.0339272022247314
"1,0,1,1,0,1,0,1,0,1,1,1,1,1,1,1,1,1,1,0,0",0.565,0.8,0.62375,0.5619047619047619,0.59,0.5756097560975609,0.565,1.036888837814331
"0,0,1,1,1,0,0,0,1,1,1,1,0,0,1,1,0,0,0,0,1",0.57,0.785,0.62375,0.5714285714285714,0.56,0.5656565656565656,0.5700000000000001,1.0704939365386963
"1,1,0,0,0,1,0,1,1,1,1,0,1,1,1,1,1,0,1,0,0",0.575,0.77,0.62375,0.5903614457831325,0.49,0.5355191256830601,0.575,0.9571104049682617
"1,0,1,1,0,0,1,0,1,0,0,0,1,0,1,1,0,0,1,1,1",0.58,0.755,0.6237499999999999,0.58,0.58,0.58,0.58,1.0739738941192627
"1,0,1,0,0,1,0,0,1,1,1,0,1,1,1,1,1,0,1,1,0",0.56,0.81,0.6225,0.575,0.46,0.5111111111111111,0.56,0.99395751953125
"0,0,1,1,1,0,0,0,1,0,1,0,1,0,0,0,1,0,0,0,0",0.59,0.72,0.6225,0.5818181818181818,0.64,0.6095238095238096,0.5900000000000001,0.9044938087463379
"1,0,1,1,1,0,0,1,1,1,0,1,1,0,0,0,0,0,0,1,1",0.56,0.81,0.6225,0.5652173913043478,0.52,0.5416666666666666,0.56,1.0242786407470703
"1,0,0,0,1,1,0,1,1,0,1,0,1,0,1,1,0,1,1,1,0",0.57,0.78,0.6225,0.5813953488372093,0.5,0.5376344086021505,0.5700000000000001,1.0249292850494385
"0,0,1,1,1,0,0,0,1,1,1,1,1,1,0,1,0,0,1,0,0",0.59,0.72,0.6225,0.5818181818181818,0.64,0.6095238095238096,0.5900000000000001,0.9593803882598877
"1,0,0,0,0,0,0,0,1,0,1,1,0,0,0,1,1,0,0,1,1",0.57,0.78,0.6225,0.5813953488372093,0.5,0.5376344086021505,0.5700000000000001,1.0679445266723633
"0,1,1,0,1,0,0,0,0,0,0,0,0,1,0,0,0,0,0,1,0",0.59,0.72,0.6225,0.5818181818181818,0.64,0.6095238095238096,0.5900000000000001,0.9561371803283691
"0,1,0,0,0,1,1,1,0,1,1,0,0,0,0,1,1,0,0,1,1",0.57,0.78,0.6225,0.5729166666666666,0.55,0.5612244897959183,0.5700000000000001,1.0297024250030518
"1,0,0,0,1,0,0,0,1,1,1,0,0,1,0,0,1,1,0,1,0",0.575,0.765,0.6224999999999999,0.5742574257425742,0.58,0.5771144278606966,0.575,0.9912598133087158
"1,1,1,0,1,1,0,0,0,1,0,0,0,0,0,0,1,0,1,1,1",0.585,0.735,0.6224999999999999,0.6024096385542169,0.5,0.546448087431694,0.585,1.068350076675415
"0,1,1,1,1,1,0,1,0,1,0,0,0,1,1,1,0,1,0,0,1",0.545,0.855,0.6224999999999999,0.5517241379310345,0.48,0.5133689839572193,0.5449999999999999,1.025869607925415
"1,1,1,0,1,1,0,0,0,0,0,1,0,1,1,1,0,0,1,0,1",0.575,0.765,0.6224999999999999,0.5688073394495413,0.62,0.5933014354066986,0.575,1.000866413116455
"0,1,1,0,0,1,0,1,0,0,0,1,0,1,1,0,0,1,1,1,0",0.575,0.765,0.6224999999999999,0.5773195876288659,0.56,0.5685279187817259,0.575,1.028212547302246
"0,0,1,1,1,0,1,1,1,0,1,1,1,1,0,1,0,0,1,0,1",0.575,0.765,0.6224999999999999,0.6,0.45,0.5142857142857142,0.575,1.0617327690124512
"1,1,0,0,1,1,1,0,0,0,1,1,1,1,0,0,1,1,0,0,0",0.585,0.735,0.6224999999999999,0.5934065934065934,0.54,0.5654450261780105,0.585,0.9471375942230225
"1,1,0,1,0,1,0,1,0,0,1,0,1,0,1,1,0,1,1,0,1",0.585,0.735,0.6224999999999999,0.6024096385542169,0.5,0.546448087431694,0.585,1.0385215282440186
"1,1,0,0,0,0,0,0,1,0,1,0,0,1,1,1,0,1,0,0,1",0.555,0.825,0.6224999999999999,0.5578947368421052,0.53,0.5435897435897435,0.5549999999999999,1.0208919048309326
"0,1,0,1,0,1,0,1,1,1,0,0,0,0,1,0,1,0,0,1,0",0.565,0.795,0.6224999999999999,0.5607476635514018,0.6,0.5797101449275363,0.565,1.0425465106964111
"0,0,1,0,0,0,0,0,0,0,1,1,1,0,1,1,1,0,1,1,1",0.565,0.795,0.6224999999999999,0.5565217391304348,0.64,0.5953488372093023,0.565,1.0980634689331055
"0,1,1,1,1,1,1,1,1,0,0,1,1,0,0,1,1,1,0,1,1",0.54,0.865,0.6212500000000001,0.5408163265306123,0.53,0.5353535353535354,0.54,1.0327110290527344
"1,1,0,0,1,1,0,1,0,1,1,0,0,0,0,1,1,1,1,0,1",0.57,0.775,0.6212500000000001,0.5833333333333334,0.49,0.532608695652174,0.5700000000000001,1.0619704723358154
"0,0,1,0,0,0,1,0,1,0,1,1,0,0,1,1,1,1,1,0,1",0.58,0.745,0.6212500000000001,0.6,0.48,0.5333333333333333,0.5800000000000001,0.9786989688873291
"0,1,0,0,0,1,1,1,1,0,1,0,1,0,1,1,1,0,1,1,0",0.58,0.745,0.6212500000000001,0.5689655172413793,0.66,0.6111111111111112,0.5800000000000001,0.9484977722167969
"0,1,0,1,1,0,0,1,0,1,0,0,0,1,1,0,1,1,0,0,1",0.57,0.775,0.6212500000000001,0.5714285714285714,0.56,0.5656565656565656,0.5700000000000001,0.9470698833465576
"0,1,1,1,1,1,1,1,1,0,0,1,1,0,0,1,1,1,1,0,1",0.55,0.835,0.6212500000000001,0.5543478260869565,0.51,0.53125,0.55,1.0330629348754883
"0,0,1,0,1,0,0,1,0,1,1,0,1,0,0,1,0,1,1,0,0",0.58,0.745,0.62125,0.5784313725490197,0.59,0.5841584158415841,0.58,0.9866902828216553
"0,0,1,1,1,1,0,0,1,0,0,0,1,0,1,0,0,0,0,0,1",0.585,0.73,0.62125,0.5779816513761468,0.63,0.6028708133971292,0.585,0.9272103309631348
"1,1,1,0,1,1,0,0,1,0,0,1,0,1,1,0,0,1,0,1,1",0.58,0.745,0.62125,0.5816326530612245,0.57,0.5757575757575758,0.58,1.0471572875976562
"1,1,1,0,1,0,0,1,0,1,0,0,0,1,1,0,1,0,1,1,1",0.57,0.775,0.62125,0.5972222222222222,0.43,0.5,0.57,1.0415315628051758
"1,0,1,0,1,1,0,1,0,0,0,1,0,0,1,1,0,1,0,0,1",0.565,0.79,0.62125,0.5575221238938053,0.63,0.5915492957746479,0.565,1.0165705680847168
"0,0,0,1,1,0,1,1,1,1,0,1,0,0,0,1,1,0,0,0,1",0.585,0.73,0.62125,0.5955056179775281,0.53,0.5608465608465608,0.585,1.0670225620269775
"0,1,0,1,0,0,1,0,1,0,1,1,1,0,1,0,1,0,0,0,0",0.58,0.745,0.62125,0.5784313725490197,0.59,0.5841584158415841,0.58,1.020078182220459
"0,0,1,0,1,0,1,1,1,1,0,0,0,1,1,0,0,0,0,1,0",0.59,0.715,0.62125,0.5918367346938775,0.58,0.5858585858585859,0.59,0.9634990692138672
"1,0,0,0,1,1,0,1,1,1,1,0,1,1,1,1,1,0,1,0,0",0.575,0.76,0.62125,0.6,0.45,0.5142857142857142,0.575,0.9684915542602539
"0,0,1,0,1,1,0,0,0,1,1,0,0,1,1,0,1,1,0,1,1",0.555,0.82,0.62125,0.5578947368421052,0.53,0.5435897435897435,0.5549999999999999,0.9845781326293945
"0,1,0,0,0,0,0,0,0,1,0,0,0,0,1,1,0,0,1,0,1",0.55,0.83,0.6200000000000001,0.5625,0.45,0.5,0.55,1.0150701999664307
"0,0,1,0,0,1,1,1,0,1,0,0,0,0,1,0,0,1,0,0,1",0.59,0.71,0.6200000000000001,0.5849056603773585,0.62,0.6019417475728155,0.5900000000000001,1.0001835823059082
"0,1,0,1,0,1,1,1,0,0,1,0,0,0,0,0,1,0,0,1,1",0.56,0.8,0.6200000000000001,0.5666666666666667,0.51,0.5368421052631579,0.56,1.014319658279419
"0,0,0,0,1,0,1,1,1,1,0,0,0,1,0,1,0,1,1,0,1",0.575,0.755,0.62,0.6086956521739131,0.42,0.4970414201183432,0.575,1.0433769226074219
"1,0,0,1,0,0,1,0,1,1,0,0,1,0,1,1,0,1,0,0,0",0.575,0.755,0.62,0.6027397260273972,0.44,0.5086705202312138,0.575,1.0273993015289307
"0,0,0,0,1,0,1,1,0,0,1,1,0,1,0,1,0,1,0,0,1",0.595,0.695,0.62,0.6043956043956044,0.55,0.5759162303664922,0.595,1.0032083988189697
"1,1,1,0,0,1,1,1,1,1,1,0,0,0,1,0,0,0,0,1,1",0.57,0.77,0.62,0.6,0.42,0.49411764705882355,0.57,1.0116004943847656
"1,1,1,0,1,1,0,0,0,1,0,0,1,0,0,0,1,0,1,1,0",0.575,0.755,0.62,0.6,0.45,0.5142857142857142,0.575,1.0220534801483154
"1,1,0,0,1,1,0,1,0,1,0,1,0,0,1,0,0,0,1,1,1",0.565,0.785,0.6199999999999999,0.5619047619047619,0.59,0.5756097560975609,0.565,1.0297720432281494
"0,1,1,1,0,1,1,1,0,1,1,0,1,1,0,1,1,1,1,0,1",0.555,0.815,0.6199999999999999,0.5617977528089888,0.5,0.5291005291005291,0.5549999999999999,1.0278360843658447
"1,0,1,0,1,0,0,1,0,0,1,1,1,0,1,1,1,1,1,0,1",0.565,0.785,0.6199999999999999,0.5730337078651685,0.51,0.5396825396825397,0.565,1.0243935585021973
"0,1,1,1,0,1,1,0,1,1,0,1,1,1,1,0,1,0,0,0,1",0.54,0.855,0.61875,0.5465116279069767,0.47,0.5053763440860215,0.54,1.0467028617858887
"1,1,0,0,1,1,0,1,1,0,1,1,1,1,0,0,1,0,0,0,0",0.58,0.735,0.61875,0.5888888888888889,0.53,0.5578947368421052,0.5800000000000001,0.9773633480072021
"0,1,0,1,1,0,0,0,0,1,1,1,1,0,1,0,0,0,0,0,1",0.58,0.735,0.61875,0.5769230769230769,0.6,0.5882352941176471,0.5800000000000001,0.9895374774932861
"0,0,0,0,1,1,0,1,1,0,0,0,1,0,0,1,1,1,0,1,1",0.555,0.81,0.61875,0.5544554455445545,0.56,0.5572139303482587,0.555,0.998300313949585
"1,0,0,1,1,1,0,0,0,1,1,1,1,0,0,1,1,0,0,0,0",0.58,0.735,0.61875,0.5888888888888889,0.53,0.5578947368421052,0.5800000000000001,0.9684829711914062
"1,1,0,1,1,1,1,1,1,0,0,1,1,0,0,1,1,1,0,1,0",0.55,0.825,0.61875,0.5520833333333334,0.53,0.5408163265306123,0.55,1.007709264755249
"0,1,1,1,1,1,0,0,0,0,1,0,1,0,1,1,1,0,0,1,1",0.55,0.825,0.61875,0.5510204081632653,0.54,0.5454545454545454,0.55,0.9767594337463379
"1,0,1,0,1,1,0,0,0,0,1,1,1,1,0,1,0,0,0,0,0",0.58,0.735,0.61875,0.5888888888888889,0.53,0.5578947368421052,0.5800000000000001,1.003965139389038
"1,1,0,1,1,0,0,0,0,1,0,1,1,1,1,0,0,0,1,0,1",0.55,0.825,0.61875,0.5595238095238095,0.47,0.5108695652173914,0.55,0.9922463893890381
"0,1,0,0,0,1,0,0,1,1,1,0,0,1,0,0,1,1,0,1,1",0.55,0.825,0.61875,0.5531914893617021,0.52,0.5360824742268041,0.55,0.9778115749359131
"0,0,1,0,0,1,0,1,1,1,0,1,0,1,0,1,0,1,1,1,0",0.54,0.855,0.61875,0.5408163265306123,0.53,0.5353535353535354,0.54,1.010254144668579
"0,1,0,1,0,0,0,1,1,0,1,1,0,0,1,0,1,1,1,0,0",0.575,0.75,0.6187499999999999,0.5773195876288659,0.56,0.5685279187817259,0.575,0.9650924205780029
"0,1,0,1,1,0,0,0,0,1,0,1,1,1,0,0,1,1,1,0,1",0.58,0.735,0.6187499999999999,0.6025641025641025,0.47,0.5280898876404494,0.58,1.0323455333709717
"1,0,1,1,1,0,0,1,0,0,0,1,0,1,1,0,1,0,0,1,1",0.555,0.81,0.6187499999999999,0.5617977528089888,0.5,0.5291005291005291,0.5549999999999999,1.0186471939086914
"0,1,0,0,0,1,0,0,0,1,0,0,0,0,1,0,0,1,1,1,1",0.555,0.81,0.6187499999999999,0.5617977528089888,0.5,0.5291005291005291,0.5549999999999999,0.9534738063812256
"1,0,1,0,1,1,1,1,0,0,1,0,0,0,0,1,1,0,0,0,1",0.565,0.78,0.6187499999999999,0.5747126436781609,0.5,0.5347593582887701,0.565,0.9945292472839355
"0,0,0,1,1,1,0,0,1,0,1,1,0,1,0,0,0,1,1,1,1",0.545,0.84,0.6187499999999999,0.5494505494505495,0.5,0.5235602094240838,0.5449999999999999,1.074150800704956
"1,0,1,0,0,0,0,0,0,1,1,1,0,0,1,0,1,1,1,1,0",0.545,0.84,0.6187499999999999,0.5517241379310345,0.48,0.5133689839572193,0.5449999999999999,1.0126676559448242
"1,0,1,1,1,0,0,1,0,0,1,0,0,0,1,0,1,1,1,1,0",0.545,0.84,0.6187499999999999,0.5483870967741935,0.51,0.5284974093264249,0.5449999999999999,0.989363431930542
"0,0,0,0,1,1,1,1,1,1,0,1,0,0,0,1,1,0,0,0,1",0.57,0.76,0.6175,0.5795454545454546,0.51,0.5425531914893617,0.5700000000000001,0.9981348514556885
"1,0,0,1,1,1,0,1,1,0,0,0,1,0,0,1,0,0,0,1,0",0.56,0.79,0.6175,0.5612244897959183,0.55,0.5555555555555556,0.56,1.0833055973052979
"1,1,1,0,0,1,1,1,1,0,1,1,1,0,1,1,0,1,1,0,1",0.56,0.79,0.6175,0.5789473684210527,0.44,0.5,0.56,1.1074345111846924
"1,1,1,0,0,0,1,0,1,0,1,1,1,1,0,0,0,1,1,0,0",0.57,0.76,0.6175,0.574468085106383,0.54,0.5567010309278351,0.5700000000000001,0.9890799522399902
"0,1,0,1,1,1,0,0,1,0,0,0,0,1,0,1,1,0,0,1,1",0.545,0.835,0.6175,0.5584415584415584,0.43,0.4858757062146893,0.545,0.9914937019348145
"0,0,0,0,0,0,0,1,1,1,0,0,1,0,1,1,0,1,0,0,0",0.57,0.76,0.6175,0.5686274509803921,0.58,0.5742574257425742,0.5700000000000001,0.9700140953063965
"0,1,1,0,1,0,0,1,0,1,1,0,0,1,1,1,0,0,0,0,0",0.57,0.76,0.6175,0.5686274509803921,0.58,0.5742574257425742,0.5700000000000001,0.9611265659332275
"0,1,1,1,1,0,0,1,1,1,1,1,0,0,0,1,0,1,1,1,0",0.56,0.79,0.6175,0.5588235294117647,0.57,0.5643564356435643,0.56,1.0423681735992432
"0,0,0,0,1,1,0,0,1,0,0,1,1,0,0,1,1,0,1,1,0",0.56,0.79,0.6175,0.5588235294117647,0.57,0.5643564356435643,0.56,1.0287184715270996
"0,0,0,0,0,1,0,1,1,1,0,1,1,0,0,0,1,1,0,1,0",0.54,0.85,0.6175,0.5444444444444444,0.49,0.5157894736842106,0.54,0.9777989387512207
"0,1,0,1,1,1,1,1,1,0,1,0,1,0,1,1,1,0,1,1,1",0.56,0.79,0.6175,0.5555555555555556,0.6,0.5769230769230769,0.56,1.0562353134155273
"0,1,1,0,1,0,0,0,0,0,1,1,1,0,1,0,1,0,0,0,0",0.57,0.76,0.6175,0.5686274509803921,0.58,0.5742574257425742,0.5700000000000001,0.9332659244537354
"1,0,1,0,0,1,0,0,0,1,1,1,0,0,0,1,0,1,0,1,0",0.535,0.865,0.6174999999999999,0.5411764705882353,0.46,0.4972972972972973,0.535,1.104851245880127
"0,1,0,1,0,0,0,0,1,0,1,1,0,0,1,1,0,1,0,1,0",0.555,0.805,0.6174999999999999,0.5555555555555556,0.55,0.5527638190954773,0.555,1.041698932647705
"1,0,1,1,1,1,0,0,1,0,0,0,0,0,0,1,1,1,1,0,1",0.575,0.745,0.6174999999999999,0.5675675675675675,0.63,0.5971563981042654,0.575,1.018317461013794
"1,1,0,1,0,0,1,0,1,0,0,0,1,1,0,1,0,1,1,1,0",0.565,0.775,0.6174999999999999,0.5643564356435643,0.57,0.5671641791044776,0.565,1.01119065284729
"1,1,1,1,0,1,0,0,1,0,1,0,0,0,1,1,0,1,0,1,1",0.565,0.775,0.6174999999999999,0.5764705882352941,0.49,0.5297297297297298,0.565,0.982896089553833
"1,1,1,0,0,0,0,0,0,0,0,0,0,1,1,1,0,0,1,0,1",0.565,0.775,0.6174999999999999,0.6031746031746031,0.38,0.4662576687116564,0.565,1.0235352516174316
"0,1,1,1,1,1,0,0,0,0,1,0,1,0,1,1,1,1,0,1,0",0.555,0.805,0.6174999999999999,0.5733333333333334,0.43,0.49142857142857144,0.555,0.9760770797729492
"0,0,1,1,1,1,1,0,1,0,0,0,1,0,0,0,1,1,0,1,1",0.57,0.755,0.6162500000000001,0.5673076923076923,0.59,0.5784313725490197,0.5700000000000001,1.003413438796997
"1,0,0,0,1,1,1,1,0,0,1,1,1,1,0,0,1,1,0,1,1",0.56,0.785,0.6162500000000001,0.5576923076923077,0.58,0.5686274509803921,0.56,1.0358471870422363
"1,1,1,0,0,1,1,0,0,0,0,1,1,1,1,0,1,1,0,1,1",0.545,0.83,0.6162500000000001,0.5584415584415584,0.43,0.4858757062146893,0.545,1.0356898307800293
"0,0,0,0,1,1,0,1,1,0,0,0,1,0,0,1,0,1,0,1,0",0.56,0.785,0.6162500000000001,0.5535714285714286,0.62,0.5849056603773585,0.56,0.9906666278839112
"1,0,1,1,0,1,0,1,0,0,0,1,1,1,1,0,0,1,1,1,1",0.57,0.755,0.6162500000000001,0.5648148148148148,0.61,0.5865384615384616,0.5700000000000001,1.0072910785675049
"1,1,1,0,1,1,0,0,1,0,1,0,1,0,1,1,0,0,0,1,0",0.555,0.8,0.61625,0.5647058823529412,0.48,0.518918918918919,0.5549999999999999,1.058119297027588
"0,0,0,1,1,0,1,1,1,0,0,1,1,0,0,1,1,1,0,1,1",0.555,0.8,0.61625,0.569620253164557,0.45,0.5027932960893855,0.555,1.0525200366973877
"0,0,1,0,0,1,0,1,1,0,0,0,0,1,0,1,1,0,0,1,0",0.575,0.74,0.61625,0.5789473684210527,0.55,0.5641025641025641,0.575,0.9891941547393799
"0,1,1,1,0,1,1,1,0,0,0,1,0,1,1,0,1,0,0,1,0",0.56,0.785,0.61625,0.5588235294117647,0.57,0.5643564356435643,0.56,1.091587781906128
"0,1,0,0,0,1,1,1,0,0,1,0,1,1,1,0,1,0,0,1,1",0.555,0.8,0.61625,0.5523809523809524,0.58,0.5658536585365853,0.5549999999999999,1.0829882621765137
"0,1,0,0,0,1,1,1,1,0,0,0,1,0,0,1,1,0,1,0,1",0.555,0.8,0.61625,0.5555555555555556,0.55,0.5527638190954773,0.555,1.0035314559936523
"0,1,0,1,1,1,1,1,0,0,0,0,0,1,1,1,0,0,1,1,0",0.56,0.785,0.61625,0.5833333333333334,0.42,0.4883720930232558,0.5599999999999999,0.9919373989105225
"0,1,0,0,0,0,1,1,1,0,0,0,1,0,0,1,1,1,0,1,0",0.555,0.8,0.61625,0.5591397849462365,0.52,0.538860103626943,0.5549999999999999,0.9592912197113037
"1,1,1,0,1,1,1,0,0,1,1,1,0,1,0,1,0,1,1,0,1",0.56,0.785,0.61625,0.5652173913043478,0.52,0.5416666666666666,0.56,1.0541460514068604
"1,1,0,0,0,0,0,0,0,0,1,0,1,0,1,1,1,0,1,1,1",0.545,0.825,0.615,0.5428571428571428,0.57,0.5560975609756098,0.5449999999999999,0.9884400367736816
"0,1,0,0,0,1,0,0,1,1,0,0,1,1,1,1,1,0,0,0,0",0.595,0.675,0.615,0.5904761904761905,0.62,0.6048780487804878,0.595,0.9298784732818604
"0,0,0,0,1,0,0,1,1,0,0,1,0,0,1,0,0,1,1,0,0",0.555,0.795,0.615,0.5604395604395604,0.51,0.5340314136125655,0.5549999999999999,1.0019280910491943
"0,0,1,0,0,1,1,0,0,1,0,0,1,0,0,1,1,0,0,1,1",0.545,0.825,0.615,0.5463917525773195,0.53,0.5380710659898477,0.545,1.018862247467041
"1,0,1,1,1,0,0,0,1,0,1,1,0,1,0,0,1,0,0,1,1",0.555,0.795,0.615,0.5555555555555556,0.55,0.5527638190954773,0.555,1.0080559253692627
"1,0,1,0,1,0,1,1,0,0,0,1,0,1,1,0,1,1,1,1,1",0.57,0.75,0.615,0.5760869565217391,0.53,0.5520833333333334,0.5700000000000001,0.9902515411376953
"0,1,0,0,0,1,0,1,1,0,0,0,1,1,1,0,1,0,0,0,0",0.595,0.675,0.615,0.5904761904761905,0.62,0.6048780487804878,0.595,0.9878063201904297
"0,0,1,0,1,1,1,1,0,1,1,0,0,1,0,1,0,0,0,1,0",0.565,0.765,0.615,0.5684210526315789,0.54,0.5538461538461539,0.565,1.0504047870635986
"1,0,1,1,1,1,1,1,1,0,0,1,1,0,1,0,0,0,1,1,1",0.56,0.78,0.615,0.5576923076923077,0.58,0.5686274509803921,0.56,1.005514144897461
"0,1,1,0,1,0,1,0,1,1,1,1,1,1,1,1,1,1,0,0,1",0.56,0.78,0.615,0.5769230769230769,0.45,0.5056179775280899,0.56,1.0112645626068115
"0,0,1,0,0,0,0,1,0,1,1,0,0,1,1,1,1,1,1,1,0",0.55,0.81,0.615,0.543859649122807,0.62,0.5794392523364486,0.55,1.123473882675171
"1,0,1,0,1,1,1,0,0,0,1,1,1,0,0,0,0,0,0,1,1",0.56,0.78,0.615,0.5566037735849056,0.59,0.5728155339805825,0.56,0.9506189823150635
"0,1,1,1,0,0,0,0,1,1,1,0,1,0,1,0,0,1,1,0,1",0.545,0.825,0.615,0.5445544554455446,0.55,0.5472636815920398,0.545,1.0760529041290283
"0,1,1,1,1,1,0,0,1,0,0,0,1,0,0,1,1,1,1,0,1",0.56,0.78,0.615,0.5566037735849056,0.59,0.5728155339805825,0.56,1.0712037086486816
"0,0,1,1,0,0,0,0,0,1,1,1,1,1,0,1,1,1,0,1,1",0.56,0.78,0.615,0.5612244897959183,0.55,0.5555555555555556,0.56,1.032212495803833
"0,0,1,1,1,1,1,1,0,0,0,1,0,0,0,0,1,1,1,0,0",0.555,0.795,0.615,0.569620253164557,0.45,0.5027932960893855,0.555,0.9949369430541992
"1,0,1,0,1,1,1,0,0,0,0,1,0,1,0,0,1,0,1,1,1",0.565,0.765,0.615,0.5730337078651685,0.51,0.5396825396825397,0.565,1.069227933883667
"0,1,1,0,1,1,1,0,0,1,0,0,1,0,0,0,1,0,1,1,1",0.55,0.81,0.615,0.5520833333333334,0.53,0.5408163265306123,0.55,1.0105128288269043
"0,0,0,1,1,0,0,0,1,0,1,1,0,0,0,1,0,0,0,0,1",0.575,0.735,0.615,0.5728155339805825,0.59,0.5812807881773399,0.575,0.9831981658935547
"1,1,1,0,1,0,0,1,0,0,1,1,1,0,0,1,1,0,1,1,1",0.56,0.78,0.615,0.5714285714285714,0.48,0.5217391304347826,0.56,0.9705708026885986
"0,0,1,0,0,0,0,1,1,0,1,0,1,0,1,1,1,1,0,0,1",0.55,0.81,0.615,0.543859649122807,0.62,0.5794392523364486,0.55,1.0931968688964844
"1,1,1,0,1,1,0,1,0,0,0,1,1,1,0,1,0,0,0,1,0",0.565,0.765,0.615,0.5747126436781609,0.5,0.5347593582887701,0.565,1.0326273441314697
"1,0,1,0,0,0,0,0,0,1,0,1,0,1,1,1,1,1,0,1,1",0.55,0.805,0.61375,0.5510204081632653,0.54,0.5454545454545454,0.55,1.046931266784668
"0,0,0,0,0,1,0,1,0,1,0,0,1,0,0,1,1,1,0,1,1",0.545,0.82,0.61375,0.5569620253164557,0.44,0.49162011173184356,0.545,1.1234407424926758
"0,0,1,1,1,0,1,1,1,1,1,0,0,1,0,1,1,1,1,0,1",0.58,0.715,0.61375,0.5888888888888889,0.53,0.5578947368421052,0.5800000000000001,1.084536075592041
"0,1,1,1,1,1,0,0,0,0,0,1,1,0,0,1,1,1,0,1,0",0.55,0.805,0.61375,0.55,0.55,0.55,0.55,0.9608595371246338
"0,0,1,0,0,0,1,0,1,0,1,1,0,0,1,0,0,0,0,1,0",0.59,0.685,0.61375,0.5882352941176471,0.6,0.594059405940594,0.59,1.0038974285125732
"1,1,0,0,1,1,0,1,1,0,1,0,1,1,1,1,0,0,0,1,0",0.56,0.775,0.61375,0.573170731707317,0.47,0.5164835164835165,0.56,1.090393304824829
"0,0,1,0,0,0,0,1,0,0,1,1,0,0,1,0,0,1,0,0,1",0.55,0.805,0.61375,0.5555555555555556,0.5,0.5263157894736842,0.55,1.023329496383667
"1,1,0,0,0,1,1,0,1,1,1,0,1,1,1,0,1,1,0,1,1",0.555,0.79,0.61375,0.5544554455445545,0.56,0.5572139303482587,0.555,1.0305864810943604
"0,0,1,1,1,1,1,0,0,0,1,0,1,0,1,1,1,1,0,0,0",0.565,0.76,0.61375,0.5555555555555556,0.65,0.5990783410138248,0.565,1.0237886905670166
"0,1,0,0,0,0,1,1,0,1,0,1,1,0,0,1,1,1,1,0,1",0.565,0.76,0.61375,0.5764705882352941,0.49,0.5297297297297298,0.565,1.0355000495910645
"0,1,0,0,1,0,1,1,1,0,0,0,1,0,0,1,1,0,0,0,1",0.565,0.76,0.61375,0.5730337078651685,0.51,0.5396825396825397,0.565,0.942206621170044
"0,0,1,1,0,1,0,1,0,0,0,1,1,1,1,1,1,1,1,1,1",0.535,0.85,0.61375,0.5443037974683544,0.43,0.48044692737430167,0.535,1.0688836574554443
"1,0,1,0,1,0,1,1,0,1,1,0,1,0,0,0,1,0,0,1,1",0.565,0.76,0.61375,0.5575221238938053,0.63,0.5915492957746479,0.565,1.0543577671051025
"0,0,1,0,1,1,0,0,0,1,1,1,0,1,0,0,0,0,1,1,1",0.545,0.82,0.61375,0.5517241379310345,0.48,0.5133689839572193,0.5449999999999999,1.0806920528411865
"1,1,1,0,1,1,0,1,1,0,0,0,0,0,0,1,0,1,1,0,0",0.56,0.77,0.6125,0.5666666666666667,0.51,0.5368421052631579,0.56,0.9550347328186035
"1,1,0,1,1,0,0,0,1,0,0,1,0,0,0,1,0,1,1,0,1",0.56,0.77,0.6125,0.575,0.46,0.5111111111111111,0.56,1.02772855758667
"1,1,1,1,1,0,1,1,0,0,1,1,0,0,1,0,1,0,0,1,0",0.545,0.815,0.6125,0.5555555555555556,0.45,0.4972375690607735,0.545,0.983684778213501
"1,0,0,0,0,1,1,0,1,0,1,0,1,1,1,1,0,0,1,0,0",0.59,0.68,0.6125,0.5775862068965517,0.67,0.6203703703703703,0.5900000000000001,0.9718770980834961
"0,0,0,0,1,0,1,0,0,0,0,1,0,1,1,1,0,0,1,1,1",0.565,0.755,0.6125,0.5822784810126582,0.46,0.5139664804469274,0.5650000000000001,1.101717233657837
"1,1,0,0,1,1,0,0,0,0,1,1,1,1,0,0,1,0,0,0,1",0.56,0.77,0.6125,0.5666666666666667,0.51,0.5368421052631579,0.56,1.0313477516174316
"0,1,0,0,0,1,1,0,1,1,0,1,0,1,0,1,1,0,1,1,1",0.55,0.8,0.6125,0.5531914893617021,0.52,0.5360824742268041,0.55,0.9925088882446289
"0,1,0,1,1,0,0,1,1,1,0,0,0,0,0,0,0,1,0,1,1",0.55,0.8,0.6125,0.5543478260869565,0.51,0.53125,0.55,0.9836950302124023
"1,1,0,1,1,0,0,1,0,1,0,0,0,1,0,1,1,0,0,1,1",0.56,0.77,0.6125,0.5769230769230769,0.45,0.5056179775280899,0.56,1.0319328308105469
"0,1,1,1,0,0,0,1,0,0,1,1,0,0,0,1,1,1,0,1,1",0.555,0.785,0.6125,0.5733333333333334,0.43,0.49142857142857144,0.555,1.0513324737548828
"1,1,1,1,0,0,1,1,1,0,0,0,1,1,1,1,0,0,1,1,0",0.56,0.77,0.6125,0.575,0.46,0.5111111111111111,0.56,1.0220534801483154
"1,0,1,0,1,1,0,1,1,0,1,0,0,0,0,0,0,0,0,1,0",0.555,0.785,0.6124999999999999,0.5578947368421052,0.53,0.5435897435897435,0.5549999999999999,0.9622759819030762
"1,1,1,0,0,0,0,0,0,1,0,0,0,1,1,1,1,0,0,1,0",0.565,0.755,0.6124999999999999,0.5783132530120482,0.48,0.5245901639344263,0.565,0.9287946224212646
"1,0,1,1,0,1,1,0,1,0,1,0,1,1,1,1,1,1,1,1,1",0.565,0.755,0.6124999999999999,0.5866666666666667,0.44,0.5028571428571429,0.565,1.0835964679718018
"1,0,1,1,1,1,0,0,0,1,1,0,0,0,0,1,0,1,1,0,1",0.545,0.815,0.6124999999999999,0.5529411764705883,0.47,0.5081081081081081,0.5449999999999999,0.990933895111084
"1,1,1,1,1,1,0,0,1,1,0,1,1,1,1,1,0,0,1,0,1",0.565,0.755,0.6124999999999999,0.5670103092783505,0.55,0.5583756345177665,0.565,1.0379152297973633
"0,0,0,0,1,1,0,0,0,1,0,0,0,0,1,1,0,0,1,0,1",0.54,0.825,0.6112500000000001,0.5384615384615384,0.56,0.5490196078431373,0.54,1.0558264255523682
"1,1,0,1,0,1,0,0,0,0,1,0,1,1,0,0,1,1,0,1,0",0.545,0.81,0.6112500000000001,0.5436893203883495,0.56,0.5517241379310345,0.545,1.082024335861206
"0,0,0,0,1,1,0,1,1,0,0,1,1,0,0,1,1,1,0,1,0",0.55,0.795,0.6112500000000001,0.5543478260869565,0.51,0.53125,0.55,0.9925799369812012
"0,1,0,0,0,0,0,0,0,1,1,0,1,1,1,1,1,0,1,0,0",0.57,0.735,0.6112500000000001,0.5603448275862069,0.65,0.6018518518518519,0.5700000000000001,0.9894008636474609
"1,1,0,0,1,1,1,1,0,0,1,1,0,1,1,0,1,0,1,1,1",0.535,0.84,0.6112500000000001,0.5432098765432098,0.44,0.4861878453038674,0.535,1.027024269104004
"0,1,1,1,1,1,0,1,0,0,0,1,1,0,0,0,0,1,0,0,1",0.55,0.795,0.6112500000000001,0.5480769230769231,0.57,0.5588235294117647,0.55,0.992483377456665
"0,1,1,0,1,1,1,0,1,1,1,1,1,1,1,0,1,1,0,0,1",0.54,0.825,0.6112500000000001,0.5377358490566038,0.57,0.5533980582524272,0.54,1.0154144763946533
"1,0,1,0,1,1,1,1,1,1,1,1,1,1,0,0,1,0,1,1,1",0.555,0.78,0.6112500000000001,0.5679012345679012,0.46,0.5082872928176796,0.555,1.0193543434143066
"1,0,0,0,1,0,1,0,1,1,0,1,1,0,1,0,1,1,1,0,0",0.565,0.75,0.61125,0.5730337078651685,0.51,0.5396825396825397,0.565,0.9979918003082275
"0,1,1,0,0,0,0,1,1,1,1,0,1,0,0,0,0,0,1,0,1",0.565,0.745,0.6100000000000001,0.5844155844155844,0.45,0.5084745762711864,0.5650000000000001,1.0021600723266602
"0,0,1,1,0,1,0,0,0,1,1,1,0,1,1,0,0,0,0,0,1",0.53,0.85,0.6100000000000001,0.5375,0.43,0.4777777777777778,0.53,1.0969412326812744
"1,1,0,1,0,1,0,1,0,1,1,1,0,0,1,0,1,1,0,1,0",0.56,0.76,0.6100000000000001,0.5625,0.54,0.5510204081632653,0.56,2.168352603912353
"0,1,1,0,0,1,1,0,1,0,1,0,1,0,0,1,0,0,0,1,1",0.54,0.82,0.6100000000000001,0.5444444444444444,0.49,0.5157894736842106,0.54,1.06266188621521
"1,1,1,0,1,1,0,0,1,0,0,0,1,0,1,0,0,1,1,1,1",0.57,0.73,0.6100000000000001,0.5648148148148148,0.61,0.5865384615384616,0.5700000000000001,1.0589830875396729
"0,0,0,1,1,1,1,1,1,1,0,0,0,1,1,0,1,1,1,0,1",0.55,0.79,0.6100000000000001,0.5641025641025641,0.44,0.4943820224719101,0.55,1.1376831531524658
"0,1,1,1,1,1,1,0,1,0,0,0,1,0,0,1,1,1,1,0,1",0.56,0.76,0.6100000000000001,0.5588235294117647,0.57,0.5643564356435643,0.56,1.035228967666626
"1,1,0,0,1,0,1,0,0,0,0,1,1,0,1,0,0,0,0,0,1",0.57,0.73,0.6100000000000001,0.5833333333333334,0.49,0.532608695652174,0.5700000000000001,0.9697732925415039
"1,1,1,0,0,1,0,0,0,0,1,0,1,1,0,0,1,1,1,1,1",0.545,0.805,0.6100000000000001,0.5584415584415584,0.43,0.4858757062146893,0.545,1.0552270412445068
"1,0,0,1,0,0,1,0,0,0,0,1,1,1,1,0,0,1,1,1,1",0.575,0.715,0.61,0.6119402985074627,0.41,0.49101796407185627,0.575,1.0267870426177979
"1,1,0,0,0,0,1,0,1,1,1,1,0,0,0,1,0,1,0,1,1",0.555,0.775,0.61,0.5544554455445545,0.56,0.5572139303482587,0.555,1.022386074066162
"1,1,1,1,0,1,0,1,0,1,1,1,0,0,1,0,0,0,0,0,1",0.565,0.745,0.61,0.5684210526315789,0.54,0.5538461538461539,0.565,1.0496785640716553
"0,0,0,0,0,1,1,1,0,1,1,1,1,1,0,0,1,0,1,1,1",0.555,0.775,0.6099999999999999,0.5604395604395604,0.51,0.5340314136125655,0.5549999999999999,1.0020544528961182
"1,1,1,1,0,1,1,1,1,1,0,0,1,1,1,0,0,1,0,1,1",0.545,0.805,0.6099999999999999,0.550561797752809,0.49,0.5185185185185185,0.5449999999999999,1.0318641662597656
"0,0,0,0,1,1,1,1,1,0,0,1,1,0,0,0,0,1,1,1,1",0.555,0.775,0.6099999999999999,0.5604395604395604,0.51,0.5340314136125655,0.5549999999999999,1.011134386062622
"1,1,0,1,1,0,0,1,0,1,0,1,0,1,1,0,0,0,1,0,1",0.535,0.835,0.6099999999999999,0.5384615384615384,0.49,0.5130890052356021,0.5349999999999999,1.0544872283935547
"0,1,1,0,1,0,0,0,1,0,0,1,1,0,1,0,0,1,1,1,0",0.545,0.805,0.6099999999999999,0.5494505494505495,0.5,0.5235602094240838,0.5449999999999999,1.001584529876709
"0,0,1,1,1,1,1,1,0,1,0,1,0,1,0,1,1,1,0,1,0",0.545,0.8,0.6087500000000001,0.5569620253164557,0.44,0.49162011173184356,0.545,1.0146243572235107
"1,0,0,0,1,0,1,0,1,1,1,0,0,1,0,1,1,0,0,0,0",0.58,0.695,0.6087500000000001,0.5769230769230769,0.6,0.5882352941176471,0.5800000000000001,1.0261213779449463
"1,1,1,0,0,0,1,0,0,1,1,1,0,1,0,0,0,0,1,0,0",0.58,0.695,0.6087500000000001,0.5769230769230769,0.6,0.5882352941176471,0.5800000000000001,0.9225955009460449
"1,1,0,1,1,0,0,0,1,1,1,1,0,0,0,1,0,0,0,0,0",0.58,0.695,0.6087500000000001,0.5769230769230769,0.6,0.5882352941176471,0.5800000000000001,0.983710765838623
"1,0,0,0,1,0,1,0,1,1,1,1,0,0,0,1,1,0,0,0,0",0.58,0.695,0.6087500000000001,0.5769230769230769,0.6,0.5882352941176471,0.5800000000000001,0.9792025089263916
"1,0,1,1,1,0,0,0,0,0,1,0,0,1,0,1,1,0,0,0,0",0.58,0.695,0.6087500000000001,0.5769230769230769,0.6,0.5882352941176471,0.5800000000000001,1.0289804935455322
"1,0,0,1,0,0,0,1,0,1,1,0,1,0,0,1,1,0,1,0,0",0.58,0.695,0.6087500000000001,0.5769230769230769,0.6,0.5882352941176471,0.5800000000000001,0.9730081558227539
"0,0,1,0,0,1,1,0,1,0,1,0,0,1,1,1,0,1,0,0,1",0.55,0.785,0.60875,0.5480769230769231,0.57,0.5588235294117647,0.55,1.0463595390319824
"0,1,1,1,1,1,0,1,1,0,0,1,1,0,0,1,1,1,0,1,0",0.54,0.815,0.60875,0.5384615384615384,0.56,0.5490196078431373,0.54,1.0335893630981445
"0,1,0,0,1,1,0,1,1,1,1,0,1,1,1,1,1,0,1,1,1",0.54,0.815,0.60875,0.5444444444444444,0.49,0.5157894736842106,0.54,1.0715794563293457
"1,0,1,0,1,1,0,1,1,1,0,0,1,1,1,1,0,1,1,1,1",0.54,0.815,0.60875,0.5444444444444444,0.49,0.5157894736842106,0.54,1.0136702060699463
"0,1,1,1,1,1,1,1,0,1,0,0,0,0,1,0,1,1,0,1,0",0.54,0.815,0.60875,0.5344827586206896,0.62,0.5740740740740741,0.54,0.9845230579376221
"0,0,0,0,0,1,1,0,0,0,0,0,0,1,0,0,0,1,0,1,1",0.54,0.815,0.60875,0.5363636363636364,0.59,0.5619047619047619,0.54,1.0132966041564941
"1,0,0,0,0,0,1,0,0,1,0,1,1,0,0,0,0,1,0,1,1",0.555,0.77,0.60875,0.5555555555555556,0.55,0.5527638190954773,0.555,1.0635156631469727
"0,1,1,0,1,1,1,1,1,1,1,0,0,1,1,0,1,0,0,0,1",0.53,0.845,0.60875,0.53,0.53,0.53,0.53,1.0191104412078857
"0,0,1,1,1,0,1,0,0,0,0,1,1,1,1,0,1,1,1,1,1",0.53,0.845,0.60875,0.5357142857142857,0.45,0.4891304347826087,0.53,1.0812804698944092
"1,1,1,0,1,1,1,1,1,0,0,1,0,1,1,1,1,0,1,1,0",0.535,0.83,0.6087499999999999,0.5376344086021505,0.5,0.5181347150259067,0.5349999999999999,1.012495756149292
"0,1,1,1,1,0,0,1,1,0,1,1,0,1,0,1,1,1,1,0,0",0.555,0.77,0.6087499999999999,0.5514018691588785,0.59,0.5700483091787439,0.5549999999999999,0.9595153331756592
"0,0,1,0,0,0,1,0,1,0,1,0,0,0,1,1,1,0,0,1,0",0.565,0.74,0.6087499999999999,0.5643564356435643,0.57,0.5671641791044776,0.565,0.9964241981506348
"0,0,1,0,0,0,1,0,1,0,1,0,0,0,1,1,1,0,1,1,0",0.565,0.74,0.6087499999999999,0.5643564356435643,0.57,0.5671641791044776,0.565,1.0145959854125977
"1,1,0,1,1,0,1,0,0,0,1,0,0,1,1,1,0,0,1,1,0",0.565,0.74,0.6087499999999999,0.5942028985507246,0.41,0.48520710059171596,0.565,0.94708251953125
"0,0,1,0,1,0,0,1,0,1,1,1,1,0,0,1,0,0,1,1,1",0.555,0.77,0.6087499999999999,0.5523809523809524,0.58,0.5658536585365853,0.5549999999999999,1.0302777290344238
"1,0,0,1,0,0,1,1,0,1,0,1,0,0,0,1,1,1,1,1,1",0.545,0.795,0.6075,0.56,0.42,0.48,0.545,0.9762871265411377
"0,1,1,1,1,1,0,0,0,1,0,0,0,0,1,1,1,0,1,1,1",0.545,0.795,0.6075,0.5454545454545454,0.54,0.542713567839196,0.545,1.0216872692108154
"0,1,1,0,1,0,0,0,0,1,1,0,1,0,1,1,0,0,1,1,1",0.55,0.78,0.6075,0.5510204081632653,0.54,0.5454545454545454,0.55,1.1456587314605713
"1,1,1,1,1,0,1,1,1,0,0,1,0,0,0,1,0,1,1,0,1",0.55,0.78,0.6075,0.5595238095238095,0.47,0.5108695652173914,0.55,1.025134801864624
"0,1,0,0,1,1,1,0,1,0,0,1,0,0,1,1,0,0,0,0,0",0.55,0.78,0.6075,0.5625,0.45,0.5,0.55,0.9644112586975098
"0,0,1,1,0,1,0,0,0,0,0,1,1,1,0,1,0,1,0,0,0",0.55,0.78,0.6075,0.5625,0.45,0.5,0.55,1.0154783725738525
"0,1,1,0,0,0,0,1,0,1,1,1,1,0,0,0,1,0,1,0,1",0.55,0.78,0.6075,0.5581395348837209,0.48,0.5161290322580645,0.55,1.045959234237671
"0,1,1,1,0,0,1,0,1,1,1,0,1,0,1,0,0,1,1,1,1",0.56,0.75,0.6075,0.5638297872340425,0.53,0.5463917525773195,0.56,1.0889441967010498
"1,1,0,1,1,1,1,0,0,1,0,1,0,1,1,1,0,1,0,0,1",0.54,0.81,0.6075,0.55,0.44,0.4888888888888889,0.54,1.0017213821411133
"0,0,0,0,0,0,0,1,1,1,0,1,1,1,1,1,0,0,1,0,1",0.57,0.72,0.6075,0.5660377358490566,0.6,0.5825242718446602,0.5700000000000001,1.0308873653411865
"1,0,1,1,0,1,0,1,1,1,1,0,0,0,1,0,1,0,1,0,0",0.55,0.78,0.6075,0.5471698113207547,0.58,0.5631067961165048,0.55,0.9796032905578613
"0,1,1,1,0,0,0,0,0,0,1,1,0,1,0,1,1,0,1,1,1",0.545,0.795,0.6075,0.5436893203883495,0.56,0.5517241379310345,0.545,1.0891168117523193
"0,0,1,1,0,1,1,0,0,0,0,1,0,1,1,1,1,0,0,0,1",0.555,0.765,0.6074999999999999,0.5514018691588785,0.59,0.5700483091787439,0.5549999999999999,0.9723942279815674
"1,1,0,1,0,0,0,1,1,1,0,1,1,0,0,0,0,0,1,0,1",0.555,0.765,0.6074999999999999,0.5662650602409639,0.47,0.5136612021857924,0.5549999999999999,0.9885859489440918
"0,1,0,0,0,0,1,1,0,1,0,1,0,1,1,1,1,0,0,1,0",0.555,0.765,0.6074999999999999,0.5662650602409639,0.47,0.5136612021857924,0.5549999999999999,1.0272629261016846
"0,0,0,0,1,1,0,1,1,0,0,0,1,0,1,0,0,1,1,1,0",0.535,0.825,0.6074999999999999,0.5327102803738317,0.57,0.5507246376811594,0.5349999999999999,1.0800459384918213
"0,0,1,0,1,1,1,0,0,0,0,0,1,0,0,1,0,1,1,0,0",0.585,0.675,0.6074999999999999,0.5894736842105263,0.56,0.5743589743589743,0.585,0.9833037853240967
"0,1,0,0,1,1,0,1,0,0,0,0,1,1,1,0,0,0,1,0,0",0.585,0.675,0.6074999999999999,0.5894736842105263,0.56,0.5743589743589743,0.585,1.0145940780639648
"1,0,0,0,1,0,1,0,1,0,0,0,1,0,0,0,0,0,0,1,0",0.575,0.705,0.6074999999999999,0.5862068965517241,0.51,0.5454545454545454,0.575,0.9708414077758789
"0,0,0,0,1,1,1,1,1,0,0,1,1,0,0,1,1,1,0,1,0",0.55,0.775,0.6062500000000001,0.5520833333333334,0.53,0.5408163265306123,0.55,1.003556489944458
"0,0,0,1,1,0,0,1,0,1,0,0,0,0,0,0,1,1,0,1,0",0.545,0.79,0.6062500000000001,0.5542168674698795,0.46,0.5027322404371585,0.545,1.0115818977355957
"0,0,1,0,1,1,1,0,1,0,1,0,1,0,1,1,1,0,0,0,0",0.555,0.76,0.60625,0.5578947368421052,0.53,0.5435897435897435,0.5549999999999999,0.9832460880279541
"0,0,1,1,0,1,1,0,1,1,1,1,0,0,1,0,0,0,0,0,0",0.555,0.76,0.60625,0.5578947368421052,0.53,0.5435897435897435,0.5549999999999999,0.9723727703094482
"1,1,0,1,0,1,1,0,0,0,0,1,1,1,1,0,1,0,0,0,0",0.55,0.775,0.60625,0.5694444444444444,0.41,0.47674418604651164,0.5499999999999999,0.9759519100189209
"1,0,1,1,1,0,1,0,1,0,0,0,0,1,0,1,1,0,1,0,1",0.565,0.73,0.60625,0.5764705882352941,0.49,0.5297297297297298,0.565,0.9888195991516113
"0,1,1,1,1,1,1,1,1,1,0,0,0,0,1,0,1,1,0,1,0",0.545,0.79,0.60625,0.5412844036697247,0.59,0.5645933014354066,0.5449999999999999,1.0666346549987793
"1,0,1,1,0,1,0,0,1,1,0,1,0,0,0,0,1,1,0,1,0",0.545,0.79,0.60625,0.5473684210526316,0.52,0.5333333333333333,0.5449999999999999,0.9943938255310059
"1,0,0,0,0,0,1,1,0,0,1,0,0,1,0,0,1,0,1,0,1",0.54,0.805,0.60625,0.55,0.44,0.4888888888888889,0.54,1.0377275943756104
"0,0,0,1,1,1,1,1,1,0,1,0,0,1,0,0,1,1,0,1,0",0.535,0.815,0.605,0.5402298850574713,0.47,0.5026737967914439,0.5349999999999999,0.9433786869049072
"0,0,0,1,0,0,1,1,1,0,0,1,1,1,1,0,1,1,1,0,1",0.55,0.77,0.605,0.5694444444444444,0.41,0.47674418604651164,0.5499999999999999,1.0492558479309082
"0,1,0,0,0,0,1,0,1,1,0,0,1,1,0,1,0,1,0,1,0",0.55,0.77,0.605,0.5609756097560976,0.46,0.5054945054945055,0.55,0.987159013748169
"1,0,0,1,0,0,0,0,1,1,1,1,0,0,1,1,1,1,1,1,0",0.535,0.815,0.605,0.5333333333333333,0.56,0.5463414634146342,0.535,1.0665504932403564
"0,1,0,1,1,0,0,0,0,0,1,0,0,0,0,1,1,0,1,1,0",0.54,0.8,0.605,0.5408163265306123,0.53,0.5353535353535354,0.54,1.0342497825622559
"1,0,1,0,1,1,0,1,1,1,1,1,1,1,0,0,1,1,0,1,0",0.53,0.83,0.605,0.53,0.53,0.53,0.53,0.955460786819458
"1,1,1,1,1,1,0,0,1,1,1,0,0,1,0,0,0,1,1,1,1",0.555,0.755,0.605,0.5647058823529412,0.48,0.518918918918919,0.5549999999999999,1.0026495456695557
"0,1,0,0,0,1,0,1,1,0,0,1,1,1,0,0,0,0,0,0,1",0.58,0.68,0.605,0.5784313725490197,0.59,0.5841584158415841,0.58,0.9388244152069092
"0,0,1,1,1,0,0,1,0,1,1,1,1,0,0,1,1,0,0,1,0",0.53,0.83,0.605,0.5272727272727272,0.58,0.5523809523809524,0.53,0.9794647693634033
"0,0,0,0,1,1,0,1,0,1,0,1,0,1,1,1,0,0,0,1,0",0.54,0.8,0.605,0.5434782608695652,0.5,0.5208333333333334,0.54,1.0906240940093994
"0,1,1,0,0,1,0,0,1,0,1,1,1,0,1,0,1,0,1,0,1",0.535,0.815,0.605,0.5346534653465347,0.54,0.5373134328358209,0.535,1.0365808010101318
"1,0,0,0,0,1,0,1,0,0,0,0,0,0,0,1,0,0,0,1,0",0.565,0.725,0.605,0.5565217391304348,0.64,0.5953488372093023,0.565,0.9532039165496826
"1,1,0,1,1,1,0,0,0,0,1,0,1,0,1,1,1,0,1,1,1",0.54,0.8,0.605,0.5384615384615384,0.56,0.5490196078431373,0.54,1.0631449222564697
"0,0,1,1,1,0,0,1,0,0,0,0,0,0,1,0,1,1,0,1,0",0.555,0.755,0.605,0.5486725663716814,0.62,0.5821596244131455,0.5549999999999999,0.9932529926300049
"0,0,0,0,1,1,0,1,0,0,0,0,0,1,1,1,0,1,0,1,0",0.545,0.785,0.605,0.5633802816901409,0.4,0.4678362573099415,0.5449999999999999,1.1260290145874023
"1,1,1,0,0,0,0,1,1,0,1,0,0,0,1,1,1,1,0,0,1",0.56,0.74,0.605,0.5697674418604651,0.49,0.5268817204301075,0.56,0.9957733154296875
"1,1,0,0,0,0,1,0,0,0,1,1,0,1,1,0,1,0,1,0,1",0.54,0.8,0.605,0.5454545454545454,0.48,0.5106382978723404,0.54,1.0033094882965088
"1,1,0,1,0,1,0,1,0,1,1,0,0,1,0,0,1,1,0,1,0",0.55,0.765,0.60375,0.55,0.55,0.55,0.55,1.00651216506958
"0,1,1,1,1,1,0,0,0,0,0,0,1,0,1,1,1,0,1,1,0",0.545,0.78,0.60375,0.5445544554455446,0.55,0.5472636815920398,0.545,0.9647772312164307
"1,1,0,0,0,0,0,0,1,0,0,1,1,0,0,1,1,1,0,1,0",0.55,0.765,0.60375,0.5581395348837209,0.48,0.5161290322580645,0.55,0.9962186813354492
"0,0,0,1,1,1,0,0,0,1,0,1,0,1,0,0,0,1,0,0,0",0.535,0.81,0.60375,0.5384615384615384,0.49,0.5130890052356021,0.5349999999999999,0.9674625396728516
"0,0,1,1,1,0,0,0,0,0,0,1,0,1,0,0,1,1,1,0,1",0.555,0.75,0.60375,0.5533980582524272,0.57,0.5615763546798029,0.5549999999999999,1.0335569381713867
"0,1,1,0,1,0,1,0,0,0,1,1,1,1,1,1,1,1,1,1,1",0.55,0.765,0.60375,0.543859649122807,0.62,0.5794392523364486,0.55,1.003113031387329
"1,0,0,1,0,0,0,1,0,1,1,1,1,0,1,1,1,1,1,0,0",0.555,0.75,0.60375,0.5714285714285714,0.44,0.4971751412429379,0.555,1.0096900463104248
"0,0,1,0,1,0,1,0,0,0,0,0,0,1,0,1,0,1,1,1,1",0.535,0.81,0.60375,0.5421686746987951,0.45,0.4918032786885246,0.535,1.0265560150146484
"0,1,0,0,1,1,0,1,0,1,0,0,1,1,1,0,1,0,0,1,0",0.565,0.72,0.60375,0.5764705882352941,0.49,0.5297297297297298,0.565,1.0104405879974365
"0,1,0,1,1,0,0,0,0,0,1,1,0,0,1,0,0,0,0,1,0",0.54,0.795,0.60375,0.5408163265306123,0.53,0.5353535353535354,0.54,0.9612746238708496
"0,1,0,1,1,0,0,0,0,0,1,1,0,0,1,0,0,0,1,1,0",0.54,0.795,0.60375,0.5408163265306123,0.53,0.5353535353535354,0.54,0.9874908924102783
"1,1,0,0,0,1,1,0,0,1,0,1,0,0,1,0,0,1,0,0,0",0.555,0.75,0.60375,0.5632183908045977,0.49,0.5240641711229946,0.5549999999999999,0.9886734485626221
"1,0,1,1,0,1,1,1,0,1,1,1,1,1,1,1,0,1,1,0,0",0.54,0.795,0.60375,0.5444444444444444,0.49,0.5157894736842106,0.54,0.9653778076171875
"1,0,0,0,0,1,0,1,1,1,0,0,1,1,1,0,1,1,0,0,0",0.555,0.75,0.60375,0.5426356589147286,0.7,0.611353711790393,0.5549999999999999,1.0126349925994873
"0,1,0,1,0,0,1,0,0,0,1,1,1,0,0,0,1,0,1,0,1",0.55,0.765,0.60375,0.5555555555555556,0.5,0.5263157894736842,0.55,0.9908089637756348
"0,1,1,0,1,0,1,0,1,0,0,1,0,0,0,1,1,1,0,0,0",0.55,0.765,0.60375,0.5625,0.45,0.5,0.55,0.9843957424163818
"1,0,1,1,0,1,1,1,1,1,1,1,0,0,1,1,0,1,0,0,0",0.54,0.795,0.60375,0.5444444444444444,0.49,0.5157894736842106,0.54,0.9964094161987305
"1,0,1,1,1,1,0,1,1,1,1,1,0,0,0,0,0,1,0,0,1",0.545,0.78,0.60375,0.5445544554455446,0.55,0.5472636815920398,0.545,0.9711196422576904
"1,1,0,0,0,0,0,0,1,0,0,1,1,0,0,1,1,1,1,1,0",0.55,0.765,0.60375,0.5581395348837209,0.48,0.5161290322580645,0.55,0.9939930438995361
"1,1,1,0,1,0,0,0,0,1,1,1,0,1,1,0,0,0,1,1,1",0.55,0.76,0.6025,0.5510204081632653,0.54,0.5454545454545454,0.55,1.0205888748168945
"1,0,0,0,0,1,1,0,1,0,1,1,0,0,1,1,1,1,0,1,0",0.56,0.73,0.6025,0.5612244897959183,0.55,0.5555555555555556,0.56,1.0428085327148438
"0,0,0,0,1,1,1,0,0,1,0,1,1,1,1,0,0,1,1,0,0",0.55,0.76,0.6025,0.5510204081632653,0.54,0.5454545454545454,0.55,1.0061061382293701
"0,0,0,0,1,1,0,0,1,1,0,1,1,1,1,1,0,0,1,0,1",0.54,0.79,0.6025,0.5416666666666666,0.52,0.5306122448979592,0.54,1.0323853492736816
"1,1,0,0,1,0,0,1,0,0,1,1,0,0,1,1,0,0,0,0,1",0.555,0.745,0.6025,0.5462184873949579,0.65,0.593607305936073,0.555,1.0131893157958984
"1,0,0,0,1,1,0,1,0,0,0,1,0,1,0,1,1,0,1,1,0",0.54,0.79,0.6025,0.5416666666666666,0.52,0.5306122448979592,0.54,1.0685381889343262
"0,0,1,1,1,0,1,0,0,0,0,1,0,0,1,0,0,1,0,1,0",0.54,0.79,0.6025,0.5377358490566038,0.57,0.5533980582524272,0.54,1.0572843551635742
"0,0,1,0,1,1,0,1,0,1,0,1,0,0,1,0,1,0,1,1,0",0.545,0.775,0.6025,0.5555555555555556,0.45,0.4972375690607735,0.545,1.006525993347168
"0,0,1,1,1,1,1,1,1,1,0,0,1,1,0,0,0,0,1,1,1",0.54,0.79,0.6025,0.5487804878048781,0.45,0.4945054945054945,0.54,1.0779764652252197
"0,0,0,1,0,1,1,0,1,0,0,1,0,0,1,1,0,1,0,0,0",0.55,0.76,0.6025,0.5510204081632653,0.54,0.5454545454545454,0.55,1.0654170513153076
"0,0,1,0,0,0,1,1,1,0,0,0,1,0,1,0,1,0,0,0,1",0.545,0.775,0.6024999999999999,0.5494505494505495,0.5,0.5235602094240838,0.5449999999999999,1.0332214832305908
"0,1,0,1,0,0,1,0,1,1,1,0,0,0,1,0,0,1,1,0,0",0.555,0.745,0.6024999999999999,0.5478260869565217,0.63,0.586046511627907,0.5549999999999999,1.0567898750305176
"1,0,0,1,1,1,0,1,0,0,0,0,1,0,0,1,0,0,1,0,1",0.555,0.745,0.6024999999999999,0.5591397849462365,0.52,0.538860103626943,0.5549999999999999,1.0179507732391357
"0,0,1,1,0,1,1,0,1,0,1,1,1,1,0,0,0,1,0,1,0",0.555,0.745,0.6024999999999999,0.5632183908045977,0.49,0.5240641711229946,0.5549999999999999,1.1379196643829346
"1,1,1,0,1,1,0,0,1,1,1,0,0,1,0,1,1,1,1,1,0",0.555,0.745,0.6024999999999999,0.5578947368421052,0.53,0.5435897435897435,0.5549999999999999,1.0090866088867188
"1,1,1,0,1,1,1,0,1,1,0,0,1,0,1,0,0,0,0,0,1",0.555,0.745,0.6024999999999999,0.5647058823529412,0.48,0.518918918918919,0.5549999999999999,0.9830095767974854
"0,1,1,0,0,1,1,0,1,0,1,1,1,0,0,1,0,1,1,1,0",0.545,0.775,0.6024999999999999,0.5494505494505495,0.5,0.5235602094240838,0.5449999999999999,1.034393310546875
"0,0,1,0,0,1,1,0,1,0,0,0,0,1,1,1,0,0,0,1,0",0.535,0.8,0.6012500000000001,0.5368421052631579,0.51,0.5230769230769231,0.535,1.013664960861206
"0,0,1,0,1,0,1,1,0,1,0,1,0,1,1,0,1,0,0,0,1",0.55,0.755,0.6012500000000001,0.5595238095238095,0.47,0.5108695652173914,0.55,0.9586231708526611
"1,0,1,1,0,1,1,1,1,1,0,1,0,1,0,0,0,1,1,1,0",0.545,0.77,0.6012500000000001,0.5584415584415584,0.43,0.4858757062146893,0.545,1.001343011856079
"0,1,1,1,0,0,1,1,0,0,1,0,1,0,0,1,0,1,1,0,1",0.54,0.785,0.6012500000000001,0.5344827586206896,0.62,0.5740740740740741,0.54,1.0288009643554688
"1,0,1,0,1,0,1,0,1,0,0,1,1,0,1,0,0,0,0,0,1",0.54,0.785,0.6012500000000001,0.5571428571428572,0.39,0.4588235294117647,0.54,0.9727497100830078
"1,1,1,0,1,0,1,0,0,0,1,1,1,0,1,0,0,1,1,1,0",0.55,0.755,0.6012500000000001,0.5625,0.45,0.5,0.55,1.0214910507202148
"1,0,0,0,1,0,1,1,1,1,0,0,1,0,0,1,0,0,0,0,1",0.55,0.755,0.6012500000000001,0.5641025641025641,0.44,0.4943820224719101,0.55,0.9397528171539307
"1,0,1,0,0,1,0,1,1,0,1,0,0,1,0,1,1,0,0,1,1",0.54,0.785,0.6012500000000001,0.5392156862745098,0.55,0.5445544554455446,0.54,1.0054173469543457
"1,0,1,1,0,0,0,1,0,0,0,0,0,0,1,0,1,1,1,0,0",0.54,0.785,0.6012500000000001,0.5416666666666666,0.52,0.5306122448979592,0.54,0.9778664112091064
"0,1,0,0,0,0,0,0,1,0,1,0,1,1,1,1,1,0,1,1,1",0.53,0.815,0.6012500000000001,0.5333333333333333,0.48,0.5052631578947369,0.53,1.1357340812683105
"1,1,1,0,1,0,1,0,1,1,0,1,1,0,1,0,0,0,1,0,0",0.55,0.755,0.6012500000000001,0.5641025641025641,0.44,0.4943820224719101,0.55,1.0096256732940674
"0,1,1,1,1,1,0,0,0,0,0,1,0,0,1,1,1,1,1,0,1",0.54,0.785,0.6012500000000001,0.54,0.54,0.54,0.54,0.9983041286468506
"0,1,1,0,0,0,1,1,0,1,0,0,0,1,0,1,0,1,1,0,1",0.54,0.785,0.6012500000000001,0.5606060606060606,0.37,0.4457831325301205,0.54,1.0112016201019287
"0,1,0,0,0,0,0,0,0,1,1,1,0,1,1,1,0,1,1,1,1",0.535,0.8,0.6012500000000001,0.5339805825242718,0.55,0.541871921182266,0.535,0.9719889163970947
"0,0,1,0,1,1,1,1,1,0,0,0,0,0,1,1,1,0,0,1,1",0.53,0.815,0.6012500000000001,0.5272727272727272,0.58,0.5523809523809524,0.53,1.050478458404541
"1,1,1,0,0,0,1,0,0,1,1,0,0,0,1,1,1,0,1,1,0",0.55,0.755,0.6012500000000001,0.5595238095238095,0.47,0.5108695652173914,0.55,0.9778695106506348
"0,0,1,1,1,1,0,1,0,0,0,0,0,1,0,1,0,1,0,0,1",0.53,0.815,0.6012500000000001,0.5319148936170213,0.5,0.5154639175257731,0.53,1.0623931884765625
"0,1,0,1,1,0,0,0,0,0,1,1,1,0,0,0,0,0,0,1,0",0.54,0.785,0.6012500000000001,0.5416666666666666,0.52,0.5306122448979592,0.54,0.941582202911377
"0,1,0,1,0,1,0,1,1,0,0,0,1,0,1,1,0,1,1,1,1",0.555,0.74,0.6012500000000001,0.569620253164557,0.45,0.5027932960893855,0.555,1.074169397354126
"0,0,1,1,1,0,0,0,0,0,0,0,1,0,1,1,0,0,0,1,1",0.53,0.815,0.6012500000000001,0.53,0.53,0.53,0.53,1.0904228687286377
"0,0,0,0,0,0,1,1,1,0,0,1,1,1,1,0,0,1,0,0,1",0.545,0.77,0.60125,0.550561797752809,0.49,0.5185185185185185,0.5449999999999999,0.9814679622650146
"1,0,0,0,0,1,0,0,1,0,0,1,0,1,0,1,1,0,0,1,0",0.555,0.74,0.60125,0.5533980582524272,0.57,0.5615763546798029,0.5549999999999999,1.096538782119751
"0,1,0,0,1,1,0,1,0,0,0,0,0,0,0,0,1,1,1,0,1",0.545,0.77,0.60125,0.5428571428571428,0.57,0.5560975609756098,0.5449999999999999,1.0327372550964355
"1,0,1,1,1,0,1,1,1,1,0,0,1,1,1,0,0,0,1,1,1",0.545,0.77,0.60125,0.550561797752809,0.49,0.5185185185185185,0.5449999999999999,1.022481918334961
"1,1,1,0,1,1,0,0,1,1,0,1,1,1,1,1,0,0,1,0,1",0.555,0.74,0.60125,0.5567010309278351,0.54,0.5482233502538071,0.5549999999999999,0.988304615020752
"1,0,1,1,1,0,1,1,1,0,0,1,1,1,1,0,1,1,0,0,1",0.555,0.74,0.60125,0.5632183908045977,0.49,0.5240641711229946,0.5549999999999999,1.003159761428833
"1,1,1,1,1,1,1,0,0,1,1,0,1,0,0,0,1,1,1,0,1",0.55,0.75,0.6000000000000001,0.5510204081632653,0.54,0.5454545454545454,0.55,1.0849592685699463
"1,0,0,0,1,1,1,0,1,0,0,0,0,1,1,1,1,0,1,1,1",0.545,0.765,0.6000000000000001,0.5555555555555556,0.45,0.4972375690607735,0.545,1.0586516857147217
"1,1,0,0,0,1,0,1,0,1,1,1,0,0,1,0,1,1,0,0,0",0.545,0.765,0.6000000000000001,0.5542168674698795,0.46,0.5027322404371585,0.545,1.0120525360107422
"0,1,1,1,0,0,0,1,0,0,1,1,1,0,1,0,0,0,0,1,0",0.54,0.78,0.6000000000000001,0.5416666666666666,0.52,0.5306122448979592,0.54,0.9600484371185303
"1,1,1,0,0,0,0,0,1,1,1,0,0,1,1,0,0,1,0,1,0",0.54,0.78,0.6000000000000001,0.5512820512820513,0.43,0.48314606741573035,0.54,1.028498888015747
"1,0,0,1,0,0,1,0,1,0,1,0,1,1,1,1,0,0,1,1,0",0.545,0.765,0.6,0.5517241379310345,0.48,0.5133689839572193,0.5449999999999999,1.0171165466308594
"0,0,0,1,1,1,1,0,1,0,0,0,0,0,1,0,1,0,1,0,0",0.555,0.735,0.6,0.5533980582524272,0.57,0.5615763546798029,0.5549999999999999,0.9895589351654053
"0,0,0,1,0,0,0,1,1,1,1,0,1,1,0,1,1,1,1,1,0",0.555,0.735,0.6,0.5533980582524272,0.57,0.5615763546798029,0.5549999999999999,1.0483593940734863
"1,0,1,1,0,1,0,1,0,1,1,0,1,0,0,0,1,0,0,1,1",0.545,0.765,0.6,0.5473684210526316,0.52,0.5333333333333333,0.5449999999999999,1.0485258102416992
"1,1,1,0,0,1,1,1,1,1,0,1,1,0,0,1,0,0,1,1,1",0.555,0.735,0.6,0.5578947368421052,0.53,0.5435897435897435,0.5549999999999999,1.0048491954803467
"0,1,0,0,1,1,1,0,1,0,0,0,0,1,0,0,1,0,0,1,0",0.555,0.735,0.6,0.5533980582524272,0.57,0.5615763546798029,0.5549999999999999,0.9909060001373291
"0,0,0,0,0,1,0,0,0,1,0,1,1,1,1,1,0,1,1,0,1",0.535,0.795,0.5999999999999999,0.5393258426966292,0.48,0.5079365079365079,0.5349999999999999,1.0861754417419434
"1,0,0,1,1,1,0,1,1,0,0,1,0,1,0,1,0,1,1,0,0",0.545,0.76,0.5987500000000001,0.5616438356164384,0.41,0.47398843930635837,0.545,1.030024528503418
"1,1,0,0,0,1,0,0,0,0,1,1,1,0,0,0,1,1,1,0,1",0.545,0.76,0.5987500000000001,0.5463917525773195,0.53,0.5380710659898477,0.545,0.9668939113616943
"0,1,0,0,0,0,1,1,0,1,0,0,0,0,0,1,1,1,0,1,0",0.57,0.685,0.5987500000000001,0.5686274509803921,0.58,0.5742574257425742,0.5700000000000001,0.9950447082519531
"1,1,1,1,1,1,0,0,0,0,1,0,1,0,1,1,1,0,1,1,1",0.545,0.76,0.5987500000000001,0.5463917525773195,0.53,0.5380710659898477,0.545,1.0316755771636963
"1,1,1,0,1,1,0,0,1,1,1,0,0,1,0,1,0,0,1,0,1",0.525,0.82,0.5987500000000001,0.5301204819277109,0.44,0.4808743169398907,0.525,1.0266878604888916
"1,1,0,0,0,0,0,1,1,1,1,1,0,1,1,1,0,1,1,1,0",0.535,0.79,0.59875,0.5466666666666666,0.41,0.4685714285714286,0.535,1.0217719078063965
"1,0,0,1,1,1,1,0,1,1,0,0,1,0,0,1,1,0,1,1,0",0.54,0.775,0.59875,0.5425531914893617,0.51,0.5257731958762887,0.54,1.0546066761016846
"0,0,1,1,0,0,0,0,1,1,1,1,0,0,1,0,0,0,1,0,1",0.55,0.745,0.59875,0.5609756097560976,0.46,0.5054945054945055,0.55,1.0000591278076172
"1,1,0,0,0,1,1,1,0,1,0,0,0,0,1,1,1,1,0,1,1",0.54,0.775,0.59875,0.5454545454545454,0.48,0.5106382978723404,0.54,0.9764058589935303
"1,1,0,1,1,1,0,0,1,0,0,0,1,0,1,1,0,1,0,0,1",0.55,0.745,0.59875,0.5431034482758621,0.63,0.5833333333333334,0.55,1.0668225288391113
"0,0,0,1,1,0,0,1,0,1,0,0,1,0,0,1,0,0,0,0,1",0.55,0.745,0.59875,0.5510204081632653,0.54,0.5454545454545454,0.55,0.9583837985992432
"1,0,0,0,1,1,1,1,0,0,0,1,0,0,1,1,0,1,0,1,0",0.55,0.745,0.59875,0.5510204081632653,0.54,0.5454545454545454,0.55,1.0047922134399414
"1,1,0,0,0,0,0,1,0,0,1,0,1,1,0,0,0,0,1,0,1",0.55,0.745,0.59875,0.5735294117647058,0.39,0.4642857142857143,0.55,1.0025951862335205
"0,0,0,1,1,0,1,0,1,1,1,1,1,0,1,0,0,0,1,1,0",0.55,0.745,0.59875,0.5531914893617021,0.52,0.5360824742268041,0.55,1.0365548133850098
"0,0,1,0,1,1,1,1,0,1,0,1,1,0,1,1,1,1,1,1,0",0.545,0.76,0.5987499999999999,0.5483870967741935,0.51,0.5284974093264249,0.5449999999999999,1.007352352142334
"1,1,0,1,1,1,0,0,0,1,0,1,1,0,1,0,0,1,0,0,1",0.565,0.7,0.5987499999999999,0.5585585585585585,0.62,0.5876777251184834,0.565,1.0069522857666016
"1,1,0,1,1,1,0,0,1,1,1,1,0,1,1,0,0,1,0,0,1",0.545,0.76,0.5987499999999999,0.5483870967741935,0.51,0.5284974093264249,0.5449999999999999,0.9954478740692139
"1,1,0,0,1,0,1,0,0,1,0,0,0,1,0,1,1,1,1,0,1",0.545,0.76,0.5987499999999999,0.5652173913043478,0.39,0.46153846153846156,0.5449999999999999,1.0846669673919678
"1,1,0,1,0,1,0,1,1,1,1,0,0,1,0,0,0,0,1,1,0",0.55,0.74,0.5975,0.5520833333333334,0.53,0.5408163265306123,0.55,1.0140080451965332
"1,1,0,1,1,1,1,1,0,0,1,1,1,0,0,1,0,1,1,1,0",0.54,0.77,0.5975,0.5454545454545454,0.48,0.5106382978723404,0.54,0.9893815517425537
"0,0,1,0,0,1,1,1,0,1,0,1,0,1,0,1,0,0,1,1,0",0.55,0.74,0.5975,0.5520833333333334,0.53,0.5408163265306123,0.55,1.0262069702148438
"1,0,1,1,1,1,1,0,0,1,0,1,1,1,1,0,1,1,0,0,1",0.525,0.815,0.5975,0.5287356321839081,0.46,0.4919786096256685,0.525,0.9999854564666748
"0,0,0,0,1,0,1,1,0,1,0,1,0,1,0,0,1,0,1,0,1",0.555,0.725,0.5975,0.5679012345679012,0.46,0.5082872928176796,0.555,1.0693304538726807
"1,0,0,1,0,1,1,1,0,1,0,1,0,0,1,1,1,1,0,1,1",0.53,0.8,0.5975,0.5294117647058824,0.54,0.5346534653465347,0.53,1.0009803771972656
"1,1,0,1,0,1,0,0,0,1,1,1,1,1,1,1,1,1,1,1,1",0.54,0.77,0.5975,0.5454545454545454,0.48,0.5106382978723404,0.54,1.077436923980713
"0,1,0,0,0,1,0,0,1,0,0,1,1,0,0,1,1,0,1,1,0",0.545,0.755,0.5975,0.5454545454545454,0.54,0.542713567839196,0.545,1.0090208053588867
"1,1,1,0,1,1,1,0,0,0,0,1,1,1,1,1,1,1,0,0,0",0.535,0.785,0.5974999999999999,0.5346534653465347,0.54,0.5373134328358209,0.535,1.0122466087341309
"0,1,0,1,0,0,0,1,0,0,0,0,0,0,1,0,1,1,1,0,1",0.535,0.785,0.5974999999999999,0.5393258426966292,0.48,0.5079365079365079,0.5349999999999999,1.0366263389587402
"0,1,0,1,0,1,1,0,0,0,1,0,1,1,0,1,1,1,1,1,0",0.525,0.81,0.5962500000000001,0.5316455696202531,0.42,0.4692737430167598,0.525,1.0065603256225586
"1,0,0,0,1,0,1,0,0,0,0,0,1,1,0,0,0,0,0,0,1",0.56,0.705,0.5962500000000001,0.5714285714285714,0.48,0.5217391304347826,0.56,0.9654254913330078
"1,1,0,0,0,1,0,0,0,1,0,0,0,0,1,1,0,0,1,0,1",0.54,0.765,0.5962500000000001,0.5392156862745098,0.55,0.5445544554455446,0.54,1.059669017791748
"0,1,0,1,1,0,1,0,1,0,1,1,0,1,0,0,0,1,0,0,1",0.55,0.735,0.5962500000000001,0.5462962962962963,0.59,0.5673076923076923,0.55,1.0086727142333984
"0,1,0,0,1,0,0,1,1,1,1,1,1,0,1,0,1,0,1,0,1",0.55,0.735,0.5962500000000001,0.5416666666666666,0.65,0.5909090909090909,0.55,1.0232048034667969
"1,0,1,1,1,1,1,0,0,1,1,1,0,0,1,0,1,1,1,0,1",0.545,0.75,0.5962500000000001,0.5463917525773195,0.53,0.5380710659898477,0.545,1.0243895053863525
"0,0,1,0,1,0,1,0,0,1,0,0,1,1,1,0,1,1,1,1,1",0.55,0.735,0.5962500000000001,0.5555555555555556,0.5,0.5263157894736842,0.55,1.0892634391784668
"1,1,0,0,0,0,0,0,1,0,1,0,1,0,1,0,1,0,1,1,0",0.55,0.735,0.5962500000000001,0.5531914893617021,0.52,0.5360824742268041,0.55,0.999514102935791
"1,0,1,0,0,1,1,0,0,0,1,1,0,1,0,0,0,1,0,1,0",0.54,0.765,0.5962500000000001,0.5408163265306123,0.53,0.5353535353535354,0.54,0.9968037605285645
"0,0,0,1,1,0,1,1,1,1,0,1,0,0,0,1,0,0,1,1,1",0.525,0.81,0.5962500000000001,0.5301204819277109,0.44,0.4808743169398907,0.525,0.9808692932128906
"0,0,1,0,1,1,1,0,1,1,1,1,0,0,1,1,1,0,0,0,1",0.545,0.75,0.5962500000000001,0.5569620253164557,0.44,0.49162011173184356,0.545,1.0313630104064941
"1,0,1,1,0,1,1,1,1,0,0,1,0,0,0,0,0,0,1,1,1",0.555,0.72,0.59625,0.5578947368421052,0.53,0.5435897435897435,0.5549999999999999,1.012512445449829
"1,1,1,1,1,1,0,0,1,1,1,0,0,1,0,1,0,1,0,1,0",0.575,0.66,0.59625,0.5806451612903226,0.54,0.5595854922279793,0.575,0.9741628170013428
"1,1,1,1,1,0,0,1,0,1,1,1,1,0,1,1,0,0,1,0,0",0.535,0.78,0.59625,0.5507246376811594,0.38,0.44970414201183434,0.5349999999999999,0.996269702911377
"0,0,1,0,1,0,1,1,1,0,1,0,0,1,0,0,0,1,1,1,0",0.555,0.72,0.59625,0.5533980582524272,0.57,0.5615763546798029,0.5549999999999999,0.9588589668273926
"1,0,0,1,0,1,1,0,0,0,0,1,0,1,1,0,0,1,0,1,1",0.555,0.72,0.59625,0.5591397849462365,0.52,0.538860103626943,0.5549999999999999,1.0769336223602295
"0,0,0,1,1,1,1,0,0,1,1,0,0,0,0,1,1,1,1,0,0",0.535,0.78,0.59625,0.5432098765432098,0.44,0.4861878453038674,0.535,0.9713892936706543
"0,1,1,0,1,0,0,0,0,1,1,1,0,0,0,1,0,0,1,1,1",0.52,0.825,0.59625,0.5217391304347826,0.48,0.5,0.52,1.0931956768035889
"0,0,0,1,1,0,1,1,0,0,1,0,1,1,1,0,0,1,0,0,0",0.585,0.63,0.59625,0.5752212389380531,0.65,0.6103286384976526,0.585,1.000152826309204
"0,1,0,1,1,0,1,0,0,1,1,0,0,1,1,0,1,0,1,1,1",0.535,0.78,0.59625,0.5384615384615384,0.49,0.5130890052356021,0.5349999999999999,1.0868260860443115
"0,1,1,0,0,1,0,0,0,0,1,0,1,0,0,0,0,0,0,0,1",0.535,0.78,0.59625,0.5432098765432098,0.44,0.4861878453038674,0.535,0.9690260887145996
"1,0,1,0,1,0,1,0,1,1,1,0,0,0,0,1,0,1,0,0,1",0.53,0.795,0.59625,0.5394736842105263,0.41,0.4659090909090909,0.53,1.0629637241363525
"0,1,0,1,1,1,1,1,0,1,0,1,0,1,1,1,0,0,1,0,0",0.54,0.765,0.59625,0.5434782608695652,0.5,0.5208333333333334,0.54,0.984550952911377
"1,1,0,0,0,0,0,1,1,1,1,0,1,1,1,1,1,0,1,0,0",0.535,0.78,0.59625,0.5507246376811594,0.38,0.44970414201183434,0.5349999999999999,0.9937722682952881
"0,0,1,0,1,1,0,1,1,1,1,1,1,1,1,1,1,0,0,0,0",0.535,0.78,0.59625,0.5432098765432098,0.44,0.4861878453038674,0.535,0.9517662525177002
"1,1,1,0,0,1,1,1,1,0,0,1,1,0,1,1,0,1,0,1,1",0.53,0.795,0.59625,0.5441176470588235,0.37,0.44047619047619047,0.53,1.0864231586456299
"1,0,1,0,0,0,0,0,1,0,0,1,0,0,0,1,1,0,1,0,1",0.54,0.765,0.59625,0.55,0.44,0.4888888888888889,0.54,1.051476240158081
"1,0,0,1,1,1,0,1,0,0,1,0,0,1,1,0,0,0,0,0,1",0.545,0.75,0.59625,0.5420560747663551,0.58,0.5603864734299517,0.5449999999999999,1.044814109802246
"0,1,1,0,0,0,1,1,1,0,0,0,0,0,0,1,0,1,0,1,0",0.54,0.765,0.59625,0.5444444444444444,0.49,0.5157894736842106,0.54,1.054635524749756
"0,1,0,1,1,1,0,0,0,1,0,0,1,1,0,0,0,1,1,1,0",0.53,0.795,0.59625,0.5340909090909091,0.47,0.5,0.53,1.0197029113769531
"1,0,0,0,0,0,0,0,1,0,0,0,0,1,1,0,0,1,0,1,0",0.53,0.795,0.59625,0.5357142857142857,0.45,0.4891304347826087,0.53,1.0525233745574951
"0,0,1,0,1,1,0,1,0,0,1,1,0,1,0,0,0,0,1,1,0",0.535,0.78,0.59625,0.5432098765432098,0.44,0.4861878453038674,0.535,1.020540714263916
"0,1,0,1,1,0,1,1,1,0,0,1,1,1,1,0,1,1,1,1,0",0.53,0.79,0.595,0.5283018867924528,0.56,0.5436893203883495,0.53,1.0219206809997559
"1,0,1,0,0,0,1,1,0,0,0,0,0,0,1,0,1,0,0,1,0",0.545,0.745,0.595,0.5412844036697247,0.59,0.5645933014354066,0.5449999999999999,1.0536282062530518
"0,0,1,1,0,0,0,1,1,1,0,1,1,1,0,0,0,1,0,1,1",0.515,0.835,0.595,0.5194805194805194,0.4,0.4519774011299435,0.515,1.0606718063354492
"1,1,0,1,0,1,0,1,0,0,1,0,0,0,1,1,1,0,0,0,1",0.56,0.7,0.595,0.5666666666666667,0.51,0.5368421052631579,0.56,1.0570282936096191
"0,1,1,0,0,0,0,0,0,1,0,0,0,0,1,0,1,1,0,1,0",0.54,0.76,0.595,0.5327868852459017,0.65,0.5855855855855856,0.54,1.0502405166625977
"1,0,0,1,0,1,0,0,1,0,1,1,0,1,0,0,1,0,1,1,0",0.555,0.715,0.595,0.5462184873949579,0.65,0.593607305936073,0.555,0.9350762367248535
"0,1,1,1,0,0,0,0,0,1,0,0,1,0,1,1,0,0,0,0,1",0.535,0.775,0.595,0.5368421052631579,0.51,0.5230769230769231,0.535,0.9849326610565186
"0,1,0,0,1,1,0,1,1,0,1,1,0,1,0,0,0,1,1,1,1",0.52,0.82,0.595,0.5208333333333334,0.5,0.5102040816326531,0.52,1.037381887435913
"1,1,0,0,0,0,0,0,1,0,0,1,1,0,0,1,0,1,1,1,1",0.555,0.715,0.595,0.569620253164557,0.45,0.5027932960893855,0.555,0.9743523597717285
"0,0,1,0,0,0,0,0,1,0,0,1,1,1,1,1,1,1,1,0,0",0.575,0.655,0.595,0.5903614457831325,0.49,0.5355191256830601,0.575,0.9763412475585938
"1,1,0,1,0,0,0,0,0,0,0,0,1,0,0,0,0,0,1,0,1",0.535,0.775,0.595,0.5454545454545454,0.42,0.4745762711864407,0.535,0.9796042442321777
"1,1,0,1,1,1,0,0,1,1,1,0,1,0,1,0,1,1,0,1,1",0.525,0.805,0.595,0.5274725274725275,0.48,0.5026178010471204,0.5249999999999999,1.0998492240905762
"0,0,0,1,1,0,1,1,1,0,0,1,0,0,1,0,0,0,1,0,1",0.54,0.76,0.595,0.5416666666666666,0.52,0.5306122448979592,0.54,0.9688074588775635
"1,0,1,0,1,1,1,0,1,0,1,0,0,1,0,1,0,1,1,1,0",0.55,0.73,0.595,0.5520833333333334,0.53,0.5408163265306123,0.55,0.9339735507965088
"0,0,1,0,0,0,0,0,0,1,0,1,1,0,1,0,0,1,1,0,0",0.575,0.655,0.595,0.5903614457831325,0.49,0.5355191256830601,0.575,0.9619925022125244
"0,0,1,0,1,1,0,1,0,0,1,1,0,0,1,1,0,1,0,1,1",0.52,0.82,0.595,0.5196078431372549,0.53,0.5247524752475248,0.52,1.0675885677337646
"1,0,1,0,0,0,0,0,1,0,0,0,1,1,0,0,0,1,0,1,1",0.535,0.775,0.595,0.5393258426966292,0.48,0.5079365079365079,0.5349999999999999,1.101806879043579
"0,0,1,0,1,1,0,0,1,0,1,0,1,1,1,1,0,1,1,1,0",0.52,0.82,0.595,0.527027027027027,0.39,0.4482758620689655,0.52,0.9945576190948486
"0,1,1,1,0,0,0,0,1,1,1,1,1,1,1,0,0,0,1,1,0",0.54,0.76,0.595,0.5487804878048781,0.45,0.4945054945054945,0.54,1.0357122421264648
"0,1,0,0,0,1,1,1,0,0,1,1,1,0,1,0,0,1,0,0,1",0.525,0.805,0.595,0.5217391304347826,0.6,0.5581395348837209,0.525,1.0019230842590332
"0,1,1,1,0,1,1,0,0,0,0,0,0,1,1,1,0,0,1,1,1",0.51,0.85,0.595,0.5113636363636364,0.45,0.4787234042553192,0.51,0.9936375617980957
"1,0,0,0,1,1,0,0,0,0,0,0,1,0,1,0,0,1,0,1,1",0.53,0.79,0.595,0.5333333333333333,0.48,0.5052631578947369,0.53,1.0418715476989746
"1,1,0,0,1,1,1,0,0,1,0,1,1,1,0,1,0,1,0,0,1",0.535,0.77,0.59375,0.5432098765432098,0.44,0.4861878453038674,0.535,1.0477216243743896
"1,1,1,0,1,0,0,0,0,0,1,0,1,0,1,0,0,1,0,0,1",0.555,0.71,0.59375,0.5447154471544715,0.67,0.600896860986547,0.555,0.9524924755096436
"1,1,1,1,1,1,1,1,1,0,0,1,0,1,1,1,1,0,1,1,0",0.545,0.74,0.59375,0.5494505494505495,0.5,0.5235602094240838,0.5449999999999999,1.011181354522705
"1,1,0,1,1,1,1,0,1,1,1,0,1,0,1,1,1,1,1,1,1",0.525,0.8,0.59375,0.5242718446601942,0.54,0.5320197044334976,0.525,1.0325446128845215
"1,1,0,0,0,0,0,1,1,1,1,0,0,1,0,0,1,1,0,1,0",0.525,0.8,0.59375,0.5301204819277109,0.44,0.4808743169398907,0.525,0.9894399642944336
"1,0,0,0,1,0,1,1,0,0,0,1,1,1,0,1,0,0,0,0,1",0.55,0.725,0.59375,0.5555555555555556,0.5,0.5263157894736842,0.55,0.999284029006958
"0,0,1,1,0,1,0,1,1,0,0,0,0,1,1,1,1,0,1,0,0",0.54,0.755,0.59375,0.5434782608695652,0.5,0.5208333333333334,0.54,1.0076649188995361
"0,0,1,1,0,0,0,0,0,0,1,1,1,0,0,0,0,0,0,0,1",0.565,0.68,0.59375,0.5575221238938053,0.63,0.5915492957746479,0.565,0.9737389087677002
"0,0,0,1,1,1,0,0,1,1,1,0,1,0,0,1,0,0,1,1,1",0.52,0.815,0.59375,0.5263157894736842,0.4,0.45454545454545453,0.52,1.020519733428955
"1,0,1,0,1,0,0,1,1,1,1,0,1,1,0,0,0,1,0,0,0",0.54,0.755,0.59375,0.5465116279069767,0.47,0.5053763440860215,0.54,0.9816040992736816
"0,0,1,1,0,0,1,0,1,0,1,1,0,1,1,0,1,1,0,1,1",0.555,0.71,0.59375,0.5774647887323944,0.41,0.47953216374269003,0.5549999999999999,1.0199470520019531
"1,0,0,1,0,1,0,0,1,0,0,0,1,0,1,1,1,1,0,1,1",0.525,0.8,0.59375,0.5257731958762887,0.51,0.5177664974619289,0.525,1.0554206371307373
"1,1,0,0,0,0,0,0,1,1,1,0,1,1,1,1,1,0,0,1,1",0.535,0.77,0.59375,0.5376344086021505,0.5,0.5181347150259067,0.5349999999999999,1.0298316478729248
"0,1,0,1,0,1,0,0,1,0,0,0,1,1,1,0,0,0,1,0,1",0.535,0.77,0.59375,0.5339805825242718,0.55,0.541871921182266,0.535,1.0373599529266357
"1,1,1,1,0,0,0,1,1,0,1,1,1,1,0,0,1,1,1,1,1",0.54,0.755,0.59375,0.5487804878048781,0.45,0.4945054945054945,0.54,1.0477149486541748
"0,0,0,0,1,1,0,1,0,1,0,0,0,0,1,0,1,1,0,1,0",0.525,0.8,0.59375,0.5324675324675324,0.41,0.4632768361581921,0.525,1.0653419494628906
"0,0,1,1,0,1,0,1,1,0,0,1,1,1,1,0,1,0,1,0,0",0.54,0.755,0.59375,0.5434782608695652,0.5,0.5208333333333334,0.54,0.9430379867553711
"0,1,0,1,1,0,1,0,0,0,0,0,1,0,0,0,1,1,0,0,0",0.58,0.635,0.59375,0.5784313725490197,0.59,0.5841584158415841,0.58,0.907991886138916
"1,1,0,0,1,0,0,0,0,1,0,1,0,0,0,0,0,0,0,1,0",0.58,0.635,0.59375,0.5784313725490197,0.59,0.5841584158415841,0.58,0.9682881832122803
"1,1,1,1,1,1,1,1,0,0,1,0,1,1,1,1,0,1,1,0,0",0.54,0.755,0.59375,0.5444444444444444,0.49,0.5157894736842106,0.54,0.9976301193237305
"0,0,1,1,1,0,1,0,1,0,1,1,0,1,1,0,1,0,0,0,1",0.53,0.78,0.5925,0.5357142857142857,0.45,0.4891304347826087,0.53,0.973264217376709
"1,1,0,0,0,0,1,1,0,1,0,0,0,1,1,1,1,0,0,1,0",0.54,0.75,0.5925,0.5555555555555556,0.4,0.46511627906976744,0.54,1.0107195377349854
"0,1,1,1,0,0,1,1,1,0,0,1,0,0,0,0,0,0,1,0,1",0.545,0.735,0.5925,0.5555555555555556,0.45,0.4972375690607735,0.545,0.9847903251647949
"0,1,0,1,0,0,0,0,0,1,1,0,1,1,1,0,0,1,1,0,1",0.53,0.78,0.5925,0.532608695652174,0.49,0.5104166666666666,0.53,1.018233299255371
"1,0,1,0,1,0,0,1,0,1,0,1,1,1,0,1,0,1,0,0,0",0.54,0.75,0.5925,0.5526315789473685,0.42,0.4772727272727273,0.54,0.9660623073577881
"0,0,0,1,0,1,1,1,1,1,0,1,1,0,1,1,0,0,0,0,0",0.55,0.72,0.5925,0.55,0.55,0.55,0.55,0.9091706275939941
"0,1,1,1,0,1,0,1,0,1,0,1,1,1,0,0,0,0,1,0,1",0.54,0.75,0.5925,0.5555555555555556,0.4,0.46511627906976744,0.54,1.0429930686950684
"1,1,1,1,0,1,0,0,1,0,0,0,0,0,1,0,0,1,1,1,1",0.535,0.765,0.5925,0.5333333333333333,0.56,0.5463414634146342,0.535,1.0657997131347656
"1,1,0,0,1,0,1,0,1,0,1,1,0,0,0,1,0,1,1,0,1",0.535,0.765,0.5925,0.5432098765432098,0.44,0.4861878453038674,0.535,1.0092992782592773
"1,1,1,0,1,1,0,0,0,0,1,0,1,0,1,1,1,0,1,1,1",0.54,0.75,0.5925,0.5465116279069767,0.47,0.5053763440860215,0.54,1.0274899005889893
"1,1,0,0,1,0,1,1,1,1,0,0,1,1,0,0,1,0,0,1,0",0.54,0.75,0.5925,0.5476190476190477,0.46,0.5,0.54,0.9697146415710449
"1,0,1,0,0,0,0,1,0,0,1,0,0,1,0,1,0,1,1,0,0",0.535,0.765,0.5925,0.5454545454545454,0.42,0.4745762711864407,0.535,0.9836187362670898
"0,0,1,1,0,0,1,1,0,1,1,0,1,1,0,1,0,1,0,1,1",0.535,0.765,0.5924999999999999,0.5327102803738317,0.57,0.5507246376811594,0.5349999999999999,0.9969005584716797
"1,0,1,0,1,0,0,0,0,1,0,1,1,0,1,0,1,0,0,0,1",0.535,0.765,0.5924999999999999,0.5507246376811594,0.38,0.44970414201183434,0.5349999999999999,1.01713228225708
"1,1,1,1,1,1,0,0,0,0,1,0,1,0,1,0,0,1,1,1,1",0.525,0.795,0.5924999999999999,0.5225225225225225,0.58,0.5497630331753555,0.5249999999999999,0.9837079048156738
"1,0,1,0,1,0,0,1,0,1,0,1,1,0,1,1,0,1,0,0,0",0.535,0.76,0.59125,0.5454545454545454,0.42,0.4745762711864407,0.535,1.0001139640808105
"1,1,1,0,0,1,0,0,0,0,0,0,1,0,1,1,0,1,0,0,1",0.525,0.79,0.59125,0.5342465753424658,0.39,0.4508670520231214,0.525,0.9932010173797607
"0,1,0,0,0,0,1,1,1,1,0,0,1,1,1,1,1,1,0,0,0",0.535,0.76,0.59125,0.5421686746987951,0.45,0.4918032786885246,0.535,1.0044214725494385
"1,0,1,1,1,1,1,0,0,0,0,0,1,1,1,0,0,1,1,0,0",0.54,0.745,0.59125,0.5454545454545454,0.48,0.5106382978723404,0.54,1.0202553272247314
"0,0,1,0,1,1,0,0,0,1,0,0,0,0,1,1,0,1,0,1,0",0.54,0.745,0.59125,0.5392156862745098,0.55,0.5445544554455446,0.54,0.9630517959594727
"1,0,1,1,0,1,1,0,1,1,0,1,0,0,0,1,0,0,0,0,1",0.555,0.7,0.59125,0.5544554455445545,0.56,0.5572139303482587,0.555,0.940929651260376
"1,1,0,1,1,0,1,1,0,0,0,0,0,0,1,0,1,1,0,0,0",0.54,0.745,0.59125,0.5487804878048781,0.45,0.4945054945054945,0.54,1.0078320503234863
"1,0,1,0,0,1,0,0,0,0,0,1,0,0,1,1,1,1,1,1,1",0.525,0.79,0.59125,0.5247524752475248,0.53,0.527363184079602,0.525,0.9870872497558594
"0,1,0,0,1,0,0,1,1,1,0,1,1,1,1,1,0,1,1,0,0",0.53,0.775,0.59125,0.5340909090909091,0.47,0.5,0.53,0.9999074935913086
"0,1,1,1,1,1,0,0,0,1,0,0,0,0,1,1,0,0,1,0,1",0.53,0.775,0.59125,0.5288461538461539,0.55,0.5392156862745098,0.53,0.9788610935211182
"0,0,1,1,1,0,1,1,0,0,0,1,0,0,1,0,0,0,1,0,1",0.535,0.76,0.59125,0.5432098765432098,0.44,0.4861878453038674,0.535,0.9710886478424072
"0,0,0,1,1,1,0,1,1,1,1,0,1,1,1,1,1,0,0,1,0",0.52,0.8,0.5900000000000001,0.5238095238095238,0.44,0.4782608695652174,0.52,0.9795382022857666
"0,0,1,0,1,0,0,1,0,1,1,1,0,0,0,1,0,0,1,1,0",0.53,0.77,0.5900000000000001,0.5283018867924528,0.56,0.5436893203883495,0.53,1.09869384765625
"0,0,0,1,1,0,1,0,0,1,1,0,0,1,0,0,1,1,0,0,1",0.53,0.77,0.5900000000000001,0.5394736842105263,0.41,0.4659090909090909,0.53,1.0204229354858398
"1,1,0,0,1,1,0,1,0,1,1,1,0,0,1,0,1,1,1,0,1",0.53,0.77,0.5900000000000001,0.5294117647058824,0.54,0.5346534653465347,0.53,1.01462721824646
"0,0,1,1,0,1,0,1,1,1,0,0,1,1,1,0,0,1,0,0,0",0.52,0.8,0.5900000000000001,0.5192307692307693,0.54,0.5294117647058824,0.52,1.0807831287384033
"0,0,1,0,1,1,1,1,0,0,0,1,0,1,0,1,1,0,1,0,1",0.52,0.8,0.5900000000000001,0.5222222222222223,0.47,0.49473684210526314,0.52,1.1015636920928955
"0,0,1,1,0,1,0,0,1,1,1,0,0,0,1,1,1,1,1,1,0",0.51,0.83,0.5900000000000001,0.5121951219512195,0.42,0.46153846153846156,0.51,1.060734748840332
"0,0,1,0,1,0,1,0,0,0,1,0,0,0,0,0,0,1,0,1,1",0.53,0.77,0.5900000000000001,0.532608695652174,0.49,0.5104166666666666,0.53,1.0619597434997559
"0,0,0,0,1,0,1,0,0,0,0,0,0,0,1,0,0,0,1,0,1",0.525,0.785,0.5900000000000001,0.5238095238095238,0.55,0.5365853658536586,0.525,0.9690499305725098
"0,1,1,0,0,1,0,0,0,0,1,0,1,1,1,0,1,0,0,1,1",0.53,0.77,0.5900000000000001,0.5319148936170213,0.5,0.5154639175257731,0.53,1.1188125610351562
"1,1,1,0,0,1,1,1,0,1,0,1,0,1,1,0,1,1,0,1,0",0.525,0.785,0.5900000000000001,0.5471698113207547,0.29,0.3790849673202614,0.525,1.0025713443756104
"1,1,0,1,1,1,0,1,1,1,1,0,1,0,0,1,0,1,0,0,0",0.55,0.71,0.5900000000000001,0.5581395348837209,0.48,0.5161290322580645,0.55,0.9412610530853271
"1,1,1,1,1,0,1,1,1,0,1,1,1,0,0,1,1,1,1,0,1",0.52,0.8,0.5900000000000001,0.53125,0.34,0.4146341463414634,0.52,1.0247700214385986
"0,1,0,0,1,0,0,0,1,0,1,1,1,1,0,1,1,1,1,1,0",0.525,0.785,0.5900000000000001,0.5287356321839081,0.46,0.4919786096256685,0.525,0.9965691566467285
"1,0,0,0,1,1,1,0,0,0,1,0,0,1,0,0,0,1,0,0,1",0.535,0.755,0.59,0.5402298850574713,0.47,0.5026737967914439,0.5349999999999999,1.0044875144958496
"0,0,0,0,1,1,0,1,1,0,0,0,1,0,0,1,1,0,1,1,1",0.515,0.815,0.59,0.5172413793103449,0.45,0.48128342245989303,0.515,1.0243563652038574
"0,1,0,0,0,0,1,1,0,0,0,1,1,1,0,1,1,1,0,0,0",0.535,0.755,0.59,0.5421686746987951,0.45,0.4918032786885246,0.535,0.9686317443847656
"1,0,0,1,0,1,0,0,0,1,1,0,1,0,1,1,1,0,0,1,1",0.515,0.815,0.59,0.5189873417721519,0.41,0.4581005586592179,0.515,0.9939780235290527
"1,0,0,1,0,1,1,1,1,1,0,0,0,0,0,1,1,1,0,0,1",0.545,0.72,0.5887500000000001,0.5463917525773195,0.53,0.5380710659898477,0.545,0.9774069786071777
"0,0,0,0,1,1,0,1,0,1,0,1,1,1,1,0,0,1,0,0,0",0.525,0.78,0.5887500000000001,0.5342465753424658,0.39,0.4508670520231214,0.525,1.0906851291656494
"1,1,0,0,0,0,0,0,1,0,0,0,1,1,1,1,0,0,1,0,0",0.545,0.72,0.5887500000000001,0.5555555555555556,0.45,0.4972375690607735,0.545,0.9605083465576172
"1,1,1,0,0,0,0,0,0,1,0,1,0,0,1,1,1,0,1,0,0",0.545,0.72,0.5887500000000001,0.5555555555555556,0.45,0.4972375690607735,0.545,0.9767134189605713
"1,0,1,1,0,1,1,0,1,1,1,1,0,1,0,0,0,1,1,1,0",0.54,0.735,0.58875,0.5476190476190477,0.46,0.5,0.54,0.98514723777771
"1,1,0,1,1,0,1,0,0,0,1,1,1,1,1,0,0,0,1,0,1",0.53,0.765,0.58875,0.5333333333333333,0.48,0.5052631578947369,0.53,1.0238924026489258
"0,0,0,1,1,0,1,0,0,0,1,0,1,0,1,1,0,1,1,0,1",0.52,0.795,0.58875,0.5227272727272727,0.46,0.48936170212765956,0.52,0.9888095855712891
"0,0,1,0,1,1,0,0,1,1,1,0,0,1,0,0,0,1,1,1,1",0.51,0.825,0.58875,0.5098039215686274,0.52,0.5148514851485149,0.51,1.0567376613616943
"1,1,0,1,0,1,0,1,1,1,1,1,1,1,1,1,1,0,0,1,0",0.535,0.75,0.58875,0.5443037974683544,0.43,0.48044692737430167,0.535,0.9481618404388428
"0,1,0,0,1,0,0,1,1,0,0,0,0,0,1,1,1,1,1,0,1",0.53,0.765,0.58875,0.5348837209302325,0.46,0.4946236559139785,0.53,0.9674103260040283
"0,0,1,1,1,1,1,1,1,0,0,0,1,1,0,1,1,1,0,1,1",0.51,0.825,0.58875,0.5135135135135135,0.38,0.4367816091954023,0.51,1.0357134342193604
"1,1,1,1,1,1,1,0,0,0,0,1,1,0,1,0,0,0,1,1,1",0.54,0.735,0.58875,0.5416666666666666,0.52,0.5306122448979592,0.54,1.0125772953033447
"1,1,0,0,1,1,0,1,1,1,1,0,0,1,0,1,0,1,1,1,0",0.535,0.75,0.5887499999999999,0.5384615384615384,0.49,0.5130890052356021,0.5349999999999999,1.0536680221557617
"0,1,1,1,1,0,0,1,0,0,0,0,1,1,0,0,0,1,1,1,0",0.525,0.78,0.5887499999999999,0.5373134328358209,0.36,0.4311377245508982,0.5249999999999999,1.0214447975158691
"1,1,1,1,1,0,0,1,1,0,0,0,0,1,1,1,1,0,1,1,0",0.525,0.775,0.5875,0.5247524752475248,0.53,0.527363184079602,0.525,1.0570027828216553
"1,1,1,1,0,0,1,1,0,1,1,0,0,0,1,0,1,1,1,1,1",0.52,0.79,0.5875,0.5238095238095238,0.44,0.4782608695652174,0.52,0.9870631694793701
"1,1,0,0,1,0,1,1,0,1,0,0,0,0,0,1,0,0,0,1,1",0.53,0.76,0.5875,0.5441176470588235,0.37,0.44047619047619047,0.53,1.0580041408538818
"1,0,0,1,0,0,1,1,0,1,0,0,0,0,0,0,0,0,1,1,1",0.52,0.79,0.5875,0.5263157894736842,0.4,0.45454545454545453,0.52,1.0196301937103271
"1,1,1,1,0,0,0,0,0,0,0,0,0,0,1,1,1,0,0,1,0",0.53,0.76,0.5875,0.5394736842105263,0.41,0.4659090909090909,0.53,1.0225627422332764
"1,1,0,1,1,0,0,0,1,1,0,1,0,0,1,0,0,1,0,0,1",0.535,0.745,0.5875,0.5368421052631579,0.51,0.5230769230769231,0.535,1.0152924060821533
"1,1,0,0,1,1,0,1,1,0,0,0,1,0,1,1,1,1,1,1,1",0.525,0.775,0.5875,0.5294117647058824,0.45,0.4864864864864865,0.525,1.0207340717315674
"1,1,0,0,1,0,0,1,1,0,1,0,0,0,0,0,0,0,0,1,1",0.525,0.775,0.5875,0.5316455696202531,0.42,0.4692737430167598,0.525,0.9808292388916016
"0,1,1,1,1,0,0,1,0,0,1,1,1,0,1,0,1,1,0,0,0",0.545,0.715,0.5874999999999999,0.5391304347826087,0.62,0.5767441860465117,0.5449999999999999,0.9779620170593262
"1,1,1,1,1,0,0,1,1,0,1,0,0,0,1,1,1,0,1,1,0",0.525,0.775,0.5874999999999999,0.5373134328358209,0.36,0.4311377245508982,0.5249999999999999,1.0153698921203613
"0,1,0,0,1,0,1,1,0,0,1,0,1,1,0,1,0,0,0,0,0",0.575,0.625,0.5874999999999999,0.5757575757575758,0.57,0.5728643216080402,0.575,0.9333934783935547
"1,1,1,0,0,1,0,0,0,1,0,1,1,0,1,0,0,1,1,0,1",0.53,0.755,0.58625,0.5319148936170213,0.5,0.5154639175257731,0.53,1.0250370502471924
"0,0,1,1,0,0,1,0,1,0,0,1,0,1,1,0,1,0,0,1,0",0.53,0.755,0.58625,0.53,0.53,0.53,0.53,0.9801778793334961
"0,1,0,0,1,1,1,1,0,1,1,0,0,0,1,0,0,0,0,0,0",0.53,0.755,0.58625,0.5283018867924528,0.56,0.5436893203883495,0.53,0.9224321842193604
"1,0,0,1,1,1,0,1,0,1,0,1,0,1,0,0,1,1,0,1,0",0.53,0.755,0.58625,0.5405405405405406,0.4,0.45977011494252873,0.53,1.0280711650848389
"0,0,0,1,1,1,0,1,1,1,1,1,0,0,1,0,1,1,1,1,0",0.505,0.83,0.58625,0.5063291139240507,0.4,0.44692737430167595,0.505,0.9587905406951904
"0,0,1,0,1,1,0,1,0,0,1,0,1,1,0,0,1,1,1,0,0",0.53,0.755,0.58625,0.5283018867924528,0.56,0.5436893203883495,0.53,0.9684832096099854
"1,1,0,0,0,1,0,0,1,0,0,0,1,0,1,1,0,1,1,1,1",0.515,0.8,0.5862499999999999,0.5176470588235295,0.44,0.4756756756756757,0.515,1.0121009349822998
"1,1,1,0,0,1,0,1,1,1,0,1,0,1,0,0,1,1,1,1,0",0.515,0.8,0.5862499999999999,0.5161290322580645,0.48,0.49740932642487046,0.515,1.0221035480499268
"1,0,0,1,1,1,1,1,1,0,0,1,1,0,0,1,1,1,0,1,0",0.515,0.8,0.5862499999999999,0.5211267605633803,0.37,0.4327485380116959,0.515,0.9746255874633789
"1,1,1,0,1,0,0,1,0,0,0,0,0,1,0,0,1,1,1,1,1",0.535,0.74,0.5862499999999999,0.5454545454545454,0.42,0.4745762711864407,0.535,1.0211055278778076
"1,0,0,1,1,1,1,1,1,1,0,1,1,1,0,0,1,0,0,0,1",0.535,0.74,0.5862499999999999,0.5411764705882353,0.46,0.4972972972972973,0.535,1.0311853885650635
"1,1,1,1,0,1,1,1,1,0,1,1,1,0,1,0,1,1,1,1,1",0.51,0.815,0.5862499999999999,0.5111111111111111,0.46,0.4842105263157895,0.51,1.0450868606567383
"0,0,0,1,0,0,1,0,0,0,0,0,1,1,1,0,1,0,1,1,0",0.535,0.74,0.5862499999999999,0.5368421052631579,0.51,0.5230769230769231,0.535,1.0179438591003418
"0,0,1,1,0,1,1,1,1,0,0,1,0,1,0,1,1,1,0,1,0",0.52,0.78,0.585,0.52,0.52,0.52,0.52,1.0032200813293457
"1,0,1,1,1,0,0,0,1,1,1,0,0,0,0,0,0,1,1,0,1",0.53,0.75,0.585,0.5288461538461539,0.55,0.5392156862745098,0.53,0.9475350379943848
"1,1,0,1,1,1,0,0,0,0,1,0,1,0,1,1,1,0,1,1,0",0.52,0.78,0.585,0.5227272727272727,0.46,0.48936170212765956,0.52,1.0147762298583984
"1,1,0,0,1,1,0,0,0,0,0,1,1,1,0,0,1,1,1,1,0",0.53,0.75,0.585,0.5294117647058824,0.54,0.5346534653465347,0.53,0.9975275993347168
"1,1,0,1,1,0,1,1,0,1,0,1,0,1,1,1,1,1,1,1,1",0.535,0.735,0.585,0.5411764705882353,0.46,0.4972972972972973,0.535,1.0033645629882812
"1,0,0,0,1,0,0,1,1,0,0,0,1,0,0,1,0,1,0,1,0",0.535,0.735,0.585,0.5384615384615384,0.49,0.5130890052356021,0.5349999999999999,1.057079792022705
"0,1,1,0,0,0,0,0,1,0,1,1,1,0,0,1,0,1,0,0,0",0.515,0.795,0.585,0.5168539325842697,0.46,0.48677248677248675,0.515,0.9367766380310059
"0,1,1,1,1,1,0,0,0,0,0,1,1,1,0,0,1,1,0,0,1",0.52,0.78,0.585,0.52,0.52,0.52,0.52,0.9984405040740967
"1,1,1,0,1,0,0,0,0,1,1,1,1,0,1,1,1,1,1,0,0",0.535,0.73,0.58375,0.5315315315315315,0.59,0.5592417061611374,0.5349999999999999,0.9852070808410645
"1,1,1,0,0,1,1,1,0,1,0,0,1,0,0,1,1,1,0,0,1",0.525,0.76,0.58375,0.5342465753424658,0.39,0.4508670520231214,0.525,1.0323500633239746
"1,1,0,1,1,1,0,1,0,1,1,1,1,1,1,1,0,1,1,1,0",0.52,0.775,0.58375,0.5256410256410257,0.41,0.4606741573033708,0.52,1.0018041133880615
"0,1,1,0,0,0,0,1,1,1,1,0,0,1,0,0,0,1,0,1,0",0.53,0.745,0.58375,0.5357142857142857,0.45,0.4891304347826087,0.53,0.963925838470459
"1,1,1,0,1,0,0,0,1,1,1,0,0,1,1,1,0,1,0,0,1",0.515,0.79,0.58375,0.52,0.39,0.44571428571428573,0.515,0.9768340587615967
"0,1,0,0,0,1,0,0,0,0,0,1,1,0,0,1,1,0,1,1,0",0.55,0.685,0.58375,0.5471698113207547,0.58,0.5631067961165048,0.55,0.9554789066314697
"1,1,0,0,0,0,0,0,0,1,0,1,1,0,0,0,1,1,0,0,1",0.54,0.715,0.58375,0.5487804878048781,0.45,0.4945054945054945,0.54,1.0487263202667236
"1,1,1,1,1,0,0,0,0,0,1,0,0,1,1,1,1,1,0,1,1",0.525,0.76,0.58375,0.5396825396825397,0.34,0.4171779141104294,0.525,0.9939620494842529
"1,0,1,0,1,0,1,1,1,1,1,1,1,1,1,1,0,0,1,0,1",0.52,0.775,0.58375,0.5256410256410257,0.41,0.4606741573033708,0.52,1.035240650177002
"1,0,0,0,1,0,0,0,0,1,1,0,1,0,1,0,1,1,1,1,0",0.51,0.805,0.58375,0.5121951219512195,0.42,0.46153846153846156,0.51,1.0636377334594727
"1,1,1,0,0,1,1,1,1,1,0,0,0,1,0,1,1,1,0,1,0",0.525,0.76,0.58375,0.5342465753424658,0.39,0.4508670520231214,0.525,0.9867763519287109
"1,0,0,1,1,1,1,1,0,0,0,1,0,1,1,1,0,1,0,0,1",0.525,0.76,0.58375,0.5280898876404494,0.47,0.4973544973544973,0.5249999999999999,1.0270347595214844
"1,0,1,1,0,1,1,0,1,1,0,0,1,0,0,1,1,0,1,1,0",0.535,0.725,0.5825,0.5393258426966292,0.48,0.5079365079365079,0.5349999999999999,1.0188543796539309
"0,1,0,0,0,0,0,1,0,0,1,1,1,1,1,1,1,1,0,0,0",0.52,0.77,0.5825,0.5192307692307693,0.54,0.5294117647058824,0.52,1.0341894626617432
"0,1,0,0,0,1,1,0,0,1,0,1,0,0,0,0,0,0,1,1,0",0.535,0.725,0.5825,0.528,0.66,0.5866666666666667,0.535,0.9437441825866699
"0,1,1,1,0,1,1,0,0,1,0,0,1,0,1,1,0,0,1,0,1",0.51,0.8,0.5825,0.5113636363636364,0.45,0.4787234042553192,0.51,1.0384995937347412
"1,0,0,0,1,0,1,1,1,1,1,1,1,1,1,0,0,0,0,1,0",0.52,0.77,0.5825,0.5217391304347826,0.48,0.5,0.52,0.9905421733856201
"0,0,0,1,1,0,1,0,0,0,1,1,1,1,0,0,1,0,0,1,1",0.535,0.725,0.5825,0.5402298850574713,0.47,0.5026737967914439,0.5349999999999999,1.0213799476623535
"1,1,1,0,1,0,1,0,1,0,1,0,0,1,1,0,1,0,0,0,0",0.515,0.785,0.5825,0.5185185185185185,0.42,0.46408839779005523,0.515,0.9696688652038574
"1,0,0,1,0,0,0,1,0,0,1,0,0,0,0,0,1,1,1,0,1",0.535,0.725,0.5825,0.5339805825242718,0.55,0.541871921182266,0.535,1.001267910003662
"0,0,0,1,0,0,1,1,1,1,1,1,1,1,0,0,0,0,1,1,0",0.53,0.74,0.5825,0.532608695652174,0.49,0.5104166666666666,0.53,1.0265960693359375
"1,1,0,0,1,1,1,0,1,1,0,0,0,0,0,0,1,1,1,0,0",0.54,0.71,0.5825,0.5408163265306123,0.53,0.5353535353535354,0.54,0.9356515407562256
"0,0,1,0,0,0,1,0,1,1,0,1,1,1,1,0,1,1,1,1,1",0.52,0.77,0.5825,0.5263157894736842,0.4,0.45454545454545453,0.52,1.002593994140625
"0,0,1,0,0,0,1,0,1,1,1,1,0,1,1,1,1,1,0,0,0",0.52,0.77,0.5825,0.524390243902439,0.43,0.4725274725274725,0.52,0.9923660755157471
"1,1,0,0,1,1,1,1,0,1,0,1,0,0,0,0,1,0,1,1,0",0.54,0.71,0.5825,0.5408163265306123,0.53,0.5353535353535354,0.54,0.9321603775024414
"0,1,0,1,1,1,1,1,0,1,0,0,0,1,1,0,0,0,0,1,0",0.525,0.755,0.5824999999999999,0.5274725274725275,0.48,0.5026178010471204,0.5249999999999999,1.0628900527954102
"1,0,0,1,0,0,1,1,0,1,1,0,1,1,0,1,0,0,0,1,1",0.515,0.78,0.58125,0.52,0.39,0.44571428571428573,0.515,1.0167512893676758
"0,0,1,0,0,0,1,0,0,0,1,0,1,0,1,1,1,0,1,1,1",0.515,0.78,0.58125,0.5142857142857142,0.54,0.526829268292683,0.515,1.0403249263763428
"0,1,1,0,0,1,0,1,0,0,1,0,0,1,0,0,0,0,1,0,0",0.53,0.735,0.58125,0.5288461538461539,0.55,0.5392156862745098,0.53,0.95926833152771
"0,0,0,1,1,1,0,0,0,1,1,0,0,1,0,1,0,0,1,0,0",0.53,0.735,0.58125,0.5288461538461539,0.55,0.5392156862745098,0.53,0.9501101970672607
"1,0,0,1,0,0,0,0,1,1,0,1,0,0,1,0,0,0,0,0,1",0.525,0.75,0.58125,0.5324675324675324,0.41,0.4632768361581921,0.525,1.0941486358642578
"0,1,1,0,0,1,0,1,1,1,1,1,0,0,0,0,0,1,1,1,0",0.515,0.78,0.58125,0.5154639175257731,0.5,0.5076142131979695,0.515,1.098855972290039
"1,0,1,1,0,0,0,1,1,0,1,0,0,1,0,0,1,0,0,1,1",0.515,0.78,0.58125,0.5172413793103449,0.45,0.48128342245989303,0.515,1.0774505138397217
"1,1,0,0,0,0,1,1,0,1,1,1,0,0,1,0,0,1,0,0,0",0.52,0.765,0.58125,0.5208333333333334,0.5,0.5102040816326531,0.52,0.9620645046234131
"1,0,1,1,0,1,1,0,1,0,0,0,1,0,0,1,1,1,0,0,1",0.53,0.735,0.58125,0.53,0.53,0.53,0.53,0.984809398651123
"0,0,0,0,1,1,1,1,0,1,0,0,1,0,0,0,0,0,1,0,0",0.555,0.66,0.58125,0.5447154471544715,0.67,0.600896860986547,0.555,0.9431893825531006
"1,0,0,1,0,0,1,0,0,1,0,1,0,1,0,1,1,1,1,0,0",0.525,0.75,0.58125,0.5308641975308642,0.43,0.47513812154696133,0.525,1.0272419452667236
"1,1,0,0,1,1,0,1,0,0,0,1,1,0,0,1,0,1,0,0,0",0.525,0.75,0.5812499999999999,0.5373134328358209,0.36,0.4311377245508982,0.5249999999999999,1.0291757583618164
"0,0,0,0,0,0,1,0,1,1,1,0,0,0,0,0,1,0,0,1,0",0.54,0.7,0.5800000000000001,0.5408163265306123,0.53,0.5353535353535354,0.54,0.9502053260803223
"0,0,1,1,1,0,0,1,0,1,1,0,1,0,0,0,1,1,1,1,0",0.51,0.79,0.5800000000000001,0.5092592592592593,0.55,0.5288461538461539,0.51,1.0194082260131836
"1,1,0,0,1,1,1,0,1,0,0,1,0,0,1,1,1,0,0,1,1",0.525,0.745,0.5800000000000001,0.5333333333333333,0.4,0.45714285714285713,0.525,1.02406907081604
"0,0,0,1,1,0,1,0,0,0,0,0,1,1,1,0,1,0,1,0,0",0.54,0.7,0.5800000000000001,0.5540540540540541,0.41,0.47126436781609193,0.54,0.9797332286834717
"1,1,1,0,0,0,1,0,1,0,1,0,0,0,0,0,0,1,0,1,0",0.52,0.76,0.5800000000000001,0.5208333333333334,0.5,0.5102040816326531,0.52,1.0494625568389893
"1,1,0,1,0,0,0,1,1,1,1,0,0,0,1,0,0,1,1,0,1",0.52,0.76,0.5800000000000001,0.5277777777777778,0.38,0.4418604651162791,0.52,1.1301896572113037
"1,1,1,0,0,0,0,1,0,0,0,1,1,0,1,1,0,1,0,1,0",0.505,0.805,0.5800000000000001,0.5057471264367817,0.44,0.47058823529411764,0.505,0.9811582565307617
"1,0,0,1,0,1,1,0,0,1,0,1,1,0,1,0,0,0,0,0,1",0.525,0.745,0.58,0.5274725274725275,0.48,0.5026178010471204,0.5249999999999999,1.0295865535736084
"0,1,1,0,0,0,1,1,1,0,1,1,1,0,0,0,1,0,1,1,0",0.54,0.695,0.5787500000000001,0.55,0.44,0.4888888888888889,0.54,0.953575849533081
"0,1,1,0,0,0,0,0,0,1,0,0,1,0,1,0,1,1,0,1,0",0.505,0.8,0.5787500000000001,0.5070422535211268,0.36,0.42105263157894735,0.505,0.9520552158355713
"0,1,0,0,0,0,0,0,0,0,1,0,0,0,0,0,1,0,1,1,1",0.525,0.74,0.5787500000000001,0.5238095238095238,0.55,0.5365853658536586,0.525,1.0596718788146973
"1,1,0,1,1,0,0,1,0,0,1,1,1,1,0,1,0,1,0,0,0",0.525,0.74,0.5787500000000001,0.5352112676056338,0.38,0.4444444444444444,0.525,0.9475760459899902
"0,0,1,1,0,1,1,0,1,1,0,1,0,0,0,1,1,1,1,1,0",0.52,0.755,0.57875,0.5188679245283019,0.55,0.5339805825242718,0.52,1.0218086242675781
"1,1,1,1,0,0,0,0,1,0,1,0,0,0,0,1,0,1,1,1,0",0.515,0.77,0.57875,0.5151515151515151,0.51,0.5125628140703518,0.515,1.0177888870239258
"0,1,1,1,1,1,0,0,0,1,0,0,0,0,1,0,1,1,0,1,0",0.515,0.77,0.57875,0.5161290322580645,0.48,0.49740932642487046,0.515,0.9921185970306396
"1,1,1,1,1,1,0,0,1,1,0,0,0,0,1,1,1,1,0,1,1",0.52,0.755,0.57875,0.5238095238095238,0.44,0.4782608695652174,0.52,1.0266869068145752
"0,0,0,1,1,1,1,1,1,1,1,1,1,1,1,1,0,0,0,0,1",0.52,0.755,0.57875,0.5238095238095238,0.44,0.4782608695652174,0.52,0.9800171852111816
"1,1,0,1,1,0,0,0,0,0,1,0,1,1,1,0,0,1,0,1,0",0.525,0.74,0.5787499999999999,0.5225225225225225,0.58,0.5497630331753555,0.5249999999999999,1.0334465503692627
"0,1,0,1,0,1,1,1,1,1,1,1,1,1,1,0,0,1,0,1,1",0.52,0.75,0.5775,0.5204081632653061,0.51,0.5151515151515151,0.52,1.063678503036499
"1,1,1,1,1,1,0,0,0,0,1,1,0,1,0,0,0,1,1,1,1",0.525,0.735,0.5775,0.5333333333333333,0.4,0.45714285714285713,0.525,1.1011762619018555
"0,1,0,1,0,1,0,1,1,1,0,1,0,1,0,0,1,0,1,0,1",0.51,0.78,0.5775,0.5113636363636364,0.45,0.4787234042553192,0.51,1.0284419059753418
"1,1,1,1,0,0,1,0,0,0,0,1,1,0,0,0,1,1,1,0,1",0.525,0.735,0.5775,0.5324675324675324,0.41,0.4632768361581921,0.525,1.002457618713379
"0,1,0,0,0,0,1,1,1,0,0,0,1,1,1,0,1,0,0,0,0",0.525,0.735,0.5775,0.5287356321839081,0.46,0.4919786096256685,0.525,0.949120283126831
"0,1,0,1,0,0,0,1,1,0,1,0,1,1,1,0,0,1,1,1,0",0.51,0.78,0.5775,0.5111111111111111,0.46,0.4842105263157895,0.51,1.0213477611541748
"1,1,1,1,0,0,1,0,1,0,1,1,1,0,1,0,0,1,0,0,0",0.52,0.75,0.5775,0.5232558139534884,0.45,0.4838709677419355,0.52,0.9895668029785156
"0,1,0,1,1,1,1,1,1,0,0,1,1,0,0,1,1,0,1,1,0",0.52,0.745,0.57625,0.5204081632653061,0.51,0.5151515151515151,0.52,1.010697841644287
"0,0,0,1,0,0,0,1,1,1,1,0,0,1,0,0,0,1,0,0,1",0.525,0.73,0.57625,0.5287356321839081,0.46,0.4919786096256685,0.525,0.9830260276794434
"1,0,1,1,1,1,1,1,1,0,1,1,0,0,1,1,0,0,1,0,1",0.525,0.73,0.57625,0.5268817204301075,0.49,0.5077720207253886,0.525,1.0374510288238525
"1,0,0,0,0,1,0,1,0,0,0,0,1,0,1,1,1,0,0,1,1",0.51,0.775,0.57625,0.5080645161290323,0.63,0.5625,0.51,1.0642790794372559
"0,1,0,0,0,0,0,0,0,0,0,1,1,0,0,1,1,0,1,1,0",0.53,0.715,0.57625,0.5294117647058824,0.54,0.5346534653465347,0.53,0.9951701164245605
"1,0,1,1,1,0,1,0,1,0,0,1,1,1,1,0,1,1,0,0,0",0.525,0.73,0.57625,0.5287356321839081,0.46,0.4919786096256685,0.525,1.0130279064178467
"1,1,0,1,1,1,0,0,1,1,1,1,0,1,1,1,1,0,0,1,1",0.51,0.775,0.5762499999999999,0.5108695652173914,0.47,0.4895833333333333,0.51,0.9830887317657471
"1,1,0,0,1,1,1,1,0,1,1,1,0,1,1,0,1,1,0,1,1",0.515,0.76,0.5762499999999999,0.5217391304347826,0.36,0.4260355029585799,0.515,1.0199158191680908
"1,1,1,1,1,1,1,0,0,0,0,1,0,1,0,0,0,0,1,0,1",0.515,0.76,0.5762499999999999,0.5148514851485149,0.52,0.5174129353233831,0.515,0.9939291477203369
"0,0,0,0,0,0,0,0,1,0,0,0,0,0,1,0,1,1,1,1,1",0.505,0.785,0.5750000000000001,0.5054945054945055,0.46,0.4816753926701571,0.505,1.0162255764007568
"0,1,0,1,0,1,1,1,0,0,1,0,1,1,0,0,0,0,0,1,1",0.525,0.725,0.5750000000000001,0.5257731958762887,0.51,0.5177664974619289,0.525,1.0290088653564453
"1,1,1,0,1,0,1,0,1,0,1,1,1,0,1,0,1,0,0,1,0",0.505,0.785,0.575,0.5060240963855421,0.42,0.45901639344262296,0.505,1.050788402557373
"1,1,0,1,0,0,1,1,0,1,0,0,0,0,1,1,0,1,0,1,1",0.52,0.74,0.575,0.5204081632653061,0.51,0.5151515151515151,0.52,1.0059399604797363
"0,0,0,0,1,1,0,1,1,1,0,0,1,0,0,1,0,0,0,1,0",0.515,0.755,0.575,0.5157894736842106,0.49,0.5025641025641026,0.515,1.0304288864135742
"1,0,1,1,0,0,1,0,1,1,1,1,1,0,0,0,0,0,1,1,1",0.515,0.755,0.575,0.5230769230769231,0.34,0.4121212121212121,0.515,0.9861044883728027
"1,0,0,1,1,1,1,1,1,0,0,0,1,0,0,0,0,1,1,1,0",0.535,0.695,0.575,0.5360824742268041,0.52,0.5279187817258884,0.535,0.9952328205108643
"0,0,0,0,0,0,0,1,0,1,1,0,0,0,1,1,0,0,1,1,0",0.51,0.77,0.575,0.5104166666666666,0.49,0.5,0.51,0.9832737445831299
"0,0,1,0,1,1,1,1,0,0,1,0,0,1,0,0,0,0,1,1,1",0.5,0.8,0.575,0.5,0.39,0.43820224719101125,0.5,1.0282320976257324
"1,1,1,0,1,1,1,0,1,1,1,0,0,1,1,1,1,0,1,1,0",0.515,0.755,0.575,0.5161290322580645,0.48,0.49740932642487046,0.515,0.9964709281921387
"1,0,0,1,0,0,1,1,1,0,1,0,1,1,0,0,0,0,0,1,1",0.51,0.77,0.575,0.5106382978723404,0.48,0.4948453608247423,0.51,1.058617115020752
"1,0,1,0,0,0,1,1,1,1,0,0,0,1,0,0,1,1,0,1,0",0.52,0.74,0.575,0.5232558139534884,0.45,0.4838709677419355,0.52,1.0083250999450684
"1,0,0,1,0,1,0,1,1,0,0,1,0,1,0,0,0,1,1,0,1",0.5,0.8,0.575,0.5,0.46,0.4791666666666667,0.5,1.0342628955841064
"0,1,0,1,0,1,0,1,0,0,1,1,0,1,0,0,0,0,0,1,1",0.515,0.755,0.575,0.5180722891566265,0.43,0.46994535519125685,0.515,1.0697171688079834
"0,0,0,1,1,1,0,1,0,1,1,0,1,1,1,1,1,1,1,0,0",0.5,0.795,0.57375,0.5,0.39,0.43820224719101125,0.5,1.038877248764038
"0,0,1,1,0,1,1,0,1,1,0,1,0,1,0,1,1,1,1,1,1",0.515,0.75,0.57375,0.5137614678899083,0.56,0.5358851674641149,0.515,1.120229959487915
"0,1,0,1,0,1,0,0,1,0,0,1,1,1,0,1,1,1,1,1,0",0.52,0.735,0.57375,0.52,0.52,0.52,0.52,1.08479642868042
"1,1,0,1,1,0,0,1,0,0,0,0,1,0,1,0,0,0,0,0,0",0.525,0.72,0.57375,0.5280898876404494,0.47,0.4973544973544973,0.5249999999999999,0.9947724342346191
"1,1,0,0,0,1,1,0,0,0,0,1,0,1,1,0,1,0,1,0,1",0.51,0.765,0.57375,0.5111111111111111,0.46,0.4842105263157895,0.51,1.012948989868164
"1,1,0,1,1,1,1,0,1,1,1,1,1,0,0,0,0,0,1,0,0",0.53,0.705,0.57375,0.5357142857142857,0.45,0.4891304347826087,0.53,0.9325933456420898
"1,0,0,1,1,0,1,1,0,1,1,0,1,0,0,0,1,1,1,1,1",0.515,0.75,0.57375,0.5194805194805194,0.4,0.4519774011299435,0.515,1.0224363803863525
"0,0,0,1,0,0,0,1,1,1,0,1,0,0,0,1,1,0,0,0,1",0.535,0.69,0.57375,0.5421686746987951,0.45,0.4918032786885246,0.535,0.989936351776123
"1,1,1,0,1,1,0,0,0,1,1,0,1,0,0,1,0,0,1,0,0",0.53,0.705,0.57375,0.5357142857142857,0.45,0.4891304347826087,0.53,0.9464387893676758
"1,1,1,0,1,1,0,0,0,1,1,1,1,0,0,0,1,0,0,0,0",0.53,0.705,0.57375,0.5357142857142857,0.45,0.4891304347826087,0.53,0.9992728233337402
"1,1,0,1,1,0,0,1,0,0,1,1,0,1,1,0,1,1,0,1,0",0.505,0.78,0.57375,0.5064935064935064,0.39,0.4406779661016949,0.505,1.0356404781341553
"1,1,1,0,1,1,1,0,0,0,1,0,1,1,0,1,0,0,1,0,0",0.53,0.705,0.57375,0.5357142857142857,0.45,0.4891304347826087,0.53,0.9410545825958252
"1,1,1,0,0,0,1,1,0,0,1,0,1,0,0,1,0,0,1,0,0",0.525,0.72,0.57375,0.5280898876404494,0.47,0.4973544973544973,0.5249999999999999,1.0017547607421875
"1,1,0,0,1,0,0,1,1,1,0,1,0,1,1,0,0,0,0,0,1",0.505,0.78,0.57375,0.5053763440860215,0.47,0.48704663212435234,0.505,0.9823238849639893
"1,0,0,0,1,1,1,0,1,1,1,0,0,0,1,0,1,1,0,1,0",0.515,0.75,0.57375,0.5154639175257731,0.5,0.5076142131979695,0.515,1.1248888969421387
"0,1,1,0,0,1,0,1,1,1,1,0,1,0,1,1,1,1,1,1,1",0.495,0.81,0.57375,0.4943820224719101,0.44,0.4656084656084656,0.495,1.1134953498840332
"1,1,1,1,0,1,1,0,1,1,1,0,0,0,0,0,0,0,0,0,0",0.53,0.705,0.57375,0.5357142857142857,0.45,0.4891304347826087,0.53,0.9749832153320312
"1,0,0,1,1,0,0,0,1,1,0,1,0,0,0,1,0,1,0,1,1",0.505,0.78,0.57375,0.5053763440860215,0.47,0.48704663212435234,0.505,1.0939719676971436
"0,1,1,1,0,0,1,0,0,1,0,0,0,1,0,1,1,1,1,0,0",0.525,0.72,0.57375,0.5280898876404494,0.47,0.4973544973544973,0.5249999999999999,1.0038602352142334
"1,1,1,1,0,1,1,1,1,1,1,1,1,0,0,0,1,0,1,1,0",0.52,0.73,0.5725,0.5192307692307693,0.54,0.5294117647058824,0.52,1.0214378833770752
"0,0,0,0,1,0,1,0,1,0,0,1,0,0,1,1,1,0,1,1,1",0.5,0.79,0.5725,0.5,0.38,0.4318181818181818,0.5,1.0849919319152832
"0,1,0,1,0,1,1,0,0,1,0,1,0,0,0,1,1,0,1,1,0",0.525,0.715,0.5725,0.5252525252525253,0.52,0.5226130653266332,0.525,1.0513393878936768
"0,1,1,0,1,0,0,0,1,1,1,1,0,0,1,0,0,1,1,0,1",0.51,0.76,0.5725,0.5128205128205128,0.4,0.449438202247191,0.51,1.054046392440796
"1,1,1,1,1,0,0,0,1,0,0,0,0,1,1,1,0,0,0,1,1",0.52,0.73,0.5725,0.5172413793103449,0.6,0.5555555555555556,0.52,1.0304429531097412
"1,0,0,1,0,1,0,1,1,1,0,1,0,0,1,0,0,0,1,1,1",0.495,0.805,0.5725,0.4954954954954955,0.55,0.5213270142180095,0.495,0.9761500358581543
"0,1,0,0,0,1,1,0,1,1,0,0,1,0,1,1,1,0,0,1,0",0.5,0.79,0.5725,0.5,0.54,0.5192307692307693,0.5,1.027994155883789
"0,1,0,0,1,0,0,0,0,1,1,1,1,0,0,1,1,1,1,1,1",0.51,0.76,0.5725,0.5096153846153846,0.53,0.5196078431372549,0.51,0.961113452911377
"0,1,1,0,0,1,1,1,0,0,0,0,0,0,1,0,0,0,1,1,1",0.5,0.79,0.5725,0.5,0.42,0.45652173913043476,0.5,1.042377233505249
"1,1,1,0,0,0,0,0,0,0,1,0,1,1,0,0,0,1,1,0,0",0.525,0.715,0.5724999999999999,0.5274725274725275,0.48,0.5026178010471204,0.5249999999999999,0.9806663990020752
"1,0,0,1,0,1,1,1,1,0,0,1,1,0,0,1,0,0,1,0,1",0.525,0.71,0.57125,0.5287356321839081,0.46,0.4919786096256685,0.525,1.0502662658691406
"1,0,1,0,0,1,1,1,0,0,0,1,1,1,1,1,1,0,1,0,0",0.535,0.68,0.57125,0.5360824742268041,0.52,0.5279187817258884,0.535,1.015460729598999
"1,0,1,1,0,0,1,0,0,1,0,1,1,0,0,1,0,1,1,0,1",0.51,0.755,0.57125,0.5138888888888888,0.37,0.43023255813953487,0.51,1.0834240913391113
"1,0,1,1,0,0,1,1,1,1,1,1,1,0,1,1,1,0,0,1,0",0.51,0.755,0.57125,0.5125,0.41,0.45555555555555555,0.51,1.0371222496032715
"0,1,0,1,0,1,1,1,1,0,0,1,0,0,0,0,1,1,0,0,0",0.515,0.74,0.57125,0.5164835164835165,0.47,0.49214659685863876,0.515,1.017512321472168
"1,0,1,0,1,0,1,0,1,1,1,0,1,0,1,0,0,1,0,1,0",0.495,0.8,0.57125,0.49504950495049505,0.5,0.4975124378109453,0.495,1.0040414333343506
"0,0,0,0,1,0,1,1,1,1,1,0,1,0,1,0,1,1,1,0,0",0.525,0.71,0.57125,0.5301204819277109,0.44,0.4808743169398907,0.525,0.9726841449737549
"1,1,0,0,0,0,0,0,0,0,1,0,1,0,1,0,1,0,1,1,0",0.505,0.77,0.57125,0.5050505050505051,0.5,0.5025125628140703,0.505,1.0016796588897705
"0,0,0,0,1,0,1,1,1,0,1,1,0,0,0,1,1,0,1,0,0",0.54,0.66,0.5700000000000001,0.5425531914893617,0.51,0.5257731958762887,0.54,0.9467847347259521
"0,1,1,0,0,0,0,0,0,1,0,0,0,1,0,1,1,1,1,1,0",0.53,0.69,0.5700000000000001,0.5283018867924528,0.56,0.5436893203883495,0.53,0.976809024810791
"0,0,1,1,0,0,0,1,0,0,1,0,0,0,0,0,1,0,1,1,1",0.505,0.765,0.5700000000000001,0.5046728971962616,0.54,0.5217391304347826,0.505,1.0042028427124023
"1,0,1,1,0,0,1,1,1,1,0,1,0,1,0,0,0,0,1,0,1",0.5,0.78,0.5700000000000001,0.5,0.39,0.43820224719101125,0.5,1.0352723598480225
"1,1,0,0,1,0,0,0,0,0,0,1,1,1,1,0,1,0,0,1,0",0.53,0.69,0.5700000000000001,0.5283018867924528,0.56,0.5436893203883495,0.53,1.0449650287628174
"0,1,0,0,1,1,1,0,0,0,1,1,1,1,1,1,0,1,0,0,1",0.51,0.75,0.5700000000000001,0.5106382978723404,0.48,0.4948453608247423,0.51,0.9817454814910889
"0,1,1,0,0,1,0,1,1,0,1,0,0,0,0,0,1,0,0,0,1",0.515,0.735,0.57,0.5145631067961165,0.53,0.5221674876847291,0.515,0.956730842590332
"0,1,1,1,1,0,1,1,1,1,1,0,0,1,1,1,0,0,1,0,1",0.515,0.735,0.57,0.5148514851485149,0.52,0.5174129353233831,0.515,1.0820324420928955
"1,0,0,1,0,1,1,1,1,0,1,1,0,0,1,0,1,0,0,0,1",0.515,0.735,0.57,0.5148514851485149,0.52,0.5174129353233831,0.515,1.0591063499450684
"0,1,1,0,0,1,0,0,1,0,0,1,0,1,0,1,0,1,1,1,1",0.495,0.795,0.57,0.49382716049382713,0.4,0.4419889502762431,0.495,1.0385103225708008
"0,1,0,0,0,0,0,1,1,1,0,1,0,1,0,0,0,0,0,0,1",0.505,0.76,0.5687500000000001,0.5056179775280899,0.45,0.47619047619047616,0.505,1.0334734916687012
"1,0,0,0,1,0,0,0,0,0,0,1,0,1,1,1,0,1,1,0,0",0.54,0.655,0.5687500000000001,0.54,0.54,0.54,0.54,0.9474928379058838
"0,0,0,1,1,0,1,0,1,1,1,0,0,1,1,1,0,0,1,0,0",0.54,0.655,0.5687500000000001,0.54,0.54,0.54,0.54,0.9339525699615479
"0,0,1,1,1,0,0,0,0,0,0,1,0,0,0,1,1,1,1,0,0",0.51,0.745,0.56875,0.5092592592592593,0.55,0.5288461538461539,0.51,0.9939520359039307
"1,1,0,1,1,1,0,1,1,1,1,0,1,1,1,1,1,0,0,0,0",0.51,0.745,0.56875,0.5116279069767442,0.44,0.4731182795698925,0.51,1.0024852752685547
"1,1,0,1,0,0,0,0,0,1,0,0,0,1,1,0,0,0,1,0,1",0.51,0.745,0.56875,0.5131578947368421,0.39,0.4431818181818182,0.51,1.0365972518920898
"0,1,1,0,0,1,0,1,0,0,0,1,1,0,1,1,0,0,1,0,1",0.495,0.79,0.56875,0.4948453608247423,0.48,0.4873096446700508,0.495,1.1252803802490234
"0,0,1,1,1,0,0,1,1,1,1,0,0,1,0,0,1,1,0,1,0",0.51,0.745,0.56875,0.509090909090909,0.56,0.5333333333333333,0.51,0.9797179698944092
"1,1,0,1,1,1,0,1,1,0,1,1,0,1,1,1,1,0,1,0,0",0.51,0.745,0.56875,0.5116279069767442,0.44,0.4731182795698925,0.51,1.0241520404815674
"0,0,1,1,0,1,0,0,0,0,1,1,0,1,0,1,1,0,0,1,1",0.5,0.775,0.56875,0.5,0.54,0.5192307692307693,0.5,1.1125752925872803
"1,1,1,1,0,1,0,0,0,1,1,0,0,0,0,1,0,0,1,1,1",0.505,0.755,0.5675,0.5052631578947369,0.48,0.49230769230769234,0.505,1.0644311904907227
"0,0,0,1,1,1,0,0,1,0,1,1,1,1,0,0,1,1,0,0,1",0.49,0.8,0.5675,0.4897959183673469,0.48,0.48484848484848486,0.49,1.141831398010254
"0,1,1,0,1,0,0,1,1,0,1,1,1,1,0,0,0,1,0,0,1",0.5,0.77,0.5675,0.5,0.39,0.4382022471910112,0.5,1.0568718910217283
"1,1,1,1,0,0,1,0,0,0,1,0,1,0,0,0,0,0,1,1,0",0.51,0.74,0.5675,0.5121951219512195,0.42,0.46153846153846156,0.51,0.9622547626495361
"1,1,1,0,1,1,1,1,1,0,1,1,0,0,1,1,0,1,1,0,1",0.5,0.77,0.5675,0.5,0.51,0.504950495049505,0.5,1.0570557117462158
"0,1,1,1,1,0,0,1,1,1,1,0,0,1,1,0,1,1,0,1,0",0.49,0.8,0.5675,0.49,0.49,0.49,0.49,1.0646946430206299
"0,1,0,0,1,1,0,1,1,1,1,0,1,1,1,1,1,0,0,0,0",0.495,0.785,0.5674999999999999,0.49523809523809526,0.52,0.5073170731707317,0.495,0.9429240226745605
"0,0,1,1,0,1,0,0,0,1,1,1,1,0,0,1,0,0,1,1,0",0.495,0.785,0.5674999999999999,0.496,0.62,0.5511111111111111,0.495,1.0153155326843262
"0,1,0,0,1,1,0,1,1,1,1,1,1,1,1,1,1,0,0,0,0",0.495,0.785,0.5674999999999999,0.49523809523809526,0.52,0.5073170731707317,0.495,0.9851047992706299
"0,1,0,0,1,1,0,1,1,1,1,0,1,1,1,1,1,0,1,0,0",0.495,0.785,0.5674999999999999,0.49523809523809526,0.52,0.5073170731707317,0.495,0.9546191692352295
"1,1,1,1,0,0,0,1,0,0,1,1,0,1,0,1,0,0,1,1,1",0.505,0.75,0.56625,0.5052631578947369,0.48,0.49230769230769234,0.505,1.0116386413574219
"1,1,0,1,1,0,0,0,1,0,1,1,1,1,1,1,1,1,1,0,0",0.51,0.735,0.56625,0.5092592592592593,0.55,0.5288461538461539,0.51,0.9992461204528809
"0,1,0,0,0,1,1,1,0,1,0,0,1,1,1,0,0,1,0,0,1",0.5,0.765,0.56625,0.5,0.46,0.4791666666666667,0.5,1.0013236999511719
"1,0,0,1,0,0,0,0,1,0,1,0,0,0,0,0,0,0,1,0,0",0.505,0.745,0.5650000000000001,0.5060240963855421,0.42,0.45901639344262296,0.505,0.9378740787506104
"0,0,1,1,1,0,1,1,0,0,1,0,0,1,0,1,1,0,0,1,0",0.51,0.73,0.565,0.5142857142857142,0.36,0.4235294117647059,0.51,1.0182113647460938
"0,1,1,1,0,1,0,0,1,0,0,1,1,0,0,0,0,0,1,1,1",0.49,0.79,0.565,0.48863636363636365,0.43,0.4574468085106383,0.49,1.051581859588623
"1,0,0,0,1,1,1,0,0,0,1,0,1,0,1,0,0,0,1,0,0",0.515,0.715,0.565,0.5151515151515151,0.51,0.5125628140703518,0.515,0.979027509689331
"0,1,0,1,1,0,0,1,1,1,1,1,1,1,0,1,1,1,0,0,1",0.5,0.76,0.565,0.5,0.43,0.46236559139784944,0.5,1.0723586082458496
"1,1,1,0,0,1,0,1,1,1,1,0,0,1,1,0,0,1,0,0,1",0.51,0.73,0.565,0.5106382978723404,0.48,0.4948453608247423,0.51,0.9989485740661621
"0,1,1,0,0,0,1,0,1,1,0,0,0,1,0,0,0,0,1,1,0",0.53,0.67,0.565,0.5294117647058824,0.54,0.5346534653465347,0.53,0.9535443782806396
"1,0,1,1,0,1,1,0,1,0,0,0,1,1,1,1,1,0,0,0,1",0.51,0.73,0.565,0.5116279069767442,0.44,0.4731182795698925,0.51,1.022122859954834
"1,0,0,1,0,1,1,1,0,1,0,1,0,1,0,1,1,1,0,0,0",0.5,0.755,0.56375,0.5,0.44,0.46808510638297873,0.5,0.9933714866638184
"0,0,1,0,1,1,0,1,0,0,1,0,0,1,1,0,1,0,0,0,0",0.48,0.815,0.56375,0.4777777777777778,0.43,0.45263157894736844,0.48,0.9278180599212646
"0,1,0,1,0,1,1,1,0,1,0,1,0,0,0,0,1,0,1,1,0",0.505,0.74,0.56375,0.5045045045045045,0.56,0.5308056872037915,0.505,0.9982740879058838
"1,0,1,1,1,0,1,0,1,1,1,1,1,1,1,0,1,1,1,0,0",0.505,0.74,0.56375,0.5070422535211268,0.36,0.42105263157894735,0.505,0.9788877964019775
"1,1,0,0,0,1,0,0,0,0,0,0,1,0,1,1,1,0,0,0,0",0.505,0.74,0.56375,0.5045045045045045,0.56,0.5308056872037915,0.505,0.9514503479003906
"0,0,1,1,0,1,0,1,1,1,0,0,1,0,1,1,1,0,1,1,1",0.48,0.81,0.5625,0.4777777777777778,0.43,0.45263157894736844,0.48,1.093545913696289
"0,1,0,0,0,1,0,0,0,0,0,1,1,0,0,1,1,1,0,1,0",0.515,0.705,0.5625,0.514018691588785,0.55,0.5314009661835749,0.515,0.9683163166046143
"1,1,1,1,0,0,1,0,1,1,1,1,0,1,1,0,0,1,0,0,0",0.49,0.775,0.56125,0.48717948717948717,0.38,0.42696629213483145,0.49,0.9382681846618652
"0,1,1,1,1,0,1,1,1,1,0,0,1,1,1,0,1,1,0,0,0",0.475,0.82,0.56125,0.47126436781609193,0.41,0.4385026737967914,0.475,0.9742422103881836
"1,1,0,0,0,0,1,1,1,0,1,0,1,0,0,1,1,0,1,1,1",0.5,0.745,0.56125,0.5,0.46,0.4791666666666667,0.5,0.9855563640594482
"1,0,0,1,1,0,1,1,0,0,0,0,1,0,1,1,1,1,0,0,0",0.495,0.755,0.5599999999999999,0.49206349206349204,0.31,0.3803680981595092,0.495,1.0343163013458252
"0,1,0,0,1,0,0,0,0,1,0,0,1,1,0,0,1,0,0,1,0",0.495,0.755,0.5599999999999999,0.49333333333333335,0.37,0.4228571428571429,0.495,0.990103006362915
"1,0,0,0,1,0,0,1,1,1,0,1,0,0,0,0,1,0,0,1,0",0.495,0.755,0.5599999999999999,0.49333333333333335,0.37,0.4228571428571429,0.495,1.0212030410766602
"0,1,0,0,0,0,0,1,0,0,0,1,1,0,0,0,1,0,1,1,0",0.495,0.755,0.5599999999999999,0.49333333333333335,0.37,0.4228571428571429,0.495,0.9946508407592773
"1,1,0,0,0,1,0,0,1,1,0,0,0,1,1,1,0,1,1,0,0",0.49,0.765,0.55875,0.48936170212765956,0.46,0.4742268041237113,0.49,0.9376077651977539
"0,0,1,1,1,0,0,0,1,1,0,0,1,0,1,0,0,1,0,0,1",0.5,0.735,0.55875,0.5,0.55,0.5238095238095238,0.5,0.9444916248321533
"1,1,1,1,0,0,1,1,1,1,1,1,0,0,0,1,0,0,0,0,1",0.49,0.765,0.55875,0.48717948717948717,0.38,0.42696629213483145,0.49,1.0112800598144531
"0,1,0,0,0,0,1,0,1,0,0,0,0,0,0,0,1,0,0,0,1",0.51,0.705,0.55875,0.5106382978723404,0.48,0.4948453608247423,0.51,1.028883695602417
"1,1,0,1,0,1,0,0,1,0,1,0,1,1,1,0,1,0,1,0,0",0.5,0.735,0.55875,0.5,0.47,0.4845360824742268,0.5,1.0054607391357422
"0,0,1,1,1,1,0,0,0,1,0,0,0,0,0,0,0,1,1,1,0",0.5,0.735,0.55875,0.5,0.47,0.4845360824742268,0.5,0.9862687587738037
"0,0,1,0,0,0,0,0,0,1,0,1,1,1,0,0,0,0,0,1,0",0.51,0.705,0.55875,0.5106382978723404,0.48,0.4948453608247423,0.51,0.9781160354614258
"1,1,0,0,1,1,0,0,0,0,1,1,0,1,1,1,0,0,1,0,0",0.5,0.735,0.55875,0.5,0.47,0.4845360824742268,0.5,0.9689204692840576
"0,0,1,0,0,0,1,0,0,1,0,0,0,0,0,1,1,1,0,1,0",0.49,0.765,0.55875,0.48717948717948717,0.38,0.42696629213483145,0.49,0.999326229095459
"1,1,1,0,1,0,1,0,1,1,1,0,0,1,0,0,0,0,0,1,0",0.49,0.765,0.55875,0.48717948717948717,0.38,0.42696629213483145,0.49,0.9666638374328613
"1,1,1,0,0,1,0,0,1,1,1,0,1,0,1,1,0,0,0,0,0",0.5,0.735,0.55875,0.5,0.47,0.4845360824742268,0.5,1.0046806335449219
"0,0,0,1,1,1,0,1,1,0,0,0,0,0,1,0,1,1,1,0,0",0.495,0.745,0.5575,0.49295774647887325,0.35,0.4093567251461988,0.495,1.0445737838745117
"1,0,1,1,1,1,1,0,1,1,1,0,0,1,1,1,0,1,0,1,0",0.5,0.725,0.55625,0.5,0.44,0.46808510638297873,0.5,1.0259296894073486
"0,0,0,0,0,0,1,0,0,0,0,1,1,0,0,1,0,1,0,1,0",0.51,0.695,0.55625,0.5096153846153846,0.53,0.5196078431372549,0.51,0.9467778205871582
"1,1,1,1,0,0,1,0,0,1,1,1,0,1,0,1,1,0,0,0,0",0.505,0.705,0.555,0.5056179775280899,0.45,0.47619047619047616,0.505,1.0078768730163574
"0,0,1,1,0,0,1,0,0,1,0,0,1,1,0,0,1,1,0,0,0",0.505,0.705,0.555,0.5056179775280899,0.45,0.47619047619047616,0.505,1.0317940711975098
"1,0,1,1,0,0,1,0,1,0,0,0,1,1,0,1,1,0,0,1,0",0.505,0.705,0.555,0.5048543689320388,0.52,0.5123152709359606,0.505,1.0071475505828857
"1,1,1,1,0,0,1,0,0,1,1,0,1,0,0,0,0,0,0,0,0",0.505,0.705,0.555,0.5056179775280899,0.45,0.47619047619047616,0.505,0.9705688953399658
"0,1,1,0,0,1,0,1,0,1,1,1,1,0,1,1,1,0,1,1,0",0.48,0.78,0.5549999999999999,0.47674418604651164,0.41,0.44086021505376344,0.48,1.0712010860443115
"1,0,0,1,1,0,1,1,1,1,0,0,1,0,1,0,1,1,1,0,1",0.48,0.78,0.5549999999999999,0.4714285714285714,0.33,0.38823529411764707,0.48,1.0138413906097412
"1,0,1,0,0,1,0,1,1,1,0,0,0,1,0,0,1,1,0,0,0",0.495,0.735,0.5549999999999999,0.49411764705882355,0.42,0.4540540540540541,0.495,1.0482892990112305
"0,1,0,0,0,0,0,0,0,1,0,0,0,1,0,1,1,1,1,0,0",0.53,0.625,0.55375,0.5405405405405406,0.4,0.45977011494252873,0.53,0.9034731388092041
"1,1,1,0,1,1,1,0,1,1,1,0,1,1,1,1,1,0,0,0,0",0.5,0.715,0.55375,0.5,0.49,0.494949494949495,0.5,1.0077803134918213
"1,1,0,0,0,1,0,1,0,1,0,0,0,0,0,0,1,0,1,0,1",0.48,0.775,0.55375,0.4830508474576271,0.57,0.5229357798165137,0.48,1.06742262840271
"0,1,0,1,1,0,0,1,0,1,1,0,1,0,0,0,0,0,1,0,0",0.53,0.625,0.55375,0.5405405405405406,0.4,0.45977011494252873,0.53,0.9114437103271484
"0,0,1,1,1,0,1,0,1,0,1,0,1,0,0,1,1,0,1,0,0",0.53,0.625,0.55375,0.5405405405405406,0.4,0.45977011494252873,0.53,0.9455041885375977
"1,1,0,0,1,0,1,0,0,1,0,1,1,0,1,0,0,1,0,1,1",0.485,0.76,0.55375,0.4827586206896552,0.42,0.44919786096256686,0.485,1.0484509468078613
"0,1,1,0,0,1,1,0,0,0,0,1,1,0,1,1,1,0,0,1,0",0.475,0.785,0.5525,0.47058823529411764,0.4,0.43243243243243246,0.47500000000000003,1.070749282836914
"1,1,1,1,0,0,0,0,1,1,0,1,0,0,0,1,1,1,1,0,0",0.505,0.69,0.55125,0.5057471264367817,0.44,0.47058823529411764,0.505,0.9583899974822998
"1,1,1,0,0,0,1,0,1,1,1,0,1,0,0,1,1,0,0,0,1",0.485,0.745,0.55,0.4805194805194805,0.37,0.4180790960451977,0.485,0.9925973415374756
"1,0,1,1,0,0,1,1,0,1,1,0,1,1,1,1,0,0,1,0,0",0.505,0.685,0.55,0.5056179775280899,0.45,0.47619047619047616,0.505,1.0102877616882324
"1,0,1,0,0,0,1,1,1,1,0,0,1,0,0,1,1,0,1,1,0",0.505,0.685,0.55,0.5057471264367817,0.44,0.47058823529411764,0.505,1.0105302333831787
"0,1,0,1,0,1,1,1,1,0,0,0,1,1,0,0,0,0,1,0,1",0.48,0.755,0.54875,0.4782608695652174,0.44,0.4583333333333333,0.48,1.034667730331421
"1,1,1,1,0,0,0,0,0,1,1,1,0,0,1,1,0,0,1,0,1",0.47,0.785,0.54875,0.45588235294117646,0.31,0.36904761904761907,0.47,1.057192325592041
"0,1,0,1,1,0,0,1,1,1,1,0,1,0,1,0,0,0,0,1,0",0.49,0.72,0.5475,0.48863636363636365,0.43,0.4574468085106383,0.49,1.0367860794067383
"0,1,0,0,1,0,1,1,1,0,1,0,1,0,1,0,1,1,1,0,0",0.505,0.665,0.545,0.5053763440860215,0.47,0.48704663212435234,0.505,0.996567964553833
"1,0,0,0,1,1,1,1,1,0,0,0,1,0,1,0,1,1,1,1,0",0.5,0.68,0.5449999999999999,0.5,0.46,0.4791666666666667,0.5,1.0438809394836426
"0,0,0,1,0,0,1,1,1,0,1,0,0,0,0,1,0,0,1,0,0",0.515,0.635,0.5449999999999999,0.5157894736842106,0.49,0.5025641025641026,0.515,0.9454455375671387
"0,1,1,0,1,0,0,0,1,1,1,0,1,1,0,0,0,0,0,1,0",0.475,0.75,0.54375,0.46987951807228917,0.39,0.4262295081967213,0.47500000000000003,0.9760074615478516
"0,1,1,0,0,1,0,0,1,0,0,1,1,0,0,1,1,0,0,0,0",0.49,0.7,0.5425,0.48936170212765956,0.46,0.4742268041237113,0.49,0.9535565376281738
"0,0,0,1,1,1,1,0,0,1,0,0,0,1,0,1,0,0,0,0,0",0.49,0.7,0.5425,0.48936170212765956,0.46,0.4742268041237113,0.49,0.9299626350402832
"0,0,1,0,1,1,0,0,1,1,0,1,0,1,0,1,0,0,1,0,0",0.49,0.7,0.5425,0.48936170212765956,0.46,0.4742268041237113,0.49,0.945730447769165
"0,0,0,1,1,1,1,0,0,1,0,0,1,1,0,1,1,0,0,0,0",0.49,0.7,0.5425,0.48936170212765956,0.46,0.4742268041237113,0.49,0.9866423606872559
"0,0,0,1,1,1,1,0,0,1,0,0,0,1,0,0,1,0,0,0,0",0.49,0.7,0.5425,0.48936170212765956,0.46,0.4742268041237113,0.49,0.9406991004943848
"0,0,1,1,0,1,1,0,0,1,0,1,1,1,0,0,1,0,0,0,0",0.49,0.7,0.5425,0.48936170212765956,0.46,0.4742268041237113,0.49,0.978217363357544
"1,0,0,0,1,1,0,0,0,1,0,1,1,0,0,0,1,0,0,0,0",0.49,0.7,0.5425,0.48936170212765956,0.46,0.4742268041237113,0.49,0.9410116672515869
"1,0,1,0,0,1,0,1,1,0,0,1,1,1,0,0,0,0,0,0,0",0.49,0.7,0.5425,0.48936170212765956,0.46,0.4742268041237113,0.49,0.9303493499755859
"0,1,0,1,0,1,1,0,1,0,0,0,1,0,0,1,1,0,1,0,0",0.49,0.7,0.5425,0.48936170212765956,0.46,0.4742268041237113,0.49,0.9825916290283203
"1,0,0,1,1,1,1,0,0,1,0,0,1,1,0,1,0,0,0,0,0",0.495,0.68,0.54125,0.494949494949495,0.49,0.49246231155778897,0.495,0.9514110088348389
"0,1,0,1,1,1,0,1,1,0,0,0,1,1,0,1,0,0,1,0,0",0.495,0.68,0.54125,0.494949494949495,0.49,0.49246231155778897,0.495,0.9710040092468262
"0,1,1,0,1,1,0,1,0,0,0,0,0,0,0,0,1,0,0,0,0",0.495,0.68,0.54125,0.494949494949495,0.49,0.49246231155778897,0.495,0.9414401054382324
"1,0,1,1,1,0,1,1,1,0,1,1,0,1,1,0,1,1,1,1,0",0.46,0.78,0.54,0.45,0.36,0.4,0.46,1.001568078994751
"1,0,0,1,0,1,1,1,1,1,0,0,0,0,0,0,0,0,1,0,1",0.485,0.705,0.54,0.4838709677419355,0.45,0.46632124352331605,0.485,0.9839396476745605
"0,0,0,0,1,0,1,1,1,0,0,1,0,1,0,0,0,0,1,1,0",0.505,0.625,0.535,0.5046728971962616,0.54,0.5217391304347826,0.505,0.9430756568908691
"0,1,0,0,0,0,0,1,1,1,1,0,1,1,1,1,1,0,1,0,0",0.485,0.675,0.5325,0.48717948717948717,0.57,0.5253456221198156,0.485,0.9927904605865479
"0,0,1,0,0,0,1,1,0,0,0,1,0,1,1,0,0,0,1,0,0",0.475,0.695,0.53,0.47474747474747475,0.47,0.4723618090452261,0.475,0.9517822265625
"0,1,0,0,1,0,0,1,1,0,1,0,0,0,0,1,1,1,0,0,0",0.51,0.575,0.52625,0.5094339622641509,0.54,0.5242718446601942,0.51,1.0377306938171387
"0,0,0,0,1,0,0,1,0,1,1,0,0,0,0,1,0,1,1,0,0",0.475,0.64,0.51625,0.4774774774774775,0.53,0.5023696682464455,0.475,0.9653956890106201
"1,0,1,1,0,0,0,0,0,1,0,1,1,1,0,0,1,0,1,0,0",0.0,0.0,0.0,0.0,0.0,0.0,0.0,0.0
"0,0,0,1,0,0,0,1,0,0,0,1,1,0,0,0,1,0,0,0,0",0.0,0.0,0.0,0.0,0.0,0.0,0.0,0.0
"1,0,0,1,0,0,0,0,1,0,0,1,1,0,0,1,0,0,1,0,0",0.0,0.0,0.0,0.0,0.0,0.0,0.0,0.0
"0,0,1,0,0,0,1,1,1,0,0,0,1,1,0,0,1,0,1,0,0",0.0,0.0,0.0,0.0,0.0,0.0,0.0,0.0
"1,0,0,0,1,0,1,1,0,1,0,0,1,0,0,1,1,0,1,0,0",0.0,0.0,0.0,0.0,0.0,0.0,0.0,0.0
"0,1,1,0,0,0,1,1,1,1,0,0,0,1,0,0,0,0,0,0,0",0.0,0.0,0.0,0.0,0.0,0.0,0.0,0.0
"0,1,0,1,0,0,1,1,1,1,0,1,1,0,0,0,1,0,0,0,0",0.0,0.0,0.0,0.0,0.0,0.0,0.0,0.0
"0,1,1,1,1,0,0,1,0,1,0,1,1,1,0,1,0,0,1,0,0",0.0,0.0,0.0,0.0,0.0,0.0,0.0,0.0
"0,1,1,1,0,0,0,1,0,1,0,1,0,0,0,1,0,0,0,0,0",0.0,0.0,0.0,0.0,0.0,0.0,0.0,0.0
