encoding,test accuracy,training accuracy,combined accuracy,test precision,test recall,test fscore,test auc,training time
"13,19,15,12,12,12,16,4,16,6,17,19,15,10,2",0.755,0.95,0.80375,0.8,0.68,0.7351351351351352,0.755,1.4087064266204834
"13,14,15,12,22,12,16,12,16,6,17,19,15,10,2",0.73,0.94,0.7825,0.7017543859649122,0.8,0.7476635514018691,0.73,1.1676208972930908
"13,14,15,12,22,12,16,13,13,6,18,19,15,10,2",0.73,0.91,0.7749999999999999,0.7090909090909091,0.78,0.7428571428571429,0.73,1.889864444732666
"13,14,15,12,22,12,16,12,16,6,18,19,15,10,5",0.695,0.98,0.76625,0.6423357664233577,0.88,0.7426160337552743,0.6950000000000001,1.769627332687378
"13,14,15,12,22,12,16,13,16,6,17,19,15,10,5",0.685,0.95,0.75125,0.6581196581196581,0.77,0.7096774193548387,0.685,1.245830774307251
"13,14,15,12,22,12,16,13,16,6,18,19,15,10,5",0.675,0.97,0.74875,0.6296296296296297,0.85,0.723404255319149,0.675,1.8684871196746826
"19,14,13,12,4,12,16,17,16,6,18,19,15,10,8",0.665,0.99,0.7462500000000001,0.6410256410256411,0.75,0.6912442396313364,0.665,2.5139379501342773
"13,14,15,12,22,12,16,12,16,6,18,19,15,10,2",0.7,0.88,0.7449999999999999,0.6587301587301587,0.83,0.7345132743362832,0.7,1.7890150547027588
"19,14,13,12,4,12,16,12,13,6,18,19,15,10,5",0.665,0.98,0.74375,0.6633663366336634,0.67,0.6666666666666666,0.665,2.4245522022247314
"13,18,15,15,22,12,16,17,16,6,18,19,8,22,5",0.665,0.97,0.74125,0.6363636363636364,0.77,0.6968325791855203,0.665,1.7902696132659912
"13,14,15,12,22,12,16,12,16,6,18,19,15,4,5",0.655,1.0,0.74125,0.624,0.78,0.6933333333333334,0.655,1.7808427810668945
"13,19,15,12,22,12,16,12,16,6,17,19,15,10,2",0.68,0.92,0.74,0.6636363636363637,0.73,0.6952380952380952,0.6799999999999999,1.3317346572875977
"19,14,13,12,4,12,16,12,16,6,18,19,15,10,5",0.655,0.99,0.73875,0.6597938144329897,0.64,0.649746192893401,0.655,2.3422725200653076
"13,19,15,12,12,12,19,4,16,6,17,19,15,10,2",0.67,0.94,0.7375,0.7361111111111112,0.53,0.6162790697674418,0.67,1.5583982467651367
"13,14,13,12,12,12,16,4,16,6,18,19,15,4,5",0.65,1.0,0.7374999999999999,0.6363636363636364,0.7,0.6666666666666666,0.6499999999999999,1.8067588806152344
"19,12,12,15,11,13,18,15,11,6,17,10,12,11,11",0.64,1.0,0.73,0.64,0.64,0.64,0.64,1.2328107357025146
"19,19,15,6,22,3,12,12,13,6,17,19,8,12,20",0.65,0.96,0.7274999999999999,0.6339285714285714,0.71,0.6698113207547169,0.6499999999999999,3.412775993347168
"13,14,15,12,22,12,16,13,16,6,18,19,15,10,2",0.66,0.93,0.7274999999999999,0.6176470588235294,0.84,0.711864406779661,0.6599999999999999,1.881335973739624
"13,14,15,12,22,12,16,13,16,6,17,19,15,10,2",0.67,0.9,0.7274999999999999,0.6491228070175439,0.74,0.6915887850467289,0.6699999999999999,1.1629939079284668
"13,14,13,12,12,12,16,4,16,6,17,19,15,10,2",0.665,0.91,0.7262500000000001,0.627906976744186,0.81,0.7074235807860262,0.665,1.3628559112548828
"13,19,15,12,22,12,16,12,16,6,17,19,15,10,5",0.645,0.97,0.7262500000000001,0.6260869565217392,0.72,0.6697674418604651,0.645,1.2986323833465576
"13,14,15,12,22,12,16,12,5,6,18,19,15,10,5",0.65,0.95,0.7250000000000001,0.6530612244897959,0.64,0.6464646464646465,0.65,1.6479887962341309
"13,14,15,15,22,12,16,12,16,6,18,19,15,10,5",0.66,0.92,0.725,0.7051282051282052,0.55,0.6179775280898876,0.66,1.7778499126434326
"14,21,14,11,19,8,9,12,19,3,19,6,13,8,16",0.705,0.78,0.7237500000000001,0.6541353383458647,0.87,0.7467811158798283,0.7050000000000001,2.358283042907715
"19,14,13,12,4,12,16,13,16,6,18,19,15,10,5",0.635,0.99,0.72375,0.6391752577319587,0.62,0.6294416243654822,0.635,2.412553548812866
"13,14,15,12,22,12,16,17,16,6,17,19,15,10,2",0.645,0.95,0.72125,0.6494845360824743,0.63,0.6395939086294417,0.645,1.2691867351531982
"13,14,15,12,22,12,16,12,13,6,18,19,15,10,5",0.64,0.96,0.72,0.625,0.7,0.660377358490566,0.6399999999999999,1.8387761116027832
"13,14,15,15,22,12,16,13,16,6,18,19,15,10,5",0.655,0.91,0.71875,0.6631578947368421,0.63,0.6461538461538462,0.655,1.890578031539917
"19,19,15,6,22,16,12,12,13,6,17,19,8,12,20",0.625,1.0,0.71875,0.6126126126126126,0.68,0.6445497630331753,0.625,3.3844189643859863
"13,14,15,12,22,12,16,12,16,6,8,19,15,10,5",0.64,0.95,0.7174999999999999,0.6272727272727273,0.69,0.6571428571428571,0.6399999999999999,0.7490472793579102
"13,14,15,12,22,12,16,12,16,6,18,19,15,6,5",0.625,0.99,0.71625,0.5912408759124088,0.81,0.6835443037974683,0.625,1.7443337440490723
"19,14,13,12,4,12,16,17,16,6,4,19,15,10,8",0.62,1.0,0.715,0.6111111111111112,0.66,0.6346153846153846,0.62,1.7578613758087158
"13,14,15,12,22,12,16,12,16,6,18,19,8,10,2",0.665,0.86,0.71375,0.6434782608695652,0.74,0.6883720930232559,0.665,1.6736207008361816
"13,14,15,12,22,12,16,12,4,6,18,19,15,4,5",0.625,0.97,0.7112499999999999,0.6213592233009708,0.64,0.6305418719211823,0.625,1.6381194591522217
"19,14,13,12,12,12,16,4,16,6,18,19,15,4,5",0.615,1.0,0.7112499999999999,0.6493506493506493,0.5,0.5649717514124294,0.615,2.41212797164917
"13,18,15,12,22,12,16,13,16,6,18,19,8,10,5",0.63,0.95,0.71,0.6354166666666666,0.61,0.6224489795918368,0.63,1.7221183776855469
"19,16,15,8,12,8,15,4,13,8,17,19,19,7,8",0.64,0.92,0.71,0.6129032258064516,0.76,0.6785714285714286,0.64,3.515557289123535
"13,14,15,12,22,12,16,12,16,6,18,19,15,10,20",0.615,0.99,0.70875,0.5877862595419847,0.77,0.6666666666666666,0.615,1.8066644668579102
"19,19,15,6,22,3,15,12,13,8,17,19,19,12,20",0.635,0.93,0.70875,0.6216216216216216,0.69,0.6540284360189573,0.635,5.191638231277466
"0,5,17,18,6,18,9,14,9,15,17,9,17,18,10",0.61,1.0,0.7075,0.6057692307692307,0.63,0.6176470588235294,0.61,1.755948781967163
"19,10,13,6,22,3,12,20,13,6,12,19,8,12,20",0.645,0.89,0.70625,0.616,0.77,0.6844444444444444,0.645,1.2275996208190918
"13,14,15,12,22,12,16,12,4,6,18,19,15,10,5",0.62,0.96,0.705,0.6111111111111112,0.66,0.6346153846153846,0.62,1.6820194721221924
"13,19,15,12,22,12,16,12,16,6,17,19,6,10,2",0.635,0.91,0.70375,0.6483516483516484,0.59,0.6178010471204188,0.635,1.1814546585083008
"13,14,15,6,12,12,16,4,16,6,18,19,15,4,5",0.61,0.98,0.7025000000000001,0.6,0.66,0.6285714285714286,0.6100000000000001,1.7482826709747314
"13,14,15,12,19,12,16,12,16,6,18,19,15,6,16",0.63,0.92,0.7025,0.6413043478260869,0.59,0.6145833333333334,0.63,1.7964096069335938
"13,16,15,15,22,12,16,17,16,6,17,19,8,22,5",0.62,0.95,0.7024999999999999,0.6276595744680851,0.59,0.6082474226804123,0.62,1.1455233097076416
"13,14,13,12,12,12,16,12,16,6,18,19,8,10,5",0.635,0.9,0.70125,0.6,0.81,0.6893617021276596,0.635,1.726811170578003
"19,10,13,6,22,3,12,12,13,6,12,19,8,12,20",0.63,0.91,0.7,0.6203703703703703,0.67,0.6442307692307693,0.63,1.2056941986083984
"19,19,13,12,12,8,15,4,13,8,17,4,19,7,8",0.63,0.91,0.7,0.8611111111111112,0.31,0.45588235294117646,0.63,3.3816957473754883
"19,10,15,6,22,3,12,12,13,6,12,19,8,12,20",0.635,0.89,0.69875,0.6134453781512605,0.73,0.6666666666666666,0.635,1.218210220336914
"13,16,15,12,22,12,16,12,16,6,17,19,15,4,5",0.615,0.95,0.69875,0.5934959349593496,0.73,0.6547085201793722,0.615,1.1917741298675537
"19,18,15,15,4,13,12,17,13,6,17,4,8,22,8",0.6,0.99,0.6975,0.5666666666666667,0.85,0.68,0.6,2.2208588123321533
"19,16,15,15,4,13,12,17,13,6,17,19,8,22,8",0.595,1.0,0.69625,0.5683453237410072,0.79,0.6610878661087866,0.595,1.834836483001709
"15,19,17,12,18,8,15,16,13,8,17,4,19,7,8",0.61,0.95,0.6950000000000001,0.5982142857142857,0.67,0.6320754716981132,0.6100000000000001,1.626871109008789
"19,19,15,6,22,3,9,12,13,6,17,19,8,12,20",0.6,0.98,0.695,0.5806451612903226,0.72,0.6428571428571429,0.6,3.4371960163116455
"19,10,15,6,6,3,12,12,13,6,12,19,8,12,20",0.605,0.96,0.69375,0.6019417475728155,0.62,0.6108374384236454,0.605,1.2310850620269775
"19,19,15,6,22,3,12,12,13,6,17,19,8,12,2",0.595,0.99,0.69375,0.5855855855855856,0.65,0.6161137440758294,0.595,3.397634744644165
"13,19,15,12,12,12,16,4,16,6,17,19,15,10,4",0.615,0.93,0.69375,0.632183908045977,0.55,0.5882352941176471,0.615,1.330707311630249
"13,14,15,15,22,12,16,12,13,6,18,19,15,10,5",0.625,0.9,0.69375,0.6344086021505376,0.59,0.6113989637305699,0.625,1.6827805042266846
"13,14,15,15,12,12,16,4,16,6,18,19,15,10,5",0.595,0.99,0.69375,0.6043956043956044,0.55,0.5759162303664922,0.595,1.9370923042297363
"19,19,15,6,22,3,13,12,13,14,17,19,1,12,20",0.61,0.94,0.6925,0.6170212765957447,0.58,0.5979381443298969,0.61,3.507303476333618
"19,14,15,6,22,12,16,20,16,6,18,19,8,12,2",0.605,0.94,0.68875,0.5766423357664233,0.79,0.6666666666666666,0.605,2.2883169651031494
"13,12,15,12,22,12,16,12,16,6,17,19,15,10,5",0.615,0.91,0.68875,0.5966386554621849,0.71,0.6484018264840182,0.615,1.2601127624511719
"19,18,16,12,12,13,12,4,2,6,17,15,8,7,10",0.645,0.82,0.68875,0.6705882352941176,0.57,0.6162162162162163,0.645,2.2703936100006104
"19,14,13,12,12,12,16,4,16,6,18,19,15,10,5",0.585,1.0,0.68875,0.6103896103896104,0.47,0.5310734463276836,0.585,2.3718957901000977
"5,12,19,17,4,17,11,13,15,13,17,19,8,23,11",0.59,0.98,0.6875,0.618421052631579,0.47,0.5340909090909091,0.59,1.5009419918060303
"13,14,15,12,22,12,16,12,13,6,18,19,8,10,2",0.62,0.89,0.6875,0.603448275862069,0.7,0.6481481481481481,0.62,1.6054298877716064
"13,14,15,12,12,19,16,4,16,6,18,19,15,4,5",0.585,0.99,0.68625,0.6,0.51,0.5513513513513514,0.585,2.007052183151245
"19,19,15,6,22,3,13,12,13,14,7,19,1,12,20",0.595,0.96,0.68625,0.576,0.72,0.64,0.595,3.062295436859131
"13,19,15,6,22,3,16,12,16,6,18,19,15,12,20",0.595,0.96,0.68625,0.6301369863013698,0.46,0.5317919075144508,0.595,1.9114363193511963
"19,10,13,12,12,8,15,4,13,8,12,4,19,7,8",0.595,0.96,0.68625,0.6043956043956044,0.55,0.5759162303664922,0.595,1.1743197441101074
"13,14,13,12,12,12,16,12,16,6,18,19,15,4,5",0.595,0.96,0.68625,0.5772357723577236,0.71,0.6367713004484304,0.595,1.7782344818115234
"15,6,3,20,9,22,16,14,11,4,12,18,9,8,9",0.64,0.82,0.685,0.609375,0.78,0.6842105263157895,0.64,0.7684016227722168
"19,19,15,12,22,3,12,12,13,6,17,19,8,12,20",0.595,0.95,0.68375,0.611764705882353,0.52,0.5621621621621622,0.595,3.3315160274505615
"16,6,3,22,12,3,16,21,16,10,8,19,4,7,11",0.63,0.84,0.6825000000000001,0.6,0.78,0.6782608695652174,0.63,0.9580404758453369
"19,14,15,6,22,3,12,12,13,6,17,19,15,10,20",0.59,0.96,0.6825,0.6125,0.49,0.5444444444444444,0.59,1.7223877906799316
"13,14,15,15,22,12,16,12,16,6,18,8,15,10,5",0.6,0.93,0.6824999999999999,0.6388888888888888,0.46,0.5348837209302325,0.6,0.7389752864837646
"19,18,15,6,22,3,12,12,13,6,17,19,8,12,20",0.585,0.97,0.6812499999999999,0.568,0.71,0.6311111111111111,0.585,2.6338918209075928
"19,14,13,23,4,12,16,12,13,6,18,19,15,10,5",0.575,1.0,0.6812499999999999,0.5675675675675675,0.63,0.5971563981042654,0.575,2.344531297683716
"19,19,15,12,12,8,15,4,13,8,17,4,19,7,8",0.595,0.94,0.6812499999999999,0.6,0.57,0.5846153846153846,0.595,3.404780626296997
"13,14,15,12,12,12,16,4,13,6,18,19,15,4,5",0.585,0.97,0.6812499999999999,0.5841584158415841,0.59,0.5870646766169154,0.585,1.6763944625854492
"13,14,13,12,22,12,16,12,16,6,17,19,15,10,2",0.61,0.89,0.68,0.582089552238806,0.78,0.6666666666666666,0.61,1.2957336902618408
"19,19,15,12,22,8,15,4,13,8,17,19,1,12,8",0.61,0.89,0.6799999999999999,0.582089552238806,0.78,0.6666666666666666,0.61,3.4823241233825684
"13,18,15,15,22,12,16,17,13,6,18,19,8,22,5",0.59,0.95,0.6799999999999999,0.5703125,0.73,0.6403508771929824,0.59,1.6976873874664307
"19,18,15,15,4,13,12,17,13,6,17,19,8,22,8",0.57,1.0,0.6775,0.5522388059701493,0.74,0.6324786324786325,0.5700000000000001,2.6108264923095703
"19,14,15,6,12,12,16,4,13,6,18,19,15,4,5",0.575,0.98,0.67625,0.56,0.7,0.6222222222222222,0.575,2.3537847995758057
"13,14,15,12,12,12,16,4,16,6,18,19,15,4,5",0.57,0.99,0.675,0.5833333333333334,0.49,0.532608695652174,0.5700000000000001,1.7777347564697266
"19,17,4,17,11,13,15,13,17,19,8,23,11,16,18",0.59,0.93,0.675,0.5642857142857143,0.79,0.6583333333333333,0.5900000000000001,2.1528122425079346
"19,16,15,12,18,8,15,16,13,8,17,19,19,7,8",0.62,0.84,0.6749999999999999,0.6224489795918368,0.61,0.6161616161616161,0.62,3.598710298538208
"15,14,14,4,6,14,11,16,4,23,5,13,0,3,13",0.575,0.97,0.67375,0.5688073394495413,0.62,0.5933014354066986,0.575,0.7660410404205322
"19,14,13,12,4,12,16,20,16,6,18,19,15,10,8",0.565,1.0,0.67375,0.5631067961165048,0.58,0.5714285714285714,0.565,2.4369657039642334
"16,0,5,17,18,6,18,9,14,9,15,17,9,17,18",0.625,0.82,0.67375,0.7659574468085106,0.36,0.4897959183673469,0.625,1.6231377124786377
"13,11,6,19,19,8,17,14,21,14,11,19,8,9,12",0.65,0.74,0.6725000000000001,0.6875,0.55,0.6111111111111112,0.65,2.305738925933838
"13,19,15,12,12,12,16,4,16,6,3,19,15,10,2",0.59,0.92,0.6725000000000001,0.6451612903225806,0.4,0.49382716049382713,0.5900000000000001,1.0321357250213623
"18,14,15,12,22,12,16,12,16,6,18,19,15,10,5",0.58,0.95,0.6725000000000001,0.5888888888888889,0.53,0.5578947368421052,0.5800000000000001,2.136712074279785
"16,14,17,5,20,11,14,19,12,4,22,2,11,3,8",0.61,0.86,0.6725,0.6078431372549019,0.62,0.6138613861386139,0.61,0.7680354118347168
"19,19,15,6,22,3,15,12,13,8,17,19,1,12,20",0.6,0.89,0.6725,0.6,0.6,0.6,0.6,3.4811675548553467
"13,14,13,12,22,12,16,12,16,6,18,19,15,10,5",0.58,0.95,0.6724999999999999,0.5784313725490197,0.59,0.5841584158415841,0.58,1.8030915260314941
"13,14,15,15,22,12,16,13,5,6,18,19,15,10,5",0.585,0.93,0.6712499999999999,0.6103896103896104,0.47,0.5310734463276836,0.585,1.6628262996673584
"19,14,13,12,4,16,16,12,16,6,18,19,15,10,5",0.56,1.0,0.67,0.55,0.66,0.6,0.56,2.368765115737915
"15,15,5,18,18,8,4,6,5,13,8,17,17,9,6",0.6,0.88,0.67,0.6086956521739131,0.56,0.5833333333333334,0.6000000000000001,1.288558006286621
"19,10,16,22,13,18,16,6,17,21,12,20,11,8,5",0.56,1.0,0.67,0.5625,0.54,0.5510204081632653,0.56,1.3715991973876953
"4,21,5,16,5,10,5,8,18,0,12,12,12,16,9",0.645,0.74,0.66875,0.6106870229007634,0.8,0.6926406926406926,0.645,1.4316308498382568
"13,16,15,0,12,8,15,4,13,8,17,19,19,7,8",0.615,0.83,0.66875,0.6017699115044248,0.68,0.6384976525821596,0.615,2.729466676712036
"13,14,15,15,22,12,16,12,16,6,17,19,15,10,2",0.6,0.87,0.6675000000000001,0.6111111111111112,0.55,0.5789473684210527,0.6000000000000001,1.2727055549621582
"0,16,11,5,13,18,6,13,13,20,5,14,13,5,9",0.57,0.96,0.6675,0.5432098765432098,0.88,0.6717557251908397,0.5700000000000001,0.7378602027893066
"19,14,15,12,4,12,16,13,16,6,17,19,15,10,2",0.57,0.96,0.6675,0.5673076923076923,0.59,0.5784313725490197,0.5700000000000001,1.8152251243591309
"11,13,18,15,11,6,17,10,12,11,11,17,22,16,12",0.64,0.75,0.6675,0.6272727272727273,0.69,0.6571428571428571,0.6399999999999999,0.9005942344665527
"19,14,13,12,4,12,16,13,13,6,18,19,15,10,5",0.56,0.99,0.6675,0.5491803278688525,0.67,0.6036036036036037,0.56,2.279015064239502
"11,17,5,6,4,22,8,14,4,7,19,10,18,0,14",0.62,0.81,0.6675,0.6538461538461539,0.51,0.5730337078651685,0.62,0.7560534477233887
"13,16,15,12,4,12,16,12,13,6,18,19,15,10,5",0.57,0.95,0.665,0.553030303030303,0.73,0.6293103448275862,0.57,1.701286792755127
"19,14,13,12,4,12,16,4,16,6,18,19,15,4,8",0.56,0.98,0.665,0.5508474576271186,0.65,0.5963302752293578,0.56,2.3699660301208496
"13,18,15,11,6,17,10,12,11,11,17,22,16,12,18",0.6,0.86,0.6649999999999999,0.625,0.5,0.5555555555555556,0.6,0.8043112754821777
"19,14,15,12,12,12,15,4,13,8,17,19,19,4,5",0.655,0.69,0.6637500000000001,0.593939393939394,0.98,0.7396226415094339,0.655,3.3147478103637695
"13,19,15,17,22,3,12,12,13,6,17,19,8,10,20",0.615,0.81,0.6637500000000001,0.6185567010309279,0.6,0.6091370558375635,0.615,1.1634039878845215
"19,14,13,12,4,12,16,12,16,10,18,19,15,10,5",0.555,0.99,0.66375,0.5591397849462365,0.52,0.538860103626943,0.5549999999999999,2.335883140563965
"13,18,14,15,4,13,12,9,2,6,17,15,8,22,10",0.595,0.87,0.66375,0.5725190839694656,0.75,0.6493506493506493,0.595,0.8053560256958008
"14,14,0,17,15,13,20,0,10,21,3,10,22,11,0",0.63,0.76,0.6625000000000001,0.6181818181818182,0.68,0.6476190476190476,0.63,0.8181142807006836
"18,18,8,4,6,5,13,8,17,17,9,6,8,7,20",0.63,0.76,0.6625000000000001,0.5755813953488372,0.99,0.7279411764705882,0.63,1.4169156551361084
"17,19,18,12,4,8,15,17,13,8,17,4,19,7,8",0.56,0.97,0.6625000000000001,0.573170731707317,0.47,0.5164835164835165,0.56,2.5062360763549805
"13,14,13,12,4,12,16,17,16,6,18,19,8,10,8",0.56,0.97,0.6625000000000001,0.5508474576271186,0.65,0.5963302752293578,0.56,1.8208661079406738
"19,10,15,6,12,3,12,4,13,6,12,19,8,12,8",0.585,0.89,0.6612499999999999,0.6133333333333333,0.46,0.5257142857142857,0.585,1.1754472255706787
"19,19,15,6,22,3,12,4,13,6,17,19,19,7,20",0.555,0.98,0.6612499999999999,0.5523809523809524,0.58,0.5658536585365853,0.5549999999999999,5.10008978843689
"18,9,16,19,18,17,4,10,19,0,6,0,7,17,13",0.575,0.92,0.6612499999999999,0.5630252100840336,0.67,0.6118721461187214,0.575,2.3183035850524902
"13,14,15,12,12,12,16,4,16,6,0,19,15,4,5",0.55,0.99,0.66,0.5555555555555556,0.5,0.5263157894736842,0.55,0.9648315906524658
"17,4,18,5,4,16,18,17,1,8,5,13,15,0,11",0.55,0.99,0.66,0.5431034482758621,0.63,0.5833333333333334,0.55,1.3441386222839355
"15,14,15,12,18,12,16,16,16,6,18,19,15,7,5",0.56,0.96,0.66,0.603448275862069,0.35,0.4430379746835443,0.56,1.8236684799194336
"15,13,9,17,6,19,10,6,8,22,12,21,8,10,10",0.57,0.93,0.6599999999999999,0.6,0.42,0.49411764705882355,0.57,1.1531121730804443
"19,14,15,6,22,3,13,4,13,14,17,19,15,4,20",0.565,0.94,0.6587500000000001,0.5528455284552846,0.68,0.6098654708520179,0.5650000000000001,1.7453117370605469
"16,5,22,4,17,17,15,6,12,14,7,19,10,11,11",0.545,1.0,0.6587500000000001,0.5319148936170213,0.75,0.6224066390041494,0.545,0.9112193584442139
"19,14,15,12,22,12,16,12,16,6,18,19,15,10,5",0.545,1.0,0.65875,0.5412844036697247,0.59,0.5645933014354066,0.5449999999999999,2.376222610473633
"19,19,15,12,12,8,15,4,13,8,17,4,19,7,10",0.575,0.91,0.65875,0.5862068965517241,0.51,0.5454545454545454,0.575,3.3587841987609863
"19,14,15,6,22,12,16,12,16,6,18,19,15,12,5",0.55,0.98,0.6575,0.5324675324675324,0.82,0.6456692913385826,0.55,2.3384387493133545
"17,0,18,5,4,16,18,17,1,8,5,13,15,0,11",0.58,0.89,0.6575,0.5689655172413793,0.66,0.6111111111111112,0.5800000000000001,1.3530230522155762
"19,18,15,12,12,13,12,4,13,6,17,4,8,7,8",0.56,0.95,0.6575,0.5340909090909091,0.94,0.6811594202898551,0.5599999999999999,2.152796983718872
"15,19,10,4,2,22,5,9,1,11,9,19,12,4,11",0.66,0.65,0.6575,0.6538461538461539,0.68,0.6666666666666666,0.66,0.9125213623046875
"19,10,15,12,12,3,12,4,13,6,12,19,8,10,20",0.57,0.92,0.6575,0.5729166666666666,0.55,0.5612244897959183,0.5700000000000001,1.2063560485839844
"19,19,4,0,12,8,15,4,13,8,17,4,19,7,8",0.565,0.93,0.65625,0.5436241610738255,0.81,0.6506024096385542,0.5650000000000001,3.2052388191223145
"13,14,15,12,22,12,16,1,16,6,17,19,15,10,2",0.655,0.66,0.65625,0.6597938144329897,0.64,0.649746192893401,0.655,1.3754825592041016
"5,3,12,17,10,20,15,14,0,14,10,18,13,18,15",0.645,0.69,0.65625,0.7301587301587301,0.46,0.5644171779141104,0.645,0.764634370803833
"19,14,15,12,22,12,16,12,13,6,18,19,15,10,5",0.545,0.99,0.65625,0.5420560747663551,0.58,0.5603864734299517,0.5449999999999999,2.315305471420288
"22,17,10,13,21,17,17,0,1,16,16,21,2,16,9",0.64,0.7,0.655,0.6,0.84,0.7,0.64,1.406770944595337
"19,18,15,6,22,12,16,12,16,6,18,19,8,12,5",0.54,1.0,0.655,0.5384615384615384,0.56,0.5490196078431373,0.54,3.2417731285095215
"19,19,15,12,18,8,15,16,13,8,17,4,19,7,8",0.575,0.89,0.6537499999999999,0.5531914893617021,0.78,0.6473029045643154,0.575,3.4340341091156006
"19,14,15,8,12,12,16,4,16,6,18,19,15,7,5",0.59,0.84,0.6525000000000001,0.6097560975609756,0.5,0.5494505494505495,0.5900000000000001,2.478065013885498
"19,19,15,12,12,8,16,4,17,21,12,4,11,7,8",0.565,0.91,0.65125,0.5596330275229358,0.61,0.583732057416268,0.565,3.084364175796509
"13,18,14,15,4,13,12,5,2,6,17,15,8,22,10",0.575,0.88,0.65125,0.5882352941176471,0.5,0.5405405405405406,0.575,0.7910861968994141
"19,18,15,22,4,13,12,17,13,6,17,4,8,22,8",0.535,1.0,0.65125,0.5251798561151079,0.73,0.6108786610878661,0.535,2.210151195526123
"13,14,15,6,22,12,16,12,16,6,18,19,15,10,5",0.55,0.95,0.65,0.5454545454545454,0.6,0.5714285714285714,0.55,1.7826619148254395
"19,10,13,12,4,8,15,17,13,8,12,4,19,7,8",0.56,0.92,0.65,0.573170731707317,0.47,0.5164835164835165,0.56,1.198953628540039
"13,14,13,12,22,12,16,13,16,6,17,19,15,10,2",0.58,0.86,0.6499999999999999,0.5645161290322581,0.7,0.625,0.58,1.2577152252197266
"19,8,11,5,22,13,2,5,13,8,12,9,9,14,10",0.62,0.74,0.6499999999999999,0.5895522388059702,0.79,0.6752136752136753,0.62,1.188624382019043
"15,12,17,4,18,5,4,16,18,17,1,8,5,13,15",0.575,0.87,0.6487499999999999,0.5925925925925926,0.48,0.5303867403314917,0.575,1.259310245513916
"19,18,15,15,4,13,12,9,13,6,17,4,8,22,10",0.545,0.96,0.6487499999999999,0.5494505494505495,0.5,0.5235602094240838,0.5449999999999999,2.286468505859375
"19,19,15,6,22,3,15,16,13,8,17,19,19,7,20",0.54,0.97,0.6475,0.5307692307692308,0.69,0.6,0.54,5.16004490852356
"19,19,16,6,12,8,15,4,13,8,17,4,19,7,8",0.55,0.94,0.6475,0.5543478260869565,0.51,0.53125,0.55,3.561314582824707
"14,14,14,12,4,12,16,13,16,6,18,19,15,10,5",0.54,0.97,0.6475,0.5377358490566038,0.57,0.5533980582524272,0.54,1.7871220111846924
"19,19,15,6,22,3,15,12,13,14,17,19,19,12,20",0.53,0.99,0.645,0.5416666666666666,0.39,0.45348837209302323,0.53,5.129963397979736
"19,19,13,6,22,3,16,12,13,6,18,4,15,12,20",0.54,0.96,0.645,0.5370370370370371,0.58,0.5576923076923077,0.54,2.9297730922698975
"15,18,8,13,10,2,20,14,0,14,6,0,5,10,0",0.63,0.69,0.645,0.8095238095238095,0.34,0.4788732394366197,0.63,0.741095781326294
"6,4,19,18,11,15,17,21,10,5,5,17,18,9,10",0.57,0.87,0.645,0.5777777777777777,0.52,0.5473684210526316,0.5700000000000001,2.394789457321167
"4,0,5,0,15,21,13,13,10,5,10,19,0,2,18",0.66,0.6,0.6449999999999999,0.635593220338983,0.75,0.6880733944954128,0.6599999999999999,1.5959649085998535
"14,18,4,1,8,19,2,0,11,15,13,21,15,20,14",0.655,0.61,0.64375,0.6396396396396397,0.71,0.6729857819905213,0.655,0.8625116348266602
"13,14,13,1,22,12,16,12,16,6,18,19,15,10,5",0.635,0.67,0.64375,0.684931506849315,0.5,0.5780346820809249,0.635,1.7682993412017822
"13,22,15,15,22,12,16,17,16,6,18,19,8,22,5",0.555,0.91,0.64375,0.5714285714285714,0.44,0.4971751412429379,0.555,1.7495291233062744
"19,14,15,12,22,12,16,4,13,6,18,19,19,12,5",0.535,0.97,0.64375,0.5466666666666666,0.41,0.4685714285714286,0.535,3.8411121368408203
"18,14,15,4,13,12,9,2,6,17,15,8,22,10,12",0.565,0.88,0.6437499999999999,0.5575221238938053,0.63,0.5915492957746479,0.565,1.0202105045318604
"13,16,15,6,22,3,15,12,13,8,17,19,19,12,20",0.58,0.83,0.6425,0.58,0.58,0.58,0.58,2.7073099613189697
"4,15,19,1,19,15,21,15,13,9,17,6,19,10,6",0.62,0.71,0.6425,0.6875,0.44,0.5365853658536586,0.62,3.1043663024902344
"0,16,15,12,3,10,19,15,0,13,0,9,7,19,10",0.6,0.77,0.6425,0.5657894736842105,0.86,0.6825396825396826,0.6,0.8760125637054443
"6,19,10,6,8,22,12,21,8,10,10,8,10,22,0",0.555,0.9,0.64125,0.539568345323741,0.75,0.6276150627615062,0.5549999999999999,1.1184208393096924
"19,16,9,16,11,7,4,13,18,3,16,5,14,23,7",0.575,0.84,0.64125,0.5460122699386503,0.89,0.6768060836501901,0.575,1.6054015159606934
"13,14,13,15,4,12,16,17,16,6,18,19,8,10,8",0.545,0.93,0.6412499999999999,0.5692307692307692,0.37,0.4484848484848485,0.5449999999999999,1.7589912414550781
"13,14,15,15,22,12,16,17,16,6,18,19,8,22,5",0.55,0.91,0.64,0.5543478260869565,0.51,0.53125,0.55,1.7411284446716309
"12,4,23,10,14,9,4,4,11,3,9,12,19,16,15",0.66,0.58,0.6399999999999999,0.7352941176470589,0.5,0.5952380952380952,0.6599999999999999,0.8570704460144043
"19,19,15,6,22,3,12,12,10,6,17,19,8,12,20",0.525,0.98,0.63875,0.5257731958762887,0.51,0.5177664974619289,0.525,3.3769803047180176
"19,14,15,12,12,12,16,4,16,6,18,19,15,10,8",0.525,0.98,0.63875,0.5294117647058824,0.45,0.4864864864864865,0.525,2.376178503036499
"13,19,15,12,22,12,16,4,13,6,17,19,15,10,2",0.545,0.92,0.63875,0.5384615384615384,0.63,0.5806451612903226,0.545,1.3236489295959473
"19,14,13,12,4,12,16,12,13,6,18,19,15,23,5",0.535,0.95,0.6387499999999999,0.5402298850574713,0.47,0.5026737967914439,0.5349999999999999,2.2737910747528076
"17,20,10,11,13,17,4,23,15,9,8,21,1,12,19",0.605,0.73,0.63625,0.6179775280898876,0.55,0.582010582010582,0.605,1.0568265914916992
"16,15,12,3,10,19,15,0,13,0,9,7,19,10,16",0.58,0.8,0.635,0.6081081081081081,0.45,0.5172413793103449,0.58,0.8170676231384277
"17,0,18,2,14,5,6,16,13,21,8,12,10,22,17",0.59,0.77,0.635,0.56,0.84,0.672,0.59,1.0131750106811523
"19,6,13,8,16,6,11,2,4,17,0,20,14,20,14",0.56,0.86,0.635,0.5491803278688525,0.67,0.6036036036036037,0.56,1.196312665939331
"21,13,13,10,5,10,19,0,2,18,16,8,6,7,21",0.61,0.71,0.635,0.9230769230769231,0.24,0.38095238095238093,0.61,1.9021742343902588
"19,14,15,12,22,12,16,12,16,6,18,19,15,4,5",0.515,0.99,0.63375,0.5168539325842697,0.46,0.48677248677248675,0.515,2.3535263538360596
"15,10,16,5,23,6,11,10,20,6,12,4,23,10,14",0.575,0.81,0.63375,0.5590551181102362,0.71,0.6255506607929515,0.575,0.7454378604888916
"17,9,0,0,22,10,21,15,20,3,10,9,3,7,7",0.565,0.84,0.6337499999999999,0.5730337078651685,0.51,0.5396825396825397,0.565,0.7844314575195312
"13,19,15,12,22,12,16,12,10,6,17,19,15,10,2",0.555,0.87,0.6337499999999999,0.5797101449275363,0.4,0.47337278106508873,0.5549999999999999,1.3079931735992432
"18,6,5,7,0,12,3,11,13,15,11,10,9,4,17",0.555,0.87,0.6337499999999999,0.5341614906832298,0.86,0.6590038314176245,0.5549999999999999,1.0293028354644775
"12,19,16,6,22,3,13,12,6,14,7,22,1,12,20",0.66,0.55,0.6325000000000001,0.626984126984127,0.79,0.6991150442477876,0.66,0.9901077747344972
"19,16,15,12,12,8,15,4,13,8,17,19,19,7,8",0.565,0.83,0.63125,0.5424836601307189,0.83,0.6561264822134387,0.565,3.4991202354431152
"13,14,17,12,22,12,16,12,16,6,18,19,15,4,5",0.51,0.99,0.63,0.5217391304347826,0.24,0.3287671232876712,0.51,1.762089490890503
"13,14,13,12,4,12,16,17,16,6,18,19,15,4,8",0.505,1.0,0.62875,0.5054945054945055,0.46,0.4816753926701571,0.505,1.8427777290344238
"15,14,17,12,18,12,16,16,16,6,18,19,15,10,5",0.505,1.0,0.62875,0.5081967213114754,0.31,0.38509316770186336,0.505,1.8525612354278564
"0,16,5,22,4,17,17,15,6,12,14,7,19,10,11",0.505,1.0,0.62875,0.5079365079365079,0.32,0.39263803680981596,0.505,0.9036974906921387
"5,18,18,8,4,6,5,13,8,17,17,9,6,8,7",0.585,0.76,0.6287499999999999,0.5977011494252874,0.52,0.5561497326203209,0.585,1.4523544311523438
"19,10,15,12,12,3,12,4,13,6,12,19,8,7,20",0.545,0.88,0.6287499999999999,0.5283018867924528,0.84,0.6486486486486487,0.5449999999999999,1.2030177116394043
"18,19,19,4,18,2,16,4,5,7,9,14,8,7,9",0.55,0.86,0.6275000000000001,0.5268817204301075,0.98,0.6853146853146853,0.55,4.5999226570129395
"5,17,0,18,2,14,5,6,16,13,21,8,12,10,22",0.57,0.8,0.6275000000000001,0.5486111111111112,0.79,0.6475409836065574,0.5700000000000001,1.1309120655059814
"13,16,15,6,22,3,12,12,13,6,17,19,8,12,20",0.54,0.89,0.6275000000000001,0.5370370370370371,0.58,0.5576923076923077,0.54,1.055053472518921
"13,17,11,12,6,3,3,8,2,13,11,3,22,9,3",0.605,0.69,0.62625,0.6265060240963856,0.52,0.5683060109289617,0.605,0.7176463603973389
"4,19,18,11,15,17,21,10,5,5,17,18,9,10,5",0.555,0.84,0.62625,0.5555555555555556,0.55,0.5527638190954773,0.555,2.468498945236206
"6,14,14,0,17,15,13,20,0,10,21,3,10,22,11",0.575,0.78,0.62625,0.546583850931677,0.88,0.6743295019157088,0.575,0.8570756912231445
"17,11,12,6,3,3,8,2,13,11,3,22,9,3,3",0.635,0.6,0.62625,0.5957446808510638,0.84,0.6970954356846473,0.635,0.7704789638519287
"19,19,15,12,22,8,15,12,13,8,17,4,19,7,8",0.57,0.79,0.625,0.6,0.42,0.49411764705882355,0.57,3.3724961280822754
"19,19,13,12,12,8,15,12,13,8,17,4,15,12,8",0.54,0.88,0.625,0.5454545454545454,0.48,0.5106382978723404,0.54,2.929513692855835
"19,18,15,15,4,13,12,9,13,6,17,12,8,22,10",0.5,1.0,0.625,0.5,0.74,0.5967741935483871,0.5,2.2173759937286377
"13,19,15,12,22,12,16,17,16,6,17,19,15,10,2",0.53,0.91,0.625,0.5394736842105263,0.41,0.4659090909090909,0.53,1.4356300830841064
"15,13,21,15,20,14,11,5,18,9,3,13,7,14,18",0.59,0.73,0.625,0.6451612903225806,0.4,0.49382716049382713,0.5900000000000001,0.7800796031951904
"18,6,12,6,11,17,13,8,7,3,22,15,13,11,16",0.515,0.95,0.62375,0.5130434782608696,0.59,0.5488372093023256,0.515,0.9855325222015381
"14,9,20,16,21,6,2,16,4,9,0,11,3,5,20",0.59,0.72,0.6225,0.5978260869565217,0.55,0.5729166666666666,0.5900000000000001,0.9376449584960938
"11,0,16,5,22,4,17,17,15,6,12,14,7,19,10",0.55,0.84,0.6225,0.5304878048780488,0.87,0.6590909090909091,0.55,0.8279032707214355
"3,0,19,10,19,8,11,5,22,13,2,5,13,8,12",0.64,0.57,0.6225,0.6166666666666667,0.74,0.6727272727272727,0.64,1.1861376762390137
"6,7,21,5,17,0,18,2,14,5,6,16,13,21,8",0.635,0.58,0.6212500000000001,0.6285714285714286,0.66,0.6439024390243903,0.635,0.8688561916351318
"19,14,15,6,22,3,12,12,13,6,17,19,15,4,20",0.515,0.94,0.62125,0.5154639175257731,0.5,0.5076142131979695,0.515,1.8492274284362793
"13,0,14,15,4,13,12,5,2,6,17,15,13,8,10",0.565,0.79,0.62125,0.6140350877192983,0.35,0.445859872611465,0.565,0.7156949043273926
"16,9,3,20,4,14,5,3,17,6,2,14,9,22,8",0.59,0.71,0.62,0.5584415584415584,0.86,0.6771653543307087,0.59,0.856081485748291
"19,2,17,5,11,9,10,14,23,1,5,15,6,4,16",0.61,0.65,0.62,0.5808823529411765,0.79,0.6694915254237288,0.61,1.6475343704223633
"13,4,15,12,12,12,16,17,16,6,18,19,15,0,5",0.535,0.87,0.61875,0.5421686746987951,0.45,0.4918032786885246,0.535,1.87642240524292
"9,14,0,3,21,12,21,0,0,10,0,19,5,4,5",0.595,0.69,0.6187499999999999,0.5673758865248227,0.8,0.6639004149377593,0.595,0.7212798595428467
"19,19,4,12,12,8,16,4,17,21,12,4,11,10,8",0.495,0.99,0.6187499999999999,0.4966887417218543,0.75,0.5976095617529881,0.495,2.9574999809265137
"19,8,4,12,15,8,15,10,13,8,17,4,19,7,7",0.595,0.69,0.6187499999999999,0.6266666666666667,0.47,0.5371428571428571,0.595,1.5014991760253906
"0,15,21,13,13,10,5,10,19,0,2,18,16,8,6",0.595,0.69,0.6187499999999999,0.5798319327731093,0.69,0.6301369863013698,0.595,1.7232611179351807
"19,15,21,15,13,9,17,6,19,10,6,8,22,12,21",0.55,0.82,0.6175,0.5714285714285714,0.4,0.47058823529411764,0.55,1.7904384136199951
"0,7,19,8,5,8,15,14,14,4,6,14,11,16,4",0.63,0.58,0.6175,0.76,0.38,0.5066666666666667,0.63,0.634495735168457
"5,6,0,16,15,12,3,10,19,15,0,13,0,9,7",0.545,0.83,0.6162500000000001,0.536,0.67,0.5955555555555555,0.545,0.8160202503204346
"19,19,15,0,12,8,15,4,13,8,17,4,19,7,8",0.545,0.83,0.61625,0.5279503105590062,0.85,0.6513409961685823,0.5449999999999999,3.3847503662109375
"3,16,11,0,16,7,23,0,13,12,13,11,20,4,8",0.585,0.71,0.61625,0.5841584158415841,0.59,0.5870646766169154,0.585,0.8161287307739258
"4,8,23,2,13,7,3,4,4,21,5,16,5,10,5",0.61,0.63,0.615,0.6666666666666666,0.44,0.5301204819277109,0.61,0.6233301162719727
"17,19,16,0,1,5,0,5,2,13,5,14,19,10,21",0.57,0.75,0.615,0.5448717948717948,0.85,0.6640625,0.57,1.372804880142212
"13,21,15,12,22,12,16,12,16,6,17,19,13,8,2",0.57,0.75,0.615,0.5673076923076923,0.59,0.5784313725490197,0.5700000000000001,1.0865063667297363
"19,19,4,12,12,8,15,4,13,8,17,8,19,7,8",0.5,0.96,0.615,0.5,0.95,0.6551724137931034,0.5,2.8480207920074463
"13,21,15,11,19,8,9,12,19,3,19,6,13,8,16",0.565,0.76,0.61375,0.5643564356435643,0.57,0.5671641791044776,0.565,2.404463529586792
"13,14,15,8,22,12,16,12,16,6,18,19,15,10,5",0.555,0.79,0.61375,0.5932203389830508,0.35,0.44025157232704404,0.5549999999999999,1.7842612266540527
"4,18,2,16,4,5,7,9,14,8,7,9,9,8,2",0.56,0.77,0.6125,0.5375,0.86,0.6615384615384615,0.56,1.044318437576294
"19,19,15,12,22,3,15,12,13,8,17,19,19,12,20",0.55,0.8,0.6125,0.5423728813559322,0.64,0.5871559633027523,0.55,5.1088666915893555
"13,5,6,6,8,9,0,17,5,18,14,3,18,8,20",0.58,0.71,0.6124999999999999,0.6212121212121212,0.41,0.4939759036144578,0.58,0.8649439811706543
"15,15,5,19,11,9,0,9,0,8,14,5,15,13,10",0.52,0.88,0.61,0.5128205128205128,0.8,0.625,0.52,0.7795052528381348
"3,4,4,21,5,16,5,10,5,8,18,0,12,12,12",0.6,0.64,0.61,0.5574712643678161,0.97,0.708029197080292,0.6,1.6044507026672363
"19,19,13,12,22,8,15,12,13,8,17,4,19,7,20",0.525,0.86,0.60875,0.5221238938053098,0.59,0.5539906103286385,0.525,3.2697668075561523
"18,5,9,10,7,9,8,3,12,15,18,17,12,9,22",0.535,0.83,0.60875,0.5284552845528455,0.65,0.5829596412556054,0.535,1.1358089447021484
"13,14,0,3,21,12,16,0,16,6,18,19,15,4,5",0.515,0.89,0.60875,0.5168539325842697,0.46,0.48677248677248675,0.515,1.7876381874084473
"0,5,12,1,11,23,13,23,7,19,13,1,7,15,10",0.615,0.59,0.60875,0.6575342465753424,0.48,0.5549132947976878,0.615,0.7288236618041992
"13,7,11,9,3,0,15,3,0,18,9,18,11,8,23",0.595,0.65,0.60875,0.5714285714285714,0.76,0.6523605150214592,0.595,0.8920252323150635
"3,21,12,3,10,18,16,20,10,13,18,15,13,5,9",0.615,0.59,0.60875,0.5771812080536913,0.86,0.6907630522088354,0.615,0.9480047225952148
"21,17,13,7,11,9,3,0,15,3,0,18,9,18,11",0.545,0.8,0.6087499999999999,0.5428571428571428,0.57,0.5560975609756098,0.5449999999999999,2.376129150390625
"19,19,11,0,12,8,15,4,13,8,17,4,19,7,8",0.545,0.8,0.6087499999999999,0.5290322580645161,0.82,0.6431372549019608,0.5449999999999999,3.280639171600342
"18,14,4,19,2,10,0,11,16,23,7,6,11,5,9",0.54,0.81,0.6075,0.5227272727272727,0.92,0.6666666666666666,0.54,1.0040254592895508
"6,12,4,23,10,14,9,4,4,11,3,9,12,19,16",0.62,0.57,0.6074999999999999,0.6333333333333333,0.57,0.6,0.62,0.8199150562286377
"19,18,15,15,12,13,12,4,13,6,17,4,8,22,5",0.48,0.99,0.6074999999999999,0.4863013698630137,0.71,0.5772357723577236,0.48,2.1774275302886963
"18,8,20,5,5,12,19,0,1,14,6,4,6,7,8",0.565,0.73,0.60625,0.5596330275229358,0.61,0.583732057416268,0.565,0.9634912014007568
"17,22,16,12,18,18,6,5,7,0,12,3,11,13,15",0.555,0.76,0.60625,0.5401459854014599,0.74,0.6244725738396625,0.5549999999999999,1.2943952083587646
"19,14,15,12,22,12,16,12,13,6,18,19,8,12,5",0.49,0.95,0.605,0.49019607843137253,0.5,0.49504950495049505,0.49,2.1662604808807373
"19,12,15,12,12,12,16,4,16,6,18,19,15,10,8",0.48,0.98,0.605,0.4807692307692308,0.5,0.49019607843137253,0.48,2.3910701274871826
"13,14,15,12,4,12,16,12,16,6,18,19,15,10,5",0.485,0.96,0.60375,0.4594594594594595,0.17,0.24817518248175183,0.48500000000000004,1.7712721824645996
"18,13,18,15,3,3,11,9,8,2,18,19,8,10,23",0.565,0.72,0.60375,0.5631067961165048,0.58,0.5714285714285714,0.565,1.9715516567230225
"15,14,0,14,10,18,13,18,15,3,3,11,9,8,2",0.605,0.6,0.60375,0.5801526717557252,0.76,0.658008658008658,0.605,0.7776658535003662
"19,19,15,8,12,8,15,4,13,8,18,19,19,7,8",0.535,0.81,0.60375,0.52,0.91,0.6618181818181819,0.535,5.599755048751831
"13,20,2,17,15,17,16,23,16,6,18,11,15,1,17",0.575,0.69,0.60375,0.5471698113207547,0.87,0.6718146718146718,0.575,1.089742660522461
"13,14,15,15,22,12,16,13,16,6,18,19,15,10,10",0.49,0.94,0.6025,0.4838709677419355,0.3,0.37037037037037035,0.49,1.8584494590759277
"12,12,15,11,13,18,15,11,6,17,10,12,11,11,17",0.54,0.79,0.6025,0.5666666666666667,0.34,0.425,0.54,0.8638360500335693
"10,17,10,10,11,1,14,11,17,21,8,6,2,16,3",0.61,0.58,0.6025,0.5647058823529412,0.96,0.7111111111111111,0.61,0.6646018028259277
"19,19,15,12,19,8,15,16,13,8,17,4,19,7,8",0.49,0.94,0.6025,0.49038461538461536,0.51,0.5,0.49,3.3822295665740967
"19,18,11,15,17,21,10,5,5,17,18,9,10,5,21",0.52,0.85,0.6025,0.5149253731343284,0.69,0.5897435897435898,0.52,2.370060920715332
"3,19,18,15,9,11,8,19,13,3,21,13,18,14,15",0.56,0.73,0.6025,0.5625,0.54,0.5510204081632653,0.56,2.3490355014801025
"19,19,4,12,12,8,15,4,13,8,17,4,19,7,8",0.485,0.95,0.6012500000000001,0.49019607843137253,0.75,0.5928853754940712,0.485,3.279895305633545
"15,4,13,12,9,2,6,17,15,8,22,10,12,7,9",0.585,0.65,0.60125,0.5739130434782609,0.66,0.6139534883720931,0.585,0.7729794979095459
"19,4,4,12,9,1,6,17,15,8,22,10,12,7,9",0.575,0.68,0.60125,0.6,0.45,0.5142857142857142,0.575,1.214111328125
"13,18,13,12,12,13,12,4,2,6,17,15,8,22,10",0.55,0.75,0.6000000000000001,0.5416666666666666,0.65,0.5909090909090909,0.55,0.7698240280151367
"5,6,10,23,13,17,11,12,6,3,3,8,2,13,11",0.61,0.57,0.6000000000000001,0.5901639344262295,0.72,0.6486486486486487,0.61,0.7150452136993408
"19,10,13,12,12,8,15,4,13,8,5,4,19,7,8",0.53,0.81,0.6000000000000001,0.5217391304347826,0.72,0.6050420168067226,0.53,1.1391100883483887
"9,20,17,18,17,12,14,13,0,12,20,4,13,23,6",0.57,0.69,0.6000000000000001,0.547945205479452,0.8,0.6504065040650406,0.5700000000000001,1.0828447341918945
"12,23,15,19,2,17,5,11,9,10,14,23,1,5,15",0.59,0.63,0.6000000000000001,0.5789473684210527,0.66,0.616822429906542,0.5900000000000001,1.17275071144104
"13,21,14,3,5,14,12,19,6,17,9,19,12,12,15",0.52,0.84,0.6,0.5344827586206896,0.31,0.3924050632911392,0.52,1.0418875217437744
"2,2,20,7,9,1,12,14,20,16,15,11,14,16,7",0.605,0.58,0.59875,0.6909090909090909,0.38,0.49032258064516127,0.605,0.7810256481170654
"19,19,15,6,1,3,15,12,13,8,17,19,19,12,20",0.645,0.46,0.59875,0.6,0.87,0.710204081632653,0.645,5.241737365722656
"12,9,2,6,17,15,8,22,10,12,7,9,19,10,0",0.575,0.67,0.59875,0.5949367088607594,0.47,0.5251396648044693,0.575,0.7528395652770996
"15,17,21,10,5,5,17,18,9,10,5,21,12,13,14",0.555,0.73,0.5987499999999999,0.5567010309278351,0.54,0.5482233502538071,0.5549999999999999,0.9458742141723633
"12,15,18,8,13,10,2,20,14,0,14,6,0,5,10",0.57,0.68,0.5975,0.5660377358490566,0.6,0.5825242718446602,0.5700000000000001,0.7397699356079102
"13,16,15,8,12,8,15,4,13,8,17,19,19,7,8",0.56,0.71,0.5975,0.5428571428571428,0.76,0.6333333333333333,0.56,2.7539401054382324
"0,4,18,12,3,16,18,15,1,8,5,13,15,19,11",0.54,0.77,0.5975,0.527027027027027,0.78,0.6290322580645161,0.54,1.1530377864837646
"19,19,15,12,12,3,13,4,13,14,17,19,1,7,20",0.545,0.75,0.5962500000000001,0.5354330708661418,0.68,0.5991189427312775,0.545,3.4419078826904297
"4,6,14,14,0,17,15,13,20,0,10,21,3,10,22",0.565,0.69,0.5962500000000001,0.5384615384615384,0.91,0.6765799256505576,0.5650000000000001,0.8459317684173584
"11,15,3,22,13,10,14,17,18,19,0,13,18,12,1",0.585,0.63,0.59625,0.5508982035928144,0.92,0.6891385767790262,0.585,1.9379682540893555
"9,19,16,3,21,8,15,0,13,8,17,4,19,4,8",0.575,0.66,0.59625,0.5925925925925926,0.48,0.5303867403314917,0.575,1.2318954467773438
"4,17,12,10,3,22,8,22,7,0,8,14,1,1,14",0.605,0.57,0.59625,0.5614035087719298,0.96,0.7084870848708487,0.605,0.7902035713195801
"10,20,14,2,10,18,4,5,2,3,6,3,0,6,19",0.595,0.6,0.59625,0.5736434108527132,0.74,0.6462882096069869,0.595,1.6484086513519287
"15,14,17,4,18,5,4,0,18,17,1,8,15,4,15",0.57,0.67,0.5950000000000001,0.5522388059701493,0.74,0.6324786324786325,0.5700000000000001,1.608586072921753
"13,0,9,7,19,10,16,22,13,18,16,6,17,21,12",0.58,0.64,0.5950000000000001,0.5888888888888889,0.53,0.5578947368421052,0.5800000000000001,0.8524105548858643
"18,17,11,13,9,1,21,1,12,17,22,10,11,8,11",0.61,0.55,0.595,0.6486486486486487,0.48,0.5517241379310345,0.61,1.1594440937042236
"19,10,18,0,14,1,4,2,5,0,1,10,20,8,5",0.55,0.73,0.595,0.5657894736842105,0.43,0.48863636363636365,0.55,1.1605644226074219
"6,14,16,13,0,19,5,14,1,10,5,5,23,6,9",0.56,0.7,0.595,0.5344827586206896,0.93,0.6788321167883211,0.56,0.8635377883911133
"7,2,0,14,15,20,15,16,2,1,16,13,3,10,21",0.62,0.52,0.595,0.5833333333333334,0.84,0.6885245901639344,0.62,0.8507997989654541
"13,16,13,12,12,8,15,4,13,8,17,19,19,7,8",0.595,0.59,0.59375,0.5562130177514792,0.94,0.6988847583643123,0.595,2.7639384269714355
"19,19,15,6,22,4,15,12,13,8,17,19,19,12,20",0.525,0.8,0.59375,0.5190839694656488,0.68,0.5887445887445888,0.525,5.060531377792358
"7,22,17,15,11,20,16,12,17,19,15,20,17,16,17",0.61,0.54,0.5925,0.5859375,0.75,0.6578947368421053,0.61,1.3148682117462158
"0,5,0,15,21,13,13,10,5,10,19,0,2,18,16",0.56,0.69,0.5925,0.5517241379310345,0.64,0.5925925925925926,0.56,1.6927769184112549
"15,8,10,10,7,0,23,11,8,19,12,5,16,7,23",0.54,0.75,0.5925,0.5240963855421686,0.87,0.6541353383458647,0.54,0.8182494640350342
"2,8,18,4,14,1,19,0,0,17,10,16,0,23,5",0.61,0.54,0.5925,1.0,0.22,0.36065573770491804,0.61,1.0601325035095215
"12,0,16,6,22,3,13,12,6,14,3,22,1,12,20",0.59,0.6,0.5925,0.575,0.69,0.6272727272727273,0.59,0.7139990329742432
"16,1,13,14,0,10,20,14,2,10,18,4,5,2,3",0.65,0.42,0.5925,0.6041666666666666,0.87,0.7131147540983607,0.65,0.8455221652984619
"6,19,16,0,9,2,22,16,4,3,6,0,21,9,8",0.58,0.63,0.5924999999999999,0.5512820512820513,0.86,0.671875,0.58,1.3813905715942385
"10,12,5,22,1,7,9,23,4,8,3,14,15,4,9",0.575,0.64,0.5912499999999999,0.5454545454545454,0.9,0.6792452830188679,0.575,0.6675336360931396
"13,13,10,5,10,19,0,2,18,16,8,6,7,21,5",0.565,0.67,0.5912499999999999,0.5555555555555556,0.65,0.5990783410138248,0.565,1.6919147968292236
"14,10,18,13,18,15,3,3,11,9,8,2,18,19,8",0.55,0.71,0.5900000000000001,0.5316455696202531,0.84,0.6511627906976745,0.55,1.6477651596069336
"22,14,12,11,18,1,10,5,4,4,2,8,8,16,11",0.59,0.59,0.5900000000000001,0.5523255813953488,0.95,0.6985294117647058,0.59,0.7249433994293213
"14,5,21,14,8,7,7,4,14,1,2,3,3,5,3",0.63,0.47,0.5900000000000001,0.625,0.65,0.6372549019607843,0.63,0.6464166641235352
"12,7,7,7,5,22,12,0,0,13,7,11,7,21,9",0.57,0.65,0.5900000000000001,0.5411764705882353,0.92,0.6814814814814815,0.5700000000000001,0.7516632080078125
"13,14,15,12,4,12,16,12,5,6,18,19,15,10,5",0.47,0.95,0.59,0.46153846153846156,0.36,0.4044943820224719,0.47,1.7470498085021973
"1,14,6,12,7,23,8,11,2,4,5,16,21,17,13",0.605,0.54,0.58875,0.6,0.63,0.6146341463414634,0.605,1.0901930332183838
"10,16,5,23,6,11,10,20,6,12,4,23,10,14,9",0.515,0.81,0.58875,0.512396694214876,0.62,0.5610859728506787,0.515,0.6883883476257324
"10,17,11,12,2,2,6,4,14,15,7,12,0,11,20",0.555,0.69,0.5887499999999999,0.535483870967742,0.83,0.6509803921568628,0.5549999999999999,0.6794111728668213
"12,1,11,23,13,23,7,19,13,1,7,15,10,16,5",0.61,0.52,0.5875,0.6078431372549019,0.62,0.6138613861386139,0.61,0.8640336990356445
"18,17,16,1,0,16,11,5,13,18,6,13,13,20,5",0.57,0.64,0.5875,0.5416666666666666,0.91,0.6791044776119403,0.5700000000000001,1.1973052024841309
"13,7,4,17,12,10,3,22,8,22,7,0,8,14,1",0.575,0.62,0.58625,0.5443786982248521,0.92,0.6840148698884758,0.5750000000000001,0.7963643074035645
"6,5,4,0,17,16,14,3,3,23,12,1,2,11,21",0.565,0.65,0.58625,0.5384615384615384,0.91,0.6765799256505576,0.5650000000000001,0.7723832130432129
"18,0,6,19,15,7,14,12,13,14,19,7,4,6,10",0.535,0.74,0.5862499999999999,0.5214723926380368,0.85,0.6463878326996197,0.535,2.0722522735595703
"13,10,15,6,12,12,16,4,16,6,18,19,19,7,5",0.485,0.89,0.5862499999999999,0.48695652173913045,0.56,0.5209302325581395,0.485,3.4113776683807373
"14,5,13,12,7,13,15,6,9,17,6,15,0,14,23",0.565,0.65,0.5862499999999999,0.6031746031746031,0.38,0.4662576687116564,0.565,0.7351741790771484
"7,2,4,5,6,2,8,9,7,10,0,13,17,17,7",0.595,0.56,0.5862499999999999,0.5620915032679739,0.86,0.6798418972332015,0.595,0.7875189781188965
"14,0,10,20,14,2,10,18,4,5,2,3,6,3,0",0.565,0.65,0.5862499999999999,0.5942028985507246,0.41,0.48520710059171596,0.565,0.7822816371917725
"14,0,14,10,18,13,18,15,3,3,11,9,8,2,18",0.57,0.63,0.5850000000000001,0.547945205479452,0.8,0.6504065040650406,0.5700000000000001,0.7363765239715576
"7,15,10,16,5,23,6,11,10,20,6,12,4,23,10",0.6,0.54,0.585,0.5625,0.9,0.6923076923076923,0.6,0.6926097869873047
"17,19,15,14,8,5,6,5,2,6,4,6,22,7,3",0.55,0.69,0.585,0.5378787878787878,0.71,0.6120689655172413,0.55,1.2105157375335693
"4,10,18,14,4,19,2,10,0,11,16,23,7,6,11",0.54,0.72,0.585,0.5294117647058824,0.72,0.6101694915254238,0.54,0.8231847286224365
"14,1,7,22,15,15,15,19,5,18,18,9,3,15,20",0.6,0.54,0.585,0.5806451612903226,0.72,0.6428571428571429,0.6,2.2570722103118896
"16,17,19,16,0,1,5,0,5,2,13,5,14,19,10",0.54,0.72,0.585,0.5303030303030303,0.7,0.603448275862069,0.54,1.3720393180847168
"4,21,13,10,8,1,18,11,0,4,16,13,20,6,4",0.59,0.57,0.585,0.5529411764705883,0.94,0.6962962962962963,0.59,0.728614330291748
"16,11,15,19,10,4,2,22,5,9,1,11,9,19,12",0.59,0.57,0.585,0.5592105263157895,0.85,0.6746031746031746,0.59,0.8111240863800049
"13,19,13,12,12,12,16,4,16,6,17,19,15,10,2",0.48,0.9,0.585,0.46,0.23,0.30666666666666664,0.48,1.2374022006988525
"15,19,7,18,16,18,10,2,3,12,2,1,15,20,15",0.56,0.66,0.585,0.5394736842105263,0.82,0.6507936507936508,0.5599999999999999,1.0414636135101318
"3,15,12,17,4,18,5,4,16,18,17,1,8,5,13",0.555,0.67,0.58375,0.5544554455445545,0.56,0.5572139303482587,0.555,1.2436726093292236
"16,1,0,16,11,5,13,18,6,13,13,20,5,14,13",0.555,0.67,0.58375,0.5901639344262295,0.36,0.4472049689440994,0.5549999999999999,0.7440299987792969
"17,0,8,20,0,17,4,13,3,5,3,8,18,7,9",0.545,0.7,0.58375,0.5235602094240838,1.0,0.6872852233676976,0.545,0.7558598518371582
"14,11,17,21,8,6,2,16,3,6,12,10,20,12,14",0.575,0.61,0.58375,0.5510204081632653,0.81,0.6558704453441295,0.5750000000000001,0.7375657558441162
"22,10,21,15,20,3,10,9,3,7,7,21,12,3,10",0.595,0.55,0.58375,0.5555555555555556,0.95,0.7011070110701108,0.595,0.7884137630462646
"0,3,15,12,17,4,18,5,4,16,18,17,1,8,5",0.55,0.68,0.5825,0.5510204081632653,0.54,0.5454545454545454,0.55,1.2286601066589355
"10,21,15,20,3,10,9,3,7,7,21,12,3,10,23",0.57,0.62,0.5825,0.5416666666666666,0.91,0.6791044776119403,0.5700000000000001,0.8324272632598877
"16,14,6,7,7,12,11,11,8,3,3,1,12,3,20",0.59,0.56,0.5825,0.65,0.39,0.4875,0.5900000000000001,0.7934186458587646
"6,19,19,8,17,14,21,14,11,19,8,9,12,19,3",0.59,0.56,0.5825,0.5714285714285714,0.72,0.6371681415929203,0.59,2.8903939723968506
"19,10,6,8,22,12,21,8,10,10,8,10,22,0,14",0.52,0.77,0.5825,0.5138888888888888,0.74,0.6065573770491803,0.52,1.254530668258667
"10,7,9,8,3,12,15,18,17,12,9,22,1,9,16",0.645,0.39,0.58125,0.6178861788617886,0.76,0.6816143497757847,0.645,0.9596989154815674
"14,11,7,4,15,4,23,8,19,8,8,18,9,2,19",0.585,0.57,0.58125,0.5521472392638037,0.9,0.6844106463878327,0.585,0.817939043045044
"4,17,0,3,12,9,10,22,12,5,22,2,12,1,20",0.615,0.48,0.58125,0.5782312925170068,0.85,0.6882591093117408,0.615,0.8445165157318115
"19,13,3,21,13,18,14,15,4,13,12,9,2,6,17",0.545,0.69,0.5812499999999999,0.5714285714285714,0.36,0.44171779141104295,0.5449999999999999,1.3189995288848877
"13,23,0,0,17,15,2,16,13,5,1,23,12,6,3",0.555,0.66,0.5812499999999999,0.5846153846153846,0.38,0.46060606060606063,0.5549999999999999,0.7016737461090088
"9,16,11,15,19,10,4,2,22,5,9,1,11,9,19",0.59,0.55,0.5800000000000001,0.55625,0.89,0.6846153846153846,0.59,0.7711355686187744
"15,11,21,17,13,7,11,9,3,0,15,3,0,18,9",0.53,0.73,0.5800000000000001,0.5483870967741935,0.34,0.41975308641975306,0.53,0.8179519176483154
"6,23,15,12,13,8,2,11,8,11,4,10,8,3,7",0.57,0.61,0.5800000000000001,0.7333333333333333,0.22,0.3384615384615385,0.5700000000000001,1.1451997756958008
"13,12,15,0,12,8,15,16,13,8,17,19,5,13,8",0.52,0.76,0.5800000000000001,0.5384615384615384,0.28,0.3684210526315789,0.52,1.0320546627044678
"19,2,10,16,0,0,3,11,10,8,13,4,16,14,4",0.57,0.61,0.5800000000000001,0.5660377358490566,0.6,0.5825242718446602,0.5700000000000001,1.2736356258392334
"5,0,15,21,13,13,10,5,10,19,0,2,18,16,8",0.51,0.79,0.5800000000000001,0.5131578947368421,0.39,0.4431818181818182,0.51,1.7198214530944824
"6,4,0,19,8,6,1,18,19,19,4,18,2,16,4",0.59,0.55,0.5800000000000001,0.575,0.69,0.6272727272727273,0.59,4.880944490432739
"10,18,14,4,19,2,10,0,11,16,23,7,6,11,5",0.525,0.74,0.5787500000000001,0.5153374233128835,0.84,0.6387832699619772,0.525,0.8702778816223145
"19,19,15,12,22,8,15,12,13,8,17,19,1,12,20",0.525,0.74,0.5787500000000001,0.5179856115107914,0.72,0.602510460251046,0.525,3.4150357246398926
"15,4,23,8,19,8,8,18,9,2,19,12,19,9,1",0.575,0.59,0.57875,0.5789473684210527,0.55,0.5641025641025641,0.575,0.859168529510498
"13,21,17,17,0,1,16,16,21,2,16,9,8,18,13",0.565,0.62,0.57875,0.5419354838709678,0.84,0.6588235294117647,0.565,1.1071991920471191
"23,12,13,14,10,2,16,5,10,15,11,23,5,5,3",0.555,0.65,0.5787499999999999,0.5647058823529412,0.48,0.518918918918919,0.5549999999999999,0.7739918231964111
"19,6,12,0,3,23,2,8,10,7,6,20,4,10,12",0.52,0.75,0.5775,0.5188679245283019,0.55,0.5339805825242718,0.52,1.2043845653533936
"12,8,21,2,5,13,1,2,16,18,3,12,4,0,9",0.56,0.63,0.5775,0.5526315789473685,0.63,0.5887850467289719,0.56,0.7288269996643066
"17,11,13,9,1,21,1,12,17,22,10,11,8,11,13",0.56,0.63,0.5775,0.5566037735849056,0.59,0.5728155339805825,0.56,0.7926328182220459
"3,19,19,12,19,8,15,5,13,8,17,4,19,7,8",0.55,0.66,0.5775,0.5304878048780488,0.87,0.6590909090909091,0.55,3.262382984161377
"7,8,20,14,0,6,2,0,4,9,10,20,3,9,0",0.59,0.54,0.5775,0.5584415584415584,0.86,0.6771653543307087,0.59,0.6179981231689453
"9,19,4,0,12,8,21,4,0,10,0,4,5,7,8",0.58,0.57,0.5774999999999999,0.8333333333333334,0.2,0.3225806451612903,0.58,0.6559853553771973
"6,19,6,6,8,8,11,7,15,18,4,13,2,4,9",0.545,0.67,0.57625,0.5269461077844312,0.88,0.6591760299625468,0.545,1.276184320449829
"8,17,14,21,14,11,19,8,9,12,19,3,19,6,13",0.575,0.58,0.57625,0.543859649122807,0.93,0.6863468634686347,0.5750000000000001,2.378993034362793
"15,11,6,17,10,12,11,11,17,22,16,12,18,18,6",0.485,0.85,0.57625,0.48,0.36,0.4114285714285714,0.485,1.2165944576263428
"12,13,8,2,11,8,11,4,10,8,3,7,6,10,21",0.585,0.55,0.5762499999999999,0.5658914728682171,0.73,0.6375545851528385,0.585,0.7381837368011475
"5,4,15,19,1,19,15,21,15,13,9,17,6,19,10",0.535,0.7,0.5762499999999999,0.5315315315315315,0.59,0.5592417061611374,0.5349999999999999,3.1063733100891113
"10,14,9,23,0,4,10,18,14,4,19,2,10,0,11",0.535,0.7,0.5762499999999999,0.5384615384615384,0.49,0.5130890052356021,0.5349999999999999,0.9323689937591553
"14,22,10,14,13,21,14,13,13,14,5,23,7,7,3",0.555,0.64,0.5762499999999999,0.5433070866141733,0.69,0.6079295154185022,0.5549999999999999,0.824716329574585
"3,15,5,14,3,0,19,10,19,8,11,5,22,13,2",0.555,0.64,0.5762499999999999,0.5486725663716814,0.62,0.5821596244131455,0.5549999999999999,0.7629859447479248
"14,14,15,12,22,12,16,12,16,6,17,19,15,10,2",0.47,0.89,0.5750000000000001,0.47413793103448276,0.55,0.5092592592592593,0.47000000000000003,1.2840862274169922
"12,7,23,8,11,2,4,5,16,21,17,13,2,14,10",0.58,0.56,0.5750000000000001,0.5930232558139535,0.51,0.5483870967741935,0.5800000000000001,1.1408586502075195
"14,9,23,0,4,10,18,14,4,19,2,10,0,11,16",0.52,0.74,0.575,0.5121951219512195,0.84,0.6363636363636364,0.52,0.8543381690979004
"16,10,6,9,20,17,18,17,12,14,13,0,12,20,4",0.5,0.8,0.575,0.5,0.48,0.4897959183673469,0.5,1.2193615436553955
"13,14,15,12,12,12,12,4,2,6,17,19,8,4,5",0.52,0.74,0.575,0.5263157894736842,0.4,0.45454545454545453,0.52,1.025543451309204
"7,5,22,12,0,0,13,7,11,7,21,9,17,10,8",0.58,0.56,0.575,0.5454545454545454,0.96,0.6956521739130435,0.58,0.7229259014129639
"15,15,17,20,10,11,13,17,4,23,15,9,8,21,1",0.53,0.71,0.575,0.5166666666666667,0.93,0.6642857142857143,0.53,0.9634366035461426
"19,10,16,12,12,8,15,4,13,8,12,4,19,7,8",0.465,0.9,0.57375,0.4690265486725664,0.53,0.49765258215962443,0.465,1.20713472366333
"11,0,18,1,18,19,5,15,19,15,1,10,1,9,21",0.575,0.57,0.57375,0.5742574257425742,0.58,0.5771144278606966,0.575,2.527331590652466
"6,10,23,13,17,11,12,6,3,3,8,2,13,11,3",0.525,0.72,0.57375,0.518796992481203,0.69,0.592274678111588,0.5249999999999999,0.6838512420654297
"7,4,14,18,4,1,8,19,2,0,11,15,13,21,15",0.585,0.54,0.57375,0.554140127388535,0.87,0.6770428015564203,0.585,0.7918210029602051
"7,9,9,20,9,22,4,2,2,15,22,6,3,15,11",0.59,0.52,0.5725,0.575,0.69,0.6272727272727273,0.59,0.6968681812286377
"15,22,17,21,9,4,10,14,20,7,13,2,4,1,22",0.585,0.53,0.57125,0.5497076023391813,0.94,0.6937269372693727,0.585,0.76322340965271
"13,19,15,12,12,8,15,4,16,8,17,19,15,4,8",0.545,0.65,0.57125,0.5569620253164557,0.44,0.49162011173184356,0.545,1.2349693775177002
"7,4,17,15,11,20,16,9,17,19,15,20,8,19,17",0.585,0.53,0.57125,0.554140127388535,0.87,0.6770428015564203,0.585,1.6545228958129883
"12,19,3,19,6,13,8,16,6,11,2,4,17,0,20",0.51,0.75,0.5700000000000001,0.5072463768115942,0.7,0.5882352941176471,0.51,2.3047235012054443
"7,4,23,2,17,5,7,9,0,23,5,1,8,19,12",0.58,0.54,0.5700000000000001,0.5487804878048781,0.9,0.6818181818181818,0.5800000000000001,0.7124478816986084
"0,22,10,21,15,20,3,10,9,3,7,7,21,12,3",0.56,0.6,0.5700000000000001,0.5909090909090909,0.39,0.46987951807228917,0.56,0.7089560031890869
"7,22,2,12,0,20,16,0,17,19,15,20,17,16,17",0.59,0.51,0.5700000000000001,0.5692307692307692,0.74,0.6434782608695652,0.59,1.411212921142578
"19,13,1,7,15,10,16,5,23,6,11,10,20,6,12",0.59,0.51,0.5700000000000001,0.5548780487804879,0.91,0.6893939393939394,0.5900000000000001,1.2613582611083984
"19,8,10,1,7,7,11,15,8,5,1,13,19,2,7",0.57,0.57,0.5700000000000001,0.5448717948717948,0.85,0.6640625,0.57,1.3747012615203857
"18,2,14,5,6,16,13,21,8,12,10,22,17,12,16",0.56,0.6,0.57,0.5461538461538461,0.71,0.6173913043478261,0.5599999999999999,1.0242908000946045
"12,19,16,6,12,3,13,4,6,14,7,22,1,12,8",0.545,0.64,0.5687500000000001,0.5276073619631901,0.86,0.6539923954372624,0.545,0.8757438659667969
"19,19,13,12,12,3,13,4,13,14,17,19,1,12,20",0.485,0.82,0.5687500000000001,0.48739495798319327,0.58,0.5296803652968036,0.485,3.316558837890625
"7,4,17,12,10,3,22,8,22,7,0,8,14,1,1",0.575,0.55,0.56875,0.5449101796407185,0.91,0.6816479400749064,0.575,0.7842755317687988
"21,10,5,5,17,18,9,10,5,21,12,13,14,23,8",0.565,0.58,0.56875,0.6666666666666666,0.26,0.37410071942446044,0.565,0.9417343139648438
"12,7,14,8,20,10,19,10,15,19,1,6,2,2,3",0.57,0.56,0.5675000000000001,0.5813953488372093,0.5,0.5376344086021505,0.5700000000000001,1.0149168968200684
"15,9,8,0,13,14,4,2,9,2,19,4,11,3,23",0.53,0.68,0.5675,0.5214285714285715,0.73,0.6083333333333333,0.53,0.7297208309173584
"14,20,16,15,11,14,16,7,15,1,13,4,10,23,8",0.505,0.75,0.56625,0.5050505050505051,0.5,0.5025125628140703,0.505,0.8342366218566895
"4,19,14,12,12,8,15,4,21,8,17,1,19,7,8",0.525,0.69,0.56625,0.5242718446601942,0.54,0.5320197044334976,0.525,1.6150672435760498
"13,16,15,0,12,8,15,2,13,8,17,19,19,7,8",0.505,0.75,0.56625,0.5045871559633027,0.55,0.5263157894736842,0.505,2.734325647354126
"15,12,13,12,12,5,4,4,18,17,1,8,5,13,15",0.505,0.75,0.56625,0.5057471264367817,0.44,0.47058823529411764,0.505,0.8943195343017578
"11,15,17,21,10,5,5,17,18,9,10,5,21,12,13",0.505,0.75,0.56625,0.504424778761062,0.57,0.5352112676056338,0.505,0.9192321300506592
"15,18,17,11,13,9,1,21,1,12,17,22,10,11,8",0.585,0.51,0.5662499999999999,0.554140127388535,0.87,0.6770428015564203,0.585,1.044931411743164
"5,9,4,5,15,3,12,13,12,5,3,6,10,6,1",0.555,0.6,0.5662499999999999,0.5647058823529412,0.48,0.518918918918919,0.5549999999999999,0.571427583694458
"9,19,0,12,21,8,15,4,0,8,17,19,5,4,8",0.555,0.6,0.5662499999999999,0.5341614906832298,0.86,0.6590038314176245,0.5549999999999999,1.0010416507720947
"5,13,8,17,17,9,6,8,7,20,2,1,9,6,20",0.555,0.6,0.5662499999999999,0.7619047619047619,0.16,0.2644628099173554,0.5549999999999999,0.7350265979766846
"10,16,22,13,18,16,6,17,21,12,20,11,8,5,1",0.535,0.66,0.5662499999999999,0.5275590551181102,0.67,0.5903083700440529,0.535,0.8531050682067871
"15,11,23,5,5,3,10,14,12,9,5,2,13,11,19",0.59,0.49,0.5650000000000001,0.6097560975609756,0.5,0.5494505494505495,0.5900000000000001,0.7605311870574951
"1,17,12,9,16,11,15,19,10,4,2,22,5,9,1",0.55,0.61,0.5650000000000001,0.5568181818181818,0.49,0.5212765957446809,0.55,0.8356583118438721
"14,10,2,16,5,10,15,11,23,5,5,3,10,14,12",0.53,0.67,0.565,0.5202702702702703,0.77,0.6209677419354839,0.53,0.7619459629058838
"21,5,17,0,18,2,14,5,6,16,13,21,8,12,10",0.5,0.76,0.565,0.5,0.22,0.3055555555555556,0.5,2.607307195663452
"7,19,2,0,9,2,22,16,4,3,6,0,21,9,8",0.565,0.56,0.5637500000000001,0.5380116959064327,0.92,0.6789667896678967,0.5650000000000001,0.6929645538330078
"19,10,19,8,11,5,22,13,2,5,13,8,12,9,9",0.485,0.8,0.56375,0.4794520547945205,0.35,0.4046242774566474,0.485,1.2796270847320557
"16,12,18,18,6,5,7,0,12,3,11,13,15,11,10",0.535,0.65,0.56375,0.5217391304347826,0.84,0.6436781609195402,0.535,1.2376766204833984
"10,15,11,23,5,5,3,10,14,12,9,5,2,13,11",0.535,0.65,0.56375,0.52046783625731,0.89,0.6568265682656826,0.535,0.7438116073608398
"0,9,12,23,15,19,2,17,5,11,9,10,14,23,1",0.535,0.65,0.56375,0.5353535353535354,0.53,0.5326633165829145,0.535,1.1741228103637695
"4,0,19,8,6,1,18,19,19,4,18,2,16,4,5",0.56,0.57,0.5625,0.5681818181818182,0.5,0.5319148936170213,0.56,4.840946197509766
"10,9,3,7,7,21,12,3,10,23,16,12,21,8,13",0.56,0.57,0.5625,0.536144578313253,0.89,0.6691729323308271,0.56,0.8344409465789795
"9,10,19,6,5,13,2,3,17,7,4,8,14,7,3",0.54,0.63,0.5625,0.5289855072463768,0.73,0.6134453781512605,0.54,0.6611530780792236
"18,1,10,5,4,4,2,8,8,16,11,6,10,15,1",0.555,0.58,0.56125,0.5486725663716814,0.62,0.5821596244131455,0.5549999999999999,0.959758996963501
"20,3,13,13,15,2,12,12,22,15,8,13,11,23,12",0.555,0.58,0.56125,0.5578947368421052,0.53,0.5435897435897435,0.5549999999999999,0.8796541690826416
"23,17,0,20,12,19,18,2,10,3,4,9,4,12,22",0.535,0.64,0.56125,0.5181347150259067,1.0,0.6825938566552902,0.535,3.2946436405181885
"15,3,22,13,10,14,17,18,19,0,13,18,12,1,7",0.505,0.73,0.56125,0.5041322314049587,0.61,0.5520361990950227,0.505,1.9538097381591797
"14,3,18,8,20,5,5,12,19,0,1,14,6,4,6",0.545,0.61,0.56125,0.5428571428571428,0.57,0.5560975609756098,0.5449999999999999,0.7350931167602539
"19,4,1,9,13,16,1,18,11,17,5,6,4,22,8",0.555,0.58,0.56125,0.5591397849462365,0.52,0.538860103626943,0.5549999999999999,1.2907922267913818
"23,16,17,19,16,0,1,5,0,5,2,13,5,14,19",0.51,0.71,0.56,0.5089285714285714,0.57,0.5377358490566038,0.51,2.2307679653167725
"9,12,19,16,15,5,23,12,13,14,10,2,16,5,10",0.55,0.59,0.56,0.5328947368421053,0.81,0.6428571428571429,0.55,0.9084150791168213
"10,4,2,22,5,9,1,11,9,19,12,4,11,4,22",0.54,0.62,0.56,0.5408163265306123,0.53,0.5353535353535354,0.54,0.6573755741119385
"8,7,3,22,15,13,11,16,0,9,18,14,5,22,7",0.525,0.66,0.5587500000000001,0.5342465753424658,0.39,0.4508670520231214,0.525,0.7335968017578125
"5,6,0,16,3,12,3,15,19,15,0,13,0,9,10",0.505,0.72,0.5587500000000001,0.5056179775280899,0.45,0.47619047619047616,0.505,0.9016768932342529
"18,8,4,6,5,13,8,17,17,9,6,8,7,20,2",0.545,0.6,0.55875,0.5245901639344263,0.96,0.6784452296819788,0.5449999999999999,1.0394647121429443
"8,4,6,5,13,8,17,17,9,6,8,7,20,2,1",0.555,0.57,0.55875,0.535031847133758,0.84,0.6536964980544747,0.5549999999999999,0.6937477588653564
"16,5,23,6,11,10,20,6,12,4,23,10,14,9,4",0.475,0.81,0.55875,0.4838709677419355,0.75,0.5882352941176471,0.475,0.8334455490112305
"12,14,20,16,15,11,14,16,7,15,1,13,4,10,23",0.515,0.69,0.55875,0.5132743362831859,0.58,0.5446009389671361,0.515,0.7654781341552734
"5,11,10,10,4,16,9,11,3,5,10,19,1,14,6",0.535,0.63,0.55875,0.5353535353535354,0.53,0.5326633165829145,0.535,0.8872559070587158
"15,11,20,9,17,9,0,0,22,10,21,15,20,3,10",0.535,0.63,0.55875,0.5376344086021505,0.5,0.5181347150259067,0.5349999999999999,0.9157624244689941
"20,12,0,16,9,11,10,7,1,8,16,13,15,2,16",0.59,0.46,0.5575000000000001,0.5775862068965517,0.67,0.6203703703703703,0.5900000000000001,0.7163166999816895
"10,18,16,20,10,13,18,15,13,5,9,20,13,3,18",0.55,0.58,0.5575000000000001,0.5304878048780488,0.87,0.6590909090909091,0.55,0.7899024486541748
"4,16,1,3,15,5,14,3,0,19,10,19,8,11,5",0.55,0.58,0.5575000000000001,0.5568181818181818,0.49,0.5212765957446809,0.55,0.7598605155944824
"12,14,22,10,14,13,21,14,13,13,14,5,23,7,7",0.48,0.79,0.5575,0.47368421052631576,0.36,0.4090909090909091,0.48,0.7835140228271484
"10,12,7,9,19,10,0,6,22,9,19,1,0,13,11",0.535,0.62,0.55625,0.52,0.91,0.6618181818181819,0.535,0.897968053817749
"13,16,8,8,12,8,15,4,13,8,17,19,19,7,8",0.535,0.62,0.55625,0.5185185185185185,0.98,0.6782006920415224,0.535,2.7164721488952637
"19,12,19,13,10,17,2,6,13,6,18,10,14,5,22",0.475,0.8,0.5562499999999999,0.47368421052631576,0.45,0.46153846153846156,0.475,1.2241566181182861
"0,11,10,15,9,6,4,0,19,8,6,1,18,19,19",0.555,0.56,0.5562499999999999,0.5419847328244275,0.71,0.6147186147186147,0.5549999999999999,3.1835732460021973
"9,12,3,4,15,20,8,2,11,7,18,17,9,16,5",0.56,0.54,0.555,0.5352941176470588,0.91,0.674074074074074,0.56,0.7734811305999756
"19,8,3,14,12,8,22,3,12,5,16,11,0,19,6",0.54,0.6,0.555,0.5408163265306123,0.53,0.5353535353535354,0.54,1.173846960067749
"4,16,18,17,1,8,5,13,15,0,11,1,14,3,8",0.52,0.66,0.555,0.5175438596491229,0.59,0.5514018691588785,0.52,0.9491415023803711
"16,15,5,23,12,13,14,10,2,16,5,10,15,11,23",0.46,0.84,0.555,0.45454545454545453,0.4,0.425531914893617,0.46,0.778071403503418
"19,8,9,12,19,3,19,6,13,8,16,6,11,2,4",0.53,0.63,0.555,0.5277777777777778,0.57,0.5480769230769231,0.53,2.9646060466766357
"14,13,16,9,2,22,12,7,7,17,7,16,1,11,11",0.52,0.66,0.555,0.5153846153846153,0.67,0.5826086956521739,0.52,0.8853044509887695
"0,18,2,14,5,6,16,13,21,8,12,10,22,17,12",0.53,0.63,0.555,0.5189873417721519,0.82,0.6356589147286822,0.53,1.0170295238494873
"10,18,13,18,15,3,3,11,9,8,2,18,19,8,10",0.51,0.69,0.5549999999999999,0.5108695652173914,0.47,0.4895833333333333,0.51,1.6366355419158936
"11,16,4,23,5,13,0,3,13,1,12,11,23,15,22",0.51,0.69,0.5549999999999999,0.5111111111111111,0.46,0.4842105263157895,0.51,0.7420718669891357
"10,13,12,8,21,2,5,13,1,2,16,18,3,12,4",0.555,0.55,0.55375,0.6774193548387096,0.21,0.32061068702290074,0.555,0.7230298519134521
"3,18,8,20,5,5,12,19,0,1,14,6,4,6,7",0.565,0.52,0.55375,0.6031746031746031,0.38,0.4662576687116564,0.565,0.9798815250396729
"22,11,6,1,3,2,3,9,3,19,9,7,20,9,0",0.565,0.52,0.55375,0.5915492957746479,0.42,0.49122807017543857,0.565,0.8206655979156494
"16,5,10,15,11,23,5,5,3,10,14,12,9,5,2",0.505,0.7,0.55375,0.5038167938931297,0.66,0.5714285714285714,0.505,0.8170685768127441
"17,21,9,4,10,14,20,7,13,2,4,1,22,9,6",0.505,0.7,0.55375,0.5027932960893855,0.9,0.6451612903225806,0.505,0.8484892845153809
"1,1,18,9,16,19,18,17,4,10,19,0,6,0,7",0.575,0.49,0.55375,0.5842696629213483,0.52,0.5502645502645502,0.575,2.3876583576202393
"14,16,13,0,19,5,14,1,10,5,5,23,6,9,14",0.54,0.59,0.5525,0.5512820512820513,0.43,0.48314606741573035,0.54,0.751910924911499
"13,18,15,12,12,13,12,12,13,6,17,4,8,4,8",0.44,0.89,0.5525,0.4387755102040816,0.43,0.43434343434343436,0.44,0.7581355571746826
"9,19,10,0,6,22,9,19,1,0,13,11,4,10,14",0.555,0.54,0.55125,0.5419847328244275,0.71,0.6147186147186147,0.5549999999999999,0.7408139705657959
"1,22,14,12,11,18,1,10,5,4,4,2,8,8,16",0.545,0.57,0.55125,0.5260115606936416,0.91,0.6666666666666666,0.545,0.7258415222167969
"4,13,18,3,16,5,14,23,7,21,12,14,4,3,8",0.515,0.66,0.55125,0.5076923076923077,0.99,0.6711864406779661,0.515,0.8662636280059814
"15,1,19,5,0,11,10,15,9,6,4,0,19,8,6",0.535,0.6,0.55125,0.5368421052631579,0.51,0.5230769230769231,0.535,0.7403392791748047
"16,12,21,13,23,0,0,17,15,2,16,13,5,1,23",0.485,0.75,0.55125,0.4896551724137931,0.71,0.5795918367346938,0.485,0.903571367263794
"11,15,13,21,15,20,14,11,5,18,9,3,13,7,14",0.5,0.7,0.55,0.5,0.31,0.38271604938271603,0.5,0.766624927520752
"5,4,16,18,17,1,8,5,13,15,0,11,1,14,3",0.53,0.61,0.55,0.525,0.63,0.5727272727272728,0.53,0.9573655128479004
"6,13,8,16,6,11,2,4,17,0,20,14,20,14,16",0.52,0.64,0.55,0.524390243902439,0.43,0.4725274725274725,0.52,0.6986424922943115
"12,13,16,15,22,7,3,12,6,6,16,22,1,12,22",0.56,0.52,0.55,0.875,0.14,0.2413793103448276,0.56,0.8606648445129395
"19,9,22,11,6,1,3,2,3,9,3,19,9,7,20",0.56,0.52,0.55,0.532258064516129,0.99,0.6923076923076923,0.56,1.1948494911193848
"2,16,5,10,15,11,23,5,5,3,10,14,12,9,5",0.51,0.67,0.55,0.5111111111111111,0.46,0.4842105263157895,0.51,0.7420618534088135
"5,18,14,3,18,8,20,5,5,12,19,0,1,14,6",0.545,0.56,0.5487500000000001,0.5789473684210527,0.33,0.42038216560509556,0.545,1.080869436264038
"13,14,15,12,22,12,1,12,16,6,18,19,15,10,5",0.525,0.62,0.5487500000000001,0.5132275132275133,0.97,0.671280276816609,0.525,1.755415678024292
"6,5,16,0,17,16,14,3,3,23,12,1,2,11,21",0.505,0.68,0.5487500000000001,0.5043478260869565,0.58,0.5395348837209303,0.505,0.8306386470794678
"10,14,9,4,4,11,3,9,12,19,16,15,5,23,12",0.495,0.71,0.54875,0.4959349593495935,0.61,0.547085201793722,0.495,0.8598494529724121
"2,14,12,16,14,14,2,13,3,4,22,15,4,13,18",0.555,0.53,0.54875,0.5426356589147286,0.7,0.611353711790393,0.5549999999999999,0.76772141456604
"23,6,11,10,20,6,12,4,23,10,14,9,4,4,11",0.545,0.56,0.54875,0.5251396648044693,0.94,0.6738351254480287,0.5449999999999999,0.780524492263794
"8,18,9,2,19,12,19,9,1,4,17,10,17,19,0",0.59,0.42,0.5475000000000001,0.6451612903225806,0.4,0.49382716049382713,0.5900000000000001,1.0218596458435059
"15,22,11,7,13,23,2,6,14,9,8,4,3,2,11",0.54,0.57,0.5475000000000001,0.5224719101123596,0.93,0.6690647482014388,0.54,0.9064223766326904
"11,13,17,4,23,15,9,8,21,1,12,19,1,1,6",0.56,0.51,0.5475000000000001,0.541095890410959,0.79,0.6422764227642277,0.56,1.1825768947601318
"16,21,2,3,7,9,9,20,9,22,4,2,2,15,22",0.55,0.54,0.5475000000000001,0.53125,0.85,0.6538461538461539,0.55,0.8567914962768555
"23,0,13,18,15,22,10,11,1,20,1,13,13,4,18",0.54,0.57,0.5475000000000001,0.525,0.84,0.6461538461538462,0.54,0.8201248645782471
"17,13,0,8,11,14,0,8,14,0,12,13,4,11,21",0.47,0.78,0.5475,0.4765625,0.61,0.5350877192982456,0.47,0.761174201965332
"16,13,0,19,5,14,1,10,5,5,23,6,9,14,21",0.51,0.66,0.5475,0.5094339622641509,0.54,0.5242718446601942,0.51,0.7640619277954102
"18,15,15,5,18,18,8,4,6,5,13,8,17,17,9",0.485,0.73,0.54625,0.48951048951048953,0.7,0.5761316872427984,0.485,1.6021409034729004
"2,1,5,0,23,15,16,0,8,13,15,13,7,4,17",0.565,0.49,0.5462499999999999,0.5347593582887701,1.0,0.6968641114982579,0.565,1.0448198318481445
"8,1,12,21,4,5,7,19,8,4,1,6,3,3,22",0.565,0.49,0.5462499999999999,0.5359116022099447,0.97,0.6903914590747331,0.565,0.6091952323913574
"9,11,3,5,10,19,1,14,6,12,7,23,8,11,2",0.53,0.59,0.545,0.5164835164835165,0.94,0.6666666666666666,0.53,0.9554741382598877
"18,16,18,17,2,7,15,6,19,9,12,18,15,10,20",0.46,0.8,0.5449999999999999,0.4583333333333333,0.44,0.4489795918367347,0.45999999999999996,1.6961009502410889
"18,3,16,5,14,23,7,21,12,14,4,3,8,7,9",0.48,0.74,0.5449999999999999,0.4824561403508772,0.55,0.514018691588785,0.48,1.0835165977478027
"5,13,15,0,11,1,14,3,8,1,6,23,8,3,14",0.525,0.6,0.5437500000000001,0.5128205128205128,1.0,0.6779661016949152,0.525,0.7255232334136963
"11,14,2,12,17,1,15,7,7,1,2,13,16,23,17",0.605,0.36,0.54375,0.5695364238410596,0.86,0.6852589641434262,0.605,1.0502192974090576
"17,12,5,14,4,3,5,21,7,17,18,5,6,9,23",0.515,0.63,0.54375,0.5076142131979695,1.0,0.6734006734006734,0.515,0.8958280086517334
"12,7,9,10,3,3,16,12,21,13,23,0,0,17,15",0.545,0.54,0.54375,0.5737704918032787,0.35,0.43478260869565216,0.5449999999999999,0.8393659591674805
"3,12,13,12,5,3,6,10,6,1,22,16,15,8,1",0.575,0.45,0.54375,0.7272727272727273,0.24,0.3609022556390977,0.575,0.7720034122467041
"22,4,17,17,15,6,12,14,7,19,10,11,11,11,22",0.515,0.63,0.54375,0.5079365079365079,0.96,0.6643598615916955,0.515,1.070349931716919
"13,9,1,21,1,12,17,22,10,11,8,11,13,0,4",0.555,0.51,0.54375,0.5454545454545454,0.66,0.5972850678733032,0.555,0.7408697605133057
"8,9,10,5,7,2,22,3,3,12,15,18,8,13,10",0.53,0.58,0.5425,0.5164835164835165,0.94,0.6666666666666666,0.53,0.8690595626831055
"17,21,8,6,2,16,3,6,12,10,20,12,14,12,15",0.52,0.61,0.5425,0.5196078431372549,0.53,0.5247524752475248,0.52,0.9200007915496826
"1,22,9,2,7,0,14,19,8,10,21,11,2,20,3",0.54,0.55,0.5425,0.525,0.84,0.6461538461538462,0.54,0.6892406940460205
"13,13,15,2,12,12,22,15,8,13,11,23,12,7,9",0.51,0.64,0.5425,0.50625,0.81,0.6230769230769231,0.51,0.93684983253479
"22,11,7,13,23,2,6,14,9,8,4,3,2,11,12",0.51,0.64,0.5425,0.52,0.26,0.3466666666666667,0.51,0.8195598125457764
"14,13,13,14,5,23,7,7,3,9,23,16,16,17,0",0.51,0.64,0.5425,0.5096153846153846,0.53,0.5196078431372549,0.51,0.7860755920410156
"4,18,5,4,16,18,17,1,8,5,13,15,0,11,1",0.53,0.58,0.5425,0.55,0.33,0.4125,0.53,1.3450043201446533
"18,14,3,18,8,20,5,5,12,19,0,1,14,6,4",0.52,0.61,0.5425,0.5113636363636364,0.9,0.6521739130434783,0.52,1.0313160419464111
"20,9,10,19,6,5,13,2,3,17,7,4,8,14,7",0.565,0.47,0.54125,0.5970149253731343,0.4,0.47904191616766467,0.565,0.6653873920440674
"5,10,15,11,23,5,5,3,10,14,12,9,5,2,13",0.525,0.59,0.54125,0.5308641975308642,0.43,0.47513812154696133,0.525,0.6791081428527832
"11,23,5,5,3,10,14,12,9,5,2,13,11,19,18",0.505,0.65,0.54125,0.5037593984962406,0.67,0.575107296137339,0.505,1.5273313522338867
"10,0,13,0,2,1,4,4,15,2,1,1,13,10,7",0.525,0.59,0.54125,0.5133689839572193,0.96,0.6689895470383276,0.525,0.5907328128814697
"13,10,17,10,10,11,1,14,11,17,21,8,6,2,16",0.575,0.44,0.54125,0.6027397260273972,0.44,0.5086705202312138,0.575,0.7876648902893066
"13,20,14,15,4,13,12,9,2,6,6,15,8,22,10",0.49,0.69,0.54,0.49382716049382713,0.8,0.6106870229007634,0.49,0.8435695171356201
"10,6,8,22,12,21,8,10,10,8,10,22,0,14,3",0.57,0.45,0.54,0.75,0.21,0.328125,0.5700000000000001,0.8116006851196289
"10,0,11,16,23,7,6,11,5,9,22,15,19,2,13",0.52,0.6,0.54,0.5108695652173914,0.94,0.6619718309859155,0.52,0.8494505882263184
"18,8,13,10,2,20,14,0,14,6,0,5,10,0,0",0.48,0.72,0.54,0.4722222222222222,0.34,0.3953488372093023,0.48,0.9192872047424316
"8,9,15,15,17,20,10,11,13,17,4,23,15,9,8",0.56,0.48,0.5399999999999999,0.5857142857142857,0.41,0.4823529411764706,0.5599999999999999,0.9764838218688965
"12,11,18,1,10,5,4,4,2,8,8,16,11,6,10",0.545,0.52,0.5387500000000001,0.5957446808510638,0.28,0.38095238095238093,0.545,0.7234430313110352
"13,14,0,3,21,13,21,0,10,10,0,19,5,4,5",0.505,0.64,0.5387500000000001,0.5076923076923077,0.33,0.4,0.505,0.718996524810791
"6,12,5,15,11,20,9,17,9,0,0,22,10,21,15",0.57,0.44,0.5375000000000001,0.5673076923076923,0.59,0.5784313725490197,0.5700000000000001,0.8687446117401123
"12,2,16,6,22,3,13,14,6,14,7,22,14,16,20",0.51,0.62,0.5375000000000001,0.5084745762711864,0.6,0.5504587155963303,0.51,0.7696743011474609
"9,1,2,8,1,21,7,17,7,9,10,13,3,1,18",0.54,0.53,0.5375000000000001,0.5222222222222223,0.94,0.6714285714285714,0.54,0.8485972881317139
"10,2,6,23,15,12,13,8,2,11,8,11,4,10,8",0.57,0.44,0.5375000000000001,0.5686274509803921,0.58,0.5742574257425742,0.5700000000000001,0.6564719676971436
"12,3,4,15,20,8,2,11,7,18,17,9,16,5,9",0.56,0.47,0.5375000000000001,0.5526315789473685,0.63,0.5887850467289719,0.56,0.935661792755127
"10,15,1,19,5,0,11,10,15,9,6,4,0,19,8",0.52,0.59,0.5375000000000001,0.5128205128205128,0.8,0.625,0.52,0.74753737449646
"9,4,4,11,3,9,12,19,16,15,5,23,12,13,14",0.49,0.68,0.5375,0.4935064935064935,0.76,0.5984251968503937,0.49,1.010542869567871
"22,6,12,5,15,11,20,9,17,9,0,0,22,10,21",0.5,0.65,0.5375,0.5,0.67,0.5726495726495726,0.5,0.7109265327453613
"0,12,3,11,13,15,11,10,9,4,17,0,3,12,9",0.51,0.62,0.5375,0.509090909090909,0.56,0.5333333333333333,0.51,0.729315996170044
"9,14,9,15,17,9,17,18,10,15,17,19,15,14,8",0.51,0.62,0.5375,0.5074626865671642,0.68,0.5811965811965812,0.51,1.48846435546875
"7,9,19,10,0,6,22,9,19,1,0,13,11,4,10",0.545,0.51,0.5362500000000001,0.5235602094240838,1.0,0.6872852233676976,0.545,0.7686281204223633
"3,5,14,12,19,6,17,9,19,12,12,15,11,13,18",0.565,0.45,0.5362500000000001,0.7407407407407407,0.2,0.31496062992125984,0.5650000000000001,1.0421431064605713
"14,12,6,19,6,6,8,8,11,7,15,18,4,13,2",0.425,0.87,0.53625,0.4503311258278146,0.68,0.5418326693227091,0.42500000000000004,0.764824390411377
"10,2,16,5,10,15,11,23,5,5,3,10,14,12,9",0.535,0.54,0.53625,0.518918918918919,0.96,0.6736842105263158,0.535,0.6714625358581543
"8,9,12,19,3,19,6,13,8,16,6,11,2,4,17",0.505,0.63,0.53625,0.5025906735751295,0.97,0.6621160409556314,0.505,2.3722052574157715
"6,9,20,17,18,17,12,14,13,0,12,20,4,13,23",0.505,0.63,0.53625,0.5042735042735043,0.59,0.543778801843318,0.505,1.0562214851379395
"3,15,5,14,9,0,19,16,19,8,11,5,22,13,8",0.535,0.54,0.5362499999999999,0.6842105263157895,0.13,0.2184873949579832,0.5349999999999999,1.0540611743927002
"20,15,23,7,0,21,1,0,11,10,4,22,10,20,7",0.53,0.55,0.535,0.5272727272727272,0.58,0.5523809523809524,0.53,0.7855684757232666
"0,8,13,15,13,7,4,17,12,10,3,22,8,22,7",0.51,0.61,0.535,0.5059523809523809,0.85,0.6343283582089553,0.51,0.7613809108734131
"10,4,9,9,19,2,10,16,0,0,3,11,10,8,13",0.5,0.64,0.535,0.5,0.62,0.5535714285714286,0.5,0.7372477054595947
"6,5,13,2,3,17,7,4,8,14,7,3,1,13,8",0.52,0.58,0.535,0.5149253731343284,0.69,0.5897435897435898,0.52,0.696413516998291
"17,6,19,10,6,8,22,12,21,8,10,10,8,10,22",0.49,0.67,0.5349999999999999,0.49122807017543857,0.56,0.5233644859813084,0.49,1.1723663806915283
"13,12,3,13,9,9,13,17,22,6,8,1,2,0,2",0.505,0.62,0.5337500000000001,0.5030674846625767,0.82,0.623574144486692,0.505,0.7423298358917236
"6,11,17,13,8,7,3,22,15,13,11,16,0,9,18",0.525,0.56,0.5337500000000001,0.5233644859813084,0.56,0.5410628019323671,0.525,0.9046998023986816
"10,19,15,0,13,0,9,7,19,10,16,22,13,18,16",0.505,0.62,0.5337500000000001,0.5053763440860215,0.47,0.48704663212435234,0.505,0.8168165683746338
"16,1,3,15,5,14,3,0,19,10,19,8,11,5,22",0.545,0.5,0.53375,0.5652173913043478,0.39,0.46153846153846156,0.5449999999999999,0.7394390106201172
"8,1,4,16,5,15,9,8,0,13,14,4,2,9,2",0.515,0.59,0.53375,0.5128205128205128,0.6,0.5529953917050692,0.515,0.6556341648101807
"10,14,18,5,9,10,7,9,8,3,12,15,18,17,12",0.515,0.59,0.53375,0.5078534031413613,0.97,0.6666666666666666,0.515,0.852487325668335
"3,22,8,22,7,0,8,14,1,1,14,19,8,10,1",0.515,0.59,0.53375,0.5085714285714286,0.89,0.6472727272727272,0.515,0.7290337085723877
"12,19,16,15,5,23,12,13,14,10,2,16,5,10,15",0.465,0.74,0.53375,0.44776119402985076,0.3,0.3592814371257485,0.46499999999999997,0.9066979885101318
"19,10,4,2,22,5,9,1,11,9,19,12,4,11,4",0.51,0.6,0.5325,0.5555555555555556,0.1,0.1694915254237288,0.51,1.224841594696045
"5,15,9,8,0,13,14,4,2,9,2,19,4,11,3",0.49,0.66,0.5325,0.48936170212765956,0.46,0.4742268041237113,0.49,0.7845830917358398
"0,0,3,15,12,17,4,18,5,4,16,18,17,1,8",0.51,0.6,0.5325,0.5074626865671642,0.68,0.5811965811965812,0.51,1.2813694477081299
"14,16,0,3,1,10,13,12,8,21,2,5,13,1,2",0.57,0.42,0.5325,0.5397727272727273,0.95,0.6884057971014492,0.57,0.6972322463989258
"10,13,17,15,11,7,3,12,11,6,16,23,6,10,22",0.49,0.66,0.5325,0.4878048780487805,0.4,0.4395604395604395,0.49,0.7587406635284424
"20,10,19,10,15,19,1,6,2,2,3,10,14,9,23",0.5,0.63,0.5325,0.5,0.3,0.375,0.5,1.1882154941558838
"17,10,13,21,17,17,0,1,16,16,21,2,16,9,8",0.49,0.66,0.5325,0.49166666666666664,0.59,0.5363636363636364,0.49,1.2017629146575928
"3,7,9,9,20,9,22,4,2,2,15,22,6,3,15",0.56,0.45,0.5325,0.603448275862069,0.35,0.4430379746835443,0.56,0.8013439178466797
"6,12,6,11,17,13,8,7,3,22,15,13,11,16,0",0.49,0.66,0.5325,0.4945652173913043,0.91,0.6408450704225352,0.49,0.7489943504333496
"4,15,4,23,8,19,8,8,18,9,2,19,12,19,9",0.49,0.66,0.5325,0.4925373134328358,0.66,0.5641025641025641,0.49,0.7999897003173828
"6,16,13,21,8,12,10,22,17,12,16,15,8,8,2",0.515,0.58,0.53125,0.5114503816793893,0.67,0.5800865800865801,0.515,0.7913963794708252
"16,15,8,1,4,16,5,15,9,8,0,13,14,4,2",0.525,0.55,0.53125,0.5157232704402516,0.82,0.6332046332046332,0.525,0.7569916248321533
"13,19,15,0,12,3,16,4,16,6,18,19,15,7,20",0.385,0.97,0.53125,0.23255813953488372,0.1,0.13986013986013987,0.385,1.9072933197021484
"4,11,3,9,12,19,16,15,5,23,12,13,14,10,2",0.495,0.64,0.53125,0.49557522123893805,0.56,0.5258215962441315,0.495,0.9812154769897461
"9,10,7,9,8,3,12,15,18,17,12,9,22,1,9",0.525,0.55,0.53125,0.5133689839572193,0.96,0.6689895470383276,0.525,0.9393718242645264
"14,12,16,14,14,2,13,3,4,22,15,4,13,18,4",0.465,0.73,0.53125,0.4461538461538462,0.29,0.3515151515151515,0.46499999999999997,0.76570725440979
"12,19,17,4,17,11,13,15,13,17,19,8,23,11,16",0.465,0.73,0.53125,0.46534653465346537,0.47,0.46766169154228854,0.46499999999999997,1.5334866046905518
"19,19,14,15,12,8,15,4,13,8,17,4,19,7,8",0.505,0.61,0.53125,0.5025380710659898,0.99,0.6666666666666666,0.505,3.26586651802063
"4,19,2,10,0,11,16,23,7,6,11,5,9,22,15",0.525,0.55,0.53125,0.5129533678756477,0.99,0.6757679180887372,0.525,1.2724652290344238
"12,7,16,14,6,7,7,12,11,11,8,3,3,1,12",0.535,0.52,0.53125,0.5636363636363636,0.31,0.4,0.535,0.7875611782073975
"18,16,6,17,21,12,20,11,8,5,1,15,12,18,15",0.52,0.56,0.53,0.52,0.52,0.52,0.52,1.186399221420288
"2,7,18,0,6,19,15,7,14,12,13,14,19,7,4",0.54,0.5,0.53,1.0,0.08,0.14814814814814814,0.54,1.6819682121276855
"13,5,4,5,2,0,21,9,13,12,7,17,21,6,1",0.49,0.65,0.53,0.49382716049382713,0.8,0.6106870229007634,0.49,0.8904194831848145
"13,5,15,12,22,12,16,12,16,6,18,19,15,10,5",0.39,0.95,0.53,0.10714285714285714,0.03,0.046875,0.39,1.8120081424713135
"5,12,19,0,1,14,6,4,6,7,8,7,21,7,22",0.5,0.62,0.53,0.5,0.73,0.5934959349593496,0.5,0.769284725189209
"13,2,5,13,8,12,9,9,14,10,11,4,21,2,9",0.515,0.57,0.52875,0.5172413793103449,0.45,0.48128342245989303,0.515,0.9266116619110107
"9,20,5,9,4,5,15,3,12,13,12,5,3,6,10",0.505,0.6,0.52875,0.5029585798816568,0.85,0.6319702602230484,0.505,0.6174678802490234
"14,6,12,7,23,8,11,2,4,5,16,21,17,13,2",0.535,0.51,0.52875,0.5234899328859061,0.78,0.6265060240963856,0.535,1.0366966724395752
"20,12,19,17,0,3,13,13,0,18,7,23,8,5,21",0.515,0.57,0.5287499999999999,0.5076142131979695,1.0,0.6734006734006734,0.515,1.0731353759765625
"14,4,3,5,21,7,17,18,5,6,9,23,13,23,15",0.53,0.52,0.5275000000000001,0.5267857142857143,0.59,0.5566037735849056,0.53,0.8557679653167725
"12,7,17,21,6,1,4,16,1,3,15,5,14,3,0",0.53,0.52,0.5275000000000001,0.5625,0.27,0.36486486486486486,0.53,1.2479972839355469
"17,14,8,14,13,8,13,9,1,6,13,1,14,8,10",0.53,0.52,0.5275000000000001,0.5176470588235295,0.88,0.6518518518518519,0.53,0.8349745273590088
"23,8,19,8,8,18,9,2,19,12,19,9,1,4,17",0.52,0.55,0.5275000000000001,0.5114942528735632,0.89,0.6496350364963503,0.52,0.797691822052002
"8,10,22,5,3,12,17,10,20,15,14,0,14,10,18",0.51,0.58,0.5275,0.5057471264367817,0.88,0.6423357664233577,0.51,0.6956362724304199
"12,3,10,19,15,0,13,0,9,7,19,10,16,22,13",0.505,0.59,0.5262500000000001,0.5029940119760479,0.84,0.6292134831460674,0.505,0.8101058006286621
"8,11,5,22,13,2,5,13,8,12,9,9,14,10,11",0.505,0.59,0.5262500000000001,0.5028901734104047,0.87,0.6373626373626373,0.505,0.717195987701416
"22,16,15,8,1,4,16,5,15,9,8,0,13,14,4",0.515,0.56,0.52625,0.5137614678899083,0.56,0.5358851674641149,0.515,0.7606279850006104
"5,16,21,17,13,2,14,10,16,4,12,11,8,13,21",0.505,0.59,0.52625,0.5025380710659898,0.99,0.6666666666666666,0.505,1.3074541091918945
"19,0,2,18,16,8,6,7,21,5,17,0,18,2,14",0.485,0.65,0.52625,0.4897959183673469,0.72,0.582995951417004,0.485,2.490452527999878
"15,4,7,13,12,12,17,0,18,16,14,21,5,13,1",0.555,0.44,0.52625,0.5797101449275363,0.4,0.47337278106508873,0.5549999999999999,1.104290246963501
"9,11,18,8,12,12,3,23,0,10,21,8,20,15,20",0.53,0.51,0.525,0.5306122448979592,0.52,0.5252525252525253,0.53,0.7583403587341309
"11,3,9,12,19,16,15,5,23,12,13,14,10,2,16",0.48,0.66,0.525,0.47058823529411764,0.32,0.38095238095238093,0.48,0.9051568508148193
"22,5,12,19,17,4,17,11,13,15,13,17,19,8,23",0.5,0.6,0.525,0.0,0.0,0.0,0.5,1.5314559936523438
"21,14,11,19,8,9,12,19,3,19,6,13,8,16,6",0.49,0.63,0.525,0.48936170212765956,0.46,0.4742268041237113,0.49,2.53644061088562
"23,8,11,2,4,5,16,21,17,13,2,14,10,16,4",0.53,0.51,0.525,0.5223880597014925,0.7,0.5982905982905983,0.53,1.073331594467163
"23,17,22,2,11,19,14,5,6,16,7,18,10,13,14",0.44,0.78,0.5249999999999999,0.453125,0.58,0.5087719298245614,0.4399999999999999,2.467186689376831
"6,3,3,22,13,17,13,10,18,11,9,2,2,10,8",0.505,0.58,0.52375,0.5025125628140703,1.0,0.6688963210702341,0.505,0.9334022998809814
"5,0,8,6,5,12,22,16,4,12,1,8,12,14,0",0.525,0.52,0.52375,0.8571428571428571,0.06,0.11214953271028037,0.525,0.6200826168060303
"20,8,9,17,13,0,8,11,14,0,8,14,0,12,13",0.555,0.43,0.52375,0.5314285714285715,0.93,0.6763636363636364,0.555,0.7637813091278076
"0,19,15,6,22,3,13,12,6,14,7,22,1,12,20",0.525,0.52,0.52375,0.543859649122807,0.31,0.39490445859872614,0.525,1.2943203449249268
"3,4,11,0,16,7,23,0,13,12,5,11,20,4,8",0.545,0.46,0.52375,0.8461538461538461,0.11,0.19469026548672566,0.545,0.7011013031005859
"18,4,1,8,19,2,0,11,15,13,21,15,20,14,11",0.515,0.55,0.5237499999999999,0.5080213903743316,0.95,0.662020905923345,0.515,1.0411486625671387
"17,21,10,5,5,17,18,9,10,5,21,12,13,14,23",0.475,0.67,0.5237499999999999,0.4825174825174825,0.69,0.5679012345679012,0.475,0.9861586093902588
"12,14,11,15,3,22,13,10,14,17,18,19,0,13,18",0.495,0.61,0.5237499999999999,0.496,0.62,0.5511111111111111,0.495,1.8620400428771973
"8,21,8,9,0,2,15,19,7,18,16,18,10,2,3",0.575,0.37,0.5237499999999999,0.6271186440677966,0.37,0.46540880503144655,0.575,0.9557178020477295
"4,5,7,19,8,4,1,6,3,3,22,13,17,13,10",0.515,0.55,0.5237499999999999,0.5272727272727272,0.29,0.3741935483870968,0.515,0.8078069686889648
"8,15,14,14,4,6,14,11,16,4,23,5,13,0,3",0.515,0.55,0.5237499999999999,0.5076142131979695,1.0,0.6734006734006734,0.515,0.6553361415863037
"9,20,17,1,8,23,7,5,0,8,6,5,12,22,16",0.53,0.5,0.5225,1.0,0.06,0.11320754716981132,0.53,0.6903142929077148
"13,23,7,19,13,1,7,15,10,16,5,23,6,11,10",0.48,0.65,0.5225,0.4642857142857143,0.26,0.3333333333333333,0.48,0.7506363391876221
"3,16,12,21,13,23,0,0,17,15,2,16,13,5,1",0.48,0.65,0.5225,0.4873417721518987,0.77,0.5968992248062015,0.48,0.8504941463470459
"11,20,9,17,9,0,0,22,10,21,15,20,3,10,9",0.49,0.62,0.5225,0.49166666666666664,0.59,0.5363636363636364,0.49,0.7534036636352539
"15,1,5,11,10,10,4,16,9,11,3,5,10,19,1",0.5,0.59,0.5225,0.5,0.79,0.6124031007751938,0.5,0.7608420848846436
"13,16,15,8,12,8,15,4,13,8,17,19,2,7,8",0.465,0.69,0.52125,0.4748201438848921,0.66,0.5523012552301255,0.465,1.034268856048584
"13,9,17,6,19,10,6,8,22,12,21,8,10,10,8",0.435,0.78,0.52125,0.45185185185185184,0.61,0.5191489361702127,0.435,1.0971946716308594
"3,17,7,4,8,14,7,3,1,13,8,16,15,22,4",0.525,0.51,0.52125,0.5132275132275133,0.97,0.671280276816609,0.525,0.9333586692810059
"3,9,3,19,9,7,20,9,0,3,9,15,5,1,22",0.535,0.48,0.52125,0.574468085106383,0.27,0.3673469387755102,0.535,0.8049807548522949
"5,13,12,7,13,15,6,9,17,6,15,0,14,23,15",0.51,0.55,0.52,0.5056179775280899,0.9,0.6474820143884892,0.51,0.8183581829071045
"22,0,3,14,1,7,22,15,15,15,19,5,18,18,9",0.525,0.5,0.51875,0.5252525252525253,0.52,0.5226130653266332,0.525,2.2505249977111816
"2,1,17,12,9,16,11,15,19,10,4,2,22,5,9",0.525,0.5,0.51875,0.5128205128205128,1.0,0.6779661016949152,0.525,0.865065336227417
"7,5,0,8,6,5,12,22,16,4,12,1,8,12,14",0.545,0.44,0.51875,0.5789473684210527,0.33,0.42038216560509556,0.545,0.6492922306060791
"15,20,3,10,9,3,7,7,21,12,3,10,23,16,12",0.495,0.59,0.5187499999999999,0.49748743718592964,0.99,0.6622073578595318,0.495,0.8136997222900391
"9,4,10,14,20,7,13,2,4,1,22,9,6,6,13",0.52,0.51,0.5175000000000001,0.75,0.06,0.1111111111111111,0.52,0.6261625289916992
"21,13,23,0,0,17,15,2,16,13,5,1,23,12,6",0.52,0.51,0.5175000000000001,0.5135135135135135,0.76,0.6129032258064516,0.52,0.8071885108947754
"18,8,2,19,17,6,8,9,15,15,17,20,10,11,13",0.5,0.57,0.5175,0.5,0.69,0.5798319327731093,0.5,1.4307587146759033
"8,8,16,11,6,10,15,1,19,5,0,11,10,15,9",0.525,0.49,0.5162500000000001,0.7777777777777778,0.07,0.12844036697247707,0.525,0.7570481300354004
"16,13,21,8,12,10,22,17,12,16,15,8,8,2,5",0.475,0.64,0.51625,0.4752475247524752,0.48,0.47761194029850745,0.475,0.7590272426605225
"8,13,11,23,12,7,9,10,3,3,16,12,21,13,23",0.515,0.52,0.51625,0.5084745762711864,0.9,0.6498194945848376,0.515,0.7571732997894287
"3,11,12,7,16,14,6,7,7,12,11,11,8,3,3",0.535,0.46,0.51625,0.5421686746987951,0.45,0.4918032786885246,0.535,0.7293519973754883
"3,23,5,6,10,23,13,17,11,12,6,3,3,8,2",0.505,0.55,0.51625,0.5031055900621118,0.81,0.6206896551724138,0.505,0.7962949275970459
"10,18,0,14,1,4,2,5,0,1,10,20,8,5,17",0.505,0.55,0.51625,0.5025380710659898,0.99,0.6666666666666666,0.505,0.7226409912109375
"15,21,13,13,10,5,10,19,0,2,18,16,8,6,7",0.455,0.7,0.5162499999999999,0.47019867549668876,0.71,0.5657370517928287,0.45499999999999996,1.7834231853485107
"10,15,15,14,3,0,19,10,19,8,11,5,22,13,2",0.48,0.62,0.515,0.47959183673469385,0.47,0.47474747474747475,0.48,0.7603766918182373
"15,3,12,13,12,5,3,6,10,6,1,22,16,15,8",0.53,0.47,0.515,0.59375,0.19,0.2878787878787879,0.53,0.7074370384216309
"13,11,9,9,3,23,11,3,6,2,19,8,14,4,0",0.51,0.53,0.515,0.5074626865671642,0.68,0.5811965811965812,0.51,0.832756757736206
"19,8,5,8,15,14,14,4,6,14,11,16,4,23,5",0.49,0.59,0.515,0.49193548387096775,0.61,0.5446428571428571,0.49,1.1117749214172363
"5,17,12,3,14,22,13,11,9,9,3,23,11,3,6",0.5,0.56,0.515,0.5,0.98,0.6621621621621622,0.5,0.8340940475463867
"16,8,6,7,21,5,17,0,18,2,14,5,6,16,13",0.49,0.59,0.515,0.47058823529411764,0.16,0.23880597014925373,0.49,0.8991615772247314
"14,11,19,8,9,12,19,3,19,6,13,8,16,6,11",0.505,0.54,0.51375,0.5263157894736842,0.1,0.16806722689075632,0.505,2.336827039718628
"9,2,7,0,14,19,8,10,21,11,2,20,3,8,10",0.505,0.54,0.51375,0.5028571428571429,0.88,0.64,0.505,0.7434453964233398
"23,6,2,6,6,3,1,12,7,10,9,21,0,1,4",0.485,0.6,0.51375,0.4897959183673469,0.72,0.582995951417004,0.485,1.3306670188903809
"1,10,13,12,8,21,2,5,13,1,2,16,18,3,12",0.515,0.51,0.5137499999999999,0.5076923076923077,0.99,0.6711864406779661,0.515,0.7415034770965576
"11,0,4,21,13,10,8,1,18,11,0,4,16,13,20",0.5,0.55,0.5125,0.5,0.77,0.6062992125984252,0.5,0.7161569595336914
"22,7,21,2,14,8,11,2,21,8,10,14,13,0,14",0.51,0.52,0.5125,0.5119047619047619,0.43,0.4673913043478261,0.51,0.755770206451416
"12,6,3,3,8,2,13,11,3,22,9,3,3,12,16",0.51,0.52,0.5125,0.5147058823529411,0.35,0.4166666666666667,0.51,0.7373511791229248
"8,12,10,22,17,12,16,15,8,8,2,5,1,19,6",0.49,0.58,0.5125,0.4921875,0.63,0.5526315789473685,0.49,0.757152795791626
"12,3,14,22,13,11,9,9,3,23,11,3,6,2,19",0.5,0.55,0.5125,0.5,0.52,0.5098039215686274,0.5,0.752979040145874
"14,13,8,13,9,1,6,13,1,14,8,10,8,4,22",0.5,0.55,0.5125,0.5,0.92,0.647887323943662,0.5,0.7528207302093506
"13,14,0,10,20,14,2,10,18,4,5,2,3,6,3",0.485,0.59,0.51125,0.4883720930232558,0.63,0.5502183406113537,0.485,0.7665014266967773
"23,13,16,2,11,9,7,5,2,17,8,16,6,13,13",0.515,0.5,0.51125,0.5098039215686274,0.78,0.616600790513834,0.515,0.8520522117614746
"4,15,22,11,7,13,23,2,6,14,9,8,4,3,2",0.505,0.53,0.51125,0.5040650406504065,0.62,0.5560538116591929,0.505,0.7225468158721924
"9,10,22,12,5,22,2,12,1,20,12,23,10,17,4",0.505,0.53,0.51125,0.5025906735751295,0.97,0.6621160409556314,0.505,0.6782329082489014
"17,13,10,9,5,8,18,8,1,12,21,4,5,7,19",0.495,0.56,0.51125,0.4965986394557823,0.73,0.5910931174089069,0.495,0.809777021408081
"15,20,8,2,11,7,18,17,9,16,5,9,1,2,8",0.545,0.41,0.51125,0.5483870967741935,0.51,0.5284974093264249,0.5449999999999999,0.8207502365112305
"3,13,11,15,16,7,3,0,11,6,16,23,6,10,22",0.51,0.51,0.51,1.0,0.02,0.0392156862745098,0.51,0.7777295112609863
"5,12,1,11,23,13,23,7,19,13,1,7,15,10,16",0.53,0.45,0.51,0.5230769230769231,0.68,0.591304347826087,0.53,0.7447419166564941
"12,20,11,8,5,1,15,12,18,15,11,21,17,13,7",0.51,0.51,0.51,0.5108695652173914,0.47,0.4895833333333333,0.51,0.8020763397216797
"23,0,4,10,18,14,4,19,2,10,0,11,16,23,7",0.5,0.54,0.51,0.5,1.0,0.6666666666666666,0.5,0.8410992622375488
"19,19,15,12,12,12,15,4,13,8,17,19,19,4,5",0.54,0.42,0.51,0.6428571428571429,0.18,0.28125,0.54,5.06313681602478
"14,19,14,11,7,4,15,4,23,8,19,8,8,18,9",0.5,0.54,0.51,0.5,0.72,0.5901639344262295,0.5,0.8020644187927246
"23,13,10,17,10,10,11,1,14,11,17,21,8,6,2",0.5,0.54,0.51,0.5,0.93,0.6503496503496503,0.5,0.805056095123291
"9,8,2,14,12,16,14,14,2,13,3,4,22,15,4",0.47,0.63,0.51,0.48214285714285715,0.81,0.6044776119402985,0.47000000000000003,0.7023074626922607
"7,23,8,11,2,4,5,16,21,17,13,2,14,10,16",0.5,0.54,0.51,0.5,0.91,0.6453900709219859,0.5,1.1557393074035645
"8,5,1,15,12,18,15,11,21,17,13,7,11,9,3",0.55,0.39,0.51,0.6086956521739131,0.28,0.3835616438356164,0.55,0.7767777442932129
"9,10,5,21,12,13,14,23,8,18,0,5,14,7,23",0.495,0.55,0.50875,0.4954128440366973,0.54,0.5167464114832536,0.495,0.7489430904388428
"5,6,6,8,9,0,17,5,18,14,3,18,8,20,5",0.465,0.64,0.50875,0.4715447154471545,0.58,0.5201793721973094,0.46499999999999997,0.8726906776428223
"5,13,1,2,16,18,3,12,4,0,9,2,6,6,19",0.515,0.49,0.50875,0.6666666666666666,0.06,0.11009174311926606,0.515,0.7632355690002441
"13,1,0,3,21,12,16,19,16,6,18,19,3,15,0",0.515,0.49,0.50875,0.5145631067961165,0.53,0.5221674876847291,0.515,2.2986702919006348
"11,8,5,12,2,18,17,16,1,0,16,11,5,13,18",0.495,0.55,0.50875,0.4971751412429379,0.88,0.6353790613718412,0.495,0.8802242279052734
"4,2,22,5,9,1,11,9,19,12,4,11,4,22,0",0.495,0.55,0.50875,0.4897959183673469,0.24,0.3221476510067114,0.495,0.7295222282409668
"5,3,21,12,3,10,18,16,20,10,13,18,15,13,5",0.49,0.56,0.5075000000000001,0.49489795918367346,0.97,0.6554054054054054,0.49,0.8452980518341064
"4,4,21,5,16,5,10,5,8,18,0,12,12,12,16",0.5,0.53,0.5075000000000001,0.0,0.0,0.0,0.5,1.3930203914642334
"16,12,14,11,15,3,22,13,10,14,17,18,19,0,13",0.46,0.65,0.5075000000000001,0.475,0.76,0.5846153846153846,0.46,1.9596917629241943
"10,11,1,14,11,17,21,8,6,2,16,3,6,12,10",0.53,0.44,0.5075000000000001,0.5157894736842106,0.98,0.6758620689655173,0.53,0.7155041694641113
"1,18,4,3,7,4,9,17,3,5,1,18,13,1,8",0.51,0.5,0.5075000000000001,1.0,0.02,0.0392156862745098,0.51,1.2178542613983154
"11,8,19,13,3,21,13,18,14,15,4,13,12,9,2",0.5,0.53,0.5075000000000001,0.5,0.86,0.6323529411764706,0.5,0.7224369049072266
"2,2,3,10,14,9,23,0,4,10,18,14,4,19,2",0.52,0.47,0.5075000000000001,0.5416666666666666,0.26,0.35135135135135137,0.52,0.8582940101623535
"8,19,13,3,21,13,18,14,15,4,13,12,9,2,6",0.5,0.53,0.5075000000000001,0.5,1.0,0.6666666666666666,0.5,0.7188761234283447
"19,11,0,4,21,13,10,8,1,18,11,0,4,16,13",0.51,0.5,0.5075000000000001,0.5714285714285714,0.08,0.14035087719298245,0.51,1.1914994716644287
"22,12,21,8,10,10,8,10,22,0,14,3,22,15,20",0.51,0.5,0.5075000000000001,0.5052083333333334,0.97,0.6643835616438356,0.51,0.7947700023651123
"22,9,2,7,0,14,19,8,10,21,11,2,20,3,8",0.505,0.51,0.5062500000000001,0.5031847133757962,0.79,0.6147859922178989,0.505,0.7677011489868164
"20,0,9,12,23,15,19,2,17,5,11,9,10,14,23",0.505,0.51,0.5062500000000001,0.5025125628140703,1.0,0.6688963210702341,0.505,1.1429808139801025
"23,12,2,8,20,7,14,11,15,21,1,12,6,17,16",0.505,0.51,0.5062500000000001,1.0,0.01,0.019801980198019802,0.505,0.848421573638916
"5,15,3,12,13,12,5,3,6,10,6,1,22,16,15",0.485,0.57,0.5062500000000001,0.49122807017543857,0.84,0.6199261992619927,0.485,0.6875228881835938
"9,22,11,6,1,3,2,3,9,3,19,9,7,20,9",0.515,0.48,0.50625,0.5365853658536586,0.22,0.3120567375886525,0.515,0.6556494235992432
"19,0,15,21,9,7,5,4,23,10,18,4,5,7,1",0.495,0.54,0.50625,0.4972375690607735,0.9,0.6405693950177936,0.495,1.253614902496338
"8,9,3,13,10,22,16,14,4,6,14,23,1,3,3",0.535,0.42,0.50625,0.6666666666666666,0.14,0.23140495867768596,0.535,0.740119218826294
"20,16,13,2,18,15,15,5,18,18,8,4,6,5,13",0.5,0.52,0.505,0.5,1.0,0.6666666666666666,0.5,1.3031320571899414
"7,21,5,17,0,18,2,14,5,6,16,13,21,8,12",0.5,0.52,0.505,0.5,0.13,0.20634920634920634,0.5,0.8719782829284668
"12,5,14,4,3,5,21,7,17,18,5,6,9,23,13",0.5,0.52,0.505,0.5,0.98,0.6621621621621622,0.5,0.8011059761047363
"5,12,2,4,15,6,3,20,9,22,16,14,11,4,12",0.5,0.52,0.505,0.5,0.64,0.5614035087719298,0.5,0.7055282592773438
"19,10,15,19,1,6,2,2,3,10,14,9,23,0,4",0.55,0.37,0.505,0.5446428571428571,0.61,0.5754716981132075,0.55,1.6025264263153076
"12,7,9,19,10,0,6,22,9,19,1,0,13,11,4",0.5,0.52,0.505,0.5,0.94,0.6527777777777778,0.5,0.7880754470825195
"13,0,2,1,4,4,15,2,1,1,13,10,7,1,23",0.49,0.55,0.505,0.49137931034482757,0.57,0.5277777777777778,0.49,0.6541643142700195
"13,11,23,12,7,9,10,3,3,16,12,21,13,23,0",0.51,0.49,0.505,0.5052631578947369,0.96,0.6620689655172414,0.51,0.7629671096801758
"2,14,5,6,16,13,21,8,12,10,22,17,12,16,15",0.49,0.55,0.505,0.48863636363636365,0.43,0.4574468085106383,0.49,0.9185695648193359
"17,13,8,7,3,22,15,13,11,16,0,9,18,14,5",0.55,0.37,0.505,0.5471698113207547,0.58,0.5631067961165048,0.55,0.8636159896850586
"9,3,7,7,21,12,3,10,23,16,12,21,8,13,12",0.5,0.52,0.505,0.5,1.0,0.6666666666666666,0.5,0.7267055511474609
"22,10,12,7,9,19,10,0,6,22,9,19,1,0,13",0.5,0.52,0.505,0.5,1.0,0.6666666666666666,0.5,0.8287169933319092
"1,4,16,1,3,15,5,14,3,0,19,10,19,8,11",0.505,0.5,0.50375,1.0,0.01,0.019801980198019802,0.505,0.7708275318145752
"9,9,3,23,11,3,6,2,19,8,14,4,0,23,1",0.505,0.5,0.50375,0.5028571428571429,0.88,0.64,0.505,0.7977485656738281
"0,4,21,13,10,8,1,18,11,0,4,16,13,20,6",0.505,0.5,0.50375,1.0,0.01,0.019801980198019802,0.505,0.7458488941192627
"22,8,15,12,14,0,4,8,18,18,11,0,0,10,4",0.485,0.56,0.50375,0.4915254237288136,0.87,0.628158844765343,0.485,1.1167941093444824
"10,9,5,8,18,8,1,12,21,4,5,7,19,8,4",0.505,0.5,0.50375,0.5025906735751295,0.97,0.6621160409556314,0.505,0.7947421073913574
"15,11,14,16,7,15,1,13,4,10,23,8,14,3,6",0.505,0.5,0.50375,0.5027027027027027,0.93,0.6526315789473685,0.505,0.8884389400482178
"22,14,5,18,3,3,15,16,11,11,14,17,19,6,4",0.415,0.77,0.50375,0.3191489361702128,0.15,0.20408163265306123,0.41500000000000004,1.1385245323181152
"10,10,11,1,14,11,17,21,8,6,2,16,3,6,12",0.455,0.65,0.50375,0.46715328467153283,0.64,0.540084388185654,0.455,0.6575441360473633
"14,14,21,9,20,17,1,8,23,7,5,0,8,6,5",0.505,0.5,0.50375,0.5035460992907801,0.71,0.5892116182572614,0.505,0.7902016639709473
"23,2,6,9,10,14,8,20,11,8,11,10,14,4,18",0.505,0.5,0.50375,0.5025125628140703,1.0,0.6688963210702341,0.505,1.1782667636871338
"12,6,11,17,13,8,7,3,22,15,13,11,16,0,9",0.505,0.5,0.50375,0.5025125628140703,1.0,0.6688963210702341,0.505,0.7727341651916504
"4,13,21,1,7,22,4,15,20,7,4,15,22,11,7",0.525,0.44,0.50375,0.6086956521739131,0.14,0.22764227642276422,0.525,0.762972354888916
"6,5,7,0,12,3,11,13,15,11,10,9,4,17,0",0.505,0.5,0.50375,0.5025125628140703,1.0,0.6688963210702341,0.505,0.6392641067504883
"20,7,9,1,12,14,20,16,15,11,14,16,7,15,1",0.525,0.44,0.5037499999999999,0.5229357798165137,0.57,0.5454545454545454,0.5249999999999999,0.832219123840332
"8,22,7,0,8,14,1,1,14,19,8,10,1,7,7",0.475,0.59,0.5037499999999999,0.4853801169590643,0.83,0.6125461254612546,0.475,0.8624458312988281
"8,5,8,15,14,14,4,6,14,11,16,4,23,5,13",0.52,0.45,0.5025000000000001,0.5106382978723404,0.96,0.6666666666666666,0.52,0.676283597946167
"20,5,9,4,5,15,3,12,13,12,5,3,6,10,6",0.5,0.51,0.5025,0.5,1.0,0.6666666666666666,0.5,0.615114688873291
"1,19,15,21,15,13,9,17,6,19,10,6,8,22,12",0.5,0.51,0.5025,0.5,1.0,0.6666666666666666,0.5,1.7479212284088135
"0,12,7,14,8,20,10,19,10,15,19,1,6,2,2",0.5,0.51,0.5025,0.5,1.0,0.6666666666666666,0.5,1.0224885940551758
"1,4,16,5,15,9,8,0,13,14,4,2,9,2,19",0.5,0.51,0.5025,0.5,1.0,0.6666666666666666,0.5,0.7152116298675537
"16,1,18,11,17,5,6,4,22,8,14,4,7,19,10",0.47,0.6,0.5025,0.4765625,0.61,0.5350877192982456,0.47,0.8741552829742432
"12,8,3,10,8,7,11,9,16,13,2,19,7,2,1",0.5,0.51,0.5025,0.5,1.0,0.6666666666666666,0.5,0.7564394474029541
"14,19,7,12,15,8,15,19,13,8,17,4,19,7,8",0.5,0.51,0.5025,0.0,0.0,0.0,0.5,1.2029874324798584
"2,22,14,5,18,3,3,15,16,11,11,14,17,19,6",0.5,0.51,0.5025,0.0,0.0,0.0,0.5,1.1754615306854248
"1,18,19,19,4,18,2,16,4,5,7,9,14,8,7",0.5,0.51,0.5025,0.0,0.0,0.0,0.5,4.660883903503418
"1,3,1,22,14,12,11,18,1,10,5,4,4,2,8",0.5,0.51,0.5025,0.5,1.0,0.6666666666666666,0.5,0.798314094543457
"17,15,0,3,9,7,21,4,1,17,8,5,11,13,11",0.51,0.48,0.5025,0.5454545454545454,0.12,0.19672131147540983,0.51,0.8443143367767334
"12,9,16,11,15,19,10,4,2,22,5,9,1,11,9",0.5,0.51,0.5025,0.5,0.99,0.6644295302013423,0.5,0.7528557777404785
"20,14,17,14,8,14,13,8,13,9,1,6,13,1,14",0.5,0.51,0.5025,0.5,0.94,0.6527777777777778,0.5,0.8369288444519043
"7,20,2,15,11,17,16,12,16,6,18,11,15,16,17",0.5,0.51,0.5025,0.5,1.0,0.6666666666666666,0.5,0.8203296661376953
"0,11,1,14,3,8,1,6,23,8,3,14,16,1,13",0.465,0.61,0.50125,0.4186046511627907,0.18,0.2517482517482518,0.46499999999999997,0.7484290599822998
"18,8,23,6,2,6,6,3,1,12,7,10,9,21,0",0.495,0.52,0.50125,0.4827586206896552,0.14,0.21705426356589147,0.495,0.9052112102508545
"21,5,16,5,10,5,8,18,0,12,12,12,16,9,21",0.505,0.49,0.50125,0.5294117647058824,0.09,0.15384615384615385,0.505,1.5512218475341797
"8,23,9,13,15,8,9,3,13,10,22,16,14,4,6",0.505,0.49,0.50125,1.0,0.01,0.019801980198019802,0.505,0.721879243850708
"12,18,15,11,21,17,13,7,11,9,3,0,15,3,0",0.435,0.7,0.50125,0.39344262295081966,0.24,0.2981366459627329,0.435,0.7180085182189941
"9,7,19,10,16,22,13,18,16,6,17,21,12,20,11",0.465,0.61,0.50125,0.4728682170542636,0.61,0.5327510917030568,0.46499999999999997,0.9168994426727295
"6,1,4,16,1,3,15,5,14,3,0,19,10,19,8",0.505,0.49,0.50125,0.5555555555555556,0.05,0.09174311926605505,0.505,0.8309657573699951
"9,4,5,15,3,12,13,12,5,3,6,10,6,1,22",0.505,0.49,0.50125,0.5263157894736842,0.1,0.16806722689075632,0.505,0.7533817291259766
"4,7,13,12,12,17,0,18,16,14,21,5,13,1,10",0.485,0.55,0.50125,0.48717948717948717,0.57,0.5253456221198156,0.485,0.9226953983306885
"11,3,5,10,19,1,14,6,12,7,23,8,11,2,4",0.505,0.49,0.50125,0.6666666666666666,0.02,0.038834951456310676,0.505,0.8181405067443848
"2,11,15,8,10,10,7,0,23,11,8,19,12,5,16",0.475,0.58,0.50125,0.4806201550387597,0.62,0.5414847161572053,0.475,0.7619478702545166
"22,12,5,22,2,12,1,20,12,23,10,17,4,7,12",0.5,0.5,0.5,0.5,1.0,0.6666666666666666,0.5,0.7697913646697998
"20,9,22,4,2,2,15,22,6,3,15,11,13,5,19",0.5,0.5,0.5,0.0,0.0,0.0,0.5,0.7808637619018555
"20,7,13,2,4,1,22,9,6,6,13,23,15,14,3",0.5,0.5,0.5,0.5,1.0,0.6666666666666666,0.5,0.6549844741821289
"4,2,8,8,16,11,6,10,15,1,19,5,0,11,10",0.5,0.5,0.5,0.0,0.0,0.0,0.5,0.9796814918518066
"22,4,15,20,7,4,15,22,11,7,13,23,2,6,14",0.5,0.5,0.5,0.5,1.0,0.6666666666666666,0.5,0.7620127201080322
"14,6,7,7,12,11,11,8,3,3,1,12,3,20,3",0.49,0.53,0.5,0.4888888888888889,0.44,0.4631578947368421,0.49,0.7572650909423828
"17,14,5,21,14,8,7,7,4,14,1,2,3,3,5",0.5,0.5,0.5,0.5,1.0,0.6666666666666666,0.5,0.7475807666778564
"5,3,6,10,6,1,22,16,15,8,1,4,16,5,15",0.5,0.5,0.5,0.5,1.0,0.6666666666666666,0.5,0.7217128276824951
"22,1,13,8,4,13,21,1,7,22,4,15,20,7,4",0.5,0.5,0.5,0.5,1.0,0.6666666666666666,0.5,0.8737876415252686
"1,8,19,2,0,11,15,13,21,15,20,14,11,5,18",0.5,0.5,0.5,0.0,0.0,0.0,0.5,0.9065811634063721
"18,7,12,19,15,2,7,19,15,23,5,6,16,21,12",0.48,0.56,0.5,0.42857142857142855,0.12,0.1875,0.48,1.2663092613220215
"20,7,4,15,22,11,7,13,23,2,6,14,9,8,4",0.5,0.5,0.5,0.5,1.0,0.6666666666666666,0.5,0.6930909156799316
"2,4,7,0,5,12,1,11,23,13,23,7,19,13,1",0.5,0.5,0.5,0.0,0.0,0.0,0.5,0.7277584075927734
"1,14,19,8,10,1,7,7,11,15,8,5,1,13,19",0.5,0.5,0.5,0.0,0.0,0.0,0.5,0.8833489418029785
"1,1,14,19,8,10,1,7,7,11,15,8,5,1,13",0.5,0.5,0.5,0.5,1.0,0.6666666666666666,0.5,0.8662850856781006
"7,8,5,8,3,10,5,0,6,11,15,22,5,1,7",0.5,0.5,0.5,0.5,1.0,0.6666666666666666,0.5,0.7215182781219482
"23,2,8,10,7,6,20,4,10,12,5,22,1,7,9",0.5,0.5,0.5,0.5,1.0,0.6666666666666666,0.5,0.991917610168457
"9,1,6,13,1,14,8,10,8,4,22,9,8,5,19",0.5,0.5,0.5,0.0,0.0,0.0,0.5,0.6575577259063721
"8,20,10,19,10,15,19,1,6,2,2,3,10,14,9",0.5,0.5,0.5,0.0,0.0,0.0,0.5,1.132530927658081
"1,4,2,5,0,1,10,20,8,5,17,12,3,14,22",0.5,0.5,0.5,0.0,0.0,0.0,0.5,0.8629837036132812
"21,13,18,14,15,4,13,12,9,2,6,17,15,8,22",0.5,0.5,0.5,0.5,1.0,0.6666666666666666,0.5,0.8582117557525635
"1,3,5,1,18,8,6,0,13,10,16,1,1,14,0",0.5,0.5,0.5,0.5,1.0,0.6666666666666666,0.5,1.0770244598388672
"13,8,4,13,21,1,7,22,4,15,20,7,4,15,22",0.5,0.5,0.5,0.0,0.0,0.0,0.5,0.8722906112670898
"17,10,10,11,1,14,11,17,21,8,6,2,16,3,6",0.47,0.59,0.5,0.48148148148148145,0.78,0.5954198473282443,0.47000000000000003,0.7584824562072754
"22,15,13,11,16,0,9,18,14,5,22,7,0,6,21",0.5,0.5,0.5,0.5,1.0,0.6666666666666666,0.5,0.7903773784637451
"20,8,5,6,0,16,15,12,3,10,19,15,0,13,0",0.5,0.5,0.5,0.0,0.0,0.0,0.5,0.800940752029419
"7,4,13,18,3,16,5,14,23,7,21,12,14,4,3",0.5,0.5,0.5,0.5,1.0,0.6666666666666666,0.5,0.8687698841094971
"2,3,9,3,19,9,7,20,9,0,3,9,15,5,1",0.5,0.5,0.5,0.5,1.0,0.6666666666666666,0.5,0.6913485527038574
"22,13,16,8,20,9,7,11,2,17,8,16,6,15,13",0.5,0.5,0.5,0.5,1.0,0.6666666666666666,0.5,0.8675398826599121
"8,13,9,1,6,13,1,14,8,10,8,4,22,9,8",0.5,0.5,0.5,0.5,1.0,0.6666666666666666,0.5,0.6705658435821533
"2,20,8,5,6,0,16,15,12,3,10,19,15,0,13",0.5,0.5,0.5,0.5,1.0,0.6666666666666666,0.5,0.8156483173370361
"1,10,20,8,5,17,12,3,14,22,13,11,9,9,3",0.5,0.5,0.5,0.0,0.0,0.0,0.5,0.722998857498169
"21,10,2,6,23,15,12,13,8,2,11,8,11,4,10",0.5,0.5,0.5,0.5,1.0,0.6666666666666666,0.5,0.7248513698577881
"2,6,14,9,8,4,3,2,11,12,12,15,8,9,4",0.5,0.5,0.5,0.5,1.0,0.6666666666666666,0.5,0.7923851013183594
"21,2,3,7,9,9,20,9,22,4,2,2,15,22,6",0.5,0.5,0.5,0.5,1.0,0.6666666666666666,0.5,1.206549882888794
"1,6,23,8,3,14,16,1,13,14,0,10,20,14,2",0.5,0.5,0.5,0.5,1.0,0.6666666666666666,0.5,0.7215375900268555
"2,8,10,0,13,0,2,1,4,4,15,2,1,1,13",0.5,0.5,0.5,0.5,1.0,0.6666666666666666,0.5,0.5934014320373535
"17,7,4,8,14,7,3,1,13,8,16,15,22,4,10",0.5,0.5,0.5,0.5,1.0,0.6666666666666666,0.5,0.7643189430236816
"23,2,6,14,9,8,4,3,2,11,12,12,15,8,9",0.5,0.5,0.5,0.5,1.0,0.6666666666666666,0.5,1.0502126216888428
"2,3,7,9,9,20,9,22,4,2,2,15,22,6,3",0.5,0.5,0.5,0.0,0.0,0.0,0.5,0.7309105396270752
"20,6,12,4,23,10,14,9,4,4,11,3,9,12,19",0.5,0.5,0.5,0.5,1.0,0.6666666666666666,0.5,0.7152853012084961
"4,23,8,19,8,8,18,9,2,19,12,19,9,1,4",0.5,0.5,0.5,0.5,1.0,0.6666666666666666,0.5,0.7480762004852295
"2,0,11,15,13,21,15,20,14,11,5,18,9,3,13",0.5,0.5,0.5,0.5,1.0,0.6666666666666666,0.5,0.7344193458557129
"5,22,12,0,0,13,7,11,7,21,9,17,10,8,8",0.5,0.5,0.5,0.5,1.0,0.6666666666666666,0.5,0.8369178771972656
"1,4,18,6,12,6,11,17,13,8,7,3,22,15,13",0.5,0.5,0.5,0.5,1.0,0.6666666666666666,0.5,0.9680845737457275
"2,13,7,3,4,4,21,5,16,5,10,5,8,18,0",0.5,0.5,0.5,0.5,1.0,0.6666666666666666,0.5,0.6769039630889893
"21,9,4,10,14,20,7,13,2,4,1,22,9,6,6",0.5,0.5,0.5,0.0,0.0,0.0,0.5,0.6677248477935791
"5,9,10,7,9,8,3,12,15,18,17,12,9,22,1",0.5,0.5,0.5,0.5,1.0,0.6666666666666666,0.5,0.861504077911377
"21,10,8,10,17,14,5,21,14,8,7,7,4,14,1",0.5,0.5,0.5,0.0,0.0,0.0,0.5,0.7794132232666016
"17,15,8,22,10,12,7,9,19,10,0,6,22,9,19",0.5,0.5,0.5,0.5,1.0,0.6666666666666666,0.5,0.830359935760498
"23,16,14,17,5,20,11,14,19,12,4,22,2,11,3",0.5,0.5,0.5,0.0,0.0,0.0,0.5,1.486098289489746
"23,8,23,9,13,15,8,9,3,13,10,22,16,14,4",0.5,0.5,0.5,0.5,1.0,0.6666666666666666,0.5,0.8510029315948486
"21,5,4,15,19,1,19,15,21,15,13,9,17,6,19",0.5,0.5,0.5,0.5,1.0,0.6666666666666666,0.5,3.532421112060547
"4,15,20,8,2,11,7,18,17,9,16,5,9,1,2",0.48,0.56,0.5,0.47959183673469385,0.47,0.47474747474747475,0.48,0.8607051372528076
"1,14,11,17,21,8,6,2,16,3,6,12,10,20,12",0.5,0.5,0.5,0.5,1.0,0.6666666666666666,0.5,0.7927885055541992
"1,15,12,18,15,11,21,17,13,7,11,9,3,0,15",0.5,0.5,0.5,0.5,1.0,0.6666666666666666,0.5,0.8384120464324951
"3,5,21,7,17,18,5,6,9,23,13,23,15,0,7",0.5,0.5,0.5,0.5,1.0,0.6666666666666666,0.5,0.875795841217041
"23,2,11,15,8,10,10,7,0,23,11,8,19,12,5",0.5,0.5,0.5,0.5,1.0,0.6666666666666666,0.5,0.9661109447479248
"5,14,23,7,21,12,14,4,3,8,7,9,5,17,21",0.5,0.5,0.5,0.5,1.0,0.6666666666666666,0.5,0.7326951026916504
"10,15,1,5,11,10,10,4,16,9,11,3,5,10,19",0.5,0.5,0.5,0.0,0.0,0.0,0.5,0.7698125839233398
"6,20,4,10,12,5,22,1,7,9,23,4,8,3,14",0.5,0.5,0.5,0.5,1.0,0.6666666666666666,0.5,0.6916084289550781
"6,3,20,9,22,16,14,11,4,12,18,9,8,9,21",0.5,0.5,0.5,0.5,1.0,0.6666666666666666,0.5,0.7314481735229492
"20,12,23,10,17,4,7,12,20,7,17,11,19,8,11",0.5,0.5,0.5,0.0,0.0,0.0,0.5,0.7762689590454102
"1,8,12,1,4,14,11,14,7,4,7,22,8,11,12",0.5,0.5,0.5,0.5,1.0,0.6666666666666666,0.5,0.6934654712677002
"4,23,10,14,9,4,4,11,3,9,12,19,16,15,5",0.5,0.5,0.5,0.0,0.0,0.0,0.5,0.9872956275939941
"22,7,0,8,14,1,1,14,19,8,10,1,7,7,11",0.5,0.5,0.5,0.5,1.0,0.6666666666666666,0.5,0.7507538795471191
"10,15,9,6,4,0,19,8,6,1,18,19,19,4,18",0.5,0.5,0.5,0.0,0.0,0.0,0.5,4.188980340957642
"0,1,10,20,8,5,17,12,3,14,22,13,11,9,9",0.5,0.5,0.5,0.5,1.0,0.6666666666666666,0.5,0.6869025230407715
"21,14,7,13,11,6,19,19,8,17,14,21,14,11,19",0.5,0.5,0.5,0.5,1.0,0.6666666666666666,0.5,2.494297742843628
"1,13,8,4,13,21,1,7,22,4,15,20,7,4,15",0.5,0.5,0.5,0.5,1.0,0.6666666666666666,0.5,0.7843120098114014
"4,1,3,5,1,18,8,6,0,13,10,16,1,1,14",0.5,0.5,0.5,0.5,1.0,0.6666666666666666,0.5,0.984837532043457
"21,15,13,9,17,6,19,10,6,8,22,12,21,8,10",0.5,0.5,0.5,0.0,0.0,0.0,0.5,1.5193350315093994
"2,8,10,7,6,20,4,10,12,5,22,1,7,9,23",0.5,0.5,0.5,0.5,0.92,0.647887323943662,0.5,0.6800789833068848
"1,13,19,2,7,2,0,14,15,20,15,16,2,1,16",0.5,0.5,0.5,0.0,0.0,0.0,0.5,0.951995849609375
"22,15,8,13,11,23,12,7,9,10,3,3,16,12,21",0.5,0.5,0.5,0.5,1.0,0.6666666666666666,0.5,0.801875114440918
"6,4,22,8,14,4,7,19,10,18,0,14,1,4,2",0.5,0.5,0.5,0.5,1.0,0.6666666666666666,0.5,0.641873836517334
"7,13,8,0,2,0,10,3,5,23,1,7,0,7,4",0.5,0.5,0.5,0.5,1.0,0.6666666666666666,0.5,0.6117992401123047
"18,15,11,21,17,13,7,11,9,3,0,15,3,0,18",0.5,0.5,0.5,0.5,1.0,0.6666666666666666,0.5,1.0938849449157715
"21,8,8,3,4,9,14,1,16,11,13,0,13,23,5",0.5,0.5,0.5,0.0,0.0,0.0,0.5,0.7200226783752441
"15,8,1,4,16,5,15,9,8,0,13,14,4,2,9",0.5,0.5,0.5,0.0,0.0,0.0,0.5,0.8433151245117188
"3,6,7,15,11,16,1,16,18,19,12,7,20,15,13",0.5,0.5,0.5,0.0,0.0,0.0,0.5,1.8071091175079346
"2,12,12,22,15,8,13,11,23,12,7,9,10,3,3",0.5,0.5,0.5,0.5,1.0,0.6666666666666666,0.5,0.8654975891113281
"7,22,17,15,12,20,16,4,17,19,15,20,17,16,8",0.5,0.5,0.5,0.5,1.0,0.6666666666666666,0.5,1.3815202713012695
"5,21,0,17,3,6,22,15,2,1,12,1,5,13,6",0.5,0.5,0.5,0.5,1.0,0.6666666666666666,0.5,2.4367856979370117
"15,20,7,4,15,22,11,7,13,23,2,6,14,9,8",0.5,0.5,0.5,0.0,0.0,0.0,0.5,0.7571249008178711
"2,4,5,6,2,8,9,7,10,0,13,17,17,7,18",0.5,0.5,0.5,0.0,0.0,0.0,0.5,0.7323117256164551
"6,1,0,6,11,9,18,2,15,0,19,6,17,6,19",0.5,0.5,0.5,0.5,1.0,0.6666666666666666,0.5,1.560704231262207
"20,8,2,11,7,18,17,9,16,5,9,1,2,8,1",0.5,0.5,0.5,0.5,1.0,0.6666666666666666,0.5,0.8147404193878174
"1,13,14,0,10,20,14,2,10,18,4,5,2,3,6",0.5,0.5,0.5,0.0,0.0,0.0,0.5,0.7355945110321045
"22,6,17,15,0,3,9,7,21,4,1,17,8,5,11",0.5,0.5,0.5,0.5,1.0,0.6666666666666666,0.5,0.9618823528289795
"15,13,7,4,17,12,10,3,22,8,22,7,0,8,14",0.5,0.5,0.5,0.5,1.0,0.6666666666666666,0.5,0.8206462860107422
"5,8,18,8,1,12,21,4,5,7,19,8,4,1,6",0.5,0.5,0.5,0.5,1.0,0.6666666666666666,0.5,0.6354925632476807
"11,12,7,16,14,6,7,7,12,11,11,8,3,3,1",0.5,0.5,0.5,0.5,1.0,0.6666666666666666,0.5,0.7618131637573242
"8,8,3,4,9,14,1,16,11,13,0,13,23,5,8",0.5,0.5,0.5,0.0,0.0,0.0,0.5,0.6810734272003174
"10,8,10,17,14,5,21,14,8,7,7,4,14,1,2",0.5,0.5,0.5,0.0,0.0,0.0,0.5,0.763925313949585
"5,21,14,7,13,11,6,19,19,8,17,14,21,14,11",0.5,0.5,0.5,0.0,0.0,0.0,0.5,2.6182665824890137
"6,4,22,8,5,6,16,16,17,9,15,16,4,13,9",0.5,0.5,0.5,0.0,0.0,0.0,0.5,0.7030293941497803
"1,2,3,3,5,3,9,4,9,19,12,9,1,17,16",0.5,0.5,0.5,0.5,1.0,0.6666666666666666,0.5,0.7772793769836426
"14,8,7,9,9,8,2,14,12,16,14,14,2,13,3",0.5,0.5,0.5,0.5,1.0,0.6666666666666666,0.5,0.8086161613464355
"20,2,8,18,4,14,1,19,0,0,17,10,16,0,23",0.5,0.5,0.5,0.5,1.0,0.6666666666666666,0.5,1.1138460636138916
"8,13,3,11,7,5,18,8,2,19,17,6,8,9,15",0.5,0.5,0.5,0.5,1.0,0.6666666666666666,0.5,0.9771935939788818
"1,9,13,16,1,18,11,17,5,6,4,22,8,14,4",0.5,0.5,0.5,0.5,1.0,0.6666666666666666,0.5,0.834589958190918
"22,16,12,18,18,6,5,7,0,12,3,11,13,15,11",0.5,0.5,0.5,0.0,0.0,0.0,0.5,1.2469172477722168
"23,10,17,4,7,12,20,7,17,11,19,8,11,10,4",0.5,0.5,0.5,0.5,1.0,0.6666666666666666,0.5,0.784449577331543
"16,3,6,12,10,20,12,14,12,15,20,11,2,4,23",0.46,0.62,0.5,0.46078431372549017,0.47,0.46534653465346537,0.45999999999999996,0.7525753974914551
"7,4,15,4,23,8,19,8,8,18,9,2,19,12,19",0.5,0.5,0.5,0.0,0.0,0.0,0.5,0.8158791065216064
"2,8,8,16,11,6,10,15,1,19,5,0,11,10,15",0.5,0.5,0.5,0.0,0.0,0.0,0.5,0.7667992115020752
"7,7,11,15,8,5,1,13,19,2,7,2,0,14,15",0.5,0.5,0.5,0.0,0.0,0.0,0.5,0.7920525074005127
"13,9,12,7,7,7,5,22,12,0,0,13,7,11,7",0.5,0.5,0.5,0.5,1.0,0.6666666666666666,0.5,0.8164923191070557
"12,5,18,8,13,3,11,7,5,18,8,2,19,17,6",0.5,0.5,0.5,0.0,0.0,0.0,0.5,1.004178524017334
"23,0,3,7,15,8,9,10,0,20,11,9,4,17,15",0.5,0.5,0.5,0.5,1.0,0.6666666666666666,0.5,0.9198768138885498
"23,12,15,13,9,12,7,7,7,5,22,12,0,0,13",0.5,0.5,0.5,0.5,1.0,0.6666666666666666,0.5,0.843665599822998
"7,14,8,20,10,19,10,15,19,1,6,2,2,3,10",0.5,0.5,0.5,0.5,1.0,0.6666666666666666,0.5,1.0069706439971924
"0,0,22,10,21,15,20,3,10,9,3,7,7,21,12",0.5,0.5,0.5,0.5,1.0,0.6666666666666666,0.5,0.6889076232910156
"21,15,20,3,10,9,3,7,7,21,12,3,10,23,16",0.5,0.5,0.5,0.5,1.0,0.6666666666666666,0.5,1.067591667175293
"6,21,10,8,10,17,14,5,21,14,8,7,7,4,14",0.5,0.5,0.5,0.0,0.0,0.0,0.5,0.7168588638305664
"6,12,0,3,23,2,8,10,7,6,20,4,10,12,5",0.5,0.5,0.5,0.5,1.0,0.6666666666666666,0.5,0.6881797313690186
"13,18,3,16,5,14,23,7,21,12,14,4,3,8,7",0.5,0.5,0.5,0.0,0.0,0.0,0.5,0.8333637714385986
"5,0,1,10,20,8,5,17,12,3,14,22,13,11,9",0.5,0.5,0.5,0.0,0.0,0.0,0.5,0.6704568862915039
"3,10,14,9,23,0,4,10,18,14,4,19,2,10,0",0.48,0.56,0.5,0.48507462686567165,0.65,0.5555555555555556,0.48,0.801889181137085
"1,5,11,10,10,4,16,9,11,3,5,10,19,1,14",0.5,0.5,0.5,0.0,0.0,0.0,0.5,0.7710287570953369
"2,10,18,4,5,2,3,6,3,0,6,19,8,0,19",0.5,0.5,0.5,0.5,1.0,0.6666666666666666,0.5,1.7530348300933838
"9,23,13,23,15,0,7,19,8,5,8,15,14,14,4",0.5,0.5,0.5,0.0,0.0,0.0,0.5,0.7479689121246338
"5,0,23,15,16,0,8,13,15,13,7,4,17,12,10",0.5,0.5,0.5,0.0,0.0,0.0,0.5,0.9861841201782227
"4,1,23,7,2,20,7,2,4,5,6,2,8,9,7",0.5,0.5,0.5,0.0,0.0,0.0,0.5,0.717581033706665
"5,4,5,2,0,21,9,13,12,7,17,21,6,1,4",0.5,0.5,0.5,0.5,1.0,0.6666666666666666,0.5,0.7755951881408691
"23,15,16,0,8,13,15,13,7,4,17,12,10,3,22",0.5,0.5,0.5,0.0,0.0,0.0,0.5,1.142773151397705
"19,5,0,11,10,15,9,6,4,0,19,8,6,1,18",0.5,0.5,0.5,0.5,1.0,0.6666666666666666,0.5,1.122253179550171
"5,21,7,17,18,5,6,9,23,13,23,15,0,7,19",0.5,0.5,0.5,0.0,0.0,0.0,0.5,0.9323680400848389
"7,15,1,13,4,10,23,8,14,3,6,9,6,3,3",0.5,0.5,0.5,0.5,1.0,0.6666666666666666,0.5,0.6283864974975586
"14,7,3,1,13,8,16,15,22,4,10,15,14,19,3",0.5,0.5,0.5,0.0,0.0,0.0,0.5,0.8294107913970947
"3,23,2,8,10,7,6,20,4,10,12,5,22,1,7",0.5,0.5,0.5,0.0,0.0,0.0,0.5,1.0589540004730225
"19,14,15,12,12,12,15,4,13,8,17,19,19,4,8",0.5,0.5,0.5,0.5,1.0,0.6666666666666666,0.5,3.257720470428467
"10,14,20,7,13,2,4,1,22,9,6,6,13,23,15",0.5,0.5,0.5,0.5,1.0,0.6666666666666666,0.5,0.7919814586639404
"20,9,12,3,4,15,20,8,2,11,7,18,17,9,16",0.5,0.5,0.5,0.0,0.0,0.0,0.5,0.8697333335876465
"3,2,11,12,12,15,8,9,4,15,5,1,11,2,21",0.5,0.5,0.5,0.0,0.0,0.0,0.5,0.7367649078369141
"3,3,8,2,13,11,3,22,9,3,3,12,16,14,19",0.5,0.5,0.5,0.5,1.0,0.6666666666666666,0.5,0.836270809173584
"6,3,22,12,3,16,21,16,10,8,19,4,7,11,0",0.5,0.5,0.5,0.5,1.0,0.6666666666666666,0.5,1.004991054534912
"9,3,20,4,14,5,3,17,6,2,14,9,22,8,4",0.5,0.5,0.5,0.5,1.0,0.6666666666666666,0.5,0.8431985378265381
"17,12,3,14,22,13,11,9,9,3,23,11,3,6,2",0.5,0.5,0.5,0.5,1.0,0.6666666666666666,0.5,0.8231146335601807
"1,22,16,15,8,1,4,16,5,15,9,8,0,13,14",0.5,0.5,0.5,0.0,0.0,0.0,0.5,0.7959733009338379
"7,6,20,4,10,12,5,22,1,7,9,23,4,8,3",0.5,0.5,0.5,0.0,0.0,0.0,0.5,0.6929552555084229
"2,18,17,16,1,0,16,11,5,13,18,6,13,13,20",0.49,0.53,0.5,0.4935064935064935,0.76,0.5984251968503937,0.49,1.3333001136779785
"12,7,13,15,6,9,17,6,15,0,14,23,15,17,20",0.5,0.5,0.5,0.5,1.0,0.6666666666666666,0.5,0.7524690628051758
"7,7,4,14,1,2,3,3,5,3,9,4,9,19,12",0.5,0.5,0.5,0.5,1.0,0.6666666666666666,0.5,0.7532057762145996
"15,16,0,8,13,15,13,7,4,17,12,10,3,22,8",0.5,0.5,0.5,0.5,1.0,0.6666666666666666,0.5,0.9254472255706787
"2,16,9,8,18,13,19,6,1,7,1,4,7,10,22",0.5,0.5,0.5,0.5,1.0,0.6666666666666666,0.5,0.8046884536743164
"9,20,9,22,4,2,2,15,22,6,3,15,11,13,5",0.5,0.5,0.5,0.5,0.01,0.0196078431372549,0.5,0.70218825340271
"3,5,11,0,17,16,14,3,13,23,12,11,2,11,21",0.5,0.5,0.5,0.0,0.0,0.0,0.5,0.9245238304138184
"21,2,16,9,8,18,13,19,6,1,7,1,4,7,10",0.5,0.5,0.5,0.5,1.0,0.6666666666666666,0.5,1.7428948879241943
"22,8,14,4,7,19,10,18,0,14,1,4,2,5,0",0.5,0.5,0.5,0.5,1.0,0.6666666666666666,0.5,0.6518020629882812
"19,2,10,0,11,16,23,7,6,11,5,9,22,15,19",0.5,0.5,0.5,0.5,1.0,0.6666666666666666,0.5,1.3058547973632812
"4,2,2,20,8,5,6,0,16,15,12,3,10,19,15",0.5,0.5,0.5,0.0,0.0,0.0,0.5,0.7904908657073975
"3,1,10,13,12,8,21,2,5,13,1,2,16,18,3",0.5,0.5,0.5,0.0,0.0,0.0,0.5,0.881892204284668
"8,13,15,13,7,4,17,12,10,3,22,8,22,7,0",0.5,0.5,0.5,0.5,1.0,0.6666666666666666,0.5,0.6872594356536865
"5,1,13,19,2,7,2,0,14,15,20,15,16,2,1",0.5,0.5,0.5,0.0,0.0,0.0,0.5,0.8238434791564941
"20,7,17,11,19,8,11,10,4,10,9,13,0,10,12",0.5,0.5,0.5,0.0,0.0,0.0,0.5,0.7882950305938721
"12,17,4,18,5,4,16,18,17,1,8,5,13,15,0",0.42,0.74,0.5,0.4230769230769231,0.44,0.43137254901960786,0.42000000000000004,1.2224347591400146
"2,1,8,15,3,10,7,4,14,18,4,1,8,19,2",0.5,0.5,0.5,0.0,0.0,0.0,0.5,0.8151359558105469
"1,19,5,0,11,10,15,9,6,4,0,19,8,6,1",0.5,0.5,0.5,0.0,0.0,0.0,0.5,1.1056492328643799
"0,2,1,4,4,15,2,1,1,13,10,7,1,23,1",0.5,0.5,0.5,0.0,0.0,0.0,0.5,0.7676889896392822
"23,9,13,15,8,9,3,13,10,22,16,14,4,6,14",0.5,0.5,0.5,0.5,1.0,0.6666666666666666,0.5,0.7352385520935059
"21,8,10,10,8,10,22,0,14,3,22,15,20,10,18",0.5,0.5,0.5,0.0,0.0,0.0,0.5,0.7645187377929688
"22,13,18,16,6,17,21,12,20,11,8,5,1,15,12",0.5,0.5,0.5,0.5,1.0,0.6666666666666666,0.5,0.8496427536010742
"3,16,21,16,10,8,19,4,7,11,0,18,1,18,19",0.5,0.5,0.5,0.5,1.0,0.6666666666666666,0.5,2.344536781311035
"3,21,13,18,14,15,4,13,12,9,2,6,17,15,8",0.5,0.5,0.5,0.5,1.0,0.6666666666666666,0.5,0.897315502166748
"2,12,17,1,15,7,7,1,2,13,16,23,17,6,18",0.5,0.5,0.5,0.5,1.0,0.6666666666666666,0.5,1.2789137363433838
"13,7,3,4,4,21,5,16,5,10,5,8,18,0,12",0.5,0.5,0.5,0.0,0.0,0.0,0.5,0.709052562713623
"22,14,5,13,12,7,13,15,6,9,17,6,15,0,14",0.5,0.5,0.5,0.5,1.0,0.6666666666666666,0.5,0.7490019798278809
"5,23,16,21,2,3,7,9,9,20,9,22,4,2,2",0.5,0.5,0.5,0.5,1.0,0.6666666666666666,0.5,1.5036561489105225
"1,6,7,6,12,1,14,14,22,9,2,13,8,1,23",0.5,0.5,0.5,0.5,1.0,0.6666666666666666,0.5,0.6518418788909912
"7,19,13,1,7,15,10,16,5,23,6,11,10,20,6",0.5,0.5,0.5,0.5,1.0,0.6666666666666666,0.5,0.7398233413696289
"20,4,10,12,5,22,1,7,9,23,4,8,3,14,15",0.5,0.5,0.5,0.5,1.0,0.6666666666666666,0.5,0.7908985614776611
"1,12,14,20,16,15,11,14,16,7,15,1,13,4,10",0.5,0.5,0.5,0.0,0.0,0.0,0.5,0.7791333198547363
"22,6,14,16,13,0,19,5,14,1,10,5,5,23,6",0.5,0.5,0.5,0.5,1.0,0.6666666666666666,0.5,0.8037874698638916
"23,7,5,0,8,6,5,12,22,16,4,12,1,8,12",0.5,0.5,0.5,0.0,0.0,0.0,0.5,0.7312953472137451
"7,0,7,8,20,14,0,6,2,0,4,9,10,20,3",0.5,0.5,0.5,0.5,1.0,0.6666666666666666,0.5,0.6878879070281982
"21,8,4,8,23,2,13,7,3,4,4,21,5,16,5",0.5,0.5,0.5,0.5,1.0,0.6666666666666666,0.5,0.6712801456451416
"4,2,5,0,1,10,20,8,5,17,12,3,14,22,13",0.5,0.5,0.5,0.0,0.0,0.0,0.5,0.717665433883667
"14,10,14,18,5,9,10,7,9,8,3,12,15,18,17",0.5,0.5,0.5,0.5,1.0,0.6666666666666666,0.5,0.9036684036254883
"4,1,22,9,6,6,13,23,15,14,3,6,12,13,21",0.5,0.5,0.5,0.0,0.0,0.0,0.5,0.6819493770599365
"2,2,20,8,5,6,0,16,15,12,3,10,19,15,0",0.5,0.5,0.5,0.0,0.0,0.0,0.5,0.7502334117889404
"4,3,2,11,12,12,15,8,9,4,15,5,1,11,2",0.5,0.5,0.5,0.5,0.85,0.6296296296296297,0.5,0.7121515274047852
"5,6,4,22,8,14,4,7,19,10,18,0,14,1,4",0.5,0.5,0.5,0.5,1.0,0.6666666666666666,0.5,0.6791682243347168
"9,0,8,14,5,15,13,10,15,14,6,8,2,4,17",0.5,0.5,0.5,0.5,1.0,0.6666666666666666,0.5,0.7535736560821533
"7,9,1,12,14,20,16,15,11,14,16,7,15,1,13",0.5,0.5,0.5,0.0,0.0,0.0,0.5,0.7657196521759033
"20,16,15,11,14,16,7,15,1,13,4,10,23,8,14",0.5,0.5,0.5,0.5,1.0,0.6666666666666666,0.5,0.9283020496368408
"12,13,12,5,3,6,10,6,1,22,16,15,8,1,4",0.5,0.5,0.5,0.5,1.0,0.6666666666666666,0.5,0.6422019004821777
"5,23,6,11,10,20,6,12,4,23,10,14,9,4,4",0.5,0.5,0.5,0.5,1.0,0.6666666666666666,0.5,0.7753312587738037
"8,22,12,21,8,10,10,8,10,22,0,14,3,22,15",0.465,0.6,0.49875,0.4785276073619632,0.78,0.5931558935361216,0.465,0.7493171691894531
"10,4,16,9,11,3,5,10,19,1,14,6,12,7,23",0.465,0.6,0.49875,0.47586206896551725,0.69,0.563265306122449,0.46499999999999997,0.8974225521087646
"12,22,15,8,13,11,23,12,7,9,10,3,3,16,12",0.545,0.36,0.49875,0.5298013245033113,0.8,0.6374501992031872,0.545,0.7409117221832275
"4,3,19,18,15,9,11,8,19,13,3,21,13,18,14",0.495,0.51,0.49874999999999997,0.4972067039106145,0.89,0.6379928315412187,0.495,2.2485103607177734
"3,10,18,16,20,10,13,18,15,13,5,9,20,13,3",0.475,0.57,0.49874999999999997,0.391304347826087,0.09,0.14634146341463414,0.475,0.7744460105895996
"9,6,4,0,19,8,6,1,18,19,19,4,18,2,16",0.515,0.45,0.49874999999999997,0.8,0.04,0.0761904761904762,0.515,4.30876350402832
"5,21,15,13,10,2,19,5,14,4,17,1,7,21,4",0.475,0.57,0.49874999999999997,0.4444444444444444,0.2,0.27586206896551724,0.475,1.0365040302276611
"14,16,1,13,14,0,10,20,14,2,10,18,4,5,2",0.475,0.57,0.4987499999999999,0.4675324675324675,0.36,0.4067796610169492,0.475,0.7680180072784424
"5,8,15,14,14,4,6,14,11,16,4,23,5,13,0",0.46,0.61,0.49750000000000005,0.4375,0.28,0.34146341463414637,0.46,0.7109775543212891
"21,2,5,13,1,2,16,18,3,12,4,0,9,2,6",0.46,0.61,0.49750000000000005,0.4661016949152542,0.55,0.5045871559633027,0.46,1.010298252105713
"6,19,2,17,9,2,22,16,4,3,6,0,21,9,8",0.47,0.58,0.49750000000000005,0.4788732394366197,0.68,0.5619834710743802,0.47000000000000003,1.5665035247802734
"23,7,22,6,17,15,0,3,9,7,21,4,1,17,8",0.5,0.49,0.4975,0.0,0.0,0.0,0.5,0.6887061595916748
"20,2,17,9,0,8,15,4,0,8,9,19,15,1,21",0.5,0.49,0.4975,0.0,0.0,0.0,0.5,1.000880479812622
"22,3,3,12,15,18,8,13,10,2,20,14,0,14,6",0.5,0.49,0.4975,0.0,0.0,0.0,0.5,0.9745051860809326
"21,0,17,3,6,22,15,2,1,12,1,5,13,6,16",0.5,0.49,0.4975,0.5,1.0,0.6666666666666666,0.5,2.4089536666870117
"4,1,8,19,2,0,11,15,13,21,15,20,14,11,5",0.5,0.49,0.4975,0.5,1.0,0.6666666666666666,0.5,0.775141716003418
"12,5,13,22,1,13,8,4,13,21,1,7,22,4,15",0.48,0.55,0.4975,0.46551724137931033,0.27,0.34177215189873417,0.48,0.8122677803039551
"8,15,3,10,7,4,14,18,4,1,8,19,2,0,11",0.525,0.41,0.4962500000000001,0.5287356321839081,0.46,0.4919786096256685,0.525,0.7813098430633545
"22,2,7,15,18,17,11,13,9,1,21,1,12,17,22",0.485,0.53,0.49625,0.4854368932038835,0.5,0.49261083743842365,0.485,0.9290485382080078
"3,16,7,8,5,8,3,10,5,0,6,11,15,22,5",0.485,0.53,0.49625,0.0,0.0,0.0,0.485,0.8928372859954834
"1,10,5,4,4,2,8,8,16,11,6,10,15,1,19",0.495,0.5,0.49624999999999997,0.49748743718592964,0.99,0.6622073578595318,0.495,0.7874383926391602
"17,5,11,9,10,14,23,1,5,15,6,4,16,17,18",0.445,0.65,0.49624999999999997,0.39622641509433965,0.21,0.27450980392156865,0.445,1.008255958557129
"18,2,1,8,15,3,10,7,4,14,18,4,1,8,19",0.495,0.5,0.49624999999999997,0.48,0.12,0.192,0.495,1.0086784362792969
"11,15,19,10,4,2,22,5,9,1,11,9,19,12,4",0.495,0.5,0.49624999999999997,0.49748743718592964,0.99,0.6622073578595318,0.495,0.7328834533691406
"19,12,19,9,1,4,17,10,17,19,0,2,16,6,4",0.495,0.5,0.49624999999999997,0.49693251533742333,0.81,0.6159695817490495,0.495,1.8043179512023926
"0,3,14,1,7,22,15,15,15,19,5,18,18,9,3",0.465,0.59,0.49624999999999997,0.4732824427480916,0.62,0.5367965367965368,0.46499999999999997,2.180513858795166
"11,19,8,9,12,19,3,19,6,13,8,16,6,11,2",0.435,0.68,0.49624999999999997,0.35555555555555557,0.16,0.2206896551724138,0.435,2.345895528793335
"2,11,7,18,17,9,16,5,9,1,2,8,1,21,7",0.495,0.5,0.49624999999999997,0.49748743718592964,0.99,0.6622073578595318,0.495,0.8092505931854248
"13,16,14,8,16,7,23,0,13,12,13,15,20,4,8",0.495,0.5,0.49624999999999997,0.49748743718592964,0.99,0.6622073578595318,0.495,0.8356266021728516
"12,2,18,17,16,1,0,16,11,5,13,18,6,13,13",0.47,0.57,0.495,0.4732142857142857,0.53,0.5,0.47,0.9082736968994141
"0,11,0,16,5,22,4,17,17,15,6,12,14,7,19",0.43,0.69,0.495,0.4602272727272727,0.81,0.5869565217391305,0.43000000000000005,0.7768476009368896
"2,22,12,7,7,17,7,16,1,11,11,15,19,12,22",0.49,0.51,0.495,0.4921875,0.63,0.5526315789473685,0.49,0.838611364364624
"5,2,0,21,9,13,12,7,17,21,6,1,4,16,1",0.5,0.48,0.495,0.0,0.0,0.0,0.5,1.2161636352539062
"15,1,13,4,10,23,8,14,3,6,9,6,3,3,21",0.49,0.51,0.495,0.0,0.0,0.0,0.49,0.7507095336914062
"2,5,0,1,10,20,8,5,17,12,3,14,22,13,11",0.5,0.48,0.495,0.0,0.0,0.0,0.5,0.7224304676055908
"3,8,8,10,5,23,8,17,6,13,3,7,0,17,0",0.46,0.6,0.495,0.4090909090909091,0.18,0.25,0.45999999999999996,0.7817718982696533
"2,16,13,5,1,23,12,6,3,1,11,22,5,15,10",0.49,0.51,0.495,0.494949494949495,0.98,0.6577181208053692,0.49,0.7440323829650879
"12,5,3,6,10,6,1,22,16,15,8,1,4,16,5",0.52,0.42,0.495,0.54,0.27,0.36,0.52,0.6451973915100098
"12,5,22,1,7,9,23,4,8,3,14,15,4,9,22",0.5,0.48,0.495,0.5,0.28,0.358974358974359,0.5,0.8231408596038818
"6,17,21,12,20,11,8,5,1,15,12,18,15,11,21",0.455,0.61,0.49375,0.4713375796178344,0.74,0.5758754863813229,0.455,0.9081947803497314
"2,4,1,22,9,6,6,13,23,15,14,3,6,12,13",0.505,0.46,0.49375,0.5025125628140703,1.0,0.6688963210702341,0.505,0.7089025974273682
"6,8,9,0,17,5,18,14,3,18,8,20,5,5,12",0.455,0.61,0.49375,0.423728813559322,0.25,0.31446540880503143,0.455,0.860426664352417
"5,12,2,18,17,16,1,0,16,11,5,13,18,6,13",0.455,0.61,0.49375,0.4676258992805755,0.65,0.5439330543933054,0.455,0.8628859519958496
"6,3,3,8,2,13,11,3,22,9,3,3,12,16,14",0.505,0.46,0.49375,0.5028901734104047,0.87,0.6373626373626373,0.505,0.6828927993774414
"15,0,3,9,7,21,4,1,17,8,5,11,13,11,19",0.465,0.58,0.49375,0.4785276073619632,0.78,0.5931558935361216,0.465,0.7878446578979492
"0,17,15,2,16,13,5,1,23,12,6,3,1,11,22",0.495,0.49,0.49374999999999997,0.4971751412429379,0.88,0.6353790613718412,0.495,0.7908780574798584
"15,0,7,19,8,5,8,15,14,14,4,6,14,11,16",0.495,0.49,0.49374999999999997,0.49586776859504134,0.6,0.5429864253393665,0.495,0.7329659461975098
"2,19,12,0,22,11,15,4,8,10,20,9,21,13,18",0.495,0.49,0.49374999999999997,0.48717948717948717,0.19,0.2733812949640288,0.495,1.2609987258911133
"3,12,17,10,20,15,14,0,14,10,18,13,18,15,3",0.475,0.55,0.49374999999999997,0.48031496062992124,0.61,0.5374449339207048,0.475,0.8874509334564209
"3,12,15,18,17,12,9,22,1,9,16,4,22,1,1",0.495,0.49,0.49374999999999997,0.49743589743589745,0.97,0.6576271186440678,0.495,0.9549620151519775
"9,3,23,11,3,6,2,19,8,14,4,0,23,1,2",0.53,0.38,0.49250000000000005,0.5652173913043478,0.26,0.3561643835616438,0.53,0.8018147945404053
"4,5,15,3,12,13,12,5,3,6,10,6,1,22,16",0.46,0.59,0.49250000000000005,0.16666666666666666,0.02,0.03571428571428571,0.46,0.6623396873474121
"0,3,1,10,13,12,8,21,2,5,13,1,2,16,18",0.5,0.47,0.4925,0.5,1.0,0.6666666666666666,0.5,0.7860639095306396
"3,14,22,13,11,9,9,3,23,11,3,6,2,19,8",0.49,0.5,0.4925,0.4935064935064935,0.76,0.5984251968503937,0.49,0.7853946685791016
"3,15,10,14,3,0,19,10,19,8,11,5,22,13,2",0.49,0.5,0.4925,0.494949494949495,0.98,0.6577181208053692,0.49,0.7969045639038086
"8,14,13,8,13,9,1,6,13,1,14,8,10,8,4",0.5,0.47,0.4925,0.5,0.04,0.07407407407407407,0.5,0.6680097579956055
"9,13,16,1,18,11,17,5,6,4,22,8,14,4,7",0.48,0.53,0.4925,0.45454545454545453,0.2,0.2777777777777778,0.48,0.7671008110046387
"7,9,8,3,12,15,18,17,12,9,22,1,9,16,4",0.49,0.5,0.4925,0.0,0.0,0.0,0.49,0.8840456008911133
"14,4,7,19,10,18,0,14,1,4,2,5,0,1,10",0.49,0.5,0.4925,0.49122807017543857,0.56,0.5233644859813084,0.49,0.6468219757080078
"13,19,15,12,12,8,15,4,13,8,17,4,19,7,8",0.485,0.51,0.49125,0.49238578680203043,0.97,0.6531986531986532,0.485,1.1122102737426758
"14,22,13,11,9,9,3,23,11,3,6,2,19,8,14",0.485,0.51,0.49125,0.49079754601226994,0.8,0.6083650190114068,0.48500000000000004,0.9226489067077637
"11,23,13,23,7,19,13,1,7,15,10,16,5,23,6",0.495,0.48,0.49124999999999996,0.49748743718592964,0.99,0.6622073578595318,0.495,0.733361005783081
"4,0,8,12,12,17,4,4,3,5,3,8,18,7,9",0.445,0.63,0.49124999999999996,0.2608695652173913,0.06,0.0975609756097561,0.44499999999999995,0.7532687187194824
"8,7,7,4,14,1,2,3,3,5,3,9,4,9,19",0.5,0.46,0.49,0.0,0.0,0.0,0.5,0.6313600540161133
"4,10,12,5,22,1,7,9,23,4,8,3,14,15,4",0.51,0.43,0.49,0.5054945054945055,0.92,0.6524822695035462,0.51,0.6552743911743164
"4,13,12,9,2,6,17,15,8,22,10,12,7,9,19",0.49,0.49,0.49,0.0,0.0,0.0,0.49,0.7832844257354736
"9,5,21,0,17,3,6,22,15,2,1,12,1,5,13",0.5,0.46,0.49,0.5,0.23,0.3150684931506849,0.5,0.6806967258453369
"2,3,17,7,4,8,14,7,3,1,13,8,16,15,22",0.49,0.49,0.49,0.0,0.0,0.0,0.49,0.810537576675415
"3,4,15,20,8,2,11,7,18,17,9,16,5,9,1",0.49,0.49,0.49,0.4861111111111111,0.35,0.4069767441860465,0.49,0.9100944995880127
"7,19,8,4,1,6,3,3,22,13,17,13,10,18,11",0.485,0.5,0.48875,0.49222797927461137,0.95,0.6484641638225256,0.485,0.7869391441345215
"21,7,2,2,20,7,9,1,12,14,20,16,15,11,14",0.505,0.44,0.48875,0.5042735042735043,0.59,0.543778801843318,0.505,0.7520930767059326
"23,0,0,17,15,2,16,13,5,1,23,12,6,3,1",0.505,0.44,0.48875,0.5027027027027027,0.93,0.6526315789473685,0.505,2.54164457321167
"9,7,10,0,13,17,17,7,18,17,11,16,5,7,19",0.435,0.65,0.48874999999999996,0.45517241379310347,0.66,0.5387755102040817,0.435,0.9058089256286621
"2,6,23,15,12,13,8,2,11,8,11,4,10,8,3",0.46,0.57,0.48750000000000004,0.4787234042553192,0.9,0.625,0.46,1.033266544342041
"15,23,7,0,21,1,0,11,10,4,22,10,20,7,10",0.52,0.39,0.48750000000000004,0.5303030303030303,0.35,0.42168674698795183,0.52,0.8609714508056641
"8,20,5,5,12,19,0,1,14,6,4,6,7,8,7",0.45,0.6,0.48750000000000004,0.46875,0.75,0.5769230769230769,0.45,0.7036805152893066
"13,15,0,11,1,14,3,8,1,6,23,8,3,14,16",0.49,0.48,0.4875,0.49382716049382713,0.8,0.6106870229007634,0.49,0.7343831062316895
"13,23,2,6,14,9,8,4,3,2,11,12,12,15,8",0.48,0.51,0.4875,0.4883720930232558,0.84,0.6176470588235294,0.48,0.8654191493988037
"10,5,4,4,2,8,8,16,11,6,10,15,1,19,5",0.48,0.51,0.4875,0.45652173913043476,0.21,0.2876712328767123,0.48,0.8245844841003418
"3,12,15,18,8,13,10,2,20,14,0,14,6,0,5",0.49,0.48,0.4875,0.375,0.03,0.05555555555555555,0.49,0.874678373336792
"3,9,16,6,3,22,12,3,16,21,16,10,8,19,4",0.47,0.54,0.4875,0.48255813953488375,0.83,0.6102941176470589,0.47,1.0299699306488037
"14,12,11,18,1,10,5,4,4,2,8,8,16,11,6",0.46,0.57,0.48749999999999993,0.474025974025974,0.73,0.5748031496062992,0.45999999999999996,0.7291862964630127
"8,5,12,2,18,17,16,1,0,16,11,5,13,18,6",0.445,0.61,0.48625000000000007,0.45528455284552843,0.56,0.5022421524663677,0.44500000000000006,0.8754193782806396
"5,10,19,0,2,18,16,8,6,7,21,5,17,0,18",0.505,0.43,0.48625,0.5060240963855421,0.42,0.45901639344262296,0.505,1.9587726593017578
"13,1,2,16,18,3,12,4,0,9,2,6,6,19,6",0.485,0.49,0.48625,0.42105263157894735,0.08,0.13445378151260504,0.485,0.7210738658905029
"8,5,8,3,10,5,0,6,11,15,22,5,1,7,7",0.455,0.58,0.48625,0.4720496894409938,0.76,0.5823754789272031,0.455,0.6707422733306885
"12,13,14,10,2,16,5,10,15,11,23,5,5,3,10",0.425,0.67,0.48624999999999996,0.3404255319148936,0.16,0.21768707482993196,0.425,0.7457363605499268
"11,6,19,19,8,17,14,21,14,11,19,8,9,12,19",0.435,0.64,0.48624999999999996,0.44036697247706424,0.48,0.45933014354066987,0.435,2.2796409130096436
"6,6,8,9,0,17,5,18,14,3,18,8,20,5,5",0.445,0.61,0.48624999999999996,0.3103448275862069,0.09,0.13953488372093023,0.445,0.8280618190765381
"0,2,2,23,16,14,17,5,20,11,14,19,12,4,22",0.495,0.46,0.48624999999999996,0.0,0.0,0.0,0.495,1.511474370956421
"9,14,8,7,9,9,8,2,14,12,16,14,14,2,13",0.48,0.5,0.48500000000000004,0.48936170212765956,0.92,0.6388888888888888,0.48000000000000004,0.7690284252166748
"20,0,5,14,0,1,20,10,0,17,0,3,4,18,15",0.47,0.53,0.48500000000000004,0.484375,0.93,0.636986301369863,0.47000000000000003,0.8776874542236328
"3,9,12,19,16,15,5,23,12,13,14,10,2,16,5",0.48,0.5,0.48500000000000004,0.4857142857142857,0.68,0.5666666666666667,0.48000000000000004,0.8750104904174805
"11,8,11,4,10,8,3,7,6,10,21,9,10,2,9",0.48,0.5,0.485,0.25,0.02,0.037037037037037035,0.48,0.8623919486999512
"14,20,7,13,2,4,1,22,9,6,6,13,23,15,14",0.49,0.47,0.485,0.4880952380952381,0.41,0.44565217391304346,0.49,0.741879940032959
"8,23,2,13,7,3,4,4,21,5,16,5,10,5,8",0.45,0.59,0.485,0.45614035087719296,0.52,0.48598130841121495,0.45,0.6139254570007324
"8,15,11,13,20,7,6,15,7,1,11,15,22,12,2",0.47,0.53,0.485,0.4838709677419355,0.9,0.6293706293706294,0.47,0.7148945331573486
"6,23,8,3,14,16,1,13,14,0,10,20,14,2,10",0.475,0.51,0.48375,0.48677248677248675,0.92,0.6366782006920415,0.47500000000000003,0.7530221939086914
"12,19,13,12,12,3,13,4,6,14,7,22,1,12,20",0.515,0.39,0.48375,0.52,0.39,0.44571428571428573,0.515,0.7247917652130127
"10,0,6,22,9,19,1,0,13,11,4,10,14,3,22",0.445,0.6,0.48375,0.45864661654135336,0.61,0.5236051502145923,0.445,0.7377934455871582
"13,13,14,5,23,7,7,3,9,23,16,16,17,0,19",0.515,0.39,0.48375,0.5333333333333333,0.24,0.3310344827586207,0.515,1.0460004806518555
"16,5,9,1,2,8,1,21,7,17,7,9,10,13,3",0.465,0.54,0.48375,0.47107438016528924,0.57,0.5158371040723982,0.46499999999999997,0.7260782718658447
"13,4,10,23,8,14,3,6,9,6,3,3,21,5,6",0.475,0.51,0.48374999999999996,0.48633879781420764,0.89,0.6289752650176679,0.475,0.687615156173706
"20,9,17,9,0,0,22,10,21,15,20,3,10,9,3",0.46,0.55,0.48250000000000004,0.4764705882352941,0.81,0.6,0.46,0.6928789615631104
"21,7,17,18,5,6,9,23,13,23,15,0,7,19,8",0.46,0.55,0.48250000000000004,0.46,0.46,0.46,0.46,0.8766028881072998
"8,14,7,3,1,13,8,16,15,22,4,10,15,14,19",0.5,0.43,0.4825,0.5,0.16,0.24242424242424243,0.5,0.752190351486206
"2,5,13,1,2,16,18,3,12,4,0,9,2,6,6",0.48,0.49,0.4825,0.4895833333333333,0.94,0.6438356164383562,0.48,0.7842273712158203
"17,15,2,16,13,5,1,23,12,6,3,1,11,22,5",0.48,0.49,0.4825,0.42857142857142855,0.12,0.1875,0.48,0.8227565288543701
"9,4,17,0,3,12,9,10,22,12,5,22,2,12,1",0.485,0.47,0.48125,0.2,0.01,0.01904761904761905,0.485,0.756117582321167
"8,20,14,0,6,2,0,4,9,10,20,3,9,0,4",0.445,0.59,0.48125,0.46540880503144655,0.74,0.5714285714285714,0.445,0.6132490634918213
"17,5,18,14,3,18,8,20,5,5,12,19,0,1,14",0.455,0.56,0.48125,0.423728813559322,0.25,0.31446540880503143,0.455,1.103259801864624
"23,9,5,21,0,17,3,6,22,15,2,1,12,1,5",0.465,0.53,0.48125,0.3157894736842105,0.06,0.10084033613445378,0.46499999999999997,0.8213462829589844
"21,6,1,4,16,1,3,15,5,14,3,0,19,10,19",0.475,0.5,0.48124999999999996,0.4858757062146893,0.86,0.6209386281588448,0.475,1.7131197452545166
"8,3,10,5,0,6,11,15,22,5,1,7,7,19,19",0.435,0.62,0.48124999999999996,0.4496124031007752,0.58,0.5065502183406113,0.43499999999999994,2.2444918155670166
"4,16,5,15,9,8,0,13,14,4,2,9,2,19,4",0.495,0.44,0.48124999999999996,0.4954128440366973,0.54,0.5167464114832536,0.495,0.7682523727416992
"1,14,3,8,1,6,23,8,3,14,16,1,13,14,0",0.49,0.45,0.48,0.4782608695652174,0.22,0.3013698630136986,0.49,0.8379511833190918
"6,10,15,1,19,5,0,11,10,15,9,6,4,0,19",0.46,0.54,0.48,0.45652173913043476,0.42,0.4375,0.45999999999999996,0.7319140434265137
"11,6,1,3,2,3,9,3,19,9,7,20,9,0,3",0.5,0.42,0.48,0.5,0.63,0.5575221238938053,0.5,0.6195907592773438
"11,18,8,23,6,2,6,6,3,1,12,7,10,9,21",0.445,0.58,0.47875,0.46405228758169936,0.71,0.5612648221343873,0.44499999999999995,0.6823709011077881
"13,19,0,12,21,8,15,0,13,8,17,4,19,7,8",0.465,0.52,0.47875,0.4808743169398907,0.88,0.6219081272084805,0.465,1.0477335453033447
"22,13,2,5,13,8,12,9,9,14,10,11,4,21,2",0.44,0.59,0.47750000000000004,0.3125,0.1,0.15151515151515152,0.44,0.7979578971862793
"8,19,4,7,11,0,18,1,18,19,5,15,19,15,1",0.44,0.59,0.47750000000000004,0.45774647887323944,0.65,0.5371900826446281,0.44,2.5612869262695312
"23,13,23,7,19,13,1,7,15,10,16,5,23,6,11",0.5,0.41,0.47750000000000004,0.5,0.29,0.3670886075949367,0.5,0.8117444515228271
"1,6,2,2,3,10,14,9,23,0,4,10,18,14,4",0.46,0.53,0.47750000000000004,0.47619047619047616,0.8,0.5970149253731343,0.46,0.7372031211853027
"11,2,4,5,16,21,17,13,2,14,10,16,4,12,11",0.43,0.62,0.47750000000000004,0.425531914893617,0.4,0.41237113402061853,0.43000000000000005,1.0609180927276611
"3,3,12,15,18,8,13,10,2,20,14,0,14,6,0",0.47,0.5,0.4775,0.4845360824742268,0.94,0.6394557823129252,0.47,0.778101921081543
"13,5,1,23,12,6,3,1,11,22,5,15,10,16,19",0.505,0.39,0.47625000000000006,0.5051546391752577,0.49,0.49746192893401014,0.505,0.790299654006958
"13,16,9,2,22,12,7,7,17,7,16,1,11,11,15",0.455,0.54,0.47625,0.47593582887700536,0.89,0.6202090592334495,0.455,0.8038442134857178
"12,9,9,14,10,11,4,21,2,9,13,7,4,21,1",0.465,0.51,0.47625,0.4492753623188406,0.31,0.3668639053254438,0.46499999999999997,0.7497758865356445
"8,2,11,7,18,17,9,16,5,9,1,2,8,1,21",0.495,0.42,0.47624999999999995,0.496,0.62,0.5511111111111111,0.495,0.7957272529602051
"7,14,10,14,18,5,9,10,7,9,8,3,12,15,18",0.46,0.52,0.47500000000000003,0.47183098591549294,0.67,0.5537190082644629,0.46,0.780174970626831
"19,10,0,6,22,9,19,1,0,13,11,4,10,14,3",0.44,0.58,0.47500000000000003,0.4411764705882353,0.45,0.44554455445544555,0.44,1.2268729209899902
"4,3,5,21,7,17,18,5,6,9,23,13,23,15,0",0.47,0.49,0.475,0.4659090909090909,0.41,0.43617021276595747,0.47,0.8593933582305908
"13,2,18,15,15,5,18,18,8,4,6,5,13,8,17",0.48,0.46,0.475,0.4714285714285714,0.33,0.38823529411764707,0.48,1.1703863143920898
"17,17,0,1,16,16,21,2,16,9,8,18,13,19,6",0.47,0.49,0.475,0.0,0.0,0.0,0.47,1.2309856414794922
"14,8,7,7,4,14,1,2,3,3,5,3,9,4,9",0.485,0.44,0.47375,0.0,0.0,0.0,0.485,0.7799758911132812
"9,2,22,12,7,7,17,7,16,1,11,11,15,19,12",0.485,0.44,0.47375,0.46153846153846156,0.18,0.2589928057553957,0.485,0.8212840557098389
"4,10,19,0,6,0,7,17,13,10,9,5,8,18,8",0.475,0.47,0.47374999999999995,0.47572815533980584,0.49,0.4827586206896552,0.475,0.7951292991638184
"3,10,8,7,11,9,16,13,2,19,7,2,1,2,2",0.47,0.48,0.47250000000000003,0.4745762711864407,0.56,0.5137614678899083,0.47000000000000003,0.6809933185577393
"14,20,15,19,11,0,4,21,13,10,8,1,18,11,0",0.48,0.45,0.4725,0.4,0.08,0.13333333333333333,0.48,0.8270375728607178
"8,1,6,23,8,3,14,16,1,13,14,0,10,20,14",0.425,0.61,0.47125000000000006,0.4489795918367347,0.66,0.5344129554655871,0.42500000000000004,0.6897249221801758
"18,4,3,7,4,9,17,3,5,1,18,13,1,8,23",0.485,0.43,0.47125,0.36363636363636365,0.04,0.07207207207207207,0.48500000000000004,1.308269739151001
"1,6,3,3,22,13,17,13,10,18,11,9,2,2,10",0.445,0.55,0.47125,0.46099290780141844,0.65,0.5394190871369294,0.445,0.7799630165100098
"15,19,11,0,4,21,13,10,8,1,18,11,0,4,16",0.475,0.46,0.47125,0.48466257668711654,0.79,0.6007604562737643,0.47500000000000003,0.7758662700653076
"2,11,8,11,4,10,8,3,7,6,10,21,9,10,2",0.455,0.52,0.47124999999999995,0.4563106796116505,0.47,0.4630541871921182,0.45499999999999996,0.7360076904296875
"17,1,8,5,13,15,0,11,1,14,3,8,1,6,23",0.44,0.56,0.47000000000000003,0.39655172413793105,0.23,0.2911392405063291,0.44,0.7593865394592285
"17,4,10,19,0,6,0,7,17,13,10,9,5,8,18",0.45,0.53,0.47000000000000003,0.38095238095238093,0.16,0.22535211267605634,0.45,0.7409300804138184
"22,12,5,13,22,1,13,8,4,13,21,1,7,22,4",0.45,0.53,0.47,0.46153846153846156,0.6,0.5217391304347826,0.44999999999999996,0.7139556407928467
"7,2,2,20,7,9,1,12,14,20,16,15,11,14,16",0.44,0.56,0.47,0.46296296296296297,0.75,0.5725190839694656,0.44,0.7318432331085205
"8,8,10,5,23,8,17,6,13,3,7,0,17,0,22",0.49,0.41,0.47,0.4583333333333333,0.11,0.1774193548387097,0.49,0.6956882476806641
"22,5,9,1,11,9,19,12,4,11,4,22,0,14,20",0.495,0.39,0.46875,0.4962962962962963,0.67,0.5702127659574469,0.495,0.7955987453460693
"3,1,22,14,12,11,18,1,10,5,4,4,2,8,8",0.445,0.54,0.46875,0.46357615894039733,0.7,0.5577689243027888,0.44499999999999995,0.7647716999053955
"15,9,6,4,0,19,8,6,1,18,19,19,4,18,2",0.455,0.51,0.46874999999999994,0.4645669291338583,0.59,0.5198237885462555,0.45499999999999996,4.172899007797241
"2,0,4,9,10,20,3,9,0,4,6,14,14,0,17",0.475,0.45,0.46874999999999994,0.45614035087719296,0.26,0.33121019108280253,0.475,0.7653582096099854
"5,13,8,12,9,9,14,10,11,4,21,2,9,13,7",0.47,0.46,0.46749999999999997,0.47619047619047616,0.6,0.5309734513274337,0.47,0.8309011459350586
"15,0,11,1,14,3,8,1,6,23,8,3,14,16,1",0.48,0.43,0.46749999999999997,0.484375,0.62,0.543859649122807,0.48,0.7392759323120117
"19,14,13,12,12,12,15,4,13,8,17,19,19,4,5",0.445,0.53,0.46625,0.46258503401360546,0.68,0.5506072874493927,0.445,3.354419708251953
"7,18,0,6,19,15,7,14,12,13,14,19,7,4,6",0.465,0.47,0.46625,0.0,0.0,0.0,0.465,1.6607835292816162
"0,16,9,11,10,7,1,8,16,13,15,2,16,8,4",0.495,0.38,0.46624999999999994,0.49504950495049505,0.5,0.4975124378109453,0.495,0.7803704738616943
"12,19,9,1,4,17,10,17,19,0,2,16,6,4,9",0.43,0.57,0.465,0.4513888888888889,0.65,0.5327868852459017,0.43,1.2945055961608887
"12,5,15,11,20,9,17,9,0,0,22,10,21,15,20",0.51,0.33,0.465,0.5060240963855421,0.84,0.631578947368421,0.51,0.8186852931976318
"9,9,8,2,14,12,16,14,14,2,13,3,4,22,15",0.45,0.51,0.465,0.4722222222222222,0.85,0.6071428571428571,0.45,0.7991776466369629
"8,10,1,7,7,11,15,8,5,1,13,19,2,7,2",0.43,0.57,0.465,0.42857142857142855,0.42,0.42424242424242425,0.43,0.9220659732818604
"0,22,17,4,10,6,2,18,11,22,7,14,21,17,18",0.49,0.39,0.46499999999999997,0.0,0.0,0.0,0.49,1.2687311172485352
"13,8,16,6,11,2,4,17,0,20,14,20,14,16,18",0.46,0.48,0.46499999999999997,0.3181818181818182,0.07,0.11475409836065574,0.45999999999999996,0.7234671115875244
"15,12,18,15,11,21,17,13,7,11,9,3,0,15,3",0.49,0.39,0.46499999999999997,0.49107142857142855,0.55,0.5188679245283019,0.49,0.8015940189361572
"16,9,2,22,12,7,7,17,7,16,1,11,11,15,19",0.415,0.61,0.46375,0.373134328358209,0.25,0.2994011976047904,0.415,0.9302003383636475
"13,8,7,3,22,15,13,11,16,0,9,18,14,5,22",0.455,0.48,0.46124999999999994,0.45871559633027525,0.5,0.4784688995215311,0.45499999999999996,0.7453815937042236
"13,10,5,10,19,0,2,18,16,8,6,7,21,5,17",0.405,0.63,0.46124999999999994,0.22857142857142856,0.08,0.11851851851851852,0.40499999999999997,1.7452328205108643
"0,19,8,6,1,18,19,19,4,18,2,16,4,5,7",0.44,0.52,0.46,0.44545454545454544,0.49,0.4666666666666667,0.44,4.83440375328064
"3,10,19,15,0,13,0,9,7,19,10,16,22,13,18",0.425,0.56,0.45875,0.38461538461538464,0.25,0.30303030303030304,0.425,0.811776876449585
"5,13,22,1,13,8,4,13,21,1,7,22,4,15,20",0.45,0.48,0.4575,0.47093023255813954,0.81,0.5955882352941176,0.45,0.7171669006347656
"8,16,11,6,10,15,1,19,5,0,11,10,15,9,6",0.43,0.54,0.4575,0.4444444444444444,0.56,0.49557522123893805,0.43000000000000005,0.7729547023773193
"3,11,7,5,18,8,2,19,17,6,8,9,15,15,17",0.46,0.45,0.45749999999999996,0.4701492537313433,0.63,0.5384615384615384,0.45999999999999996,1.0954248905181885
"10,3,3,16,12,21,13,23,0,0,17,15,2,16,13",0.395,0.64,0.45625000000000004,0.32786885245901637,0.2,0.2484472049689441,0.395,0.8352901935577393
"11,23,12,7,9,10,3,3,16,12,21,13,23,0,0",0.475,0.4,0.45625,0.48484848484848486,0.8,0.6037735849056604,0.47500000000000003,0.6856334209442139
"4,5,7,9,14,8,7,9,9,8,2,14,12,16,14",0.465,0.43,0.45625,0.4774193548387097,0.74,0.5803921568627451,0.46499999999999997,0.7418835163116455
"11,21,17,13,7,11,9,3,0,15,3,0,18,9,18",0.455,0.46,0.45624999999999993,0.32,0.08,0.128,0.45499999999999996,0.8245799541473389
"4,4,20,12,10,20,8,21,1,8,3,15,6,0,12",0.43,0.53,0.455,0.4593023255813953,0.79,0.5808823529411765,0.43,0.7612311840057373
"2,4,5,16,21,17,13,2,14,10,16,4,12,11,8",0.43,0.53,0.455,0.3793103448275862,0.22,0.27848101265822783,0.43,1.1319520473480225
"4,1,6,3,3,22,13,17,13,10,18,11,9,2,2",0.43,0.53,0.455,0.44776119402985076,0.6,0.5128205128205128,0.43,0.8498351573944092
"14,8,10,22,5,3,12,17,10,20,15,14,0,14,10",0.47,0.41,0.45499999999999996,0.4810126582278481,0.76,0.5891472868217055,0.47,0.7799680233001709
"8,16,15,19,11,22,6,14,12,16,11,15,2,16,12",0.415,0.57,0.45375000000000004,0.4444444444444444,0.68,0.5375494071146245,0.41500000000000004,0.8592929840087891
"16,4,5,7,9,14,8,7,9,9,8,2,14,12,16",0.495,0.33,0.45375,0.4956521739130435,0.57,0.5302325581395348,0.495,0.7588009834289551
"0,14,10,18,13,18,15,3,3,11,9,8,2,18,19",0.435,0.51,0.45375,0.4,0.26,0.3151515151515151,0.435,1.627472162246704
"7,0,21,1,0,11,10,4,22,10,20,7,10,20,0",0.42,0.55,0.45250000000000007,0.4024390243902439,0.33,0.3626373626373626,0.42000000000000004,0.6689131259918213
"14,8,14,13,8,13,9,1,6,13,1,14,8,10,8",0.45,0.46,0.4525,0.47023809523809523,0.79,0.5895522388059702,0.45,0.8108975887298584
"7,17,18,5,6,9,23,13,23,15,0,7,19,8,5",0.42,0.55,0.4525,0.4069767441860465,0.35,0.3763440860215054,0.42,0.8686795234680176
"10,19,0,6,0,7,17,13,10,9,5,8,18,8,1",0.445,0.47,0.45125,0.40350877192982454,0.23,0.2929936305732484,0.445,0.8206775188446045
"18,0,14,1,4,2,5,0,1,10,20,8,5,17,12",0.5,0.3,0.45,0.5,0.22,0.3055555555555556,0.5,1.0174493789672852
"17,21,6,1,4,16,1,3,15,5,14,3,0,19,10",0.425,0.52,0.44875,0.39436619718309857,0.28,0.32748538011695905,0.425,1.3442089557647705
"13,18,16,6,17,21,12,20,11,8,5,1,15,12,18",0.395,0.61,0.44875,0.37349397590361444,0.31,0.33879781420765026,0.395,0.9027078151702881
"16,9,11,10,7,1,8,16,13,15,2,16,8,4,21",0.43,0.5,0.4475,0.45454545454545453,0.7,0.5511811023622047,0.43,0.7672243118286133
"5,9,1,2,8,1,21,7,17,7,9,10,13,3,1",0.405,0.57,0.44625000000000004,0.32727272727272727,0.18,0.23225806451612904,0.405,0.7565546035766602
"14,2,22,14,5,18,3,3,15,16,11,11,14,17,19",0.415,0.53,0.44375,0.40229885057471265,0.35,0.37433155080213903,0.415,1.145395040512085
"10,5,5,17,18,9,10,5,21,12,13,14,23,8,18",0.405,0.56,0.44375,0.38271604938271603,0.31,0.3425414364640884,0.405,0.840216875076294
"6,3,13,13,20,1,16,10,6,9,20,17,18,17,12",0.435,0.47,0.44375,0.15789473684210525,0.03,0.05042016806722689,0.435,1.0390596389770508
"5,13,2,3,17,7,4,8,14,7,3,1,13,8,16",0.42,0.51,0.44250000000000006,0.43333333333333335,0.52,0.4727272727272727,0.42000000000000004,0.8070447444915771
"0,8,6,5,12,22,16,4,12,1,8,12,14,0,23",0.42,0.51,0.44250000000000006,0.3918918918918919,0.29,0.3333333333333333,0.42000000000000004,0.6877872943878174
"14,19,8,10,1,7,7,11,15,8,5,1,13,19,2",0.44,0.45,0.4425,0.39285714285714285,0.22,0.28205128205128205,0.44,0.8628079891204834
"4,5,3,21,12,3,10,18,16,20,10,13,18,15,13",0.425,0.49,0.44125000000000003,0.4369747899159664,0.52,0.4748858447488584,0.42500000000000004,0.8354082107543945
"11,7,18,17,9,16,5,9,1,2,8,1,21,7,17",0.405,0.55,0.44125000000000003,0.4095238095238095,0.43,0.4195121951219512,0.405,0.849677324295044
"12,22,16,4,12,1,8,12,14,0,23,2,12,18,15",0.41,0.53,0.44,0.36363636363636365,0.24,0.2891566265060241,0.41,0.7424764633178711
"23,13,5,4,5,2,0,21,9,13,12,7,17,21,6",0.39,0.59,0.43999999999999995,0.4083333333333333,0.49,0.44545454545454544,0.39,0.7424349784851074
"10,8,7,11,9,16,13,2,19,7,2,1,2,2,20",0.375,0.63,0.43875,0.35294117647058826,0.3,0.32432432432432434,0.375,0.8018908500671387
"2,18,15,15,5,18,18,8,4,6,5,13,8,17,17",0.43,0.46,0.4375,0.4606741573033708,0.82,0.5899280575539568,0.43,1.5500526428222656
"10,10,4,16,9,11,3,5,10,19,1,14,6,12,7",0.385,0.59,0.43625,0.37894736842105264,0.36,0.36923076923076925,0.385,0.8128259181976318
"7,18,16,18,10,2,3,12,2,1,15,20,15,5,4",0.415,0.5,0.43625,0.39759036144578314,0.33,0.36065573770491804,0.41500000000000004,0.8791699409484863
"17,4,9,1,2,5,0,5,6,0,6,6,9,14,21",0.425,0.47,0.43625,0.35294117647058826,0.18,0.23841059602649006,0.42500000000000004,0.7616596221923828
"17,6,8,9,15,15,17,20,10,11,13,17,4,23,15",0.435,0.44,0.43624999999999997,0.3968253968253968,0.25,0.3067484662576687,0.435,1.1110069751739502
"0,12,8,20,10,13,18,11,21,16,2,4,5,8,20",0.445,0.41,0.4362499999999999,0.4521739130434782,0.52,0.4837209302325581,0.445,0.740241289138794
"12,14,19,14,11,7,4,15,4,23,8,19,8,8,18",0.46,0.36,0.43500000000000005,0.3888888888888889,0.14,0.20588235294117646,0.46,0.7711405754089355
"15,21,15,13,9,17,6,19,10,6,8,22,12,21,8",0.5,0.24,0.435,0.5,0.31,0.38271604938271603,0.5,1.1055407524108887
"21,12,20,11,8,5,1,15,12,18,15,11,21,17,13",0.405,0.52,0.43375,0.43356643356643354,0.62,0.5102880658436214,0.405,0.8367764949798584
"4,8,14,7,3,1,13,8,16,15,22,4,10,15,14",0.405,0.52,0.43374999999999997,0.3442622950819672,0.21,0.2608695652173913,0.40499999999999997,0.7584967613220215
"7,4,9,17,3,5,1,18,13,1,8,23,11,9,9",0.42,0.47,0.4325,0.3,0.12,0.17142857142857143,0.42,0.9475841522216797
"10,13,21,17,17,0,1,16,16,21,2,16,9,8,18",0.44,0.41,0.4325,0.34210526315789475,0.13,0.18840579710144928,0.44,1.219217300415039
"7,17,21,6,1,4,16,1,3,15,5,14,3,0,19",0.43,0.44,0.4325,0.3157894736842105,0.12,0.17391304347826086,0.43,1.2984375953674316
"7,4,8,14,7,3,1,13,8,16,15,22,4,10,15",0.42,0.47,0.4325,0.3,0.12,0.17142857142857143,0.42,0.7061538696289062
"7,4,14,1,2,3,3,5,3,9,4,9,19,12,9",0.42,0.47,0.4325,0.3,0.12,0.17142857142857143,0.42,0.6542263031005859
"19,3,14,8,10,22,5,3,12,17,10,20,15,14,0",0.495,0.24,0.43124999999999997,0.4945054945054945,0.45,0.4712041884816754,0.495,1.2903776168823242
"21,14,13,13,14,5,23,7,7,3,9,23,16,16,17",0.46,0.34,0.43000000000000005,0.4759036144578313,0.79,0.5939849624060151,0.46,0.9403567314147949
"10,1,7,7,11,15,8,5,1,13,19,2,7,2,0",0.44,0.4,0.43000000000000005,0.4423076923076923,0.46,0.45098039215686275,0.44,0.8122947216033936
"7,0,5,12,1,11,23,13,23,7,19,13,1,7,15",0.42,0.46,0.43,0.3181818181818182,0.14,0.19444444444444445,0.42,0.7164037227630615
"13,22,1,13,8,4,13,21,1,7,22,4,15,20,7",0.41,0.49,0.43,0.423728813559322,0.5,0.45871559633027525,0.41000000000000003,0.7436251640319824
"13,12,7,13,15,6,9,17,6,15,0,14,23,15,17",0.42,0.45,0.4275000000000001,0.42592592592592593,0.46,0.4423076923076923,0.42000000000000004,0.7618768215179443
"10,19,10,15,19,1,6,2,2,3,10,14,9,23,0",0.425,0.43,0.42625,0.2857142857142857,0.1,0.14814814814814814,0.425,1.1139376163482666
"14,2,12,17,1,15,7,7,1,2,13,16,23,17,6",0.445,0.37,0.42625,0.43209876543209874,0.35,0.3867403314917127,0.445,1.035735845565796
"10,5,7,2,22,3,3,12,15,18,8,13,10,2,20",0.42,0.44,0.42500000000000004,0.42452830188679247,0.45,0.4368932038834951,0.42000000000000004,0.8408863544464111
"3,16,5,14,23,7,21,12,14,4,3,8,7,9,5",0.43,0.41,0.42500000000000004,0.4406779661016949,0.52,0.47706422018348627,0.43000000000000005,0.7738919258117676
"7,9,14,8,7,9,9,8,2,14,12,16,14,14,2",0.41,0.47,0.425,0.37142857142857144,0.26,0.3058823529411765,0.41000000000000003,0.8826725482940674
"10,7,4,14,18,4,1,8,19,2,0,11,15,13,21",0.37,0.59,0.42499999999999993,0.175,0.07,0.1,0.37,0.7712399959564209
"7,22,15,12,12,20,16,4,17,19,15,20,17,16,17",0.405,0.48,0.42375,0.36619718309859156,0.26,0.30409356725146197,0.405,1.3419601917266846
"7,12,19,15,2,7,19,15,23,5,6,16,21,12,17",0.405,0.48,0.42374999999999996,0.3582089552238806,0.24,0.2874251497005988,0.40499999999999997,1.0286059379577637
"7,15,8,9,10,0,20,11,9,4,17,15,16,21,9",0.4,0.49,0.42250000000000004,0.3611111111111111,0.26,0.3023255813953488,0.4,0.8148624897003174
"19,6,5,13,2,3,17,7,4,8,14,7,3,1,13",0.41,0.46,0.4225,0.4338235294117647,0.59,0.5,0.41,1.256438970565796
"6,22,15,2,1,12,1,5,13,6,16,10,6,11,23",0.42,0.43,0.4225,0.30952380952380953,0.13,0.18309859154929578,0.42,0.7174863815307617
"16,2,4,7,0,5,12,1,11,23,13,23,7,19,13",0.415,0.44,0.42125,0.4397163120567376,0.62,0.5145228215767634,0.415,0.7460165023803711
"13,8,13,9,1,6,13,1,14,8,10,8,4,22,9",0.4,0.48,0.42000000000000004,0.3888888888888889,0.35,0.3684210526315789,0.4,0.8242571353912354
"13,15,2,12,12,22,15,8,13,11,23,12,7,9,10",0.45,0.33,0.42,0.4264705882352941,0.29,0.34523809523809523,0.44999999999999996,0.8198151588439941
"21,14,16,0,3,1,10,13,12,8,21,2,5,13,1",0.4,0.47,0.4175,0.23684210526315788,0.09,0.13043478260869565,0.39999999999999997,0.9360291957855225
"5,7,9,14,8,7,9,9,8,2,14,12,16,14,14",0.42,0.41,0.4175,0.41836734693877553,0.41,0.41414141414141414,0.42,0.7490043640136719
"9,0,18,8,12,12,3,23,0,10,3,8,20,15,20",0.43,0.38,0.4175,0.3793103448275862,0.22,0.27848101265822783,0.43,0.6829426288604736
"12,0,16,9,11,10,7,1,8,16,13,15,2,16,8",0.375,0.54,0.41625,0.1794871794871795,0.07,0.10071942446043165,0.375,0.712043046951294
"0,13,0,2,1,4,4,15,2,1,1,13,10,7,1",0.415,0.42,0.41625,0.39759036144578314,0.33,0.36065573770491804,0.41500000000000004,0.6303410530090332
"11,17,13,8,7,3,22,15,13,11,16,0,9,18,14",0.435,0.35,0.41375000000000006,0.44537815126050423,0.53,0.4840182648401826,0.43500000000000005,0.8167414665222168
"17,11,12,2,2,6,4,14,15,7,12,0,11,20,15",0.445,0.32,0.41375,0.3225806451612903,0.1,0.15267175572519084,0.445,0.8711941242218018
"4,6,5,13,8,17,17,9,6,8,7,20,2,1,9",0.42,0.39,0.4125,0.2894736842105263,0.11,0.15942028985507245,0.42,0.6912176609039307
"7,13,12,12,17,0,18,16,14,21,5,13,1,10,22",0.395,0.46,0.41124999999999995,0.3384615384615385,0.22,0.26666666666666666,0.39499999999999996,0.9885818958282471
"11,18,6,2,11,1,8,4,1,4,20,15,14,13,17",0.395,0.45,0.40875,0.3220338983050847,0.19,0.2389937106918239,0.395,0.7829070091247559
"7,4,15,22,11,7,13,23,2,6,14,9,8,4,3",0.39,0.46,0.4075,0.2962962962962963,0.16,0.2077922077922078,0.39,0.8017435073852539
"7,7,7,5,22,12,0,0,13,7,11,7,21,9,17",0.385,0.47,0.40625,0.2909090909090909,0.16,0.2064516129032258,0.385,0.8871901035308838
"10,22,5,3,12,17,10,20,15,14,0,14,10,18,13",0.34,0.6,0.405,0.25757575757575757,0.17,0.20481927710843373,0.34,0.7246572971343994
"17,13,7,11,9,3,0,15,3,0,18,9,18,11,8",0.46,0.24,0.40499999999999997,0.4574468085106383,0.43,0.44329896907216493,0.45999999999999996,0.8284263610839844
"4,7,0,5,12,1,11,23,13,23,7,19,13,1,7",0.395,0.43,0.40375,0.441340782122905,0.79,0.5663082437275986,0.395,0.7115254402160645
"7,0,8,14,1,1,14,19,8,10,1,7,7,11,15",0.38,0.47,0.4025,0.3,0.18,0.225,0.38,0.8276228904724121
"18,2,8,10,0,13,0,2,1,4,4,15,2,1,1",0.38,0.47,0.4025,0.41044776119402987,0.55,0.4700854700854701,0.38,0.8995883464813232
"8,3,14,16,1,13,14,0,10,20,14,2,10,18,4",0.39,0.44,0.40249999999999997,0.36904761904761907,0.31,0.33695652173913043,0.39,0.7406165599822998
"16,6,17,21,12,20,11,8,5,1,15,12,18,15,11",0.415,0.36,0.40125,0.38666666666666666,0.29,0.3314285714285714,0.41500000000000004,0.8185784816741943
"3,14,8,10,22,5,3,12,17,10,20,15,14,0,14",0.425,0.33,0.40125,0.4444444444444444,0.6,0.5106382978723404,0.425,0.8991842269897461
"2,14,4,18,13,3,11,4,3,19,12,6,8,23,9",0.4,0.4,0.4,0.3958333333333333,0.38,0.3877551020408163,0.4,0.7513890266418457
"11,15,8,5,1,13,19,2,7,2,0,14,15,20,15",0.4,0.37,0.39249999999999996,0.23684210526315788,0.09,0.13043478260869565,0.39999999999999997,0.8989598751068115
"15,12,3,10,19,15,0,13,0,9,7,19,10,16,22",0.415,0.3,0.38625000000000004,0.4065934065934066,0.37,0.387434554973822,0.41500000000000004,0.774507999420166
"17,11,19,8,11,10,4,10,9,13,0,10,12,7,23",0.39,0.37,0.385,0.39814814814814814,0.43,0.41346153846153844,0.39,0.884484052658081
"19,15,14,8,5,6,5,2,6,4,6,22,7,3,15",0.41,0.3,0.3825,0.41509433962264153,0.44,0.42718446601941745,0.41000000000000003,1.2622590065002441
"17,9,6,8,7,20,2,1,9,6,20,12,2,2,22",0.36,0.44,0.38,0.3793103448275862,0.44,0.4074074074074074,0.36,0.7532186508178711
"2,7,2,0,14,15,20,15,16,2,1,16,13,3,10",0.365,0.4,0.37375,0.41818181818181815,0.69,0.5207547169811321,0.365,0.7534618377685547
"2,7,15,18,17,11,13,9,1,21,1,12,17,22,10",0.365,0.37,0.36624999999999996,0.41818181818181815,0.69,0.5207547169811321,0.365,0.8987970352172852
"5,16,0,0,16,7,23,0,13,12,13,11,20,4,8",0.405,0.2,0.35375,0.37662337662337664,0.29,0.327683615819209,0.405,0.8487310409545898
"17,18,5,6,9,23,13,23,15,0,7,19,8,5,8",0.36,0.18,0.315,0.3870967741935484,0.48,0.42857142857142855,0.36,1.0052435398101807
"19,4,18,2,16,4,5,7,9,14,8,7,9,9,8",0.39,0.07,0.31,0.36585365853658536,0.3,0.32967032967032966,0.39,2.220137357711792
