encoding,test accuracy,training accuracy,combined accuracy,test precision,test recall,test fscore,test auc,training time
"0,0,0,1,0,0,1,1,1,0,1,0,1,1,1,0,0,1,0,1,1",0.715,0.81,0.73875,0.6747967479674797,0.83,0.7443946188340808,0.715,0.7365727424621582
"0,1,0,0,0,0,0,0,1,0,1,0,1,1,1,1,1,0,1,1,1",0.7,0.85,0.7374999999999999,0.6886792452830188,0.73,0.7087378640776699,0.7,0.6705379486083984
"0,0,0,1,0,0,1,1,1,0,1,0,1,1,1,0,0,1,0,0,1",0.705,0.78,0.7237500000000001,0.6413793103448275,0.93,0.7591836734693878,0.7050000000000001,0.6221921443939209
"0,0,1,0,0,0,0,1,1,1,1,0,0,0,1,0,1,0,1,0,1",0.7,0.79,0.7224999999999999,0.7,0.7,0.7,0.7,0.6321258544921875
"0,0,0,1,0,0,1,1,1,0,1,0,1,0,1,0,1,0,1,1,0",0.7,0.75,0.7124999999999999,0.6515151515151515,0.86,0.7413793103448276,0.7,0.7164349555969238
"0,0,0,1,0,0,1,1,1,0,1,0,1,0,1,0,1,0,0,1,0",0.7,0.75,0.7124999999999999,0.6515151515151515,0.86,0.7413793103448276,0.7,0.6393866539001465
"0,0,0,1,0,0,1,1,1,0,1,0,1,1,1,0,1,0,0,1,0",0.7,0.75,0.7124999999999999,0.6515151515151515,0.86,0.7413793103448276,0.7,0.6978936195373535
"0,0,0,1,0,0,0,0,1,1,1,0,0,0,1,0,0,1,1,0,1",0.69,0.78,0.7124999999999999,0.620253164556962,0.98,0.7596899224806202,0.69,0.701693058013916
"0,0,0,1,0,0,0,0,1,1,1,0,0,0,1,0,1,0,0,1,1",0.67,0.83,0.71,0.6103896103896104,0.94,0.7401574803149606,0.6699999999999999,0.7283053398132324
"0,0,1,0,0,0,1,0,0,1,1,0,1,0,0,0,1,0,1,0,1",0.68,0.79,0.7075,0.6363636363636364,0.84,0.7241379310344828,0.6799999999999999,0.7220039367675781
"0,0,1,0,0,0,1,0,0,1,1,0,1,0,0,1,0,1,0,1,1",0.67,0.82,0.7075,0.6118421052631579,0.93,0.7380952380952381,0.67,0.6772115230560303
"0,0,0,1,0,0,1,1,1,0,1,0,1,1,1,0,0,1,0,1,0",0.685,0.77,0.70625,0.6554621848739496,0.78,0.7123287671232876,0.685,0.6626555919647217
"0,0,0,1,0,0,1,1,1,0,1,0,1,0,1,0,0,1,0,1,0",0.685,0.77,0.70625,0.6554621848739496,0.78,0.7123287671232876,0.685,0.5994069576263428
"0,0,0,1,0,0,1,1,1,0,1,0,1,0,1,0,0,1,1,1,0",0.685,0.77,0.70625,0.6554621848739496,0.78,0.7123287671232876,0.685,0.657698392868042
"0,1,0,0,1,0,0,0,0,0,1,1,1,0,1,0,1,1,0,1,1",0.675,0.8,0.70625,0.6296296296296297,0.85,0.723404255319149,0.675,0.7043366432189941
"0,0,1,0,0,0,1,0,0,1,1,0,1,0,0,1,0,1,1,0,1",0.68,0.78,0.7050000000000001,0.618421052631579,0.94,0.746031746031746,0.6799999999999999,0.7599105834960938
"0,0,1,0,0,0,1,0,0,1,1,0,1,0,0,1,0,1,0,0,1",0.685,0.76,0.7037500000000001,0.6312056737588653,0.89,0.7385892116182573,0.685,0.6258258819580078
"0,0,0,1,0,0,0,0,1,1,1,0,0,0,0,0,0,1,1,0,1",0.675,0.79,0.7037500000000001,0.6114649681528662,0.96,0.7470817120622568,0.675,0.6382198333740234
"1,0,1,1,1,1,0,0,1,1,0,0,1,0,0,1,0,1,1,1,0",0.675,0.79,0.7037500000000001,0.6223776223776224,0.89,0.7325102880658436,0.675,0.6883947849273682
"0,0,1,0,0,0,0,1,1,0,1,0,0,0,1,0,1,0,0,1,1",0.68,0.77,0.7025,0.6168831168831169,0.95,0.7480314960629921,0.6799999999999999,0.6679525375366211
"0,0,1,0,0,0,1,0,0,1,1,0,1,0,0,0,0,1,1,0,1",0.68,0.77,0.7025,0.62,0.93,0.744,0.68,0.6456625461578369
"0,0,1,0,0,0,1,0,0,1,1,0,1,0,0,0,0,1,1,0,0",0.685,0.75,0.70125,0.6456692913385826,0.82,0.7224669603524229,0.685,0.5961346626281738
"1,1,1,0,1,1,0,0,0,1,0,0,0,0,0,0,1,0,1,1,1",0.665,0.81,0.70125,0.6542056074766355,0.7,0.6763285024154589,0.665,0.671729564666748
"0,0,0,1,1,1,0,1,1,1,1,0,0,0,1,0,0,1,1,1,0",0.685,0.75,0.70125,0.6456692913385826,0.82,0.7224669603524229,0.685,0.7036118507385254
"0,0,0,1,1,1,0,1,1,1,1,0,0,0,1,0,1,1,0,1,0",0.685,0.75,0.70125,0.6456692913385826,0.82,0.7224669603524229,0.685,0.6320807933807373
"0,0,1,0,0,0,1,0,0,1,1,0,1,0,0,1,0,1,1,0,0",0.685,0.75,0.70125,0.6456692913385826,0.82,0.7224669603524229,0.685,0.6058504581451416
"0,0,1,0,0,0,1,0,0,1,1,0,1,0,0,0,0,1,0,0,0",0.685,0.75,0.70125,0.6456692913385826,0.82,0.7224669603524229,0.685,0.6076185703277588
"0,0,0,1,1,1,0,1,1,1,1,0,0,0,1,0,0,1,0,1,0",0.685,0.75,0.70125,0.6456692913385826,0.82,0.7224669603524229,0.685,0.6249833106994629
"1,0,1,1,1,1,0,0,1,0,1,0,1,1,1,0,1,0,0,1,0",0.685,0.75,0.70125,0.6163522012578616,0.98,0.7567567567567568,0.685,0.7371084690093994
"0,0,1,0,0,0,1,0,0,1,1,0,1,0,0,1,0,1,0,0,0",0.685,0.75,0.70125,0.6456692913385826,0.82,0.7224669603524229,0.685,0.6090836524963379
"1,0,1,1,1,1,0,1,0,0,1,0,1,1,1,0,0,1,1,1,0",0.68,0.76,0.7,0.6304347826086957,0.87,0.7310924369747899,0.6799999999999999,0.6171140670776367
"1,0,1,1,1,1,0,1,0,0,1,0,1,1,1,0,0,1,0,1,0",0.68,0.76,0.7,0.6304347826086957,0.87,0.7310924369747899,0.6799999999999999,0.627734899520874
"1,0,1,1,1,1,0,1,0,0,1,0,1,0,1,0,0,1,0,1,0",0.68,0.76,0.7,0.6304347826086957,0.87,0.7310924369747899,0.6799999999999999,0.6403193473815918
"0,0,1,0,0,0,1,0,0,1,1,0,1,0,0,0,1,1,1,0,1",0.655,0.83,0.69875,0.6068965517241379,0.88,0.7183673469387755,0.655,0.7360010147094727
"0,0,1,0,0,0,0,1,1,1,1,0,0,0,0,0,0,0,1,0,1",0.685,0.74,0.69875,0.6412213740458015,0.84,0.7272727272727273,0.685,0.6494033336639404
"1,1,1,0,0,1,0,0,0,0,1,0,1,1,0,0,1,1,1,1,1",0.68,0.75,0.6975,0.6304347826086957,0.87,0.7310924369747899,0.6799999999999999,0.6665401458740234
"0,1,0,0,0,0,0,1,0,0,1,1,1,0,1,0,1,0,1,0,1",0.66,0.81,0.6975,0.5987654320987654,0.97,0.7404580152671756,0.6599999999999999,0.6818246841430664
"0,1,0,0,0,0,0,1,0,0,1,0,0,0,1,0,1,0,0,1,1",0.67,0.78,0.6975,0.6118421052631579,0.93,0.7380952380952381,0.67,0.6898231506347656
"0,0,0,1,0,0,0,0,1,1,1,0,0,0,0,0,0,1,1,1,0",0.685,0.73,0.69625,0.635036496350365,0.87,0.7341772151898734,0.685,0.6848273277282715
"1,1,1,1,0,1,1,0,0,0,1,0,0,0,0,0,0,1,0,1,1",0.665,0.79,0.69625,0.6122448979591837,0.9,0.728744939271255,0.665,0.7038843631744385
"0,0,1,0,0,0,0,1,1,0,1,0,0,0,1,0,0,1,0,0,0",0.685,0.73,0.69625,0.635036496350365,0.87,0.7341772151898734,0.685,0.7369484901428223
"0,0,1,0,0,0,0,1,1,0,1,0,0,0,1,0,0,1,1,0,0",0.685,0.73,0.69625,0.635036496350365,0.87,0.7341772151898734,0.685,0.6786534786224365
"0,0,0,1,0,0,0,0,1,1,1,0,0,1,1,0,0,1,0,0,1",0.665,0.79,0.69625,0.6,0.99,0.7471698113207547,0.665,0.7084090709686279
"0,0,0,1,0,0,0,0,1,1,1,0,0,0,1,0,1,0,0,1,0",0.685,0.73,0.69625,0.635036496350365,0.87,0.7341772151898734,0.685,0.7540559768676758
"0,0,1,0,0,0,0,1,1,0,1,0,0,0,1,1,0,1,0,0,0",0.685,0.73,0.69625,0.635036496350365,0.87,0.7341772151898734,0.685,0.7351787090301514
"0,0,1,0,0,0,0,1,1,1,1,0,0,0,1,0,0,1,1,0,0",0.68,0.74,0.6950000000000001,0.6730769230769231,0.7,0.6862745098039216,0.6799999999999999,0.6991488933563232
"0,0,1,0,0,0,1,1,1,1,1,0,0,0,1,0,1,0,1,0,1",0.68,0.74,0.6950000000000001,0.65,0.78,0.7090909090909091,0.6799999999999999,0.7293233871459961
"0,0,1,0,0,0,0,1,1,0,1,0,0,0,1,0,0,1,0,1,0",0.68,0.74,0.6950000000000001,0.62,0.93,0.744,0.68,0.6979403495788574
"0,0,0,1,0,0,0,1,1,1,1,0,0,0,1,0,1,0,0,1,0",0.68,0.74,0.6950000000000001,0.6730769230769231,0.7,0.6862745098039216,0.6799999999999999,0.6664958000183105
"0,0,0,1,0,0,0,0,1,1,1,0,0,1,1,0,1,0,0,1,1",0.68,0.74,0.6950000000000001,0.6475409836065574,0.79,0.7117117117117117,0.6799999999999999,0.7417352199554443
"0,0,1,0,0,0,0,1,1,1,1,0,0,1,1,1,1,1,1,0,0",0.68,0.74,0.6950000000000001,0.6730769230769231,0.7,0.6862745098039216,0.6799999999999999,0.6713011264801025
"0,0,1,0,0,0,0,1,1,1,1,0,0,0,1,0,0,1,0,0,0",0.68,0.74,0.6950000000000001,0.6730769230769231,0.7,0.6862745098039216,0.6799999999999999,0.6415939331054688
"0,1,0,0,0,0,0,1,1,0,1,0,0,0,1,0,1,0,0,1,1",0.66,0.8,0.6950000000000001,0.6126760563380281,0.87,0.71900826446281,0.66,0.6697585582733154
"0,0,0,1,0,0,1,1,1,0,1,0,1,0,1,0,1,0,0,1,1",0.67,0.76,0.6925000000000001,0.6118421052631579,0.93,0.7380952380952381,0.67,0.6431310176849365
"1,0,0,1,1,1,0,1,1,1,1,1,0,1,1,0,0,1,1,0,1",0.68,0.73,0.6925,0.6216216216216216,0.92,0.7419354838709677,0.68,0.6663610935211182
"0,0,1,0,0,0,1,1,1,0,1,0,1,1,1,0,0,1,0,0,1",0.68,0.73,0.6925,0.6428571428571429,0.81,0.7168141592920354,0.68,0.6646201610565186
"0,0,1,0,0,0,0,1,1,1,1,0,0,0,1,0,0,1,1,1,0",0.68,0.73,0.6925,0.6384615384615384,0.83,0.7217391304347827,0.6799999999999999,0.6351428031921387
"0,0,1,0,0,0,0,1,1,1,1,0,0,0,1,0,0,1,0,1,0",0.68,0.73,0.6925,0.6384615384615384,0.83,0.7217391304347827,0.6799999999999999,0.5926826000213623
"1,0,1,1,1,1,0,1,0,0,1,1,1,0,1,0,1,0,1,0,1",0.66,0.79,0.6925,0.5963855421686747,0.99,0.7443609022556391,0.66,0.6468653678894043
"0,0,1,0,0,0,0,1,1,1,1,0,0,0,1,0,1,1,0,1,0",0.68,0.73,0.6925,0.6384615384615384,0.83,0.7217391304347827,0.6799999999999999,0.6362249851226807
"0,0,0,0,1,0,0,1,1,1,1,1,1,1,1,0,0,0,0,1,1",0.665,0.77,0.69125,0.6410256410256411,0.75,0.6912442396313364,0.665,0.6727709770202637
"0,0,0,1,0,0,0,1,1,1,1,0,0,0,1,0,0,1,0,0,0",0.68,0.72,0.69,0.6914893617021277,0.65,0.6701030927835051,0.6799999999999999,0.6864008903503418
"1,0,1,1,1,1,0,1,1,1,1,0,0,0,1,0,0,1,0,1,0",0.67,0.75,0.69,0.6103896103896104,0.94,0.7401574803149606,0.6699999999999999,0.6501142978668213
"0,0,0,1,0,0,0,0,1,1,1,0,0,0,1,0,0,1,0,1,0",0.68,0.72,0.69,0.618421052631579,0.94,0.746031746031746,0.6799999999999999,0.7309067249298096
"0,0,0,1,0,0,0,1,1,1,1,0,0,0,1,0,0,1,1,0,0",0.68,0.72,0.69,0.6914893617021277,0.65,0.6701030927835051,0.6799999999999999,0.6482663154602051
"0,0,1,0,0,0,0,0,1,1,1,0,0,0,1,0,1,0,0,1,0",0.68,0.72,0.69,0.6914893617021277,0.65,0.6701030927835051,0.6799999999999999,0.6342010498046875
"0,0,0,1,0,0,1,1,1,0,1,0,0,0,0,0,0,1,1,0,1",0.66,0.78,0.69,0.686046511627907,0.59,0.6344086021505376,0.6599999999999999,0.6828937530517578
"0,0,1,0,0,0,0,1,1,1,1,0,0,0,1,0,1,0,0,1,0",0.68,0.72,0.69,0.6914893617021277,0.65,0.6701030927835051,0.6799999999999999,0.6096251010894775
"0,0,1,0,0,0,1,0,0,1,1,0,0,0,1,0,0,1,1,0,0",0.665,0.76,0.68875,0.6222222222222222,0.84,0.7148936170212766,0.665,0.6146607398986816
"0,1,0,0,0,0,0,1,0,0,1,1,1,0,1,0,0,1,0,1,0",0.645,0.82,0.68875,0.6,0.87,0.710204081632653,0.645,0.6629831790924072
"0,0,0,1,1,1,0,1,1,0,1,0,0,0,1,0,0,1,0,0,0",0.67,0.74,0.6875,0.6214285714285714,0.87,0.725,0.6699999999999999,0.7074182033538818
"0,0,0,1,1,1,0,1,0,0,1,0,1,1,1,0,0,1,1,0,0",0.67,0.74,0.6875,0.6214285714285714,0.87,0.725,0.6699999999999999,0.6448042392730713
"1,1,0,1,0,1,0,1,0,0,1,0,1,0,1,1,0,1,1,0,1",0.64,0.83,0.6875,0.6555555555555556,0.59,0.6210526315789474,0.6399999999999999,0.6999337673187256
"0,0,0,1,1,1,0,1,0,1,1,0,1,1,1,1,1,1,1,0,0",0.67,0.74,0.6875,0.6214285714285714,0.87,0.725,0.6699999999999999,0.7572281360626221
"0,0,0,1,1,1,0,1,1,1,1,0,0,0,1,0,0,1,1,0,0",0.67,0.74,0.6875,0.6214285714285714,0.87,0.725,0.6699999999999999,0.7117676734924316
"0,0,0,1,1,1,0,1,1,1,1,0,0,0,1,0,0,1,0,0,0",0.67,0.74,0.6875,0.6214285714285714,0.87,0.725,0.6699999999999999,0.6874949932098389
"1,0,1,1,1,1,0,1,0,0,0,1,1,0,0,1,1,0,0,1,0",0.65,0.8,0.6875,0.5986842105263158,0.91,0.7222222222222222,0.65,0.633875846862793
"0,0,0,1,0,0,1,1,1,0,1,0,1,1,1,0,0,1,1,0,1",0.67,0.74,0.6875,0.6416666666666667,0.77,0.7,0.6699999999999999,0.653203010559082
"1,1,0,1,1,1,1,1,0,0,1,1,1,0,0,1,0,1,1,1,0",0.66,0.77,0.6875,0.6066666666666667,0.91,0.728,0.66,0.6471116542816162
"0,0,0,1,1,1,0,1,1,1,1,0,0,0,1,0,1,1,0,0,0",0.67,0.74,0.6875,0.6214285714285714,0.87,0.725,0.6699999999999999,0.6680469512939453
"1,0,1,1,1,1,0,1,0,0,0,1,1,0,0,1,1,0,0,1,1",0.645,0.81,0.68625,0.6058394160583942,0.83,0.70042194092827,0.645,0.630875825881958
"0,0,0,1,0,0,1,1,0,0,1,0,1,1,1,0,0,1,0,1,0",0.65,0.79,0.685,0.6056338028169014,0.86,0.7107438016528925,0.65,0.6136093139648438
"1,1,1,1,1,0,0,1,1,0,0,0,0,1,1,1,1,0,1,1,0",0.67,0.73,0.685,0.6370967741935484,0.79,0.7053571428571429,0.67,0.6294004917144775
"0,0,0,1,0,1,1,0,0,1,1,1,1,1,1,1,0,1,1,1,0",0.64,0.82,0.685,0.609375,0.78,0.6842105263157895,0.64,0.7075562477111816
"0,1,1,0,0,1,0,1,0,0,1,0,1,1,0,1,0,0,1,0,1",0.65,0.79,0.6849999999999999,0.6119402985074627,0.82,0.7008547008547008,0.6499999999999999,0.6895692348480225
"0,1,0,0,0,0,0,1,0,0,1,0,1,1,1,0,0,1,0,1,0",0.655,0.77,0.6837500000000001,0.5974842767295597,0.95,0.7335907335907336,0.655,0.6497704982757568
"0,1,1,1,1,1,0,0,1,0,1,1,1,1,0,1,1,0,0,1,0",0.635,0.83,0.6837500000000001,0.6588235294117647,0.56,0.6054054054054054,0.635,0.7319161891937256
"0,1,1,1,1,1,1,0,0,0,0,0,0,1,0,1,1,1,1,0,1",0.645,0.8,0.6837500000000001,0.6074074074074074,0.82,0.6978723404255319,0.645,0.6453297138214111
"0,0,0,1,1,1,0,1,0,0,1,0,1,1,1,0,0,1,1,1,0",0.665,0.74,0.6837500000000001,0.6170212765957447,0.87,0.7219917012448133,0.665,0.6367998123168945
"0,0,0,1,1,1,0,1,0,0,1,0,1,1,1,0,0,1,0,1,0",0.665,0.74,0.6837500000000001,0.6170212765957447,0.87,0.7219917012448133,0.665,0.6840674877166748
"0,0,0,1,1,1,0,1,0,0,1,0,1,0,1,0,0,1,1,1,0",0.665,0.74,0.6837500000000001,0.6170212765957447,0.87,0.7219917012448133,0.665,0.6363368034362793
"0,0,0,1,1,1,0,1,0,0,1,0,1,0,1,0,0,1,0,1,0",0.665,0.74,0.6837500000000001,0.6170212765957447,0.87,0.7219917012448133,0.665,0.639171838760376
"1,1,1,0,0,1,1,1,1,1,1,0,0,0,1,0,0,0,0,1,1",0.635,0.83,0.68375,0.6238532110091743,0.68,0.6507177033492823,0.635,0.6808369159698486
"0,0,0,1,0,0,0,0,1,1,1,0,0,0,0,1,0,1,1,0,1",0.65,0.78,0.6825000000000001,0.5914634146341463,0.97,0.7348484848484849,0.65,0.6510353088378906
"0,0,0,1,0,0,1,1,1,0,1,1,1,1,1,0,1,0,0,1,1",0.65,0.78,0.6825000000000001,0.6136363636363636,0.81,0.6982758620689655,0.65,0.6757688522338867
"0,1,1,1,1,1,0,1,1,1,1,0,0,0,1,0,1,1,0,1,0",0.64,0.81,0.6825,0.6186440677966102,0.73,0.6697247706422018,0.64,0.6095128059387207
"0,0,1,0,0,0,0,1,1,1,1,0,0,0,0,0,1,0,1,0,1",0.64,0.81,0.6825,0.6458333333333334,0.62,0.6326530612244898,0.64,0.6494405269622803
"0,1,1,1,1,1,0,1,1,1,1,0,0,0,1,0,0,1,0,1,0",0.64,0.81,0.6825,0.6186440677966102,0.73,0.6697247706422018,0.64,0.6653904914855957
"0,0,1,0,0,0,0,0,1,1,1,0,0,0,1,0,1,1,0,1,0",0.65,0.78,0.6824999999999999,0.6119402985074627,0.82,0.7008547008547008,0.6499999999999999,0.6962127685546875
"0,0,1,0,0,0,1,0,0,1,1,0,1,0,0,1,0,1,0,1,0",0.645,0.79,0.68125,0.6330275229357798,0.69,0.6602870813397129,0.645,0.646796464920044
"0,0,1,0,0,0,1,0,0,1,1,0,1,0,0,1,0,1,1,1,0",0.645,0.79,0.68125,0.6330275229357798,0.69,0.6602870813397129,0.645,0.6614506244659424
"0,0,1,0,0,0,0,1,1,0,1,1,1,0,1,0,1,0,1,0,1",0.65,0.77,0.68,0.6056338028169014,0.86,0.7107438016528925,0.65,0.6501116752624512
"1,1,1,0,1,1,1,0,0,1,0,0,0,1,0,1,1,0,1,0,0",0.68,0.68,0.6799999999999999,0.6267605633802817,0.89,0.7355371900826446,0.6799999999999999,0.6232681274414062
"0,0,0,0,1,0,0,0,1,1,1,1,0,0,1,0,0,0,1,0,0",0.66,0.74,0.6799999999999999,0.6,0.96,0.7384615384615385,0.6599999999999999,0.5998554229736328
"0,0,1,0,0,0,0,1,1,0,1,0,0,0,1,0,1,0,0,0,0",0.66,0.74,0.6799999999999999,0.6,0.96,0.7384615384615385,0.6599999999999999,0.5995759963989258
"0,0,0,1,0,0,0,0,1,1,1,0,0,0,0,0,0,1,0,0,0",0.66,0.74,0.6799999999999999,0.6,0.96,0.7384615384615385,0.6599999999999999,0.5961227416992188
"1,0,1,1,1,1,0,1,0,0,0,1,1,0,0,1,1,0,1,0,0",0.68,0.68,0.6799999999999999,0.6267605633802817,0.89,0.7355371900826446,0.6799999999999999,0.5900068283081055
"0,0,0,1,0,0,0,0,1,1,1,0,1,0,1,0,1,0,1,1,0",0.65,0.77,0.6799999999999999,0.6293103448275862,0.73,0.6759259259259259,0.6499999999999999,0.7057883739471436
"0,0,0,1,0,0,0,0,1,1,1,0,0,0,0,0,0,1,1,0,0",0.66,0.74,0.6799999999999999,0.6,0.96,0.7384615384615385,0.6599999999999999,0.6304512023925781
"0,0,1,0,0,0,1,0,0,1,1,0,0,0,1,0,0,1,0,1,0",0.64,0.8,0.6799999999999999,0.6029411764705882,0.82,0.6949152542372882,0.64,0.5958476066589355
"1,0,1,1,1,1,0,1,0,0,0,1,1,0,0,1,1,0,0,0,0",0.68,0.68,0.6799999999999999,0.6267605633802817,0.89,0.7355371900826446,0.6799999999999999,0.5614702701568604
"0,0,0,1,0,0,0,0,1,1,1,0,0,0,1,1,1,0,1,0,0",0.66,0.74,0.6799999999999999,0.6,0.96,0.7384615384615385,0.6599999999999999,0.6006221771240234
"0,0,0,1,0,0,0,0,1,1,1,0,0,0,0,1,0,1,0,0,0",0.66,0.74,0.6799999999999999,0.6,0.96,0.7384615384615385,0.6599999999999999,0.5900299549102783
"0,0,1,0,0,0,1,0,1,1,1,1,0,0,1,0,1,0,0,1,1",0.645,0.78,0.67875,0.5868263473053892,0.98,0.7340823970037453,0.645,0.692554235458374
"0,1,1,1,0,0,1,1,1,0,0,1,1,0,1,0,0,0,0,1,1",0.645,0.78,0.67875,0.6283185840707964,0.71,0.6666666666666666,0.645,0.6738617420196533
"1,0,1,0,1,1,1,0,0,0,0,1,0,1,0,0,1,0,1,1,1",0.645,0.78,0.67875,0.5973154362416108,0.89,0.714859437751004,0.645,0.6522698402404785
"0,0,0,1,0,0,1,1,1,0,1,0,1,0,1,0,0,1,1,0,1",0.655,0.75,0.67875,0.6083916083916084,0.87,0.7160493827160493,0.655,0.7955272197723389
"0,0,0,1,0,0,1,1,1,0,1,0,1,0,1,0,1,0,1,0,1",0.645,0.78,0.67875,0.6198347107438017,0.75,0.6787330316742082,0.645,0.6615843772888184
"0,0,1,0,0,0,0,1,0,1,1,0,0,0,1,0,1,0,1,0,1",0.645,0.78,0.67875,0.6178861788617886,0.76,0.6816143497757847,0.645,0.7593271732330322
"0,0,0,1,0,0,1,1,1,0,1,0,1,0,1,0,0,1,0,1,1",0.65,0.76,0.6775,0.6470588235294118,0.66,0.6534653465346535,0.65,0.7348825931549072
"0,0,1,0,0,0,0,0,0,1,1,1,1,0,1,0,0,1,0,0,0",0.66,0.73,0.6775,0.6,0.96,0.7384615384615385,0.6599999999999999,0.7435441017150879
"0,0,1,0,0,0,0,1,1,1,1,0,0,0,1,1,1,0,0,1,0",0.65,0.76,0.6775,0.6704545454545454,0.59,0.6276595744680851,0.6499999999999999,0.6144840717315674
"0,0,0,1,0,0,1,1,1,0,1,0,0,0,1,0,1,0,0,1,1",0.66,0.73,0.6775,0.6095890410958904,0.89,0.7235772357723578,0.66,0.6781017780303955
"0,0,1,0,1,1,0,1,0,0,0,1,1,0,0,1,1,0,0,1,1",0.645,0.77,0.67625,0.6058394160583942,0.83,0.70042194092827,0.645,0.6504018306732178
"0,0,1,0,0,0,1,0,0,1,1,0,1,0,1,0,1,0,0,1,1",0.635,0.8,0.67625,0.5828220858895705,0.95,0.7224334600760456,0.635,0.6764440536499023
"0,0,0,1,0,0,0,1,0,0,1,0,1,1,1,0,0,1,0,1,0",0.665,0.71,0.67625,0.6137931034482759,0.89,0.726530612244898,0.665,0.6561005115509033
"0,0,1,0,0,0,1,0,0,1,1,0,0,0,1,0,1,0,0,1,1",0.63,0.81,0.675,0.6181818181818182,0.68,0.6476190476190476,0.63,0.74295973777771
"0,1,1,1,0,0,1,0,0,1,0,0,0,1,0,1,1,1,1,0,0",0.64,0.78,0.675,0.6044776119402985,0.81,0.6923076923076923,0.64,0.5889062881469727
"0,1,0,0,0,0,0,0,0,1,1,1,0,1,1,1,0,1,1,1,1",0.64,0.78,0.675,0.6014492753623188,0.83,0.6974789915966386,0.64,0.6783404350280762
"0,0,0,1,0,0,1,1,1,0,1,0,1,0,1,0,0,1,0,0,0",0.67,0.69,0.675,0.6164383561643836,0.9,0.7317073170731707,0.67,0.5988116264343262
"0,0,0,1,0,0,1,1,1,0,1,0,1,0,1,0,0,1,1,0,0",0.67,0.69,0.675,0.6164383561643836,0.9,0.7317073170731707,0.67,0.6780920028686523
"0,0,0,1,1,1,0,1,1,1,1,0,0,0,1,0,1,0,1,0,1",0.65,0.75,0.6749999999999999,0.631578947368421,0.72,0.6728971962616822,0.6499999999999999,0.6821222305297852
"1,1,1,0,1,1,1,0,1,1,1,0,0,1,1,1,1,0,1,1,0",0.655,0.73,0.6737500000000001,0.5950920245398773,0.97,0.7376425855513308,0.655,0.698554515838623
"0,0,1,0,0,0,1,0,0,1,1,0,1,0,0,1,0,1,1,1,1",0.635,0.79,0.6737500000000001,0.5971223021582733,0.83,0.694560669456067,0.635,0.664902925491333
"0,0,1,0,0,0,1,0,0,1,1,0,1,1,1,0,0,1,1,1,0",0.645,0.76,0.6737500000000001,0.6058394160583942,0.83,0.70042194092827,0.645,0.6367888450622559
"0,0,1,0,0,0,1,0,0,1,1,0,1,1,1,0,0,1,0,1,0",0.645,0.76,0.6737500000000001,0.6058394160583942,0.83,0.70042194092827,0.645,0.6355421543121338
"0,0,0,1,0,0,1,0,0,1,1,0,1,0,0,0,0,1,1,0,1",0.645,0.76,0.6737500000000001,0.6355140186915887,0.68,0.6570048309178744,0.645,0.7301328182220459
"0,0,1,0,0,0,0,1,0,0,1,1,0,0,1,0,0,1,0,0,1",0.625,0.82,0.6737500000000001,0.5954198473282443,0.78,0.6753246753246753,0.625,0.7492649555206299
"1,1,0,0,1,1,1,0,0,0,0,0,0,1,0,0,0,1,1,1,1",0.635,0.79,0.6737500000000001,0.5944055944055944,0.85,0.6995884773662552,0.635,0.7048976421356201
"0,1,1,1,0,0,1,1,1,0,0,1,1,0,0,1,1,0,0,1,0",0.655,0.73,0.6737500000000001,0.6741573033707865,0.6,0.6349206349206349,0.655,0.6966102123260498
"0,0,1,0,0,0,1,0,0,1,1,0,1,0,1,0,0,1,1,1,0",0.645,0.76,0.6737500000000001,0.6058394160583942,0.83,0.70042194092827,0.645,0.6479253768920898
"0,1,1,1,0,0,1,1,1,0,0,1,1,0,0,1,1,0,1,1,0",0.655,0.73,0.6737500000000001,0.6741573033707865,0.6,0.6349206349206349,0.655,0.7057530879974365
"0,0,0,1,1,1,0,1,0,0,1,0,1,0,1,0,1,0,0,1,0",0.67,0.68,0.6725000000000001,0.6328125,0.81,0.7105263157894737,0.67,0.6935446262359619
"0,0,0,1,1,1,0,1,0,0,1,0,1,1,1,0,1,0,0,1,0",0.67,0.68,0.6725000000000001,0.6328125,0.81,0.7105263157894737,0.67,0.6644330024719238
"0,1,1,1,1,1,1,1,0,0,1,0,1,0,0,0,0,1,1,0,0",0.63,0.8,0.6725000000000001,0.5984848484848485,0.79,0.6810344827586207,0.63,0.6833415031433105
"0,1,0,0,0,0,1,1,1,0,1,1,0,0,0,1,1,1,1,0,0",0.64,0.77,0.6725,0.5933333333333334,0.89,0.712,0.64,0.7045187950134277
"0,0,0,1,0,0,0,0,1,1,1,0,0,0,1,0,1,0,1,0,1",0.64,0.77,0.6725,0.5886075949367089,0.93,0.7209302325581395,0.64,0.7829062938690186
"0,0,1,1,1,1,0,1,0,0,1,0,1,1,1,0,0,1,1,1,0",0.65,0.74,0.6724999999999999,0.6704545454545454,0.59,0.6276595744680851,0.6499999999999999,0.6496143341064453
"1,1,1,0,1,1,0,0,1,1,0,0,1,0,1,0,0,1,0,0,0",0.67,0.68,0.6724999999999999,0.625,0.85,0.7203389830508474,0.6699999999999999,0.586599588394165
"1,1,1,1,0,0,0,0,1,0,0,0,1,1,0,1,1,0,1,0,1",0.635,0.78,0.67125,0.5957446808510638,0.84,0.6970954356846473,0.635,0.6443967819213867
"1,0,1,1,1,1,0,1,1,0,0,1,1,1,1,0,0,1,1,1,0",0.645,0.75,0.67125,0.6526315789473685,0.62,0.6358974358974359,0.645,0.6587088108062744
"0,0,0,1,0,0,0,0,1,1,1,0,0,0,1,0,0,1,0,0,1",0.645,0.75,0.67125,0.5868263473053892,0.98,0.7340823970037453,0.645,0.6856331825256348
"1,0,1,1,1,1,0,1,0,0,1,0,1,1,1,0,0,1,0,1,1",0.645,0.75,0.67125,0.6198347107438017,0.75,0.6787330316742082,0.645,0.6868326663970947
"1,0,1,1,1,1,0,1,1,0,0,1,1,1,1,0,0,1,0,1,0",0.645,0.75,0.67125,0.6526315789473685,0.62,0.6358974358974359,0.645,0.6807987689971924
"0,1,1,1,1,1,1,1,0,0,1,0,1,1,1,0,0,1,1,1,0",0.63,0.79,0.67,0.6511627906976745,0.56,0.6021505376344086,0.63,0.6255733966827393
"0,1,0,0,0,0,0,1,0,0,1,1,1,1,1,1,1,1,0,0,0",0.63,0.79,0.67,0.5822784810126582,0.92,0.7131782945736435,0.63,0.6348104476928711
"0,1,0,0,0,0,0,1,0,0,1,1,1,0,1,1,0,1,0,0,0",0.63,0.79,0.67,0.5822784810126582,0.92,0.7131782945736435,0.63,0.6318113803863525
"0,1,1,1,1,1,1,1,0,0,1,0,1,1,1,0,0,1,0,1,0",0.63,0.79,0.67,0.6511627906976745,0.56,0.6021505376344086,0.63,0.6217443943023682
"0,1,0,0,0,0,0,1,0,0,1,1,1,0,1,0,0,1,1,0,0",0.63,0.79,0.67,0.5822784810126582,0.92,0.7131782945736435,0.63,0.6207115650177002
"1,0,1,0,0,1,0,0,0,1,1,1,0,0,0,1,0,1,0,1,0",0.63,0.79,0.67,0.6015625,0.77,0.6754385964912281,0.63,0.7309324741363525
"0,0,1,0,0,0,0,1,1,1,1,1,0,0,0,0,1,0,1,0,1",0.62,0.82,0.6699999999999999,0.5952380952380952,0.75,0.6637168141592921,0.62,0.7090566158294678
"1,0,1,1,0,0,0,0,0,0,1,0,1,1,0,0,0,0,1,0,1",0.62,0.82,0.6699999999999999,0.6153846153846154,0.64,0.6274509803921569,0.62,0.6643249988555908
"0,1,1,1,1,1,1,1,0,0,1,0,1,0,0,1,1,0,1,0,1",0.64,0.76,0.6699999999999999,0.6111111111111112,0.77,0.6814159292035398,0.64,0.6635394096374512
"0,0,0,1,0,0,1,1,1,0,1,0,1,0,1,0,0,1,1,1,1",0.64,0.76,0.6699999999999999,0.648936170212766,0.61,0.6288659793814433,0.64,0.6739728450775146
"0,0,0,0,1,0,0,0,1,1,0,0,0,1,0,1,1,0,0,0,1",0.625,0.8,0.66875,0.5796178343949044,0.91,0.708171206225681,0.625,0.6531894207000732
"0,0,0,0,0,0,0,1,0,0,0,1,0,1,1,1,1,0,0,1,1",0.625,0.8,0.66875,0.6146788990825688,0.67,0.6411483253588517,0.625,0.6423819065093994
"0,0,1,0,0,0,1,1,0,0,1,0,1,1,1,0,0,1,0,1,0",0.625,0.8,0.66875,0.5827814569536424,0.88,0.701195219123506,0.625,0.6226348876953125
"1,0,1,0,0,0,0,1,0,1,1,0,1,0,1,0,0,0,1,1,1",0.625,0.8,0.66875,0.6068376068376068,0.71,0.6543778801843319,0.625,0.739086389541626
"0,0,0,1,0,0,1,1,1,0,0,1,1,0,0,1,1,0,0,1,0",0.635,0.77,0.66875,0.5780346820809249,1.0,0.7326007326007326,0.635,0.612576961517334
"0,1,1,0,1,0,0,0,0,0,1,1,0,0,1,0,0,1,0,0,1",0.635,0.77,0.66875,0.6216216216216216,0.69,0.6540284360189573,0.635,0.6587445735931396
"1,0,1,1,0,0,0,1,1,1,0,1,0,0,0,0,1,1,1,0,1",0.615,0.83,0.66875,0.7446808510638298,0.35,0.47619047619047616,0.615,0.6976239681243896
"0,0,0,1,0,0,1,1,1,0,1,0,1,1,1,0,1,0,0,1,1",0.645,0.74,0.66875,0.6124031007751938,0.79,0.6899563318777293,0.645,0.7078077793121338
"1,1,1,0,1,0,0,1,0,0,1,1,1,0,0,1,1,0,1,1,1",0.615,0.83,0.66875,0.6210526315789474,0.59,0.6051282051282051,0.615,0.6928143501281738
"0,0,1,1,1,1,0,1,1,0,1,1,1,0,1,1,1,1,1,1,1",0.62,0.81,0.6675,0.58,0.87,0.696,0.62,0.6533279418945312
"0,0,0,1,0,0,0,1,1,1,1,0,0,0,1,0,0,1,0,1,0",0.64,0.75,0.6675,0.6521739130434783,0.6,0.625,0.64,0.6313474178314209
"0,0,1,0,1,1,0,1,1,1,1,0,0,0,1,0,0,1,1,1,0",0.66,0.69,0.6675,0.6176470588235294,0.84,0.711864406779661,0.6599999999999999,0.6733596324920654
"0,0,0,1,0,0,0,0,0,1,1,0,1,0,0,1,0,1,1,0,1",0.63,0.78,0.6675,0.5773809523809523,0.97,0.7238805970149254,0.63,0.7187573909759521
"0,1,1,1,1,1,1,1,0,0,1,0,1,0,0,0,0,0,1,0,0",0.63,0.78,0.6675,0.5942028985507246,0.82,0.6890756302521008,0.63,0.5826025009155273
"0,0,1,1,1,1,0,0,1,1,0,1,1,0,1,0,1,1,1,1,0",0.63,0.78,0.6675,0.5866666666666667,0.88,0.704,0.63,0.7205591201782227
"0,0,1,0,0,0,1,0,0,1,1,0,1,0,0,0,0,0,1,0,0",0.65,0.72,0.6675,0.631578947368421,0.72,0.6728971962616822,0.6499999999999999,0.5991816520690918
"0,0,0,1,0,0,0,1,1,1,1,0,0,0,1,0,1,1,0,1,0",0.64,0.75,0.6675,0.6521739130434783,0.6,0.625,0.64,0.64788818359375
"0,0,0,1,0,0,0,0,1,1,1,0,0,0,0,1,0,1,0,1,1",0.64,0.75,0.6675,0.6044776119402985,0.81,0.6923076923076923,0.64,0.644770622253418
"1,0,0,0,0,0,1,0,1,1,1,0,0,1,0,1,0,0,0,0,1",0.655,0.7,0.66625,0.6448598130841121,0.69,0.6666666666666666,0.655,0.619739294052124
"1,0,1,1,1,1,0,0,0,1,0,1,0,1,1,0,1,0,1,0,1",0.62,0.8,0.665,0.6090909090909091,0.67,0.638095238095238,0.62,0.7532975673675537
"0,0,0,1,1,1,0,1,1,1,1,0,0,0,1,0,1,0,0,1,1",0.65,0.71,0.665,0.6,0.9,0.72,0.65,0.7884345054626465
"1,1,1,1,1,1,1,1,1,0,0,1,0,1,1,1,1,0,1,1,0",0.63,0.77,0.665,0.782608695652174,0.36,0.4931506849315068,0.63,0.6623854637145996
"1,1,0,1,1,1,0,1,1,1,1,0,0,0,1,0,0,1,0,1,0",0.63,0.77,0.665,0.58125,0.93,0.7153846153846154,0.63,0.6433086395263672
"0,1,1,1,1,1,0,1,0,0,0,1,1,0,0,1,1,0,0,1,0",0.64,0.74,0.665,0.6044776119402985,0.81,0.6923076923076923,0.64,0.6363410949707031
"0,0,0,1,0,0,1,0,0,1,1,0,1,0,0,1,0,1,0,0,0",0.65,0.71,0.6649999999999999,0.6388888888888888,0.69,0.6634615384615384,0.6499999999999999,0.6013710498809814
"0,0,0,1,0,0,1,0,0,1,1,0,1,0,0,0,0,1,0,0,0",0.65,0.71,0.6649999999999999,0.6388888888888888,0.69,0.6634615384615384,0.6499999999999999,0.6462228298187256
"0,0,1,0,0,0,0,1,1,1,1,0,0,0,1,0,0,0,1,0,0",0.65,0.71,0.6649999999999999,0.6388888888888888,0.69,0.6634615384615384,0.6499999999999999,0.643174409866333
"0,0,0,1,0,0,1,0,0,1,1,0,1,0,0,0,0,1,1,0,0",0.65,0.71,0.6649999999999999,0.6388888888888888,0.69,0.6634615384615384,0.6499999999999999,0.5826935768127441
"0,0,0,1,0,0,1,0,0,1,1,0,1,0,0,1,0,1,1,0,0",0.65,0.71,0.6649999999999999,0.6388888888888888,0.69,0.6634615384615384,0.6499999999999999,0.6196060180664062
"0,0,1,0,0,0,0,0,1,1,1,0,0,0,1,0,1,0,0,0,0",0.65,0.71,0.6649999999999999,0.6388888888888888,0.69,0.6634615384615384,0.6499999999999999,0.5772488117218018
"0,0,1,0,0,0,0,1,1,1,1,0,0,0,1,0,1,0,1,0,0",0.65,0.71,0.6649999999999999,0.6388888888888888,0.69,0.6634615384615384,0.6499999999999999,0.5957648754119873
"0,1,1,0,1,0,0,1,1,0,1,0,0,0,0,1,1,0,1,0,1",0.625,0.78,0.6637500000000001,0.5827814569536424,0.88,0.701195219123506,0.625,0.6563572883605957
"0,0,0,1,1,1,1,0,0,1,1,0,1,0,0,0,0,0,1,0,0",0.655,0.69,0.6637500000000001,0.5974842767295597,0.95,0.7335907335907336,0.655,0.5890541076660156
"1,1,0,1,1,1,1,0,1,0,0,1,0,1,0,0,0,1,1,0,1",0.635,0.75,0.6637500000000001,0.608,0.76,0.6755555555555556,0.635,0.6468381881713867
"1,1,0,0,1,1,1,1,1,1,1,0,1,1,1,0,0,1,0,0,0",0.615,0.81,0.6637500000000001,0.6185567010309279,0.6,0.6091370558375635,0.615,0.6450271606445312
"0,1,1,1,0,1,1,1,0,1,1,1,1,0,1,0,0,1,0,1,0",0.615,0.81,0.6637500000000001,0.5804195804195804,0.83,0.6831275720164609,0.615,0.6855857372283936
"0,0,0,1,1,1,0,0,0,1,1,0,0,1,0,1,0,0,1,0,0",0.655,0.69,0.6637500000000001,0.5974842767295597,0.95,0.7335907335907336,0.655,0.60671067237854
"1,0,0,0,0,0,0,1,0,1,1,0,0,0,0,1,0,1,1,1,0",0.615,0.81,0.6637500000000001,0.6263736263736264,0.57,0.5968586387434555,0.615,0.632662296295166
"0,1,0,0,0,0,0,0,1,0,1,1,1,0,1,1,0,0,0,1,1",0.625,0.78,0.6637500000000001,0.5874125874125874,0.84,0.691358024691358,0.625,0.7378668785095215
"0,1,1,0,0,1,0,1,0,0,1,0,0,1,0,0,0,0,1,0,0",0.655,0.69,0.6637500000000001,0.5974842767295597,0.95,0.7335907335907336,0.655,0.6305925846099854
"1,1,1,1,0,1,0,1,0,0,0,0,1,0,1,1,0,0,1,1,0",0.635,0.75,0.6637500000000001,0.5838509316770186,0.94,0.7203065134099617,0.635,0.7038235664367676
"1,0,1,1,1,0,0,1,0,0,1,0,0,0,1,0,1,1,1,1,0",0.635,0.75,0.6637500000000001,0.6363636363636364,0.63,0.6331658291457286,0.635,0.626117467880249
"0,0,0,1,1,1,0,1,0,0,1,0,1,0,0,0,0,0,1,0,0",0.655,0.69,0.6637500000000001,0.5974842767295597,0.95,0.7335907335907336,0.655,0.5776255130767822
"0,0,1,1,1,0,1,1,0,0,0,0,0,0,1,1,1,0,0,1,1",0.605,0.84,0.66375,0.6179775280898876,0.55,0.582010582010582,0.605,0.7074456214904785
"0,0,0,1,1,1,0,1,0,0,1,0,1,1,1,0,1,0,1,0,1",0.63,0.76,0.6625000000000001,0.6226415094339622,0.66,0.6407766990291263,0.63,0.6529462337493896
"0,0,1,0,0,0,0,1,1,0,1,0,1,0,1,0,1,0,0,1,0",0.63,0.76,0.6625000000000001,0.5764705882352941,0.98,0.725925925925926,0.63,0.6344113349914551
"0,0,0,1,1,1,0,1,0,0,1,0,1,1,0,0,0,1,0,1,0",0.64,0.73,0.6625,0.6111111111111112,0.77,0.6814159292035398,0.64,0.607567548751831
"0,0,0,1,0,0,1,0,0,1,1,0,1,0,0,1,0,1,1,0,1",0.62,0.79,0.6625,0.5967741935483871,0.74,0.6607142857142857,0.62,0.7378740310668945
"0,0,1,0,0,0,0,1,0,0,1,1,1,0,1,0,1,0,1,0,1",0.64,0.73,0.6625,0.7258064516129032,0.45,0.5555555555555556,0.64,0.7194254398345947
"0,1,0,0,1,0,0,0,1,1,1,0,0,0,1,1,0,0,1,0,1",0.62,0.79,0.6625,0.58,0.87,0.696,0.62,0.6348261833190918
"0,0,0,1,1,1,0,1,1,1,1,0,0,0,1,0,1,0,0,1,0",0.66,0.67,0.6625,0.6081081081081081,0.9,0.7258064516129032,0.66,0.7285528182983398
"1,0,1,1,1,1,0,1,0,0,1,0,0,0,1,0,1,1,0,1,0",0.64,0.73,0.6625,0.5972222222222222,0.86,0.7049180327868853,0.64,0.6499743461608887
"0,0,0,1,1,1,1,0,0,1,1,0,0,0,0,1,1,1,1,0,0",0.65,0.7,0.6624999999999999,0.631578947368421,0.72,0.6728971962616822,0.6499999999999999,0.6909973621368408
"0,1,1,0,0,1,0,0,0,0,1,0,1,0,0,0,0,0,0,0,1",0.65,0.7,0.6624999999999999,0.631578947368421,0.72,0.6728971962616822,0.6499999999999999,0.7099275588989258
"1,0,0,1,0,0,0,1,1,0,1,0,1,1,0,1,1,0,1,1,0",0.625,0.77,0.66125,0.6,0.75,0.6666666666666666,0.625,0.6558067798614502
"1,1,0,0,1,1,1,1,0,0,1,1,0,1,1,0,1,0,1,1,1",0.615,0.8,0.66125,0.6017699115044248,0.68,0.6384976525821596,0.615,0.6753718852996826
"0,1,1,1,1,1,1,1,0,0,1,0,1,0,0,1,1,0,0,1,0",0.625,0.77,0.66125,0.5968992248062015,0.77,0.6724890829694323,0.625,0.6975398063659668
"0,1,1,0,0,0,0,0,0,1,0,0,0,1,0,1,1,1,1,1,0",0.645,0.71,0.66125,0.6629213483146067,0.59,0.6243386243386243,0.645,0.6505908966064453
"0,0,1,0,0,0,0,0,0,1,1,0,1,0,0,0,1,0,1,0,1",0.605,0.83,0.66125,0.5636363636363636,0.93,0.7018867924528301,0.605,0.6653435230255127
"0,1,1,1,1,1,1,1,0,0,1,0,1,0,0,1,1,0,1,1,0",0.625,0.77,0.66125,0.5968992248062015,0.77,0.6724890829694323,0.625,0.6351139545440674
"1,1,0,1,0,1,1,0,1,1,1,0,0,1,1,1,1,0,1,1,1",0.61,0.81,0.6600000000000001,0.625,0.55,0.5851063829787234,0.6100000000000001,0.7284278869628906
"0,1,1,1,1,1,0,1,0,0,1,0,1,1,1,0,0,1,1,1,0",0.61,0.81,0.66,0.5932203389830508,0.7,0.6422018348623854,0.61,0.6574337482452393
"0,1,1,1,1,1,0,1,0,0,1,0,1,1,1,0,0,1,0,1,0",0.61,0.81,0.66,0.5932203389830508,0.7,0.6422018348623854,0.61,0.625236988067627
"1,0,1,1,1,1,0,1,0,0,1,0,1,1,1,0,0,1,1,0,0",0.63,0.75,0.66,0.5878378378378378,0.87,0.7016129032258065,0.63,0.6969327926635742
"1,1,0,1,0,0,1,0,0,1,0,0,1,1,1,1,1,1,0,1,0",0.61,0.81,0.66,0.72,0.36,0.48,0.61,0.7044162750244141
"1,0,0,1,1,1,0,1,1,0,0,0,1,0,0,1,0,0,0,1,0",0.63,0.75,0.66,0.589041095890411,0.86,0.6991869918699187,0.63,0.6864876747131348
"1,1,0,1,1,1,0,1,0,1,1,1,1,1,1,1,0,1,1,1,0",0.62,0.78,0.6599999999999999,0.5845070422535211,0.83,0.6859504132231405,0.62,0.6619691848754883
"0,1,0,1,1,1,1,0,0,1,1,0,1,1,0,0,0,1,0,1,1",0.62,0.78,0.6599999999999999,0.5789473684210527,0.88,0.6984126984126984,0.62,0.6324429512023926
"0,0,1,0,0,0,0,1,1,0,1,0,0,0,1,0,1,0,1,1,0",0.64,0.72,0.6599999999999999,0.5853658536585366,0.96,0.7272727272727273,0.64,0.6444742679595947
"0,0,1,0,0,0,0,1,1,0,1,0,0,0,1,0,1,0,0,1,0",0.64,0.72,0.6599999999999999,0.5853658536585366,0.96,0.7272727272727273,0.64,0.6144659519195557
"0,0,0,1,0,1,1,1,1,1,0,1,0,1,0,1,1,1,0,0,1",0.62,0.78,0.6599999999999999,0.5967741935483871,0.74,0.6607142857142857,0.62,0.6270239353179932
"0,0,1,1,0,0,0,0,1,1,1,0,0,0,1,0,0,1,0,1,0",0.615,0.79,0.65875,0.6055045871559633,0.66,0.631578947368421,0.615,0.7031440734863281
"1,1,0,0,1,1,0,1,1,1,1,0,0,1,0,1,0,1,1,1,0",0.625,0.76,0.65875,0.5925925925925926,0.8,0.6808510638297872,0.625,0.6547775268554688
"1,0,0,0,0,0,1,1,1,0,0,1,1,0,0,1,0,1,0,0,1",0.625,0.76,0.65875,0.6213592233009708,0.64,0.6305418719211823,0.625,0.6436929702758789
"0,0,1,0,0,0,0,1,0,0,1,0,1,1,1,0,0,1,0,1,0",0.625,0.76,0.65875,0.6016260162601627,0.74,0.6636771300448431,0.625,0.6677136421203613
"1,0,1,1,0,0,0,1,1,1,1,0,0,0,1,0,1,0,1,0,1",0.615,0.79,0.65875,0.6352941176470588,0.54,0.5837837837837838,0.615,0.6228024959564209
"0,1,1,1,0,0,1,1,1,1,1,0,1,1,0,0,1,0,0,1,1",0.615,0.79,0.65875,0.6161616161616161,0.61,0.6130653266331658,0.615,0.7098915576934814
"1,0,1,1,1,1,0,1,0,0,0,1,1,0,1,0,0,1,1,1,0",0.605,0.82,0.65875,0.6363636363636364,0.49,0.5536723163841808,0.605,0.6146230697631836
"0,1,0,1,1,1,0,0,0,0,1,0,1,0,0,1,0,1,1,1,0",0.625,0.76,0.65875,0.5838926174496645,0.87,0.6987951807228916,0.625,0.7612307071685791
"0,0,0,1,0,0,1,1,0,0,0,1,1,1,0,1,1,0,0,1,0",0.635,0.73,0.65875,0.5870967741935483,0.91,0.7137254901960784,0.635,0.6808176040649414
"0,1,1,1,1,1,0,1,1,1,1,0,0,0,1,0,1,1,0,1,1",0.605,0.82,0.65875,0.5963302752293578,0.65,0.6220095693779905,0.605,0.6359255313873291
"1,1,1,0,1,1,1,1,1,0,0,1,0,1,1,1,1,0,1,1,0",0.625,0.76,0.65875,0.5850340136054422,0.86,0.6963562753036437,0.625,0.6971392631530762
"0,0,1,0,0,0,0,1,0,0,1,0,1,1,1,0,0,1,1,1,0",0.625,0.76,0.65875,0.6016260162601627,0.74,0.6636771300448431,0.625,0.7164504528045654
"1,1,0,1,1,1,1,0,0,1,1,1,0,0,0,1,1,1,1,0,0",0.615,0.79,0.65875,0.5696969696969697,0.94,0.7094339622641509,0.615,0.7104926109313965
"1,1,0,0,0,0,0,0,1,0,1,0,0,1,1,1,0,1,0,0,1",0.625,0.76,0.65875,0.6436781609195402,0.56,0.5989304812834224,0.625,0.6113426685333252
"0,1,1,1,0,0,0,1,0,0,1,1,1,0,1,0,0,0,0,1,0",0.6,0.83,0.6575000000000001,0.6111111111111112,0.55,0.5789473684210527,0.6000000000000001,0.6307032108306885
"0,0,0,0,1,0,1,1,1,1,1,0,1,0,1,0,1,1,1,0,0",0.63,0.74,0.6575,0.5902777777777778,0.85,0.6967213114754098,0.63,0.5967648029327393
"0,0,1,0,0,0,1,1,1,1,1,0,0,0,1,0,1,0,0,1,0",0.63,0.74,0.6575,0.5902777777777778,0.85,0.6967213114754098,0.63,0.5834939479827881
"1,0,1,0,1,1,1,1,0,0,1,1,0,1,1,0,0,0,1,0,1",0.63,0.74,0.6575,0.6083333333333333,0.73,0.6636363636363637,0.63,0.5980908870697021
"1,1,0,1,1,0,0,0,1,0,0,1,0,0,0,1,0,1,1,0,1",0.63,0.74,0.6575,0.703125,0.45,0.5487804878048781,0.63,0.7352147102355957
"0,0,0,1,0,0,0,1,1,1,1,0,0,1,0,0,0,1,0,0,1",0.62,0.77,0.6575,0.5845070422535211,0.83,0.6859504132231405,0.62,0.6675753593444824
"0,1,1,1,0,0,0,1,1,1,1,0,0,0,1,0,1,0,1,0,1",0.62,0.77,0.6575,0.5845070422535211,0.83,0.6859504132231405,0.62,0.6743412017822266
"0,1,1,1,1,0,0,1,1,1,1,1,0,0,0,1,0,1,1,1,0",0.61,0.8,0.6575,0.6170212765957447,0.58,0.5979381443298969,0.61,0.7472317218780518
"0,1,1,1,1,1,0,1,1,0,0,1,1,1,1,0,0,1,0,1,0",0.63,0.74,0.6575,0.5928571428571429,0.83,0.6916666666666667,0.63,0.6466274261474609
"0,1,1,1,1,1,0,1,1,0,0,1,1,1,1,0,0,1,1,1,0",0.63,0.74,0.6575,0.5928571428571429,0.83,0.6916666666666667,0.63,0.6757175922393799
"0,0,0,1,1,1,0,1,1,0,1,0,1,0,1,0,0,1,1,1,0",0.625,0.75,0.65625,0.5796178343949044,0.91,0.708171206225681,0.625,0.7289772033691406
"1,1,0,1,1,1,1,0,0,0,0,0,0,1,0,1,1,1,1,1,1",0.595,0.84,0.65625,0.6091954022988506,0.53,0.5668449197860963,0.595,0.6812896728515625
"0,0,0,1,0,0,0,0,1,1,1,0,1,0,0,0,0,1,1,0,1",0.615,0.78,0.65625,0.5680473372781065,0.96,0.7137546468401487,0.615,0.7700445652008057
"0,0,0,0,0,0,0,0,1,0,0,0,0,0,1,0,1,1,1,1,1",0.625,0.75,0.65625,0.6373626373626373,0.58,0.6073298429319371,0.625,0.702125072479248
"0,0,1,0,0,0,1,0,0,1,1,0,1,0,1,0,1,0,1,0,1",0.615,0.78,0.65625,0.583941605839416,0.8,0.6751054852320675,0.615,0.6842851638793945
"0,1,0,0,0,1,0,1,1,1,1,0,1,1,1,1,1,0,0,0,0",0.63,0.73,0.655,0.6413043478260869,0.59,0.6145833333333334,0.63,0.5790619850158691
"0,0,0,1,1,1,0,1,1,1,1,0,0,0,1,1,0,1,1,0,1",0.62,0.76,0.655,0.5952380952380952,0.75,0.6637168141592921,0.62,0.7073802947998047
"0,1,0,0,1,1,1,1,0,0,1,0,1,0,0,1,1,0,0,1,0",0.63,0.73,0.655,0.589041095890411,0.86,0.6991869918699187,0.63,0.681065559387207
"0,0,1,0,1,1,1,1,1,0,0,0,0,0,1,1,1,0,0,1,1",0.61,0.79,0.655,0.6170212765957447,0.58,0.5979381443298969,0.61,0.6781351566314697
"0,0,1,0,0,0,0,0,1,1,1,0,0,0,0,0,0,1,1,0,1",0.63,0.73,0.655,0.5802469135802469,0.94,0.7175572519083969,0.63,0.6977636814117432
"0,0,1,0,0,0,1,0,0,1,0,0,0,1,1,1,1,0,1,1,0",0.61,0.79,0.655,0.5859375,0.75,0.6578947368421053,0.61,0.6369199752807617
"1,1,0,0,1,1,1,0,0,0,1,1,1,1,0,0,1,1,0,0,0",0.63,0.73,0.655,0.6120689655172413,0.71,0.6574074074074074,0.63,0.6743500232696533
"0,1,0,0,0,0,0,1,0,0,1,1,1,0,1,0,1,0,0,1,0",0.62,0.76,0.655,0.5759493670886076,0.91,0.7054263565891473,0.62,0.6618542671203613
"0,1,0,0,0,0,0,1,0,0,1,1,0,0,1,0,1,0,1,0,1",0.6,0.82,0.655,0.5675675675675675,0.84,0.6774193548387096,0.6,0.738837480545044
"0,0,1,0,0,0,0,1,1,1,1,0,0,0,1,0,1,0,0,1,1",0.635,0.71,0.65375,0.6483516483516484,0.59,0.6178010471204188,0.635,0.7281122207641602
"0,0,1,0,0,0,1,1,1,1,1,0,0,0,1,0,0,1,1,1,0",0.615,0.77,0.65375,0.6138613861386139,0.62,0.6169154228855721,0.615,0.6984686851501465
"0,0,1,0,0,0,1,1,1,1,1,0,0,0,1,0,0,1,0,1,0",0.615,0.77,0.65375,0.6138613861386139,0.62,0.6169154228855721,0.615,0.6261258125305176
"1,0,1,1,0,1,0,0,0,0,0,0,0,0,1,0,0,0,0,0,1",0.635,0.71,0.65375,0.6030534351145038,0.79,0.683982683982684,0.635,0.5962991714477539
"0,0,1,1,1,1,1,0,1,1,1,0,1,1,1,0,0,1,1,1,1",0.625,0.74,0.65375,0.654320987654321,0.53,0.585635359116022,0.625,0.6717824935913086
"1,1,0,1,1,1,0,0,1,1,1,0,1,0,1,0,1,1,0,1,1",0.595,0.83,0.65375,0.5683453237410072,0.79,0.6610878661087866,0.595,0.6467974185943604
"0,0,1,0,0,0,0,0,0,1,1,0,1,0,0,0,0,1,1,0,0",0.63,0.72,0.6525000000000001,0.5783132530120482,0.96,0.7218045112781954,0.63,0.5921506881713867
"1,1,0,0,1,0,0,0,0,0,1,1,0,1,0,0,1,0,1,1,0",0.63,0.72,0.6525000000000001,0.5902777777777778,0.85,0.6967213114754098,0.63,0.6414098739624023
"1,1,0,0,1,0,1,0,0,0,1,0,1,1,0,0,1,1,1,0,0",0.63,0.72,0.6525000000000001,0.5902777777777778,0.85,0.6967213114754098,0.63,0.6471569538116455
"0,1,0,0,0,0,0,1,0,0,1,1,1,0,1,0,1,0,1,0,0",0.63,0.72,0.6525000000000001,0.5783132530120482,0.96,0.7218045112781954,0.63,0.6103198528289795
"0,0,1,0,0,0,1,0,0,1,1,0,1,0,0,1,1,0,0,1,0",0.61,0.78,0.6525000000000001,0.6341463414634146,0.52,0.5714285714285714,0.61,0.6188545227050781
"0,1,0,1,0,1,0,1,0,0,1,1,0,1,0,0,0,0,0,1,1",0.63,0.72,0.6525000000000001,0.5902777777777778,0.85,0.6967213114754098,0.63,0.6547205448150635
"1,1,0,0,1,0,1,0,0,1,0,0,0,1,0,1,1,1,1,0,1",0.63,0.72,0.6525000000000001,0.6120689655172413,0.71,0.6574074074074074,0.63,0.7355105876922607
"0,0,0,1,1,1,0,1,1,1,1,0,0,0,1,0,0,1,0,1,1",0.63,0.72,0.6525000000000001,0.6226415094339622,0.66,0.6407766990291263,0.63,0.6878128051757812
"0,1,1,1,0,0,1,1,0,0,1,0,1,0,0,1,0,1,1,0,1",0.6,0.81,0.6525,0.5961538461538461,0.62,0.6078431372549019,0.6,0.7204928398132324
"1,1,0,1,0,1,0,1,0,0,1,0,0,0,1,1,1,0,0,0,1",0.62,0.75,0.6525,0.5882352941176471,0.8,0.6779661016949152,0.62,0.6384377479553223
"0,1,1,1,0,1,0,1,0,0,0,0,1,0,1,1,0,1,0,1,0",0.62,0.75,0.6525,0.6333333333333333,0.57,0.6,0.62,0.632897138595581
"0,1,1,1,1,1,0,1,0,0,1,0,1,1,1,0,1,0,1,1,0",0.6,0.81,0.6525,0.6063829787234043,0.57,0.5876288659793815,0.6,0.622056245803833
"1,0,0,0,1,1,1,1,0,0,0,1,0,0,1,1,0,1,0,1,0",0.6,0.81,0.6525,0.5943396226415094,0.63,0.6116504854368932,0.6,0.6512784957885742
"0,1,1,1,1,0,1,1,1,1,0,0,1,1,1,0,1,1,0,0,0",0.6,0.81,0.6525,0.5595238095238095,0.94,0.7014925373134329,0.6,0.6443729400634766
"1,0,1,0,0,0,0,0,0,0,0,1,0,0,0,0,0,1,0,1,1",0.64,0.69,0.6525,0.609375,0.78,0.6842105263157895,0.64,0.6902883052825928
"0,1,1,1,1,1,0,1,0,0,1,0,1,1,1,1,0,1,1,0,0",0.605,0.79,0.65125,0.584,0.73,0.6488888888888888,0.605,0.7094359397888184
"1,0,1,1,0,1,0,0,1,1,1,1,0,0,1,0,1,0,0,1,1",0.595,0.82,0.65125,0.5855855855855856,0.65,0.6161137440758294,0.595,0.6848492622375488
"0,0,1,0,0,0,0,1,1,1,1,0,1,0,1,0,0,1,0,1,0",0.615,0.76,0.65125,0.5982905982905983,0.7,0.6451612903225806,0.615,0.6331658363342285
"0,1,1,1,0,0,0,0,1,1,1,1,1,1,1,0,0,0,1,1,0",0.625,0.73,0.65125,0.5886524822695035,0.83,0.6887966804979253,0.625,0.6397302150726318
"1,0,0,1,1,0,0,0,0,1,1,0,1,1,1,0,0,1,0,0,1",0.635,0.7,0.65125,0.6153846153846154,0.72,0.663594470046083,0.635,0.7060348987579346
"1,1,1,1,1,1,1,0,0,1,1,0,1,0,0,0,1,1,1,0,1",0.605,0.79,0.65125,0.6235294117647059,0.53,0.572972972972973,0.605,0.6700642108917236
"0,0,0,0,1,1,1,1,1,1,1,0,0,0,1,1,0,1,1,1,0",0.615,0.76,0.65125,0.5751633986928104,0.88,0.6956521739130435,0.615,0.6698286533355713
"0,1,1,1,1,1,0,1,0,0,1,0,1,1,1,0,0,1,1,0,0",0.605,0.79,0.65125,0.584,0.73,0.6488888888888888,0.605,0.687169075012207
"0,1,1,1,0,0,0,0,1,1,1,0,1,0,1,0,0,1,1,0,1",0.615,0.76,0.65125,0.5723270440251572,0.91,0.7027027027027027,0.615,0.6897947788238525
"0,1,1,1,1,1,0,1,1,1,1,0,0,0,1,0,0,1,1,0,0",0.605,0.79,0.65125,0.584,0.73,0.6488888888888888,0.605,0.6349287033081055
"0,0,0,1,0,0,1,1,1,0,1,0,1,0,1,0,1,0,1,1,1",0.625,0.73,0.65125,0.5968992248062015,0.77,0.6724890829694323,0.625,0.6717617511749268
"0,0,0,0,0,1,1,1,1,1,0,1,1,1,0,1,1,1,0,0,1",0.615,0.76,0.65125,0.5649717514124294,1.0,0.7220216606498195,0.615,0.6185228824615479
"1,0,1,1,1,1,0,0,0,1,1,0,0,0,0,1,0,1,1,0,1",0.6,0.8,0.6500000000000001,0.5602409638554217,0.93,0.6992481203007519,0.6000000000000001,0.6498045921325684
"1,1,1,1,1,0,1,1,1,1,0,1,1,1,0,1,0,1,1,1,1",0.61,0.77,0.65,0.6527777777777778,0.47,0.5465116279069767,0.61,0.6834113597869873
"0,0,1,0,0,0,1,0,0,1,1,0,1,0,0,0,0,1,0,1,1",0.59,0.83,0.65,0.5529411764705883,0.94,0.6962962962962963,0.59,0.6550107002258301
"1,1,1,1,1,1,1,0,0,0,0,1,0,0,0,1,1,0,1,1,0",0.61,0.77,0.65,0.6486486486486487,0.48,0.5517241379310345,0.61,0.6094765663146973
"0,0,0,1,0,0,1,1,1,0,1,0,1,0,1,0,1,0,1,0,0",0.63,0.71,0.65,0.6048387096774194,0.75,0.6696428571428571,0.63,0.6072931289672852
"0,0,0,1,0,0,1,1,1,0,1,0,1,0,1,0,1,0,0,0,0",0.63,0.71,0.65,0.6048387096774194,0.75,0.6696428571428571,0.63,0.613837480545044
"0,0,1,0,0,0,1,0,0,1,1,0,1,0,1,0,0,0,0,1,1",0.61,0.77,0.65,0.5662650602409639,0.94,0.706766917293233,0.61,0.637364387512207
"0,1,0,0,0,1,1,0,1,1,0,1,0,1,0,1,1,0,1,1,1",0.6,0.8,0.6499999999999999,0.5819672131147541,0.71,0.6396396396396397,0.6,0.7048542499542236
"1,1,1,0,0,1,0,1,1,1,1,0,0,1,1,0,0,1,0,0,1",0.62,0.74,0.6499999999999999,0.5882352941176471,0.8,0.6779661016949152,0.62,0.6740291118621826
"0,1,1,1,0,0,1,0,0,1,1,1,1,1,1,1,1,0,0,0,1",0.6,0.8,0.6499999999999999,0.5769230769230769,0.75,0.6521739130434783,0.6,0.6671860218048096
"1,1,1,1,1,0,0,0,0,0,1,0,0,1,1,1,1,1,0,1,1",0.58,0.86,0.6499999999999999,0.6081081081081081,0.45,0.5172413793103449,0.58,0.6581141948699951
"1,0,0,1,0,1,0,0,0,1,1,0,1,1,0,0,1,0,1,1,1",0.615,0.75,0.6487499999999999,0.5891472868217055,0.76,0.6637554585152838,0.615,0.657233476638794
"0,0,1,0,0,0,1,1,1,0,1,0,1,0,1,0,0,1,1,1,0",0.625,0.72,0.6487499999999999,0.5954198473282443,0.78,0.6753246753246753,0.625,0.6366569995880127
"0,0,1,1,1,0,0,1,1,0,0,1,0,1,0,0,1,0,1,1,0",0.615,0.75,0.6487499999999999,0.6095238095238096,0.64,0.624390243902439,0.615,0.6623053550720215
"1,0,0,0,0,0,1,1,1,1,1,0,1,1,1,0,1,1,1,0,0",0.625,0.72,0.6487499999999999,0.7192982456140351,0.41,0.5222929936305732,0.625,0.6187403202056885
"0,1,0,1,1,0,0,0,1,0,0,0,0,1,1,0,1,0,1,0,1",0.605,0.78,0.6487499999999999,0.5929203539823009,0.67,0.6291079812206573,0.605,0.6766707897186279
"0,0,0,1,1,1,1,1,0,1,1,1,0,1,1,1,0,0,1,1,1",0.615,0.75,0.6487499999999999,0.592,0.74,0.6577777777777778,0.615,0.6711747646331787
"1,0,1,1,1,1,0,1,1,0,0,1,1,1,1,0,0,1,0,1,1",0.615,0.75,0.6487499999999999,0.6619718309859155,0.47,0.5497076023391813,0.615,0.6487808227539062
"1,1,1,1,1,0,0,1,1,0,0,1,1,1,1,0,0,1,0,1,0",0.605,0.78,0.6487499999999999,0.6981132075471698,0.37,0.48366013071895425,0.605,0.6340532302856445
"1,1,0,0,1,1,0,1,0,1,1,1,0,0,1,0,1,1,1,0,1",0.605,0.78,0.6487499999999999,0.6,0.63,0.6146341463414634,0.605,0.7087934017181396
"0,1,0,1,1,0,0,1,1,1,0,0,0,0,0,0,0,1,0,1,1",0.605,0.78,0.6487499999999999,0.5853658536585366,0.72,0.6457399103139013,0.605,0.7014377117156982
"0,0,0,1,0,0,0,1,0,0,0,1,1,0,0,1,1,0,0,1,0",0.605,0.78,0.6487499999999999,0.5724137931034483,0.83,0.6775510204081633,0.605,0.6278185844421387
"1,1,0,0,1,1,0,1,1,0,1,0,1,1,1,1,0,0,0,1,0",0.61,0.76,0.6475000000000001,0.6222222222222222,0.56,0.5894736842105263,0.6100000000000001,0.6343755722045898
"1,1,0,1,1,0,0,0,1,0,0,0,0,0,0,1,0,1,1,1,0",0.59,0.82,0.6475000000000001,0.5803571428571429,0.65,0.6132075471698113,0.5900000000000001,0.6996417045593262
"0,0,1,0,0,0,1,0,0,1,1,0,1,0,0,0,1,0,0,1,0",0.62,0.73,0.6475,0.625,0.6,0.6122448979591837,0.62,0.6298630237579346
"0,0,1,1,0,1,1,0,0,0,1,0,1,1,1,1,1,1,1,1,1",0.61,0.76,0.6475,0.6195652173913043,0.57,0.59375,0.61,0.6519711017608643
"0,0,1,0,0,0,1,0,0,1,1,0,1,0,0,0,0,0,1,1,0",0.62,0.73,0.6475,0.625,0.6,0.6122448979591837,0.62,0.6095929145812988
"1,1,1,1,0,1,0,1,0,0,0,1,0,0,0,1,0,1,1,0,0",0.62,0.73,0.6475,0.5689655172413793,0.99,0.7226277372262774,0.62,0.6174094676971436
"0,0,1,0,0,0,1,0,0,1,1,0,1,0,0,0,1,0,1,1,0",0.62,0.73,0.6475,0.625,0.6,0.6122448979591837,0.62,0.7110424041748047
"0,1,0,1,1,1,0,1,0,1,0,0,0,0,1,0,1,1,0,1,0",0.61,0.76,0.6475,0.6122448979591837,0.6,0.6060606060606061,0.61,0.6823391914367676
"0,1,0,0,1,1,0,1,0,0,1,0,1,1,1,1,0,1,1,0,0",0.63,0.7,0.6475,0.5822784810126582,0.92,0.7131782945736435,0.63,0.6380894184112549
"1,1,1,0,0,1,1,1,0,1,1,0,0,0,0,0,0,1,1,1,0",0.595,0.8,0.64625,0.5922330097087378,0.61,0.6009852216748769,0.595,0.712010383605957
"0,0,0,1,1,1,0,1,0,0,1,0,1,0,0,0,0,1,1,0,1",0.605,0.77,0.64625,0.6981132075471698,0.37,0.48366013071895425,0.605,0.6581306457519531
"0,1,0,1,0,1,0,1,1,1,0,0,0,0,1,0,1,0,0,1,0",0.585,0.83,0.64625,0.5726495726495726,0.67,0.6175115207373272,0.585,0.685326099395752
"1,0,1,1,1,1,0,1,1,1,1,0,0,0,1,0,1,0,0,1,0",0.605,0.77,0.64625,0.6105263157894737,0.58,0.5948717948717949,0.605,0.7119128704071045
"1,1,1,0,0,0,0,1,1,1,0,1,0,1,0,0,1,1,0,1,1",0.615,0.74,0.64625,0.6138613861386139,0.62,0.6169154228855721,0.615,0.6716334819793701
"0,1,1,1,0,0,0,0,0,0,1,1,0,1,0,1,1,0,1,1,1",0.585,0.83,0.64625,0.6164383561643836,0.45,0.5202312138728323,0.585,0.6459391117095947
"0,1,1,0,0,1,1,0,1,0,1,1,1,0,0,1,0,1,1,1,0",0.605,0.77,0.64625,0.5686274509803921,0.87,0.6877470355731226,0.605,0.7000501155853271
"1,0,1,1,1,1,0,0,1,1,1,0,0,0,1,0,1,0,0,1,0",0.605,0.77,0.64625,0.6105263157894737,0.58,0.5948717948717949,0.605,0.6822865009307861
"1,0,1,0,1,0,0,0,0,1,0,1,1,0,1,0,1,0,0,0,1",0.595,0.8,0.64625,0.5748031496062992,0.73,0.6431718061674009,0.595,0.6767246723175049
"0,1,1,1,1,1,1,1,0,0,1,1,0,1,0,0,0,1,1,1,0",0.615,0.74,0.64625,0.5864661654135338,0.78,0.6695278969957081,0.615,0.6821987628936768
"1,0,1,1,1,1,1,1,1,0,1,1,0,0,1,1,0,0,1,0,1",0.605,0.77,0.64625,0.5714285714285714,0.84,0.680161943319838,0.605,0.643937349319458
"0,0,0,0,1,1,1,1,0,0,1,0,0,0,1,0,1,0,0,0,0",0.61,0.75,0.645,0.5733333333333334,0.86,0.688,0.61,0.6068460941314697
"0,0,1,0,0,1,1,0,0,0,1,1,1,0,1,1,0,0,1,0,0",0.61,0.75,0.645,0.5733333333333334,0.86,0.688,0.61,0.6660706996917725
"1,1,0,1,1,1,0,0,1,1,1,1,0,1,1,1,1,0,0,1,1",0.59,0.81,0.645,0.5642857142857143,0.79,0.6583333333333333,0.5900000000000001,0.6766767501831055
"1,1,0,0,1,0,0,1,1,1,0,1,0,1,1,0,0,0,0,0,1",0.61,0.75,0.645,0.5948275862068966,0.69,0.6388888888888888,0.61,0.6180062294006348
"1,1,0,0,1,0,0,0,0,1,1,0,0,0,1,1,1,0,1,1,1",0.58,0.84,0.645,0.6904761904761905,0.29,0.4084507042253521,0.58,0.6592252254486084
"0,0,0,0,1,1,1,1,0,1,1,1,1,1,0,0,1,1,1,0,0",0.61,0.75,0.645,0.6018518518518519,0.65,0.625,0.61,0.6474127769470215
"0,1,1,1,1,1,0,1,1,0,1,1,1,0,0,1,0,1,1,0,0",0.61,0.75,0.645,0.6037735849056604,0.64,0.6213592233009708,0.61,0.655580997467041
"1,0,0,0,1,0,1,1,0,0,0,1,0,0,0,0,1,1,0,1,0",0.6,0.78,0.645,0.5961538461538461,0.62,0.6078431372549019,0.6,0.623199462890625
"0,0,0,0,1,1,1,0,0,0,1,1,0,1,1,1,1,0,0,0,0",0.61,0.75,0.645,0.5733333333333334,0.86,0.688,0.61,0.6056005954742432
"1,1,0,1,1,1,1,0,0,0,0,0,0,1,0,1,1,1,1,0,1",0.58,0.84,0.645,0.5930232558139535,0.51,0.5483870967741935,0.5800000000000001,0.6760752201080322
"0,1,0,1,1,1,1,1,1,1,1,1,1,0,0,1,0,1,1,1,1",0.6,0.78,0.645,0.5862068965517241,0.68,0.6296296296296297,0.6000000000000001,0.7021958827972412
"0,0,0,1,1,1,0,1,1,1,1,0,0,0,1,0,0,1,1,0,1",0.615,0.73,0.64375,0.5827338129496403,0.81,0.6778242677824268,0.615,0.7264032363891602
"0,0,1,1,0,0,1,0,0,1,0,1,1,1,0,1,0,1,0,1,0",0.585,0.82,0.64375,0.5714285714285714,0.68,0.6210045662100456,0.585,0.7130126953125
"1,0,0,0,0,0,0,1,0,1,1,0,1,0,0,1,1,0,0,1,1",0.595,0.79,0.64375,0.6091954022988506,0.53,0.5668449197860963,0.595,0.6852595806121826
"1,1,0,1,1,1,1,1,1,1,0,1,1,0,0,1,1,0,0,1,0",0.605,0.76,0.64375,0.5734265734265734,0.82,0.6748971193415638,0.605,0.6558847427368164
"0,0,0,0,0,1,0,1,0,0,1,1,1,0,1,0,0,1,1,1,1",0.585,0.82,0.64375,0.580952380952381,0.61,0.5951219512195122,0.585,0.679589033126831
"0,1,1,0,0,1,0,1,1,1,1,1,0,0,0,0,0,1,1,1,0",0.625,0.7,0.64375,0.5954198473282443,0.78,0.6753246753246753,0.625,0.6552348136901855
"1,0,0,1,1,1,1,0,1,1,0,0,1,0,0,1,1,0,1,1,0",0.595,0.79,0.64375,0.5922330097087378,0.61,0.6009852216748769,0.595,0.6305232048034668
"1,0,0,0,1,0,1,0,1,1,0,1,1,0,1,0,1,1,1,0,0",0.615,0.73,0.64375,0.5804195804195804,0.83,0.6831275720164609,0.615,0.6151547431945801
"1,1,1,0,0,1,1,1,1,0,1,1,0,0,1,0,0,1,1,0,1",0.595,0.79,0.64375,0.5922330097087378,0.61,0.6009852216748769,0.595,0.636909008026123
"1,0,1,0,1,1,0,0,0,0,0,1,1,1,0,0,0,0,0,0,1",0.605,0.76,0.64375,0.5777777777777777,0.78,0.6638297872340425,0.605,0.6166033744812012
"1,0,1,0,1,1,1,0,1,0,1,0,0,1,0,1,0,1,1,1,0",0.615,0.73,0.64375,0.5827338129496403,0.81,0.6778242677824268,0.615,0.6759779453277588
"1,0,0,1,1,1,0,1,0,0,1,1,1,1,1,1,1,1,0,0,1",0.6,0.77,0.6425000000000001,0.5602409638554217,0.93,0.6992481203007519,0.6000000000000001,0.6513490676879883
"0,0,0,0,0,0,1,1,1,0,1,1,1,0,1,1,1,1,0,1,0",0.61,0.74,0.6425000000000001,0.6195652173913043,0.57,0.59375,0.61,0.7049882411956787
"1,1,1,0,1,1,1,0,1,0,1,1,1,1,1,1,1,0,1,1,1",0.59,0.8,0.6425000000000001,0.5661764705882353,0.77,0.652542372881356,0.59,0.6604232788085938
"0,0,1,1,1,1,0,1,1,1,1,1,0,0,1,1,1,0,0,1,0",0.61,0.74,0.6425000000000001,0.5763888888888888,0.83,0.680327868852459,0.61,0.6855769157409668
"1,0,0,1,1,0,1,1,1,1,0,0,1,0,1,0,1,1,1,0,1",0.61,0.74,0.6425000000000001,0.7619047619047619,0.32,0.4507042253521127,0.61,0.7119605541229248
"1,0,1,1,1,1,0,1,1,1,1,1,0,0,0,0,0,1,0,0,1",0.59,0.8,0.6425000000000001,0.5681818181818182,0.75,0.646551724137931,0.59,0.6901280879974365
"0,0,0,1,0,0,0,0,0,0,1,0,1,1,1,0,0,0,0,0,1",0.61,0.74,0.6425000000000001,0.6896551724137931,0.4,0.5063291139240507,0.61,0.6438417434692383
"0,1,1,1,0,0,1,1,1,0,0,1,1,0,1,0,0,0,1,1,0",0.61,0.74,0.6425000000000001,0.5808823529411765,0.79,0.6694915254237288,0.61,0.6455326080322266
"0,1,1,1,1,1,0,0,0,0,0,1,0,0,1,1,1,1,1,0,1",0.61,0.74,0.6425000000000001,0.5625,0.99,0.717391304347826,0.61,0.644477367401123
"0,0,0,1,0,0,1,1,1,0,0,1,1,0,1,0,0,0,0,1,1",0.61,0.74,0.6425000000000001,0.6037735849056604,0.64,0.6213592233009708,0.61,0.6259641647338867
"1,0,0,0,1,0,1,0,1,1,1,0,0,1,0,1,1,0,0,0,0",0.64,0.65,0.6425,0.6228070175438597,0.71,0.6635514018691588,0.6399999999999999,0.6155111789703369
"1,0,1,1,1,1,1,1,1,0,0,1,1,0,1,0,0,0,1,1,1",0.6,0.77,0.6425,0.5806451612903226,0.72,0.6428571428571429,0.6,0.657691478729248
"1,0,1,1,0,0,0,0,0,1,1,0,0,0,0,0,0,0,1,0,0",0.64,0.65,0.6425,0.6228070175438597,0.71,0.6635514018691588,0.6399999999999999,0.5728518962860107
"1,0,1,1,1,0,0,0,0,0,1,0,0,1,0,1,1,0,0,0,0",0.64,0.65,0.6425,0.6228070175438597,0.71,0.6635514018691588,0.6399999999999999,0.6058087348937988
"1,0,1,1,1,1,0,1,1,0,1,1,0,1,0,0,1,0,1,1,0",0.6,0.77,0.6425,0.5617283950617284,0.91,0.6946564885496184,0.6,0.6242828369140625
"0,1,1,0,1,1,0,0,1,0,1,1,1,0,0,1,0,0,0,0,1",0.62,0.71,0.6425,0.5789473684210527,0.88,0.6984126984126984,0.62,0.6064159870147705
"1,0,1,1,1,1,0,0,1,0,0,1,0,0,0,1,1,1,0,0,0",0.6,0.77,0.6425,0.5595238095238095,0.94,0.7014925373134329,0.6,0.6265103816986084
"1,1,1,0,0,0,1,0,0,1,1,1,0,1,0,0,0,0,1,0,0",0.64,0.65,0.6425,0.6228070175438597,0.71,0.6635514018691588,0.6399999999999999,0.687863826751709
"1,1,0,1,1,0,0,0,1,1,1,1,0,0,0,1,0,0,0,0,0",0.64,0.65,0.6425,0.6228070175438597,0.71,0.6635514018691588,0.6399999999999999,0.66371750831604
"1,0,0,1,0,0,0,1,0,1,1,0,1,0,0,1,1,0,1,0,0",0.64,0.65,0.6425,0.6228070175438597,0.71,0.6635514018691588,0.6399999999999999,0.6352090835571289
"1,0,1,0,0,1,0,1,0,0,0,1,1,0,1,0,1,1,1,0,0",0.62,0.71,0.6425,0.5759493670886076,0.91,0.7054263565891473,0.62,0.7015111446380615
"0,1,0,0,0,0,1,1,1,0,1,0,1,1,1,0,0,1,0,1,1",0.605,0.75,0.64125,0.6129032258064516,0.57,0.5906735751295337,0.605,0.6526088714599609
"0,0,1,0,0,0,0,0,0,1,1,0,1,0,0,1,0,1,0,1,1",0.585,0.81,0.64125,0.5515151515151515,0.91,0.6867924528301886,0.585,0.7331063747406006
"1,0,1,1,1,1,1,0,1,1,1,0,0,1,1,1,0,1,0,1,0",0.595,0.78,0.64125,0.5612903225806452,0.87,0.6823529411764706,0.595,0.654374361038208
"0,0,0,1,1,0,0,0,0,0,1,1,1,0,1,0,1,1,0,1,1",0.605,0.75,0.64125,0.6235294117647059,0.53,0.572972972972973,0.605,0.6515517234802246
"0,1,0,0,0,1,1,0,1,0,1,1,0,1,1,0,1,1,0,1,1",0.595,0.78,0.64125,0.5772357723577236,0.71,0.6367713004484304,0.595,0.6396808624267578
"0,0,1,1,0,0,0,0,0,0,0,1,0,0,0,0,1,1,0,0,1",0.615,0.72,0.64125,0.6055045871559633,0.66,0.631578947368421,0.615,0.6261515617370605
"1,1,1,0,0,0,0,0,1,0,0,1,0,1,1,0,0,0,0,1,0",0.625,0.69,0.64125,0.5786163522012578,0.92,0.7104247104247104,0.625,0.6245250701904297
"0,1,1,1,1,1,1,1,0,1,1,1,0,0,1,0,0,0,1,0,1",0.595,0.78,0.64125,0.5725190839694656,0.75,0.6493506493506493,0.595,0.6832809448242188
"1,0,1,0,1,0,0,0,0,0,0,1,1,1,0,0,1,0,1,1,1",0.595,0.78,0.64125,0.5871559633027523,0.64,0.6124401913875598,0.595,0.6524276733398438
"1,0,1,0,1,1,1,1,1,1,1,1,1,1,0,0,1,0,1,1,1",0.605,0.75,0.64125,0.5704697986577181,0.85,0.6827309236947792,0.605,0.6614100933074951
"0,0,1,0,1,1,0,0,0,1,1,1,0,1,0,0,0,0,1,1,1",0.62,0.7,0.6399999999999999,0.5833333333333334,0.84,0.6885245901639344,0.62,0.6936686038970947
"1,0,0,1,0,0,0,1,1,1,0,0,0,1,1,0,0,1,0,1,0",0.58,0.82,0.6399999999999999,0.5540540540540541,0.82,0.6612903225806451,0.58,0.7449226379394531
"1,0,0,0,0,0,0,0,1,1,1,0,1,1,1,0,1,1,1,1,0",0.6,0.76,0.6399999999999999,0.5833333333333334,0.7,0.6363636363636364,0.6,0.6561434268951416
"0,1,1,1,1,1,1,1,0,1,1,0,0,1,1,0,0,1,0,1,0",0.585,0.8,0.6387499999999999,0.6197183098591549,0.44,0.5146198830409356,0.585,0.6181175708770752
"0,0,0,1,0,0,1,1,0,0,1,0,1,0,0,0,0,1,1,0,0",0.595,0.77,0.6387499999999999,0.5785123966942148,0.7,0.6334841628959276,0.595,0.5646927356719971
"0,1,1,1,1,1,1,1,0,0,1,0,1,0,0,0,0,1,0,1,0",0.585,0.8,0.6387499999999999,0.6049382716049383,0.49,0.5414364640883977,0.585,0.6136083602905273
"1,0,0,1,1,1,1,0,0,1,1,0,1,1,0,1,0,1,1,1,1",0.585,0.8,0.6387499999999999,0.562962962962963,0.76,0.6468085106382979,0.585,0.6642909049987793
"0,1,1,1,0,0,1,0,0,0,1,0,1,1,0,1,0,0,1,1,0",0.585,0.8,0.6387499999999999,0.5794392523364486,0.62,0.5990338164251208,0.585,0.650846004486084
"0,1,1,1,1,1,1,1,0,0,1,0,1,0,0,0,0,1,1,1,0",0.585,0.8,0.6387499999999999,0.6049382716049383,0.49,0.5414364640883977,0.585,0.5970804691314697
"1,1,1,1,0,1,0,1,0,1,0,1,1,1,0,1,0,1,0,0,1",0.615,0.71,0.6387499999999999,0.5761589403973509,0.87,0.6932270916334662,0.615,0.7088589668273926
"0,0,0,1,0,0,1,1,1,0,1,0,1,0,0,0,0,1,1,0,0",0.595,0.77,0.6387499999999999,0.5785123966942148,0.7,0.6334841628959276,0.595,0.6064469814300537
"1,0,1,1,1,1,0,1,1,0,0,1,1,1,0,0,1,0,1,1,0",0.605,0.74,0.6387499999999999,0.5621301775147929,0.95,0.7063197026022305,0.605,0.6650300025939941
"1,1,1,1,0,1,1,0,0,1,0,1,0,0,0,1,0,1,1,0,0",0.615,0.71,0.6387499999999999,0.5761589403973509,0.87,0.6932270916334662,0.615,0.6354413032531738
"0,0,1,0,0,0,1,1,1,0,1,0,1,0,1,0,1,0,0,1,1",0.595,0.77,0.6387499999999999,0.5904761904761905,0.62,0.6048780487804878,0.595,0.625903844833374
"0,1,1,0,0,1,1,0,1,0,1,0,1,0,0,1,0,0,0,1,1",0.58,0.81,0.6375000000000001,0.5975609756097561,0.49,0.5384615384615384,0.5800000000000001,0.6952388286590576
"0,1,1,1,1,1,0,1,1,0,0,1,0,0,1,1,1,1,0,1,0",0.6,0.75,0.6375000000000001,0.5714285714285714,0.8,0.6666666666666666,0.6000000000000001,0.7078030109405518
"1,1,1,1,1,1,1,0,1,1,1,0,0,1,0,0,0,1,0,1,1",0.6,0.75,0.6375000000000001,0.6111111111111112,0.55,0.5789473684210527,0.6000000000000001,0.6738345623016357
"1,0,1,1,1,0,0,1,1,1,1,1,0,1,1,0,0,1,0,0,1",0.58,0.81,0.6375000000000001,0.5952380952380952,0.5,0.5434782608695652,0.5800000000000001,0.6179687976837158
"0,0,1,0,0,1,1,0,1,0,1,0,0,1,1,1,0,1,0,0,1",0.59,0.78,0.6375000000000001,0.5789473684210527,0.66,0.616822429906542,0.5900000000000001,0.6136140823364258
"1,0,1,1,0,1,1,1,0,0,1,1,1,1,1,0,1,1,0,0,1",0.6,0.75,0.6375,0.5757575757575758,0.76,0.6551724137931034,0.6,0.6118526458740234
"1,0,1,1,0,0,1,1,0,0,1,0,1,0,0,1,0,0,0,1,0",0.63,0.66,0.6375,0.6511627906976745,0.56,0.6021505376344086,0.63,0.6462681293487549
"0,0,0,1,1,1,0,0,1,1,1,0,0,0,1,0,1,0,0,1,0",0.6,0.75,0.6375,0.5694444444444444,0.82,0.6721311475409836,0.6,0.7365689277648926
"0,0,0,1,0,0,1,1,1,0,1,0,0,0,1,0,0,1,0,1,0",0.6,0.75,0.6375,0.5757575757575758,0.76,0.6551724137931034,0.6,0.6974279880523682
"0,0,0,0,0,1,0,0,0,1,0,1,1,1,1,1,0,1,1,0,1",0.58,0.81,0.6375,0.5655737704918032,0.69,0.6216216216216216,0.58,0.732213020324707
"1,0,0,0,0,0,1,0,1,1,1,1,1,0,1,0,1,0,1,1,1",0.6,0.75,0.6375,0.6515151515151515,0.43,0.5180722891566265,0.6,0.6427240371704102
"1,1,1,0,1,0,1,0,0,0,0,1,0,1,1,0,0,1,1,0,1",0.59,0.78,0.6375,0.5865384615384616,0.61,0.5980392156862745,0.59,0.7047135829925537
"1,0,1,1,1,1,0,1,0,0,1,0,1,1,1,1,1,0,1,0,1",0.585,0.79,0.63625,0.5491329479768786,0.95,0.6959706959706959,0.585,0.6408951282501221
"1,1,1,0,0,0,1,0,1,0,1,1,1,1,0,0,0,1,1,0,0",0.605,0.73,0.63625,0.5867768595041323,0.71,0.6425339366515838,0.605,0.6022770404815674
"0,1,0,1,1,0,0,0,1,1,0,0,1,1,0,1,1,0,1,1,0",0.585,0.79,0.63625,0.6268656716417911,0.42,0.5029940119760479,0.585,0.6974775791168213
"0,1,1,1,1,0,0,1,1,0,1,1,0,0,0,1,0,1,1,1,1",0.585,0.79,0.63625,0.6075949367088608,0.48,0.5363128491620112,0.585,0.6349034309387207
"0,1,0,1,0,0,1,0,1,1,0,1,0,0,1,0,1,1,0,0,1",0.585,0.79,0.63625,0.5497076023391813,0.94,0.6937269372693727,0.585,0.7116885185241699
"1,0,1,1,0,0,1,0,1,0,0,0,1,0,1,1,0,0,1,1,1",0.595,0.76,0.63625,0.6091954022988506,0.53,0.5668449197860963,0.595,0.7138156890869141
"1,1,1,0,0,0,1,0,1,0,1,1,1,0,0,1,0,1,1,0,0",0.605,0.73,0.63625,0.5867768595041323,0.71,0.6425339366515838,0.605,0.645540714263916
"0,0,0,1,0,0,1,1,1,0,0,0,1,0,1,0,1,0,0,1,1",0.595,0.76,0.63625,0.5904761904761905,0.62,0.6048780487804878,0.595,0.6422100067138672
"1,1,1,0,0,0,1,0,1,0,1,1,1,0,0,0,0,1,1,0,0",0.605,0.73,0.63625,0.5867768595041323,0.71,0.6425339366515838,0.605,0.623685359954834
"0,0,1,0,0,0,1,0,0,1,1,0,1,0,0,0,0,1,1,1,1",0.595,0.76,0.63625,0.5575757575757576,0.92,0.6943396226415094,0.595,0.6467461585998535
"1,1,0,1,0,0,1,0,0,1,1,1,0,1,1,1,0,0,1,1,1",0.575,0.82,0.63625,0.5806451612903226,0.54,0.5595854922279793,0.575,0.6456358432769775
"1,0,1,1,1,1,1,1,0,0,1,0,1,0,0,1,1,0,1,0,1",0.605,0.73,0.63625,0.5636363636363636,0.93,0.7018867924528301,0.605,0.634699821472168
"0,0,0,1,1,1,0,0,1,1,0,0,1,0,1,0,0,1,0,1,1",0.575,0.82,0.63625,0.5757575757575758,0.57,0.5728643216080402,0.575,0.6988182067871094
"0,0,0,1,1,1,0,0,1,0,1,1,1,1,0,0,1,1,0,0,1",0.595,0.76,0.63625,0.5629139072847682,0.85,0.6772908366533864,0.595,0.6733512878417969
"0,0,1,0,0,1,0,1,0,1,1,0,0,1,0,1,0,0,0,1,1",0.595,0.76,0.63625,0.6067415730337079,0.54,0.5714285714285714,0.595,0.6910791397094727
"1,0,0,1,0,0,1,0,1,0,1,0,1,1,1,1,0,0,1,1,0",0.57,0.83,0.635,0.574468085106383,0.54,0.5567010309278351,0.5700000000000001,0.6739706993103027
"0,0,0,0,0,0,1,0,1,0,0,1,0,1,1,1,1,0,0,1,0",0.6,0.74,0.635,0.5641025641025641,0.88,0.6875,0.6,0.630565881729126
"0,0,1,0,0,0,1,0,1,1,1,0,0,0,1,0,1,0,0,1,1",0.58,0.8,0.635,0.5769230769230769,0.6,0.5882352941176471,0.5800000000000001,0.777456521987915
"1,1,0,0,0,0,1,0,1,1,0,0,1,0,1,1,1,1,1,0,0",0.58,0.8,0.635,0.6538461538461539,0.34,0.4473684210526316,0.58,0.6817350387573242
"1,1,0,0,1,0,0,0,0,0,0,1,1,1,1,0,0,1,1,1,0",0.6,0.74,0.635,0.5819672131147541,0.71,0.6396396396396397,0.6,0.651557207107544
"0,0,0,1,0,0,0,0,0,0,1,0,1,1,1,0,1,1,0,0,0",0.61,0.71,0.635,0.6375,0.51,0.5666666666666667,0.61,0.6026620864868164
"0,1,1,1,1,1,0,1,1,1,1,0,0,0,1,0,1,0,1,0,1",0.575,0.81,0.63375,0.5555555555555556,0.75,0.6382978723404256,0.575,0.6930298805236816
"1,0,1,0,0,0,0,1,0,1,1,0,0,1,1,0,1,0,1,0,1",0.585,0.78,0.63375,0.5779816513761468,0.63,0.6028708133971292,0.585,0.6731574535369873
"0,1,1,1,0,0,1,0,1,1,0,1,0,0,0,1,1,1,1,0,0",0.605,0.72,0.63375,0.5945945945945946,0.66,0.6255924170616114,0.605,0.5899982452392578
"1,1,0,0,1,0,0,0,0,0,1,1,0,1,0,0,0,1,1,1,0",0.605,0.72,0.63375,0.6,0.63,0.6146341463414634,0.605,0.6088993549346924
"0,1,0,1,1,0,1,0,1,0,1,0,0,1,0,1,0,1,1,0,1",0.575,0.81,0.63375,0.6,0.45,0.5142857142857142,0.575,0.6637194156646729
"0,0,0,1,0,0,1,0,0,0,1,1,0,1,0,1,1,0,1,1,0",0.585,0.78,0.63375,0.5594405594405595,0.8,0.6584362139917695,0.585,0.6036241054534912
"0,0,0,0,0,0,1,0,1,0,1,1,1,0,0,0,0,1,1,1,0",0.595,0.75,0.63375,0.5620915032679739,0.86,0.6798418972332015,0.595,0.5957846641540527
"0,1,1,1,1,0,0,1,1,1,1,0,0,1,1,0,1,1,0,1,0",0.605,0.72,0.63375,0.56,0.98,0.7127272727272728,0.605,0.6916770935058594
"0,1,0,1,0,1,1,1,1,0,0,1,0,0,0,0,1,1,0,0,0",0.59,0.76,0.6325000000000001,0.576271186440678,0.68,0.6238532110091743,0.5900000000000001,0.6698055267333984
"1,0,1,1,1,1,0,1,1,0,0,1,0,1,0,0,0,1,0,1,1",0.58,0.79,0.6325000000000001,0.5493827160493827,0.89,0.6793893129770993,0.5800000000000001,0.6780836582183838
"0,0,0,0,1,0,0,1,1,1,0,1,0,1,0,1,0,1,0,0,1",0.58,0.79,0.6325000000000001,0.5666666666666667,0.68,0.6181818181818182,0.5800000000000001,0.6261286735534668
"0,0,1,1,0,1,0,0,0,1,1,1,0,1,1,0,0,0,0,0,1",0.61,0.7,0.6325000000000001,0.5916666666666667,0.71,0.6454545454545455,0.61,0.6997499465942383
"0,1,0,1,1,1,0,0,0,1,0,0,1,1,0,0,0,1,1,1,0",0.58,0.79,0.6325000000000001,0.5677966101694916,0.67,0.6146788990825688,0.5800000000000001,0.6927881240844727
"0,0,1,1,0,1,0,1,0,0,1,1,1,0,1,0,0,1,0,0,1",0.58,0.79,0.6325000000000001,0.5909090909090909,0.52,0.5531914893617021,0.5800000000000001,0.6876280307769775
"1,1,1,1,0,1,1,1,1,1,0,0,1,1,1,0,0,1,0,1,1",0.58,0.79,0.6325,0.5634920634920635,0.71,0.6283185840707964,0.58,0.6916377544403076
"0,0,0,1,1,1,0,1,0,0,0,1,1,0,0,1,1,0,0,1,1",0.58,0.79,0.6325,0.5784313725490197,0.59,0.5841584158415841,0.58,0.6732137203216553
"1,1,1,0,0,0,0,1,0,0,0,1,1,0,1,1,0,1,0,1,0",0.595,0.74,0.63125,0.584070796460177,0.66,0.6197183098591549,0.595,0.6097562313079834
"1,0,0,1,1,1,0,0,1,0,1,1,1,0,1,0,1,0,0,1,1",0.595,0.74,0.63125,0.564625850340136,0.83,0.6720647773279352,0.595,0.6854894161224365
"0,0,0,0,0,0,0,1,0,1,1,0,0,0,1,1,0,0,1,1,0",0.605,0.71,0.63125,0.5813953488372093,0.75,0.6550218340611353,0.605,0.6655442714691162
"0,0,0,1,1,1,0,1,0,0,0,0,1,1,1,1,0,1,1,1,1",0.585,0.77,0.63125,0.5739130434782609,0.66,0.6139534883720931,0.585,0.6752147674560547
"1,1,1,1,1,1,1,1,0,0,0,0,1,0,0,0,1,1,0,1,1",0.565,0.83,0.63125,0.5575221238938053,0.63,0.5915492957746479,0.565,0.6779763698577881
"0,0,0,0,1,1,1,0,0,0,1,0,0,1,1,1,0,1,0,0,0",0.575,0.8,0.63125,0.5517241379310345,0.8,0.6530612244897959,0.575,0.7298736572265625
"0,1,1,1,0,0,1,1,0,0,1,0,1,0,0,1,1,0,1,0,1",0.565,0.83,0.63125,0.5942028985507246,0.41,0.48520710059171596,0.565,0.6614086627960205
"0,0,0,1,0,0,1,0,0,1,0,1,0,1,1,0,0,1,0,1,0",0.585,0.77,0.63125,0.5691056910569106,0.7,0.6278026905829597,0.585,0.6283886432647705
"0,1,0,0,0,0,1,1,1,0,0,0,1,1,1,0,1,0,0,0,0",0.585,0.77,0.63125,0.5570469798657718,0.83,0.6666666666666666,0.585,0.6695291996002197
"1,0,0,1,0,0,0,0,1,1,1,1,0,0,1,1,1,1,1,1,0",0.595,0.74,0.63125,0.611764705882353,0.52,0.5621621621621622,0.595,0.7283432483673096
"1,0,1,1,0,1,0,1,0,1,1,1,1,1,1,1,1,1,1,0,0",0.595,0.74,0.63125,0.5536723163841808,0.98,0.7075812274368231,0.595,0.685711145401001
"1,1,1,1,1,1,0,1,1,0,0,1,1,0,0,1,0,1,0,0,1",0.59,0.75,0.6300000000000001,0.5978260869565217,0.55,0.5729166666666666,0.5900000000000001,0.5953028202056885
"0,0,0,0,1,0,1,0,0,1,0,1,1,1,0,0,0,1,0,0,1",0.59,0.75,0.6300000000000001,0.5633802816901409,0.8,0.6611570247933884,0.5900000000000001,0.7047634124755859
"0,0,0,0,0,1,1,1,0,0,1,1,1,1,0,0,1,0,0,1,1",0.58,0.78,0.6300000000000001,0.5555555555555556,0.8,0.6557377049180327,0.5800000000000001,0.7354869842529297
"1,0,1,1,1,0,0,1,0,1,1,1,0,1,1,1,1,0,0,1,1",0.57,0.81,0.6300000000000001,0.6206896551724138,0.36,0.45569620253164556,0.5700000000000001,0.7185823917388916
"0,0,0,1,1,1,0,1,1,1,1,0,1,0,0,1,0,1,0,1,1",0.59,0.75,0.6300000000000001,0.5818181818181818,0.64,0.6095238095238096,0.5900000000000001,0.7658219337463379
"1,1,1,0,1,0,0,1,0,1,0,0,0,1,1,0,1,0,1,1,1",0.59,0.75,0.63,0.625,0.45,0.5232558139534884,0.59,0.6776645183563232
"0,1,1,0,1,1,0,0,1,1,1,1,1,0,0,0,0,0,1,1,1",0.59,0.75,0.63,0.59,0.59,0.59,0.59,0.6872308254241943
"0,1,1,1,1,0,1,0,0,0,0,0,1,0,1,0,1,0,0,1,0",0.57,0.81,0.63,0.5564516129032258,0.69,0.6160714285714286,0.57,0.6632835865020752
"1,0,1,1,1,0,1,0,1,0,0,1,1,1,1,0,1,1,0,0,0",0.59,0.75,0.63,0.6125,0.49,0.5444444444444444,0.59,0.6330153942108154
"0,1,1,0,1,1,0,1,0,1,0,1,1,1,1,1,1,1,1,1,1",0.555,0.85,0.62875,0.544,0.68,0.6044444444444445,0.555,0.7127149105072021
"1,0,1,1,1,0,0,1,1,1,1,0,1,1,1,1,0,0,1,1,1",0.575,0.79,0.6287499999999999,0.631578947368421,0.36,0.4585987261146497,0.575,0.643531322479248
"0,1,1,1,0,1,0,0,1,0,0,1,1,0,0,0,0,0,1,1,1",0.585,0.76,0.6287499999999999,0.580952380952381,0.61,0.5951219512195122,0.585,0.712590217590332
"1,1,0,1,1,1,1,1,0,1,1,0,0,1,1,0,1,1,0,1,1",0.585,0.76,0.6287499999999999,0.5570469798657718,0.83,0.6666666666666666,0.585,0.7102928161621094
"0,1,0,1,1,1,0,1,1,0,0,1,1,1,1,0,1,0,1,0,1",0.575,0.79,0.6287499999999999,0.5539568345323741,0.77,0.6443514644351465,0.575,0.6538922786712646
"0,1,1,0,1,0,0,0,1,1,1,1,0,0,1,0,0,1,1,0,1",0.605,0.7,0.6287499999999999,0.5621301775147929,0.95,0.7063197026022305,0.605,0.6779694557189941
"0,0,1,0,0,0,0,0,0,1,0,1,1,0,1,0,0,1,1,0,0",0.59,0.74,0.6275000000000001,0.5625,0.81,0.6639344262295082,0.5900000000000001,0.6473584175109863
"1,0,0,1,0,0,0,0,1,1,1,0,0,0,1,0,1,0,0,1,0",0.58,0.77,0.6275000000000001,0.5909090909090909,0.52,0.5531914893617021,0.5800000000000001,0.7131032943725586
"0,1,1,1,1,1,1,0,0,0,0,0,0,1,0,1,1,1,1,1,1",0.58,0.77,0.6275000000000001,0.5571428571428572,0.78,0.65,0.5800000000000001,0.6572790145874023
"1,1,0,0,1,1,1,0,1,1,0,0,0,0,0,0,1,1,1,0,0",0.58,0.77,0.6275,0.5526315789473685,0.84,0.6666666666666666,0.58,0.6505327224731445
"1,1,1,0,1,1,1,0,0,1,1,1,1,0,1,1,0,0,1,0,0",0.61,0.68,0.6275,0.5647058823529412,0.96,0.7111111111111111,0.61,0.6365127563476562
"1,1,0,1,1,1,1,0,1,1,1,1,1,0,0,0,0,0,1,0,0",0.61,0.68,0.6275,0.563953488372093,0.97,0.7132352941176471,0.61,0.6398110389709473
"0,0,1,0,0,0,1,0,0,1,1,0,1,0,1,0,1,0,0,1,0",0.59,0.74,0.6275,0.5592105263157895,0.85,0.6746031746031746,0.59,0.6385152339935303
"0,0,1,0,1,1,1,1,0,1,1,0,0,1,0,1,0,0,0,1,0",0.59,0.74,0.6275,0.5608108108108109,0.83,0.6693548387096774,0.59,0.7141892910003662
"0,0,0,0,0,0,0,1,1,0,1,0,1,0,1,0,1,0,0,1,0",0.6,0.71,0.6275,0.5746268656716418,0.77,0.6581196581196581,0.6,0.6237609386444092
"0,0,0,1,0,0,1,1,1,0,1,0,1,0,1,1,1,0,1,1,0",0.58,0.77,0.6275,0.5634920634920635,0.71,0.6283185840707964,0.58,0.6426846981048584
"0,1,0,0,1,1,0,0,0,1,1,1,0,1,1,0,0,1,0,0,1",0.59,0.74,0.6275,0.5865384615384616,0.61,0.5980392156862745,0.59,0.6664125919342041
"0,1,1,1,1,1,0,1,1,0,0,1,1,1,1,0,0,1,0,0,0",0.58,0.77,0.6275,0.551948051948052,0.85,0.6692913385826772,0.58,0.6483972072601318
"0,0,1,0,0,0,1,0,0,1,1,0,1,0,1,0,1,0,1,1,0",0.59,0.74,0.6275,0.5592105263157895,0.85,0.6746031746031746,0.59,0.6248965263366699
"1,0,1,1,1,1,0,1,1,1,1,1,0,0,0,0,0,0,0,0,0",0.61,0.68,0.6275,0.563953488372093,0.97,0.7132352941176471,0.61,0.5905356407165527
"1,1,1,0,1,1,1,0,0,0,1,0,1,1,0,1,0,0,1,0,0",0.61,0.68,0.6275,0.563953488372093,0.97,0.7132352941176471,0.61,0.6236968040466309
"1,1,0,0,1,1,1,1,0,1,0,1,0,0,0,0,1,0,1,1,0",0.58,0.77,0.6275,0.5526315789473685,0.84,0.6666666666666666,0.58,0.6590189933776855
"0,0,1,0,0,1,1,0,0,1,1,1,1,1,1,1,1,0,0,0,1",0.585,0.75,0.62625,0.5586206896551724,0.81,0.6612244897959184,0.585,0.6600604057312012
"1,0,1,0,0,0,1,1,0,0,0,0,0,0,1,0,1,0,0,1,0",0.575,0.78,0.62625,0.5630252100840336,0.67,0.6118721461187214,0.575,0.6473698616027832
"1,0,0,1,0,0,1,1,0,1,0,0,0,0,0,0,0,0,1,1,1",0.575,0.78,0.62625,0.5714285714285714,0.6,0.5853658536585366,0.575,0.6183924674987793
"1,0,0,0,0,0,0,0,1,0,1,1,0,0,0,1,1,0,0,1,1",0.575,0.78,0.62625,0.5471698113207547,0.87,0.6718146718146718,0.575,0.6881217956542969
"1,1,0,0,0,0,1,0,0,0,1,1,0,1,1,0,1,0,1,0,1",0.565,0.81,0.62625,0.5915492957746479,0.42,0.49122807017543857,0.565,0.689241886138916
"1,1,1,0,0,1,0,1,1,1,1,0,1,1,0,0,1,0,1,0,0",0.59,0.73,0.625,0.5511363636363636,0.97,0.7028985507246377,0.59,0.5985493659973145
"0,1,1,1,0,1,0,0,0,0,1,0,0,1,0,0,1,0,1,0,1",0.59,0.73,0.625,0.6285714285714286,0.44,0.5176470588235295,0.59,0.6631536483764648
"0,1,0,0,0,0,1,1,0,1,0,0,0,0,0,1,1,1,0,1,0",0.58,0.76,0.625,0.5579710144927537,0.77,0.6470588235294118,0.5800000000000001,0.6631503105163574
"0,0,0,0,0,1,0,0,0,1,1,1,1,0,0,1,0,0,0,1,0",0.57,0.79,0.625,0.5522388059701493,0.74,0.6324786324786325,0.5700000000000001,0.6481215953826904
"1,0,0,1,1,1,0,0,0,1,1,1,1,0,0,1,1,0,0,0,0",0.59,0.73,0.625,0.5511363636363636,0.97,0.7028985507246377,0.59,0.5966877937316895
"1,0,0,1,1,0,1,1,0,0,0,1,0,1,1,1,1,1,1,1,1",0.59,0.73,0.625,0.8461538461538461,0.22,0.3492063492063492,0.59,0.651076078414917
"0,0,0,1,1,1,0,1,0,0,1,0,1,0,1,1,1,0,0,1,0",0.59,0.73,0.625,0.6285714285714286,0.44,0.5176470588235295,0.59,0.6302580833435059
"0,0,0,1,1,1,0,1,0,0,1,0,1,1,1,1,1,0,0,1,0",0.59,0.73,0.625,0.6285714285714286,0.44,0.5176470588235295,0.59,0.6007728576660156
"1,0,0,1,0,1,1,1,0,1,0,1,0,0,1,1,1,1,0,1,1",0.55,0.85,0.625,0.5581395348837209,0.48,0.5161290322580645,0.55,0.7051098346710205
"1,0,0,1,1,0,0,1,0,1,0,0,1,0,0,0,1,0,1,1,1",0.57,0.79,0.625,0.6296296296296297,0.34,0.44155844155844154,0.5700000000000001,0.6833646297454834
"1,1,0,0,1,1,0,0,1,0,1,0,0,1,0,1,1,0,1,0,0",0.59,0.73,0.625,0.5511363636363636,0.97,0.7028985507246377,0.59,0.6222798824310303
"0,0,0,1,0,1,1,1,0,0,1,0,1,0,0,0,0,1,1,0,1",0.58,0.76,0.625,0.5816326530612245,0.57,0.5757575757575758,0.58,0.6615417003631592
"0,0,1,0,0,0,1,0,1,1,1,0,0,0,0,0,0,1,1,0,1",0.59,0.73,0.625,0.5569620253164557,0.88,0.6821705426356589,0.59,0.6404457092285156
"1,1,1,0,0,1,0,0,0,0,1,1,0,0,0,1,1,1,0,1,1",0.58,0.76,0.625,0.5579710144927537,0.77,0.6470588235294118,0.5800000000000001,0.6491446495056152
"0,1,0,1,0,1,1,1,1,0,0,0,1,1,0,0,0,0,1,0,1",0.58,0.76,0.625,0.5506329113924051,0.87,0.6744186046511628,0.58,0.7277357578277588
"0,1,0,1,1,0,0,0,0,1,0,1,1,0,0,1,0,1,1,1,1",0.57,0.79,0.625,0.6842105263157895,0.26,0.37681159420289856,0.5700000000000001,0.7335634231567383
"1,0,1,0,0,0,0,0,1,0,0,1,0,0,0,1,1,0,1,0,1",0.565,0.8,0.62375,0.5546218487394958,0.66,0.6027397260273972,0.565,0.7048466205596924
"0,1,1,0,1,1,1,0,1,1,1,1,1,1,1,0,1,1,0,0,1",0.595,0.71,0.62375,0.5736434108527132,0.74,0.6462882096069869,0.595,0.6691803932189941
"1,1,0,0,0,0,0,0,1,0,1,1,0,0,0,0,1,0,1,1,1",0.565,0.8,0.62375,0.6382978723404256,0.3,0.40816326530612246,0.565,0.6501545906066895
"1,0,1,1,0,0,0,1,0,1,1,1,1,1,1,1,1,1,0,0,0",0.585,0.74,0.62375,0.6,0.51,0.5513513513513514,0.585,0.7165448665618896
"0,0,0,1,1,0,0,1,0,0,1,0,0,1,0,1,0,1,0,1,1",0.565,0.8,0.62375,0.5503875968992248,0.71,0.6200873362445415,0.565,0.7147634029388428
"1,1,0,1,1,1,0,0,1,1,1,1,1,0,1,1,0,0,1,0,0",0.595,0.71,0.62375,0.559748427672956,0.89,0.6872586872586872,0.595,0.6311757564544678
"1,1,0,0,0,0,0,0,0,1,0,0,0,0,1,1,0,0,1,0,1",0.575,0.77,0.62375,0.5974025974025974,0.46,0.519774011299435,0.575,0.6494021415710449
"1,0,0,0,0,0,1,0,0,1,1,1,0,1,0,1,0,1,0,1,0",0.565,0.8,0.62375,0.6031746031746031,0.38,0.4662576687116564,0.565,0.6382334232330322
"0,1,1,1,0,0,1,0,1,1,1,0,1,0,1,0,0,1,1,1,1",0.585,0.74,0.62375,0.5611510791366906,0.78,0.6527196652719666,0.585,0.6944692134857178
"1,1,0,1,1,1,0,1,1,0,1,1,0,1,1,1,1,0,1,0,0",0.595,0.71,0.62375,0.559748427672956,0.89,0.6872586872586872,0.595,0.6087145805358887
"1,1,1,1,1,0,0,1,1,0,0,0,0,1,1,0,1,0,0,1,1",0.595,0.71,0.62375,0.5683453237410072,0.79,0.6610878661087866,0.595,0.6532871723175049
"1,0,0,1,0,0,0,1,0,0,1,0,0,0,0,0,1,1,1,0,1",0.565,0.8,0.62375,0.5698924731182796,0.53,0.5492227979274611,0.565,0.6532993316650391
"0,1,1,1,0,0,1,1,1,0,1,1,1,0,0,0,0,0,1,1,1",0.565,0.8,0.62375,0.6101694915254238,0.36,0.4528301886792453,0.565,0.6309611797332764
"0,1,1,0,0,1,1,1,0,0,0,0,0,0,0,1,0,1,1,0,0",0.565,0.8,0.62375,0.549618320610687,0.72,0.6233766233766234,0.565,0.6246664524078369
"1,1,1,1,1,1,1,1,1,1,0,0,1,0,1,1,1,1,0,1,1",0.575,0.77,0.62375,0.6056338028169014,0.43,0.5029239766081871,0.575,0.753929853439331
"1,0,0,1,0,0,1,1,1,0,1,0,1,1,0,0,0,0,0,1,1",0.575,0.77,0.62375,0.5806451612903226,0.54,0.5595854922279793,0.575,0.6185741424560547
"1,0,1,1,1,1,1,0,0,1,1,0,1,0,0,1,0,1,0,0,0",0.595,0.71,0.62375,0.559748427672956,0.89,0.6872586872586872,0.595,0.6158182621002197
"1,0,1,1,1,1,1,0,0,1,1,0,1,0,0,0,0,1,0,0,0",0.595,0.71,0.62375,0.559748427672956,0.89,0.6872586872586872,0.595,0.6164336204528809
"1,0,1,1,1,1,0,0,0,1,1,0,1,0,0,0,0,1,1,0,0",0.595,0.71,0.62375,0.559748427672956,0.89,0.6872586872586872,0.595,0.6150386333465576
"1,0,0,1,1,0,0,0,1,1,0,1,0,0,0,1,0,1,0,1,1",0.57,0.78,0.6225,0.6206896551724138,0.36,0.45569620253164556,0.5700000000000001,0.7440598011016846
"1,1,1,1,0,1,1,1,1,1,0,0,0,0,0,0,0,0,0,0,1",0.59,0.72,0.6225,0.5661764705882353,0.77,0.652542372881356,0.59,0.6293506622314453
"0,0,0,0,1,1,1,1,0,1,1,0,1,1,1,0,1,1,1,1,1",0.58,0.75,0.6225,0.5727272727272728,0.63,0.6,0.5800000000000001,0.6474592685699463
"0,1,1,1,0,0,0,1,0,0,1,1,0,0,0,1,1,1,0,1,1",0.57,0.78,0.6225,0.6458333333333334,0.31,0.4189189189189189,0.57,0.714130163192749
"1,0,1,0,0,0,0,1,1,0,1,0,0,0,1,0,0,1,0,1,0",0.58,0.75,0.6224999999999999,0.5784313725490197,0.59,0.5841584158415841,0.58,0.6822717189788818
"1,0,1,0,1,1,0,1,1,0,1,1,0,1,1,1,0,0,0,1,1",0.58,0.75,0.6224999999999999,0.5634920634920635,0.71,0.6283185840707964,0.58,0.6607942581176758
"0,0,1,1,1,1,0,0,0,1,0,0,0,0,0,0,0,1,1,1,0",0.595,0.7,0.62125,0.564625850340136,0.83,0.6720647773279352,0.595,0.6266124248504639
"1,1,1,0,1,1,1,1,1,0,1,1,0,0,1,1,0,1,1,0,1",0.585,0.73,0.62125,0.5534591194968553,0.88,0.6795366795366795,0.585,0.6839470863342285
"1,1,0,0,1,1,0,0,0,0,1,1,0,1,1,1,0,0,1,0,0",0.595,0.7,0.62125,0.564625850340136,0.83,0.6720647773279352,0.595,0.6574907302856445
"0,1,0,1,0,1,0,0,1,0,0,0,1,1,1,0,0,0,1,0,1",0.555,0.82,0.62125,0.5774647887323944,0.41,0.47953216374269003,0.5549999999999999,0.6573004722595215
"1,1,1,0,0,1,0,0,1,1,1,0,1,0,1,1,0,0,0,0,0",0.595,0.7,0.62125,0.564625850340136,0.83,0.6720647773279352,0.595,0.593925952911377
"0,0,0,1,0,0,1,1,1,0,1,0,1,0,0,1,0,1,1,0,1",0.555,0.82,0.62125,0.5578947368421052,0.53,0.5435897435897435,0.5549999999999999,0.7349562644958496
"1,1,0,0,1,0,1,1,1,1,0,0,1,1,0,0,1,0,0,1,0",0.575,0.76,0.62125,0.7027027027027027,0.26,0.3795620437956204,0.575,0.7293684482574463
"1,0,0,0,0,0,1,0,0,1,0,1,1,0,0,0,0,1,0,1,1",0.585,0.73,0.62125,0.673469387755102,0.33,0.4429530201342282,0.585,0.7451674938201904
"0,0,1,1,1,1,0,1,0,1,0,0,0,0,1,0,1,1,0,0,1",0.585,0.73,0.62125,0.5521472392638037,0.9,0.6844106463878327,0.585,0.6936473846435547
"0,0,1,0,1,0,0,0,0,0,0,0,1,0,0,0,1,0,1,1,1",0.555,0.82,0.62125,0.5679012345679012,0.46,0.5082872928176796,0.555,0.6504833698272705
"0,1,0,1,1,1,0,0,1,0,1,1,1,0,1,1,1,1,0,0,1",0.575,0.76,0.62125,0.5688073394495413,0.62,0.5933014354066986,0.575,0.7043626308441162
"0,0,0,1,0,0,0,0,0,0,0,1,1,1,0,1,1,1,0,1,1",0.575,0.76,0.62125,0.5590551181102362,0.71,0.6255506607929515,0.575,0.6406230926513672
"0,1,1,1,0,1,0,1,0,1,0,1,0,0,1,1,0,1,0,0,0",0.56,0.8,0.6200000000000001,0.5483870967741935,0.68,0.6071428571428571,0.56,0.6327786445617676
"0,0,0,1,0,0,0,1,1,0,1,1,0,1,0,1,0,1,1,0,1",0.56,0.8,0.6200000000000001,0.536144578313253,0.89,0.6691729323308271,0.56,0.6626861095428467
"0,1,1,0,1,0,0,0,0,0,0,0,0,1,1,1,0,1,1,1,1",0.59,0.71,0.6200000000000001,0.6551724137931034,0.38,0.4810126582278481,0.5900000000000001,0.645941972732544
"0,0,1,0,1,1,0,0,1,1,1,0,0,0,1,0,0,1,0,1,1",0.56,0.8,0.6200000000000001,0.6363636363636364,0.28,0.3888888888888889,0.56,0.6913902759552002
"1,0,1,1,0,0,0,0,0,0,1,1,1,0,0,1,1,1,1,0,0",0.56,0.8,0.6200000000000001,0.5566037735849056,0.59,0.5728155339805825,0.56,0.6387126445770264
"1,1,1,1,1,1,0,0,0,0,1,0,0,0,1,1,0,1,1,0,1",0.59,0.71,0.6200000000000001,0.5818181818181818,0.64,0.6095238095238096,0.5900000000000001,0.6312875747680664
"1,1,1,0,0,0,1,0,0,1,0,0,0,1,0,0,1,1,0,1,0",0.56,0.8,0.6200000000000001,0.5909090909090909,0.39,0.46987951807228917,0.56,0.5779247283935547
"0,0,1,0,1,1,0,0,0,1,1,0,0,1,1,0,1,1,0,1,1",0.56,0.8,0.6200000000000001,0.5967741935483871,0.37,0.4567901234567901,0.56,0.6922204494476318
"1,1,0,0,0,1,1,0,1,1,1,0,1,1,1,0,1,1,0,1,1",0.57,0.77,0.6200000000000001,0.5583333333333333,0.67,0.6090909090909091,0.5700000000000001,0.6682147979736328
"0,1,0,0,0,1,0,1,1,1,1,1,0,1,1,0,1,1,0,0,0",0.59,0.71,0.62,0.5865384615384616,0.61,0.5980392156862745,0.59,0.6310417652130127
"0,1,1,0,0,1,0,0,1,0,1,1,1,0,1,0,1,0,1,0,1",0.57,0.77,0.62,0.553030303030303,0.73,0.6293103448275862,0.57,0.7984139919281006
"1,0,0,1,0,0,1,0,1,1,0,0,1,0,1,1,0,1,0,0,0",0.55,0.83,0.62,0.5735294117647058,0.39,0.4642857142857143,0.55,0.6807353496551514
"0,0,0,1,1,1,0,1,0,0,1,0,1,0,1,0,1,0,0,1,1",0.6,0.68,0.6199999999999999,0.5833333333333334,0.7,0.6363636363636364,0.6,0.6594052314758301
"0,0,1,1,1,0,1,0,0,1,0,0,1,1,0,0,0,0,0,1,1",0.56,0.8,0.6199999999999999,0.5857142857142857,0.41,0.4823529411764706,0.5599999999999999,0.6419801712036133
"0,1,0,0,0,0,0,1,1,1,1,0,0,0,1,0,1,0,1,0,1",0.575,0.75,0.61875,0.543859649122807,0.93,0.6863468634686347,0.5750000000000001,0.6433429718017578
"0,0,0,1,0,0,1,1,1,1,1,0,0,0,1,0,0,1,0,1,0",0.605,0.66,0.61875,0.6206896551724138,0.54,0.5775401069518716,0.605,0.6858954429626465
"1,0,1,0,0,0,0,1,1,1,1,0,1,1,1,1,1,0,0,1,1",0.575,0.75,0.6187499999999999,0.6,0.45,0.5142857142857142,0.575,0.7293460369110107
"0,1,1,1,0,1,0,0,1,1,1,1,1,1,1,1,0,0,1,1,0",0.565,0.78,0.6187499999999999,0.5698924731182796,0.53,0.5492227979274611,0.565,0.6435871124267578
"0,0,0,1,1,1,0,1,0,0,1,0,1,1,1,0,0,1,0,1,1",0.585,0.72,0.6187499999999999,0.5841584158415841,0.59,0.5870646766169154,0.585,0.6869206428527832
"0,1,0,0,0,1,0,0,1,1,1,0,0,1,1,0,1,0,1,1,0",0.575,0.75,0.6187499999999999,0.5641025641025641,0.66,0.6082949308755761,0.575,0.6182465553283691
"1,1,0,0,1,0,1,0,0,1,0,1,1,0,1,0,0,1,0,1,1",0.565,0.78,0.6187499999999999,0.5942028985507246,0.41,0.48520710059171596,0.565,0.6691470146179199
"0,1,1,1,1,1,0,1,1,0,0,1,1,1,1,1,1,0,0,0,1",0.575,0.75,0.6187499999999999,0.5418994413407822,0.97,0.6953405017921147,0.575,0.6562285423278809
"0,1,0,0,0,0,0,1,1,1,0,1,0,1,0,0,0,0,0,0,1",0.565,0.78,0.6187499999999999,0.5643564356435643,0.57,0.5671641791044776,0.565,0.6331186294555664
"1,0,1,0,1,1,1,0,0,0,1,1,1,0,0,0,0,0,0,1,1",0.575,0.75,0.6187499999999999,0.5531914893617021,0.78,0.6473029045643154,0.575,0.6248569488525391
"1,1,1,1,0,1,0,1,0,1,1,1,0,0,1,0,0,0,0,0,1",0.575,0.75,0.6187499999999999,0.5483870967741935,0.85,0.6666666666666666,0.575,0.6711630821228027
"1,1,1,0,1,1,0,0,1,0,0,1,0,1,1,0,0,1,0,1,1",0.57,0.76,0.6175,0.55,0.77,0.6416666666666667,0.5700000000000001,0.6816263198852539
"1,1,1,0,0,1,1,0,1,1,1,1,0,0,1,0,1,0,1,1,1",0.55,0.82,0.6175,0.5581395348837209,0.48,0.5161290322580645,0.55,0.6452577114105225
"1,1,0,0,1,0,0,0,0,0,1,1,0,1,1,0,0,1,1,1,0",0.56,0.79,0.6175,0.6,0.36,0.45,0.56,0.6486504077911377
"1,0,0,0,1,1,1,1,0,0,1,1,1,1,0,0,1,1,0,1,1",0.57,0.76,0.6175,0.559322033898305,0.66,0.6055045871559633,0.5700000000000001,0.6634387969970703
"0,0,0,0,1,1,0,0,1,0,1,0,1,0,0,0,1,1,0,0,0",0.57,0.76,0.6175,0.5729166666666666,0.55,0.5612244897959183,0.5700000000000001,0.6125352382659912
"1,1,0,0,0,1,1,1,0,1,0,0,0,0,1,1,1,1,0,1,1",0.57,0.76,0.6175,0.5833333333333334,0.49,0.532608695652174,0.5700000000000001,0.7176520824432373
"1,1,1,0,0,0,0,1,0,1,0,0,1,0,1,1,1,0,0,0,1",0.57,0.76,0.6175,0.5853658536585366,0.48,0.5274725274725275,0.5700000000000001,0.6617202758789062
"1,1,0,1,0,1,1,0,0,1,1,1,1,0,1,0,1,0,0,0,0",0.58,0.73,0.6174999999999999,0.5634920634920635,0.71,0.6283185840707964,0.58,0.6332237720489502
"1,1,1,0,0,1,1,1,0,0,1,0,1,1,1,0,1,0,1,0,0",0.58,0.73,0.6174999999999999,0.5634920634920635,0.71,0.6283185840707964,0.58,0.7313590049743652
"0,1,1,0,1,1,0,1,0,0,0,1,1,1,1,1,0,0,0,1,0",0.565,0.77,0.6162500000000001,0.5389221556886228,0.9,0.6741573033707865,0.5650000000000001,0.7029249668121338
"1,0,0,1,0,0,0,0,0,1,0,0,1,1,1,1,1,1,1,1,0",0.565,0.77,0.61625,0.6,0.39,0.4727272727272727,0.565,0.7153215408325195
"0,1,1,0,1,1,0,1,0,1,1,1,0,0,0,1,1,1,0,0,0",0.565,0.77,0.61625,0.5802469135802469,0.47,0.5193370165745856,0.565,0.6995298862457275
"1,0,1,1,0,1,1,1,0,1,1,1,1,1,1,1,0,1,1,0,0",0.585,0.71,0.61625,0.5639097744360902,0.75,0.6437768240343348,0.585,0.6757261753082275
"1,1,1,0,1,1,1,1,0,1,1,1,0,1,0,1,1,1,1,1,1",0.565,0.77,0.61625,0.5970149253731343,0.4,0.47904191616766467,0.565,0.6651706695556641
"1,1,0,0,1,0,1,1,0,1,0,0,0,1,1,1,1,0,0,0,1",0.555,0.8,0.61625,0.6410256410256411,0.25,0.3597122302158273,0.5549999999999999,0.6286320686340332
"0,0,0,0,0,1,1,1,0,1,1,1,1,1,0,0,1,0,1,1,1",0.57,0.75,0.615,0.5454545454545454,0.84,0.6614173228346457,0.57,0.7182605266571045
"1,0,0,0,0,1,0,1,1,0,1,0,1,0,1,0,0,1,0,1,0",0.56,0.78,0.615,0.5508474576271186,0.65,0.5963302752293578,0.56,0.6232283115386963
"1,1,1,0,1,1,1,1,0,0,1,1,1,0,0,0,1,1,1,1,0",0.56,0.78,0.615,0.54,0.81,0.648,0.56,0.71317458152771
"0,1,0,1,1,1,1,0,0,0,1,0,1,0,1,1,0,1,0,1,0",0.58,0.72,0.615,0.5727272727272728,0.63,0.6,0.5800000000000001,0.7027709484100342
"1,1,0,0,1,0,0,0,1,0,1,0,0,0,0,0,1,1,0,0,0",0.57,0.75,0.615,0.5648148148148148,0.61,0.5865384615384616,0.5700000000000001,0.6289188861846924
"0,0,0,1,0,1,1,0,0,0,1,1,1,0,1,0,0,0,0,1,1",0.55,0.81,0.615,0.5390625,0.69,0.6052631578947368,0.5499999999999999,0.7036428451538086
"1,0,1,0,0,0,0,0,1,1,1,0,1,0,1,0,0,0,0,0,0",0.57,0.75,0.615,0.5648148148148148,0.61,0.5865384615384616,0.5700000000000001,0.6606369018554688
"0,0,0,0,1,0,1,1,0,1,0,1,0,1,0,0,1,0,1,0,1",0.56,0.78,0.615,0.5625,0.54,0.5510204081632653,0.56,0.6180667877197266
"1,1,0,0,1,0,0,1,0,0,1,1,0,0,1,1,0,0,0,0,1",0.61,0.63,0.615,0.6057692307692307,0.63,0.6176470588235294,0.61,0.6342730522155762
"0,0,0,0,0,0,1,1,1,0,0,1,0,1,1,0,1,0,0,0,1",0.59,0.69,0.615,0.5918367346938775,0.58,0.5858585858585859,0.59,0.604097843170166
"0,0,0,0,1,1,1,0,1,0,1,1,0,1,1,1,1,1,1,1,0",0.565,0.76,0.61375,0.5684210526315789,0.54,0.5538461538461539,0.565,0.6969165802001953
"0,0,1,0,1,1,0,1,0,0,1,0,0,1,1,0,1,0,0,0,0",0.565,0.76,0.61375,0.5764705882352941,0.49,0.5297297297297298,0.565,0.6196944713592529
"1,1,1,1,1,0,1,1,0,0,1,1,0,0,1,0,1,0,0,1,0",0.565,0.76,0.61375,0.5467625899280576,0.76,0.6359832635983264,0.565,0.6750762462615967
"0,0,1,1,1,0,0,0,0,0,0,1,0,1,0,0,1,1,1,0,1",0.565,0.76,0.61375,0.5481481481481482,0.74,0.6297872340425532,0.565,0.6605021953582764
"1,1,0,1,1,1,0,1,1,0,0,1,1,1,1,0,0,1,0,1,0",0.575,0.73,0.61375,0.5675675675675675,0.63,0.5971563981042654,0.575,0.6537814140319824
"1,1,0,1,0,1,0,0,0,0,0,0,1,1,1,0,0,1,0,1,1",0.555,0.79,0.61375,0.5846153846153846,0.38,0.46060606060606063,0.5549999999999999,0.7320675849914551
"1,0,1,0,0,1,0,1,1,0,1,0,0,1,0,1,1,0,0,1,1",0.545,0.82,0.61375,0.576271186440678,0.34,0.4276729559748428,0.545,0.714745283126831
"0,1,1,0,1,0,0,0,0,0,1,1,1,0,1,0,1,0,0,0,0",0.555,0.79,0.61375,0.5495495495495496,0.61,0.5781990521327014,0.5549999999999999,0.7271337509155273
"1,1,1,1,1,1,1,1,1,0,0,0,0,1,0,0,0,1,1,0,1",0.555,0.79,0.61375,0.569620253164557,0.45,0.5027932960893855,0.555,0.6760444641113281
"0,0,1,0,0,0,1,0,0,1,1,0,1,0,0,0,0,1,1,1,0",0.555,0.79,0.61375,0.5384615384615384,0.77,0.6337448559670782,0.555,0.5975799560546875
"1,1,0,1,1,1,0,1,1,0,0,1,1,1,1,0,0,1,1,1,0",0.575,0.73,0.61375,0.5675675675675675,0.63,0.5971563981042654,0.575,0.6678128242492676
"0,1,1,0,1,0,0,1,0,1,1,0,0,1,1,1,0,0,0,0,0",0.555,0.79,0.61375,0.5495495495495496,0.61,0.5781990521327014,0.5549999999999999,0.669506311416626
"0,1,0,1,1,1,1,0,0,0,1,0,1,0,1,0,0,0,0,0,0",0.595,0.67,0.61375,0.564625850340136,0.83,0.6720647773279352,0.595,0.6472122669219971
"0,0,1,0,0,0,1,0,0,1,1,0,1,0,0,0,0,1,0,1,0",0.555,0.79,0.61375,0.5384615384615384,0.77,0.6337448559670782,0.555,0.6263563632965088
"1,0,0,0,1,1,0,0,0,0,0,0,1,0,1,0,0,1,0,1,1",0.565,0.76,0.61375,0.5528455284552846,0.68,0.6098654708520179,0.5650000000000001,0.6107990741729736
"1,0,1,0,1,0,0,1,1,0,1,1,1,0,0,0,1,0,1,0,1",0.565,0.76,0.61375,0.549618320610687,0.72,0.6233766233766234,0.565,0.6411972045898438
"0,0,0,0,0,1,0,1,0,1,1,1,0,0,0,0,1,1,1,0,1",0.55,0.8,0.6125,0.5403225806451613,0.67,0.5982142857142857,0.55,0.6847734451293945
"0,1,0,1,1,0,1,0,0,1,0,1,1,0,0,1,1,1,0,0,0",0.54,0.83,0.6125,0.5666666666666667,0.34,0.425,0.54,0.6432366371154785
"1,1,1,0,1,0,1,0,1,0,1,1,1,0,1,0,1,0,0,1,0",0.56,0.77,0.6125,0.5714285714285714,0.48,0.5217391304347826,0.56,0.641181468963623
"1,0,1,0,1,0,1,1,0,1,1,1,0,0,1,1,1,1,1,0,1",0.57,0.74,0.6125,0.5648148148148148,0.61,0.5865384615384616,0.5700000000000001,0.6838095188140869
"0,0,0,1,1,0,0,1,1,0,1,1,0,1,1,0,1,0,1,0,1",0.55,0.8,0.6125,0.5510204081632653,0.54,0.5454545454545454,0.55,0.7102723121643066
"1,0,0,1,0,1,0,0,1,0,0,0,1,0,1,1,1,1,0,1,1",0.56,0.77,0.6125,0.5612244897959183,0.55,0.5555555555555556,0.56,0.6928143501281738
"1,0,1,1,1,1,0,1,1,1,1,0,0,0,0,0,0,1,0,1,0",0.55,0.8,0.6125,0.55,0.55,0.55,0.55,0.6219112873077393
"0,0,1,0,0,1,1,1,0,1,0,1,0,1,0,1,0,0,1,1,0",0.56,0.77,0.6125,0.5375,0.86,0.6615384615384615,0.56,0.6540343761444092
"1,1,1,1,1,1,0,0,1,1,0,0,0,0,1,1,1,1,0,1,1",0.555,0.78,0.6112500000000001,0.5714285714285714,0.44,0.4971751412429379,0.555,0.6431446075439453
"1,0,1,1,0,0,1,1,1,1,1,1,1,0,1,1,1,0,0,1,0",0.565,0.75,0.6112500000000001,0.5822784810126582,0.46,0.5139664804469274,0.5650000000000001,0.7051255702972412
"0,0,1,0,1,1,1,1,0,0,1,1,1,1,1,0,0,0,1,0,1",0.565,0.75,0.6112500000000001,0.6226415094339622,0.33,0.43137254901960786,0.5650000000000001,0.7039542198181152
"1,1,0,1,1,1,0,0,0,1,0,1,1,0,1,0,0,1,0,0,1",0.565,0.75,0.6112500000000001,0.5537190082644629,0.67,0.6063348416289592,0.5650000000000001,0.6983089447021484
"1,0,1,1,1,1,0,0,1,0,0,0,0,0,0,1,1,1,1,0,1",0.575,0.72,0.61125,0.5490196078431373,0.84,0.6640316205533597,0.575,0.6470611095428467
"1,0,0,0,1,0,0,1,1,0,1,0,1,0,0,1,1,1,0,1,0",0.575,0.72,0.61125,0.5590551181102362,0.71,0.6255506607929515,0.575,0.609269380569458
"1,0,1,1,1,0,1,1,1,1,0,1,0,0,1,0,1,0,0,0,1",0.575,0.72,0.61125,0.6271186440677966,0.37,0.46540880503144655,0.575,0.6611762046813965
"0,0,0,1,1,1,1,1,1,0,0,1,1,0,0,1,1,0,0,1,0",0.575,0.72,0.61125,0.5688073394495413,0.62,0.5933014354066986,0.575,0.6079010963439941
"1,1,0,0,1,0,0,0,0,0,1,0,0,1,1,1,0,1,0,1,0",0.555,0.78,0.61125,0.5604395604395604,0.51,0.5340314136125655,0.5549999999999999,0.6773767471313477
"0,0,1,0,1,1,0,1,0,0,1,0,1,1,1,0,0,1,0,1,0",0.575,0.72,0.61125,0.5503355704697986,0.82,0.6586345381526104,0.575,0.7393651008605957
"0,0,1,0,1,1,0,1,0,0,1,0,1,1,1,0,0,1,1,1,0",0.575,0.72,0.61125,0.5503355704697986,0.82,0.6586345381526104,0.575,0.6923191547393799
"1,0,1,0,0,0,1,0,0,1,1,0,1,0,0,0,0,1,1,1,1",0.575,0.72,0.61125,0.5700934579439252,0.61,0.5893719806763285,0.575,0.6564915180206299
"0,0,1,0,1,1,0,1,0,0,0,1,1,0,0,1,1,0,0,1,0",0.575,0.72,0.61125,0.5539568345323741,0.77,0.6443514644351465,0.575,0.7047398090362549
"1,0,0,0,0,1,1,1,1,1,1,1,0,0,0,1,1,0,1,1,1",0.555,0.78,0.61125,0.5504587155963303,0.6,0.5741626794258373,0.5549999999999999,0.724215030670166
"0,1,0,0,1,0,0,1,1,1,0,1,1,1,1,1,0,1,1,0,0",0.57,0.73,0.6100000000000001,0.609375,0.39,0.47560975609756095,0.5700000000000001,0.6572022438049316
"0,0,1,0,1,1,0,0,1,0,1,1,1,1,1,0,0,0,0,0,1",0.56,0.76,0.6100000000000001,0.5526315789473685,0.63,0.5887850467289719,0.56,0.6985225677490234
"0,1,0,0,0,1,1,1,1,1,0,0,0,1,0,1,0,1,1,1,1",0.56,0.76,0.6100000000000001,0.5428571428571428,0.76,0.6333333333333333,0.56,0.6463158130645752
"1,0,1,0,1,1,0,1,1,1,1,1,1,1,0,0,1,1,0,1,0",0.56,0.76,0.6100000000000001,0.5508474576271186,0.65,0.5963302752293578,0.56,0.6477692127227783
"1,0,0,1,0,1,0,1,1,1,0,1,0,0,1,0,0,0,1,1,1",0.56,0.76,0.6100000000000001,0.5428571428571428,0.76,0.6333333333333333,0.56,0.6554136276245117
"1,0,1,1,1,1,1,1,1,1,1,1,0,0,1,0,1,1,1,1,0",0.58,0.7,0.6099999999999999,0.5465116279069767,0.94,0.6911764705882353,0.58,0.6633257865905762
"1,0,0,0,1,1,0,0,1,1,0,1,1,0,1,1,0,1,0,1,0",0.565,0.74,0.6087500000000001,0.5528455284552846,0.68,0.6098654708520179,0.5650000000000001,0.657219648361206
"1,0,0,0,1,1,0,1,0,1,1,0,1,1,0,1,1,0,1,1,0",0.545,0.8,0.6087499999999999,0.5473684210526316,0.52,0.5333333333333333,0.5449999999999999,0.6936666965484619
"1,1,1,1,0,0,1,1,0,0,1,0,0,1,0,1,1,1,0,1,0",0.565,0.74,0.6087499999999999,0.5783132530120482,0.48,0.5245901639344263,0.565,0.7223200798034668
"0,1,0,1,1,0,1,0,0,1,1,1,1,0,0,1,0,1,0,0,1",0.565,0.74,0.6087499999999999,0.6666666666666666,0.26,0.37410071942446044,0.565,0.6041674613952637
"0,1,1,0,1,1,1,1,1,1,1,0,0,1,1,0,1,0,0,0,1",0.575,0.71,0.6087499999999999,0.5630252100840336,0.67,0.6118721461187214,0.575,0.7400350570678711
"1,0,0,0,0,1,0,0,0,1,1,0,1,1,0,1,0,1,0,1,1",0.555,0.77,0.6087499999999999,0.5433070866141733,0.69,0.6079295154185022,0.5549999999999999,0.6986823081970215
"1,0,1,1,0,1,1,0,1,0,1,0,1,1,1,1,1,1,1,1,1",0.55,0.78,0.6075,0.5862068965517241,0.34,0.43037974683544306,0.55,0.6809141635894775
"0,0,1,0,0,0,0,1,1,1,1,0,1,0,0,0,0,1,1,0,0",0.58,0.69,0.6075,0.5740740740740741,0.62,0.5961538461538461,0.5800000000000001,0.652207612991333
"1,0,1,1,0,0,0,1,0,0,0,0,1,1,0,1,0,1,0,1,1",0.53,0.84,0.6075,0.6,0.18,0.27692307692307694,0.53,0.7224178314208984
"0,0,1,0,0,0,1,0,1,1,0,1,1,1,1,0,1,1,1,1,1",0.55,0.78,0.6075,0.5384615384615384,0.7,0.6086956521739131,0.55,0.6682531833648682
"0,1,0,0,0,1,1,1,0,0,1,1,1,0,1,0,0,1,0,0,1",0.55,0.78,0.6075,0.5416666666666666,0.65,0.5909090909090909,0.55,0.7484679222106934
"1,1,0,1,0,0,1,0,0,1,1,0,0,0,0,0,1,1,1,1,1",0.56,0.75,0.6075,0.5625,0.54,0.5510204081632653,0.56,0.6333661079406738
"0,0,0,1,0,1,1,0,1,0,1,0,0,0,1,1,1,1,0,0,1",0.55,0.78,0.6075,0.5347222222222222,0.77,0.6311475409836066,0.55,0.7567920684814453
"1,1,0,0,0,1,1,0,0,0,0,1,0,1,1,0,1,0,1,0,1",0.53,0.84,0.6075,0.5441176470588235,0.37,0.44047619047619047,0.53,0.6220118999481201
"0,1,1,1,0,0,1,1,1,0,0,1,1,0,0,0,0,1,0,1,0",0.55,0.78,0.6075,0.5357142857142857,0.75,0.625,0.55,0.6417357921600342
"0,0,1,1,0,0,0,1,1,1,0,1,1,1,0,0,0,1,0,1,1",0.56,0.75,0.6075,0.5491803278688525,0.67,0.6036036036036037,0.56,0.7272067070007324
"0,1,1,1,0,0,1,1,1,1,0,1,1,1,1,0,0,1,1,1,0",0.56,0.75,0.6074999999999999,0.5461538461538461,0.71,0.6173913043478261,0.5599999999999999,0.6826961040496826
"1,0,1,1,0,1,1,0,1,1,1,1,0,1,0,0,0,1,1,1,0",0.56,0.75,0.6074999999999999,0.5833333333333334,0.42,0.4883720930232558,0.5599999999999999,0.6411120891571045
"1,0,0,1,0,1,0,0,1,0,0,0,0,1,1,1,0,0,1,1,1",0.595,0.64,0.60625,0.5542857142857143,0.97,0.7054545454545454,0.595,0.700049638748169
"0,0,1,0,1,0,0,0,0,1,1,0,1,0,0,0,0,0,1,1,1",0.555,0.76,0.60625,0.5369127516778524,0.8,0.642570281124498,0.555,0.7306253910064697
"1,0,0,0,1,0,0,0,0,0,0,0,1,1,1,0,1,1,1,0,1",0.535,0.82,0.60625,0.5573770491803278,0.34,0.422360248447205,0.535,0.6437966823577881
"1,0,1,0,1,1,0,1,1,0,1,0,0,0,0,0,0,0,0,1,0",0.565,0.73,0.60625,0.5424836601307189,0.83,0.6561264822134387,0.565,0.5828149318695068
"0,0,0,1,1,0,1,1,1,0,0,1,0,0,1,0,0,0,1,0,1",0.555,0.76,0.60625,0.5555555555555556,0.55,0.5527638190954773,0.555,0.7073922157287598
"0,1,0,1,1,1,0,0,0,0,0,1,0,0,1,0,1,1,0,0,0",0.565,0.73,0.60625,0.5424836601307189,0.83,0.6561264822134387,0.565,0.5900189876556396
"1,0,1,0,1,1,1,0,0,1,1,1,0,0,1,0,0,0,0,0,0",0.565,0.73,0.60625,0.5424836601307189,0.83,0.6561264822134387,0.565,0.6316521167755127
"1,0,0,1,0,0,0,1,0,0,1,1,0,1,0,0,0,0,0,1,0",0.565,0.73,0.60625,0.5970149253731343,0.4,0.47904191616766467,0.565,0.6085500717163086
"0,0,0,0,0,1,0,1,0,0,1,0,1,1,1,1,0,0,1,0,0",0.575,0.7,0.60625,0.5714285714285714,0.6,0.5853658536585366,0.575,0.6133701801300049
"0,0,0,1,1,1,0,1,1,1,0,1,1,0,0,1,1,0,0,1,0",0.535,0.82,0.60625,0.5384615384615384,0.49,0.5130890052356021,0.5349999999999999,0.6640284061431885
"1,0,0,1,0,0,1,0,1,0,1,1,0,0,1,0,1,0,0,0,1",0.54,0.8,0.605,0.5555555555555556,0.4,0.46511627906976744,0.54,0.7000331878662109
"0,1,1,0,0,0,1,0,0,1,0,0,0,1,0,1,1,0,1,1,1",0.55,0.77,0.605,0.5403225806451613,0.67,0.5982142857142857,0.55,0.6608943939208984
"0,0,0,1,1,1,1,0,1,0,0,0,0,0,1,0,1,0,1,0,0",0.55,0.77,0.605,0.5373134328358209,0.72,0.6153846153846154,0.55,0.6637554168701172
"0,0,1,1,0,0,0,1,1,1,1,0,0,0,1,0,0,1,1,0,0",0.55,0.77,0.605,0.5471698113207547,0.58,0.5631067961165048,0.55,0.6798717975616455
"1,0,1,1,1,1,1,0,0,0,0,0,1,0,0,1,1,1,1,1,0",0.57,0.71,0.605,0.55,0.77,0.6416666666666667,0.5700000000000001,0.6688733100891113
"0,1,0,1,0,1,1,0,1,1,0,1,0,0,0,0,0,0,0,0,1",0.55,0.77,0.605,0.5373134328358209,0.72,0.6153846153846154,0.55,0.6333088874816895
"0,1,1,0,0,0,0,1,1,1,1,0,1,0,0,0,0,0,1,0,1",0.57,0.71,0.605,0.5603448275862069,0.65,0.6018518518518519,0.5700000000000001,0.6506006717681885
"1,0,0,0,1,0,0,1,0,0,0,0,0,1,1,1,0,1,0,1,1",0.54,0.8,0.605,0.5740740740740741,0.31,0.4025974025974026,0.54,0.6514496803283691
"0,1,1,1,0,1,0,1,0,0,1,1,0,1,1,1,0,0,0,1,0",0.545,0.78,0.60375,0.5584415584415584,0.43,0.4858757062146893,0.545,0.6058430671691895
"1,1,0,1,0,0,1,0,0,1,1,1,0,1,1,1,1,1,0,1,0",0.535,0.81,0.60375,0.5353535353535354,0.53,0.5326633165829145,0.535,0.6863808631896973
"1,1,0,0,0,0,0,0,1,0,0,0,1,0,1,1,1,1,1,0,1",0.555,0.75,0.60375,0.5567010309278351,0.54,0.5482233502538071,0.5549999999999999,0.7131612300872803
"1,0,1,1,0,0,1,1,1,0,0,0,0,0,0,1,0,0,0,1,1",0.535,0.81,0.60375,0.559322033898305,0.33,0.41509433962264153,0.535,0.6774389743804932
"0,0,1,0,1,0,1,0,0,0,1,0,0,0,0,0,0,1,0,1,1",0.545,0.78,0.60375,0.5384615384615384,0.63,0.5806451612903226,0.545,0.6686005592346191
"1,1,0,1,0,1,0,1,1,1,0,0,1,1,1,0,0,1,1,1,0",0.565,0.72,0.60375,0.589041095890411,0.43,0.4971098265895953,0.565,0.6373517513275146
"1,1,0,1,0,0,1,0,0,1,1,1,0,1,1,1,1,1,1,1,0",0.535,0.81,0.60375,0.5353535353535354,0.53,0.5326633165829145,0.535,0.6363518238067627
"1,0,0,0,1,1,0,1,1,0,1,0,1,0,1,1,0,1,1,1,0",0.53,0.82,0.6025,0.5319148936170213,0.5,0.5154639175257731,0.53,0.6730654239654541
"0,0,1,1,1,1,1,0,0,0,1,0,1,1,1,0,1,0,0,1,1",0.56,0.73,0.6025,0.5612244897959183,0.55,0.5555555555555556,0.56,0.6749513149261475
"0,1,1,1,1,0,0,0,1,0,0,0,0,0,0,0,1,1,1,0,1",0.55,0.76,0.6025,0.5390625,0.69,0.6052631578947368,0.5499999999999999,0.6667947769165039
"0,0,1,1,1,0,1,0,0,0,0,1,1,1,1,0,1,1,1,1,1",0.55,0.76,0.6025,0.5416666666666666,0.65,0.5909090909090909,0.55,0.7535779476165771
"0,0,1,1,1,0,1,0,0,1,0,0,1,1,1,0,0,1,1,0,1",0.55,0.76,0.6025,0.532051282051282,0.83,0.6484375,0.55,0.6636898517608643
"0,0,1,0,1,1,0,0,1,1,1,0,0,0,0,0,0,0,1,0,1",0.58,0.67,0.6025,0.55,0.88,0.676923076923077,0.5800000000000001,0.6919622421264648
"0,0,0,1,0,0,0,1,1,1,1,0,0,0,1,0,1,0,1,0,1",0.54,0.79,0.6025,0.53125,0.68,0.5964912280701754,0.54,0.6510679721832275
"1,1,1,1,1,1,0,0,0,1,0,0,0,0,1,1,1,0,0,0,1",0.56,0.73,0.6024999999999999,0.625,0.3,0.40540540540540543,0.5599999999999999,0.6881020069122314
"0,0,1,1,0,1,1,0,1,1,0,1,0,0,0,1,1,1,1,1,0",0.555,0.74,0.6012500000000001,0.5555555555555556,0.55,0.5527638190954773,0.555,0.6947848796844482
"0,1,1,1,0,1,0,0,0,0,1,1,1,0,1,1,0,0,0,1,1",0.555,0.74,0.6012500000000001,0.5714285714285714,0.44,0.4971751412429379,0.555,0.6191811561584473
"0,0,0,1,0,1,0,0,1,0,1,1,1,1,0,0,1,0,0,1,1",0.555,0.74,0.6012500000000001,0.5462184873949579,0.65,0.593607305936073,0.555,0.7032525539398193
"1,0,1,1,1,0,1,1,1,0,0,1,1,1,1,0,1,1,0,0,1",0.565,0.71,0.6012500000000001,0.7096774193548387,0.22,0.33587786259541985,0.5650000000000001,0.6550228595733643
"0,0,1,1,1,1,1,1,1,0,0,0,1,1,0,1,1,1,0,1,1",0.525,0.83,0.6012500000000001,0.5233644859813084,0.56,0.5410628019323671,0.525,0.6654214859008789
"1,0,0,1,1,0,1,1,1,0,0,0,1,0,1,0,1,1,1,0,0",0.565,0.71,0.60125,0.6666666666666666,0.26,0.37410071942446044,0.565,0.61844801902771
"0,1,1,1,0,0,0,1,1,1,1,0,0,0,1,0,1,1,0,1,0",0.555,0.74,0.60125,0.5337423312883436,0.87,0.6615969581749049,0.5549999999999999,0.6366937160491943
"0,1,0,0,0,0,1,1,0,1,0,1,0,1,1,1,1,0,0,1,0",0.54,0.78,0.6000000000000001,0.5266666666666666,0.79,0.632,0.54,0.6800284385681152
"1,0,0,1,0,1,0,0,1,0,0,0,0,1,1,1,1,1,1,1,0",0.55,0.75,0.6000000000000001,0.5675675675675675,0.42,0.4827586206896552,0.55,0.6726069450378418
"1,1,0,0,0,1,1,1,0,0,0,0,0,0,1,1,0,1,0,1,1",0.54,0.78,0.6000000000000001,0.5392156862745098,0.55,0.5445544554455446,0.54,0.7063694000244141
"1,0,0,0,0,1,1,0,1,0,0,0,0,0,1,1,1,0,1,0,1",0.54,0.78,0.6000000000000001,0.5273972602739726,0.77,0.6260162601626016,0.54,0.7009940147399902
"1,1,1,1,1,0,1,1,1,0,1,1,1,0,0,1,1,1,1,0,1",0.55,0.75,0.6000000000000001,0.6470588235294118,0.22,0.3283582089552239,0.55,0.702376127243042
"0,0,0,1,1,1,1,0,0,0,1,0,0,1,1,0,1,0,1,0,0",0.57,0.69,0.6000000000000001,0.574468085106383,0.54,0.5567010309278351,0.5700000000000001,0.6333377361297607
"0,0,1,0,1,1,1,0,1,0,1,0,1,0,1,1,1,0,0,0,0",0.57,0.69,0.6000000000000001,0.574468085106383,0.54,0.5567010309278351,0.5700000000000001,0.6637406349182129
"0,0,0,1,1,1,0,1,0,0,1,0,1,0,0,0,0,1,1,0,0",0.57,0.69,0.6000000000000001,0.574468085106383,0.54,0.5567010309278351,0.5700000000000001,0.6185042858123779
"1,1,1,1,1,1,1,0,1,1,0,0,1,1,0,0,1,0,1,0,0",0.57,0.69,0.6000000000000001,0.5833333333333334,0.49,0.532608695652174,0.5700000000000001,0.5761828422546387
"0,0,1,0,0,1,1,1,0,0,1,1,0,1,0,1,1,0,0,0,0",0.55,0.75,0.6000000000000001,0.5446428571428571,0.61,0.5754716981132075,0.55,0.6424055099487305
"0,1,1,0,1,1,0,0,1,1,0,1,1,0,1,0,0,0,0,1,1",0.53,0.81,0.6000000000000001,0.5319148936170213,0.5,0.5154639175257731,0.53,0.7165098190307617
"0,0,0,1,0,1,1,0,0,0,1,0,0,0,0,1,1,0,1,0,1",0.54,0.78,0.6000000000000001,0.5444444444444444,0.49,0.5157894736842106,0.54,0.7082765102386475
"1,1,1,0,0,0,0,0,0,0,1,0,1,1,0,0,0,1,1,0,0",0.55,0.75,0.6000000000000001,0.5462962962962963,0.59,0.5673076923076923,0.55,0.6015002727508545
"1,1,1,0,0,0,1,0,1,1,0,1,0,0,1,0,0,1,1,0,1",0.55,0.75,0.6000000000000001,0.6,0.3,0.4,0.55,0.7311787605285645
"0,1,0,0,0,1,0,1,1,1,1,0,0,1,0,0,1,0,0,0,0",0.55,0.75,0.6000000000000001,0.5446428571428571,0.61,0.5754716981132075,0.55,0.6466543674468994
"0,1,1,1,0,0,1,0,0,1,1,0,1,0,0,0,0,0,1,0,0",0.58,0.66,0.6,0.5597014925373134,0.75,0.6410256410256411,0.58,0.6044919490814209
"0,0,1,1,1,0,1,0,1,0,1,0,1,0,0,1,1,0,1,0,0",0.58,0.66,0.6,0.5597014925373134,0.75,0.6410256410256411,0.58,0.6378426551818848
"0,0,0,1,1,0,0,0,0,1,0,1,1,0,1,0,1,0,1,0,0",0.58,0.66,0.6,0.5597014925373134,0.75,0.6410256410256411,0.58,0.5743694305419922
"0,1,0,1,1,0,0,1,0,1,1,0,1,0,0,0,0,0,1,0,0",0.58,0.66,0.6,0.5597014925373134,0.75,0.6410256410256411,0.58,0.5816912651062012
"0,1,0,1,0,0,1,1,0,1,1,1,0,0,0,1,0,1,0,1,1",0.545,0.76,0.5987500000000001,0.5272727272727272,0.87,0.6566037735849056,0.545,0.641049861907959
"1,1,1,0,1,1,1,0,0,1,1,1,0,1,0,1,0,1,1,0,1",0.565,0.7,0.5987500000000001,0.54421768707483,0.8,0.6477732793522267,0.5650000000000001,0.6687722206115723
"1,1,1,0,1,0,0,0,0,1,1,1,0,1,1,0,0,0,1,1,1",0.555,0.73,0.59875,0.5454545454545454,0.66,0.5972850678733032,0.555,0.6251170635223389
"1,0,1,0,1,0,0,0,0,0,0,1,0,1,0,1,1,1,1,1,0",0.535,0.79,0.59875,0.5454545454545454,0.42,0.4745762711864407,0.535,0.6782517433166504
"0,0,0,1,0,0,1,1,1,0,1,0,1,0,0,0,0,1,1,0,1",0.555,0.73,0.59875,0.5364238410596026,0.81,0.6454183266932271,0.555,0.6576862335205078
"0,1,0,1,0,1,0,1,1,1,0,1,0,1,0,0,1,0,1,0,1",0.535,0.79,0.59875,0.5244755244755245,0.75,0.6172839506172839,0.535,0.7071449756622314
"0,1,0,1,1,1,1,0,1,1,1,1,1,0,0,0,0,0,0,0,0",0.565,0.7,0.5987499999999999,0.5575221238938053,0.63,0.5915492957746479,0.565,0.5725631713867188
"0,1,0,1,0,1,1,1,0,0,1,0,0,0,0,0,1,0,0,1,1",0.565,0.7,0.5987499999999999,0.5467625899280576,0.76,0.6359832635983264,0.565,0.6303672790527344
"1,1,1,1,0,1,1,1,1,0,1,1,1,0,1,0,1,1,1,1,1",0.555,0.73,0.5987499999999999,0.5310734463276836,0.94,0.6787003610108303,0.5549999999999999,0.7370555400848389
"1,1,1,0,0,0,1,0,1,0,1,0,0,0,0,0,0,1,0,1,0",0.555,0.73,0.5987499999999999,0.5504587155963303,0.6,0.5741626794258373,0.5549999999999999,0.6296625137329102
"0,0,0,0,1,1,0,1,1,1,0,0,1,0,0,1,0,0,0,1,0",0.53,0.8,0.5975,0.5227272727272727,0.69,0.5948275862068966,0.53,0.7089686393737793
"0,0,0,1,0,0,0,0,0,1,1,0,1,0,0,1,0,1,0,1,1",0.54,0.77,0.5975,0.5229885057471264,0.91,0.6642335766423357,0.54,0.7286379337310791
"0,1,0,1,1,0,0,0,0,0,1,1,1,0,0,0,0,0,0,1,0",0.52,0.83,0.5975,0.5263157894736842,0.4,0.45454545454545453,0.52,0.621227502822876
"1,0,0,1,0,0,1,0,1,1,1,0,1,0,1,0,1,0,1,1,1",0.55,0.74,0.5975,0.5403225806451613,0.67,0.5982142857142857,0.55,0.7179508209228516
"1,0,1,1,0,0,0,1,0,0,0,0,0,0,1,0,1,1,1,0,0",0.52,0.83,0.5975,0.5263157894736842,0.4,0.45454545454545453,0.52,0.6890358924865723
"0,0,0,1,1,1,0,1,1,1,1,0,0,0,1,0,1,1,1,0,1",0.56,0.71,0.5975,0.5789473684210527,0.44,0.5,0.56,0.7215781211853027
"0,1,1,0,1,1,0,1,1,1,1,0,1,0,0,0,1,1,1,0,0",0.56,0.71,0.5975,0.6153846153846154,0.32,0.42105263157894735,0.56,0.6428160667419434
"0,0,1,0,1,1,0,0,0,1,0,1,1,0,0,0,1,0,1,0,1",0.53,0.8,0.5975,0.5192307692307693,0.81,0.6328125,0.53,0.6690142154693604
"0,1,0,0,0,0,1,1,0,0,1,0,1,0,1,0,0,0,1,1,0",0.54,0.77,0.5975,0.5350877192982456,0.61,0.5700934579439252,0.54,0.6077253818511963
"1,0,1,1,1,0,0,1,1,1,0,1,0,1,0,1,1,0,1,1,0",0.54,0.77,0.5975,0.5740740740740741,0.31,0.4025974025974026,0.54,0.7316534519195557
"1,0,1,1,1,0,0,0,0,1,0,1,0,0,1,0,1,1,1,0,0",0.55,0.74,0.5975,0.5287356321839081,0.92,0.6715328467153284,0.55,0.6256732940673828
"0,0,0,1,1,0,1,0,0,0,1,0,1,0,1,1,0,1,1,0,1",0.52,0.83,0.5975,0.5192307692307693,0.54,0.5294117647058824,0.52,0.668952465057373
"1,0,0,0,1,1,0,0,0,0,1,0,1,1,0,1,0,1,0,1,0",0.54,0.77,0.5975,0.5384615384615384,0.56,0.5490196078431373,0.54,0.6797354221343994
"1,1,0,0,0,0,0,1,1,1,1,1,0,1,1,1,0,1,1,1,0",0.54,0.77,0.5975,0.625,0.2,0.30303030303030304,0.54,0.5982420444488525
"1,1,0,0,0,1,0,0,1,0,0,0,1,0,1,1,0,1,1,1,1",0.525,0.81,0.5962500000000001,0.5490196078431373,0.28,0.3708609271523179,0.525,0.6506431102752686
"0,0,0,1,0,0,0,0,1,1,0,0,1,0,1,1,1,1,1,0,0",0.525,0.81,0.5962500000000001,0.5531914893617021,0.26,0.35374149659863946,0.525,0.6318647861480713
"0,0,1,0,0,0,0,0,1,0,0,1,1,1,0,1,0,1,0,1,0",0.545,0.75,0.59625,0.5323741007194245,0.74,0.6192468619246861,0.5449999999999999,0.6390964984893799
"1,1,0,0,0,0,0,0,0,1,0,1,1,0,0,0,1,1,0,0,1",0.565,0.69,0.59625,0.5474452554744526,0.75,0.6329113924050633,0.565,0.7165372371673584
"1,0,0,0,0,1,1,0,0,1,0,1,0,1,0,0,0,1,1,0,0",0.545,0.75,0.59625,0.5692307692307692,0.37,0.4484848484848485,0.5449999999999999,0.5952558517456055
"0,0,0,1,1,0,0,1,0,1,0,0,1,0,0,1,0,0,0,0,1",0.565,0.69,0.59625,0.5942028985507246,0.41,0.48520710059171596,0.565,0.6896617412567139
"0,1,0,1,0,0,1,1,1,0,1,0,0,1,1,1,1,1,1,1,1",0.535,0.78,0.59625,0.5327102803738317,0.57,0.5507246376811594,0.5349999999999999,0.686556339263916
"0,1,0,1,1,0,0,0,0,0,1,1,0,0,0,0,0,0,0,1,0",0.545,0.75,0.59625,0.5428571428571428,0.57,0.5560975609756098,0.5449999999999999,0.6236622333526611
"0,1,1,1,0,0,0,0,1,0,1,0,0,1,0,1,1,1,0,0,0",0.545,0.75,0.59625,0.5428571428571428,0.57,0.5560975609756098,0.5449999999999999,0.6346769332885742
"0,0,1,1,1,1,0,1,1,0,0,1,0,0,1,1,0,1,1,0,1",0.535,0.78,0.59625,0.5315315315315315,0.59,0.5592417061611374,0.5349999999999999,0.6388273239135742
"1,1,1,1,0,0,1,1,1,0,0,0,1,1,1,1,0,0,1,1,0",0.54,0.76,0.595,0.6111111111111112,0.22,0.3235294117647059,0.54,0.6821272373199463
"0,1,1,1,0,0,0,0,0,0,0,1,0,1,1,0,0,0,1,1,0",0.56,0.7,0.595,0.5612244897959183,0.55,0.5555555555555556,0.56,0.6120626926422119
"1,1,0,1,0,0,0,0,0,1,1,0,0,1,0,0,1,0,0,1,0",0.56,0.7,0.595,0.5612244897959183,0.55,0.5555555555555556,0.56,0.6090707778930664
"0,1,1,0,1,0,0,0,0,1,1,0,1,0,1,1,0,0,1,1,1",0.54,0.76,0.595,0.5645161290322581,0.35,0.43209876543209874,0.54,0.6979663372039795
"0,1,1,0,1,1,0,1,0,1,0,1,1,0,1,1,1,0,0,1,1",0.54,0.76,0.595,0.5273972602739726,0.77,0.6260162601626016,0.54,0.6705873012542725
"1,1,0,1,1,1,1,1,0,0,0,0,0,0,0,0,0,0,1,1,1",0.55,0.73,0.595,0.5471698113207547,0.58,0.5631067961165048,0.55,0.6524510383605957
"1,1,0,1,1,0,0,0,0,0,0,1,0,1,1,0,0,0,0,1,0",0.53,0.79,0.595,0.5333333333333333,0.48,0.5052631578947369,0.53,0.6605610847473145
"0,0,1,0,1,1,0,1,0,0,1,0,1,0,1,0,0,0,0,1,0",0.55,0.73,0.595,0.5833333333333334,0.35,0.4375,0.55,0.6103143692016602
"1,0,1,1,1,1,1,0,0,0,0,0,1,1,1,0,0,1,1,0,0",0.54,0.76,0.595,0.53125,0.68,0.5964912280701754,0.54,0.6543619632720947
"1,0,0,1,0,0,1,1,0,1,1,0,1,1,0,1,0,0,0,1,1",0.55,0.73,0.595,0.5694444444444444,0.41,0.47674418604651164,0.5499999999999999,0.6235671043395996
"0,0,1,0,0,0,0,1,0,0,0,0,1,1,1,0,0,1,0,1,0",0.56,0.7,0.595,0.5348837209302325,0.92,0.6764705882352942,0.56,0.6247501373291016
"0,1,0,1,1,0,0,1,0,1,0,0,0,1,1,0,1,1,0,0,1",0.555,0.71,0.59375,0.6341463414634146,0.26,0.36879432624113473,0.5549999999999999,0.6336483955383301
"0,0,1,0,0,1,1,0,0,1,0,0,1,0,0,1,1,0,0,1,1",0.515,0.83,0.59375,0.5405405405405406,0.2,0.291970802919708,0.515,0.7069060802459717
"1,0,0,1,0,1,1,1,1,0,1,1,0,0,1,0,1,0,0,0,1",0.535,0.77,0.59375,0.5376344086021505,0.5,0.5181347150259067,0.5349999999999999,0.7044579982757568
"0,1,1,0,0,1,1,1,0,0,0,0,0,0,1,0,0,0,1,1,1",0.545,0.74,0.59375,0.6285714285714286,0.22,0.32592592592592595,0.545,0.7116973400115967
"0,1,0,1,0,0,1,0,0,0,1,1,1,0,0,0,1,0,1,0,1",0.525,0.8,0.59375,0.5308641975308642,0.43,0.47513812154696133,0.525,0.6686174869537354
"0,1,0,1,1,1,0,0,1,1,1,0,0,1,0,0,0,0,0,0,1",0.555,0.71,0.59375,0.5647058823529412,0.48,0.518918918918919,0.5549999999999999,0.662264347076416
"0,0,0,1,1,1,0,0,0,1,1,0,1,0,0,1,0,1,0,1,1",0.525,0.8,0.59375,0.5274725274725275,0.48,0.5026178010471204,0.5249999999999999,0.7163207530975342
"0,1,1,1,0,1,0,0,0,0,1,1,1,1,0,1,1,1,1,1,0",0.565,0.68,0.59375,0.5747126436781609,0.5,0.5347593582887701,0.565,0.6491491794586182
"1,0,1,1,0,0,0,1,1,0,0,1,1,0,1,1,0,1,1,0,1",0.525,0.8,0.59375,0.5384615384615384,0.35,0.42424242424242425,0.5249999999999999,0.6797835826873779
"1,0,0,1,1,0,1,0,0,0,0,1,1,0,1,0,1,1,0,0,1",0.53,0.78,0.5925,0.55,0.33,0.4125,0.53,0.6525719165802002
"0,0,0,1,0,0,1,0,0,0,1,0,0,1,1,0,1,0,0,0,0",0.55,0.72,0.5925,0.5301204819277109,0.88,0.6616541353383458,0.55,0.5895037651062012
"1,1,1,0,0,0,1,1,0,0,1,0,1,0,0,1,0,0,1,0,0",0.57,0.66,0.5925,0.5614035087719298,0.64,0.5981308411214953,0.5700000000000001,0.6387045383453369
"0,0,0,0,0,1,1,1,0,0,1,0,1,1,0,1,0,0,0,1,1",0.54,0.75,0.5925,0.5303030303030303,0.7,0.603448275862069,0.54,0.6288290023803711
"0,1,0,0,0,1,1,1,1,0,0,0,1,0,0,1,1,0,1,0,1",0.54,0.75,0.5925,0.5384615384615384,0.56,0.5490196078431373,0.54,0.6645503044128418
"0,0,0,0,1,0,0,1,0,1,1,0,0,0,0,1,0,1,1,0,0",0.55,0.72,0.5925,0.5301204819277109,0.88,0.6616541353383458,0.55,0.6642217636108398
"1,0,0,1,0,1,1,0,0,0,0,1,0,1,1,0,0,1,0,1,1",0.52,0.81,0.5925,0.5212765957446809,0.49,0.5051546391752577,0.52,0.680030107498169
"1,1,1,0,0,1,1,0,0,0,0,1,1,1,1,0,1,1,0,1,1",0.51,0.84,0.5925,0.525,0.21,0.3,0.51,0.611262321472168
"1,1,0,0,1,0,1,1,1,0,0,1,0,0,0,0,1,0,1,1,0",0.54,0.75,0.5925,0.5909090909090909,0.26,0.3611111111111111,0.54,0.6581907272338867
"1,1,0,0,1,0,1,1,0,1,0,0,0,0,0,1,0,0,0,1,1",0.535,0.76,0.59125,0.5432098765432098,0.44,0.4861878453038674,0.535,0.6995031833648682
"1,0,0,1,0,0,1,1,1,1,0,1,0,1,0,0,0,1,0,0,0",0.535,0.76,0.59125,0.6060606060606061,0.2,0.3007518796992481,0.535,0.6451795101165771
"0,0,0,0,0,0,1,1,1,0,1,1,1,1,1,0,0,1,0,1,1",0.525,0.79,0.59125,0.5471698113207547,0.29,0.3790849673202614,0.525,0.674515962600708
"1,0,0,0,1,1,1,0,0,0,1,0,0,1,0,0,0,1,0,0,1",0.505,0.85,0.59125,0.509090909090909,0.28,0.36129032258064514,0.505,0.6651055812835693
"1,0,0,0,0,1,1,1,1,0,1,1,0,1,1,1,0,1,1,1,1",0.535,0.76,0.59125,0.5360824742268041,0.52,0.5279187817258884,0.535,0.6432778835296631
"0,1,0,0,1,1,1,0,1,0,0,0,1,0,0,0,1,0,1,0,1",0.525,0.79,0.59125,0.5308641975308642,0.43,0.4751381215469613,0.525,0.7023093700408936
"0,1,1,1,0,1,1,1,0,1,1,0,1,1,0,1,1,1,1,0,1",0.535,0.76,0.59125,0.547945205479452,0.4,0.4624277456647399,0.535,0.7115530967712402
"0,0,0,0,0,0,0,1,0,1,0,1,1,1,0,0,0,0,1,1,1",0.525,0.79,0.59125,0.5409836065573771,0.33,0.40993788819875776,0.525,0.6370639801025391
"0,1,1,0,1,0,0,0,1,1,1,0,1,1,0,0,0,0,0,1,0",0.555,0.7,0.5912499999999999,0.5426356589147286,0.7,0.611353711790393,0.5549999999999999,0.6212701797485352
"0,0,1,1,1,0,0,1,0,0,0,0,0,0,1,0,1,1,0,1,0",0.52,0.8,0.5900000000000001,0.5140845070422535,0.73,0.6033057851239669,0.52,0.6783380508422852
"0,1,0,1,1,0,0,1,1,1,1,0,1,0,1,0,0,0,0,1,0",0.54,0.74,0.5900000000000001,0.5357142857142857,0.6,0.5660377358490566,0.54,0.6560356616973877
"0,1,0,1,0,0,1,1,1,0,1,0,1,1,1,0,0,1,0,1,0",0.52,0.8,0.5900000000000001,0.5232558139534884,0.45,0.4838709677419355,0.52,0.661489725112915
"1,0,0,0,1,1,1,0,0,1,1,1,0,1,0,0,1,0,0,1,1",0.51,0.83,0.59,0.515625,0.33,0.4024390243902439,0.51,0.7035865783691406
"0,1,0,1,0,0,0,1,1,0,0,0,0,0,0,1,0,1,0,0,1",0.525,0.78,0.5887500000000001,0.5221238938053098,0.59,0.5539906103286385,0.525,0.6254587173461914
"0,0,0,0,0,1,0,0,1,1,1,1,1,0,1,1,1,1,0,1,1",0.525,0.78,0.5887500000000001,0.5454545454545454,0.3,0.3870967741935484,0.525,0.7444007396697998
"1,1,0,0,0,0,0,0,0,0,0,0,1,1,1,0,0,1,0,1,1",0.535,0.75,0.58875,0.559322033898305,0.33,0.41509433962264153,0.535,0.6603682041168213
"0,1,1,1,1,0,0,1,0,0,0,0,1,1,0,0,0,1,1,1,0",0.515,0.81,0.58875,0.5428571428571428,0.19,0.2814814814814815,0.515,0.6912617683410645
"1,0,0,0,0,0,0,0,0,0,0,1,1,1,0,0,1,0,1,1,0",0.565,0.66,0.58875,0.543046357615894,0.82,0.6533864541832669,0.565,0.6272482872009277
"1,1,1,0,1,0,1,0,1,1,0,1,1,0,1,0,0,0,1,0,0",0.535,0.75,0.58875,0.6060606060606061,0.2,0.3007518796992481,0.535,0.620466947555542
"0,1,0,0,0,0,0,1,1,0,0,1,0,0,1,0,0,1,0,1,0",0.535,0.75,0.58875,0.5294117647058824,0.63,0.5753424657534246,0.535,0.5923340320587158
"1,0,1,1,1,0,1,0,1,0,0,1,0,1,0,1,1,1,0,1,0",0.515,0.81,0.58875,0.5517241379310345,0.16,0.24806201550387597,0.515,0.6791403293609619
"1,0,0,0,1,0,1,1,1,1,0,0,1,0,0,1,0,0,0,0,1",0.535,0.75,0.58875,0.6060606060606061,0.2,0.3007518796992481,0.535,0.6841006278991699
"0,0,0,0,1,1,1,0,1,0,1,0,0,0,0,0,0,1,1,1,0",0.535,0.75,0.5887499999999999,0.5384615384615384,0.49,0.5130890052356021,0.5349999999999999,0.7062382698059082
"1,0,1,1,1,0,0,0,1,1,1,0,0,0,0,0,0,1,1,0,1",0.56,0.67,0.5875,0.536144578313253,0.89,0.6691729323308271,0.56,0.6289262771606445
"0,0,0,1,1,1,1,1,1,1,0,0,0,1,1,0,1,1,1,0,1",0.54,0.73,0.5875,0.5689655172413793,0.33,0.4177215189873418,0.54,0.79669189453125
"0,1,1,0,0,0,1,1,1,0,1,1,0,0,1,0,0,1,0,1,1",0.51,0.82,0.5875,0.5178571428571429,0.29,0.3717948717948718,0.51,0.6342799663543701
"0,1,0,0,0,0,1,0,1,1,0,1,0,1,0,0,0,1,1,1,1",0.53,0.76,0.5875,0.5555555555555556,0.3,0.38961038961038963,0.53,0.6926755905151367
"0,1,0,1,1,0,0,0,0,1,0,1,1,1,0,0,1,1,1,0,1",0.54,0.73,0.5875,0.5869565217391305,0.27,0.3698630136986301,0.54,0.7086889743804932
"1,1,0,0,1,1,1,0,0,1,0,1,1,1,0,1,0,1,0,0,1",0.53,0.76,0.5875,0.5833333333333334,0.21,0.3088235294117647,0.53,0.723421573638916
"0,0,0,1,1,1,0,1,1,1,1,0,0,0,1,1,1,1,0,1,0",0.53,0.76,0.5875,0.5283018867924528,0.56,0.5436893203883495,0.53,0.6730821132659912
"0,1,0,0,0,1,0,0,0,0,1,1,0,0,1,0,1,1,1,1,1",0.52,0.79,0.5875,0.55,0.22,0.3142857142857143,0.52,0.6429815292358398
"0,0,1,1,1,0,0,0,0,0,0,1,0,0,0,1,1,1,1,0,0",0.545,0.71,0.58625,0.5378151260504201,0.64,0.5844748858447488,0.545,0.6086685657501221
"0,1,0,0,1,1,0,1,0,1,0,0,1,1,1,0,1,0,0,1,0",0.525,0.77,0.58625,0.52,0.65,0.5777777777777777,0.525,0.5997812747955322
"0,0,1,0,1,1,1,1,0,1,1,0,0,1,0,0,0,0,1,0,1",0.525,0.77,0.58625,0.5157232704402516,0.82,0.6332046332046332,0.525,0.6244456768035889
"1,0,1,1,1,1,1,1,0,0,1,0,1,1,1,0,0,1,0,1,0",0.535,0.74,0.5862499999999999,0.5263157894736842,0.7,0.6008583690987125,0.5349999999999999,0.6339960098266602
"0,0,1,1,1,1,0,1,0,0,0,0,0,1,0,1,0,1,0,0,1",0.515,0.8,0.5862499999999999,0.5189873417721519,0.41,0.4581005586592179,0.515,0.7035770416259766
"0,1,0,1,0,1,1,0,0,1,0,1,0,0,0,1,1,0,1,1,0",0.515,0.8,0.5862499999999999,0.52,0.39,0.44571428571428573,0.515,0.6916122436523438
"1,1,0,1,0,0,0,1,1,1,0,1,1,0,0,0,0,0,1,0,1",0.515,0.8,0.5862499999999999,0.5789473684210527,0.11,0.18487394957983194,0.515,0.7258989810943604
"0,1,1,1,1,0,0,1,0,0,1,1,1,0,1,0,1,1,0,0,0",0.545,0.71,0.5862499999999999,0.5398230088495575,0.61,0.5727699530516432,0.5449999999999999,0.6416866779327393
"0,0,0,1,0,1,1,1,0,0,0,0,0,1,0,0,1,0,1,1,0",0.545,0.71,0.5862499999999999,0.5483870967741935,0.51,0.5284974093264249,0.5449999999999999,0.6087150573730469
"0,1,0,0,0,1,0,1,1,0,0,1,1,1,0,0,0,0,0,0,1",0.55,0.69,0.585,0.5403225806451613,0.67,0.5982142857142857,0.55,0.6243431568145752
"1,1,0,0,1,1,0,1,0,1,0,0,1,0,0,1,0,1,0,1,1",0.52,0.78,0.585,0.5208333333333334,0.5,0.5102040816326531,0.52,0.6566085815429688
"0,0,0,0,0,0,0,0,1,0,1,0,1,1,1,0,0,0,0,1,1",0.53,0.75,0.585,0.5375,0.43,0.4777777777777778,0.53,0.6073799133300781
"0,1,0,1,0,0,0,0,1,0,1,1,0,1,0,1,0,0,0,1,1",0.52,0.78,0.585,0.5185185185185185,0.56,0.5384615384615384,0.52,0.6888880729675293
"1,1,1,1,0,0,1,0,0,0,1,0,1,0,0,0,0,0,1,1,0",0.55,0.69,0.585,0.543859649122807,0.62,0.5794392523364486,0.55,0.6385529041290283
"1,0,0,1,0,1,0,0,0,1,1,0,1,0,1,1,1,0,0,1,1",0.51,0.81,0.585,0.5208333333333334,0.25,0.33783783783783783,0.51,0.6731953620910645
"1,0,1,0,1,0,0,1,0,1,0,1,1,0,1,1,0,1,0,0,0",0.535,0.73,0.58375,0.5259259259259259,0.71,0.6042553191489362,0.5349999999999999,0.6307671070098877
"0,1,0,1,0,1,1,1,0,1,0,1,0,0,1,0,1,0,1,1,1",0.535,0.73,0.58375,0.5321100917431193,0.58,0.5550239234449761,0.5349999999999999,0.7063586711883545
"1,0,0,0,0,1,0,1,1,1,0,0,1,1,1,0,1,1,0,0,0",0.535,0.73,0.58375,0.5209580838323353,0.87,0.651685393258427,0.535,0.6931400299072266
"1,1,0,1,1,1,0,1,1,1,1,0,1,0,0,1,0,1,0,0,0",0.535,0.73,0.58375,0.5217391304347826,0.84,0.6436781609195402,0.535,0.6824939250946045
"0,0,1,0,0,0,1,0,1,1,0,0,0,1,1,1,0,1,0,0,0",0.555,0.67,0.58375,0.5310734463276836,0.94,0.6787003610108303,0.5549999999999999,0.6512036323547363
"1,0,0,1,1,0,1,1,0,1,1,0,1,0,0,0,1,1,1,1,1",0.525,0.76,0.58375,0.6666666666666666,0.1,0.17391304347826086,0.525,0.6749594211578369
"1,0,1,1,1,0,0,1,0,1,0,0,0,0,1,1,0,1,0,0,0",0.535,0.73,0.58375,0.524822695035461,0.74,0.6141078838174274,0.535,0.6617381572723389
"1,0,1,1,1,1,1,0,0,1,0,1,1,1,1,0,1,1,0,0,1",0.545,0.7,0.58375,0.5283018867924528,0.84,0.6486486486486487,0.5449999999999999,0.7008163928985596
"0,0,1,0,1,1,1,1,0,0,1,0,0,1,0,0,0,0,1,1,1",0.53,0.74,0.5825,0.5405405405405406,0.4,0.45977011494252873,0.53,0.7462871074676514
"1,0,1,1,1,0,0,1,0,0,0,0,1,0,1,1,0,0,1,1,1",0.52,0.77,0.5825,0.5238095238095238,0.44,0.4782608695652174,0.52,0.6954681873321533
"0,0,0,1,1,1,0,1,1,0,1,0,1,0,1,0,1,0,0,1,1",0.54,0.71,0.5825,0.5869565217391305,0.27,0.3698630136986301,0.54,0.6640794277191162
"1,1,0,1,0,0,0,0,0,0,0,0,1,1,1,0,1,1,1,1,1",0.53,0.74,0.5825,0.532608695652174,0.49,0.5104166666666666,0.53,0.652895450592041
"1,1,0,1,0,0,0,0,0,0,0,0,1,0,0,0,0,0,1,0,1",0.505,0.81,0.58125,0.5053763440860215,0.47,0.48704663212435234,0.505,0.6575837135314941
"0,0,0,1,0,1,0,0,0,0,0,0,0,1,0,0,0,1,0,1,1",0.535,0.72,0.58125,0.5333333333333333,0.56,0.5463414634146342,0.535,0.6300761699676514
"1,1,0,1,0,0,1,0,1,0,0,0,1,1,0,1,0,1,1,1,0",0.515,0.78,0.58125,0.5172413793103449,0.45,0.48128342245989303,0.515,0.702491044998169
"0,1,0,0,1,0,1,1,1,0,1,0,1,0,1,0,1,1,1,0,0",0.545,0.69,0.58125,0.5272727272727272,0.87,0.6566037735849056,0.545,0.6537036895751953
"0,0,1,1,1,0,1,0,1,1,0,1,1,1,1,1,1,1,0,0,1",0.505,0.81,0.58125,0.5076923076923077,0.33,0.4,0.505,0.7066977024078369
"0,0,1,1,1,0,1,0,0,1,1,1,1,1,1,1,1,0,0,1,1",0.525,0.75,0.58125,0.5190839694656488,0.68,0.5887445887445888,0.525,0.6852192878723145
"1,0,1,0,0,1,0,1,1,1,0,0,0,1,0,0,1,1,0,0,0",0.515,0.78,0.58125,0.5185185185185185,0.42,0.46408839779005523,0.515,0.6458418369293213
"0,0,1,1,0,0,0,0,1,0,1,1,0,1,0,1,0,1,0,0,1",0.525,0.75,0.5812499999999999,0.5274725274725275,0.48,0.5026178010471204,0.5249999999999999,0.6704299449920654
"1,1,1,1,0,1,0,0,1,0,1,0,0,0,1,1,0,1,0,1,1",0.535,0.72,0.5812499999999999,0.5220125786163522,0.83,0.640926640926641,0.5349999999999999,0.6433141231536865
"0,1,0,0,0,0,1,0,1,1,0,0,1,1,1,1,1,1,1,0,1",0.52,0.76,0.5800000000000001,0.5151515151515151,0.68,0.5862068965517241,0.52,0.6972546577453613
"0,1,1,0,0,0,1,1,1,0,1,1,1,0,0,0,1,0,1,1,0",0.52,0.76,0.5800000000000001,0.515625,0.66,0.5789473684210527,0.52,0.6713027954101562
"1,0,0,0,0,0,0,0,1,0,0,0,0,1,1,0,0,1,0,1,0",0.5,0.82,0.5800000000000001,0.5,0.51,0.504950495049505,0.5,0.6328802108764648
"0,1,1,1,1,1,1,1,1,0,0,1,1,0,1,0,0,0,0,1,1",0.53,0.73,0.5800000000000001,0.5263157894736842,0.6,0.5607476635514018,0.53,0.658348798751831
"1,0,0,1,1,0,0,0,1,1,1,0,1,1,0,0,1,0,0,1,0",0.5,0.82,0.5800000000000001,0.5,0.35,0.4117647058823529,0.5,0.6553430557250977
"0,0,0,0,0,1,0,0,1,1,1,1,1,1,1,1,0,0,0,0,1",0.545,0.68,0.5787500000000001,0.5298013245033113,0.8,0.6374501992031872,0.545,0.713799238204956
"1,1,1,0,1,0,1,0,1,0,1,0,0,1,1,0,1,0,0,0,0",0.525,0.74,0.5787500000000001,0.5423728813559322,0.32,0.4025157232704403,0.525,0.6952407360076904
"0,1,0,1,1,0,1,1,0,1,1,0,1,1,1,0,0,0,1,1,1",0.525,0.74,0.5787500000000001,0.5233644859813084,0.56,0.5410628019323671,0.525,0.6679840087890625
"0,1,1,0,0,0,1,1,0,1,0,0,0,1,0,1,0,1,1,0,1",0.505,0.8,0.5787500000000001,0.5102040816326531,0.25,0.33557046979865773,0.505,0.7240955829620361
"1,0,0,0,0,0,0,1,0,1,1,1,0,0,0,0,0,1,0,0,1",0.505,0.8,0.5787500000000001,0.5074626865671642,0.34,0.40718562874251496,0.505,0.627199649810791
"0,1,1,0,1,0,1,0,1,1,1,1,1,1,1,1,1,1,0,0,1",0.525,0.74,0.5787500000000001,0.5233644859813084,0.56,0.5410628019323671,0.525,0.7057228088378906
"0,0,0,1,1,1,0,1,1,1,1,0,1,0,1,0,1,0,0,1,1",0.535,0.71,0.57875,0.5686274509803921,0.29,0.3841059602649007,0.535,0.7048523426055908
"1,0,1,1,0,0,0,1,1,0,1,0,0,1,0,0,1,0,0,1,1",0.495,0.83,0.57875,0.48717948717948717,0.19,0.2733812949640288,0.495,0.6864640712738037
"1,0,1,0,0,1,1,0,0,0,1,1,0,1,0,0,0,1,0,1,0",0.495,0.83,0.57875,0.49411764705882355,0.42,0.4540540540540541,0.495,0.7224884033203125
"1,1,0,1,1,1,1,1,1,1,0,0,1,1,0,1,0,0,0,1,1",0.545,0.68,0.5787499999999999,0.5243243243243243,0.97,0.6807017543859649,0.5449999999999999,0.6976518630981445
"0,0,0,0,0,1,0,0,0,1,1,0,0,0,1,0,1,1,0,0,0",0.545,0.68,0.5787499999999999,0.5412844036697247,0.59,0.5645933014354066,0.5449999999999999,0.685408353805542
"0,1,0,1,0,1,1,1,1,0,0,1,1,0,1,1,0,0,0,1,0",0.525,0.74,0.5787499999999999,0.5229357798165137,0.57,0.5454545454545454,0.5249999999999999,0.6843967437744141
"1,0,0,0,1,1,1,1,0,0,0,1,0,0,0,0,0,0,0,1,1",0.545,0.68,0.5787499999999999,0.5286624203821656,0.83,0.6459143968871596,0.5449999999999999,0.5985245704650879
"0,0,0,0,1,0,1,1,1,0,1,1,0,0,0,1,1,0,1,0,0",0.56,0.63,0.5775,0.5379746835443038,0.85,0.6589147286821705,0.56,0.6346848011016846
"1,1,1,1,0,0,1,1,0,0,0,0,1,1,1,1,0,1,1,0,1",0.51,0.78,0.5775,0.5625,0.09,0.15517241379310345,0.51,0.6250753402709961
"0,0,1,0,0,0,0,1,1,1,0,0,0,1,1,1,0,1,0,0,0",0.49,0.84,0.5775,0.4909090909090909,0.54,0.5142857142857142,0.49,0.7454397678375244
"1,1,1,0,1,0,1,0,0,1,1,0,1,1,1,0,0,0,1,0,1",0.52,0.75,0.5775,0.5175438596491229,0.59,0.5514018691588785,0.52,0.6069765090942383
"0,1,1,0,1,0,0,1,1,1,1,0,0,1,0,1,0,0,1,1,0",0.51,0.78,0.5775,0.5084745762711864,0.6,0.5504587155963303,0.51,0.6736469268798828
"1,0,0,0,1,1,1,0,1,0,0,0,0,1,1,1,1,0,1,1,1",0.5,0.81,0.5775,0.5,0.34,0.40476190476190477,0.5,0.7055783271789551
"0,0,1,0,0,0,0,1,1,1,0,0,0,0,1,0,0,1,1,0,0",0.49,0.84,0.5775,0.4909090909090909,0.54,0.5142857142857142,0.49,0.6491096019744873
"1,0,1,0,0,0,1,1,0,1,0,1,1,1,0,0,1,1,1,0,0",0.51,0.78,0.5775,0.5151515151515151,0.34,0.40963855421686746,0.51,0.7036988735198975
"1,1,0,0,1,1,0,1,0,1,0,1,0,0,1,0,0,0,1,1,1",0.54,0.69,0.5775,0.5540540540540541,0.41,0.47126436781609193,0.54,0.6637399196624756
"0,1,1,0,1,1,1,0,0,1,1,1,1,0,1,1,1,1,0,0,1",0.525,0.73,0.57625,0.52,0.65,0.5777777777777777,0.525,0.7315273284912109
"1,0,1,1,0,0,1,0,0,1,1,1,1,1,1,1,1,1,0,0,1",0.525,0.73,0.57625,0.5862068965517241,0.17,0.26356589147286824,0.525,0.6533935070037842
"0,0,0,1,0,0,1,0,0,0,0,0,1,1,1,0,1,0,1,1,0",0.545,0.67,0.57625,0.5384615384615384,0.63,0.5806451612903226,0.545,0.6186115741729736
"0,0,1,1,1,0,1,0,1,0,0,1,1,0,1,1,1,0,0,0,1",0.505,0.79,0.57625,0.5052631578947369,0.48,0.49230769230769234,0.505,0.6477813720703125
"0,1,1,1,0,0,1,0,0,1,1,1,1,1,1,0,0,1,0,1,0",0.505,0.79,0.57625,0.5040650406504065,0.62,0.5560538116591929,0.505,0.6631662845611572
"1,0,0,1,1,0,1,1,0,1,1,0,1,0,1,0,1,1,1,1,1",0.525,0.73,0.57625,0.52,0.65,0.5777777777777777,0.525,0.6712162494659424
"0,1,1,1,0,0,1,1,1,0,0,1,1,0,0,1,1,0,0,0,1",0.505,0.79,0.57625,0.5128205128205128,0.2,0.28776978417266186,0.505,0.7035417556762695
"0,0,1,1,0,0,1,0,1,0,1,1,0,1,1,0,1,1,0,1,1",0.515,0.76,0.5762499999999999,0.5230769230769231,0.34,0.4121212121212121,0.515,0.6742713451385498
"1,1,0,1,1,0,1,0,0,0,1,0,0,1,1,1,0,0,1,1,0",0.495,0.82,0.5762499999999999,0.49473684210526314,0.47,0.48205128205128206,0.495,0.6556506156921387
"1,0,0,0,0,0,0,1,0,1,0,0,1,1,1,0,1,0,0,1,1",0.515,0.76,0.5762499999999999,0.5168539325842697,0.46,0.48677248677248675,0.515,0.6548347473144531
"0,1,0,0,1,1,1,0,1,0,0,1,1,1,1,1,1,1,1,0,0",0.515,0.76,0.5762499999999999,0.5154639175257731,0.5,0.5076142131979695,0.515,0.6863939762115479
"1,1,1,1,1,1,0,1,1,1,0,0,1,0,0,0,1,0,1,1,0",0.535,0.7,0.5762499999999999,0.5686274509803921,0.29,0.3841059602649007,0.535,0.633512020111084
"0,0,1,1,1,0,1,1,1,1,1,0,1,1,0,0,1,1,0,1,1",0.515,0.76,0.5762499999999999,0.5211267605633803,0.37,0.4327485380116959,0.515,0.714946985244751
"1,1,1,0,1,1,1,1,0,1,0,0,1,0,1,0,0,0,1,1,0",0.495,0.82,0.5762499999999999,0.4962962962962963,0.67,0.5702127659574469,0.495,0.6515896320343018
"1,0,0,1,1,0,1,0,0,0,1,1,1,0,1,1,0,0,0,0,0",0.54,0.68,0.575,0.5833333333333334,0.28,0.3783783783783784,0.54,0.667682409286499
"0,1,1,0,0,1,1,0,0,1,0,1,0,0,1,0,0,0,1,0,1",0.52,0.74,0.575,0.53125,0.34,0.4146341463414634,0.52,0.6620693206787109
"0,0,0,1,0,1,1,1,1,0,0,1,1,1,1,1,0,0,0,1,0",0.52,0.74,0.575,0.5147058823529411,0.7,0.5932203389830508,0.52,0.6976559162139893
"0,0,0,1,1,1,1,1,0,0,1,0,1,0,0,1,1,0,1,0,1",0.52,0.74,0.575,0.5140845070422535,0.73,0.6033057851239669,0.52,0.6895182132720947
"0,1,0,0,1,1,1,1,0,1,0,1,0,0,0,1,0,0,0,1,0",0.51,0.77,0.575,0.5080645161290323,0.63,0.5625,0.51,0.6764929294586182
"0,0,0,1,0,1,1,0,0,0,1,1,0,0,1,1,0,1,1,0,1",0.5,0.8,0.575,0.5,0.54,0.5192307692307693,0.5,0.7224347591400146
"0,1,1,0,0,0,0,1,1,1,1,0,0,1,0,0,0,1,0,1,0",0.545,0.66,0.5737500000000001,0.5257142857142857,0.92,0.6690909090909091,0.545,0.6907224655151367
"0,1,1,1,1,0,1,0,1,0,0,0,0,1,0,1,1,0,0,1,1",0.495,0.81,0.57375,0.49382716049382713,0.4,0.4419889502762431,0.495,0.7167284488677979
"1,0,1,1,1,1,0,1,0,0,0,1,1,0,0,0,0,1,0,1,0",0.525,0.72,0.57375,0.5210084033613446,0.62,0.5662100456621004,0.525,0.6141932010650635
"1,0,0,1,1,1,1,1,0,0,0,1,0,1,1,1,0,1,0,0,1",0.535,0.69,0.57375,0.5339805825242718,0.55,0.541871921182266,0.535,0.6767251491546631
"0,0,1,0,0,0,1,1,0,0,0,1,1,0,0,1,1,0,0,1,0",0.505,0.78,0.57375,0.5046728971962616,0.54,0.5217391304347826,0.505,0.6240832805633545
"1,1,0,0,0,1,0,0,0,0,0,0,1,0,1,1,1,0,0,0,0",0.545,0.66,0.57375,0.5371900826446281,0.65,0.5882352941176471,0.545,0.6397569179534912
"0,0,1,0,1,1,0,0,0,0,0,1,1,0,0,0,0,0,0,0,1",0.545,0.66,0.57375,0.5371900826446281,0.65,0.5882352941176471,0.545,0.5582456588745117
"0,0,1,1,1,0,0,0,1,1,1,1,0,0,1,1,0,0,0,0,1",0.495,0.81,0.57375,0.48148148148148145,0.13,0.2047244094488189,0.495,0.7364053726196289
"0,1,0,1,1,1,1,1,0,0,0,0,0,1,1,1,0,0,1,1,0",0.505,0.78,0.57375,0.5087719298245614,0.29,0.36942675159235666,0.505,0.7018351554870605
"1,0,0,0,1,0,1,1,0,1,0,0,1,1,1,1,0,0,1,0,1",0.52,0.73,0.5725,0.5769230769230769,0.15,0.23809523809523808,0.52,0.6611762046813965
"0,1,0,0,1,1,1,0,1,0,0,0,1,0,0,1,1,1,0,1,0",0.49,0.82,0.5725,0.4880952380952381,0.41,0.44565217391304346,0.49,0.65315842628479
"0,1,1,0,0,0,1,0,0,1,1,0,1,0,0,0,0,1,1,0,0",0.52,0.73,0.5725,0.5112359550561798,0.91,0.6546762589928058,0.52,0.637047290802002
"1,1,1,0,0,1,1,1,0,0,1,0,0,0,0,0,0,1,0,1,1",0.5,0.79,0.5725,0.5,0.24,0.32432432432432434,0.5,0.6887781620025635
"1,0,1,1,0,0,1,0,0,1,0,1,1,0,0,1,0,1,1,0,1",0.51,0.76,0.5725,0.5625,0.09,0.15517241379310345,0.51,0.6473243236541748
"0,1,0,0,1,1,0,1,0,0,0,0,0,1,0,0,1,0,0,0,1",0.51,0.76,0.5725,0.5067567567567568,0.75,0.6048387096774194,0.51,0.6747903823852539
"0,0,1,1,0,0,1,0,1,0,0,1,0,1,1,0,1,0,0,1,0",0.51,0.76,0.5725,0.5108695652173914,0.47,0.4895833333333333,0.51,0.6172988414764404
"0,1,1,0,0,0,0,0,1,1,1,1,1,0,1,1,1,0,1,1,1",0.505,0.77,0.57125,0.5045045045045045,0.56,0.5308056872037915,0.505,0.6163721084594727
"1,1,0,0,0,1,0,0,0,0,1,1,1,0,0,0,1,1,1,0,1",0.495,0.8,0.57125,0.49382716049382713,0.4,0.4419889502762431,0.495,0.6625118255615234
"1,0,0,1,0,0,1,0,0,1,0,1,0,1,0,1,1,1,1,0,0",0.515,0.74,0.57125,0.512,0.64,0.5688888888888889,0.515,0.6820132732391357
"0,0,1,0,1,0,0,1,0,0,0,1,0,1,1,1,1,0,1,1,1",0.495,0.8,0.57125,0.4909090909090909,0.27,0.34838709677419355,0.495,0.6666247844696045
"0,1,0,1,1,1,0,0,1,0,0,0,0,1,0,1,1,0,0,1,1",0.505,0.77,0.57125,0.5238095238095238,0.11,0.18181818181818182,0.505,0.7028164863586426
"0,0,1,0,1,0,0,1,0,1,1,1,1,0,0,1,0,0,1,1,1",0.505,0.77,0.57125,0.5043478260869565,0.58,0.5395348837209303,0.505,0.6880874633789062
"1,1,1,1,0,0,0,0,0,0,0,0,0,0,1,1,1,0,0,1,0",0.495,0.8,0.57125,0.49230769230769234,0.32,0.3878787878787879,0.495,0.6779286861419678
"1,0,1,1,0,1,1,0,1,1,0,1,1,0,1,0,0,0,1,0,0",0.515,0.74,0.57125,0.5151515151515151,0.51,0.5125628140703518,0.515,0.6109580993652344
"0,1,1,0,1,0,1,1,1,0,0,0,1,1,1,0,0,0,0,0,0",0.525,0.71,0.57125,0.5163398692810458,0.79,0.6245059288537549,0.525,0.6698088645935059
"0,0,0,1,0,1,1,0,0,1,0,1,1,1,1,1,0,0,0,0,0",0.52,0.72,0.5700000000000001,0.5149253731343284,0.69,0.5897435897435898,0.52,0.6114325523376465
"1,0,1,0,0,0,0,0,0,1,1,1,0,0,1,0,1,1,1,1,0",0.52,0.72,0.5700000000000001,0.525,0.42,0.4666666666666667,0.52,0.7371106147766113
"0,0,1,0,1,0,1,1,1,0,1,0,0,1,0,0,0,1,1,1,0",0.5,0.78,0.5700000000000001,0.5,0.4,0.4444444444444444,0.5,0.6412720680236816
"0,0,0,1,1,0,1,0,1,1,0,1,1,0,1,1,0,1,1,0,1",0.51,0.75,0.5700000000000001,0.5178571428571429,0.29,0.3717948717948718,0.51,0.639765739440918
"0,0,1,1,0,1,0,0,0,0,0,1,1,1,0,1,0,1,0,0,0",0.52,0.72,0.5700000000000001,0.524390243902439,0.43,0.4725274725274725,0.52,0.6006953716278076
"0,1,0,0,1,0,1,0,1,1,0,0,1,0,1,0,0,0,1,1,0",0.52,0.72,0.5700000000000001,0.5222222222222223,0.47,0.49473684210526314,0.52,0.6708347797393799
"1,0,0,0,0,1,1,0,1,0,1,0,1,1,1,1,0,0,1,0,0",0.54,0.66,0.5700000000000001,0.5338983050847458,0.63,0.5779816513761468,0.54,0.6227977275848389
"0,0,0,0,1,0,1,0,0,0,0,0,0,0,1,0,0,0,1,0,1",0.51,0.75,0.5700000000000001,0.5089285714285714,0.57,0.5377358490566038,0.51,0.7054212093353271
"1,1,1,0,1,0,1,0,0,0,1,0,0,0,1,0,1,1,0,0,0",0.53,0.69,0.5700000000000001,0.532608695652174,0.49,0.5104166666666666,0.53,0.6150236129760742
"0,1,0,0,0,1,1,1,0,1,1,0,0,0,0,0,1,0,1,1,1",0.52,0.72,0.5700000000000001,0.5256410256410257,0.41,0.4606741573033708,0.52,0.6495630741119385
"0,1,0,0,1,0,0,0,0,1,0,0,1,1,0,0,1,0,0,1,0",0.52,0.72,0.5700000000000001,0.5333333333333333,0.32,0.4,0.52,0.6567375659942627
"0,0,0,1,0,1,1,1,1,1,0,1,1,0,1,1,0,0,0,0,0",0.52,0.72,0.5700000000000001,0.5149253731343284,0.69,0.5897435897435898,0.52,0.7183654308319092
"0,0,1,0,1,1,0,1,0,0,0,0,0,1,0,0,0,1,1,0,0",0.52,0.72,0.5700000000000001,0.524390243902439,0.43,0.4725274725274725,0.52,0.6447665691375732
"1,0,1,0,0,0,1,1,1,1,0,0,0,1,0,0,1,1,0,1,0",0.53,0.69,0.5700000000000001,0.5384615384615384,0.42,0.47191011235955055,0.53,0.6679344177246094
"0,1,0,0,1,1,1,0,1,0,0,1,0,0,1,1,0,0,0,0,0",0.52,0.72,0.5700000000000001,0.524390243902439,0.43,0.4725274725274725,0.52,0.6628472805023193
"0,1,0,0,0,0,0,1,0,0,0,1,1,0,0,0,1,0,1,1,0",0.52,0.72,0.5700000000000001,0.5333333333333333,0.32,0.4,0.52,0.6281416416168213
"1,1,0,1,0,0,1,1,1,1,0,0,1,0,1,0,0,1,1,0,0",0.53,0.69,0.5700000000000001,0.5384615384615384,0.42,0.47191011235955055,0.53,0.630040168762207
"1,1,0,1,1,1,0,1,1,1,0,1,1,0,1,1,0,1,1,1,1",0.525,0.7,0.5687500000000001,0.5149700598802395,0.86,0.6441947565543071,0.525,0.7291209697723389
"0,1,0,0,0,1,0,0,0,0,0,0,1,0,1,1,1,0,1,1,0",0.485,0.82,0.5687500000000001,0.4745762711864407,0.28,0.3522012578616352,0.485,0.6653523445129395
"0,1,1,1,0,1,1,0,0,0,0,0,0,1,1,1,0,0,1,1,1",0.495,0.79,0.56875,0.4927536231884058,0.34,0.40236686390532544,0.495,0.6664605140686035
"1,1,0,0,0,1,1,1,0,1,0,0,0,0,1,1,1,0,1,1,0",0.495,0.79,0.56875,0.4915254237288136,0.29,0.36477987421383645,0.495,0.64078688621521
"1,0,0,1,1,1,0,1,1,0,0,0,0,0,0,1,1,1,0,0,1",0.515,0.73,0.56875,0.5148514851485149,0.52,0.5174129353233831,0.515,0.6180062294006348
"1,0,0,0,1,0,1,1,1,1,1,1,1,1,1,0,0,0,0,1,0",0.515,0.73,0.56875,0.5217391304347826,0.36,0.4260355029585799,0.515,0.6296994686126709
"1,1,0,1,0,0,1,1,1,0,0,1,1,0,1,0,0,0,0,1,1",0.495,0.79,0.56875,0.4918032786885246,0.3,0.37267080745341613,0.495,0.6646883487701416
"1,0,0,0,1,0,0,0,0,1,1,0,0,1,0,1,1,1,1,1,0",0.515,0.73,0.56875,0.5109489051094891,0.7,0.5907172995780591,0.515,0.6063351631164551
"0,1,0,0,1,1,0,0,1,1,0,1,0,1,1,1,0,0,1,0,1",0.495,0.79,0.56875,0.4936708860759494,0.39,0.43575418994413406,0.495,0.6753790378570557
"1,1,0,0,0,0,1,0,1,0,0,1,0,1,1,1,0,0,0,1,0",0.51,0.74,0.5675,0.5333333333333333,0.16,0.24615384615384617,0.51,0.6949558258056641
"0,0,0,1,0,1,0,1,0,0,0,0,0,0,1,0,1,0,1,1,1",0.5,0.77,0.5675,0.5,0.36,0.4186046511627907,0.5,0.6968812942504883
"0,0,1,1,0,1,0,0,0,1,0,1,0,1,1,0,1,1,0,1,0",0.49,0.8,0.5675,0.4875,0.39,0.43333333333333335,0.49,0.6560118198394775
"1,0,0,0,0,0,1,1,1,0,1,0,1,1,0,1,1,1,1,1,1",0.5,0.77,0.5675,0.5,0.18,0.2647058823529412,0.5,0.6585268974304199
"0,1,1,0,0,1,1,0,0,0,0,1,1,0,1,1,1,0,0,1,0",0.505,0.75,0.56625,0.5084745762711864,0.3,0.37735849056603776,0.505,0.750669002532959
"0,1,1,1,1,0,0,1,1,0,1,1,0,1,0,1,1,1,1,0,0",0.505,0.75,0.56625,0.5046728971962616,0.54,0.5217391304347826,0.505,0.6898937225341797
"1,0,1,0,0,1,1,1,1,0,0,1,0,1,0,0,1,1,0,0,1",0.485,0.81,0.56625,0.48314606741573035,0.43,0.455026455026455,0.485,0.6352202892303467
"1,1,0,1,1,0,1,1,0,1,1,1,0,0,0,1,1,1,0,0,0",0.505,0.75,0.56625,0.5135135135135135,0.19,0.2773722627737226,0.505,0.6719574928283691
"1,1,0,1,0,0,0,1,1,1,1,1,0,0,0,1,0,1,0,1,1",0.495,0.78,0.5662499999999999,0.4864864864864865,0.18,0.26277372262773724,0.495,0.6303141117095947
"1,0,0,1,0,1,0,1,1,0,0,1,0,1,0,0,0,1,1,0,1",0.515,0.72,0.5662499999999999,0.5094339622641509,0.81,0.6254826254826255,0.515,0.7122726440429688
"0,0,0,0,0,0,1,0,1,0,0,1,1,1,0,1,0,0,1,1,1",0.495,0.78,0.5662499999999999,0.4888888888888889,0.22,0.30344827586206896,0.495,0.5859508514404297
"0,0,1,0,0,1,0,1,1,0,0,0,0,1,0,1,1,0,0,1,0",0.53,0.67,0.565,0.5258620689655172,0.61,0.5648148148148148,0.53,0.6677267551422119
"1,1,0,0,1,0,1,1,1,1,0,1,1,0,0,1,0,1,0,0,0",0.49,0.79,0.565,0.46875,0.15,0.22727272727272727,0.49,0.6776285171508789
"0,0,0,1,0,1,1,0,1,0,0,1,0,0,1,1,0,1,0,0,0",0.49,0.79,0.565,0.4895833333333333,0.47,0.47959183673469385,0.49,0.7028570175170898
"1,1,0,1,1,0,1,1,0,1,0,1,0,1,1,1,1,1,1,1,1",0.51,0.73,0.565,0.5555555555555556,0.1,0.1694915254237288,0.51,0.6852493286132812
"1,0,0,1,0,1,1,0,0,1,1,1,0,0,0,0,0,0,0,1,0",0.5,0.76,0.565,0.5,0.75,0.6,0.5,0.6280519962310791
"0,1,1,1,1,1,0,0,0,0,0,1,1,1,0,0,1,1,0,0,1",0.52,0.7,0.565,0.510752688172043,0.95,0.6643356643356644,0.52,0.6815567016601562
"1,1,0,0,1,1,0,0,1,0,0,1,0,1,1,1,0,1,0,1,0",0.51,0.73,0.565,0.5161290322580645,0.32,0.3950617283950617,0.51,0.6439075469970703
"0,0,1,1,1,0,0,1,0,1,1,0,1,0,0,0,1,1,1,1,0",0.485,0.8,0.56375,0.4819277108433735,0.4,0.4371584699453552,0.485,0.6305198669433594
"1,1,1,0,1,0,1,1,0,0,0,0,0,1,1,1,0,0,0,0,0",0.505,0.74,0.56375,0.5098039215686274,0.26,0.3443708609271523,0.505,0.6133472919464111
"1,1,0,0,1,0,1,1,0,0,0,0,0,1,1,0,0,0,0,0,0",0.505,0.74,0.56375,0.5098039215686274,0.26,0.3443708609271523,0.505,0.5925984382629395
"1,0,0,0,1,0,0,1,1,0,0,0,1,1,1,0,1,1,0,0,1",0.475,0.83,0.56375,0.43902439024390244,0.18,0.2553191489361702,0.475,0.6609442234039307
"1,0,0,0,1,1,0,1,0,0,1,0,0,1,0,0,1,1,1,1,1",0.485,0.8,0.56375,0.48484848484848486,0.48,0.4824120603015075,0.485,0.6832144260406494
"1,1,1,1,0,1,1,0,0,1,0,0,1,1,0,1,1,0,1,1,0",0.505,0.74,0.56375,0.5037593984962406,0.67,0.575107296137339,0.505,0.6347763538360596
"0,0,1,1,0,0,1,1,0,1,0,1,1,1,0,0,1,0,1,1,1",0.485,0.8,0.56375,0.47761194029850745,0.32,0.38323353293413176,0.485,0.683495283126831
"0,1,1,1,0,1,1,0,1,1,0,1,1,1,1,0,1,0,0,0,1",0.505,0.74,0.56375,0.5056179775280899,0.45,0.47619047619047616,0.505,0.7128832340240479
"1,1,0,1,1,1,0,1,1,1,0,0,0,0,1,0,0,1,0,1,0",0.5,0.75,0.5625,0.5,0.42,0.45652173913043476,0.5,0.6856849193572998
"0,1,0,0,1,1,0,1,0,0,0,0,0,1,1,0,0,1,0,0,1",0.48,0.81,0.5625,0.4473684210526316,0.17,0.2463768115942029,0.48000000000000004,0.6565237045288086
"1,1,0,1,1,0,0,1,1,0,0,1,0,1,0,0,1,0,0,0,1",0.49,0.78,0.5625,0.48214285714285715,0.27,0.34615384615384615,0.49,0.6073899269104004
"0,1,0,0,0,1,1,1,1,0,0,1,0,0,0,1,0,0,1,0,0",0.54,0.63,0.5625,0.5285714285714286,0.74,0.6166666666666667,0.54,0.6225471496582031
"0,1,1,1,0,1,0,1,0,1,0,1,1,1,0,0,0,0,1,0,1",0.49,0.78,0.5625,0.48717948717948717,0.38,0.42696629213483145,0.49,0.7655229568481445
"1,1,0,1,0,1,0,0,0,1,0,0,0,1,0,1,1,0,0,0,1",0.51,0.72,0.5625,0.5079365079365079,0.64,0.5663716814159292,0.51,0.6840178966522217
"1,0,0,1,0,0,1,1,1,1,1,0,1,1,0,0,0,0,1,1,0",0.51,0.72,0.5625,0.5238095238095238,0.22,0.3098591549295774,0.51,0.6324000358581543
"1,0,0,0,1,0,1,0,0,0,0,0,1,1,0,0,0,0,0,0,1",0.49,0.78,0.5625,0.475,0.19,0.2714285714285714,0.49,0.699962854385376
"0,1,0,1,0,1,1,1,1,1,1,1,1,1,1,0,0,1,0,1,1",0.51,0.72,0.5625,0.5068493150684932,0.74,0.6016260162601627,0.51,0.74251389503479
"0,0,1,0,0,1,0,0,0,1,0,0,1,1,0,1,0,0,0,0,0",0.54,0.63,0.5625,0.5285714285714286,0.74,0.6166666666666667,0.54,0.5608670711517334
"0,1,0,1,1,1,1,1,1,1,0,1,1,1,0,0,0,0,1,1,1",0.485,0.79,0.56125,0.4819277108433735,0.4,0.4371584699453552,0.485,0.6373958587646484
"1,0,0,1,0,1,1,1,1,1,0,0,0,0,0,0,0,0,1,0,1",0.505,0.73,0.56125,0.5050505050505051,0.5,0.5025125628140703,0.505,0.6480653285980225
"1,0,1,0,1,0,0,0,1,0,0,0,1,0,1,1,0,0,0,1,1",0.475,0.82,0.56125,0.4358974358974359,0.17,0.2446043165467626,0.47500000000000003,0.6891796588897705
"1,1,0,1,1,0,1,0,1,1,1,0,0,0,1,1,1,0,0,0,0",0.495,0.76,0.56125,0.49612403100775193,0.64,0.5589519650655022,0.495,0.6812446117401123
"1,0,1,0,1,0,0,1,1,1,1,0,1,1,0,0,0,1,0,0,0",0.495,0.76,0.56125,0.49612403100775193,0.64,0.5589519650655022,0.495,0.6879799365997314
"0,1,1,1,1,1,1,1,0,0,1,0,1,0,1,0,0,0,0,1,1",0.485,0.79,0.56125,0.4727272727272727,0.26,0.33548387096774196,0.485,0.6786997318267822
"0,0,0,1,1,1,1,0,0,0,0,0,0,1,0,1,1,0,1,1,1",0.495,0.76,0.56125,0.49523809523809526,0.52,0.5073170731707317,0.495,0.6870074272155762
"1,1,1,1,1,0,1,1,1,0,0,1,0,0,0,1,0,1,1,0,1",0.485,0.79,0.56125,0.47619047619047616,0.3,0.36809815950920244,0.485,0.6962411403656006
"0,0,1,0,0,1,1,0,1,0,0,0,0,1,1,1,0,0,0,1,0",0.485,0.79,0.56125,0.47761194029850745,0.32,0.38323353293413176,0.485,0.6815340518951416
"1,0,0,1,0,1,1,1,1,1,0,0,0,0,0,1,1,1,0,0,1",0.485,0.79,0.56125,0.4838709677419355,0.45,0.46632124352331605,0.485,0.6587619781494141
"0,1,1,0,1,1,0,1,1,0,1,0,0,0,1,0,0,0,0,1,1",0.5,0.74,0.56,0.5,0.67,0.5726495726495726,0.5,0.6644859313964844
"1,0,0,1,0,1,0,1,1,0,1,1,0,1,1,0,1,1,1,0,0",0.47,0.83,0.56,0.45454545454545453,0.3,0.3614457831325301,0.47,0.6373631954193115
"0,0,1,0,1,1,0,1,0,1,0,1,0,0,1,0,1,0,1,1,0",0.51,0.71,0.56,0.509090909090909,0.56,0.5333333333333333,0.51,0.6548728942871094
"1,1,1,0,0,1,0,0,1,0,0,0,0,1,1,1,1,0,0,1,1",0.49,0.77,0.56,0.4782608695652174,0.22,0.3013698630136986,0.49,0.6845114231109619
"0,1,1,0,0,0,0,1,1,1,1,0,1,1,0,1,1,1,0,1,1",0.49,0.77,0.56,0.4868421052631579,0.37,0.42045454545454547,0.49,0.6803629398345947
"1,0,1,1,0,1,1,0,1,1,0,1,0,0,0,1,0,0,0,0,1",0.52,0.68,0.56,0.5161290322580645,0.64,0.5714285714285714,0.52,0.6284513473510742
"1,0,1,1,0,0,1,0,1,1,0,1,0,0,0,0,0,1,0,0,0",0.51,0.71,0.56,0.5384615384615384,0.14,0.2222222222222222,0.51,0.6541485786437988
"1,0,1,0,0,0,0,0,1,1,0,0,1,0,0,1,0,0,1,0,1",0.47,0.83,0.56,0.4117647058823529,0.14,0.208955223880597,0.47000000000000003,0.6383841037750244
"0,0,1,1,0,1,0,0,1,0,0,1,0,0,1,1,1,1,1,1,0",0.485,0.78,0.5587500000000001,0.48872180451127817,0.65,0.5579399141630901,0.485,0.6823315620422363
"0,1,0,0,1,0,1,0,1,0,1,0,1,0,1,1,0,1,1,1,1",0.485,0.78,0.5587500000000001,0.4805194805194805,0.37,0.4180790960451977,0.485,0.6587483882904053
"1,0,0,1,0,1,0,0,0,0,1,1,0,1,0,0,0,0,0,1,1",0.475,0.81,0.55875,0.4789915966386555,0.57,0.5205479452054794,0.475,0.6962871551513672
"1,1,0,0,1,1,1,0,1,0,0,1,0,0,1,1,1,0,0,1,1",0.475,0.81,0.55875,0.44680851063829785,0.21,0.2857142857142857,0.475,0.6914310455322266
"1,0,1,1,1,1,0,1,0,0,0,1,1,0,0,0,0,1,0,0,0",0.51,0.7,0.5575,0.5075757575757576,0.67,0.5775862068965517,0.51,0.6409690380096436
"1,0,0,1,0,0,0,1,1,1,1,0,0,0,1,0,1,0,1,0,1",0.48,0.79,0.5575,0.47959183673469385,0.47,0.47474747474747475,0.48,0.6894574165344238
"0,0,1,1,1,1,0,0,1,0,0,0,1,0,1,0,0,0,0,0,1",0.51,0.7,0.5575,0.506578947368421,0.77,0.6111111111111112,0.51,0.6699073314666748
"1,1,1,0,0,1,1,0,1,1,0,0,0,1,0,1,1,1,1,1,1",0.49,0.76,0.5575,0.4791666666666667,0.23,0.3108108108108108,0.49,0.6262457370758057
"1,0,1,1,1,1,0,1,0,0,0,1,1,0,0,0,0,1,1,0,0",0.51,0.7,0.5575,0.5075757575757576,0.67,0.5775862068965517,0.51,0.6305387020111084
"1,1,0,1,0,0,0,0,1,0,0,1,0,0,1,0,1,0,1,1,0",0.48,0.79,0.5575,0.46774193548387094,0.29,0.35802469135802467,0.48,0.6470437049865723
"1,1,0,1,1,0,0,1,0,1,0,0,0,1,0,1,1,0,0,1,1",0.5,0.73,0.5575,0.5,0.31,0.38271604938271603,0.5,0.6524169445037842
"1,1,0,0,1,0,1,0,0,0,0,1,1,0,1,0,0,0,0,0,1",0.48,0.79,0.5575,0.43333333333333335,0.13,0.2,0.48,0.6997008323669434
"1,1,0,1,1,0,0,1,0,1,1,1,0,0,1,0,0,0,0,1,0",0.485,0.77,0.55625,0.46808510638297873,0.22,0.29931972789115646,0.485,0.7056939601898193
"1,1,1,1,1,0,0,1,1,0,1,0,0,0,1,1,1,0,1,1,0",0.495,0.74,0.5562499999999999,0.47368421052631576,0.09,0.15126050420168066,0.495,0.7042920589447021
"1,1,1,0,0,0,0,0,1,1,1,0,0,1,1,0,0,1,0,1,0",0.48,0.78,0.5549999999999999,0.45,0.18,0.2571428571428571,0.48,0.6878941059112549
"1,0,1,1,1,1,0,0,1,1,1,0,0,0,1,1,1,1,0,0,1",0.5,0.72,0.5549999999999999,0.5,0.62,0.5535714285714286,0.5,0.6598098278045654
"1,1,1,0,0,0,1,0,1,1,1,0,1,0,0,1,1,0,0,0,1",0.5,0.72,0.5549999999999999,0.5,0.24,0.32432432432432434,0.5,0.6782166957855225
"0,1,1,0,0,1,0,1,0,1,1,0,1,1,0,1,1,0,1,1,1",0.49,0.75,0.5549999999999999,0.49193548387096775,0.61,0.5446428571428571,0.49,0.7149655818939209
"0,0,0,0,0,1,1,1,0,0,1,1,0,0,1,0,1,0,0,1,0",0.49,0.75,0.5549999999999999,0.4897959183673469,0.48,0.48484848484848486,0.49,0.7396671772003174
"1,1,1,1,1,0,0,1,1,0,1,0,1,0,0,0,0,1,1,0,0",0.495,0.73,0.55375,0.49122807017543857,0.28,0.35668789808917195,0.495,0.6125013828277588
"0,0,1,1,1,0,1,0,1,0,0,0,0,0,0,1,1,1,0,0,1",0.495,0.73,0.55375,0.49122807017543857,0.28,0.35668789808917195,0.495,0.6638720035552979
"0,0,1,1,0,0,1,0,0,1,0,0,1,1,0,0,1,1,0,0,0",0.515,0.67,0.55375,0.5294117647058824,0.27,0.3576158940397351,0.515,0.5967905521392822
"1,0,1,1,0,1,0,0,1,1,0,1,0,0,0,0,1,1,0,1,0",0.485,0.76,0.55375,0.47368421052631576,0.27,0.34394904458598724,0.485,0.703834056854248
"0,0,0,1,0,0,0,0,0,1,0,1,1,1,1,1,0,1,0,1,0",0.475,0.79,0.55375,0.45614035087719296,0.26,0.33121019108280253,0.475,0.6596171855926514
"1,0,0,0,1,1,1,1,1,0,0,0,1,0,1,0,1,1,1,1,0",0.485,0.76,0.55375,0.4854368932038835,0.5,0.49261083743842365,0.485,0.6083059310913086
"1,1,1,1,0,0,0,0,0,0,0,0,1,0,1,0,1,1,1,0,0",0.475,0.79,0.55375,0.4657534246575342,0.34,0.3930635838150289,0.475,0.626720666885376
"1,1,0,0,0,0,0,0,1,0,0,0,1,1,1,1,0,0,1,0,0",0.475,0.79,0.55375,0.47368421052631576,0.45,0.46153846153846156,0.475,0.6073226928710938
"1,0,1,1,1,0,1,1,1,1,0,0,1,1,1,0,0,0,1,1,1",0.485,0.76,0.55375,0.43478260869565216,0.1,0.16260162601626016,0.485,0.7050299644470215
"0,0,1,1,0,0,0,1,1,1,0,1,1,0,0,1,0,0,1,0,1",0.485,0.76,0.55375,0.4838709677419355,0.45,0.46632124352331605,0.485,0.6743402481079102
"0,1,0,1,0,0,0,1,0,1,1,0,0,1,1,1,0,0,0,0,0",0.505,0.7,0.55375,0.5027027027027027,0.93,0.6526315789473685,0.505,0.6878728866577148
"1,1,1,1,0,0,1,0,0,1,1,0,1,0,0,0,0,0,0,0,0",0.515,0.67,0.55375,0.5294117647058824,0.27,0.3576158940397351,0.515,0.6322240829467773
"0,1,0,1,0,0,0,1,1,0,1,1,0,0,1,0,1,1,1,0,0",0.475,0.79,0.55375,0.4806201550387597,0.62,0.5414847161572053,0.475,0.6673052310943604
"0,1,0,1,0,0,0,1,0,0,0,0,0,0,1,0,1,1,1,0,1",0.495,0.73,0.55375,0.4953271028037383,0.53,0.5120772946859904,0.495,0.6562948226928711
"1,1,0,1,1,0,1,1,0,1,1,1,1,0,1,0,0,0,1,1,1",0.49,0.74,0.5525,0.45454545454545453,0.1,0.16393442622950818,0.49,0.6549696922302246
"0,1,0,0,0,0,1,0,1,0,0,0,0,0,0,0,1,0,0,0,1",0.51,0.68,0.5525,0.5086206896551724,0.59,0.5462962962962963,0.51,0.6218867301940918
"0,0,1,1,0,0,0,0,0,1,1,1,1,1,0,1,1,1,0,1,1",0.48,0.77,0.5525,0.4880952380952381,0.82,0.6119402985074627,0.48,0.622575044631958
"0,1,1,0,0,0,0,1,0,1,1,0,0,1,0,1,1,1,1,1,0",0.46,0.83,0.5525,0.4649122807017544,0.53,0.4953271028037383,0.46,0.6575212478637695
"1,1,0,0,1,1,0,0,0,0,1,1,1,1,0,1,1,0,1,1,1",0.5,0.71,0.5525,0.5,0.55,0.5238095238095238,0.5,0.6249589920043945
"0,1,1,1,0,0,0,1,1,1,0,0,0,0,0,0,1,1,0,1,0",0.47,0.8,0.5525,0.4634146341463415,0.38,0.4175824175824176,0.47000000000000003,0.6649413108825684
"0,0,1,0,0,0,0,0,0,1,0,1,1,1,0,0,0,0,0,1,0",0.51,0.68,0.5525,0.5086206896551724,0.59,0.5462962962962963,0.51,0.6327288150787354
"0,0,0,1,1,0,0,0,1,0,1,1,0,0,0,1,0,0,0,0,1",0.495,0.72,0.55125,0.4939759036144578,0.41,0.44808743169398907,0.495,0.6301524639129639
"1,1,0,1,0,0,1,1,0,1,0,0,0,0,1,1,0,1,0,1,1",0.465,0.81,0.55125,0.41025641025641024,0.16,0.2302158273381295,0.465,0.6903865337371826
"0,0,0,1,1,1,1,1,0,0,0,1,0,1,0,1,1,1,1,0,0",0.495,0.72,0.55125,0.4968944099378882,0.8,0.6130268199233716,0.495,0.6540594100952148
"0,0,1,1,0,1,1,1,1,0,0,1,0,1,0,1,1,1,0,1,0",0.475,0.78,0.55125,0.4666666666666667,0.35,0.4,0.475,0.6661937236785889
"0,0,0,1,1,0,1,1,1,0,1,0,1,0,1,0,0,1,1,1,0",0.475,0.78,0.55125,0.4731182795698925,0.44,0.45595854922279794,0.475,0.6290500164031982
"1,1,1,1,1,0,0,1,0,1,1,1,1,0,1,1,0,0,1,0,0",0.5,0.7,0.55,0.5,0.25,0.3333333333333333,0.5,0.6408207416534424
"0,1,1,1,0,0,1,1,1,0,1,1,1,0,0,0,0,0,1,0,1",0.48,0.76,0.55,0.46296296296296297,0.25,0.3246753246753247,0.48,0.6466166973114014
"1,1,1,0,0,1,0,1,1,1,0,1,0,1,0,0,1,1,1,1,0",0.48,0.76,0.55,0.4807692307692308,0.5,0.49019607843137253,0.48,0.7457094192504883
"0,0,1,1,1,0,0,1,0,1,1,1,1,0,0,1,1,0,0,1,0",0.46,0.82,0.55,0.43548387096774194,0.27,0.3333333333333333,0.46,0.7432291507720947
"0,1,0,0,1,0,0,0,1,0,0,1,1,0,1,0,0,0,0,0,1",0.5,0.7,0.55,0.5,0.25,0.3333333333333333,0.5,0.6230905055999756
"0,1,0,1,1,0,1,0,0,1,1,0,0,1,1,0,1,0,1,1,1",0.455,0.83,0.5487500000000001,0.41818181818181815,0.23,0.2967741935483871,0.455,0.7355577945709229
"0,0,0,0,0,1,1,1,0,1,0,1,1,0,1,1,1,1,1,1,1",0.495,0.71,0.54875,0.4972067039106145,0.89,0.6379928315412187,0.495,0.6723823547363281
"1,1,0,1,1,0,0,1,0,0,1,1,1,1,0,1,0,1,0,0,0",0.495,0.71,0.54875,0.48717948717948717,0.19,0.2733812949640288,0.495,0.6405935287475586
"0,1,0,0,1,0,0,1,1,0,1,0,0,0,0,1,1,1,0,0,0",0.495,0.71,0.54875,0.494949494949495,0.49,0.49246231155778897,0.495,0.6330006122589111
"1,1,1,1,1,0,1,1,0,0,1,0,0,1,1,1,1,0,1,0,1",0.47,0.78,0.5475,0.42857142857142855,0.18,0.2535211267605634,0.47,0.7587895393371582
"1,0,1,0,1,0,1,0,1,0,0,1,1,0,1,0,0,0,0,0,1",0.485,0.73,0.54625,0.46511627906976744,0.2,0.27972027972027974,0.485,0.6659762859344482
"1,0,0,0,1,0,0,1,0,0,0,1,0,0,1,1,0,1,0,0,0",0.465,0.79,0.54625,0.41025641025641024,0.16,0.2302158273381295,0.465,0.6405777931213379
"0,0,0,1,0,1,0,1,1,1,0,0,1,0,1,1,0,0,0,0,0",0.505,0.67,0.54625,0.5029585798816568,0.85,0.6319702602230484,0.505,0.5895352363586426
"0,1,0,0,1,0,0,1,0,1,0,1,1,0,0,1,0,1,0,0,0",0.48,0.74,0.5449999999999999,0.4824561403508772,0.55,0.514018691588785,0.48,0.6481990814208984
"1,1,1,0,1,1,1,0,0,0,0,1,1,1,1,1,1,1,0,0,0",0.465,0.78,0.54375,0.47244094488188976,0.6,0.5286343612334802,0.46499999999999997,0.6706898212432861
"1,1,1,0,1,0,0,1,1,0,0,0,1,1,0,1,0,0,0,1,0",0.495,0.69,0.54375,0.4827586206896552,0.14,0.21705426356589147,0.495,0.658759355545044
"0,1,1,1,0,1,0,0,1,0,0,1,1,1,0,0,1,1,0,1,1",0.465,0.78,0.54375,0.4507042253521127,0.32,0.3742690058479532,0.46499999999999997,0.6817276477813721
"0,0,1,1,0,1,0,1,1,1,0,0,1,0,1,1,1,0,1,1,1",0.485,0.72,0.54375,0.48872180451127817,0.65,0.5579399141630901,0.485,0.7197709083557129
"1,0,0,0,1,0,0,0,0,0,0,1,0,1,1,1,0,0,0,0,0",0.48,0.73,0.5425,0.48823529411764705,0.83,0.6148148148148148,0.48,0.6471102237701416
"0,1,0,0,1,0,1,1,0,0,1,0,1,1,0,1,0,0,0,0,0",0.48,0.73,0.5425,0.48823529411764705,0.83,0.6148148148148148,0.48,0.5847766399383545
"0,0,1,1,1,1,1,1,1,1,0,0,1,1,0,0,0,0,1,1,1",0.46,0.79,0.5425,0.4375,0.28,0.34146341463414637,0.46,0.7079181671142578
"1,1,1,0,1,0,0,0,0,0,1,0,1,0,1,0,0,1,0,0,1",0.51,0.64,0.5425,0.5089285714285714,0.57,0.5377358490566038,0.51,0.6957452297210693
"0,0,1,0,1,0,1,1,0,1,1,0,1,0,0,0,0,0,0,0,0",0.48,0.73,0.5425,0.48823529411764705,0.83,0.6148148148148148,0.48,0.605928897857666
"0,0,1,1,1,0,0,0,1,0,0,1,1,1,0,1,0,0,0,0,1",0.475,0.74,0.54125,0.48031496062992124,0.61,0.5374449339207048,0.475,0.6226816177368164
"1,1,0,0,1,0,0,1,0,0,1,0,1,0,1,0,1,1,1,1,0",0.495,0.68,0.54125,0.4936708860759494,0.39,0.43575418994413406,0.495,0.6252121925354004
"0,0,0,0,0,1,0,0,1,0,1,1,0,0,0,0,1,0,1,1,0",0.495,0.68,0.54125,0.49572649572649574,0.58,0.5345622119815668,0.495,0.6435060501098633
"0,0,1,1,0,1,0,0,0,0,0,1,1,0,0,1,0,0,1,0,0",0.505,0.65,0.54125,0.5033112582781457,0.76,0.6055776892430279,0.505,0.595980167388916
"1,0,1,0,0,1,0,1,1,0,0,1,1,1,0,0,0,0,0,0,0",0.505,0.65,0.54125,0.5033112582781457,0.76,0.6055776892430279,0.505,0.6367933750152588
"0,0,0,1,1,1,1,0,0,1,0,0,0,1,0,0,1,0,0,0,0",0.505,0.65,0.54125,0.5033112582781457,0.76,0.6055776892430279,0.505,0.593468189239502
"1,1,1,0,0,0,1,0,1,0,0,1,1,1,1,0,0,1,0,1,0",0.475,0.74,0.54125,0.45098039215686275,0.23,0.304635761589404,0.475,0.669539213180542
"0,0,1,1,0,1,1,0,0,1,0,1,1,1,0,0,1,0,0,0,0",0.505,0.65,0.54125,0.5033112582781457,0.76,0.6055776892430279,0.505,0.6238324642181396
"1,0,0,1,0,1,1,0,0,0,0,0,1,1,0,0,0,0,0,0,0",0.505,0.65,0.54125,0.5033112582781457,0.76,0.6055776892430279,0.505,0.5797646045684814
"0,0,0,1,1,1,1,0,0,1,0,0,0,1,0,1,0,0,0,0,0",0.505,0.65,0.54125,0.5033112582781457,0.76,0.6055776892430279,0.505,0.6133198738098145
"1,1,0,0,0,1,0,0,1,0,0,0,1,0,0,1,1,0,1,0,0",0.505,0.65,0.54125,0.5033112582781457,0.76,0.6055776892430279,0.505,0.5785086154937744
"1,0,0,0,1,1,0,0,0,1,0,1,1,0,0,0,1,0,0,0,0",0.505,0.65,0.54125,0.5033112582781457,0.76,0.6055776892430279,0.505,0.625446081161499
"0,1,1,0,1,0,0,0,1,0,0,0,0,1,1,0,0,1,0,1,1",0.465,0.77,0.54125,0.4339622641509434,0.23,0.3006535947712418,0.46499999999999997,0.6363434791564941
"0,1,1,0,0,1,0,0,1,0,0,1,1,0,0,1,1,0,0,0,0",0.505,0.65,0.54125,0.5033112582781457,0.76,0.6055776892430279,0.505,0.6183245182037354
"1,1,1,0,0,1,1,0,0,1,0,1,0,0,1,0,1,1,0,1,0",0.45,0.81,0.54,0.4107142857142857,0.23,0.2948717948717949,0.45,0.6972095966339111
"0,1,1,1,0,0,1,0,1,0,0,0,1,0,0,0,1,0,1,0,1",0.48,0.72,0.54,0.46296296296296297,0.25,0.3246753246753247,0.48,0.6805615425109863
"0,0,0,0,0,0,1,0,1,1,1,0,0,0,0,0,1,0,0,1,0",0.48,0.72,0.54,0.4714285714285714,0.33,0.38823529411764707,0.48,0.6103436946868896
"1,1,1,0,0,1,0,1,1,0,0,0,0,0,1,1,0,0,0,0,0",0.48,0.72,0.54,0.4714285714285714,0.33,0.38823529411764707,0.48,0.5958271026611328
"0,1,0,1,0,0,0,0,0,0,1,1,1,0,0,1,0,1,1,1,1",0.45,0.81,0.54,0.43902439024390244,0.36,0.3956043956043956,0.45,0.7145307064056396
"1,0,0,1,0,1,1,1,0,0,1,0,0,0,0,1,0,1,1,0,0",0.47,0.75,0.54,0.4673913043478261,0.43,0.4479166666666667,0.47,0.5947496891021729
"1,0,0,0,1,1,1,0,0,0,1,0,1,0,1,0,0,0,1,0,0",0.47,0.75,0.54,0.46938775510204084,0.46,0.46464646464646464,0.47,0.6448631286621094
"1,0,0,0,1,0,0,1,0,0,0,1,0,1,1,0,1,1,1,1,0",0.45,0.81,0.54,0.38636363636363635,0.17,0.2361111111111111,0.45,0.6605644226074219
"1,0,1,1,0,1,1,0,1,0,0,0,0,0,0,0,0,1,0,0,0",0.48,0.72,0.54,0.4714285714285714,0.33,0.38823529411764707,0.48,0.5678133964538574
"0,0,1,0,1,0,1,1,1,1,0,0,0,1,1,0,0,0,0,1,0",0.465,0.76,0.5387500000000001,0.4186046511627907,0.18,0.2517482517482518,0.46499999999999997,0.6589162349700928
"1,1,0,1,1,0,0,1,0,0,1,0,1,1,0,0,1,0,1,1,0",0.465,0.76,0.5387500000000001,0.43137254901960786,0.22,0.2913907284768212,0.46499999999999997,0.6762163639068604
"1,0,0,0,1,0,1,0,1,0,0,0,0,0,0,1,0,1,0,1,1",0.465,0.76,0.5387500000000001,0.4426229508196721,0.27,0.33540372670807456,0.465,0.6697473526000977
"1,1,1,0,1,0,0,0,1,0,1,1,1,0,0,0,1,1,1,1,0",0.465,0.76,0.5387500000000001,0.4545454545454545,0.35,0.3954802259887006,0.4649999999999999,0.6432363986968994
"0,0,1,0,1,0,1,1,0,1,1,0,1,1,0,1,1,1,0,0,0",0.475,0.73,0.53875,0.4752475247524752,0.48,0.47761194029850745,0.475,0.6016891002655029
"0,1,1,1,1,0,1,1,0,0,1,0,0,1,1,0,1,1,0,1,1",0.455,0.79,0.53875,0.44,0.33,0.37714285714285717,0.45499999999999996,0.6185750961303711
"1,1,0,1,0,0,0,1,1,1,1,0,0,0,1,0,0,1,1,0,1",0.47,0.73,0.535,0.42105263157894735,0.16,0.2318840579710145,0.47000000000000003,0.7476422786712646
"1,0,1,0,1,0,1,0,1,1,1,0,0,0,0,1,0,1,0,0,1",0.47,0.73,0.5349999999999999,0.375,0.09,0.14516129032258066,0.47,0.6523599624633789
"1,0,1,0,0,0,1,1,1,1,1,0,0,0,1,0,1,0,1,1,1",0.49,0.67,0.5349999999999999,0.47058823529411764,0.16,0.23880597014925373,0.49,0.6491386890411377
"1,0,1,0,1,0,0,0,1,0,0,1,0,1,1,0,0,0,0,0,0",0.485,0.68,0.53375,0.4895104895104895,0.7,0.5761316872427984,0.485,0.6251387596130371
"0,1,0,1,1,0,1,0,0,0,0,0,1,0,0,0,1,1,0,0,0",0.485,0.68,0.53375,0.48951048951048953,0.7,0.5761316872427984,0.485,0.6049025058746338
"0,1,1,1,1,0,0,1,0,0,1,1,0,1,0,0,0,0,0,0,0",0.485,0.68,0.53375,0.48951048951048953,0.7,0.5761316872427984,0.485,0.6491546630859375
"0,1,1,1,1,0,1,1,1,1,1,0,0,0,0,0,0,0,0,0,0",0.485,0.68,0.53375,0.48951048951048953,0.7,0.5761316872427984,0.485,0.565401554107666
"0,0,0,0,0,0,1,0,0,0,1,0,1,1,1,1,1,0,1,1,0",0.455,0.77,0.53375,0.423728813559322,0.25,0.31446540880503143,0.455,0.679729700088501
"1,0,0,0,0,0,0,1,1,1,0,0,1,1,1,1,0,0,1,0,0",0.485,0.68,0.53375,0.48951048951048953,0.7,0.5761316872427984,0.485,0.5963833332061768
"0,1,1,0,0,1,0,0,1,0,0,1,0,1,0,1,0,1,1,1,1",0.455,0.77,0.53375,0.3953488372093023,0.17,0.23776223776223776,0.455,0.7182090282440186
"1,0,0,0,1,0,1,1,1,1,0,1,1,1,1,1,0,0,0,0,0",0.49,0.66,0.5325,0.4857142857142857,0.34,0.4,0.49,0.5832741260528564
"1,0,0,0,1,0,0,1,1,1,0,0,1,1,0,1,0,1,1,0,0",0.49,0.66,0.5325,0.4857142857142857,0.34,0.4,0.49,0.6119568347930908
"1,1,1,0,0,1,1,1,0,1,0,1,0,1,1,0,1,1,0,1,0",0.445,0.79,0.53125,0.37777777777777777,0.17,0.23448275862068965,0.445,0.7268805503845215
"1,0,0,1,1,1,1,1,1,0,0,0,1,0,0,0,0,1,1,1,0",0.475,0.7,0.53125,0.4752475247524752,0.48,0.47761194029850745,0.475,0.6514840126037598
"1,0,0,0,1,1,0,1,0,0,0,1,0,1,0,1,1,0,1,1,0",0.445,0.79,0.53125,0.43820224719101125,0.39,0.4126984126984127,0.445,0.719477653503418
"1,0,0,0,0,1,1,1,1,0,0,1,0,0,0,1,0,1,0,0,0",0.48,0.68,0.53,0.47674418604651164,0.41,0.44086021505376344,0.48,0.6317996978759766
"1,1,0,0,1,1,0,1,1,0,0,0,1,0,1,1,1,1,1,1,1",0.46,0.74,0.53,0.43548387096774194,0.27,0.3333333333333333,0.46,0.7149980068206787
"0,0,1,0,0,0,1,0,0,1,0,0,0,0,0,1,1,1,0,1,0",0.475,0.69,0.52875,0.3076923076923077,0.04,0.07079646017699115,0.47500000000000003,0.6675629615783691
"1,1,1,0,1,0,1,0,1,1,1,0,0,1,0,0,0,0,0,1,0",0.475,0.69,0.52875,0.3076923076923077,0.04,0.07079646017699115,0.47500000000000003,0.5896027088165283
"1,1,1,1,0,0,1,1,1,1,1,1,0,0,0,1,0,0,0,0,1",0.475,0.69,0.52875,0.3076923076923077,0.04,0.07079646017699115,0.47500000000000003,0.6492726802825928
"1,1,0,0,1,0,1,1,1,1,1,0,0,0,0,0,0,0,0,1,0",0.475,0.69,0.52875,0.3076923076923077,0.04,0.07079646017699115,0.47500000000000003,0.6112356185913086
"0,0,1,0,0,0,0,1,0,0,0,1,1,0,0,1,1,0,0,1,0",0.445,0.78,0.52875,0.4266666666666667,0.32,0.3657142857142857,0.44499999999999995,0.6744804382324219
"1,0,0,0,1,1,1,1,0,0,1,0,0,1,1,0,1,1,0,0,0",0.445,0.78,0.52875,0.43209876543209874,0.35,0.3867403314917127,0.445,0.6657266616821289
"1,0,1,0,0,1,0,0,1,0,0,1,1,1,1,1,1,0,1,0,1",0.455,0.75,0.5287499999999999,0.45263157894736844,0.43,0.441025641025641,0.45499999999999996,0.6607570648193359
"1,1,1,0,0,1,1,1,0,1,0,0,1,0,0,1,1,1,0,0,1",0.45,0.76,0.5275000000000001,0.41379310344827586,0.24,0.3037974683544304,0.45,0.6795051097869873
"0,0,1,1,0,0,1,0,0,1,0,0,1,0,1,0,1,0,1,1,1",0.44,0.79,0.5275000000000001,0.3,0.09,0.13846153846153847,0.44,0.6400759220123291
"1,1,1,0,0,1,1,1,1,1,0,0,0,1,0,1,1,1,0,1,0",0.45,0.76,0.5275000000000001,0.41379310344827586,0.24,0.3037974683544304,0.45,0.6969475746154785
"1,0,1,0,0,1,1,0,1,0,0,0,0,1,1,0,1,0,1,1,0",0.46,0.73,0.5275,0.4701492537313433,0.63,0.5384615384615384,0.45999999999999996,0.6224195957183838
"1,0,0,1,0,0,1,0,0,0,0,1,1,1,1,0,0,1,1,1,1",0.45,0.76,0.5275,0.391304347826087,0.18,0.2465753424657534,0.44999999999999996,0.6567485332489014
"0,0,1,1,0,1,0,1,1,1,0,0,1,1,1,0,0,1,0,0,0",0.46,0.73,0.5275,0.46078431372549017,0.47,0.46534653465346537,0.45999999999999996,0.7227790355682373
"0,1,1,0,1,0,0,1,1,0,0,1,1,0,1,0,1,1,1,0,0",0.475,0.68,0.52625,0.46987951807228917,0.39,0.4262295081967213,0.47500000000000003,0.6544597148895264
"1,0,0,1,1,1,1,1,1,1,0,1,1,1,0,0,1,0,0,0,1",0.465,0.71,0.52625,0.44776119402985076,0.3,0.3592814371257485,0.46499999999999997,0.7040557861328125
"0,1,1,0,0,0,0,0,1,0,1,1,1,0,0,1,0,1,0,0,0",0.455,0.74,0.52625,0.46715328467153283,0.64,0.540084388185654,0.455,0.6591475009918213
"0,1,0,0,1,1,1,1,0,1,1,0,0,0,1,0,0,0,0,0,0",0.455,0.74,0.5262499999999999,0.45263157894736844,0.43,0.441025641025641,0.45499999999999996,0.5720803737640381
"0,0,1,0,1,1,0,1,0,0,1,0,1,1,0,0,1,1,1,0,0",0.455,0.74,0.5262499999999999,0.45263157894736844,0.43,0.441025641025641,0.45499999999999996,0.6670780181884766
"0,0,0,1,0,1,1,0,1,0,0,1,1,0,1,0,0,0,0,1,1",0.44,0.78,0.525,0.44642857142857145,0.5,0.4716981132075472,0.44,0.6776354312896729
"1,1,1,1,1,0,1,0,0,0,0,0,0,1,0,1,1,1,1,0,1",0.44,0.78,0.525,0.3235294117647059,0.11,0.16417910447761194,0.44,0.6659586429595947
"1,1,0,0,0,1,0,1,0,1,1,1,0,0,1,0,1,1,0,0,0",0.44,0.78,0.525,0.4423076923076923,0.46,0.45098039215686275,0.44,0.6483094692230225
"1,0,1,1,1,0,1,0,1,1,1,1,1,1,1,0,1,1,1,0,0",0.48,0.66,0.5249999999999999,0.45652173913043476,0.21,0.2876712328767123,0.48,0.6419789791107178
"1,1,1,0,0,1,0,1,0,0,0,0,1,1,0,1,0,0,0,0,0",0.455,0.73,0.5237499999999999,0.45054945054945056,0.41,0.4293193717277487,0.45499999999999996,0.6366450786590576
"0,0,1,1,1,0,0,1,1,1,1,0,0,1,0,0,1,1,0,1,0",0.435,0.79,0.5237499999999999,0.39344262295081966,0.24,0.2981366459627329,0.435,0.6952166557312012
"0,1,1,1,0,0,1,1,1,0,1,0,1,1,1,0,0,1,1,0,0",0.435,0.79,0.5237499999999999,0.39344262295081966,0.24,0.2981366459627329,0.435,0.637643575668335
"1,1,0,1,0,1,0,1,0,1,0,0,1,1,0,1,0,0,0,0,0",0.455,0.73,0.5237499999999999,0.45054945054945056,0.41,0.4293193717277487,0.45499999999999996,0.5677123069763184
"1,1,0,1,0,1,1,0,0,0,0,0,1,1,1,0,0,0,0,0,0",0.47,0.68,0.5225,0.4666666666666667,0.42,0.4421052631578947,0.47,0.5758476257324219
"0,1,0,0,0,0,1,1,1,0,0,0,1,0,0,1,1,1,0,1,0",0.44,0.77,0.5225,0.44339622641509435,0.47,0.4563106796116505,0.43999999999999995,0.6613559722900391
"0,0,1,1,1,1,1,0,0,0,0,1,1,0,0,0,1,1,1,0,0",0.445,0.75,0.52125,0.4395604395604395,0.4,0.418848167539267,0.445,0.6208853721618652
"0,1,0,0,1,1,1,0,0,1,1,1,1,1,1,1,1,0,0,0,1",0.465,0.69,0.52125,0.4639175257731959,0.45,0.45685279187817257,0.46499999999999997,0.6607804298400879
"1,0,0,0,1,0,0,0,0,0,0,1,0,1,1,1,0,1,1,0,0",0.45,0.73,0.52,0.46835443037974683,0.74,0.5736434108527132,0.45,0.6085495948791504
"0,0,0,1,1,0,0,0,0,0,0,0,1,0,0,0,0,1,1,0,0",0.45,0.73,0.52,0.3611111111111111,0.13,0.19117647058823528,0.45,0.6035497188568115
"0,1,0,0,1,1,0,0,0,0,0,1,1,1,1,1,0,1,1,1,0",0.45,0.73,0.52,0.45098039215686275,0.46,0.45544554455445546,0.45,0.6093807220458984
"0,1,1,0,1,0,0,0,0,0,0,0,0,1,0,0,0,0,0,1,0",0.45,0.73,0.52,0.3611111111111111,0.13,0.19117647058823528,0.45,0.5635266304016113
"1,0,1,0,1,0,0,1,1,1,0,1,0,0,1,0,0,1,1,0,0",0.44,0.75,0.5175000000000001,0.4491525423728814,0.53,0.48623853211009177,0.44,0.5924127101898193
"0,0,1,0,1,1,0,1,0,0,0,1,1,1,1,0,0,0,1,0,0",0.47,0.66,0.5175000000000001,0.4788732394366197,0.68,0.5619834710743802,0.47000000000000003,0.6295959949493408
"1,0,1,0,0,1,1,0,1,1,1,0,0,0,1,0,1,0,1,1,1",0.42,0.81,0.5175000000000001,0.38571428571428573,0.27,0.3176470588235294,0.42,0.6625411510467529
"0,0,0,0,0,1,1,1,0,0,1,0,1,1,1,1,0,0,1,1,0",0.485,0.61,0.51625,0.4897959183673469,0.72,0.582995951417004,0.485,0.6366546154022217
"1,1,0,0,1,0,0,1,1,0,1,0,0,0,0,0,0,0,0,1,1",0.45,0.71,0.515,0.25,0.05,0.08333333333333333,0.45,0.6560730934143066
"1,1,1,1,1,0,0,0,1,0,0,1,0,0,0,1,1,1,0,0,0",0.45,0.7,0.5125,0.4456521739130434,0.41,0.4270833333333333,0.4499999999999999,0.6203598976135254
"1,1,1,0,0,0,0,0,0,0,0,1,0,1,0,1,1,1,0,0,0",0.45,0.7,0.5125,0.44565217391304346,0.41,0.4270833333333333,0.44999999999999996,0.5705873966217041
"0,1,1,1,0,1,1,0,0,0,0,0,1,0,1,1,1,0,0,1,0",0.42,0.79,0.5125,0.3709677419354839,0.23,0.2839506172839506,0.42,0.6724026203155518
"1,1,0,0,1,0,0,0,0,0,0,1,0,1,1,0,1,0,0,1,1",0.43,0.75,0.51,0.3541666666666667,0.17,0.22972972972972974,0.43,0.6391134262084961
"0,1,0,1,1,1,1,1,0,1,0,1,0,1,1,1,0,0,1,0,0",0.435,0.73,0.50875,0.42168674698795183,0.35,0.3825136612021858,0.435,0.5767199993133545
"0,1,1,0,1,1,1,0,0,1,0,0,1,0,0,0,1,0,1,1,1",0.4,0.83,0.5075000000000001,0.2826086956521739,0.13,0.1780821917808219,0.4,0.6786525249481201
"1,1,1,0,0,1,0,0,0,0,0,0,1,1,1,1,0,1,0,0,1",0.445,0.69,0.50625,0.3877551020408163,0.19,0.2550335570469799,0.44499999999999995,0.6507687568664551
"0,0,0,0,1,0,1,0,0,1,0,1,1,1,1,0,0,1,0,0,1",0.43,0.73,0.505,0.41025641025641024,0.32,0.3595505617977528,0.43000000000000005,0.6102838516235352
"0,0,1,0,1,0,1,0,0,0,0,0,0,1,0,1,0,1,1,1,1",0.42,0.74,0.5,0.13636363636363635,0.03,0.04918032786885246,0.42000000000000004,0.7256076335906982
"1,0,1,1,0,1,1,0,1,1,0,1,1,1,0,0,0,1,1,1,0",0.41,0.75,0.495,0.3125,0.15,0.20270270270270271,0.41000000000000003,0.6293399333953857
"0,1,0,1,0,1,1,0,0,1,1,1,1,0,1,0,1,1,0,0,1",0.405,0.76,0.4937499999999999,0.3492063492063492,0.22,0.2699386503067484,0.4049999999999999,0.6997706890106201
"1,0,1,0,1,0,1,1,1,1,0,0,1,1,0,1,1,0,0,0,1",0.425,0.65,0.48125000000000007,0.3469387755102041,0.17,0.22818791946308725,0.42500000000000004,0.6620666980743408
"0,0,1,0,1,0,0,1,0,1,1,0,1,0,0,1,0,1,1,0,0",0.375,0.73,0.46375,0.3188405797101449,0.22,0.2603550295857988,0.375,0.6767427921295166
"1,0,1,1,0,1,1,1,1,0,0,1,0,0,0,0,0,0,1,1,1",0.38,0.69,0.4575,0.3181818181818182,0.21,0.25301204819277107,0.38,0.6095733642578125
"1,0,0,1,0,0,0,0,1,0,0,1,1,0,0,1,0,0,1,0,0",0.0,0.0,0.0,0.0,0.0,0.0,0.0,0.0
"1,1,0,0,0,0,1,1,1,1,0,0,1,0,0,0,1,0,1,0,0",0.0,0.0,0.0,0.0,0.0,0.0,0.0,0.0
"1,0,0,1,1,0,1,0,1,0,0,1,1,1,0,1,0,0,1,0,0",0.0,0.0,0.0,0.0,0.0,0.0,0.0,0.0
"0,1,1,0,0,0,1,1,1,1,0,0,0,1,0,0,0,0,0,0,0",0.0,0.0,0.0,0.0,0.0,0.0,0.0,0.0
"0,1,0,1,0,0,1,1,1,1,0,1,1,0,0,0,1,0,0,0,0",0.0,0.0,0.0,0.0,0.0,0.0,0.0,0.0
"1,0,1,0,1,0,0,0,1,1,0,0,0,0,0,0,1,0,1,0,0",0.0,0.0,0.0,0.0,0.0,0.0,0.0,0.0
"1,0,1,0,0,0,1,1,1,0,0,1,1,1,0,1,0,0,1,0,0",0.0,0.0,0.0,0.0,0.0,0.0,0.0,0.0
"1,0,1,1,0,0,0,0,0,1,0,1,1,1,0,0,1,0,1,0,0",0.0,0.0,0.0,0.0,0.0,0.0,0.0,0.0
"0,1,0,1,1,0,1,1,0,1,0,0,0,0,0,0,0,0,1,0,0",0.0,0.0,0.0,0.0,0.0,0.0,0.0,0.0
"0,1,0,0,1,0,1,0,0,0,0,0,0,1,0,1,1,0,1,0,0",0.0,0.0,0.0,0.0,0.0,0.0,0.0,0.0
"1,0,0,1,0,0,0,1,0,1,0,0,0,0,0,1,1,0,0,0,0",0.0,0.0,0.0,0.0,0.0,0.0,0.0,0.0
"0,0,0,1,1,0,0,1,0,1,0,1,0,0,0,1,1,0,0,0,0",0.0,0.0,0.0,0.0,0.0,0.0,0.0,0.0
"1,0,1,1,0,0,1,0,0,0,0,1,0,1,0,0,0,0,0,0,0",0.0,0.0,0.0,0.0,0.0,0.0,0.0,0.0
"0,1,1,1,0,0,1,0,0,0,0,0,0,1,0,1,1,0,1,0,0",0.0,0.0,0.0,0.0,0.0,0.0,0.0,0.0
"1,0,0,0,1,0,1,1,0,1,0,0,1,0,0,1,1,0,1,0,0",0.0,0.0,0.0,0.0,0.0,0.0,0.0,0.0
"0,0,1,0,0,0,1,1,1,0,0,0,1,1,0,0,1,0,1,0,0",0.0,0.0,0.0,0.0,0.0,0.0,0.0,0.0
