encoding,test accuracy,training accuracy,combined accuracy,test precision,test recall,test fscore,test auc,training time
"19,10,11,7,13,18,16,6,17,21,12,20,11,8,5",0.635,0.76,0.66625,0.7368421052631579,0.42,0.535031847133758,0.635,0.9469947814941406
"19,10,11,7,13,18,16,6,17,21,12,20,11,13,5",0.57,0.89,0.65,0.5673076923076923,0.59,0.5784313725490197,0.5700000000000001,1.0248706340789795
"19,12,12,15,11,13,18,15,11,6,17,10,12,11,11",0.53,0.97,0.64,0.5217391304347826,0.72,0.6050420168067226,0.53,0.8617289066314697
"9,10,19,6,5,13,2,3,17,7,4,8,14,7,3",0.62,0.68,0.635,0.6621621621621622,0.49,0.5632183908045977,0.62,0.6700575351715088
"19,10,16,22,13,18,16,6,17,21,12,20,11,8,5",0.555,0.86,0.63125,0.5321637426900585,0.91,0.6715867158671587,0.555,0.9802370071411133
"4,10,5,16,13,18,16,6,17,21,12,20,11,8,5",0.6,0.72,0.6299999999999999,0.5625,0.9,0.6923076923076923,0.6,0.856576681137085
"19,12,12,15,11,13,23,15,11,6,17,10,12,11,11",0.53,0.91,0.625,0.5227272727272727,0.69,0.5948275862068966,0.53,0.9151699542999268
"12,19,17,4,17,11,13,15,13,17,19,8,23,11,16",0.56,0.82,0.625,0.6071428571428571,0.34,0.4358974358974359,0.56,1.5900163650512695
"6,17,9,19,12,12,15,11,13,18,15,11,6,17,10",0.565,0.8,0.62375,0.5436241610738255,0.81,0.6506024096385542,0.5650000000000001,0.8654627799987793
"19,12,5,4,13,18,12,6,17,21,12,20,11,8,5",0.52,0.91,0.6174999999999999,0.5149253731343284,0.69,0.5897435897435898,0.52,0.9798672199249268
"19,10,5,4,13,18,12,6,17,21,12,20,11,8,5",0.555,0.79,0.61375,0.5632183908045977,0.49,0.5240641711229946,0.5549999999999999,0.8142716884613037
"19,10,23,6,13,18,16,6,17,21,12,20,11,8,5",0.555,0.79,0.61375,0.5662650602409639,0.47,0.5136612021857924,0.5549999999999999,1.0069513320922852
"0,16,5,22,4,17,17,15,6,12,14,7,19,10,11",0.49,0.98,0.6125,0.48936170212765956,0.46,0.4742268041237113,0.49,0.8154633045196533
"9,0,9,0,8,14,5,15,13,10,15,14,6,8,2",0.62,0.59,0.6124999999999999,0.65,0.52,0.5777777777777777,0.62,0.6426956653594971
"22,17,12,5,14,4,3,5,21,7,17,18,5,6,9",0.56,0.77,0.6124999999999999,0.581081081081081,0.43,0.4942528735632184,0.5599999999999999,0.9120347499847412
"14,12,11,18,1,10,9,4,4,2,8,8,16,11,6",0.595,0.66,0.61125,0.5620915032679739,0.86,0.6798418972332015,0.595,0.7234389781951904
"16,5,23,6,11,10,20,6,12,4,23,10,14,9,4",0.565,0.75,0.61125,0.6585365853658537,0.27,0.3829787234042553,0.565,0.7019519805908203
"16,10,23,6,11,10,20,6,12,4,12,10,14,9,4",0.59,0.67,0.61,0.56,0.84,0.672,0.59,0.7564475536346436
"14,12,11,18,1,10,5,4,4,2,8,8,16,11,6",0.595,0.65,0.60875,0.6233766233766234,0.48,0.5423728813559322,0.595,0.8179442882537842
"14,16,5,22,4,17,5,15,4,2,8,7,16,10,11",0.525,0.86,0.60875,0.5210084033613446,0.62,0.5662100456621004,0.525,0.7119090557098389
"18,9,16,19,18,17,4,10,19,0,6,0,7,17,13",0.54,0.81,0.6075,0.5526315789473685,0.42,0.4772727272727273,0.54,2.13063645362854
"19,5,5,4,13,18,12,6,17,21,8,20,11,8,5",0.5,0.93,0.6074999999999999,0.5,0.29,0.3670886075949367,0.5,0.7994880676269531
"13,21,14,3,5,14,12,19,6,17,9,19,12,12,15",0.555,0.76,0.60625,0.5314285714285715,0.93,0.6763636363636364,0.555,1.1128160953521729
"4,10,5,16,13,18,16,6,17,21,8,20,11,8,5",0.575,0.7,0.60625,0.5428571428571428,0.95,0.6909090909090909,0.575,0.7705683708190918
"4,16,5,0,8,14,5,15,13,10,15,20,6,8,2",0.58,0.68,0.605,0.6,0.48,0.5333333333333333,0.5800000000000001,0.770500898361206
"4,10,0,16,13,18,16,6,17,21,12,20,11,8,5",0.57,0.71,0.605,0.5388888888888889,0.97,0.6928571428571428,0.57,0.8063993453979492
"14,9,5,19,18,17,4,10,19,0,6,0,7,17,13",0.55,0.77,0.605,0.578125,0.37,0.45121951219512196,0.55,1.7976324558258057
"9,10,19,7,5,18,16,6,17,21,12,8,14,7,5",0.575,0.69,0.60375,0.6744186046511628,0.29,0.40559440559440557,0.575,0.888399600982666
"8,21,8,9,0,2,15,19,7,18,16,18,10,2,3",0.61,0.58,0.6025,0.61,0.61,0.61,0.61,0.8702692985534668
"4,18,5,4,16,18,17,1,8,5,13,15,0,11,1",0.58,0.67,0.6025,0.5975609756097561,0.49,0.5384615384615384,0.5800000000000001,1.0415947437286377
"19,6,12,0,3,23,2,8,10,7,6,20,4,10,12",0.53,0.82,0.6025,0.5333333333333333,0.48,0.5052631578947369,0.53,0.8635838031768799
"4,16,5,15,9,8,0,13,14,4,2,9,2,19,4",0.66,0.43,0.6024999999999999,0.6818181818181818,0.6,0.6382978723404256,0.6599999999999999,0.6627800464630127
"19,12,16,22,13,18,16,6,17,21,8,20,11,8,5",0.505,0.89,0.6012500000000001,0.5032679738562091,0.77,0.6086956521739131,0.505,0.9939320087432861
"11,6,1,3,2,3,9,3,19,9,7,20,9,0,3",0.61,0.57,0.6000000000000001,0.6,0.66,0.6285714285714286,0.6100000000000001,0.6148502826690674
"19,17,12,15,11,13,23,5,11,6,17,10,5,6,11",0.5,0.9,0.6,0.5,0.29,0.3670886075949367,0.5,1.2480363845825195
"19,12,5,4,13,18,12,4,17,21,12,20,16,11,5",0.505,0.88,0.59875,0.5034965034965035,0.72,0.5925925925925926,0.505,0.8349490165710449
"19,10,9,0,13,18,16,6,17,21,12,20,11,8,5",0.515,0.85,0.59875,0.5283018867924528,0.28,0.3660130718954248,0.515,0.9502263069152832
"19,10,0,16,13,18,16,6,17,21,12,20,11,8,5",0.53,0.8,0.5975,0.6363636363636364,0.14,0.22950819672131148,0.53,0.9637625217437744
"16,14,23,6,11,10,20,6,12,4,8,10,14,9,4",0.535,0.78,0.59625,0.5522388059701493,0.37,0.4431137724550898,0.5349999999999999,0.7376158237457275
"12,5,3,6,10,6,1,22,16,15,8,1,4,16,5",0.575,0.66,0.59625,0.6829268292682927,0.28,0.3971631205673759,0.575,0.6541838645935059
"4,8,14,7,3,1,13,8,16,15,22,4,10,15,14",0.6,0.58,0.5950000000000001,0.5862068965517241,0.68,0.6296296296296297,0.6000000000000001,0.7000906467437744
"12,6,3,3,8,2,13,11,3,22,9,3,3,12,16",0.57,0.67,0.595,0.6346153846153846,0.33,0.4342105263157895,0.5700000000000001,0.6330115795135498
"16,16,5,6,11,17,17,6,6,12,14,7,19,9,11",0.47,0.97,0.595,0.4732142857142857,0.53,0.5,0.47,0.7905046939849854
"19,5,5,16,13,18,12,6,17,21,8,20,11,8,5",0.485,0.92,0.59375,0.49101796407185627,0.82,0.6142322097378277,0.485,1.039074182510376
"18,8,20,5,5,12,19,0,1,14,6,4,6,7,8",0.575,0.65,0.59375,0.6363636363636364,0.35,0.45161290322580644,0.575,0.7871425151824951
"5,6,0,16,15,12,3,10,19,15,0,13,0,9,8",0.545,0.74,0.59375,0.56,0.42,0.48,0.545,0.7708933353424072
"16,3,6,12,10,20,12,14,12,15,20,11,2,4,23",0.52,0.81,0.5925,0.524390243902439,0.43,0.4725274725274725,0.52,0.753899335861206
"14,20,16,15,11,14,16,7,15,1,13,4,10,23,8",0.58,0.63,0.5925,0.5740740740740741,0.62,0.5961538461538461,0.5800000000000001,0.7655274868011475
"6,11,17,13,8,7,3,22,15,13,11,16,0,9,18",0.605,0.55,0.59125,0.574468085106383,0.81,0.6721991701244814,0.605,0.7124056816101074
"6,19,10,6,8,22,12,21,8,10,10,8,10,22,0",0.535,0.76,0.59125,0.5284552845528455,0.65,0.5829596412556054,0.535,0.8810029029846191
"8,4,1,6,3,3,22,13,17,13,10,18,11,9,2",0.61,0.53,0.5900000000000001,0.5916666666666667,0.71,0.6454545454545455,0.61,0.6879942417144775
"16,16,23,15,9,8,0,13,13,4,2,10,2,19,4",0.55,0.71,0.5900000000000001,0.6136363636363636,0.27,0.375,0.55,0.8527998924255371
"19,14,11,7,4,15,4,23,8,19,8,8,18,9,2",0.585,0.6,0.58875,0.7741935483870968,0.24,0.366412213740458,0.585,0.8916988372802734
"5,12,1,11,23,13,23,7,19,13,1,7,15,10,16",0.595,0.57,0.58875,0.6,0.57,0.5846153846153846,0.595,0.8173263072967529
"9,2,22,12,7,7,17,7,16,1,11,11,15,19,12",0.58,0.61,0.5875000000000001,0.5666666666666667,0.68,0.6181818181818182,0.5800000000000001,0.768852710723877
"16,14,23,6,13,10,20,6,12,4,8,10,14,9,5",0.53,0.76,0.5875,0.6875,0.11,0.1896551724137931,0.53,0.7433011531829834
"16,15,17,4,3,21,1,11,13,4,10,17,17,12,2",0.55,0.7,0.5875,0.5357142857142857,0.75,0.625,0.55,0.9082739353179932
"13,20,1,16,10,6,9,20,17,18,17,12,14,13,0",0.64,0.43,0.5874999999999999,0.6627906976744186,0.57,0.6129032258064516,0.6399999999999999,1.0807318687438965
"22,2,16,0,5,17,18,6,18,9,14,9,15,17,9",0.525,0.77,0.58625,0.514792899408284,0.87,0.6468401486988847,0.525,1.5509462356567383
"14,10,16,22,11,18,16,6,15,21,12,4,10,23,5",0.515,0.8,0.5862499999999999,0.5130434782608696,0.59,0.5488372093023256,0.515,0.800722599029541
"22,17,12,5,14,4,3,5,21,10,17,18,5,6,9",0.515,0.8,0.5862499999999999,0.5161290322580645,0.48,0.49740932642487046,0.515,0.9877493381500244
"2,6,14,9,8,4,3,2,11,12,12,15,8,9,4",0.57,0.63,0.5850000000000001,0.6166666666666667,0.37,0.4625,0.5700000000000001,0.7292904853820801
"4,16,5,15,9,17,5,13,4,2,8,7,16,19,11",0.53,0.75,0.585,0.5833333333333334,0.21,0.3088235294117647,0.53,0.8433911800384521
"5,18,18,8,4,6,5,13,8,17,17,9,6,8,7",0.52,0.78,0.585,0.5232558139534884,0.45,0.4838709677419355,0.52,1.1987996101379395
"19,10,5,4,13,18,16,6,17,21,12,20,11,8,5",0.55,0.69,0.585,0.5324675324675324,0.82,0.6456692913385826,0.55,1.032393455505371
"18,8,13,10,2,20,14,0,14,6,0,5,10,0,0",0.54,0.72,0.585,0.53125,0.68,0.5964912280701754,0.54,0.7060198783874512
"13,13,10,5,10,19,0,2,18,16,8,6,7,21,5",0.5,0.84,0.585,0.5,0.66,0.5689655172413793,0.5,1.673279047012329
"19,10,0,6,13,18,16,6,17,21,12,20,11,8,5",0.515,0.79,0.58375,0.5164835164835165,0.47,0.49214659685863876,0.515,0.9493415355682373
"19,16,5,4,13,18,12,15,17,21,12,20,16,10,5",0.455,0.97,0.58375,0.449438202247191,0.4,0.42328042328042326,0.455,1.0847511291503906
"16,10,23,6,4,10,7,15,12,4,12,10,14,9,11",0.585,0.58,0.58375,0.5714285714285714,0.68,0.6210045662100456,0.585,0.888350248336792
"19,14,16,22,13,15,4,6,8,19,8,8,18,9,2",0.505,0.82,0.58375,0.5043478260869565,0.58,0.5395348837209303,0.505,0.8573136329650879
"19,10,11,7,13,18,16,6,17,21,12,20,11,20,5",0.51,0.8,0.5825,0.5073529411764706,0.69,0.5847457627118644,0.51,0.9722838401794434
"19,10,16,4,13,18,12,6,13,21,12,20,11,8,5",0.53,0.74,0.5825,0.5170454545454546,0.91,0.6594202898550725,0.53,0.8763566017150879
"16,5,5,6,11,18,12,6,17,21,8,20,11,9,5",0.5,0.83,0.5825,0.5,0.36,0.4186046511627907,0.5,0.7027373313903809
"10,18,13,18,15,3,3,11,9,8,2,18,19,8,10",0.59,0.56,0.5825,0.5661764705882353,0.77,0.652542372881356,0.59,1.5963401794433594
"18,2,1,17,12,9,16,11,15,19,10,4,2,22,5",0.57,0.62,0.5825,0.5411764705882353,0.92,0.6814814814814815,0.5700000000000001,1.014730453491211
"8,5,6,0,16,15,12,3,10,19,15,0,13,0,9",0.545,0.69,0.58125,0.5789473684210527,0.33,0.42038216560509556,0.545,0.703272819519043
"19,10,5,16,13,18,16,6,17,21,12,20,11,8,5",0.455,0.96,0.58125,0.4262295081967213,0.26,0.32298136645962733,0.455,1.0085890293121338
"19,10,12,5,13,18,16,6,17,21,12,20,11,8,5",0.475,0.9,0.5812499999999999,0.463768115942029,0.32,0.378698224852071,0.475,0.9600076675415039
"4,16,5,16,13,17,5,6,4,2,8,7,16,8,11",0.5,0.82,0.5800000000000001,0.5,0.48,0.4897959183673469,0.5,0.7761154174804688
"21,7,17,18,5,6,9,23,13,23,15,0,7,19,8",0.57,0.61,0.5800000000000001,0.6346153846153846,0.33,0.4342105263157895,0.5700000000000001,0.8683521747589111
"16,11,23,10,7,18,19,8,2,5,4,19,16,9,13",0.56,0.64,0.5800000000000001,0.6578947368421053,0.25,0.36231884057971014,0.56,1.7765483856201172
"17,21,9,4,10,14,20,7,13,2,4,1,22,9,6",0.57,0.61,0.5800000000000001,0.547945205479452,0.8,0.6504065040650406,0.5700000000000001,0.746636152267456
"12,10,17,6,11,10,20,6,13,4,12,8,14,9,4",0.53,0.73,0.5800000000000001,0.5454545454545454,0.36,0.43373493975903615,0.53,0.7770841121673584
"19,12,12,15,11,13,16,15,17,21,12,10,11,11,11",0.56,0.64,0.58,0.5340909090909091,0.94,0.6811594202898551,0.5599999999999999,0.9755833148956299
"12,17,3,6,7,15,11,16,1,16,18,19,12,7,20",0.56,0.64,0.58,0.5461538461538461,0.71,0.6173913043478261,0.5599999999999999,1.7233843803405762
"16,10,23,16,13,18,16,6,13,21,12,10,11,8,5",0.49,0.85,0.58,0.49,0.49,0.49,0.49,0.7730216979980469
"14,12,16,14,14,2,13,3,4,22,15,4,13,18,4",0.545,0.68,0.5787500000000001,0.5542168674698795,0.46,0.5027322404371585,0.545,0.8122875690460205
"19,10,9,19,13,18,16,6,17,21,12,20,11,8,5",0.475,0.89,0.57875,0.4528301886792453,0.24,0.3137254901960784,0.475,1.0564227104187012
"19,10,17,13,13,18,16,6,17,21,12,20,11,8,5",0.475,0.89,0.57875,0.46835443037974683,0.37,0.4134078212290503,0.475,1.0036914348602295
"17,9,0,0,22,10,21,15,20,3,10,9,3,7,7",0.535,0.71,0.5787499999999999,0.5315315315315315,0.59,0.5592417061611374,0.5349999999999999,0.7296676635742188
"2,17,5,11,9,10,14,23,1,5,15,6,4,16,17",0.57,0.6,0.5775000000000001,0.5777777777777777,0.52,0.5473684210526316,0.5700000000000001,0.8648021221160889
"14,16,5,19,18,17,5,10,4,2,8,7,16,23,11",0.5,0.81,0.5775,0.5,0.62,0.5535714285714286,0.5,1.9522027969360352
"4,11,3,9,12,19,16,15,5,23,12,13,14,10,2",0.56,0.63,0.5775,0.5441176470588235,0.74,0.6271186440677966,0.56,0.8955667018890381
"0,18,2,14,5,6,16,13,21,8,12,10,22,17,12",0.49,0.84,0.5775,0.49038461538461536,0.51,0.5,0.49,0.8208529949188232
"10,15,11,23,5,5,3,10,14,12,9,5,2,13,11",0.57,0.6,0.5775,0.559322033898305,0.66,0.6055045871559633,0.5700000000000001,0.689793586730957
"14,10,11,6,11,10,20,6,12,4,12,10,14,9,4",0.55,0.66,0.5775,0.5308641975308642,0.86,0.6564885496183206,0.55,0.7865986824035645
"5,10,15,11,23,5,5,3,10,14,12,9,5,2,13",0.59,0.54,0.5775,0.5523255813953488,0.95,0.6985294117647058,0.59,0.6772439479827881
"17,21,6,1,4,16,1,3,15,5,14,3,0,19,10",0.6,0.51,0.5774999999999999,0.5833333333333334,0.7,0.6363636363636364,0.6,1.3053843975067139
"0,16,11,5,13,18,6,13,13,20,5,14,13,5,9",0.525,0.73,0.57625,0.5135135135135135,0.95,0.6666666666666666,0.525,0.8076338768005371
"19,10,0,6,22,9,19,1,0,13,11,4,10,14,3",0.525,0.73,0.57625,0.543859649122807,0.31,0.39490445859872614,0.525,0.8614931106567383
"19,12,5,4,13,18,12,5,17,21,12,20,16,11,5",0.465,0.91,0.5762499999999999,0.4606741573033708,0.41,0.43386243386243384,0.46499999999999997,0.8593525886535645
"18,6,5,7,0,12,3,11,13,15,11,10,9,4,17",0.535,0.7,0.5762499999999999,0.5212121212121212,0.86,0.6490566037735849,0.535,0.7013223171234131
"4,12,5,11,23,13,23,7,13,13,1,15,15,10,16",0.56,0.62,0.5750000000000001,0.5625,0.54,0.5510204081632653,0.56,0.7469227313995361
"15,11,10,9,4,17,0,3,12,9,10,22,12,5,22",0.56,0.62,0.5750000000000001,0.532608695652174,0.98,0.6901408450704225,0.56,0.835075855255127
"5,14,12,19,6,17,9,19,12,12,15,11,13,18,15",0.55,0.65,0.5750000000000001,0.5268817204301075,0.98,0.6853146853146853,0.55,1.1572332382202148
"19,9,1,4,17,10,17,19,0,2,16,6,4,9,21",0.54,0.68,0.575,0.5952380952380952,0.25,0.352112676056338,0.54,1.3965470790863037
"5,6,0,16,15,12,3,10,19,15,0,13,0,9,7",0.53,0.71,0.575,0.5258620689655172,0.61,0.5648148148148148,0.53,0.6886615753173828
"5,11,10,10,4,16,9,11,3,5,10,19,1,14,6",0.555,0.63,0.57375,0.5329341317365269,0.89,0.6666666666666666,0.555,0.7668249607086182
"4,22,5,7,9,18,16,13,17,21,12,20,11,8,5",0.595,0.51,0.57375,0.611764705882353,0.52,0.5621621621621622,0.595,0.8958282470703125
"19,5,5,4,1,18,12,4,17,21,8,20,11,8,6",0.515,0.75,0.57375,0.5384615384615384,0.21,0.302158273381295,0.515,1.8712084293365479
"19,10,17,4,13,18,16,6,17,21,12,20,11,8,5",0.48,0.85,0.5725,0.47619047619047616,0.4,0.43478260869565216,0.48000000000000004,0.9553146362304688
"6,10,23,13,17,11,12,6,3,3,8,2,13,11,3",0.55,0.64,0.5725,0.5357142857142857,0.75,0.625,0.55,0.6718108654022217
"9,14,9,15,17,9,17,18,10,15,17,19,15,14,8",0.57,0.58,0.5725,0.559322033898305,0.66,0.6055045871559633,0.5700000000000001,1.4565610885620117
"15,19,1,19,15,21,15,13,9,17,6,19,10,6,8",0.54,0.67,0.5725,0.5689655172413793,0.33,0.4177215189873418,0.54,3.0317697525024414
"15,8,10,10,7,0,23,11,8,19,12,5,16,7,23",0.54,0.67,0.5725,0.5869565217391305,0.27,0.3698630136986301,0.54,0.7947313785552979
"5,10,0,16,15,12,3,10,19,15,11,13,0,9,8",0.57,0.58,0.5725,0.5443037974683544,0.86,0.6666666666666666,0.5700000000000001,0.8422942161560059
"5,10,0,16,15,12,3,6,19,15,0,13,10,23,8",0.535,0.68,0.57125,0.5202312138728323,0.9,0.6593406593406593,0.535,0.7467091083526611
"10,21,14,2,23,15,12,16,17,2,17,13,1,5,23",0.575,0.56,0.57125,0.5496688741721855,0.83,0.6613545816733067,0.575,0.853630781173706
"13,5,6,6,8,9,0,17,5,18,14,3,18,8,20",0.555,0.62,0.57125,0.5555555555555556,0.55,0.5527638190954773,0.555,0.8508269786834717
"13,18,15,11,6,17,10,12,11,11,17,22,16,12,18",0.475,0.86,0.57125,0.47863247863247865,0.56,0.5161290322580645,0.47500000000000003,0.8808386325836182
"19,5,5,4,11,18,12,6,17,21,8,20,11,8,4",0.495,0.8,0.57125,0.49732620320855614,0.93,0.6480836236933798,0.495,0.7836189270019531
"15,14,14,4,6,14,11,16,4,23,5,13,0,3,13",0.49,0.81,0.5700000000000001,0.48936170212765956,0.46,0.4742268041237113,0.49,0.7671084403991699
"3,9,16,6,3,22,12,3,16,21,16,10,8,19,4",0.58,0.54,0.5700000000000001,0.5555555555555556,0.8,0.6557377049180327,0.5800000000000001,0.9228217601776123
"14,2,18,7,12,19,15,2,7,19,15,23,5,6,16",0.56,0.6,0.5700000000000001,0.5909090909090909,0.39,0.46987951807228917,0.56,1.007941484451294
"22,14,5,18,3,3,15,16,11,11,14,17,19,6,4",0.525,0.7,0.5687500000000001,0.8571428571428571,0.06,0.11214953271028037,0.525,1.1543664932250977
"19,13,5,6,6,8,9,0,17,5,18,14,3,18,8",0.445,0.94,0.56875,0.417910447761194,0.28,0.33532934131736525,0.445,1.038262128829956
"19,10,5,4,13,18,12,20,17,21,12,20,11,8,5",0.465,0.88,0.56875,0.4444444444444444,0.28,0.34355828220858897,0.465,0.827986478805542
"16,15,17,4,3,21,1,11,13,4,13,17,17,12,2",0.535,0.67,0.56875,0.524822695035461,0.74,0.6141078838174274,0.535,0.9335269927978516
"19,16,5,22,4,17,17,15,6,12,14,7,19,10,11",0.455,0.91,0.56875,0.46017699115044247,0.52,0.48826291079812206,0.455,1.2407138347625732
"19,9,11,7,4,15,4,15,8,19,8,8,3,7,2",0.55,0.62,0.5675,0.5280898876404494,0.94,0.6762589928057554,0.5499999999999999,0.947350263595581
"10,15,14,15,21,14,16,0,17,1,13,13,6,7,9",0.53,0.68,0.5675,0.5217391304347826,0.72,0.6050420168067226,0.53,0.7427730560302734
"12,5,3,6,10,6,1,22,16,15,8,1,2,16,5",0.58,0.53,0.5674999999999999,0.8076923076923077,0.21,0.3333333333333333,0.58,0.6581645011901855
"15,0,13,0,9,7,19,10,16,22,13,18,16,6,17",0.535,0.66,0.56625,0.524822695035461,0.74,0.6141078838174274,0.535,0.7558026313781738
"8,14,13,8,13,9,1,6,13,1,14,8,10,8,4",0.555,0.6,0.56625,0.5679012345679012,0.46,0.5082872928176796,0.555,0.6521635055541992
"4,18,0,4,16,18,17,1,8,5,13,15,0,11,1",0.535,0.66,0.56625,0.5432098765432098,0.44,0.4861878453038674,0.535,1.0666148662567139
"14,18,5,4,16,18,16,1,15,6,13,15,10,11,1",0.525,0.69,0.56625,0.5301204819277109,0.44,0.4808743169398907,0.525,0.9602811336517334
"7,4,14,1,2,3,3,5,3,9,4,9,19,12,9",0.545,0.63,0.5662499999999999,0.6,0.27,0.3724137931034483,0.5449999999999999,0.622718095779419
"22,17,10,13,21,17,17,0,1,16,16,21,2,16,9",0.53,0.67,0.5650000000000001,0.5428571428571428,0.38,0.4470588235294118,0.53,1.1893236637115479
"4,15,20,8,2,11,7,18,17,9,16,5,9,1,2",0.57,0.55,0.5650000000000001,0.5406976744186046,0.93,0.6838235294117647,0.5700000000000001,0.8656086921691895
"22,11,18,8,23,6,2,6,6,3,1,12,7,10,9",0.57,0.55,0.5650000000000001,0.5583333333333333,0.67,0.6090909090909091,0.5700000000000001,0.751112699508667
"14,16,13,0,19,5,14,1,10,5,5,23,6,9,14",0.51,0.73,0.565,0.5208333333333334,0.25,0.33783783783783783,0.51,0.6930763721466064
"19,16,5,0,3,17,5,8,4,2,8,7,16,10,11",0.515,0.71,0.56375,0.5223880597014925,0.35,0.41916167664670656,0.515,1.2174439430236816
"19,10,5,15,13,18,16,6,17,21,12,20,11,8,5",0.485,0.8,0.56375,0.45454545454545453,0.15,0.22556390977443608,0.485,1.020289421081543
"10,20,14,15,23,14,16,7,17,1,13,13,1,5,8",0.56,0.57,0.5625,0.573170731707317,0.47,0.5164835164835165,0.56,0.7582263946533203
"15,15,9,4,6,20,9,22,8,16,16,0,18,11,21",0.51,0.72,0.5625,0.5333333333333333,0.16,0.2461538461538461,0.51,0.751922607421875
"10,15,14,15,23,14,16,7,17,1,13,13,6,7,8",0.57,0.54,0.5625,0.5614035087719298,0.64,0.5981308411214953,0.5700000000000001,0.8122873306274414
"8,3,6,0,16,15,12,3,10,19,12,0,13,0,9",0.56,0.57,0.5625,0.538961038961039,0.83,0.6535433070866141,0.5599999999999999,0.6877336502075195
"11,2,4,5,16,21,17,13,2,14,10,16,4,12,11",0.52,0.69,0.5625,0.5144927536231884,0.71,0.5966386554621849,0.52,1.0622034072875977
"9,11,23,10,7,18,19,8,2,5,4,19,16,9,13",0.58,0.51,0.5625,0.5571428571428572,0.78,0.65,0.5800000000000001,1.763033151626587
"11,17,13,8,7,3,22,15,13,11,16,0,9,18,14",0.54,0.63,0.5625,0.5416666666666666,0.52,0.5306122448979592,0.54,0.7480049133300781
"19,10,16,22,13,18,16,6,17,21,12,20,11,10,5",0.515,0.7,0.56125,0.5076142131979695,1.0,0.6734006734006734,0.515,0.9953434467315674
"16,6,3,22,12,3,16,21,16,10,8,19,4,7,11",0.515,0.7,0.56125,0.5102040816326531,0.75,0.6072874493927125,0.515,0.8599238395690918
"14,10,16,22,13,18,16,6,17,21,12,20,11,8,5",0.515,0.7,0.56125,0.5089820359281437,0.85,0.6367041198501873,0.515,0.8829424381256104
"19,15,23,10,7,16,8,8,17,9,18,16,6,7,16",0.545,0.61,0.5612499999999999,0.5245901639344263,0.96,0.6784452296819788,0.5449999999999999,0.9673261642456055
"12,11,17,10,9,18,19,8,22,5,4,17,23,14,13",0.555,0.58,0.5612499999999999,0.5662650602409639,0.47,0.5136612021857924,0.5549999999999999,1.6992294788360596
"9,3,7,7,21,12,3,10,23,16,12,21,8,13,12",0.55,0.59,0.56,0.5357142857142857,0.75,0.625,0.55,0.7149631977081299
"8,23,9,13,15,8,9,3,13,10,22,16,14,4,6",0.53,0.65,0.56,0.5714285714285714,0.24,0.3380281690140845,0.53,0.7317535877227783
"18,3,16,5,14,23,7,21,12,14,4,3,8,7,9",0.52,0.68,0.56,0.5128205128205128,0.8,0.625,0.52,0.8953042030334473
"13,0,19,5,14,1,10,5,5,23,6,9,14,21,3",0.54,0.62,0.56,0.5476190476190477,0.46,0.5,0.54,0.6912221908569336
"9,15,17,9,17,18,10,15,17,19,15,14,8,5,6",0.55,0.59,0.56,0.543859649122807,0.62,0.5794392523364486,0.55,1.390709400177002
"9,3,23,11,3,6,2,19,8,14,4,0,23,1,2",0.525,0.66,0.5587500000000001,0.5233644859813084,0.56,0.5410628019323671,0.525,0.6714239120483398
"19,10,11,7,4,18,16,23,17,21,12,20,11,8,5",0.505,0.72,0.5587500000000001,0.5217391304347826,0.12,0.1951219512195122,0.505,1.31752610206604
"9,3,7,7,23,12,3,7,23,16,12,21,8,13,8",0.555,0.57,0.55875,0.5407407407407407,0.73,0.6212765957446809,0.5549999999999999,0.7086203098297119
"10,20,14,15,23,14,16,2,17,1,13,13,1,5,8",0.585,0.48,0.55875,0.5876288659793815,0.57,0.5786802030456852,0.585,0.7787172794342041
"16,0,0,3,11,10,8,13,4,16,14,4,6,17,20",0.585,0.48,0.55875,0.8148148148148148,0.22,0.3464566929133858,0.585,0.7152976989746094
"12,17,17,4,17,11,13,5,13,17,19,8,5,6,16",0.535,0.63,0.55875,0.5191256830601093,0.95,0.6713780918727915,0.5349999999999999,1.2469844818115234
"16,0,5,17,18,6,18,9,14,9,15,17,9,17,18",0.455,0.87,0.55875,0.449438202247191,0.4,0.42328042328042326,0.455,1.564894199371338
"8,9,0,2,15,19,7,18,16,18,10,2,3,12,2",0.61,0.4,0.5575000000000001,0.625,0.55,0.5851063829787234,0.6100000000000001,0.9116897583007812
"9,15,23,10,7,18,19,8,2,5,10,19,16,9,13",0.55,0.58,0.5575000000000001,0.5446428571428571,0.61,0.5754716981132075,0.55,1.782958745956421
"19,15,16,15,11,16,8,7,17,9,18,16,6,7,16",0.51,0.7,0.5575,0.5069444444444444,0.73,0.5983606557377049,0.51,0.985405683517456
"5,0,15,21,13,13,10,5,10,19,0,2,18,16,8",0.52,0.67,0.5575,0.5125,0.82,0.6307692307692307,0.52,1.7483394145965576
"14,10,18,13,18,15,3,3,11,9,8,2,18,19,8",0.54,0.61,0.5575,0.528169014084507,0.75,0.6198347107438017,0.54,1.5953404903411865
"14,12,5,22,4,17,5,7,4,2,8,7,15,10,11",0.54,0.61,0.5575,0.5253164556962026,0.83,0.6434108527131783,0.54,0.6808288097381592
"4,17,5,5,14,4,3,5,13,7,17,20,5,6,9",0.51,0.7,0.5575,0.5075757575757576,0.67,0.5775862068965517,0.51,0.7271754741668701
"12,3,10,18,16,20,10,13,18,15,13,5,9,20,13",0.56,0.55,0.5574999999999999,0.5337078651685393,0.95,0.6834532374100719,0.5599999999999999,0.7713882923126221
"6,1,4,16,1,3,15,5,14,3,0,19,10,19,8",0.545,0.59,0.5562500000000001,0.5310344827586206,0.77,0.6285714285714286,0.545,0.7261066436767578
"4,10,5,22,16,18,16,6,8,21,12,15,0,20,5",0.485,0.77,0.55625,0.4883720930232558,0.63,0.5502183406113537,0.485,0.7730379104614258
"8,11,10,4,10,9,13,0,10,12,7,23,13,20,11",0.485,0.77,0.55625,0.46153846153846156,0.18,0.2589928057553957,0.485,0.6972947120666504
"17,13,0,8,11,14,0,8,14,0,12,13,4,11,21",0.525,0.65,0.55625,0.5136612021857924,0.94,0.6643109540636042,0.525,0.7049784660339355
"17,15,6,1,4,16,1,8,15,5,14,3,6,7,10",0.525,0.65,0.55625,0.5423728813559322,0.32,0.4025157232704403,0.525,0.7155399322509766
"13,9,17,6,19,10,6,8,22,12,21,8,10,10,8",0.505,0.71,0.55625,0.503030303030303,0.83,0.6264150943396226,0.505,1.0541200637817383
"18,8,13,3,11,7,5,18,8,2,19,17,6,8,9",0.545,0.59,0.5562499999999999,0.7647058823529411,0.13,0.2222222222222222,0.5449999999999999,1.047684669494629
"18,13,4,19,5,12,17,5,5,0,2,1,15,22,6",0.495,0.74,0.5562499999999999,0.4965034965034965,0.71,0.5843621399176955,0.495,0.7867178916931152
"5,18,8,13,3,11,7,5,18,8,2,19,17,6,8",0.515,0.68,0.5562499999999999,0.5114503816793893,0.67,0.5800865800865801,0.515,1.0922698974609375
"17,17,0,1,16,16,21,2,16,9,8,18,13,19,6",0.555,0.56,0.5562499999999999,0.5774647887323944,0.41,0.47953216374269003,0.5549999999999999,1.163905382156372
"5,12,0,16,15,12,3,10,19,15,15,13,0,9,8",0.535,0.62,0.5562499999999999,0.5538461538461539,0.36,0.43636363636363634,0.5349999999999999,0.757352352142334
"13,5,4,5,2,0,21,9,13,12,7,17,21,6,1",0.52,0.66,0.555,0.5285714285714286,0.37,0.43529411764705883,0.52,0.7516932487487793
"5,10,0,6,13,18,16,6,13,21,12,13,11,8,5",0.53,0.63,0.555,0.5294117647058824,0.54,0.5346534653465347,0.53,0.8398439884185791
"4,0,5,0,15,21,13,13,10,5,10,19,0,2,18",0.54,0.6,0.555,0.5289855072463768,0.73,0.6134453781512605,0.54,1.644439458847046
"7,19,8,5,8,15,14,14,4,6,14,11,16,4,23",0.52,0.66,0.5549999999999999,0.5277777777777778,0.38,0.4418604651162791,0.52,0.6787009239196777
"16,16,23,6,11,10,20,13,12,4,23,10,2,19,4",0.49,0.75,0.5549999999999999,0.49074074074074076,0.53,0.5096153846153846,0.49,0.7897279262542725
"2,2,23,16,14,17,5,20,11,14,19,12,4,22,2",0.51,0.69,0.5549999999999999,0.5714285714285714,0.08,0.14035087719298245,0.51,1.0184705257415771
"19,9,5,4,13,18,12,10,17,21,12,20,7,17,5",0.485,0.76,0.55375,0.4897959183673469,0.72,0.582995951417004,0.485,0.8689508438110352
"13,15,13,7,4,17,12,10,3,22,8,22,7,0,8",0.555,0.55,0.55375,0.5341614906832298,0.86,0.6590038314176245,0.5549999999999999,0.72416090965271
"4,5,3,21,12,3,10,18,16,20,10,13,18,15,13",0.565,0.52,0.55375,0.8095238095238095,0.17,0.2809917355371901,0.565,0.8071813583374023
"10,21,14,15,23,15,12,7,17,2,17,13,1,7,23",0.56,0.53,0.5525,0.5428571428571428,0.76,0.6333333333333333,0.56,0.8520975112915039
"0,5,17,18,6,18,9,14,9,15,17,9,17,18,10",0.43,0.92,0.5525,0.43636363636363634,0.48,0.45714285714285713,0.43,1.6549949645996094
"4,10,5,7,13,18,16,6,17,21,12,20,11,8,5",0.52,0.65,0.5525,0.5106382978723404,0.96,0.6666666666666666,0.52,0.7715325355529785
"22,0,12,7,14,8,20,10,19,10,15,19,1,6,2",0.51,0.68,0.5525,0.5151515151515151,0.34,0.40963855421686746,0.51,0.8902463912963867
"18,9,16,19,18,17,4,1,19,0,6,0,7,17,13",0.495,0.72,0.55125,0.48717948717948717,0.19,0.2733812949640288,0.495,2.5858378410339355
"7,0,21,1,0,11,10,4,22,10,20,7,10,20,0",0.555,0.54,0.55125,0.5495495495495496,0.61,0.5781990521327014,0.5549999999999999,0.6983959674835205
"7,9,14,8,7,9,9,8,2,14,12,16,14,14,2",0.555,0.54,0.55125,0.5495495495495496,0.61,0.5781990521327014,0.5549999999999999,0.7208678722381592
"7,2,22,3,3,12,15,18,8,13,10,2,20,14,0",0.545,0.57,0.55125,0.5473684210526316,0.52,0.5333333333333333,0.5449999999999999,0.6809070110321045
"0,16,5,22,4,17,5,15,13,2,8,7,16,10,11",0.485,0.75,0.55125,0.47540983606557374,0.29,0.36024844720496896,0.485,0.8424348831176758
"17,21,16,22,13,16,1,6,15,5,14,3,0,19,10",0.485,0.75,0.55125,0.42857142857142855,0.09,0.1487603305785124,0.485,1.1620550155639648
"10,15,11,23,13,5,3,6,14,12,9,5,2,13,5",0.505,0.69,0.55125,0.5045871559633027,0.55,0.5263157894736842,0.505,0.6363847255706787
"23,6,2,6,6,3,1,12,7,10,9,21,0,1,4",0.555,0.54,0.55125,0.5462184873949579,0.65,0.593607305936073,0.555,0.914548397064209
"14,10,5,18,1,18,12,4,17,21,12,22,11,11,5",0.505,0.69,0.55125,0.504950495049505,0.51,0.5074626865671642,0.505,1.284919261932373
"19,15,14,10,7,14,16,8,17,1,13,13,6,7,8",0.495,0.72,0.55125,0.0,0.0,0.0,0.495,0.9428846836090088
"11,15,17,21,10,5,5,17,18,9,10,5,21,12,13",0.525,0.63,0.55125,0.5196850393700787,0.66,0.5814977973568282,0.525,0.9019374847412109
"12,5,5,6,10,18,12,22,17,21,8,20,11,16,5",0.505,0.69,0.55125,0.5053763440860215,0.47,0.48704663212435234,0.505,0.721790075302124
"14,19,8,10,1,7,7,11,15,8,5,1,13,19,2",0.545,0.57,0.5512499999999999,0.5652173913043478,0.39,0.46153846153846156,0.5449999999999999,0.7968120574951172
"8,20,16,15,11,14,12,7,10,19,15,4,13,23,8",0.56,0.52,0.55,0.5441176470588235,0.74,0.6271186440677966,0.56,0.8288235664367676
"4,12,5,16,13,18,16,6,17,21,8,20,11,8,5",0.49,0.73,0.55,0.49206349206349204,0.62,0.5486725663716814,0.49,0.7873661518096924
"19,10,6,8,22,12,21,8,10,10,8,10,22,0,14",0.44,0.88,0.55,0.3888888888888889,0.21,0.2727272727272727,0.44,0.8513751029968262
"19,10,16,22,13,18,16,6,17,21,12,20,11,8,4",0.51,0.67,0.55,0.5050505050505051,1.0,0.6711409395973155,0.51,1.0130703449249268
"19,14,0,6,11,10,20,6,12,4,8,10,14,9,4",0.53,0.61,0.55,0.5174418604651163,0.89,0.6544117647058824,0.53,0.7997372150421143
"22,12,12,18,1,10,9,4,4,2,8,8,16,11,6",0.54,0.58,0.55,0.521978021978022,0.95,0.6737588652482269,0.54,0.7547576427459717
"16,10,16,10,7,18,16,8,15,21,12,4,10,9,5",0.48,0.76,0.55,0.48823529411764705,0.83,0.6148148148148148,0.48,0.7436017990112305
"15,21,13,13,10,5,10,19,0,2,18,16,8,6,7",0.51,0.67,0.55,0.5079365079365079,0.64,0.5663716814159292,0.51,1.9163200855255127
"16,20,16,15,11,14,1,7,13,4,10,4,17,23,8",0.52,0.64,0.55,0.7,0.07,0.12727272727272726,0.52,0.7983052730560303
"7,23,8,11,2,4,5,16,21,17,13,2,14,10,16",0.55,0.55,0.55,0.5531914893617021,0.52,0.5360824742268041,0.55,1.0594208240509033
"16,12,14,23,10,21,10,10,16,11,8,10,15,8,14",0.485,0.74,0.5487500000000001,0.4845360824742268,0.47,0.4771573604060913,0.485,0.902113914489746
"18,8,6,0,13,10,16,1,1,14,0,0,12,19,10",0.505,0.68,0.5487500000000001,0.5135135135135135,0.19,0.2773722627737226,0.505,0.7643494606018066
"16,5,16,6,11,10,20,6,12,4,23,10,14,9,4",0.525,0.62,0.5487500000000001,0.5213675213675214,0.61,0.5622119815668203,0.525,0.7055153846740723
"18,14,3,18,8,20,5,5,12,19,0,1,14,6,4",0.515,0.65,0.54875,0.5272727272727272,0.29,0.3741935483870968,0.515,0.8728063106536865
"16,13,5,1,23,12,6,3,1,11,22,5,15,10,16",0.535,0.59,0.54875,0.5714285714285714,0.28,0.37583892617449666,0.535,0.7377064228057861
"14,21,14,11,19,8,9,12,19,3,19,6,13,8,16",0.475,0.77,0.54875,0.41379310344827586,0.12,0.18604651162790697,0.475,2.3477447032928467
"12,2,18,17,16,1,0,16,11,5,13,18,6,13,13",0.54,0.57,0.5475000000000001,0.5338983050847458,0.63,0.5779816513761468,0.54,0.8824832439422607
"8,1,4,16,5,15,9,8,0,13,14,4,2,9,2",0.54,0.57,0.5475000000000001,0.5952380952380952,0.25,0.352112676056338,0.54,0.6630091667175293
"16,15,17,4,3,4,19,11,2,5,4,17,16,12,2",0.5,0.69,0.5475,0.5,0.69,0.5798319327731093,0.5,1.0925328731536865
"13,10,5,10,19,0,2,18,16,8,6,7,21,5,17",0.52,0.63,0.5475,0.5121951219512195,0.84,0.6363636363636364,0.52,1.6808719635009766
"10,19,0,6,0,7,17,13,10,9,5,8,18,8,1",0.53,0.6,0.5475,0.5163043478260869,0.95,0.6690140845070423,0.53,0.6782703399658203
"11,16,4,23,5,13,0,3,13,1,12,11,23,15,22",0.51,0.66,0.5475,0.5333333333333333,0.16,0.24615384615384617,0.51,0.6911883354187012
"23,8,23,9,13,15,8,9,3,13,10,22,16,14,4",0.52,0.63,0.5475,0.5909090909090909,0.13,0.21311475409836064,0.52,0.7388508319854736
"9,10,7,9,8,3,12,15,18,17,12,9,22,1,9",0.53,0.6,0.5475,0.5238095238095238,0.66,0.584070796460177,0.53,0.8520662784576416
"9,7,10,0,13,17,17,7,18,17,11,16,5,7,19",0.58,0.45,0.5475,0.6025641025641025,0.47,0.5280898876404494,0.58,0.9305803775787354
"19,14,11,6,13,15,4,6,8,19,8,8,18,8,2",0.51,0.66,0.5475,0.5054945054945055,0.92,0.6524822695035462,0.51,0.8156025409698486
"17,0,18,2,14,5,6,16,13,21,8,12,10,22,17",0.51,0.66,0.5475,0.5055555555555555,0.91,0.65,0.51,1.1455552577972412
"17,10,12,11,11,17,22,16,12,18,18,6,5,7,0",0.44,0.87,0.5475,0.4634146341463415,0.76,0.5757575757575758,0.44,1.1711959838867188
"19,10,16,7,13,18,16,6,17,21,12,20,11,8,5",0.5,0.69,0.5475,0.5,0.92,0.647887323943662,0.5,0.9454381465911865
"12,15,17,4,3,21,1,11,13,4,10,17,17,12,2",0.515,0.64,0.54625,0.5211267605633803,0.37,0.4327485380116959,0.515,0.8822989463806152
"19,10,14,15,13,18,16,6,17,21,12,20,11,8,5",0.415,0.94,0.54625,0.34545454545454546,0.19,0.24516129032258063,0.41500000000000004,1.1000103950500488
"19,10,0,22,13,18,16,6,17,21,12,20,11,8,5",0.525,0.61,0.54625,0.5132275132275133,0.97,0.671280276816609,0.525,0.956207275390625
"15,18,8,13,10,2,20,14,0,14,6,0,5,10,0",0.485,0.73,0.54625,0.4805194805194805,0.37,0.4180790960451977,0.485,0.6722285747528076
"15,15,17,20,10,11,13,17,4,23,15,9,8,21,1",0.515,0.64,0.54625,0.5882352941176471,0.1,0.17094017094017094,0.515,0.9388167858123779
"15,4,13,12,9,2,6,17,15,8,22,10,12,7,9",0.505,0.67,0.54625,0.5217391304347826,0.12,0.1951219512195122,0.505,0.7131211757659912
"19,10,5,7,13,18,16,6,17,21,12,20,11,8,5",0.495,0.7,0.5462499999999999,0.4972375690607735,0.9,0.6405693950177936,0.495,0.9927797317504883
"17,11,6,1,4,16,1,8,15,5,14,3,16,9,10",0.555,0.52,0.5462499999999999,0.5401459854014599,0.74,0.6244725738396625,0.5549999999999999,0.6824319362640381
"0,9,12,23,15,19,2,17,5,11,9,10,14,23,1",0.545,0.55,0.5462499999999999,0.5283018867924528,0.84,0.6486486486486487,0.5449999999999999,1.1390845775604248
"14,11,19,8,9,12,19,3,19,6,13,8,16,6,11",0.56,0.5,0.545,0.5555555555555556,0.6,0.5769230769230769,0.56,2.3784618377685547
"18,4,1,8,19,2,0,11,15,13,21,15,20,14,11",0.54,0.56,0.545,0.5317460317460317,0.67,0.5929203539823009,0.54,0.9178926944732666
"13,8,7,3,22,15,13,11,16,0,9,18,14,5,22",0.57,0.47,0.545,0.5921052631578947,0.45,0.5113636363636364,0.57,0.8678197860717773
"6,11,17,13,10,7,3,22,15,13,11,16,0,9,5",0.53,0.59,0.545,0.5306122448979592,0.52,0.5252525252525253,0.53,0.7224273681640625
"5,7,2,22,3,3,12,15,18,8,13,10,2,20,14",0.54,0.56,0.545,0.6176470588235294,0.21,0.31343283582089554,0.54,0.7522807121276855
"8,5,1,15,12,18,15,11,21,17,13,7,11,9,3",0.53,0.59,0.545,0.5319148936170213,0.5,0.5154639175257731,0.53,0.7329897880554199
"9,9,8,2,14,12,16,14,14,2,13,3,4,22,15",0.56,0.5,0.545,0.5638297872340425,0.53,0.5463917525773195,0.56,0.7015383243560791
"15,15,5,19,11,9,0,9,0,8,14,5,15,13,10",0.46,0.8,0.5449999999999999,0.3333333333333333,0.08,0.12903225806451613,0.45999999999999996,0.8138542175292969
"14,10,11,7,1,18,16,4,17,21,12,20,11,8,5",0.57,0.47,0.5449999999999999,0.6521739130434783,0.3,0.410958904109589,0.57,0.8167510032653809
"19,15,23,1,14,16,8,2,17,9,18,16,6,7,16",0.505,0.66,0.5437500000000001,0.5142857142857142,0.18,0.2666666666666666,0.505,1.1393287181854248
"7,3,22,15,13,11,16,0,9,18,14,5,22,7,0",0.545,0.54,0.5437500000000001,0.5454545454545454,0.54,0.542713567839196,0.545,0.7148869037628174
"19,10,5,16,13,18,3,6,17,21,8,20,11,8,5",0.475,0.75,0.54375,0.48226950354609927,0.68,0.5643153526970954,0.47500000000000003,1.073173999786377
"17,14,8,14,13,8,13,9,1,6,13,1,14,8,10",0.585,0.42,0.54375,0.5570469798657718,0.83,0.6666666666666666,0.585,0.7995104789733887
"21,13,23,0,0,17,15,2,16,13,5,1,23,12,6",0.535,0.57,0.54375,0.5275590551181102,0.67,0.5903083700440529,0.535,0.7552778720855713
"7,11,0,18,1,18,19,5,15,19,15,1,10,1,9",0.535,0.57,0.54375,0.5376344086021505,0.5,0.5181347150259067,0.5349999999999999,2.403848886489868
"14,13,21,14,13,13,14,5,23,7,7,3,9,23,16",0.49,0.7,0.5425,0.49038461538461536,0.51,0.5,0.49,0.8534121513366699
"16,15,3,4,3,21,1,11,22,4,10,21,17,12,2",0.52,0.61,0.5425,0.5217391304347826,0.48,0.5,0.52,0.8703725337982178
"5,6,0,16,14,12,3,3,19,15,0,13,0,9,4",0.48,0.73,0.5425,0.4090909090909091,0.09,0.14754098360655737,0.48,0.7306573390960693
"4,11,13,5,12,12,19,4,13,18,4,10,16,12,21",0.45,0.82,0.5425,0.46794871794871795,0.73,0.5703125,0.45,0.8047635555267334
"10,5,4,4,2,8,8,16,11,6,10,15,1,19,5",0.52,0.61,0.5425,0.5256410256410257,0.41,0.4606741573033708,0.52,0.7257518768310547
"18,15,9,4,6,20,17,22,5,0,2,0,15,11,21",0.45,0.82,0.5425,0.4652777777777778,0.67,0.5491803278688525,0.45,0.7918846607208252
"12,3,4,15,20,8,2,11,7,18,17,9,16,5,9",0.56,0.49,0.5425,0.5526315789473685,0.63,0.5887850467289719,0.56,0.867114782333374
"19,5,6,18,15,15,5,19,11,9,0,9,0,8,14",0.4,0.97,0.5425,0.3888888888888889,0.35,0.3684210526315789,0.4,1.8935155868530273
"9,0,4,6,14,14,0,17,15,13,20,0,10,21,3",0.475,0.74,0.54125,0.46987951807228917,0.39,0.4262295081967213,0.47500000000000003,0.7182807922363281
"17,13,8,7,3,22,15,13,11,16,0,9,18,14,5",0.585,0.41,0.54125,0.6075949367088608,0.48,0.5363128491620112,0.585,0.759211540222168
"14,0,10,20,14,2,10,18,4,5,2,3,6,3,0",0.505,0.65,0.54125,0.5079365079365079,0.32,0.39263803680981596,0.505,0.7329921722412109
"10,15,1,5,11,10,10,4,16,9,11,3,5,10,19",0.505,0.65,0.54125,0.5064935064935064,0.39,0.4406779661016949,0.505,0.6542706489562988
"0,7,19,8,5,8,15,14,14,4,6,14,11,16,4",0.525,0.59,0.54125,0.5233644859813084,0.56,0.5410628019323671,0.525,0.6399946212768555
"17,9,16,5,9,1,2,8,1,21,7,17,7,9,10",0.545,0.53,0.54125,0.576271186440678,0.34,0.4276729559748428,0.545,0.728264570236206
"0,14,10,18,13,18,15,3,3,11,9,8,2,18,19",0.525,0.59,0.54125,0.5217391304347826,0.6,0.5581395348837209,0.525,1.6013715267181396
"1,3,1,22,14,12,11,18,1,10,5,4,4,2,8",0.525,0.59,0.5412499999999999,0.5280898876404494,0.47,0.4973544973544973,0.5249999999999999,0.6960813999176025
"17,13,10,9,5,8,18,8,1,12,21,4,5,7,19",0.55,0.51,0.54,0.5520833333333334,0.53,0.5408163265306123,0.55,0.6998715400695801
"12,17,4,18,5,4,16,18,17,1,8,5,13,15,0",0.49,0.69,0.54,0.49382716049382713,0.8,0.6106870229007634,0.49,1.214127540588379
"4,10,0,7,13,18,16,6,17,21,12,20,11,8,5",0.5,0.66,0.54,0.5,0.7,0.5833333333333334,0.5,0.7588448524475098
"16,4,5,7,9,14,8,7,9,9,8,2,14,12,16",0.49,0.69,0.54,0.4166666666666667,0.05,0.08928571428571429,0.49000000000000005,0.7255196571350098
"10,15,17,19,15,14,8,5,6,5,2,6,4,6,22",0.5,0.66,0.54,0.5,0.8,0.6153846153846154,0.5,1.0893676280975342
"17,11,12,6,3,3,8,2,13,11,3,22,9,3,3",0.51,0.63,0.54,0.5080645161290323,0.63,0.5625,0.51,0.6783523559570312
"10,2,6,23,15,12,13,8,2,11,8,11,4,10,8",0.525,0.58,0.5387500000000001,0.5242718446601942,0.54,0.5320197044334976,0.525,0.7946023941040039
"12,18,15,11,21,17,13,7,11,9,3,0,15,3,0",0.535,0.55,0.5387500000000001,0.5339805825242718,0.55,0.541871921182266,0.535,0.7131264209747314
"5,12,11,18,1,10,3,4,19,15,0,8,0,11,6",0.525,0.58,0.5387500000000001,0.5287356321839081,0.46,0.4919786096256685,0.525,0.7047419548034668
"10,2,16,5,10,15,11,23,5,5,3,10,14,12,9",0.545,0.52,0.53875,0.5343511450381679,0.7,0.6060606060606061,0.5449999999999999,0.7054727077484131
"1,14,19,8,10,1,7,7,11,15,8,5,1,13,19",0.515,0.61,0.53875,0.6666666666666666,0.06,0.11009174311926606,0.515,0.8209905624389648
"10,21,15,20,3,10,9,3,7,7,21,12,3,10,23",0.515,0.61,0.53875,0.5154639175257731,0.5,0.5076142131979695,0.515,0.8660390377044678
"15,4,23,8,19,8,8,18,9,2,19,12,19,9,1",0.54,0.53,0.5375000000000001,0.5224719101123596,0.93,0.6690647482014388,0.54,0.8081588745117188
"5,9,10,7,9,8,3,12,15,18,17,12,9,22,1",0.54,0.53,0.5375000000000001,0.527027027027027,0.78,0.6290322580645161,0.54,0.8368847370147705
"4,17,0,3,12,9,10,22,12,5,22,2,12,1,20",0.54,0.53,0.5375000000000001,0.5363636363636364,0.59,0.5619047619047619,0.54,0.7291433811187744
"4,22,7,21,2,14,8,11,2,21,8,10,14,13,0",0.53,0.56,0.5375000000000001,0.5178571428571429,0.87,0.6492537313432836,0.53,0.6689035892486572
"7,2,0,14,15,20,15,16,2,1,16,13,3,10,21",0.53,0.56,0.5375000000000001,0.532608695652174,0.49,0.5104166666666666,0.53,0.7582528591156006
"4,5,15,3,12,13,12,5,3,6,10,6,1,22,16",0.56,0.47,0.5375000000000001,0.6153846153846154,0.32,0.42105263157894735,0.56,0.6811540126800537
"14,8,14,13,8,13,9,1,6,13,1,14,8,10,8",0.56,0.47,0.5375000000000001,0.5447761194029851,0.73,0.6239316239316239,0.56,0.7161614894866943
"0,9,6,19,11,21,11,17,19,16,1,7,21,12,20",0.53,0.56,0.5375000000000001,0.515625,0.99,0.678082191780822,0.53,1.4038593769073486
"12,12,15,11,13,18,15,11,6,17,10,12,11,11,17",0.51,0.62,0.5375,0.5052631578947369,0.96,0.6620689655172414,0.51,0.7371926307678223
"0,4,9,10,20,3,9,0,4,6,14,14,0,17,15",0.52,0.59,0.5375,0.5104166666666666,0.98,0.6712328767123288,0.52,0.6285340785980225
"14,2,22,14,5,18,3,3,15,16,11,11,14,17,19",0.52,0.59,0.5375,0.5185185185185185,0.56,0.5384615384615384,0.52,1.1681616306304932
"9,15,15,17,20,10,11,13,17,4,23,15,9,8,21",0.48,0.71,0.5375,0.48,0.48,0.48,0.48,0.9229743480682373
"12,17,10,20,15,14,0,14,10,18,13,18,15,3,3",0.5,0.65,0.5375,0.5,0.38,0.4318181818181818,0.5,0.8610579967498779
"5,10,0,22,15,18,16,10,17,21,12,20,11,8,5",0.525,0.57,0.5362500000000001,0.5141242937853108,0.91,0.6570397111913358,0.525,0.8103816509246826
"6,4,19,18,11,15,17,21,10,5,5,17,18,9,10",0.435,0.84,0.5362500000000001,0.41333333333333333,0.31,0.35428571428571426,0.43500000000000005,2.0168328285217285
"21,16,19,11,5,16,20,1,11,1,12,16,5,2,23",0.505,0.63,0.53625,0.5052631578947369,0.48,0.49230769230769234,0.505,1.172006368637085
"19,10,5,16,13,18,12,6,17,21,12,20,11,8,5",0.475,0.72,0.53625,0.48484848484848486,0.8,0.6037735849056604,0.47500000000000003,0.9429442882537842
"15,13,9,12,7,7,7,5,22,12,0,0,13,7,11",0.595,0.36,0.53625,0.5575757575757576,0.92,0.6943396226415094,0.595,0.7961821556091309
"18,10,11,7,13,18,16,6,17,21,12,20,11,8,5",0.485,0.69,0.53625,0.4906832298136646,0.79,0.6053639846743295,0.485,0.8599984645843506
"16,10,17,6,22,9,19,1,13,13,11,17,10,14,3",0.495,0.66,0.53625,0.4838709677419355,0.15,0.22900763358778625,0.495,0.781588077545166
"16,11,23,10,7,18,19,8,2,5,4,19,6,9,13",0.545,0.51,0.5362499999999999,0.5323741007194245,0.74,0.6192468619246861,0.5449999999999999,1.5475189685821533
"11,7,18,17,9,16,5,9,1,2,8,1,21,7,17",0.555,0.48,0.5362499999999999,0.6170212765957447,0.29,0.3945578231292517,0.5549999999999999,0.7881155014038086
"14,10,16,22,11,18,16,6,17,21,12,20,11,8,5",0.5,0.64,0.535,0.5,0.96,0.6575342465753424,0.5,0.7942113876342773
"3,12,13,12,5,3,6,10,6,1,22,16,15,8,1",0.5,0.64,0.535,0.0,0.0,0.0,0.5,0.6405222415924072
"19,10,0,6,22,9,19,1,0,13,1,4,10,14,3",0.5,0.64,0.535,0.0,0.0,0.0,0.5,0.8892645835876465
"10,19,10,15,19,1,6,2,2,3,10,14,9,23,0",0.54,0.52,0.535,0.5571428571428572,0.39,0.4588235294117647,0.54,1.1005911827087402
"18,13,18,15,3,3,11,9,8,2,18,19,8,10,23",0.48,0.7,0.535,0.4827586206896552,0.56,0.5185185185185185,0.48000000000000004,1.8183724880218506
"10,5,5,17,18,9,10,5,21,12,13,14,23,8,18",0.51,0.61,0.535,0.5056818181818182,0.89,0.644927536231884,0.51,0.8127648830413818
"19,14,0,6,11,16,20,6,12,4,8,10,14,9,4",0.52,0.58,0.535,0.5104166666666666,0.98,0.6712328767123288,0.52,0.8974151611328125
"15,12,13,8,2,11,8,11,4,10,8,3,7,6,10",0.6,0.34,0.5349999999999999,0.6041666666666666,0.58,0.5918367346938775,0.6,0.7173976898193359
"17,9,17,18,10,15,17,19,15,14,8,5,6,5,2",0.49,0.67,0.5349999999999999,0.4772727272727273,0.21,0.2916666666666667,0.49,1.422095775604248
"16,1,0,16,11,5,13,18,6,13,13,20,5,14,13",0.485,0.68,0.5337500000000001,0.4838709677419355,0.45,0.46632124352331605,0.485,0.7103431224822998
"13,11,9,9,3,23,11,3,6,2,19,8,14,4,0",0.515,0.59,0.53375,0.5099337748344371,0.77,0.6135458167330677,0.515,0.787773847579956
"12,14,11,15,3,22,13,10,14,17,18,19,0,13,18",0.515,0.59,0.53375,0.5109489051094891,0.7,0.5907172995780591,0.515,1.894742488861084
"19,6,0,16,15,12,3,10,19,15,0,13,0,9,7",0.455,0.77,0.53375,0.4720496894409938,0.76,0.5823754789272031,0.455,1.1566264629364014
"12,3,16,21,16,10,8,19,4,7,11,0,18,1,18",0.495,0.65,0.53375,0.49710982658959535,0.86,0.63003663003663,0.495,1.3512344360351562
"23,12,2,8,20,7,14,11,15,21,1,12,6,17,16",0.515,0.59,0.53375,0.5319148936170213,0.25,0.3401360544217687,0.515,0.7670090198516846
"15,5,18,18,8,4,6,5,13,8,17,17,9,6,8",0.5,0.63,0.5325,0.0,0.0,0.0,0.5,1.202219009399414
"7,13,12,12,17,0,18,16,14,21,5,13,1,10,22",0.54,0.51,0.5325,0.5392156862745098,0.55,0.5445544554455446,0.54,1.0047173500061035
"14,18,5,4,16,18,16,1,15,1,13,15,10,11,1",0.49,0.66,0.5325,0.484375,0.31,0.3780487804878049,0.49,1.1149916648864746
"15,13,21,15,20,14,11,5,18,9,3,13,7,14,18",0.63,0.24,0.5325,0.589041095890411,0.86,0.6991869918699187,0.63,0.9269199371337891
"12,11,3,15,9,18,19,8,22,5,4,17,23,14,13",0.47,0.72,0.5325,0.48214285714285715,0.81,0.6044776119402985,0.47000000000000003,1.6792726516723633
"16,5,10,15,11,23,5,5,3,10,14,12,9,5,2",0.5,0.63,0.5325,0.5,0.74,0.5967741935483871,0.5,0.6860418319702148
"19,4,1,9,13,16,1,18,11,17,5,6,4,22,8",0.48,0.69,0.5325,0.4827586206896552,0.56,0.5185185185185185,0.48000000000000004,0.9103641510009766
"16,14,23,6,11,10,20,6,12,4,12,10,14,9,4",0.5,0.63,0.5325,0.5,0.01,0.0196078431372549,0.5,0.721494197845459
"5,10,0,7,15,18,1,10,17,21,12,20,11,8,5",0.53,0.54,0.5325,0.5176470588235295,0.88,0.6518518518518519,0.53,0.7356655597686768
"16,14,17,5,20,11,14,19,12,4,22,2,11,3,8",0.44,0.81,0.5325,0.4032258064516129,0.25,0.30864197530864196,0.44,0.8179082870483398
"11,21,17,13,7,11,9,3,0,15,3,0,18,9,18",0.53,0.54,0.5325,0.6,0.18,0.27692307692307694,0.53,0.700537919998169
"22,10,12,7,14,18,16,5,17,21,12,20,11,8,5",0.51,0.6,0.5325,1.0,0.02,0.0392156862745098,0.51,0.8799145221710205
"14,14,0,17,15,13,20,0,10,21,3,10,22,11,0",0.51,0.6,0.5325,0.50625,0.81,0.6230769230769231,0.51,0.7494149208068848
"5,6,0,16,9,12,3,13,19,15,0,13,0,9,4",0.515,0.58,0.53125,0.5093167701863354,0.82,0.6283524904214559,0.515,0.6922953128814697
"13,10,17,10,10,11,1,14,11,17,21,8,6,2,16",0.545,0.49,0.53125,0.5238095238095238,0.99,0.6851211072664359,0.545,0.6978671550750732
"17,11,13,9,1,21,1,12,17,22,10,11,8,11,13",0.485,0.67,0.53125,0.48,0.36,0.4114285714285714,0.485,0.7625923156738281
"4,5,5,16,13,18,16,6,17,21,8,20,11,8,5",0.485,0.67,0.53125,0.4918918918918919,0.91,0.6385964912280702,0.485,0.8666844367980957
"8,2,11,7,18,17,9,16,5,9,1,2,8,1,21",0.555,0.46,0.53125,0.535483870967742,0.83,0.6509803921568628,0.5549999999999999,0.8457200527191162
"6,11,17,19,8,7,3,22,15,13,11,16,0,9,18",0.505,0.61,0.53125,0.5102040816326531,0.25,0.33557046979865773,0.505,1.0305943489074707
"5,4,16,18,17,1,8,5,13,15,0,11,1,14,3",0.505,0.61,0.53125,0.5074626865671642,0.34,0.40718562874251496,0.505,0.8952577114105225
"16,9,3,20,4,14,5,3,17,6,2,14,9,22,8",0.505,0.61,0.53125,0.5026178010471204,0.96,0.6597938144329897,0.505,0.732935905456543
"4,9,17,3,5,1,18,13,1,8,23,11,9,9,20",0.53,0.53,0.53,0.5365853658536586,0.44,0.4835164835164835,0.53,0.9069538116455078
"19,10,19,8,11,5,22,13,2,5,13,8,12,9,9",0.47,0.71,0.53,0.4716981132075472,0.5,0.4854368932038835,0.47,0.8681211471557617
"19,10,5,22,13,18,16,6,17,21,12,20,11,8,5",0.51,0.59,0.53,0.5052083333333334,0.97,0.6643835616438356,0.51,0.9498696327209473
"19,10,23,10,13,18,16,6,17,21,12,20,11,8,5",0.49,0.65,0.53,0.4946808510638298,0.93,0.6458333333333334,0.49000000000000005,1.121753454208374
"6,12,9,19,12,12,15,4,13,18,15,11,16,11,10",0.49,0.65,0.53,0.4935897435897436,0.77,0.6015625,0.49,0.8288877010345459
"11,8,11,4,10,8,3,7,6,10,21,9,10,2,9",0.5,0.62,0.53,0.5,0.05,0.09090909090909091,0.5,0.6842086315155029
"9,10,9,7,8,18,16,15,17,21,12,20,11,8,5",0.52,0.56,0.53,0.5185185185185185,0.56,0.5384615384615384,0.52,0.8006703853607178
"19,3,19,6,13,8,16,6,11,2,4,17,0,20,14",0.49,0.65,0.53,0.4945652173913043,0.91,0.6408450704225352,0.49,2.5699050426483154
"17,5,18,14,3,18,8,20,5,5,12,19,0,1,14",0.505,0.6,0.52875,0.504950495049505,0.51,0.5074626865671642,0.505,1.0328245162963867
"11,0,18,1,18,19,5,15,19,15,1,10,1,9,21",0.505,0.6,0.52875,0.5042016806722689,0.6,0.547945205479452,0.505,2.404688596725464
"6,5,13,2,3,17,7,4,8,14,7,3,1,13,8",0.515,0.57,0.52875,0.5111111111111111,0.69,0.5872340425531914,0.515,0.7448737621307373
"16,12,23,14,14,2,13,3,4,22,15,4,13,18,4",0.505,0.6,0.52875,0.5058823529411764,0.43,0.4648648648648649,0.505,0.7095179557800293
"7,17,18,5,6,9,23,13,23,15,0,7,19,8,5",0.525,0.54,0.52875,0.6666666666666666,0.1,0.17391304347826086,0.525,0.9067096710205078
"6,14,16,13,0,19,5,14,1,10,5,5,23,6,9",0.505,0.6,0.52875,0.5051546391752577,0.49,0.49746192893401014,0.505,0.7505717277526855
"18,16,5,5,5,8,0,0,14,4,2,9,2,7,4",0.495,0.63,0.5287499999999999,0.49612403100775193,0.64,0.5589519650655022,0.495,0.7191951274871826
"12,15,17,1,14,16,8,2,17,9,18,16,6,7,16",0.555,0.45,0.5287499999999999,0.5567010309278351,0.54,0.5482233502538071,0.5549999999999999,0.8062036037445068
"10,4,9,9,19,2,10,16,0,0,3,11,10,8,13",0.495,0.63,0.5287499999999999,0.4888888888888889,0.22,0.30344827586206896,0.495,0.7118659019470215
"23,13,10,17,10,10,11,1,14,11,17,21,8,6,2",0.495,0.63,0.5287499999999999,0.4959349593495935,0.61,0.547085201793722,0.495,0.7258491516113281
"1,6,7,6,12,1,14,14,22,9,2,13,8,1,23",0.515,0.57,0.5287499999999999,0.5098039215686274,0.78,0.616600790513834,0.515,0.63671875
"8,16,11,6,10,15,1,19,5,0,11,10,15,9,6",0.54,0.49,0.5275000000000001,0.7,0.14,0.23333333333333334,0.54,0.7662315368652344
"14,5,5,4,13,18,12,6,17,21,8,20,11,8,5",0.42,0.85,0.5275000000000001,0.4024390243902439,0.33,0.3626373626373626,0.42000000000000004,0.7440626621246338
"16,1,18,11,17,5,6,4,22,8,14,4,7,19,10",0.5,0.61,0.5275000000000001,0.5,0.28,0.358974358974359,0.5,0.8113884925842285
"5,10,0,22,11,18,16,6,13,21,12,13,10,23,5",0.47,0.7,0.5275,0.47115384615384615,0.49,0.4803921568627451,0.47,0.8144421577453613
"6,17,11,7,13,12,15,6,13,18,15,11,6,17,10",0.51,0.58,0.5275,1.0,0.02,0.0392156862745098,0.51,0.8124899864196777
"12,10,0,17,10,18,16,22,17,21,12,20,11,16,5",0.5,0.61,0.5275,0.5,0.63,0.5575221238938053,0.5,0.8463704586029053
"11,0,16,5,22,4,17,17,15,6,12,14,7,19,10",0.435,0.8,0.52625,0.4585987261146497,0.72,0.5603112840466926,0.435,0.7929489612579346
"20,14,2,10,18,4,5,2,3,6,3,0,6,19,8",0.485,0.65,0.52625,0.49019607843137253,0.75,0.5928853754940712,0.485,1.7387731075286865
"1,18,9,16,19,18,17,4,10,19,0,6,0,7,17",0.535,0.5,0.52625,0.8888888888888888,0.08,0.14678899082568808,0.535,1.9931395053863525
"12,13,14,10,2,16,5,10,15,11,23,5,5,3,10",0.505,0.59,0.52625,0.5058823529411764,0.43,0.4648648648648649,0.505,0.6319591999053955
"4,10,5,1,13,18,16,6,17,21,12,20,11,8,5",0.495,0.62,0.52625,0.49514563106796117,0.51,0.5024630541871922,0.495,0.7665858268737793
"14,20,7,13,2,4,1,22,9,6,6,13,23,15,14",0.555,0.44,0.52625,0.7391304347826086,0.17,0.2764227642276423,0.5549999999999999,0.7273428440093994
"16,15,12,3,10,19,15,0,13,0,9,7,19,10,16",0.565,0.41,0.52625,0.5555555555555556,0.65,0.5990783410138248,0.565,0.7552986145019531
"22,10,12,5,14,4,3,6,21,7,17,18,11,8,9",0.485,0.65,0.52625,0.4819277108433735,0.4,0.4371584699453552,0.485,0.8536138534545898
"16,12,14,11,15,3,22,13,10,14,17,18,19,0,13",0.495,0.62,0.52625,0.4935064935064935,0.38,0.4293785310734463,0.495,1.8547661304473877
"19,17,13,21,14,3,5,14,12,19,6,17,9,19,12",0.42,0.84,0.525,0.42727272727272725,0.47,0.44761904761904764,0.42,1.772341251373291
"6,0,7,17,13,10,9,5,8,18,8,1,12,21,4",0.55,0.45,0.525,0.526595744680851,0.99,0.6875,0.55,0.6677062511444092
"18,16,18,10,2,3,12,2,1,15,20,15,5,4,21",0.51,0.57,0.525,0.5057471264367817,0.88,0.6423357664233577,0.51,0.940955400466919
"6,17,15,8,22,10,12,7,9,19,10,0,6,22,9",0.5,0.6,0.525,0.0,0.0,0.0,0.5,0.7234706878662109
"4,6,5,13,8,17,17,9,6,8,7,20,2,1,9",0.54,0.48,0.525,0.5625,0.36,0.43902439024390244,0.54,0.7660629749298096
"20,3,3,11,8,5,12,2,18,17,16,1,0,16,11",0.51,0.57,0.525,0.5084745762711864,0.6,0.5504587155963303,0.51,0.8694896697998047
"19,10,0,7,13,18,16,6,17,21,12,20,11,8,5",0.49,0.63,0.525,0.494949494949495,0.98,0.6577181208053692,0.49,1.0052802562713623
"1,22,9,2,7,0,14,19,8,10,21,11,2,20,3",0.56,0.42,0.525,0.7307692307692307,0.19,0.30158730158730157,0.56,0.6932132244110107
"16,11,23,13,8,7,3,22,13,13,11,10,0,9,18",0.52,0.54,0.525,0.5140845070422535,0.73,0.6033057851239669,0.52,0.7651827335357666
"0,3,15,12,17,4,18,5,4,16,18,17,1,8,5",0.525,0.52,0.52375,0.5167785234899329,0.77,0.6184738955823293,0.525,1.2100393772125244
"10,12,7,9,19,10,0,6,22,9,19,1,0,13,11",0.505,0.58,0.52375,0.5056179775280899,0.45,0.47619047619047616,0.505,0.7577493190765381
"19,10,11,7,13,18,12,6,17,21,12,20,11,8,5",0.485,0.64,0.52375,0.4919786096256685,0.92,0.6411149825783972,0.48500000000000004,0.8425116539001465
"0,12,19,10,13,10,17,11,12,2,2,6,4,14,15",0.465,0.7,0.5237499999999999,0.41025641025641024,0.16,0.2302158273381295,0.465,0.7578425407409668
"15,5,19,11,9,0,9,0,8,14,5,15,13,10,15",0.465,0.7,0.5237499999999999,0.4578313253012048,0.38,0.41530054644808745,0.465,0.8070178031921387
"0,19,8,6,1,18,19,19,4,18,2,16,4,5,7",0.555,0.43,0.5237499999999999,0.5578947368421052,0.53,0.5435897435897435,0.5549999999999999,4.496539831161499
"17,18,9,10,5,21,12,13,14,23,8,18,0,5,14",0.465,0.7,0.5237499999999999,0.4672897196261682,0.5,0.4830917874396135,0.46499999999999997,0.9353883266448975
"1,18,4,3,7,4,9,17,3,5,1,18,13,1,8",0.575,0.37,0.5237499999999999,0.5773195876288659,0.56,0.5685279187817259,0.575,1.00108003616333
"16,17,19,16,0,1,5,0,5,2,13,5,14,19,10",0.455,0.73,0.5237499999999999,0.45054945054945056,0.41,0.4293193717277487,0.45499999999999996,1.3143579959869385
"10,10,4,16,9,11,3,5,10,19,1,14,6,12,7",0.48,0.65,0.5225,0.46551724137931033,0.27,0.34177215189873417,0.48,0.7475314140319824
"17,4,10,19,0,6,0,7,17,13,10,9,5,8,18",0.51,0.56,0.5225,0.5051546391752577,0.98,0.6666666666666666,0.51,0.8594553470611572
"4,10,5,7,16,18,16,1,17,21,12,20,11,8,5",0.49,0.62,0.5225,0.49404761904761907,0.83,0.6194029850746269,0.49,0.9477283954620361
"16,13,4,23,10,12,17,10,5,0,2,1,15,8,6",0.53,0.5,0.5225,0.51875,0.83,0.6384615384615384,0.53,0.7755377292633057
"12,5,13,22,1,13,8,4,13,21,1,7,22,4,15",0.54,0.47,0.5225,0.5392156862745098,0.55,0.5445544554455446,0.54,0.6568989753723145
"19,16,9,16,11,7,4,13,18,3,16,5,14,23,7",0.48,0.65,0.5225,0.4891304347826087,0.9,0.6338028169014085,0.48,1.0780375003814697
"18,2,14,5,6,16,13,21,8,12,10,22,17,12,16",0.5,0.59,0.5225,0.5,0.78,0.609375,0.5,0.7939810752868652
"16,5,23,6,11,10,20,6,12,4,23,10,14,9,20",0.51,0.56,0.5225,0.5056179775280899,0.9,0.6474820143884892,0.51,0.7666542530059814
"19,10,0,6,4,18,16,23,17,21,12,20,11,8,2",0.49,0.62,0.5225,0.49444444444444446,0.89,0.6357142857142857,0.49,1.3796181678771973
"6,7,21,5,17,0,18,2,14,5,6,16,13,21,8",0.51,0.56,0.5225,0.5081967213114754,0.62,0.5585585585585585,0.51,0.8425869941711426
"15,9,6,4,0,19,8,6,1,18,19,19,4,18,2",0.53,0.5,0.5225,0.8,0.08,0.14545454545454545,0.53,4.252393007278442
"10,9,4,17,0,3,12,9,10,22,12,5,22,2,12",0.54,0.47,0.5225,0.6538461538461539,0.17,0.2698412698412698,0.54,0.856482982635498
"6,22,15,2,1,12,1,5,13,6,16,10,6,11,23",0.52,0.53,0.5225,0.5169491525423728,0.61,0.5596330275229358,0.52,0.6403605937957764
"6,11,16,22,13,7,3,6,15,13,11,16,0,9,18",0.5,0.59,0.5225,0.5,0.02,0.038461538461538464,0.5,0.6836092472076416
"0,0,3,15,12,17,4,18,5,4,16,18,17,1,8",0.49,0.62,0.5225,0.49242424242424243,0.65,0.5603448275862069,0.49,1.2287569046020508
"14,9,5,12,18,17,4,10,19,0,6,0,7,17,13",0.475,0.66,0.52125,0.48,0.6,0.5333333333333333,0.475,0.8037421703338623
"19,15,23,10,23,16,8,7,17,9,18,16,6,7,8",0.465,0.69,0.52125,0.4520547945205479,0.33,0.3815028901734104,0.46499999999999997,0.9704911708831787
"14,10,5,7,4,18,16,15,17,21,12,20,11,8,5",0.585,0.33,0.52125,0.6197183098591549,0.44,0.5146198830409356,0.585,0.7594265937805176
"0,10,5,22,4,17,17,6,6,12,14,7,11,8,11",0.515,0.54,0.52125,0.5076142131979695,1.0,0.6734006734006734,0.515,0.7227013111114502
"16,11,23,10,7,18,19,9,22,5,4,17,23,14,13",0.485,0.63,0.52125,0.4842105263157895,0.46,0.4717948717948718,0.485,1.7399566173553467
"5,11,1,11,23,13,23,8,19,13,1,7,16,9,16",0.545,0.45,0.52125,0.5272727272727272,0.87,0.6566037735849056,0.545,0.7111732959747314
"9,4,4,11,3,9,12,19,16,15,5,23,12,13,14",0.465,0.69,0.52125,0.37037037037037035,0.1,0.15748031496062992,0.46499999999999997,0.836925745010376
"5,13,15,0,11,1,14,3,8,1,6,23,8,3,14",0.525,0.51,0.52125,0.5142857142857142,0.9,0.6545454545454545,0.525,0.6724507808685303
"15,19,11,0,4,21,13,10,8,1,18,11,0,4,16",0.515,0.54,0.52125,0.5081967213114754,0.93,0.657243816254417,0.515,0.8576128482818604
"3,9,12,19,16,15,5,23,12,13,14,10,2,16,5",0.53,0.49,0.52,0.5163043478260869,0.95,0.6690140845070423,0.53,0.9428102970123291
"16,10,11,7,13,10,20,6,12,4,12,10,14,9,4",0.52,0.52,0.52,0.5136986301369864,0.75,0.6097560975609756,0.52,0.7196605205535889
"12,6,11,17,13,8,7,3,22,15,13,11,16,0,9",0.5,0.58,0.52,0.5,0.96,0.6575342465753424,0.5,0.7455804347991943
"10,9,5,8,18,8,1,12,21,4,5,7,19,8,4",0.52,0.52,0.52,0.5123456790123457,0.83,0.6335877862595419,0.52,0.6499812602996826
"7,18,16,18,10,2,3,12,2,1,15,20,15,5,4",0.53,0.49,0.52,0.8,0.08,0.14545454545454545,0.53,0.9049601554870605
"9,10,5,21,12,13,14,23,8,18,0,5,14,7,23",0.49,0.61,0.52,0.4,0.04,0.07272727272727272,0.49,0.7323668003082275
"16,11,3,10,3,18,19,11,2,5,4,19,16,9,13",0.51,0.55,0.52,0.5060975609756098,0.83,0.6287878787878788,0.51,1.8042280673980713
"8,5,12,2,18,17,16,1,0,16,11,5,13,18,6",0.49,0.61,0.52,0.4807692307692308,0.25,0.32894736842105265,0.49,0.8432826995849609
"4,15,22,11,7,13,23,2,6,14,9,8,4,3,2",0.49,0.61,0.52,0.42857142857142855,0.06,0.10526315789473684,0.49,0.7364459037780762
"15,18,17,11,13,9,1,21,1,12,17,22,10,11,8",0.52,0.52,0.52,0.5227272727272727,0.46,0.48936170212765956,0.52,1.0082347393035889
"13,21,17,17,0,1,16,16,21,2,16,9,8,18,13",0.495,0.59,0.51875,0.4957983193277311,0.59,0.5388127853881278,0.495,1.1562764644622803
"18,14,4,19,2,10,0,11,16,23,7,6,11,5,9",0.495,0.59,0.51875,0.4972972972972973,0.92,0.6456140350877193,0.495,0.8553826808929443
"12,18,17,4,17,11,13,15,13,17,13,8,23,11,16",0.545,0.44,0.51875,0.5918367346938775,0.29,0.38926174496644295,0.545,0.997654914855957
"18,19,19,4,18,2,16,4,5,7,9,14,8,7,9",0.505,0.56,0.51875,0.5025380710659898,0.99,0.6666666666666666,0.505,4.400279760360718
"21,5,17,0,18,2,14,5,6,16,13,21,8,12,10",0.515,0.53,0.51875,0.5652173913043478,0.13,0.21138211382113822,0.515,1.3972039222717285
"9,20,17,18,17,12,14,13,0,12,20,4,13,23,6",0.525,0.5,0.51875,0.5217391304347826,0.6,0.5581395348837209,0.525,1.0890743732452393
"12,19,9,1,4,17,10,17,19,0,2,16,6,4,9",0.565,0.38,0.5187499999999999,0.5714285714285714,0.52,0.5445026178010471,0.565,1.27394700050354
"21,10,5,5,17,18,9,10,5,21,12,13,14,23,8",0.5,0.57,0.5175000000000001,0.5,0.02,0.038461538461538464,0.5,0.8354682922363281
"0,8,5,22,4,17,17,15,6,12,6,7,19,10,11",0.52,0.51,0.5175000000000001,0.5103092783505154,0.99,0.673469387755102,0.52,0.7311713695526123
"10,17,4,7,12,20,7,17,11,19,8,11,10,4,10",0.52,0.51,0.5175000000000001,0.5909090909090909,0.13,0.21311475409836064,0.52,0.851130485534668
"8,10,22,5,3,12,17,10,20,15,14,0,14,10,18",0.55,0.42,0.5175000000000001,0.5480769230769231,0.57,0.5588235294117647,0.55,0.6770014762878418
"12,15,18,8,13,10,2,20,14,0,14,6,0,5,10",0.49,0.6,0.5175,0.4888888888888889,0.44,0.4631578947368421,0.49,0.6753344535827637
"19,8,11,5,22,13,2,5,13,8,12,9,9,14,10",0.48,0.63,0.5175,0.4852941176470588,0.66,0.559322033898305,0.48,0.8110730648040771
"12,10,17,4,17,11,13,15,13,17,8,8,23,11,16",0.49,0.6,0.5175,0.49404761904761907,0.83,0.6194029850746269,0.49,0.7538607120513916
"18,15,15,5,18,18,8,4,6,5,13,8,17,17,9",0.45,0.72,0.5175,0.42857142857142855,0.3,0.35294117647058826,0.44999999999999996,1.301994800567627
"15,11,9,10,6,18,19,8,8,5,4,0,18,11,13",0.5,0.57,0.5175,0.5,0.87,0.635036496350365,0.5,1.5680992603302002
"18,7,12,19,15,2,7,19,15,23,5,6,16,21,12",0.49,0.6,0.5175,0.49489795918367346,0.97,0.6554054054054054,0.49,1.0832459926605225
"5,18,14,3,18,8,20,5,5,12,19,0,1,14,6",0.46,0.69,0.5175,0.4090909090909091,0.18,0.25,0.45999999999999996,0.8282508850097656
"5,13,1,2,16,18,3,12,4,0,9,2,6,6,19",0.505,0.55,0.5162500000000001,0.5142857142857142,0.18,0.26666666666666666,0.505,0.795386552810669
"16,10,23,6,11,10,20,6,12,4,12,10,14,13,4",0.525,0.49,0.5162500000000001,0.8571428571428571,0.06,0.11214953271028037,0.525,0.7158160209655762
"23,5,5,3,10,14,12,9,5,2,13,11,19,18,1",0.525,0.49,0.5162500000000001,0.5157232704402516,0.82,0.6332046332046332,0.525,1.7075848579406738
"4,8,14,7,16,1,13,1,16,15,22,4,10,15,1",0.505,0.55,0.5162500000000001,0.5079365079365079,0.32,0.39263803680981596,0.505,0.7086751461029053
"12,14,22,10,14,13,21,14,13,13,14,5,23,7,7",0.495,0.58,0.51625,0.4971751412429379,0.88,0.6353790613718412,0.495,0.7595198154449463
"14,8,7,9,9,8,2,14,12,16,14,14,2,13,3",0.495,0.58,0.51625,0.49504950495049505,0.5,0.4975124378109453,0.495,0.7320773601531982
"22,7,21,2,14,8,11,2,21,8,10,14,13,0,14",0.495,0.58,0.51625,0.4966442953020134,0.74,0.5943775100401606,0.495,0.7085206508636475
"4,23,5,17,19,9,18,16,14,9,16,1,22,14,4",0.465,0.67,0.51625,0.4477611940298507,0.3,0.3592814371257485,0.4649999999999999,1.605292797088623
"0,16,11,7,13,17,17,6,6,12,14,7,19,10,11",0.425,0.79,0.51625,0.391304347826087,0.27,0.31952662721893493,0.425,0.809589147567749
"4,6,14,14,0,17,15,13,20,0,10,21,3,10,22",0.455,0.7,0.5162499999999999,0.44,0.33,0.37714285714285717,0.45499999999999996,0.6826176643371582
"11,4,10,8,3,7,6,10,21,9,10,2,9,20,7",0.5,0.56,0.515,0.5,0.94,0.6527777777777778,0.5,0.7560248374938965
"14,5,19,4,8,12,23,9,18,6,5,15,22,13,18",0.5,0.56,0.515,0.0,0.0,0.0,0.5,0.8220248222351074
"12,9,9,14,10,11,4,21,2,9,13,7,4,21,1",0.55,0.41,0.515,0.5833333333333334,0.35,0.4375,0.55,0.6769170761108398
"10,9,3,7,7,21,12,3,10,23,16,12,21,8,13",0.5,0.56,0.515,0.5,0.84,0.6268656716417911,0.5,0.7369658946990967
"23,12,7,9,10,3,3,16,12,21,13,23,0,0,17",0.51,0.53,0.515,0.5052083333333334,0.97,0.6643835616438356,0.51,0.7415628433227539
"4,5,5,4,16,18,17,1,8,5,15,15,0,11,1",0.47,0.65,0.515,0.45588235294117646,0.31,0.36904761904761907,0.47,0.8988652229309082
"16,21,17,4,3,21,1,3,13,4,10,17,0,19,2",0.52,0.5,0.515,1.0,0.04,0.07692307692307693,0.52,1.862044334411621
"12,19,11,7,13,11,13,6,13,17,19,8,23,11,16",0.48,0.62,0.515,0.4857142857142857,0.68,0.5666666666666667,0.48000000000000004,1.0763144493103027
"0,16,9,11,10,7,1,8,16,13,15,2,16,8,4",0.53,0.47,0.515,0.5159574468085106,0.97,0.6736111111111112,0.53,0.7234494686126709
"16,13,21,8,12,10,22,17,12,16,15,8,8,2,5",0.505,0.54,0.51375,0.5026737967914439,0.94,0.6550522648083623,0.505,0.7814550399780273
"4,10,19,6,5,13,16,3,17,21,12,8,11,7,3",0.505,0.54,0.51375,0.5025125628140703,1.0,0.6688963210702341,0.505,0.8136827945709229
"19,6,6,8,8,11,7,15,18,4,13,2,4,9,1",0.495,0.57,0.5137499999999999,0.0,0.0,0.0,0.495,0.8500809669494629
"9,4,10,14,20,7,13,2,4,1,22,9,6,6,13",0.475,0.63,0.5137499999999999,0.35294117647058826,0.06,0.10256410256410256,0.475,0.6267521381378174
"10,21,6,15,21,16,1,0,15,5,14,3,0,7,10",0.575,0.33,0.5137499999999999,0.6923076923076923,0.27,0.38848920863309355,0.575,0.8062715530395508
"3,2,11,12,12,15,8,9,4,15,5,1,11,2,21",0.535,0.45,0.5137499999999999,0.5507246376811594,0.38,0.44970414201183434,0.5349999999999999,0.654646635055542
"14,2,12,17,1,15,7,7,1,2,13,16,23,17,6",0.515,0.51,0.5137499999999999,0.5076923076923077,0.99,0.6711864406779661,0.515,1.0233309268951416
"9,13,15,8,9,3,13,10,22,16,14,4,6,14,23",0.53,0.46,0.5125000000000001,0.5223880597014925,0.7,0.5982905982905983,0.53,0.8583812713623047
"14,0,14,10,18,13,18,15,3,3,11,9,8,2,18",0.47,0.64,0.5125,0.46511627906976744,0.4,0.43010752688172044,0.47000000000000003,0.72477126121521
"18,2,8,10,0,13,0,2,1,4,4,15,2,1,1",0.51,0.52,0.5125,0.5061728395061729,0.82,0.6259541984732825,0.51,0.7138028144836426
"5,16,0,4,3,21,1,11,13,4,10,13,17,12,2",0.48,0.61,0.5125,0.45,0.18,0.2571428571428571,0.48,0.7955331802368164
"16,1,13,14,0,10,20,14,2,10,18,4,5,2,3",0.5,0.55,0.5125,0.5,0.83,0.6240601503759399,0.5,0.8247771263122559
"16,5,9,1,2,8,1,21,7,17,7,9,10,13,3",0.51,0.52,0.5125,0.5092592592592593,0.55,0.5288461538461539,0.51,0.8154623508453369
"9,0,8,14,5,15,13,10,15,14,6,8,2,4,17",0.5,0.55,0.5125,0.5,0.9,0.6428571428571429,0.5,0.6459720134735107
"11,3,9,12,19,16,15,5,23,12,13,14,10,2,16",0.48,0.61,0.5125,0.4838709677419355,0.6,0.5357142857142857,0.48,0.986945629119873
"14,9,5,19,4,17,4,15,19,0,6,0,7,17,11",0.48,0.61,0.5125,0.4880952380952381,0.82,0.6119402985074627,0.48,1.1219842433929443
"4,23,5,7,13,18,16,6,17,21,12,20,11,8,5",0.5,0.55,0.5125,0.0,0.0,0.0,0.5,0.8124322891235352
"19,8,4,1,6,3,3,22,13,17,13,10,18,11,9",0.505,0.53,0.51125,0.5042016806722689,0.6,0.547945205479452,0.505,0.8554770946502686
"10,23,8,14,3,6,9,6,3,3,21,5,6,16,19",0.525,0.47,0.51125,1.0,0.05,0.09523809523809523,0.525,0.8699955940246582
"9,17,19,6,5,13,2,3,17,7,17,8,14,7,3",0.605,0.23,0.51125,0.5777777777777777,0.78,0.6638297872340425,0.605,1.2023205757141113
"15,13,9,17,6,19,10,6,8,22,12,21,8,10,10",0.445,0.71,0.51125,0.44660194174757284,0.46,0.45320197044334976,0.445,1.0339066982269287
"16,16,5,22,4,17,20,15,12,4,23,7,14,10,11",0.505,0.53,0.51125,0.5025906735751295,0.97,0.6621160409556314,0.505,0.938208818435669
"6,12,9,19,12,12,15,11,13,18,15,11,6,17,10",0.465,0.65,0.51125,0.48066298342541436,0.87,0.6192170818505338,0.46499999999999997,0.7453153133392334
"9,23,13,23,15,0,7,19,8,5,8,15,14,14,4",0.485,0.59,0.51125,0.38461538461538464,0.05,0.08849557522123894,0.48500000000000004,0.7446486949920654
"5,18,5,16,15,18,17,10,8,5,13,15,0,9,1",0.465,0.65,0.51125,0.472,0.59,0.5244444444444445,0.46499999999999997,1.015462875366211
"17,19,16,0,1,5,0,5,2,13,5,14,19,10,21",0.455,0.68,0.51125,0.4645669291338583,0.59,0.5198237885462555,0.45499999999999996,1.3004570007324219
"4,13,12,9,2,6,17,15,8,22,10,12,7,9,19",0.505,0.53,0.51125,0.5037037037037037,0.68,0.5787234042553191,0.505,0.7225592136383057
"16,21,2,16,9,8,18,13,19,6,1,7,1,4,7",0.525,0.47,0.51125,0.6190476190476191,0.13,0.21487603305785125,0.525,0.9671692848205566
"16,15,23,6,11,10,20,6,12,4,10,10,14,9,4",0.515,0.5,0.51125,1.0,0.03,0.05825242718446602,0.515,0.7134730815887451
"8,17,14,21,14,11,19,8,9,12,19,3,19,6,13",0.515,0.5,0.51125,0.5263157894736842,0.3,0.3821656050955414,0.515,2.386383295059204
"17,0,1,16,16,21,2,16,9,8,18,13,19,6,1",0.55,0.39,0.51,0.5362318840579711,0.74,0.6218487394957983,0.55,1.1649982929229736
"6,12,17,11,23,13,23,7,19,13,1,7,15,10,16",0.51,0.51,0.51,0.5058823529411764,0.86,0.6370370370370371,0.51,0.7342948913574219
"15,8,9,10,0,20,11,9,4,17,15,16,21,9,18",0.48,0.6,0.51,0.45,0.18,0.2571428571428571,0.48,0.7502262592315674
"14,12,11,18,14,10,5,5,4,2,8,8,16,11,9",0.43,0.75,0.51,0.36538461538461536,0.19,0.25,0.43000000000000005,0.8911452293395996
"19,10,14,2,13,18,16,6,17,21,12,20,11,8,5",0.41,0.81,0.51,0.40625,0.39,0.3979591836734694,0.41000000000000003,1.021833896636963
"4,7,19,10,18,0,14,1,4,2,5,0,1,10,20",0.51,0.51,0.51,0.5054945054945055,0.92,0.6524822695035462,0.51,0.6336934566497803
"14,5,19,4,9,12,23,8,18,6,5,15,22,13,13",0.5,0.54,0.51,0.5,1.0,0.6666666666666666,0.5,0.7132313251495361
"18,8,20,5,1,12,19,0,1,14,6,4,6,7,8",0.49,0.57,0.51,0.4941860465116279,0.85,0.625,0.49,0.7862272262573242
"1,6,23,8,3,14,16,1,13,14,0,10,20,14,2",0.53,0.45,0.51,1.0,0.06,0.11320754716981132,0.53,0.6824431419372559
"14,13,16,9,2,22,12,7,7,17,7,16,1,11,11",0.47,0.63,0.51,0.4,0.12,0.18461538461538463,0.47,0.7776660919189453
"18,16,18,17,2,7,15,6,19,9,12,18,15,10,20",0.47,0.63,0.51,0.483695652173913,0.89,0.6267605633802817,0.47000000000000003,1.2643687725067139
"17,9,6,8,7,20,2,1,9,6,20,12,2,2,22",0.56,0.36,0.51,0.5625,0.54,0.5510204081632653,0.56,0.7159719467163086
"16,7,23,14,7,3,2,9,2,17,2,19,16,9,5",0.505,0.52,0.50875,0.5028901734104047,0.87,0.6373626373626373,0.505,1.2306702136993408
"4,14,15,7,12,0,11,20,15,14,12,6,19,6,6",0.515,0.49,0.50875,0.5077720207253886,0.98,0.6689419795221843,0.515,0.7177128791809082
"11,13,18,15,11,6,17,10,12,11,11,17,22,16,12",0.505,0.52,0.50875,0.5025125628140703,1.0,0.6688963210702341,0.505,0.7673883438110352
"21,5,2,5,17,9,14,11,17,16,8,13,13,12,2",0.495,0.55,0.50875,0.4973262032085561,0.93,0.6480836236933798,0.495,1.2552127838134766
"9,4,5,15,3,12,13,12,5,3,6,10,6,1,22",0.485,0.58,0.50875,0.36363636363636365,0.04,0.07207207207207207,0.48500000000000004,0.5897049903869629
"19,2,17,5,11,9,10,14,23,1,5,15,6,4,16",0.465,0.64,0.50875,0.47058823529411764,0.56,0.5114155251141552,0.465,1.2908430099487305
"9,3,20,4,14,5,3,17,6,2,14,9,22,8,4",0.455,0.67,0.50875,0.3902439024390244,0.16,0.22695035460992907,0.455,0.6835644245147705
"8,5,8,15,14,14,4,6,14,11,16,4,23,5,13",0.545,0.4,0.50875,0.5584415584415584,0.43,0.4858757062146893,0.545,0.6699175834655762
"3,3,11,8,5,12,2,18,17,16,1,0,16,11,5",0.495,0.55,0.50875,0.49748743718592964,0.99,0.6622073578595318,0.495,0.8229331970214844
"19,8,9,12,19,3,19,6,13,8,16,6,11,2,4",0.475,0.61,0.50875,0.4838709677419355,0.75,0.5882352941176471,0.475,2.5758934020996094
"11,15,13,21,15,20,14,11,5,18,9,3,13,7,14",0.495,0.55,0.50875,0.49748743718592964,0.99,0.6622073578595318,0.495,0.7503492832183838
"6,4,0,19,8,6,1,18,19,19,4,18,2,16,4",0.515,0.49,0.50875,0.5454545454545454,0.18,0.2706766917293233,0.515,4.43851375579834
"23,2,6,9,10,14,8,20,11,8,11,10,14,4,18",0.505,0.52,0.50875,0.5025380710659898,0.99,0.6666666666666666,0.505,0.9477977752685547
"14,17,14,8,14,13,8,13,9,1,6,13,1,14,8",0.515,0.49,0.50875,0.512396694214876,0.62,0.5610859728506787,0.515,0.7197370529174805
"15,3,22,13,10,14,17,18,19,0,13,18,12,1,7",0.475,0.61,0.5087499999999999,0.4647887323943662,0.33,0.38596491228070173,0.475,1.8607573509216309
"4,10,5,22,16,18,16,6,8,21,12,15,0,11,5",0.455,0.67,0.5087499999999999,0.4117647058823529,0.21,0.2781456953642384,0.45499999999999996,0.7380897998809814
"0,4,21,13,10,8,1,18,11,0,4,16,13,20,6",0.475,0.61,0.5087499999999999,0.47619047619047616,0.5,0.4878048780487805,0.475,0.7032310962677002
"9,14,8,7,9,9,8,2,14,12,16,14,14,2,13",0.495,0.55,0.5087499999999999,0.49746192893401014,0.98,0.6599326599326599,0.495,0.741544246673584
"9,16,19,19,12,12,15,11,13,18,15,8,6,17,10",0.47,0.62,0.5075000000000001,0.4594594594594595,0.34,0.39080459770114945,0.47,2.556661367416382
"17,15,0,3,9,7,21,4,1,17,8,5,11,13,11",0.49,0.56,0.5075000000000001,0.49038461538461536,0.51,0.5,0.49,0.6949958801269531
"12,13,8,2,11,8,11,4,10,8,3,7,6,10,21",0.53,0.44,0.5075000000000001,0.5283018867924528,0.56,0.5436893203883495,0.53,0.6678364276885986
"12,5,3,6,1,6,1,22,16,15,8,1,4,16,5",0.52,0.47,0.5075000000000001,0.5103092783505154,0.99,0.673469387755102,0.52,0.6263597011566162
"2,16,5,10,15,11,23,5,5,3,10,14,12,9,5",0.48,0.59,0.5075000000000001,0.3333333333333333,0.04,0.07142857142857142,0.48000000000000004,0.7016630172729492
"16,10,23,7,11,18,16,6,17,21,12,20,11,8,5",0.5,0.53,0.5075000000000001,0.5,1.0,0.6666666666666666,0.5,0.906226634979248
"22,5,12,19,17,4,17,11,13,15,13,17,19,8,23",0.5,0.53,0.5075000000000001,0.5,1.0,0.6666666666666666,0.5,1.548940658569336
"14,11,7,4,15,4,23,8,19,8,8,18,9,2,19",0.5,0.53,0.5075000000000001,0.5,1.0,0.6666666666666666,0.5,0.8026123046875
"22,8,22,7,0,8,14,1,1,14,19,8,10,1,7",0.5,0.53,0.5075000000000001,0.5,1.0,0.6666666666666666,0.5,0.734743595123291
"16,8,23,5,5,12,19,0,1,14,6,4,6,7,8",0.46,0.65,0.5075,0.44285714285714284,0.31,0.36470588235294116,0.45999999999999996,0.844397783279419
"18,11,15,17,21,10,5,5,17,18,9,10,5,21,12",0.46,0.65,0.5075,0.4090909090909091,0.18,0.25,0.45999999999999996,0.9310839176177979
"22,16,2,4,7,0,5,12,1,11,23,13,23,7,19",0.505,0.51,0.5062500000000001,0.5384615384615384,0.07,0.12389380530973451,0.505,0.8611156940460205
"2,8,10,0,13,0,2,1,4,4,15,2,1,1,13",0.505,0.51,0.5062500000000001,0.5025125628140703,1.0,0.6688963210702341,0.505,0.5765166282653809
"8,23,6,2,6,6,3,1,12,7,10,9,21,0,1",0.545,0.39,0.5062500000000001,0.5445544554455446,0.55,0.5472636815920398,0.545,0.6049985885620117
"6,8,9,15,15,17,20,10,11,13,17,4,23,15,9",0.505,0.51,0.5062500000000001,0.5025125628140703,1.0,0.6688963210702341,0.505,0.9474108219146729
"0,19,10,19,8,11,5,22,13,2,5,13,8,12,9",0.435,0.72,0.50625,0.27586206896551724,0.08,0.12403100775193798,0.435,0.7789218425750732
"12,9,2,6,17,15,8,22,10,12,7,9,19,10,0",0.485,0.57,0.50625,0.4918032786885246,0.9,0.6360424028268551,0.485,0.742250919342041
"12,10,17,4,17,11,13,15,13,17,12,8,23,11,16",0.515,0.48,0.50625,0.5348837209302325,0.23,0.32167832167832167,0.515,0.7919094562530518
"5,7,9,14,8,7,9,9,8,2,14,12,16,14,14",0.495,0.54,0.50625,0.47368421052631576,0.09,0.15126050420168066,0.495,0.8433332443237305
"20,15,23,7,0,21,1,0,11,10,4,22,10,20,7",0.475,0.6,0.50625,0.4731182795698925,0.44,0.45595854922279794,0.475,0.7751915454864502
"5,0,8,6,5,12,22,16,4,12,1,8,12,14,0",0.465,0.63,0.50625,0.45454545454545453,0.35,0.3954802259887006,0.46499999999999997,0.6127200126647949
"15,11,21,17,13,7,11,9,3,0,15,3,0,18,9",0.445,0.69,0.50625,0.44329896907216493,0.43,0.4365482233502538,0.445,0.7314412593841553
"16,1,1,14,0,0,12,19,10,13,10,17,11,12,2",0.455,0.66,0.5062499999999999,0.30434782608695654,0.07,0.11382113821138211,0.45499999999999996,0.7921426296234131
"14,10,5,18,1,18,12,4,17,21,12,20,11,11,5",0.47,0.61,0.505,0.4722222222222222,0.51,0.49038461538461536,0.47,1.2526600360870361
"7,15,10,16,5,23,6,11,10,20,6,12,4,23,10",0.5,0.52,0.505,0.0,0.0,0.0,0.5,0.7743854522705078
"20,3,10,9,3,7,7,21,12,3,10,23,16,12,21",0.5,0.52,0.505,0.5,0.96,0.6575342465753424,0.5,0.7279708385467529
"4,19,18,11,15,17,21,10,5,5,17,18,9,10,5",0.41,0.79,0.505,0.4262295081967213,0.52,0.46846846846846846,0.41000000000000003,2.087555408477783
"15,13,10,15,14,6,8,2,4,17,3,17,1,22,14",0.51,0.49,0.505,0.5056179775280899,0.9,0.6474820143884892,0.51,0.8186342716217041
"8,23,15,14,20,1,17,1,10,4,21,17,6,18,12",0.5,0.52,0.505,0.5,0.21,0.2957746478873239,0.5,0.8896331787109375
"2,8,23,5,6,8,9,9,5,16,15,23,12,2,9",0.51,0.49,0.505,0.5454545454545454,0.12,0.1967213114754098,0.51,0.8253889083862305
"10,18,16,20,10,13,18,15,13,5,9,20,13,3,18",0.5,0.52,0.505,0.5,0.9,0.6428571428571429,0.5,0.7865595817565918
"2,7,2,0,14,15,20,15,16,2,1,16,13,3,10",0.5,0.52,0.505,0.5,0.04,0.07407407407407407,0.5,0.839259147644043
"5,12,19,0,1,14,6,4,6,7,8,7,21,7,22",0.5,0.52,0.505,0.5,1.0,0.6666666666666666,0.5,0.7636604309082031
"12,7,9,19,10,0,6,22,9,19,1,0,13,11,4",0.52,0.46,0.505,0.75,0.06,0.1111111111111111,0.52,0.8378262519836426
"4,2,8,8,16,11,6,10,15,1,19,5,0,11,10",0.51,0.49,0.505,0.5051546391752577,0.98,0.6666666666666666,0.51,0.8274991512298584
"16,6,23,16,15,12,3,10,13,15,0,10,0,9,8",0.5,0.52,0.505,0.5,0.99,0.6644295302013423,0.5,0.9418599605560303
"6,14,9,8,4,3,2,11,12,12,15,8,9,4,15",0.49,0.55,0.505,0.49242424242424243,0.65,0.5603448275862069,0.49,0.7735035419464111
"4,13,21,1,7,22,4,15,20,7,4,15,22,11,7",0.51,0.49,0.505,0.5151515151515151,0.34,0.40963855421686746,0.51,0.7472236156463623
"12,15,13,9,12,7,7,7,5,22,12,0,0,13,7",0.5,0.52,0.505,0.5,1.0,0.6666666666666666,0.5,0.6773560047149658
"10,10,11,1,14,11,17,21,8,6,2,16,3,6,12",0.49,0.55,0.505,0.49473684210526314,0.94,0.6482758620689655,0.49,0.6451842784881592
"8,9,17,13,0,8,11,14,0,8,14,0,12,13,4",0.52,0.46,0.505,0.5416666666666666,0.26,0.35135135135135137,0.52,0.8284084796905518
"6,18,17,13,8,7,3,11,7,13,11,16,19,8,18",0.57,0.31,0.505,0.5972222222222222,0.43,0.5,0.57,1.0526251792907715
"14,1,1,14,19,8,10,1,7,7,11,15,8,5,1",0.5,0.52,0.505,0.5,1.0,0.6666666666666666,0.5,0.747448205947876
"5,15,11,20,9,17,9,0,0,22,10,21,15,20,3",0.505,0.5,0.50375,0.5029585798816568,0.85,0.6319702602230484,0.505,0.7180380821228027
"0,11,20,15,14,12,6,19,6,6,8,8,11,7,15",0.455,0.65,0.50375,0.46153846153846156,0.54,0.4976958525345622,0.455,0.7989542484283447
"9,21,14,2,23,15,19,16,2,5,4,12,16,5,23",0.445,0.68,0.50375,0.45528455284552843,0.56,0.5022421524663677,0.44500000000000006,0.9679358005523682
"3,15,12,17,4,18,5,4,16,18,17,1,8,5,13",0.505,0.5,0.50375,0.52,0.13,0.208,0.505,1.219740629196167
"6,2,0,4,9,10,20,3,9,0,4,6,14,14,0",0.505,0.5,0.50375,0.6666666666666666,0.02,0.038834951456310676,0.505,0.5701384544372559
"3,5,21,7,17,18,5,6,9,23,13,23,15,0,7",0.455,0.65,0.50375,0.3448275862068966,0.1,0.15503875968992248,0.455,0.8403968811035156
"2,3,17,7,4,8,14,7,3,1,13,8,16,15,22",0.505,0.5,0.50375,1.0,0.01,0.019801980198019802,0.505,0.8004574775695801
"8,11,6,10,7,18,19,8,13,5,4,0,16,9,13",0.505,0.5,0.50375,1.0,0.01,0.019801980198019802,0.505,1.5072541236877441
"15,0,13,0,22,7,19,1,16,22,13,18,16,6,3",0.455,0.65,0.5037499999999999,0.43283582089552236,0.29,0.3473053892215569,0.45499999999999996,1.0563733577728271
"9,1,21,1,12,17,22,10,11,8,11,13,0,4,21",0.49,0.54,0.5025000000000001,0.49390243902439024,0.81,0.6136363636363636,0.49000000000000005,0.6755974292755127
"19,3,14,8,10,22,5,3,12,17,10,20,15,14,0",0.47,0.6,0.5025000000000001,0.4817073170731707,0.79,0.5984848484848485,0.47000000000000003,0.9003286361694336
"15,22,11,7,13,23,2,6,14,9,8,4,3,2,11",0.55,0.36,0.5025000000000001,0.5342465753424658,0.78,0.6341463414634146,0.55,0.7152304649353027
"4,0,19,8,6,1,18,19,19,4,18,2,16,4,5",0.54,0.39,0.5025000000000001,0.5434782608695652,0.5,0.5208333333333334,0.54,4.624566555023193
"23,8,11,2,4,5,16,21,17,13,2,14,10,16,4",0.5,0.51,0.5025,0.0,0.0,0.0,0.5,1.0758099555969238
"5,3,12,17,10,20,15,14,0,14,10,18,13,18,15",0.5,0.51,0.5025,0.5,0.96,0.6575342465753424,0.5,0.8204371929168701
"7,5,0,8,6,5,12,22,16,4,12,1,8,12,14",0.5,0.51,0.5025,0.5,0.01,0.0196078431372549,0.5,0.6832046508789062
"13,12,8,21,2,5,13,1,2,16,18,3,12,4,0",0.49,0.54,0.5025,0.4945652173913043,0.91,0.6408450704225352,0.49,0.8130056858062744
"0,5,5,22,4,17,17,15,6,12,8,7,19,10,11",0.5,0.51,0.5025,0.0,0.0,0.0,0.5,0.7914485931396484
"3,1,10,13,12,8,21,2,5,13,1,2,16,18,3",0.5,0.51,0.5025,0.5,1.0,0.6666666666666666,0.5,0.8121674060821533
"14,12,6,19,6,6,8,8,11,7,15,18,4,13,2",0.5,0.51,0.5025,0.5,0.89,0.6402877697841727,0.5,0.7535274028778076
"3,8,8,10,5,23,8,17,6,13,3,7,0,17,0",0.5,0.51,0.5025,0.0,0.0,0.0,0.5,0.7363905906677246
"12,9,16,11,15,19,10,4,2,22,5,9,1,11,9",0.48,0.57,0.5025,0.48360655737704916,0.59,0.5315315315315315,0.48,0.7707734107971191
"4,10,18,14,4,19,2,10,0,11,16,23,7,6,11",0.5,0.51,0.5025,0.5,1.0,0.6666666666666666,0.5,0.8392486572265625
"8,5,1,13,19,2,7,2,0,14,15,20,15,16,2",0.47,0.6,0.5025,0.4659090909090909,0.41,0.43617021276595747,0.47,0.8676753044128418
"4,14,5,7,4,15,4,23,13,19,8,15,18,9,2",0.49,0.54,0.5025,0.4945652173913043,0.91,0.6408450704225352,0.49,0.7491259574890137
"8,13,3,11,7,5,18,8,2,19,17,6,8,9,15",0.51,0.48,0.5025,0.5053191489361702,0.95,0.6597222222222222,0.51,0.979210376739502
"14,7,13,11,6,19,19,8,17,14,21,14,11,19,8",0.5,0.51,0.5025,0.0,0.0,0.0,0.5,2.4039249420166016
"19,10,12,7,11,18,16,6,11,21,12,10,12,11,5",0.495,0.52,0.50125,0.0,0.0,0.0,0.495,0.9470021724700928
"14,11,17,21,8,6,2,16,3,6,12,10,20,12,14",0.485,0.55,0.50125,0.36363636363636365,0.04,0.07207207207207207,0.48500000000000004,0.705172061920166
"14,16,11,7,13,17,5,6,4,2,8,7,16,10,11",0.455,0.64,0.50125,0.46616541353383456,0.62,0.5321888412017167,0.45499999999999996,0.7258315086364746
"12,5,17,6,11,10,20,6,13,4,23,8,14,9,4",0.495,0.52,0.50125,0.49740932642487046,0.96,0.6552901023890785,0.495,0.7571649551391602
"19,8,10,1,7,7,11,15,8,5,1,13,19,2,7",0.535,0.4,0.50125,0.5304347826086957,0.61,0.5674418604651162,0.535,0.9255111217498779
"7,21,5,17,0,18,2,14,5,6,16,13,21,8,12",0.485,0.55,0.50125,0.4716981132075472,0.25,0.32679738562091504,0.485,0.8598527908325195
"8,7,7,4,14,1,2,3,3,5,3,9,4,9,19",0.505,0.49,0.50125,1.0,0.01,0.019801980198019802,0.505,0.6066968441009521
"0,0,17,15,2,16,13,5,1,23,12,6,3,1,11",0.495,0.52,0.50125,0.4,0.02,0.0380952380952381,0.495,0.7164392471313477
"5,16,5,16,15,8,0,10,14,4,2,9,2,9,4",0.495,0.52,0.50125,0.49748743718592964,0.99,0.6622073578595318,0.495,0.6787424087524414
"16,16,21,2,16,9,8,18,13,19,6,1,7,1,4",0.495,0.52,0.50125,0.46153846153846156,0.06,0.10619469026548672,0.495,1.1097171306610107
"11,8,5,12,2,18,17,16,1,0,16,11,5,13,18",0.46,0.62,0.5,0.4523809523809524,0.38,0.41304347826086957,0.46,0.9217483997344971
"1,18,11,17,5,6,4,22,8,14,4,7,19,10,18",0.5,0.5,0.5,0.0,0.0,0.0,0.5,0.7326674461364746
"19,6,12,0,4,23,2,15,10,7,6,20,4,10,11",0.5,0.5,0.5,0.5,1.0,0.6666666666666666,0.5,0.8750934600830078
"20,7,17,10,9,1,0,8,11,13,12,8,14,5,11",0.5,0.5,0.5,0.0,0.0,0.0,0.5,0.6790390014648438
"3,21,12,3,10,18,16,20,10,13,18,15,13,5,9",0.5,0.5,0.5,0.5,1.0,0.6666666666666666,0.5,0.8164463043212891
"4,3,5,21,7,17,18,5,6,9,23,13,23,15,0",0.5,0.5,0.5,0.0,0.0,0.0,0.5,0.8281214237213135
"1,13,19,2,7,2,0,14,15,20,15,16,2,1,16",0.5,0.5,0.5,0.0,0.0,0.0,0.5,0.8696153163909912
"2,1,5,0,23,15,16,0,8,13,15,13,7,4,17",0.5,0.5,0.5,0.5,1.0,0.6666666666666666,0.5,0.8358571529388428
"13,2,18,15,15,5,18,18,8,4,6,5,13,8,17",0.51,0.47,0.5,0.55,0.11,0.18333333333333332,0.51,1.1388604640960693
"2,13,7,3,4,4,21,5,16,5,10,5,8,18,0",0.5,0.5,0.5,0.0,0.0,0.0,0.5,0.6296577453613281
"22,16,12,18,18,6,5,7,0,12,3,11,13,15,11",0.5,0.5,0.5,0.0,0.0,0.0,0.5,1.1128642559051514
"15,8,1,4,16,5,15,9,8,0,13,14,4,2,9",0.5,0.5,0.5,0.0,0.0,0.0,0.5,0.7402787208557129
"20,7,13,2,4,1,22,9,6,6,13,23,15,14,3",0.5,0.5,0.5,0.0,0.0,0.0,0.5,0.6884429454803467
"2,19,12,0,22,11,15,4,8,10,20,9,21,13,18",0.5,0.5,0.5,0.5,1.0,0.6666666666666666,0.5,0.8925127983093262
"23,12,15,13,9,12,7,7,7,5,22,12,0,0,13",0.5,0.5,0.5,0.5,1.0,0.6666666666666666,0.5,0.7920432090759277
"14,21,9,20,17,1,8,23,7,5,0,8,6,5,12",0.5,0.5,0.5,0.5,1.0,0.6666666666666666,0.5,0.7087984085083008
"20,8,9,17,13,0,8,11,14,0,8,14,0,12,13",0.5,0.5,0.5,0.5,1.0,0.6666666666666666,0.5,0.7150497436523438
"2,16,9,8,18,13,19,6,1,7,1,4,7,10,22",0.5,0.5,0.5,0.5,1.0,0.6666666666666666,0.5,0.7818729877471924
"16,4,2,2,20,8,5,6,0,16,15,12,3,10,19",0.5,0.5,0.5,0.5,1.0,0.6666666666666666,0.5,0.6956627368927002
"1,1,14,19,8,10,1,7,7,11,15,8,5,1,13",0.5,0.5,0.5,0.0,0.0,0.0,0.5,0.8291277885437012
"17,7,4,8,14,7,3,1,13,8,16,15,22,4,10",0.5,0.5,0.5,0.5,1.0,0.6666666666666666,0.5,0.7788426876068115
"0,8,6,5,12,22,16,4,12,1,8,12,14,0,23",0.5,0.5,0.5,0.0,0.0,0.0,0.5,0.625035285949707
"18,18,8,4,6,5,13,8,17,17,9,6,8,7,20",0.5,0.5,0.5,0.0,0.0,0.0,0.5,1.274796724319458
"1,4,2,5,0,1,10,20,8,5,17,12,3,14,22",0.5,0.5,0.5,0.0,0.0,0.0,0.5,0.6278369426727295
"1,6,2,2,3,10,14,9,23,0,4,10,18,14,4",0.5,0.5,0.5,0.0,0.0,0.0,0.5,0.7099618911743164
"5,0,1,10,20,8,5,17,12,3,14,22,13,11,9",0.5,0.5,0.5,0.0,0.0,0.0,0.5,0.7231318950653076
"20,9,17,9,0,0,22,10,21,15,20,3,10,9,3",0.5,0.5,0.5,0.5,1.0,0.6666666666666666,0.5,0.7031795978546143
"20,7,17,11,19,8,11,10,4,10,9,13,0,10,12",0.5,0.5,0.5,0.0,0.0,0.0,0.5,0.8514654636383057
"6,11,17,10,7,18,19,8,13,5,4,16,16,9,13",0.5,0.5,0.5,0.5,1.0,0.6666666666666666,0.5,1.6132102012634277
"0,6,5,22,4,17,17,15,6,12,0,7,19,10,11",0.5,0.5,0.5,0.5,1.0,0.6666666666666666,0.5,0.9145095348358154
"12,5,18,8,13,3,11,7,5,18,8,2,19,17,6",0.5,0.5,0.5,0.0,0.0,0.0,0.5,0.9711530208587646
"13,7,3,4,4,21,5,16,5,10,5,8,18,0,12",0.5,0.5,0.5,0.0,0.0,0.0,0.5,0.7553684711456299
"20,16,15,11,14,16,7,15,1,13,4,10,23,8,14",0.5,0.5,0.5,0.5,1.0,0.6666666666666666,0.5,0.8190732002258301
"18,8,1,12,21,4,5,7,19,8,4,1,6,3,3",0.5,0.5,0.5,0.5,1.0,0.6666666666666666,0.5,0.7883672714233398
"8,9,22,14,0,21,5,5,16,11,3,14,21,12,8",0.5,0.5,0.5,0.5,1.0,0.6666666666666666,0.5,0.8649063110351562
"22,8,14,4,7,19,10,18,0,14,1,4,2,5,0",0.5,0.5,0.5,0.5,1.0,0.6666666666666666,0.5,0.7171118259429932
"20,15,19,11,0,4,21,13,10,8,1,18,11,0,4",0.5,0.5,0.5,0.5,1.0,0.6666666666666666,0.5,0.7252683639526367
"1,1,14,0,0,12,19,10,13,10,17,11,12,2,2",0.5,0.5,0.5,0.0,0.0,0.0,0.5,0.7299501895904541
"7,8,20,14,0,6,2,0,4,9,10,20,3,9,0",0.5,0.5,0.5,0.0,0.0,0.0,0.5,0.6075608730316162
"23,16,21,2,3,7,9,9,20,9,22,4,2,2,15",0.5,0.5,0.5,0.5,1.0,0.6666666666666666,0.5,1.111689567565918
"20,8,5,6,0,16,15,12,3,10,19,15,0,13,0",0.5,0.5,0.5,0.0,0.0,0.0,0.5,0.6977810859680176
"16,11,3,4,7,18,19,8,2,5,4,8,16,9,13",0.5,0.5,0.5,0.5,1.0,0.6666666666666666,0.5,1.5489788055419922
"22,15,13,11,16,0,9,18,14,5,22,7,0,6,21",0.5,0.5,0.5,0.5,1.0,0.6666666666666666,0.5,0.7184736728668213
"21,14,7,13,11,6,19,19,8,17,14,21,14,11,19",0.5,0.5,0.5,0.5,1.0,0.6666666666666666,0.5,2.384125232696533
"11,13,15,11,10,9,4,17,0,3,12,9,10,22,12",0.5,0.5,0.5,0.5,1.0,0.6666666666666666,0.5,0.7038648128509521
"5,23,6,11,10,20,6,12,4,23,10,14,9,4,4",0.5,0.5,0.5,0.5,1.0,0.6666666666666666,0.5,0.6869685649871826
"19,9,22,11,6,1,3,2,3,9,3,19,9,7,20",0.5,0.5,0.5,0.5,1.0,0.6666666666666666,0.5,0.9102818965911865
"1,22,16,15,8,1,4,16,5,15,9,8,0,13,14",0.5,0.5,0.5,0.0,0.0,0.0,0.5,0.821319580078125
"2,12,1,20,12,23,10,17,4,7,12,20,7,17,11",0.5,0.5,0.5,0.5,1.0,0.6666666666666666,0.5,0.6900577545166016
"5,7,0,12,3,11,13,15,11,10,9,4,17,0,3",0.5,0.5,0.5,0.5,1.0,0.6666666666666666,0.5,0.7271718978881836
"4,2,22,5,9,1,11,9,19,12,4,11,4,22,0",0.5,0.5,0.5,0.0,0.0,0.0,0.5,0.6634964942932129
"14,5,21,14,8,7,7,4,14,1,2,3,3,5,3",0.5,0.5,0.5,0.5,0.01,0.0196078431372549,0.5,0.6975274085998535
"19,10,16,7,6,18,16,6,17,21,12,20,11,8,5",0.5,0.5,0.5,0.0,0.0,0.0,0.5,1.0402247905731201
"5,8,18,8,1,12,21,4,5,7,19,8,4,1,6",0.5,0.5,0.5,0.5,1.0,0.6666666666666666,0.5,0.6203649044036865
"21,17,13,7,11,9,3,0,15,3,0,18,9,18,11",0.5,0.5,0.5,0.5,1.0,0.6666666666666666,0.5,1.1745545864105225
"3,23,2,8,10,7,6,20,4,10,12,5,22,1,7",0.5,0.5,0.5,0.0,0.0,0.0,0.5,0.8247625827789307
"22,12,5,22,2,12,1,20,12,23,10,17,4,7,12",0.5,0.5,0.5,0.5,1.0,0.6666666666666666,0.5,0.6978254318237305
"16,9,11,3,5,10,19,1,14,6,12,7,23,8,11",0.5,0.5,0.5,0.5,1.0,0.6666666666666666,0.5,0.8266105651855469
"12,13,12,5,3,6,10,6,1,22,16,15,8,1,4",0.5,0.5,0.5,0.5,1.0,0.6666666666666666,0.5,0.6424407958984375
"9,6,4,0,19,8,6,1,18,19,19,4,18,2,16",0.5,0.5,0.5,0.0,0.0,0.0,0.5,4.2531538009643555
"14,10,14,18,5,9,10,7,9,8,3,12,15,18,17",0.5,0.5,0.5,0.5,1.0,0.6666666666666666,0.5,0.8642568588256836
"22,4,17,17,15,6,12,14,7,19,10,11,11,11,22",0.5,0.5,0.5,0.5,1.0,0.6666666666666666,0.5,0.8559746742248535
"6,4,22,8,14,4,7,19,10,18,0,14,1,4,2",0.5,0.5,0.5,0.5,1.0,0.6666666666666666,0.5,0.7030911445617676
"5,22,13,2,5,13,8,12,9,9,14,10,11,4,21",0.5,0.5,0.5,0.5,1.0,0.6666666666666666,0.5,0.6857485771179199
"21,0,17,3,6,22,15,2,1,12,1,5,13,6,16",0.5,0.5,0.5,0.5,1.0,0.6666666666666666,0.5,1.203270435333252
"10,8,10,17,14,5,21,14,8,7,7,4,14,1,2",0.5,0.5,0.5,0.5,1.0,0.6666666666666666,0.5,0.7343249320983887
"23,6,11,10,20,6,12,4,23,10,14,9,4,4,11",0.5,0.5,0.5,0.5,1.0,0.6666666666666666,0.5,0.6753876209259033
"5,2,0,21,9,13,12,7,17,21,6,1,4,16,1",0.5,0.5,0.5,0.5,1.0,0.6666666666666666,0.5,1.152864694595337
"16,10,23,6,11,10,20,6,12,4,23,10,11,8,4",0.5,0.5,0.5,0.5,1.0,0.6666666666666666,0.5,0.7182927131652832
"1,3,5,1,18,8,6,0,13,10,16,1,1,14,0",0.5,0.5,0.5,0.5,1.0,0.6666666666666666,0.5,0.805610179901123
"0,1,10,20,8,5,17,12,3,14,22,13,11,9,9",0.5,0.5,0.5,0.0,0.0,0.0,0.5,0.7451298236846924
"5,6,2,8,9,7,10,0,13,17,17,7,18,17,11",0.5,0.5,0.5,0.5,1.0,0.6666666666666666,0.5,1.0472090244293213
"21,14,8,7,7,4,14,1,2,3,3,5,3,9,4",0.5,0.5,0.5,0.5,1.0,0.6666666666666666,0.5,0.7884206771850586
"2,10,18,4,5,2,3,6,3,0,6,19,8,0,19",0.5,0.5,0.5,0.5,1.0,0.6666666666666666,0.5,1.6981732845306396
"7,7,11,15,8,5,1,13,19,2,7,2,0,14,15",0.5,0.5,0.5,0.5,1.0,0.6666666666666666,0.5,0.7678954601287842
"4,2,2,20,8,5,6,0,16,15,12,3,10,19,15",0.5,0.5,0.5,0.5,1.0,0.6666666666666666,0.5,0.8770685195922852
"7,6,20,4,10,12,5,22,1,7,9,23,4,8,3",0.5,0.5,0.5,0.0,0.0,0.0,0.5,0.7882034778594971
"1,13,4,10,23,8,14,3,6,9,6,3,3,21,5",0.5,0.5,0.5,0.0,0.0,0.0,0.5,0.6670057773590088
"1,19,15,21,15,13,9,17,6,19,10,6,8,22,12",0.5,0.5,0.5,0.0,0.0,0.0,0.5,1.3930907249450684
"7,13,23,2,6,14,9,8,4,3,2,11,12,12,15",0.5,0.5,0.5,0.5,1.0,0.6666666666666666,0.5,0.7117218971252441
"20,5,9,4,5,15,3,12,13,12,5,3,6,10,6",0.5,0.5,0.5,0.5,1.0,0.6666666666666666,0.5,0.6912400722503662
"5,22,4,17,17,15,6,12,14,7,19,10,11,11,11",0.5,0.5,0.5,0.0,0.0,0.0,0.5,0.8676729202270508
"8,13,15,13,7,4,17,12,10,3,22,8,22,7,0",0.5,0.5,0.5,0.5,1.0,0.6666666666666666,0.5,0.6938416957855225
"23,2,8,10,7,6,20,4,10,12,5,22,1,7,9",0.5,0.5,0.5,0.0,0.0,0.0,0.5,0.7468476295471191
"20,9,10,19,6,5,13,2,3,17,7,4,8,14,7",0.5,0.5,0.5,0.5,1.0,0.6666666666666666,0.5,0.683537483215332
"5,21,14,7,13,11,6,19,19,8,17,14,21,14,11",0.5,0.5,0.5,0.0,0.0,0.0,0.5,2.397709369659424
"5,21,0,17,3,6,22,15,2,1,12,1,5,13,6",0.5,0.5,0.5,0.5,1.0,0.6666666666666666,0.5,1.285851001739502
"15,8,13,11,23,12,7,9,10,3,3,16,12,21,13",0.5,0.5,0.5,0.5,1.0,0.6666666666666666,0.5,0.765458345413208
"9,15,23,10,7,16,8,8,17,9,18,16,6,7,16",0.5,0.5,0.5,0.5,1.0,0.6666666666666666,0.5,0.7512876987457275
"8,4,13,21,1,7,22,4,15,20,7,4,15,22,11",0.5,0.5,0.5,0.5,1.0,0.6666666666666666,0.5,0.842963695526123
"14,8,5,22,4,17,5,0,4,2,8,7,6,7,11",0.5,0.5,0.5,0.5,1.0,0.6666666666666666,0.5,0.7560794353485107
"1,10,5,4,4,2,8,8,16,11,6,10,15,1,19",0.5,0.5,0.5,0.0,0.0,0.0,0.5,0.7942373752593994
"1,5,0,23,15,16,0,8,13,15,13,7,4,17,12",0.5,0.5,0.5,0.5,1.0,0.6666666666666666,0.5,0.7681992053985596
"23,9,13,15,8,9,3,13,10,22,16,14,4,6,14",0.5,0.5,0.5,0.0,0.0,0.0,0.5,0.7236135005950928
"1,8,5,13,15,0,11,1,14,3,8,1,6,23,8",0.5,0.5,0.5,0.0,0.0,0.0,0.5,0.7249562740325928
"20,3,13,13,15,2,12,12,22,15,8,13,11,23,12",0.5,0.5,0.5,0.5,1.0,0.6666666666666666,0.5,0.8351502418518066
"17,14,5,21,14,8,7,7,4,14,1,2,3,3,5",0.5,0.5,0.5,0.0,0.0,0.0,0.5,0.718217134475708
"3,9,3,19,9,7,20,9,0,3,9,15,5,1,22",0.5,0.5,0.5,0.5,1.0,0.6666666666666666,0.5,0.6419405937194824
"20,7,2,4,5,6,2,8,9,7,10,0,13,17,17",0.5,0.5,0.5,0.0,0.0,0.0,0.5,0.7522945404052734
"11,16,4,2,10,8,8,8,17,23,8,4,23,9,23",0.5,0.5,0.5,0.5,1.0,0.6666666666666666,0.5,0.8500833511352539
"22,2,7,15,18,17,11,13,9,1,21,1,12,17,22",0.5,0.5,0.5,0.0,0.0,0.0,0.5,0.8859748840332031
"1,20,12,23,10,17,4,7,12,20,7,17,11,19,8",0.5,0.5,0.5,0.5,1.0,0.6666666666666666,0.5,0.7562601566314697
"21,13,18,14,15,4,13,12,9,2,6,17,15,8,22",0.5,0.5,0.5,0.0,0.0,0.0,0.5,0.7655446529388428
"6,3,20,9,22,16,14,11,4,12,18,9,8,9,21",0.5,0.5,0.5,0.5,1.0,0.6666666666666666,0.5,0.7347860336303711
"21,5,4,15,19,1,19,15,21,15,13,9,17,6,19",0.5,0.5,0.5,0.0,0.0,0.0,0.5,3.2827308177948
"3,14,8,10,22,5,3,12,17,10,20,15,14,0,14",0.5,0.5,0.5,0.0,0.0,0.0,0.5,0.8011064529418945
"18,8,4,6,5,13,8,17,17,9,6,8,7,20,2",0.5,0.5,0.5,0.5,1.0,0.6666666666666666,0.5,0.748748779296875
"3,10,8,7,11,9,16,13,2,19,7,2,1,2,2",0.5,0.5,0.5,0.5,1.0,0.6666666666666666,0.5,0.691596269607544
"6,12,0,3,23,2,8,10,7,6,20,4,10,12,5",0.5,0.5,0.5,0.5,1.0,0.6666666666666666,0.5,0.6201963424682617
"13,11,23,12,7,9,10,3,3,16,12,21,13,23,0",0.5,0.5,0.5,0.5,1.0,0.6666666666666666,0.5,0.7171487808227539
"1,1,18,9,16,19,18,17,4,10,19,0,6,0,7",0.5,0.5,0.5,0.0,0.0,0.0,0.5,2.149172306060791
"2,16,4,5,7,9,14,8,7,9,9,8,2,14,12",0.5,0.5,0.5,0.5,1.0,0.6666666666666666,0.5,0.7387404441833496
"11,17,5,6,4,22,8,14,4,7,19,10,18,0,14",0.51,0.47,0.5,0.5384615384615384,0.14,0.2222222222222222,0.51,0.6873078346252441
"2,18,15,15,5,18,18,8,4,6,5,13,8,17,17",0.5,0.5,0.5,0.5,1.0,0.6666666666666666,0.5,1.460148811340332
"0,2,2,23,16,14,17,5,20,11,14,19,12,4,22",0.5,0.5,0.5,0.0,0.0,0.0,0.5,0.9546575546264648
"2,7,18,0,6,19,15,7,14,12,13,14,19,7,4",0.5,0.5,0.5,0.0,0.0,0.0,0.5,1.6641347408294678
"13,9,12,7,7,7,5,22,12,0,0,13,7,11,7",0.5,0.5,0.5,0.5,1.0,0.6666666666666666,0.5,0.7031867504119873
"23,10,17,4,7,12,20,7,17,11,19,8,11,10,4",0.5,0.5,0.5,0.5,1.0,0.6666666666666666,0.5,0.7254879474639893
"7,0,8,14,1,1,14,19,8,10,1,7,7,11,15",0.5,0.5,0.5,0.0,0.0,0.0,0.5,0.8079564571380615
"7,4,15,4,23,8,19,8,8,18,9,2,19,12,19",0.5,0.5,0.5,0.0,0.0,0.0,0.5,0.7162313461303711
"0,22,10,21,15,20,3,10,9,3,7,7,21,12,3",0.5,0.5,0.5,0.5,1.0,0.6666666666666666,0.5,0.6892108917236328
"21,8,8,3,4,9,14,1,16,11,13,0,13,23,5",0.5,0.5,0.5,0.5,1.0,0.6666666666666666,0.5,0.7117831707000732
"22,6,17,15,0,3,9,7,21,4,1,17,8,5,11",0.5,0.5,0.5,0.5,1.0,0.6666666666666666,0.5,0.7248249053955078
"22,16,15,8,1,4,16,5,15,9,8,0,13,14,4",0.5,0.5,0.5,0.0,0.0,0.0,0.5,0.7097523212432861
"7,22,6,17,15,0,3,9,7,21,4,1,17,8,5",0.5,0.5,0.5,0.5,1.0,0.6666666666666666,0.5,0.6879291534423828
"19,12,11,4,13,10,9,6,4,2,8,8,16,8,6",0.5,0.5,0.5,0.5,1.0,0.6666666666666666,0.5,0.8440523147583008
"21,10,2,6,23,15,12,13,8,2,11,8,11,4,10",0.5,0.5,0.5,0.5,1.0,0.6666666666666666,0.5,0.726010799407959
"1,4,18,6,12,6,11,17,13,8,7,3,22,15,13",0.5,0.5,0.5,0.5,1.0,0.6666666666666666,0.5,0.7460038661956787
"8,23,7,5,0,8,6,5,12,22,16,4,12,1,8",0.5,0.5,0.5,0.0,0.0,0.0,0.5,0.6744258403778076
"3,11,8,5,12,2,18,17,16,1,0,16,11,5,13",0.5,0.5,0.5,0.0,0.0,0.0,0.5,0.8557329177856445
"15,8,22,10,12,7,9,19,10,0,6,22,9,19,1",0.5,0.5,0.5,0.0,0.0,0.0,0.5,0.8220548629760742
"3,7,4,9,17,3,5,1,18,13,1,8,23,11,9",0.5,0.5,0.5,0.5,1.0,0.6666666666666666,0.5,0.9032442569732666
"3,16,7,8,5,8,3,10,5,0,6,11,15,22,5",0.5,0.5,0.5,0.0,0.0,0.0,0.5,0.7029502391815186
"20,15,3,15,11,1,0,2,11,13,12,8,6,7,11",0.5,0.5,0.5,0.5,1.0,0.6666666666666666,0.5,0.7496991157531738
"23,9,5,21,0,17,3,6,22,15,2,1,12,1,5",0.5,0.5,0.5,0.0,0.0,0.0,0.5,0.7097604274749756
"8,22,12,21,8,10,10,8,10,22,0,14,3,22,15",0.5,0.5,0.5,0.5,1.0,0.6666666666666666,0.5,0.7527294158935547
"22,13,18,16,6,17,21,12,20,11,8,5,1,15,12",0.5,0.5,0.5,0.5,1.0,0.6666666666666666,0.5,0.8327529430389404
"4,1,6,3,3,22,13,17,13,10,18,11,9,2,2",0.5,0.5,0.5,0.5,1.0,0.6666666666666666,0.5,0.7998526096343994
"2,12,17,1,15,7,7,1,2,13,16,23,17,6,18",0.5,0.5,0.5,0.0,0.0,0.0,0.5,1.337120771408081
"22,12,5,18,8,13,3,11,7,5,18,8,2,19,17",0.5,0.5,0.5,0.0,0.0,0.0,0.5,0.9947652816772461
"17,15,0,0,22,10,21,7,20,3,10,9,6,7,7",0.5,0.5,0.5,0.5,1.0,0.6666666666666666,0.5,0.7303879261016846
"14,15,23,1,14,12,8,2,18,9,18,16,6,7,16",0.5,0.5,0.5,0.0,0.0,0.0,0.5,0.7981739044189453
"2,16,3,6,12,10,20,12,14,12,15,20,11,2,4",0.5,0.5,0.5,0.5,1.0,0.6666666666666666,0.5,0.7171359062194824
"15,13,7,4,17,12,10,3,22,8,22,7,0,8,14",0.5,0.5,0.5,0.5,1.0,0.6666666666666666,0.5,0.7337443828582764
"0,5,5,22,4,17,17,6,6,12,14,7,11,8,11",0.5,0.5,0.5,0.0,0.0,0.0,0.5,0.8036849498748779
"23,3,11,12,7,16,14,6,7,7,12,11,11,8,3",0.5,0.5,0.5,0.5,1.0,0.6666666666666666,0.5,0.8045859336853027
"4,1,22,9,6,6,13,23,15,14,3,6,12,13,21",0.5,0.5,0.5,0.5,1.0,0.6666666666666666,0.5,0.676361083984375
"2,7,15,18,17,11,13,9,1,21,1,12,17,22,10",0.52,0.44,0.5,0.5114942528735632,0.89,0.6496350364963503,0.52,0.8916771411895752
"10,15,9,6,4,0,19,8,6,1,18,19,19,4,18",0.5,0.5,0.5,0.5,1.0,0.6666666666666666,0.5,4.1936986446380615
"3,21,13,18,14,15,4,13,12,9,2,6,17,15,8",0.5,0.5,0.5,0.0,0.0,0.0,0.5,0.7687382698059082
"8,20,10,19,10,15,19,1,6,2,2,3,10,14,9",0.5,0.5,0.5,0.0,0.0,0.0,0.5,1.0604920387268066
"0,11,0,16,5,22,4,17,17,15,6,12,14,7,19",0.5,0.5,0.5,0.5,1.0,0.6666666666666666,0.5,0.7562828063964844
"2,5,13,8,12,9,9,14,10,11,4,21,2,9,13",0.5,0.5,0.5,0.5,1.0,0.6666666666666666,0.5,0.7011640071868896
"6,4,22,8,5,6,16,16,17,9,15,16,4,13,9",0.5,0.5,0.5,0.0,0.0,0.0,0.5,0.6870613098144531
"7,14,8,20,10,19,10,15,19,1,6,2,2,3,10",0.5,0.5,0.5,0.5,1.0,0.6666666666666666,0.5,1.0953941345214844
"2,19,12,19,9,1,4,17,10,17,19,0,2,16,6",0.5,0.5,0.5,0.0,0.0,0.0,0.5,1.407444715499878
"17,19,15,14,8,5,6,5,2,6,4,6,22,7,3",0.5,0.5,0.5,0.5,1.0,0.6666666666666666,0.5,1.0988860130310059
"20,0,9,12,23,15,19,2,17,5,11,9,10,14,23",0.5,0.5,0.5,0.5,1.0,0.6666666666666666,0.5,1.1728334426879883
"21,5,16,5,10,5,8,18,0,12,12,12,16,9,21",0.5,0.5,0.5,0.5,1.0,0.6666666666666666,0.5,0.8978908061981201
"18,15,11,21,17,13,7,11,9,3,0,15,3,0,18",0.5,0.5,0.5,0.5,1.0,0.6666666666666666,0.5,0.8033311367034912
"4,7,0,5,12,1,11,23,13,23,7,19,13,1,7",0.5,0.5,0.5,0.5,1.0,0.6666666666666666,0.5,0.7901744842529297
"1,13,14,0,10,20,14,2,10,18,4,5,2,3,6",0.5,0.5,0.5,0.5,1.0,0.6666666666666666,0.5,0.7596132755279541
"4,22,8,5,6,16,16,17,9,15,16,4,13,9,22",0.5,0.5,0.5,0.5,1.0,0.6666666666666666,0.5,0.7222392559051514
"20,7,3,15,11,1,0,16,11,13,12,8,14,5,11",0.5,0.5,0.5,0.0,0.0,0.0,0.5,0.8038606643676758
"7,7,7,5,22,12,0,0,13,7,11,7,21,9,17",0.5,0.5,0.5,0.0,0.0,0.0,0.5,0.715468168258667
"7,13,11,6,19,19,8,17,14,21,14,11,19,8,9",0.5,0.5,0.5,0.0,0.0,0.0,0.5,2.3095099925994873
"13,14,0,10,20,14,2,10,18,4,5,2,3,6,3",0.49,0.53,0.5,0.49038461538461536,0.51,0.5,0.49,0.7284388542175293
"14,7,14,10,14,18,5,9,10,7,9,8,3,12,15",0.5,0.5,0.5,0.0,0.0,0.0,0.5,0.7777373790740967
"6,3,3,8,2,13,11,3,22,9,3,3,12,16,14",0.5,0.5,0.5,0.0,0.0,0.0,0.5,0.6660802364349365
"7,0,7,8,20,14,0,6,2,0,4,9,10,20,3",0.5,0.5,0.5,0.5,1.0,0.6666666666666666,0.5,0.6647541522979736
"5,23,12,13,14,10,2,16,5,10,15,11,23,5,5",0.5,0.5,0.5,0.0,0.0,0.0,0.5,0.749140739440918
"3,16,5,14,23,7,21,12,14,4,3,8,7,9,5",0.5,0.5,0.5,0.5,1.0,0.6666666666666666,0.5,0.768629789352417
"1,7,7,11,15,8,5,1,13,19,2,7,2,0,14",0.5,0.5,0.5,0.5,1.0,0.6666666666666666,0.5,0.7435250282287598
"3,19,18,15,9,11,8,19,13,3,21,13,18,14,15",0.5,0.5,0.5,0.5,1.0,0.6666666666666666,0.5,1.936333417892456
"3,15,5,14,3,0,19,10,19,8,11,5,22,13,2",0.5,0.5,0.5,0.0,0.0,0.0,0.5,0.6725263595581055
"21,16,10,8,19,4,7,11,0,18,1,18,19,5,15",0.5,0.5,0.5,0.5,1.0,0.6666666666666666,0.5,2.432100772857666
"6,20,4,10,12,5,22,1,7,9,23,4,8,3,14",0.5,0.5,0.5,0.5,1.0,0.6666666666666666,0.5,0.6453046798706055
"3,17,7,4,8,14,7,3,1,13,8,16,15,22,4",0.5,0.5,0.5,0.5,1.0,0.6666666666666666,0.5,0.801807165145874
"1,3,2,3,9,3,19,9,7,20,9,0,3,9,15",0.5,0.5,0.5,0.0,0.0,0.0,0.5,0.6833734512329102
"23,13,17,11,12,6,3,3,8,2,13,11,3,22,9",0.5,0.5,0.5,0.5,1.0,0.6666666666666666,0.5,0.7365870475769043
"19,10,0,6,7,9,19,8,0,13,11,4,10,14,13",0.5,0.5,0.5,0.5,1.0,0.6666666666666666,0.5,0.7669477462768555
"23,0,4,10,18,14,4,19,2,10,0,11,16,23,7",0.5,0.5,0.5,0.5,1.0,0.6666666666666666,0.5,0.8333632946014404
"23,12,14,19,14,11,7,4,15,4,23,8,19,8,8",0.5,0.5,0.5,0.5,1.0,0.6666666666666666,0.5,0.7687859535217285
"11,15,8,5,1,13,19,2,7,2,0,14,15,20,15",0.5,0.5,0.5,0.5,1.0,0.6666666666666666,0.5,0.7708418369293213
"22,17,21,9,4,10,14,20,7,13,2,4,1,22,9",0.5,0.5,0.5,0.5,1.0,0.6666666666666666,0.5,0.8515653610229492
"7,9,19,10,0,6,22,9,19,1,0,13,11,4,10",0.5,0.5,0.5,0.0,0.0,0.0,0.5,0.7362656593322754
"6,3,22,12,3,16,21,16,10,8,19,4,7,11,0",0.5,0.5,0.5,0.5,1.0,0.6666666666666666,0.5,0.8817229270935059
"7,8,5,8,3,10,5,0,6,11,15,22,5,1,7",0.5,0.5,0.5,0.0,0.0,0.0,0.5,0.6690444946289062
"11,23,13,23,7,19,13,1,7,15,10,16,5,23,6",0.5,0.5,0.5,0.5,1.0,0.6666666666666666,0.5,0.7311859130859375
"6,9,20,17,18,17,12,14,13,0,12,20,4,13,23",0.5,0.5,0.5,0.5,1.0,0.6666666666666666,0.5,1.011488914489746
"22,17,11,7,13,4,3,6,21,7,17,18,5,6,9",0.5,0.5,0.5,0.0,0.0,0.0,0.5,0.9785668849945068
"0,10,5,7,4,18,16,6,6,21,12,7,19,10,5",0.5,0.5,0.5,0.5,1.0,0.6666666666666666,0.5,0.7624330520629883
"2,12,12,22,15,8,13,11,23,12,7,9,10,3,3",0.5,0.5,0.5,0.0,0.0,0.0,0.5,0.6873476505279541
"9,20,17,1,8,23,7,5,0,8,6,5,12,22,16",0.5,0.5,0.5,0.0,0.0,0.0,0.5,0.6572229862213135
"2,11,8,11,4,10,8,3,7,6,10,21,9,10,2",0.5,0.5,0.5,0.0,0.0,0.0,0.5,0.6442241668701172
"22,1,13,8,4,13,21,1,7,22,4,15,20,7,4",0.5,0.5,0.5,0.5,1.0,0.6666666666666666,0.5,0.780519962310791
"23,0,3,7,15,8,9,10,0,20,11,9,4,17,15",0.5,0.5,0.5,0.5,1.0,0.6666666666666666,0.5,0.7518711090087891
"4,23,10,14,9,4,4,11,3,9,12,19,16,15,5",0.5,0.5,0.5,0.0,0.0,0.0,0.5,0.8591594696044922
"20,7,4,15,22,11,7,13,23,2,6,14,9,8,4",0.5,0.5,0.5,0.0,0.0,0.0,0.5,0.8096494674682617
"5,3,21,12,3,10,18,16,20,10,13,18,15,13,5",0.5,0.5,0.5,0.5,1.0,0.6666666666666666,0.5,0.785883903503418
"10,18,13,18,7,3,3,7,9,8,2,18,19,8,12",0.5,0.5,0.5,0.5,1.0,0.6666666666666666,0.5,1.631345272064209
"1,4,16,5,15,9,8,0,13,14,4,2,9,2,19",0.5,0.5,0.5,0.0,0.0,0.0,0.5,0.6842899322509766
"8,18,8,1,12,21,4,5,7,19,8,4,1,6,3",0.5,0.5,0.5,0.5,1.0,0.6666666666666666,0.5,0.6165835857391357
"15,11,14,16,7,15,1,13,4,10,23,8,14,3,6",0.49,0.53,0.5,0.49382716049382713,0.8,0.6106870229007634,0.49,0.7637484073638916
"7,5,22,12,0,0,13,7,11,7,21,9,17,10,8",0.5,0.5,0.5,0.5,0.68,0.576271186440678,0.5,0.7359895706176758
"20,6,12,4,23,10,14,9,4,4,11,3,9,12,19",0.5,0.5,0.5,0.5,1.0,0.6666666666666666,0.5,0.6874241828918457
"4,10,14,20,7,13,2,4,1,22,9,6,6,13,23",0.5,0.5,0.5,0.5,1.0,0.6666666666666666,0.5,0.720473051071167
"2,2,20,7,9,1,12,14,20,16,15,11,14,16,7",0.5,0.5,0.5,0.5,1.0,0.6666666666666666,0.5,0.7485742568969727
"11,7,4,15,4,23,8,19,8,8,18,9,2,19,12",0.5,0.5,0.5,0.5,1.0,0.6666666666666666,0.5,0.7310037612915039
"20,12,23,10,17,4,7,12,20,7,17,11,19,8,11",0.5,0.5,0.5,0.0,0.0,0.0,0.5,0.8384010791778564
"17,15,6,1,4,16,1,7,15,5,14,3,6,7,10",0.5,0.5,0.5,0.5,1.0,0.6666666666666666,0.5,0.6988615989685059
"0,0,22,10,21,15,20,3,10,9,3,7,7,21,12",0.5,0.5,0.5,0.5,1.0,0.6666666666666666,0.5,0.6786003112792969
"2,22,14,5,18,3,3,15,16,11,11,14,17,19,6",0.5,0.5,0.5,0.0,0.0,0.0,0.5,1.233194351196289
"21,0,11,0,16,5,22,4,17,17,15,6,12,14,7",0.5,0.5,0.5,0.5,1.0,0.6666666666666666,0.5,0.7945406436920166
"9,1,12,14,20,16,15,11,14,16,7,15,1,13,4",0.5,0.5,0.5,0.5,1.0,0.6666666666666666,0.5,0.7307322025299072
"22,6,14,16,13,0,19,5,14,1,10,5,5,23,6",0.5,0.5,0.5,0.5,1.0,0.6666666666666666,0.5,0.8397510051727295
"20,2,8,18,4,14,1,19,0,0,17,10,16,0,23",0.5,0.5,0.5,0.5,1.0,0.6666666666666666,0.5,1.0864923000335693
"1,19,5,0,11,10,15,9,6,4,0,19,8,6,1",0.5,0.5,0.5,0.0,0.0,0.0,0.5,0.8711509704589844
"7,16,14,6,7,7,12,11,11,8,3,3,1,12,3",0.5,0.5,0.5,0.5,1.0,0.6666666666666666,0.5,0.7066726684570312
"7,7,4,14,1,2,3,3,5,3,9,4,9,19,12",0.5,0.5,0.5,0.5,1.0,0.6666666666666666,0.5,0.6641778945922852
"19,12,11,7,13,18,12,6,17,21,12,20,11,8,5",0.5,0.5,0.5,0.5,1.0,0.6666666666666666,0.5,0.9537253379821777
"23,7,5,0,8,6,5,12,22,16,4,12,1,8,12",0.5,0.5,0.5,0.0,0.0,0.0,0.5,0.7172949314117432
"14,1,7,22,15,15,15,19,5,18,18,9,3,15,20",0.48,0.56,0.5,0.4803921568627451,0.49,0.48514851485148514,0.48,2.369882345199585
"0,3,14,1,7,22,15,15,15,19,5,18,18,9,3",0.5,0.5,0.5,0.0,0.0,0.0,0.5,2.1954762935638428
"2,4,5,16,21,17,13,2,14,10,16,4,12,11,8",0.5,0.5,0.5,0.5,1.0,0.6666666666666666,0.5,1.0817286968231201
"21,8,10,10,8,10,22,0,14,3,22,15,20,10,18",0.5,0.5,0.5,0.0,0.0,0.0,0.5,0.7389466762542725
"17,12,3,14,22,13,11,9,9,3,23,11,3,6,2",0.5,0.5,0.5,0.5,1.0,0.6666666666666666,0.5,0.7019975185394287
"21,15,20,3,10,9,3,7,7,21,12,3,10,23,16",0.5,0.5,0.5,0.0,0.0,0.0,0.5,0.8759517669677734
"7,0,5,12,1,11,23,13,23,7,19,13,1,7,15",0.5,0.5,0.5,0.0,0.0,0.0,0.5,0.7297370433807373
"1,12,14,20,16,15,11,14,16,7,15,1,13,4,10",0.5,0.5,0.5,0.0,0.0,0.0,0.5,0.8643324375152588
"6,1,3,2,3,9,3,19,9,7,20,9,0,3,9",0.5,0.5,0.5,0.5,1.0,0.6666666666666666,0.5,0.6269867420196533
"2,8,8,16,11,6,10,15,1,19,5,0,11,10,15",0.5,0.5,0.5,0.5,1.0,0.6666666666666666,0.5,0.7555551528930664
"1,22,14,12,11,18,1,10,5,4,4,2,8,8,16",0.5,0.5,0.5,0.5,1.0,0.6666666666666666,0.5,0.8038458824157715
"22,15,10,15,23,14,16,7,10,1,13,13,6,7,8",0.5,0.5,0.5,0.5,1.0,0.6666666666666666,0.5,0.7518062591552734
"5,23,16,21,2,3,7,9,9,20,9,22,4,2,2",0.5,0.5,0.5,0.5,1.0,0.6666666666666666,0.5,1.0888431072235107
"20,9,12,3,4,15,20,8,2,11,7,18,17,9,16",0.5,0.5,0.5,0.0,0.0,0.0,0.5,0.7826790809631348
"21,2,16,9,8,18,13,19,6,1,7,1,4,7,10",0.5,0.5,0.5,0.5,1.0,0.6666666666666666,0.5,1.0849788188934326
"2,4,1,22,9,6,6,13,23,15,14,3,6,12,13",0.5,0.5,0.5,0.5,1.0,0.6666666666666666,0.5,0.6842896938323975
"22,8,12,5,14,4,3,5,21,7,6,18,5,6,9",0.5,0.5,0.5,0.5,1.0,0.6666666666666666,0.5,0.7011470794677734
"1,14,3,8,1,6,23,8,3,14,16,1,13,14,0",0.5,0.5,0.5,0.5,1.0,0.6666666666666666,0.5,0.6824915409088135
"7,18,0,6,19,15,7,14,12,13,14,19,7,4,6",0.5,0.5,0.5,0.5,1.0,0.6666666666666666,0.5,1.6418805122375488
"3,21,3,14,9,20,16,21,6,2,16,4,9,0,11",0.5,0.5,0.5,0.5,1.0,0.6666666666666666,0.5,1.1985759735107422
"0,17,5,5,14,4,3,5,21,7,17,18,5,6,9",0.5,0.5,0.5,0.0,0.0,0.0,0.5,0.843003511428833
"1,8,12,1,4,14,11,14,7,4,7,22,8,11,12",0.5,0.5,0.5,0.5,1.0,0.6666666666666666,0.5,0.7400283813476562
"11,10,20,6,12,4,23,10,14,9,4,4,11,3,9",0.5,0.5,0.5,0.0,0.0,0.0,0.5,0.6398749351501465
"1,13,8,4,13,21,1,7,22,4,15,20,7,4,15",0.5,0.5,0.5,0.5,1.0,0.6666666666666666,0.5,0.7195265293121338
"5,6,4,22,8,14,4,7,19,10,18,0,14,1,4",0.5,0.5,0.5,0.5,1.0,0.6666666666666666,0.5,0.6618835926055908
"5,0,23,15,16,0,8,13,15,13,7,4,17,12,10",0.5,0.5,0.5,0.0,0.0,0.0,0.5,0.8983399868011475
"5,22,12,0,0,13,7,11,7,21,9,17,10,8,8",0.5,0.5,0.5,0.5,1.0,0.6666666666666666,0.5,0.7823727130889893
"8,6,5,12,22,16,4,12,1,8,12,14,0,23,2",0.5,0.5,0.5,0.5,1.0,0.6666666666666666,0.5,0.6525616645812988
"6,23,15,12,13,8,2,11,8,11,4,10,8,3,7",0.5,0.5,0.5,0.0,0.0,0.0,0.5,0.8676600456237793
"23,15,0,7,19,8,5,8,15,14,14,4,6,14,11",0.5,0.5,0.5,0.5,1.0,0.6666666666666666,0.5,0.8358209133148193
"4,10,5,16,11,18,16,6,17,21,8,20,11,8,4",0.5,0.5,0.5,0.5,1.0,0.6666666666666666,0.5,0.831798791885376
"5,6,6,8,9,0,17,5,18,14,3,18,8,20,5",0.5,0.5,0.5,0.5,1.0,0.6666666666666666,0.5,0.8161814212799072
"20,8,16,15,19,11,22,6,14,12,16,11,15,2,16",0.5,0.5,0.5,0.0,0.0,0.0,0.5,0.8949902057647705
"3,23,5,6,10,23,13,17,11,12,6,3,3,8,2",0.5,0.5,0.5,0.0,0.0,0.0,0.5,0.7275729179382324
"1,15,12,18,15,11,21,17,13,7,11,9,3,0,15",0.5,0.5,0.5,0.5,1.0,0.6666666666666666,0.5,0.7860686779022217
"22,14,7,14,10,14,18,5,9,10,7,9,8,3,12",0.5,0.5,0.5,0.5,1.0,0.6666666666666666,0.5,0.7712101936340332
"5,21,0,16,15,12,3,10,19,15,14,13,0,9,8",0.5,0.5,0.5,0.5,1.0,0.6666666666666666,0.5,1.0084781646728516
"1,14,11,17,21,8,6,2,16,3,6,12,10,20,12",0.5,0.5,0.5,0.5,1.0,0.6666666666666666,0.5,0.722999095916748
"2,6,23,15,12,13,8,2,11,8,11,4,10,8,3",0.5,0.5,0.5,0.0,0.0,0.0,0.5,0.7774338722229004
"4,1,23,7,2,20,7,2,4,5,6,2,8,9,7",0.5,0.5,0.5,0.5,1.0,0.6666666666666666,0.5,0.6288547515869141
"1,10,20,8,5,17,12,3,14,22,13,11,9,9,3",0.5,0.5,0.5,0.5,1.0,0.6666666666666666,0.5,0.6691708564758301
"22,14,5,13,12,7,13,15,6,9,17,6,15,0,14",0.5,0.5,0.5,0.5,1.0,0.6666666666666666,0.5,0.7404341697692871
"11,5,22,13,2,5,13,8,12,9,9,14,10,11,4",0.48,0.56,0.5,0.4891304347826087,0.9,0.6338028169014085,0.48,0.6678917407989502
"19,7,0,7,8,20,14,0,6,2,0,4,9,10,20",0.5,0.5,0.5,0.5,1.0,0.6666666666666666,0.5,0.8732924461364746
"2,11,7,18,17,9,16,5,9,1,2,8,1,21,7",0.5,0.5,0.5,0.5,1.0,0.6666666666666666,0.5,0.8680453300476074
"3,3,12,15,18,8,13,10,2,20,14,0,14,6,0",0.5,0.5,0.5,0.5,1.0,0.6666666666666666,0.5,0.7538244724273682
"20,15,14,0,14,10,18,13,18,15,3,3,11,9,8",0.5,0.5,0.5,0.5,1.0,0.6666666666666666,0.5,0.7269082069396973
"20,9,22,4,2,2,15,22,6,3,15,11,13,5,19",0.5,0.5,0.5,0.0,0.0,0.0,0.5,0.7041735649108887
"15,10,16,5,23,6,11,10,20,6,12,4,23,10,14",0.485,0.54,0.49875,0.49122807017543857,0.84,0.6199261992619927,0.485,0.8255069255828857
"13,15,0,11,1,14,3,8,1,6,23,8,3,14,16",0.525,0.42,0.49875,0.5144508670520231,0.89,0.652014652014652,0.525,0.68833327293396
"18,5,4,16,18,17,1,8,5,13,15,0,11,1,14",0.445,0.66,0.49875,0.46099290780141844,0.65,0.5394190871369294,0.445,1.090059518814087
"17,12,9,16,11,15,19,10,4,2,22,5,9,1,11",0.475,0.57,0.49874999999999997,0.47572815533980584,0.49,0.4827586206896552,0.475,0.8252968788146973
"16,15,8,1,4,16,5,15,9,8,0,13,14,4,2",0.495,0.51,0.49874999999999997,0.49748743718592964,0.99,0.6622073578595318,0.495,0.6913051605224609
"5,14,23,7,21,12,14,4,3,8,7,9,5,17,21",0.515,0.45,0.49874999999999997,0.5080213903743316,0.95,0.662020905923345,0.515,0.721881628036499
"5,20,0,9,12,23,15,19,2,17,5,11,9,10,14",0.495,0.51,0.49874999999999997,0.49743589743589745,0.97,0.6576271186440678,0.495,1.1242918968200684
"23,15,16,0,8,13,15,13,7,4,17,12,10,3,22",0.495,0.51,0.49874999999999997,0.0,0.0,0.0,0.495,0.9060890674591064
"17,10,10,11,1,14,11,17,21,8,6,2,16,3,6",0.495,0.51,0.49874999999999997,0.3333333333333333,0.01,0.019417475728155338,0.495,0.6831192970275879
"19,16,5,22,4,17,5,15,13,2,8,20,16,10,11",0.445,0.66,0.49874999999999997,0.46496815286624205,0.73,0.5680933852140078,0.445,1.1887826919555664
"16,12,18,18,6,5,7,0,12,3,11,13,15,11,10",0.475,0.57,0.4987499999999999,0.48,0.6,0.5333333333333333,0.475,1.109081506729126
"4,4,2,8,8,16,11,6,10,15,1,19,5,0,11",0.455,0.63,0.4987499999999999,0.45871559633027525,0.5,0.4784688995215311,0.45499999999999996,0.8237864971160889
"5,13,12,7,13,15,6,9,17,6,15,0,14,23,15",0.455,0.63,0.4987499999999999,0.45714285714285713,0.48,0.4682926829268293,0.45499999999999996,0.7064297199249268
"6,18,17,13,8,7,3,11,15,13,5,16,19,8,18",0.53,0.4,0.49750000000000005,0.5223880597014925,0.7,0.5982905982905983,0.53,1.0513050556182861
"16,20,16,4,3,14,16,11,15,1,13,4,10,12,8",0.45,0.64,0.49750000000000005,0.4576271186440678,0.54,0.4954128440366973,0.45,0.7369740009307861
"9,4,17,0,3,12,9,10,22,12,5,22,2,12,1",0.46,0.61,0.49750000000000005,0.43548387096774194,0.27,0.3333333333333333,0.46,0.6580514907836914
"6,12,6,11,17,13,8,7,3,22,15,13,11,16,0",0.5,0.49,0.4975,0.0,0.0,0.0,0.5,0.7846848964691162
"1,17,12,9,16,11,15,19,10,4,2,22,5,9,1",0.51,0.46,0.4975,0.5052631578947369,0.96,0.6620689655172414,0.51,0.7795343399047852
"5,13,22,1,13,8,4,13,21,1,7,22,4,15,20",0.5,0.49,0.4975,0.5,0.97,0.6598639455782312,0.5,0.6866321563720703
"16,5,14,23,7,21,12,14,4,3,8,7,9,5,17",0.51,0.46,0.4975,0.5092592592592593,0.55,0.5288461538461539,0.51,0.743807315826416
"14,20,15,19,11,0,4,21,13,10,8,1,18,11,0",0.5,0.49,0.4975,0.0,0.0,0.0,0.5,0.7353501319885254
"10,20,16,22,13,14,16,6,17,1,13,13,1,5,8",0.5,0.49,0.4975,0.5,1.0,0.6666666666666666,0.5,0.7548794746398926
"18,14,15,4,13,12,9,2,6,17,15,8,22,10,12",0.42,0.73,0.4975,0.42727272727272725,0.47,0.44761904761904764,0.42,0.8123018741607666
"12,20,11,8,5,1,15,12,18,15,11,21,17,13,7",0.5,0.49,0.4975,0.5,0.55,0.5238095238095238,0.5,0.7536635398864746
"3,0,19,10,19,8,11,5,22,13,2,5,13,8,12",0.48,0.55,0.4975,0.4824561403508772,0.55,0.514018691588785,0.48,0.7979466915130615
"7,3,9,16,6,3,22,12,3,16,21,16,10,8,19",0.5,0.49,0.4975,0.5,1.0,0.6666666666666666,0.5,0.840933084487915
"21,6,1,4,16,1,3,15,5,14,3,0,19,10,19",0.505,0.47,0.49625,1.0,0.01,0.019801980198019802,0.505,1.101447343826294
"14,9,5,19,1,17,4,4,19,0,6,0,7,17,6",0.485,0.53,0.49625,0.4810126582278481,0.38,0.4245810055865922,0.485,1.3989589214324951
"22,0,3,14,1,7,22,15,15,15,19,5,18,18,9",0.495,0.5,0.49624999999999997,0.49295774647887325,0.35,0.4093567251461988,0.495,2.1711487770080566
"9,16,6,3,22,12,3,16,21,16,10,8,19,4,7",0.495,0.5,0.49624999999999997,0.49748743718592964,0.99,0.6622073578595318,0.495,0.8669109344482422
"8,19,8,8,18,9,2,19,12,19,9,1,4,17,10",0.495,0.5,0.49624999999999997,0.49748743718592964,0.99,0.6622073578595318,0.495,0.7209799289703369
"10,8,3,7,6,10,21,9,10,2,9,20,7,2,21",0.495,0.5,0.49624999999999997,0.49748743718592964,0.99,0.6622073578595318,0.495,0.6714324951171875
"12,7,13,15,6,9,17,6,15,0,14,23,15,17,20",0.495,0.5,0.49624999999999997,0.49748743718592964,0.99,0.6622073578595318,0.495,0.7294352054595947
"1,6,3,3,22,13,17,13,10,18,11,9,2,2,10",0.495,0.5,0.49624999999999997,0.3333333333333333,0.01,0.019417475728155338,0.495,0.7220449447631836
"8,9,3,13,10,22,16,14,4,6,14,23,1,3,3",0.515,0.44,0.49624999999999997,0.6666666666666666,0.06,0.11009174311926606,0.515,0.7326414585113525
"2,20,7,9,1,12,14,20,16,15,11,14,16,7,15",0.495,0.5,0.49624999999999997,0.49748743718592964,0.99,0.6622073578595318,0.495,0.7635667324066162
"23,2,13,7,3,4,4,21,5,16,5,10,5,8,18",0.495,0.5,0.49624999999999997,0.0,0.0,0.0,0.495,0.7506430149078369
"6,22,11,20,3,15,11,4,1,7,11,4,1,23,6",0.515,0.44,0.4962499999999999,0.5483870967741935,0.17,0.2595419847328244,0.515,0.7015767097473145
"12,7,16,14,6,7,7,12,11,11,8,3,3,1,12",0.49,0.51,0.49500000000000005,0.4722222222222222,0.17,0.25,0.49000000000000005,0.7240579128265381
"6,3,13,13,20,1,16,10,6,9,20,17,18,17,12",0.46,0.6,0.49500000000000005,0.4649122807017544,0.53,0.4953271028037383,0.46,1.0112574100494385
"1,5,11,10,10,4,16,9,11,3,5,10,19,1,14",0.5,0.48,0.495,0.0,0.0,0.0,0.5,0.778144359588623
"9,19,12,12,15,11,13,18,15,11,6,17,10,12,11",0.43,0.69,0.495,0.25,0.07,0.109375,0.43000000000000005,0.8702535629272461
"7,19,13,1,7,15,10,16,5,23,6,11,10,20,6",0.5,0.48,0.495,0.5,0.03,0.05660377358490566,0.5,0.6868088245391846
"14,12,11,18,13,10,9,6,4,2,8,8,16,11,5",0.49,0.51,0.495,0.49444444444444446,0.89,0.6357142857142857,0.49,0.8335511684417725
"14,4,3,5,21,7,17,18,5,6,9,23,13,23,15",0.5,0.48,0.495,0.5,0.01,0.0196078431372549,0.5,0.8704431056976318
"11,8,5,1,15,12,18,15,11,21,17,13,7,11,9",0.47,0.57,0.495,0.46153846153846156,0.36,0.4044943820224719,0.47,0.838951826095581
"5,13,2,3,17,7,4,8,14,7,3,1,13,8,16",0.52,0.42,0.495,0.5909090909090909,0.13,0.21311475409836064,0.52,0.7129747867584229
"19,11,22,6,14,12,16,11,15,2,16,12,4,1,3",0.51,0.45,0.495,0.515625,0.33,0.4024390243902439,0.51,0.9200546741485596
"5,17,12,3,14,22,13,11,9,9,3,23,11,3,6",0.5,0.48,0.495,0.5,0.91,0.6453900709219859,0.5,0.703279972076416
"10,0,11,16,23,7,6,11,5,9,22,15,19,2,13",0.5,0.48,0.495,0.5,0.89,0.6402877697841727,0.5,0.8079676628112793
"14,9,21,12,5,10,14,14,1,20,17,21,13,4,17",0.5,0.48,0.495,0.5,0.17,0.2537313432835821,0.5,0.77677321434021
"16,9,11,10,7,1,8,16,13,15,2,16,8,4,21",0.49,0.51,0.495,0.49166666666666664,0.59,0.5363636363636364,0.49,0.7539386749267578
"4,3,7,4,9,17,3,5,1,18,13,1,8,23,11",0.5,0.48,0.495,0.5,0.94,0.6527777777777778,0.5,0.9699966907501221
"17,21,12,20,11,8,5,1,15,12,18,15,11,21,17",0.505,0.46,0.49375,0.5047619047619047,0.53,0.5170731707317073,0.505,0.9142570495605469
"22,12,0,0,13,7,11,7,21,9,17,10,8,8,12",0.505,0.46,0.49375,0.5025125628140703,1.0,0.6688963210702341,0.505,0.8468217849731445
"19,12,11,7,13,13,23,6,11,6,17,10,12,11,11",0.525,0.4,0.49375,0.5196850393700787,0.66,0.5814977973568282,0.525,0.884108304977417
"10,14,9,23,0,4,10,18,14,4,19,2,10,0,11",0.485,0.52,0.49375,0.4919786096256685,0.92,0.6411149825783972,0.48500000000000004,0.7882499694824219
"12,11,23,10,9,18,19,8,2,5,4,19,16,14,13",0.515,0.43,0.49375,0.5217391304347826,0.36,0.4260355029585799,0.515,1.7640678882598877
"0,5,12,1,11,23,13,23,7,19,13,1,7,15,10",0.485,0.52,0.49375,0.4805194805194805,0.37,0.4180790960451977,0.485,0.7212064266204834
"8,5,8,3,10,5,0,6,11,15,22,5,1,7,7",0.47,0.56,0.49250000000000005,0.48404255319148937,0.91,0.6319444444444444,0.47000000000000003,0.6122949123382568
"5,12,2,4,15,6,3,20,9,22,16,14,11,4,12",0.49,0.5,0.49250000000000005,0.4946808510638298,0.93,0.6458333333333334,0.49000000000000005,0.6878361701965332
"20,16,12,14,11,15,3,22,13,10,14,17,18,19,0",0.49,0.5,0.4925,0.49489795918367346,0.97,0.6554054054054054,0.49,1.8303072452545166
"15,2,16,12,4,1,3,5,1,18,8,6,0,13,10",0.49,0.5,0.4925,0.0,0.0,0.0,0.49,0.6785793304443359
"12,19,16,15,5,23,12,13,14,10,2,16,5,10,15",0.47,0.56,0.4925,0.4835164835164835,0.88,0.624113475177305,0.47,0.9072415828704834
"4,10,23,16,13,10,20,6,12,4,12,10,14,8,4",0.49,0.5,0.4925,0.4895833333333333,0.47,0.47959183673469385,0.49,0.7338242530822754
"0,15,21,13,13,10,5,10,19,0,2,18,16,8,6",0.46,0.59,0.4925,0.4473684210526316,0.34,0.38636363636363635,0.45999999999999996,1.8158528804779053
"22,10,21,15,20,3,10,9,3,7,7,21,12,3,10",0.47,0.56,0.4925,0.48333333333333334,0.87,0.6214285714285714,0.47,0.695202112197876
"13,3,21,13,18,14,15,4,13,12,9,2,6,17,15",0.46,0.59,0.49249999999999994,0.46825396825396826,0.59,0.5221238938053098,0.45999999999999996,0.7124221324920654
"4,18,0,4,16,18,17,1,8,5,13,15,0,6,1",0.46,0.59,0.49249999999999994,0.47674418604651164,0.82,0.6029411764705882,0.45999999999999996,1.0604960918426514
"4,7,12,20,7,17,11,19,8,11,10,4,10,9,13",0.485,0.51,0.49125,0.49162011173184356,0.88,0.6308243727598566,0.485,0.8228049278259277
"7,5,18,8,2,19,17,6,8,9,15,15,17,20,10",0.495,0.48,0.49124999999999996,0.4972067039106145,0.89,0.6379928315412187,0.495,1.0098950862884521
"18,17,16,1,0,16,11,5,13,18,6,13,13,20,5",0.44,0.64,0.4900000000000001,0.4594594594594595,0.68,0.5483870967741935,0.44000000000000006,1.0192053318023682
"3,12,15,18,8,13,10,2,20,14,0,14,6,0,5",0.47,0.55,0.49000000000000005,0.4817073170731707,0.79,0.5984848484848485,0.47000000000000003,0.7558302879333496
"9,10,16,22,13,18,16,6,17,21,12,20,11,8,5",0.4,0.76,0.49000000000000005,0.32142857142857145,0.18,0.23076923076923078,0.4,0.8517193794250488
"23,13,5,4,5,2,0,21,9,13,12,7,17,21,6",0.47,0.55,0.49000000000000005,0.3125,0.05,0.08620689655172414,0.47000000000000003,0.6784782409667969
"11,14,16,7,15,1,13,4,10,23,8,14,3,6,9",0.49,0.49,0.49,0.4939759036144578,0.82,0.6165413533834586,0.49,0.7206916809082031
"8,1,12,21,4,5,7,19,8,4,1,6,3,3,22",0.51,0.43,0.49,0.5055555555555555,0.91,0.65,0.51,0.7032206058502197
"16,15,16,22,13,21,1,6,13,4,10,17,17,12,2",0.43,0.67,0.49,0.4339622641509434,0.46,0.44660194174757284,0.43000000000000005,0.7916648387908936
"2,3,10,14,9,23,0,4,10,18,14,4,19,2,10",0.45,0.61,0.49,0.38095238095238093,0.16,0.22535211267605634,0.45,0.8056087493896484
"12,0,16,9,11,10,7,1,8,16,13,15,2,16,8",0.45,0.61,0.49,0.4537037037037037,0.49,0.47115384615384615,0.44999999999999996,0.704582929611206
"11,23,5,5,3,10,14,12,9,5,2,13,11,19,18",0.46,0.58,0.49,0.4583333333333333,0.44,0.4489795918367347,0.45999999999999996,1.5300395488739014
"18,12,14,22,10,14,13,21,14,13,13,14,5,23,7",0.44,0.64,0.49,0.45652173913043476,0.63,0.5294117647058824,0.44,0.7888202667236328
"9,5,21,0,17,3,6,22,15,2,1,12,1,5,13",0.455,0.59,0.48875,0.4628099173553719,0.56,0.5067873303167421,0.455,0.6511218547821045
"0,3,1,10,13,12,8,21,2,5,13,1,2,16,18",0.485,0.5,0.48875,0.49230769230769234,0.96,0.6508474576271186,0.485,0.7660362720489502
"9,2,22,12,5,7,17,0,16,1,11,11,15,19,8",0.445,0.62,0.48875,0.44954128440366975,0.49,0.4688995215311005,0.445,0.7556304931640625
"16,2,23,6,11,10,20,6,12,4,11,10,14,9,4",0.485,0.5,0.48875,0.49230769230769234,0.96,0.6508474576271186,0.485,0.7795891761779785
"14,4,7,19,10,18,0,14,1,4,2,5,0,1,10",0.485,0.5,0.48875,0.4911242603550296,0.83,0.6171003717472119,0.485,0.6162147521972656
"19,10,11,7,13,18,12,8,17,21,12,20,11,8,5",0.525,0.38,0.48875,0.5257731958762887,0.51,0.5177664974619289,0.525,0.8626618385314941
"4,5,6,2,8,9,7,10,0,13,17,17,7,18,17",0.505,0.44,0.48875,0.5025125628140703,1.0,0.6688963210702341,0.505,0.9229097366333008
"5,5,12,19,0,1,14,6,4,6,7,8,7,21,7",0.485,0.5,0.48875,0.49230769230769234,0.96,0.6508474576271186,0.485,0.7097916603088379
"3,3,16,12,21,13,23,0,0,17,15,2,16,13,5",0.475,0.53,0.48874999999999996,0.48175182481751827,0.66,0.5569620253164557,0.475,0.7144052982330322
"2,3,9,3,19,9,7,20,9,0,3,9,15,5,1",0.515,0.41,0.48874999999999996,0.5185185185185185,0.42,0.46408839779005523,0.515,0.6656262874603271
"19,5,0,0,16,15,12,3,10,19,15,0,13,0,9",0.435,0.65,0.4887499999999999,0.4496124031007752,0.58,0.5065502183406113,0.43499999999999994,1.094235897064209
"15,17,20,10,11,13,17,4,23,15,9,8,21,1,12",0.46,0.57,0.48750000000000004,0.4789473684210526,0.91,0.6275862068965518,0.46,0.9295084476470947
"15,20,8,2,11,7,18,17,9,16,5,9,1,2,8",0.52,0.39,0.48750000000000004,0.5238095238095238,0.44,0.4782608695652174,0.52,0.7968170642852783
"10,19,15,0,13,0,9,7,19,10,16,22,13,18,16",0.46,0.57,0.48750000000000004,0.4722222222222222,0.68,0.5573770491803278,0.46,0.8222291469573975
"8,19,13,3,21,13,18,14,15,4,13,12,9,2,6",0.48,0.51,0.4875,0.4895833333333333,0.94,0.6438356164383562,0.48,0.7470431327819824
"15,0,11,1,14,3,8,1,6,23,8,3,14,16,1",0.47,0.54,0.4875,0.46938775510204084,0.46,0.46464646464646464,0.47,0.6922414302825928
"11,1,14,11,17,21,8,6,2,16,3,6,12,10,20",0.47,0.54,0.4875,0.4772727272727273,0.63,0.5431034482758621,0.47,0.6636133193969727
"0,2,1,4,4,15,2,1,1,13,10,7,1,23,1",0.48,0.51,0.4875,0.0,0.0,0.0,0.48,0.6380400657653809
"5,9,4,5,15,3,12,13,12,5,3,6,10,6,1",0.49,0.48,0.4875,0.375,0.03,0.05555555555555555,0.49,0.5706403255462646
"22,12,5,13,22,1,13,8,4,13,21,1,7,22,4",0.505,0.43,0.48625,0.5026737967914439,0.94,0.6550522648083623,0.505,0.6857526302337646
"3,3,8,2,13,11,3,22,9,3,3,12,16,14,19",0.465,0.55,0.48625,0.1111111111111111,0.01,0.01834862385321101,0.465,0.6906051635742188
"12,3,10,19,15,0,13,0,9,7,19,10,16,22,13",0.495,0.46,0.48624999999999996,0.4935064935064935,0.38,0.4293785310734463,0.495,0.8169357776641846
"15,12,3,10,19,15,0,13,0,9,7,19,10,16,22",0.545,0.31,0.48624999999999996,0.5529411764705883,0.47,0.5081081081081081,0.5449999999999999,0.740546464920044
"8,9,15,15,17,20,10,11,13,17,4,23,15,9,8",0.445,0.61,0.48624999999999996,0.37777777777777777,0.17,0.23448275862068965,0.445,0.9092710018157959
"14,8,10,22,5,3,12,17,10,20,15,14,0,14,10",0.495,0.46,0.48624999999999996,0.45454545454545453,0.05,0.09009009009009009,0.495,0.7148950099945068
"8,10,6,22,16,18,16,3,17,21,12,20,11,8,5",0.475,0.52,0.48624999999999996,0.48704663212435234,0.94,0.6416382252559727,0.475,0.9854481220245361
"17,11,19,8,11,10,4,10,9,13,0,10,12,7,23",0.495,0.46,0.48624999999999996,0.49056603773584906,0.26,0.33986928104575165,0.495,0.7764337062835693
"14,11,5,22,4,17,5,22,4,2,8,7,0,9,11",0.515,0.4,0.48624999999999996,0.5230769230769231,0.34,0.4121212121212121,0.515,0.7250280380249023
"14,12,11,18,1,10,7,4,4,2,8,8,16,11,6",0.48,0.5,0.48500000000000004,0.3333333333333333,0.04,0.07142857142857142,0.48000000000000004,0.9044919013977051
"19,10,4,2,22,5,9,1,11,9,19,12,4,11,4",0.48,0.5,0.485,0.43333333333333335,0.13,0.2,0.48,0.8321835994720459
"8,10,17,14,5,21,14,8,7,7,4,14,1,2,3",0.49,0.47,0.485,0.49295774647887325,0.7,0.5785123966942148,0.49,0.72225022315979
"16,5,11,7,13,10,20,6,12,4,23,10,14,9,4",0.47,0.53,0.485,0.4625,0.37,0.4111111111111111,0.47,0.7308206558227539
"14,9,20,16,21,6,2,16,4,9,0,11,3,5,20",0.49,0.47,0.485,0.4375,0.07,0.1206896551724138,0.49,1.0033349990844727
"11,0,4,21,13,10,8,1,18,11,0,4,16,13,20",0.46,0.56,0.485,0.4777777777777778,0.86,0.6142857142857143,0.45999999999999996,0.6529324054718018
"12,16,11,15,2,16,12,4,1,3,5,1,18,8,6",0.485,0.48,0.48375,0.4915254237288136,0.87,0.628158844765343,0.485,0.6779372692108154
"6,0,10,10,22,1,7,9,10,2,9,12,3,22,0",0.445,0.6,0.48375,0.4580152671755725,0.6,0.5194805194805194,0.4449999999999999,0.8248217105865479
"5,4,15,19,1,19,15,21,15,13,9,17,6,19,10",0.445,0.6,0.48375,0.46405228758169936,0.71,0.5612648221343873,0.44499999999999995,3.0449328422546387
"12,4,3,18,17,1,8,5,13,15,0,11,1,14,3",0.515,0.39,0.48375,0.5151515151515151,0.51,0.5125628140703518,0.515,0.7965731620788574
"18,8,2,19,17,6,8,9,15,15,17,20,10,11,13",0.455,0.57,0.48374999999999996,0.4634146341463415,0.57,0.5112107623318386,0.45499999999999996,1.1531410217285156
"10,18,14,4,19,2,10,0,11,16,23,7,6,11,5",0.415,0.69,0.48374999999999996,0.44785276073619634,0.73,0.5551330798479087,0.415,0.8348715305328369
"0,10,5,7,4,18,16,15,17,21,12,20,11,8,5",0.475,0.51,0.48374999999999996,0.48704663212435234,0.94,0.6416382252559727,0.475,0.942631721496582
"5,3,6,10,6,1,22,16,15,8,1,4,16,5,15",0.475,0.51,0.48374999999999996,0.4742268041237113,0.46,0.467005076142132,0.475,0.6958315372467041
"8,14,7,3,1,13,8,16,15,22,4,10,15,14,19",0.45,0.58,0.48250000000000004,0.45098039215686275,0.46,0.45544554455445546,0.45,0.8683426380157471
"18,2,1,8,15,3,10,7,4,14,18,4,1,8,19",0.48,0.49,0.4825,0.3888888888888889,0.07,0.11864406779661017,0.48,0.801558256149292
"4,10,13,23,11,1,10,13,2,14,8,10,4,21,11",0.46,0.55,0.4825,0.4411764705882353,0.3,0.3571428571428571,0.4599999999999999,0.8136861324310303
"17,6,19,10,6,8,22,12,21,8,10,10,8,10,22",0.58,0.19,0.48249999999999993,0.5597014925373134,0.75,0.6410256410256411,0.58,1.0217688083648682
"10,1,7,7,11,15,8,5,1,13,19,2,7,2,0",0.505,0.41,0.48125000000000007,0.5098039215686274,0.26,0.3443708609271523,0.505,0.8091747760772705
"17,4,9,1,2,5,0,5,6,0,6,6,9,14,21",0.465,0.53,0.48125,0.4578313253012048,0.38,0.41530054644808745,0.465,0.690173864364624
"3,22,8,22,7,0,8,14,1,1,14,19,8,10,1",0.455,0.56,0.48125,0.4689655172413793,0.68,0.5551020408163265,0.455,0.6870372295379639
"2,0,11,15,13,21,15,20,14,11,5,18,9,3,13",0.455,0.56,0.48125,0.4608695652173913,0.53,0.4930232558139535,0.455,0.7263398170471191
"14,9,16,0,22,10,21,15,20,3,10,9,3,7,7",0.435,0.62,0.48124999999999996,0.4084507042253521,0.29,0.3391812865497076,0.43499999999999994,0.7721471786499023
"10,4,2,22,5,9,1,11,9,19,12,4,11,4,22",0.495,0.44,0.48124999999999996,0.4444444444444444,0.04,0.07339449541284404,0.495,0.661989688873291
"6,3,3,22,13,17,13,10,18,11,9,2,2,10,8",0.445,0.59,0.48124999999999996,0.4485981308411215,0.48,0.463768115942029,0.44499999999999995,0.7661423683166504
"3,6,7,15,11,16,1,16,18,19,12,7,20,15,13",0.475,0.5,0.48124999999999996,0.4731182795698925,0.44,0.45595854922279794,0.475,1.7370812892913818
"1,14,6,12,7,23,8,11,2,4,5,16,21,17,13",0.475,0.5,0.48124999999999996,0.4657534246575342,0.34,0.3930635838150289,0.475,1.115652084350586
"13,8,2,11,8,11,4,10,8,3,7,6,10,21,9",0.525,0.35,0.48124999999999996,0.5280898876404494,0.47,0.4973544973544973,0.5249999999999999,0.691734790802002
"15,11,9,5,12,12,19,4,3,18,4,15,16,12,21",0.415,0.68,0.4812499999999999,0.4397163120567376,0.62,0.5145228215767634,0.415,1.830031394958496
"13,8,22,0,8,13,3,5,17,20,8,2,20,2,3",0.435,0.62,0.4812499999999999,0.4503816793893129,0.59,0.5108225108225108,0.435,0.7843425273895264
"7,17,21,6,1,4,16,1,3,15,5,14,3,0,19",0.47,0.51,0.48000000000000004,0.45,0.27,0.3375,0.47000000000000003,1.2504122257232666
"19,10,16,7,13,18,16,6,17,21,12,20,12,8,5",0.45,0.57,0.48000000000000004,0.47058823529411764,0.8,0.5925925925925926,0.45,0.9480342864990234
"16,12,21,13,23,0,0,17,15,2,16,13,5,1,23",0.45,0.57,0.48000000000000004,0.4657534246575342,0.68,0.5528455284552846,0.45,0.6996591091156006
"8,8,16,11,6,10,15,1,19,5,0,11,10,15,9",0.47,0.51,0.48000000000000004,0.4842105263157895,0.92,0.6344827586206897,0.47000000000000003,0.8178637027740479
"7,21,2,14,8,11,2,21,8,10,14,13,0,14,18",0.48,0.48,0.48,0.4891304347826087,0.9,0.6338028169014085,0.48,0.756476879119873
"12,7,23,8,11,2,4,5,16,21,17,13,2,14,10",0.48,0.48,0.48,0.48863636363636365,0.86,0.6231884057971014,0.48,1.0820698738098145
"3,4,15,20,8,2,11,7,18,17,9,16,5,9,1",0.49,0.45,0.48,0.4666666666666667,0.14,0.2153846153846154,0.49,0.8145236968994141
"18,15,9,11,8,19,13,3,21,13,18,14,15,4,13",0.44,0.6,0.48,0.461038961038961,0.71,0.5590551181102362,0.44,0.9210994243621826
"9,17,6,19,10,6,8,22,12,21,8,10,10,8,10",0.37,0.81,0.48,0.20454545454545456,0.09,0.125,0.37,1.131988286972046
"13,18,16,6,17,21,12,20,11,8,5,1,15,12,18",0.5,0.42,0.48,0.5,0.37,0.42528735632183906,0.5,0.8184754848480225
"13,22,1,13,8,4,13,21,1,7,22,4,15,20,7",0.465,0.52,0.47875,0.43859649122807015,0.25,0.3184713375796178,0.465,0.7126152515411377
"14,20,4,5,11,14,16,7,15,1,13,4,10,23,8",0.465,0.52,0.47875,0.48128342245989303,0.9,0.627177700348432,0.465,0.7174310684204102
"14,16,1,13,14,0,10,20,14,2,10,18,4,5,2",0.485,0.46,0.47875,0.4805194805194805,0.37,0.4180790960451977,0.485,0.7088243961334229
"14,1,4,2,5,0,1,10,20,8,5,17,12,3,14",0.465,0.52,0.47875,0.4507042253521127,0.32,0.3742690058479532,0.46499999999999997,0.7435288429260254
"18,8,23,6,2,6,6,3,1,12,7,10,9,21,0",0.495,0.43,0.47874999999999995,0.48148148148148145,0.13,0.2047244094488189,0.495,0.7114033699035645
"10,6,8,22,12,21,8,10,10,8,10,22,0,14,3",0.495,0.43,0.47874999999999995,0.4444444444444444,0.04,0.07339449541284404,0.495,0.7337546348571777
"23,16,17,19,16,0,1,5,0,5,2,13,5,14,19",0.43,0.62,0.47750000000000004,0.3870967741935484,0.24,0.2962962962962963,0.43,1.5865321159362793
"12,7,7,7,5,22,12,0,0,13,7,11,7,21,9",0.46,0.53,0.47750000000000004,0.4787234042553192,0.9,0.625,0.46,0.6921780109405518
"15,6,3,13,13,20,1,16,10,6,9,20,17,18,17",0.45,0.56,0.47750000000000004,0.4652777777777778,0.67,0.5491803278688525,0.45,1.0139751434326172
"6,14,14,0,17,15,13,20,0,10,21,3,10,22,11",0.42,0.65,0.47750000000000004,0.44871794871794873,0.7,0.546875,0.42,0.7878463268280029
"14,10,5,7,4,18,16,15,17,21,12,20,1,8,5",0.46,0.53,0.4775,0.46825396825396826,0.59,0.5221238938053098,0.45999999999999996,0.8610351085662842
"16,8,23,10,7,18,19,8,2,5,4,19,16,9,13",0.465,0.51,0.47625,0.46464646464646464,0.46,0.4623115577889447,0.46499999999999997,1.7816474437713623
"8,20,14,0,6,2,0,4,9,10,20,3,9,0,4",0.415,0.66,0.47625,0.41237113402061853,0.4,0.40609137055837563,0.41500000000000004,0.5869793891906738
"6,11,17,13,11,7,3,6,15,13,11,16,0,9,4",0.515,0.36,0.47624999999999995,0.56,0.14,0.224,0.515,0.8215656280517578
"5,14,0,1,20,10,0,17,0,3,4,18,15,1,23",0.435,0.6,0.47624999999999995,0.4084507042253521,0.29,0.3391812865497076,0.43499999999999994,0.9228503704071045
"12,22,15,8,13,11,23,12,7,9,10,3,3,16,12",0.495,0.42,0.47624999999999995,0.4925373134328358,0.33,0.39520958083832336,0.495,0.71091628074646
"14,10,0,15,11,18,16,7,17,21,12,20,11,23,5",0.405,0.69,0.47624999999999995,0.3582089552238806,0.24,0.2874251497005988,0.40499999999999997,0.8300650119781494
"8,10,7,6,20,4,10,12,5,22,1,7,9,23,4",0.46,0.52,0.47500000000000003,0.4789473684210526,0.91,0.6275862068965518,0.46,0.6615407466888428
"3,19,6,13,8,16,6,11,2,4,17,0,20,14,20",0.48,0.46,0.475,0.25,0.02,0.037037037037037035,0.48,0.8314015865325928
"13,2,5,13,8,12,9,9,14,10,11,4,21,2,9",0.44,0.58,0.475,0.44545454545454544,0.49,0.4666666666666667,0.44,0.7746243476867676
"2,8,10,7,6,20,4,10,12,5,22,1,7,9,23",0.48,0.46,0.475,0.16666666666666666,0.01,0.018867924528301886,0.48,0.6617801189422607
"11,14,2,12,17,1,15,7,7,1,2,13,16,23,17",0.44,0.58,0.475,0.43617021276595747,0.41,0.422680412371134,0.43999999999999995,1.1520755290985107
"7,14,10,14,18,5,9,10,7,9,8,3,12,15,18",0.48,0.46,0.475,0.47368421052631576,0.36,0.4090909090909091,0.48,0.7636759281158447
"14,18,4,1,8,19,2,0,11,15,13,21,15,20,14",0.445,0.56,0.47375000000000006,0.45454545454545453,0.55,0.497737556561086,0.44500000000000006,0.825814962387085
"5,13,8,17,17,9,6,8,7,20,2,1,9,6,20",0.465,0.5,0.47375,0.4146341463414634,0.17,0.24113475177304963,0.465,0.6891798973083496
"10,20,14,2,10,18,4,5,2,3,6,3,0,6,19",0.485,0.44,0.47375,0.48148148148148145,0.39,0.430939226519337,0.485,1.7326664924621582
"19,10,1,11,13,18,16,6,17,21,12,20,11,8,5",0.425,0.62,0.47375,0.4460431654676259,0.62,0.5188284518828452,0.425,0.971827507019043
"12,1,11,23,13,23,7,19,13,1,7,15,10,16,5",0.485,0.44,0.47375,0.4819277108433735,0.4,0.4371584699453552,0.485,0.765310525894165
"10,7,9,8,3,12,15,18,17,12,9,22,1,9,16",0.465,0.5,0.47375,0.47878787878787876,0.79,0.5962264150943396,0.465,0.9313507080078125
"8,13,9,1,6,13,1,14,8,10,8,4,22,9,8",0.455,0.53,0.47374999999999995,0.47398843930635837,0.82,0.6007326007326007,0.45499999999999996,0.6931753158569336
"15,17,21,10,5,5,17,18,9,10,5,21,12,13,14",0.415,0.65,0.47374999999999995,0.43703703703703706,0.59,0.502127659574468,0.415,0.9000520706176758
"9,12,19,4,13,18,12,6,13,21,12,8,11,8,5",0.41,0.66,0.47250000000000003,0.09090909090909091,0.02,0.03278688524590164,0.41000000000000003,0.8430342674255371
"9,12,19,6,5,13,2,3,17,7,8,8,14,7,3",0.51,0.36,0.47250000000000003,0.5058139534883721,0.87,0.6397058823529411,0.51,0.7457940578460693
"8,8,3,4,9,14,1,16,11,13,0,13,23,5,8",0.46,0.51,0.47250000000000003,0.4789473684210526,0.91,0.6275862068965518,0.46,0.7297163009643555
"16,20,10,15,10,14,16,10,15,1,13,4,10,23,8",0.43,0.6,0.47250000000000003,0.4351851851851852,0.47,0.4519230769230769,0.43,0.792569637298584
"0,11,1,14,3,8,1,6,23,8,3,14,16,1,13",0.45,0.54,0.47250000000000003,0.45614035087719296,0.52,0.48598130841121495,0.45,0.6770269870758057
"17,22,16,12,18,18,6,5,7,0,12,3,11,13,15",0.44,0.57,0.47250000000000003,0.45652173913043476,0.63,0.5294117647058824,0.44,1.3184611797332764
"9,16,11,15,19,10,4,2,22,5,9,1,11,9,19",0.45,0.54,0.4725,0.4666666666666667,0.7,0.56,0.44999999999999996,0.8273966312408447
"13,5,4,5,2,0,21,9,13,21,7,17,21,6,1",0.48,0.45,0.4725,0.4803921568627451,0.49,0.48514851485148514,0.48,0.7678029537200928
"10,3,22,8,22,7,0,8,14,1,1,14,19,8,10",0.485,0.43,0.47125,0.48872180451127817,0.65,0.5579399141630901,0.485,0.7079353332519531
"13,19,2,7,2,0,14,15,20,15,16,2,1,16,13",0.465,0.49,0.47125,0.475177304964539,0.67,0.5560165975103735,0.465,0.7955069541931152
"7,4,17,12,10,3,22,8,22,7,0,8,14,1,1",0.495,0.4,0.47124999999999995,0.4972375690607735,0.9,0.6405693950177936,0.495,0.6890354156494141
"19,1,6,2,2,3,10,14,9,23,0,4,10,18,14",0.475,0.46,0.47124999999999995,0.48633879781420764,0.89,0.6289752650176679,0.475,1.0744552612304688
"11,20,9,17,9,0,0,22,10,21,15,20,3,10,9",0.44,0.56,0.47000000000000003,0.42857142857142855,0.36,0.391304347826087,0.44,0.6944711208343506
"14,16,5,19,18,17,5,10,4,2,8,7,16,17,11",0.55,0.23,0.47000000000000003,0.5268817204301075,0.98,0.6853146853146853,0.55,1.9953675270080566
"15,9,8,0,13,14,4,2,9,2,19,4,11,3,23",0.48,0.44,0.47,0.4852941176470588,0.66,0.559322033898305,0.48,0.7171568870544434
"15,4,7,13,12,12,17,0,18,16,14,21,5,13,1",0.47,0.47,0.47,0.46938775510204084,0.46,0.46464646464646464,0.47,0.9294171333312988
"23,1,1,5,3,14,0,16,19,9,7,16,0,14,21",0.48,0.44,0.47,0.4827586206896552,0.56,0.5185185185185185,0.48,1.2513325214385986
"0,13,0,9,7,19,10,16,22,13,18,16,6,17,21",0.475,0.45,0.46875,0.4864864864864865,0.9,0.631578947368421,0.47500000000000003,1.0215964317321777
"15,14,0,14,10,18,13,18,15,3,3,11,9,8,2",0.405,0.66,0.46875,0.36231884057971014,0.25,0.2958579881656805,0.405,0.7074413299560547
"8,10,6,0,16,15,12,3,10,19,12,0,13,0,9",0.445,0.54,0.46875,0.4678362573099415,0.8,0.5904059040590406,0.445,0.6655638217926025
"12,7,17,21,6,1,4,16,1,3,15,5,14,3,0",0.435,0.57,0.46875,0.42528735632183906,0.37,0.39572192513368987,0.435,1.2748901844024658
"4,17,12,10,3,22,8,22,7,0,8,14,1,1,14",0.445,0.54,0.46875,0.4702702702702703,0.87,0.6105263157894737,0.445,0.7548377513885498
"10,0,13,0,2,1,4,4,15,2,1,1,13,10,7",0.475,0.45,0.46874999999999994,0.48633879781420764,0.89,0.6289752650176679,0.475,0.6563799381256104
"10,12,5,22,1,7,9,23,4,8,3,14,15,4,9",0.45,0.52,0.4675,0.4657534246575342,0.68,0.5528455284552846,0.45,0.6798913478851318
"19,0,2,18,16,8,6,7,21,5,17,0,18,2,14",0.44,0.55,0.4675,0.4552238805970149,0.61,0.5213675213675214,0.44,2.138129472732544
"17,5,11,9,10,14,23,1,5,15,6,4,16,17,18",0.43,0.58,0.4675,0.43636363636363634,0.48,0.45714285714285713,0.43,0.9075794219970703
"12,5,3,6,13,6,1,6,16,15,8,1,4,16,5",0.46,0.49,0.46749999999999997,0.4583333333333333,0.44,0.4489795918367347,0.45999999999999996,0.611351490020752
"3,7,9,9,20,9,22,4,2,2,15,22,6,3,15",0.485,0.41,0.46625000000000005,0.4823529411764706,0.41,0.44324324324324327,0.485,0.7001292705535889
"8,20,6,15,23,14,16,7,13,1,13,0,1,5,8",0.445,0.53,0.46625,0.4685714285714286,0.82,0.5963636363636363,0.44499999999999995,0.69146728515625
"9,20,9,22,4,2,2,15,22,6,3,15,11,13,5",0.435,0.56,0.46625,0.30303030303030304,0.1,0.15037593984962405,0.435,0.7053053379058838
"19,8,5,8,15,14,14,4,6,14,11,16,4,23,5",0.465,0.47,0.46625,0.4606741573033708,0.41,0.43386243386243384,0.46499999999999997,0.770744800567627
"0,6,19,15,7,14,12,13,14,19,7,4,6,10,21",0.54,0.24,0.465,0.5377358490566038,0.57,0.5533980582524272,0.54,1.0007121562957764
"9,22,11,6,1,3,2,3,9,3,19,9,7,20,9",0.43,0.57,0.465,0.34782608695652173,0.16,0.2191780821917808,0.43,0.6585710048675537
"8,3,14,16,1,13,14,0,10,20,14,2,10,18,4",0.44,0.54,0.465,0.46511627906976744,0.8,0.5882352941176471,0.44,0.7599921226501465
"8,16,15,19,11,22,6,14,12,16,11,15,2,16,12",0.38,0.72,0.465,0.4076923076923077,0.53,0.4608695652173913,0.38,0.8473751544952393
"19,5,0,6,10,6,1,22,16,15,8,1,4,16,5",0.48,0.42,0.46499999999999997,0.4166666666666667,0.1,0.16129032258064516,0.48,0.7719583511352539
"12,10,3,7,10,18,16,22,17,21,12,20,11,8,5",0.47,0.45,0.46499999999999997,0.4605263157894737,0.35,0.3977272727272727,0.47,0.8681411743164062
"8,15,3,10,7,4,14,18,4,1,8,19,2,0,11",0.435,0.55,0.46375,0.4591194968553459,0.73,0.5637065637065637,0.435,1.0130541324615479
"5,6,11,7,13,12,3,6,19,15,0,13,0,9,8",0.425,0.58,0.46375,0.4444444444444444,0.6,0.5106382978723404,0.425,0.680443286895752
"23,0,0,17,15,2,16,13,5,1,23,12,6,3,1",0.465,0.46,0.46375,0.4748201438848921,0.66,0.5523012552301255,0.465,1.1882233619689941
"12,7,14,8,20,10,19,10,15,19,1,6,2,2,3",0.435,0.55,0.46375,0.4329896907216495,0.42,0.4263959390862944,0.435,1.0437676906585693
"18,12,11,19,18,10,9,10,4,2,8,8,16,17,6",0.425,0.58,0.46375,0.4460431654676259,0.62,0.5188284518828452,0.425,1.7915074825286865
"6,0,16,15,12,3,10,19,15,0,13,0,9,7,19",0.475,0.43,0.46374999999999994,0.4731182795698925,0.44,0.45595854922279794,0.475,0.8061647415161133
"4,10,5,7,9,18,16,13,17,21,12,20,11,8,5",0.48,0.41,0.4625,0.42857142857142855,0.12,0.1875,0.48,0.801138162612915
"8,15,14,14,4,6,14,11,16,4,23,5,13,0,3",0.41,0.62,0.4625,0.44155844155844154,0.68,0.5354330708661418,0.41000000000000003,0.675267219543457
"3,14,1,7,22,15,15,15,19,5,18,18,9,3,15",0.46,0.47,0.46249999999999997,0.4166666666666667,0.2,0.2702702702702703,0.45999999999999996,2.148355007171631
"8,11,6,0,16,15,12,3,10,19,4,0,13,0,9",0.375,0.72,0.46125,0.40458015267175573,0.53,0.4588744588744589,0.375,0.6733040809631348
"21,14,16,0,3,1,10,13,12,8,21,2,5,13,1",0.475,0.42,0.46124999999999994,0.4444444444444444,0.2,0.27586206896551724,0.475,0.8209073543548584
"13,13,14,5,23,7,7,3,9,23,16,16,17,0,19",0.475,0.42,0.46124999999999994,0.4626865671641791,0.31,0.3712574850299401,0.475,1.0461797714233398
"20,14,17,14,8,14,13,8,13,9,1,6,13,1,14",0.44,0.52,0.46,0.43333333333333335,0.39,0.4105263157894737,0.44,0.7489864826202393
"4,3,19,18,15,9,11,8,19,13,3,21,13,18,14",0.43,0.55,0.46,0.42391304347826086,0.39,0.40625,0.43,1.8704264163970947
"4,15,4,23,8,19,8,8,18,9,2,19,12,19,9",0.44,0.52,0.46,0.45774647887323944,0.65,0.5371900826446281,0.44,0.7562313079833984
"11,22,6,14,12,16,11,15,2,16,12,4,1,3,5",0.48,0.4,0.45999999999999996,0.4642857142857143,0.26,0.3333333333333333,0.48,0.788815975189209
"19,10,11,7,13,16,16,6,17,21,12,20,11,8,5",0.395,0.65,0.45875,0.40540540540540543,0.45,0.4265402843601896,0.395,1.0147461891174316
"10,3,3,16,12,21,13,23,0,0,17,15,2,16,13",0.425,0.56,0.45875,0.453416149068323,0.73,0.5593869731800766,0.425,0.9153778553009033
"12,8,21,2,5,13,1,2,16,18,3,12,4,0,9",0.425,0.56,0.45875,0.3880597014925373,0.26,0.31137724550898205,0.425,0.7426753044128418
"14,10,16,7,11,18,16,7,17,21,12,20,11,8,5",0.395,0.65,0.45875,0.42758620689655175,0.62,0.5061224489795918,0.395,0.7736058235168457
"16,15,5,23,12,13,14,10,2,16,5,10,15,11,23",0.385,0.68,0.45875,0.3114754098360656,0.19,0.2360248447204969,0.385,0.7801666259765625
"14,12,16,14,13,2,13,6,4,22,15,4,13,18,2",0.405,0.62,0.45875,0.38823529411764707,0.33,0.3567567567567568,0.405,0.7379343509674072
"6,12,5,15,11,20,9,17,9,0,0,22,10,21,15",0.425,0.56,0.45875,0.2857142857142857,0.1,0.14814814814814814,0.425,0.6629786491394043
"19,12,19,9,1,4,17,10,17,19,0,2,16,6,4",0.475,0.41,0.45875,0.47126436781609193,0.41,0.4385026737967914,0.475,1.3858819007873535
"2,2,6,18,4,15,20,14,2,17,23,0,4,11,9",0.425,0.56,0.45875,0.4509803921568627,0.69,0.5454545454545454,0.425,0.7896151542663574
"5,10,0,7,15,18,16,10,17,21,12,20,11,8,5",0.475,0.41,0.45874999999999994,0.41935483870967744,0.13,0.1984732824427481,0.475,0.9051806926727295
"10,11,1,14,11,17,21,8,6,2,16,3,6,12,10",0.45,0.48,0.4575,0.46987951807228917,0.78,0.5864661654135338,0.45,0.6484098434448242
"16,13,0,19,5,14,1,10,5,5,23,6,9,14,21",0.43,0.54,0.4575,0.3870967741935484,0.24,0.2962962962962963,0.43,0.6976137161254883
"0,8,13,15,13,7,4,17,12,10,3,22,8,22,7",0.44,0.51,0.4575,0.4589041095890411,0.67,0.5447154471544715,0.44,0.6871147155761719
"8,10,10,8,10,22,0,14,3,22,15,20,10,18,18",0.43,0.54,0.4575,0.4588235294117647,0.78,0.5777777777777777,0.43,1.0768845081329346
"8,1,6,0,16,15,12,3,10,19,0,0,13,0,9",0.42,0.57,0.4575,0.4166666666666667,0.4,0.40816326530612246,0.42000000000000004,0.648690938949585
"12,5,15,11,20,9,17,9,0,0,22,10,21,15,20",0.46,0.45,0.45749999999999996,0.47297297297297297,0.7,0.5645161290322581,0.45999999999999996,0.7214953899383545
"5,8,15,14,14,4,6,14,11,16,4,23,5,13,0",0.465,0.43,0.45625000000000004,0.4186046511627907,0.18,0.2517482517482518,0.46499999999999997,0.6646959781646729
"7,2,4,5,6,2,8,9,7,10,0,13,17,17,7",0.455,0.46,0.45625,0.46153846153846156,0.54,0.4976958525345622,0.455,0.8575780391693115
"6,15,17,13,8,7,3,22,15,13,13,16,0,9,18",0.5,0.32,0.455,0.5,0.76,0.6031746031746031,0.5,0.8171799182891846
"12,15,14,10,9,14,16,8,17,1,13,13,6,14,8",0.42,0.56,0.455,0.44029850746268656,0.59,0.5042735042735043,0.42,0.7433853149414062
"22,12,21,8,10,10,8,10,22,0,14,3,22,15,20",0.425,0.54,0.45375000000000004,0.3972602739726027,0.29,0.3352601156069364,0.42500000000000004,0.7467336654663086
"16,5,22,4,17,17,15,6,12,14,7,19,10,11,11",0.54,0.19,0.4525,0.5714285714285714,0.32,0.41025641025641024,0.54,0.8343091011047363
"11,18,8,23,6,2,6,6,3,1,12,7,10,9,21",0.47,0.4,0.4525,0.4634146341463415,0.38,0.4175824175824176,0.47000000000000003,0.7190165519714355
"21,14,11,19,8,9,12,19,3,19,6,13,8,16,6",0.5,0.31,0.4525,0.5,1.0,0.6666666666666666,0.5,2.423548698425293
"7,9,8,3,12,15,18,17,12,9,22,1,9,16,4",0.475,0.38,0.45125000000000004,0.47058823529411764,0.4,0.43243243243243246,0.47500000000000003,0.8404054641723633
"16,11,15,19,10,4,2,22,5,9,1,11,9,19,12",0.405,0.59,0.45125000000000004,0.4144144144144144,0.46,0.43601895734597157,0.405,0.7480728626251221
"12,0,0,13,7,11,7,21,9,17,10,8,8,12,18",0.415,0.56,0.45125000000000004,0.4444444444444444,0.68,0.5375494071146245,0.41500000000000004,0.9478902816772461
"23,13,23,7,19,13,1,7,15,10,16,5,23,6,11",0.465,0.41,0.45125000000000004,0.4588235294117647,0.39,0.42162162162162165,0.465,0.7263062000274658
"8,9,12,19,3,19,6,13,8,16,6,11,2,4,17",0.425,0.53,0.45125000000000004,0.45714285714285713,0.8,0.5818181818181818,0.42500000000000004,2.3190455436706543
"22,13,11,9,9,3,23,11,3,6,2,19,8,14,4",0.445,0.47,0.45125,0.46153846153846156,0.66,0.5432098765432098,0.445,0.8307704925537109
"3,13,13,15,2,12,12,22,15,8,13,11,23,12,7",0.475,0.38,0.45124999999999993,0.4827586206896552,0.7,0.5714285714285714,0.475,0.749251127243042
"19,10,16,22,13,18,16,7,17,21,12,20,11,8,5",0.5,0.3,0.45,0.5,0.36,0.4186046511627907,0.5,0.9173998832702637
"11,17,22,16,12,18,18,6,5,7,0,12,3,11,13",0.44,0.48,0.45,0.4634146341463415,0.76,0.5757575757575758,0.44,1.2914457321166992
"8,20,5,5,12,19,0,1,14,6,4,6,7,8,7",0.385,0.64,0.44875,0.4,0.46,0.42790697674418604,0.385,0.706165075302124
"9,15,7,10,7,18,19,8,2,5,10,19,16,9,13",0.455,0.43,0.44875,0.47513812154696133,0.86,0.6120996441281139,0.455,1.7565340995788574
"7,4,15,22,11,7,13,23,2,6,14,9,8,4,3",0.46,0.41,0.44749999999999995,0.4701492537313433,0.63,0.5384615384615384,0.45999999999999996,0.6962270736694336
"5,15,3,12,13,12,5,3,6,10,6,1,22,16,15",0.45,0.44,0.44749999999999995,0.4666666666666667,0.7,0.56,0.44999999999999996,0.6527957916259766
"14,20,16,15,13,14,16,6,15,1,13,4,10,23,5",0.425,0.51,0.44625000000000004,0.44966442953020136,0.67,0.5381526104417671,0.42500000000000004,0.7236959934234619
"7,15,8,9,10,0,20,11,9,4,17,15,16,21,9",0.445,0.45,0.44625,0.43956043956043955,0.4,0.418848167539267,0.445,0.7354686260223389
"7,4,13,18,3,16,5,14,23,7,21,12,14,4,3",0.475,0.36,0.4462499999999999,0.4840764331210191,0.76,0.5914396887159533,0.475,0.7401561737060547
"6,16,13,21,8,12,10,22,17,12,16,15,8,8,2",0.43,0.49,0.445,0.4396551724137931,0.51,0.4722222222222222,0.43,0.7666745185852051
"0,11,10,15,9,6,4,0,19,8,6,1,18,19,19",0.42,0.51,0.44250000000000006,0.43548387096774194,0.54,0.48214285714285715,0.42000000000000004,3.159128189086914
"22,11,6,1,3,2,3,9,3,19,9,7,20,9,0",0.44,0.45,0.4425,0.461038961038961,0.71,0.5590551181102362,0.44,0.6178045272827148
"8,3,10,8,7,11,9,16,13,2,19,7,2,1,2",0.385,0.61,0.44125000000000003,0.408,0.51,0.4533333333333333,0.385,0.6880888938903809
"19,15,14,8,5,6,5,2,6,4,6,22,7,3,15",0.46,0.38,0.44000000000000006,0.475,0.76,0.5846153846153846,0.46,0.8566725254058838
"19,8,6,1,18,19,19,4,18,2,16,4,5,7,9",0.46,0.38,0.44000000000000006,0.47101449275362317,0.65,0.5462184873949579,0.46,4.511162996292114
"4,8,23,2,13,7,3,4,4,21,5,16,5,10,5",0.43,0.47,0.44,0.3157894736842105,0.12,0.17391304347826086,0.43,0.6296083927154541
"14,2,5,22,4,17,5,7,4,2,8,7,15,19,11",0.49,0.29,0.44,0.4930555555555556,0.71,0.5819672131147541,0.49,0.6945233345031738
"8,18,9,2,19,12,19,9,1,4,17,10,17,19,0",0.385,0.6,0.43875,0.4108527131782946,0.53,0.462882096069869,0.385,1.0020864009857178
"13,0,2,1,4,4,15,2,1,1,13,10,7,1,23",0.475,0.33,0.43875,0.48322147651006714,0.72,0.5783132530120482,0.475,0.6237900257110596
"15,23,7,0,21,1,0,11,10,4,22,10,20,7,10",0.445,0.42,0.43875,0.4666666666666667,0.77,0.5811320754716981,0.445,0.7512149810791016
"8,23,15,14,8,1,17,9,10,4,21,17,6,18,18",0.4,0.55,0.43750000000000006,0.4074074074074074,0.44,0.4230769230769231,0.4,1.3212285041809082
"18,17,4,10,19,0,6,0,7,17,13,10,9,5,8",0.53,0.16,0.4375,0.52,0.78,0.624,0.53,0.8906385898590088
"12,12,22,15,8,13,11,23,12,7,9,10,3,3,16",0.47,0.34,0.4375,0.47540983606557374,0.58,0.5225225225225225,0.47,0.6973705291748047
"19,13,23,10,7,16,8,2,17,9,18,16,23,12,16",0.445,0.41,0.43625,0.45864661654135336,0.61,0.5236051502145923,0.445,0.9399409294128418
"8,7,3,22,15,13,11,16,0,9,18,14,5,22,7",0.375,0.62,0.43625,0.4,0.5,0.4444444444444444,0.375,0.7237513065338135
"18,0,14,1,4,2,5,0,1,10,20,8,5,17,12",0.465,0.35,0.43625,0.45569620253164556,0.36,0.4022346368715084,0.46499999999999997,0.7337758541107178
"15,1,13,4,10,23,8,14,3,6,9,6,3,3,21",0.435,0.44,0.43625,0.4235294117647059,0.36,0.3891891891891892,0.435,0.6802828311920166
"8,1,6,23,8,3,14,16,1,13,14,0,10,20,14",0.415,0.49,0.43375,0.38028169014084506,0.27,0.3157894736842105,0.41500000000000004,0.6897611618041992
"15,19,2,17,5,11,9,10,14,23,1,5,15,6,4",0.405,0.52,0.43374999999999997,0.42857142857142855,0.57,0.4892703862660944,0.40499999999999997,1.2095952033996582
"19,13,23,1,14,16,8,10,17,9,18,16,15,8,16",0.46,0.35,0.4325,0.46825396825396826,0.59,0.5221238938053098,0.45999999999999996,0.9908220767974854
"21,9,4,10,14,20,7,13,2,4,1,22,9,6,6",0.455,0.36,0.43124999999999997,0.4748603351955307,0.85,0.6093189964157706,0.45499999999999996,0.7042958736419678
"9,0,17,5,18,14,3,18,8,20,5,5,12,19,0",0.4,0.52,0.43000000000000005,0.391304347826087,0.36,0.375,0.4,0.8476345539093018
"18,16,6,17,21,12,20,11,8,5,1,15,12,18,15",0.43,0.43,0.43,0.36538461538461536,0.19,0.25,0.43000000000000005,1.028564691543579
"17,11,12,2,2,6,4,14,15,7,12,0,11,20,15",0.485,0.26,0.42875,0.48951048951048953,0.7,0.5761316872427984,0.485,0.8296406269073486
"21,8,9,0,2,15,19,7,18,16,18,10,2,3,12",0.43,0.42,0.4275,0.43137254901960786,0.44,0.43564356435643564,0.43,0.9035582542419434
"14,16,0,3,1,10,13,12,8,21,2,5,13,1,2",0.41,0.47,0.425,0.3783783783783784,0.28,0.3218390804597701,0.41000000000000003,0.6791152954101562
"21,14,13,13,14,5,23,7,7,3,9,23,16,16,17",0.465,0.3,0.42375,0.425531914893617,0.2,0.272108843537415,0.46499999999999997,0.8427860736846924
"20,12,0,16,9,11,10,7,1,8,16,13,15,2,16",0.445,0.36,0.42374999999999996,0.43373493975903615,0.36,0.39344262295081966,0.445,0.7272017002105713
"22,7,1,5,0,7,11,14,2,17,20,4,2,3,3",0.42,0.43,0.42250000000000004,0.4148936170212766,0.39,0.4020618556701031,0.42000000000000004,0.7495746612548828
"13,20,0,10,21,3,10,22,11,0,10,4,8,5,20",0.415,0.44,0.42125,0.3924050632911392,0.31,0.3463687150837989,0.41500000000000004,0.7065083980560303
"2,4,7,0,5,12,1,11,23,13,23,7,19,13,1",0.37,0.56,0.4175,0.4155844155844156,0.64,0.5039370078740157,0.37,0.7622597217559814
"1,10,13,12,8,21,2,5,13,1,2,16,18,3,12",0.405,0.45,0.41625,0.3698630136986301,0.27,0.31213872832369943,0.405,0.7259747982025146
"1,8,19,2,0,11,15,13,21,15,20,14,11,5,18",0.405,0.44,0.41375,0.32727272727272727,0.18,0.23225806451612904,0.405,0.8203811645507812
"9,3,7,7,7,12,3,8,23,16,12,21,8,13,13",0.445,0.31,0.41125,0.45864661654135336,0.61,0.5236051502145923,0.445,0.7100436687469482
"9,2,7,0,14,19,8,10,21,11,2,20,3,8,10",0.42,0.38,0.41000000000000003,0.41836734693877553,0.41,0.41414141414141414,0.42,0.753211498260498
"19,10,15,19,1,6,2,2,3,10,14,9,23,0,4",0.395,0.45,0.40875,0.3670886075949367,0.29,0.3240223463687151,0.395,1.1506750583648682
"18,0,6,19,15,7,14,12,13,14,19,7,4,6,10",0.385,0.47,0.40625,0.4258064516129032,0.66,0.5176470588235295,0.385,1.7929575443267822
"17,18,5,6,9,23,13,23,15,0,7,19,8,5,8",0.52,0.03,0.3975,0.5131578947368421,0.78,0.6190476190476191,0.52,0.8735003471374512
"19,4,18,2,16,4,5,7,9,14,8,7,9,9,8",0.485,0.11,0.39125000000000004,0.47368421052631576,0.27,0.34394904458598724,0.485,1.9295151233673096
"16,16,5,22,4,17,20,15,12,4,12,7,14,10,11",0.455,0.05,0.35374999999999995,0.44155844155844154,0.34,0.384180790960452,0.45499999999999996,0.8291418552398682
