encoding,test accuracy,training accuracy,combined accuracy,test precision,test recall,test fscore,test auc,training time
"0,0,0,0,1,0,1,1,1,1,0,1,1,0,0,1,0,1,0,0,1",0.614,0.76,0.6505000000000001,0.6266666666666667,0.564,0.5936842105263158,0.614,0.5892734527587891
"0,0,0,0,1,0,1,1,0,0,0,1,0,1,0,1,0,1,1,0,1",0.596,0.81,0.6495000000000001,0.5851063829787234,0.66,0.6203007518796992,0.5960000000000001,0.632174015045166
"0,0,0,0,1,0,1,1,1,1,0,1,1,0,0,1,0,1,1,0,1",0.596,0.79,0.6445,0.596,0.596,0.596,0.596,0.6242997646331787
"1,0,1,1,0,1,0,1,0,1,0,0,1,0,1,0,1,1,0,1,1",0.598,0.78,0.6435000000000001,0.5847750865051903,0.676,0.62708719851577,0.5980000000000001,0.6101295948028564
"0,0,0,0,1,0,1,1,1,1,0,1,1,0,0,1,0,1,0,1,1",0.574,0.85,0.643,0.5594855305466238,0.696,0.6203208556149733,0.574,0.623502254486084
"0,0,0,0,1,0,1,1,0,0,1,0,1,0,1,0,0,0,1,1,1",0.596,0.76,0.637,0.5967741935483871,0.592,0.5943775100401606,0.596,0.5828912258148193
"0,0,0,0,1,0,1,1,0,0,1,0,1,0,1,0,0,0,1,1,0",0.602,0.73,0.6340000000000001,0.6164383561643836,0.54,0.5756929637526652,0.6020000000000001,0.5973150730133057
"0,0,0,0,1,0,1,1,0,0,1,0,1,1,1,0,0,0,0,1,0",0.602,0.73,0.6340000000000001,0.6164383561643836,0.54,0.5756929637526652,0.6020000000000001,0.575514554977417
"0,0,0,0,1,0,1,1,0,0,1,0,1,0,1,0,0,0,0,1,0",0.602,0.73,0.6340000000000001,0.6164383561643836,0.54,0.5756929637526652,0.6020000000000001,0.5874638557434082
"0,0,0,0,1,0,1,1,0,0,1,1,0,0,0,0,0,1,0,1,0",0.61,0.7,0.6325000000000001,0.611336032388664,0.604,0.607645875251509,0.61,0.6226801872253418
"0,0,0,0,1,0,1,1,0,0,1,1,0,0,0,0,0,1,1,1,0",0.61,0.7,0.6325000000000001,0.611336032388664,0.604,0.607645875251509,0.61,0.5743465423583984
"0,0,0,0,1,0,1,0,0,1,0,1,1,0,0,1,0,1,0,0,1",0.58,0.79,0.6325000000000001,0.5833333333333334,0.56,0.5714285714285714,0.5800000000000001,0.5704736709594727
"0,0,0,0,1,0,1,1,0,0,1,1,0,0,0,0,1,1,1,1,0",0.61,0.7,0.6325000000000001,0.611336032388664,0.604,0.607645875251509,0.61,0.5756027698516846
"1,1,0,0,0,0,1,0,0,0,1,1,0,1,1,0,1,0,1,0,1",0.568,0.82,0.631,0.5497076023391813,0.752,0.6351351351351351,0.5680000000000001,0.591313362121582
"0,0,0,0,0,0,0,1,1,1,0,1,1,1,0,1,1,1,1,0,1",0.564,0.83,0.6305000000000001,0.5634920634920635,0.568,0.5657370517928287,0.5640000000000001,0.5968906879425049
"1,0,0,0,0,0,0,0,1,0,1,1,0,0,0,1,1,0,0,1,1",0.59,0.75,0.63,0.5728155339805825,0.708,0.6332737030411449,0.59,0.6202719211578369
"0,0,0,0,1,0,0,0,0,0,1,0,1,1,0,0,0,1,1,0,1",0.564,0.82,0.628,0.5434782608695652,0.8,0.6472491909385113,0.5640000000000001,0.6116294860839844
"0,0,1,1,1,0,1,1,0,0,1,1,0,0,0,0,1,1,1,1,0",0.58,0.77,0.6275,0.5617283950617284,0.728,0.6341463414634146,0.58,0.6324124336242676
"0,0,1,1,1,0,1,1,0,0,1,1,0,0,0,0,0,1,1,1,0",0.58,0.77,0.6275,0.5617283950617284,0.728,0.6341463414634146,0.58,0.6077287197113037
"0,0,1,1,1,0,1,1,0,0,1,1,0,0,0,0,0,1,0,1,0",0.58,0.77,0.6275,0.5617283950617284,0.728,0.6341463414634146,0.58,0.5960063934326172
"0,0,1,1,1,0,1,1,1,1,0,1,1,0,0,1,0,1,0,0,1",0.582,0.76,0.6265000000000001,0.5699658703071673,0.668,0.6151012891344383,0.5820000000000001,0.6265249252319336
"0,0,0,1,0,1,1,1,0,0,1,0,1,0,0,0,0,1,1,0,1",0.578,0.77,0.6260000000000001,0.5703971119133574,0.632,0.5996204933586338,0.5780000000000001,0.6166708469390869
"0,0,0,0,1,0,0,0,0,0,1,0,1,1,0,1,0,1,1,0,1",0.564,0.81,0.6255000000000001,0.5467836257309941,0.748,0.6317567567567568,0.5640000000000001,0.5999248027801514
"0,0,0,0,1,0,1,1,0,0,1,1,0,0,0,0,1,1,0,1,1",0.604,0.69,0.6255,0.5970149253731343,0.64,0.6177606177606177,0.604,0.646914005279541
"0,0,1,1,1,0,1,1,1,1,0,1,1,0,0,1,0,1,0,1,1",0.576,0.77,0.6244999999999999,0.5608974358974359,0.7,0.6227758007117438,0.576,0.6147534847259521
"0,0,0,0,0,1,0,1,0,0,1,1,1,0,1,0,0,1,1,1,1",0.534,0.88,0.6205,0.5338645418326693,0.536,0.5349301397205589,0.534,0.6326961517333984
"0,0,0,0,1,0,1,1,0,0,1,0,1,1,0,1,0,1,1,0,1",0.574,0.76,0.6205,0.5640138408304498,0.652,0.6048237476808905,0.5740000000000001,0.6157858371734619
"0,0,0,0,0,0,0,0,1,0,1,0,1,1,1,0,0,0,0,1,1",0.56,0.8,0.6200000000000001,0.5572519083969466,0.584,0.5703125,0.56,0.5445806980133057
"0,0,1,1,1,0,1,0,1,0,1,1,0,1,1,0,1,0,0,0,1",0.596,0.69,0.6195,0.5869565217391305,0.648,0.6159695817490495,0.5960000000000001,0.5655727386474609
"0,0,0,0,1,0,1,1,0,0,1,0,1,1,1,0,0,0,0,1,1",0.582,0.73,0.619,0.596244131455399,0.508,0.5485961123110151,0.5820000000000001,0.5786747932434082
"0,1,0,0,0,0,1,1,0,0,1,0,1,1,1,0,0,0,0,1,0",0.558,0.8,0.6185,0.5512367491166078,0.624,0.5853658536585366,0.558,0.5855472087860107
"0,1,0,0,0,0,1,1,0,0,1,0,1,0,1,0,0,0,1,1,0",0.558,0.8,0.6185,0.5512367491166078,0.624,0.5853658536585366,0.558,0.6103332042694092
"0,1,0,0,0,0,1,1,0,0,1,0,1,0,1,0,0,0,0,1,0",0.558,0.8,0.6185,0.5512367491166078,0.624,0.5853658536585366,0.558,0.5688893795013428
"0,1,1,1,0,0,1,0,1,1,1,0,1,1,1,1,0,0,1,1,1",0.56,0.79,0.6174999999999999,0.5471698113207547,0.696,0.6126760563380281,0.5599999999999999,0.6592211723327637
"1,0,0,0,0,1,1,1,0,1,1,0,0,0,1,1,1,1,0,0,0",0.566,0.77,0.617,0.5540983606557377,0.676,0.609009009009009,0.5660000000000001,0.6269521713256836
"1,0,1,0,1,1,0,1,1,1,0,0,1,1,1,1,0,1,1,1,1",0.554,0.8,0.6155,0.5395894428152492,0.736,0.622673434856176,0.554,0.586071252822876
"0,0,1,1,1,0,0,0,0,0,0,1,0,1,0,0,1,1,1,0,1",0.564,0.77,0.6155,0.5606060606060606,0.592,0.5758754863813229,0.5640000000000001,0.6336667537689209
"1,0,0,0,0,0,1,0,0,1,1,1,0,1,0,1,0,1,0,1,0",0.58,0.72,0.615,0.564935064935065,0.696,0.6236559139784946,0.58,0.6040706634521484
"0,0,0,1,0,0,0,1,1,0,1,1,0,1,0,1,0,1,1,0,1",0.54,0.84,0.615,0.5364963503649635,0.588,0.5610687022900763,0.54,0.6233484745025635
"0,0,0,0,1,0,1,1,1,1,0,1,1,0,0,0,0,1,1,1,0",0.576,0.73,0.6145,0.5855855855855856,0.52,0.5508474576271186,0.5760000000000001,0.612762451171875
"0,0,0,0,1,0,1,1,1,1,0,1,1,0,0,0,1,1,1,1,0",0.576,0.73,0.6145,0.5855855855855856,0.52,0.5508474576271186,0.5760000000000001,0.6038880348205566
"0,0,1,0,0,1,0,1,0,0,1,0,1,0,1,1,1,0,1,1,1",0.556,0.79,0.6145,0.5416666666666666,0.728,0.621160409556314,0.556,0.6155879497528076
"0,0,0,0,1,0,1,1,1,1,0,1,1,0,0,0,0,1,0,1,0",0.576,0.73,0.6145,0.5855855855855856,0.52,0.5508474576271186,0.5760000000000001,0.5904333591461182
"1,1,0,0,0,0,0,0,0,0,1,0,1,1,0,0,0,1,1,0,1",0.556,0.79,0.6144999999999999,0.5440251572327044,0.692,0.6091549295774648,0.5559999999999999,0.6258785724639893
"0,0,0,0,1,1,1,1,0,0,1,1,0,0,0,0,0,1,1,1,0",0.542,0.83,0.6140000000000001,0.5335463258785943,0.668,0.5932504440497336,0.542,0.5898220539093018
"0,0,0,0,1,0,1,1,1,1,0,1,1,0,0,0,0,0,1,1,0",0.578,0.72,0.6135,0.5714285714285714,0.624,0.5965583173996176,0.5780000000000001,0.5563011169433594
"0,0,0,0,1,0,0,0,0,0,1,0,1,1,0,0,1,1,1,0,1",0.53,0.86,0.6125,0.518796992481203,0.828,0.637904468412943,0.53,0.5791599750518799
"0,0,1,1,1,0,0,0,0,0,0,1,0,0,0,1,1,1,1,0,0",0.57,0.74,0.6125,0.5829383886255924,0.492,0.5336225596529284,0.5700000000000001,0.5544326305389404
"1,1,0,1,0,0,0,1,1,1,1,1,0,0,0,1,0,1,0,1,1",0.55,0.8,0.6125,0.5368731563421829,0.728,0.6179966044142614,0.55,0.5795447826385498
"0,0,0,0,1,0,0,0,0,0,1,0,1,1,0,1,0,1,1,0,0",0.566,0.75,0.6120000000000001,0.5492537313432836,0.736,0.629059829059829,0.5660000000000001,0.5531280040740967
"0,0,0,0,1,0,0,0,0,0,1,0,1,1,0,0,0,1,1,0,0",0.566,0.75,0.6120000000000001,0.5492537313432836,0.736,0.629059829059829,0.5660000000000001,0.5834269523620605
"0,0,0,0,0,0,0,1,0,0,0,1,0,1,1,1,1,0,0,1,1",0.554,0.78,0.6105,0.5533596837944664,0.56,0.5566600397614314,0.554,0.5622532367706299
"0,0,0,0,0,0,0,1,1,1,0,1,1,1,0,0,1,1,0,1,1",0.534,0.84,0.6105,0.5255255255255256,0.7,0.6003430531732419,0.534,0.6230864524841309
"0,1,0,0,0,0,1,1,0,0,1,0,1,1,0,0,0,1,1,0,1",0.56,0.76,0.6100000000000001,0.5572519083969466,0.584,0.5703125,0.56,0.5757734775543213
"0,0,0,0,1,0,0,0,0,0,1,0,1,1,0,0,0,1,1,1,1",0.54,0.82,0.61,0.5347222222222222,0.616,0.5724907063197026,0.54,0.5793061256408691
"0,1,0,0,0,0,0,0,1,0,1,0,1,1,1,0,0,0,0,1,1",0.546,0.8,0.6095,0.5444015444015444,0.564,0.5540275049115914,0.546,0.5544707775115967
"1,0,1,0,1,0,0,0,0,1,0,1,1,0,1,0,1,0,0,0,1",0.552,0.78,0.609,0.5401234567901234,0.7,0.6097560975609756,0.552,0.595679521560669
"0,0,0,0,1,0,0,0,1,1,0,1,1,0,1,0,1,0,1,1,0",0.562,0.75,0.609,0.5498392282958199,0.684,0.6096256684491979,0.562,0.5864319801330566
"0,0,1,0,0,1,0,1,0,1,1,0,0,1,0,1,0,0,0,1,1",0.528,0.85,0.6085,0.5228758169934641,0.64,0.5755395683453237,0.528,0.5888631343841553
"1,0,0,0,0,1,0,1,0,0,0,0,0,0,0,1,0,0,0,1,0",0.574,0.71,0.6080000000000001,0.5614617940199336,0.676,0.6134301270417423,0.5740000000000001,0.547034740447998
"0,0,1,1,1,0,1,0,0,1,1,1,1,1,1,1,1,0,0,1,1",0.564,0.74,0.6080000000000001,0.546242774566474,0.756,0.6342281879194631,0.5640000000000001,0.6386106014251709
"0,1,0,0,0,0,1,1,0,0,1,0,1,1,1,0,0,0,0,1,1",0.534,0.83,0.6080000000000001,0.5238095238095238,0.748,0.6161449752883031,0.534,0.586268424987793
"0,0,0,0,0,1,0,1,1,0,0,0,1,1,0,0,1,1,0,1,1",0.534,0.83,0.6080000000000001,0.5252225519287834,0.708,0.6030664395229983,0.534,0.6082384586334229
"0,0,0,0,1,0,1,1,0,0,1,1,0,1,0,1,0,1,1,0,1",0.55,0.78,0.6075,0.540453074433657,0.668,0.5974955277280859,0.55,0.6327934265136719
"0,0,1,1,1,0,1,1,1,1,0,1,1,0,0,1,0,1,0,1,0",0.546,0.79,0.607,0.5362776025236593,0.68,0.599647266313933,0.546,0.6146879196166992
"1,1,1,0,0,0,1,0,0,0,0,1,1,1,0,0,0,1,1,1,0",0.562,0.74,0.6065,0.5488958990536278,0.696,0.6137566137566137,0.5619999999999999,0.5908186435699463
"0,1,0,0,0,1,1,1,0,0,1,1,1,0,1,0,0,1,0,0,1",0.54,0.8,0.605,0.5515463917525774,0.428,0.481981981981982,0.54,0.5877957344055176
"1,0,0,1,1,0,1,1,1,1,0,0,1,0,1,0,1,1,1,0,1",0.556,0.75,0.6045,0.53954802259887,0.764,0.6324503311258278,0.556,0.701714277267456
"0,0,1,0,1,1,0,0,0,1,1,0,0,1,1,0,1,1,0,1,1",0.532,0.82,0.6040000000000001,0.523121387283237,0.724,0.6073825503355704,0.532,0.6455187797546387
"0,0,0,1,0,0,1,1,1,0,1,0,1,0,1,0,1,0,0,1,1",0.538,0.8,0.6035,0.527536231884058,0.728,0.611764705882353,0.538,0.5962369441986084
"0,0,1,0,1,1,0,1,0,0,1,1,0,0,1,1,0,1,0,1,1",0.508,0.89,0.6035,0.5068027210884354,0.596,0.5477941176470589,0.508,0.6205744743347168
"1,1,0,0,0,1,0,0,0,0,0,0,0,1,1,1,0,1,1,1,0",0.534,0.81,0.603,0.525679758308157,0.696,0.5989672977624785,0.534,0.5647094249725342
"1,1,0,0,0,0,1,1,0,0,1,1,0,0,0,0,0,1,0,1,0",0.54,0.79,0.6025,0.5252525252525253,0.832,0.6439628482972136,0.54,0.5556375980377197
"0,0,1,1,1,0,1,1,0,0,1,1,0,0,1,1,1,0,0,1,0",0.546,0.77,0.6020000000000001,0.5473251028806584,0.532,0.539553752535497,0.546,0.6032543182373047
"0,0,0,0,1,0,1,0,0,0,1,0,1,1,1,1,0,1,1,0,1",0.532,0.81,0.6015,0.5248447204968945,0.676,0.5909090909090909,0.532,0.6058743000030518
"0,0,0,0,1,0,1,1,0,0,0,1,0,1,0,1,0,1,0,0,0",0.572,0.69,0.6015,0.5918367346938775,0.464,0.5201793721973094,0.5720000000000001,0.5656657218933105
"0,0,0,0,1,0,1,1,1,1,0,1,1,0,0,0,0,1,1,0,0",0.572,0.69,0.6015,0.5918367346938775,0.464,0.5201793721973094,0.5720000000000001,0.5749955177307129
"0,0,0,0,1,0,1,1,1,1,0,1,1,0,0,1,0,1,0,0,0",0.572,0.69,0.6015,0.5918367346938775,0.464,0.5201793721973094,0.5720000000000001,0.5555384159088135
"0,0,0,0,1,0,1,1,0,1,0,1,0,0,0,1,1,1,1,0,0",0.572,0.69,0.6015,0.5918367346938775,0.464,0.5201793721973094,0.5720000000000001,0.5643310546875
"1,1,0,0,0,0,1,0,0,0,1,1,0,1,1,0,0,1,1,1,1",0.522,0.84,0.6015,0.5162241887905604,0.7,0.5942275042444821,0.522,0.6201677322387695
"0,0,1,0,0,1,1,0,1,0,0,0,0,0,0,0,0,1,1,1,0",0.538,0.79,0.601,0.5384615384615384,0.532,0.5352112676056338,0.538,0.5893847942352295
"1,0,0,0,0,0,1,0,1,0,1,0,0,1,0,0,1,1,1,0,1",0.548,0.76,0.601,0.5333333333333333,0.768,0.6295081967213115,0.548,0.5933878421783447
"0,0,0,0,1,0,1,1,1,1,0,1,1,0,1,0,0,0,0,1,1",0.534,0.8,0.6005,0.5290102389078498,0.62,0.570902394106814,0.534,0.6291744709014893
"0,0,0,0,0,0,1,1,0,0,1,1,0,0,0,0,1,1,1,1,0",0.534,0.8,0.6005,0.5249266862170088,0.716,0.6057529610829103,0.534,0.5442733764648438
"0,0,0,0,1,0,0,0,0,0,1,1,1,1,0,1,1,1,1,0,1",0.536,0.79,0.5995,0.5247252747252747,0.764,0.6221498371335505,0.536,0.594196081161499
"0,0,0,0,0,0,0,0,1,0,0,1,0,1,0,0,0,1,1,0,0",0.552,0.74,0.599,0.5396341463414634,0.708,0.6124567474048442,0.552,0.5682885646820068
"1,0,1,1,1,0,0,1,1,1,0,1,0,1,0,1,1,0,1,1,0",0.542,0.77,0.599,0.5304347826086957,0.732,0.6151260504201681,0.542,0.5861544609069824
"0,0,1,0,0,0,1,0,1,0,0,0,0,0,1,1,0,0,0,0,0",0.552,0.74,0.599,0.5396341463414634,0.708,0.6124567474048442,0.552,0.5382983684539795
"0,1,0,1,1,0,1,1,1,0,0,1,1,1,1,0,1,1,1,1,0",0.562,0.71,0.599,0.5451895043731778,0.748,0.6306913996627319,0.562,0.6024632453918457
"0,0,1,0,0,0,0,0,0,1,0,1,1,1,0,1,1,0,0,0,1",0.558,0.72,0.5985,0.5516014234875445,0.62,0.583804143126177,0.558,0.6044676303863525
"0,0,0,1,1,0,1,0,1,1,0,1,1,0,1,1,1,0,0,1,1",0.524,0.82,0.5980000000000001,0.5175438596491229,0.708,0.597972972972973,0.524,0.6313056945800781
"0,0,0,0,1,0,0,0,0,0,1,0,1,1,0,0,0,1,0,1,1",0.524,0.82,0.5980000000000001,0.5174418604651163,0.712,0.5993265993265994,0.524,0.6398749351501465
"0,0,1,1,1,0,1,1,0,0,1,1,0,0,0,0,0,1,1,1,1",0.554,0.73,0.5980000000000001,0.5386819484240688,0.752,0.6277128547579299,0.554,0.6418588161468506
"0,0,1,1,1,0,1,1,1,1,1,0,0,1,0,1,1,1,1,0,1",0.554,0.73,0.5980000000000001,0.5415384615384615,0.704,0.6121739130434782,0.554,0.6305360794067383
"0,1,0,0,0,0,1,1,0,0,0,0,0,0,1,0,1,0,0,1,0",0.536,0.78,0.597,0.5288461538461539,0.66,0.5871886120996441,0.536,0.5686049461364746
"1,1,0,0,0,1,1,0,0,0,0,1,0,1,1,0,1,0,1,0,1",0.536,0.78,0.597,0.5271084337349398,0.7,0.6013745704467354,0.536,0.6225574016571045
"0,1,0,0,0,0,1,1,0,0,1,0,1,0,1,0,0,0,1,0,0",0.546,0.75,0.597,0.5318559556786704,0.768,0.6284779050736498,0.546,0.5841548442840576
"0,0,0,1,1,0,0,0,0,1,0,1,1,0,1,0,1,0,1,0,0",0.562,0.7,0.5965,0.538083538083538,0.876,0.6666666666666666,0.562,0.5642669200897217
"0,1,1,1,0,0,0,1,1,1,0,0,0,0,0,0,1,1,0,1,0",0.542,0.76,0.5965,0.551219512195122,0.452,0.4967032967032967,0.542,0.630793571472168
"0,1,0,1,1,0,0,1,0,1,1,0,1,0,0,0,0,0,1,0,0",0.562,0.7,0.5965,0.538083538083538,0.876,0.6666666666666666,0.562,0.5534555912017822
"0,0,1,1,1,0,1,0,1,0,1,0,1,0,0,1,1,0,1,0,0",0.562,0.7,0.5965,0.538083538083538,0.876,0.6666666666666666,0.562,0.518007755279541
"0,1,1,1,1,1,0,1,1,1,1,0,1,1,1,0,1,0,1,1,1",0.532,0.79,0.5965,0.5196078431372549,0.848,0.6443768996960486,0.532,0.6424388885498047
"0,0,1,0,1,0,0,0,1,1,0,1,0,1,1,1,0,0,1,1,1",0.512,0.85,0.5965,0.509090909090909,0.672,0.5793103448275863,0.512,0.703925371170044
"1,1,1,0,0,0,1,0,1,1,1,0,1,0,0,1,1,0,0,0,1",0.562,0.7,0.5965,0.5617529880478087,0.564,0.562874251497006,0.562,0.6056170463562012
"0,0,0,0,1,0,1,1,0,0,1,0,1,1,0,0,0,0,0,1,1",0.532,0.79,0.5965,0.525,0.672,0.5894736842105263,0.532,0.5837037563323975
"1,0,0,1,1,0,1,1,0,0,1,1,0,0,0,0,0,1,0,1,0",0.528,0.8,0.5960000000000001,0.5271317829457365,0.544,0.5354330708661418,0.528,0.6174194812774658
"0,0,0,1,0,0,1,0,0,0,0,0,1,1,1,0,1,0,1,1,0",0.548,0.74,0.5960000000000001,0.5335195530726257,0.764,0.6282894736842105,0.548,0.5687437057495117
"0,0,1,1,1,0,0,0,1,0,1,0,1,1,1,0,0,0,0,1,1",0.528,0.8,0.5960000000000001,0.5213414634146342,0.684,0.5916955017301038,0.528,0.6026122570037842
"0,0,0,0,1,0,1,1,1,1,0,0,1,0,0,0,0,1,0,1,0",0.558,0.71,0.5960000000000001,0.5847953216374269,0.4,0.4750593824228028,0.558,0.5750670433044434
"0,1,0,1,0,0,1,0,0,0,1,1,1,0,0,0,1,0,1,0,1",0.544,0.75,0.5955,0.5352564102564102,0.668,0.594306049822064,0.544,0.59482741355896
"1,0,1,0,0,0,1,1,0,0,0,0,0,0,1,0,1,0,0,1,0",0.544,0.75,0.5955,0.5407407407407407,0.584,0.5615384615384615,0.544,0.5657393932342529
"1,0,0,1,0,0,1,0,1,1,0,0,1,0,1,1,0,1,0,0,0",0.534,0.78,0.5955,0.525679758308157,0.696,0.5989672977624785,0.534,0.5459468364715576
"0,0,0,0,1,0,0,0,0,0,0,1,1,0,1,0,1,0,1,1,1",0.54,0.76,0.595,0.5301204819277109,0.704,0.6048109965635738,0.54,0.6178700923919678
"0,1,0,0,0,0,0,0,1,0,1,1,1,0,1,1,0,0,0,1,1",0.52,0.82,0.595,0.5165562913907285,0.624,0.5652173913043478,0.52,0.5951416492462158
"0,0,0,0,1,0,1,1,0,0,1,1,1,0,0,1,0,1,1,0,1",0.53,0.79,0.595,0.5336322869955157,0.476,0.5031712473572939,0.53,0.6107511520385742
"0,1,1,1,0,0,0,1,1,1,1,0,0,1,1,0,0,0,0,1,1",0.536,0.77,0.5945,0.5260115606936416,0.728,0.610738255033557,0.536,0.5641422271728516
"0,0,0,0,1,0,1,0,0,0,1,1,0,0,0,0,1,1,1,1,0",0.546,0.74,0.5945,0.5566502463054187,0.452,0.4988962472406181,0.546,0.554229736328125
"0,0,1,1,1,0,1,1,0,0,0,1,1,1,0,1,1,1,1,0,1",0.546,0.74,0.5945,0.5400696864111498,0.62,0.5772811918063314,0.546,0.6765673160552979
"0,0,1,1,0,0,1,0,0,1,0,1,1,1,0,1,0,1,0,1,0",0.522,0.81,0.5940000000000001,0.513126491646778,0.86,0.6427503736920778,0.522,0.5714590549468994
"0,0,1,0,0,1,1,0,0,1,0,0,1,0,0,1,1,0,0,1,1",0.552,0.72,0.5940000000000001,0.5401234567901234,0.7,0.6097560975609756,0.552,0.5869171619415283
"1,0,1,1,1,0,1,1,1,0,1,1,0,1,1,0,1,1,1,1,0",0.548,0.73,0.5935,0.5368098159509203,0.7,0.6076388888888888,0.548,0.6044509410858154
"0,1,0,1,1,0,1,1,1,1,0,1,1,1,1,1,0,0,0,0,0",0.548,0.73,0.5935,0.5324324324324324,0.788,0.635483870967742,0.548,0.5644421577453613
"0,1,1,0,1,0,1,1,1,0,0,0,1,1,1,0,0,0,0,0,0",0.548,0.73,0.5935,0.5324324324324324,0.788,0.635483870967742,0.548,0.5666382312774658
"0,0,0,0,1,0,1,1,0,0,1,1,1,0,0,1,0,1,0,0,1",0.538,0.76,0.5935,0.5295950155763239,0.68,0.5954465849387041,0.538,0.5720219612121582
"0,0,0,1,1,0,1,1,1,0,0,1,0,0,1,0,0,0,1,0,1",0.538,0.76,0.5935,0.5305466237942122,0.66,0.5882352941176471,0.538,0.5515201091766357
"0,1,1,1,0,0,1,0,1,0,0,0,0,1,1,0,1,0,0,0,0",0.548,0.73,0.5935,0.5324324324324324,0.788,0.635483870967742,0.548,0.5701329708099365
"0,0,0,0,1,0,1,1,0,0,1,1,0,0,0,1,0,1,0,0,1",0.538,0.76,0.5935,0.5295950155763239,0.68,0.5954465849387041,0.538,0.6131753921508789
"0,1,0,1,0,0,0,1,1,0,1,0,1,1,1,0,0,1,1,1,0",0.514,0.83,0.593,0.5120274914089347,0.596,0.5508317929759704,0.514,0.628220796585083
"1,1,1,0,0,0,0,0,0,0,1,0,1,1,0,0,0,1,1,0,0",0.554,0.71,0.593,0.5412844036697247,0.708,0.6135181975736569,0.554,0.5331780910491943
"0,1,0,0,0,0,0,1,1,0,0,0,0,0,0,1,0,0,0,1,0",0.524,0.8,0.593,0.5179640718562875,0.692,0.5924657534246576,0.524,0.5686976909637451
"0,0,0,0,1,0,1,1,0,0,0,1,0,1,0,0,0,1,1,0,0",0.524,0.8,0.593,0.5179640718562875,0.692,0.5924657534246576,0.524,0.5660145282745361
"0,0,0,0,1,0,1,1,0,0,1,0,0,0,0,1,0,1,1,0,1",0.53,0.78,0.5925,0.5301204819277109,0.528,0.5290581162324649,0.53,0.5914793014526367
"0,0,0,0,1,0,0,1,0,0,1,1,0,0,0,0,0,1,0,1,0",0.54,0.75,0.5925,0.5289017341040463,0.732,0.6140939597315436,0.54,0.5781903266906738
"1,0,0,0,0,1,0,0,1,0,0,1,0,1,0,1,1,0,0,1,0",0.516,0.82,0.5920000000000001,0.5168067226890757,0.492,0.5040983606557377,0.516,0.5944070816040039
"0,0,0,1,1,0,1,0,1,1,0,1,1,0,1,1,0,1,1,0,1",0.542,0.74,0.5915,0.5381818181818182,0.592,0.5638095238095238,0.542,0.5965914726257324
"0,0,1,1,1,0,1,1,0,0,1,1,0,0,1,1,1,0,0,0,1",0.542,0.74,0.5915,0.5363321799307958,0.62,0.575139146567718,0.542,0.6159617900848389
"0,0,0,0,1,0,1,1,0,1,0,0,1,0,1,0,1,1,0,1,1",0.532,0.77,0.5915,0.5264900662251656,0.636,0.5760869565217391,0.532,0.6361949443817139
"0,0,0,0,1,0,1,1,0,0,1,0,1,1,1,0,0,0,1,0,1",0.522,0.8,0.5915,0.519434628975265,0.588,0.551594746716698,0.522,0.5914735794067383
"0,1,0,1,0,0,0,1,1,0,0,0,0,0,0,1,0,1,0,0,1",0.552,0.71,0.5915,0.5477941176470589,0.596,0.5708812260536399,0.552,0.5601613521575928
"0,0,0,0,1,0,1,1,0,0,1,1,0,0,0,0,0,1,0,1,1",0.538,0.75,0.591,0.5263157894736842,0.76,0.6219312602291326,0.538,0.6267757415771484
"0,1,1,1,0,0,1,0,1,1,1,0,1,0,1,0,0,1,1,1,1",0.528,0.78,0.591,0.5216049382716049,0.676,0.5888501742160279,0.528,0.6109445095062256
"0,0,0,0,1,0,1,1,0,0,1,1,0,0,0,1,1,0,0,1,1",0.528,0.78,0.591,0.5236486486486487,0.62,0.5677655677655677,0.528,0.5916576385498047
"0,0,0,0,0,1,0,0,0,1,0,1,1,1,1,1,0,1,1,0,1",0.524,0.79,0.5905,0.5145631067961165,0.848,0.6404833836858006,0.524,0.5925819873809814
"0,0,0,0,1,0,0,0,1,0,1,0,1,1,0,0,0,1,1,0,0",0.554,0.7,0.5905,0.5436893203883495,0.672,0.6010733452593918,0.554,0.5556366443634033
"0,0,0,0,1,1,1,0,1,1,1,0,1,1,1,1,0,1,0,0,1",0.524,0.79,0.5905,0.5197368421052632,0.632,0.5703971119133574,0.524,0.6083528995513916
"0,0,0,0,0,0,0,0,1,0,1,0,1,1,1,0,0,0,0,0,0",0.524,0.79,0.5905,0.5206896551724138,0.604,0.5592592592592592,0.524,0.5471436977386475
"0,0,1,0,0,1,1,1,0,0,1,1,0,1,0,1,1,0,0,0,0",0.524,0.79,0.5905,0.5206896551724138,0.604,0.5592592592592592,0.524,0.6181597709655762
"0,1,0,0,0,1,0,1,1,1,1,0,0,1,0,0,1,0,0,0,0",0.524,0.79,0.5905,0.5206896551724138,0.604,0.5592592592592592,0.524,0.5556039810180664
"0,1,0,1,1,1,0,0,0,1,0,0,1,1,0,0,0,1,1,1,0",0.544,0.73,0.5905,0.5333333333333333,0.704,0.6068965517241379,0.544,0.6599128246307373
"0,0,0,1,0,0,0,1,0,1,1,1,1,1,0,1,1,0,1,1,0",0.524,0.79,0.5905,0.5196078431372549,0.636,0.5719424460431655,0.524,0.5822525024414062
"0,0,1,1,1,0,1,1,0,0,1,0,1,0,1,0,0,0,0,1,0",0.516,0.81,0.5895,0.5151515151515151,0.544,0.5291828793774319,0.516,0.5632600784301758
"0,0,1,1,1,0,1,1,0,0,1,0,1,0,1,0,0,0,1,1,0",0.516,0.81,0.5895,0.5151515151515151,0.544,0.5291828793774319,0.516,0.5434210300445557
"1,1,0,1,0,0,0,0,0,1,0,0,1,0,0,0,1,1,0,1,0",0.526,0.78,0.5895,0.5165394402035624,0.812,0.6314152410575428,0.526,0.577876091003418
"0,0,1,1,1,0,1,1,1,1,1,0,1,0,1,0,0,0,0,1,0",0.536,0.75,0.5895,0.5276073619631901,0.688,0.5972222222222222,0.536,0.601355791091919
"1,1,0,0,1,0,0,1,1,0,1,0,0,0,0,0,0,0,0,1,1",0.572,0.64,0.5890000000000001,0.5796460176991151,0.524,0.5504201680672269,0.5720000000000001,0.5970573425292969
"0,1,0,0,1,0,0,0,0,0,1,1,1,0,1,0,1,1,0,1,1",0.532,0.76,0.589,0.5240963855421686,0.696,0.5979381443298969,0.532,0.5954232215881348
"0,1,1,0,1,0,0,1,1,0,0,1,1,0,1,0,1,1,1,0,0",0.532,0.76,0.589,0.5207253886010362,0.804,0.6320754716981132,0.532,0.5691735744476318
"0,0,0,0,1,0,0,1,1,0,0,1,0,0,1,0,0,1,1,0,0",0.528,0.77,0.5885,0.5186170212765957,0.78,0.6230031948881789,0.528,0.5597271919250488
"1,1,0,0,1,1,1,1,0,0,1,1,0,1,1,0,1,0,1,1,1",0.528,0.77,0.5885,0.5195530726256983,0.744,0.6118421052631579,0.528,0.6036825180053711
"0,0,0,1,0,0,0,0,0,0,0,1,1,1,0,1,1,1,0,1,1",0.538,0.74,0.5885,0.5422222222222223,0.488,0.5136842105263157,0.538,0.5908806324005127
"1,1,0,0,1,1,1,0,1,0,0,1,0,0,1,1,1,0,0,1,1",0.548,0.71,0.5884999999999999,0.5375,0.688,0.6035087719298246,0.5479999999999999,0.5700948238372803
"1,0,1,1,0,1,0,1,0,1,0,0,1,0,1,0,1,1,0,1,0",0.534,0.75,0.5880000000000001,0.5227882037533512,0.78,0.6260032102728732,0.534,0.6564369201660156
"1,0,1,0,0,0,0,0,0,1,0,1,0,1,1,1,1,1,0,1,1",0.514,0.81,0.5880000000000001,0.5098039215686274,0.728,0.5996705107084019,0.514,0.6123857498168945
"1,0,1,1,0,1,0,1,0,1,0,0,1,0,1,0,1,1,1,1,0",0.534,0.75,0.5880000000000001,0.5227882037533512,0.78,0.6260032102728732,0.534,0.6129872798919678
"0,0,0,0,1,0,1,1,0,0,1,1,0,0,0,1,0,1,1,0,1",0.514,0.81,0.5880000000000001,0.5136186770428015,0.528,0.5207100591715976,0.514,0.6264591217041016
"0,0,0,0,0,1,1,1,0,1,1,1,1,1,0,0,1,0,1,1,1",0.524,0.78,0.5880000000000001,0.5174418604651163,0.712,0.5993265993265994,0.524,0.6198546886444092
"1,0,0,0,1,0,0,1,1,0,0,0,1,1,1,0,1,1,0,0,1",0.53,0.76,0.5875,0.5182481751824818,0.852,0.6444780635400907,0.53,0.5927321910858154
"0,1,1,0,0,1,0,1,0,0,1,0,1,1,0,1,0,0,1,0,1",0.5,0.85,0.5875,0.5,0.556,0.5265151515151515,0.5,0.6039624214172363
"1,0,1,0,0,0,1,1,0,0,1,0,1,0,1,0,0,0,1,0,0",0.54,0.73,0.5875,0.5256410256410257,0.82,0.640625,0.54,0.5740563869476318
"0,0,1,1,1,0,1,1,0,0,1,1,0,0,0,1,0,1,0,1,0",0.54,0.73,0.5875,0.54,0.54,0.54,0.54,0.5973234176635742
"0,0,1,1,0,1,0,1,1,1,0,0,1,0,1,1,1,0,1,1,1",0.52,0.79,0.5875,0.5132275132275133,0.776,0.6178343949044586,0.52,0.6041467189788818
"0,0,0,0,1,0,1,0,0,0,1,0,1,1,0,0,0,1,1,0,1",0.52,0.79,0.5875,0.5160256410256411,0.644,0.5729537366548043,0.52,0.6183955669403076
"0,0,1,1,1,0,1,1,1,1,0,1,1,0,0,1,0,1,0,0,0",0.56,0.67,0.5875,0.5428571428571428,0.76,0.6333333333333333,0.56,0.5643093585968018
"0,0,1,1,1,0,1,1,0,0,0,1,0,1,0,1,0,1,0,0,0",0.56,0.67,0.5875,0.5428571428571428,0.76,0.6333333333333333,0.56,0.5687594413757324
"0,1,0,0,0,0,1,1,0,0,1,0,1,0,1,1,0,1,1,0,1",0.552,0.69,0.5865,0.5335051546391752,0.828,0.6489028213166145,0.552,0.5981400012969971
"0,0,0,0,0,0,1,0,0,0,1,0,1,1,1,1,1,0,1,1,0",0.522,0.78,0.5865,0.5205992509363296,0.556,0.5377176015473888,0.522,0.5963027477264404
"1,0,0,0,0,1,0,1,1,1,0,0,1,1,1,0,1,1,0,0,0",0.542,0.72,0.5865,0.5333333333333333,0.672,0.5946902654867257,0.542,0.5772757530212402
"1,1,1,1,0,0,0,1,0,0,1,1,0,1,0,1,0,0,1,1,1",0.542,0.72,0.5865,0.5287671232876713,0.772,0.6276422764227643,0.542,0.6154885292053223
"0,0,0,0,1,0,1,1,0,1,0,1,0,1,0,0,1,0,1,0,1",0.518,0.79,0.5860000000000001,0.5211267605633803,0.444,0.4794816414686825,0.518,0.6070656776428223
"1,0,0,0,0,0,1,0,0,1,1,1,1,1,0,1,1,1,1,0,1",0.538,0.73,0.5860000000000001,0.5313531353135313,0.644,0.5822784810126582,0.538,0.5756614208221436
"0,0,0,0,1,0,0,1,1,1,0,1,1,0,0,1,0,1,0,1,1",0.518,0.79,0.5860000000000001,0.5194805194805194,0.48,0.498960498960499,0.518,0.5985474586486816
"0,0,0,0,1,0,1,1,1,1,0,1,0,0,0,0,0,1,0,1,0",0.558,0.67,0.5860000000000001,0.5577689243027888,0.56,0.5588822355289421,0.558,0.5528078079223633
"1,0,0,0,0,0,1,1,1,0,0,1,1,0,0,1,0,1,0,0,1",0.538,0.73,0.5860000000000001,0.5463414634146342,0.448,0.49230769230769234,0.538,0.5756382942199707
"0,0,1,0,1,0,0,1,0,0,1,0,0,0,0,1,0,0,1,1,0",0.558,0.67,0.5860000000000001,0.5531135531135531,0.604,0.5774378585086042,0.558,0.5816934108734131
"0,0,0,0,1,0,1,1,0,0,1,1,0,0,0,0,0,0,1,1,0",0.558,0.67,0.586,0.5457413249211357,0.692,0.6102292768959435,0.5579999999999999,0.5819947719573975
"0,0,0,0,1,0,1,0,0,0,1,1,0,1,1,0,1,0,1,0,1",0.534,0.74,0.5855,0.5255255255255256,0.7,0.6003430531732419,0.534,0.6274759769439697
"1,0,0,1,1,1,1,0,1,0,1,0,0,0,1,0,0,0,1,0,1",0.524,0.77,0.5855,0.5189873417721519,0.656,0.5795053003533569,0.524,0.612433671951294
"1,1,1,0,0,1,0,0,0,0,0,0,0,1,0,0,0,1,0,1,0",0.544,0.71,0.5855,0.5357142857142857,0.66,0.5913978494623656,0.544,0.5686500072479248
"0,1,1,1,1,0,1,0,0,0,0,0,1,0,1,0,1,0,0,1,0",0.52,0.78,0.585,0.5151515151515151,0.68,0.5862068965517241,0.52,0.5688822269439697
"0,1,0,1,1,0,1,0,0,1,0,1,1,0,0,1,1,1,0,0,0",0.54,0.72,0.585,0.545045045045045,0.484,0.5127118644067796,0.54,0.5740499496459961
"0,0,1,0,0,0,0,1,1,1,1,0,0,1,1,1,1,1,1,0,0",0.53,0.75,0.585,0.5230769230769231,0.68,0.591304347826087,0.53,0.5716307163238525
"1,1,1,0,1,1,0,0,0,0,0,0,1,1,1,0,0,1,1,1,1",0.532,0.74,0.5840000000000001,0.5182648401826484,0.908,0.6598837209302325,0.532,0.582334041595459
"0,0,0,0,1,0,1,1,0,0,1,1,0,0,0,1,0,1,1,1,0",0.562,0.65,0.5840000000000001,0.5607843137254902,0.572,0.5663366336633663,0.562,0.5573256015777588
"0,0,0,1,1,1,0,1,0,0,0,0,1,1,1,1,0,1,1,1,1",0.498,0.84,0.5835,0.49848024316109424,0.656,0.5664939550949913,0.498,0.6108698844909668
"1,1,1,1,0,0,1,0,1,0,1,1,1,0,1,0,0,1,0,0,0",0.538,0.72,0.5835,0.53156146179402,0.64,0.5807622504537205,0.538,0.5453047752380371
"0,0,0,0,0,0,0,1,1,0,0,1,1,1,0,1,1,1,1,0,1",0.518,0.78,0.5835,0.5137614678899083,0.672,0.5823223570190641,0.518,0.5840725898742676
"1,1,1,0,0,0,1,1,0,0,1,0,1,0,0,1,0,0,1,0,0",0.524,0.76,0.583,0.5161290322580645,0.768,0.617363344051447,0.524,0.5248148441314697
"0,0,1,1,0,1,0,1,0,0,1,1,1,0,1,0,0,1,0,0,1",0.504,0.82,0.583,0.5031847133757962,0.632,0.5602836879432624,0.504,0.5602476596832275
"1,0,0,1,0,0,1,1,0,0,0,1,0,1,0,0,0,1,1,0,0",0.544,0.7,0.583,0.5416666666666666,0.572,0.556420233463035,0.544,0.5939426422119141
"1,0,0,1,0,0,1,1,1,1,0,1,0,1,0,0,0,1,0,0,0",0.544,0.7,0.583,0.5416666666666666,0.572,0.556420233463035,0.544,0.6207029819488525
"1,0,0,1,0,0,1,1,1,1,0,1,1,0,0,1,0,1,0,0,0",0.544,0.7,0.583,0.5416666666666666,0.572,0.556420233463035,0.544,0.6058728694915771
"0,1,1,1,0,0,1,1,0,0,1,0,1,0,0,1,0,1,1,0,1",0.52,0.77,0.5825,0.5130890052356021,0.784,0.620253164556962,0.52,0.6502313613891602
"1,0,0,0,1,1,1,0,1,0,0,0,0,1,1,1,1,0,1,1,1",0.52,0.77,0.5825,0.5173611111111112,0.596,0.5539033457249071,0.52,0.5875544548034668
"0,1,0,0,0,1,1,1,1,0,0,1,0,0,0,1,0,0,1,0,0",0.53,0.74,0.5825,0.5252525252525253,0.624,0.5703839122486288,0.53,0.5568537712097168
"1,0,0,0,0,1,0,0,1,0,0,0,1,0,1,1,0,1,0,1,0",0.53,0.74,0.5825,0.5229357798165137,0.684,0.5927209705372617,0.53,0.5792975425720215
"0,0,1,0,0,1,0,0,0,1,0,0,1,1,0,1,0,0,0,0,0",0.53,0.74,0.5825,0.5252525252525253,0.624,0.5703839122486288,0.53,0.5344874858856201
"1,0,0,1,1,1,1,0,1,1,0,0,1,0,0,1,1,0,1,1,0",0.52,0.77,0.5825,0.5148809523809523,0.692,0.590443686006826,0.52,0.6140942573547363
"1,1,0,0,1,0,1,1,1,1,0,1,1,0,0,1,0,1,0,0,1",0.54,0.71,0.5825,0.55,0.44,0.4888888888888889,0.54,0.5749087333679199
"0,1,1,1,1,0,1,1,1,1,1,0,0,0,0,0,1,0,0,1,1",0.526,0.75,0.5820000000000001,0.5170603674540682,0.788,0.624405705229794,0.526,0.6024022102355957
"0,0,0,0,1,0,1,1,0,0,1,1,0,0,1,0,0,1,1,1,0",0.556,0.66,0.5820000000000001,0.6,0.336,0.4307692307692308,0.556,0.5800964832305908
"1,0,0,0,0,1,1,1,1,0,1,1,0,1,1,1,0,1,1,1,1",0.526,0.75,0.5820000000000001,0.521311475409836,0.636,0.572972972972973,0.526,0.5849277973175049
"0,0,0,0,1,0,0,1,0,0,1,0,1,1,1,0,0,0,0,1,1",0.526,0.75,0.5820000000000001,0.5398773006134969,0.352,0.4261501210653753,0.526,0.6019089221954346
"0,0,0,0,1,0,1,0,0,1,0,1,1,1,1,0,0,1,0,0,1",0.536,0.72,0.5820000000000001,0.5231958762886598,0.812,0.6363636363636364,0.536,0.6127431392669678
"1,1,0,1,0,1,0,0,0,0,0,0,1,1,1,0,0,1,0,1,1",0.536,0.72,0.5820000000000001,0.5357142857142857,0.54,0.5378486055776892,0.536,0.5763225555419922
"1,1,1,0,1,0,0,1,0,0,1,1,0,0,1,1,1,0,0,1,1",0.526,0.75,0.5820000000000001,0.5210355987055016,0.644,0.5760286225402504,0.526,0.606346607208252
"0,1,0,0,0,0,0,1,1,1,0,1,0,1,0,0,0,0,0,0,1",0.502,0.82,0.5815,0.5029940119760479,0.336,0.4028776978417266,0.502,0.563082218170166
"1,1,1,0,0,1,0,0,0,0,0,0,0,1,0,0,0,1,0,1,1",0.542,0.7,0.5815,0.539622641509434,0.572,0.5553398058252427,0.542,0.6215400695800781
"1,1,1,0,1,0,0,1,1,1,0,1,1,0,0,1,1,0,1,1,1",0.522,0.76,0.5815,0.5197132616487455,0.58,0.5482041587901701,0.522,0.6785635948181152
"1,0,0,0,0,0,0,0,1,0,1,1,0,0,0,0,0,1,0,1,0",0.552,0.67,0.5815,0.5550847457627118,0.524,0.5390946502057613,0.552,0.5662727355957031
"1,0,1,1,1,1,0,1,1,0,0,1,0,1,0,0,0,1,0,1,1",0.532,0.73,0.5815,0.5253164556962026,0.664,0.5865724381625441,0.532,0.6411283016204834
"1,0,0,0,0,0,0,0,1,0,1,0,1,0,1,0,0,0,1,1,1",0.508,0.8,0.581,0.5102040816326531,0.4,0.4484304932735426,0.508,0.5534427165985107
"0,1,0,0,1,0,1,1,0,0,1,1,0,0,0,0,0,1,0,1,0",0.548,0.68,0.581,0.5740740740740741,0.372,0.45145631067961167,0.548,0.5600185394287109
"1,0,1,0,1,0,0,0,1,0,0,0,1,0,1,1,0,0,0,1,1",0.538,0.71,0.581,0.5366795366795367,0.556,0.5461689587426326,0.538,0.61238694190979
"0,1,0,0,1,0,1,1,0,0,1,1,0,0,0,0,0,1,1,1,0",0.548,0.68,0.581,0.5740740740740741,0.372,0.45145631067961167,0.548,0.6529004573822021
"0,0,1,1,1,1,0,0,1,1,0,0,0,0,1,1,1,1,0,0,1",0.518,0.77,0.581,0.5223880597014925,0.42,0.4656319290465632,0.518,0.6516528129577637
"1,1,0,1,0,0,0,0,0,1,1,0,1,1,0,1,0,1,1,0,1",0.528,0.74,0.581,0.5222929936305732,0.656,0.5815602836879432,0.528,0.5956897735595703
"0,0,0,0,1,0,0,1,1,1,1,1,1,1,1,0,0,0,0,1,1",0.498,0.83,0.581,0.4980694980694981,0.516,0.5068762278978389,0.498,0.6021637916564941
"0,0,0,1,0,1,1,0,0,0,1,1,0,0,1,1,0,1,1,0,1",0.484,0.87,0.5805,0.4847328244274809,0.508,0.49609375,0.484,0.5977127552032471
"1,1,0,0,0,1,0,0,1,0,0,0,1,0,1,1,0,1,1,1,1",0.504,0.81,0.5805,0.50390625,0.516,0.5098814229249012,0.504,0.5871739387512207
"0,0,0,0,1,1,1,1,1,0,1,1,1,0,1,1,1,0,0,1,1",0.504,0.81,0.5805,0.5038759689922481,0.52,0.5118110236220472,0.504,0.6151561737060547
"0,0,0,1,0,0,1,0,0,0,1,0,1,1,0,1,1,1,1,0,1",0.53,0.73,0.5800000000000001,0.5242718446601942,0.648,0.5796064400715564,0.53,0.5938770771026611
"0,0,1,0,0,0,1,0,0,1,0,0,0,0,0,1,1,1,0,1,0",0.56,0.64,0.5800000000000001,0.5572519083969466,0.584,0.5703125,0.56,0.5456187725067139
"1,1,1,1,0,0,1,1,1,1,1,1,0,0,0,1,0,0,0,0,1",0.56,0.64,0.5800000000000001,0.5572519083969466,0.584,0.5703125,0.56,0.577789306640625
"0,0,1,1,1,0,0,1,1,1,0,1,1,0,0,1,1,1,1,1,1",0.52,0.76,0.5800000000000001,0.5133689839572193,0.768,0.6153846153846154,0.52,0.6547279357910156
"0,0,0,0,1,0,0,1,1,1,0,1,1,0,0,1,1,0,1,1,1",0.51,0.79,0.5800000000000001,0.5072886297376094,0.696,0.5868465430016864,0.51,0.6264572143554688
"1,1,1,0,1,0,1,0,1,1,1,0,0,1,0,0,0,0,0,1,0",0.56,0.64,0.5800000000000001,0.5572519083969466,0.584,0.5703125,0.56,0.5897667407989502
"0,0,0,0,1,0,1,1,0,0,1,1,1,0,1,0,0,1,1,1,1",0.53,0.73,0.5800000000000001,0.5373134328358209,0.432,0.4789356984478936,0.53,0.592461109161377
"0,0,0,0,1,0,1,1,0,0,1,0,1,1,1,1,0,0,0,1,1",0.536,0.71,0.5795,0.5523255813953488,0.38,0.45023696682464454,0.536,0.6413354873657227
"1,1,1,0,0,0,1,0,0,1,1,0,0,0,1,1,1,0,1,1,0",0.536,0.71,0.5795,0.5261627906976745,0.724,0.6094276094276094,0.536,0.6127457618713379
"0,0,0,0,1,1,1,1,0,1,1,1,1,1,0,0,1,1,1,0,0",0.506,0.8,0.5795,0.5062240663900415,0.488,0.4969450101832994,0.506,0.5873489379882812
"1,0,0,0,0,0,0,1,0,1,1,0,1,0,0,1,1,0,0,1,1",0.516,0.77,0.5795,0.5181818181818182,0.456,0.4851063829787234,0.516,0.6076195240020752
"1,0,0,0,0,1,0,0,1,0,0,0,1,0,1,0,1,0,0,1,0",0.496,0.83,0.5795,0.4959349593495935,0.488,0.49193548387096775,0.496,0.5981979370117188
"1,1,0,1,0,0,1,1,1,1,1,1,1,1,0,0,1,1,0,0,0",0.552,0.66,0.579,0.5619047619047619,0.472,0.5130434782608696,0.552,0.5893638134002686
"0,0,0,0,1,1,0,0,1,0,1,0,1,0,0,0,1,1,0,0,0",0.522,0.75,0.579,0.5149863760217984,0.756,0.6126418152350082,0.522,0.6177265644073486
"1,1,0,0,1,0,1,0,0,1,0,0,0,1,0,1,1,1,1,0,1",0.538,0.7,0.5785,0.5224586288416075,0.884,0.6567607726597325,0.538,0.6437115669250488
"0,0,0,1,1,1,0,1,1,0,0,0,1,1,1,1,0,0,0,1,0",0.508,0.79,0.5785,0.5047169811320755,0.856,0.6350148367952523,0.508,0.5770993232727051
"0,0,1,1,1,0,1,1,1,1,0,1,1,0,0,0,0,0,1,1,0",0.508,0.79,0.5785,0.5060606060606061,0.668,0.5758620689655173,0.508,0.6083648204803467
"0,0,0,0,0,0,0,1,0,1,1,0,0,0,1,1,0,0,1,1,0",0.508,0.79,0.5785,0.5052631578947369,0.768,0.6095238095238096,0.508,0.5574755668640137
"0,0,1,1,1,0,0,1,1,1,0,1,1,0,0,1,0,1,0,1,1",0.514,0.77,0.5780000000000001,0.5098591549295775,0.724,0.5983471074380166,0.514,0.6359250545501709
"1,1,0,1,1,0,1,1,0,0,0,0,0,0,1,0,1,1,0,0,0",0.554,0.65,0.5780000000000001,0.5551020408163265,0.544,0.5494949494949495,0.554,0.5951986312866211
"0,0,0,0,1,0,0,1,0,0,1,1,0,0,1,1,1,0,0,1,1",0.524,0.74,0.5780000000000001,0.5405405405405406,0.32,0.4020100502512563,0.524,0.5879967212677002
"1,0,1,1,1,0,1,1,1,1,1,1,1,0,1,1,0,0,1,1,0",0.544,0.68,0.5780000000000001,0.5371621621621622,0.636,0.5824175824175825,0.544,0.5659959316253662
"0,0,0,0,1,0,1,0,0,0,1,0,1,1,0,1,0,1,1,0,1",0.504,0.8,0.5780000000000001,0.5048076923076923,0.42,0.4585152838427948,0.504,0.5849928855895996
"0,1,0,1,0,0,1,0,1,0,1,1,0,1,1,0,1,0,0,0,0",0.534,0.71,0.5780000000000001,0.5227882037533512,0.78,0.6260032102728732,0.534,0.5554981231689453
"1,1,1,1,1,1,1,1,1,0,0,0,0,1,0,0,0,1,1,0,1",0.524,0.74,0.5780000000000001,0.5164835164835165,0.752,0.6123778501628665,0.524,0.6280927658081055
"0,1,0,0,0,1,0,1,0,0,0,0,0,1,1,0,0,0,0,0,0",0.55,0.66,0.5775,0.5570776255707762,0.488,0.5202558635394456,0.55,0.5724160671234131
"0,0,0,0,1,0,1,1,1,1,0,1,1,0,0,1,0,1,0,1,0",0.53,0.72,0.5775,0.5330396475770925,0.484,0.5073375262054507,0.53,0.6151907444000244
"0,0,1,1,1,0,1,1,0,0,1,1,1,0,0,0,0,1,0,1,0",0.51,0.78,0.5775,0.5097276264591439,0.524,0.5167652859960552,0.51,0.5943365097045898
"1,1,1,1,1,1,0,1,1,1,0,0,1,0,0,0,1,0,1,1,0",0.53,0.72,0.5775,0.5179856115107914,0.864,0.6476761619190404,0.53,0.5482158660888672
"0,1,0,1,1,0,0,1,0,1,0,0,0,1,1,0,1,1,0,0,1",0.5,0.81,0.5775,0.5,0.548,0.5229007633587787,0.5,0.5753800868988037
"1,0,0,1,0,0,0,1,0,0,1,1,0,1,0,0,0,0,0,1,0",0.546,0.67,0.5770000000000001,0.5502183406113537,0.504,0.5260960334029228,0.546,0.5695211887359619
"0,0,0,1,0,0,1,1,0,0,1,0,0,1,0,0,1,1,0,0,1",0.536,0.7,0.577,0.5323741007194245,0.592,0.5606060606060606,0.536,0.5895280838012695
"1,0,0,1,1,1,0,1,0,0,1,0,0,1,1,0,0,0,0,0,1",0.516,0.76,0.577,0.5101522842639594,0.804,0.6242236024844721,0.516,0.5735633373260498
"1,0,0,1,1,0,0,0,0,1,1,0,1,1,1,0,0,1,0,0,1",0.526,0.73,0.577,0.5185185185185185,0.728,0.6056572379367721,0.526,0.5572242736816406
"1,0,0,0,0,0,0,1,1,1,0,0,1,1,1,1,0,0,1,0,0",0.532,0.71,0.5765,0.5273972602739726,0.616,0.5682656826568265,0.532,0.5738716125488281
"1,0,1,0,1,1,1,1,0,0,1,1,0,1,1,0,0,0,1,0,1",0.522,0.74,0.5765,0.519298245614035,0.592,0.5532710280373832,0.522,0.5822386741638184
"1,0,1,1,0,1,0,1,0,1,0,0,1,0,1,1,1,1,1,0,1",0.522,0.74,0.5765,0.5169230769230769,0.672,0.5843478260869566,0.522,0.6622097492218018
"1,1,1,0,1,0,0,1,0,0,0,1,1,0,0,1,0,1,0,0,0",0.522,0.74,0.5765,0.517799352750809,0.64,0.5724508050089445,0.522,0.584298849105835
"0,1,1,1,1,0,0,1,0,0,1,1,0,1,0,0,0,0,0,0,0",0.532,0.71,0.5765,0.5273972602739726,0.616,0.5682656826568265,0.532,0.5233485698699951
"1,1,0,0,1,1,0,0,1,0,1,0,0,1,0,0,0,1,0,1,1",0.512,0.77,0.5765,0.5091463414634146,0.668,0.5778546712802768,0.512,0.6479389667510986
"0,1,1,1,1,0,1,1,1,1,1,0,0,0,0,0,0,0,0,0,0",0.532,0.71,0.5765,0.5273972602739726,0.616,0.5682656826568265,0.532,0.535240650177002
"0,1,0,1,1,0,1,0,0,0,0,0,1,0,0,0,1,1,0,0,0",0.532,0.71,0.5765,0.5273972602739726,0.616,0.5682656826568265,0.532,0.5521929264068604
"0,1,1,1,1,0,0,1,0,0,1,1,1,0,1,0,1,1,0,0,0",0.518,0.75,0.5760000000000001,0.5106888361045131,0.86,0.6408345752608048,0.518,0.5884764194488525
"1,1,0,0,0,1,1,1,0,1,0,0,0,0,1,1,1,0,1,1,0",0.518,0.75,0.5760000000000001,0.5164835164835165,0.564,0.5391969407265774,0.518,0.6164438724517822
"1,1,0,0,1,1,1,1,0,1,1,0,0,1,0,0,1,1,0,1,1",0.508,0.78,0.5760000000000001,0.50625,0.648,0.5684210526315789,0.508,0.5777473449707031
"0,0,0,0,1,0,1,1,0,0,1,0,1,1,1,0,0,1,0,1,0",0.528,0.72,0.5760000000000001,0.5393258426966292,0.384,0.4485981308411215,0.528,0.5536379814147949
"1,1,0,1,0,1,1,1,0,0,1,0,1,1,1,0,1,1,1,1,0",0.508,0.78,0.5760000000000001,0.5063291139240507,0.64,0.5653710247349824,0.508,0.5862181186676025
"0,0,0,0,1,0,1,1,0,0,1,0,1,1,1,1,1,0,0,1,0",0.528,0.72,0.5760000000000001,0.5460526315789473,0.332,0.4129353233830846,0.528,0.587322473526001
"0,1,0,0,0,0,1,1,1,0,1,1,0,0,0,1,1,1,1,0,0",0.518,0.75,0.5760000000000001,0.5176470588235295,0.528,0.5227722772277228,0.518,0.5984823703765869
"1,1,0,0,0,0,1,0,1,1,0,1,0,1,0,1,0,0,1,0,1",0.518,0.75,0.5760000000000001,0.5168539325842697,0.552,0.5338491295938105,0.518,0.6208066940307617
"1,0,1,1,0,1,1,1,0,0,1,1,1,1,1,0,1,1,0,0,1",0.518,0.75,0.5760000000000001,0.5149501661129569,0.62,0.5626134301270418,0.518,0.5729901790618896
"1,1,0,1,0,0,0,0,0,0,0,0,1,1,1,0,1,1,1,1,1",0.524,0.73,0.5755,0.527027027027027,0.468,0.4957627118644068,0.524,0.6461167335510254
"0,1,1,1,0,0,1,1,1,0,1,0,0,1,0,0,1,1,1,0,0",0.524,0.73,0.5755,0.5180722891566265,0.688,0.5910652920962199,0.524,0.5638620853424072
"0,0,1,0,0,1,1,1,0,0,1,1,0,1,1,1,1,0,0,1,0",0.494,0.82,0.5755,0.4956521739130435,0.684,0.5747899159663865,0.494,0.5847599506378174
"0,0,1,1,1,0,1,1,0,0,1,1,0,0,1,0,0,0,0,1,1",0.51,0.77,0.575,0.5086505190311419,0.588,0.5454545454545454,0.51,0.6259489059448242
"1,0,1,1,0,1,1,0,1,0,1,0,1,1,1,1,1,1,1,1,1",0.53,0.71,0.575,0.5285171102661597,0.556,0.5419103313840156,0.53,0.5971508026123047
"1,1,1,1,0,1,1,0,0,0,1,0,0,0,0,0,0,1,0,1,1",0.51,0.77,0.575,0.5053995680345572,0.936,0.6563814866760168,0.51,0.5619559288024902
"1,0,0,0,1,0,1,1,1,1,1,0,1,1,0,1,0,1,1,0,1",0.52,0.74,0.575,0.5190839694656488,0.544,0.53125,0.52,0.6699199676513672
"0,0,1,1,1,0,1,1,0,0,0,0,0,0,1,1,1,0,0,1,1",0.49,0.83,0.575,0.49110320284697506,0.552,0.519774011299435,0.49,0.6684403419494629
"0,0,0,0,1,0,1,1,0,0,1,0,1,0,0,1,0,1,1,0,1",0.52,0.74,0.575,0.521551724137931,0.484,0.5020746887966805,0.52,0.5749342441558838
"0,1,0,0,0,0,0,0,0,0,1,0,0,0,0,0,1,0,1,1,1",0.526,0.72,0.5745,0.5252918287937743,0.54,0.5325443786982249,0.526,0.578115701675415
"1,0,1,1,1,1,1,1,1,0,1,1,0,0,1,1,0,0,1,0,1",0.516,0.75,0.5745,0.5105263157894737,0.776,0.6158730158730159,0.516,0.6526634693145752
"0,0,1,1,1,0,1,0,0,0,1,0,1,1,0,0,0,1,1,0,0",0.536,0.69,0.5745,0.5218446601941747,0.86,0.649546827794562,0.536,0.5677366256713867
"0,0,1,1,1,1,0,1,1,0,0,1,0,0,1,1,0,1,1,0,1",0.516,0.75,0.5745,0.5133333333333333,0.616,0.56,0.516,0.5953421592712402
"1,1,1,0,1,1,0,0,1,0,0,1,1,0,1,1,0,1,1,0,1",0.526,0.72,0.5745,0.5247148288973384,0.552,0.5380116959064327,0.526,0.6080083847045898
"0,0,1,1,1,0,1,1,0,0,0,1,0,0,1,0,0,0,1,0,1",0.526,0.72,0.5745,0.5234657039711191,0.58,0.5502846299810247,0.526,0.5616092681884766
"0,1,1,0,0,1,1,1,0,0,0,0,0,0,1,0,0,0,1,1,1",0.506,0.78,0.5745,0.5041551246537396,0.728,0.5957446808510638,0.506,0.618781328201294
"1,0,0,1,0,1,1,0,0,0,0,1,0,1,1,0,0,1,0,1,1",0.512,0.76,0.5740000000000001,0.5125,0.492,0.5020408163265306,0.512,0.6528723239898682
"0,1,0,0,1,0,1,0,0,0,1,1,0,1,0,1,1,1,0,0,1",0.542,0.67,0.5740000000000001,0.5342019543973942,0.656,0.5888689407540395,0.542,0.576899528503418
"1,1,0,1,0,0,0,0,0,1,0,0,1,0,0,0,1,1,0,1,1",0.512,0.76,0.5740000000000001,0.5078534031413613,0.776,0.6139240506329114,0.512,0.6169326305389404
"1,1,1,1,1,0,0,0,0,0,1,0,0,1,1,1,1,1,0,1,1",0.512,0.76,0.5740000000000001,0.5085714285714286,0.712,0.5933333333333334,0.512,0.6685934066772461
"1,1,0,1,0,0,0,0,0,1,0,0,1,0,0,1,1,0,0,1,1",0.498,0.8,0.5735,0.49853372434017595,0.68,0.5752961082910322,0.498,0.5925970077514648
"0,1,1,0,1,0,1,0,1,1,1,1,1,1,1,1,1,1,0,0,1",0.508,0.77,0.5735,0.5061728395061729,0.656,0.5714285714285714,0.508,0.6129529476165771
"0,0,1,0,0,1,1,0,0,0,0,0,1,1,1,1,1,0,1,1,1",0.518,0.74,0.5735,0.51931330472103,0.484,0.5010351966873706,0.518,0.5931589603424072
"0,0,0,0,1,0,0,1,0,0,1,0,1,1,1,0,0,0,0,1,0",0.508,0.77,0.5735,0.509009009009009,0.452,0.4788135593220339,0.508,0.5492289066314697
"0,0,1,1,1,0,0,1,1,0,1,1,1,1,0,0,1,0,1,0,1",0.498,0.8,0.5735,0.4981132075471698,0.528,0.512621359223301,0.498,0.5885043144226074
"1,1,0,0,0,1,0,0,1,0,0,0,1,0,1,1,0,1,0,1,0",0.488,0.83,0.5735,0.48863636363636365,0.516,0.5019455252918288,0.488,0.567371129989624
"0,0,0,0,1,0,0,1,0,0,1,0,1,0,1,0,0,0,0,1,0",0.508,0.77,0.5735,0.509009009009009,0.452,0.4788135593220339,0.508,0.5535287857055664
"0,1,0,1,1,0,1,1,0,1,1,0,1,1,1,0,0,0,1,1,1",0.508,0.77,0.5735,0.5061728395061729,0.656,0.5714285714285714,0.508,0.6310153007507324
"1,1,0,1,1,1,0,1,0,1,1,1,1,1,1,1,0,1,1,1,0",0.528,0.71,0.5735,0.5170731707317073,0.848,0.6424242424242425,0.528,0.5855283737182617
"0,0,0,0,1,0,0,1,0,1,1,0,0,0,0,1,0,1,1,0,0",0.544,0.66,0.5730000000000001,0.535031847133758,0.672,0.5957446808510638,0.544,0.536491870880127
"0,0,0,1,0,0,1,0,0,0,1,0,0,1,1,0,1,0,0,0,0",0.544,0.66,0.5730000000000001,0.535031847133758,0.672,0.5957446808510638,0.544,0.5783331394195557
"1,0,0,0,0,1,0,0,1,0,0,0,1,0,1,1,0,1,0,0,1",0.544,0.66,0.573,0.5291005291005291,0.8,0.6369426751592356,0.544,0.5718827247619629
"0,0,1,1,1,1,0,1,1,1,1,1,0,0,1,1,1,0,0,1,0",0.504,0.78,0.573,0.5036764705882353,0.548,0.524904214559387,0.504,0.5775172710418701
"1,0,0,1,1,1,1,0,1,1,1,1,0,0,1,1,1,0,1,1,0",0.514,0.75,0.573,0.5130111524163569,0.552,0.5317919075144508,0.514,0.5643408298492432
"0,0,0,0,1,0,1,1,0,0,0,1,1,0,0,1,0,1,0,0,1",0.514,0.75,0.573,0.5110410094637224,0.648,0.5714285714285714,0.514,0.627434492111206
"0,1,1,1,1,0,0,1,0,0,1,0,0,0,0,1,1,1,1,0,0",0.524,0.72,0.573,0.5147783251231527,0.836,0.6371951219512195,0.524,0.5750718116760254
"1,1,0,1,0,0,0,0,1,1,1,0,1,1,0,0,0,1,1,1,1",0.524,0.72,0.573,0.5232558139534884,0.54,0.531496062992126,0.524,0.6045196056365967
"0,1,0,0,0,1,1,0,1,0,1,1,0,1,1,0,1,1,0,1,1",0.504,0.78,0.573,0.5053763440860215,0.376,0.43119266055045874,0.504,0.600273847579956
"1,0,1,0,1,1,0,1,1,0,1,0,1,1,1,0,0,0,1,1,1",0.49,0.82,0.5725,0.49391727493917276,0.812,0.6142208774583964,0.49000000000000005,0.5970878601074219
"0,1,0,1,0,0,0,0,0,1,1,0,0,0,0,0,0,1,0,0,0",0.54,0.67,0.5725,0.5387596899224806,0.556,0.547244094488189,0.54,0.6076765060424805
"0,1,1,0,1,0,0,0,1,1,1,0,1,1,0,0,0,0,0,1,0",0.54,0.67,0.5725,0.5235849056603774,0.888,0.658753709198813,0.54,0.570080041885376
"1,0,0,1,1,1,0,1,0,0,1,1,1,1,1,1,1,1,0,0,1",0.49,0.82,0.5725,0.49391727493917276,0.812,0.6142208774583964,0.49000000000000005,0.575023889541626
"1,0,0,0,0,1,0,0,1,1,0,0,1,0,0,1,0,0,1,1,0",0.49,0.82,0.5725,0.49266862170087977,0.672,0.5685279187817259,0.49,0.606611967086792
"0,1,0,1,0,0,1,0,1,1,0,1,0,0,1,0,1,1,0,0,1",0.516,0.74,0.5720000000000001,0.5100502512562815,0.812,0.6265432098765432,0.516,0.5549826622009277
"0,0,1,1,1,0,1,1,0,0,1,1,0,0,0,0,0,1,0,1,1",0.506,0.77,0.5720000000000001,0.5050505050505051,0.6,0.5484460694698354,0.506,0.6200406551361084
"0,0,0,0,0,1,1,1,0,1,0,1,1,0,1,1,1,1,1,1,1",0.526,0.71,0.5720000000000001,0.5177111716621253,0.76,0.6158833063209076,0.526,0.5727324485778809
"1,1,1,1,1,0,1,1,0,0,1,1,0,0,1,0,1,0,0,1,0",0.536,0.68,0.5720000000000001,0.5294117647058824,0.648,0.5827338129496403,0.536,0.6247146129608154
"0,0,0,0,0,0,0,1,1,1,0,1,1,1,0,1,1,1,0,1,1",0.506,0.77,0.5720000000000001,0.5040650406504065,0.744,0.6009693053311793,0.506,0.5977835655212402
"0,0,0,0,1,0,1,0,0,0,0,0,1,1,0,1,0,1,1,0,1",0.526,0.71,0.5720000000000001,0.515970515970516,0.84,0.639269406392694,0.526,0.6196098327636719
"1,1,0,0,0,0,0,1,1,1,1,1,0,1,1,1,0,1,1,1,0",0.496,0.8,0.5720000000000001,0.496551724137931,0.576,0.5333333333333333,0.496,0.5993990898132324
"1,0,0,1,1,1,0,0,1,0,1,1,1,0,1,0,1,0,0,1,1",0.492,0.81,0.5715,0.49230769230769234,0.512,0.5019607843137255,0.492,0.6395037174224854
"1,0,0,0,1,0,1,1,0,0,0,1,0,0,0,0,1,1,0,1,0",0.522,0.72,0.5715,0.5189003436426117,0.604,0.5582255083179297,0.522,0.5556654930114746
"0,0,1,0,1,1,0,0,0,0,1,0,1,1,1,0,0,1,1,1,0",0.482,0.84,0.5715,0.4855305466237942,0.604,0.5383244206773619,0.482,0.5846517086029053
"0,0,0,0,0,1,0,0,1,0,1,1,0,0,0,0,1,0,1,1,0",0.512,0.75,0.5715,0.5115384615384615,0.532,0.5215686274509804,0.512,0.5714681148529053
"1,1,0,1,1,0,0,1,0,0,1,1,1,1,0,1,0,1,0,0,0",0.508,0.76,0.571,0.5089285714285714,0.456,0.4810126582278481,0.508,0.5907855033874512
"1,1,1,0,1,0,0,1,0,0,1,1,0,0,1,1,1,0,0,1,0",0.518,0.73,0.571,0.513677811550152,0.676,0.5837651122625216,0.518,0.6018292903900146
"0,0,1,1,0,0,0,1,1,0,1,0,0,0,1,0,1,0,1,1,0",0.524,0.71,0.5705,0.5260869565217391,0.484,0.5041666666666667,0.524,0.616058349609375
"0,1,0,0,0,0,1,1,0,0,1,0,1,0,1,1,0,1,0,0,1",0.514,0.74,0.5705,0.5080831408775982,0.88,0.6442166910688141,0.514,0.5853931903839111
"0,0,0,0,1,0,1,1,0,0,0,1,0,0,0,0,1,1,1,1,0",0.52,0.72,0.5700000000000001,0.5127551020408163,0.804,0.6261682242990654,0.52,0.5730836391448975
"1,1,0,1,0,0,0,0,0,1,0,0,1,0,0,0,1,1,0,0,1",0.51,0.75,0.5700000000000001,0.5063938618925832,0.792,0.6177847113884556,0.51,0.5918433666229248
"1,0,0,0,0,0,1,0,0,1,0,1,1,0,0,0,0,1,0,1,1",0.5,0.78,0.5700000000000001,0.5,0.528,0.5136186770428015,0.5,0.6081893444061279
"0,0,1,0,0,0,1,1,0,1,1,0,1,0,1,0,1,1,0,1,1",0.5,0.78,0.5700000000000001,0.5,0.216,0.3016759776536313,0.5,0.6422531604766846
"0,0,0,0,1,0,1,1,0,0,0,1,0,0,0,0,0,1,0,1,0",0.52,0.72,0.5700000000000001,0.5127551020408163,0.804,0.6261682242990654,0.52,0.586308479309082
"1,1,0,1,0,0,1,1,0,1,0,0,0,0,1,1,0,1,0,1,1",0.52,0.72,0.5700000000000001,0.5160256410256411,0.644,0.5729537366548043,0.52,0.6328315734863281
"0,0,1,1,1,0,1,1,1,1,0,1,1,0,0,0,0,1,1,1,0",0.51,0.75,0.5700000000000001,0.506631299734748,0.764,0.6092503987240829,0.51,0.616204023361206
"1,0,0,1,1,0,0,1,0,0,1,0,0,1,1,0,0,1,1,0,0",0.52,0.72,0.5700000000000001,0.5140449438202247,0.732,0.6039603960396039,0.52,0.5456032752990723
"0,0,0,0,1,0,1,1,0,0,0,1,0,1,0,0,0,1,1,1,0",0.52,0.72,0.5700000000000001,0.5127551020408163,0.804,0.6261682242990654,0.52,0.5892455577850342
"0,0,0,0,0,1,0,0,0,0,1,0,1,1,0,1,0,1,1,0,1",0.516,0.73,0.5695,0.5115606936416185,0.708,0.5939597315436241,0.516,0.656043529510498
"1,0,0,1,0,1,1,0,0,1,0,1,1,0,1,0,0,0,0,0,1",0.516,0.73,0.5695,0.5112359550561798,0.728,0.6006600660066007,0.516,0.592165470123291
"1,0,1,0,0,1,1,0,1,0,0,0,0,1,1,0,1,0,1,1,0",0.516,0.73,0.5695,0.5112359550561798,0.728,0.6006600660066007,0.516,0.590470552444458
"0,0,0,0,1,0,0,0,1,1,1,1,0,0,1,0,0,0,1,0,0",0.516,0.73,0.5695,0.5136986301369864,0.6,0.5535055350553506,0.516,0.5300822257995605
"1,1,1,1,1,1,1,0,1,1,1,0,0,1,0,0,0,1,0,1,1",0.526,0.7,0.5695,0.5231316725978647,0.588,0.5536723163841808,0.526,0.6079673767089844
"0,0,1,1,0,0,0,0,0,0,0,1,0,0,0,0,1,1,0,0,1",0.506,0.76,0.5695,0.5061224489795918,0.496,0.501010101010101,0.506,0.5460901260375977
"0,0,0,1,0,0,0,0,1,1,1,0,0,0,1,1,1,0,1,0,0",0.516,0.73,0.5695,0.5136986301369864,0.6,0.5535055350553506,0.516,0.5254683494567871
"0,0,0,0,0,1,0,0,0,0,1,1,1,0,1,0,0,1,1,0,1",0.492,0.8,0.569,0.49421965317919075,0.684,0.5738255033557047,0.492,0.5653641223907471
"0,0,0,0,0,0,1,0,1,0,0,1,1,1,0,1,0,0,1,1,1",0.522,0.71,0.569,0.5307262569832403,0.38,0.4428904428904429,0.522,0.5920712947845459
"0,1,0,0,0,0,1,1,0,0,1,0,1,0,0,1,0,1,0,1,1",0.498,0.78,0.5685,0.49878934624697335,0.824,0.6214177978883861,0.498,0.6103332042694092
"1,0,1,0,1,1,1,0,0,0,1,1,1,0,0,0,0,0,0,1,1",0.478,0.84,0.5685,0.484149855907781,0.672,0.5628140703517588,0.478,0.5693564414978027
"0,0,1,1,1,1,1,0,0,0,1,1,0,1,1,1,1,1,1,1,1",0.518,0.72,0.5685,0.5306122448979592,0.312,0.3929471032745592,0.518,0.5953998565673828
"0,1,1,1,1,0,1,1,0,0,1,0,1,0,0,0,1,0,1,1,0",0.508,0.75,0.5685,0.5057803468208093,0.7,0.587248322147651,0.508,0.637822151184082
"1,0,0,0,0,1,0,0,0,1,1,0,1,1,0,1,0,1,0,1,1",0.528,0.69,0.5685,0.519774011299435,0.736,0.609271523178808,0.528,0.6245129108428955
"0,0,0,0,1,0,1,1,0,0,1,0,1,0,1,0,0,0,0,1,1",0.518,0.72,0.5685,0.5115681233933161,0.796,0.622848200312989,0.518,0.5664093494415283
"1,0,1,1,1,0,1,1,1,1,1,0,1,1,0,1,0,1,0,1,0",0.498,0.78,0.5685,0.4980237154150198,0.504,0.5009940357852882,0.498,0.6315410137176514
"1,0,0,1,1,0,1,1,1,0,0,0,1,0,1,0,1,1,1,0,0",0.518,0.72,0.5685,0.5135135135135135,0.684,0.5866209262435678,0.518,0.5762159824371338
"0,1,0,0,1,0,0,1,1,1,0,0,1,1,0,1,1,1,1,0,0",0.534,0.67,0.5680000000000001,0.5402843601895735,0.456,0.4945770065075922,0.534,0.5526866912841797
"0,1,1,0,0,0,1,0,1,1,0,0,0,1,0,0,0,0,1,1,0",0.534,0.67,0.5680000000000001,0.5402843601895735,0.456,0.4945770065075922,0.534,0.5879831314086914
"0,1,0,1,0,1,1,1,1,1,1,1,1,1,1,0,0,1,0,1,1",0.484,0.82,0.5680000000000001,0.4855072463768116,0.536,0.5095057034220533,0.484,0.5941076278686523
"1,0,1,1,1,1,0,0,1,1,1,1,1,0,0,0,1,0,1,1,1",0.504,0.76,0.5680000000000001,0.5023923444976076,0.84,0.6287425149700598,0.504,0.6300299167633057
"1,0,1,1,0,0,0,0,0,0,1,0,1,1,0,0,0,0,1,0,1",0.494,0.79,0.5680000000000001,0.4959349593495935,0.732,0.5912762520193862,0.494,0.6209850311279297
"0,0,0,0,1,1,0,1,1,1,0,0,1,0,0,1,0,0,0,1,0",0.484,0.82,0.5680000000000001,0.4801980198019802,0.388,0.42920353982300885,0.484,0.5943844318389893
"0,1,1,0,0,1,0,1,0,1,1,0,1,1,0,1,1,0,1,1,1",0.52,0.71,0.5675,0.5119617224880383,0.856,0.6407185628742516,0.52,0.578411340713501
"1,1,0,1,0,1,1,0,1,1,1,0,0,1,1,1,1,0,1,1,1",0.49,0.8,0.5675,0.49169435215946844,0.592,0.5372050816696915,0.49,0.6477856636047363
"0,0,0,0,1,1,1,1,0,1,1,0,1,1,1,0,1,1,1,1,1",0.49,0.8,0.5675,0.4909090909090909,0.54,0.5142857142857142,0.49,0.613405704498291
"1,1,1,0,0,0,0,0,1,1,1,0,0,1,1,0,0,1,0,1,0",0.51,0.74,0.5675,0.5092250922509225,0.552,0.5297504798464492,0.51,0.5878498554229736
"1,1,1,0,0,1,1,1,0,0,1,0,1,1,1,0,1,0,1,0,0",0.5,0.77,0.5675,0.5,0.724,0.5915032679738562,0.5,0.5696589946746826
"0,0,1,1,1,0,1,1,0,0,1,1,0,0,0,0,0,0,0,1,1",0.546,0.63,0.5670000000000001,0.5301837270341208,0.808,0.6402535657686212,0.546,0.5631427764892578
"0,0,1,1,1,1,0,0,1,0,1,0,0,1,1,0,0,1,0,1,0",0.506,0.75,0.567,0.5051903114186851,0.584,0.5417439703153989,0.506,0.6107127666473389
"0,0,0,0,1,0,1,1,1,1,0,1,1,0,1,0,0,0,1,1,0",0.516,0.72,0.567,0.5131578947368421,0.624,0.5631768953068592,0.516,0.5646450519561768
"1,1,0,0,0,0,0,0,0,0,1,0,1,1,0,1,0,1,1,0,1",0.496,0.78,0.567,0.4966887417218543,0.6,0.5434782608695652,0.496,0.6032650470733643
"0,0,0,0,1,1,1,0,1,0,1,1,0,1,1,1,1,1,1,1,0",0.496,0.78,0.567,0.4967532467532468,0.612,0.5483870967741935,0.496,0.580909252166748
"0,0,0,0,1,0,1,1,1,1,0,1,1,0,1,0,1,0,1,1,0",0.516,0.72,0.567,0.5131578947368421,0.624,0.5631768953068592,0.516,0.5504398345947266
"0,1,1,1,1,1,1,1,1,0,0,1,1,0,0,0,0,1,1,1,1",0.506,0.75,0.567,0.5038560411311054,0.784,0.6134585289514867,0.506,0.6316637992858887
"0,1,1,1,1,1,0,1,0,0,1,0,1,1,0,1,1,1,1,1,0",0.496,0.78,0.567,0.4973544973544973,0.752,0.5987261146496815,0.496,0.5720231533050537
"1,0,1,1,0,1,1,1,0,1,1,1,1,1,1,1,0,1,1,0,0",0.502,0.76,0.5665,0.5016077170418006,0.624,0.5561497326203209,0.502,0.6221494674682617
"0,1,1,0,1,0,1,0,1,0,0,1,0,0,0,1,1,1,0,0,0",0.502,0.76,0.5665,0.5015873015873016,0.632,0.5592920353982301,0.502,0.5590925216674805
"0,0,0,0,0,1,1,1,1,1,0,1,1,1,0,1,1,1,0,0,1",0.502,0.76,0.5665,0.5015290519877675,0.656,0.5684575389948007,0.502,0.576695442199707
"1,0,0,0,1,0,0,0,1,0,1,1,0,0,0,1,1,1,0,1,0",0.522,0.7,0.5665,0.5333333333333333,0.352,0.42409638554216866,0.522,0.6320774555206299
"0,0,1,1,1,1,1,0,0,0,1,1,0,1,1,1,1,1,0,1,0",0.512,0.73,0.5665,0.5205479452054794,0.304,0.3838383838383838,0.512,0.6298272609710693
"0,0,1,1,1,1,1,0,0,0,1,1,0,1,1,1,1,1,1,1,0",0.512,0.73,0.5665,0.5205479452054794,0.304,0.3838383838383838,0.512,0.6113340854644775
"0,1,0,0,0,0,1,0,1,1,0,1,0,1,0,0,0,1,1,1,1",0.482,0.82,0.5665,0.4816326530612245,0.472,0.4767676767676768,0.482,0.5714700222015381
"0,1,1,1,0,0,1,0,1,1,0,1,0,0,0,1,1,1,1,0,0",0.502,0.76,0.5665,0.5015873015873016,0.632,0.5592920353982301,0.502,0.5634603500366211
"1,0,0,0,1,0,1,1,1,1,1,1,1,1,1,0,0,0,0,1,0",0.508,0.74,0.5660000000000001,0.505524861878453,0.732,0.5980392156862745,0.508,0.6297330856323242
"1,1,1,1,1,1,1,1,0,0,1,1,0,0,0,0,1,1,1,1,0",0.508,0.74,0.5660000000000001,0.5051020408163265,0.792,0.616822429906542,0.508,0.5745129585266113
"1,1,1,0,0,1,0,1,1,1,0,1,0,1,0,0,1,1,1,1,0",0.508,0.74,0.5660000000000001,0.506993006993007,0.58,0.5410447761194029,0.508,0.6124129295349121
"1,1,0,0,1,1,0,1,1,1,1,0,0,1,0,1,0,1,1,1,0",0.508,0.74,0.5660000000000001,0.5065359477124183,0.62,0.5575539568345323,0.508,0.5930972099304199
"1,1,1,0,1,1,0,0,0,1,0,0,1,0,0,0,1,0,1,1,0",0.528,0.68,0.5660000000000001,0.5151515151515151,0.952,0.6685393258426966,0.528,0.5907373428344727
"1,1,0,1,1,1,1,0,1,0,0,0,1,1,1,0,0,1,1,1,0",0.508,0.74,0.5660000000000001,0.5046296296296297,0.872,0.6392961876832844,0.508,0.572608470916748
"0,1,1,1,1,0,0,1,0,1,0,1,0,0,1,1,0,1,1,0,1",0.498,0.77,0.5660000000000001,0.497907949790795,0.476,0.4867075664621677,0.498,0.6531980037689209
"0,0,1,0,0,1,1,0,1,1,0,1,1,0,1,0,0,0,1,1,1",0.494,0.78,0.5655,0.4933920704845815,0.448,0.469601677148847,0.494,0.6077876091003418
"0,0,0,1,0,0,1,0,0,1,0,1,0,1,1,0,0,1,0,1,0",0.504,0.75,0.5655,0.5034965034965035,0.576,0.5373134328358209,0.504,0.6168797016143799
"0,0,1,0,0,0,1,0,1,1,0,1,1,1,1,0,1,1,1,1,1",0.514,0.72,0.5655,0.508274231678487,0.86,0.6389301634472511,0.514,0.6401641368865967
"1,0,1,0,0,0,0,1,0,1,1,0,1,0,1,0,0,0,1,1,1",0.514,0.72,0.5655,0.5126353790613718,0.568,0.538899430740038,0.514,0.5994350910186768
"1,1,0,0,1,0,1,0,0,0,1,0,1,1,0,0,1,1,1,0,0",0.51,0.73,0.565,0.5073313782991202,0.692,0.5854483925549916,0.51,0.5610520839691162
"0,0,0,0,0,0,1,0,1,0,1,1,1,0,0,0,0,1,1,1,0",0.49,0.79,0.565,0.49279538904899134,0.684,0.5728643216080402,0.49,0.5627470016479492
"0,1,0,0,0,1,0,0,0,0,1,1,0,0,1,0,1,1,1,1,1",0.52,0.7,0.565,0.5123762376237624,0.828,0.6330275229357798,0.52,0.5916681289672852
"1,1,0,0,1,0,1,0,0,1,0,1,0,1,0,1,0,0,1,0,1",0.526,0.68,0.5645,0.518005540166205,0.748,0.6121112929623568,0.526,0.6583008766174316
"1,0,0,0,1,0,1,0,1,1,0,1,1,0,1,0,1,1,1,0,0",0.496,0.77,0.5645,0.4956140350877193,0.452,0.47280334728033474,0.496,0.5681300163269043
"0,1,0,0,1,0,1,0,1,1,0,0,1,0,1,0,0,0,1,1,0",0.486,0.8,0.5645,0.48788927335640137,0.564,0.5231910946196661,0.486,0.597113847732544
"0,1,0,1,0,1,1,1,0,0,1,0,1,1,0,0,0,0,0,1,1",0.486,0.8,0.5645,0.48985507246376814,0.676,0.5680672268907563,0.486,0.5777790546417236
"1,0,0,1,1,1,1,1,0,1,1,0,0,1,0,0,1,1,1,1,0",0.512,0.72,0.5640000000000001,0.5132743362831859,0.464,0.48739495798319327,0.512,0.5802197456359863
"0,0,1,0,0,0,1,0,1,1,0,0,0,1,1,1,0,1,0,0,0",0.512,0.72,0.5640000000000001,0.507177033492823,0.848,0.6347305389221557,0.512,0.5522887706756592
"1,0,0,1,0,0,0,0,0,0,0,0,0,1,0,0,0,1,0,1,0",0.522,0.69,0.5640000000000001,0.5120350109409191,0.936,0.6619519094766619,0.522,0.5901644229888916
"0,1,1,1,0,1,0,0,0,0,1,1,1,1,0,1,1,1,1,1,0",0.502,0.75,0.5640000000000001,0.5021097046413502,0.476,0.4887063655030801,0.502,0.5597610473632812
"1,1,1,1,0,0,0,0,1,0,0,0,1,1,0,1,1,0,1,0,1",0.492,0.78,0.5640000000000001,0.4940119760479042,0.66,0.565068493150685,0.492,0.6276428699493408
"1,1,1,0,0,0,0,0,0,0,0,1,0,1,0,1,1,1,0,0,0",0.522,0.69,0.5640000000000001,0.5171339563862928,0.664,0.5814360770577933,0.522,0.5655643939971924
"0,1,1,1,0,0,0,1,1,1,0,1,0,0,0,0,1,1,1,1,0",0.518,0.7,0.5635,0.5146579804560261,0.632,0.5673249551166966,0.518,0.6320829391479492
"0,1,1,1,0,0,0,0,0,0,1,0,0,0,1,1,1,1,0,0,1",0.498,0.76,0.5635,0.4984025559105431,0.624,0.5541740674955595,0.498,0.5992674827575684
"1,0,0,1,1,0,1,1,0,0,0,1,0,1,1,1,1,1,1,1,1",0.478,0.82,0.5635,0.48307692307692307,0.628,0.5460869565217391,0.478,0.6436953544616699
"0,1,1,1,1,1,0,1,1,0,0,1,0,0,1,1,1,1,0,1,0",0.508,0.73,0.5635,0.5042553191489362,0.948,0.6583333333333333,0.508,0.5695297718048096
"0,1,0,1,0,0,1,0,0,0,1,0,1,1,1,1,0,1,1,1,1",0.508,0.73,0.5635,0.5053191489361702,0.76,0.6070287539936102,0.508,0.6068246364593506
"1,0,1,0,0,0,0,0,1,1,0,0,1,0,1,1,0,1,0,0,1",0.498,0.76,0.5635,0.4983922829581994,0.62,0.5525846702317291,0.498,0.6260874271392822
"0,0,0,0,0,1,0,1,0,0,1,1,1,0,1,0,1,0,1,0,1",0.468,0.85,0.5635,0.46190476190476193,0.388,0.4217391304347826,0.468,0.6289939880371094
"1,1,1,0,1,0,0,0,0,1,1,1,1,0,1,1,1,1,1,0,0",0.538,0.64,0.5635,0.5418502202643172,0.492,0.5157232704402516,0.538,0.6028492450714111
"0,0,1,1,0,1,1,0,0,0,1,0,1,1,1,1,1,1,1,1,1",0.508,0.73,0.5635,0.5052356020942408,0.772,0.6107594936708861,0.508,0.6519153118133545
"0,0,0,0,0,0,0,0,1,0,0,0,0,0,1,0,1,1,1,1,1",0.478,0.82,0.5635,0.48253968253968255,0.608,0.5380530973451327,0.478,0.6070418357849121
"1,1,1,0,0,0,0,0,0,1,0,0,0,1,1,1,1,0,0,1,0",0.504,0.74,0.563,0.503731343283582,0.54,0.5212355212355212,0.504,0.560291051864624
"1,0,0,0,1,0,1,1,1,1,0,0,1,0,0,1,0,0,0,0,1",0.524,0.68,0.563,0.5252100840336135,0.5,0.5122950819672131,0.524,0.5671560764312744
"0,0,1,1,1,0,1,1,1,0,0,1,1,0,0,1,0,1,0,0,1",0.52,0.69,0.5625,0.5173611111111112,0.596,0.5539033457249071,0.52,0.5861396789550781
"1,0,0,1,0,0,1,0,0,0,0,1,0,0,1,1,0,0,1,0,0",0.49,0.78,0.5625,0.49070631970260226,0.528,0.5086705202312138,0.49,0.5705399513244629
"0,0,1,0,0,1,0,0,0,1,1,0,1,0,1,1,0,1,1,0,1",0.48,0.81,0.5625,0.48554913294797686,0.672,0.5637583892617449,0.48,0.5927152633666992
"1,0,0,1,1,1,0,1,1,0,0,0,1,0,0,1,0,0,0,1,0",0.5,0.75,0.5625,0.5,0.732,0.5941558441558441,0.5,0.6430549621582031
"0,0,0,0,1,0,0,0,1,0,1,1,1,1,0,0,1,1,1,1,1",0.5,0.75,0.5625,0.5,0.684,0.5777027027027027,0.5,0.6475546360015869
"0,1,1,0,1,0,1,1,1,0,0,1,0,1,1,1,0,1,1,1,1",0.51,0.72,0.5625,0.5061425061425061,0.824,0.6270928462709284,0.51,0.5913076400756836
"1,1,1,1,0,1,0,1,0,1,1,1,0,0,1,0,0,0,0,0,1",0.51,0.72,0.5625,0.5062034739454094,0.816,0.6248085758039816,0.51,0.5969276428222656
"1,1,0,1,1,0,1,0,1,0,1,1,1,1,1,1,1,1,1,1,0",0.516,0.7,0.562,0.5116279069767442,0.704,0.5925925925925926,0.516,0.5960290431976318
"0,1,1,0,1,0,0,1,0,1,1,0,0,1,1,1,0,0,0,0,0",0.486,0.79,0.562,0.4896142433234421,0.66,0.5621805792163543,0.486,0.561589241027832
"1,1,0,0,0,0,0,1,0,0,1,1,1,1,1,0,1,1,1,1,0",0.536,0.64,0.562,0.5441176470588235,0.444,0.4889867841409692,0.536,0.5790114402770996
"0,0,1,0,0,0,1,1,0,1,0,1,1,0,1,1,0,1,1,0,1",0.486,0.79,0.562,0.47953216374269003,0.328,0.38954869358669836,0.486,0.613675594329834
"0,0,0,1,0,1,0,1,0,0,0,0,0,0,1,0,1,0,1,1,1",0.476,0.82,0.562,0.4822485207100592,0.652,0.5544217687074829,0.476,0.5919992923736572
"1,0,0,0,1,0,1,1,1,1,1,0,1,1,0,1,1,0,0,1,1",0.536,0.64,0.562,0.5428571428571428,0.456,0.4956521739130435,0.536,0.6199448108673096
"0,1,1,0,1,0,0,0,0,0,1,1,1,0,1,0,1,0,0,0,0",0.486,0.79,0.562,0.4896142433234421,0.66,0.5621805792163543,0.486,0.5714602470397949
"1,1,1,1,1,0,0,1,0,1,1,1,1,0,1,1,0,0,1,0,0",0.496,0.76,0.562,0.49666666666666665,0.596,0.5418181818181819,0.496,0.5741486549377441
"1,1,1,0,1,0,0,0,1,0,0,0,1,0,1,1,0,1,0,0,1",0.506,0.73,0.562,0.5063291139240507,0.48,0.4928131416837782,0.506,0.5718004703521729
"1,0,1,0,1,0,1,0,1,0,0,1,1,0,1,0,0,0,0,0,1",0.512,0.71,0.5615,0.5102739726027398,0.596,0.5498154981549815,0.512,0.584357738494873
"1,1,0,0,1,0,1,0,0,1,0,1,1,0,1,0,0,1,0,1,1",0.492,0.77,0.5615,0.4925925925925926,0.532,0.5115384615384615,0.492,0.5997908115386963
"0,1,1,1,0,0,0,1,0,0,1,1,1,0,1,0,0,0,0,1,0",0.482,0.8,0.5615,0.48514851485148514,0.588,0.5316455696202531,0.482,0.5337209701538086
"1,1,1,1,1,1,1,1,0,0,0,0,1,0,0,0,1,1,0,1,1",0.512,0.71,0.5615,0.5084745762711864,0.72,0.5960264900662252,0.512,0.5878605842590332
"1,0,0,0,1,0,1,1,0,0,1,0,1,0,1,0,0,0,0,1,0",0.512,0.71,0.5615,0.512396694214876,0.496,0.5040650406504065,0.512,0.5916416645050049
"1,0,1,1,0,0,0,0,1,0,1,1,1,0,0,1,1,1,0,1,1",0.462,0.86,0.5615,0.468013468013468,0.556,0.5082266910420475,0.462,0.5663580894470215
"0,0,0,0,0,0,0,1,1,1,0,1,1,1,1,1,0,0,1,0,1",0.482,0.8,0.5615,0.4826254826254826,0.5,0.4911591355599214,0.482,0.6075761318206787
"1,0,1,0,0,0,0,0,1,1,0,0,1,0,0,1,0,0,1,0,1",0.492,0.77,0.5615,0.4927007299270073,0.54,0.5152671755725191,0.492,0.6069855690002441
"0,0,0,0,1,0,0,0,0,1,1,0,0,1,0,1,0,1,0,0,0",0.498,0.75,0.5609999999999999,0.49834983498349833,0.604,0.546112115732369,0.498,0.5862326622009277
"1,1,1,0,1,0,0,0,1,1,1,0,0,1,1,1,0,1,0,0,1",0.508,0.72,0.5609999999999999,0.5080645161290323,0.504,0.5060240963855421,0.508,0.5659346580505371
"1,0,1,0,1,1,1,0,0,0,0,1,0,1,0,0,1,0,1,1,1",0.498,0.75,0.5609999999999999,0.4976303317535545,0.42,0.455531453362256,0.498,0.5757400989532471
"1,0,0,1,0,0,1,1,0,0,0,1,0,1,0,1,0,1,1,0,1",0.518,0.69,0.5609999999999999,0.5207373271889401,0.452,0.48394004282655245,0.518,0.6313056945800781
"1,0,1,1,0,1,0,0,0,0,0,0,0,0,1,0,0,0,0,0,1",0.508,0.72,0.5609999999999999,0.5057142857142857,0.708,0.59,0.508,0.5861873626708984
"0,0,0,0,1,0,0,1,0,0,1,1,1,0,1,0,0,1,1,1,1",0.488,0.78,0.5609999999999999,0.49019607843137253,0.6,0.539568345323741,0.488,0.5952672958374023
"0,1,1,1,0,0,0,0,1,1,1,1,1,1,1,0,0,0,1,1,0",0.518,0.69,0.5609999999999999,0.5100222717149221,0.916,0.6552217453505007,0.518,0.580723762512207
"1,0,0,0,0,1,1,1,1,0,0,1,0,0,0,1,0,1,0,0,0",0.498,0.75,0.5609999999999999,0.49836065573770494,0.608,0.5477477477477477,0.498,0.5876452922821045
"1,1,1,0,0,1,1,1,1,1,1,0,0,0,1,0,0,0,0,1,1",0.508,0.72,0.5609999999999999,0.5054945054945055,0.736,0.5993485342019544,0.508,0.5777411460876465
"1,1,0,1,1,0,0,0,1,0,0,0,0,0,0,1,0,1,1,1,0",0.498,0.75,0.5609999999999999,0.49707602339181284,0.34,0.40380047505938244,0.498,0.5663893222808838
"1,1,0,1,1,0,1,1,0,1,1,1,0,0,0,1,1,1,0,0,0",0.518,0.69,0.5609999999999999,0.5223880597014925,0.42,0.4656319290465632,0.518,0.5593862533569336
"0,0,0,0,1,0,1,1,0,0,1,0,1,1,1,0,0,0,0,0,1",0.488,0.78,0.5609999999999999,0.4846938775510204,0.38,0.4260089686098655,0.488,0.5737314224243164
"1,0,0,0,0,0,1,1,0,0,1,0,0,1,0,0,1,0,1,0,1",0.494,0.76,0.5605,0.495114006514658,0.608,0.5457809694793537,0.494,0.5739214420318604
"1,0,1,0,1,0,0,1,1,1,1,0,1,1,0,0,0,1,0,0,0",0.524,0.67,0.5605,0.5173410404624278,0.716,0.6006711409395973,0.524,0.5301840305328369
"1,1,0,0,1,1,0,0,0,0,1,1,1,1,0,1,1,0,1,1,1",0.474,0.82,0.5605,0.47766323024054985,0.556,0.5138632162661737,0.47400000000000003,0.6614851951599121
"1,1,0,1,1,0,1,0,1,1,1,0,0,0,1,1,1,0,0,0,0",0.524,0.67,0.5605,0.5173410404624278,0.716,0.6006711409395973,0.524,0.5732481479644775
"0,0,1,0,0,0,0,0,1,0,1,1,1,1,1,0,1,0,1,0,1",0.494,0.76,0.5605,0.49491525423728816,0.584,0.5357798165137615,0.494,0.6116311550140381
"1,0,1,1,1,0,0,1,0,1,1,0,0,0,0,0,1,1,0,0,0",0.524,0.67,0.5605,0.5173410404624278,0.716,0.6006711409395973,0.524,0.535757303237915
"0,0,0,0,1,0,0,0,0,0,1,0,1,0,1,0,0,0,0,1,0",0.49,0.77,0.56,0.4908424908424908,0.536,0.5124282982791587,0.49,0.545159101486206
"0,0,1,0,1,1,1,0,1,1,1,1,0,0,1,1,1,0,0,0,1",0.48,0.8,0.56,0.48299319727891155,0.568,0.5220588235294118,0.48,0.5719761848449707
"1,1,1,1,0,0,0,0,0,1,0,0,1,1,1,1,1,0,1,1,1",0.5,0.74,0.56,0.5,0.804,0.6165644171779141,0.5,0.6423914432525635
"0,0,0,0,1,0,1,0,0,0,0,0,0,0,1,0,0,0,1,0,1",0.49,0.77,0.56,0.4928774928774929,0.692,0.5757071547420965,0.49,0.561025857925415
"0,0,0,0,1,0,0,0,0,0,1,0,1,0,1,0,0,0,1,1,0",0.49,0.77,0.56,0.4908424908424908,0.536,0.5124282982791587,0.49,0.5626347064971924
"0,1,1,0,1,0,1,0,0,1,1,1,0,1,0,0,1,0,0,1,1",0.48,0.8,0.56,0.4798387096774194,0.476,0.4779116465863454,0.48,0.6284141540527344
"0,0,0,1,0,0,0,0,0,0,1,0,1,1,1,0,0,0,0,0,1",0.49,0.77,0.56,0.4908424908424908,0.536,0.5124282982791587,0.49,0.5407562255859375
"0,1,0,0,1,0,1,1,1,1,0,1,1,0,0,1,0,1,0,0,1",0.51,0.71,0.56,0.5058823529411764,0.86,0.6370370370370371,0.51,0.5664618015289307
"1,1,1,0,1,1,1,0,0,0,0,1,1,1,1,1,1,1,0,0,0",0.506,0.72,0.5595,0.5034642032332564,0.872,0.6383601756954612,0.506,0.6689367294311523
"0,1,0,0,0,1,0,0,1,1,1,0,0,1,1,0,1,0,1,1,0",0.526,0.66,0.5595,0.5176151761517616,0.764,0.617124394184168,0.526,0.5671968460083008
"0,0,0,0,1,1,0,1,0,1,1,0,0,1,1,1,1,0,1,0,1",0.466,0.84,0.5595,0.46863468634686345,0.508,0.4875239923224568,0.46599999999999997,0.6003363132476807
"0,0,0,0,1,0,0,0,0,0,1,0,1,0,0,0,0,1,1,0,1",0.496,0.75,0.5595,0.4961832061068702,0.52,0.5078125,0.496,0.5952377319335938
"1,1,1,0,0,1,1,1,1,1,0,0,0,1,0,1,1,1,0,1,0",0.496,0.75,0.5595,0.4950980392156863,0.404,0.44493392070484583,0.496,0.5780556201934814
"0,1,0,1,0,1,0,1,1,1,0,1,0,1,0,0,1,0,1,0,1",0.496,0.75,0.5595,0.49728260869565216,0.732,0.5922330097087378,0.496,0.618436336517334
"0,0,0,0,1,0,1,1,1,1,1,1,0,0,1,1,1,0,0,1,1",0.486,0.78,0.5595,0.48523206751054854,0.46,0.4722792607802875,0.486,0.6080875396728516
"1,0,1,0,0,0,1,0,0,0,1,0,1,1,0,0,0,1,1,1,0",0.506,0.72,0.5595,0.5054151624548736,0.56,0.5313092979127134,0.506,0.6155440807342529
"1,1,1,0,0,1,1,1,0,1,0,0,1,0,0,1,1,1,0,0,1",0.496,0.75,0.5595,0.4950980392156863,0.404,0.44493392070484583,0.496,0.5670430660247803
"1,1,1,0,1,0,1,0,1,0,1,0,0,1,1,0,1,0,0,0,0",0.492,0.76,0.5589999999999999,0.4929078014184397,0.556,0.5225563909774437,0.492,0.584348201751709
"0,1,0,0,1,0,1,1,0,0,1,0,1,1,0,1,0,0,0,0,0",0.512,0.7,0.5589999999999999,0.5166666666666667,0.372,0.4325581395348837,0.512,0.5438930988311768
"1,1,1,0,1,1,1,1,0,1,0,0,1,0,1,0,0,0,1,1,0",0.482,0.79,0.5589999999999999,0.4883720930232558,0.756,0.5934065934065934,0.482,0.591728687286377
"1,1,1,0,1,0,1,0,0,1,1,0,1,1,1,0,0,0,1,0,1",0.512,0.7,0.5589999999999999,0.5090361445783133,0.676,0.5807560137457045,0.512,0.6194872856140137
"0,0,1,0,1,0,1,1,0,1,1,0,1,0,0,0,0,0,0,0,0",0.512,0.7,0.5589999999999999,0.5166666666666667,0.372,0.4325581395348837,0.512,0.541111946105957
"1,0,1,1,0,0,0,1,0,1,0,0,1,0,1,0,1,1,0,1,0",0.498,0.74,0.5585,0.49876543209876545,0.808,0.616793893129771,0.498,0.6432864665985107
"1,1,0,0,1,1,1,0,0,0,1,1,1,1,0,0,1,1,0,0,0",0.508,0.71,0.5585,0.5084745762711864,0.48,0.49382716049382713,0.508,0.5595722198486328
"0,0,0,0,0,0,0,0,1,0,1,0,1,1,1,0,0,0,1,0,1",0.488,0.77,0.5585,0.48255813953488375,0.332,0.3933649289099526,0.488,0.5662713050842285
"1,0,1,0,0,0,1,1,0,1,0,1,1,1,0,0,1,1,1,0,0",0.518,0.68,0.5585,0.5176470588235295,0.528,0.5227722772277228,0.518,0.5967996120452881
"0,1,1,0,1,0,0,0,1,0,0,0,0,1,1,0,0,1,0,1,1",0.498,0.74,0.5585,0.4984520123839009,0.644,0.5619546247818499,0.498,0.5949010848999023
"0,0,0,0,0,0,1,0,0,0,1,1,0,1,1,0,1,0,1,0,1",0.488,0.77,0.5585,0.4879032258064516,0.484,0.4859437751004016,0.488,0.5474505424499512
"0,0,0,0,1,0,1,0,0,1,1,0,1,1,0,1,0,1,1,0,1",0.518,0.68,0.5585,0.5119363395225465,0.772,0.6156299840510366,0.518,0.5970582962036133
"1,0,1,1,1,1,0,0,1,0,0,1,0,0,0,0,1,1,1,1,0",0.528,0.65,0.5585,0.5168269230769231,0.86,0.6456456456456456,0.528,0.6059060096740723
"0,0,1,0,1,0,0,0,0,0,0,0,1,0,0,0,1,0,1,1,1",0.478,0.8,0.5585,0.4797047970479705,0.52,0.4990403071017274,0.478,0.5845370292663574
"1,1,1,0,0,1,0,0,0,0,0,1,0,1,0,1,0,0,1,0,1",0.484,0.78,0.558,0.48823529411764705,0.664,0.5627118644067797,0.484,0.6123626232147217
"1,0,0,0,0,0,0,0,0,1,1,1,1,1,1,0,1,0,1,0,0",0.494,0.75,0.558,0.49508196721311476,0.604,0.5441441441441441,0.494,0.5921125411987305
"1,0,1,1,1,0,1,1,1,0,0,1,1,1,1,0,1,1,0,0,1",0.514,0.69,0.558,0.5193370165745856,0.376,0.4361948955916473,0.514,0.5794968605041504
"1,0,0,0,0,0,0,0,1,1,1,0,1,1,1,0,1,1,1,1,0",0.51,0.7,0.5575,0.5068493150684932,0.74,0.6016260162601627,0.51,0.6159799098968506
"0,0,1,0,0,1,1,0,1,0,1,0,0,1,1,1,0,1,0,0,1",0.46,0.85,0.5575,0.46688741721854304,0.564,0.5108695652173914,0.45999999999999996,0.6362848281860352
"0,0,0,0,1,0,0,1,1,1,0,1,0,1,0,1,0,1,0,0,1",0.49,0.76,0.5575,0.4915254237288136,0.58,0.5321100917431193,0.49,0.6163382530212402
"0,0,1,0,0,0,0,0,0,1,1,1,1,0,1,0,0,1,0,0,0",0.51,0.7,0.5575,0.5062972292191436,0.804,0.6213292117465224,0.51,0.5837271213531494
"1,0,1,1,1,0,1,0,1,1,1,1,1,1,1,0,1,1,1,0,0",0.52,0.67,0.5575,0.5183823529411765,0.564,0.5402298850574713,0.52,0.5909614562988281
"1,0,1,1,1,0,1,1,1,0,1,0,1,1,1,1,0,0,0,1,1",0.52,0.67,0.5575,0.5183823529411765,0.564,0.5402298850574713,0.52,0.6131713390350342
"0,1,0,1,1,0,0,1,1,1,1,1,1,1,0,1,1,1,0,0,1",0.516,0.68,0.557,0.5105820105820106,0.772,0.6146496815286624,0.516,0.5769598484039307
"0,1,0,0,1,0,0,1,0,0,0,0,1,0,0,1,1,0,0,1,0",0.516,0.68,0.5569999999999999,0.5238095238095238,0.352,0.42105263157894735,0.516,0.5671186447143555
"0,0,1,1,1,1,1,1,0,0,0,1,0,0,0,0,1,1,1,0,0",0.466,0.83,0.5569999999999999,0.4674329501915709,0.488,0.4774951076320939,0.46599999999999997,0.5614211559295654
"0,1,0,0,0,0,1,1,1,0,0,0,1,0,0,1,1,1,0,1,0",0.486,0.77,0.5569999999999999,0.4845814977973568,0.44,0.4612159329140461,0.486,0.664008378982544
"0,0,1,1,1,0,0,1,0,0,0,0,0,0,1,0,1,1,0,1,0",0.496,0.74,0.5569999999999999,0.4972972972972973,0.736,0.5935483870967742,0.496,0.5970413684844971
"0,0,0,0,0,1,1,0,0,0,0,0,0,1,0,0,0,1,0,1,1",0.496,0.74,0.5569999999999999,0.4975,0.796,0.6123076923076923,0.496,0.6224005222320557
"1,0,0,1,0,0,1,1,0,1,1,0,1,1,0,1,0,0,0,1,1",0.486,0.77,0.5569999999999999,0.4883720930232558,0.588,0.5335753176043557,0.486,0.6561262607574463
"1,0,1,0,0,0,0,0,0,1,1,1,0,0,1,0,1,1,1,1,0",0.506,0.71,0.5569999999999999,0.5037037037037037,0.816,0.6229007633587786,0.506,0.5737385749816895
"0,0,1,1,1,1,1,0,0,0,1,0,1,0,1,1,1,1,0,0,0",0.496,0.74,0.5569999999999999,0.49295774647887325,0.28,0.35714285714285715,0.496,0.6047065258026123
"1,1,0,1,0,1,0,0,0,0,1,0,1,1,0,0,1,1,0,1,0",0.502,0.72,0.5565,0.5013404825737265,0.748,0.6003210272873194,0.502,0.5869243144989014
"0,0,0,0,1,0,0,0,0,0,0,1,1,0,1,0,1,0,0,1,0",0.532,0.63,0.5565,0.5285714285714286,0.592,0.5584905660377358,0.532,0.5536234378814697
"0,1,1,1,1,0,0,1,0,0,0,0,1,1,0,0,0,1,1,1,0",0.482,0.78,0.5565,0.4805194805194805,0.444,0.46153846153846156,0.482,0.5868237018585205
"0,0,1,1,1,0,0,0,1,1,0,0,1,0,1,0,0,1,0,0,1",0.512,0.69,0.5565,0.5071090047393365,0.856,0.6369047619047619,0.512,0.5848448276519775
"1,0,1,1,1,1,0,0,1,1,1,0,0,0,1,1,1,1,0,0,1",0.482,0.78,0.5565,0.489749430523918,0.86,0.6240928882438317,0.482,0.602236270904541
"0,0,1,0,1,1,0,1,0,0,1,0,0,1,1,0,1,0,0,0,0",0.482,0.78,0.5565,0.48580441640378547,0.616,0.5432098765432098,0.482,0.5461094379425049
"0,0,1,0,0,0,0,0,0,0,1,1,1,0,1,1,1,0,1,1,1",0.468,0.82,0.556,0.468503937007874,0.476,0.4722222222222222,0.46799999999999997,0.6112513542175293
"0,1,0,0,1,0,0,0,0,1,0,0,1,1,0,0,1,0,0,1,0",0.498,0.73,0.556,0.49865229110512127,0.74,0.5958132045088567,0.498,0.5620760917663574
"1,1,0,0,1,0,0,0,0,0,0,1,0,1,1,0,1,0,0,1,1",0.488,0.76,0.556,0.48846153846153845,0.508,0.4980392156862745,0.488,0.5754885673522949
"1,1,0,1,1,1,0,0,0,0,1,1,1,1,1,1,1,0,0,0,1",0.508,0.7,0.556,0.5042918454935622,0.94,0.6564245810055865,0.508,0.5868239402770996
"1,1,0,0,0,1,1,0,1,1,1,0,1,1,1,0,1,1,0,1,1",0.468,0.82,0.556,0.4699248120300752,0.5,0.4844961240310077,0.46799999999999997,0.5856904983520508
"0,0,0,1,0,1,1,0,0,0,1,1,1,0,1,0,0,0,0,1,1",0.484,0.77,0.5555,0.48214285714285715,0.432,0.45569620253164556,0.484,0.5812771320343018
"1,1,1,0,1,1,0,0,0,1,0,0,0,0,0,0,1,0,1,1,1",0.514,0.68,0.5555,0.5086848635235732,0.82,0.6278713629402757,0.514,0.6144285202026367
"0,0,1,1,1,0,1,1,0,0,1,1,0,0,1,0,1,1,0,1,1",0.474,0.8,0.5555,0.4749034749034749,0.492,0.48330058939096265,0.474,0.624530553817749
"0,1,0,1,1,0,0,1,1,1,0,0,0,0,0,0,0,1,0,1,1",0.52,0.66,0.555,0.5217391304347826,0.48,0.5,0.52,0.5893635749816895
"1,1,1,1,1,1,0,0,0,0,1,0,0,0,1,1,0,1,1,0,1",0.49,0.75,0.5549999999999999,0.4921135646687697,0.624,0.5502645502645502,0.49,0.6201050281524658
"1,0,0,1,0,0,0,1,0,0,1,0,0,0,0,0,1,1,1,0,1",0.51,0.69,0.5549999999999999,0.5103734439834025,0.492,0.5010183299389002,0.51,0.5862243175506592
"1,0,1,1,1,0,1,0,0,1,0,0,0,1,1,1,0,0,0,1,1",0.51,0.69,0.5549999999999999,0.5113122171945701,0.452,0.47983014861995754,0.51,0.5931272506713867
"1,0,0,1,1,1,0,1,0,1,0,1,1,0,1,1,0,1,0,0,0",0.51,0.69,0.5549999999999999,0.5102880658436214,0.496,0.5030425963488844,0.51,0.5534317493438721
"0,1,1,1,1,0,1,1,1,1,0,0,1,1,1,0,1,1,0,0,0",0.51,0.69,0.5549999999999999,0.5069252077562327,0.732,0.5990180032733224,0.51,0.6001162528991699
"1,0,0,1,0,0,1,0,1,0,1,0,1,1,1,1,0,0,1,1,0",0.51,0.69,0.5549999999999999,0.5059665871121718,0.848,0.6337817638266069,0.51,0.6260802745819092
"0,0,0,0,1,1,1,1,0,0,1,0,0,0,1,0,1,0,0,0,0",0.466,0.82,0.5545,0.4671814671814672,0.484,0.47544204322200395,0.46599999999999997,0.589850902557373
"1,0,1,0,1,1,0,1,1,1,1,1,1,1,0,0,1,1,0,1,0",0.466,0.82,0.5545,0.47038327526132406,0.54,0.5027932960893855,0.466,0.583970308303833
"0,0,0,0,1,1,1,0,1,0,1,0,0,0,0,0,0,1,1,1,0",0.506,0.7,0.5545,0.5041551246537396,0.728,0.5957446808510638,0.506,0.6057963371276855
"1,0,1,1,0,1,1,0,1,1,1,0,0,0,1,1,1,0,0,0,1",0.476,0.79,0.5545,0.4797297297297297,0.568,0.5201465201465202,0.476,0.6032137870788574
"0,1,1,1,0,0,0,1,0,0,1,1,0,0,0,1,1,1,0,1,1",0.486,0.76,0.5545,0.48717948717948717,0.532,0.5086042065009561,0.486,0.6534500122070312
"0,1,1,0,1,0,0,0,0,1,1,0,1,0,1,1,0,0,1,1,1",0.486,0.76,0.5545,0.4879725085910653,0.568,0.5249537892791127,0.486,0.5838930606842041
"0,0,0,1,0,1,1,0,1,0,0,1,1,0,0,1,1,0,1,0,1",0.476,0.79,0.5545,0.4774436090225564,0.508,0.49224806201550386,0.476,0.6282060146331787
"1,0,0,1,0,0,1,0,0,1,1,1,1,1,1,0,1,0,1,0,1",0.506,0.7,0.5545,0.5057915057915058,0.524,0.5147347740667977,0.506,0.6149718761444092
"1,0,0,1,0,1,0,1,1,0,1,1,0,1,1,0,1,1,1,0,0",0.486,0.76,0.5545,0.49019607843137253,0.7,0.5766062602965404,0.486,0.5758874416351318
"0,0,0,0,0,0,0,1,0,0,1,0,1,0,1,0,0,0,0,1,0",0.466,0.82,0.5545,0.4671814671814672,0.484,0.47544204322200395,0.46599999999999997,0.5493056774139404
"0,0,1,0,0,1,1,0,0,0,1,1,1,0,1,1,0,0,1,0,0",0.466,0.82,0.5545,0.4671814671814672,0.484,0.47544204322200395,0.46599999999999997,0.5619635581970215
"0,1,1,1,1,0,0,0,1,0,0,0,0,0,0,0,1,1,1,0,1",0.492,0.74,0.554,0.494949494949495,0.784,0.6068111455108359,0.492,0.6041402816772461
"0,0,0,1,1,1,0,0,1,1,1,0,1,0,0,1,0,0,1,1,1",0.452,0.86,0.554,0.4562043795620438,0.5,0.4770992366412214,0.452,0.6273882389068604
"0,0,1,1,1,0,0,1,1,1,0,1,1,1,0,1,1,1,1,0,1",0.472,0.8,0.554,0.4708333333333333,0.452,0.46122448979591835,0.472,0.6235530376434326
"1,0,1,1,0,0,0,1,0,0,0,0,0,0,1,0,1,1,1,0,0",0.472,0.8,0.554,0.47651006711409394,0.568,0.5182481751824818,0.472,0.5784847736358643
"0,1,0,0,1,0,0,0,1,1,0,1,0,1,1,0,1,1,0,1,1",0.512,0.68,0.554,0.5130434782608696,0.472,0.49166666666666664,0.512,0.5987217426300049
"1,1,1,1,1,0,0,0,0,0,0,0,0,1,0,1,0,1,1,1,0",0.492,0.74,0.554,0.4855072463768116,0.268,0.34536082474226804,0.492,0.572030782699585
"0,0,1,0,0,0,0,0,0,1,0,1,1,0,1,0,0,1,1,0,0",0.522,0.65,0.554,0.5145888594164456,0.776,0.6188197767145136,0.522,0.6235466003417969
"1,0,1,0,1,0,0,0,0,0,0,1,1,1,0,0,1,0,1,1,1",0.492,0.74,0.554,0.4888888888888889,0.352,0.40930232558139534,0.492,0.5616469383239746
"0,1,0,1,1,0,0,0,0,0,1,1,1,0,0,0,0,0,0,1,0",0.472,0.8,0.554,0.47651006711409394,0.568,0.5182481751824818,0.472,0.6216285228729248
"1,1,1,1,0,1,1,1,1,0,1,1,1,0,1,0,1,1,1,1,1",0.462,0.83,0.554,0.47262247838616717,0.656,0.5494137353433836,0.462,0.6002109050750732
"0,0,1,1,1,1,1,0,0,0,1,1,0,1,1,1,1,1,1,0,1",0.492,0.74,0.554,0.4855072463768116,0.268,0.345360824742268,0.492,0.6250505447387695
"0,1,0,1,1,1,0,0,1,0,1,1,1,0,1,1,1,1,0,0,1",0.508,0.69,0.5535,0.506896551724138,0.588,0.5444444444444444,0.508,0.5988235473632812
"0,0,0,0,0,0,1,1,1,0,1,1,1,1,1,0,0,1,0,1,1",0.488,0.75,0.5535,0.4901315789473684,0.596,0.5379061371841155,0.488,0.5619227886199951
"1,0,0,0,0,0,1,1,1,0,1,0,1,1,0,1,1,1,1,1,1",0.508,0.69,0.5535,0.5068493150684932,0.592,0.5461254612546126,0.508,0.5779807567596436
"1,0,1,1,0,0,0,1,0,0,0,0,1,1,0,1,0,1,0,1,1",0.498,0.72,0.5535,0.4972375690607735,0.36,0.4176334106728538,0.498,0.6234176158905029
"0,0,1,1,1,1,0,1,0,1,0,0,0,0,1,0,1,1,0,0,1",0.498,0.72,0.5535,0.49865229110512127,0.74,0.5958132045088567,0.498,0.5810863971710205
"1,0,1,0,0,1,1,0,0,0,1,1,0,1,0,0,0,1,0,1,0",0.488,0.75,0.5535,0.4923469387755102,0.772,0.6012461059190031,0.488,0.5560314655303955
"1,0,1,0,1,1,1,1,0,0,1,0,0,0,0,1,1,0,0,0,1",0.474,0.79,0.553,0.47750865051903113,0.552,0.5120593692022264,0.47400000000000003,0.581796407699585
"1,1,1,0,0,1,0,0,0,0,0,0,0,1,1,1,1,0,0,1,0",0.494,0.73,0.5529999999999999,0.48623853211009177,0.212,0.29526462395543174,0.494,0.5796842575073242
"0,0,0,0,1,0,0,0,0,0,1,0,1,1,0,0,0,0,1,1,0",0.524,0.64,0.5529999999999999,0.5172413793103449,0.72,0.6020066889632107,0.524,0.6718738079071045
"1,1,1,1,1,1,1,0,0,0,0,1,0,0,0,1,1,0,1,1,0",0.504,0.7,0.5529999999999999,0.5030864197530864,0.652,0.5679442508710801,0.504,0.5655772686004639
"1,1,0,0,1,1,1,0,0,0,0,0,0,1,0,0,0,1,1,1,1",0.494,0.73,0.5529999999999999,0.49544072948328266,0.652,0.5630397236614854,0.494,0.5732557773590088
"0,0,0,0,1,0,0,0,0,0,1,0,1,1,0,0,0,0,0,1,0",0.524,0.64,0.5529999999999999,0.5172413793103449,0.72,0.6020066889632107,0.524,0.5442702770233154
"0,0,1,0,0,1,1,1,0,1,0,1,0,1,0,1,0,0,1,1,0",0.494,0.73,0.5529999999999999,0.4944237918215613,0.532,0.51252408477842,0.494,0.5625808238983154
"0,0,1,1,1,0,0,1,0,0,1,1,0,0,1,1,0,0,0,1,1",0.474,0.79,0.5529999999999999,0.47703180212014135,0.54,0.5065666041275797,0.474,0.6511316299438477
"1,0,0,1,0,1,0,1,1,1,0,1,0,0,1,0,0,0,1,1,1",0.49,0.74,0.5525,0.4934725848563969,0.756,0.5971563981042654,0.49,0.5906128883361816
"0,0,0,0,1,0,1,1,1,0,0,1,0,1,0,0,0,0,1,1,0",0.49,0.74,0.5525,0.48031496062992124,0.244,0.32360742705570295,0.49,0.5306301116943359
"0,0,1,1,1,0,0,0,1,1,1,1,0,0,1,1,0,0,0,0,1",0.5,0.71,0.5525,0.5,0.584,0.5387453874538746,0.5,0.5411419868469238
"0,1,0,0,0,0,0,0,0,1,1,1,0,1,1,1,0,1,1,1,1",0.49,0.74,0.5525,0.4881516587677725,0.412,0.44685466377440347,0.49,0.6315577030181885
"1,0,1,1,1,0,0,1,1,1,1,1,0,1,1,0,0,1,0,0,1",0.5,0.71,0.5525,0.5,0.552,0.5247148288973384,0.5,0.5859799385070801
"1,1,0,1,0,0,0,0,0,0,0,0,1,0,0,0,0,0,1,0,1",0.486,0.75,0.552,0.48936170212765956,0.644,0.5561312607944733,0.486,0.5575804710388184
"0,0,1,0,0,1,0,0,0,1,0,1,1,1,1,0,0,1,0,0,1",0.466,0.81,0.552,0.45595854922279794,0.352,0.3972911963882618,0.46599999999999997,0.6271378993988037
"0,1,1,1,1,1,0,0,0,0,0,1,1,1,0,0,1,1,0,0,1",0.482,0.76,0.5515000000000001,0.4891566265060241,0.812,0.6105263157894737,0.48200000000000004,0.583244800567627
"1,1,0,1,0,0,0,1,0,0,1,1,0,0,1,1,1,0,0,1,0",0.522,0.64,0.5515,0.535031847133758,0.336,0.41277641277641275,0.522,0.5996556282043457
"0,1,1,1,1,1,0,0,1,0,1,1,1,1,0,1,1,0,0,1,0",0.502,0.7,0.5515,0.5011547344110855,0.868,0.6354319180087847,0.502,0.6307346820831299
"1,0,1,0,0,1,0,0,0,1,1,1,0,0,0,1,0,1,0,1,0",0.472,0.79,0.5515,0.477124183006536,0.584,0.5251798561151079,0.472,0.5914661884307861
"0,0,0,0,1,0,0,0,0,0,0,1,1,0,1,0,1,0,1,0,0",0.512,0.67,0.5515,0.5122950819672131,0.5,0.5060728744939271,0.512,0.5408327579498291
"1,1,0,1,0,0,0,1,0,0,0,0,1,1,0,0,1,0,1,1,1",0.472,0.79,0.5515,0.475,0.532,0.5018867924528302,0.472,0.5968968868255615
"1,0,0,1,0,0,1,1,0,1,0,0,0,0,0,0,0,0,1,1,1",0.482,0.76,0.5515,0.4801762114537445,0.436,0.4570230607966457,0.482,0.6156163215637207
"0,0,1,1,1,0,1,1,1,1,0,1,1,0,0,1,1,0,1,0,1",0.462,0.82,0.5515,0.4657039711191336,0.516,0.48956356736242884,0.46199999999999997,0.6582145690917969
"0,0,1,0,0,0,1,0,0,1,1,0,1,0,0,0,0,0,1,0,0",0.512,0.67,0.5515,0.5122950819672131,0.5,0.5060728744939271,0.512,0.5145347118377686
"1,0,1,1,1,1,0,1,1,1,0,1,0,1,1,1,1,1,1,1,0",0.502,0.7,0.5515,0.501187648456057,0.844,0.6289120715350224,0.502,0.5888316631317139
"0,0,0,1,0,1,1,0,0,1,1,0,1,0,1,0,1,0,0,1,0",0.472,0.79,0.5515,0.4713114754098361,0.46,0.46558704453441296,0.472,0.5648784637451172
"1,1,1,0,0,1,1,0,1,1,1,1,0,0,1,0,1,0,1,1,1",0.502,0.7,0.5515,0.501466275659824,0.684,0.5786802030456852,0.502,0.5906326770782471
"1,0,0,1,0,1,0,0,0,1,1,0,1,0,1,1,1,0,0,1,1",0.458,0.83,0.5509999999999999,0.4612546125461255,0.5,0.4798464491362764,0.45799999999999996,0.6580078601837158
"1,0,0,1,1,1,1,1,1,0,0,0,1,0,0,0,0,1,1,1,0",0.484,0.75,0.5505,0.47530864197530864,0.308,0.3737864077669903,0.484,0.5721766948699951
"1,0,1,0,1,1,1,1,1,1,1,0,1,1,1,0,0,0,0,1,1",0.484,0.75,0.5505,0.4857142857142857,0.544,0.5132075471698113,0.484,0.5929257869720459
"1,0,1,1,1,0,0,1,1,1,0,1,1,0,0,0,0,0,0,1,1",0.474,0.78,0.5505,0.47703180212014135,0.54,0.5065666041275797,0.474,0.6600508689880371
"0,0,1,1,1,0,1,1,1,1,0,1,1,0,1,1,1,0,1,1,0",0.49,0.73,0.55,0.48792270531400966,0.404,0.4420131291028446,0.49,0.5868825912475586
"1,1,1,1,0,0,1,0,1,1,1,1,0,1,1,0,0,1,0,0,0",0.48,0.76,0.55,0.48120300751879697,0.512,0.49612403100775193,0.48,0.5508298873901367
"0,0,1,1,0,1,0,0,0,1,1,1,0,1,1,0,0,0,0,0,1",0.48,0.76,0.55,0.4869109947643979,0.744,0.5886075949367089,0.48,0.5694873332977295
"0,0,1,0,1,1,1,0,0,0,1,0,0,1,1,0,0,0,1,1,1",0.47,0.79,0.55,0.4778761061946903,0.648,0.5500848896434635,0.47,0.5569899082183838
"0,1,1,0,0,1,1,0,1,0,1,1,1,0,0,1,0,1,1,1,0",0.456,0.83,0.5495000000000001,0.46308724832214765,0.552,0.5036496350364964,0.456,0.7054603099822998
"0,1,1,1,0,1,0,1,0,0,1,1,0,1,1,1,0,0,0,1,0",0.486,0.74,0.5495,0.48936170212765956,0.644,0.5561312607944733,0.486,0.5726318359375
"0,0,0,0,0,1,1,1,0,0,1,0,1,1,1,0,0,0,0,1,1",0.466,0.8,0.5495,0.45454545454545453,0.34,0.3890160183066362,0.46599999999999997,0.5837874412536621
"1,0,0,0,1,1,1,1,0,0,0,1,0,0,0,0,0,0,0,1,1",0.476,0.77,0.5495,0.485,0.776,0.5969230769230769,0.476,0.6081674098968506
"0,0,0,0,0,0,0,0,1,0,1,0,1,1,0,1,0,1,0,1,1",0.496,0.71,0.5495,0.4972677595628415,0.728,0.5909090909090909,0.496,0.5972781181335449
"1,0,1,0,1,1,0,0,0,0,0,1,1,1,0,0,0,0,0,0,1",0.486,0.74,0.5495,0.4774193548387097,0.296,0.3654320987654321,0.486,0.5816383361816406
"0,0,0,0,0,0,0,0,1,0,1,0,1,1,0,1,0,1,1,0,1",0.456,0.83,0.5495,0.4651898734177215,0.588,0.519434628975265,0.45599999999999996,0.5740132331848145
"1,0,1,1,1,1,0,0,1,1,1,0,1,1,0,0,0,1,0,0,1",0.512,0.66,0.549,0.5065217391304347,0.932,0.6563380281690141,0.512,0.6139976978302002
"0,0,1,0,1,1,0,0,0,1,1,1,0,1,0,0,0,0,1,1,1",0.452,0.84,0.549,0.45348837209302323,0.468,0.46062992125984253,0.452,0.6040465831756592
"1,0,1,0,0,0,0,0,1,1,0,0,1,0,1,1,0,1,0,1,1",0.502,0.69,0.5489999999999999,0.5010940919037199,0.916,0.6478076379066479,0.502,0.6172730922698975
"1,0,1,0,1,1,0,1,1,0,1,0,0,0,0,0,0,0,0,1,0",0.482,0.75,0.5489999999999999,0.4857142857142857,0.612,0.5415929203539823,0.482,0.574138879776001
"0,1,0,0,0,0,1,0,1,1,0,1,1,0,1,1,0,1,1,0,1",0.512,0.66,0.5489999999999999,0.5078534031413613,0.776,0.6139240506329114,0.512,0.6456823348999023
"0,1,0,0,0,1,0,1,1,1,1,1,0,1,1,0,1,1,0,0,0",0.482,0.75,0.5489999999999999,0.48866498740554154,0.776,0.5996908809891809,0.482,0.5652318000793457
"0,1,0,1,1,1,0,0,0,0,0,1,0,0,1,0,1,1,0,0,0",0.482,0.75,0.5489999999999999,0.4857142857142857,0.612,0.5415929203539823,0.482,0.5295419692993164
"0,0,1,0,0,1,0,1,1,0,0,0,0,1,0,1,1,0,0,1,0",0.492,0.72,0.5489999999999999,0.4887640449438202,0.348,0.40654205607476634,0.492,0.5830583572387695
"1,0,0,1,1,1,1,1,1,1,1,1,0,1,1,0,0,0,0,0,0",0.482,0.75,0.5489999999999999,0.4857142857142857,0.612,0.5415929203539823,0.482,0.5666155815124512
"1,1,0,0,1,1,1,0,0,1,0,1,1,1,0,1,0,1,0,0,1",0.502,0.69,0.5489999999999999,0.5038759689922481,0.26,0.34300791556728233,0.502,0.5825905799865723
"1,0,1,1,0,1,0,1,0,1,0,0,1,0,0,0,0,1,0,1,0",0.472,0.78,0.5489999999999999,0.4732824427480916,0.496,0.484375,0.472,0.6115813255310059
"1,0,1,0,1,1,1,0,0,1,1,1,0,0,1,0,0,0,0,0,0",0.482,0.75,0.5489999999999999,0.4857142857142857,0.612,0.5415929203539823,0.482,0.5406560897827148
"1,1,1,0,1,0,0,1,0,0,1,1,0,0,1,1,0,1,1,0,1",0.488,0.73,0.5485,0.4864864864864865,0.432,0.4576271186440678,0.488,0.6171069145202637
"0,0,1,1,1,0,1,0,0,0,1,0,1,1,0,0,0,1,1,0,1",0.488,0.73,0.5485,0.49,0.588,0.5345454545454545,0.488,0.6529080867767334
"0,1,1,1,0,1,1,0,0,0,1,0,0,1,0,0,0,1,0,1,1",0.458,0.82,0.5485,0.46464646464646464,0.552,0.5045703839122486,0.458,0.6111462116241455
"1,0,1,1,0,1,0,1,0,1,1,1,1,1,1,1,1,1,1,0,0",0.488,0.73,0.5485,0.49171270718232046,0.712,0.5816993464052288,0.488,0.5764880180358887
"0,0,1,0,1,1,1,1,0,0,1,1,1,1,1,0,0,0,1,0,1",0.474,0.77,0.548,0.47962382445141066,0.612,0.5377855887521968,0.474,0.5895869731903076
"1,1,0,1,0,0,0,0,0,1,0,1,1,0,1,0,1,0,1,1,1",0.484,0.74,0.548,0.4847328244274809,0.508,0.49609375,0.484,0.661574125289917
"1,1,0,0,1,0,0,0,0,1,1,0,0,0,1,1,1,0,1,1,1",0.474,0.77,0.548,0.4703196347031963,0.412,0.43923240938166314,0.474,0.5971636772155762
"0,1,0,1,0,1,0,0,1,0,0,0,1,1,1,0,0,0,1,0,1",0.47,0.78,0.5475000000000001,0.47368421052631576,0.54,0.5046728971962616,0.47000000000000003,0.6041746139526367
"0,0,1,0,1,1,1,1,0,1,1,0,0,1,0,0,0,0,1,0,1",0.46,0.81,0.5475000000000001,0.4657534246575342,0.544,0.5018450184501845,0.46,0.6365196704864502
"1,0,1,1,0,1,0,0,1,0,0,0,1,0,1,1,1,0,1,1,1",0.48,0.75,0.5475,0.4766355140186916,0.408,0.4396551724137931,0.48,0.6088376045227051
"1,1,1,1,1,0,0,0,1,0,1,0,1,1,1,1,0,0,0,1,1",0.46,0.81,0.5475,0.463768115942029,0.512,0.4866920152091255,0.45999999999999996,0.593463659286499
"0,0,0,0,1,0,0,0,0,0,1,0,1,1,0,0,0,1,0,1,0",0.466,0.79,0.547,0.4711864406779661,0.556,0.5100917431192661,0.466,0.5987954139709473
"0,0,0,0,1,0,0,0,0,0,1,0,1,1,0,0,0,1,1,1,0",0.466,0.79,0.547,0.4711864406779661,0.556,0.5100917431192661,0.466,0.5633947849273682
"0,1,1,0,0,1,0,0,1,0,0,1,0,1,0,1,0,1,1,1,1",0.466,0.79,0.547,0.4421768707482993,0.26,0.327455919395466,0.466,0.5860147476196289
"0,0,1,1,1,0,1,1,1,1,0,1,1,0,0,1,1,0,1,1,1",0.456,0.82,0.547,0.449074074074074,0.388,0.4163090128755364,0.456,0.6546792984008789
"1,1,1,0,0,1,0,1,1,1,1,0,0,1,1,0,0,1,0,0,1",0.496,0.7,0.5469999999999999,0.49586776859504134,0.48,0.4878048780487805,0.496,0.5920748710632324
"1,0,1,1,0,1,0,1,0,0,1,1,0,0,0,0,0,1,1,1,0",0.456,0.82,0.5469999999999999,0.4651898734177215,0.588,0.519434628975265,0.45599999999999996,0.697455883026123
"0,0,1,1,0,0,1,1,0,1,0,1,1,1,0,0,1,0,1,1,1",0.466,0.79,0.5469999999999999,0.467680608365019,0.492,0.47953216374269003,0.46599999999999997,0.5862116813659668
"0,0,0,0,1,0,0,0,0,0,0,1,0,1,0,0,0,1,1,0,0",0.486,0.73,0.5469999999999999,0.48258706467661694,0.388,0.43015521064301554,0.486,0.5568161010742188
"1,0,1,1,0,1,0,1,0,0,1,1,0,0,0,0,1,1,1,1,0",0.456,0.82,0.5469999999999999,0.4651898734177215,0.588,0.519434628975265,0.45599999999999996,0.6310901641845703
"0,1,1,0,0,0,0,0,1,0,1,1,1,0,0,1,0,1,0,0,0",0.466,0.79,0.5469999999999999,0.46558704453441296,0.46,0.46277665995975853,0.46599999999999997,0.569765567779541
"0,0,0,0,0,0,1,0,1,0,0,1,0,1,1,1,1,0,0,1,0",0.506,0.67,0.5469999999999999,0.5042492917847026,0.712,0.5903814262023217,0.506,0.5412750244140625
"1,0,1,1,0,1,0,1,0,0,1,1,0,0,0,0,0,1,0,1,0",0.456,0.82,0.5469999999999999,0.4651898734177215,0.588,0.519434628975265,0.45599999999999996,0.6292827129364014
"0,1,1,1,1,1,1,1,0,0,0,1,1,0,1,1,1,0,1,1,1",0.462,0.8,0.5465,0.4753246753246753,0.732,0.5763779527559055,0.46199999999999997,0.6175174713134766
"1,1,1,0,1,0,0,1,0,0,1,1,0,0,1,0,1,1,0,0,1",0.512,0.65,0.5465,0.5116279069767442,0.528,0.5196850393700787,0.512,0.5840616226196289
"0,0,0,0,0,1,0,1,0,1,1,1,0,0,0,0,1,1,1,0,1",0.482,0.74,0.5465,0.48363636363636364,0.532,0.5066666666666667,0.482,0.6211316585540771
"0,1,1,1,1,0,1,0,0,1,0,1,0,0,0,1,1,0,1,0,1",0.462,0.8,0.5465,0.46619217081850534,0.524,0.4934086629001883,0.462,0.6173996925354004
"1,1,1,0,0,1,1,1,0,0,0,1,0,1,0,0,0,1,1,0,0",0.472,0.77,0.5465,0.4708333333333333,0.452,0.46122448979591835,0.472,0.5846998691558838
"1,0,0,0,1,0,1,1,1,1,0,0,1,0,0,0,1,1,0,1,0",0.482,0.74,0.5465,0.48725212464589235,0.688,0.5704809286898839,0.482,0.5877621173858643
"1,0,0,0,1,1,1,0,0,0,1,0,0,1,0,0,0,1,0,0,1",0.472,0.77,0.5465,0.4778481012658228,0.604,0.5335689045936396,0.472,0.5569345951080322
"0,0,1,0,0,0,0,1,0,0,1,1,0,0,1,0,0,1,0,0,1",0.488,0.72,0.546,0.49074074074074076,0.636,0.554006968641115,0.488,0.5802550315856934
"1,1,1,0,1,0,1,0,0,0,1,0,0,0,1,0,1,1,0,0,0",0.528,0.6,0.546,0.5282258064516129,0.524,0.5261044176706827,0.528,0.5487747192382812
"0,1,0,0,0,1,1,1,1,0,0,0,1,0,0,1,1,0,1,0,1",0.458,0.81,0.546,0.4567901234567901,0.444,0.45030425963488846,0.45799999999999996,0.643822193145752
"1,1,0,0,1,1,0,1,1,0,1,0,1,1,1,1,0,0,0,1,0",0.478,0.75,0.546,0.4773662551440329,0.464,0.47058823529411764,0.478,0.5915758609771729
"0,0,1,1,1,0,1,1,1,1,0,1,0,0,0,1,0,1,0,1,1",0.498,0.69,0.546,0.49884526558891457,0.864,0.6325036603221084,0.498,0.6220571994781494
"1,1,1,1,1,1,0,0,0,1,0,0,1,0,1,1,0,1,0,0,1",0.488,0.72,0.546,0.4883720930232558,0.504,0.49606299212598426,0.488,0.6139302253723145
"1,0,1,1,0,1,1,0,1,1,1,1,0,1,0,0,0,1,1,1,0",0.468,0.78,0.546,0.47315436241610737,0.564,0.5145985401459854,0.46799999999999997,0.62618088722229
"0,1,0,1,1,0,0,0,0,1,0,1,1,0,0,1,0,1,1,1,1",0.478,0.75,0.546,0.4720812182741117,0.372,0.4161073825503356,0.478,0.6154773235321045
"0,1,0,0,1,1,1,1,0,0,1,0,1,0,0,1,1,0,0,1,0",0.448,0.84,0.5459999999999999,0.4449152542372881,0.42,0.43209876543209874,0.44799999999999995,0.5735695362091064
"1,0,0,1,1,1,0,1,1,0,0,1,1,1,1,1,1,1,1,1,0",0.504,0.67,0.5455,0.5048543689320388,0.416,0.4561403508771929,0.504,0.6314373016357422
"1,1,1,0,0,0,1,0,0,1,0,0,0,1,0,0,1,1,0,1,0",0.504,0.67,0.5455,0.5033783783783784,0.596,0.5457875457875457,0.504,0.5352270603179932
"1,0,0,1,0,1,1,1,0,0,1,0,0,0,0,1,0,1,1,0,0",0.5,0.68,0.545,0.5,0.748,0.5993589743589743,0.5,0.5658512115478516
"0,1,0,1,0,1,0,1,0,0,1,1,0,1,0,0,0,0,0,1,1",0.47,0.77,0.545,0.4782608695652174,0.66,0.5546218487394958,0.47000000000000003,0.6412348747253418
"1,1,0,0,0,1,0,1,0,1,0,0,0,0,0,0,1,0,1,0,1",0.52,0.62,0.545,0.5121359223300971,0.844,0.6374622356495468,0.52,0.6031711101531982
"1,0,1,1,0,0,1,1,1,1,1,1,1,0,1,1,1,0,0,1,0",0.48,0.74,0.5449999999999999,0.48344370860927155,0.584,0.5289855072463768,0.48,0.6142218112945557
"1,1,0,1,1,1,1,1,0,0,1,1,1,0,0,1,0,1,1,1,0",0.486,0.72,0.5445,0.4909090909090909,0.756,0.5952755905511811,0.486,0.5939009189605713
"1,1,0,0,0,0,0,0,1,0,1,1,0,0,0,0,1,0,1,1,1",0.476,0.75,0.5445,0.47478991596638653,0.452,0.46311475409836067,0.476,0.6266739368438721
"0,0,1,0,1,0,1,0,0,0,0,0,0,1,0,1,0,1,1,1,1",0.516,0.63,0.5445,0.518348623853211,0.452,0.4829059829059829,0.516,0.5994184017181396
"1,1,0,0,1,0,0,1,0,0,1,1,0,0,1,1,0,0,0,0,1",0.536,0.57,0.5445,0.5441176470588235,0.444,0.4889867841409692,0.536,0.5751385688781738
"1,1,1,1,1,1,1,1,0,0,1,0,1,1,1,1,0,1,1,0,0",0.466,0.78,0.5445,0.47837150127226463,0.752,0.5847589424572317,0.46599999999999997,0.5812404155731201
"1,1,0,1,1,0,0,0,1,0,0,1,0,0,0,1,0,1,1,0,1",0.472,0.76,0.544,0.47265625,0.484,0.4782608695652174,0.472,0.5683467388153076
"0,1,0,0,0,1,0,0,1,1,0,1,0,0,0,0,0,1,0,0,1",0.462,0.79,0.544,0.459915611814346,0.436,0.44763860369609854,0.46199999999999997,0.6113324165344238
"0,1,1,1,1,0,0,1,1,0,1,1,0,1,0,1,1,1,1,0,0",0.502,0.67,0.544,0.5011135857461024,0.9,0.6437768240343348,0.502,0.5584840774536133
"1,0,1,1,1,0,1,1,0,0,1,1,0,0,0,0,1,1,1,1,0",0.492,0.7,0.544,0.4896907216494845,0.38,0.42792792792792794,0.492,0.5761411190032959
"0,0,1,1,1,1,1,0,0,0,1,0,1,1,1,0,1,0,0,1,1",0.458,0.8,0.5435000000000001,0.45248868778280543,0.4,0.42462845010615713,0.458,0.6471383571624756
"1,0,1,1,1,0,0,1,0,1,1,1,0,1,1,1,1,0,0,1,1",0.478,0.74,0.5435,0.4785992217898833,0.492,0.48520710059171596,0.478,0.6371943950653076
"1,1,0,0,1,1,1,1,0,1,0,1,0,0,0,0,1,0,1,1,0",0.498,0.68,0.5435,0.4967741935483871,0.308,0.3802469135802469,0.498,0.5752983093261719
"1,1,0,0,1,1,1,0,1,1,0,0,0,0,0,0,1,1,1,0,0",0.498,0.68,0.5435,0.4967741935483871,0.308,0.3802469135802469,0.498,0.5277338027954102
"1,1,0,0,1,1,1,0,0,1,0,0,0,0,0,0,1,0,1,1,0",0.498,0.68,0.5435,0.4967741935483871,0.308,0.3802469135802469,0.498,0.5434088706970215
"1,1,1,1,1,1,0,0,0,1,1,1,1,1,1,1,0,1,1,0,0",0.508,0.65,0.5435,0.5044052863436124,0.916,0.6505681818181818,0.508,0.6150515079498291
"0,1,0,1,1,1,0,1,1,1,1,0,0,1,1,1,0,0,0,1,1",0.468,0.77,0.5435,0.4661016949152542,0.44,0.45267489711934156,0.46799999999999997,0.6338582038879395
"0,0,0,1,1,0,1,0,1,1,0,1,1,0,1,1,0,1,1,0,0",0.508,0.65,0.5435,0.5081967213114754,0.496,0.5020242914979757,0.508,0.5756180286407471
"1,0,0,1,1,1,1,1,1,1,0,1,1,1,0,0,1,0,0,0,1",0.488,0.71,0.5435,0.4861111111111111,0.42,0.45064377682403434,0.488,0.5807309150695801
"0,0,1,1,0,1,1,1,0,0,0,1,0,1,0,1,1,1,0,0,1",0.444,0.84,0.543,0.450354609929078,0.508,0.4774436090225564,0.444,0.588996171951294
"1,1,1,1,0,0,0,0,0,1,1,1,0,0,1,1,0,0,1,0,1",0.454,0.81,0.5429999999999999,0.45692883895131087,0.488,0.47195357833655704,0.45399999999999996,0.5995042324066162
"0,0,0,0,0,0,1,1,0,0,0,0,0,0,1,0,1,0,0,1,0",0.484,0.72,0.5429999999999999,0.4900497512437811,0.788,0.6042944785276073,0.484,0.6032402515411377
"1,0,1,1,0,1,1,0,1,1,0,1,0,0,0,1,0,0,0,0,1",0.474,0.75,0.5429999999999999,0.4624277456647399,0.32,0.37825059101654845,0.474,0.5574924945831299
"1,1,0,0,0,1,1,1,0,1,0,0,0,0,1,1,1,1,0,1,1",0.464,0.78,0.5429999999999999,0.471875,0.604,0.5298245614035088,0.46399999999999997,0.6099002361297607
"1,1,1,0,0,1,0,0,1,1,0,1,0,0,0,0,0,0,0,0,1",0.474,0.75,0.5429999999999999,0.4624277456647399,0.32,0.37825059101654845,0.474,0.5848169326782227
"1,1,0,1,1,0,0,1,0,0,1,1,0,1,1,0,1,1,0,1,0",0.464,0.78,0.5429999999999999,0.47352941176470587,0.644,0.5457627118644067,0.46399999999999997,0.6114420890808105
"1,1,0,1,1,0,1,1,0,1,1,0,1,0,0,0,1,0,0,0,0",0.5,0.67,0.5425,0.5,0.444,0.4703389830508475,0.5,0.56146240234375
"1,1,1,1,0,0,1,0,0,1,1,0,1,0,0,0,0,0,0,0,0",0.5,0.67,0.5425,0.5,0.444,0.4703389830508475,0.5,0.5476932525634766
"0,0,0,0,1,0,0,0,0,0,1,0,1,1,0,0,0,0,1,0,0",0.52,0.61,0.5425,0.5168918918918919,0.612,0.5604395604395604,0.52,0.525230884552002
"0,1,0,1,1,0,0,0,0,1,0,1,1,1,0,0,1,1,1,0,1",0.51,0.64,0.5425,0.5263157894736842,0.2,0.2898550724637681,0.51,0.69612717628479
"0,0,1,1,0,0,1,0,1,0,0,1,0,0,0,1,0,1,1,1,1",0.46,0.79,0.5425,0.46124031007751937,0.476,0.468503937007874,0.45999999999999996,0.6119327545166016
"1,0,1,1,0,0,1,0,0,1,1,0,1,1,0,1,1,0,1,0,0",0.5,0.67,0.5425,0.5,0.444,0.4703389830508475,0.5,0.5442168712615967
"0,0,0,1,1,1,0,1,0,0,0,0,1,1,1,0,1,1,0,0,0",0.46,0.79,0.5425,0.4691358024691358,0.608,0.5296167247386759,0.45999999999999996,0.636756420135498
"1,1,1,0,0,1,1,0,1,0,1,1,0,0,0,0,1,1,1,1,0",0.47,0.76,0.5425,0.4701195219123506,0.472,0.47105788423153694,0.47,0.5687129497528076
"1,0,0,0,1,0,1,1,1,1,1,0,1,1,0,1,1,0,0,0,0",0.5,0.67,0.5425,0.5,0.444,0.4703389830508475,0.5,0.5266883373260498
"1,1,1,1,0,0,1,0,0,1,1,1,0,1,0,1,1,0,0,0,0",0.5,0.67,0.5425,0.5,0.444,0.4703389830508475,0.5,0.5468394756317139
"0,0,0,1,1,1,0,1,0,1,0,0,1,1,0,1,1,1,0,0,0",0.496,0.68,0.542,0.49731182795698925,0.74,0.594855305466238,0.496,0.555445671081543
"1,1,0,1,1,1,1,0,1,1,1,1,1,0,0,0,0,0,1,0,0",0.506,0.65,0.542,0.5032679738562091,0.924,0.6516220028208745,0.506,0.5793201923370361
"1,0,1,1,1,1,0,1,1,1,1,1,0,0,0,0,0,0,0,0,0",0.506,0.65,0.542,0.5032679738562091,0.924,0.6516220028208745,0.506,0.5415189266204834
"0,1,0,0,1,1,0,1,0,0,0,0,1,1,0,1,0,1,1,0,0",0.496,0.68,0.542,0.49731182795698925,0.74,0.594855305466238,0.496,0.5537126064300537
"0,0,1,1,1,1,0,1,1,0,1,1,1,0,1,1,1,1,1,1,1",0.456,0.8,0.542,0.460431654676259,0.512,0.48484848484848486,0.456,0.6679534912109375
"1,1,1,0,1,1,1,0,0,0,1,0,1,1,0,1,0,0,1,0,0",0.506,0.65,0.542,0.5032679738562091,0.924,0.6516220028208745,0.506,0.5549252033233643
"1,0,0,0,1,1,0,1,0,0,0,1,0,1,0,1,1,0,1,1,0",0.456,0.8,0.542,0.46646341463414637,0.612,0.5294117647058824,0.45599999999999996,0.593311071395874
"0,0,0,1,0,1,1,0,1,0,1,0,0,0,1,1,1,1,0,0,1",0.446,0.83,0.542,0.44155844155844154,0.408,0.42411642411642414,0.44599999999999995,0.5519452095031738
"1,0,0,0,1,0,1,1,0,1,0,0,1,1,1,1,0,0,1,0,1",0.512,0.63,0.5415,0.52,0.312,0.39,0.512,0.6068830490112305
"1,1,1,0,0,0,0,1,0,0,0,1,1,0,1,1,0,1,0,1,0",0.482,0.72,0.5415,0.4784688995215311,0.4,0.4357298474945534,0.482,0.5877518653869629
"1,1,0,1,0,0,1,0,0,1,0,0,1,1,1,1,1,1,0,1,0",0.462,0.78,0.5415,0.4707692307692308,0.612,0.5321739130434783,0.46199999999999997,0.603316068649292
"0,0,0,0,0,0,1,1,1,0,1,1,1,0,1,1,1,1,0,1,0",0.462,0.78,0.5415,0.46545454545454545,0.512,0.4876190476190476,0.46199999999999997,0.5458707809448242
"1,1,1,1,1,0,0,0,1,1,0,1,1,1,0,1,1,1,0,1,1",0.502,0.66,0.5415,0.502092050209205,0.48,0.49079754601226994,0.502,0.6003530025482178
"0,0,0,1,0,1,0,0,1,0,1,1,1,1,0,0,1,0,0,1,1",0.458,0.79,0.541,0.4574898785425101,0.452,0.45472837022132795,0.458,0.6345980167388916
"1,1,1,0,0,0,1,0,0,1,1,0,1,0,1,0,0,1,1,1,0",0.498,0.67,0.5409999999999999,0.4977973568281938,0.452,0.47379454926624737,0.498,0.5697066783905029
"0,0,1,1,0,0,1,0,0,1,0,0,1,0,1,0,1,0,1,1,1",0.498,0.67,0.5409999999999999,0.49710982658959535,0.344,0.4066193853427896,0.498,0.6045670509338379
"0,1,1,1,0,1,1,1,0,1,1,1,1,0,1,0,0,1,0,1,0",0.488,0.7,0.5409999999999999,0.49278846153846156,0.82,0.6156156156156156,0.488,0.6124207973480225
"1,0,0,1,1,0,1,0,0,0,0,1,1,0,1,0,1,1,0,0,1",0.488,0.7,0.5409999999999999,0.4919786096256685,0.736,0.5897435897435898,0.488,0.5807943344116211
"1,0,0,1,0,1,0,0,0,0,1,1,0,1,0,0,0,0,0,1,1",0.468,0.76,0.5409999999999999,0.4777777777777778,0.688,0.5639344262295082,0.46799999999999997,0.5694043636322021
"1,0,0,0,0,0,0,0,1,0,0,0,0,1,1,0,0,1,0,1,0",0.488,0.7,0.5409999999999999,0.4857142857142857,0.408,0.4434782608695652,0.488,0.5872914791107178
"1,1,0,0,1,0,1,1,1,1,0,0,1,1,0,0,1,0,0,1,0",0.504,0.65,0.5405,0.503731343283582,0.54,0.5212355212355212,0.504,0.6198320388793945
"0,1,0,0,0,1,0,1,1,1,1,0,1,1,1,1,1,0,0,0,0",0.474,0.74,0.5405,0.4794952681388013,0.608,0.5361552028218695,0.474,0.5956945419311523
"0,0,1,1,1,0,0,0,0,0,1,0,1,1,0,1,0,1,1,0,1",0.474,0.74,0.5405,0.48247978436657685,0.716,0.5764895330112721,0.474,0.6128580570220947
"1,0,1,0,1,0,1,0,1,1,1,0,0,0,0,1,0,1,0,0,1",0.474,0.74,0.5405,0.4767025089605735,0.532,0.502835538752363,0.474,0.557457685470581
"1,0,1,1,0,0,1,1,0,1,1,0,1,1,1,1,0,0,1,0,0",0.474,0.74,0.5405,0.48,0.624,0.542608695652174,0.474,0.5577523708343506
"1,0,1,0,0,0,1,0,1,0,1,1,0,1,1,0,1,0,1,1,1",0.494,0.68,0.5405,0.4945054945054945,0.54,0.5162523900573613,0.494,0.5982656478881836
"1,1,0,0,0,0,0,0,1,0,0,0,1,0,1,1,1,1,1,0,1",0.494,0.68,0.5405,0.49032258064516127,0.304,0.37530864197530867,0.494,0.5975630283355713
"1,0,1,1,1,1,1,1,1,0,0,1,1,0,1,0,0,0,1,1,1",0.5,0.66,0.54,0.5,0.62,0.5535714285714286,0.5,0.6493229866027832
"0,1,1,1,1,1,1,0,0,1,1,1,1,0,1,0,1,0,1,0,0",0.5,0.66,0.54,0.5,0.84,0.6268656716417911,0.5,0.572270393371582
"1,0,0,0,1,1,0,0,0,0,0,0,1,0,1,0,0,1,0,1,1",0.44,0.84,0.54,0.4353448275862069,0.404,0.4190871369294606,0.44,0.5894663333892822
"1,0,1,0,1,0,1,1,1,1,0,0,1,1,0,1,1,0,0,0,1",0.47,0.75,0.54,0.4738675958188153,0.544,0.5065176908752328,0.47000000000000003,0.6114211082458496
"1,1,0,0,1,1,0,0,0,0,1,1,1,1,0,0,1,0,0,0,1",0.45,0.81,0.54,0.45901639344262296,0.56,0.5045045045045045,0.45000000000000007,0.6174490451812744
"0,1,0,0,0,1,1,0,1,1,0,1,0,1,0,1,1,0,1,1,1",0.46,0.78,0.54,0.4431818181818182,0.312,0.36619718309859156,0.45999999999999996,0.6197857856750488
"0,1,0,0,0,0,0,1,1,0,1,0,1,1,1,0,0,0,0,1,1",0.446,0.82,0.5395000000000001,0.45263157894736844,0.516,0.4822429906542056,0.446,0.6064126491546631
"0,0,0,1,0,0,0,0,1,1,0,0,1,0,1,0,1,0,0,0,1",0.456,0.79,0.5395000000000001,0.4485981308411215,0.384,0.41379310344827586,0.456,0.5542058944702148
"0,1,1,0,0,1,0,1,1,1,0,0,1,0,0,0,0,1,0,1,1",0.466,0.76,0.5395000000000001,0.46586345381526106,0.464,0.4649298597194389,0.466,0.5746533870697021
"0,1,0,0,1,0,0,0,1,1,1,0,0,0,1,1,0,0,1,0,1",0.456,0.79,0.5395,0.45217391304347826,0.416,0.43333333333333335,0.45599999999999996,0.5872602462768555
"0,0,0,0,0,1,1,1,0,0,1,1,1,1,0,0,1,0,0,1,1",0.486,0.7,0.5395,0.4894894894894895,0.652,0.5591766723842195,0.486,0.5969374179840088
"1,0,0,1,0,1,0,0,1,0,0,0,1,0,1,1,1,1,0,1,1",0.456,0.79,0.5395,0.46706586826347307,0.624,0.5342465753424658,0.45599999999999996,0.6516444683074951
"1,0,1,1,1,1,1,0,0,0,0,0,1,0,0,1,1,1,1,1,0",0.512,0.62,0.539,0.5085714285714286,0.712,0.5933333333333334,0.512,0.5676047801971436
"1,0,1,1,1,0,0,1,1,1,1,0,1,1,1,1,0,0,1,1,1",0.472,0.74,0.5389999999999999,0.47368421052631576,0.504,0.4883720930232558,0.472,0.6136536598205566
"1,0,0,0,0,1,1,1,1,1,1,1,0,0,0,1,1,0,1,1,1",0.452,0.8,0.5389999999999999,0.4620253164556962,0.584,0.5159010600706714,0.45199999999999996,0.6426582336425781
"1,1,1,1,1,1,1,1,1,0,0,1,0,1,1,1,1,0,1,1,0",0.472,0.74,0.5389999999999999,0.4728682170542636,0.488,0.48031496062992124,0.472,0.6201627254486084
"0,0,1,1,1,1,0,0,1,1,0,1,1,0,1,0,1,1,1,1,0",0.482,0.71,0.5389999999999999,0.48732394366197185,0.692,0.571900826446281,0.482,0.5759758949279785
"0,0,0,0,0,0,0,0,0,1,1,1,0,0,1,0,1,1,0,1,0",0.438,0.84,0.5385,0.4298642533936652,0.38,0.4033970276008493,0.438,0.5484480857849121
"1,0,1,0,0,0,1,1,1,1,1,0,0,0,1,0,1,0,1,1,1",0.478,0.72,0.5385,0.47393364928909953,0.4,0.43383947939262474,0.47800000000000004,0.6292939186096191
"1,1,1,1,0,1,0,1,0,0,0,0,1,0,1,1,0,0,1,1,0",0.528,0.57,0.5385,0.5158371040723982,0.912,0.6589595375722543,0.528,0.5907495021820068
"1,1,0,0,1,1,0,1,1,0,0,0,1,0,1,1,1,1,1,1,1",0.488,0.69,0.5385,0.48672566371681414,0.44,0.46218487394957986,0.488,0.5859866142272949
"0,1,0,1,1,1,1,0,0,0,1,1,0,0,0,0,1,0,1,1,0",0.464,0.76,0.538,0.45794392523364486,0.392,0.4224137931034483,0.464,0.5686614513397217
"1,1,0,1,1,1,0,0,1,1,1,1,1,0,1,1,0,0,1,0,0",0.504,0.64,0.538,0.5021459227467812,0.936,0.6536312849162011,0.504,0.59521484375
"0,1,0,1,1,1,0,0,0,1,1,1,0,0,0,0,0,0,1,1,0",0.464,0.76,0.538,0.45794392523364486,0.392,0.4224137931034483,0.464,0.5757710933685303
"1,1,0,1,1,1,0,1,1,0,1,1,0,1,1,1,1,0,1,0,0",0.504,0.64,0.538,0.5021459227467812,0.936,0.6536312849162011,0.504,0.5684299468994141
"1,1,0,1,0,1,1,0,0,0,0,0,1,1,1,0,0,0,0,0,0",0.484,0.7,0.538,0.46875,0.24,0.31746031746031744,0.484,0.5558404922485352
"1,1,0,0,0,0,1,1,0,1,1,1,0,0,1,0,0,1,0,0,0",0.484,0.7,0.538,0.4867549668874172,0.588,0.532608695652174,0.484,0.5701494216918945
"1,0,0,1,0,0,0,1,1,1,0,0,0,1,1,0,0,1,0,1,0",0.45,0.8,0.5375000000000001,0.46397694524495675,0.644,0.5393634840871022,0.45,0.6139144897460938
"1,1,1,1,0,0,1,1,0,1,1,0,0,0,1,0,1,1,1,1,1",0.47,0.74,0.5375,0.4758842443729904,0.592,0.5276292335115864,0.47,0.6088643074035645
"1,1,0,1,1,1,0,0,1,1,1,1,0,1,1,1,1,0,0,1,1",0.49,0.68,0.5375,0.4943310657596372,0.872,0.6309696092619392,0.49,0.5927848815917969
"1,1,0,1,0,0,0,1,1,1,0,1,1,0,0,0,0,0,1,0,1",0.5,0.65,0.5375,0.5,0.356,0.4158878504672897,0.5,0.5942413806915283
"1,1,1,0,0,1,0,0,0,0,1,0,1,1,0,0,1,1,1,1,1",0.46,0.77,0.5375,0.46153846153846156,0.48,0.47058823529411764,0.45999999999999996,0.597449541091919
"0,1,1,1,0,0,0,0,1,1,1,0,1,0,1,0,0,1,1,0,1",0.47,0.74,0.5375,0.4755700325732899,0.584,0.5242369838420108,0.47,0.67006516456604
"1,0,1,1,1,0,1,1,0,1,1,0,1,1,1,1,0,1,0,0,0",0.51,0.62,0.5375,0.5117370892018779,0.436,0.4708423326133909,0.51,0.5624136924743652
"1,1,1,0,0,1,0,1,1,0,1,0,0,0,1,1,1,1,0,0,0",0.476,0.72,0.537,0.4719626168224299,0.404,0.4353448275862069,0.47600000000000003,0.5755295753479004
"1,0,0,0,1,1,1,0,1,1,0,1,0,0,1,1,0,1,0,1,0",0.466,0.75,0.537,0.469964664310954,0.532,0.49906191369606,0.466,0.6405129432678223
"1,1,0,1,1,1,1,0,0,1,0,1,0,1,1,1,0,1,0,0,1",0.466,0.75,0.537,0.4763231197771588,0.684,0.5615763546798029,0.466,0.575244665145874
"0,0,1,1,0,0,0,0,1,1,1,1,0,0,1,0,0,0,1,0,1",0.476,0.72,0.5369999999999999,0.4552238805970149,0.244,0.3177083333333333,0.476,0.638019323348999
"1,0,1,0,0,0,0,0,1,0,0,1,0,0,0,1,1,0,1,0,1",0.446,0.81,0.5369999999999999,0.423728813559322,0.3,0.351288056206089,0.44599999999999995,0.6204988956451416
"1,0,1,1,1,1,1,0,0,0,0,0,1,1,1,0,0,1,1,0,0",0.496,0.66,0.5369999999999999,0.4975369458128079,0.808,0.6158536585365854,0.496,0.5844612121582031
"1,1,0,0,0,0,0,0,0,1,0,1,1,0,0,0,1,1,0,0,1",0.486,0.69,0.5369999999999999,0.4859437751004016,0.484,0.4849699398797595,0.486,0.593940258026123
"0,0,1,1,1,1,0,1,0,0,0,0,0,1,0,1,0,1,0,0,1",0.452,0.79,0.5365,0.4664804469273743,0.668,0.5493421052631579,0.452,0.6102843284606934
"1,1,1,0,1,0,0,1,1,0,0,0,1,1,0,1,0,0,0,1,0",0.472,0.73,0.5365,0.4703389830508475,0.444,0.4567901234567901,0.472,0.579883337020874
"0,0,0,1,1,1,1,0,0,1,1,1,1,1,1,0,0,0,1,0,0",0.452,0.79,0.5365,0.4597315436241611,0.548,0.5,0.452,0.5626778602600098
"0,0,0,1,0,1,1,1,1,1,0,1,0,1,0,1,1,1,0,0,1",0.462,0.76,0.5365,0.44508670520231214,0.308,0.3640661938534279,0.46199999999999997,0.5811712741851807
"1,0,1,1,0,1,1,0,1,0,0,0,1,0,0,0,0,1,1,0,0",0.498,0.65,0.536,0.4909090909090909,0.108,0.17704918032786884,0.498,0.5493063926696777
"1,1,1,0,0,1,0,1,1,0,0,0,0,0,1,1,0,0,0,0,0",0.498,0.65,0.536,0.4909090909090909,0.108,0.17704918032786884,0.498,0.5234017372131348
"0,1,0,1,0,0,0,0,0,0,1,1,1,0,0,1,0,1,1,1,1",0.468,0.74,0.536,0.45652173913043476,0.336,0.3870967741935484,0.46799999999999997,0.5585596561431885
"0,0,1,1,0,0,0,0,1,1,1,1,0,1,1,0,1,1,1,0,1",0.458,0.77,0.536,0.4662379421221865,0.58,0.5169340463458111,0.45799999999999996,0.6213047504425049
"0,1,1,0,1,1,0,0,1,0,1,1,1,0,0,1,0,0,0,0,1",0.468,0.74,0.536,0.4595959595959596,0.364,0.40625,0.46799999999999997,0.6070437431335449
"1,0,0,1,0,0,0,0,1,0,1,0,0,0,0,0,0,0,1,0,0",0.518,0.59,0.536,0.5100222717149221,0.916,0.6552217453505007,0.518,0.5457708835601807
"0,0,0,1,1,0,0,1,0,0,1,0,0,1,0,1,0,1,0,1,1",0.458,0.77,0.536,0.4482758620689655,0.364,0.40176600441501104,0.458,0.5784423351287842
"0,0,0,0,0,0,1,0,1,1,1,0,0,0,0,0,1,0,0,1,0",0.498,0.65,0.536,0.4909090909090909,0.108,0.17704918032786884,0.498,0.5525379180908203
"0,0,1,0,1,0,1,1,1,1,0,0,0,1,1,0,0,0,0,1,0",0.508,0.62,0.536,0.5131578947368421,0.312,0.3880597014925373,0.508,0.5969161987304688
"1,1,0,1,1,1,1,0,1,0,0,1,0,1,0,0,0,1,1,0,1",0.498,0.65,0.536,0.49889135254988914,0.9,0.6419400855920114,0.498,0.6298618316650391
"0,0,0,0,0,0,1,1,0,1,0,1,1,0,1,1,1,0,0,1,1",0.488,0.68,0.536,0.4868421052631579,0.444,0.46443514644351463,0.488,0.6061525344848633
"1,1,0,0,0,1,0,1,0,1,1,1,1,0,0,0,1,1,0,0,0",0.454,0.78,0.5355000000000001,0.46153846153846156,0.552,0.5027322404371585,0.454,0.6153249740600586
"0,0,1,0,1,1,1,1,0,0,1,0,0,1,0,0,0,0,1,1,1",0.454,0.78,0.5355000000000001,0.4602076124567474,0.532,0.4935064935064935,0.454,0.5530445575714111
"0,0,0,1,0,1,1,1,1,0,0,1,1,1,1,1,0,0,0,1,0",0.444,0.81,0.5355000000000001,0.4306930693069307,0.348,0.38495575221238937,0.444,0.606957197189331
"0,0,1,0,0,0,0,0,0,1,0,1,1,1,0,0,0,0,0,1,0",0.514,0.6,0.5355,0.5167464114832536,0.432,0.47058823529411764,0.514,0.560401201248169
"0,0,1,1,1,0,0,1,0,1,1,1,1,0,0,1,1,0,0,1,0",0.464,0.75,0.5355,0.47,0.564,0.5127272727272727,0.46399999999999997,0.5894947052001953
"0,1,0,0,0,0,1,0,0,0,1,0,1,1,0,0,0,1,1,0,1",0.484,0.69,0.5355,0.44871794871794873,0.14,0.21341463414634146,0.484,0.5781247615814209
"1,1,0,0,1,0,1,0,0,1,0,1,0,1,0,1,1,0,0,1,0",0.484,0.69,0.5355,0.4787234042553192,0.36,0.410958904109589,0.484,0.5654640197753906
"0,0,0,1,1,0,0,0,1,0,1,1,0,0,0,1,0,0,0,0,1",0.514,0.6,0.5355,0.5421686746987951,0.18,0.2702702702702703,0.514,0.5543854236602783
"1,1,1,0,1,1,1,0,1,1,1,0,0,1,1,1,1,0,1,1,0",0.504,0.63,0.5355,0.5022421524663677,0.896,0.6436781609195402,0.504,0.6034164428710938
"0,1,0,0,0,0,1,0,1,0,0,0,0,0,0,0,1,0,0,0,1",0.514,0.6,0.5355,0.5167464114832536,0.432,0.47058823529411764,0.514,0.5442049503326416
"1,0,0,1,1,1,0,1,1,0,0,0,0,0,0,1,1,1,0,0,1",0.45,0.79,0.535,0.4493927125506073,0.444,0.44668008048289737,0.45,0.6085162162780762
"0,1,0,1,0,1,1,1,0,0,1,0,0,0,0,0,1,0,0,1,1",0.44,0.82,0.535,0.4581005586592179,0.656,0.5394736842105263,0.44,0.5940608978271484
"0,0,1,1,1,1,1,0,0,0,1,1,0,1,1,1,1,0,1,1,0",0.47,0.73,0.5349999999999999,0.4418604651162791,0.228,0.3007915567282322,0.47,0.6118788719177246
"0,1,1,1,0,1,0,1,1,1,1,1,1,1,0,1,1,1,0,0,0",0.456,0.77,0.5345,0.44148936170212766,0.332,0.3789954337899543,0.45599999999999996,0.6010046005249023
"0,1,1,0,1,1,0,1,0,1,1,1,0,0,0,1,1,1,0,0,0",0.456,0.77,0.5345,0.44148936170212766,0.332,0.3789954337899543,0.45599999999999996,0.5599253177642822
"0,0,0,1,0,1,1,1,1,1,1,0,0,1,1,0,0,1,1,0,1",0.456,0.77,0.5345,0.4654088050314465,0.592,0.5211267605633803,0.4559999999999999,0.6125049591064453
"1,0,1,1,1,0,0,0,1,1,1,0,0,0,0,0,0,1,1,0,1",0.486,0.68,0.5345,0.4899135446685879,0.68,0.5695142378559463,0.486,0.558652400970459
"1,0,0,0,0,1,0,1,1,0,1,0,1,0,1,0,0,1,0,1,0",0.466,0.74,0.5345,0.4611872146118721,0.404,0.43070362473347545,0.466,0.5711052417755127
"1,1,0,0,0,0,1,1,1,0,1,0,1,0,0,1,1,0,1,1,1",0.466,0.74,0.5345,0.45893719806763283,0.38,0.41575492341356673,0.466,0.5803475379943848
"0,1,0,0,0,0,0,1,1,0,0,1,0,0,1,0,0,1,0,1,0",0.506,0.62,0.5345,0.5067264573991032,0.452,0.47780126849894294,0.506,0.6031088829040527
"0,1,1,0,1,1,1,0,1,1,1,1,1,1,1,0,1,1,0,0,1",0.462,0.75,0.534,0.47129909365558914,0.624,0.5370051635111877,0.46199999999999997,0.6416416168212891
"1,1,0,0,0,1,0,0,0,0,1,1,1,0,0,0,1,1,1,0,1",0.462,0.75,0.534,0.4605809128630705,0.444,0.45213849287169044,0.46199999999999997,0.5789790153503418
"0,1,0,1,1,1,1,0,1,1,1,1,1,0,0,0,0,0,0,0,0",0.482,0.69,0.534,0.4786729857819905,0.404,0.43817787418655096,0.48200000000000004,0.5702884197235107
"0,1,0,1,1,1,0,1,0,0,1,1,0,0,0,1,1,0,1,0,0",0.482,0.69,0.534,0.4786729857819905,0.404,0.43817787418655096,0.48200000000000004,0.5683259963989258
"0,0,0,0,0,0,0,1,1,1,0,1,1,1,1,0,1,1,0,1,1",0.468,0.73,0.5335000000000001,0.476878612716763,0.66,0.5536912751677853,0.468,0.5743334293365479
"1,1,0,1,0,0,0,0,0,1,1,0,1,1,0,0,0,1,1,0,0",0.498,0.64,0.5335,0.4981949458483754,0.552,0.523719165085389,0.498,0.5540940761566162
"1,1,1,0,1,0,0,1,0,0,1,1,0,0,1,1,0,0,1,0,1",0.478,0.7,0.5335,0.47465437788018433,0.412,0.4411134903640257,0.478,0.5967435836791992
"0,0,1,0,1,1,0,0,0,0,0,1,1,0,0,0,0,0,0,0,1",0.468,0.73,0.5335,0.4701492537313433,0.504,0.4864864864864865,0.46799999999999997,0.5399343967437744
"1,0,1,0,0,0,0,0,1,1,1,0,1,0,1,0,0,0,0,0,0",0.498,0.64,0.5335,0.4981949458483754,0.552,0.523719165085389,0.498,0.5892212390899658
"1,0,1,0,0,1,0,1,1,0,1,0,0,1,0,1,1,0,0,1,1",0.458,0.76,0.5335,0.44,0.308,0.3623529411764706,0.45799999999999996,0.6163933277130127
"1,1,0,0,0,1,0,0,0,0,0,0,1,0,1,1,1,0,0,0,0",0.468,0.73,0.5335,0.4701492537313433,0.504,0.4864864864864865,0.46799999999999997,0.5492510795593262
"0,0,1,1,1,0,1,0,1,1,0,1,1,1,1,1,1,1,0,0,1",0.454,0.77,0.533,0.4474885844748858,0.392,0.417910447761194,0.454,0.6102328300476074
"1,1,1,0,1,1,1,1,1,0,0,1,0,1,1,1,1,0,1,1,0",0.474,0.71,0.533,0.4838709677419355,0.78,0.5972434915773354,0.47400000000000003,0.589069128036499
"1,1,1,0,1,1,1,1,1,0,1,1,0,0,1,1,0,1,1,0,1",0.494,0.65,0.533,0.4964200477326969,0.832,0.6218236173393124,0.494,0.5954642295837402
"1,1,0,1,1,1,0,0,0,1,0,1,1,0,1,0,0,1,0,0,1",0.504,0.62,0.533,0.5022026431718062,0.912,0.6477272727272727,0.504,0.6314549446105957
"1,1,1,0,0,1,1,1,1,1,0,1,1,0,0,1,0,0,1,1,1",0.464,0.74,0.533,0.45754716981132076,0.388,0.4199134199134199,0.464,0.6104087829589844
"0,0,0,0,0,0,1,1,0,0,1,1,0,0,0,0,0,1,1,1,0",0.474,0.71,0.5329999999999999,0.48284960422163586,0.732,0.5818759936406995,0.474,0.5335807800292969
"0,0,0,0,0,0,1,1,0,0,1,1,0,0,0,0,0,1,0,1,0",0.474,0.71,0.5329999999999999,0.48284960422163586,0.732,0.5818759936406995,0.474,0.5397276878356934
"0,0,0,0,0,1,0,0,1,1,1,1,1,0,1,1,1,1,0,1,1",0.434,0.83,0.5329999999999999,0.44891640866873067,0.58,0.506108202443281,0.43399999999999994,0.6336371898651123
"0,1,1,1,0,1,0,0,1,1,1,1,1,1,1,1,0,0,1,1,0",0.47,0.72,0.5325,0.4556213017751479,0.308,0.36754176610978523,0.47,0.6471872329711914
"1,0,1,0,0,0,0,0,0,0,0,1,0,0,0,0,0,1,0,1,1",0.46,0.75,0.5325,0.4489795918367347,0.352,0.39461883408071746,0.45999999999999996,0.5713720321655273
"0,1,1,0,0,0,1,1,0,1,0,0,0,1,0,1,0,1,1,0,1",0.48,0.69,0.5325,0.47023809523809523,0.316,0.37799043062200954,0.48,0.5813987255096436
"1,1,1,0,1,1,0,1,1,0,0,1,0,0,1,1,1,0,1,1,0",0.5,0.63,0.5325,0.5,0.796,0.6141975308641975,0.5,0.6032063961029053
"1,0,1,0,0,1,1,1,0,1,0,0,0,1,0,0,1,1,0,1,1",0.47,0.72,0.5325,0.46963562753036436,0.464,0.46680080482897385,0.47,0.637871265411377
"1,0,0,1,0,0,1,0,0,1,0,1,0,1,0,1,1,1,1,0,0",0.466,0.73,0.532,0.466403162055336,0.472,0.4691848906560636,0.46599999999999997,0.5738937854766846
"1,1,1,0,0,1,1,0,0,0,0,1,1,1,1,0,1,1,0,1,1",0.466,0.73,0.532,0.46320346320346323,0.428,0.44490644490644493,0.46599999999999997,0.6350069046020508
"0,1,1,1,0,1,0,1,0,1,0,1,1,1,0,0,0,0,1,0,1",0.456,0.76,0.532,0.4645161290322581,0.576,0.5142857142857142,0.45599999999999996,0.6242411136627197
"1,0,0,0,0,1,0,0,1,0,0,0,1,0,1,0,1,0,1,1,1",0.466,0.73,0.532,0.4728434504792332,0.592,0.5257548845470693,0.46599999999999997,0.6218574047088623
"1,0,1,1,0,1,0,0,1,0,0,0,1,0,1,1,0,1,0,0,1",0.446,0.79,0.532,0.4453441295546558,0.44,0.4426559356136821,0.446,0.5889935493469238
"1,0,0,0,0,1,0,1,1,1,0,1,1,0,0,1,1,0,1,1,1",0.452,0.77,0.5315000000000001,0.45714285714285713,0.512,0.4830188679245283,0.452,0.5890874862670898
"0,0,1,1,1,0,0,1,1,1,1,0,0,1,0,0,1,1,0,1,0",0.462,0.74,0.5315000000000001,0.468013468013468,0.556,0.5082266910420475,0.462,0.5992426872253418
"0,0,0,1,0,1,1,0,0,1,0,1,0,1,1,0,1,0,0,0,1",0.452,0.77,0.5315000000000001,0.4423076923076923,0.368,0.4017467248908297,0.452,0.6009492874145508
"1,1,0,1,0,1,0,1,1,1,1,0,0,1,0,0,0,0,1,1,0",0.462,0.74,0.5315000000000001,0.45622119815668205,0.396,0.42398286937901497,0.462,0.5675301551818848
"1,0,1,0,0,0,1,1,0,0,0,0,0,0,1,1,0,1,0,1,0",0.492,0.65,0.5315,0.49,0.392,0.43555555555555553,0.492,0.580979585647583
"0,1,0,1,1,0,1,0,0,1,1,0,0,1,1,0,1,0,1,1,1",0.452,0.77,0.5315,0.46407185628742514,0.62,0.5308219178082192,0.45199999999999996,0.6225643157958984
"1,1,1,0,1,0,0,0,0,1,1,1,0,1,1,0,0,0,1,1,1",0.498,0.63,0.531,0.4967741935483871,0.308,0.3802469135802469,0.498,0.5706017017364502
"0,0,1,1,1,0,1,1,1,0,1,1,1,1,0,1,0,0,1,0,1",0.458,0.75,0.531,0.43312101910828027,0.272,0.33415233415233414,0.458,0.6438367366790771
"0,1,0,0,1,1,0,1,1,0,1,1,0,1,0,0,0,1,1,1,1",0.458,0.75,0.5309999999999999,0.45569620253164556,0.432,0.44353182751540043,0.45799999999999996,0.5772044658660889
"1,0,1,1,0,1,1,1,0,0,1,1,1,1,0,1,1,1,1,0,0",0.454,0.76,0.5305,0.45064377682403434,0.42,0.43478260869565216,0.45399999999999996,0.568037748336792
"1,1,0,1,1,0,0,0,1,0,1,1,1,1,1,1,1,1,1,0,0",0.504,0.61,0.5305,0.5026737967914439,0.752,0.6025641025641025,0.504,0.5747940540313721
"1,0,1,0,1,0,1,1,1,1,0,1,1,0,0,1,0,1,0,0,1",0.494,0.64,0.5305,0.49214659685863876,0.376,0.42630385487528344,0.494,0.5834684371948242
"0,1,1,0,1,1,0,1,0,1,0,1,1,1,1,1,1,1,1,1,1",0.444,0.79,0.5305,0.4448818897637795,0.452,0.44841269841269843,0.444,0.5797300338745117
"1,0,1,1,1,1,1,0,0,1,0,1,1,1,1,0,1,1,0,0,1",0.464,0.73,0.5305,0.47643979057591623,0.728,0.5759493670886076,0.46399999999999997,0.6078817844390869
"1,0,0,0,1,0,0,0,0,0,0,0,1,1,1,0,1,1,1,0,1",0.46,0.74,0.53,0.4519230769230769,0.376,0.4104803493449782,0.46,0.6156096458435059
"0,0,0,1,0,0,0,0,0,0,1,0,1,1,1,0,1,1,0,0,0",0.46,0.74,0.53,0.4576271186440678,0.432,0.4444444444444444,0.45999999999999996,0.5445177555084229
"1,0,0,1,0,1,0,0,1,0,1,1,0,1,0,0,1,0,1,1,0",0.48,0.68,0.53,0.48756218905472637,0.784,0.6012269938650306,0.48,0.5852725505828857
"1,1,0,1,1,1,0,1,1,1,1,0,1,0,0,1,0,1,0,0,0",0.49,0.65,0.53,0.49445676274944567,0.892,0.6362339514978602,0.49,0.5864145755767822
"1,1,0,0,1,0,1,0,0,1,0,0,0,1,0,0,0,1,0,1,1",0.47,0.71,0.53,0.4634146341463415,0.38,0.4175824175824176,0.47000000000000003,0.6016960144042969
"1,0,0,1,1,1,1,1,0,0,0,1,0,1,1,1,0,1,0,0,1",0.45,0.77,0.53,0.4564459930313589,0.524,0.48789571694599626,0.45,0.6003429889678955
"0,1,1,0,0,1,0,0,1,1,0,1,1,0,1,1,0,1,0,0,0",0.48,0.68,0.53,0.48756218905472637,0.784,0.6012269938650306,0.48,0.5361113548278809
"0,1,0,1,1,1,0,0,1,0,0,0,0,1,0,1,1,0,0,1,1",0.44,0.8,0.53,0.4409448818897638,0.448,0.4444444444444444,0.44,0.5753364562988281
"0,1,0,1,1,1,1,0,0,1,1,0,1,1,0,0,0,1,0,1,1",0.45,0.77,0.53,0.4493927125506073,0.444,0.44668008048289737,0.45,0.6472697257995605
"1,1,1,1,1,0,0,1,1,0,1,0,0,0,1,1,1,0,1,1,0",0.48,0.68,0.53,0.4780701754385965,0.436,0.4560669456066946,0.48,0.5782558917999268
"0,0,0,0,1,0,0,0,0,0,1,0,1,1,1,0,0,1,1,0,0",0.46,0.74,0.53,0.4576271186440678,0.432,0.4444444444444444,0.45999999999999996,0.5329911708831787
"1,1,1,1,1,1,1,0,0,1,1,0,1,0,0,0,1,1,1,0,1",0.47,0.71,0.53,0.4780058651026393,0.652,0.5516074450084603,0.47,0.6293535232543945
"1,1,0,1,1,1,0,0,1,1,1,0,1,0,1,0,1,1,0,1,1",0.486,0.66,0.5295,0.4919908466819222,0.86,0.6259097525473072,0.486,0.653702974319458
"0,1,1,0,1,1,1,0,0,1,0,0,1,0,0,0,1,0,1,1,1",0.456,0.75,0.5295,0.4388888888888889,0.316,0.3674418604651163,0.45599999999999996,0.5618016719818115
"1,1,1,1,0,1,1,1,1,1,0,0,0,0,0,0,0,0,0,0,1",0.496,0.63,0.5295,0.4975247524752475,0.804,0.6146788990825688,0.496,0.5815396308898926
"0,1,1,1,0,1,0,1,0,1,0,1,0,0,1,1,0,1,0,0,0",0.442,0.79,0.529,0.42786069651741293,0.344,0.38137472283813745,0.442,0.58138108253479
"0,0,1,0,0,0,1,0,1,1,1,1,0,1,1,1,1,1,0,0,0",0.472,0.7,0.529,0.425531914893617,0.16,0.23255813953488372,0.47200000000000003,0.5549886226654053
"0,0,1,0,0,0,1,0,1,1,1,1,1,0,1,1,0,1,1,0,0",0.472,0.7,0.529,0.425531914893617,0.16,0.23255813953488372,0.47200000000000003,0.573173999786377
"0,1,1,0,1,1,0,1,0,1,0,1,1,0,1,1,1,0,0,1,1",0.482,0.67,0.529,0.48854961832061067,0.768,0.5972006220839814,0.482,0.6519699096679688
"1,0,1,0,0,0,0,1,1,1,1,0,1,1,1,1,1,0,0,1,1",0.482,0.67,0.5289999999999999,0.4716981132075472,0.3,0.36674816625916873,0.482,0.6494381427764893
"0,0,0,1,1,0,1,1,1,0,1,1,1,0,1,1,0,1,1,0,1",0.458,0.74,0.5285,0.4743276283618582,0.776,0.5887708649468892,0.458,0.5832743644714355
"0,1,0,1,1,0,1,0,0,1,1,1,1,0,0,1,0,1,0,0,1",0.448,0.77,0.5285,0.43564356435643564,0.352,0.3893805309734513,0.448,0.6031627655029297
"0,0,1,1,0,0,1,1,0,0,0,0,1,1,0,1,1,1,0,0,1",0.478,0.68,0.5285,0.4816053511705686,0.576,0.5245901639344263,0.478,0.5702693462371826
"1,1,0,0,1,0,1,0,0,0,0,1,1,0,1,0,0,0,0,0,1",0.474,0.69,0.528,0.4392523364485981,0.188,0.26330532212885155,0.474,0.5495798587799072
"0,0,0,1,1,1,0,1,0,1,1,0,1,1,1,1,1,1,1,0,0",0.444,0.78,0.528,0.4411764705882353,0.42,0.430327868852459,0.444,0.5534052848815918
"0,0,0,0,0,0,0,1,0,1,0,1,1,1,0,0,0,0,1,1,1",0.474,0.69,0.528,0.4786885245901639,0.584,0.5261261261261261,0.474,0.5797486305236816
"0,1,0,0,0,0,0,1,0,0,1,1,1,0,1,0,1,0,1,0,1",0.484,0.66,0.528,0.4883720930232558,0.672,0.5656565656565656,0.484,0.6262030601501465
"0,0,1,1,0,1,1,1,1,0,0,1,0,1,0,1,1,1,0,1,0",0.43,0.82,0.5275000000000001,0.41784037558685444,0.356,0.38444924406047515,0.43,0.5994317531585693
"0,1,0,0,0,0,1,1,1,0,0,0,1,1,1,0,1,0,0,0,0",0.48,0.67,0.5275,0.48663101604278075,0.728,0.5833333333333334,0.48,0.5642168521881104
"1,0,0,0,0,0,0,1,0,1,1,0,0,0,0,1,0,1,1,1,0",0.476,0.68,0.527,0.4861751152073733,0.844,0.6169590643274854,0.476,0.5438916683197021
"0,1,0,1,0,1,0,0,0,1,1,0,0,0,0,0,0,1,0,1,0",0.436,0.8,0.527,0.42727272727272725,0.376,0.4,0.436,0.5675992965698242
"1,0,0,1,1,0,1,1,0,1,1,0,1,0,0,0,1,1,1,1,1",0.466,0.71,0.5269999999999999,0.46153846153846156,0.408,0.43312101910828027,0.46599999999999997,0.6345808506011963
"0,0,0,0,1,0,1,1,1,0,1,0,1,1,0,0,0,1,1,0,1",0.476,0.68,0.5269999999999999,0.38461538461538464,0.08,0.13245033112582782,0.476,0.5867881774902344
"0,1,1,1,0,1,1,0,0,0,1,1,1,1,0,0,0,1,0,0,0",0.446,0.77,0.5269999999999999,0.44155844155844154,0.408,0.42411642411642414,0.44599999999999995,0.6059608459472656
"0,1,1,0,1,0,0,0,0,1,1,1,0,0,0,1,0,0,1,1,1",0.482,0.66,0.5265,0.48760330578512395,0.708,0.5774877650897227,0.482,0.6352977752685547
"1,1,1,0,0,1,1,1,0,1,1,0,0,0,0,0,0,1,1,1,0",0.432,0.81,0.5265,0.42916666666666664,0.412,0.4204081632653061,0.432,0.5754663944244385
"1,0,0,0,1,0,1,1,1,1,1,0,1,1,0,1,0,1,0,1,0",0.458,0.73,0.526,0.4524886877828054,0.4,0.4246284501061571,0.458,0.6433296203613281
"0,1,1,0,1,0,0,0,0,0,1,1,0,0,1,0,0,1,0,0,1",0.468,0.7,0.526,0.47560975609756095,0.624,0.5397923875432526,0.46799999999999997,0.5764708518981934
"1,1,1,1,0,1,1,0,1,1,0,0,0,0,0,0,1,0,1,1,0",0.508,0.58,0.526,0.5042194092827004,0.956,0.6602209944751382,0.508,0.5825765132904053
"0,1,1,1,1,0,1,1,1,1,1,0,0,1,1,1,0,0,1,0,1",0.428,0.82,0.526,0.423728813559322,0.4,0.411522633744856,0.42800000000000005,0.5724716186523438
"0,1,1,0,0,1,0,1,1,1,1,1,0,0,0,0,0,1,1,1,0",0.428,0.82,0.526,0.4032258064516129,0.3,0.3440366972477064,0.42800000000000005,0.5595438480377197
"0,0,0,0,1,0,1,1,0,0,1,1,0,0,1,1,1,0,0,1,0",0.478,0.67,0.526,0.4720812182741117,0.372,0.4161073825503356,0.478,0.5703284740447998
"1,0,1,1,1,1,0,1,1,1,1,1,0,0,0,0,0,1,0,0,1",0.468,0.7,0.526,0.4786096256684492,0.716,0.5737179487179487,0.46799999999999997,0.6126527786254883
"1,0,1,0,0,0,0,0,1,1,1,1,1,1,1,1,0,1,1,0,0",0.478,0.67,0.526,0.47808764940239046,0.48,0.47904191616766467,0.478,0.5925602912902832
"0,1,1,0,0,1,1,0,0,1,0,1,0,0,1,0,0,0,1,0,1",0.444,0.77,0.5255000000000001,0.44308943089430897,0.436,0.43951612903225806,0.444,0.6114835739135742
"0,0,1,0,1,1,1,1,0,1,1,0,0,1,0,1,0,0,0,1,0",0.454,0.74,0.5255000000000001,0.4449760765550239,0.372,0.40522875816993464,0.454,0.5596752166748047
"0,0,1,1,1,0,0,0,0,0,1,0,1,1,0,0,0,1,1,0,1",0.444,0.77,0.5255000000000001,0.45857988165680474,0.62,0.5272108843537415,0.444,0.6332612037658691
"1,1,0,0,1,0,1,1,0,1,0,0,0,0,0,1,0,0,0,1,1",0.474,0.68,0.5255,0.46153846153846156,0.312,0.3723150357995227,0.474,0.6155776977539062
"1,1,1,1,0,1,1,0,0,1,0,1,0,0,0,1,0,1,1,0,0",0.474,0.68,0.5255,0.4827586206896552,0.728,0.580542264752791,0.474,0.5865821838378906
"1,1,1,0,0,1,0,0,1,0,0,0,0,1,1,1,1,0,0,1,1",0.48,0.66,0.525,0.4642857142857143,0.26,0.3333333333333333,0.48,0.6190602779388428
"1,1,0,0,0,1,1,0,0,1,0,1,0,0,1,0,0,1,0,0,0",0.47,0.69,0.5249999999999999,0.46808510638297873,0.44,0.4536082474226804,0.47,0.5686154365539551
"1,1,0,0,0,0,1,1,0,0,0,1,0,1,0,0,0,1,1,0,0",0.47,0.69,0.5249999999999999,0.4686192468619247,0.448,0.4580777096114519,0.47,0.6088039875030518
"1,1,1,0,1,0,1,0,0,0,0,1,0,1,1,0,0,1,1,0,1",0.446,0.76,0.5245,0.41818181818181815,0.276,0.3325301204819277,0.446,0.6377110481262207
"0,0,0,1,0,1,1,1,1,1,0,1,1,0,1,1,0,0,0,0,0",0.436,0.79,0.5245,0.43103448275862066,0.4,0.4149377593360996,0.436,0.5644333362579346
"1,1,0,0,1,1,0,1,1,0,0,1,1,1,1,1,1,0,1,1,0",0.486,0.64,0.5245,0.4578313253012048,0.152,0.22822822822822822,0.486,0.5895533561706543
"0,1,0,0,0,0,0,0,1,0,1,1,0,1,0,0,1,1,0,0,1",0.446,0.76,0.5245,0.45054945054945056,0.492,0.47036328871892924,0.446,0.6065349578857422
"1,0,0,1,0,0,0,0,0,0,1,0,1,1,0,1,0,0,1,1,0",0.456,0.73,0.5245,0.46206896551724136,0.536,0.4962962962962963,0.456,0.5682854652404785
"1,1,1,0,0,1,0,0,0,1,0,1,0,0,0,0,0,1,1,0,0",0.476,0.67,0.5245,0.4482758620689655,0.208,0.28415300546448086,0.476,0.5562763214111328
"1,0,1,1,0,1,1,0,1,1,0,1,1,1,0,0,0,1,1,1,0",0.476,0.67,0.5245,0.4642857142857143,0.312,0.37320574162679426,0.476,0.6316688060760498
"1,0,0,1,0,0,0,0,0,1,0,0,1,1,1,0,1,0,1,0,1",0.456,0.73,0.5245,0.4691011235955056,0.668,0.5511551155115512,0.456,0.617236852645874
"0,1,1,0,0,1,1,0,0,0,0,1,1,0,1,1,1,0,0,1,0",0.446,0.76,0.5245,0.43891402714932126,0.388,0.4118895966029724,0.446,0.5814628601074219
"1,1,1,1,1,1,0,0,1,1,0,0,0,0,1,1,1,1,0,1,1",0.472,0.68,0.524,0.4732824427480916,0.496,0.484375,0.472,0.593017578125
"0,0,0,1,0,0,0,1,1,1,1,0,0,1,0,0,0,1,0,0,1",0.442,0.77,0.524,0.42162162162162165,0.312,0.3586206896551724,0.44199999999999995,0.5600020885467529
"1,0,1,0,1,0,0,0,0,0,0,1,0,1,0,1,1,1,1,1,0",0.468,0.69,0.5235000000000001,0.4444444444444444,0.256,0.3248730964467005,0.468,0.5622968673706055
"0,1,0,1,0,1,1,0,1,1,1,0,0,1,1,1,1,1,0,1,1",0.418,0.84,0.5235000000000001,0.4226415094339623,0.448,0.4349514563106796,0.41800000000000004,0.6412928104400635
"0,0,0,0,0,1,0,1,0,0,1,0,1,0,1,0,0,0,0,1,0",0.428,0.81,0.5235000000000001,0.4090909090909091,0.324,0.36160714285714285,0.42800000000000005,0.537790060043335
"1,0,0,0,1,0,0,0,0,1,1,0,0,1,0,1,1,1,1,1,0",0.468,0.69,0.5235,0.47419354838709676,0.588,0.525,0.46799999999999997,0.5925557613372803
"1,0,1,1,1,0,1,0,1,0,0,1,1,1,1,0,1,1,0,0,0",0.468,0.69,0.5235,0.45348837209302323,0.312,0.3696682464454976,0.46799999999999997,0.6013805866241455
"0,1,1,1,0,1,0,1,1,0,0,0,0,0,1,1,1,0,0,0,0",0.444,0.76,0.523,0.44814814814814813,0.484,0.4653846153846154,0.444,0.5800716876983643
"0,1,1,1,1,1,0,1,0,1,0,1,1,1,0,0,1,0,0,0,0",0.494,0.61,0.523,0.4961636828644501,0.776,0.6053042121684867,0.494,0.5192482471466064
"0,0,0,0,0,1,0,1,0,0,1,0,1,1,1,1,0,0,1,0,0",0.444,0.76,0.523,0.4339622641509434,0.368,0.39826839826839827,0.444,0.5416276454925537
"1,0,0,0,1,0,1,1,1,1,0,1,1,0,0,1,0,1,0,0,1",0.444,0.76,0.5229999999999999,0.4573170731707317,0.6,0.5190311418685121,0.44399999999999995,0.581298828125
"1,0,0,1,0,0,1,1,0,0,0,1,0,1,0,0,0,1,1,1,1",0.46,0.71,0.5225,0.4742268041237113,0.736,0.5768025078369906,0.45999999999999996,0.6427562236785889
"0,1,1,1,0,1,1,1,0,1,1,0,1,1,0,1,1,1,1,0,1",0.45,0.74,0.5225,0.4603174603174603,0.58,0.5132743362831859,0.44999999999999996,0.6160399913787842
"1,1,1,1,1,0,1,1,0,0,1,0,0,1,1,1,1,0,1,0,1",0.436,0.78,0.522,0.42857142857142855,0.384,0.4050632911392405,0.436,0.6257495880126953
"1,0,0,0,0,0,1,0,0,1,0,0,0,1,1,0,1,0,1,1,0",0.466,0.69,0.522,0.47017543859649125,0.536,0.5009345794392523,0.466,0.5437204837799072
"1,1,0,1,1,1,1,0,0,1,1,1,0,0,0,1,1,1,1,0,0",0.442,0.76,0.5215000000000001,0.4586894586894587,0.644,0.5357737104825291,0.442,0.5783445835113525
"1,1,1,1,1,0,1,1,1,0,1,1,1,0,0,1,1,1,1,0,1",0.472,0.67,0.5215,0.46195652173913043,0.34,0.391705069124424,0.472,0.6092100143432617
"0,0,0,0,1,0,0,1,1,1,0,1,1,1,0,1,1,1,1,0,1",0.462,0.7,0.5215,0.4409937888198758,0.284,0.34549878345498786,0.46199999999999997,0.633739709854126
"0,0,1,0,1,1,1,1,0,1,1,1,1,1,0,0,0,0,0,0,0",0.428,0.8,0.5210000000000001,0.4395973154362416,0.524,0.4781021897810219,0.42800000000000005,0.5558598041534424
"0,0,1,0,1,1,0,1,0,0,1,1,1,1,0,0,1,0,1,0,0",0.428,0.8,0.5210000000000001,0.4395973154362416,0.524,0.4781021897810219,0.42800000000000005,0.5248830318450928
"0,0,0,1,1,1,0,0,0,1,1,0,0,1,0,1,0,0,1,0,0",0.428,0.8,0.5210000000000001,0.4395973154362416,0.524,0.4781021897810219,0.42800000000000005,0.6144490242004395
"0,1,1,0,0,1,0,1,0,0,1,0,0,1,0,0,0,0,1,0,0",0.428,0.8,0.5210000000000001,0.4395973154362416,0.524,0.4781021897810219,0.42800000000000005,0.5489993095397949
"1,0,0,0,1,1,0,1,1,0,1,0,1,0,1,1,0,1,1,1,0",0.488,0.62,0.521,0.49271844660194175,0.812,0.6132930513595166,0.48800000000000004,0.5678656101226807
"0,1,1,0,0,1,0,0,0,0,1,0,1,0,0,0,0,0,0,0,1",0.438,0.77,0.521,0.4478114478114478,0.532,0.48628884826325414,0.438,0.5714514255523682
"0,0,0,1,1,1,1,0,0,1,1,0,0,0,0,1,1,1,1,0,0",0.438,0.77,0.521,0.4478114478114478,0.532,0.48628884826325414,0.438,0.559638500213623
"0,0,1,0,1,1,0,1,0,0,1,1,0,1,0,0,0,0,1,1,0",0.438,0.77,0.521,0.4478114478114478,0.532,0.48628884826325414,0.438,0.5743856430053711
"0,1,0,1,1,0,0,0,1,1,0,0,1,1,0,1,1,0,1,1,0",0.448,0.74,0.5209999999999999,0.4308510638297872,0.324,0.3698630136986301,0.44799999999999995,0.5902836322784424
"1,1,1,1,0,0,1,0,0,0,1,0,1,0,0,0,0,0,1,1,0",0.474,0.66,0.5205,0.4807121661721068,0.648,0.5519591141396933,0.474,0.5706887245178223
"0,0,0,0,0,0,0,1,1,1,0,0,1,1,0,0,0,1,1,0,1",0.464,0.69,0.5205,0.46691176470588236,0.508,0.48659003831417624,0.46399999999999997,0.6240441799163818
"0,1,1,1,1,0,0,1,1,0,1,1,0,0,0,1,0,1,1,1,1",0.484,0.63,0.5205,0.4911504424778761,0.888,0.6324786324786325,0.484,0.6120727062225342
"1,0,0,0,1,0,0,1,0,0,0,0,0,1,1,1,0,1,0,1,1",0.454,0.72,0.5205,0.4530612244897959,0.444,0.4484848484848485,0.454,0.6429822444915771
"1,1,1,0,0,1,0,0,0,0,1,1,0,0,0,1,1,1,0,1,1",0.434,0.78,0.5205,0.43529411764705883,0.444,0.4396039603960396,0.434,0.6101157665252686
"1,1,1,0,1,1,0,0,1,1,0,0,1,0,1,0,0,1,0,0,0",0.504,0.57,0.5205,0.5026737967914439,0.752,0.6025641025641025,0.504,0.5615994930267334
"1,1,1,0,0,0,0,1,0,1,0,0,1,0,1,1,1,0,0,0,1",0.464,0.69,0.5205,0.44155844155844154,0.272,0.33663366336633666,0.464,0.6100735664367676
"0,1,0,0,0,1,1,1,0,1,1,0,0,0,0,0,1,0,1,1,1",0.48,0.64,0.52,0.4867021276595745,0.732,0.5846645367412141,0.48,0.5926675796508789
"1,1,0,0,0,0,1,1,1,1,0,1,1,0,1,1,1,0,1,1,1",0.47,0.67,0.52,0.4369747899159664,0.208,0.28184281842818426,0.47,0.570411205291748
"1,1,0,0,1,1,0,1,0,1,1,1,0,0,1,0,1,1,1,0,1",0.45,0.73,0.52,0.4521072796934866,0.472,0.461839530332681,0.44999999999999996,0.6010105609893799
"0,1,1,1,0,1,0,1,0,0,1,0,1,0,1,1,1,0,1,0,1",0.466,0.68,0.5195,0.4577114427860697,0.368,0.4079822616407982,0.46599999999999997,0.6202876567840576
"1,1,1,0,0,1,0,1,0,0,0,0,1,1,0,1,0,0,0,0,0",0.476,0.65,0.5195,0.44,0.176,0.25142857142857145,0.476,0.5286624431610107
"1,0,0,1,1,1,1,0,0,1,0,0,1,1,0,1,0,0,0,0,0",0.476,0.65,0.5195,0.44,0.176,0.25142857142857145,0.476,0.5610976219177246
"0,1,1,0,1,1,0,1,0,0,0,0,0,0,0,0,1,0,0,0,0",0.476,0.65,0.5195,0.44,0.176,0.25142857142857145,0.476,0.534259557723999
"0,0,1,0,1,0,0,0,0,1,1,0,1,0,0,0,0,0,1,1,1",0.482,0.63,0.519,0.47305389221556887,0.316,0.37889688249400477,0.482,0.5647618770599365
"1,1,0,1,1,1,1,1,0,0,0,0,0,0,0,0,0,0,1,1,1",0.472,0.66,0.519,0.4779874213836478,0.608,0.5352112676056338,0.472,0.6013896465301514
"1,1,0,0,1,0,1,1,1,0,0,1,0,0,0,0,1,0,1,1,0",0.482,0.63,0.519,0.47019867549668876,0.284,0.3541147132169576,0.482,0.5757999420166016
"1,1,0,0,0,0,1,0,1,0,0,1,0,1,1,1,0,0,0,1,0",0.452,0.72,0.519,0.4469026548672566,0.404,0.42436974789915966,0.452,0.5858469009399414
"1,0,0,0,0,1,0,0,1,0,0,0,1,0,1,1,0,1,1,1,1",0.458,0.7,0.5185,0.46956521739130436,0.648,0.5445378151260504,0.458,0.5706419944763184
"1,0,0,1,1,1,0,0,1,0,0,0,0,0,0,1,0,1,1,0,1",0.448,0.73,0.5185,0.44396551724137934,0.412,0.42738589211618255,0.44799999999999995,0.564075231552124
"0,0,0,1,1,1,0,0,0,0,0,0,1,1,0,1,0,1,1,0,1",0.438,0.76,0.5185,0.4432234432234432,0.484,0.4627151051625239,0.438,0.5648140907287598
"1,0,0,1,0,1,1,1,0,1,0,1,0,0,1,1,1,1,0,1,1",0.448,0.73,0.5185,0.4585987261146497,0.576,0.5106382978723404,0.44799999999999995,0.604560136795044
"1,1,0,1,0,1,0,0,1,1,1,0,1,0,0,1,0,0,1,1,0",0.434,0.77,0.518,0.4372623574144487,0.46,0.44834307992202727,0.434,0.6223959922790527
"0,1,0,1,0,0,0,0,1,1,0,1,0,0,0,0,0,1,1,1,0",0.464,0.68,0.518,0.4457831325301205,0.296,0.3557692307692308,0.46399999999999997,0.6030416488647461
"1,0,0,0,1,0,1,1,0,1,0,0,1,0,1,0,1,1,0,1,1",0.43,0.78,0.5175000000000001,0.42290748898678415,0.384,0.4025157232704403,0.43,0.5888919830322266
"0,0,1,0,1,1,0,1,0,1,0,0,0,1,1,1,1,0,0,1,1",0.44,0.75,0.5175000000000001,0.42924528301886794,0.364,0.3939393939393939,0.44,0.606637716293335
"0,1,1,1,0,0,1,0,0,0,1,0,1,1,0,1,0,0,1,1,0",0.44,0.75,0.5175000000000001,0.4380165289256198,0.424,0.43089430894308944,0.44,0.6005771160125732
"0,0,1,1,0,1,0,1,1,1,0,0,1,1,1,0,0,1,0,0,0",0.44,0.75,0.5175000000000001,0.4364406779661017,0.412,0.42386831275720166,0.44,0.5920228958129883
"0,1,0,1,0,1,0,1,1,1,0,0,0,0,1,0,1,0,0,1,0",0.44,0.75,0.5175000000000001,0.44485294117647056,0.484,0.46360153256704983,0.44,0.5428950786590576
"0,1,0,0,1,1,1,1,1,1,1,1,0,1,1,0,0,0,1,0,0",0.436,0.76,0.517,0.4322033898305085,0.408,0.419753086419753,0.436,0.5881180763244629
"0,1,0,0,1,1,1,1,0,1,1,0,0,0,1,0,0,0,0,0,0",0.436,0.76,0.517,0.4322033898305085,0.408,0.41975308641975306,0.436,0.5522603988647461
"1,1,0,1,1,1,1,1,1,1,0,0,1,1,0,1,0,0,0,1,1",0.456,0.7,0.517,0.4723618090452261,0.752,0.5802469135802469,0.456,0.5957059860229492
"0,1,1,1,1,0,0,1,1,1,1,1,0,0,0,1,0,1,1,1,0",0.486,0.61,0.517,0.4924406047516199,0.912,0.6395511921458625,0.486,0.5827817916870117
"1,1,0,1,0,1,0,1,1,1,1,1,1,1,1,1,1,0,0,1,0",0.456,0.7,0.517,0.44761904761904764,0.376,0.40869565217391307,0.456,0.571173906326294
"0,0,1,0,1,1,0,1,0,0,1,0,1,1,0,0,1,1,1,0,0",0.436,0.76,0.517,0.4322033898305085,0.408,0.41975308641975306,0.436,0.5359129905700684
"1,1,0,1,1,0,0,1,1,0,0,1,0,1,0,0,1,0,0,0,1",0.436,0.76,0.517,0.4375,0.448,0.4426877470355731,0.436,0.578866720199585
"0,1,1,0,0,1,0,0,1,0,1,1,1,0,1,0,1,0,1,0,1",0.412,0.83,0.5165000000000001,0.4009009009009009,0.356,0.3771186440677966,0.41200000000000003,0.5836410522460938
"0,1,0,1,1,0,1,0,1,0,1,0,0,1,0,1,0,1,1,0,1",0.432,0.77,0.5165,0.43359375,0.444,0.43873517786561267,0.432,0.6558880805969238
"0,0,1,1,1,1,0,0,1,0,0,0,1,0,1,0,0,0,0,0,1",0.452,0.71,0.5165,0.3888888888888889,0.168,0.2346368715083799,0.452,0.5663373470306396
"1,1,0,0,0,0,1,0,1,1,0,0,1,0,1,1,1,1,1,0,0",0.462,0.68,0.5165,0.46184738955823296,0.46,0.46092184368737477,0.462,0.5991625785827637
"0,1,0,0,0,1,1,1,1,1,0,0,0,1,0,1,0,1,1,1,1",0.432,0.77,0.5165,0.4297520661157025,0.416,0.42276422764227645,0.432,0.6652951240539551
"1,1,0,1,1,1,0,1,1,1,0,1,1,0,1,1,0,1,1,1,1",0.432,0.77,0.5165,0.4421768707482993,0.52,0.47794117647058826,0.432,0.6385841369628906
"1,1,0,1,1,0,0,0,0,0,0,1,0,1,1,0,0,0,0,1,0",0.462,0.68,0.5165,0.4251968503937008,0.216,0.2864721485411141,0.46199999999999997,0.5733823776245117
"0,1,1,1,1,1,1,1,0,0,1,1,0,1,0,0,0,1,1,1,0",0.452,0.71,0.5165,0.46226415094339623,0.588,0.5176056338028169,0.45199999999999996,0.5780200958251953
"1,0,0,1,0,1,1,1,1,1,0,0,0,0,0,0,0,0,1,0,1",0.428,0.78,0.516,0.4476744186046512,0.616,0.5185185185185185,0.428,0.566786527633667
"0,0,0,1,0,1,1,0,1,0,0,1,0,0,1,1,0,1,0,0,0",0.444,0.73,0.5155000000000001,0.44814814814814813,0.484,0.4653846153846154,0.444,0.5515320301055908
"0,1,1,1,0,1,1,0,0,0,0,0,0,1,1,1,0,0,1,1,1",0.424,0.79,0.5155000000000001,0.42748091603053434,0.448,0.4375,0.42400000000000004,0.6123573780059814
"1,0,1,0,0,0,1,1,1,1,0,0,0,1,0,0,1,1,0,1,0",0.444,0.73,0.5155000000000001,0.4533333333333333,0.544,0.49454545454545457,0.444,0.5691006183624268
"1,1,1,0,1,0,1,1,1,1,0,1,1,0,0,1,0,1,0,0,1",0.454,0.7,0.5155,0.43915343915343913,0.332,0.37813211845102507,0.45399999999999996,0.6500406265258789
"1,0,1,1,0,0,1,0,1,0,0,0,1,0,1,1,0,0,1,1,1",0.454,0.7,0.5155,0.4497816593886463,0.412,0.430062630480167,0.45399999999999996,0.593414306640625
"1,0,1,1,1,1,0,0,1,1,0,0,1,0,0,1,0,1,1,1,0",0.49,0.59,0.515,0.49271137026239065,0.676,0.5699831365935919,0.49,0.6419365406036377
"0,1,1,1,1,1,1,1,0,1,1,1,0,0,1,0,0,0,1,0,1",0.48,0.62,0.515,0.4888392857142857,0.876,0.6275071633237822,0.48,0.5620896816253662
"1,0,1,0,1,0,1,0,1,1,1,0,1,0,1,0,0,1,0,1,0",0.43,0.77,0.515,0.4308300395256917,0.436,0.43339960238568587,0.43,0.5849659442901611
"0,0,1,0,1,0,0,1,0,1,1,1,1,0,0,1,0,0,1,1,1",0.466,0.66,0.5145000000000001,0.45933014354066987,0.384,0.41830065359477125,0.466,0.6574399471282959
"0,1,0,0,1,1,1,0,1,0,0,1,1,1,1,1,1,1,1,0,0",0.436,0.75,0.5145,0.42920353982300885,0.388,0.40756302521008403,0.436,0.572028636932373
"0,1,0,1,1,1,1,1,1,1,1,1,1,0,0,1,0,1,1,1,1",0.436,0.75,0.5145,0.4090909090909091,0.288,0.3380281690140845,0.43599999999999994,0.6201837062835693
"0,1,0,0,1,1,0,0,1,1,0,1,0,1,1,1,0,0,1,0,1",0.456,0.69,0.5145,0.46283783783783783,0.548,0.5018315018315018,0.456,0.6456031799316406
"1,1,1,0,0,1,1,1,1,0,0,1,1,0,1,1,0,1,0,1,1",0.432,0.76,0.514,0.41237113402061853,0.32,0.36036036036036034,0.43200000000000005,0.6594157218933105
"1,1,1,0,0,0,1,0,1,0,1,1,1,1,0,0,0,1,1,0,0",0.472,0.64,0.514,0.45930232558139533,0.316,0.3744075829383886,0.472,0.7008969783782959
"1,0,0,0,0,0,1,0,1,1,1,1,1,0,1,0,1,0,1,1,1",0.452,0.7,0.514,0.4495798319327731,0.428,0.4385245901639344,0.45199999999999996,0.6317565441131592
"1,1,1,0,1,0,0,0,0,0,1,0,1,0,1,0,0,1,0,0,1",0.498,0.56,0.5135000000000001,0.4972677595628415,0.364,0.42032332563510394,0.498,0.6126508712768555
"1,0,1,1,1,0,1,1,1,1,0,0,1,1,1,0,0,0,1,1,1",0.464,0.66,0.513,0.4375,0.252,0.3197969543147208,0.464,0.5757572650909424
"1,0,0,1,1,0,0,0,1,1,0,1,0,0,0,1,0,1,0,1,1",0.424,0.78,0.513,0.411214953271028,0.352,0.3793103448275862,0.424,0.6243343353271484
"0,1,1,0,0,1,0,1,0,0,0,1,0,1,1,0,0,1,1,1,0",0.424,0.78,0.513,0.41203703703703703,0.356,0.38197424892703863,0.424,0.5790505409240723
"1,1,1,0,0,0,0,0,0,0,0,0,0,1,1,1,0,0,1,0,1",0.454,0.69,0.5129999999999999,0.43646408839779005,0.316,0.3665893271461717,0.45399999999999996,0.601163387298584
"0,0,1,1,1,1,1,1,1,0,0,0,1,1,0,1,1,1,0,1,1",0.42,0.79,0.5125000000000001,0.42592592592592593,0.46,0.4423076923076923,0.42000000000000004,0.6044015884399414
"1,0,1,0,1,1,1,1,1,1,1,1,1,1,0,0,1,0,1,1,1",0.42,0.79,0.5125000000000001,0.42592592592592593,0.46,0.4423076923076923,0.42000000000000004,0.6031472682952881
"0,1,0,0,1,0,0,0,1,0,1,1,0,1,1,1,1,0,1,1,1",0.44,0.73,0.5125000000000001,0.422680412371134,0.328,0.36936936936936937,0.44000000000000006,0.6005158424377441
"1,1,1,1,0,0,0,0,0,0,0,0,0,0,1,1,1,0,0,1,0",0.45,0.7,0.5125,0.4233128834355828,0.276,0.3341404358353511,0.45,0.5847525596618652
"0,0,0,1,1,0,1,1,0,0,1,0,1,0,1,0,0,0,1,1,0",0.456,0.68,0.512,0.4607142857142857,0.516,0.4867924528301887,0.456,0.5871498584747314
"1,1,0,0,1,0,1,1,0,0,0,0,0,1,1,0,0,0,0,0,0",0.456,0.68,0.512,0.44387755102040816,0.348,0.3901345291479821,0.45599999999999996,0.5839884281158447
"1,1,1,0,1,0,1,1,0,0,0,0,0,1,1,1,0,0,0,0,0",0.456,0.68,0.512,0.44387755102040816,0.348,0.3901345291479821,0.45599999999999996,0.5791583061218262
"0,1,1,0,0,0,0,0,1,1,1,1,1,0,1,1,1,0,1,1,1",0.422,0.78,0.5115000000000001,0.41975308641975306,0.408,0.41379310344827586,0.422,0.5858609676361084
"0,0,1,1,1,0,0,1,0,1,1,0,1,0,0,0,1,1,1,1,0",0.418,0.79,0.511,0.4019138755980861,0.336,0.3660130718954248,0.41800000000000004,0.6071422100067139
"0,1,0,0,0,0,0,0,0,0,1,0,1,1,1,0,0,1,1,0,0",0.458,0.67,0.511,0.4626334519572954,0.52,0.4896421845574388,0.458,0.598597526550293
"1,0,1,0,0,0,1,0,0,0,0,1,1,0,0,1,0,1,1,1,1",0.438,0.73,0.511,0.40718562874251496,0.272,0.3261390887290168,0.438,0.6003103256225586
"0,1,0,1,1,0,0,0,1,0,0,0,0,1,1,0,1,0,1,0,1",0.458,0.67,0.5109999999999999,0.4672897196261682,0.6,0.5253940455341506,0.45799999999999996,0.5794923305511475
"0,1,0,1,0,0,0,1,0,1,1,0,0,1,1,1,0,0,0,0,0",0.454,0.68,0.5105,0.46607669616519176,0.632,0.5365025466893039,0.454,0.5842454433441162
"0,1,0,1,0,0,1,1,0,1,1,1,0,0,0,1,0,1,0,1,1",0.444,0.71,0.5105,0.42045454545454547,0.296,0.3474178403755869,0.44399999999999995,0.612656831741333
"1,1,1,0,0,0,1,0,0,1,1,1,0,1,0,0,0,0,1,0,0",0.474,0.62,0.5105,0.47346938775510206,0.464,0.4686868686868687,0.474,0.5564815998077393
"1,0,0,0,1,0,1,0,1,1,1,1,0,0,0,1,1,0,0,0,0",0.474,0.62,0.5105,0.47346938775510206,0.464,0.4686868686868687,0.474,0.5369672775268555
"1,1,0,1,1,0,0,0,1,1,1,1,0,0,0,1,0,0,0,0,0",0.474,0.62,0.5105,0.47346938775510206,0.464,0.4686868686868687,0.474,0.531160831451416
"1,0,1,1,0,0,0,0,0,1,1,0,0,0,0,0,0,0,1,0,0",0.474,0.62,0.5105,0.47346938775510206,0.464,0.4686868686868687,0.474,0.5117559432983398
"1,0,0,0,0,0,1,0,1,1,1,0,0,1,0,1,0,0,0,0,1",0.464,0.65,0.5105,0.4625,0.444,0.4530612244897959,0.46399999999999997,0.5550374984741211
"1,0,0,1,0,1,1,1,1,1,0,0,0,0,0,1,1,1,0,0,1",0.434,0.74,0.5105,0.4232558139534884,0.364,0.3913978494623656,0.434,0.581972599029541
"1,1,0,0,1,1,1,1,0,1,1,1,1,0,0,1,1,1,0,1,1",0.434,0.74,0.5105,0.4377358490566038,0.464,0.45048543689320386,0.43400000000000005,0.5891687870025635
"1,1,1,0,1,0,0,0,0,0,0,1,1,0,1,0,1,0,1,1,1",0.464,0.65,0.5105,0.4642857142857143,0.468,0.46613545816733065,0.464,0.6063022613525391
"1,0,1,1,1,0,0,0,0,0,1,0,0,1,0,1,1,0,0,0,0",0.474,0.62,0.5105,0.47346938775510206,0.464,0.4686868686868687,0.474,0.5241940021514893
"0,0,0,0,0,0,1,1,1,1,0,1,1,0,0,1,0,1,0,1,1",0.444,0.71,0.5105,0.390625,0.2,0.26455026455026454,0.44399999999999995,0.5748639106750488
"1,0,0,0,1,0,1,0,1,1,1,0,0,1,0,1,1,0,0,0,0",0.474,0.62,0.5105,0.47346938775510206,0.464,0.4686868686868687,0.474,0.5666418075561523
"1,0,0,0,1,0,0,0,0,0,0,1,0,1,1,1,0,1,1,0,0",0.45,0.69,0.51,0.45614035087719296,0.52,0.48598130841121495,0.45,0.5602750778198242
"0,0,0,1,1,0,1,0,1,1,1,0,0,1,1,1,0,0,1,0,0",0.45,0.69,0.51,0.45614035087719296,0.52,0.48598130841121495,0.45,0.6113824844360352
"0,0,0,1,1,1,1,1,0,0,0,1,0,1,0,1,1,1,1,0,0",0.44,0.72,0.51,0.45738636363636365,0.644,0.5348837209302325,0.44,0.589423656463623
"0,1,1,1,1,1,1,0,0,0,1,0,0,0,0,1,1,1,0,0,0",0.47,0.63,0.51,0.4825174825174825,0.828,0.6097201767304861,0.47,0.5329494476318359
"1,1,1,0,0,1,1,0,1,1,0,1,0,1,1,1,1,0,0,0,1",0.45,0.69,0.51,0.3595505617977528,0.128,0.1887905604719764,0.45,0.5618784427642822
"1,0,1,1,0,0,1,1,1,1,0,1,0,1,0,0,0,0,1,0,1",0.456,0.67,0.5095000000000001,0.43125,0.276,0.33658536585365856,0.456,0.6038041114807129
"1,0,1,0,0,1,0,0,0,1,1,1,0,0,0,1,1,0,0,1,0",0.432,0.74,0.509,0.4413793103448276,0.512,0.4740740740740741,0.432,0.5846645832061768
"1,1,1,0,0,1,0,0,0,0,0,0,0,1,0,0,0,1,0,0,0",0.462,0.65,0.509,0.43448275862068964,0.252,0.3189873417721519,0.462,0.5707781314849854
"0,1,0,1,1,1,1,1,0,0,0,0,0,1,1,1,0,0,1,1,0",0.422,0.77,0.509,0.4364820846905538,0.536,0.48114901256732495,0.42200000000000004,0.5720915794372559
"1,0,0,1,0,1,1,1,1,0,1,1,0,0,1,0,1,0,0,0,1",0.442,0.71,0.509,0.451505016722408,0.54,0.4918032786885246,0.442,0.5566840171813965
"1,0,1,1,1,1,0,0,0,1,0,1,0,1,1,0,1,0,1,0,1",0.448,0.69,0.5085,0.459375,0.588,0.5157894736842106,0.44799999999999995,0.6005585193634033
"0,1,0,1,1,1,1,0,0,1,1,0,0,1,0,0,1,0,1,1,1",0.438,0.72,0.5085,0.44015444015444016,0.456,0.44793713163064836,0.438,0.5853703022003174
"0,0,0,1,1,1,0,0,0,1,0,0,1,0,0,0,1,0,0,1,1",0.398,0.84,0.5085,0.4092526690391459,0.46,0.4331450094161959,0.398,0.5876953601837158
"1,1,0,0,0,1,1,0,0,1,1,0,1,1,0,1,1,0,1,0,1",0.418,0.78,0.5085,0.4019138755980861,0.336,0.3660130718954248,0.41800000000000004,0.5914292335510254
"1,1,0,0,0,0,0,0,0,1,0,0,0,0,1,1,0,0,1,0,1",0.428,0.75,0.5085,0.4,0.288,0.33488372093023255,0.42799999999999994,0.6215636730194092
"0,1,0,0,0,1,0,1,1,0,0,1,1,1,0,0,0,0,0,0,1",0.424,0.76,0.508,0.4166666666666667,0.38,0.39748953974895396,0.42400000000000004,0.5885334014892578
"1,0,1,1,0,0,0,1,1,0,0,1,1,0,1,1,0,1,1,0,1",0.416,0.78,0.507,0.4027777777777778,0.348,0.37339055793991416,0.416,0.6021707057952881
"1,1,1,1,0,1,1,0,0,1,0,0,1,1,0,1,1,0,1,1,0",0.436,0.72,0.507,0.45897435897435895,0.716,0.559375,0.436,0.5916070938110352
"0,1,1,1,0,1,1,0,1,1,0,1,1,1,1,0,1,0,0,0,1",0.422,0.76,0.5065,0.43157894736842106,0.492,0.45981308411214955,0.422,0.5592553615570068
"0,1,0,0,1,1,0,1,0,1,0,0,1,1,1,0,1,0,0,1,0",0.468,0.62,0.506,0.4772727272727273,0.672,0.5581395348837209,0.468,0.6045994758605957
"1,0,0,0,1,1,1,0,0,1,1,1,0,1,0,0,1,0,0,1,1",0.438,0.71,0.506,0.4485049833887043,0.54,0.4900181488203267,0.43800000000000006,0.6354682445526123
"1,1,0,1,0,0,0,1,1,1,1,0,0,0,1,0,0,1,1,0,1",0.414,0.78,0.5055000000000001,0.40444444444444444,0.364,0.3831578947368421,0.41400000000000003,0.6528222560882568
"0,1,1,1,0,1,0,0,0,0,1,1,1,0,1,1,0,0,0,1,1",0.424,0.75,0.5055000000000001,0.4188034188034188,0.392,0.4049586776859504,0.42400000000000004,0.6005744934082031
"1,0,1,1,0,1,0,1,0,1,0,0,1,1,0,1,1,1,1,0,1",0.424,0.75,0.5055000000000001,0.41203703703703703,0.356,0.38197424892703863,0.424,0.5813555717468262
"1,0,1,1,1,1,1,1,1,1,1,1,0,0,1,0,1,1,1,1,0",0.424,0.75,0.5055000000000001,0.436241610738255,0.52,0.4744525547445255,0.42400000000000004,0.576885461807251
"0,1,0,0,1,1,1,0,1,0,0,1,0,0,1,1,0,0,0,0,0",0.43,0.73,0.505,0.43346007604562736,0.456,0.4444444444444444,0.43000000000000005,0.6099145412445068
"0,0,1,0,1,1,0,1,0,0,0,0,0,1,0,0,0,1,1,0,0",0.43,0.73,0.505,0.43346007604562736,0.456,0.4444444444444444,0.43000000000000005,0.5539519786834717
"1,0,0,0,1,0,0,1,1,1,0,0,1,1,0,1,0,1,1,0,0",0.45,0.67,0.505,0.41721854304635764,0.252,0.314214463840399,0.45,0.563575267791748
"1,1,0,1,0,1,0,1,0,0,1,0,0,0,1,1,1,0,0,0,1",0.45,0.67,0.505,0.42138364779874216,0.268,0.3276283618581907,0.45,0.5847132205963135
"1,1,0,0,0,1,0,1,0,1,1,1,0,0,1,0,1,1,0,0,0",0.426,0.74,0.5045,0.44089456869009586,0.552,0.49023090586145646,0.42600000000000005,0.599621057510376
"0,0,1,0,1,0,0,1,1,1,1,0,1,1,1,0,1,1,0,1,0",0.436,0.71,0.5045,0.3933333333333333,0.236,0.295,0.436,0.6055514812469482
"0,1,1,1,1,0,1,1,0,1,1,1,0,1,1,1,1,1,1,1,0",0.446,0.68,0.5045,0.46419098143236076,0.7,0.5582137161084529,0.44599999999999995,0.6564586162567139
"1,1,0,1,1,1,1,1,0,1,1,0,0,1,1,0,1,1,0,1,1",0.426,0.74,0.5045,0.4359861591695502,0.504,0.4675324675324675,0.426,0.6452443599700928
"1,0,0,0,1,1,0,1,0,0,1,0,0,1,0,0,1,1,1,1,1",0.422,0.75,0.504,0.4290909090909091,0.472,0.44952380952380955,0.422,0.6011276245117188
"1,0,0,1,0,0,1,1,0,0,1,1,0,1,0,0,0,1,1,0,0",0.452,0.66,0.504,0.4568345323741007,0.508,0.4810606060606061,0.452,0.5882978439331055
"1,0,0,1,0,1,1,1,1,0,0,1,1,0,0,1,0,0,1,0,1",0.428,0.73,0.5035000000000001,0.4357142857142857,0.488,0.46037735849056605,0.428,0.5983471870422363
"0,1,1,0,1,1,0,1,1,1,1,0,1,0,0,0,1,1,1,0,0",0.448,0.67,0.5035,0.4585987261146497,0.576,0.5106382978723404,0.44799999999999995,0.5426945686340332
"1,0,0,0,1,0,1,0,0,0,0,0,1,1,0,0,0,0,0,0,1",0.438,0.7,0.5035,0.3697478991596639,0.176,0.23848238482384823,0.43799999999999994,0.5633800029754639
"1,1,1,0,1,0,1,0,0,1,0,1,1,1,1,0,0,1,0,0,1",0.464,0.62,0.503,0.4470588235294118,0.304,0.3619047619047619,0.46399999999999997,0.6174354553222656
"1,1,1,1,0,0,1,1,1,0,0,0,1,1,1,1,0,0,1,1,0",0.454,0.65,0.503,0.4342857142857143,0.304,0.35764705882352943,0.45399999999999996,0.623579740524292
"0,1,1,1,0,1,1,1,0,0,0,1,0,1,1,0,1,0,0,1,0",0.414,0.77,0.503,0.41762452107279696,0.436,0.42661448140900193,0.41400000000000003,0.585923433303833
"0,1,1,0,0,0,0,1,1,1,1,0,0,1,0,0,0,1,0,1,0",0.464,0.62,0.503,0.45982142857142855,0.412,0.4345991561181435,0.46399999999999997,0.5631105899810791
"0,1,0,0,1,1,0,1,0,0,0,0,0,1,1,0,0,1,0,0,1",0.454,0.65,0.503,0.46504559270516715,0.612,0.5284974093264249,0.45399999999999996,0.5630016326904297
"1,1,1,1,1,0,0,0,1,0,0,0,0,1,1,1,0,0,0,1,1",0.43,0.72,0.5025,0.4440894568690096,0.556,0.4937833037300178,0.43000000000000005,0.6077120304107666
"1,1,1,1,0,1,0,1,0,0,0,1,0,0,0,1,0,1,1,0,0",0.42,0.75,0.5025,0.4397590361445783,0.584,0.5017182130584192,0.42,0.6027376651763916
"0,0,0,1,1,0,0,1,1,0,1,1,0,1,1,0,1,0,1,0,1",0.44,0.69,0.5025,0.38095238095238093,0.192,0.2553191489361702,0.43999999999999995,0.6195886135101318
"1,0,1,1,1,0,0,0,1,0,1,1,0,1,0,0,1,0,0,1,1",0.45,0.66,0.5025,0.44019138755980863,0.368,0.4008714596949891,0.45,0.6430065631866455
"1,1,1,1,0,1,1,1,0,1,1,1,0,0,1,1,1,1,0,1,1",0.426,0.73,0.502,0.447887323943662,0.636,0.5256198347107438,0.426,0.6106140613555908
"1,1,1,0,1,1,1,1,0,0,1,1,1,0,0,0,1,1,1,1,0",0.406,0.79,0.502,0.42244224422442245,0.512,0.4629294755877034,0.406,0.5619370937347412
"1,1,1,1,0,1,1,1,1,1,0,0,0,0,0,1,0,0,1,1,1",0.442,0.68,0.5015000000000001,0.4625322997416021,0.716,0.5620094191522763,0.442,0.6363170146942139
"0,0,1,1,0,0,1,0,1,0,1,1,0,1,1,0,1,1,0,1,1",0.422,0.74,0.5015000000000001,0.4125560538116592,0.368,0.3890063424947146,0.422,0.57875657081604
"1,1,0,1,1,0,1,1,1,1,0,1,0,0,0,1,1,1,0,0,1",0.442,0.68,0.5015000000000001,0.444015444015444,0.46,0.4518664047151277,0.442,0.607041597366333
"0,1,0,1,0,0,0,1,0,0,0,0,0,0,1,0,1,1,1,0,1",0.432,0.71,0.5015,0.446875,0.572,0.5017543859649123,0.43199999999999994,0.5895726680755615
"0,1,0,1,0,1,1,1,1,0,0,1,1,0,1,1,0,0,0,1,0",0.428,0.72,0.5010000000000001,0.4391891891891892,0.52,0.47619047619047616,0.42800000000000005,0.6056087017059326
"0,0,0,0,0,1,1,1,0,0,1,1,0,0,1,0,1,0,0,1,0",0.398,0.81,0.501,0.3905579399141631,0.364,0.37681159420289856,0.398,0.5536539554595947
"0,1,0,1,1,0,0,0,0,0,1,1,0,0,0,0,0,0,0,1,0",0.438,0.69,0.501,0.44061302681992337,0.46,0.4500978473581213,0.438,0.5651061534881592
"0,1,0,0,1,1,1,1,0,1,0,1,0,0,0,1,0,0,0,1,0",0.4,0.8,0.5,0.3922413793103448,0.364,0.3775933609958506,0.4,0.5739254951477051
"0,0,1,1,1,1,0,0,0,1,0,0,0,0,0,0,0,1,1,1,0",0.43,0.71,0.5,0.4129353233830846,0.332,0.36807095343680707,0.43000000000000005,0.5637404918670654
"1,0,1,1,1,0,1,0,1,0,0,1,0,1,0,1,1,1,0,1,0",0.42,0.74,0.5,0.3979591836734694,0.312,0.34977578475336324,0.42000000000000004,0.5777947902679443
"1,1,0,0,1,1,0,0,0,0,1,1,0,1,1,1,0,0,1,0,0",0.43,0.71,0.5,0.4129353233830846,0.332,0.36807095343680707,0.43000000000000005,0.5382387638092041
"1,0,1,0,0,1,0,1,0,0,0,1,1,0,1,0,1,1,1,0,0",0.41,0.77,0.5,0.4281150159744409,0.536,0.47602131438721135,0.41000000000000003,0.5584657192230225
"1,1,1,0,0,1,0,0,1,1,1,0,1,0,1,1,0,0,0,0,0",0.43,0.71,0.5,0.4129353233830846,0.332,0.36807095343680707,0.43000000000000005,0.5548102855682373
"1,0,0,1,0,0,1,1,0,0,1,1,0,0,0,0,1,1,0,1,1",0.44,0.68,0.5,0.44680851063829785,0.504,0.47368421052631576,0.44,0.592700719833374
"1,1,1,0,1,1,0,1,1,0,0,1,0,0,1,1,1,0,1,0,1",0.42,0.74,0.5,0.4186991869918699,0.412,0.4153225806451613,0.42,0.6300387382507324
"1,0,1,1,0,1,0,0,1,1,0,1,0,0,0,0,1,1,0,1,0",0.416,0.75,0.4995,0.3561643835616438,0.208,0.26262626262626265,0.416,0.6232843399047852
"1,1,1,0,0,0,0,0,1,0,0,1,0,1,1,0,0,0,0,1,0",0.442,0.67,0.499,0.4577259475218659,0.628,0.5295109612141653,0.442,0.5667726993560791
"0,0,1,1,0,1,1,0,1,1,0,1,0,0,0,1,1,1,1,1,0",0.428,0.71,0.49850000000000005,0.43283582089552236,0.464,0.44787644787644787,0.42800000000000005,0.6161026954650879
"1,0,1,0,1,1,1,0,1,0,1,0,0,1,0,1,0,1,1,1,0",0.418,0.74,0.4985,0.39593908629441626,0.312,0.348993288590604,0.41800000000000004,0.5642902851104736
"1,1,1,0,0,1,1,1,0,1,0,1,0,1,1,0,1,1,0,1,0",0.418,0.74,0.4985,0.3710691823899371,0.236,0.2885085574572127,0.418,0.5602154731750488
"1,1,0,0,0,0,0,0,1,1,1,0,0,1,1,1,1,0,0,1,0",0.428,0.71,0.4985,0.4476744186046512,0.616,0.5185185185185185,0.428,0.5651860237121582
"0,0,1,0,1,1,0,1,0,1,0,1,0,0,1,0,1,0,1,1,0",0.44,0.67,0.49750000000000005,0.45454545454545453,0.6,0.5172413793103449,0.44,0.5770609378814697
"0,0,1,1,0,1,0,0,1,0,0,0,1,0,1,1,0,0,0,0,1",0.44,0.67,0.49750000000000005,0.45454545454545453,0.6,0.5172413793103449,0.44,0.5437958240509033
"1,1,1,0,0,1,0,0,0,0,0,0,1,1,1,1,0,1,0,0,1",0.43,0.7,0.4975,0.3643410852713178,0.188,0.24802110817941952,0.43000000000000005,0.5891461372375488
"1,0,0,1,0,0,1,0,0,0,0,1,1,1,1,0,0,1,1,1,1",0.436,0.68,0.49700000000000005,0.3787878787878788,0.2,0.2617801047120419,0.43600000000000005,0.5754108428955078
"1,0,0,1,1,1,0,1,0,1,0,1,0,1,0,0,1,1,0,1,0",0.446,0.65,0.497,0.3865546218487395,0.184,0.24932249322493225,0.44599999999999995,0.583897590637207
"0,0,0,0,1,0,1,1,0,0,1,0,1,0,1,0,0,0,0,0,1",0.426,0.71,0.497,0.4307116104868914,0.46,0.4448742746615087,0.42600000000000005,0.5695445537567139
"0,1,0,0,1,0,1,1,0,0,0,0,1,0,1,1,0,0,1,0,1",0.436,0.68,0.497,0.4252336448598131,0.364,0.3922413793103448,0.436,0.5824553966522217
"0,1,1,1,0,0,1,0,0,1,0,0,0,1,0,1,1,1,1,0,0",0.446,0.65,0.497,0.45126353790613716,0.5,0.47438330170777987,0.446,0.561809778213501
"0,0,0,0,1,0,0,0,0,0,0,1,1,0,1,1,0,1,0,0,1",0.426,0.71,0.497,0.4307116104868914,0.46,0.4448742746615087,0.42600000000000005,0.5780303478240967
"1,1,0,1,1,0,0,1,0,0,0,0,1,0,1,0,0,0,0,0,0",0.446,0.65,0.497,0.45126353790613716,0.5,0.47438330170777987,0.446,0.5598950386047363
"1,1,0,0,0,0,0,0,0,0,0,0,1,1,1,0,0,1,0,1,1",0.452,0.63,0.49649999999999994,0.4090909090909091,0.216,0.28272251308900526,0.45199999999999996,0.61733078956604
"1,1,1,0,1,0,0,0,0,1,0,0,1,0,0,0,1,1,0,1,0",0.434,0.68,0.4955,0.3987730061349693,0.26,0.31476997578692495,0.434,0.5984292030334473
"1,1,0,1,1,1,1,0,1,1,1,0,1,0,1,1,1,1,1,1,1",0.434,0.68,0.4955,0.45576407506702415,0.68,0.5457463884430177,0.43400000000000005,0.6324117183685303
"1,1,0,0,1,0,1,1,0,1,0,0,0,1,1,1,1,0,0,0,1",0.416,0.73,0.49450000000000005,0.39705882352941174,0.324,0.3568281938325991,0.41600000000000004,0.604273796081543
"0,0,1,1,1,0,1,0,0,0,0,1,1,1,1,0,1,1,1,1,1",0.396,0.79,0.49450000000000005,0.3686868686868687,0.292,0.32589285714285715,0.396,0.6027281284332275
"1,1,1,0,1,1,1,1,0,1,1,1,0,1,0,1,1,1,1,1,1",0.396,0.79,0.49450000000000005,0.4051094890510949,0.444,0.42366412213740456,0.396,0.5985589027404785
"1,1,1,0,0,0,0,1,1,1,1,1,1,1,0,0,0,1,1,0,1",0.426,0.7,0.4945,0.3669064748201439,0.204,0.2622107969151671,0.426,0.5995581150054932
"0,1,1,1,0,0,0,0,0,0,1,1,0,1,0,1,1,0,1,1,1",0.412,0.74,0.494,0.36075949367088606,0.228,0.27941176470588236,0.412,0.6235992908477783
"0,0,1,1,1,0,0,1,0,0,1,0,1,1,0,0,0,1,1,0,1",0.382,0.83,0.494,0.3795918367346939,0.372,0.37575757575757573,0.382,0.6241729259490967
"0,0,0,1,1,0,1,1,0,0,1,0,1,1,1,0,0,1,0,0,0",0.462,0.59,0.494,0.45662100456621,0.4,0.42643923240938164,0.462,0.5610475540161133
"0,1,1,1,0,0,1,1,1,0,1,1,0,0,0,0,0,0,1,1,1",0.432,0.68,0.494,0.3023255813953488,0.104,0.15476190476190477,0.432,0.5988681316375732
"0,0,1,1,0,0,0,0,0,1,1,1,1,1,0,1,1,1,0,1,1",0.418,0.72,0.4935,0.34108527131782945,0.176,0.23218997361477572,0.41800000000000004,0.6588194370269775
"0,1,0,0,1,1,0,1,1,0,0,1,1,1,1,1,1,1,1,1,0",0.424,0.7,0.49300000000000005,0.3967391304347826,0.292,0.33640552995391704,0.42400000000000004,0.6883859634399414
"1,1,0,0,0,0,0,1,0,0,0,0,1,0,1,0,1,0,0,1,1",0.434,0.67,0.493,0.3877551020408163,0.228,0.2871536523929471,0.434,0.6068832874298096
"0,0,0,0,0,0,1,1,0,0,1,0,1,0,1,0,0,0,1,1,0",0.414,0.73,0.493,0.4200743494423792,0.452,0.43545279383429675,0.41400000000000003,0.5811457633972168
"0,0,1,1,1,0,1,0,0,1,0,0,1,1,0,0,0,0,0,1,1",0.414,0.73,0.493,0.34306569343065696,0.188,0.24289405684754523,0.41400000000000003,0.6034338474273682
"0,0,1,0,1,1,0,1,0,0,0,1,1,1,1,0,0,0,1,0,0",0.444,0.64,0.493,0.4606741573033708,0.656,0.5412541254125413,0.444,0.5768570899963379
"1,1,1,1,1,0,1,1,1,0,0,1,0,0,0,1,0,1,1,0,1",0.424,0.7,0.493,0.38125,0.244,0.2975609756097561,0.424,0.5810699462890625
"0,0,0,0,0,0,1,1,0,0,1,0,1,0,1,0,0,0,0,1,0",0.414,0.73,0.493,0.4200743494423792,0.452,0.43545279383429675,0.41400000000000003,0.5189480781555176
"0,1,1,0,0,0,0,1,1,1,1,0,1,1,0,1,1,1,0,1,1",0.42,0.71,0.49250000000000005,0.3901098901098901,0.284,0.3287037037037037,0.42000000000000004,0.6482062339782715
"0,0,0,0,0,0,1,1,1,0,0,1,0,1,1,0,1,0,0,0,1",0.446,0.63,0.492,0.4377880184331797,0.38,0.4068522483940043,0.446,0.5615477561950684
"0,1,0,0,1,1,0,0,0,0,0,1,1,1,1,1,0,1,1,1,0",0.408,0.74,0.49100000000000005,0.41544117647058826,0.452,0.4329501915708812,0.40800000000000003,0.5886449813842773
"1,0,0,0,1,1,1,1,0,0,1,0,0,1,1,0,1,1,0,0,0",0.388,0.8,0.49100000000000005,0.38333333333333336,0.368,0.37551020408163266,0.388,0.5616483688354492
"1,0,1,0,0,1,1,1,1,0,1,0,1,1,1,0,0,0,1,1,0",0.408,0.74,0.491,0.4154411764705882,0.452,0.4329501915708812,0.408,0.5930740833282471
"1,1,1,1,1,0,1,1,1,1,0,1,1,1,0,1,0,1,1,1,1",0.444,0.63,0.49050000000000005,0.39705882352941174,0.216,0.27979274611398963,0.444,0.6399893760681152
"1,0,1,0,0,1,1,1,1,0,0,1,0,1,0,0,1,1,0,0,1",0.414,0.72,0.4905,0.39195979899497485,0.312,0.34743875278396436,0.41400000000000003,0.611809253692627
"1,1,1,0,1,1,0,1,1,0,0,1,0,0,0,1,1,0,1,1,1",0.434,0.66,0.4905,0.4246575342465753,0.372,0.39658848614072495,0.434,0.5943202972412109
"1,1,1,0,0,0,1,0,0,0,0,0,0,0,1,1,1,0,1,1,1",0.414,0.72,0.4905,0.38860103626943004,0.3,0.33860045146726864,0.41400000000000003,0.6286871433258057
"0,1,1,1,1,0,1,1,0,0,1,0,0,1,1,0,1,1,0,1,1",0.38,0.82,0.49000000000000005,0.375,0.36,0.3673469387755102,0.38,0.6808047294616699
"1,0,1,0,0,1,0,0,1,0,0,1,1,1,1,1,1,0,1,0,1",0.4,0.76,0.49000000000000005,0.41379310344827586,0.48,0.4444444444444444,0.4,0.5638065338134766
"1,1,0,0,0,1,1,1,1,0,0,1,1,0,0,0,0,1,1,1,1",0.4,0.76,0.49000000000000005,0.3798076923076923,0.316,0.34497816593886466,0.4,0.628251314163208
"1,0,1,0,1,0,1,1,0,1,1,1,0,0,1,1,1,1,1,0,1",0.43,0.67,0.49,0.366412213740458,0.192,0.25196850393700787,0.43000000000000005,0.6118605136871338
"1,1,1,1,1,1,0,1,1,0,0,1,1,0,0,1,0,1,0,0,1",0.426,0.68,0.4895,0.43416370106761565,0.488,0.4595103578154426,0.426,0.6238770484924316
"1,0,0,1,0,1,0,1,1,0,0,1,0,1,0,0,0,1,1,0,1",0.402,0.75,0.489,0.41638225255972694,0.488,0.44935543278084716,0.402,0.5835893154144287
"1,1,1,1,1,0,0,1,1,0,0,0,0,1,1,1,1,0,1,1,0",0.408,0.73,0.48850000000000005,0.4065040650406504,0.4,0.4032258064516129,0.40800000000000003,0.5916941165924072
"1,1,1,0,0,1,1,1,0,0,1,0,0,0,0,0,0,1,0,1,1",0.384,0.8,0.48800000000000004,0.36574074074074076,0.316,0.33905579399141633,0.384,0.5915031433105469
"0,1,1,1,0,1,0,0,1,0,0,1,1,0,0,0,0,0,1,1,1",0.394,0.77,0.488,0.39094650205761317,0.38,0.385395537525355,0.394,0.5896484851837158
"1,0,1,1,1,1,1,0,1,1,0,1,1,0,0,0,0,0,0,1,0",0.4,0.75,0.48750000000000004,0.4074074074074074,0.44,0.4230769230769231,0.4,0.6495456695556641
"1,0,1,1,0,0,0,0,0,1,1,1,0,0,0,0,0,0,1,0,1",0.438,0.63,0.486,0.3816793893129771,0.2,0.26246719160104987,0.43800000000000006,0.6280150413513184
"0,1,0,1,0,1,1,1,1,0,0,1,0,0,0,0,1,1,0,0,0",0.444,0.61,0.48550000000000004,0.4523809523809524,0.532,0.4889705882352941,0.444,0.6419391632080078
"1,1,0,1,0,1,0,1,0,0,1,0,1,0,1,1,0,1,1,0,1",0.414,0.7,0.4855,0.35570469798657717,0.212,0.2656641604010025,0.414,0.6222100257873535
"0,0,0,1,0,0,0,0,1,1,0,0,1,0,1,1,1,1,1,0,0",0.42,0.68,0.4850000000000001,0.41228070175438597,0.376,0.39330543933054396,0.42000000000000004,0.5438966751098633
"0,0,0,1,1,0,0,0,0,1,0,0,1,0,1,1,0,1,0,0,0",0.42,0.68,0.4850000000000001,0.4122807017543859,0.376,0.3933054393305439,0.42,0.5803232192993164
"0,1,0,1,1,1,1,1,0,1,0,1,0,1,1,1,0,0,1,0,0",0.4,0.74,0.48500000000000004,0.40601503759398494,0.432,0.4186046511627907,0.4,0.5765695571899414
"0,0,0,0,1,0,1,1,1,1,1,0,1,0,1,0,1,1,1,0,0",0.416,0.69,0.48450000000000004,0.33064516129032256,0.164,0.2192513368983957,0.41600000000000004,0.5564167499542236
"1,1,1,0,1,0,0,1,0,0,1,1,1,0,0,1,1,0,1,1,1",0.436,0.63,0.48450000000000004,0.373015873015873,0.188,0.25,0.43600000000000005,0.5815417766571045
"0,1,1,0,1,1,0,1,0,0,0,1,0,0,0,0,1,1,0,0,1",0.408,0.71,0.48350000000000004,0.40336134453781514,0.384,0.39344262295081966,0.40800000000000003,0.5664808750152588
"1,1,1,1,0,1,0,0,1,0,1,0,0,0,1,1,0,1,0,1,1",0.408,0.71,0.48350000000000004,0.43646408839779005,0.632,0.5163398692810458,0.40800000000000003,0.6354196071624756
"1,0,1,1,0,0,0,1,0,1,1,1,1,1,1,1,1,1,0,0,0",0.428,0.65,0.48350000000000004,0.41346153846153844,0.344,0.37554585152838427,0.428,0.5499041080474854
"0,0,1,1,1,1,1,1,1,1,0,0,1,1,0,0,0,0,1,1,1",0.386,0.77,0.482,0.3407821229050279,0.244,0.28438228438228436,0.386,0.6257414817810059
"1,1,1,0,0,0,0,0,0,1,0,1,0,0,1,1,1,0,1,0,0",0.428,0.64,0.481,0.3888888888888889,0.252,0.3058252427184466,0.428,0.5474636554718018
"1,1,0,0,0,0,0,0,1,0,0,0,1,1,1,1,0,0,1,0,0",0.428,0.64,0.481,0.3888888888888889,0.252,0.3058252427184466,0.428,0.5284197330474854
"0,1,1,0,0,0,1,1,1,0,1,1,0,0,1,0,0,1,0,1,1",0.424,0.65,0.48050000000000004,0.4030612244897959,0.316,0.3542600896860987,0.42400000000000004,0.618783712387085
"1,0,1,0,0,1,0,1,1,0,0,1,1,1,0,0,0,0,0,0,0",0.42,0.66,0.48,0.4438202247191011,0.632,0.5214521452145214,0.42,0.5732336044311523
"0,0,1,1,0,1,1,0,0,1,0,1,1,1,0,0,1,0,0,0,0",0.42,0.66,0.48,0.4438202247191011,0.632,0.5214521452145214,0.42,0.5600566864013672
"0,0,0,1,1,1,1,0,0,1,0,0,0,1,0,1,0,0,0,0,0",0.42,0.66,0.48,0.4438202247191011,0.632,0.5214521452145214,0.42,0.5390207767486572
"1,1,0,1,0,0,0,0,0,1,1,0,0,1,0,0,1,0,0,1,0",0.44,0.6,0.48,0.41379310344827586,0.288,0.33962264150943394,0.43999999999999995,0.5597639083862305
"0,1,1,1,0,0,0,0,0,0,0,1,0,1,1,0,0,0,1,1,0",0.44,0.6,0.48,0.41379310344827586,0.288,0.33962264150943394,0.43999999999999995,0.5427701473236084
"1,0,0,0,1,1,0,0,0,1,0,1,1,0,0,0,1,0,0,0,0",0.42,0.66,0.48,0.4438202247191011,0.632,0.5214521452145214,0.42,0.5724797248840332
"1,1,0,0,0,1,0,0,1,0,0,0,1,0,0,1,1,0,1,0,0",0.42,0.66,0.48,0.4438202247191011,0.632,0.5214521452145214,0.42,0.5647180080413818
"0,0,0,1,1,1,1,0,0,1,0,0,0,1,0,0,1,0,0,0,0",0.42,0.66,0.48,0.4438202247191011,0.632,0.5214521452145214,0.42,0.525040864944458
"1,0,1,0,0,1,1,0,1,1,1,0,0,0,1,0,1,0,1,1,1",0.39,0.75,0.48,0.37089201877934275,0.316,0.3412526997840173,0.39,0.6029818058013916
"1,0,0,1,0,1,1,0,0,0,0,0,1,1,0,0,0,0,0,0,0",0.42,0.66,0.48,0.4438202247191011,0.632,0.5214521452145214,0.42,0.5237996578216553
"0,1,0,1,0,0,1,1,1,0,1,0,0,1,1,1,1,1,1,1,1",0.436,0.61,0.47950000000000004,0.23333333333333334,0.056,0.09032258064516129,0.436,0.6175644397735596
"1,1,1,0,1,0,0,1,0,1,0,0,0,1,1,0,1,0,1,1,1",0.422,0.65,0.479,0.34146341463414637,0.168,0.225201072386059,0.42200000000000004,0.6003298759460449
"0,0,0,0,0,0,1,0,0,0,0,1,1,0,0,1,0,1,0,1,0",0.418,0.66,0.4785,0.43492063492063493,0.548,0.4849557522123894,0.41800000000000004,0.5519301891326904
"1,0,0,1,0,0,1,1,1,0,1,0,1,1,0,0,0,0,0,1,1",0.414,0.67,0.478,0.36129032258064514,0.224,0.2765432098765432,0.414,0.6045262813568115
"0,0,1,1,0,0,1,1,1,0,1,0,0,0,1,0,0,0,0,1,1",0.414,0.67,0.478,0.3981042654028436,0.336,0.3644251626898048,0.414,0.578890323638916
"0,1,0,1,1,1,1,1,1,1,0,1,1,1,0,0,0,0,1,1,1",0.398,0.71,0.476,0.33112582781456956,0.2,0.24937655860349128,0.398,0.6185047626495361
"0,0,0,0,0,0,0,1,1,1,1,1,0,0,0,0,1,1,1,1,0",0.404,0.69,0.47550000000000003,0.3983050847457627,0.376,0.3868312757201646,0.404,0.606508731842041
"1,1,0,0,1,0,0,1,1,1,0,1,0,1,1,0,0,0,0,0,1",0.412,0.64,0.4690000000000001,0.3942307692307692,0.328,0.35807860262008734,0.41200000000000003,0.5876407623291016
"1,1,0,1,0,0,0,1,1,1,0,0,1,1,1,0,1,0,0,1,0",0.412,0.64,0.4690000000000001,0.3942307692307692,0.328,0.35807860262008734,0.41200000000000003,0.5571379661560059
"0,0,1,1,1,0,0,0,1,0,0,1,1,1,0,1,0,0,0,0,1",0.408,0.65,0.4685,0.39823008849557523,0.36,0.37815126050420167,0.40800000000000003,0.5442202091217041
"0,1,1,0,0,0,0,0,0,1,0,0,0,1,0,1,1,1,1,1,0",0.394,0.68,0.4655,0.3567567567567568,0.264,0.30344827586206896,0.394,0.5819590091705322
"0,1,1,0,1,0,0,0,0,0,0,0,0,1,0,0,0,0,0,1,0",0.394,0.67,0.46299999999999997,0.3333333333333333,0.212,0.2591687041564792,0.39399999999999996,0.5394384860992432
"1,1,1,0,1,0,1,0,0,1,1,0,1,1,0,0,1,0,1,0,1",0.384,0.67,0.4555,0.3209876543209876,0.208,0.2524271844660194,0.384,0.7476820945739746
"1,0,1,0,1,0,0,1,1,0,1,1,1,0,0,0,1,0,1,0,1",0.384,0.66,0.45300000000000007,0.3092105263157895,0.188,0.23383084577114427,0.384,0.6142528057098389
"0,0,0,0,1,0,1,1,1,0,0,1,1,1,0,1,1,0,0,0,0",0.0,0.0,0.0,0.0,0.0,0.0,0.0,0.0
"1,0,0,1,0,0,0,1,0,1,0,0,0,0,0,1,1,0,0,0,0",0.0,0.0,0.0,0.0,0.0,0.0,0.0,0.0
"0,0,1,0,0,0,1,1,1,0,0,0,1,1,0,0,1,0,1,0,0",0.0,0.0,0.0,0.0,0.0,0.0,0.0,0.0
"1,1,0,0,0,0,1,1,1,1,0,0,1,0,0,0,1,0,1,0,0",0.0,0.0,0.0,0.0,0.0,0.0,0.0,0.0
"1,0,1,1,0,0,0,0,0,1,0,1,1,1,0,0,1,0,1,0,0",0.0,0.0,0.0,0.0,0.0,0.0,0.0,0.0
"1,0,1,1,0,0,1,0,0,0,0,1,0,1,0,0,0,0,0,0,0",0.0,0.0,0.0,0.0,0.0,0.0,0.0,0.0
"0,0,0,0,1,0,1,1,0,0,0,1,0,1,0,1,0,0,0,0,0",0.0,0.0,0.0,0.0,0.0,0.0,0.0,0.0
"0,1,1,0,0,0,1,1,1,1,0,0,0,1,0,0,0,0,0,0,0",0.0,0.0,0.0,0.0,0.0,0.0,0.0,0.0
"0,1,1,1,1,0,0,1,0,1,0,1,1,1,0,1,0,0,1,0,0",0.0,0.0,0.0,0.0,0.0,0.0,0.0,0.0
"0,0,0,1,1,0,0,1,0,1,0,1,0,0,0,1,1,0,0,0,0",0.0,0.0,0.0,0.0,0.0,0.0,0.0,0.0
"1,0,0,0,1,0,1,1,0,1,0,0,1,0,0,1,1,0,1,0,0",0.0,0.0,0.0,0.0,0.0,0.0,0.0,0.0
"0,1,0,1,1,0,1,1,0,1,0,0,0,0,0,0,0,0,1,0,0",0.0,0.0,0.0,0.0,0.0,0.0,0.0,0.0
"1,0,0,1,0,0,0,0,1,0,0,1,1,0,0,1,0,0,1,0,0",0.0,0.0,0.0,0.0,0.0,0.0,0.0,0.0
"0,1,0,1,0,0,1,1,1,1,0,1,1,0,0,0,1,0,0,0,0",0.0,0.0,0.0,0.0,0.0,0.0,0.0,0.0
"1,0,0,1,1,0,1,0,1,0,0,1,1,1,0,1,0,0,1,0,0",0.0,0.0,0.0,0.0,0.0,0.0,0.0,0.0
"0,0,1,1,0,0,1,1,0,0,0,1,0,1,0,0,0,0,1,0,0",0.0,0.0,0.0,0.0,0.0,0.0,0.0,0.0
"0,1,1,1,0,0,0,1,0,1,0,1,0,0,0,1,0,0,0,0,0",0.0,0.0,0.0,0.0,0.0,0.0,0.0,0.0
