encoding,test accuracy,training accuracy,combined accuracy,test precision,test recall,test fscore,test auc,training time
"1,0,1,1,1,1,0,0,0,1,1,1,1,1,0,1,0,0,1,1,1",0.6666666666666666,1.0,0.7589285714285714,0.6,0.8571428571428571,0.7058823529411765,0.6785714285714286,0.22389650344848633
"1,1,1,1,0,1,0,1,0,1,0,0,0,0,1,0,0,0,0,0,0",0.7,0.9,0.7540178571428571,0.6470588235294118,0.7857142857142857,0.7096774193548387,0.7053571428571428,0.20475077629089355
"1,1,1,0,1,1,0,1,0,1,0,0,0,0,1,0,0,0,0,0,0",0.7,0.9,0.7540178571428571,0.6470588235294118,0.7857142857142857,0.7096774193548387,0.7053571428571428,0.17153096199035645
"1,1,1,0,1,1,0,1,1,0,0,1,0,0,1,0,1,0,1,0,0",0.7,0.9,0.7540178571428571,0.6470588235294118,0.7857142857142857,0.7096774193548387,0.7053571428571428,0.19405412673950195
"1,1,0,1,1,1,0,0,1,0,0,1,0,0,1,1,0,0,1,0,0",0.7,0.9,0.7540178571428571,0.6470588235294118,0.7857142857142857,0.7096774193548387,0.7053571428571428,0.1944577693939209
"1,0,1,1,1,1,1,0,0,1,0,0,0,1,0,0,1,1,0,0,0",0.7,0.9,0.7540178571428571,0.6470588235294118,0.7857142857142857,0.7096774193548387,0.7053571428571428,0.18154048919677734
"1,0,1,1,1,1,0,0,0,1,0,0,0,1,0,0,1,1,0,0,0",0.7,0.9,0.7540178571428571,0.6470588235294118,0.7857142857142857,0.7096774193548387,0.7053571428571428,0.1989302635192871
"1,1,0,1,1,1,0,1,0,1,0,0,0,0,1,0,0,0,0,0,0",0.7,0.9,0.7540178571428571,0.6470588235294118,0.7857142857142857,0.7096774193548387,0.7053571428571428,0.1786022186279297
"1,0,1,1,1,1,0,0,0,1,1,1,1,1,0,1,1,1,0,0,1",0.7,0.9,0.7506696428571429,0.6666666666666666,0.7142857142857143,0.6896551724137931,0.7008928571428572,0.2415330410003662
"1,1,0,1,1,1,1,1,1,0,0,0,1,1,0,1,0,0,1,0,1",0.7,0.9,0.7506696428571429,0.6666666666666666,0.7142857142857143,0.6896551724137931,0.7008928571428572,0.23571181297302246
"0,1,1,1,1,1,1,1,1,0,0,1,0,0,1,0,1,0,0,1,0",0.6333333333333333,1.0,0.7388392857142857,0.5652173913043478,0.9285714285714286,0.7027027027027027,0.6517857142857143,0.2068476676940918
"1,1,1,0,1,1,0,1,1,1,1,1,0,1,1,0,1,0,1,1,1",0.6333333333333333,1.0,0.7354910714285714,0.5714285714285714,0.8571428571428571,0.6857142857142857,0.6473214285714286,0.22242999076843262
"1,0,1,1,1,1,0,0,0,1,1,1,1,0,0,1,0,0,1,0,0",0.6666666666666666,0.9,0.7339285714285714,0.6,0.8571428571428571,0.7058823529411765,0.6785714285714286,0.19551348686218262
"1,0,1,1,1,1,0,1,0,1,1,1,0,0,0,1,0,0,1,0,0",0.6666666666666666,0.9,0.7339285714285714,0.6,0.8571428571428571,0.7058823529411765,0.6785714285714286,0.18749427795410156
"1,1,0,1,1,1,0,0,1,1,1,1,1,1,0,1,0,0,1,0,0",0.6666666666666666,0.9,0.7339285714285714,0.6,0.8571428571428571,0.7058823529411765,0.6785714285714286,0.20228862762451172
"1,1,1,0,1,1,0,1,1,1,1,1,0,1,0,0,1,0,0,0,0",0.6666666666666666,0.9,0.7339285714285714,0.6,0.8571428571428571,0.7058823529411765,0.6785714285714286,0.20447921752929688
"1,0,1,1,1,1,0,0,0,1,1,1,1,1,0,1,1,1,0,0,0",0.6666666666666666,0.9,0.7339285714285714,0.6,0.8571428571428571,0.7058823529411765,0.6785714285714286,0.20567917823791504
"1,0,1,1,1,1,1,0,0,0,1,0,0,1,0,1,0,0,1,0,0",0.6666666666666666,0.9,0.7339285714285714,0.6,0.8571428571428571,0.7058823529411765,0.6785714285714286,0.18017053604125977
"1,1,0,1,1,1,1,1,0,1,1,1,0,0,0,1,0,0,1,0,0",0.6666666666666666,0.9,0.7339285714285714,0.6,0.8571428571428571,0.7058823529411765,0.6785714285714286,0.19745755195617676
"1,0,1,1,1,1,1,1,0,1,1,1,0,0,0,1,0,0,0,0,0",0.6666666666666666,0.9,0.7339285714285714,0.6,0.8571428571428571,0.7058823529411765,0.6785714285714286,0.1895451545715332
"1,0,1,1,1,1,0,0,1,0,1,1,0,1,0,1,0,1,0,0,0",0.6666666666666666,0.9,0.7339285714285714,0.6,0.8571428571428571,0.7058823529411765,0.6785714285714286,0.20029187202453613
"1,0,1,1,1,1,0,0,0,0,1,0,0,1,0,1,0,0,1,0,0",0.6666666666666666,0.9,0.7339285714285714,0.6,0.8571428571428571,0.7058823529411765,0.6785714285714286,0.1642777919769287
"1,0,1,1,1,1,0,0,1,1,1,1,1,1,0,1,0,1,0,0,0",0.6666666666666666,0.9,0.7339285714285714,0.6,0.8571428571428571,0.7058823529411765,0.6785714285714286,0.23238658905029297
"1,1,0,1,1,1,0,1,0,1,1,1,0,0,0,1,0,0,1,0,0",0.6666666666666666,0.9,0.7339285714285714,0.6,0.8571428571428571,0.7058823529411765,0.6785714285714286,0.19719552993774414
"1,1,0,1,1,1,0,0,0,0,1,1,1,1,0,1,0,0,1,0,0",0.6666666666666666,0.9,0.7339285714285714,0.6,0.8571428571428571,0.7058823529411765,0.6785714285714286,0.19958209991455078
"1,1,1,0,1,1,1,1,0,1,1,1,0,0,0,0,1,0,0,0,0",0.6666666666666666,0.9,0.7339285714285714,0.6,0.8571428571428571,0.7058823529411765,0.6785714285714286,0.17385506629943848
"1,0,1,1,1,1,0,0,0,1,1,1,1,1,0,1,0,0,1,0,0",0.6666666666666666,0.9,0.7339285714285714,0.6,0.8571428571428571,0.7058823529411765,0.6785714285714286,0.1872849464416504
"1,1,1,1,0,1,0,1,0,1,1,1,0,0,0,0,1,0,0,0,0",0.6666666666666666,0.9,0.7339285714285714,0.6,0.8571428571428571,0.7058823529411765,0.6785714285714286,0.1631603240966797
"1,1,0,1,1,1,0,0,1,0,1,1,1,1,0,1,0,0,1,0,0",0.6666666666666666,0.9,0.7339285714285714,0.6,0.8571428571428571,0.7058823529411765,0.6785714285714286,0.20462298393249512
"1,1,1,0,1,1,1,1,0,1,1,1,0,1,0,1,1,0,1,0,0",0.6666666666666666,0.9,0.7339285714285714,0.6,0.8571428571428571,0.7058823529411765,0.6785714285714286,0.1953260898590088
"1,0,1,1,1,1,1,1,0,1,1,1,1,0,0,1,0,0,0,0,0",0.6666666666666666,0.9,0.7339285714285714,0.6,0.8571428571428571,0.7058823529411765,0.6785714285714286,0.19027137756347656
"1,1,1,0,1,1,1,1,0,1,1,1,0,0,0,1,0,0,0,0,0",0.6666666666666666,0.9,0.7339285714285714,0.6,0.8571428571428571,0.7058823529411765,0.6785714285714286,0.18704557418823242
"1,1,1,0,1,1,1,1,0,0,1,1,0,0,0,1,0,0,0,0,0",0.6666666666666666,0.9,0.7339285714285714,0.6,0.8571428571428571,0.7058823529411765,0.6785714285714286,0.1793506145477295
"1,0,1,1,1,1,0,0,0,1,1,1,0,1,0,0,1,1,0,0,0",0.6666666666666666,0.9,0.7339285714285714,0.6,0.8571428571428571,0.7058823529411765,0.6785714285714286,0.20341825485229492
"1,1,1,0,1,1,0,1,1,1,1,1,0,0,0,0,1,0,0,0,0",0.6666666666666666,0.9,0.7339285714285714,0.6,0.8571428571428571,0.7058823529411765,0.6785714285714286,0.1799488067626953
"1,0,1,1,1,1,1,1,0,1,1,1,0,0,0,1,0,0,1,0,0",0.6666666666666666,0.9,0.7339285714285714,0.6,0.8571428571428571,0.7058823529411765,0.6785714285714286,0.17517352104187012
"1,0,1,1,1,1,1,0,1,1,1,1,1,1,0,1,0,0,1,0,0",0.6666666666666666,0.9,0.7339285714285714,0.6,0.8571428571428571,0.7058823529411765,0.6785714285714286,0.1900482177734375
"1,1,1,0,1,1,1,1,0,1,1,1,0,0,0,1,0,0,1,0,1",0.6666666666666666,0.9,0.7339285714285714,0.6,0.8571428571428571,0.7058823529411765,0.6785714285714286,0.22557687759399414
"1,0,1,1,1,1,1,1,0,1,1,1,0,0,0,0,1,0,0,0,0",0.6666666666666666,0.9,0.7339285714285714,0.6,0.8571428571428571,0.7058823529411765,0.6785714285714286,0.19398808479309082
"1,0,1,1,1,1,1,1,0,1,1,1,0,0,0,1,1,0,0,0,0",0.6666666666666666,0.9,0.7339285714285714,0.6,0.8571428571428571,0.7058823529411765,0.6785714285714286,0.166032075881958
"1,1,0,1,1,1,1,0,1,0,1,1,1,0,0,1,0,0,1,0,0",0.6666666666666666,0.9,0.7339285714285714,0.6,0.8571428571428571,0.7058823529411765,0.6785714285714286,0.1798381805419922
"1,0,1,1,1,1,0,0,1,0,1,1,0,1,0,1,0,0,1,0,0",0.6666666666666666,0.9,0.7339285714285714,0.6,0.8571428571428571,0.7058823529411765,0.6785714285714286,0.17302322387695312
"1,1,1,0,1,1,1,1,0,1,1,1,0,0,0,1,1,0,0,0,0",0.6666666666666666,0.9,0.7339285714285714,0.6,0.8571428571428571,0.7058823529411765,0.6785714285714286,0.17312383651733398
"1,0,1,1,1,1,1,0,1,0,1,1,0,1,0,1,0,0,1,0,0",0.6666666666666666,0.9,0.7339285714285714,0.6,0.8571428571428571,0.7058823529411765,0.6785714285714286,0.17736577987670898
"1,1,0,1,1,1,1,1,0,1,1,1,0,0,0,1,0,0,0,0,0",0.6666666666666666,0.9,0.7339285714285714,0.6,0.8571428571428571,0.7058823529411765,0.6785714285714286,0.1974940299987793
"1,0,1,1,1,1,1,0,1,0,1,1,1,0,0,1,0,0,1,0,0",0.6666666666666666,0.9,0.7339285714285714,0.6,0.8571428571428571,0.7058823529411765,0.6785714285714286,0.19301176071166992
"1,1,0,1,1,1,0,0,1,0,1,1,0,1,0,1,0,0,1,0,0",0.6666666666666666,0.9,0.7339285714285714,0.6,0.8571428571428571,0.7058823529411765,0.6785714285714286,0.19489574432373047
"1,0,1,1,1,1,0,0,0,1,1,1,1,1,0,1,1,0,0,0,0",0.6666666666666666,0.9,0.7339285714285714,0.6,0.8571428571428571,0.7058823529411765,0.6785714285714286,0.17376470565795898
"1,1,1,0,1,1,1,1,0,1,1,1,0,1,0,1,0,0,1,0,0",0.6666666666666666,0.9,0.7339285714285714,0.6,0.8571428571428571,0.7058823529411765,0.6785714285714286,0.2000420093536377
"1,1,1,0,1,1,1,1,0,1,1,1,0,0,0,1,0,0,1,0,0",0.6666666666666666,0.9,0.7339285714285714,0.6,0.8571428571428571,0.7058823529411765,0.6785714285714286,0.18312311172485352
"1,0,1,1,1,1,0,0,0,1,1,1,1,0,0,0,1,0,0,0,0",0.6666666666666666,0.9,0.7339285714285714,0.6,0.8571428571428571,0.7058823529411765,0.6785714285714286,0.16920757293701172
"1,0,1,1,1,1,0,0,0,1,1,1,1,1,0,1,0,1,0,0,0",0.6666666666666666,0.9,0.7339285714285714,0.6,0.8571428571428571,0.7058823529411765,0.6785714285714286,0.23268580436706543
"1,0,1,1,1,1,0,0,1,1,1,1,1,1,0,1,0,0,1,0,0",0.6666666666666666,0.9,0.7339285714285714,0.6,0.8571428571428571,0.7058823529411765,0.6785714285714286,0.17983055114746094
"1,1,0,1,1,1,0,0,0,0,1,0,0,1,0,1,0,0,1,0,0",0.6666666666666666,0.9,0.7339285714285714,0.6,0.8571428571428571,0.7058823529411765,0.6785714285714286,0.18491125106811523
"1,0,1,1,1,1,0,0,0,1,1,1,1,1,0,1,0,0,0,0,0",0.6666666666666666,0.9,0.7339285714285714,0.6,0.8571428571428571,0.7058823529411765,0.6785714285714286,0.1867084503173828
"1,0,1,1,1,1,1,0,0,1,1,1,1,1,0,1,0,0,1,0,0",0.6666666666666666,0.9,0.7339285714285714,0.6,0.8571428571428571,0.7058823529411765,0.6785714285714286,0.1938481330871582
"1,0,1,1,1,1,1,1,0,1,1,1,0,1,0,1,0,0,1,0,0",0.6666666666666666,0.9,0.7339285714285714,0.6,0.8571428571428571,0.7058823529411765,0.6785714285714286,0.2103419303894043
"1,1,1,0,1,1,1,1,0,1,1,1,0,1,0,1,0,0,1,0,1",0.7,0.8,0.7323660714285714,0.631578947368421,0.8571428571428571,0.7272727272727273,0.7098214285714286,0.28791165351867676
"1,1,0,1,1,1,0,1,0,1,0,0,0,0,1,0,0,0,0,1,1",0.7333333333333333,0.7,0.7308035714285714,0.6666666666666666,0.8571428571428571,0.75,0.7410714285714286,0.25032687187194824
"1,1,0,1,1,1,0,0,0,0,1,0,0,1,1,1,0,1,0,1,0",0.6666666666666666,0.9,0.7305803571428571,0.6111111111111112,0.7857142857142857,0.6875,0.6741071428571428,0.2350466251373291
"1,1,1,1,0,1,1,1,1,0,0,0,1,1,0,1,0,0,1,0,1",0.7,0.8,0.7290178571428572,0.6470588235294118,0.7857142857142857,0.7096774193548387,0.7053571428571428,0.22020697593688965
"1,0,1,1,1,0,0,1,1,1,1,1,1,0,1,1,1,1,0,1,1",0.7,0.8,0.7223214285714286,0.6923076923076923,0.6428571428571429,0.6666666666666666,0.6964285714285714,0.2044978141784668
"0,1,0,1,1,1,1,1,1,1,1,1,1,0,1,0,0,0,1,1,1",0.6666666666666666,0.9,0.7205357142857143,0.6666666666666666,0.5714285714285714,0.6153846153846154,0.6607142857142857,0.23524713516235352
"1,1,1,0,0,0,1,0,0,1,1,0,0,1,1,1,0,1,1,1,0",0.6666666666666666,0.9,0.7205357142857143,0.6666666666666666,0.5714285714285714,0.6153846153846154,0.6607142857142857,0.21093416213989258
"1,0,0,1,1,1,1,1,1,1,0,1,1,1,1,0,0,0,0,0,1",0.6333333333333333,0.9,0.7138392857142857,0.5652173913043478,0.9285714285714286,0.7027027027027027,0.6517857142857143,0.21799850463867188
"1,1,0,1,1,1,1,0,1,1,0,1,1,0,0,1,1,0,1,1,0",0.6666666666666666,0.8,0.7122767857142858,0.5909090909090909,0.9285714285714286,0.7222222222222222,0.6830357142857143,0.21060466766357422
"1,0,0,0,1,1,1,1,1,0,0,0,1,0,0,1,0,1,0,1,0",0.6666666666666666,0.8,0.7122767857142858,0.5909090909090909,0.9285714285714286,0.7222222222222222,0.6830357142857143,0.21896886825561523
"1,0,0,1,1,1,1,0,0,0,0,0,1,1,0,0,1,1,1,1,0",0.6,1.0,0.7120535714285714,0.5454545454545454,0.8571428571428571,0.6666666666666666,0.6160714285714286,0.2158646583557129
"1,1,1,0,1,1,1,0,1,1,0,0,0,1,0,0,1,1,0,0,0",0.7,0.7,0.7107142857142856,0.6190476190476191,0.9285714285714286,0.7428571428571429,0.7142857142857143,0.1753983497619629
"1,1,1,0,1,1,1,0,0,1,0,0,0,1,0,0,1,1,1,0,0",0.7,0.7,0.7107142857142856,0.6190476190476191,0.9285714285714286,0.7428571428571429,0.7142857142857143,0.1847236156463623
"1,1,1,0,1,1,0,0,0,1,0,0,0,1,0,0,1,1,0,0,0",0.7,0.7,0.7107142857142856,0.6190476190476191,0.9285714285714286,0.7428571428571429,0.7142857142857143,0.16649508476257324
"1,0,1,1,1,1,1,0,0,1,0,0,0,1,0,0,1,0,0,1,0",0.7,0.7,0.7107142857142856,0.6190476190476191,0.9285714285714286,0.7428571428571429,0.7142857142857143,0.1961839199066162
"1,1,1,0,1,1,1,0,0,1,0,0,0,1,0,0,1,1,0,0,0",0.7,0.7,0.7107142857142856,0.6190476190476191,0.9285714285714286,0.7428571428571429,0.7142857142857143,0.18611526489257812
"1,1,0,1,1,1,1,0,1,0,1,1,1,0,1,0,1,0,1,0,0",0.6333333333333333,0.9,0.7104910714285715,0.5714285714285714,0.8571428571428571,0.6857142857142857,0.6473214285714286,0.20192790031433105
"0,1,1,1,1,1,0,0,1,0,1,0,1,0,1,0,1,1,1,0,1",0.6333333333333333,0.9,0.7104910714285715,0.5714285714285714,0.8571428571428571,0.6857142857142857,0.6473214285714286,0.21679234504699707
"1,1,0,1,1,1,1,1,0,1,1,1,0,0,1,1,0,0,1,0,0",0.6333333333333333,0.9,0.7104910714285715,0.5714285714285714,0.8571428571428571,0.6857142857142857,0.6473214285714286,0.20761871337890625
"1,1,0,1,1,1,1,0,1,0,1,1,1,0,1,0,1,0,0,0,0",0.6333333333333333,0.9,0.7104910714285715,0.5714285714285714,0.8571428571428571,0.6857142857142857,0.6473214285714286,0.22781944274902344
"1,1,1,0,1,1,1,1,0,1,1,1,0,0,1,0,1,0,0,0,0",0.6333333333333333,0.9,0.7104910714285715,0.5714285714285714,0.8571428571428571,0.6857142857142857,0.6473214285714286,0.1937398910522461
"1,0,1,1,1,1,1,1,1,1,0,1,0,0,1,1,1,0,1,1,1",0.6333333333333333,0.9,0.7104910714285715,0.5714285714285714,0.8571428571428571,0.6857142857142857,0.6473214285714286,0.2486569881439209
"1,1,1,0,1,1,1,0,1,0,1,1,1,0,1,0,1,0,0,0,0",0.6333333333333333,0.9,0.7104910714285715,0.5714285714285714,0.8571428571428571,0.6857142857142857,0.6473214285714286,0.18501710891723633
"1,1,1,0,1,1,1,1,0,1,1,1,0,0,1,1,0,0,1,0,0",0.6333333333333333,0.9,0.7104910714285715,0.5714285714285714,0.8571428571428571,0.6857142857142857,0.6473214285714286,0.2060563564300537
"1,1,0,1,1,1,0,0,0,1,1,0,1,1,1,0,0,0,0,1,0",0.6666666666666666,0.8,0.7089285714285714,0.6,0.8571428571428571,0.7058823529411765,0.6785714285714286,0.22989106178283691
"1,1,0,1,1,1,0,0,0,0,1,1,1,0,1,1,0,0,0,1,0",0.6666666666666666,0.8,0.7089285714285714,0.6,0.8571428571428571,0.7058823529411765,0.6785714285714286,0.24302411079406738
"1,1,0,1,1,1,0,0,1,1,1,1,1,1,0,1,1,1,0,0,1",0.6333333333333333,0.9,0.7071428571428571,0.5789473684210527,0.7857142857142857,0.6666666666666666,0.6428571428571428,0.21746444702148438
"1,1,0,1,1,1,0,0,0,1,1,1,1,1,0,1,1,1,0,0,1",0.6333333333333333,0.9,0.7071428571428571,0.5789473684210527,0.7857142857142857,0.6666666666666666,0.6428571428571428,0.22995591163635254
"1,1,1,0,0,1,0,1,1,0,1,1,1,0,1,1,1,0,0,1,1",0.6666666666666666,0.8,0.7055803571428572,0.6111111111111112,0.7857142857142857,0.6875,0.6741071428571428,0.21859002113342285
"1,0,1,1,1,1,0,0,0,1,1,0,0,0,0,0,1,0,0,1,0",0.6,1.0,0.7053571428571429,0.5555555555555556,0.7142857142857143,0.625,0.6071428571428572,0.23358702659606934
"1,1,0,1,1,1,1,0,0,0,1,0,0,0,0,0,1,0,1,1,0",0.6,1.0,0.7053571428571429,0.5555555555555556,0.7142857142857143,0.625,0.6071428571428572,0.19238543510437012
"1,1,0,1,1,1,0,0,1,0,1,0,1,0,1,1,0,1,0,0,0",0.6333333333333333,0.9,0.7037946428571429,0.5882352941176471,0.7142857142857143,0.6451612903225806,0.6383928571428572,0.20012426376342773
"1,0,1,1,1,1,1,1,0,1,1,1,0,0,0,0,1,1,0,0,0",0.6333333333333333,0.9,0.7037946428571429,0.5882352941176471,0.7142857142857143,0.6451612903225806,0.6383928571428572,0.21735930442810059
"1,1,0,1,1,1,0,0,0,0,1,0,0,1,1,1,0,1,0,0,0",0.6333333333333333,0.9,0.7037946428571429,0.5882352941176471,0.7142857142857143,0.6451612903225806,0.6383928571428572,0.1850275993347168
"1,0,1,1,1,1,1,1,0,1,1,1,0,0,0,1,0,1,0,0,0",0.6333333333333333,0.9,0.7037946428571429,0.5882352941176471,0.7142857142857143,0.6451612903225806,0.6383928571428572,0.19781780242919922
"1,0,1,1,1,1,0,1,0,1,1,1,0,0,0,1,0,1,0,0,0",0.6666666666666666,0.8,0.702232142857143,0.625,0.7142857142857143,0.6666666666666666,0.6696428571428572,0.20301318168640137
"1,0,1,1,1,1,0,0,1,1,1,1,1,1,0,1,0,0,1,1,1",0.6666666666666666,0.8,0.702232142857143,0.625,0.7142857142857143,0.6666666666666666,0.6696428571428572,0.22058725357055664
"0,0,1,1,1,1,0,1,0,0,0,0,0,1,1,1,1,0,1,1,1",0.6,1.0,0.7020089285714286,0.5625,0.6428571428571429,0.6,0.6026785714285714,0.22312498092651367
"0,1,1,1,1,1,1,1,1,0,0,0,1,1,0,1,0,0,1,0,1",0.6,1.0,0.6986607142857143,0.5714285714285714,0.5714285714285714,0.5714285714285714,0.5982142857142857,0.2189316749572754
"1,0,1,1,1,0,0,1,1,1,1,0,1,0,1,1,0,0,1,1,1",0.7,0.7,0.6973214285714286,0.6923076923076923,0.6428571428571429,0.6666666666666666,0.6964285714285714,0.24198341369628906
"1,0,0,1,0,0,1,0,0,1,0,1,0,1,1,1,1,1,1,1,1",0.6333333333333333,0.9,0.6970982142857143,0.6153846153846154,0.5714285714285714,0.5925925925925926,0.6294642857142857,0.23618006706237793
"0,1,0,0,1,0,0,0,0,1,0,1,0,0,0,1,0,0,1,0,1",0.7,0.7,0.6939732142857142,0.7272727272727273,0.5714285714285714,0.64,0.6919642857142857,0.23049616813659668
"1,1,1,1,0,1,0,1,0,1,0,0,0,0,1,0,0,1,0,0,0",0.6333333333333333,0.9,0.69375,0.6363636363636364,0.5,0.56,0.625,0.22539567947387695
"1,1,0,1,1,1,0,0,1,0,1,0,0,0,0,1,0,0,1,1,1",0.6333333333333333,0.8,0.6921875,0.56,1.0,0.717948717948718,0.65625,0.20887398719787598
"1,0,1,0,1,1,1,0,0,0,0,0,0,0,1,1,0,0,0,0,0",0.6333333333333333,0.8,0.6921875,0.56,1.0,0.717948717948718,0.65625,0.19564342498779297
"0,0,1,0,1,0,1,0,0,0,1,1,1,0,0,1,0,1,1,0,1",0.5666666666666667,1.0,0.6919642857142857,0.52,0.9285714285714286,0.6666666666666666,0.5892857142857143,0.20935797691345215
"0,0,1,0,1,1,0,0,1,0,0,0,0,0,1,1,1,0,1,1,1",0.6,0.9,0.6904017857142857,0.5416666666666666,0.9285714285714286,0.6842105263157895,0.6205357142857143,0.2353663444519043
"1,1,1,1,1,1,1,1,0,0,1,0,1,0,0,0,0,1,1,1,1",0.7,0.6,0.6890625,0.6086956521739131,1.0,0.7567567567567568,0.71875,0.2420332431793213
"0,1,0,0,1,1,1,1,0,1,0,0,1,0,0,1,1,0,0,1,1",0.7,0.6,0.6890625,0.6086956521739131,1.0,0.7567567567567568,0.71875,0.24081993103027344
"1,0,1,0,1,0,1,0,1,1,1,0,1,0,0,1,0,1,0,1,0",0.5666666666666667,1.0,0.6886160714285714,0.5217391304347826,0.8571428571428571,0.6486486486486487,0.5848214285714286,0.22082066535949707
"1,1,0,1,1,1,0,1,0,1,0,1,1,0,0,1,0,0,1,1,0",0.6666666666666666,0.7,0.6872767857142856,0.5909090909090909,0.9285714285714286,0.7222222222222222,0.6830357142857143,0.2363269329071045
"1,1,0,1,1,1,0,1,0,1,1,1,0,0,0,1,0,1,1,0,0",0.6,0.9,0.6870535714285715,0.5454545454545454,0.8571428571428571,0.6666666666666666,0.6160714285714286,0.22151660919189453
"1,0,1,1,0,0,0,1,1,1,1,0,1,1,1,0,1,0,1,0,1",0.6,0.9,0.6870535714285715,0.5454545454545454,0.8571428571428571,0.6666666666666666,0.6160714285714286,0.22446775436401367
"1,1,0,1,1,1,0,1,0,1,1,1,0,0,0,1,0,1,0,0,0",0.6,0.9,0.6870535714285715,0.5454545454545454,0.8571428571428571,0.6666666666666666,0.6160714285714286,0.2076582908630371
"1,1,0,1,1,1,0,0,1,0,1,1,1,0,1,1,0,0,0,1,0",0.6333333333333333,0.8,0.6854910714285715,0.5714285714285714,0.8571428571428571,0.6857142857142857,0.6473214285714286,0.2283167839050293
"1,0,1,1,1,1,0,0,0,1,1,1,1,1,1,0,1,0,1,1,1",0.5666666666666667,1.0,0.6852678571428571,0.5238095238095238,0.7857142857142857,0.6285714285714286,0.5803571428571428,0.22446012496948242
"1,0,1,1,1,1,0,0,1,0,0,1,0,1,0,1,0,0,1,0,0",0.6666666666666666,0.7,0.6839285714285714,0.6,0.8571428571428571,0.7058823529411765,0.6785714285714286,0.18936991691589355
"1,1,0,1,1,1,1,1,1,0,0,0,1,1,0,0,1,0,0,0,0",0.6666666666666666,0.7,0.6839285714285714,0.6,0.8571428571428571,0.7058823529411765,0.6785714285714286,0.16426730155944824
"1,1,0,1,1,1,0,1,1,0,0,0,1,1,0,1,0,0,1,0,0",0.6666666666666666,0.7,0.6839285714285714,0.6,0.8571428571428571,0.7058823529411765,0.6785714285714286,0.1963939666748047
"1,1,0,1,1,1,1,1,1,0,0,0,1,0,0,0,1,0,0,0,0",0.6666666666666666,0.7,0.6839285714285714,0.6,0.8571428571428571,0.7058823529411765,0.6785714285714286,0.17667698860168457
"0,1,1,0,1,1,0,0,1,1,1,1,0,1,1,1,0,0,0,0,0",0.6666666666666666,0.7,0.6839285714285714,0.6,0.8571428571428571,0.7058823529411765,0.6785714285714286,0.19712066650390625
"1,0,1,1,1,1,1,0,0,1,0,0,0,1,0,0,0,0,1,0,0",0.6666666666666666,0.7,0.6839285714285714,0.6,0.8571428571428571,0.7058823529411765,0.6785714285714286,0.18446755409240723
"1,1,0,1,1,1,0,0,1,0,1,1,1,0,0,1,1,0,0,1,1",0.6666666666666666,0.7,0.6839285714285714,0.6,0.8571428571428571,0.7058823529411765,0.6785714285714286,0.21591663360595703
"1,1,1,0,1,1,1,1,1,0,0,0,1,1,0,1,0,0,1,0,0",0.6666666666666666,0.7,0.6839285714285714,0.6,0.8571428571428571,0.7058823529411765,0.6785714285714286,0.16315531730651855
"1,0,1,1,1,1,1,0,0,1,0,0,0,1,0,1,0,0,1,0,0",0.6666666666666666,0.7,0.6839285714285714,0.6,0.8571428571428571,0.7058823529411765,0.6785714285714286,0.19385004043579102
"1,0,1,1,1,1,1,0,0,1,0,0,0,1,0,0,1,0,1,0,0",0.6666666666666666,0.7,0.6839285714285714,0.6,0.8571428571428571,0.7058823529411765,0.6785714285714286,0.17809486389160156
"1,0,1,1,1,1,1,0,0,1,0,0,0,1,0,1,1,0,1,0,0",0.6666666666666666,0.7,0.6839285714285714,0.6,0.8571428571428571,0.7058823529411765,0.6785714285714286,0.1924901008605957
"0,1,1,1,1,1,1,1,1,1,0,0,1,0,0,1,1,0,1,0,0",0.6666666666666666,0.7,0.6839285714285714,0.6,0.8571428571428571,0.7058823529411765,0.6785714285714286,0.17997312545776367
"1,1,0,1,1,1,1,0,1,1,0,1,1,0,0,1,1,0,1,0,0",0.6666666666666666,0.7,0.6839285714285714,0.6,0.8571428571428571,0.7058823529411765,0.6785714285714286,0.17314434051513672
"1,1,1,0,1,1,0,1,1,1,0,1,0,0,0,1,0,0,1,0,0",0.6666666666666666,0.7,0.6839285714285714,0.6,0.8571428571428571,0.7058823529411765,0.6785714285714286,0.18192768096923828
"1,0,1,1,1,1,1,0,0,1,0,0,1,1,0,1,0,0,1,0,0",0.6666666666666666,0.7,0.6839285714285714,0.6,0.8571428571428571,0.7058823529411765,0.6785714285714286,0.20388078689575195
"1,1,1,1,0,1,0,1,0,1,0,0,0,0,0,0,1,0,0,0,0",0.6666666666666666,0.7,0.6839285714285714,0.6,0.8571428571428571,0.7058823529411765,0.6785714285714286,0.19341754913330078
"1,1,0,1,1,1,0,0,1,0,0,1,0,0,0,1,0,0,1,0,0",0.6666666666666666,0.7,0.6839285714285714,0.6,0.8571428571428571,0.7058823529411765,0.6785714285714286,0.17041516304016113
"1,1,0,1,1,1,1,1,1,0,0,0,1,1,0,1,0,0,0,0,0",0.6666666666666666,0.7,0.6839285714285714,0.6,0.8571428571428571,0.7058823529411765,0.6785714285714286,0.18722271919250488
"1,1,0,1,1,1,1,1,1,0,0,0,1,1,0,1,0,0,1,0,0",0.6666666666666666,0.7,0.6839285714285714,0.6,0.8571428571428571,0.7058823529411765,0.6785714285714286,0.168588638305664
"1,0,1,1,1,1,1,0,0,1,0,0,0,1,0,0,1,0,0,0,0",0.6666666666666666,0.7,0.6839285714285714,0.6,0.8571428571428571,0.7058823529411765,0.6785714285714286,0.16891789436340332
"0,1,1,1,1,1,0,0,1,0,0,0,1,0,0,1,1,0,0,0,0",0.6666666666666666,0.7,0.6839285714285714,0.6,0.8571428571428571,0.7058823529411765,0.6785714285714286,0.19462251663208008
"1,0,1,1,1,1,1,0,0,1,0,0,0,0,0,1,0,0,1,0,0",0.6666666666666666,0.7,0.6839285714285714,0.6,0.8571428571428571,0.7058823529411765,0.6785714285714286,0.17580032348632812
"1,1,1,0,1,1,0,1,0,1,1,1,0,1,0,1,0,0,0,1,0",0.6,0.9,0.6837053571428571,0.55,0.7857142857142857,0.6470588235294118,0.6116071428571428,0.2029736042022705
"1,1,0,1,1,1,0,0,1,0,1,1,1,1,0,1,0,0,1,0,1",0.6,0.9,0.6837053571428571,0.55,0.7857142857142857,0.6470588235294118,0.6116071428571428,0.23163080215454102
"0,1,1,1,1,1,0,0,1,0,0,0,0,0,1,0,0,0,0,1,0",0.6,0.9,0.6837053571428571,0.55,0.7857142857142857,0.6470588235294118,0.6116071428571428,0.22496938705444336
"1,1,0,1,1,1,1,0,1,1,0,1,1,0,0,1,1,0,1,0,1",0.6,0.9,0.6837053571428571,0.55,0.7857142857142857,0.6470588235294118,0.6116071428571428,0.20546650886535645
"1,1,0,1,1,1,0,0,1,0,1,1,1,1,1,1,0,1,0,1,0",0.6333333333333333,0.8,0.6821428571428572,0.5789473684210527,0.7857142857142857,0.6666666666666666,0.6428571428571428,0.24016499519348145
"1,1,1,0,1,1,1,0,1,0,1,1,1,0,1,0,1,0,1,1,0",0.6333333333333333,0.8,0.6821428571428572,0.5789473684210527,0.7857142857142857,0.6666666666666666,0.6428571428571428,0.19153857231140137
"0,0,1,1,0,0,1,1,0,1,0,0,0,0,0,1,1,0,0,1,1",0.6333333333333333,0.8,0.6821428571428572,0.5789473684210527,0.7857142857142857,0.6666666666666666,0.6428571428571428,0.1975853443145752
"1,0,1,1,1,1,0,0,0,1,1,1,1,1,0,1,0,0,1,1,0",0.5666666666666667,1.0,0.6819196428571429,0.5263157894736842,0.7142857142857143,0.6060606060606061,0.5758928571428572,0.23848557472229004
"0,1,1,1,1,1,0,1,1,0,1,0,1,1,1,1,1,1,1,1,1",0.6,1.0,0.6819196428571428,0.75,0.21428571428571427,0.3333333333333333,0.5758928571428571,0.2315678596496582
"1,0,1,1,1,1,1,1,0,1,1,1,0,1,0,1,0,0,1,1,0",0.6,0.9,0.6803571428571429,0.5555555555555556,0.7142857142857143,0.625,0.6071428571428572,0.23040056228637695
"0,0,1,0,1,1,0,1,1,1,0,1,1,0,0,1,1,1,1,0,1",0.6333333333333333,0.8,0.678794642857143,0.5882352941176471,0.7142857142857143,0.6451612903225806,0.6383928571428572,0.2444443702697754
"1,0,1,1,1,0,0,1,1,0,1,0,1,0,1,1,0,0,1,1,1",0.6333333333333333,0.8,0.678794642857143,0.5882352941176471,0.7142857142857143,0.6451612903225806,0.6383928571428572,0.21205663681030273
"1,1,1,1,0,1,0,0,1,1,1,0,1,1,1,1,1,1,1,0,0",0.5666666666666667,1.0,0.6785714285714286,0.5294117647058824,0.6428571428571429,0.5806451612903226,0.5714285714285714,0.2017815113067627
"1,0,1,0,1,0,1,1,1,0,0,1,1,0,0,0,1,1,1,0,1",0.6666666666666666,0.7,0.6772321428571428,0.625,0.7142857142857143,0.6666666666666666,0.6696428571428572,0.24290156364440918
"1,1,0,1,1,1,0,0,0,0,0,1,0,1,1,1,0,1,0,0,0",0.6,0.9,0.6770089285714286,0.5625,0.6428571428571429,0.6,0.6026785714285714,0.18337011337280273
"1,1,0,1,1,1,0,0,1,0,0,1,0,0,1,1,0,0,0,1,0",0.6,0.9,0.6770089285714286,0.5625,0.6428571428571429,0.6,0.6026785714285714,0.22315382957458496
"0,0,1,1,0,1,0,1,0,0,0,1,1,1,0,1,0,1,1,0,0",0.6333333333333333,0.8,0.6754464285714286,0.6,0.6428571428571429,0.6206896551724138,0.6339285714285714,0.20383644104003906
"0,1,1,0,0,0,1,1,0,0,0,1,0,1,0,0,1,0,1,0,1",0.5666666666666667,1.0,0.6752232142857143,0.5333333333333333,0.5714285714285714,0.5517241379310345,0.5669642857142857,0.2273991107940673
"0,0,0,0,1,0,0,1,1,0,0,0,1,1,1,0,0,1,1,1,0",0.5666666666666667,1.0,0.6752232142857143,0.5333333333333333,0.5714285714285714,0.5517241379310345,0.5669642857142857,0.2101123332977295
"0,1,1,1,0,0,1,1,0,1,1,1,0,0,0,1,0,0,1,1,0",0.6666666666666666,0.7,0.6738839285714285,0.6428571428571429,0.6428571428571429,0.6428571428571429,0.6651785714285714,0.23194026947021484
"0,1,0,1,0,0,0,0,0,0,0,1,0,1,0,1,0,1,0,1,0",0.6,0.9,0.6736607142857143,0.5714285714285714,0.5714285714285714,0.5714285714285714,0.5982142857142857,0.18396425247192383
"0,1,1,1,0,0,1,0,1,0,1,1,1,1,1,1,0,0,1,1,1",0.7,0.6,0.6723214285714286,0.6923076923076923,0.6428571428571429,0.6666666666666666,0.6964285714285714,0.2796926498413086
"1,0,0,1,0,0,1,1,0,0,0,0,0,0,1,1,1,0,1,0,1",0.5666666666666667,1.0,0.671875,0.5384615384615384,0.5,0.5185185185185185,0.5625,0.22980761528015137
"0,1,0,1,0,0,1,0,1,0,0,1,1,1,0,1,1,1,1,0,0",0.5666666666666667,0.9,0.6703125,0.5185185185185185,1.0,0.6829268292682927,0.59375,0.20839715003967285
"1,0,1,1,1,1,1,0,1,0,1,1,1,1,1,0,1,0,1,1,1",0.6,0.9,0.6703125,0.5833333333333334,0.5,0.5384615384615384,0.59375,0.235595703125
"0,1,1,1,0,0,1,1,0,1,1,1,0,0,0,1,0,0,1,0,1",0.6,0.9,0.6703125,0.5833333333333334,0.5,0.5384615384615384,0.59375,0.2745349407196045
"1,0,1,0,1,1,1,0,1,0,1,1,1,0,1,0,1,0,0,0,0",0.6333333333333333,0.8,0.66875,0.6363636363636364,0.5,0.56,0.625,0.2057647705078125
"1,0,1,1,1,1,0,1,0,1,0,1,0,0,0,0,1,1,1,1,0",0.6333333333333333,0.8,0.66875,0.6363636363636364,0.5,0.56,0.625,0.22786903381347656
"1,1,1,1,0,1,0,1,0,1,0,0,0,0,1,0,0,0,1,1,1",0.5333333333333333,1.0,0.6685267857142857,0.5,0.9285714285714286,0.65,0.5580357142857143,0.23571157455444336
"0,1,1,1,1,1,1,1,1,0,0,1,0,0,1,0,1,0,0,0,0",0.5333333333333333,1.0,0.6685267857142857,0.5,0.9285714285714286,0.65,0.5580357142857143,0.1846916675567627
"0,1,1,1,1,1,1,1,1,0,0,1,0,0,1,0,1,0,1,0,0",0.5333333333333333,1.0,0.6685267857142857,0.5,0.9285714285714286,0.65,0.5580357142857143,0.1918954849243164
"0,1,1,1,1,0,0,1,1,0,0,0,0,1,0,1,0,1,0,0,1",0.6,0.9,0.6669642857142857,0.6,0.42857142857142855,0.5,0.5892857142857143,0.24198269844055176
"1,1,1,0,1,1,0,1,1,1,0,1,1,0,1,1,0,0,1,1,0",0.6,0.9,0.6669642857142857,0.6,0.42857142857142855,0.5,0.5892857142857143,0.24529528617858887
"1,1,1,0,1,1,1,1,0,1,1,1,0,1,0,1,0,1,0,1,0",0.5666666666666667,0.9,0.6669642857142857,0.52,0.9285714285714286,0.6666666666666666,0.5892857142857143,0.21111059188842773
"1,1,1,0,1,1,1,1,0,0,0,0,0,1,1,1,0,0,0,1,0",0.5333333333333333,1.0,0.6651785714285714,0.5,0.8571428571428571,0.631578947368421,0.5535714285714286,0.21459078788757324
"1,1,0,1,1,1,0,1,1,1,1,1,0,0,1,0,0,0,0,0,1",0.6333333333333333,0.7,0.6638392857142856,0.5652173913043478,0.9285714285714286,0.7027027027027027,0.6517857142857143,0.2161877155303955
"0,1,0,0,0,0,0,0,0,1,0,0,1,1,1,1,1,0,1,0,1",0.6333333333333333,0.7,0.6638392857142856,0.5652173913043478,0.9285714285714286,0.7027027027027027,0.6517857142857143,0.2279057502746582
"1,0,1,1,0,0,0,1,0,1,1,0,0,0,0,0,1,0,0,1,0",0.6333333333333333,0.7,0.6638392857142856,0.5652173913043478,0.9285714285714286,0.7027027027027027,0.6517857142857143,0.18904995918273926
"1,0,0,1,0,0,1,1,1,0,1,1,0,1,1,1,0,0,1,1,0",0.5666666666666667,0.9,0.6636160714285715,0.5217391304347826,0.8571428571428571,0.6486486486486487,0.5848214285714286,0.20375967025756836
"1,1,1,1,0,1,1,1,1,1,1,1,1,0,0,1,0,0,1,0,1",0.5666666666666667,0.9,0.6636160714285715,0.5217391304347826,0.8571428571428571,0.6486486486486487,0.5848214285714286,0.24075555801391602
"1,1,0,1,1,1,0,0,0,0,1,0,0,1,1,1,0,0,1,1,1",0.6,0.8,0.6620535714285715,0.5454545454545454,0.8571428571428571,0.6666666666666666,0.6160714285714286,0.22892975807189941
"1,1,0,1,1,1,0,0,0,0,1,0,0,1,0,1,0,0,1,1,1",0.6,0.8,0.6620535714285715,0.5454545454545454,0.8571428571428571,0.6666666666666666,0.6160714285714286,0.24109172821044922
"1,1,1,1,0,1,0,0,1,0,1,0,0,1,0,0,0,1,1,1,1",0.6333333333333333,0.7,0.6604910714285714,0.5714285714285714,0.8571428571428571,0.6857142857142857,0.6473214285714286,0.22747278213500977
"1,1,1,0,1,1,0,1,1,1,1,1,0,1,1,0,1,0,0,0,0",0.6333333333333333,0.7,0.6604910714285714,0.5714285714285714,0.8571428571428571,0.6857142857142857,0.6473214285714286,0.20490598678588867
"1,1,0,1,1,1,0,0,1,0,1,1,1,0,1,0,1,0,0,0,0",0.6333333333333333,0.7,0.6604910714285714,0.5714285714285714,0.8571428571428571,0.6857142857142857,0.6473214285714286,0.17841887474060059
"1,0,1,1,1,1,1,0,0,1,1,0,0,1,0,0,1,1,0,0,0",0.6333333333333333,0.7,0.6604910714285714,0.5714285714285714,0.8571428571428571,0.6857142857142857,0.6473214285714286,0.19537043571472168
"1,1,1,0,1,1,0,1,1,1,1,1,0,1,1,0,1,0,1,0,0",0.6333333333333333,0.7,0.6604910714285714,0.5714285714285714,0.8571428571428571,0.6857142857142857,0.6473214285714286,0.18210649490356445
"1,1,1,0,1,1,1,1,0,1,1,1,0,0,0,1,1,0,0,1,1",0.5666666666666667,0.9,0.6602678571428571,0.5238095238095238,0.7857142857142857,0.6285714285714286,0.5803571428571428,0.24418020248413086
"1,1,1,0,1,1,1,1,0,1,1,1,0,1,1,0,1,0,1,1,1",0.5666666666666667,0.9,0.6602678571428571,0.5238095238095238,0.7857142857142857,0.6285714285714286,0.5803571428571428,0.23470711708068848
"1,0,0,1,0,0,0,1,1,1,0,0,0,1,0,0,1,0,1,1,1",0.5666666666666667,0.9,0.6602678571428571,0.5238095238095238,0.7857142857142857,0.6285714285714286,0.5803571428571428,0.23818087577819824
"1,1,0,1,1,1,0,0,1,1,1,1,1,1,0,0,1,1,0,0,0",0.5666666666666667,0.9,0.6602678571428571,0.5238095238095238,0.7857142857142857,0.6285714285714286,0.5803571428571428,0.20386195182800293
"1,1,0,1,1,1,0,0,1,0,1,1,0,1,0,1,0,1,0,0,0",0.5666666666666667,0.9,0.6602678571428571,0.5238095238095238,0.7857142857142857,0.6285714285714286,0.5803571428571428,0.1993398666381836
"1,1,0,1,1,1,0,0,1,1,1,1,1,1,0,1,0,1,0,0,0",0.5666666666666667,0.9,0.6602678571428571,0.5238095238095238,0.7857142857142857,0.6285714285714286,0.5803571428571428,0.20223665237426758
"1,0,1,1,1,1,1,1,1,1,1,0,0,1,0,1,0,0,0,0,1",0.5666666666666667,0.9,0.6602678571428571,0.5238095238095238,0.7857142857142857,0.6285714285714286,0.5803571428571428,0.2184605598449707
"0,1,1,1,1,0,0,1,0,0,1,1,0,1,1,0,1,1,0,1,1",0.6666666666666666,0.6,0.6589285714285714,0.6,0.8571428571428571,0.7058823529411765,0.6785714285714286,0.21686553955078125
"1,0,1,1,1,1,1,1,1,0,0,0,1,0,1,0,0,0,0,0,0",0.6,0.8,0.6587053571428572,0.55,0.7857142857142857,0.6470588235294118,0.6116071428571428,0.21282625198364258
"0,0,1,0,0,1,0,0,0,1,1,1,0,1,1,0,1,0,1,1,1",0.6,0.8,0.6587053571428572,0.55,0.7857142857142857,0.6470588235294118,0.6116071428571428,0.2332603931427002
"0,1,1,1,0,1,1,0,0,0,1,0,0,1,1,0,0,1,0,0,0",0.6,0.8,0.6587053571428572,0.55,0.7857142857142857,0.6470588235294118,0.6116071428571428,0.2146167755126953
"1,0,1,1,1,1,1,0,0,0,0,0,1,1,1,1,1,0,1,0,0",0.6,0.8,0.6587053571428572,0.55,0.7857142857142857,0.6470588235294118,0.6116071428571428,0.1923820972442627
"1,1,0,1,1,1,1,1,1,0,0,0,1,1,0,1,1,1,0,0,0",0.6,0.8,0.6587053571428572,0.55,0.7857142857142857,0.6470588235294118,0.6116071428571428,0.18321990966796875
"1,1,0,1,1,1,1,1,0,0,0,0,1,0,0,1,1,1,1,0,0",0.6,0.8,0.6587053571428572,0.55,0.7857142857142857,0.6470588235294118,0.6116071428571428,0.20162391662597656
"0,1,0,0,0,1,1,0,1,1,0,1,1,0,0,1,1,0,1,1,0",0.6,0.8,0.6587053571428572,0.55,0.7857142857142857,0.6470588235294118,0.6116071428571428,0.22058653831481934
"0,1,0,1,1,1,1,1,0,0,0,0,0,1,1,1,1,1,0,1,0",0.6,0.8,0.6587053571428572,0.55,0.7857142857142857,0.6470588235294118,0.6116071428571428,0.22406673431396484
"1,0,0,1,1,0,0,0,0,0,1,0,1,1,1,0,0,1,1,1,1",0.5333333333333333,1.0,0.6584821428571429,0.5,0.7142857142857143,0.5882352941176471,0.5446428571428572,0.2165050506591797
"1,1,1,0,1,1,1,0,1,0,1,0,1,1,0,0,1,0,0,1,1",0.6333333333333333,0.7,0.657142857142857,0.5789473684210527,0.7857142857142857,0.6666666666666666,0.6428571428571428,0.2380232810974121
"1,1,0,1,0,0,1,1,1,0,0,1,0,0,1,1,1,1,0,0,0",0.6333333333333333,0.7,0.657142857142857,0.5789473684210527,0.7857142857142857,0.6666666666666666,0.6428571428571428,0.2230849266052246
"0,1,1,0,0,0,1,1,1,0,1,1,0,1,1,1,1,1,0,1,1",0.5666666666666667,0.9,0.6569196428571429,0.5263157894736842,0.7142857142857143,0.6060606060606061,0.5758928571428572,0.2351081371307373
"1,1,1,0,0,0,1,0,1,0,1,0,1,1,0,0,1,0,0,1,1",0.6,0.8,0.655357142857143,0.5555555555555556,0.7142857142857143,0.625,0.6071428571428572,0.2349717617034912
"1,1,1,0,1,1,1,0,1,0,1,1,1,1,1,1,0,0,1,1,0",0.6,0.8,0.655357142857143,0.5555555555555556,0.7142857142857143,0.625,0.6071428571428572,0.2449502944946289
"0,1,1,0,1,0,1,1,1,0,1,1,1,1,0,0,1,0,0,1,1",0.5333333333333333,1.0,0.6551339285714286,0.5,0.6428571428571429,0.5625,0.5401785714285714,0.25339341163635254
"0,1,1,1,1,1,0,1,1,0,1,0,1,1,1,0,1,0,1,0,0",0.6333333333333333,0.7,0.6537946428571428,0.5882352941176471,0.7142857142857143,0.6451612903225806,0.6383928571428572,0.19663763046264648
"0,0,1,0,0,0,0,1,1,1,1,0,1,0,0,0,1,0,0,0,1",0.5666666666666667,0.9,0.6535714285714286,0.5294117647058824,0.6428571428571429,0.5806451612903226,0.5714285714285714,0.2282247543334961
"0,1,1,1,0,0,1,0,1,0,1,1,1,1,1,1,0,1,0,0,0",0.6666666666666666,0.6,0.6522321428571429,0.625,0.7142857142857143,0.6666666666666666,0.6696428571428572,0.2111036777496338
"1,0,1,1,1,1,1,0,0,1,0,0,0,1,0,0,1,1,0,0,1",0.6,0.8,0.6520089285714286,0.5625,0.6428571428571429,0.6,0.6026785714285714,0.21987318992614746
"0,0,1,0,0,0,1,1,1,1,1,0,0,0,1,0,0,1,0,1,0",0.6333333333333333,0.7,0.6504464285714285,0.6,0.6428571428571429,0.6206896551724138,0.6339285714285714,0.19652485847473145
"1,1,0,1,1,1,1,0,1,1,0,1,1,0,0,1,0,0,1,0,1",0.5666666666666667,0.9,0.6502232142857143,0.5333333333333333,0.5714285714285714,0.5517241379310345,0.5669642857142857,0.23843050003051758
"1,1,1,0,1,1,1,0,1,0,1,1,1,1,0,0,1,1,1,1,0",0.5666666666666667,0.9,0.6502232142857143,0.5333333333333333,0.5714285714285714,0.5517241379310345,0.5669642857142857,0.21515321731567383
"1,1,0,1,1,1,1,0,0,0,0,0,1,1,1,0,0,0,1,0,1",0.5666666666666667,0.9,0.6502232142857143,0.5333333333333333,0.5714285714285714,0.5517241379310345,0.5669642857142857,0.20376300811767578
"0,0,0,0,1,0,1,0,1,0,0,1,0,1,1,1,0,1,0,1,1",0.6,0.8,0.6486607142857144,0.5714285714285714,0.5714285714285714,0.5714285714285714,0.5982142857142857,0.22130370140075684
"0,1,1,0,1,1,1,0,1,0,1,1,1,1,1,1,0,0,1,1,1",0.7,0.5,0.6473214285714286,0.6923076923076923,0.6428571428571429,0.6666666666666666,0.6964285714285714,0.22047114372253418
"0,1,1,1,1,0,0,1,0,0,1,0,0,1,0,0,1,0,0,1,1",0.6333333333333333,0.7,0.6470982142857142,0.6153846153846154,0.5714285714285714,0.5925925925925926,0.6294642857142857,0.23428130149841309
"1,0,1,1,1,0,1,1,0,0,1,1,1,1,0,1,1,1,0,0,1",0.6333333333333333,0.7,0.6470982142857142,0.6153846153846154,0.5714285714285714,0.5925925925925926,0.6294642857142857,0.22600245475769043
"0,1,1,0,0,0,1,1,0,1,1,1,1,0,1,0,0,0,0,1,0",0.5666666666666667,0.9,0.646875,0.5384615384615384,0.5,0.5185185185185185,0.5625,0.22237467765808105
"0,1,1,0,0,0,1,1,1,0,0,1,1,1,0,1,0,1,0,1,0",0.6,0.8,0.6453125,0.5833333333333334,0.5,0.5384615384615384,0.59375,0.2309279441833496
"0,0,0,1,1,0,1,0,1,1,0,1,0,1,0,0,0,1,1,0,1",0.5666666666666667,0.8,0.6453125,0.5185185185185185,1.0,0.6829268292682927,0.59375,0.22364091873168945
"1,1,1,1,1,1,0,1,1,1,1,0,0,0,0,0,1,1,1,0,0",0.6,0.7,0.64375,0.5384615384615384,1.0,0.7,0.625,0.19793462753295898
"1,1,0,1,1,1,1,1,0,0,1,0,1,0,1,0,1,0,1,1,1",0.6,0.7,0.64375,0.5384615384615384,1.0,0.7,0.625,0.23716974258422852
"0,1,1,1,1,1,1,0,0,1,0,0,0,1,1,1,1,1,1,0,0",0.5333333333333333,0.9,0.6435267857142857,0.5,0.9285714285714286,0.65,0.5580357142857143,0.21021032333374023
"1,0,1,1,1,0,0,1,1,1,1,0,1,0,0,1,0,0,1,1,0",0.5333333333333333,0.9,0.6435267857142857,0.5,0.9285714285714286,0.65,0.5580357142857143,0.2135179042816162
"1,0,0,1,1,1,0,1,0,1,0,1,0,1,1,1,1,1,1,1,1",0.5333333333333333,0.9,0.6435267857142857,0.5,0.9285714285714286,0.65,0.5580357142857143,0.2093338966369629
"1,1,1,1,1,1,0,1,0,0,1,1,1,0,1,1,1,1,1,1,1",0.6333333333333333,0.6,0.6421875,0.56,1.0,0.717948717948718,0.65625,0.25006937980651855
"0,0,0,0,0,0,1,1,1,1,0,1,0,0,0,0,0,1,1,1,1",0.6333333333333333,0.6,0.6421875,0.56,1.0,0.717948717948718,0.65625,0.22174596786499023
"1,1,1,0,1,1,1,1,0,1,1,1,0,0,0,1,1,1,0,0,0",0.5666666666666667,0.8,0.6419642857142858,0.52,0.9285714285714286,0.6666666666666666,0.5892857142857143,0.1871812343597412
"1,0,1,0,1,1,1,1,1,0,0,0,0,0,1,1,1,1,1,0,1",0.5666666666666667,0.8,0.6419642857142858,0.52,0.9285714285714286,0.6666666666666666,0.5892857142857143,0.22333168983459473
"1,1,1,0,1,1,1,1,0,1,1,1,0,1,0,1,0,1,0,0,0",0.5666666666666667,0.8,0.6419642857142858,0.52,0.9285714285714286,0.6666666666666666,0.5892857142857143,0.23309612274169922
"1,1,1,0,1,1,1,1,0,1,1,1,0,0,0,0,1,1,0,0,0",0.5666666666666667,0.8,0.6419642857142858,0.52,0.9285714285714286,0.6666666666666666,0.5892857142857143,0.19280028343200684
"1,1,1,0,1,1,1,1,0,1,1,1,0,1,0,1,0,0,1,1,1",0.5666666666666667,0.8,0.6419642857142858,0.52,0.9285714285714286,0.6666666666666666,0.5892857142857143,0.2509009838104248
"0,0,0,1,1,1,1,1,0,0,0,1,1,0,0,1,1,1,0,1,0",0.5666666666666667,0.8,0.6419642857142858,0.52,0.9285714285714286,0.6666666666666666,0.5892857142857143,0.22595691680908203
"0,1,0,0,1,0,0,0,1,0,1,0,0,1,1,1,0,0,0,1,0",0.5666666666666667,0.8,0.6419642857142858,0.52,0.9285714285714286,0.6666666666666666,0.5892857142857143,0.20016980171203613
"0,1,1,1,1,1,1,1,1,1,0,0,1,0,1,0,0,0,0,1,1",0.5666666666666667,0.8,0.6419642857142858,0.52,0.9285714285714286,0.6666666666666666,0.5892857142857143,0.24821949005126953
"0,1,0,1,1,0,1,1,1,0,1,1,0,0,1,1,1,1,0,1,1",0.5666666666666667,0.8,0.6419642857142858,0.52,0.9285714285714286,0.6666666666666666,0.5892857142857143,0.25850653648376465
"1,1,1,0,1,1,1,1,0,1,1,1,0,1,0,0,1,1,0,0,0",0.5666666666666667,0.8,0.6419642857142858,0.52,0.9285714285714286,0.6666666666666666,0.5892857142857143,0.21546292304992676
"1,1,1,0,1,1,1,1,0,1,1,1,0,0,0,1,0,1,0,0,0",0.5666666666666667,0.8,0.6419642857142858,0.52,0.9285714285714286,0.6666666666666666,0.5892857142857143,0.20798015594482422
"0,1,1,1,1,1,1,1,1,0,0,1,0,0,1,0,1,1,0,0,0",0.5,1.0,0.6417410714285714,0.48,0.8571428571428571,0.6153846153846154,0.5223214285714286,0.22233223915100098
"1,0,0,1,1,0,0,0,0,0,0,1,1,0,0,1,1,1,0,0,0",0.6,0.7,0.6404017857142856,0.5416666666666666,0.9285714285714286,0.6842105263157895,0.6205357142857143,0.18477392196655273
"1,1,1,0,1,1,1,1,1,1,1,1,0,0,1,0,0,1,0,1,0",0.6,0.7,0.6404017857142856,0.5416666666666666,0.9285714285714286,0.6842105263157895,0.6205357142857143,0.20351743698120117
"1,1,1,1,1,0,1,1,1,1,0,0,0,0,0,1,1,1,0,0,0",0.6,0.7,0.6404017857142856,0.5416666666666666,0.9285714285714286,0.6842105263157895,0.6205357142857143,0.21659111976623535
"0,1,1,1,0,0,0,1,0,1,0,1,1,0,0,0,1,0,1,1,0",0.6,0.7,0.6404017857142856,0.5416666666666666,0.9285714285714286,0.6842105263157895,0.6205357142857143,0.21143150329589844
"1,0,1,0,1,1,1,0,0,1,0,0,1,0,1,0,1,0,1,0,1",0.6,0.7,0.6404017857142856,0.5416666666666666,0.9285714285714286,0.6842105263157895,0.6205357142857143,0.23083114624023438
"0,1,1,0,0,0,1,1,0,1,0,1,1,0,1,0,1,0,0,0,1",0.5333333333333333,0.9,0.6401785714285715,0.5,0.8571428571428571,0.631578947368421,0.5535714285714286,0.1947951316833496
"1,0,0,1,0,0,0,0,0,1,1,1,0,1,1,1,0,0,0,1,1",0.5666666666666667,0.9,0.6401785714285715,0.5555555555555556,0.35714285714285715,0.43478260869565216,0.5535714285714286,0.22118377685546875
"1,1,1,0,1,1,1,1,0,1,1,1,0,0,1,0,1,0,1,1,1",0.5333333333333333,0.9,0.6401785714285715,0.5,0.8571428571428571,0.631578947368421,0.5535714285714286,0.24772286415100098
"0,0,1,0,1,0,0,1,1,1,0,0,0,1,0,1,0,1,1,0,0",0.5333333333333333,0.9,0.6401785714285715,0.5,0.8571428571428571,0.631578947368421,0.5535714285714286,0.19548392295837402
"0,0,1,0,1,0,0,1,1,0,0,0,1,1,0,1,0,1,1,0,0",0.5333333333333333,0.9,0.6401785714285715,0.5,0.8571428571428571,0.631578947368421,0.5535714285714286,0.19816946983337402
"1,1,1,1,0,1,0,1,1,1,1,1,0,1,1,0,1,0,1,1,1",0.6333333333333333,0.6,0.6388392857142857,0.5652173913043478,0.9285714285714286,0.7027027027027027,0.6517857142857143,0.2305746078491211
"1,0,0,0,0,1,0,0,1,0,1,0,0,1,0,1,0,1,1,1,0",0.6333333333333333,0.6,0.6388392857142857,0.5652173913043478,0.9285714285714286,0.7027027027027027,0.6517857142857143,0.20695757865905762
"0,1,1,1,1,0,1,0,0,1,0,1,0,0,1,0,0,0,1,1,1",0.6333333333333333,0.6,0.6388392857142857,0.5652173913043478,0.9285714285714286,0.7027027027027027,0.6517857142857143,0.23912596702575684
"1,0,1,0,1,0,0,1,0,0,0,1,0,1,0,0,1,1,1,0,0",0.5666666666666667,0.8,0.6386160714285715,0.5217391304347826,0.8571428571428571,0.6486486486486487,0.5848214285714286,0.18706202507019043
"1,1,1,0,1,1,1,1,0,1,0,0,0,0,1,0,0,0,0,0,0",0.5666666666666667,0.8,0.6386160714285715,0.5217391304347826,0.8571428571428571,0.6486486486486487,0.5848214285714286,0.18440485000610352
"1,1,0,1,1,1,1,0,1,1,0,1,1,0,1,0,1,0,0,0,0",0.5666666666666667,0.8,0.6386160714285715,0.5217391304347826,0.8571428571428571,0.6486486486486487,0.5848214285714286,0.19247221946716309
"1,1,1,0,1,1,1,1,0,0,1,0,0,1,1,0,1,1,0,1,1",0.5666666666666667,0.8,0.6386160714285715,0.5217391304347826,0.8571428571428571,0.6486486486486487,0.5848214285714286,0.2301619052886963
"1,0,1,1,1,1,1,1,0,1,0,0,0,1,0,0,1,1,0,0,0",0.5666666666666667,0.8,0.6386160714285715,0.5217391304347826,0.8571428571428571,0.6486486486486487,0.5848214285714286,0.18671751022338867
"1,1,1,0,1,1,0,0,1,1,1,1,0,1,1,0,1,0,1,1,1",0.5666666666666667,0.8,0.6386160714285715,0.5217391304347826,0.8571428571428571,0.6486486486486487,0.5848214285714286,0.24054861068725586
"1,0,1,1,1,1,0,1,0,0,0,0,1,0,0,0,0,1,0,0,0",0.5666666666666667,0.8,0.6386160714285715,0.5217391304347826,0.8571428571428571,0.6486486486486487,0.5848214285714286,0.19795513153076172
"0,1,1,1,1,1,0,0,0,1,0,1,0,0,0,0,0,1,1,0,0",0.5666666666666667,0.8,0.6386160714285715,0.5217391304347826,0.8571428571428571,0.6486486486486487,0.5848214285714286,0.1905965805053711
"1,1,0,1,1,1,1,1,1,0,0,0,1,0,1,0,1,0,0,0,0",0.5666666666666667,0.8,0.6386160714285715,0.5217391304347826,0.8571428571428571,0.6486486486486487,0.5848214285714286,0.231154203414917
"1,1,1,1,0,1,0,1,0,1,0,0,0,0,1,0,0,0,0,1,1",0.5,1.0,0.6383928571428571,0.4782608695652174,0.7857142857142857,0.5945945945945946,0.5178571428571428,0.22088003158569336
"0,1,1,1,1,1,1,1,1,1,1,0,1,0,0,0,1,1,1,1,0",0.6,0.7,0.6370535714285714,0.5454545454545454,0.8571428571428571,0.6666666666666666,0.6160714285714286,0.20550847053527832
"1,0,1,1,1,1,0,1,1,1,0,0,1,1,0,1,1,0,1,0,1",0.6,0.7,0.6370535714285714,0.5454545454545454,0.8571428571428571,0.6666666666666666,0.6160714285714286,0.23148703575134277
"1,0,1,1,1,1,1,0,1,0,1,0,0,0,0,0,0,0,1,0,1",0.6,0.7,0.6370535714285714,0.5454545454545454,0.8571428571428571,0.6666666666666666,0.6160714285714286,0.1955857276916504
"1,0,1,1,1,1,1,1,0,1,1,1,0,0,0,1,0,0,1,0,1",0.5333333333333333,0.9,0.6368303571428571,0.5,0.7857142857142857,0.6111111111111112,0.5491071428571428,0.21540141105651855
"1,0,0,0,1,0,1,1,0,1,0,1,0,0,0,0,1,0,0,0,1",0.5333333333333333,0.9,0.6368303571428571,0.5,0.7857142857142857,0.6111111111111112,0.5491071428571428,0.23389601707458496
"1,1,0,0,1,1,1,1,0,1,1,1,0,0,0,0,0,1,0,1,1",0.6333333333333333,0.6,0.6354910714285714,0.5714285714285714,0.8571428571428571,0.6857142857142857,0.6473214285714286,0.22227191925048828
"1,1,0,1,1,1,0,1,1,1,1,1,0,1,1,0,1,0,1,1,1",0.5666666666666667,0.8,0.6352678571428572,0.5238095238095238,0.7857142857142857,0.6285714285714286,0.5803571428571428,0.259204626083374
"1,1,1,0,1,1,1,0,1,1,0,1,1,0,0,1,1,0,1,1,0",0.5666666666666667,0.8,0.6352678571428572,0.5238095238095238,0.7857142857142857,0.6285714285714286,0.5803571428571428,0.2433769702911377
"0,0,0,1,0,0,0,0,1,0,0,1,0,0,0,1,1,0,1,0,1",0.5666666666666667,0.8,0.6352678571428572,0.5238095238095238,0.7857142857142857,0.6285714285714286,0.5803571428571428,0.24668359756469727
"1,1,0,1,1,1,0,0,0,1,0,0,0,1,0,0,1,1,0,0,0",0.6,0.7,0.633705357142857,0.55,0.7857142857142857,0.6470588235294118,0.6116071428571428,0.19050884246826172
"1,1,0,1,1,1,1,0,0,1,0,0,0,1,0,0,1,1,0,0,0",0.6,0.7,0.633705357142857,0.55,0.7857142857142857,0.6470588235294118,0.6116071428571428,0.17179632186889648
"1,1,0,1,1,1,1,1,0,1,1,1,0,1,0,0,1,1,0,0,0",0.6,0.7,0.633705357142857,0.55,0.7857142857142857,0.6470588235294118,0.6116071428571428,0.2090442180633545
"0,1,0,0,0,0,0,1,0,1,1,0,0,1,0,0,0,0,0,1,1",0.6,0.7,0.633705357142857,0.55,0.7857142857142857,0.6470588235294118,0.6116071428571428,0.22681117057800293
"1,0,1,1,1,1,0,0,1,0,0,1,0,0,1,1,0,0,1,0,0",0.6,0.7,0.633705357142857,0.55,0.7857142857142857,0.6470588235294118,0.6116071428571428,0.184586763381958
"0,1,1,0,1,0,0,1,1,1,0,1,0,0,0,1,0,0,1,1,0",0.6,0.7,0.633705357142857,0.55,0.7857142857142857,0.6470588235294118,0.6116071428571428,0.21345210075378418
"1,0,1,1,1,0,0,1,1,1,1,0,1,0,1,0,1,0,0,0,0",0.6,0.7,0.633705357142857,0.55,0.7857142857142857,0.6470588235294118,0.6116071428571428,0.19827795028686523
"1,0,1,0,1,0,0,0,1,0,1,0,0,0,1,0,1,0,0,0,0",0.6,0.7,0.633705357142857,0.55,0.7857142857142857,0.6470588235294118,0.6116071428571428,0.19077730178833008
"0,1,1,1,1,1,1,0,0,1,1,1,1,0,1,0,1,0,1,0,0",0.6,0.7,0.633705357142857,0.55,0.7857142857142857,0.6470588235294118,0.6116071428571428,0.2162783145904541
"1,0,0,1,0,0,1,0,0,1,1,0,0,1,0,0,1,1,1,0,0",0.6,0.7,0.633705357142857,0.55,0.7857142857142857,0.6470588235294118,0.6116071428571428,0.18674635887145996
"1,0,1,0,0,0,0,0,1,1,1,1,0,1,1,1,0,0,1,0,0",0.6,0.7,0.633705357142857,0.55,0.7857142857142857,0.6470588235294118,0.6116071428571428,0.187791109085083
"1,0,0,0,0,1,1,0,0,1,0,0,0,1,1,1,0,0,0,1,0",0.6,0.7,0.633705357142857,0.55,0.7857142857142857,0.6470588235294118,0.6116071428571428,0.22477054595947266
"0,1,1,1,0,0,1,0,0,1,0,0,1,1,0,0,1,0,0,1,1",0.6,0.7,0.633705357142857,0.55,0.7857142857142857,0.6470588235294118,0.6116071428571428,0.27276158332824707
"1,1,0,1,1,1,0,1,1,0,0,0,1,1,0,1,0,0,1,0,1",0.6,0.7,0.633705357142857,0.55,0.7857142857142857,0.6470588235294118,0.6116071428571428,0.23409032821655273
"0,1,1,0,0,0,0,0,1,0,0,1,1,0,0,0,1,0,1,1,1",0.6,0.7,0.633705357142857,0.55,0.7857142857142857,0.6470588235294118,0.6116071428571428,0.24132347106933594
"1,0,0,1,0,1,0,0,1,1,1,0,1,1,1,1,0,0,0,1,1",0.5333333333333333,0.9,0.6334821428571429,0.5,0.7142857142857143,0.5882352941176471,0.5446428571428572,0.22594475746154785
"1,0,1,1,1,1,1,1,1,1,1,1,0,1,1,0,1,0,1,1,1",0.5333333333333333,0.9,0.6334821428571429,0.5,0.7142857142857143,0.5882352941176471,0.5446428571428572,0.23329973220825195
"1,0,1,0,1,0,1,1,0,0,1,1,1,1,1,1,1,0,1,1,1",0.6333333333333333,0.6,0.6321428571428571,0.5789473684210527,0.7857142857142857,0.6666666666666666,0.6428571428571428,0.2554657459259033
"1,1,0,1,1,0,1,1,1,0,1,0,0,1,1,1,0,1,0,0,0",0.6333333333333333,0.6,0.6321428571428571,0.5789473684210527,0.7857142857142857,0.6666666666666666,0.6428571428571428,0.19454002380371094
"1,0,1,0,0,0,0,1,0,0,0,0,0,0,1,1,1,0,0,1,0",0.5666666666666667,0.8,0.631919642857143,0.5263157894736842,0.7142857142857143,0.6060606060606061,0.5758928571428572,0.24114298820495605
"0,0,1,1,1,1,1,0,0,1,0,0,0,0,0,1,0,0,0,0,1",0.5666666666666667,0.8,0.631919642857143,0.5263157894736842,0.7142857142857143,0.6060606060606061,0.5758928571428572,0.1933591365814209
"1,0,1,1,0,1,1,1,1,1,0,1,1,0,1,0,1,1,1,1,1",0.5666666666666667,0.8,0.631919642857143,0.5263157894736842,0.7142857142857143,0.6060606060606061,0.5758928571428572,0.22334027290344238
"0,1,0,0,0,1,1,0,1,1,0,1,1,0,0,1,1,0,1,1,1",0.5666666666666667,0.8,0.631919642857143,0.5263157894736842,0.7142857142857143,0.6060606060606061,0.5758928571428572,0.21876144409179688
"1,1,0,1,1,1,1,0,1,0,1,1,1,0,0,1,0,1,0,0,0",0.6,0.7,0.6303571428571428,0.5555555555555556,0.7142857142857143,0.625,0.6071428571428572,0.21475863456726074
"1,1,0,1,1,1,0,0,1,0,0,1,0,0,0,1,0,0,1,0,1",0.6,0.7,0.6303571428571428,0.5555555555555556,0.7142857142857143,0.625,0.6071428571428572,0.2333824634552002
"1,1,0,1,1,0,1,1,1,0,0,1,0,1,0,1,0,1,1,0,1",0.6,0.7,0.6303571428571428,0.5555555555555556,0.7142857142857143,0.625,0.6071428571428572,0.22484159469604492
"1,1,1,1,1,1,1,1,1,1,0,1,0,0,0,1,1,1,1,0,0",0.6,0.7,0.6303571428571428,0.5555555555555556,0.7142857142857143,0.625,0.6071428571428572,0.19893097877502441
"1,0,1,1,0,0,0,1,1,1,1,0,1,0,0,1,0,1,0,0,1",0.6,0.7,0.6303571428571428,0.5555555555555556,0.7142857142857143,0.625,0.6071428571428572,0.21544718742370605
"0,1,0,0,1,1,1,1,1,0,0,1,0,0,0,0,0,1,0,0,0",0.6,0.7,0.6303571428571428,0.5555555555555556,0.7142857142857143,0.625,0.6071428571428572,0.2167830467224121
"0,0,0,1,0,0,0,0,1,1,1,1,1,1,1,0,1,1,0,1,1",0.5333333333333333,0.9,0.6301339285714286,0.5,0.6428571428571429,0.5625,0.5401785714285714,0.23231267929077148
"1,0,1,1,1,1,0,0,0,1,1,1,1,1,0,1,0,0,1,0,1",0.5333333333333333,0.9,0.6301339285714286,0.5,0.6428571428571429,0.5625,0.5401785714285714,0.221832275390625
"1,0,1,1,1,1,1,0,0,1,0,0,0,1,0,0,1,1,0,1,1",0.5333333333333333,0.9,0.6301339285714286,0.5,0.6428571428571429,0.5625,0.5401785714285714,0.24495506286621094
"0,0,1,0,1,0,0,1,0,1,0,0,0,0,1,0,0,1,1,1,1",0.5333333333333333,0.9,0.6301339285714286,0.5,0.6428571428571429,0.5625,0.5401785714285714,0.2401893138885498
"0,0,1,1,1,1,0,1,1,1,0,0,1,0,1,0,0,0,0,1,0",0.5333333333333333,0.9,0.6301339285714286,0.5,0.6428571428571429,0.5625,0.5401785714285714,0.20899343490600586
"0,1,1,0,1,1,0,1,1,1,0,0,1,0,1,0,1,0,1,1,0",0.6333333333333333,0.6,0.6287946428571429,0.5882352941176471,0.7142857142857143,0.6451612903225806,0.6383928571428572,0.20690155029296875
"0,1,0,1,1,0,0,0,0,0,1,0,0,1,0,0,0,0,1,0,1",0.6333333333333333,0.6,0.6287946428571429,0.5882352941176471,0.7142857142857143,0.6451612903225806,0.6383928571428572,0.24067068099975586
"1,1,1,0,1,1,1,1,0,1,0,1,0,1,0,0,0,0,1,1,1",0.6333333333333333,0.6,0.6287946428571429,0.5882352941176471,0.7142857142857143,0.6451612903225806,0.6383928571428572,0.2002239227294922
"1,0,0,1,1,1,0,1,1,1,1,1,0,1,1,0,1,0,1,1,1",0.5666666666666667,0.8,0.6285714285714286,0.5294117647058824,0.6428571428571429,0.5806451612903226,0.5714285714285714,0.221724271774292
"1,1,1,0,1,1,1,0,1,0,1,1,1,1,1,1,0,0,1,1,1",0.5666666666666667,0.8,0.6285714285714286,0.5294117647058824,0.6428571428571429,0.5806451612903226,0.5714285714285714,0.2293803691864013
"0,1,0,1,0,1,0,0,0,0,1,0,0,0,0,0,0,1,1,1,0",0.5666666666666667,0.8,0.6285714285714286,0.5294117647058824,0.6428571428571429,0.5806451612903226,0.5714285714285714,0.23084378242492676
"1,0,1,1,1,1,1,1,0,1,1,1,0,1,0,1,0,0,1,0,1",0.6,0.7,0.6270089285714285,0.5625,0.6428571428571429,0.6,0.6026785714285714,0.22862005233764648
"1,1,0,0,1,0,0,1,1,1,1,1,0,0,1,0,0,0,0,0,1",0.6,0.7,0.6270089285714285,0.5625,0.6428571428571429,0.6,0.6026785714285714,0.20258498191833496
"1,1,0,1,0,0,0,0,1,0,0,0,0,1,0,0,0,0,1,1,1",0.6,0.7,0.6270089285714285,0.5625,0.6428571428571429,0.6,0.6026785714285714,0.20479273796081543
"1,1,1,0,1,0,1,1,0,0,1,1,1,1,0,0,1,0,0,1,0",0.6,0.7,0.6270089285714285,0.5625,0.6428571428571429,0.6,0.6026785714285714,0.19656872749328613
"1,1,1,0,0,1,1,0,0,0,1,1,0,1,0,1,1,0,1,0,1",0.6,0.7,0.6270089285714285,0.5625,0.6428571428571429,0.6,0.6026785714285714,0.22875213623046875
"0,0,0,1,1,1,1,0,1,0,0,1,0,1,0,0,1,0,0,0,1",0.6,0.7,0.6270089285714285,0.5625,0.6428571428571429,0.6,0.6026785714285714,0.21102356910705566
"1,1,1,0,1,1,1,1,1,0,0,0,1,1,0,1,0,0,1,0,1",0.6,0.7,0.6270089285714285,0.5625,0.6428571428571429,0.6,0.6026785714285714,0.22082138061523438
"0,1,0,1,0,1,1,1,1,1,0,0,0,0,0,1,1,1,1,1,0",0.6333333333333333,0.6,0.6254464285714285,0.6,0.6428571428571429,0.6206896551724138,0.6339285714285714,0.20740294456481934
"1,0,1,0,0,0,1,0,1,1,1,0,1,0,0,1,1,0,0,1,1",0.6333333333333333,0.6,0.6254464285714285,0.6,0.6428571428571429,0.6206896551724138,0.6339285714285714,0.24237442016601562
"1,1,1,1,0,1,0,1,1,0,0,0,1,1,0,1,0,0,1,0,1",0.6333333333333333,0.6,0.6254464285714285,0.6,0.6428571428571429,0.6206896551724138,0.6339285714285714,0.22899293899536133
"0,0,1,1,1,0,1,1,0,1,1,1,0,0,0,1,1,1,0,0,0",0.5666666666666667,0.8,0.6252232142857144,0.5333333333333333,0.5714285714285714,0.5517241379310345,0.5669642857142857,0.1992652416229248
"1,1,1,0,1,1,0,1,0,1,1,1,0,1,0,1,0,1,1,0,0",0.5666666666666667,0.8,0.6252232142857144,0.5333333333333333,0.5714285714285714,0.5517241379310345,0.5669642857142857,0.2048959732055664
"1,0,0,0,1,1,1,0,0,1,0,0,1,0,0,1,0,0,0,1,1",0.5666666666666667,0.8,0.6252232142857144,0.5333333333333333,0.5714285714285714,0.5517241379310345,0.5669642857142857,0.2115631103515625
"0,0,0,0,1,0,0,1,1,1,1,0,0,1,1,1,1,1,0,0,0",0.5666666666666667,0.8,0.6252232142857144,0.5333333333333333,0.5714285714285714,0.5517241379310345,0.5669642857142857,0.2032768726348877
"1,0,1,1,1,1,1,1,0,1,1,1,0,0,1,0,0,0,0,0,0",0.5666666666666667,0.8,0.6252232142857144,0.5333333333333333,0.5714285714285714,0.5517241379310345,0.5669642857142857,0.21464014053344727
"1,0,1,1,1,1,1,0,1,0,1,1,1,0,1,0,1,0,0,0,0",0.5666666666666667,0.8,0.6252232142857144,0.5333333333333333,0.5714285714285714,0.5517241379310345,0.5669642857142857,0.1907024383544922
"1,1,1,0,1,1,0,1,1,1,1,1,0,1,0,1,1,1,0,0,0",0.5666666666666667,0.8,0.6252232142857144,0.5333333333333333,0.5714285714285714,0.5517241379310345,0.5669642857142857,0.21078181266784668
"1,0,0,1,0,0,1,1,0,1,0,0,0,0,0,1,1,1,1,1,0",0.5,1.0,0.625,0.4666666666666667,0.5,0.4827586206896552,0.5,0.1968672275543213
"1,0,1,0,1,0,1,0,0,0,0,1,1,1,1,0,0,1,1,0,0",0.5,1.0,0.625,0.4666666666666667,0.5,0.4827586206896552,0.5,0.2162315845489502
"1,0,1,0,1,1,1,1,0,1,1,1,0,0,0,1,1,0,0,0,0",0.6,0.7,0.6236607142857142,0.5714285714285714,0.5714285714285714,0.5714285714285714,0.5982142857142857,0.1842353343963623
"1,0,0,1,1,1,1,1,0,0,1,0,0,0,0,0,1,0,0,0,0",0.6,0.7,0.6236607142857142,0.5714285714285714,0.5714285714285714,0.5714285714285714,0.5982142857142857,0.18746471405029297
"1,1,0,1,0,0,0,1,0,0,1,0,0,0,1,1,1,0,1,1,0",0.6,0.7,0.6236607142857142,0.5714285714285714,0.5714285714285714,0.5714285714285714,0.5982142857142857,0.2233724594116211
"0,0,0,0,1,0,1,1,1,0,1,1,0,1,1,0,0,1,0,0,1",0.6,0.7,0.6236607142857142,0.5714285714285714,0.5714285714285714,0.5714285714285714,0.5982142857142857,0.23796725273132324
"1,1,1,0,0,1,1,1,0,1,1,1,0,0,0,0,1,0,0,0,0",0.6,0.7,0.6236607142857142,0.5714285714285714,0.5714285714285714,0.5714285714285714,0.5982142857142857,0.19698166847229004
"1,1,0,1,0,1,1,1,1,1,1,1,1,1,0,0,1,0,1,0,0",0.6,0.7,0.6236607142857142,0.5714285714285714,0.5714285714285714,0.5714285714285714,0.5982142857142857,0.19312334060668945
"1,1,0,1,0,1,1,0,0,0,1,0,1,0,0,1,0,0,0,0,0",0.6,0.7,0.6236607142857142,0.5714285714285714,0.5714285714285714,0.5714285714285714,0.5982142857142857,0.18017363548278809
"0,1,0,1,1,1,0,0,0,0,0,0,0,1,1,0,0,0,0,0,0",0.6,0.7,0.6236607142857142,0.5714285714285714,0.5714285714285714,0.5714285714285714,0.5982142857142857,0.16638946533203125
"1,1,1,0,0,0,0,1,1,0,1,0,0,1,1,0,0,1,0,0,0",0.6333333333333333,0.6,0.6220982142857143,0.6153846153846154,0.5714285714285714,0.5925925925925926,0.6294642857142857,0.2162458896636963
"0,0,0,0,1,0,0,1,1,1,1,1,0,0,1,1,1,1,1,1,1",0.5333333333333333,0.8,0.621875,0.5,1.0,0.6666666666666666,0.5625,0.23710250854492188
"0,1,1,0,0,0,0,1,0,1,0,1,0,0,1,0,1,1,1,0,1",0.5666666666666667,0.8,0.621875,0.5384615384615384,0.5,0.5185185185185185,0.5625,0.29141879081726074
"0,1,0,0,0,0,1,0,0,1,0,0,0,1,1,0,1,0,1,0,0",0.5666666666666667,0.8,0.621875,0.5384615384615384,0.5,0.5185185185185185,0.5625,0.1990354061126709
"1,0,0,0,1,0,1,0,0,0,0,1,0,1,1,0,1,0,0,0,0",0.5666666666666667,0.8,0.621875,0.5384615384615384,0.5,0.5185185185185185,0.5625,0.20183372497558594
"1,0,1,0,0,0,1,0,1,0,0,0,1,0,1,0,0,0,0,0,0",0.5666666666666667,0.8,0.621875,0.5384615384615384,0.5,0.5185185185185185,0.5625,0.19242000579833984
"1,0,0,0,1,0,1,0,1,0,1,1,0,0,1,0,0,1,1,1,1",0.5666666666666667,0.7,0.6203125,0.5185185185185185,1.0,0.6829268292682927,0.59375,0.21817660331726074
"1,0,1,1,0,1,1,1,0,0,1,0,1,0,1,0,1,1,0,1,0",0.6,0.7,0.6203125,0.5833333333333334,0.5,0.5384615384615384,0.59375,0.19677424430847168
"0,1,0,1,1,0,0,1,0,0,1,1,1,1,1,0,0,1,0,0,0",0.5666666666666667,0.7,0.6203125,0.5185185185185185,1.0,0.6829268292682927,0.59375,0.21336102485656738
"1,0,1,1,0,1,1,0,0,1,0,0,1,0,1,0,1,0,0,0,1",0.5666666666666667,0.7,0.6203125,0.5185185185185185,1.0,0.6829268292682927,0.59375,0.22165179252624512
"1,0,0,0,1,0,0,1,0,0,1,1,1,1,0,1,1,1,0,0,1",0.6,0.7,0.6203125,0.5833333333333334,0.5,0.5384615384615384,0.59375,0.2265632152557373
"1,1,1,0,0,0,0,1,1,1,0,1,1,0,0,0,1,0,0,1,1",0.5666666666666667,0.7,0.6203125,0.5185185185185185,1.0,0.6829268292682927,0.59375,0.2288227081298828
"1,1,1,0,1,1,1,1,0,1,1,1,0,0,0,0,1,0,0,1,0",0.5333333333333333,0.9,0.6200892857142857,0.5,0.42857142857142855,0.46153846153846156,0.5267857142857143,0.18280529975891113
"1,1,0,1,1,1,0,0,0,0,1,0,0,1,0,1,0,1,0,0,0",0.5333333333333333,0.9,0.6200892857142857,0.5,0.42857142857142855,0.46153846153846156,0.5267857142857143,0.17430567741394043
"1,0,1,1,1,1,1,0,1,1,0,1,0,1,1,1,0,1,0,1,0",0.6,0.6,0.61875,0.5384615384615384,1.0,0.7,0.625,0.22175836563110352
"1,1,0,1,0,0,0,0,0,1,1,0,0,1,1,1,0,0,0,0,1",0.6333333333333333,0.6,0.61875,0.6363636363636364,0.5,0.56,0.625,0.19147157669067383
"0,1,1,0,1,0,0,0,0,0,0,0,1,0,1,1,0,1,1,1,0",0.6333333333333333,0.6,0.61875,0.6363636363636364,0.5,0.56,0.625,0.19146966934204102
"1,0,0,1,1,1,0,0,1,0,0,1,1,1,1,0,0,0,0,1,0",0.6333333333333333,0.6,0.61875,0.6363636363636364,0.5,0.56,0.625,0.21194744110107422
"1,1,1,1,0,1,0,0,0,0,0,1,1,1,1,0,1,1,1,0,0",0.5666666666666667,0.8,0.6185267857142858,0.5454545454545454,0.42857142857142855,0.48,0.5580357142857143,0.18400025367736816
"1,0,0,1,0,0,1,1,0,0,1,0,0,1,1,1,0,0,1,1,0",0.5333333333333333,0.8,0.6185267857142858,0.5,0.9285714285714286,0.65,0.5580357142857143,0.22719502449035645
"0,1,0,1,0,0,0,1,1,1,0,1,0,1,1,0,0,0,1,0,1",0.5666666666666667,0.8,0.6185267857142858,0.5454545454545454,0.42857142857142855,0.48,0.5580357142857143,0.20960664749145508
"1,0,0,1,1,0,0,0,1,1,1,0,0,1,1,1,0,0,1,1,1",0.5666666666666667,0.8,0.6185267857142858,0.5454545454545454,0.42857142857142855,0.48,0.5580357142857143,0.21953034400939941
"1,0,1,0,1,1,0,0,1,0,0,0,0,0,1,1,0,1,0,1,0",0.6,0.7,0.6169642857142856,0.6,0.42857142857142855,0.5,0.5892857142857143,0.21036911010742188
"1,1,0,1,1,1,1,0,1,1,0,1,1,0,1,0,0,0,1,1,0",0.5666666666666667,0.7,0.6169642857142856,0.52,0.9285714285714286,0.6666666666666666,0.5892857142857143,0.20841717720031738
"1,0,0,0,0,1,0,1,0,1,1,0,0,0,1,0,1,1,0,0,0",0.5666666666666667,0.7,0.6169642857142856,0.52,0.9285714285714286,0.6666666666666666,0.5892857142857143,0.20951318740844727
"1,0,1,1,1,1,1,0,1,1,0,1,0,1,1,1,1,1,1,1,1",0.5666666666666667,0.7,0.6169642857142856,0.52,0.9285714285714286,0.6666666666666666,0.5892857142857143,0.22144031524658203
"0,0,1,0,0,0,0,0,0,0,1,0,0,0,1,0,0,1,0,1,0",0.6,0.7,0.6169642857142856,0.6,0.42857142857142855,0.5,0.5892857142857143,0.2329998016357422
"0,1,1,1,0,0,1,1,1,0,0,0,0,0,1,1,1,1,1,0,1",0.5333333333333333,0.9,0.6167410714285715,0.5,0.35714285714285715,0.4166666666666667,0.5223214285714286,0.2555735111236572
"1,0,1,1,0,1,0,1,1,1,0,1,0,1,0,0,0,1,0,1,0",0.6333333333333333,0.6,0.6154017857142857,0.6666666666666666,0.42857142857142855,0.5217391304347826,0.6205357142857143,0.24341630935668945
"1,0,1,1,1,0,0,1,0,1,1,1,0,0,0,1,0,0,1,0,1",0.6333333333333333,0.6,0.6154017857142857,0.6666666666666666,0.42857142857142855,0.5217391304347826,0.6205357142857143,0.20794081687927246
"0,1,1,1,1,1,1,0,1,0,1,0,0,1,0,1,0,1,0,0,1",0.6,0.6,0.6154017857142857,0.5416666666666666,0.9285714285714286,0.6842105263157895,0.6205357142857143,0.236771821975708
"1,1,0,1,1,1,1,0,1,0,1,1,1,0,1,0,1,0,1,1,0",0.6,0.6,0.6154017857142857,0.5416666666666666,0.9285714285714286,0.6842105263157895,0.6205357142857143,0.21725797653198242
"1,0,0,0,1,0,0,0,1,1,1,0,1,0,1,0,1,1,0,0,1",0.5333333333333333,0.8,0.6151785714285715,0.5,0.8571428571428571,0.631578947368421,0.5535714285714286,0.23684120178222656
"1,1,0,1,0,1,0,0,1,0,0,1,1,1,1,1,0,1,1,1,1",0.5333333333333333,0.8,0.6151785714285715,0.5,0.8571428571428571,0.631578947368421,0.5535714285714286,0.22320270538330078
"1,0,0,1,1,0,0,0,1,1,1,0,0,1,1,1,0,1,0,1,0",0.5333333333333333,0.8,0.6151785714285715,0.5,0.8571428571428571,0.631578947368421,0.5535714285714286,0.21814918518066406
"0,1,0,0,0,1,1,1,0,1,0,1,0,1,1,0,0,1,1,1,1",0.5333333333333333,0.8,0.6151785714285715,0.5,0.8571428571428571,0.631578947368421,0.5535714285714286,0.21944475173950195
"0,1,1,0,1,1,0,1,0,0,1,0,0,0,1,0,0,1,0,0,1",0.5333333333333333,0.8,0.6151785714285715,0.5,0.8571428571428571,0.631578947368421,0.5535714285714286,0.222564697265625
"1,1,0,0,1,0,1,0,0,1,1,1,0,0,1,1,0,1,1,1,0",0.6333333333333333,0.5,0.6138392857142857,0.5652173913043478,0.9285714285714286,0.7027027027027027,0.6517857142857143,0.2171013355255127
"1,0,0,0,0,1,0,0,0,0,0,0,1,1,1,0,0,1,0,1,1",0.6666666666666666,0.5,0.6138392857142857,0.75,0.42857142857142855,0.5454545454545454,0.6517857142857143,0.2024240493774414
"1,0,1,1,1,1,1,1,1,1,1,0,0,1,0,0,1,1,0,1,0",0.5666666666666667,0.7,0.6136160714285714,0.5217391304347826,0.8571428571428571,0.6486486486486487,0.5848214285714286,0.21949410438537598
"1,1,1,1,1,1,1,1,1,0,0,1,0,0,1,0,1,0,0,1,0",0.5666666666666667,0.7,0.6136160714285714,0.5217391304347826,0.8571428571428571,0.6486486486486487,0.5848214285714286,0.2247004508972168
"1,1,1,0,1,1,1,1,0,1,1,1,0,0,1,1,0,1,1,0,1",0.5666666666666667,0.7,0.6136160714285714,0.5217391304347826,0.8571428571428571,0.6486486486486487,0.5848214285714286,0.23857426643371582
"0,0,0,0,0,1,0,1,1,0,0,1,0,0,0,0,0,1,1,1,0",0.5666666666666667,0.7,0.6136160714285714,0.5217391304347826,0.8571428571428571,0.6486486486486487,0.5848214285714286,0.2036726474761963
"1,1,0,0,1,0,0,1,1,0,1,1,0,0,0,1,0,0,0,1,1",0.5,0.9,0.6133928571428571,0.4782608695652174,0.7857142857142857,0.5945945945945946,0.5178571428571428,0.2310018539428711
"0,0,0,1,0,1,1,1,0,1,0,0,1,1,0,0,1,1,0,1,0",0.5,0.9,0.6133928571428571,0.4782608695652174,0.7857142857142857,0.5945945945945946,0.5178571428571428,0.22433257102966309
"1,1,1,0,1,1,1,1,0,1,1,1,0,0,0,1,0,0,1,1,0",0.5,0.9,0.6133928571428571,0.4782608695652174,0.7857142857142857,0.5945945945945946,0.5178571428571428,0.21446490287780762
"1,0,1,0,0,0,0,1,1,1,1,0,0,1,1,0,0,0,1,1,1",0.6,0.6,0.6120535714285715,0.5454545454545454,0.8571428571428571,0.6666666666666666,0.6160714285714286,0.20282554626464844
"1,1,1,1,1,0,0,0,1,0,0,1,0,1,0,1,0,0,1,0,1",0.6,0.6,0.6120535714285714,0.5454545454545454,0.8571428571428571,0.6666666666666666,0.6160714285714286,0.23749470710754395
"0,0,0,0,1,0,1,1,0,0,0,1,1,1,1,0,1,0,0,1,0",0.6,0.6,0.6120535714285714,0.5454545454545454,0.8571428571428571,0.6666666666666666,0.6160714285714286,0.1934502124786377
"0,1,1,1,1,1,1,1,1,0,0,1,0,0,1,0,1,0,0,1,1",0.6,0.6,0.6120535714285714,0.5454545454545454,0.8571428571428571,0.6666666666666666,0.6160714285714286,0.261014461517334
"0,1,1,0,0,0,0,1,0,0,0,0,0,1,0,0,1,1,1,1,0",0.5333333333333333,0.8,0.6118303571428572,0.5,0.7857142857142857,0.6111111111111112,0.5491071428571428,0.1925733089447021
"0,1,1,0,0,0,1,1,0,1,1,0,1,0,1,1,1,1,1,1,1",0.5333333333333333,0.8,0.6118303571428572,0.5,0.7857142857142857,0.6111111111111112,0.5491071428571428,0.22237563133239746
"1,0,0,0,0,1,0,0,1,1,1,0,1,0,0,0,1,0,1,1,1",0.5333333333333333,0.8,0.6118303571428572,0.5,0.7857142857142857,0.6111111111111112,0.5491071428571428,0.2101426124572754
"0,0,0,0,1,0,0,1,1,1,0,1,0,0,0,1,0,1,1,1,0",0.6333333333333333,0.5,0.6104910714285714,0.5714285714285714,0.8571428571428571,0.6857142857142857,0.6473214285714286,0.22151637077331543
"1,1,1,1,1,1,1,1,1,0,0,0,1,1,0,1,0,0,1,0,1",0.5666666666666667,0.7,0.610267857142857,0.5238095238095238,0.7857142857142857,0.6285714285714286,0.5803571428571428,0.2481403350830078
"1,0,1,1,0,1,1,1,0,0,0,1,1,1,0,0,0,0,0,1,0",0.5666666666666667,0.7,0.610267857142857,0.5238095238095238,0.7857142857142857,0.6285714285714286,0.5803571428571428,0.23721551895141602
"1,1,0,1,0,0,1,1,0,1,0,1,0,0,1,0,0,1,1,1,1",0.5,0.9,0.6100446428571429,0.47619047619047616,0.7142857142857143,0.5714285714285714,0.5133928571428572,0.23228073120117188
"0,0,0,0,1,0,1,0,1,1,1,0,0,1,0,1,0,0,1,1,1",0.5,0.9,0.6100446428571429,0.47619047619047616,0.7142857142857143,0.5714285714285714,0.5133928571428572,0.24376392364501953
"0,1,0,0,1,1,0,0,0,1,1,0,1,1,1,1,0,1,1,1,0",0.5,0.9,0.6100446428571429,0.47619047619047616,0.7142857142857143,0.5714285714285714,0.5133928571428572,0.18321490287780762
"0,1,1,1,1,0,0,1,0,1,0,1,0,1,1,1,0,0,1,1,0",0.6,0.6,0.6087053571428571,0.55,0.7857142857142857,0.6470588235294118,0.6116071428571428,0.2663309574127197
"1,0,1,1,1,0,0,1,0,1,1,1,0,0,0,1,0,0,1,0,0",0.6,0.6,0.6087053571428571,0.55,0.7857142857142857,0.6470588235294118,0.6116071428571428,0.20006608963012695
"0,1,0,0,0,0,0,0,0,0,0,1,1,1,1,0,1,0,0,0,0",0.6,0.6,0.6087053571428571,0.55,0.7857142857142857,0.6470588235294118,0.6116071428571428,0.16683220863342285
"1,0,0,1,0,0,1,1,1,0,1,1,0,1,0,0,0,0,0,0,0",0.6,0.6,0.6087053571428571,0.55,0.7857142857142857,0.6470588235294118,0.6116071428571428,0.1844644546508789
"1,0,1,1,1,0,0,0,1,0,1,1,0,1,0,1,0,0,1,0,0",0.6,0.6,0.6087053571428571,0.55,0.7857142857142857,0.6470588235294118,0.6116071428571428,0.17131710052490234
"1,1,1,0,0,0,1,1,0,1,1,1,1,1,0,0,0,0,1,0,0",0.6,0.6,0.6087053571428571,0.55,0.7857142857142857,0.6470588235294118,0.6116071428571428,0.19198155403137207
"1,0,0,1,0,1,1,1,0,1,1,1,0,0,0,0,1,1,1,0,1",0.5333333333333333,0.8,0.608482142857143,0.5,0.7142857142857143,0.5882352941176471,0.5446428571428572,0.25673985481262207
"0,0,1,1,0,0,1,1,1,1,0,0,1,1,0,0,0,0,1,0,1",0.5333333333333333,0.8,0.608482142857143,0.5,0.7142857142857143,0.5882352941176471,0.5446428571428572,0.21707510948181152
"0,0,0,0,1,0,1,0,0,1,0,0,0,0,1,1,0,0,0,1,1",0.5333333333333333,0.8,0.608482142857143,0.5,0.7142857142857143,0.5882352941176471,0.5446428571428572,0.2163105010986328
"0,0,1,0,0,0,1,1,1,1,0,0,0,0,1,1,0,1,0,0,1",0.4666666666666667,1.0,0.6082589285714286,0.45,0.6428571428571429,0.5294117647058824,0.47767857142857145,0.21816492080688477
"1,1,1,1,0,0,1,0,0,0,1,0,0,1,1,0,0,0,0,0,1",0.6333333333333333,0.5,0.6071428571428571,0.5789473684210527,0.7857142857142857,0.6666666666666666,0.6428571428571428,0.19873380661010742
"0,1,0,1,0,1,1,1,0,0,1,1,0,0,0,1,1,1,0,1,1",0.6333333333333333,0.5,0.6071428571428571,0.5789473684210527,0.7857142857142857,0.6666666666666666,0.6428571428571428,0.22301936149597168
"1,1,0,1,1,1,1,1,0,0,0,1,0,1,0,0,1,0,1,0,1",0.6333333333333333,0.5,0.6071428571428571,0.5789473684210527,0.7857142857142857,0.6666666666666666,0.6428571428571428,0.21508193016052246
"0,1,1,1,1,0,0,1,1,0,0,0,1,1,1,1,1,0,0,0,1",0.5666666666666667,0.7,0.6069196428571428,0.5263157894736842,0.7142857142857143,0.6060606060606061,0.5758928571428572,0.24766921997070312
"0,1,0,0,1,0,0,0,1,1,0,1,0,1,0,0,0,1,1,1,0",0.6,0.7,0.6069196428571428,0.75,0.21428571428571427,0.3333333333333333,0.5758928571428571,0.24131226539611816
"1,1,1,0,1,1,0,1,0,1,1,1,1,1,1,1,1,1,0,0,1",0.5666666666666667,0.7,0.6069196428571428,0.5263157894736842,0.7142857142857143,0.6060606060606061,0.5758928571428572,0.22242236137390137
"1,1,0,1,1,1,1,0,1,1,1,0,1,0,1,0,1,1,0,0,1",0.5,0.9,0.6066964285714286,0.47368421052631576,0.6428571428571429,0.5454545454545454,0.5089285714285714,0.22230100631713867
"1,1,1,0,1,1,1,0,0,0,1,0,0,1,1,1,0,1,0,0,0",0.5,0.9,0.6066964285714286,0.47368421052631576,0.6428571428571429,0.5454545454545454,0.5089285714285714,0.21560907363891602
"1,0,0,1,0,0,0,0,1,1,1,1,1,1,1,0,1,1,0,1,1",0.5,0.9,0.6066964285714286,0.47368421052631576,0.6428571428571429,0.5454545454545454,0.5089285714285714,0.2119617462158203
"1,1,0,1,1,0,1,1,0,1,0,0,0,0,0,1,1,0,0,1,1",0.6,0.6,0.6053571428571429,0.5555555555555556,0.7142857142857143,0.625,0.6071428571428572,0.21936845779418945
"1,0,1,0,1,1,1,0,1,0,1,1,1,0,1,1,0,0,1,1,1",0.6,0.6,0.6053571428571429,0.5555555555555556,0.7142857142857143,0.625,0.6071428571428572,0.22878408432006836
"0,1,0,0,1,0,0,0,1,1,1,1,0,0,0,0,1,1,0,1,0",0.5333333333333333,0.8,0.6051339285714286,0.5,0.6428571428571429,0.5625,0.5401785714285714,0.22530031204223633
"1,0,0,0,1,0,0,1,0,0,0,1,1,1,0,1,1,0,1,1,1",0.5333333333333333,0.8,0.6051339285714286,0.5,0.6428571428571429,0.5625,0.5401785714285714,0.25472569465637207
"0,0,0,1,1,0,1,1,1,1,0,1,1,1,0,1,0,1,0,1,1",0.5333333333333333,0.8,0.6051339285714286,0.5,0.6428571428571429,0.5625,0.5401785714285714,0.23580002784729004
"0,1,1,1,1,0,1,1,1,0,0,1,0,0,1,0,0,1,0,1,0",0.5333333333333333,0.8,0.6051339285714286,0.5,0.6428571428571429,0.5625,0.5401785714285714,0.2798271179199219
"1,0,0,1,0,1,0,1,0,0,0,0,0,1,0,1,0,1,0,0,0",0.6333333333333333,0.5,0.6037946428571429,0.5882352941176471,0.7142857142857143,0.6451612903225806,0.6383928571428572,0.20454001426696777
"0,1,0,0,0,1,1,0,1,1,0,1,1,1,0,0,1,0,1,0,1",0.5666666666666667,0.7,0.6035714285714285,0.5294117647058824,0.6428571428571429,0.5806451612903226,0.5714285714285714,0.22446012496948242
"0,0,1,0,1,0,0,1,1,0,1,0,0,0,1,1,0,0,0,1,0",0.5666666666666667,0.7,0.6035714285714285,0.5294117647058824,0.6428571428571429,0.5806451612903226,0.5714285714285714,0.21017241477966309
"1,0,0,0,0,0,0,0,0,0,0,1,0,0,1,0,0,1,0,1,1",0.5666666666666667,0.7,0.6035714285714285,0.5294117647058824,0.6428571428571429,0.5806451612903226,0.5714285714285714,0.2102525234222412
"0,1,1,1,0,1,1,0,1,0,1,1,1,0,1,0,1,0,1,1,0",0.5666666666666667,0.7,0.6035714285714285,0.5294117647058824,0.6428571428571429,0.5806451612903226,0.5714285714285714,0.21401524543762207
"0,1,0,0,0,0,0,0,0,1,0,1,1,0,1,1,1,0,1,1,0",0.5666666666666667,0.7,0.6035714285714285,0.5294117647058824,0.6428571428571429,0.5806451612903226,0.5714285714285714,0.2052602767944336
"1,0,0,0,1,0,1,1,0,1,0,0,0,0,0,1,0,1,1,0,0",0.5,0.9,0.6033482142857143,0.47058823529411764,0.5714285714285714,0.5161290322580645,0.5044642857142857,0.22217011451721191
"1,0,0,0,1,0,0,1,1,0,0,1,0,0,0,0,0,0,0,1,0",0.5,0.9,0.6033482142857143,0.47058823529411764,0.5714285714285714,0.5161290322580645,0.5044642857142857,0.20584821701049805
"0,1,0,1,0,0,1,0,0,1,1,1,1,1,0,1,1,1,1,0,1",0.5,0.9,0.6033482142857143,0.47058823529411764,0.5714285714285714,0.5161290322580645,0.5044642857142857,0.23691797256469727
"1,0,0,1,1,0,1,1,0,1,0,1,1,0,1,0,1,0,1,0,0",0.5,0.9,0.6033482142857143,0.47058823529411764,0.5714285714285714,0.5161290322580645,0.5044642857142857,0.17486834526062012
"1,1,1,0,0,0,1,1,1,0,0,1,0,0,1,0,0,1,0,0,0",0.6,0.6,0.6020089285714285,0.5625,0.6428571428571429,0.6,0.6026785714285714,0.2068626880645752
"1,1,1,1,0,1,1,1,0,0,1,0,0,1,0,0,1,1,0,0,1",0.5333333333333333,0.8,0.6017857142857144,0.5,0.5714285714285714,0.5333333333333333,0.5357142857142857,0.21890473365783691
"1,0,1,0,0,0,1,1,1,1,0,0,1,0,0,0,1,1,1,1,1",0.5333333333333333,0.8,0.6017857142857144,0.5,0.5714285714285714,0.5333333333333333,0.5357142857142857,0.23749160766601562
"1,1,1,0,1,0,0,1,0,1,0,0,1,0,0,0,1,1,1,1,0",0.5333333333333333,0.8,0.6017857142857144,0.5,0.5714285714285714,0.5333333333333333,0.5357142857142857,0.22441816329956055
"1,1,1,0,1,1,0,1,1,1,1,1,0,1,1,1,1,0,1,1,1",0.5333333333333333,0.8,0.6017857142857144,0.5,0.5714285714285714,0.5333333333333333,0.5357142857142857,0.23571133613586426
"1,0,1,1,1,1,1,0,0,1,0,0,0,1,0,0,1,0,1,0,1",0.6333333333333333,0.5,0.6004464285714286,0.6,0.6428571428571429,0.6206896551724138,0.6339285714285714,0.23259925842285156
"0,1,0,0,0,1,1,0,1,0,1,1,1,0,1,1,1,1,0,0,1",0.5666666666666667,0.7,0.6002232142857142,0.5333333333333333,0.5714285714285714,0.5517241379310345,0.5669642857142857,0.2222614288330078
"0,1,0,0,0,1,1,0,1,0,1,0,0,0,1,1,1,0,1,0,1",0.5666666666666667,0.7,0.6002232142857142,0.5333333333333333,0.5714285714285714,0.5517241379310345,0.5669642857142857,0.23844027519226074
"0,1,0,1,0,0,0,0,0,0,1,0,0,0,1,0,0,0,1,1,1",0.5666666666666667,0.7,0.6002232142857142,0.5333333333333333,0.5714285714285714,0.5517241379310345,0.5669642857142857,0.20391178131103516
"1,1,0,1,0,0,0,0,0,0,1,1,0,0,0,1,1,0,1,1,1",0.5666666666666667,0.7,0.6002232142857142,0.5333333333333333,0.5714285714285714,0.5517241379310345,0.5669642857142857,0.22624921798706055
"0,0,1,0,1,1,0,0,0,0,0,1,0,0,1,0,0,0,0,1,0",0.5666666666666667,0.7,0.6002232142857142,0.5333333333333333,0.5714285714285714,0.5517241379310345,0.5669642857142857,0.17751812934875488
"0,0,0,0,0,0,1,0,0,1,0,0,1,0,1,1,0,0,1,1,0",0.5666666666666667,0.7,0.6002232142857142,0.5333333333333333,0.5714285714285714,0.5517241379310345,0.5669642857142857,0.20328211784362793
"1,0,0,0,1,1,0,1,1,1,1,1,0,0,0,0,1,0,0,1,1",0.5666666666666667,0.7,0.6002232142857142,0.5333333333333333,0.5714285714285714,0.5517241379310345,0.5669642857142857,0.23505306243896484
"0,0,0,1,0,0,1,0,0,1,1,0,0,0,0,0,0,1,1,1,0",0.5666666666666667,0.7,0.6002232142857142,0.5333333333333333,0.5714285714285714,0.5517241379310345,0.5669642857142857,0.21967720985412598
"0,0,1,1,1,1,0,1,0,0,1,0,1,0,0,1,0,0,0,1,1",0.5666666666666667,0.7,0.6002232142857142,0.5333333333333333,0.5714285714285714,0.5517241379310345,0.5669642857142857,0.20917558670043945
"0,0,0,0,1,0,0,0,0,1,0,1,0,1,0,0,1,1,0,0,0",0.6,0.6,0.5986607142857143,0.5714285714285714,0.5714285714285714,0.5714285714285714,0.5982142857142857,0.17918920516967773
"0,0,1,0,1,0,1,1,0,0,0,1,0,1,1,0,1,0,1,0,0",0.6,0.6,0.5986607142857143,0.5714285714285714,0.5714285714285714,0.5714285714285714,0.5982142857142857,0.17340517044067383
"0,1,0,0,1,0,1,1,0,0,0,0,0,1,0,0,1,1,0,0,0",0.6,0.6,0.5986607142857143,0.5714285714285714,0.5714285714285714,0.5714285714285714,0.5982142857142857,0.17275094985961914
"1,1,1,0,1,1,1,0,1,0,1,1,1,0,0,1,1,0,1,1,0",0.6,0.6,0.5986607142857143,0.5714285714285714,0.5714285714285714,0.5714285714285714,0.5982142857142857,0.20845985412597656
"0,0,0,0,0,1,1,1,1,0,1,0,0,0,0,0,1,1,1,1,0",0.5333333333333333,0.8,0.5984375,0.5,0.5,0.5,0.53125,0.1911637783050537
"0,1,0,0,0,0,1,0,1,1,1,0,0,0,1,1,0,0,0,0,1",0.5,0.8,0.5984375,0.4827586206896552,1.0,0.6511627906976745,0.53125,0.21221303939819336
"0,0,0,0,0,1,0,0,0,0,1,0,0,1,0,0,0,1,1,0,1",0.5333333333333333,0.8,0.5984375,0.5,0.5,0.5,0.53125,0.25881338119506836
"1,0,1,0,1,1,0,1,0,1,0,0,0,1,1,0,1,0,1,1,1",0.5333333333333333,0.8,0.5984375,0.5,0.5,0.5,0.53125,0.2443544864654541
"1,0,0,1,0,0,0,0,1,1,1,1,1,1,0,0,1,0,0,0,1",0.6333333333333333,0.5,0.5970982142857143,0.6153846153846154,0.5714285714285714,0.5925925925925926,0.6294642857142857,0.22945952415466309
"1,1,0,0,0,1,0,0,0,0,0,1,0,1,1,0,0,0,1,1,1",0.5666666666666667,0.7,0.596875,0.5384615384615384,0.5,0.5185185185185185,0.5625,0.21755743026733398
"1,0,0,0,0,0,0,0,1,0,1,0,1,0,1,0,1,0,1,1,0",0.5666666666666667,0.7,0.596875,0.5384615384615384,0.5,0.5185185185185185,0.5625,0.20105886459350586
"0,0,0,0,1,0,1,1,1,0,0,0,1,1,0,0,0,0,1,1,0",0.5666666666666667,0.7,0.596875,0.5384615384615384,0.5,0.5185185185185185,0.5625,0.21880769729614258
"1,0,0,1,1,1,1,0,1,1,0,1,1,0,0,1,1,0,1,1,0",0.5666666666666667,0.7,0.596875,0.5384615384615384,0.5,0.5185185185185185,0.5625,0.2124495506286621
"1,0,1,0,1,0,0,0,0,1,1,1,1,0,0,1,1,0,0,0,1",0.5666666666666667,0.7,0.596875,0.5384615384615384,0.5,0.5185185185185185,0.5625,0.21944499015808105
"1,1,1,0,1,1,1,0,0,0,0,1,1,1,0,1,1,0,0,0,1",0.5666666666666667,0.7,0.596875,0.5384615384615384,0.5,0.5185185185185185,0.5625,0.2446432113647461
"1,0,1,1,1,1,1,1,1,0,0,0,1,1,0,1,0,0,1,0,1",0.5666666666666667,0.7,0.596875,0.5384615384615384,0.5,0.5185185185185185,0.5625,0.23343896865844727
"1,0,1,1,1,1,1,1,0,1,1,1,0,1,0,1,1,1,0,0,1",0.5666666666666667,0.7,0.596875,0.5384615384615384,0.5,0.5185185185185185,0.5625,0.20495986938476562
"0,1,1,0,1,0,0,1,1,0,1,0,1,0,0,1,0,0,1,1,1",0.5666666666666667,0.7,0.596875,0.5384615384615384,0.5,0.5185185185185185,0.5625,0.2528114318847656
"0,1,1,1,0,1,0,1,0,1,1,0,0,1,0,0,1,1,0,1,1",0.5666666666666667,0.7,0.596875,0.5384615384615384,0.5,0.5185185185185185,0.5625,0.22426486015319824
"0,0,0,0,1,1,1,0,1,1,1,0,0,0,1,1,0,1,1,1,0",0.5,0.9,0.5966517857142857,0.46153846153846156,0.42857142857142855,0.4444444444444444,0.4955357142857143,0.20398402214050293
"1,0,1,1,1,0,0,0,1,1,0,1,1,1,0,0,0,0,1,0,1",0.5,0.9,0.5966517857142857,0.46153846153846156,0.42857142857142855,0.4444444444444444,0.4955357142857143,0.2626023292541504
"0,1,1,0,0,1,0,0,0,1,0,0,0,0,1,0,0,1,0,0,0",0.6,0.6,0.5953125,0.5833333333333334,0.5,0.5384615384615384,0.59375,0.1960134506225586
"1,0,1,1,1,1,0,1,1,1,0,1,0,1,0,1,1,0,0,1,0",0.5666666666666667,0.6,0.5953125,0.5185185185185185,1.0,0.6829268292682927,0.59375,0.2342214584350586
"0,0,1,0,1,1,0,0,1,1,0,0,1,0,1,0,0,1,1,1,1",0.6,0.6,0.5953125,0.5833333333333334,0.5,0.5384615384615384,0.59375,0.2146451473236084
"1,1,1,1,0,0,1,0,0,0,0,0,0,0,1,0,0,1,1,1,1",0.5666666666666667,0.6,0.5953125,0.5185185185185185,1.0,0.6829268292682927,0.59375,0.23805022239685059
"1,1,0,0,0,1,0,1,1,0,1,0,1,1,1,0,0,0,0,0,0",0.6,0.6,0.5953125,0.5833333333333334,0.5,0.5384615384615384,0.59375,0.20379161834716797
"0,0,0,0,0,1,1,1,1,1,0,1,0,0,1,0,1,0,0,0,1",0.5,0.8,0.5950892857142858,0.48148148148148145,0.9285714285714286,0.6341463414634146,0.5267857142857143,0.2190570831298828
"0,1,0,0,0,0,1,0,0,0,1,0,1,0,0,0,0,1,0,1,1",0.5,0.8,0.5950892857142858,0.48148148148148145,0.9285714285714286,0.6341463414634146,0.5267857142857143,0.21548986434936523
"0,0,0,1,1,1,0,0,1,1,1,0,1,0,1,0,1,0,1,1,1",0.5333333333333333,0.8,0.5950892857142858,0.5,0.42857142857142855,0.46153846153846156,0.5267857142857143,0.23904109001159668
"0,1,1,1,1,1,0,0,0,1,1,1,0,0,1,0,0,1,0,0,1",0.6,0.5,0.59375,0.5384615384615384,1.0,0.7,0.625,0.23431992530822754
"1,1,1,1,1,0,1,1,0,1,0,1,1,1,1,1,1,1,1,1,0",0.6333333333333333,0.5,0.59375,0.6363636363636364,0.5,0.56,0.625,0.2297675609588623
"0,1,0,0,1,1,0,0,1,1,0,1,0,0,0,0,0,1,1,0,0",0.5333333333333333,0.7,0.5935267857142856,0.5,0.9285714285714286,0.65,0.5580357142857143,0.20412921905517578
"0,1,1,1,0,1,0,0,0,0,1,1,1,0,1,0,1,1,0,0,0",0.5666666666666667,0.7,0.5935267857142856,0.5454545454545454,0.42857142857142855,0.48,0.5580357142857143,0.23614954948425293
"1,1,1,1,0,1,0,0,0,1,0,0,0,1,0,0,1,0,0,1,1",0.5666666666666667,0.7,0.5935267857142856,0.5454545454545454,0.42857142857142855,0.48,0.5580357142857143,0.2273709774017334
"1,0,1,1,1,1,0,0,0,1,0,1,0,1,0,0,1,1,0,0,0",0.5666666666666667,0.7,0.5935267857142856,0.5454545454545454,0.42857142857142855,0.48,0.5580357142857143,0.18468976020812988
"0,1,0,0,1,1,0,0,0,1,1,0,1,0,1,1,0,0,0,1,0",0.5666666666666667,0.7,0.5935267857142856,0.5454545454545454,0.42857142857142855,0.48,0.5580357142857143,0.22635674476623535
"1,1,0,0,0,1,1,0,1,0,1,1,0,1,0,1,0,0,0,1,1",0.5666666666666667,0.7,0.5935267857142856,0.5454545454545454,0.42857142857142855,0.48,0.5580357142857143,0.21056199073791504
"0,1,0,0,1,0,0,0,1,0,0,1,1,1,0,1,1,0,1,1,1",0.5666666666666667,0.7,0.5935267857142856,0.5454545454545454,0.42857142857142855,0.48,0.5580357142857143,0.22359251976013184
"1,0,0,1,0,1,1,1,0,1,0,1,0,1,1,1,1,0,1,0,1",0.5666666666666667,0.7,0.5935267857142856,0.5454545454545454,0.42857142857142855,0.48,0.5580357142857143,0.225996732711792
"0,1,0,1,1,1,0,1,1,1,1,1,0,0,1,0,0,0,0,0,1",0.5666666666666667,0.6,0.5919642857142857,0.52,0.9285714285714286,0.6666666666666666,0.5892857142857143,0.20107412338256836
"1,1,1,0,1,1,1,1,0,1,1,1,0,1,0,1,1,1,0,0,1",0.5666666666666667,0.6,0.5919642857142857,0.52,0.9285714285714286,0.6666666666666666,0.5892857142857143,0.23567700386047363
"0,1,1,0,0,0,1,1,0,0,0,1,1,0,1,1,0,1,0,1,1",0.6,0.6,0.5919642857142857,0.6,0.42857142857142855,0.5,0.5892857142857143,0.23622775077819824
"1,1,0,1,1,1,0,0,1,0,0,1,0,0,0,1,1,1,0,0,1",0.5666666666666667,0.6,0.5919642857142857,0.52,0.9285714285714286,0.6666666666666666,0.5892857142857143,0.21782898902893066
"0,0,1,1,0,0,0,1,0,0,0,0,1,1,1,0,0,0,0,1,1",0.6,0.6,0.5919642857142857,0.6,0.42857142857142855,0.5,0.5892857142857143,0.21985220909118652
"0,1,1,0,1,0,0,0,0,0,1,1,0,0,1,1,1,0,0,0,0",0.5333333333333333,0.8,0.5917410714285715,0.5,0.35714285714285715,0.4166666666666667,0.5223214285714286,0.2043743133544922
"1,1,1,1,1,0,0,1,1,1,1,0,1,0,1,0,1,0,0,0,1",0.5,0.8,0.5917410714285715,0.48,0.8571428571428571,0.6153846153846154,0.5223214285714286,0.21451473236083984
"1,1,0,0,1,1,0,1,0,0,0,0,0,0,1,0,0,1,1,0,1",0.5,0.8,0.5917410714285715,0.48,0.8571428571428571,0.6153846153846154,0.5223214285714286,0.24483728408813477
"1,0,1,1,1,1,0,0,0,1,1,1,1,0,0,1,0,0,1,0,1",0.5,0.8,0.5917410714285715,0.48,0.8571428571428571,0.6153846153846154,0.5223214285714286,0.2696809768676758
"1,1,0,1,1,1,0,0,1,0,0,1,0,0,1,1,0,0,1,0,1",0.5,0.8,0.5917410714285715,0.48,0.8571428571428571,0.6153846153846154,0.5223214285714286,0.2335188388824463
"0,1,1,1,1,1,0,1,0,1,0,0,0,0,0,0,1,1,0,1,0",0.5333333333333333,0.8,0.5917410714285715,0.5,0.35714285714285715,0.4166666666666667,0.5223214285714286,0.1949462890625
"1,0,1,0,1,0,1,1,0,0,1,1,0,0,0,0,0,1,1,1,1",0.5333333333333333,0.8,0.5917410714285715,0.5,0.35714285714285715,0.4166666666666667,0.5223214285714286,0.19539928436279297
"0,1,1,1,1,1,0,1,0,1,0,0,0,0,0,0,0,1,0,1,0",0.5333333333333333,0.8,0.5917410714285715,0.5,0.35714285714285715,0.4166666666666667,0.5223214285714286,0.20560312271118164
"1,0,1,1,1,1,1,0,1,0,1,1,1,0,0,1,0,1,0,0,0",0.6,0.5,0.5904017857142857,0.5416666666666666,0.9285714285714286,0.6842105263157895,0.6205357142857143,0.22732019424438477
"0,1,0,0,1,0,0,1,0,1,0,1,1,1,1,1,1,1,1,1,1",0.5333333333333333,0.7,0.5901785714285714,0.5,0.8571428571428571,0.631578947368421,0.5535714285714286,0.2314004898071289
"0,1,0,0,0,0,0,1,1,0,0,1,0,1,0,0,1,1,0,1,0",0.5666666666666667,0.7,0.5901785714285714,0.5555555555555556,0.35714285714285715,0.43478260869565216,0.5535714285714286,0.21895980834960938
"1,0,0,1,1,0,0,1,1,0,1,0,0,0,0,0,1,1,0,0,1",0.5333333333333333,0.7,0.5901785714285714,0.5,0.8571428571428571,0.631578947368421,0.5535714285714286,0.21490120887756348
"1,0,0,1,1,0,1,0,0,0,0,0,1,1,1,1,1,0,0,0,1",0.5666666666666667,0.7,0.5901785714285714,0.5555555555555556,0.35714285714285715,0.43478260869565216,0.5535714285714286,0.22512006759643555
"1,0,0,1,0,1,0,1,0,0,0,1,1,1,0,0,1,0,1,1,0",0.5333333333333333,0.7,0.5901785714285714,0.5,0.8571428571428571,0.631578947368421,0.5535714285714286,0.1857318878173828
"1,1,1,0,0,1,0,1,0,0,1,1,1,1,1,0,0,1,1,0,1",0.5666666666666667,0.7,0.5901785714285714,0.5555555555555556,0.35714285714285715,0.43478260869565216,0.5535714285714286,0.2556135654449463
"0,0,1,1,1,1,1,0,0,0,1,0,0,1,0,1,0,1,0,0,1",0.5333333333333333,0.7,0.5901785714285714,0.5,0.8571428571428571,0.631578947368421,0.5535714285714286,0.2089076042175293
"0,0,1,1,1,0,0,1,1,0,0,0,1,1,0,1,0,1,1,0,1",0.5333333333333333,0.7,0.5901785714285714,0.5,0.8571428571428571,0.631578947368421,0.5535714285714286,0.2584414482116699
"1,1,1,0,1,1,1,1,0,1,1,1,0,0,0,1,0,0,0,1,1",0.5333333333333333,0.7,0.5901785714285714,0.5,0.8571428571428571,0.631578947368421,0.5535714285714286,0.21837735176086426
"1,0,0,1,0,1,0,1,0,0,0,1,1,1,0,0,0,0,1,1,0",0.5333333333333333,0.7,0.5901785714285714,0.5,0.8571428571428571,0.631578947368421,0.5535714285714286,0.20737075805664062
"1,0,0,1,0,0,1,1,1,0,1,1,0,1,0,0,1,1,1,1,0",0.5666666666666667,0.6,0.5886160714285715,0.5217391304347826,0.8571428571428571,0.6486486486486487,0.5848214285714286,0.22551822662353516
"0,1,0,1,1,0,0,1,0,0,1,1,0,1,1,0,0,0,1,0,0",0.5666666666666667,0.6,0.5886160714285714,0.5217391304347826,0.8571428571428571,0.6486486486486487,0.5848214285714286,0.18500137329101562
"1,0,1,1,1,1,1,0,1,0,1,1,1,0,0,1,0,0,1,0,1",0.5666666666666667,0.6,0.5886160714285714,0.5217391304347826,0.8571428571428571,0.6486486486486487,0.5848214285714286,0.24664616584777832
"1,1,0,1,1,1,0,1,1,1,1,1,0,0,0,1,0,0,0,1,1",0.5666666666666667,0.6,0.5886160714285714,0.5217391304347826,0.8571428571428571,0.6486486486486487,0.5848214285714286,0.24461865425109863
"0,1,0,1,1,0,0,1,1,1,1,0,0,1,1,1,1,0,0,0,0",0.5666666666666667,0.6,0.5886160714285714,0.5217391304347826,0.8571428571428571,0.6486486486486487,0.5848214285714286,0.18569016456604004
"1,1,1,1,0,0,1,1,0,1,1,1,0,0,0,1,0,0,1,0,1",0.5,0.8,0.5883928571428572,0.4782608695652174,0.7857142857142857,0.5945945945945946,0.5178571428571428,0.2282392978668213
"1,0,0,1,1,0,0,0,1,0,1,1,1,0,1,0,0,0,1,0,1",0.5,0.8,0.5883928571428572,0.4782608695652174,0.7857142857142857,0.5945945945945946,0.5178571428571428,0.21880173683166504
"0,1,0,1,0,1,0,1,1,0,0,1,0,0,1,1,1,1,1,0,0",0.5333333333333333,0.7,0.586830357142857,0.5,0.7857142857142857,0.6111111111111112,0.5491071428571428,0.20305752754211426
"1,0,1,1,0,0,1,1,1,1,0,0,0,0,0,1,1,0,0,1,1",0.5333333333333333,0.7,0.586830357142857,0.5,0.7857142857142857,0.6111111111111112,0.5491071428571428,0.221177339553833
"0,0,1,1,0,0,1,1,0,1,0,0,0,0,1,0,1,0,0,0,0",0.5333333333333333,0.7,0.586830357142857,0.5,0.7857142857142857,0.6111111111111112,0.5491071428571428,0.18149662017822266
"0,0,0,1,1,1,0,0,0,0,0,1,0,1,0,0,0,1,1,1,1",0.5333333333333333,0.7,0.586830357142857,0.5,0.7857142857142857,0.6111111111111112,0.5491071428571428,0.2218623161315918
"0,1,0,1,1,0,1,0,0,0,0,0,1,0,1,1,0,0,0,0,1",0.5333333333333333,0.7,0.586830357142857,0.5,0.7857142857142857,0.6111111111111112,0.5491071428571428,0.19947052001953125
"1,0,0,0,1,0,0,0,0,1,0,1,1,0,0,0,0,1,0,0,0",0.5333333333333333,0.7,0.586830357142857,0.5,0.7857142857142857,0.6111111111111112,0.5491071428571428,0.2024598121643066
"0,0,1,1,0,1,1,1,1,0,0,0,1,0,0,0,0,0,1,0,1",0.5333333333333333,0.7,0.586830357142857,0.5,0.7857142857142857,0.6111111111111112,0.5491071428571428,0.20322775840759277
"1,1,0,1,0,1,1,0,1,0,0,1,0,1,1,1,0,1,1,0,1",0.5333333333333333,0.7,0.586830357142857,0.5,0.7857142857142857,0.6111111111111112,0.5491071428571428,0.23228120803833008
"0,1,1,0,0,0,1,0,0,0,0,1,1,0,1,0,1,0,0,0,0",0.5333333333333333,0.7,0.586830357142857,0.5,0.7857142857142857,0.6111111111111112,0.5491071428571428,0.2134695053100586
"1,1,0,1,1,1,1,1,0,1,1,1,0,0,0,1,0,0,1,0,1",0.4666666666666667,0.9,0.5866071428571429,0.45454545454545453,0.7142857142857143,0.5555555555555556,0.48214285714285715,0.22621774673461914
"1,0,0,1,0,0,0,0,0,1,1,0,1,0,1,0,1,1,0,1,0",0.4666666666666667,0.9,0.5866071428571429,0.45454545454545453,0.7142857142857143,0.5555555555555556,0.48214285714285715,0.22140049934387207
"1,0,0,1,0,0,1,1,0,0,0,1,1,0,1,1,1,1,0,1,1",0.5,0.9,0.5866071428571429,0.42857142857142855,0.21428571428571427,0.2857142857142857,0.48214285714285715,0.22063064575195312
"1,0,0,0,0,0,0,1,1,1,0,0,1,0,1,1,1,0,1,1,1",0.5666666666666667,0.6,0.5852678571428571,0.5238095238095238,0.7857142857142857,0.6285714285714286,0.5803571428571428,0.2187635898590088
"1,1,1,0,0,0,0,0,1,1,1,1,1,0,1,0,1,0,0,0,0",0.5666666666666667,0.6,0.5852678571428571,0.5238095238095238,0.7857142857142857,0.6285714285714286,0.5803571428571428,0.18975305557250977
"0,1,1,1,1,0,0,0,1,0,0,0,0,0,1,0,1,1,0,0,0",0.5666666666666667,0.6,0.5852678571428571,0.5238095238095238,0.7857142857142857,0.6285714285714286,0.5803571428571428,0.18220877647399902
"1,1,0,0,1,0,0,1,0,0,1,0,1,0,1,1,1,1,1,1,1",0.5666666666666667,0.6,0.5852678571428571,0.5238095238095238,0.7857142857142857,0.6285714285714286,0.5803571428571428,0.2169804573059082
"1,1,0,0,1,1,1,1,1,1,1,0,1,1,0,0,1,0,1,1,1",0.5666666666666667,0.6,0.5852678571428571,0.5238095238095238,0.7857142857142857,0.6285714285714286,0.5803571428571428,0.23715686798095703
"1,1,0,1,0,0,0,1,0,1,1,0,0,1,1,1,1,0,0,0,0",0.5666666666666667,0.6,0.5852678571428571,0.5238095238095238,0.7857142857142857,0.6285714285714286,0.5803571428571428,0.18148446083068848
"1,1,0,1,1,0,1,0,1,0,1,1,1,0,0,1,1,0,1,0,1",0.5666666666666667,0.6,0.5852678571428571,0.5238095238095238,0.7857142857142857,0.6285714285714286,0.5803571428571428,0.226639986038208
"1,1,1,1,1,0,0,1,1,1,1,0,1,0,1,1,0,0,1,0,0",0.5666666666666667,0.6,0.5852678571428571,0.5238095238095238,0.7857142857142857,0.6285714285714286,0.5803571428571428,0.1897439956665039
"1,0,0,1,0,1,1,1,0,0,0,1,1,1,0,0,0,0,0,1,0",0.5666666666666667,0.6,0.5852678571428571,0.5238095238095238,0.7857142857142857,0.6285714285714286,0.5803571428571428,0.20777225494384766
"0,1,0,0,1,1,0,0,0,1,1,1,0,0,1,1,1,0,1,0,1",0.5666666666666667,0.6,0.5852678571428571,0.5238095238095238,0.7857142857142857,0.6285714285714286,0.5803571428571428,0.23702669143676758
"0,0,0,0,0,1,0,0,0,1,0,0,0,1,1,1,0,1,0,1,0",0.5,0.8,0.585044642857143,0.47619047619047616,0.7142857142857143,0.5714285714285714,0.5133928571428572,0.19004535675048828
"1,1,1,0,0,1,1,0,0,0,0,1,0,1,0,1,0,0,1,0,1",0.5,0.8,0.585044642857143,0.47619047619047616,0.7142857142857143,0.5714285714285714,0.5133928571428572,0.23556208610534668
"0,1,1,1,0,0,0,1,1,0,1,1,1,1,1,0,0,0,0,1,0",0.5333333333333333,0.8,0.5850446428571427,0.5,0.21428571428571427,0.3,0.5133928571428571,0.2074742317199707
"1,1,0,1,1,1,1,0,1,0,1,1,1,0,1,0,1,0,0,0,1",0.5333333333333333,0.7,0.5834821428571428,0.5,0.7142857142857143,0.5882352941176471,0.5446428571428572,0.250049352645874
"1,1,0,1,1,1,1,0,1,0,1,1,1,0,1,0,1,0,0,1,1",0.5333333333333333,0.7,0.5834821428571428,0.5,0.7142857142857143,0.5882352941176471,0.5446428571428572,0.22583460807800293
"0,1,1,0,0,0,0,1,0,1,0,0,1,0,1,0,1,1,1,1,1",0.5333333333333333,0.7,0.5834821428571428,0.5,0.7142857142857143,0.5882352941176471,0.5446428571428572,0.21497535705566406
"1,1,1,0,1,0,0,0,0,0,0,1,1,0,0,0,1,1,0,1,1",0.5333333333333333,0.7,0.5834821428571428,0.5,0.7142857142857143,0.5882352941176471,0.5446428571428572,0.21930646896362305
"0,1,0,0,0,1,1,1,0,0,1,1,1,0,0,0,0,0,1,1,1",0.5333333333333333,0.7,0.5834821428571428,0.5,0.7142857142857143,0.5882352941176471,0.5446428571428572,0.2182788848876953
"1,0,1,0,1,1,0,0,1,1,0,0,0,0,0,1,1,1,1,0,1",0.5333333333333333,0.7,0.5834821428571428,0.5,0.7142857142857143,0.5882352941176471,0.5446428571428572,0.215043306350708
"1,1,0,0,0,0,1,0,1,0,1,1,0,0,0,1,0,1,1,0,0",0.5333333333333333,0.7,0.5834821428571428,0.5,0.7142857142857143,0.5882352941176471,0.5446428571428572,0.19990324974060059
"1,1,1,0,1,0,1,0,1,1,0,0,1,1,1,1,1,1,1,0,1",0.5333333333333333,0.7,0.5834821428571428,0.5,0.7142857142857143,0.5882352941176471,0.5446428571428572,0.2544410228729248
"1,0,0,0,1,1,0,1,0,1,1,1,0,1,1,1,1,0,0,1,0",0.5333333333333333,0.7,0.5834821428571428,0.5,0.7142857142857143,0.5882352941176471,0.5446428571428572,0.21816182136535645
"1,0,0,1,1,0,0,0,0,1,0,1,0,0,1,0,1,0,1,1,1",0.5333333333333333,0.7,0.5834821428571428,0.5,0.7142857142857143,0.5882352941176471,0.5446428571428572,0.2720456123352051
"1,1,0,1,0,1,0,1,0,0,1,0,1,1,0,0,1,0,0,1,0",0.5333333333333333,0.7,0.5834821428571428,0.5,0.7142857142857143,0.5882352941176471,0.5446428571428572,0.21947121620178223
"1,1,1,0,1,0,0,1,0,1,1,0,1,1,1,1,1,0,1,1,0",0.5333333333333333,0.7,0.5834821428571428,0.5,0.7142857142857143,0.5882352941176471,0.5446428571428572,0.2221052646636963
"1,0,1,0,1,0,1,0,0,1,0,1,1,0,0,1,0,0,1,0,1",0.5666666666666667,0.6,0.5819196428571429,0.5263157894736842,0.7142857142857143,0.6060606060606061,0.5758928571428572,0.2328195571899414
"1,1,0,0,1,0,1,0,1,0,1,0,1,1,1,0,1,0,0,1,0",0.5666666666666667,0.6,0.5819196428571429,0.5263157894736842,0.7142857142857143,0.6060606060606061,0.5758928571428572,0.20832157135009766
"1,0,1,1,0,1,0,1,1,1,0,1,0,1,0,1,1,0,0,1,0",0.5666666666666667,0.6,0.5819196428571429,0.5263157894736842,0.7142857142857143,0.6060606060606061,0.5758928571428572,0.2115328311920166
"1,1,0,1,0,1,1,1,1,0,0,0,1,1,0,1,0,0,1,0,1",0.5666666666666667,0.6,0.5819196428571429,0.5263157894736842,0.7142857142857143,0.6060606060606061,0.5758928571428572,0.23953461647033691
"1,1,0,1,1,1,1,0,1,1,0,1,1,0,0,1,1,0,1,1,1",0.5,0.8,0.5816964285714286,0.47368421052631576,0.6428571428571429,0.5454545454545454,0.5089285714285714,0.23449492454528809
"1,0,0,0,1,1,1,0,0,0,1,0,0,1,0,1,1,1,1,1,0",0.5,0.8,0.5816964285714286,0.47368421052631576,0.6428571428571429,0.5454545454545454,0.5089285714285714,0.20247840881347656
"1,1,1,0,1,1,0,1,1,1,1,1,0,1,1,0,1,0,0,1,1",0.5,0.8,0.5816964285714286,0.47368421052631576,0.6428571428571429,0.5454545454545454,0.5089285714285714,0.22373127937316895
"0,0,1,0,0,0,1,1,0,1,0,1,0,0,0,1,1,1,0,1,0",0.6,0.5,0.5803571428571429,0.5555555555555556,0.7142857142857143,0.625,0.6071428571428572,0.23433470726013184
"0,0,1,0,0,1,0,0,0,1,1,0,1,0,1,0,0,0,1,1,1",0.6,0.5,0.5803571428571429,0.5555555555555556,0.7142857142857143,0.625,0.6071428571428572,0.20883393287658691
"1,0,1,1,1,1,1,0,1,0,0,0,0,0,0,1,1,0,0,0,1",0.6,0.5,0.5803571428571429,0.5555555555555556,0.7142857142857143,0.625,0.6071428571428572,0.20766210556030273
"0,1,0,1,1,0,0,1,1,0,1,1,1,1,0,0,0,1,0,0,0",0.5333333333333333,0.7,0.5801339285714285,0.5,0.6428571428571429,0.5625,0.5401785714285714,0.22266721725463867
"1,1,0,1,0,0,0,1,1,0,0,0,1,0,0,0,0,1,1,1,0",0.5333333333333333,0.7,0.5801339285714285,0.5,0.6428571428571429,0.5625,0.5401785714285714,0.23746347427368164
"1,1,1,0,0,1,0,0,0,0,0,1,0,0,0,0,1,0,0,1,0",0.5333333333333333,0.7,0.5801339285714285,0.5,0.6428571428571429,0.5625,0.5401785714285714,0.17914080619812012
"1,1,0,0,1,1,0,0,0,0,0,0,1,1,0,0,1,1,1,0,0",0.5333333333333333,0.7,0.5801339285714285,0.5,0.6428571428571429,0.5625,0.5401785714285714,0.17467212677001953
"1,0,1,1,1,0,1,0,0,0,1,0,1,1,0,0,1,1,1,1,0",0.4666666666666667,0.9,0.5799107142857143,0.4444444444444444,0.5714285714285714,0.5,0.4732142857142857,0.21216988563537598
"0,0,0,1,1,1,0,1,1,0,0,0,1,0,0,1,1,0,0,1,0",0.5666666666666667,0.6,0.5785714285714285,0.5294117647058824,0.6428571428571429,0.5806451612903226,0.5714285714285714,0.20239615440368652
"1,0,0,1,1,0,0,1,0,0,1,1,1,0,0,1,1,0,0,0,1",0.5666666666666667,0.6,0.5785714285714285,0.5294117647058824,0.6428571428571429,0.5806451612903226,0.5714285714285714,0.2210237979888916
"0,0,1,0,1,0,1,1,1,1,1,0,1,1,0,1,0,1,1,1,0",0.5666666666666667,0.6,0.5785714285714285,0.5294117647058824,0.6428571428571429,0.5806451612903226,0.5714285714285714,0.20747947692871094
"0,0,1,1,0,0,1,0,0,0,0,0,0,0,1,0,1,0,1,1,1",0.5666666666666667,0.6,0.5785714285714285,0.5294117647058824,0.6428571428571429,0.5806451612903226,0.5714285714285714,0.22766351699829102
"0,1,1,0,1,0,0,1,1,0,0,1,0,1,0,0,1,1,1,0,0",0.5666666666666667,0.6,0.5785714285714285,0.5294117647058824,0.6428571428571429,0.5806451612903226,0.5714285714285714,0.19104242324829102
"0,0,0,0,1,1,1,1,0,1,0,0,0,1,0,0,0,1,0,0,1",0.5,0.8,0.5783482142857144,0.47058823529411764,0.5714285714285714,0.5161290322580645,0.5044642857142857,0.22568154335021973
"0,0,1,0,1,1,1,1,1,0,0,1,0,0,0,1,0,0,1,1,0",0.5,0.8,0.5783482142857144,0.47058823529411764,0.5714285714285714,0.5161290322580645,0.5044642857142857,0.2055661678314209
"1,1,0,1,1,1,1,0,1,0,1,0,1,0,0,0,0,1,1,1,1",0.43333333333333335,1.0,0.578125,0.4117647058823529,0.5,0.45161290322580644,0.4375,0.2208564281463623
"1,1,1,0,1,0,1,1,0,1,1,1,0,0,0,1,0,0,1,0,1",0.6,0.5,0.5770089285714286,0.5625,0.6428571428571429,0.6,0.6026785714285714,0.21146631240844727
"1,1,0,0,1,1,1,0,1,0,0,1,1,1,0,0,1,0,0,1,1",0.6,0.5,0.5770089285714286,0.5625,0.6428571428571429,0.6,0.6026785714285714,0.22240519523620605
"1,0,0,1,0,0,0,1,1,1,1,0,1,0,0,0,0,0,1,0,1",0.6,0.5,0.5770089285714286,0.5625,0.6428571428571429,0.6,0.6026785714285714,0.22961139678955078
"0,1,0,1,1,0,0,1,0,0,0,0,0,1,1,0,1,0,1,0,1",0.5333333333333333,0.7,0.5767857142857142,0.5,0.5714285714285714,0.5333333333333333,0.5357142857142857,0.25182557106018066
"0,0,0,0,1,1,0,1,0,1,0,1,1,0,1,0,0,0,0,1,0",0.5333333333333333,0.7,0.5767857142857142,0.5,0.5714285714285714,0.5333333333333333,0.5357142857142857,0.18740057945251465
"1,1,0,0,1,1,1,0,1,0,1,0,1,0,1,1,1,1,1,1,1",0.5333333333333333,0.7,0.5767857142857142,0.5,0.5714285714285714,0.5333333333333333,0.5357142857142857,0.24290060997009277
"1,0,1,1,1,1,1,1,0,0,1,1,1,1,0,1,0,1,0,1,0",0.5333333333333333,0.7,0.5767857142857142,0.5,0.5714285714285714,0.5333333333333333,0.5357142857142857,0.2319645881652832
"1,1,1,1,1,0,0,0,0,0,1,1,1,1,1,0,1,0,0,1,0",0.5333333333333333,0.7,0.5767857142857142,0.5,0.5714285714285714,0.5333333333333333,0.5357142857142857,0.19122600555419922
"0,0,0,1,1,0,0,0,1,1,0,0,0,1,1,0,1,1,0,1,0",0.4666666666666667,0.9,0.5765625,0.4375,0.5,0.4666666666666667,0.46875,0.21988129615783691
"0,0,1,0,1,0,1,0,0,1,0,0,0,1,0,1,0,0,1,1,1",0.4666666666666667,0.9,0.5765625,0.4375,0.5,0.4666666666666667,0.46875,0.21229290962219238
"0,1,1,1,1,1,1,1,0,0,0,1,0,1,0,0,0,0,0,0,1",0.4666666666666667,0.9,0.5765625,0.4375,0.5,0.4666666666666667,0.46875,0.18901705741882324
"1,1,1,0,0,1,0,1,0,1,0,1,1,0,1,0,0,0,1,1,0",0.5666666666666667,0.6,0.5752232142857143,0.5333333333333333,0.5714285714285714,0.5517241379310345,0.5669642857142857,0.17630982398986816
"0,0,0,0,1,1,1,1,0,0,1,0,0,0,0,0,1,1,0,1,0",0.5666666666666667,0.6,0.5752232142857143,0.5333333333333333,0.5714285714285714,0.5517241379310345,0.5669642857142857,0.21198773384094238
"0,0,0,1,0,1,0,0,0,0,0,1,1,0,0,1,0,1,0,0,1",0.5666666666666667,0.6,0.5752232142857143,0.5333333333333333,0.5714285714285714,0.5517241379310345,0.5669642857142857,0.20063114166259766
"0,1,1,0,1,1,1,1,0,0,0,1,0,0,0,0,0,1,0,1,1",0.5666666666666667,0.6,0.5752232142857143,0.5333333333333333,0.5714285714285714,0.5517241379310345,0.5669642857142857,0.22764372825622559
"0,0,1,1,0,1,1,1,0,0,0,0,1,0,1,0,1,1,0,0,0",0.5666666666666667,0.6,0.5752232142857143,0.5333333333333333,0.5714285714285714,0.5517241379310345,0.5669642857142857,0.21506214141845703
"1,0,0,0,0,0,1,1,0,0,1,0,1,0,0,1,1,0,1,0,0",0.5666666666666667,0.6,0.5752232142857143,0.5333333333333333,0.5714285714285714,0.5517241379310345,0.5669642857142857,0.18166136741638184
"1,0,0,0,1,0,1,0,0,0,1,0,1,0,0,0,0,0,0,0,1",0.5666666666666667,0.6,0.5752232142857143,0.5333333333333333,0.5714285714285714,0.5517241379310345,0.5669642857142857,0.18701863288879395
"0,0,0,1,1,1,1,0,1,0,0,0,0,0,1,0,1,1,0,0,1",0.5666666666666667,0.6,0.5752232142857143,0.5333333333333333,0.5714285714285714,0.5517241379310345,0.5669642857142857,0.1896531581878662
"1,0,1,0,1,0,0,1,0,1,1,1,0,1,0,1,1,0,1,0,0",0.5666666666666667,0.6,0.5752232142857143,0.5333333333333333,0.5714285714285714,0.5517241379310345,0.5669642857142857,0.1947040557861328
"1,0,1,0,0,0,1,0,0,0,1,0,0,1,0,0,1,1,0,0,0",0.5666666666666667,0.6,0.5752232142857143,0.5333333333333333,0.5714285714285714,0.5517241379310345,0.5669642857142857,0.194472074508667
"0,0,0,0,0,1,1,0,0,1,1,0,0,0,0,0,0,1,1,0,0",0.5,0.8,0.575,0.4666666666666667,0.5,0.4827586206896552,0.5,0.19812941551208496
"1,0,0,0,1,0,0,1,0,0,1,1,0,0,0,0,0,0,1,1,1",0.5,0.8,0.575,0.4666666666666667,0.5,0.4827586206896552,0.5,0.21107101440429688
"0,0,0,1,0,0,1,1,0,0,1,0,0,0,0,0,0,0,1,0,1",0.5,0.8,0.575,0.4666666666666667,0.5,0.4827586206896552,0.5,0.21175932884216309
"1,1,1,0,1,0,1,0,0,0,0,0,0,1,1,0,1,0,0,1,1",0.5,0.8,0.575,0.4666666666666667,0.5,0.4827586206896552,0.5,0.23013973236083984
"0,0,1,0,1,1,0,0,0,1,1,1,1,0,1,0,0,1,0,1,0",0.6,0.5,0.5736607142857143,0.5714285714285714,0.5714285714285714,0.5714285714285714,0.5982142857142857,0.2233138084411621
"0,1,1,0,0,1,1,0,1,0,0,0,0,0,1,1,0,0,1,1,1",0.6,0.5,0.5736607142857143,0.5714285714285714,0.5714285714285714,0.5714285714285714,0.5982142857142857,0.23737573623657227
"1,0,1,0,1,1,1,0,0,1,1,0,0,0,1,1,1,0,1,1,0",0.5333333333333333,0.7,0.5734375,0.5,0.5,0.5,0.53125,0.21628451347351074
"1,1,1,1,0,0,0,0,0,1,1,0,0,1,1,1,1,0,0,1,1",0.5333333333333333,0.7,0.5734375,0.5,0.5,0.5,0.53125,0.22328567504882812
"0,1,1,1,0,0,1,0,1,0,0,1,1,1,1,1,0,0,1,1,0",0.5,0.7,0.5734375,0.4827586206896552,1.0,0.6511627906976745,0.53125,0.301969051361084
"0,1,0,1,0,1,0,1,0,1,1,0,0,1,1,0,0,0,0,0,1",0.5333333333333333,0.7,0.5734375,0.5,0.5,0.5,0.53125,0.23152661323547363
"0,0,1,0,0,0,1,1,1,1,0,1,0,0,0,0,0,1,0,1,1",0.5333333333333333,0.7,0.5734375,0.5,0.5,0.5,0.53125,0.24177169799804688
"0,0,1,0,1,1,0,1,0,1,0,1,1,1,0,0,0,0,1,0,1",0.5333333333333333,0.7,0.5734375,0.5,0.5,0.5,0.53125,0.21014094352722168
"1,0,0,1,0,0,1,0,0,0,1,1,1,0,0,1,1,1,0,0,0",0.5333333333333333,0.7,0.5734375,0.5,0.5,0.5,0.53125,0.21092772483825684
"1,0,1,0,0,0,0,0,0,1,0,1,0,0,0,0,1,1,1,1,0",0.5333333333333333,0.7,0.5734375,0.5,0.5,0.5,0.53125,0.21355175971984863
"0,1,1,1,0,0,1,1,0,0,0,1,1,1,0,1,1,0,1,1,1",0.5333333333333333,0.7,0.5734375,0.5,0.5,0.5,0.53125,0.2826247215270996
"0,1,0,0,0,0,0,0,1,0,0,0,1,0,0,0,1,1,1,0,1",0.6333333333333333,0.4,0.5720982142857143,0.6153846153846154,0.5714285714285714,0.5925925925925926,0.6294642857142857,0.25770044326782227
"0,0,1,0,1,0,0,0,1,1,1,1,1,1,1,0,0,0,0,1,1",0.5333333333333333,0.6,0.571875,0.5,1.0,0.6666666666666666,0.5625,0.21366548538208008
"1,1,1,1,1,1,0,1,0,1,0,0,0,0,1,0,0,0,0,0,0",0.5333333333333333,0.6,0.571875,0.5,1.0,0.6666666666666666,0.5625,0.16928339004516602
"1,0,0,1,1,1,0,1,1,1,1,1,1,1,0,0,0,1,0,1,0",0.5333333333333333,0.6,0.571875,0.5,1.0,0.6666666666666666,0.5625,0.2306981086730957
"0,1,1,0,1,0,1,0,0,1,0,0,1,1,1,1,1,0,1,1,1",0.5333333333333333,0.6,0.571875,0.5,1.0,0.6666666666666666,0.5625,0.2753739356994629
"1,0,0,1,1,0,1,0,0,0,0,0,0,0,0,0,0,1,0,0,1",0.5666666666666667,0.6,0.571875,0.5384615384615384,0.5,0.5185185185185185,0.5625,0.18384504318237305
"0,0,0,1,1,1,0,1,1,0,1,1,1,1,1,0,1,1,0,1,0",0.5666666666666667,0.6,0.571875,0.5384615384615384,0.5,0.5185185185185185,0.5625,0.24547648429870605
"1,0,1,0,0,1,1,1,0,1,0,1,1,0,0,0,0,0,0,1,1",0.6,0.5,0.5703125,0.5833333333333334,0.5,0.5384615384615384,0.59375,0.20977067947387695
"1,1,1,0,1,1,1,1,0,0,0,0,1,1,0,0,1,1,1,1,0",0.6,0.5,0.5703125,0.5833333333333334,0.5,0.5384615384615384,0.59375,0.205899953842163
"1,1,1,1,1,1,0,0,1,0,0,1,1,0,1,0,0,0,0,0,1",0.5666666666666667,0.5,0.5703125,0.5185185185185185,1.0,0.6829268292682927,0.59375,0.19383907318115234
"1,1,0,0,0,0,0,1,1,1,0,0,0,1,0,1,0,1,0,1,1",0.5333333333333333,0.7,0.5700892857142856,0.5,0.42857142857142855,0.46153846153846156,0.5267857142857143,0.2582268714904785
"0,0,0,1,0,1,0,1,0,0,1,0,0,1,0,0,0,0,1,0,1",0.5,0.7,0.5700892857142856,0.48148148148148145,0.9285714285714286,0.6341463414634146,0.5267857142857143,0.2277393341064453
"0,0,0,0,1,1,0,0,1,1,1,1,0,0,1,1,0,0,0,0,1",0.5,0.7,0.5700892857142856,0.48148148148148145,0.9285714285714286,0.6341463414634146,0.5267857142857143,0.23096060752868652
"1,0,1,0,0,1,0,1,1,1,0,1,1,0,1,1,1,0,1,1,0",0.5666666666666667,0.6,0.5685267857142857,0.5454545454545454,0.42857142857142855,0.48,0.5580357142857143,0.2515120506286621
"0,0,0,0,0,1,0,0,1,0,0,1,0,1,1,0,0,1,1,0,1",0.5333333333333333,0.6,0.5685267857142857,0.5,0.9285714285714286,0.65,0.5580357142857143,0.24897503852844238
"1,0,0,1,0,0,0,1,1,1,1,1,0,0,1,0,0,0,1,1,1",0.5333333333333333,0.6,0.5685267857142857,0.5,0.9285714285714286,0.65,0.5580357142857143,0.2156679630279541
"1,1,0,0,1,0,1,1,1,0,1,1,1,0,0,0,0,1,1,1,0",0.5666666666666667,0.6,0.5685267857142857,0.5454545454545454,0.42857142857142855,0.48,0.5580357142857143,0.23429393768310547
"1,0,1,1,1,1,1,0,0,0,0,1,0,0,1,1,1,1,0,0,1",0.5333333333333333,0.6,0.5685267857142857,0.5,0.9285714285714286,0.65,0.5580357142857143,0.22585201263427734
"0,1,1,1,0,1,1,1,1,0,0,1,0,0,1,1,0,1,1,0,1",0.5666666666666667,0.6,0.5685267857142857,0.5454545454545454,0.42857142857142855,0.48,0.5580357142857143,0.22816061973571777
"0,0,1,1,1,1,1,0,1,0,1,0,0,0,0,0,0,1,1,0,1",0.5333333333333333,0.6,0.5685267857142857,0.5,0.9285714285714286,0.65,0.5580357142857143,0.21332120895385742
"1,0,0,0,1,0,1,0,0,1,0,0,0,0,0,1,1,0,1,1,1",0.5333333333333333,0.6,0.5685267857142857,0.5,0.9285714285714286,0.65,0.5580357142857143,0.21853327751159668
"0,0,1,1,1,1,0,1,1,1,0,0,1,0,0,1,0,0,1,0,1",0.5666666666666667,0.6,0.5685267857142857,0.5454545454545454,0.42857142857142855,0.48,0.5580357142857143,0.2343604564666748
"0,0,0,1,1,1,0,1,1,0,1,0,1,1,1,0,1,0,1,0,1",0.5666666666666667,0.6,0.5685267857142857,0.5454545454545454,0.42857142857142855,0.48,0.5580357142857143,0.24690604209899902
"0,0,0,0,1,0,0,0,0,1,0,0,0,0,1,1,1,1,0,1,0",0.5,0.8,0.5683035714285715,0.45454545454545453,0.35714285714285715,0.4,0.4910714285714286,0.1904747486114502
"1,1,0,1,1,1,1,1,0,1,1,1,0,1,0,1,1,1,0,0,1",0.5666666666666667,0.5,0.5669642857142857,0.52,0.9285714285714286,0.6666666666666666,0.5892857142857143,0.23693037033081055
"0,1,1,1,0,0,1,1,0,1,1,1,0,0,1,1,0,0,1,0,1",0.5666666666666667,0.5,0.5669642857142857,0.52,0.9285714285714286,0.6666666666666666,0.5892857142857143,0.2516548633575439
"0,0,1,0,1,1,0,1,0,1,0,0,0,0,1,0,0,0,1,1,1",0.5666666666666667,0.5,0.5669642857142857,0.52,0.9285714285714286,0.6666666666666666,0.5892857142857143,0.21984004974365234
"1,1,0,0,1,0,0,1,0,0,0,1,1,1,0,0,1,1,1,0,0",0.5666666666666667,0.5,0.5669642857142857,0.52,0.9285714285714286,0.6666666666666666,0.5892857142857143,0.21115422248840332
"0,0,1,1,0,0,0,0,0,1,1,1,1,0,1,1,1,1,1,0,0",0.5666666666666667,0.5,0.5669642857142857,0.52,0.9285714285714286,0.6666666666666666,0.5892857142857143,0.19252467155456543
"1,1,0,1,0,0,0,1,1,0,0,0,1,0,1,0,1,1,1,0,0",0.5666666666666667,0.5,0.5669642857142857,0.52,0.9285714285714286,0.6666666666666666,0.5892857142857143,0.2040081024169922
"0,0,1,0,1,1,0,1,0,0,0,0,1,1,0,0,1,0,1,1,1",0.5,0.7,0.5667410714285714,0.48,0.8571428571428571,0.6153846153846154,0.5223214285714286,0.24154424667358398
"1,0,0,1,1,0,0,0,1,1,1,0,0,0,1,0,1,0,0,0,0",0.5333333333333333,0.7,0.5667410714285714,0.5,0.3571428571428571,0.4166666666666667,0.5223214285714286,0.2012045383453369
"1,1,0,1,1,1,0,1,0,1,0,0,0,0,1,0,0,1,0,0,0",0.5333333333333333,0.7,0.5667410714285714,0.5,0.35714285714285715,0.4166666666666667,0.5223214285714286,0.2030501365661621
"0,0,1,1,0,0,0,0,0,0,1,1,0,0,1,1,0,0,0,0,0",0.5333333333333333,0.7,0.5667410714285714,0.5,0.35714285714285715,0.4166666666666667,0.5223214285714286,0.20790719985961914
"1,0,0,0,0,0,0,0,1,1,1,0,0,0,1,0,1,0,0,0,0",0.5333333333333333,0.7,0.5667410714285714,0.5,0.35714285714285715,0.4166666666666667,0.5223214285714286,0.18520140647888184
"1,1,0,1,1,0,1,1,0,1,1,1,0,0,0,1,1,1,0,0,0",0.5,0.7,0.5667410714285714,0.48,0.8571428571428571,0.6153846153846154,0.5223214285714286,0.2011120319366455
"1,1,0,0,1,0,0,1,1,0,1,1,0,0,1,0,0,0,0,0,1",0.5,0.7,0.5667410714285714,0.48,0.8571428571428571,0.6153846153846154,0.5223214285714286,0.1980452537536621
"1,0,0,0,0,0,0,1,1,0,1,0,0,1,1,0,1,0,1,0,0",0.5333333333333333,0.7,0.5667410714285714,0.5,0.35714285714285715,0.4166666666666667,0.5223214285714286,0.19086241722106934
"1,1,0,0,0,0,1,1,0,1,1,1,1,1,1,1,1,1,0,0,0",0.5,0.7,0.5667410714285714,0.48,0.8571428571428571,0.6153846153846154,0.5223214285714286,0.21492958068847656
"0,1,1,1,0,1,0,1,0,1,1,1,1,1,0,0,0,0,0,1,1",0.5333333333333333,0.7,0.5667410714285714,0.5,0.35714285714285715,0.4166666666666667,0.5223214285714286,0.21194815635681152
"0,1,0,1,0,0,1,0,0,0,1,0,1,0,0,1,1,1,0,0,0",0.5333333333333333,0.7,0.5667410714285714,0.5,0.35714285714285715,0.4166666666666667,0.5223214285714286,0.18627452850341797
"1,1,1,0,0,0,0,0,1,1,1,0,0,0,1,0,1,0,1,0,1",0.5333333333333333,0.7,0.5667410714285714,0.5,0.35714285714285715,0.4166666666666667,0.5223214285714286,0.2313084602355957
"0,1,0,0,0,0,1,1,0,0,0,1,1,0,0,0,1,1,0,1,1",0.5333333333333333,0.7,0.5667410714285714,0.5,0.35714285714285715,0.4166666666666667,0.5223214285714286,0.22356176376342773
"0,1,0,1,1,1,0,1,1,0,1,0,0,1,1,0,1,1,0,1,0",0.5666666666666667,0.6,0.5651785714285715,0.5555555555555556,0.35714285714285715,0.43478260869565216,0.5535714285714286,0.21755313873291016
"1,1,1,1,1,1,1,0,0,0,1,0,1,0,0,0,0,0,0,1,0",0.5333333333333333,0.6,0.5651785714285715,0.5,0.8571428571428571,0.631578947368421,0.5535714285714286,0.20803046226501465
"0,1,0,0,1,1,1,0,0,1,0,0,1,1,1,1,0,0,0,0,1",0.5666666666666667,0.6,0.5651785714285714,0.5555555555555556,0.35714285714285715,0.43478260869565216,0.5535714285714286,0.21958088874816895
"1,0,1,1,1,1,1,0,0,1,1,1,1,1,0,1,1,1,0,0,1",0.5333333333333333,0.6,0.5651785714285714,0.5,0.8571428571428571,0.631578947368421,0.5535714285714286,0.22574329376220703
"0,1,0,1,1,1,0,1,0,1,1,0,1,0,0,1,0,1,1,1,0",0.5333333333333333,0.6,0.5651785714285714,0.5,0.8571428571428571,0.631578947368421,0.5535714285714286,0.2021350860595703
"1,1,1,0,1,1,1,1,0,1,1,1,0,0,0,0,1,0,0,0,1",0.5333333333333333,0.6,0.5651785714285714,0.5,0.8571428571428571,0.631578947368421,0.5535714285714286,0.2318253517150879
"1,1,0,1,0,0,0,0,0,0,0,1,0,1,1,0,1,1,1,0,1",0.5666666666666667,0.6,0.5651785714285714,0.5555555555555556,0.35714285714285715,0.43478260869565216,0.5535714285714286,0.1982274055480957
"0,1,1,0,0,1,1,1,0,0,0,1,1,0,1,1,1,1,1,0,0",0.5666666666666667,0.6,0.5651785714285714,0.5555555555555556,0.35714285714285715,0.43478260869565216,0.5535714285714286,0.21002483367919922
"0,0,1,0,0,1,0,0,1,1,0,0,1,0,0,1,1,1,0,0,1",0.4666666666666667,0.8,0.5649553571428572,0.4583333333333333,0.7857142857142857,0.5789473684210527,0.48660714285714285,0.20964312553405762
"0,0,1,1,1,0,0,0,0,1,1,0,1,1,0,0,1,1,1,1,0",0.5,0.8,0.5649553571428572,0.4444444444444444,0.2857142857142857,0.34782608695652173,0.48660714285714285,0.21672797203063965
"0,0,0,0,0,0,0,0,1,0,0,1,0,0,1,0,1,1,0,0,1",0.5,0.8,0.5649553571428572,0.4444444444444444,0.2857142857142857,0.34782608695652173,0.48660714285714285,0.1875476837158203
"0,0,0,0,0,1,0,1,0,0,1,0,0,0,0,1,1,0,0,0,1",0.4666666666666667,0.8,0.5649553571428572,0.4583333333333333,0.7857142857142857,0.5789473684210527,0.48660714285714285,0.1957247257232666
"0,1,0,1,1,1,1,1,1,1,1,1,0,0,1,0,0,1,1,0,1",0.6,0.5,0.5636160714285714,0.625,0.35714285714285715,0.45454545454545453,0.5848214285714286,0.24816346168518066
"0,0,1,0,0,0,0,0,1,1,1,0,1,1,1,0,0,0,1,1,0",0.5666666666666667,0.5,0.5636160714285714,0.5217391304347826,0.8571428571428571,0.6486486486486487,0.5848214285714286,0.2188258171081543
"1,1,1,0,1,0,0,1,1,1,1,0,1,0,1,1,0,0,1,1,1",0.5,0.7,0.563392857142857,0.4782608695652174,0.7857142857142857,0.5945945945945946,0.5178571428571428,0.22462797164916992
"1,1,0,0,1,1,1,1,0,1,1,1,0,0,1,0,0,1,0,0,1",0.5333333333333333,0.7,0.563392857142857,0.5,0.2857142857142857,0.36363636363636365,0.5178571428571428,0.2266697883605957
"1,1,1,0,0,0,0,1,0,0,1,1,0,0,0,1,1,1,0,0,1",0.5333333333333333,0.7,0.563392857142857,0.5,0.2857142857142857,0.36363636363636365,0.5178571428571428,0.20676016807556152
"0,0,1,1,0,0,1,1,1,0,0,0,0,1,1,0,0,1,0,0,0",0.5,0.7,0.563392857142857,0.4782608695652174,0.7857142857142857,0.5945945945945946,0.5178571428571428,0.2274181842803955
"0,1,1,0,1,1,1,1,1,0,1,1,0,1,0,1,1,1,1,1,1",0.5333333333333333,0.7,0.563392857142857,0.5,0.2857142857142857,0.36363636363636365,0.5178571428571428,0.25808167457580566
"0,1,0,0,1,1,1,0,1,1,0,1,1,1,1,1,0,1,0,1,0",0.5333333333333333,0.7,0.563392857142857,0.5,0.2857142857142857,0.36363636363636365,0.5178571428571428,0.21192193031311035
"0,0,1,1,0,1,0,1,1,1,0,1,1,1,1,0,0,1,0,0,1",0.5333333333333333,0.7,0.563392857142857,0.5,0.2857142857142857,0.36363636363636365,0.5178571428571428,0.22454571723937988
"0,0,0,1,0,1,1,0,0,1,1,1,1,0,0,0,0,0,1,1,0",0.5,0.7,0.563392857142857,0.4782608695652174,0.7857142857142857,0.5945945945945946,0.5178571428571428,0.20146989822387695
"1,1,1,0,1,1,1,1,1,1,1,0,1,0,1,1,0,0,1,1,1",0.5333333333333333,0.6,0.5618303571428571,0.5,0.7857142857142857,0.6111111111111112,0.5491071428571428,0.24065160751342773
"1,0,0,1,0,0,1,1,0,0,1,1,1,1,0,0,0,1,0,1,0",0.5333333333333333,0.6,0.5618303571428571,0.5,0.7857142857142857,0.6111111111111112,0.5491071428571428,0.2303626537322998
"0,1,1,1,0,1,0,1,0,1,1,0,0,1,1,1,1,1,1,1,0",0.5333333333333333,0.6,0.5618303571428571,0.5,0.7857142857142857,0.6111111111111112,0.5491071428571428,0.2199573516845703
"0,0,0,0,1,0,1,1,1,0,1,0,0,0,1,0,0,1,0,0,0",0.5333333333333333,0.6,0.5618303571428571,0.5,0.7857142857142857,0.6111111111111112,0.5491071428571428,0.20447540283203125
"0,1,0,1,1,1,0,0,1,1,1,1,0,1,0,1,1,0,0,1,1",0.5666666666666667,0.6,0.5618303571428571,0.5714285714285714,0.2857142857142857,0.38095238095238093,0.5491071428571428,0.23807930946350098
"1,0,0,1,1,0,1,1,1,0,0,0,0,1,0,0,1,1,1,0,1",0.5666666666666667,0.6,0.5618303571428571,0.5714285714285714,0.2857142857142857,0.38095238095238093,0.5491071428571428,0.25256919860839844
"1,1,1,1,1,0,1,0,0,0,0,0,0,1,1,0,0,0,1,1,0",0.4666666666666667,0.8,0.5616071428571429,0.45454545454545453,0.7142857142857143,0.5555555555555556,0.48214285714285715,0.23505401611328125
"1,0,0,1,1,1,1,0,0,1,1,0,0,0,0,1,0,1,0,1,0",0.4666666666666667,0.8,0.5616071428571429,0.45454545454545453,0.7142857142857143,0.5555555555555556,0.48214285714285715,0.19985318183898926
"0,0,1,0,0,1,0,1,0,0,1,0,1,0,1,1,1,0,1,1,1",0.4666666666666667,0.8,0.5616071428571429,0.45454545454545453,0.7142857142857143,0.5555555555555556,0.48214285714285715,0.23615694046020508
"0,1,0,1,0,1,0,0,1,0,0,0,1,0,1,0,0,1,1,1,0",0.4666666666666667,0.8,0.5616071428571429,0.45454545454545453,0.7142857142857143,0.5555555555555556,0.48214285714285715,0.20913434028625488
"0,0,0,0,1,1,0,0,0,1,0,0,0,1,0,1,0,1,0,0,1",0.4666666666666667,0.8,0.5616071428571429,0.45454545454545453,0.7142857142857143,0.5555555555555556,0.48214285714285715,0.2133016586303711
"0,0,0,0,1,0,1,1,0,1,1,1,0,1,1,0,0,1,1,1,1",0.4666666666666667,0.8,0.5616071428571429,0.45454545454545453,0.7142857142857143,0.5555555555555556,0.48214285714285715,0.22177600860595703
"1,1,1,1,0,0,0,1,1,0,0,0,0,0,1,0,0,1,0,0,0",0.6,0.5,0.5602678571428571,0.6666666666666666,0.2857142857142857,0.4,0.5803571428571428,0.19687938690185547
"1,0,0,0,0,1,0,1,0,1,0,0,1,0,1,1,1,0,1,0,1",0.5666666666666667,0.5,0.5602678571428571,0.5238095238095238,0.7857142857142857,0.6285714285714286,0.5803571428571428,0.23200392723083496
"0,1,0,0,0,1,1,0,1,1,0,0,1,0,1,0,0,1,1,1,1",0.5666666666666667,0.5,0.5602678571428571,0.5238095238095238,0.7857142857142857,0.6285714285714286,0.5803571428571428,0.2247154712677002
"0,1,1,0,0,0,1,1,1,1,1,0,0,0,1,1,1,0,0,1,0",0.5,0.7,0.5600446428571428,0.47619047619047616,0.7142857142857143,0.5714285714285714,0.5133928571428572,0.21883726119995117
"1,1,1,0,0,0,1,0,1,1,0,1,0,1,1,1,0,0,0,0,0",0.5,0.7,0.5600446428571428,0.47619047619047616,0.7142857142857143,0.5714285714285714,0.5133928571428572,0.19851970672607422
"0,0,0,0,0,1,1,1,1,1,0,0,0,1,1,0,0,1,1,1,0",0.5,0.7,0.5600446428571428,0.47619047619047616,0.7142857142857143,0.5714285714285714,0.5133928571428572,0.24987077713012695
"1,1,1,1,0,0,1,0,1,0,1,0,1,0,1,1,1,0,1,0,0",0.5,0.7,0.5600446428571428,0.47619047619047616,0.7142857142857143,0.5714285714285714,0.5133928571428572,0.1900496482849121
"0,0,0,0,1,0,0,0,0,0,0,1,1,1,0,0,1,0,1,1,1",0.5,0.7,0.5600446428571428,0.47619047619047616,0.7142857142857143,0.5714285714285714,0.5133928571428572,0.209092378616333
"0,0,1,1,0,0,1,1,0,1,0,0,0,0,0,1,1,0,1,0,1",0.43333333333333335,0.9,0.5598214285714286,0.42857142857142855,0.6428571428571429,0.5142857142857142,0.44642857142857145,0.20828557014465332
"0,0,1,1,1,1,1,0,0,1,0,0,0,1,1,1,1,0,1,0,0",0.5333333333333333,0.6,0.5584821428571429,0.5,0.7142857142857143,0.5882352941176471,0.5446428571428572,0.20137286186218262
"1,0,1,0,0,1,0,0,1,1,1,1,1,0,1,1,1,1,0,1,0",0.5333333333333333,0.6,0.5584821428571429,0.5,0.7142857142857143,0.5882352941176471,0.5446428571428572,0.22351408004760742
"1,0,1,0,0,0,0,1,0,1,1,0,1,0,0,0,0,0,0,0,1",0.5333333333333333,0.6,0.5584821428571429,0.5,0.7142857142857143,0.5882352941176471,0.5446428571428572,0.19112730026245117
"0,0,0,1,0,0,1,1,1,1,1,0,1,0,1,0,1,0,0,0,0",0.5333333333333333,0.6,0.5584821428571429,0.5,0.7142857142857143,0.5882352941176471,0.5446428571428572,0.19718551635742188
"0,1,0,1,1,1,1,1,0,1,0,0,0,0,0,0,1,1,0,0,0",0.5333333333333333,0.6,0.5584821428571429,0.5,0.7142857142857143,0.5882352941176471,0.5446428571428572,0.21646857261657715
"1,1,1,0,1,0,1,0,0,0,0,0,0,0,1,0,1,0,0,1,0",0.5333333333333333,0.6,0.5584821428571429,0.5,0.7142857142857143,0.5882352941176471,0.5446428571428572,0.20169305801391602
"0,0,1,0,1,1,1,0,1,0,1,1,0,1,0,0,1,0,1,1,1",0.5666666666666667,0.6,0.5584821428571428,0.6,0.21428571428571427,0.3157894736842105,0.5446428571428571,0.24100780487060547
"1,0,1,1,0,1,0,1,1,0,1,0,1,0,1,0,0,1,0,1,1",0.5,0.8,0.5582589285714286,0.4,0.14285714285714285,0.21052631578947367,0.4776785714285714,0.2491929531097412
"1,1,1,1,0,0,0,0,1,1,0,0,0,1,0,0,0,1,0,1,0",0.5,0.8,0.5582589285714286,0.4,0.14285714285714285,0.21052631578947367,0.4776785714285714,0.20455098152160645
"0,0,0,1,0,0,0,0,1,1,1,1,1,1,1,0,1,0,0,0,1",0.4666666666666667,0.8,0.5582589285714286,0.45,0.6428571428571429,0.5294117647058824,0.47767857142857145,0.1986997127532959
"1,0,0,0,1,1,0,1,0,0,1,1,1,0,1,0,0,0,1,0,0",0.4666666666666667,0.8,0.5582589285714286,0.45,0.6428571428571429,0.5294117647058824,0.47767857142857145,0.20627164840698242
"0,1,0,0,1,0,1,0,1,0,0,1,0,1,0,0,1,1,1,0,1",0.4666666666666667,0.8,0.5582589285714286,0.45,0.6428571428571429,0.5294117647058824,0.47767857142857145,0.2283923625946045
"0,1,0,1,0,1,0,1,1,1,1,1,1,1,1,0,1,0,0,1,1",0.4666666666666667,0.8,0.5582589285714286,0.45,0.6428571428571429,0.5294117647058824,0.47767857142857145,0.23015952110290527
"0,0,0,1,0,1,0,0,0,1,1,1,1,1,1,1,0,0,0,0,1",0.5666666666666667,0.5,0.5569196428571429,0.5263157894736842,0.7142857142857143,0.6060606060606061,0.5758928571428572,0.21540117263793945
"0,1,1,1,0,0,1,1,0,1,1,1,0,0,0,0,1,0,0,1,1",0.5,0.7,0.5566964285714285,0.47368421052631576,0.6428571428571429,0.5454545454545454,0.5089285714285714,0.27497267723083496
"0,0,1,0,0,0,1,0,1,0,1,0,0,1,0,0,1,0,0,0,0",0.5,0.7,0.5566964285714285,0.47368421052631576,0.6428571428571429,0.5454545454545454,0.5089285714285714,0.18137669563293457
"1,0,0,1,0,0,1,1,1,0,1,1,0,1,0,0,0,0,1,0,1",0.5,0.7,0.5566964285714285,0.47368421052631576,0.6428571428571429,0.5454545454545454,0.5089285714285714,0.21334409713745117
"1,0,0,1,0,0,1,1,1,0,1,1,0,1,0,0,0,1,0,1,1",0.5,0.7,0.5566964285714285,0.4736842105263157,0.6428571428571429,0.5454545454545454,0.5089285714285714,0.2324519157409668
"0,0,1,0,0,0,0,0,1,0,0,0,0,1,0,0,1,0,0,0,1",0.5,0.7,0.5566964285714285,0.47368421052631576,0.6428571428571429,0.5454545454545454,0.5089285714285714,0.2072465419769287
"0,0,0,0,1,1,0,0,1,1,0,0,0,0,0,0,1,1,0,0,1",0.5,0.7,0.5566964285714285,0.47368421052631576,0.6428571428571429,0.5454545454545454,0.5089285714285714,0.18958520889282227
"0,1,0,0,0,0,0,1,1,0,1,1,1,0,0,1,0,0,1,0,0",0.5,0.7,0.5566964285714285,0.47368421052631576,0.6428571428571429,0.5454545454545454,0.5089285714285714,0.1787705421447754
"1,0,0,0,1,0,1,1,0,1,0,1,0,1,1,1,0,0,0,0,1",0.5333333333333333,0.7,0.5566964285714285,0.5,0.14285714285714285,0.2222222222222222,0.5089285714285714,0.21457791328430176
"0,1,0,0,0,1,1,1,1,1,0,0,0,1,0,0,1,0,1,0,1",0.5,0.7,0.5566964285714285,0.47368421052631576,0.6428571428571429,0.5454545454545454,0.5089285714285714,0.23191571235656738
"0,1,0,0,1,0,0,1,0,0,1,1,0,0,0,1,1,0,1,1,1",0.5333333333333333,0.6,0.5551339285714285,0.5,0.6428571428571429,0.5625,0.5401785714285714,0.208204984664917
"0,0,1,0,0,1,0,0,1,1,0,0,0,1,1,0,1,1,1,1,0",0.5666666666666667,0.6,0.5551339285714285,0.6666666666666666,0.14285714285714285,0.23529411764705882,0.5401785714285714,0.21804523468017578
"0,0,1,0,0,1,1,0,0,1,0,0,0,0,0,0,0,1,0,1,0",0.5333333333333333,0.6,0.5551339285714285,0.5,0.6428571428571429,0.5625,0.5401785714285714,0.21188664436340332
"0,0,0,1,0,1,1,1,0,0,1,1,1,1,0,1,0,1,1,0,0",0.5333333333333333,0.6,0.5551339285714285,0.5,0.6428571428571429,0.5625,0.5401785714285714,0.1872873306274414
"1,1,0,0,1,1,0,0,0,0,1,0,1,0,0,1,0,1,0,1,1",0.5333333333333333,0.6,0.5551339285714285,0.5,0.6428571428571429,0.5625,0.5401785714285714,0.239593505859375
"1,0,0,0,0,0,0,0,1,0,1,0,0,1,0,0,0,0,1,1,0",0.4666666666666667,0.8,0.5549107142857144,0.4444444444444444,0.5714285714285714,0.5,0.4732142857142857,0.17999649047851562
"1,0,1,0,0,0,0,0,1,0,1,1,0,0,1,0,0,0,0,0,1",0.4666666666666667,0.8,0.5549107142857144,0.4444444444444444,0.5714285714285714,0.5,0.4732142857142857,0.21212983131408691
"0,0,1,1,1,0,1,0,0,0,0,1,1,0,0,1,1,1,1,0,0",0.4666666666666667,0.8,0.5549107142857144,0.4444444444444444,0.5714285714285714,0.5,0.4732142857142857,0.1977765560150146
"1,1,0,0,0,1,0,1,0,0,0,1,0,1,1,1,0,1,1,0,1",0.4666666666666667,0.8,0.5549107142857144,0.4444444444444444,0.5714285714285714,0.5,0.4732142857142857,0.22293639183044434
"0,0,1,0,0,1,1,0,0,0,1,0,1,1,1,0,1,0,0,0,1",0.5666666666666667,0.5,0.5535714285714286,0.5294117647058824,0.6428571428571429,0.5806451612903226,0.5714285714285714,0.19918179512023926
"1,1,1,0,0,0,0,1,1,0,0,1,0,0,0,1,1,1,0,0,0",0.5666666666666667,0.5,0.5535714285714286,0.5294117647058824,0.6428571428571429,0.5806451612903226,0.5714285714285714,0.2063121795654297
"1,1,1,1,0,0,0,1,1,0,0,1,1,1,0,1,0,0,1,1,1",0.5333333333333333,0.7,0.5533482142857142,0.5,0.07142857142857142,0.125,0.5044642857142857,0.21726083755493164
"1,0,1,1,0,1,0,1,0,0,0,0,1,0,0,0,1,1,1,1,1",0.5,0.7,0.5533482142857142,0.47058823529411764,0.5714285714285714,0.5161290322580645,0.5044642857142857,0.21834611892700195
"1,1,0,0,1,1,1,1,0,0,1,0,1,1,1,0,0,0,1,1,1",0.6,0.4,0.5520089285714286,0.5625,0.6428571428571429,0.6,0.6026785714285714,0.23885798454284668
"1,0,0,1,0,0,1,1,0,0,1,0,0,1,0,0,0,0,1,1,0",0.5333333333333333,0.6,0.5517857142857143,0.5,0.5714285714285714,0.5333333333333333,0.5357142857142857,0.2044963836669922
"0,0,1,1,0,1,1,1,0,0,1,0,0,1,0,0,0,1,1,1,0",0.5333333333333333,0.6,0.5517857142857143,0.5,0.5714285714285714,0.5333333333333333,0.5357142857142857,0.23151302337646484
"0,1,0,0,1,0,0,1,1,0,0,1,0,0,1,1,1,0,0,1,1",0.5333333333333333,0.6,0.5517857142857143,0.5,0.5714285714285714,0.5333333333333333,0.5357142857142857,0.22406291961669922
"1,1,1,1,1,1,1,0,1,0,0,1,1,1,0,1,1,1,1,1,1",0.5333333333333333,0.6,0.5517857142857143,0.5,0.5714285714285714,0.5333333333333333,0.5357142857142857,0.23669099807739258
"1,1,1,1,0,0,0,0,0,1,1,1,0,0,0,1,0,1,0,1,0",0.5333333333333333,0.6,0.5517857142857143,0.5,0.5714285714285714,0.5333333333333333,0.5357142857142857,0.23511886596679688
"0,0,0,0,0,0,1,1,1,1,0,0,0,0,1,0,1,1,1,0,0",0.5333333333333333,0.6,0.5517857142857143,0.5,0.5714285714285714,0.5333333333333333,0.5357142857142857,0.18550443649291992
"0,1,1,0,0,0,1,0,1,0,0,1,0,0,0,0,0,1,1,0,1",0.5333333333333333,0.6,0.5517857142857143,0.5,0.5714285714285714,0.5333333333333333,0.5357142857142857,0.2555842399597168
"1,1,0,1,0,1,0,1,1,1,0,0,0,0,1,0,1,1,1,0,0",0.5333333333333333,0.6,0.5517857142857143,0.5,0.5714285714285714,0.5333333333333333,0.5357142857142857,0.20831084251403809
"1,1,0,1,1,0,0,0,1,1,1,0,0,0,1,0,1,0,0,0,0",0.5333333333333333,0.6,0.5517857142857143,0.5,0.5714285714285714,0.5333333333333333,0.5357142857142857,0.20390009880065918
"0,1,1,0,0,0,1,0,1,1,0,1,1,0,0,1,1,0,1,1,0",0.5333333333333333,0.6,0.5517857142857143,0.5,0.5714285714285714,0.5333333333333333,0.5357142857142857,0.1907939910888672
"1,0,0,0,1,0,0,0,0,0,1,0,1,1,0,0,0,1,1,1,1",0.5,0.8,0.5515625,0.0,0.0,0.0,0.46875,0.23962998390197754
"1,0,1,1,0,1,0,0,1,0,0,0,1,1,1,1,0,0,0,1,0",0.5666666666666667,0.5,0.5502232142857143,0.5333333333333333,0.5714285714285714,0.5517241379310345,0.5669642857142857,0.2125260829925537
"0,0,1,0,0,0,1,1,1,0,0,1,1,1,0,0,0,0,0,1,1",0.5666666666666667,0.5,0.5502232142857143,0.5333333333333333,0.5714285714285714,0.5517241379310345,0.5669642857142857,0.1976461410522461
"1,0,0,0,1,0,1,1,1,0,1,0,0,1,1,0,0,1,1,0,1",0.5666666666666667,0.5,0.5502232142857143,0.5333333333333333,0.5714285714285714,0.5517241379310345,0.5669642857142857,0.24276399612426758
"1,0,0,1,1,1,1,0,0,0,0,0,0,1,0,1,1,1,1,1,1",0.5,0.7,0.55,0.4666666666666667,0.5,0.4827586206896552,0.5,0.23903846740722656
"1,1,0,1,1,0,0,1,1,1,1,0,1,1,1,0,0,0,0,0,1",0.5,0.7,0.55,0.4666666666666667,0.5,0.4827586206896552,0.5,0.22245383262634277
"0,0,0,1,0,0,0,0,1,1,1,1,1,1,1,0,1,0,0,0,0",0.5,0.7,0.55,0.4666666666666667,0.5,0.4827586206896552,0.5,0.1745479106903076
"0,1,1,1,0,1,0,1,1,0,0,0,1,0,1,0,0,1,0,0,0",0.5,0.7,0.55,0.4666666666666667,0.5,0.4827586206896552,0.5,0.19293808937072754
"1,0,1,1,0,1,0,0,1,0,1,1,1,0,1,1,0,1,1,1,0",0.5,0.7,0.55,0.4666666666666667,0.5,0.4827586206896552,0.5,0.20846891403198242
"0,0,1,0,0,1,1,1,1,0,0,1,1,1,1,1,0,0,0,1,0",0.5,0.7,0.55,0.4666666666666667,0.5,0.4827586206896552,0.5,0.21297454833984375
"0,0,1,1,0,1,1,0,1,1,0,1,1,1,0,0,1,0,1,0,1",0.5,0.7,0.55,0.4666666666666667,0.5,0.4827586206896552,0.5,0.22812581062316895
"0,0,0,1,1,0,0,1,0,1,0,0,1,1,0,1,0,0,0,1,1",0.5333333333333333,0.6,0.5484375,0.5,0.5,0.5,0.53125,0.21876049041748047
"0,1,0,1,1,1,0,1,1,1,0,0,0,0,1,1,1,0,1,1,0",0.5333333333333333,0.6,0.5484375,0.5,0.5,0.5,0.53125,0.22889399528503418
"1,0,0,1,1,1,0,0,0,0,1,1,0,0,1,0,0,0,1,1,1",0.5333333333333333,0.6,0.5484375,0.5,0.5,0.5,0.53125,0.2027289867401123
"1,0,0,0,0,0,1,1,1,1,0,1,1,1,1,1,0,0,1,0,1",0.5333333333333333,0.6,0.5484375,0.5,0.5,0.5,0.53125,0.2349386215209961
"0,0,0,1,0,0,0,0,1,1,1,1,1,1,0,0,1,1,0,1,1",0.5,0.6,0.5484375,0.4827586206896552,1.0,0.6511627906976745,0.53125,0.24367070198059082
"1,0,0,0,0,1,0,0,1,1,0,0,0,1,1,1,0,0,1,1,1",0.4666666666666667,0.8,0.5482142857142858,0.42857142857142855,0.42857142857142855,0.42857142857142855,0.4642857142857143,0.22171902656555176
"0,1,1,1,0,1,1,0,1,0,1,1,1,1,1,1,0,0,1,1,0",0.4666666666666667,0.8,0.5482142857142858,0.42857142857142855,0.42857142857142855,0.42857142857142855,0.4642857142857143,0.22282624244689941
"1,1,1,1,1,0,0,1,1,1,1,1,1,1,0,1,1,0,0,1,0",0.5,0.7,0.5466517857142856,0.46153846153846156,0.42857142857142855,0.4444444444444444,0.4955357142857143,0.21567225456237793
"1,1,0,0,1,1,1,1,0,0,0,1,0,1,0,0,0,1,0,1,1",0.4666666666666667,0.7,0.5466517857142856,0.4642857142857143,0.9285714285714286,0.6190476190476191,0.4955357142857143,0.21993160247802734
"0,0,1,0,0,1,0,0,0,0,1,0,1,0,0,0,1,0,0,1,0",0.5,0.7,0.5466517857142856,0.46153846153846156,0.42857142857142855,0.4444444444444444,0.4955357142857143,0.20243310928344727
"1,0,1,0,1,1,1,1,0,1,0,1,0,1,0,1,1,0,0,0,1",0.5,0.7,0.5466517857142856,0.46153846153846156,0.42857142857142855,0.4444444444444444,0.4955357142857143,0.24041223526000977
"0,0,0,1,1,1,0,1,0,1,0,1,1,0,0,1,1,1,1,1,1",0.5,0.7,0.5466517857142856,0.46153846153846156,0.42857142857142855,0.4444444444444444,0.4955357142857143,0.2389824390411377
"0,1,0,1,0,0,1,0,1,1,1,0,1,0,1,1,0,1,0,0,1",0.43333333333333335,0.9,0.5464285714285715,0.38461538461538464,0.35714285714285715,0.37037037037037035,0.4285714285714286,0.25084376335144043
"1,0,0,1,1,0,0,0,1,1,1,0,0,0,1,0,1,0,0,0,1",0.5333333333333333,0.6,0.5450892857142857,0.5,0.42857142857142855,0.46153846153846156,0.5267857142857143,0.25563645362854004
"0,0,1,1,0,1,0,0,1,1,0,1,0,1,0,0,1,0,0,1,1",0.5,0.6,0.5450892857142857,0.48148148148148145,0.9285714285714286,0.6341463414634146,0.5267857142857143,0.2243497371673584
"0,1,1,0,0,0,1,1,0,0,0,1,0,0,0,1,1,0,1,1,1",0.5333333333333333,0.6,0.5450892857142857,0.5,0.42857142857142855,0.46153846153846156,0.5267857142857143,0.22101545333862305
"0,0,0,1,1,1,0,0,0,1,0,1,0,1,0,1,1,0,0,1,0",0.5333333333333333,0.6,0.5450892857142857,0.5,0.42857142857142855,0.46153846153846156,0.5267857142857143,0.1964576244354248
"0,1,1,0,0,1,0,1,0,0,1,1,1,0,0,1,1,0,1,1,1",0.5333333333333333,0.6,0.5450892857142857,0.5,0.42857142857142855,0.46153846153846156,0.5267857142857143,0.2296442985534668
"0,0,0,1,0,0,1,1,0,0,0,1,0,1,1,1,0,1,0,0,0",0.4666666666666667,0.8,0.5448660714285715,0.4166666666666667,0.35714285714285715,0.38461538461538464,0.4598214285714286,0.2177438735961914
"0,1,1,1,1,0,1,0,0,0,1,0,0,0,1,0,0,1,0,0,1",0.4666666666666667,0.8,0.5448660714285715,0.4166666666666667,0.35714285714285715,0.38461538461538464,0.4598214285714286,0.2647383213043213
"1,0,0,0,0,1,1,0,0,0,0,0,0,1,0,1,1,1,1,1,1",0.4666666666666667,0.8,0.5448660714285715,0.4166666666666667,0.3571428571428571,0.3846153846153846,0.4598214285714286,0.2327814102172851
"1,1,1,0,0,1,0,1,1,1,1,1,0,1,1,0,1,0,1,1,1",0.4666666666666667,0.8,0.5448660714285715,0.4166666666666667,0.35714285714285715,0.38461538461538464,0.4598214285714286,0.23472023010253906
"1,1,0,0,1,1,0,0,0,0,0,1,1,1,1,0,1,1,1,1,1",0.43333333333333335,0.8,0.5448660714285714,0.4444444444444444,0.8571428571428571,0.5853658536585366,0.45982142857142855,0.23559212684631348
"0,0,1,0,1,0,0,0,0,1,0,1,1,0,1,0,0,0,0,0,0",0.5666666666666667,0.5,0.5435267857142857,0.5454545454545454,0.42857142857142855,0.48,0.5580357142857143,0.17284107208251953
"1,1,0,0,1,0,0,1,0,1,0,1,0,0,0,0,0,1,0,1,0",0.5333333333333333,0.5,0.5435267857142857,0.5,0.9285714285714286,0.65,0.5580357142857143,0.22386956214904785
"1,1,0,0,0,0,0,1,1,1,1,1,0,1,0,1,0,0,0,0,0",0.5666666666666667,0.5,0.5435267857142857,0.5454545454545454,0.42857142857142855,0.48,0.5580357142857143,0.19183754920959473
"1,0,1,1,0,0,1,1,0,1,1,1,1,0,0,0,1,0,0,0,0",0.5666666666666667,0.5,0.5435267857142857,0.5454545454545454,0.42857142857142855,0.48,0.5580357142857143,0.1839461326599121
"1,1,0,0,0,1,0,1,0,1,1,1,0,0,0,0,0,0,0,1,1",0.5666666666666667,0.5,0.5435267857142857,0.5454545454545454,0.42857142857142855,0.48,0.5580357142857143,0.20394277572631836
"1,0,0,0,1,0,0,0,1,0,0,1,0,0,1,1,0,0,0,0,0",0.5666666666666667,0.5,0.5435267857142857,0.5454545454545454,0.42857142857142855,0.48,0.5580357142857143,0.18140411376953125
"1,1,0,1,1,0,1,1,0,0,1,1,0,0,0,0,1,0,1,0,0",0.5666666666666667,0.5,0.5435267857142857,0.5454545454545454,0.42857142857142855,0.48,0.5580357142857143,0.16983938217163086
"1,1,0,0,0,0,0,1,1,1,1,1,0,1,0,0,1,0,1,0,0",0.5666666666666667,0.5,0.5435267857142857,0.5454545454545454,0.42857142857142855,0.48,0.5580357142857143,0.1953275203704834
"1,1,1,1,1,0,1,0,1,0,1,0,0,0,0,1,0,0,0,0,0",0.5666666666666667,0.5,0.5435267857142857,0.5454545454545454,0.42857142857142855,0.48,0.5580357142857143,0.17658734321594238
"0,0,0,1,1,0,0,0,1,1,0,1,1,1,1,0,1,0,0,0,0",0.5666666666666667,0.5,0.5435267857142857,0.5454545454545454,0.42857142857142855,0.48,0.5580357142857143,0.16831707954406738
"1,0,1,1,0,0,1,0,0,1,1,1,1,1,0,0,1,0,0,0,0",0.5666666666666667,0.5,0.5435267857142857,0.5454545454545454,0.42857142857142855,0.48,0.5580357142857143,0.1934659481048584
"0,1,1,1,0,0,1,1,0,1,1,1,0,0,0,1,0,0,0,0,0",0.5666666666666667,0.5,0.5435267857142857,0.5454545454545454,0.42857142857142855,0.48,0.5580357142857143,0.18511414527893066
"0,0,0,0,1,0,0,1,0,0,0,0,1,0,1,0,0,0,1,0,0",0.5666666666666667,0.5,0.5435267857142857,0.5454545454545454,0.42857142857142855,0.48,0.5580357142857143,0.16498184204101562
"1,1,0,0,1,0,0,1,0,0,1,1,0,0,1,0,0,1,1,1,0",0.5666666666666667,0.5,0.5435267857142857,0.5454545454545454,0.42857142857142855,0.48,0.5580357142857143,0.20479416847229004
"1,0,1,1,1,0,1,1,0,1,1,1,0,0,0,1,1,0,0,0,0",0.5666666666666667,0.5,0.5435267857142857,0.5454545454545454,0.42857142857142855,0.48,0.5580357142857143,0.17892789840698242
"0,1,1,1,1,0,0,1,0,0,0,1,1,1,1,1,0,0,1,0,0",0.5666666666666667,0.5,0.5435267857142857,0.5454545454545454,0.42857142857142855,0.48,0.5580357142857143,0.18231844902038574
"1,0,0,1,1,0,0,0,1,1,0,1,0,1,1,0,1,0,1,0,0",0.5666666666666667,0.5,0.5435267857142857,0.5454545454545454,0.42857142857142855,0.48,0.5580357142857143,0.1571488380432129
"0,1,1,0,1,0,1,1,1,0,1,0,1,0,0,0,1,0,1,0,0",0.5666666666666667,0.5,0.5435267857142857,0.5454545454545454,0.42857142857142855,0.48,0.5580357142857143,0.17572665214538574
"0,0,1,1,1,1,0,0,1,0,1,1,1,0,0,0,1,1,1,0,0",0.5666666666666667,0.5,0.5435267857142857,0.5454545454545454,0.42857142857142855,0.48,0.5580357142857143,0.1976616382598877
"0,0,1,0,0,0,0,1,0,1,1,1,0,1,1,0,1,1,0,0,1",0.5333333333333333,0.5,0.5435267857142857,0.5,0.9285714285714286,0.65,0.5580357142857143,0.19751405715942383
"1,0,1,0,0,0,0,0,1,1,1,1,1,0,0,0,1,1,0,0,1",0.5666666666666667,0.5,0.5435267857142857,0.5454545454545454,0.42857142857142855,0.48,0.5580357142857143,0.2144010066986084
"0,1,1,1,0,0,1,0,0,1,1,1,1,0,0,0,0,1,0,0,1",0.5666666666666667,0.5,0.5435267857142857,0.5454545454545454,0.42857142857142855,0.48,0.5580357142857143,0.23749446868896484
"1,0,0,0,1,1,0,0,0,1,0,0,0,0,1,1,1,0,0,0,0",0.5,0.7,0.5433035714285714,0.45454545454545453,0.35714285714285715,0.4,0.4910714285714286,0.18593311309814453
"0,1,1,0,0,1,0,0,1,1,1,1,1,0,0,1,0,0,0,0,0",0.5,0.7,0.5433035714285714,0.45454545454545453,0.35714285714285715,0.4,0.4910714285714286,0.2034773826599121
"1,0,0,0,1,1,0,0,0,1,0,1,0,1,1,1,0,0,0,0,0",0.5,0.7,0.5433035714285714,0.45454545454545453,0.35714285714285715,0.4,0.4910714285714286,0.1947927474975586
"0,0,1,0,1,1,0,0,0,0,1,1,1,1,0,0,1,0,0,0,0",0.5,0.7,0.5433035714285714,0.45454545454545453,0.35714285714285715,0.4,0.4910714285714286,0.1750812530517578
"1,0,1,0,0,0,0,0,0,1,1,0,0,0,1,1,0,1,1,1,1",0.5,0.7,0.5433035714285714,0.45454545454545453,0.35714285714285715,0.4,0.4910714285714286,0.2408134937286377
"0,1,0,1,0,1,0,1,1,0,1,0,1,1,0,1,0,0,0,0,0",0.5,0.7,0.5433035714285714,0.45454545454545453,0.35714285714285715,0.4,0.4910714285714286,0.1900789737701416
"0,0,1,1,0,0,0,0,0,0,1,1,1,0,1,0,1,0,1,1,1",0.5,0.7,0.5433035714285714,0.45454545454545453,0.35714285714285715,0.4,0.4910714285714286,0.23099088668823242
"0,1,0,0,0,0,1,0,0,0,1,1,1,1,1,0,0,0,1,0,0",0.5,0.7,0.5433035714285714,0.45454545454545453,0.35714285714285715,0.4,0.4910714285714286,0.1898787021636963
"1,0,1,0,0,1,0,1,0,0,0,1,0,1,1,0,1,0,0,0,0",0.5,0.7,0.5433035714285714,0.45454545454545453,0.35714285714285715,0.4,0.4910714285714286,0.19592022895812988
"1,0,1,0,0,0,0,0,0,0,1,0,1,1,0,1,1,1,0,1,1",0.4666666666666667,0.7,0.5433035714285714,0.46153846153846156,0.8571428571428571,0.6,0.49107142857142855,0.21744275093078613
"0,1,0,0,1,1,1,0,1,1,1,1,0,0,0,1,1,0,0,0,0",0.5,0.7,0.5433035714285714,0.45454545454545453,0.35714285714285715,0.4,0.4910714285714286,0.19432401657104492
"0,1,0,1,0,0,1,1,1,0,1,1,1,1,0,0,0,1,1,0,0",0.5,0.7,0.5433035714285714,0.45454545454545453,0.35714285714285715,0.4,0.4910714285714286,0.20346832275390625
"0,0,0,0,0,0,1,1,0,0,1,1,0,0,0,0,0,0,1,1,0",0.5,0.7,0.5433035714285714,0.45454545454545453,0.35714285714285715,0.4,0.4910714285714286,0.1781165599822998
"0,1,0,0,0,0,0,1,1,0,1,0,1,0,1,1,0,1,0,0,0",0.43333333333333335,0.9,0.5430803571428572,0.36363636363636365,0.2857142857142857,0.32,0.42410714285714285,0.19825267791748047
"1,1,0,0,0,1,1,0,1,1,1,0,0,0,0,1,0,1,0,1,1",0.6,0.4,0.5419642857142857,0.6,0.42857142857142855,0.5,0.5892857142857143,0.2342979907989502
"1,0,1,0,1,1,0,0,0,1,0,1,1,0,1,0,1,0,0,0,0",0.6,0.4,0.5419642857142857,0.6,0.42857142857142855,0.5,0.5892857142857143,0.19345688819885254
"0,1,0,1,1,1,1,1,0,1,1,0,1,1,0,1,0,0,1,0,0",0.6,0.4,0.5419642857142857,0.6,0.42857142857142855,0.5,0.5892857142857143,0.19529390335083008
"1,1,0,1,1,1,1,1,0,1,1,0,1,0,1,1,1,1,1,1,1",0.5,0.6,0.5417410714285714,0.48,0.8571428571428571,0.6153846153846154,0.5223214285714286,0.2371687889099121
"1,0,0,1,1,1,0,1,0,0,1,1,1,0,0,1,0,0,1,1,1",0.5,0.6,0.5417410714285714,0.48,0.8571428571428571,0.6153846153846154,0.5223214285714286,0.24031949043273926
"0,0,0,0,0,1,1,0,1,0,0,0,1,0,1,1,1,1,1,1,1",0.4333333333333333,0.8,0.5415178571428572,0.44,0.7857142857142857,0.5641025641025641,0.4553571428571428,0.2405486106872558
"1,0,0,0,0,0,1,1,0,1,0,0,0,0,1,0,0,1,1,0,0",0.43333333333333335,0.8,0.5415178571428572,0.44,0.7857142857142857,0.5641025641025641,0.45535714285714285,0.22223711013793945
"1,0,0,1,0,1,0,0,0,1,0,1,1,0,1,0,0,0,0,0,1",0.5333333333333333,0.5,0.5401785714285714,0.5,0.8571428571428571,0.631578947368421,0.5535714285714286,0.19113874435424805
"1,1,1,0,1,1,1,1,1,1,1,1,0,0,1,0,0,0,0,0,1",0.5333333333333333,0.5,0.5401785714285714,0.5,0.8571428571428571,0.631578947368421,0.5535714285714286,0.18475961685180664
"0,0,1,1,1,0,0,1,1,1,0,1,0,1,0,1,0,1,1,1,1",0.5666666666666667,0.5,0.5401785714285714,0.5555555555555556,0.35714285714285715,0.43478260869565216,0.5535714285714286,0.26149940490722656
"1,1,0,0,1,1,1,0,1,1,1,0,0,0,1,0,0,1,1,1,1",0.5666666666666667,0.5,0.5401785714285714,0.5555555555555556,0.35714285714285715,0.43478260869565216,0.5535714285714286,0.24257612228393555
"0,0,1,1,0,0,1,0,1,0,0,1,1,1,0,0,1,1,0,1,1",0.5333333333333333,0.5,0.5401785714285714,0.5,0.8571428571428571,0.631578947368421,0.5535714285714286,0.2206740379333496
"1,0,1,1,0,0,0,0,1,0,0,1,0,1,0,0,1,0,1,0,1",0.5666666666666667,0.5,0.5401785714285714,0.5555555555555556,0.35714285714285715,0.43478260869565216,0.5535714285714286,0.2756617069244385
"1,0,0,0,0,1,0,0,1,1,0,0,0,1,0,1,1,1,1,1,0",0.5666666666666667,0.5,0.5401785714285714,0.5555555555555556,0.35714285714285715,0.43478260869565216,0.5535714285714286,0.19190382957458496
"0,1,0,1,0,0,0,1,1,0,1,0,1,1,1,0,1,1,1,1,0",0.4666666666666667,0.7,0.5399553571428571,0.4583333333333333,0.7857142857142857,0.5789473684210527,0.48660714285714285,0.217695951461792
"0,0,1,0,1,0,0,1,0,1,0,1,1,1,1,1,0,1,1,0,1",0.43333333333333335,0.9,0.5397321428571429,0.3333333333333333,0.21428571428571427,0.2608695652173913,0.41964285714285715,0.27077722549438477
"1,0,1,0,0,0,0,1,1,1,1,0,1,1,1,1,1,1,1,1,0",0.5,0.6,0.5383928571428571,0.4782608695652174,0.7857142857142857,0.5945945945945946,0.5178571428571428,0.20973849296569824
"1,0,1,0,0,0,0,0,1,1,0,0,1,1,1,0,0,0,0,1,1",0.5,0.6,0.5383928571428571,0.4782608695652174,0.7857142857142857,0.5945945945945946,0.5178571428571428,0.27108001708984375
"1,1,0,1,0,0,0,0,0,1,1,1,1,0,1,1,1,0,0,1,0",0.5333333333333333,0.6,0.5383928571428571,0.5,0.2857142857142857,0.36363636363636365,0.5178571428571428,0.23287105560302734
"1,1,0,1,1,0,1,0,1,1,1,1,1,1,1,1,1,0,0,1,0",0.5333333333333333,0.6,0.5383928571428571,0.5,0.2857142857142857,0.36363636363636365,0.5178571428571428,0.21803879737854004
"1,1,0,0,1,1,1,1,0,0,1,0,0,1,0,0,1,0,0,1,0",0.43333333333333335,0.8,0.5381696428571429,0.43478260869565216,0.7142857142857143,0.5405405405405406,0.45089285714285715,0.1894378662109375
"1,0,0,1,1,1,0,1,1,1,1,0,0,0,1,1,0,0,0,0,0",0.43333333333333335,0.8,0.5381696428571429,0.43478260869565216,0.7142857142857143,0.5405405405405406,0.45089285714285715,0.19982314109802246
"0,0,0,1,1,0,1,1,1,0,0,1,0,0,1,0,0,0,1,1,1",0.43333333333333335,0.8,0.5381696428571429,0.43478260869565216,0.7142857142857143,0.5405405405405406,0.45089285714285715,0.21846389770507812
"1,0,1,1,0,1,0,1,1,1,1,1,1,1,1,1,0,0,1,0,0",0.43333333333333335,0.8,0.5381696428571429,0.43478260869565216,0.7142857142857143,0.5405405405405406,0.45089285714285715,0.20000624656677246
"1,0,0,1,1,1,0,1,1,0,1,1,1,1,1,0,1,0,1,0,0",0.43333333333333335,0.8,0.5381696428571429,0.43478260869565216,0.7142857142857143,0.5405405405405406,0.45089285714285715,0.1606731414794922
"0,0,0,0,1,0,1,1,0,0,1,0,0,0,0,0,1,1,1,0,1",0.43333333333333335,0.8,0.5381696428571429,0.43478260869565216,0.7142857142857143,0.5405405405405406,0.45089285714285715,0.20412850379943848
"1,1,1,1,0,0,0,1,0,1,0,0,0,0,0,0,1,0,0,0,1",0.4666666666666667,0.8,0.5381696428571429,0.375,0.21428571428571427,0.2727272727272727,0.45089285714285715,0.22558283805847168
"0,0,0,1,0,0,0,1,0,1,0,0,0,0,1,0,1,1,0,1,0",0.4666666666666667,0.8,0.5381696428571429,0.375,0.21428571428571427,0.2727272727272727,0.45089285714285715,0.26141881942749023
"0,1,0,0,0,0,0,0,0,0,1,0,1,1,0,1,0,0,0,0,0",0.5333333333333333,0.5,0.5368303571428571,0.5,0.7857142857142857,0.6111111111111112,0.5491071428571428,0.18103289604187012
"1,0,1,1,0,1,1,0,1,1,1,0,0,1,0,1,0,1,0,1,1",0.5666666666666667,0.5,0.5368303571428571,0.5714285714285714,0.2857142857142857,0.38095238095238093,0.5491071428571428,0.2297213077545166
"1,1,0,0,1,1,0,1,1,1,0,0,1,1,1,0,1,0,1,1,0",0.4666666666666667,0.7,0.5366071428571428,0.45454545454545453,0.7142857142857143,0.5555555555555556,0.48214285714285715,0.2250964641571045
"0,1,0,0,0,0,1,1,1,1,0,0,1,1,0,0,0,1,1,1,1",0.4666666666666667,0.7,0.5366071428571428,0.45454545454545453,0.7142857142857143,0.5555555555555556,0.48214285714285715,0.22022557258605957
"0,1,1,1,1,0,1,0,0,0,0,0,1,1,1,1,0,1,1,1,0",0.5,0.6,0.5350446428571429,0.47619047619047616,0.7142857142857143,0.5714285714285714,0.5133928571428572,0.2645735740661621
"0,1,0,1,0,0,0,1,0,1,0,0,0,0,0,0,0,1,0,1,0",0.5,0.6,0.5350446428571429,0.47619047619047616,0.7142857142857143,0.5714285714285714,0.5133928571428572,0.20532727241516113
"0,0,0,0,0,1,1,1,0,0,1,0,1,1,1,0,1,1,1,0,0",0.5,0.6,0.5350446428571429,0.47619047619047616,0.7142857142857143,0.5714285714285714,0.5133928571428572,0.2119898796081543
"0,1,0,1,0,0,1,0,0,0,0,0,1,1,0,1,1,1,0,0,1",0.5,0.6,0.5350446428571429,0.47619047619047616,0.7142857142857143,0.5714285714285714,0.5133928571428572,0.24265384674072266
"0,0,0,1,1,0,1,1,1,0,0,0,0,1,0,1,0,1,1,0,0",0.5333333333333333,0.6,0.5350446428571428,0.5,0.21428571428571427,0.3,0.5133928571428571,0.17736077308654785
"0,1,1,0,0,1,1,0,0,0,0,0,0,1,1,0,0,1,1,1,0",0.5333333333333333,0.6,0.5350446428571428,0.5,0.21428571428571427,0.3,0.5133928571428571,0.23813796043395996
"1,1,1,0,0,1,0,0,0,0,0,0,0,1,0,0,1,1,1,1,1",0.43333333333333335,0.8,0.5348214285714286,0.42857142857142855,0.6428571428571429,0.5142857142857142,0.44642857142857145,0.23197555541992188
"0,0,0,0,1,0,0,1,0,0,0,1,1,0,1,0,1,0,0,0,1",0.5333333333333333,0.5,0.5334821428571429,0.5,0.7142857142857143,0.5882352941176471,0.5446428571428572,0.25066041946411133
"1,1,1,0,0,0,1,0,0,1,0,1,1,1,1,1,0,1,0,0,0",0.5333333333333333,0.5,0.5334821428571429,0.5,0.7142857142857143,0.5882352941176471,0.5446428571428572,0.23167991638183594
"1,0,0,1,0,0,0,0,0,0,0,1,0,0,1,1,1,1,1,0,1",0.5333333333333333,0.5,0.5334821428571429,0.5,0.7142857142857143,0.5882352941176471,0.5446428571428572,0.23708558082580566
"0,1,1,1,0,0,1,0,1,0,1,0,1,1,0,1,0,0,0,1,1",0.5666666666666667,0.5,0.5334821428571428,0.6,0.21428571428571427,0.3157894736842105,0.5446428571428571,0.2622983455657959
"0,1,0,1,1,0,1,0,0,1,0,1,1,1,0,1,1,0,1,1,1",0.5666666666666667,0.5,0.5334821428571428,0.6,0.21428571428571427,0.3157894736842105,0.5446428571428571,0.2762105464935303
"0,1,0,0,0,0,0,1,1,1,0,1,1,1,0,0,0,1,1,0,1",0.5666666666666667,0.5,0.5334821428571428,0.6,0.21428571428571427,0.3157894736842105,0.5446428571428571,0.24627900123596191
"1,0,1,0,0,1,1,0,1,0,0,0,1,1,0,0,0,1,0,0,0",0.4666666666666667,0.7,0.5332589285714286,0.45,0.6428571428571429,0.5294117647058824,0.47767857142857145,0.1915912628173828
"1,1,1,1,1,0,0,1,1,0,1,0,1,1,1,0,0,1,0,0,1",0.4666666666666667,0.7,0.5332589285714286,0.45,0.6428571428571429,0.5294117647058824,0.47767857142857145,0.23331069946289062
"1,1,1,1,1,1,1,1,0,1,0,0,1,1,1,0,1,1,1,1,1",0.4666666666666667,0.7,0.5332589285714286,0.45,0.6428571428571429,0.5294117647058824,0.47767857142857145,0.24640250205993652
"0,0,0,0,1,0,1,1,1,0,0,1,1,1,1,0,1,0,1,1,0",0.4666666666666667,0.7,0.5332589285714286,0.45,0.6428571428571429,0.5294117647058824,0.47767857142857145,0.22915101051330566
"0,0,1,1,0,1,0,0,0,0,0,0,0,0,0,0,1,0,0,1,0",0.4666666666666667,0.7,0.5332589285714286,0.45,0.6428571428571429,0.5294117647058824,0.47767857142857145,0.17673611640930176
"1,1,0,0,0,1,0,1,0,0,0,0,0,0,1,0,0,0,1,0,0",0.4666666666666667,0.7,0.5332589285714286,0.45,0.6428571428571429,0.5294117647058824,0.47767857142857145,0.19806146621704102
"0,0,1,0,1,1,0,0,1,1,0,1,1,0,0,1,1,0,1,1,0",0.4666666666666667,0.7,0.5332589285714286,0.45,0.6428571428571429,0.5294117647058824,0.4776785714285714,0.2172718048095703
"0,1,0,1,1,0,0,0,1,0,1,1,1,1,1,0,0,1,0,0,0",0.5,0.7,0.5332589285714285,0.4,0.14285714285714285,0.21052631578947367,0.4776785714285714,0.20093393325805664
"0,0,0,1,1,1,0,0,0,1,0,0,1,0,1,1,1,1,1,0,1",0.5666666666666667,0.4,0.5319196428571429,0.5263157894736842,0.7142857142857143,0.6060606060606061,0.5758928571428572,0.24928975105285645
"1,1,0,0,1,0,0,0,0,0,0,0,1,0,0,1,1,1,1,1,0",0.5,0.6,0.5316964285714285,0.47368421052631576,0.6428571428571429,0.5454545454545454,0.5089285714285714,0.20993924140930176
"1,1,1,0,0,1,0,1,0,1,0,1,1,1,0,0,1,1,0,0,0",0.5,0.6,0.5316964285714285,0.47368421052631576,0.6428571428571429,0.5454545454545454,0.5089285714285714,0.19585871696472168
"1,0,0,0,0,0,1,0,1,1,1,0,1,0,0,0,1,0,0,1,0",0.5,0.6,0.5316964285714285,0.47368421052631576,0.6428571428571429,0.5454545454545454,0.5089285714285714,0.18639898300170898
"1,1,0,0,0,1,0,1,1,0,0,0,0,0,1,0,0,1,0,0,0",0.5,0.6,0.5316964285714285,0.47368421052631576,0.6428571428571429,0.5454545454545454,0.5089285714285714,0.18208813667297363
"1,0,1,1,0,0,0,1,0,1,0,0,1,0,0,0,0,0,1,1,0",0.5,0.6,0.5316964285714285,0.47368421052631576,0.6428571428571429,0.5454545454545454,0.5089285714285714,0.17874693870544434
"0,0,0,1,0,0,1,1,1,0,1,0,0,0,1,0,1,1,1,0,1",0.5,0.6,0.5316964285714285,0.47368421052631576,0.6428571428571429,0.5454545454545454,0.5089285714285714,0.22667288780212402
"1,0,0,0,0,1,0,0,0,0,1,1,1,1,0,1,0,0,0,1,0",0.5,0.6,0.5316964285714285,0.47368421052631576,0.6428571428571429,0.5454545454545454,0.5089285714285714,0.21240639686584473
"0,1,0,0,0,1,0,1,0,0,0,0,1,0,1,1,0,1,0,0,0",0.5,0.6,0.5316964285714285,0.47368421052631576,0.6428571428571429,0.5454545454545454,0.5089285714285714,0.1916499137878418
"0,1,1,1,1,0,1,1,1,1,1,1,1,1,0,0,1,0,0,1,0",0.5333333333333333,0.6,0.5316964285714285,0.5,0.14285714285714285,0.2222222222222222,0.5089285714285714,0.22437429428100586
"1,1,1,1,1,1,1,0,0,1,0,0,1,0,1,0,0,1,0,1,0",0.5,0.6,0.5316964285714285,0.47368421052631576,0.6428571428571429,0.5454545454545454,0.5089285714285714,0.23055076599121094
"0,0,0,0,0,1,0,0,1,0,0,0,1,0,0,1,1,1,0,1,1",0.5,0.6,0.5316964285714285,0.47368421052631576,0.6428571428571429,0.5454545454545454,0.5089285714285714,0.24622750282287598
"1,1,0,0,0,0,0,1,0,0,1,1,0,0,0,1,0,1,1,1,0",0.5333333333333333,0.6,0.5316964285714285,0.5,0.14285714285714285,0.2222222222222222,0.5089285714285714,0.20731258392333984
"0,0,0,1,1,1,1,0,0,0,0,1,1,0,1,0,0,1,1,0,0",0.5,0.6,0.5316964285714285,0.47368421052631576,0.6428571428571429,0.5454545454545454,0.5089285714285714,0.19359803199768066
"1,1,0,0,1,0,1,0,0,1,1,1,1,1,0,0,1,1,0,1,0",0.43333333333333335,0.8,0.5314732142857144,0.42105263157894735,0.5714285714285714,0.48484848484848486,0.4419642857142857,0.23908591270446777
"0,1,1,0,1,1,0,0,0,1,0,0,0,1,1,0,1,0,0,1,1",0.43333333333333335,0.8,0.5314732142857144,0.42105263157894735,0.5714285714285714,0.48484848484848486,0.4419642857142857,0.2099926471710205
"0,1,0,0,0,1,0,1,0,0,1,1,1,0,0,0,1,0,1,0,1",0.5333333333333333,0.5,0.5301339285714286,0.5,0.6428571428571429,0.5625,0.5401785714285714,0.21498560905456543
"1,1,0,1,1,0,1,1,0,1,1,1,0,0,1,0,1,0,1,0,1",0.4,0.9,0.5296875,0.3888888888888889,0.5,0.4375,0.40625,0.22907567024230957
"0,1,1,0,0,1,0,0,0,0,0,0,0,1,0,1,0,1,1,1,0",0.5,0.6,0.5283482142857143,0.47058823529411764,0.5714285714285714,0.5161290322580645,0.5044642857142857,0.19745087623596191
"1,0,0,0,0,1,0,0,1,1,1,1,0,0,1,1,1,1,1,0,0",0.5,0.6,0.5283482142857143,0.47058823529411764,0.5714285714285714,0.5161290322580645,0.5044642857142857,0.2198171615600586
"0,1,0,1,1,1,0,1,0,0,0,1,0,1,1,0,0,1,1,1,1",0.5,0.6,0.5283482142857143,0.47058823529411764,0.5714285714285714,0.5161290322580645,0.5044642857142857,0.25196242332458496
"1,0,0,0,1,1,1,0,1,0,1,1,0,0,0,1,0,1,0,0,1",0.5,0.6,0.5283482142857143,0.47058823529411764,0.5714285714285714,0.5161290322580645,0.5044642857142857,0.20771002769470215
"0,1,1,0,0,0,0,0,0,1,1,1,0,1,0,1,0,1,1,1,1",0.5,0.6,0.5283482142857143,0.47058823529411764,0.5714285714285714,0.5161290322580645,0.5044642857142857,0.2353217601776123
"0,0,0,1,0,1,1,0,0,0,0,1,1,1,1,0,0,1,0,0,0",0.5,0.6,0.5283482142857143,0.47058823529411764,0.5714285714285714,0.5161290322580645,0.5044642857142857,0.2174546718597412
"0,1,0,1,0,0,0,0,1,0,0,0,0,0,0,1,1,1,0,0,1",0.5,0.6,0.5283482142857143,0.47058823529411764,0.5714285714285714,0.5161290322580645,0.5044642857142857,0.1821460723876953
"1,1,0,1,1,1,1,1,1,0,0,1,0,0,1,0,1,0,0,1,0",0.5,0.6,0.5283482142857143,0.47058823529411764,0.5714285714285714,0.5161290322580645,0.5044642857142857,0.2023940086364746
"1,1,0,0,1,0,0,1,0,1,0,0,1,0,1,0,0,0,0,1,0",0.5333333333333333,0.6,0.5283482142857143,0.5,0.07142857142857142,0.125,0.5044642857142857,0.19824671745300293
"1,1,1,0,0,0,0,1,1,0,1,1,0,0,1,1,1,1,0,1,1",0.5,0.6,0.5283482142857143,0.47058823529411764,0.5714285714285714,0.5161290322580645,0.5044642857142857,0.2529911994934082
"0,1,0,0,0,1,0,1,0,0,0,0,0,0,0,1,0,1,0,1,0",0.5,0.6,0.5283482142857143,0.47058823529411764,0.5714285714285714,0.5161290322580645,0.5044642857142857,0.1959395408630371
"0,0,1,1,0,1,0,1,1,0,1,0,1,0,0,0,1,1,0,1,0",0.43333333333333335,0.8,0.528125,0.4117647058823529,0.5,0.45161290322580644,0.4375,0.19498896598815918
"1,1,1,1,1,0,0,1,0,0,0,1,0,0,1,1,0,0,0,0,0",0.4666666666666667,0.8,0.528125,0.0,0.0,0.0,0.4375,0.18317556381225586
"0,1,1,0,1,0,0,1,0,1,1,1,0,1,1,0,1,1,1,0,1",0.43333333333333335,0.8,0.528125,0.4117647058823529,0.5,0.45161290322580644,0.4375,0.2560286521911621
"1,0,0,1,0,1,1,0,1,1,1,0,1,1,1,0,0,1,1,1,1",0.43333333333333335,0.8,0.528125,0.4117647058823529,0.5,0.45161290322580644,0.4375,0.22025132179260254
"1,0,1,1,0,0,0,1,1,1,1,0,0,0,1,0,0,0,1,1,1",0.5333333333333333,0.5,0.5267857142857143,0.5,0.5714285714285714,0.5333333333333333,0.5357142857142857,0.20772361755371094
"0,0,0,0,1,0,0,0,0,1,0,0,1,0,0,0,1,1,0,1,0",0.5666666666666667,0.5,0.5267857142857143,1.0,0.07142857142857142,0.13333333333333333,0.5357142857142857,0.1908111572265625
"1,0,0,1,0,0,1,0,0,1,0,0,1,0,0,1,1,0,0,0,1",0.5333333333333333,0.5,0.5267857142857143,0.5,0.5714285714285714,0.5333333333333333,0.5357142857142857,0.20955204963684082
"1,0,0,0,0,0,1,1,1,0,1,1,1,0,0,0,1,1,0,1,1",0.5333333333333333,0.5,0.5267857142857143,0.5,0.5714285714285714,0.5333333333333333,0.5357142857142857,0.23488521575927734
"0,0,0,1,0,1,0,1,1,0,0,0,1,0,1,1,0,0,0,0,0",0.4666666666666667,0.7,0.5265625,0.4375,0.5,0.4666666666666667,0.46875,0.15794825553894043
"0,0,0,0,1,0,1,1,0,0,0,0,1,1,1,1,0,0,1,0,0",0.4666666666666667,0.7,0.5265625,0.4375,0.5,0.4666666666666667,0.46875,0.18419146537780762
"0,1,1,0,1,0,1,1,1,0,0,0,0,0,0,0,0,1,1,1,1",0.4666666666666667,0.7,0.5265625,0.4375,0.5,0.4666666666666667,0.46875,0.23447561264038086
"0,1,0,1,0,0,0,0,1,1,1,1,0,0,1,1,0,0,0,1,1",0.4666666666666667,0.7,0.5265625,0.4375,0.5,0.4666666666666667,0.46875,0.23763728141784668
"1,1,1,0,1,0,0,0,1,0,1,1,1,0,1,0,0,1,1,0,0",0.4666666666666667,0.7,0.5265625,0.4375,0.5,0.4666666666666667,0.46875,0.2102973461151123
"0,0,0,1,0,1,0,0,0,1,0,0,1,0,1,1,0,0,0,0,0",0.4666666666666667,0.7,0.5265625,0.4375,0.5,0.4666666666666667,0.46875,0.1884305477142334
"0,0,0,0,1,1,0,0,0,0,0,0,1,1,0,0,1,1,0,0,0",0.4666666666666667,0.7,0.5265625,0.4375,0.5,0.4666666666666667,0.46875,0.1903085708618164
"0,0,0,0,1,1,0,0,1,0,0,0,1,1,1,0,0,0,1,0,0",0.4666666666666667,0.7,0.5265625,0.4375,0.5,0.4666666666666667,0.46875,0.18933868408203125
"1,1,0,1,0,1,0,0,0,0,1,0,0,0,1,1,1,1,1,0,0",0.5,0.6,0.525,0.4666666666666667,0.5,0.4827586206896552,0.5,0.20713496208190918
"0,0,1,0,0,1,0,1,1,0,0,0,0,0,1,0,0,1,1,0,0",0.5,0.6,0.525,0.4666666666666667,0.5,0.4827586206896552,0.5,0.2160201072692871
"0,1,1,1,0,1,1,0,1,0,1,1,1,0,1,0,1,0,0,0,0",0.5,0.6,0.525,0.4666666666666667,0.5,0.4827586206896552,0.5,0.1847531795501709
"0,1,0,1,1,1,1,1,1,1,1,1,0,0,1,0,1,0,0,0,0",0.5,0.6,0.525,0.4666666666666667,0.5,0.4827586206896552,0.5,0.183333158493042
"0,1,1,1,0,1,1,0,1,1,1,0,0,0,1,1,1,0,0,0,0",0.5,0.6,0.525,0.4666666666666667,0.5,0.4827586206896552,0.5,0.18423724174499512
"1,0,1,0,1,1,1,1,1,0,1,1,0,1,0,1,1,1,0,1,0",0.5,0.6,0.525,0.4666666666666667,0.5,0.4827586206896552,0.5,0.2047557830810547
"0,0,0,1,0,1,0,0,1,1,0,0,0,1,1,0,1,0,1,1,0",0.5,0.6,0.525,0.4666666666666667,0.5,0.4827586206896552,0.5,0.2017686367034912
"0,0,1,0,0,1,1,0,1,1,0,0,0,1,0,0,0,1,1,0,1",0.5,0.6,0.525,0.4666666666666667,0.5,0.4827586206896552,0.5,0.22525429725646973
"0,0,1,0,0,0,1,1,1,0,1,0,1,0,1,1,0,0,1,1,1",0.4666666666666667,0.6,0.525,0.4666666666666667,1.0,0.6363636363636364,0.5,0.22372770309448242
"0,1,1,0,1,1,0,1,1,1,1,1,0,1,1,0,1,0,1,1,1",0.6,0.3,0.5236607142857144,0.5714285714285714,0.5714285714285714,0.5714285714285714,0.5982142857142857,0.21226143836975098
"0,1,1,1,0,0,1,1,0,1,1,1,0,0,1,1,0,0,1,1,1",0.5,0.5,0.5234375,0.4827586206896552,1.0,0.6511627906976745,0.53125,0.2705066204071045
"1,0,1,1,1,0,0,1,0,1,0,1,0,1,1,0,1,0,0,0,1",0.5333333333333333,0.5,0.5234375,0.5,0.5,0.5,0.53125,0.24821209907531738
"1,0,0,0,0,0,1,0,1,1,0,0,1,0,0,0,0,0,1,1,1",0.4666666666666667,0.7,0.5232142857142856,0.42857142857142855,0.42857142857142855,0.42857142857142855,0.4642857142857143,0.24200940132141113
"0,0,0,0,1,0,0,0,0,1,1,1,1,0,1,0,0,0,1,0,0",0.4666666666666667,0.7,0.5232142857142856,0.42857142857142855,0.42857142857142855,0.42857142857142855,0.4642857142857143,0.16260170936584473
"0,0,0,1,1,1,1,0,1,1,1,0,0,1,0,0,1,0,0,1,1",0.4666666666666667,0.7,0.5232142857142856,0.42857142857142855,0.42857142857142855,0.42857142857142855,0.4642857142857143,0.24320054054260254
"1,1,0,0,1,0,0,1,1,0,1,0,0,0,0,0,1,1,1,1,1",0.5666666666666667,0.4,0.521875,0.5384615384615384,0.5,0.5185185185185185,0.5625,0.24452733993530273
"0,0,0,1,1,1,1,1,0,0,0,1,0,0,1,0,1,0,1,0,0",0.5666666666666667,0.4,0.521875,0.5384615384615384,0.5,0.5185185185185185,0.5625,0.19651055335998535
"0,1,0,0,0,1,1,1,1,1,0,0,1,0,0,0,1,1,1,1,0",0.5,0.6,0.5216517857142857,0.46153846153846156,0.42857142857142855,0.4444444444444444,0.4955357142857143,0.21308040618896484
"1,1,0,0,0,1,1,1,1,1,0,0,0,1,1,1,0,0,1,0,0",0.5,0.6,0.5216517857142857,0.46153846153846156,0.42857142857142855,0.4444444444444444,0.4955357142857143,0.1953587532043457
"0,1,1,0,1,1,0,0,1,1,0,0,0,0,1,0,1,0,0,1,0",0.5,0.6,0.5216517857142857,0.46153846153846156,0.42857142857142855,0.4444444444444444,0.4955357142857143,0.20002055168151855
"0,1,1,1,1,0,1,0,0,0,0,0,1,0,1,1,0,0,1,0,0",0.4666666666666667,0.6,0.5216517857142857,0.4642857142857143,0.9285714285714286,0.6190476190476191,0.4955357142857143,0.20703792572021484
"1,0,1,0,1,1,0,1,0,1,1,0,1,0,0,0,0,0,0,1,0",0.5,0.6,0.5216517857142857,0.46153846153846156,0.42857142857142855,0.4444444444444444,0.4955357142857143,0.21623778343200684
"0,0,1,0,1,1,0,0,0,0,0,1,0,0,1,1,0,0,0,1,0",0.5,0.6,0.5216517857142857,0.46153846153846156,0.42857142857142855,0.4444444444444444,0.4955357142857143,0.1923387050628662
"0,1,0,0,0,0,1,1,1,0,0,0,0,1,1,0,1,1,0,0,1",0.4666666666666667,0.6,0.5216517857142857,0.4642857142857143,0.9285714285714286,0.6190476190476191,0.4955357142857143,0.20691776275634766
"1,0,0,1,0,1,1,1,1,1,0,1,0,0,0,0,0,0,1,1,0",0.5,0.6,0.5216517857142857,0.46153846153846156,0.42857142857142855,0.4444444444444444,0.4955357142857143,0.21026921272277832
"0,1,0,0,1,0,0,1,1,0,0,0,0,0,0,1,1,1,0,1,0",0.43333333333333335,0.8,0.5214285714285715,0.38461538461538464,0.35714285714285715,0.37037037037037035,0.4285714285714286,0.19665050506591797
"0,1,0,1,0,1,1,0,0,0,1,0,1,1,0,1,0,1,0,0,0",0.5333333333333333,0.5,0.5200892857142857,0.5,0.42857142857142855,0.46153846153846156,0.5267857142857143,0.20180463790893555
"0,0,1,1,0,1,1,1,1,0,1,0,0,0,0,1,0,0,0,0,1",0.5333333333333333,0.5,0.5200892857142857,0.5,0.42857142857142855,0.46153846153846156,0.5267857142857143,0.17364215850830078
"0,1,0,0,0,1,1,1,0,1,1,0,1,1,1,0,0,0,1,1,1",0.4666666666666667,0.7,0.5198660714285714,0.4166666666666667,0.35714285714285715,0.38461538461538464,0.4598214285714286,0.22556066513061523
"1,1,0,0,0,1,1,1,0,1,1,0,1,1,1,1,1,0,1,1,0",0.4666666666666667,0.7,0.5198660714285714,0.4166666666666667,0.35714285714285715,0.38461538461538464,0.4598214285714286,0.21901988983154297
"0,0,0,1,1,1,0,1,0,1,1,0,0,0,1,0,1,0,0,1,0",0.4666666666666667,0.7,0.5198660714285714,0.4166666666666667,0.35714285714285715,0.38461538461538464,0.4598214285714286,0.1898789405822754
"0,1,0,1,0,1,1,0,0,1,0,0,0,0,0,1,1,0,1,0,1",0.5666666666666667,0.4,0.5185267857142857,0.5454545454545454,0.42857142857142855,0.48,0.5580357142857143,0.2053966522216797
"1,1,1,1,1,1,1,0,1,0,1,1,1,1,0,1,0,0,1,0,0",0.5333333333333333,0.4,0.5185267857142857,0.5,0.9285714285714286,0.65,0.5580357142857143,0.1874549388885498
"0,0,0,1,0,1,0,1,0,1,0,1,0,1,1,0,0,1,1,0,0",0.5,0.6,0.5183035714285715,0.45454545454545453,0.35714285714285715,0.4,0.4910714285714286,0.18768930435180664
"0,1,1,1,0,0,0,0,0,1,0,1,0,0,0,1,1,1,1,1,1",0.4666666666666667,0.6,0.5183035714285714,0.46153846153846156,0.8571428571428571,0.6,0.49107142857142855,0.2419147491455078
"0,1,0,1,0,0,0,1,1,1,0,0,1,0,1,1,0,1,1,1,0",0.5,0.6,0.5183035714285714,0.45454545454545453,0.35714285714285715,0.4,0.4910714285714286,0.2191157341003418
"1,0,0,1,0,0,0,0,1,0,1,0,0,0,1,0,0,1,0,1,1",0.43333333333333335,0.8,0.5180803571428572,0.36363636363636365,0.2857142857142857,0.32,0.42410714285714285,0.2270193099975586
"1,0,1,0,1,0,1,1,0,0,1,0,0,1,1,1,1,1,0,0,1",0.5,0.5,0.5167410714285714,0.48,0.8571428571428571,0.6153846153846154,0.5223214285714286,0.24907875061035156
"1,0,1,1,0,1,0,0,0,0,1,0,0,0,1,0,1,0,0,0,0",0.5333333333333333,0.5,0.5167410714285714,0.5,0.35714285714285715,0.4166666666666667,0.5223214285714286,0.1840534210205078
"1,0,0,1,1,1,0,0,0,1,1,0,1,1,1,1,1,0,0,0,0",0.5333333333333333,0.5,0.5167410714285714,0.5,0.35714285714285715,0.4166666666666667,0.5223214285714286,0.19208645820617676
"0,1,0,0,0,1,1,1,1,0,0,0,0,1,1,0,1,0,0,1,1",0.5,0.5,0.5167410714285714,0.48,0.8571428571428571,0.6153846153846154,0.5223214285714286,0.19810891151428223
"0,1,0,1,1,1,0,1,0,0,1,0,1,0,1,0,0,1,0,0,0",0.5333333333333333,0.5,0.5167410714285714,0.5,0.35714285714285715,0.4166666666666667,0.5223214285714286,0.21810030937194824
"0,1,0,0,1,0,0,0,1,1,1,1,0,0,0,1,0,0,1,1,0",0.5,0.5,0.5167410714285714,0.48,0.8571428571428571,0.6153846153846154,0.5223214285714286,0.20162343978881836
"1,0,0,0,0,0,0,1,1,0,0,0,1,1,0,1,1,1,1,0,1",0.4666666666666667,0.7,0.5165178571428571,0.4,0.2857142857142857,0.3333333333333333,0.45535714285714285,0.27581119537353516
"1,0,0,1,0,0,1,0,0,1,0,0,0,1,1,1,0,1,1,0,1",0.43333333333333335,0.7,0.5165178571428571,0.44,0.7857142857142857,0.5641025641025641,0.45535714285714285,0.21437335014343262
"1,1,0,0,1,0,0,1,0,0,1,0,0,1,0,0,1,1,0,0,0",0.5333333333333333,0.4,0.5151785714285715,0.5,0.8571428571428571,0.631578947368421,0.5535714285714286,0.18688488006591797
"0,0,1,1,0,1,1,0,1,1,0,1,1,0,0,1,1,0,1,1,0",0.4666666666666667,0.6,0.5149553571428571,0.4583333333333333,0.7857142857142857,0.5789473684210527,0.48660714285714285,0.21840763092041016
"1,1,0,0,0,0,0,0,1,1,0,0,1,1,0,0,0,0,0,0,1",0.4666666666666667,0.6,0.5149553571428571,0.4583333333333333,0.7857142857142857,0.5789473684210527,0.48660714285714285,0.2041172981262207
"1,1,1,0,1,0,1,0,1,0,1,1,1,1,1,1,0,0,1,1,1",0.4666666666666667,0.6,0.5149553571428571,0.4583333333333333,0.7857142857142857,0.5789473684210527,0.48660714285714285,0.21630573272705078
"1,0,0,0,0,1,1,1,1,0,0,1,0,0,0,0,0,0,0,1,0",0.5,0.6,0.5149553571428571,0.4444444444444444,0.2857142857142857,0.34782608695652173,0.48660714285714285,0.16617703437805176
"0,1,0,0,1,1,0,1,1,0,0,0,1,0,0,0,1,1,0,1,0",0.5,0.6,0.5149553571428571,0.4444444444444444,0.2857142857142857,0.34782608695652173,0.48660714285714285,0.19775700569152832
"1,1,1,1,0,0,0,1,0,0,0,0,0,1,0,1,1,0,0,0,1",0.5,0.6,0.5149553571428571,0.4444444444444444,0.2857142857142857,0.34782608695652173,0.48660714285714285,0.2203235626220703
"0,1,1,0,1,0,0,0,0,0,1,0,1,1,0,0,0,0,1,1,1",0.5333333333333333,0.5,0.5133928571428571,0.5,0.2857142857142857,0.36363636363636365,0.5178571428571428,0.21830296516418457
"0,0,0,0,1,1,1,0,1,1,0,0,0,1,0,0,1,1,0,0,1",0.5333333333333333,0.5,0.5133928571428571,0.5,0.2857142857142857,0.36363636363636365,0.5178571428571428,0.21268367767333984
"1,0,1,0,0,0,0,1,0,0,1,1,1,1,0,0,1,1,1,1,1",0.4666666666666667,0.7,0.5131696428571428,0.375,0.21428571428571427,0.2727272727272727,0.45089285714285715,0.2296898365020752
"0,0,0,0,0,1,0,1,0,0,1,0,1,1,0,0,1,1,1,1,0",0.43333333333333335,0.7,0.5131696428571428,0.43478260869565216,0.7142857142857143,0.5405405405405406,0.45089285714285715,0.23117613792419434
"1,1,1,1,0,0,1,0,0,1,0,0,1,0,0,1,0,0,1,1,0",0.5333333333333333,0.4,0.5118303571428571,0.5,0.7857142857142857,0.6111111111111112,0.5491071428571428,0.24761271476745605
"1,0,0,1,0,0,0,0,0,0,0,0,0,1,1,1,1,0,1,0,0",0.4666666666666667,0.6,0.5116071428571428,0.45454545454545453,0.7142857142857143,0.5555555555555556,0.48214285714285715,0.17806291580200195
"1,1,1,1,1,1,1,1,0,1,0,0,0,1,1,1,1,0,0,1,0",0.4666666666666667,0.6,0.5116071428571428,0.45454545454545453,0.7142857142857143,0.5555555555555556,0.48214285714285715,0.2153165340423584
"0,0,0,1,1,0,1,0,1,0,1,1,0,1,0,0,0,0,1,0,0",0.4666666666666667,0.6,0.5116071428571428,0.45454545454545453,0.7142857142857143,0.5555555555555556,0.48214285714285715,0.1764240264892578
"0,1,1,1,0,1,0,1,0,1,1,0,0,1,0,0,0,0,0,1,1",0.5,0.6,0.5116071428571428,0.42857142857142855,0.21428571428571427,0.2857142857142857,0.48214285714285715,0.19612789154052734
"0,1,1,0,0,0,1,0,0,1,1,0,0,1,0,0,0,0,0,0,0",0.4666666666666667,0.6,0.5116071428571428,0.45454545454545453,0.7142857142857143,0.5555555555555556,0.48214285714285715,0.17266416549682617
"0,0,0,1,1,0,1,0,0,1,1,0,0,1,0,0,0,0,0,0,0",0.4666666666666667,0.6,0.5116071428571428,0.45454545454545453,0.7142857142857143,0.5555555555555556,0.48214285714285715,0.1698310375213623
"1,0,1,0,0,0,0,0,0,0,0,1,0,1,1,0,1,0,0,0,0",0.4666666666666667,0.6,0.5116071428571428,0.45454545454545453,0.7142857142857143,0.5555555555555556,0.48214285714285715,0.16885876655578613
"0,0,0,1,0,0,0,0,1,0,0,0,0,1,1,1,1,0,1,0,0",0.4666666666666667,0.6,0.5116071428571428,0.45454545454545453,0.7142857142857143,0.5555555555555556,0.48214285714285715,0.17041301727294922
"0,0,0,0,1,1,0,0,0,1,1,0,0,0,1,1,0,1,1,0,1",0.4,0.8,0.5113839285714286,0.4090909090909091,0.6428571428571429,0.5,0.41517857142857145,0.2380661964416504
"1,1,0,0,0,0,1,0,0,1,1,0,0,0,1,1,1,0,0,1,1",0.4,0.8,0.5113839285714286,0.4090909090909091,0.6428571428571429,0.5,0.41517857142857145,0.22521758079528809
"0,1,0,1,0,0,1,1,1,1,1,0,0,1,1,0,1,0,0,0,0",0.5,0.5,0.5100446428571429,0.47619047619047616,0.7142857142857143,0.5714285714285714,0.5133928571428572,0.21580886840820312
"1,0,1,0,0,0,0,1,1,1,1,0,0,1,0,0,0,0,0,1,1",0.5,0.5,0.5100446428571429,0.47619047619047616,0.7142857142857143,0.5714285714285714,0.5133928571428572,0.2071244716644287
"0,0,0,1,1,1,1,0,0,1,0,0,0,0,0,0,0,1,0,0,1",0.5333333333333333,0.5,0.5100446428571428,0.5,0.21428571428571427,0.3,0.5133928571428571,0.18438434600830078
"0,0,0,1,0,0,1,0,0,0,1,0,0,1,1,1,0,1,1,0,1",0.43333333333333335,0.7,0.5098214285714286,0.42857142857142855,0.6428571428571429,0.5142857142857142,0.44642857142857145,0.2235419750213623
"0,1,0,0,0,0,1,1,1,0,0,0,1,1,0,0,1,1,0,0,1",0.43333333333333335,0.7,0.5098214285714286,0.42857142857142855,0.6428571428571429,0.5142857142857142,0.44642857142857145,0.2142164707183838
"0,1,1,0,0,0,0,0,1,0,0,1,0,0,0,1,0,0,1,1,1",0.4666666666666667,0.7,0.5098214285714285,0.3333333333333333,0.14285714285714285,0.2,0.4464285714285714,0.22866439819335938
"1,0,0,1,1,1,1,0,0,1,0,1,0,1,0,1,1,1,0,0,1",0.5333333333333333,0.4,0.5084821428571429,0.5,0.7142857142857143,0.5882352941176471,0.5446428571428572,0.2426607608795166
"0,1,0,0,0,1,0,1,1,0,1,0,0,0,0,0,1,0,1,1,0",0.5333333333333333,0.4,0.5084821428571429,0.5,0.7142857142857143,0.5882352941176471,0.5446428571428572,0.19376349449157715
"1,1,0,1,0,1,1,1,0,1,0,1,0,0,0,1,0,1,0,0,0",0.5333333333333333,0.4,0.5084821428571429,0.5,0.7142857142857143,0.5882352941176471,0.5446428571428572,0.18760013580322266
"0,1,0,0,0,1,1,1,1,0,1,0,0,0,0,0,1,0,1,1,0",0.5333333333333333,0.4,0.5084821428571429,0.5,0.7142857142857143,0.5882352941176471,0.5446428571428572,0.19264483451843262
"0,0,1,0,1,0,0,1,1,1,0,1,1,1,1,0,0,0,1,1,0",0.4666666666666667,0.6,0.5082589285714286,0.45,0.6428571428571429,0.5294117647058824,0.47767857142857145,0.20856571197509766
"0,0,1,0,0,1,1,1,1,0,0,1,0,1,0,1,0,1,1,1,0",0.4666666666666667,0.6,0.5082589285714286,0.45,0.6428571428571429,0.5294117647058824,0.47767857142857145,0.21950054168701172
"0,1,1,1,1,0,1,1,1,0,1,0,1,0,1,1,0,0,1,0,0",0.4666666666666667,0.6,0.5082589285714286,0.45,0.6428571428571429,0.5294117647058824,0.47767857142857145,0.22730731964111328
"1,1,0,1,0,0,1,1,1,1,1,1,1,1,1,0,0,1,1,1,0",0.4666666666666667,0.6,0.5082589285714286,0.45,0.6428571428571429,0.5294117647058824,0.4776785714285714,0.2128400802612304
"0,1,0,0,0,1,0,0,1,1,1,0,1,1,0,1,1,1,1,1,0",0.4666666666666667,0.6,0.5082589285714286,0.45,0.6428571428571429,0.5294117647058824,0.47767857142857145,0.22548747062683105
"0,1,1,1,0,0,0,0,1,0,1,0,1,1,0,0,0,1,0,1,1",0.5,0.6,0.5082589285714285,0.4,0.14285714285714285,0.21052631578947367,0.4776785714285714,0.2619466781616211
"0,1,0,1,0,0,1,0,1,0,1,0,0,1,0,1,0,0,0,1,1",0.5,0.6,0.5082589285714285,0.4,0.14285714285714285,0.21052631578947367,0.4776785714285714,0.24307036399841309
"1,0,1,1,0,0,1,0,0,1,0,1,0,1,0,0,0,0,0,1,0",0.5333333333333333,0.5,0.5066964285714286,0.5,0.14285714285714285,0.2222222222222222,0.5089285714285714,0.18029236793518066
"0,0,1,0,1,0,0,0,1,0,1,1,0,1,0,0,0,0,0,1,0",0.5,0.5,0.5066964285714286,0.47368421052631576,0.6428571428571429,0.5454545454545454,0.5089285714285714,0.20170164108276367
"0,0,1,1,0,0,1,1,1,0,1,0,0,1,1,1,0,0,1,0,0",0.5,0.5,0.5066964285714286,0.47368421052631576,0.6428571428571429,0.5454545454545454,0.5089285714285714,0.18543624877929688
"1,1,1,0,1,0,1,0,1,1,1,1,0,1,0,1,0,1,0,1,1",0.5,0.5,0.5066964285714286,0.47368421052631576,0.6428571428571429,0.5454545454545454,0.5089285714285714,0.24364900588989258
"1,1,1,1,1,0,0,0,0,1,0,0,1,1,1,1,0,0,1,0,1",0.5,0.5,0.5066964285714286,0.47368421052631576,0.6428571428571429,0.5454545454545454,0.5089285714285714,0.26564884185791016
"0,0,0,1,1,0,1,0,1,1,1,0,1,1,1,1,0,0,1,0,0",0.5,0.5,0.5066964285714286,0.47368421052631576,0.6428571428571429,0.5454545454545454,0.5089285714285714,0.18372130393981934
"1,1,0,1,1,0,1,1,1,1,1,0,1,0,1,0,0,0,0,0,0",0.5,0.5,0.5066964285714286,0.47368421052631576,0.6428571428571429,0.5454545454545454,0.5089285714285714,0.20867657661437988
"0,1,0,1,0,1,1,1,0,0,0,0,0,0,0,1,1,0,0,0,0",0.5333333333333333,0.4,0.5051339285714286,0.5,0.6428571428571429,0.5625,0.5401785714285714,0.1609811782836914
"0,1,0,1,0,1,0,1,0,1,0,1,1,0,0,1,1,0,0,0,0",0.5333333333333333,0.4,0.5051339285714286,0.5,0.6428571428571429,0.5625,0.5401785714285714,0.16949129104614258
"0,0,1,0,1,1,0,1,0,0,0,0,0,1,0,1,1,0,0,0,0",0.5333333333333333,0.4,0.5051339285714286,0.5,0.6428571428571429,0.5625,0.5401785714285714,0.17281794548034668
"0,0,1,1,0,1,0,0,1,1,0,0,1,0,0,0,0,0,0,0,0",0.5333333333333333,0.4,0.5051339285714286,0.5,0.6428571428571429,0.5625,0.5401785714285714,0.16445255279541016
"0,1,0,0,1,1,0,1,0,0,0,1,1,0,0,0,1,0,0,0,0",0.5333333333333333,0.4,0.5051339285714286,0.5,0.6428571428571429,0.5625,0.5401785714285714,0.1916365623474121
"0,0,1,1,0,1,1,1,1,0,0,0,1,1,0,1,0,0,1,0,0",0.5333333333333333,0.4,0.5051339285714286,0.5,0.6428571428571429,0.5625,0.5401785714285714,0.18236756324768066
"1,0,0,0,1,1,1,0,1,1,0,0,1,0,0,0,1,0,0,0,0",0.5333333333333333,0.4,0.5051339285714286,0.5,0.6428571428571429,0.5625,0.5401785714285714,0.16683554649353027
"1,0,1,0,0,1,0,1,0,1,0,0,1,0,0,0,1,0,1,0,0",0.5333333333333333,0.4,0.5051339285714286,0.5,0.6428571428571429,0.5625,0.5401785714285714,0.17723631858825684
"0,1,0,1,1,0,0,1,1,0,0,0,0,0,1,1,1,1,0,1,1",0.4666666666666667,0.6,0.5049107142857143,0.4444444444444444,0.5714285714285714,0.5,0.4732142857142857,0.26506972312927246
"1,0,0,0,0,0,1,1,0,1,0,1,0,1,1,0,1,0,0,0,0",0.4666666666666667,0.6,0.5049107142857143,0.4444444444444444,0.5714285714285714,0.5,0.4732142857142857,0.2014024257659912
"0,1,0,0,1,1,0,1,0,0,0,0,0,1,1,1,1,1,0,0,0",0.5,0.6,0.5049107142857143,0.3333333333333333,0.07142857142857142,0.11764705882352941,0.4732142857142857,0.19593262672424316
"0,0,1,0,0,1,1,1,1,1,0,0,1,0,0,0,0,0,1,0,0",0.5,0.5,0.5033482142857143,0.47058823529411764,0.5714285714285714,0.5161290322580645,0.5044642857142857,0.17171072959899902
"1,0,0,0,0,1,1,0,1,0,0,1,1,0,0,1,0,0,0,0,0",0.5,0.5,0.5033482142857143,0.47058823529411764,0.5714285714285714,0.5161290322580645,0.5044642857142857,0.1659250259399414
"0,1,0,0,0,1,1,1,0,1,1,0,1,0,1,1,1,0,1,0,1",0.5,0.5,0.5033482142857143,0.47058823529411764,0.5714285714285714,0.5161290322580645,0.5044642857142857,0.2245492935180664
"0,1,0,0,0,1,1,0,1,1,0,1,1,0,0,1,1,0,0,0,0",0.5,0.5,0.5033482142857143,0.47058823529411764,0.5714285714285714,0.5161290322580645,0.5044642857142857,0.15003609657287598
"1,0,1,0,1,1,1,0,0,1,0,0,0,1,0,0,1,1,0,0,0",0.43333333333333335,0.7,0.503125,0.4117647058823529,0.5,0.45161290322580644,0.4375,0.19735312461853027
"1,1,0,1,1,1,0,0,0,1,0,0,1,1,1,1,0,1,0,0,1",0.4666666666666667,0.7,0.503125,0.0,0.0,0.0,0.4375,0.2118215560913086
"1,1,0,0,1,1,0,0,1,0,0,1,0,0,1,1,0,0,1,0,0",0.43333333333333335,0.7,0.503125,0.4117647058823529,0.5,0.45161290322580644,0.4375,0.20192694664001465
"0,1,1,0,1,1,1,0,0,1,0,0,1,0,0,0,1,1,1,0,0",0.43333333333333335,0.7,0.503125,0.4117647058823529,0.5,0.45161290322580644,0.4375,0.19609498977661133
"0,1,0,0,1,0,0,0,0,1,1,0,0,0,1,1,0,0,0,1,1",0.43333333333333335,0.7,0.503125,0.4117647058823529,0.5,0.45161290322580644,0.4375,0.23174571990966797
"1,1,0,0,0,1,1,0,0,0,0,0,1,0,0,1,0,0,0,1,0",0.4666666666666667,0.6,0.5015625,0.4375,0.5,0.4666666666666667,0.46875,0.21636080741882324
"1,1,0,1,0,0,0,0,1,0,0,0,1,0,1,0,0,0,0,1,0",0.4666666666666667,0.6,0.5015625,0.4375,0.5,0.4666666666666667,0.46875,0.18002867698669434
"1,1,1,0,0,1,0,0,1,1,1,0,1,0,1,1,1,0,1,1,0",0.4666666666666667,0.6,0.5015625,0.4375,0.5,0.4666666666666667,0.46875,0.2201695442199707
"0,0,0,0,1,1,1,1,0,1,0,0,0,0,0,1,1,1,1,0,1",0.4,0.8,0.5013392857142858,0.375,0.42857142857142855,0.4,0.4017857142857143,0.19073867797851562
"1,1,0,0,0,1,0,0,0,1,1,0,1,0,0,1,1,0,0,1,0",0.5,0.5,0.5,0.4666666666666667,0.5,0.4827586206896552,0.5,0.2382068634033203
"0,0,0,1,1,1,1,1,0,1,0,1,0,0,0,0,0,0,1,1,0",0.5,0.5,0.5,0.4666666666666667,0.5,0.4827586206896552,0.5,0.18460941314697266
"0,1,0,1,0,1,0,1,1,1,0,1,0,0,1,0,1,0,1,0,0",0.5,0.5,0.5,0.4666666666666667,0.5,0.4827586206896552,0.5,0.17824816703796387
"0,1,0,0,1,1,1,0,0,0,1,0,1,0,1,1,0,0,0,1,0",0.43333333333333335,0.7,0.4997767857142857,0.4,0.42857142857142855,0.41379310344827586,0.4330357142857143,0.23685669898986816
"0,1,0,0,1,0,1,1,1,1,1,0,1,0,0,0,0,0,0,1,1",0.36666666666666664,0.9,0.4995535714285715,0.3333333333333333,0.35714285714285715,0.3448275862068966,0.3660714285714286,0.22477102279663086
"0,1,1,1,0,1,1,0,1,1,0,0,1,1,0,0,0,0,1,0,1",0.5333333333333333,0.4,0.4984375,0.5,0.5,0.5,0.53125,0.2035534381866455
"0,0,0,1,1,0,0,1,1,0,0,0,0,0,0,1,1,0,0,1,1",0.4666666666666667,0.6,0.4982142857142857,0.42857142857142855,0.42857142857142855,0.42857142857142855,0.4642857142857143,0.20427727699279785
"0,0,1,1,0,0,0,0,1,0,1,0,1,0,0,1,0,1,1,1,0",0.4666666666666667,0.6,0.4982142857142857,0.42857142857142855,0.42857142857142855,0.42857142857142855,0.4642857142857143,0.20421600341796875
"0,0,1,0,1,0,0,0,0,0,0,1,0,0,0,1,0,0,0,1,1",0.4666666666666667,0.6,0.4982142857142857,0.42857142857142855,0.42857142857142855,0.42857142857142855,0.4642857142857143,0.21622800827026367
"0,0,1,0,0,1,1,0,0,0,1,0,1,1,1,1,1,0,1,1,0",0.5,0.5,0.4966517857142857,0.46153846153846156,0.42857142857142855,0.4444444444444444,0.4955357142857143,0.1999819278717041
"1,0,1,0,0,1,1,1,0,1,0,0,0,1,0,0,1,1,0,1,1",0.5,0.5,0.4966517857142857,0.46153846153846156,0.42857142857142855,0.4444444444444444,0.4955357142857143,0.23906946182250977
"0,0,0,1,0,1,0,1,1,1,0,0,0,0,0,0,0,1,1,0,0",0.5,0.5,0.4966517857142857,0.46153846153846156,0.42857142857142855,0.4444444444444444,0.4955357142857143,0.1907815933227539
"0,1,1,1,0,0,1,1,1,1,0,1,0,1,1,0,0,1,1,1,1",0.4666666666666667,0.5,0.4966517857142857,0.4642857142857143,0.9285714285714286,0.6190476190476191,0.4955357142857143,0.28493762016296387
"0,0,0,0,1,1,0,0,0,1,1,0,1,1,1,1,0,1,0,0,0",0.43333333333333335,0.7,0.49642857142857144,0.38461538461538464,0.35714285714285715,0.37037037037037035,0.4285714285714286,0.22136855125427246
"1,1,0,1,1,0,0,1,1,0,0,0,0,1,0,1,0,0,1,0,1",0.5333333333333333,0.4,0.4950892857142857,0.5,0.42857142857142855,0.46153846153846156,0.5267857142857143,0.24177265167236328
"1,0,1,1,1,0,1,1,1,1,0,0,1,0,0,1,1,0,1,1,0",0.4666666666666667,0.6,0.4948660714285715,0.4166666666666667,0.35714285714285715,0.38461538461538464,0.4598214285714286,0.21907615661621094
"1,1,0,0,1,1,0,0,0,0,1,0,1,0,1,0,0,1,0,1,1",0.4666666666666667,0.6,0.4948660714285715,0.4166666666666667,0.35714285714285715,0.38461538461538464,0.4598214285714286,0.22324037551879883
"1,1,0,1,0,0,1,1,0,1,1,0,1,0,0,1,0,0,0,1,0",0.4666666666666667,0.6,0.4948660714285715,0.4166666666666667,0.35714285714285715,0.38461538461538464,0.4598214285714286,0.2289130687713623
"1,0,0,0,1,1,1,1,0,0,1,0,0,0,1,1,1,1,1,0,0",0.5,0.5,0.49330357142857145,0.45454545454545453,0.35714285714285715,0.4,0.4910714285714286,0.19364094734191895
"1,1,1,1,1,0,1,0,0,1,0,1,0,0,0,1,0,1,1,0,1",0.5,0.5,0.49330357142857145,0.45454545454545453,0.35714285714285715,0.4,0.4910714285714286,0.24205756187438965
"0,0,0,1,0,1,0,0,0,0,0,0,1,0,0,0,1,0,0,0,1",0.4666666666666667,0.5,0.4933035714285714,0.46153846153846156,0.8571428571428571,0.6,0.49107142857142855,0.1933910846710205
"0,1,0,1,1,0,0,1,1,1,1,0,0,0,0,0,1,1,0,0,1",0.43333333333333335,0.7,0.49308035714285714,0.36363636363636365,0.2857142857142857,0.32,0.42410714285714285,0.2044205665588379
"1,1,0,1,1,0,1,0,1,1,1,0,1,0,1,0,1,1,0,0,1",0.4666666666666667,0.6,0.4915178571428572,0.4,0.2857142857142857,0.3333333333333333,0.45535714285714285,0.21802544593811035
"1,0,1,1,0,0,0,0,0,1,0,0,1,0,0,0,0,1,0,1,0",0.4666666666666667,0.6,0.4915178571428571,0.4,0.2857142857142857,0.3333333333333333,0.45535714285714285,0.21514272689819336
"1,0,1,1,1,1,0,0,0,0,0,1,1,1,0,0,0,1,0,1,0",0.4666666666666667,0.6,0.4915178571428571,0.4,0.2857142857142857,0.3333333333333333,0.45535714285714285,0.22355198860168457
"0,0,1,0,0,1,0,0,1,1,0,0,0,0,0,0,1,1,1,0,1",0.43333333333333335,0.6,0.4915178571428571,0.44,0.7857142857142857,0.5641025641025641,0.45535714285714285,0.2092759609222412
"0,1,0,0,1,0,0,0,1,1,1,0,1,1,0,1,0,1,1,1,0",0.4666666666666667,0.5,0.48995535714285715,0.4583333333333333,0.7857142857142857,0.5789473684210527,0.48660714285714285,0.21264076232910156
"1,1,1,0,0,1,0,0,1,0,0,0,1,1,1,0,0,1,1,1,0",0.5,0.5,0.48995535714285715,0.4444444444444444,0.2857142857142857,0.34782608695652173,0.48660714285714285,0.2148442268371582
"1,0,0,1,0,1,0,1,1,1,1,1,1,1,1,1,1,0,1,0,0",0.5,0.5,0.48995535714285715,0.4444444444444444,0.2857142857142857,0.34782608695652173,0.48660714285714285,0.1972506046295166
"1,1,0,0,0,1,1,1,0,0,0,0,0,1,0,1,0,0,0,1,1",0.5,0.5,0.48995535714285715,0.4444444444444444,0.2857142857142857,0.34782608695652173,0.48660714285714285,0.24638819694519043
"0,1,1,0,0,0,1,0,1,0,1,1,1,0,0,0,0,0,0,0,1",0.4666666666666667,0.5,0.48995535714285715,0.4583333333333333,0.7857142857142857,0.5789473684210527,0.48660714285714285,0.17550396919250488
"0,0,0,0,0,1,1,0,0,1,1,1,0,0,0,0,1,1,0,0,1",0.4666666666666667,0.5,0.48995535714285715,0.4583333333333333,0.7857142857142857,0.5789473684210527,0.48660714285714285,0.20817279815673828
"1,1,0,1,0,0,0,1,1,1,1,0,0,1,0,0,0,1,1,1,1",0.5,0.5,0.48995535714285715,0.4444444444444444,0.2857142857142857,0.34782608695652173,0.48660714285714285,0.2273721694946289
"0,1,1,0,0,0,1,0,0,0,0,1,1,0,0,0,1,1,0,1,1",0.5,0.5,0.4899553571428571,0.4444444444444444,0.2857142857142857,0.3478260869565217,0.4866071428571428,0.2023122310638427
"1,0,1,1,0,0,1,1,0,0,0,0,1,0,1,0,0,1,0,1,0",0.36666666666666664,0.9,0.4895089285714286,0.2222222222222222,0.14285714285714285,0.17391304347826086,0.3526785714285714,0.24408578872680664
"1,1,1,0,0,1,1,1,1,1,1,0,1,1,1,1,0,1,1,1,0",0.43333333333333335,0.6,0.4881696428571428,0.43478260869565216,0.7142857142857143,0.5405405405405406,0.45089285714285715,0.22683978080749512
"0,0,1,0,0,1,0,0,0,1,1,1,0,0,1,1,1,0,0,0,0",0.4666666666666667,0.5,0.48660714285714285,0.45454545454545453,0.7142857142857143,0.5555555555555556,0.48214285714285715,0.18194842338562012
"0,1,1,0,1,1,1,1,1,0,0,0,0,1,0,0,1,1,1,1,0",0.4666666666666667,0.5,0.48660714285714285,0.45454545454545453,0.7142857142857143,0.5555555555555556,0.48214285714285715,0.19898676872253418
"1,1,0,1,0,0,0,0,0,1,0,1,1,0,0,0,0,1,1,1,1",0.4666666666666667,0.5,0.48660714285714285,0.45454545454545453,0.7142857142857143,0.5555555555555556,0.48214285714285715,0.23842668533325195
"0,0,1,0,0,0,0,1,1,0,0,0,1,1,0,0,0,1,1,0,1",0.4666666666666667,0.5,0.48660714285714285,0.45454545454545453,0.7142857142857143,0.5555555555555556,0.48214285714285715,0.25684571266174316
"0,0,1,1,1,0,0,0,1,0,0,1,0,1,1,1,1,1,0,1,0",0.4,0.7,0.4863839285714286,0.4090909090909091,0.6428571428571429,0.5,0.41517857142857145,0.25220227241516113
"0,0,0,0,0,1,1,1,0,1,1,1,0,0,0,1,1,0,1,1,1",0.43333333333333335,0.6,0.4848214285714286,0.42857142857142855,0.6428571428571429,0.5142857142857142,0.44642857142857145,0.2205946445465088
"1,0,1,0,0,0,0,1,0,0,0,1,0,1,0,0,0,0,1,0,1",0.4666666666666667,0.6,0.48482142857142857,0.3333333333333333,0.14285714285714285,0.2,0.4464285714285714,0.19381093978881836
"1,0,0,0,1,0,0,1,0,1,0,1,0,0,1,0,1,0,0,1,1",0.4666666666666667,0.6,0.4848214285714285,0.3333333333333333,0.14285714285714285,0.2,0.4464285714285714,0.2637507915496826
"0,0,0,1,0,1,0,0,1,0,1,1,0,0,1,1,1,1,0,0,1",0.36666666666666664,0.8,0.4845982142857143,0.38095238095238093,0.5714285714285714,0.45714285714285713,0.3794642857142857,0.20640349388122559
"1,1,0,0,0,0,1,1,0,0,0,1,0,0,0,1,0,1,0,1,0",0.4666666666666667,0.5,0.4832589285714286,0.45,0.6428571428571429,0.5294117647058824,0.47767857142857145,0.2248835563659668
"0,1,1,1,0,1,0,0,0,1,0,1,1,0,0,1,1,1,1,0,0",0.4666666666666667,0.5,0.4832589285714286,0.45,0.6428571428571429,0.5294117647058824,0.47767857142857145,0.19646286964416504
"0,1,1,1,0,1,1,1,0,0,0,1,1,0,1,1,1,0,0,0,0",0.4666666666666667,0.5,0.4832589285714286,0.45,0.6428571428571429,0.5294117647058824,0.47767857142857145,0.19947385787963867
"1,0,0,1,0,1,0,1,0,1,1,1,0,0,1,1,0,0,0,1,1",0.4666666666666667,0.5,0.4832589285714286,0.45,0.6428571428571429,0.5294117647058824,0.47767857142857145,0.2460010051727295
"1,0,1,1,0,0,0,1,0,0,0,1,1,0,1,1,1,1,1,0,1",0.5,0.5,0.4832589285714285,0.4,0.1428571428571428,0.2105263157894736,0.4776785714285714,0.2594249248504638
"1,0,1,0,0,0,0,0,0,1,0,0,0,1,0,0,0,1,1,1,0",0.5,0.4,0.4816964285714286,0.47368421052631576,0.6428571428571429,0.5454545454545454,0.5089285714285714,0.19238018989562988
"1,0,0,1,1,1,1,1,0,0,0,1,0,1,0,0,0,0,0,1,1",0.43333333333333335,0.6,0.4814732142857143,0.42105263157894735,0.5714285714285714,0.48484848484848486,0.4419642857142857,0.20904994010925293
"1,0,1,0,0,1,0,1,0,0,1,0,0,0,1,1,1,1,0,0,0",0.4666666666666667,0.6,0.4814732142857143,0.25,0.07142857142857142,0.1111111111111111,0.4419642857142857,0.21253752708435059
"0,0,0,0,0,1,0,0,1,1,0,0,0,1,0,1,1,1,0,1,0",0.43333333333333335,0.6,0.4814732142857143,0.42105263157894735,0.5714285714285714,0.48484848484848486,0.4419642857142857,0.2135767936706543
"0,0,0,0,0,1,1,1,0,1,0,1,0,1,1,1,1,1,0,0,0",0.43333333333333335,0.6,0.4814732142857143,0.42105263157894735,0.5714285714285714,0.48484848484848486,0.4419642857142857,0.21550989151000977
"0,1,1,0,0,0,0,1,0,0,0,0,0,1,0,0,0,1,0,1,1",0.43333333333333335,0.6,0.4814732142857143,0.42105263157894735,0.5714285714285714,0.48484848484848486,0.4419642857142857,0.21671247482299805
"1,1,1,0,1,0,0,1,1,1,0,1,1,1,1,1,1,1,0,0,0",0.5,0.5,0.4799107142857143,0.3333333333333333,0.07142857142857142,0.11764705882352941,0.4732142857142857,0.20057129859924316
"1,0,1,0,0,1,1,0,0,0,1,1,0,1,0,1,1,0,0,0,1",0.4666666666666667,0.5,0.4799107142857143,0.4444444444444444,0.5714285714285714,0.5,0.4732142857142857,0.2123584747314453
"0,1,1,0,0,1,1,1,0,1,0,0,1,1,1,0,0,1,0,0,1",0.5,0.5,0.4799107142857143,0.3333333333333333,0.07142857142857142,0.11764705882352941,0.4732142857142857,0.2526872158050537
"1,0,0,0,0,0,0,0,1,0,1,1,0,1,1,1,0,1,1,0,0",0.5,0.5,0.4799107142857143,0.3333333333333333,0.07142857142857142,0.11764705882352941,0.4732142857142857,0.17752408981323242
"0,1,1,1,0,0,1,0,1,0,1,1,1,1,0,0,1,1,1,1,0",0.43333333333333335,0.7,0.4796875,0.0,0.0,0.0,0.40625,0.263120174407959
"1,0,1,0,0,0,1,1,1,1,1,1,1,0,0,0,0,1,1,0,0",0.5,0.4,0.4783482142857143,0.47058823529411764,0.5714285714285714,0.5161290322580645,0.5044642857142857,0.19984793663024902
"0,1,0,0,1,1,1,1,0,0,0,0,1,0,0,1,1,0,0,0,1",0.43333333333333335,0.6,0.478125,0.4117647058823529,0.5,0.45161290322580644,0.4375,0.19748568534851074
"0,1,0,1,0,1,1,0,0,1,1,1,1,1,1,1,0,1,1,1,1",0.4666666666666667,0.5,0.4765625,0.4375,0.5,0.4666666666666667,0.46875,0.22530078887939453
"0,1,1,1,1,0,1,1,1,1,1,0,0,1,0,1,0,1,0,1,0",0.5,0.5,0.4765625,0.0,0.0,0.0,0.46875,0.19339466094970703
"0,1,1,0,0,1,1,1,1,0,0,0,0,0,1,1,0,0,1,1,1",0.4666666666666667,0.5,0.4765625,0.4375,0.5,0.4666666666666667,0.46875,0.23138880729675293
"0,1,0,1,0,1,0,1,1,1,0,0,1,1,0,0,0,1,1,1,0",0.43333333333333335,0.6,0.4747767857142857,0.4,0.42857142857142855,0.41379310344827586,0.4330357142857143,0.20816326141357422
"1,0,0,1,1,1,0,0,1,1,0,1,1,1,0,0,0,0,1,0,0",0.43333333333333335,0.6,0.4747767857142857,0.4,0.42857142857142855,0.41379310344827586,0.4330357142857143,0.17082810401916504
"1,1,0,0,1,1,0,1,0,0,0,0,0,0,0,0,0,0,1,0,0",0.43333333333333335,0.6,0.4747767857142857,0.4,0.42857142857142855,0.41379310344827586,0.4330357142857143,0.17559456825256348
"1,0,0,1,1,1,0,1,1,0,0,0,1,1,0,1,0,0,1,0,0",0.43333333333333335,0.6,0.4747767857142857,0.4,0.42857142857142855,0.41379310344827586,0.4330357142857143,0.1746044158935547
"1,0,1,1,0,1,1,0,0,1,0,0,0,1,0,0,0,0,1,0,0",0.43333333333333335,0.6,0.4747767857142857,0.4,0.42857142857142855,0.41379310344827586,0.4330357142857143,0.17013025283813477
"1,0,0,0,1,1,1,0,0,1,1,1,0,1,0,1,0,1,0,1,1",0.43333333333333335,0.6,0.4747767857142857,0.4,0.42857142857142855,0.41379310344827586,0.4330357142857143,0.22903943061828613
"1,1,0,1,0,1,0,0,0,0,0,0,0,1,0,1,0,0,1,0,0",0.43333333333333335,0.6,0.4747767857142857,0.4,0.42857142857142855,0.41379310344827586,0.4330357142857143,0.17172741889953613
"0,1,1,1,0,1,0,0,1,1,0,0,1,1,0,1,0,0,0,0,0",0.43333333333333335,0.6,0.4747767857142857,0.4,0.42857142857142855,0.41379310344827586,0.4330357142857143,0.17548346519470215
"1,0,0,0,0,0,0,0,0,1,0,1,1,0,1,0,0,0,0,0,0",0.36666666666666664,0.8,0.47455357142857146,0.3333333333333333,0.35714285714285715,0.3448275862068966,0.3660714285714286,0.19745612144470215
"0,1,1,0,0,1,1,1,1,1,1,1,0,1,1,1,1,0,0,0,0",0.4666666666666667,0.5,0.4732142857142857,0.42857142857142855,0.42857142857142855,0.42857142857142855,0.4642857142857143,0.2115640640258789
"1,1,0,0,0,1,0,1,0,0,1,0,0,0,0,0,1,1,0,1,1",0.4,0.7,0.47299107142857144,0.35714285714285715,0.35714285714285715,0.35714285714285715,0.3973214285714286,0.2249126434326172
"1,1,1,1,0,0,0,0,1,1,0,1,1,1,1,1,1,1,1,1,0",0.5,0.4,0.4716517857142857,0.46153846153846156,0.42857142857142855,0.4444444444444444,0.4955357142857143,0.24365997314453125
"1,0,0,1,0,1,0,1,0,1,1,0,1,0,0,0,1,1,0,0,0",0.5,0.4,0.4716517857142857,0.46153846153846156,0.42857142857142855,0.4444444444444444,0.4955357142857143,0.19708561897277832
"0,1,0,1,1,1,1,1,0,0,1,0,0,0,1,0,0,1,1,0,0",0.5,0.4,0.4716517857142857,0.46153846153846156,0.42857142857142855,0.4444444444444444,0.4955357142857143,0.2038896083831787
"0,1,1,0,0,1,0,0,0,0,0,1,1,0,1,0,1,0,1,1,0",0.5,0.4,0.4716517857142857,0.46153846153846156,0.42857142857142855,0.4444444444444444,0.4955357142857143,0.18987560272216797
"0,0,0,1,0,1,1,0,1,0,0,0,0,0,0,0,1,0,1,1,0",0.4,0.6,0.4714285714285714,0.42857142857142855,0.8571428571428571,0.5714285714285714,0.42857142857142855,0.18778109550476074
"0,0,1,0,0,1,1,1,1,0,0,0,0,1,0,0,1,1,0,0,0",0.4,0.6,0.4714285714285714,0.42857142857142855,0.8571428571428571,0.5714285714285714,0.42857142857142855,0.20592689514160156
"0,1,1,0,0,0,1,0,0,0,1,1,0,1,0,0,1,1,0,0,1",0.43333333333333335,0.6,0.4714285714285714,0.38461538461538464,0.35714285714285715,0.37037037037037035,0.4285714285714286,0.22331762313842773
"1,1,1,0,1,0,0,1,0,1,0,1,0,0,1,0,0,0,1,0,1",0.43333333333333335,0.6,0.4680803571428571,0.36363636363636365,0.2857142857142857,0.32,0.42410714285714285,0.22984719276428223
"1,0,0,0,0,0,0,0,1,0,0,1,1,1,1,1,0,1,0,1,0",0.43333333333333335,0.6,0.4680803571428571,0.36363636363636365,0.2857142857142857,0.32,0.42410714285714285,0.20862722396850586
"1,0,0,0,0,0,0,0,0,0,1,1,1,1,0,1,0,0,0,0,0",0.4666666666666667,0.5,0.46651785714285715,0.4,0.2857142857142857,0.3333333333333333,0.45535714285714285,0.19066381454467773
"0,1,0,0,0,0,0,1,1,0,0,1,1,1,0,0,0,0,1,1,0",0.4666666666666667,0.5,0.46651785714285715,0.4,0.2857142857142857,0.3333333333333333,0.45535714285714285,0.20353174209594727
"0,0,0,1,0,1,0,1,1,1,0,0,1,0,1,0,0,1,1,1,1",0.4666666666666667,0.5,0.46651785714285715,0.4,0.2857142857142857,0.3333333333333333,0.45535714285714285,0.23066449165344238
"1,0,0,0,0,1,0,0,1,0,0,0,1,1,0,1,0,1,0,0,0",0.4666666666666667,0.5,0.46651785714285715,0.4,0.2857142857142857,0.3333333333333333,0.45535714285714285,0.19818854331970215
"0,1,1,0,0,1,0,0,0,1,1,1,0,0,0,1,0,0,1,0,1",0.43333333333333335,0.5,0.46651785714285715,0.44,0.7857142857142857,0.5641025641025641,0.45535714285714285,0.2364044189453125
"0,1,0,0,1,1,1,0,0,1,1,0,0,0,1,1,0,1,0,1,1",0.4666666666666667,0.5,0.46651785714285715,0.4,0.2857142857142857,0.3333333333333333,0.45535714285714285,0.2422938346862793
"0,0,1,1,0,0,0,0,0,0,1,1,0,0,1,1,1,0,0,0,1",0.4,0.7,0.46629464285714284,0.3,0.21428571428571427,0.25,0.38839285714285715,0.22627902030944824
"0,0,1,0,0,0,0,1,0,1,1,1,0,0,0,1,1,0,0,0,0",0.4666666666666667,0.4,0.4649553571428572,0.4583333333333333,0.7857142857142857,0.5789473684210527,0.48660714285714285,0.17938709259033203
"1,1,0,1,0,0,0,0,0,0,0,0,1,0,1,1,0,1,0,0,0",0.43333333333333335,0.6,0.46473214285714287,0.3333333333333333,0.21428571428571427,0.2608695652173913,0.41964285714285715,0.20012378692626953
"1,1,1,1,1,0,1,1,0,1,0,1,1,1,0,1,0,1,0,0,0",0.4666666666666667,0.5,0.46316964285714285,0.375,0.21428571428571427,0.2727272727272727,0.45089285714285715,0.2125244140625
"1,1,1,0,0,1,0,1,1,1,0,1,1,1,0,0,0,0,1,1,1",0.4666666666666667,0.5,0.46316964285714285,0.375,0.21428571428571427,0.2727272727272727,0.45089285714285715,0.22271180152893066
"0,0,1,1,0,1,1,1,1,0,1,1,1,0,1,0,1,0,1,1,0",0.4666666666666667,0.5,0.46316964285714285,0.375,0.21428571428571427,0.2727272727272727,0.45089285714285715,0.20484018325805664
"0,0,1,1,0,1,1,0,1,0,1,1,1,1,1,1,1,1,1,0,0",0.43333333333333335,0.6,0.4613839285714285,0.2857142857142857,0.14285714285714285,0.19047619047619047,0.4151785714285714,0.1987621784210205
"0,0,0,0,0,1,1,1,0,0,0,1,0,1,0,1,0,1,1,0,0",0.43333333333333335,0.5,0.4598214285714286,0.42857142857142855,0.6428571428571429,0.5142857142857142,0.44642857142857145,0.20796895027160645
"0,0,1,0,0,0,0,1,0,0,0,0,1,1,1,1,0,1,0,0,0",0.36666666666666664,0.7,0.4595982142857143,0.38095238095238093,0.5714285714285714,0.45714285714285713,0.3794642857142857,0.19088315963745117
"1,1,1,0,0,0,1,1,0,1,1,1,0,0,0,0,1,0,1,0,1",0.4,0.6,0.4580357142857143,0.4,0.5714285714285714,0.47058823529411764,0.4107142857142857,0.2349247932434082
"0,0,1,1,0,0,0,1,1,0,0,0,1,1,0,1,1,0,1,0,1",0.5333333333333333,0.3,0.45669642857142856,0.5,0.14285714285714285,0.2222222222222222,0.5089285714285714,0.26821136474609375
"1,0,1,1,0,0,1,1,1,1,1,1,1,0,1,1,1,1,0,0,0",0.43333333333333335,0.5,0.4564732142857143,0.42105263157894735,0.5714285714285714,0.48484848484848486,0.4419642857142857,0.1959092617034912
"0,0,0,1,1,0,1,1,1,1,1,0,0,0,0,1,0,0,1,1,1",0.4666666666666667,0.4,0.4549107142857143,0.4444444444444444,0.5714285714285714,0.5,0.4732142857142857,0.22709083557128906
"0,0,1,1,0,1,1,1,1,1,1,0,1,1,0,1,1,1,1,1,1",0.4,0.6,0.4546875,0.3888888888888889,0.5,0.4375,0.40625,0.2184078693389892
"1,0,0,0,0,1,1,0,0,0,1,1,0,0,0,1,1,0,1,1,0",0.4,0.6,0.4513392857142857,0.375,0.42857142857142855,0.4,0.4017857142857143,0.24055862426757812
"0,1,1,1,0,0,0,1,0,1,0,1,0,1,1,0,0,1,0,0,1",0.43333333333333335,0.5,0.4497767857142857,0.4,0.42857142857142855,0.41379310344827586,0.4330357142857143,0.21341943740844727
"0,1,1,1,0,0,1,0,1,0,0,1,0,0,0,1,1,0,1,1,0",0.4333333333333333,0.5,0.4497767857142857,0.4,0.4285714285714285,0.4137931034482758,0.4330357142857143,0.269040584564209
"0,1,1,0,1,0,0,0,0,1,0,0,0,1,0,1,0,0,0,0,1",0.43333333333333335,0.5,0.4497767857142857,0.4,0.42857142857142855,0.41379310344827586,0.4330357142857143,0.19142556190490723
"0,1,0,0,0,1,0,1,1,1,1,1,0,0,1,0,0,0,0,0,1",0.43333333333333335,0.5,0.4497767857142857,0.4,0.42857142857142855,0.41379310344827586,0.4330357142857143,0.20075154304504395
"0,0,1,1,1,1,1,0,1,1,1,1,0,1,0,1,0,1,0,0,0",0.4666666666666667,0.4,0.4482142857142857,0.42857142857142855,0.42857142857142855,0.42857142857142855,0.4642857142857143,0.1964261531829834
"1,1,1,1,1,0,0,1,0,1,0,1,0,1,0,1,1,1,0,1,0",0.4,0.6,0.4479910714285715,0.35714285714285715,0.35714285714285715,0.35714285714285715,0.3973214285714286,0.22121262550354004
"0,1,0,1,0,0,0,0,1,0,0,1,1,1,1,0,0,1,1,1,1",0.43333333333333335,0.5,0.44642857142857145,0.38461538461538464,0.35714285714285715,0.37037037037037035,0.4285714285714286,0.26038146018981934
"0,0,1,1,0,0,0,0,1,0,1,0,1,0,0,1,0,1,1,0,1",0.36666666666666664,0.7,0.44620535714285714,0.3076923076923077,0.2857142857142857,0.2962962962962963,0.36160714285714285,0.26099371910095215
"1,0,1,0,0,1,1,1,0,0,1,1,0,1,1,1,0,0,0,0,1",0.4666666666666667,0.4,0.4448660714285715,0.4166666666666667,0.35714285714285715,0.38461538461538464,0.4598214285714286,0.21270489692687988
"0,1,0,1,0,1,1,0,0,1,1,0,0,0,0,0,1,1,1,1,0",0.4666666666666667,0.4,0.4448660714285715,0.4166666666666667,0.35714285714285715,0.38461538461538464,0.4598214285714286,0.21686410903930664
"0,1,0,1,0,0,1,1,0,0,0,1,1,0,1,0,1,1,0,0,0",0.4,0.6,0.4446428571428571,0.3333333333333333,0.2857142857142857,0.3076923076923077,0.39285714285714285,0.20427584648132324
"0,1,0,0,1,0,1,0,0,1,0,1,0,0,0,0,1,0,0,1,1",0.4,0.6,0.4446428571428571,0.3333333333333333,0.2857142857142857,0.3076923076923077,0.39285714285714285,0.2100539207458496
"0,1,1,1,0,1,1,1,1,0,0,0,1,1,0,0,0,0,0,1,0",0.4,0.6,0.4412946428571428,0.3,0.21428571428571427,0.25,0.38839285714285715,0.2163105010986328
"0,0,1,1,0,0,0,1,1,1,1,1,0,0,0,1,1,1,0,0,1",0.4,0.5,0.43973214285714285,0.4166666666666667,0.7142857142857143,0.5263157894736842,0.41964285714285715,0.2167365550994873
"0,0,1,0,0,1,0,0,0,0,1,0,1,1,1,0,1,1,0,1,1",0.36666666666666664,0.7,0.43950892857142854,0.2222222222222222,0.14285714285714285,0.17391304347826086,0.3526785714285714,0.23442673683166504
"1,0,1,0,1,0,1,1,1,1,1,1,1,1,0,1,0,0,1,1,1",0.4666666666666667,0.4,0.4381696428571429,0.375,0.21428571428571427,0.2727272727272727,0.45089285714285715,0.2545738220214844
"0,1,0,1,1,0,0,0,1,0,1,0,0,1,0,0,0,0,0,1,1",0.4,0.6,0.43794642857142857,0.25,0.14285714285714285,0.18181818181818182,0.3839285714285714,0.27907824516296387
"1,0,0,0,1,0,1,0,0,0,0,0,0,0,1,0,1,0,1,0,1",0.5,0.3,0.43660714285714286,0.42857142857142855,0.21428571428571427,0.2857142857142857,0.48214285714285715,0.21776580810546875
"0,0,0,0,0,0,0,0,0,0,1,0,0,1,0,0,1,0,1,1,0",0.4,0.5,0.4363839285714286,0.4090909090909091,0.6428571428571429,0.5,0.41517857142857145,0.18300199508666992
"0,0,1,0,0,0,0,1,0,1,0,1,0,0,1,1,0,0,0,1,0",0.43333333333333335,0.5,0.43638392857142855,0.2857142857142857,0.14285714285714285,0.19047619047619047,0.4151785714285714,0.20397114753723145
"0,0,0,0,1,0,0,1,1,0,0,0,1,0,1,1,1,0,1,0,0",0.43333333333333335,0.5,0.43638392857142855,0.2857142857142857,0.14285714285714285,0.19047619047619047,0.4151785714285714,0.17712974548339844
"0,0,1,0,0,0,0,1,0,1,0,0,0,1,0,0,1,0,1,1,0",0.43333333333333335,0.5,0.43638392857142855,0.2857142857142857,0.14285714285714285,0.19047619047619047,0.4151785714285714,0.16588759422302246
"0,0,0,0,1,0,0,1,0,0,0,1,0,0,1,1,1,0,1,1,0",0.4666666666666667,0.4,0.4348214285714286,0.3333333333333333,0.14285714285714285,0.2,0.4464285714285714,0.2164604663848877
"0,1,0,0,1,1,1,0,1,0,0,0,1,0,1,1,1,0,1,0,0",0.4,0.6,0.4345982142857143,0.16666666666666666,0.07142857142857142,0.1,0.3794642857142857,0.19247102737426758
"0,0,0,0,1,1,1,1,0,0,1,0,0,0,0,0,0,0,1,0,0",0.4,0.5,0.4330357142857143,0.4,0.5714285714285714,0.47058823529411764,0.4107142857142857,0.18455791473388672
"1,0,1,0,0,1,1,0,0,1,0,0,0,0,0,0,0,0,0,1,1",0.43333333333333335,0.5,0.4330357142857143,0.2,0.07142857142857142,0.10526315789473684,0.4107142857142857,0.21362709999084473
"1,0,0,0,1,1,0,1,1,1,0,0,0,0,1,0,1,0,1,1,0",0.43333333333333335,0.5,0.4330357142857143,0.2,0.07142857142857142,0.10526315789473684,0.4107142857142857,0.21442389488220215
"1,1,0,1,1,0,0,0,1,0,0,1,0,0,1,0,0,0,0,1,1",0.4666666666666667,0.4,0.4314732142857143,0.25,0.0714285714285714,0.1111111111111111,0.4419642857142857,0.2218272686004638
"0,0,0,1,0,0,1,0,1,1,0,0,0,0,0,1,0,0,1,1,0",0.4,0.5,0.4296875,0.3888888888888889,0.5,0.4375,0.40625,0.2328808307647705
"0,1,0,0,1,0,1,1,1,0,1,1,0,1,1,1,0,1,1,0,1",0.43333333333333335,0.4,0.428125,0.4117647058823529,0.5,0.45161290322580644,0.4375,0.22369384765625
"1,0,0,1,0,1,1,0,0,1,1,0,1,1,1,1,0,0,0,1,0",0.43333333333333335,0.4,0.4247767857142857,0.4,0.42857142857142855,0.41379310344827586,0.4330357142857143,0.2112433910369873
"1,0,1,0,0,0,1,0,1,0,0,0,0,0,0,0,1,0,1,0,1",0.36666666666666664,0.6,0.4245535714285714,0.3333333333333333,0.35714285714285715,0.3448275862068966,0.3660714285714286,0.2244250774383545
"1,0,1,0,1,0,0,0,0,1,0,0,0,0,0,0,1,1,1,0,0",0.36666666666666664,0.6,0.41785714285714287,0.2727272727272727,0.21428571428571427,0.24,0.35714285714285715,0.18089079856872559
"1,0,1,1,0,0,1,1,1,1,0,1,1,1,0,0,1,0,0,1,0",0.43333333333333335,0.4,0.4147321428571429,0.3333333333333333,0.21428571428571427,0.2608695652173913,0.41964285714285715,0.19952726364135742
"1,0,0,1,0,1,0,0,0,0,1,1,1,1,0,1,1,1,1,1,1",0.4,0.5,0.41294642857142855,0.25,0.14285714285714285,0.18181818181818182,0.3839285714285714,0.21899127960205078
"0,0,0,1,1,1,1,1,0,0,1,0,0,0,1,1,1,1,0,1,0",0.36666666666666664,0.6,0.4111607142857143,0.14285714285714285,0.07142857142857142,0.09523809523809523,0.3482142857142857,0.22325944900512695
"0,0,0,1,1,0,0,1,1,1,0,1,0,0,1,1,1,0,0,1,0",0.36666666666666664,0.6,0.4111607142857143,0.14285714285714285,0.07142857142857142,0.09523809523809523,0.3482142857142857,0.2553408145904541
"1,1,0,0,0,1,0,1,1,1,0,1,0,0,0,1,0,1,1,0,0",0.36666666666666664,0.5,0.4095982142857143,0.38095238095238093,0.5714285714285714,0.45714285714285713,0.3794642857142857,0.21276569366455078
"1,1,0,1,0,1,0,0,0,0,0,0,1,1,0,1,0,0,1,1,0",0.4,0.5,0.4095982142857143,0.16666666666666666,0.07142857142857142,0.1,0.3794642857142857,0.20125532150268555
"0,1,0,1,1,0,0,0,0,1,1,1,1,0,0,1,0,0,0,0,0",0.36666666666666664,0.6,0.4078125,0.0,0.0,0.0,0.34375,0.18005585670471191
"1,0,0,0,1,0,1,0,0,0,0,0,0,1,0,0,0,1,0,0,0",0.36666666666666664,0.6,0.4078125,0.0,0.0,0.0,0.34375,0.1785266399383545
"0,1,0,1,1,0,0,0,1,1,1,1,0,1,0,0,1,0,1,0,0",0.36666666666666664,0.6,0.4078125,0.0,0.0,0.0,0.34375,0.17524981498718262
"0,0,0,0,0,0,0,0,0,1,0,0,1,0,0,1,0,1,1,0,0",0.36666666666666664,0.6,0.4078125,0.0,0.0,0.0,0.34375,0.15825510025024414
"0,1,0,0,0,1,1,1,0,1,1,0,0,1,0,0,0,1,0,0,0",0.43333333333333335,0.3,0.4064732142857143,0.42105263157894735,0.5714285714285714,0.48484848484848486,0.4419642857142857,0.18021297454833984
"1,0,0,0,1,0,1,0,1,1,0,0,0,1,0,1,1,0,1,0,1",0.4,0.4,0.4013392857142857,0.375,0.42857142857142855,0.4,0.4017857142857143,0.20566296577453613
"1,0,0,1,1,0,0,1,0,1,0,0,1,1,1,0,0,1,1,0,1",0.43333333333333335,0.3,0.38638392857142856,0.2857142857142857,0.14285714285714285,0.19047619047619047,0.4151785714285714,0.23407816886901855
"1,1,1,0,1,0,0,1,0,1,0,0,0,1,0,1,1,0,1,0,0",0.0,0.0,0.0,0.0,0.0,0.0,0.0,0.0
"0,1,1,0,1,0,0,1,1,0,0,1,0,0,0,0,0,0,0,0,0",0.0,0.0,0.0,0.0,0.0,0.0,0.0,0.0
"1,1,1,1,1,0,1,0,1,0,0,0,0,0,0,0,1,0,1,0,0",0.0,0.0,0.0,0.0,0.0,0.0,0.0,0.0
"1,0,0,0,1,0,1,0,0,0,0,0,1,1,0,0,1,0,1,0,0",0.0,0.0,0.0,0.0,0.0,0.0,0.0,0.0
"1,0,1,0,0,0,1,0,0,1,0,1,1,0,0,0,0,0,1,0,0",0.0,0.0,0.0,0.0,0.0,0.0,0.0,0.0
"0,1,1,0,0,0,1,1,0,0,0,1,0,1,0,0,1,0,1,0,0",0.0,0.0,0.0,0.0,0.0,0.0,0.0,0.0
"0,1,1,0,0,0,1,0,1,1,0,1,0,1,0,0,0,0,1,0,0",0.0,0.0,0.0,0.0,0.0,0.0,0.0,0.0
"0,0,1,1,0,0,0,1,0,1,0,1,1,1,0,0,0,0,0,0,0",0.0,0.0,0.0,0.0,0.0,0.0,0.0,0.0
"0,0,1,0,0,0,0,0,1,1,0,1,0,1,0,1,1,0,1,0,0",0.0,0.0,0.0,0.0,0.0,0.0,0.0,0.0
"0,0,1,0,0,0,1,1,0,0,0,1,0,1,0,0,1,0,1,0,0",0.0,0.0,0.0,0.0,0.0,0.0,0.0,0.0
"0,0,1,0,0,0,1,1,0,1,0,0,1,1,0,0,1,0,1,0,0",0.0,0.0,0.0,0.0,0.0,0.0,0.0,0.0
"1,1,0,0,0,0,1,1,0,1,0,0,1,1,0,0,1,0,0,0,0",0.0,0.0,0.0,0.0,0.0,0.0,0.0,0.0
"1,1,1,0,1,0,1,1,0,0,0,1,0,1,0,0,1,0,0,0,0",0.0,0.0,0.0,0.0,0.0,0.0,0.0,0.0
"1,0,1,1,1,0,1,0,0,1,0,0,0,1,0,0,1,0,1,0,0",0.0,0.0,0.0,0.0,0.0,0.0,0.0,0.0
"1,0,1,1,1,0,1,0,0,1,0,0,0,0,0,1,0,0,1,0,0",0.0,0.0,0.0,0.0,0.0,0.0,0.0,0.0
"1,1,1,1,0,0,0,1,1,1,0,0,1,0,0,1,0,0,1,0,0",0.0,0.0,0.0,0.0,0.0,0.0,0.0,0.0
"0,1,0,1,0,0,0,0,0,0,0,1,0,1,0,0,1,0,0,0,0",0.0,0.0,0.0,0.0,0.0,0.0,0.0,0.0
"0,1,1,0,0,0,0,0,1,0,0,1,0,0,0,0,1,0,1,0,0",0.0,0.0,0.0,0.0,0.0,0.0,0.0,0.0
