encoding,test accuracy,training accuracy,combined accuracy,test precision,test recall,test fscore,test auc,training time
"14,8,1,17,7,8,2,12,10,0,0,2,1,9,13",0.7,0.7,0.7006696428571428,0.6666666666666666,0.7142857142857143,0.6896551724137931,0.7008928571428572,0.38462400436401367
"15,19,1,1,14,12,14,8,1,17,7,8,8,12,10",0.7,0.6,0.6689732142857143,0.7272727272727273,0.5714285714285714,0.64,0.6919642857142857,0.4085097312927246
"15,5,4,11,17,5,15,4,1,16,5,14,9,21,9",0.6666666666666666,0.6,0.6522321428571429,0.625,0.7142857142857143,0.6666666666666666,0.6696428571428572,0.29057955741882324
"14,8,1,17,7,8,8,12,10,0,0,2,1,9,13",0.7,0.5,0.6506696428571429,0.6666666666666666,0.7142857142857143,0.6896551724137931,0.7008928571428572,0.36948108673095703
"9,6,16,9,13,15,3,11,16,7,23,5,17,18,11",0.7,0.5,0.6473214285714286,0.6923076923076923,0.6428571428571429,0.6666666666666666,0.6964285714285714,0.3983938694000244
"4,11,4,3,6,0,11,1,23,3,3,13,9,16,15",0.7,0.5,0.6439732142857143,0.7272727272727273,0.5714285714285714,0.64,0.6919642857142857,0.2613711357116699
"15,19,1,1,14,12,14,8,1,17,7,8,8,12,9",0.6666666666666666,0.6,0.6421875,0.7,0.5,0.5833333333333334,0.65625,0.4246811866760254
"23,15,14,20,3,4,14,21,17,12,2,0,4,15,6",0.6333333333333333,0.6,0.6388392857142857,0.5652173913043478,0.9285714285714286,0.7027027027027027,0.6517857142857143,0.40377235412597656
"16,9,15,9,19,12,3,9,11,7,16,9,3,16,11",0.6,0.7,0.633705357142857,0.55,0.7857142857142857,0.6470588235294118,0.6116071428571428,0.36771702766418457
"16,9,15,15,19,12,7,9,11,18,16,9,3,16,0",0.6,0.7,0.633705357142857,0.55,0.7857142857142857,0.6470588235294118,0.6116071428571428,0.4003596305847168
"10,5,12,15,0,4,4,13,6,0,2,20,11,5,17",0.6333333333333333,0.6,0.6321428571428571,0.5789473684210527,0.7857142857142857,0.6666666666666666,0.6428571428571428,0.22687292098999023
"15,5,4,19,17,13,15,4,20,12,5,18,9,7,9",0.6,0.8,0.6319196428571427,0.75,0.21428571428571427,0.3333333333333333,0.5758928571428571,0.44631481170654297
"4,13,11,16,5,3,11,11,16,22,9,11,14,18,9",0.6,0.7,0.6303571428571428,0.5555555555555556,0.7142857142857143,0.625,0.6071428571428572,0.32833409309387207
"14,13,15,8,7,20,9,13,7,8,0,16,11,10,13",0.5666666666666667,0.9,0.6301339285714286,0.6666666666666666,0.14285714285714285,0.23529411764705882,0.5401785714285714,0.3288607597351074
"9,2,9,18,5,18,14,8,13,2,2,21,11,15,7",0.6333333333333333,0.6,0.6287946428571429,0.5882352941176471,0.7142857142857143,0.6451612903225806,0.6383928571428572,0.47971248626708984
"16,6,11,12,6,17,16,22,9,15,20,5,4,4,8",0.5666666666666667,0.8,0.6285714285714286,0.5294117647058824,0.6428571428571429,0.5806451612903226,0.5714285714285714,0.2889745235443115
"23,15,14,20,10,4,14,21,17,12,2,0,4,15,6",0.6666666666666666,0.5,0.6272321428571429,0.625,0.7142857142857143,0.6666666666666666,0.6696428571428572,0.4357283115386963
"6,9,22,0,11,7,5,9,7,21,1,14,11,22,15",0.7,0.4,0.6256696428571429,0.6666666666666666,0.7142857142857143,0.6896551724137931,0.7008928571428572,0.2676818370819092
"6,9,22,0,11,7,5,9,10,21,1,14,11,22,15",0.7,0.4,0.6256696428571429,0.6666666666666666,0.7142857142857143,0.6896551724137931,0.7008928571428572,0.3133358955383301
"16,6,11,19,6,17,15,22,9,12,20,5,4,4,9",0.5666666666666667,0.8,0.621875,0.5384615384615384,0.5,0.5185185185185185,0.5625,0.4064822196960449
"15,12,19,19,10,5,20,16,11,13,9,8,13,21,14",0.5333333333333333,0.8,0.621875,0.5,1.0,0.6666666666666666,0.5625,0.9361894130706787
"15,13,19,19,7,5,20,16,11,13,9,16,11,21,13",0.5333333333333333,0.9,0.6200892857142857,0.5,0.42857142857142855,0.46153846153846156,0.5267857142857143,1.014888048171997
"9,6,16,9,13,15,3,11,16,7,23,5,9,18,11",0.5666666666666667,0.7,0.6169642857142856,0.52,0.9285714285714286,0.6666666666666666,0.5892857142857143,0.3012268543243408
"8,18,13,16,15,17,6,18,2,17,8,2,5,6,9",0.6666666666666666,0.4,0.6122767857142857,0.5909090909090909,0.9285714285714286,0.7222222222222222,0.6830357142857143,0.4210796356201172
"22,7,7,7,12,10,1,12,0,7,19,15,10,6,9",0.6333333333333333,0.6,0.6120535714285714,0.7142857142857143,0.35714285714285715,0.47619047619047616,0.6160714285714286,0.310377836227417
"18,5,12,15,0,4,4,13,6,0,2,20,11,5,17",0.6333333333333333,0.5,0.6104910714285714,0.5714285714285714,0.8571428571428571,0.6857142857142857,0.6473214285714286,0.34038567543029785
"9,6,16,9,13,15,3,11,16,7,23,5,17,19,11",0.5666666666666667,0.7,0.610267857142857,0.5238095238095238,0.7857142857142857,0.6285714285714286,0.5803571428571428,0.44702649116516113
"4,13,11,11,5,4,11,11,12,4,9,16,14,4,9",0.5,0.9,0.6100446428571429,0.47619047619047616,0.7142857142857143,0.5714285714285714,0.5133928571428572,0.3128342628479004
"1,0,12,3,20,2,8,19,13,2,18,14,6,6,22",0.6333333333333333,0.6,0.6087053571428571,0.8,0.2857142857142857,0.42105263157894735,0.6116071428571428,0.32564234733581543
"13,19,13,9,15,23,2,16,9,15,15,19,12,7,9",0.5333333333333333,0.8,0.608482142857143,0.5,0.7142857142857143,0.5882352941176471,0.5446428571428572,0.473325252532959
"2,9,14,18,16,12,17,6,19,5,15,0,6,7,14",0.6666666666666666,0.4,0.6055803571428571,0.6111111111111112,0.7857142857142857,0.6875,0.6741071428571428,0.4851357936859131
"15,1,9,1,12,19,5,0,4,3,11,5,18,4,7",0.6,0.6,0.6053571428571429,0.5555555555555556,0.7142857142857143,0.625,0.6071428571428572,0.2659463882446289
"15,5,4,8,17,11,15,4,9,23,5,17,9,14,9",0.6,0.6,0.6053571428571429,0.5555555555555556,0.7142857142857143,0.625,0.6071428571428572,0.35697126388549805
"14,8,21,0,12,3,14,16,4,13,11,16,5,3,11",0.6,0.6,0.6053571428571429,0.5555555555555556,0.7142857142857143,0.625,0.6071428571428572,0.2893955707550049
"15,14,11,13,0,13,18,5,6,9,9,13,12,17,15",0.5666666666666667,0.7,0.6035714285714285,0.5294117647058824,0.6428571428571429,0.5806451612903226,0.5714285714285714,0.36057019233703613
"15,12,3,18,11,4,15,3,1,12,19,19,12,14,1",0.6,0.6,0.6020089285714285,0.5625,0.6428571428571429,0.6,0.6026785714285714,0.934779167175293
"3,0,4,11,16,5,18,6,1,16,8,14,8,21,0",0.6333333333333333,0.5,0.6004464285714286,0.6,0.6428571428571429,0.6206896551724138,0.6339285714285714,0.3403949737548828
"16,3,9,8,10,12,15,17,10,23,11,0,13,13,9",0.6333333333333333,0.5,0.6004464285714286,0.6,0.6428571428571429,0.6206896551724138,0.6339285714285714,0.3322527408599853
"14,13,15,8,19,12,7,13,11,18,16,9,3,16,13",0.5666666666666667,0.7,0.6002232142857142,0.5333333333333333,0.5714285714285714,0.5517241379310345,0.5669642857142857,0.5305259227752686
"14,11,13,0,13,18,5,6,9,9,13,12,17,15,5",0.6666666666666666,0.4,0.5988839285714286,0.6428571428571429,0.6428571428571429,0.6428571428571429,0.6651785714285714,0.39969420433044434
"11,20,9,10,1,12,15,8,9,11,11,8,11,13,9",0.5333333333333333,0.7,0.596875,0.5,1.0,0.6666666666666666,0.5625,0.2912583351135254
"12,6,5,0,0,17,18,11,19,10,12,23,1,6,3",0.5666666666666667,0.6,0.5953125,0.5185185185185185,1.0,0.6829268292682927,0.59375,0.3164784908294678
"12,5,9,8,12,19,5,10,4,3,11,5,18,4,17",0.6,0.6,0.5953125,0.5833333333333334,0.5,0.5384615384615384,0.59375,0.31557750701904297
"12,5,14,8,17,6,1,10,20,2,13,14,13,13,17",0.5333333333333333,0.8,0.5950892857142858,0.5,0.42857142857142855,0.46153846153846156,0.5267857142857143,0.3627052307128906
"16,16,15,5,4,6,17,11,4,4,9,3,5,17,9",0.5333333333333333,0.7,0.5935267857142856,0.5,0.9285714285714286,0.65,0.5580357142857143,0.35143208503723145
"4,19,10,10,17,17,1,23,17,6,3,2,13,13,19",0.5666666666666667,0.6,0.5919642857142857,0.52,0.9285714285714286,0.6666666666666666,0.5892857142857143,1.163259506225586
"4,11,4,1,6,19,11,1,4,3,3,5,9,4,15",0.6,0.6,0.5919642857142857,0.6,0.42857142857142855,0.5,0.5892857142857143,0.2687220573425293
"9,18,0,8,19,16,5,17,0,23,2,10,3,20,8",0.6,0.6,0.5919642857142857,0.6,0.42857142857142855,0.5,0.5892857142857143,0.3823542594909668
"14,3,6,12,1,18,7,16,12,0,10,1,8,5,7",0.6,0.6,0.5919642857142857,0.6,0.42857142857142855,0.5,0.5892857142857143,0.35225558280944824
"12,2,15,16,12,12,7,14,22,9,7,3,12,13,5",0.5,0.8,0.5917410714285715,0.48,0.8571428571428571,0.6153846153846154,0.5223214285714286,0.3784024715423584
"15,10,4,0,17,7,20,14,15,13,0,2,9,14,12",0.7,0.3,0.590625,0.7777777777777778,0.5,0.6086956521739131,0.6875,0.4224872589111328
"11,4,15,3,1,12,19,19,12,14,1,14,15,2,5",0.6333333333333333,0.5,0.5904017857142857,0.6666666666666666,0.42857142857142855,0.5217391304347826,0.6205357142857143,0.9159295558929443
"9,1,5,15,2,22,15,2,2,19,12,22,1,16,2",0.5666666666666667,0.7,0.5901785714285714,0.5555555555555556,0.35714285714285715,0.43478260869565216,0.5535714285714286,0.36083984375
"9,22,17,5,2,1,5,0,14,20,1,3,12,11,8",0.5666666666666667,0.7,0.5901785714285714,0.5555555555555556,0.35714285714285715,0.43478260869565216,0.5535714285714286,0.29299211502075195
"9,22,17,1,2,1,5,0,14,3,1,3,12,11,7",0.5666666666666667,0.7,0.5901785714285714,0.5555555555555556,0.35714285714285715,0.43478260869565216,0.5535714285714286,0.3027000427246094
"9,13,15,3,11,16,7,23,5,17,18,11,9,4,0",0.6333333333333333,0.4,0.5888392857142857,0.5652173913043478,0.9285714285714286,0.7027027027027027,0.6517857142857143,0.3558084964752197
"1,2,19,18,17,12,7,5,9,6,16,12,5,16,11",0.5666666666666667,0.6,0.5886160714285715,0.5217391304347826,0.8571428571428571,0.6486486486486487,0.5848214285714286,0.9590933322906494
"4,15,4,20,6,0,11,1,23,12,3,0,9,16,15",0.6,0.6,0.5886160714285715,0.625,0.35714285714285715,0.45454545454545453,0.5848214285714286,0.4004323482513428
"0,11,7,5,9,7,21,1,14,11,22,15,13,16,11",0.6,0.6,0.5886160714285714,0.625,0.35714285714285715,0.45454545454545453,0.5848214285714286,0.31354570388793945
"15,19,4,19,14,13,15,4,20,12,5,8,8,7,9",0.5,0.8,0.5883928571428572,0.4782608695652174,0.7857142857142857,0.5945945945945946,0.5178571428571428,0.9951386451721191
"14,17,15,19,18,14,14,15,10,11,23,9,18,1,3",0.5333333333333333,0.8,0.5883928571428572,0.5,0.2857142857142857,0.36363636363636365,0.5178571428571428,0.7217693328857422
"12,3,14,8,17,6,1,10,12,2,13,14,13,13,17",0.6,0.5,0.5870535714285714,0.5454545454545454,0.8571428571428571,0.6666666666666666,0.6160714285714286,0.3310863971710205
"5,6,11,12,6,17,0,10,12,4,20,16,23,4,16",0.5666666666666667,0.7,0.586830357142857,0.5714285714285714,0.2857142857142857,0.38095238095238093,0.5491071428571428,0.31058573722839355
"21,9,12,0,11,18,15,5,23,11,16,0,14,14,17",0.5333333333333333,0.7,0.586830357142857,0.5,0.7857142857142857,0.6111111111111112,0.5491071428571428,0.30754852294921875
"9,6,11,16,13,15,3,11,16,7,9,5,15,18,9",0.6333333333333333,0.4,0.5854910714285715,0.5714285714285714,0.8571428571428571,0.6857142857142857,0.6473214285714286,0.3593025207519531
"5,17,18,11,9,4,0,10,12,4,9,16,23,4,16",0.6,0.6,0.5852678571428571,0.6666666666666666,0.2857142857142857,0.4,0.5803571428571428,0.4249560832977295
"23,10,15,8,14,11,18,17,22,10,13,9,16,8,14",0.6,0.6,0.5852678571428571,0.6666666666666666,0.2857142857142857,0.4,0.5803571428571428,0.42165613174438477
"12,1,9,8,21,2,11,22,15,20,8,3,17,13,9",0.5333333333333333,0.8,0.5850446428571427,0.5,0.21428571428571427,0.3,0.5133928571428571,0.35980677604675293
"23,6,11,2,4,14,16,22,7,3,8,11,23,2,9",0.6333333333333333,0.5,0.5837053571428571,0.8,0.2857142857142857,0.42105263157894735,0.6116071428571428,0.4700171947479248
"5,4,6,17,11,4,4,9,3,5,17,9,14,6,2",0.6,0.5,0.5837053571428571,0.55,0.7857142857142857,0.6470588235294118,0.6116071428571428,0.33389997482299805
"5,14,0,8,2,10,8,22,16,9,0,23,15,6,5",0.5333333333333333,0.7,0.5834821428571428,0.5,0.7142857142857143,0.5882352941176471,0.5446428571428572,0.29861903190612793
"7,5,9,6,16,12,5,16,11,6,3,2,16,12,20",0.5666666666666667,0.7,0.5834821428571428,0.6,0.21428571428571427,0.3157894736842105,0.5446428571428571,0.2771894931793213
"6,0,17,23,5,5,13,18,18,15,16,13,15,6,15",0.5666666666666667,0.7,0.5834821428571428,0.6,0.21428571428571427,0.3157894736842105,0.5446428571428571,0.5072884559631348
"9,22,9,1,1,12,15,0,9,11,11,8,11,13,7",0.5666666666666667,0.7,0.5834821428571428,0.6,0.21428571428571427,0.3157894736842105,0.5446428571428571,0.2765657901763916
"4,5,4,19,6,0,11,1,23,12,3,18,9,16,15",0.5666666666666667,0.7,0.5834821428571428,0.6,0.21428571428571427,0.3157894736842105,0.5446428571428571,0.5028171539306641
"17,14,7,8,20,0,3,16,0,11,8,9,14,18,13",0.4666666666666667,0.9,0.5832589285714286,0.45,0.6428571428571429,0.5294117647058824,0.47767857142857145,0.404998779296875
"23,13,19,19,7,5,20,16,11,13,9,16,11,21,13",0.7,0.2,0.5823660714285714,0.631578947368421,0.8571428571428571,0.7272727272727273,0.7098214285714286,1.0001730918884277
"4,12,22,14,0,21,10,14,11,2,1,5,14,16,21",0.5666666666666667,0.6,0.5819196428571429,0.5263157894736842,0.7142857142857143,0.6060606060606061,0.5758928571428572,0.3103320598602295
"19,2,7,17,3,16,1,9,16,10,7,16,15,20,5",0.5666666666666667,0.6,0.5819196428571429,0.5263157894736842,0.7142857142857143,0.6060606060606061,0.5758928571428572,0.5693807601928711
"12,9,4,4,5,6,8,10,8,6,11,6,4,6,18",0.5666666666666667,0.6,0.5819196428571429,0.5263157894736842,0.7142857142857143,0.6060606060606061,0.5758928571428572,0.2704763412475586
"14,5,4,1,6,3,16,11,14,15,10,23,1,10,10",0.6,0.5,0.5803571428571429,0.5555555555555556,0.7142857142857143,0.625,0.6071428571428572,0.3161182403564453
"14,6,16,9,13,15,14,16,4,13,23,16,4,3,11",0.5333333333333333,0.7,0.5801339285714285,0.5,0.6428571428571429,0.5625,0.5401785714285714,0.3137228488922119
"15,12,11,19,6,17,16,16,9,15,20,5,4,4,14",0.5333333333333333,0.7,0.5801339285714285,0.5,0.6428571428571429,0.5625,0.5401785714285714,0.42636942863464355
"4,13,11,16,5,4,11,11,12,22,9,16,14,4,9",0.5333333333333333,0.7,0.5801339285714285,0.5,0.6428571428571429,0.5625,0.5401785714285714,0.3235757350921631
"0,17,23,5,5,13,18,18,15,16,13,15,6,15,12",0.5666666666666667,0.7,0.5801339285714285,0.6666666666666666,0.14285714285714285,0.23529411764705882,0.5401785714285714,0.5642576217651367
"4,14,20,14,16,9,0,5,20,10,19,7,1,10,7",0.5333333333333333,0.7,0.5801339285714285,0.5,0.6428571428571429,0.5625,0.5401785714285714,0.3287012577056885
"2,6,7,11,20,7,9,0,11,12,2,9,14,18,16",0.6333333333333333,0.4,0.5787946428571429,0.5882352941176471,0.7142857142857143,0.6451612903225806,0.6383928571428572,0.3507061004638672
"19,4,16,11,9,11,23,0,8,22,0,14,0,10,9",0.5,0.8,0.5783482142857144,0.47058823529411764,0.5714285714285714,0.5161290322580645,0.5044642857142857,0.6132845878601074
"4,13,2,16,5,3,11,11,16,22,9,11,14,18,9",0.6,0.5,0.5770089285714286,0.5625,0.6428571428571429,0.6,0.6026785714285714,0.3830084800720215
"16,6,15,9,13,12,3,9,11,7,16,5,17,16,11",0.5333333333333333,0.7,0.5767857142857142,0.5,0.5714285714285714,0.5333333333333333,0.5357142857142857,0.3880469799041748
"1,4,23,7,3,18,0,6,2,10,7,1,15,7,4",0.5666666666666667,0.7,0.5767857142857142,1.0,0.07142857142857142,0.13333333333333333,0.5357142857142857,0.27850842475891113
"4,13,4,21,10,1,12,0,13,7,11,8,4,5,10",0.5666666666666667,0.6,0.5752232142857143,0.5333333333333333,0.5714285714285714,0.5517241379310345,0.5669642857142857,0.33197736740112305
"19,4,7,5,10,2,23,9,18,1,5,4,0,2,15",0.5666666666666667,0.6,0.5752232142857143,0.5333333333333333,0.5714285714285714,0.5517241379310345,0.5669642857142857,0.4455556869506836
"16,6,6,12,6,17,14,22,9,15,14,5,4,4,8",0.5666666666666667,0.6,0.5752232142857143,0.5333333333333333,0.5714285714285714,0.5517241379310345,0.5669642857142857,0.33162856101989746
"14,18,9,15,22,7,13,15,13,9,2,2,0,5,17",0.6,0.5,0.5736607142857143,0.5714285714285714,0.5714285714285714,0.5714285714285714,0.5982142857142857,0.30277538299560547
"15,5,4,11,17,5,11,4,1,16,5,14,9,21,9",0.6,0.5,0.5736607142857143,0.5714285714285714,0.5714285714285714,0.5714285714285714,0.5982142857142857,0.32042765617370605
"15,12,19,16,10,5,11,16,11,22,9,8,13,21,9",0.5333333333333333,0.7,0.5734375,0.5,0.5,0.5,0.53125,0.36467528343200684
"22,1,9,14,12,9,2,9,15,14,11,9,17,21,0",0.5333333333333333,0.7,0.5734375,0.5,0.5,0.5,0.53125,0.3220686912536621
"16,6,4,12,6,5,15,22,9,15,5,5,4,21,9",0.6333333333333333,0.4,0.5720982142857143,0.6153846153846154,0.5714285714285714,0.5925925925925926,0.6294642857142857,0.3011789321899414
"8,9,4,16,3,9,19,19,17,13,3,7,3,2,5",0.6333333333333333,0.4,0.5720982142857143,0.6153846153846154,0.5714285714285714,0.5925925925925926,0.6294642857142857,1.4240014553070068
"7,3,23,15,5,16,11,23,6,11,2,4,14,16,22",0.5333333333333333,0.6,0.571875,0.5,1.0,0.6666666666666666,0.5625,0.3262505531311035
"0,23,15,6,5,9,3,10,17,1,11,5,2,9,7",0.5333333333333333,0.6,0.571875,0.5,1.0,0.6666666666666666,0.5625,0.34109950065612793
"15,5,4,6,17,11,4,4,9,3,5,17,9,14,6",0.5666666666666667,0.6,0.571875,0.5384615384615384,0.5,0.5185185185185185,0.5625,0.24237966537475586
"7,5,5,15,2,16,9,15,2,2,10,0,19,2,4",0.5333333333333333,0.6,0.571875,0.5,1.0,0.6666666666666666,0.5625,0.2638704776763916
"4,15,0,6,9,18,0,8,19,16,5,17,0,23,2",0.4666666666666667,0.8,0.5716517857142858,0.4642857142857143,0.9285714285714286,0.6190476190476191,0.4955357142857143,0.36098337173461914
"15,6,19,19,7,5,20,16,16,13,9,16,11,21,13",0.43333333333333335,1.0,0.5714285714285714,0.38461538461538464,0.35714285714285715,0.37037037037037035,0.4285714285714286,0.9802870750427246
"6,2,3,4,0,19,4,16,11,9,11,23,0,8,22",0.5333333333333333,0.7,0.5700892857142856,0.5,0.42857142857142855,0.46153846153846156,0.5267857142857143,0.8700542449951172
"12,3,19,19,18,9,18,11,18,16,15,1,2,19,9",0.5333333333333333,0.7,0.5700892857142856,0.5,0.42857142857142855,0.46153846153846156,0.5267857142857143,1.389021635055542
"5,4,12,5,2,12,9,12,6,9,11,22,5,15,14",0.5333333333333333,0.7,0.5700892857142856,0.5,0.42857142857142855,0.46153846153846156,0.5267857142857143,0.3136270046234131
"23,10,2,1,15,10,4,0,17,7,20,14,15,13,0",0.5333333333333333,0.6,0.5685267857142857,0.5,0.9285714285714286,0.65,0.5580357142857143,0.3399693965911865
"6,2,11,1,10,4,4,12,0,12,15,19,1,1,14",0.5666666666666667,0.6,0.5685267857142857,0.5454545454545454,0.42857142857142855,0.48,0.5580357142857143,0.3639657497406006
"4,13,15,16,19,12,3,11,11,7,16,9,3,16,9",0.5333333333333333,0.6,0.5685267857142857,0.5,0.9285714285714286,0.65,0.5580357142857143,0.3978610038757324
"0,8,20,15,16,13,11,19,11,7,8,4,11,2,12",0.5333333333333333,0.6,0.5685267857142857,0.5,0.9285714285714286,0.65,0.5580357142857143,0.3882558345794678
"17,22,1,9,14,12,9,2,9,15,14,11,9,17,21",0.5666666666666667,0.5,0.5669642857142857,0.52,0.9285714285714286,0.6666666666666666,0.5892857142857143,0.3927628993988037
"10,2,1,15,10,4,0,17,7,20,14,15,13,0,2",0.6,0.5,0.5669642857142857,0.6,0.42857142857142855,0.5,0.5892857142857143,0.2366199493408203
"6,9,22,0,11,7,5,9,7,2,1,14,11,22,15",0.6,0.5,0.5669642857142857,0.6,0.42857142857142855,0.5,0.5892857142857143,0.29441261291503906
"15,5,4,19,17,13,15,4,20,12,5,18,9,7,12",0.5,0.7,0.5667410714285714,0.48,0.8571428571428571,0.6153846153846154,0.5223214285714286,0.4920334815979004
"10,21,9,12,0,11,18,15,5,23,11,16,0,14,14",0.5333333333333333,0.7,0.5667410714285714,0.5,0.35714285714285715,0.4166666666666667,0.5223214285714286,0.39150285720825195
"15,12,9,19,5,18,14,16,13,2,2,21,11,15,14",0.5333333333333333,0.7,0.5667410714285714,0.5,0.35714285714285715,0.4166666666666667,0.5223214285714286,0.5792922973632812
"9,22,15,14,9,1,0,1,2,0,16,9,13,8,14",0.5333333333333333,0.7,0.5667410714285714,0.5,0.35714285714285715,0.4166666666666667,0.5223214285714286,0.28678059577941895
"8,1,9,3,4,2,18,4,15,16,7,17,13,15,3",0.5,0.7,0.5667410714285714,0.48,0.8571428571428571,0.6153846153846154,0.5223214285714286,0.2952613830566406
"6,12,17,3,6,2,14,12,15,19,16,13,6,4,2",0.6,0.4,0.5654017857142857,0.5416666666666666,0.9285714285714286,0.6842105263157895,0.6205357142857143,0.38469982147216797
"15,3,4,0,10,7,20,14,15,13,0,0,13,14,9",0.5666666666666667,0.6,0.5651785714285715,0.5555555555555556,0.35714285714285715,0.43478260869565216,0.5535714285714286,0.4585552215576172
"11,4,2,4,15,0,6,9,18,0,8,19,16,5,17",0.5333333333333333,0.6,0.5651785714285715,0.5,0.8571428571428571,0.631578947368421,0.5535714285714286,0.33669567108154297
"5,10,5,12,17,0,6,5,3,22,16,5,5,0,14",0.5666666666666667,0.6,0.5651785714285715,0.5555555555555556,0.35714285714285715,0.43478260869565216,0.5535714285714286,0.2774698734283447
"10,12,4,9,16,23,4,16,2,5,19,16,16,1,3",0.5333333333333333,0.6,0.5651785714285714,0.5,0.8571428571428571,0.631578947368421,0.5535714285714286,0.568885087966919
"4,11,4,8,6,12,11,1,10,23,3,0,9,13,15",0.5666666666666667,0.6,0.5651785714285714,0.5555555555555556,0.35714285714285715,0.43478260869565216,0.5535714285714286,0.2471332550048828
"20,12,3,19,19,18,9,18,11,18,16,15,1,2,19",0.5666666666666667,0.6,0.5651785714285714,0.5555555555555556,0.35714285714285715,0.43478260869565216,0.5535714285714286,1.4157943725585938
"6,18,18,6,1,17,14,7,8,20,0,3,16,0,11",0.5333333333333333,0.6,0.5651785714285714,0.5,0.8571428571428571,0.631578947368421,0.5535714285714286,0.6107673645019531
"5,9,11,11,9,17,16,10,12,4,20,16,23,4,8",0.5666666666666667,0.6,0.5651785714285714,0.5555555555555556,0.35714285714285715,0.43478260869565216,0.5535714285714286,0.3439364433288574
"9,6,14,9,13,15,1,11,16,7,13,5,17,18,11",0.6,0.5,0.5636160714285714,0.625,0.35714285714285715,0.45454545454545453,0.5848214285714286,0.37445664405822754
"15,2,16,9,15,2,2,10,0,19,2,4,4,19,6",0.5666666666666667,0.5,0.5636160714285714,0.5217391304347826,0.8571428571428571,0.6486486486486487,0.5848214285714286,0.9939208030700684
"11,12,17,21,12,14,20,3,10,14,0,7,3,23,15",0.6,0.5,0.5636160714285714,0.625,0.35714285714285715,0.45454545454545453,0.5848214285714286,0.35431528091430664
"20,3,17,13,1,6,23,13,4,12,18,19,8,16,12",0.6,0.5,0.5636160714285714,0.625,0.35714285714285715,0.45454545454545453,0.5848214285714286,0.6755881309509277
"6,19,17,13,18,12,4,9,7,15,22,17,12,11,10",0.5666666666666667,0.5,0.5636160714285714,0.5217391304347826,0.8571428571428571,0.6486486486486487,0.5848214285714286,0.6690328121185303
"10,10,17,17,1,23,17,6,3,2,13,13,19,1,18",0.5,0.7,0.563392857142857,0.4782608695652174,0.7857142857142857,0.5945945945945946,0.5178571428571428,1.095515489578247
"12,15,0,16,2,0,0,17,13,2,10,4,7,12,0",0.4666666666666667,0.9,0.5631696428571429,0.375,0.21428571428571427,0.2727272727272727,0.45089285714285715,0.28833580017089844
"9,6,7,9,13,15,1,11,16,7,19,5,17,18,11",0.6,0.4,0.5620535714285715,0.5454545454545454,0.8571428571428571,0.6666666666666666,0.6160714285714286,0.4947643280029297
"8,15,13,17,18,8,5,14,5,4,1,6,3,16,11",0.6,0.4,0.5620535714285715,0.5454545454545454,0.8571428571428571,0.6666666666666666,0.6160714285714286,0.43718504905700684
"4,2,18,4,15,16,7,17,13,15,3,15,17,20,2",0.5666666666666667,0.6,0.5618303571428571,0.5714285714285714,0.2857142857142857,0.38095238095238093,0.5491071428571428,0.3957991600036621
"14,6,16,9,13,15,14,16,4,13,23,16,5,3,11",0.5333333333333333,0.6,0.5618303571428571,0.5,0.7857142857142857,0.6111111111111112,0.5491071428571428,0.30429553985595703
"15,6,16,9,13,15,20,16,11,13,23,8,13,21,14",0.5666666666666667,0.6,0.5618303571428571,0.5714285714285714,0.2857142857142857,0.38095238095238093,0.5491071428571428,0.35275888442993164
"9,6,17,1,2,1,5,0,16,3,1,3,12,11,7",0.5333333333333333,0.6,0.5618303571428571,0.5,0.7857142857142857,0.6111111111111112,0.5491071428571428,0.2866690158843994
"12,17,3,6,2,14,12,15,19,16,13,6,4,2,16",0.5333333333333333,0.6,0.5618303571428571,0.5,0.7857142857142857,0.6111111111111112,0.5491071428571428,0.35576534271240234
"16,9,15,2,2,10,0,19,2,4,4,19,6,18,14",0.5333333333333333,0.6,0.5618303571428571,0.5,0.7857142857142857,0.6111111111111112,0.5491071428571428,1.3407247066497803
"14,20,10,4,14,21,17,12,2,0,4,15,6,18,18",0.5,0.8,0.5616071428571429,0.42857142857142855,0.21428571428571427,0.2857142857142857,0.48214285714285715,0.4808006286621094
"6,7,22,11,1,22,1,13,0,19,2,7,17,3,16",0.6333333333333333,0.3,0.5604910714285715,0.5714285714285714,0.8571428571428571,0.6857142857142857,0.6473214285714286,0.36263251304626465
"3,5,8,2,7,8,22,14,20,9,21,9,7,2,8",0.5666666666666667,0.5,0.5602678571428571,0.5238095238095238,0.7857142857142857,0.6285714285714286,0.5803571428571428,0.27594804763793945
"12,19,6,1,1,13,1,18,8,16,1,18,16,5,23",0.5666666666666667,0.5,0.5602678571428571,0.5238095238095238,0.7857142857142857,0.6285714285714286,0.5803571428571428,0.35744595527648926
"15,19,12,7,9,11,18,16,9,3,16,0,22,12,16",0.6,0.5,0.5602678571428571,0.6666666666666666,0.2857142857142857,0.4,0.5803571428571428,0.4311792850494385
"4,4,18,3,0,15,20,8,9,8,20,9,4,4,6",0.5666666666666667,0.5,0.5602678571428571,0.5238095238095238,0.7857142857142857,0.6285714285714286,0.5803571428571428,0.3681950569152832
"5,3,11,11,16,22,9,11,14,18,9,15,22,7,13",0.6,0.5,0.5602678571428571,0.6666666666666666,0.2857142857142857,0.4,0.5803571428571428,0.3364076614379883
"6,0,16,1,10,5,21,13,10,1,7,4,8,9,15",0.6,0.5,0.5602678571428571,0.6666666666666666,0.2857142857142857,0.4,0.5803571428571428,0.3402879238128662
"10,19,12,15,14,4,4,13,6,0,2,8,8,5,9",0.5333333333333333,0.7,0.5600446428571428,0.5,0.21428571428571427,0.3,0.5133928571428571,0.32108402252197266
"15,8,12,4,12,22,14,0,21,10,14,11,2,1,5",0.5,0.7,0.5600446428571428,0.47619047619047616,0.7142857142857143,0.5714285714285714,0.5133928571428572,0.31447672843933105
"5,18,16,19,6,17,19,19,18,7,6,7,9,1,4",0.5,0.7,0.5600446428571428,0.47619047619047616,0.7142857142857143,0.5714285714285714,0.5133928571428572,1.833463430404663
"13,16,21,7,14,16,15,15,3,20,17,5,4,4,15",0.5333333333333333,0.7,0.5600446428571428,0.5,0.21428571428571427,0.3,0.5133928571428571,0.3469386100769043
"17,6,10,7,12,9,10,7,20,0,14,14,13,18,10",0.4666666666666667,0.9,0.5598214285714286,0.3333333333333333,0.14285714285714285,0.2,0.4464285714285714,0.4237499237060547
"18,18,6,1,17,14,7,8,20,0,3,16,0,11,8",0.4666666666666667,0.9,0.5598214285714286,0.3333333333333333,0.14285714285714285,0.2,0.4464285714285714,0.6324853897094727
"23,7,3,18,0,6,2,10,7,1,15,7,4,22,12",0.5333333333333333,0.6,0.5584821428571429,0.5,0.7142857142857143,0.5882352941176471,0.5446428571428572,0.3709604740142822
"5,5,18,16,19,6,17,19,19,18,7,6,7,9,1",0.5333333333333333,0.6,0.5584821428571429,0.5,0.7142857142857143,0.5882352941176471,0.5446428571428572,1.8510470390319824
"22,9,7,3,12,13,5,13,13,14,4,19,3,14,16",0.5333333333333333,0.6,0.5584821428571429,0.5,0.7142857142857143,0.5882352941176471,0.5446428571428572,0.364835262298584
"18,18,15,10,3,0,20,5,4,0,13,22,4,17,4",0.5666666666666667,0.6,0.5584821428571428,0.6,0.21428571428571427,0.3157894736842105,0.5446428571428571,0.4796438217163086
"6,7,14,4,6,1,23,7,14,20,11,3,17,11,15",0.5,0.8,0.5582589285714286,0.4,0.14285714285714285,0.21052631578947367,0.4776785714285714,0.2699463367462158
"16,6,11,12,6,17,16,22,0,15,20,5,4,4,8",0.4666666666666667,0.8,0.5582589285714286,0.45,0.6428571428571429,0.5294117647058824,0.47767857142857145,0.31180238723754883
"12,6,14,8,17,6,1,10,16,2,13,14,13,13,17",0.4666666666666667,0.8,0.5582589285714286,0.45,0.6428571428571429,0.5294117647058824,0.47767857142857145,0.3010590076446533
"5,17,3,13,19,2,2,9,14,4,12,20,17,5,18",0.5,0.8,0.5582589285714286,0.4,0.14285714285714285,0.21052631578947367,0.4776785714285714,0.44471144676208496
"18,15,10,3,0,20,5,4,0,13,22,4,17,4,18",0.6666666666666666,0.3,0.557142857142857,1.0,0.2857142857142857,0.4444444444444444,0.6428571428571428,0.4119412899017334
"16,16,15,1,4,6,5,11,4,3,9,3,5,17,7",0.5666666666666667,0.5,0.5569196428571429,0.5263157894736842,0.7142857142857143,0.6060606060606061,0.5758928571428572,0.2983713150024414
"5,9,7,21,1,14,11,22,15,13,16,11,6,18,12",0.5666666666666667,0.5,0.5569196428571429,0.5263157894736842,0.7142857142857143,0.6060606060606061,0.5758928571428572,0.30217552185058594
"15,5,4,8,17,6,15,4,20,2,5,14,9,13,9",0.5666666666666667,0.5,0.5569196428571429,0.5263157894736842,0.7142857142857143,0.6060606060606061,0.5758928571428572,0.31256651878356934
"6,23,10,2,1,15,10,4,0,17,7,20,14,15,13",0.6,0.5,0.5569196428571428,0.75,0.21428571428571427,0.3333333333333333,0.5758928571428571,0.36168622970581055
"1,9,2,9,18,5,18,14,8,13,2,2,21,11,15",0.6,0.5,0.5569196428571428,0.75,0.21428571428571427,0.3333333333333333,0.5758928571428571,0.4159722328186035
"23,17,22,1,9,14,12,9,2,9,15,14,11,9,17",0.6,0.5,0.5569196428571428,0.75,0.21428571428571427,0.3333333333333333,0.5758928571428571,0.8860504627227783
"3,8,9,4,16,3,9,19,19,17,13,3,7,3,2",0.6,0.5,0.5569196428571428,0.75,0.21428571428571427,0.3333333333333333,0.5758928571428571,1.2341668605804443
"13,4,21,10,1,12,0,13,7,11,8,4,5,10,14",0.6,0.4,0.5553571428571429,0.5555555555555556,0.7142857142857143,0.625,0.6071428571428572,0.3326284885406494
"4,13,14,11,10,4,14,11,17,12,2,0,4,15,9",0.5666666666666667,0.6,0.5551339285714285,0.6666666666666666,0.14285714285714285,0.23529411764705882,0.5401785714285714,0.3203773498535156
"0,23,10,15,8,14,11,18,17,22,10,13,9,16,8",0.5666666666666667,0.6,0.5551339285714285,0.6666666666666666,0.14285714285714285,0.23529411764705882,0.5401785714285714,0.36568284034729004
"11,14,15,10,23,1,10,10,12,3,0,22,14,5,2",0.5333333333333333,0.6,0.5551339285714285,0.5,0.6428571428571429,0.5625,0.5401785714285714,0.3014261722564697
"6,14,0,4,19,10,10,17,17,1,23,17,6,3,2",0.5333333333333333,0.6,0.5551339285714285,0.5,0.6428571428571429,0.5625,0.5401785714285714,0.678875207901001
"0,13,7,11,8,4,5,10,14,16,2,22,1,3,0",0.5666666666666667,0.6,0.5551339285714285,0.6666666666666666,0.14285714285714285,0.23529411764705882,0.5401785714285714,0.2620077133178711
"19,4,17,6,10,7,12,9,10,7,20,0,14,14,13",0.4,1.0,0.5546875,0.3888888888888889,0.5,0.4375,0.40625,0.6587879657745361
"4,11,4,6,6,0,11,1,23,3,3,13,9,16,15",0.5666666666666667,0.5,0.5535714285714286,0.5294117647058824,0.6428571428571429,0.5806451612903226,0.5714285714285714,0.2815883159637451
"5,16,11,6,3,2,16,12,20,11,10,21,3,16,2",0.6,0.5,0.5535714285714286,1.0,0.14285714285714285,0.25,0.5714285714285714,0.33718013763427734
"16,11,23,6,11,2,4,14,16,22,7,3,8,11,23",0.5666666666666667,0.5,0.5535714285714286,0.5294117647058824,0.6428571428571429,0.5806451612903226,0.5714285714285714,0.35602498054504395
"4,21,8,3,2,2,22,8,23,2,17,12,8,15,6",0.6,0.5,0.5535714285714286,1.0,0.14285714285714285,0.25,0.5714285714285714,0.28641247749328613
"15,5,23,11,16,0,14,14,17,15,19,18,14,14,15",0.5,0.7,0.5533482142857142,0.47058823529411764,0.5714285714285714,0.5161290322580645,0.5044642857142857,0.6360025405883789
"10,7,7,10,21,1,11,10,10,16,16,17,7,7,1",0.5333333333333333,0.7,0.5533482142857142,0.5,0.07142857142857142,0.125,0.5044642857142857,0.4080193042755127
"9,0,11,12,2,9,14,18,16,12,17,6,19,5,15",0.5,0.7,0.5533482142857142,0.47058823529411764,0.5714285714285714,0.5161290322580645,0.5044642857142857,0.49274754524230957
"9,16,23,4,16,2,5,19,16,16,1,3,8,13,18",0.5,0.7,0.5533482142857142,0.47058823529411764,0.5714285714285714,0.5161290322580645,0.5044642857142857,0.5439496040344238
"0,12,1,15,14,10,7,20,14,8,23,3,8,10,4",0.5,0.7,0.5533482142857142,0.47058823529411764,0.5714285714285714,0.5161290322580645,0.5044642857142857,0.339749813079834
"15,5,14,19,17,13,1,4,20,12,13,18,9,7,9",0.6666666666666666,0.2,0.552232142857143,0.625,0.7142857142857143,0.6666666666666666,0.6696428571428572,0.5623390674591064
"23,6,17,0,18,5,12,15,0,4,4,13,6,0,2",0.6,0.4,0.5520089285714286,0.5625,0.6428571428571429,0.6,0.6026785714285714,0.8083052635192871
"15,22,7,13,15,13,9,2,2,0,5,17,2,11,13",0.5666666666666667,0.6,0.5517857142857143,1.0,0.07142857142857142,0.13333333333333333,0.5357142857142857,0.31086087226867676
"6,6,11,12,6,17,21,13,10,16,20,4,8,9,15",0.5666666666666667,0.6,0.5517857142857143,1.0,0.07142857142857142,0.13333333333333333,0.5357142857142857,0.31204652786254883
"4,15,3,1,12,19,19,12,14,1,14,15,2,5,20",0.5333333333333333,0.6,0.5517857142857143,0.5,0.5714285714285714,0.5333333333333333,0.5357142857142857,0.994147539138794
"10,15,8,14,11,18,17,22,10,13,9,16,8,14,19",0.5666666666666667,0.6,0.5517857142857143,1.0,0.07142857142857142,0.13333333333333333,0.5357142857142857,0.4046003818511963
"12,1,15,14,10,7,20,14,8,23,3,8,10,4,3",0.5666666666666667,0.6,0.5517857142857143,1.0,0.07142857142857142,0.13333333333333333,0.5357142857142857,0.3477447032928467
"9,6,9,9,13,15,15,11,16,7,11,5,17,18,11",0.5666666666666667,0.6,0.5517857142857143,1.0,0.07142857142857142,0.13333333333333333,0.5357142857142857,0.33191823959350586
"12,3,0,22,14,5,2,20,16,14,17,4,6,10,19",0.5666666666666667,0.5,0.5502232142857143,0.5333333333333333,0.5714285714285714,0.5517241379310345,0.5669642857142857,0.27943873405456543
"4,19,4,17,6,10,7,12,9,10,7,20,0,14,14",0.5333333333333333,0.7,0.55,0.0,0.0,0.0,0.5,0.6867482662200928
"6,9,11,22,5,15,14,8,8,15,4,12,6,12,4",0.6666666666666666,0.2,0.5488839285714285,0.6428571428571429,0.6428571428571429,0.6428571428571429,0.6651785714285714,0.24904084205627441
"2,6,6,6,23,15,14,20,10,4,14,21,17,12,2",0.5333333333333333,0.6,0.5484375,0.5,0.5,0.5,0.53125,0.42826175689697266
"2,13,9,8,8,2,8,11,10,0,5,0,21,4,0",0.5,0.6,0.5484375,0.4827586206896552,1.0,0.6511627906976745,0.53125,0.3149595260620117
"23,10,21,9,12,0,11,18,15,5,23,11,16,0,14",0.5333333333333333,0.6,0.5484375,0.5,0.5,0.5,0.53125,0.3166818618774414
"8,10,0,9,15,21,14,8,17,19,9,19,7,3,23",0.5,0.6,0.5484375,0.4827586206896552,1.0,0.6511627906976745,0.53125,0.47165560722351074
"14,12,14,8,1,17,7,8,8,12,10,0,0,2,1",0.5333333333333333,0.6,0.5484375,0.5,0.5,0.5,0.53125,0.3372340202331543
"18,2,8,16,19,17,3,9,6,6,9,1,0,7,5",0.5,0.6,0.5484375,0.4827586206896552,1.0,0.6511627906976745,0.53125,0.541741132736206
"16,17,22,17,1,18,14,7,2,12,10,2,2,19,11",0.5333333333333333,0.6,0.5484375,0.5,0.5,0.5,0.53125,0.5181636810302734
"1,20,14,2,5,5,18,16,19,6,17,19,19,18,7",0.5,0.6,0.5484375,0.4827586206896552,1.0,0.6511627906976745,0.53125,1.855238437652588
"16,12,12,7,14,22,9,7,3,12,13,5,13,13,14",0.4666666666666667,0.8,0.5482142857142858,0.42857142857142855,0.42857142857142855,0.42857142857142855,0.4642857142857143,0.38134288787841797
"20,15,7,7,5,15,12,6,22,11,18,11,10,23,12",0.5333333333333333,0.5,0.546875,0.5,1.0,0.6666666666666666,0.5625,0.44963788986206055
"4,2,11,18,5,3,11,11,16,2,9,21,14,18,9",0.5333333333333333,0.5,0.546875,0.5,1.0,0.6666666666666666,0.5625,0.37638163566589355
"16,5,17,0,23,2,10,3,20,8,9,17,6,10,22",0.5,0.7,0.5466517857142856,0.46153846153846156,0.42857142857142855,0.4444444444444444,0.4955357142857143,0.4279367923736572
"13,3,12,14,14,2,22,13,6,14,19,10,20,3,17",0.5,0.7,0.5466517857142856,0.46153846153846156,0.42857142857142855,0.4444444444444444,0.4955357142857143,0.3017866611480713
"22,17,5,2,19,3,7,8,8,7,0,12,2,15,16",0.4666666666666667,0.7,0.5466517857142856,0.4642857142857143,0.9285714285714286,0.6190476190476191,0.4955357142857143,0.5997128486633301
"15,19,1,17,14,12,14,8,1,17,0,8,1,12,13",0.6,0.4,0.5453125,0.5833333333333334,0.5,0.5384615384615384,0.59375,0.5329029560089111
"1,1,14,12,14,8,1,17,7,8,8,12,10,0,0",0.5333333333333333,0.6,0.5450892857142857,0.5,0.42857142857142855,0.46153846153846156,0.5267857142857143,0.3610515594482422
"0,4,19,10,10,17,17,1,23,17,6,3,2,13,13",0.5,0.6,0.5450892857142857,0.48148148148148145,0.9285714285714286,0.6341463414634146,0.5267857142857143,0.9654433727264404
"16,16,15,5,4,6,17,11,4,4,9,3,12,17,9",0.5,0.6,0.5450892857142857,0.48148148148148145,0.9285714285714286,0.6341463414634146,0.5267857142857143,0.35752177238464355
"4,19,6,18,14,22,12,15,7,15,15,14,21,5,3",0.5,0.6,0.5450892857142857,0.48148148148148145,0.9285714285714286,0.6341463414634146,0.5267857142857143,0.8549902439117432
"7,0,8,1,9,3,4,2,18,4,15,16,7,17,13",0.5,0.6,0.5450892857142857,0.48148148148148145,0.9285714285714286,0.6341463414634146,0.5267857142857143,0.3073141574859619
"0,11,1,23,3,3,13,9,16,15,14,21,15,7,18",0.5333333333333333,0.6,0.5450892857142857,0.5,0.42857142857142855,0.46153846153846156,0.5267857142857143,0.34007930755615234
"16,6,9,19,5,18,14,22,13,2,2,21,11,15,9",0.5,0.6,0.5450892857142857,0.48148148148148145,0.9285714285714286,0.6341463414634146,0.5267857142857143,0.6061820983886719
"17,19,2,19,7,14,14,1,17,22,2,5,16,12,6",0.5333333333333333,0.5,0.5435267857142857,0.5,0.9285714285714286,0.65,0.5580357142857143,1.3276889324188232
"2,2,22,8,23,2,17,12,8,15,6,18,13,11,1",0.5333333333333333,0.5,0.5435267857142857,0.5,0.9285714285714286,0.65,0.5580357142857143,0.35244035720825195
"14,8,21,0,12,3,14,16,4,13,11,16,5,4,11",0.5333333333333333,0.5,0.5435267857142857,0.5,0.9285714285714286,0.65,0.5580357142857143,0.30469799041748047
"14,8,4,0,12,13,15,16,4,13,5,16,5,7,9",0.5666666666666667,0.5,0.5435267857142857,0.5454545454545454,0.42857142857142855,0.48,0.5580357142857143,0.3062894344329834
"12,17,6,19,5,15,0,6,7,14,17,15,6,20,1",0.5333333333333333,0.5,0.5435267857142857,0.5,0.9285714285714286,0.65,0.5580357142857143,0.4327363967895508
"2,1,2,19,18,17,12,7,5,9,6,16,12,5,16",0.5666666666666667,0.5,0.5435267857142857,0.5454545454545454,0.42857142857142855,0.48,0.5580357142857143,0.9201216697692871
"3,9,0,7,3,22,3,15,20,11,5,3,0,20,14",0.5333333333333333,0.5,0.5435267857142857,0.5,0.9285714285714286,0.65,0.5580357142857143,0.26247072219848633
"7,4,14,10,14,17,21,14,0,15,8,12,0,15,21",0.5333333333333333,0.5,0.5435267857142857,0.5,0.9285714285714286,0.65,0.5580357142857143,0.3516709804534912
"18,19,5,0,5,2,9,9,10,13,19,15,15,21,17",0.5,0.7,0.5433035714285714,0.4545454545454545,0.3571428571428571,0.4,0.4910714285714286,0.7982606887817383
"14,15,10,23,1,10,10,12,3,0,22,14,5,2,20",0.4666666666666667,0.7,0.5433035714285714,0.46153846153846156,0.8571428571428571,0.6,0.49107142857142855,0.31572413444519043
"14,5,4,4,18,3,0,15,20,8,9,8,20,9,4",0.4666666666666667,0.7,0.5433035714285714,0.46153846153846156,0.8571428571428571,0.6,0.49107142857142855,0.3155512809753418
"9,3,17,1,11,1,5,0,14,3,1,0,13,11,9",0.5,0.7,0.5433035714285714,0.45454545454545453,0.35714285714285715,0.4,0.4910714285714286,0.2859835624694824
"15,5,14,11,17,5,14,4,1,16,2,14,9,21,9",0.5666666666666667,0.4,0.5419642857142857,0.52,0.9285714285714286,0.6666666666666666,0.5892857142857143,0.38793468475341797
"18,14,8,13,2,2,21,11,15,7,2,4,15,21,9",0.6,0.4,0.5419642857142857,0.6,0.42857142857142855,0.5,0.5892857142857143,0.4181692600250244
"18,12,4,9,7,15,22,17,12,11,10,14,9,15,15",0.5666666666666667,0.4,0.5419642857142857,0.52,0.9285714285714286,0.6666666666666666,0.5892857142857143,0.43475866317749023
"14,19,15,8,7,20,9,13,1,8,0,16,11,10,13",0.5666666666666667,0.4,0.5419642857142857,0.52,0.9285714285714286,0.6666666666666666,0.5892857142857143,0.37796735763549805
"9,1,0,7,5,7,23,17,9,23,13,7,16,13,10",0.5333333333333333,0.6,0.5417410714285715,0.5,0.35714285714285715,0.4166666666666667,0.5223214285714286,0.2877018451690674
"3,4,15,12,13,19,13,9,15,23,2,16,9,15,15",0.5333333333333333,0.6,0.5417410714285715,0.5,0.35714285714285715,0.4166666666666667,0.5223214285714286,0.40083932876586914
"9,15,22,7,13,15,13,9,2,2,0,5,17,2,11",0.5333333333333333,0.6,0.5417410714285715,0.5,0.35714285714285715,0.4166666666666667,0.5223214285714286,0.25655531883239746
"14,8,1,19,7,5,8,12,11,13,0,16,1,21,13",0.5333333333333333,0.6,0.5417410714285714,0.5,0.35714285714285715,0.4166666666666667,0.5223214285714286,0.35674333572387695
"21,17,11,1,2,14,5,3,14,8,9,10,6,20,1",0.5333333333333333,0.6,0.5417410714285714,0.5,0.35714285714285715,0.4166666666666667,0.5223214285714286,0.7682929039001465
"0,15,7,17,18,0,17,2,15,1,3,10,0,7,6",0.5,0.6,0.5417410714285714,0.48,0.8571428571428571,0.6153846153846154,0.5223214285714286,0.4342687129974365
"2,12,10,2,2,19,11,4,6,1,1,7,4,0,3",0.5,0.6,0.5417410714285714,0.48,0.8571428571428571,0.6153846153846154,0.5223214285714286,0.2908897399902344
"8,19,16,9,14,12,14,8,1,17,23,8,17,12,11",0.5333333333333333,0.6,0.5417410714285714,0.5,0.35714285714285715,0.4166666666666667,0.5223214285714286,0.43598318099975586
"13,18,12,4,9,7,15,22,17,12,11,10,14,9,15",0.4666666666666667,0.8,0.5415178571428572,0.4,0.2857142857142857,0.3333333333333333,0.45535714285714285,0.3938486576080322
"10,2,10,12,6,15,14,19,12,7,2,6,7,11,20",0.5666666666666667,0.5,0.5401785714285714,0.5555555555555556,0.35714285714285715,0.43478260869565216,0.5535714285714286,0.3330256938934326
"2,15,20,3,11,1,16,1,11,8,2,16,15,6,20",0.5333333333333333,0.5,0.5401785714285714,0.5,0.8571428571428571,0.631578947368421,0.5535714285714286,0.3437645435333252
"21,14,12,19,6,1,1,13,1,18,8,16,1,18,16",0.5333333333333333,0.5,0.5401785714285714,0.5,0.8571428571428571,0.631578947368421,0.5535714285714286,0.42755651473999023
"15,1,9,4,12,19,11,0,4,22,11,5,18,4,9",0.5333333333333333,0.5,0.5401785714285714,0.5,0.8571428571428571,0.631578947368421,0.5535714285714286,0.29955244064331055
"12,14,7,4,2,0,17,5,23,17,13,4,6,17,8",0.5666666666666667,0.5,0.5401785714285714,0.5555555555555556,0.35714285714285715,0.43478260869565216,0.5535714285714286,0.5503079891204834
"3,6,0,11,1,23,3,3,13,9,16,15,14,21,15",0.5666666666666667,0.5,0.5401785714285714,0.5555555555555556,0.35714285714285715,0.43478260869565216,0.5535714285714286,0.3315610885620117
"16,6,11,7,6,18,16,22,2,10,20,1,4,7,8",0.5333333333333333,0.5,0.5401785714285714,0.5,0.8571428571428571,0.631578947368421,0.5535714285714286,0.3081204891204834
"0,3,14,7,4,21,4,0,12,1,15,14,10,7,20",0.5333333333333333,0.5,0.5401785714285714,0.5,0.8571428571428571,0.631578947368421,0.5535714285714286,0.3531491756439209
"2,5,5,18,16,19,6,17,19,19,18,7,6,7,9",0.5333333333333333,0.5,0.5401785714285714,0.5,0.8571428571428571,0.631578947368421,0.5535714285714286,2.114286422729492
"16,5,4,11,17,5,16,22,9,15,20,5,4,4,8",0.4666666666666667,0.7,0.5399553571428571,0.4583333333333333,0.7857142857142857,0.5789473684210527,0.48660714285714285,0.32418036460876465
"9,14,18,16,12,17,6,19,5,15,0,6,7,14,17",0.5,0.7,0.5399553571428571,0.4444444444444444,0.2857142857142857,0.34782608695652173,0.48660714285714285,0.49612879753112793
"18,8,5,14,5,4,1,6,3,16,11,14,15,10,23",0.6,0.4,0.5386160714285715,0.625,0.35714285714285715,0.45454545454545453,0.5848214285714286,0.42047905921936035
"12,18,19,8,16,12,1,9,8,21,2,11,22,15,20",0.5666666666666667,0.4,0.5386160714285715,0.5217391304347826,0.8571428571428571,0.6486486486486487,0.5848214285714286,0.573258638381958
"15,10,11,0,17,3,11,14,15,13,9,2,9,18,9",0.5,0.6,0.5383928571428571,0.4782608695652174,0.7857142857142857,0.5945945945945946,0.5178571428571428,0.3149688243865967
"3,19,18,14,14,13,15,8,7,20,9,13,7,8,0",0.5,0.6,0.5383928571428571,0.4782608695652174,0.7857142857142857,0.5945945945945946,0.5178571428571428,0.8434963226318359
"4,11,16,5,18,6,1,16,8,14,8,21,0,12,3",0.5,0.6,0.5383928571428571,0.4782608695652174,0.7857142857142857,0.5945945945945946,0.5178571428571428,0.34241771697998047
"22,6,7,7,12,10,1,12,16,7,19,15,10,6,9",0.5333333333333333,0.6,0.5383928571428571,0.5,0.2857142857142857,0.36363636363636365,0.5178571428571428,0.3481786251068115
"0,14,14,17,15,19,18,14,14,15,10,11,23,9,18",0.5,0.6,0.5383928571428571,0.4782608695652174,0.7857142857142857,0.5945945945945946,0.5178571428571428,0.6682958602905273
"12,5,13,20,3,8,4,8,11,3,21,7,21,9,21",0.5333333333333333,0.6,0.5383928571428571,0.5,0.2857142857142857,0.36363636363636365,0.5178571428571428,0.30837202072143555
"4,13,11,11,5,23,11,11,12,4,9,16,14,4,9",0.5333333333333333,0.6,0.5383928571428571,0.5,0.2857142857142857,0.36363636363636365,0.5178571428571428,0.37633419036865234
"20,3,7,1,5,1,3,8,9,4,16,3,9,19,19",0.5,0.6,0.5383928571428571,0.4782608695652174,0.7857142857142857,0.5945945945945946,0.5178571428571428,0.8719949722290039
"6,23,9,6,16,9,13,15,3,11,16,7,23,5,17",0.4666666666666667,0.8,0.5381696428571429,0.375,0.21428571428571427,0.2727272727272727,0.45089285714285715,0.3077208995819092
"14,10,0,15,7,17,18,0,17,2,15,1,3,10,0",0.6,0.3,0.5370535714285715,0.5454545454545454,0.8571428571428571,0.6666666666666666,0.6160714285714286,0.4770231246948242
"2,0,11,4,2,4,15,0,6,9,18,0,8,19,16",0.5666666666666667,0.5,0.5368303571428571,0.5714285714285714,0.2857142857142857,0.38095238095238093,0.5491071428571428,0.3297579288482666
"14,5,4,11,17,5,9,13,7,8,5,16,11,10,13",0.5666666666666667,0.5,0.5368303571428571,0.5714285714285714,0.2857142857142857,0.38095238095238093,0.5491071428571428,0.3309211730957031
"14,3,0,4,11,16,5,18,6,1,16,8,14,8,21",0.5666666666666667,0.5,0.5368303571428571,0.5714285714285714,0.2857142857142857,0.38095238095238093,0.5491071428571428,0.32669711112976074
"9,11,16,3,13,15,3,11,16,3,23,13,17,18,11",0.5333333333333333,0.5,0.5368303571428571,0.5,0.7857142857142857,0.6111111111111112,0.5491071428571428,0.3795351982116699
"6,1,0,20,2,0,11,4,2,4,15,0,6,9,18",0.5666666666666667,0.5,0.5368303571428571,0.5714285714285714,0.2857142857142857,0.38095238095238093,0.5491071428571428,0.25334739685058594
"4,0,17,7,20,14,15,13,0,2,9,14,12,16,2",0.4666666666666667,0.7,0.5366071428571428,0.45454545454545453,0.7142857142857143,0.5555555555555556,0.48214285714285715,0.378009557723999
"10,3,0,20,5,4,0,13,22,4,17,4,18,9,0",0.5,0.7,0.5366071428571428,0.42857142857142855,0.21428571428571427,0.2857142857142857,0.48214285714285715,0.2887532711029053
"8,7,8,15,0,0,12,14,17,9,15,5,10,14,20",0.5,0.7,0.5366071428571428,0.42857142857142855,0.21428571428571427,0.2857142857142857,0.48214285714285715,0.36786985397338867
"18,5,4,15,0,0,11,13,6,0,3,20,11,16,15",0.4666666666666667,0.7,0.5366071428571428,0.45454545454545453,0.7142857142857143,0.5555555555555556,0.48214285714285715,0.37616467475891113
"23,15,6,5,9,3,10,17,1,11,5,2,9,7,21",0.5666666666666667,0.4,0.5352678571428571,0.5238095238095238,0.7857142857142857,0.6285714285714286,0.5803571428571428,0.38869261741638184
"13,7,21,13,15,18,12,4,21,4,11,15,23,17,22",0.6,0.4,0.5352678571428571,0.6666666666666666,0.2857142857142857,0.4,0.5803571428571428,0.44416022300720215
"10,1,12,0,7,19,15,10,6,9,22,0,11,7,5",0.5666666666666667,0.4,0.5352678571428571,0.5238095238095238,0.7857142857142857,0.6285714285714286,0.5803571428571428,0.3466043472290039
"4,6,17,11,4,4,9,3,5,17,9,14,6,2,3",0.5666666666666667,0.4,0.5352678571428571,0.5238095238095238,0.7857142857142857,0.6285714285714286,0.5803571428571428,0.42007017135620117
"10,3,17,0,6,0,16,1,10,5,21,13,10,1,7",0.5,0.6,0.5350446428571429,0.47619047619047616,0.7142857142857143,0.5714285714285714,0.5133928571428572,0.2532312870025635
"19,14,0,23,10,15,8,14,11,18,17,22,10,13,9",0.5,0.6,0.5350446428571429,0.47619047619047616,0.7142857142857143,0.5714285714285714,0.5133928571428572,0.5678174495697021
"15,5,4,10,17,12,15,4,9,11,5,8,9,13,9",0.5,0.6,0.5350446428571429,0.47619047619047616,0.7142857142857143,0.5714285714285714,0.5133928571428572,0.33908772468566895
"16,5,11,12,6,17,16,22,1,15,20,5,4,4,8",0.5,0.6,0.5350446428571429,0.47619047619047616,0.7142857142857143,0.5714285714285714,0.5133928571428572,0.36911439895629883
"8,14,0,17,17,6,9,4,3,1,4,23,0,11,9",0.5333333333333333,0.6,0.5350446428571428,0.5,0.21428571428571427,0.3,0.5133928571428571,0.31243419647216797
"15,5,4,3,17,5,15,4,1,16,3,14,9,21,15",0.5333333333333333,0.6,0.5350446428571428,0.5,0.21428571428571427,0.3,0.5133928571428571,0.2861368656158447
"7,10,21,1,11,10,10,16,16,17,7,7,1,18,14",0.5333333333333333,0.6,0.5350446428571428,0.5,0.21428571428571427,0.3,0.5133928571428571,0.421144962310791
"8,20,15,16,13,11,19,11,7,8,4,11,2,12,23",0.5333333333333333,0.6,0.5350446428571428,0.5,0.21428571428571427,0.3,0.5133928571428571,0.41346096992492676
"16,5,4,11,17,5,16,22,9,15,5,5,4,4,8",0.43333333333333335,0.8,0.5348214285714286,0.42857142857142855,0.6428571428571429,0.5142857142857142,0.44642857142857145,0.270951509475708
"17,7,8,8,12,10,0,0,2,1,9,13,2,12,23",0.5333333333333333,0.5,0.5334821428571429,0.5,0.7142857142857143,0.5882352941176471,0.5446428571428572,0.34755563735961914
"17,3,10,2,10,8,4,15,9,7,20,14,0,16,7",0.5333333333333333,0.5,0.5334821428571429,0.5,0.7142857142857143,0.5882352941176471,0.5446428571428572,0.3413879871368408
"5,17,0,23,2,10,3,20,8,9,17,6,10,22,17",0.5333333333333333,0.5,0.5334821428571429,0.5,0.7142857142857143,0.5882352941176471,0.5446428571428572,0.3540797233581543
"22,15,14,9,1,0,1,2,0,16,9,13,8,14,19",0.5666666666666667,0.5,0.5334821428571428,0.6,0.21428571428571427,0.3157894736842105,0.5446428571428571,0.45838165283203125
"22,17,1,18,14,7,2,12,10,2,2,19,11,4,6",0.5666666666666667,0.5,0.5334821428571428,0.6,0.21428571428571427,0.3157894736842105,0.5446428571428571,0.464003324508667
"4,0,14,3,0,4,11,16,5,18,6,1,16,8,14",0.5,0.7,0.5332589285714285,0.4,0.14285714285714285,0.21052631578947367,0.4776785714285714,0.3297257423400879
"11,15,23,17,22,1,9,14,12,9,2,9,15,14,11",0.5666666666666667,0.4,0.5319196428571429,0.5263157894736842,0.7142857142857143,0.6060606060606061,0.5758928571428572,0.39365649223327637
"12,13,5,13,13,14,4,19,3,14,16,11,8,3,16",0.5333333333333333,0.6,0.5316964285714285,0.5,0.14285714285714285,0.2222222222222222,0.5089285714285714,0.36182498931884766
"15,16,12,12,7,14,22,9,7,3,12,13,5,13,13",0.5333333333333333,0.6,0.5316964285714285,0.5,0.14285714285714285,0.2222222222222222,0.5089285714285714,0.3733959197998047
"9,2,0,16,17,15,19,8,12,16,4,5,20,5,4",0.5333333333333333,0.6,0.5316964285714285,0.5,0.14285714285714285,0.2222222222222222,0.5089285714285714,0.29474949836730957
"19,16,5,17,0,23,2,10,3,20,8,9,17,6,10",0.5,0.6,0.5316964285714285,0.47368421052631576,0.6428571428571429,0.5454545454545454,0.5089285714285714,0.5902738571166992
"0,19,4,16,11,9,11,23,0,8,22,0,14,0,10",0.5333333333333333,0.6,0.5316964285714285,0.5,0.14285714285714285,0.2222222222222222,0.5089285714285714,0.5226888656616211
"1,12,19,14,10,19,8,23,5,10,19,13,17,23,13",0.5,0.6,0.5316964285714285,0.47368421052631576,0.6428571428571429,0.5454545454545454,0.5089285714285714,0.3564448356628418
"18,0,8,19,16,5,17,0,23,2,10,3,20,8,9",0.4666666666666667,0.8,0.5314732142857144,0.25,0.07142857142857142,0.1111111111111111,0.4419642857142857,0.47104644775390625
"11,23,15,19,3,13,11,15,20,12,8,18,14,7,6",0.4666666666666667,0.8,0.5314732142857144,0.25,0.0714285714285714,0.1111111111111111,0.4419642857142857,0.3448483943939209
"19,10,20,3,17,13,1,6,23,13,4,12,18,19,8",0.5666666666666667,0.5,0.5301339285714286,0.6666666666666666,0.14285714285714285,0.23529411764705882,0.5401785714285714,0.785381555557251
"18,17,1,12,19,14,10,19,8,23,5,10,19,13,17",0.5666666666666667,0.5,0.5301339285714286,0.6666666666666666,0.14285714285714285,0.23529411764705882,0.5401785714285714,0.5321831703186035
"9,22,16,5,5,17,8,0,9,21,6,10,23,8,8",0.5666666666666667,0.5,0.5301339285714286,0.6666666666666666,0.1428571428571428,0.2352941176470588,0.5401785714285714,0.2937765121459961
"22,7,4,14,10,14,17,21,14,0,15,8,12,0,15",0.5333333333333333,0.5,0.5301339285714286,0.5,0.6428571428571429,0.5625,0.5401785714285714,0.36372995376586914
"3,16,0,11,8,9,14,18,13,20,17,10,9,17,19",0.5666666666666667,0.5,0.5301339285714286,0.6666666666666666,0.14285714285714285,0.23529411764705882,0.5401785714285714,0.49892473220825195
"8,5,14,5,4,1,6,3,16,11,14,15,10,23,1",0.5,0.7,0.5299107142857142,0.3333333333333333,0.07142857142857142,0.11764705882352941,0.4732142857142857,0.3288116455078125
"20,8,9,17,6,10,22,17,5,2,19,3,7,8,8",0.4666666666666667,0.7,0.5299107142857142,0.4444444444444444,0.5714285714285714,0.5,0.4732142857142857,0.4915647506713867
"11,3,9,23,16,5,22,8,5,13,4,2,17,18,19",0.5,0.7,0.5299107142857142,0.3333333333333333,0.07142857142857142,0.11764705882352941,0.4732142857142857,0.5966899394989014
"0,10,18,3,19,14,0,23,10,15,8,14,11,18,17",0.5,0.7,0.5299107142857142,0.3333333333333333,0.07142857142857142,0.11764705882352941,0.4732142857142857,0.6539287567138672
"16,9,10,15,20,8,18,9,18,10,7,21,11,5,13",0.5,0.7,0.5299107142857142,0.3333333333333333,0.07142857142857142,0.11764705882352941,0.4732142857142857,0.3565952777862549
"8,15,4,2,15,20,3,11,1,16,1,11,8,2,16",0.5,0.7,0.5299107142857142,0.3333333333333333,0.07142857142857142,0.11764705882352941,0.4732142857142857,0.3413078784942627
"15,7,1,1,14,12,15,4,20,12,7,18,9,7,9",0.5666666666666667,0.4,0.5285714285714286,0.5294117647058824,0.6428571428571429,0.5806451612903226,0.5714285714285714,0.40740036964416504
"15,1,9,1,12,5,5,0,10,1,11,4,18,9,7",0.5666666666666667,0.4,0.5285714285714286,0.5294117647058824,0.6428571428571429,0.5806451612903226,0.5714285714285714,0.3499479293823242
"2,8,1,9,2,9,18,5,18,14,8,13,2,2,21",0.5666666666666667,0.4,0.5285714285714286,0.5294117647058824,0.6428571428571429,0.5806451612903226,0.5714285714285714,0.37044477462768555
"9,6,15,9,13,15,17,11,16,7,9,5,17,18,11",0.5333333333333333,0.6,0.5283482142857143,0.5,0.07142857142857142,0.125,0.5044642857142857,0.635603666305542
"11,1,10,4,4,12,0,12,15,19,1,1,14,12,14",0.5333333333333333,0.6,0.5283482142857143,0.5,0.07142857142857142,0.125,0.5044642857142857,0.38513779640197754
"11,16,0,14,14,17,15,19,18,14,14,15,10,11,23",0.5,0.6,0.5283482142857143,0.47058823529411764,0.5714285714285714,0.5161290322580645,0.5044642857142857,0.6358158588409424
"20,11,1,3,6,20,12,5,13,20,3,8,4,8,11",0.5333333333333333,0.6,0.5283482142857143,0.5,0.07142857142857142,0.125,0.5044642857142857,0.31259727478027344
"11,20,9,12,1,12,16,8,9,15,11,8,11,13,8",0.4666666666666667,0.8,0.528125,0.0,0.0,0.0,0.4375,0.36967945098876953
"18,14,14,13,15,8,7,20,9,13,7,8,0,16,11",0.4666666666666667,0.8,0.528125,0.0,0.0,0.0,0.4375,0.41069531440734863
"5,8,2,7,8,22,14,20,9,21,9,7,2,8,1",0.6,0.3,0.5270089285714286,0.5625,0.6428571428571429,0.6,0.6026785714285714,0.3712313175201416
"15,4,12,6,12,4,7,20,5,1,3,7,3,13,0",0.5666666666666667,0.5,0.5267857142857143,1.0,0.07142857142857142,0.13333333333333333,0.5357142857142857,0.29946398735046387
"2,5,16,12,6,5,0,0,17,18,11,19,10,12,23",0.5333333333333333,0.5,0.5267857142857143,0.5,0.5714285714285714,0.5333333333333333,0.5357142857142857,0.43375086784362793
"16,3,1,22,2,11,16,4,11,18,9,9,5,8,20",0.5666666666666667,0.5,0.5267857142857143,1.0,0.07142857142857142,0.13333333333333333,0.5357142857142857,0.3261847496032715
"3,6,4,11,6,5,18,6,1,16,8,5,4,21,8",0.5666666666666667,0.5,0.5267857142857143,1.0,0.07142857142857142,0.13333333333333333,0.5357142857142857,0.2925691604614258
"1,13,7,9,10,9,7,11,15,13,21,2,6,6,6",0.5666666666666667,0.5,0.5267857142857143,1.0,0.07142857142857142,0.13333333333333333,0.5357142857142857,0.31107163429260254
"13,2,18,14,6,6,22,7,8,6,3,6,1,0,20",0.5666666666666667,0.5,0.5267857142857143,1.0,0.07142857142857142,0.13333333333333333,0.5357142857142857,0.2991471290588379
"10,4,4,12,0,12,15,19,1,1,14,12,14,8,1",0.5666666666666667,0.5,0.5267857142857143,1.0,0.07142857142857142,0.13333333333333333,0.5357142857142857,0.3642721176147461
"14,0,8,2,10,8,22,16,9,0,23,15,6,5,9",0.5666666666666667,0.5,0.5267857142857143,1.0,0.07142857142857142,0.13333333333333333,0.5357142857142857,0.3334672451019287
"19,15,12,8,18,13,16,15,17,6,18,2,17,8,2",0.5,0.7,0.5265625,0.0,0.0,0.0,0.46875,0.6998844146728516
"10,7,20,0,14,14,13,18,10,7,7,10,21,1,11",0.5,0.7,0.5265625,0.0,0.0,0.0,0.46875,0.36820411682128906
"0,8,2,10,8,22,16,9,0,23,15,6,5,9,3",0.4666666666666667,0.7,0.5265625,0.4375,0.5,0.4666666666666667,0.46875,0.23067736625671387
"19,13,9,15,23,2,16,9,15,15,19,12,7,9,11",0.5,0.7,0.5265625,0.0,0.0,0.0,0.46875,0.6090784072875977
"15,21,14,8,17,19,9,19,7,3,23,3,5,8,2",0.5666666666666667,0.4,0.5252232142857143,0.5333333333333333,0.5714285714285714,0.5517241379310345,0.5669642857142857,0.44025111198425293
"13,9,8,8,2,8,11,10,0,5,0,21,4,0,13",0.5666666666666667,0.4,0.5252232142857143,0.5333333333333333,0.5714285714285714,0.5517241379310345,0.5669642857142857,0.27154040336608887
"15,12,13,19,13,9,15,23,2,16,9,15,15,19,12",0.5333333333333333,0.6,0.525,0.0,0.0,0.0,0.5,0.6536576747894287
"2,22,3,12,12,9,2,0,16,17,15,19,8,12,16",0.5333333333333333,0.6,0.525,0.0,0.0,0.0,0.5,0.3751792907714844
"15,10,23,1,10,10,12,3,0,22,14,5,2,20,16",0.5333333333333333,0.6,0.525,0.0,0.0,0.0,0.5,0.3443145751953125
"15,15,14,11,13,0,13,18,5,6,9,9,13,12,17",0.5333333333333333,0.6,0.525,0.0,0.0,0.0,0.5,0.34017276763916016
"17,11,1,10,2,2,15,12,19,19,10,5,20,16,11",0.5333333333333333,0.6,0.525,0.0,0.0,0.0,0.5,1.0389761924743652
"12,23,15,0,13,8,16,11,2,6,14,9,18,10,6",0.4666666666666667,0.6,0.525,0.4666666666666667,1.0,0.6363636363636364,0.5,0.31662511825561523
"23,15,11,20,5,3,11,21,16,22,9,11,14,18,6",0.5333333333333333,0.6,0.525,0.0,0.0,0.0,0.5,0.48821330070495605
"22,13,6,14,19,10,20,3,17,13,1,6,23,13,4",0.4666666666666667,0.6,0.525,0.4666666666666667,1.0,0.6363636363636364,0.5,0.28818655014038086
"16,5,18,6,1,16,8,14,8,21,0,12,3,14,16",0.5333333333333333,0.6,0.525,0.0,0.0,0.0,0.5,0.3657684326171875
"20,16,17,11,17,21,7,12,2,22,16,15,10,18,6",0.5333333333333333,0.6,0.525,0.0,0.0,0.0,0.5,0.3929736614227295
"1,13,0,19,2,7,17,3,16,1,9,16,10,7,16",0.5333333333333333,0.6,0.525,0.0,0.0,0.0,0.5,0.36581873893737793
"18,6,18,18,6,1,17,14,7,8,20,0,3,16,0",0.5333333333333333,0.6,0.525,0.0,0.0,0.0,0.5,0.8173770904541016
"17,5,2,19,3,7,8,8,7,0,12,2,15,16,12",0.5333333333333333,0.6,0.525,0.0,0.0,0.0,0.5,0.5208988189697266
"10,19,13,17,23,13,10,16,8,13,20,17,14,9,4",0.5333333333333333,0.6,0.525,0.0,0.0,0.0,0.5,0.3738853931427002
"6,21,12,21,3,5,4,12,5,2,12,9,12,6,9",0.4666666666666667,0.6,0.525,0.4666666666666667,1.0,0.6363636363636364,0.5,0.2925078868865967
"14,14,17,15,19,18,14,14,15,10,11,23,9,18,1",0.5333333333333333,0.6,0.525,0.0,0.0,0.0,0.5,0.8978679180145264
"16,6,4,8,6,17,16,22,9,15,5,5,9,4,9",0.5333333333333333,0.6,0.525,0.0,0.0,0.0,0.5,0.30203938484191895
"5,15,17,9,19,8,14,16,21,17,11,12,5,16,9",0.5,0.6,0.525,0.4666666666666667,0.5,0.4827586206896552,0.5,0.47046995162963867
"9,8,21,2,11,22,15,20,8,3,17,13,9,5,13",0.6,0.3,0.5236607142857144,0.5714285714285714,0.5714285714285714,0.5714285714285714,0.5982142857142857,0.34119558334350586
"16,22,9,11,14,18,9,15,22,7,13,15,13,9,2",0.6,0.3,0.5236607142857143,0.5714285714285714,0.5714285714285714,0.5714285714285714,0.5982142857142857,0.3380882740020752
"8,8,4,11,7,8,2,12,10,0,5,2,9,9,9",0.5,0.5,0.5234375,0.4827586206896552,1.0,0.6511627906976745,0.53125,0.30921125411987305
"2,12,9,12,6,9,11,22,5,15,14,8,8,15,4",0.5,0.5,0.5234375,0.4827586206896552,1.0,0.6511627906976745,0.53125,0.33138585090637207
"14,0,17,17,6,9,4,3,1,4,23,0,11,9,0",0.5,0.5,0.5234375,0.4827586206896552,1.0,0.6511627906976745,0.53125,0.32471275329589844
"16,6,4,12,6,17,4,22,9,15,5,5,4,4,8",0.5,0.5,0.5234375,0.4827586206896552,1.0,0.6511627906976745,0.53125,0.2579967975616455
"23,13,7,16,13,10,13,4,5,9,3,21,2,17,19",0.5,0.5,0.5234375,0.4827586206896552,1.0,0.6511627906976745,0.53125,0.4082527160644531
"22,12,23,6,7,22,11,1,22,1,13,0,19,2,7",0.5,0.5,0.5234375,0.4827586206896552,1.0,0.6511627906976745,0.53125,0.3359813690185547
"16,11,15,15,6,12,7,9,11,18,16,13,9,16,15",0.5333333333333333,0.5,0.5234375,0.5,0.5,0.5,0.53125,0.42786216735839844
"23,11,1,2,22,3,12,12,9,2,0,16,17,15,19",0.5,0.5,0.5234375,0.4827586206896552,1.0,0.6511627906976745,0.53125,0.3304905891418457
"9,13,8,14,19,8,2,20,13,22,2,0,12,0,8",0.5333333333333333,0.5,0.5234375,0.5,0.5,0.5,0.53125,0.33058834075927734
"1,2,0,16,9,13,8,14,19,8,2,20,13,22,2",0.5,0.5,0.5234375,0.4827586206896552,1.0,0.6511627906976745,0.53125,0.34503889083862305
"16,4,13,11,16,5,3,11,11,16,22,9,11,14,18",0.4666666666666667,0.7,0.5232142857142856,0.42857142857142855,0.42857142857142855,0.42857142857142855,0.4642857142857143,0.3394033908843994
"10,3,23,3,13,3,12,14,14,2,22,13,6,14,19",0.5666666666666667,0.4,0.521875,0.5384615384615384,0.5,0.5185185185185185,0.5625,0.3463881015777588
"11,20,4,10,1,9,11,8,9,11,7,8,11,12,10",0.5333333333333333,0.4,0.521875,0.5,1.0,0.6666666666666666,0.5625,0.2918753623962402
"9,22,11,5,2,3,11,0,14,20,9,3,12,18,9",0.5333333333333333,0.4,0.521875,0.5,1.0,0.6666666666666666,0.5625,0.32198476791381836
"14,15,13,7,23,12,12,17,3,10,2,10,8,4,15",0.4666666666666667,0.6,0.5216517857142857,0.4642857142857143,0.9285714285714286,0.6190476190476191,0.4955357142857143,0.40113115310668945
"11,6,3,22,6,17,10,13,19,6,19,17,13,18,12",0.5,0.6,0.5216517857142857,0.46153846153846156,0.42857142857142855,0.4444444444444444,0.4955357142857143,1.0674769878387451
"3,5,4,12,5,2,12,9,12,6,9,11,22,5,15",0.5,0.6,0.5216517857142857,0.46153846153846156,0.42857142857142855,0.4444444444444444,0.4955357142857143,0.3061637878417969
"13,5,13,13,14,4,19,3,14,16,11,8,3,16,14",0.5,0.6,0.5216517857142857,0.46153846153846156,0.42857142857142855,0.4444444444444444,0.4955357142857143,0.35846447944641113
"0,21,1,1,0,12,3,20,2,8,19,13,2,18,14",0.5,0.6,0.5216517857142857,0.46153846153846156,0.42857142857142855,0.4444444444444444,0.4955357142857143,0.3777337074279785
"18,16,15,1,2,19,9,6,3,12,9,12,12,7,5",0.5,0.6,0.5216517857142857,0.46153846153846156,0.42857142857142855,0.4444444444444444,0.4955357142857143,0.458737850189209
"15,0,6,9,18,0,8,19,16,5,17,0,23,2,10",0.4666666666666667,0.6,0.5216517857142857,0.4642857142857143,0.9285714285714286,0.6190476190476191,0.4955357142857143,0.3968017101287842
"2,19,9,6,3,12,9,12,12,7,5,18,17,5,4",0.4666666666666667,0.6,0.5216517857142857,0.4642857142857143,0.9285714285714286,0.6190476190476191,0.4955357142857143,0.5900897979736328
"11,8,11,15,16,1,8,8,10,6,5,15,2,1,22",0.4666666666666667,0.6,0.5216517857142857,0.4642857142857143,0.9285714285714286,0.6190476190476191,0.4955357142857143,0.33244872093200684
"16,12,8,3,4,15,12,13,19,13,9,15,23,2,16",0.43333333333333335,0.8,0.5214285714285715,0.38461538461538464,0.35714285714285715,0.37037037037037035,0.4285714285714286,0.4301881790161133
"5,6,9,5,20,16,2,17,11,20,17,16,3,1,2",0.5,0.5,0.5200892857142857,0.48148148148148145,0.9285714285714286,0.6341463414634146,0.5267857142857143,0.34696221351623535
"5,16,23,14,6,10,3,23,3,13,3,12,14,14,2",0.5333333333333333,0.5,0.5200892857142857,0.5,0.42857142857142855,0.46153846153846156,0.5267857142857143,0.2950284481048584
"21,2,5,10,8,7,21,10,2,4,8,8,3,4,9",0.43333333333333335,0.7,0.5198660714285714,0.4444444444444444,0.8571428571428571,0.5853658536585366,0.45982142857142855,0.34993767738342285
"16,3,22,2,7,8,18,14,14,15,1,1,20,14,2",0.43333333333333335,0.7,0.5198660714285714,0.4444444444444444,0.8571428571428571,0.5853658536585366,0.45982142857142855,0.39090681076049805
"17,18,8,5,14,5,4,1,6,3,16,11,14,15,10",0.5333333333333333,0.4,0.5185267857142857,0.5,0.9285714285714286,0.65,0.5580357142857143,0.39530086517333984
"14,8,1,19,7,5,8,12,11,13,0,8,1,21,13",0.5,0.6,0.5183035714285715,0.45454545454545453,0.35714285714285715,0.4,0.4910714285714286,0.39066147804260254
"17,4,10,1,0,2,16,16,16,15,5,4,6,17,11",0.4666666666666667,0.6,0.5183035714285714,0.46153846153846156,0.8571428571428571,0.6,0.49107142857142855,0.3354613780975342
"8,20,3,7,1,5,1,3,8,9,4,16,3,9,19",0.5,0.6,0.5183035714285714,0.45454545454545453,0.35714285714285715,0.4,0.4910714285714286,0.24031782150268555
"14,15,13,0,2,9,14,12,16,2,23,16,9,6,22",0.4666666666666667,0.6,0.5183035714285714,0.46153846153846156,0.8571428571428571,0.6,0.49107142857142855,0.38266634941101074
"15,6,4,6,17,11,4,4,9,3,5,17,9,14,6",0.4666666666666667,0.6,0.5183035714285714,0.46153846153846156,0.8571428571428571,0.6,0.49107142857142855,0.24725818634033203
"18,11,9,4,0,10,12,4,9,16,23,4,16,2,5",0.4666666666666667,0.6,0.5183035714285714,0.46153846153846156,0.8571428571428571,0.6,0.49107142857142855,0.40157628059387207
"0,12,19,19,10,5,20,16,11,13,9,8,13,21,14",0.4666666666666667,0.6,0.5183035714285714,0.46153846153846156,0.8571428571428571,0.6,0.49107142857142855,0.9768772125244141
"1,10,10,12,3,0,22,14,5,2,20,16,14,17,4",0.5,0.5,0.5167410714285714,0.48,0.8571428571428571,0.6153846153846154,0.5223214285714286,0.29741787910461426
"7,5,7,23,17,9,23,13,7,16,13,10,13,4,5",0.5,0.5,0.5167410714285714,0.48,0.8571428571428571,0.6153846153846154,0.5223214285714286,0.3062925338745117
"0,19,2,7,17,3,16,1,9,16,10,7,16,15,20",0.5,0.5,0.5167410714285714,0.48,0.8571428571428571,0.6153846153846154,0.5223214285714286,0.5237634181976318
"15,19,16,9,14,12,14,8,1,17,23,8,17,12,11",0.5,0.5,0.5167410714285714,0.48,0.8571428571428571,0.6153846153846154,0.5223214285714286,0.47769713401794434
"3,13,3,12,14,14,2,22,13,6,14,19,10,20,3",0.5,0.5,0.5167410714285714,0.48,0.8571428571428571,0.6153846153846154,0.5223214285714286,0.371030330657959
"9,6,9,9,13,15,5,11,16,7,11,5,17,18,11",0.5,0.5,0.5167410714285714,0.48,0.8571428571428571,0.6153846153846154,0.5223214285714286,0.32824063301086426
"1,13,1,18,8,16,1,18,16,5,23,3,16,7,4",0.5,0.5,0.5167410714285714,0.48,0.8571428571428571,0.6153846153846154,0.5223214285714286,0.40097928047180176
"16,22,7,3,8,11,23,2,9,10,6,16,2,9,23",0.5,0.5,0.5167410714285714,0.48,0.8571428571428571,0.6153846153846154,0.5223214285714286,0.37188005447387695
"15,13,0,2,9,14,12,16,2,23,16,9,6,22,10",0.43333333333333335,0.7,0.5165178571428571,0.44,0.7857142857142857,0.5641025641025641,0.45535714285714285,0.352719783782959
"8,16,12,1,9,8,21,2,11,22,15,20,8,3,17",0.4666666666666667,0.7,0.5165178571428571,0.4,0.2857142857142857,0.3333333333333333,0.45535714285714285,0.29648327827453613
"0,19,2,4,4,19,6,18,14,22,12,15,7,15,15",0.43333333333333335,0.7,0.5165178571428571,0.44,0.7857142857142857,0.5641025641025641,0.45535714285714285,1.5895733833312988
"10,10,12,3,0,22,14,5,2,20,16,14,17,4,6",0.4666666666666667,0.7,0.5165178571428571,0.4,0.2857142857142857,0.3333333333333333,0.45535714285714285,0.2803370952606201
"16,12,6,5,0,0,17,18,11,19,10,12,23,1,6",0.4666666666666667,0.7,0.5165178571428571,0.4,0.2857142857142857,0.3333333333333333,0.45535714285714285,0.36342477798461914
"5,5,15,2,16,9,15,2,2,10,0,19,2,4,4",0.5666666666666667,0.4,0.5151785714285715,0.5555555555555556,0.35714285714285715,0.43478260869565216,0.5535714285714286,0.30180883407592773
"19,17,6,9,0,16,7,12,3,2,1,12,12,21,8",0.5666666666666667,0.4,0.5151785714285715,0.5555555555555556,0.35714285714285715,0.43478260869565216,0.5535714285714286,0.7427012920379639
"5,7,23,17,9,23,13,7,16,13,10,13,4,5,9",0.5333333333333333,0.4,0.5151785714285715,0.5,0.8571428571428571,0.631578947368421,0.5535714285714286,0.3210747241973877
"16,15,5,4,6,17,11,4,4,9,3,5,17,9,14",0.5,0.6,0.5149553571428571,0.4444444444444444,0.2857142857142857,0.34782608695652173,0.48660714285714285,0.3856828212738037
"12,3,20,2,8,19,13,2,18,14,6,6,22,7,8",0.4666666666666667,0.6,0.5149553571428571,0.4583333333333333,0.7857142857142857,0.5789473684210527,0.48660714285714285,0.35219621658325195
"4,21,2,13,9,8,8,2,8,11,10,0,5,0,21",0.5,0.6,0.5149553571428571,0.4444444444444444,0.2857142857142857,0.34782608695652173,0.48660714285714285,0.37482595443725586
"0,12,10,9,18,18,8,5,7,2,18,2,2,3,11",0.5,0.6,0.5149553571428571,0.4444444444444444,0.2857142857142857,0.34782608695652173,0.48660714285714285,0.4208953380584717
"12,3,14,16,4,13,11,16,5,3,11,11,16,22,9",0.5,0.6,0.5149553571428571,0.4444444444444444,0.2857142857142857,0.34782608695652173,0.48660714285714285,0.33568620681762695
"6,23,13,4,12,18,19,8,16,12,1,9,8,21,2",0.4666666666666667,0.6,0.5149553571428571,0.4583333333333333,0.7857142857142857,0.5789473684210527,0.48660714285714285,0.5650696754455566
"17,6,10,22,17,5,2,19,3,7,8,8,7,0,12",0.4,0.8,0.5147321428571429,0.4166666666666667,0.7142857142857143,0.5263157894736842,0.41964285714285715,0.5145411491394043
"3,0,4,11,16,13,15,6,1,16,5,14,8,7,9",0.5,0.5,0.5133928571428571,0.4782608695652174,0.7857142857142857,0.5945945945945946,0.5178571428571428,0.2867741584777832
"6,3,9,0,7,3,22,3,15,20,11,5,3,0,20",0.5,0.5,0.5133928571428571,0.4782608695652174,0.7857142857142857,0.5945945945945946,0.5178571428571428,0.2340378761291504
"8,20,10,20,5,6,4,16,1,4,8,9,7,5,15",0.5333333333333333,0.5,0.5133928571428571,0.5,0.2857142857142857,0.36363636363636365,0.5178571428571428,0.2646043300628662
"3,0,20,5,4,0,13,22,4,17,4,18,9,0,0",0.5,0.5,0.5133928571428571,0.4782608695652174,0.7857142857142857,0.5945945945945946,0.5178571428571428,0.2658064365386963
"13,1,18,8,16,1,18,16,5,23,3,16,7,4,0",0.5,0.5,0.5133928571428571,0.4782608695652174,0.7857142857142857,0.5945945945945946,0.5178571428571428,0.3722569942474365
"9,9,13,20,6,2,11,12,0,22,1,4,4,9,18",0.43333333333333335,0.7,0.5131696428571428,0.43478260869565216,0.7142857142857143,0.5405405405405406,0.45089285714285715,0.2543680667877197
"14,2,21,0,5,3,14,16,4,13,11,21,11,3,7",0.4666666666666667,0.7,0.5131696428571428,0.375,0.21428571428571427,0.2727272727272727,0.45089285714285715,0.3028435707092285
"17,22,2,5,16,12,6,5,0,0,17,18,11,19,10",0.4666666666666667,0.7,0.5131696428571428,0.375,0.21428571428571427,0.2727272727272727,0.45089285714285715,0.41449427604675293
"19,14,23,10,14,15,0,9,19,3,11,23,6,9,4",0.4666666666666667,0.7,0.5131696428571428,0.375,0.21428571428571427,0.2727272727272727,0.45089285714285715,0.4987514019012451
"16,11,14,15,10,23,1,10,10,12,3,0,22,14,5",0.43333333333333335,0.7,0.5131696428571428,0.43478260869565216,0.7142857142857143,0.5405405405405406,0.45089285714285715,0.3214716911315918
"8,13,21,14,12,19,6,1,1,13,1,18,8,16,1",0.5333333333333333,0.4,0.5118303571428571,0.5,0.7857142857142857,0.6111111111111112,0.5491071428571428,0.389756441116333
"5,15,14,8,8,15,4,12,6,12,4,7,20,5,1",0.4666666666666667,0.6,0.5116071428571429,0.45454545454545453,0.7142857142857143,0.5555555555555556,0.48214285714285715,0.3767428398132324
"12,11,17,4,2,1,5,5,14,20,1,3,12,11,12",0.5,0.6,0.5116071428571428,0.4285714285714285,0.2142857142857142,0.2857142857142857,0.4821428571428571,0.2651572227478027
"11,12,6,17,16,22,9,15,20,5,4,4,8,0,18",0.4666666666666667,0.6,0.5116071428571428,0.45454545454545453,0.7142857142857143,0.5555555555555556,0.48214285714285715,0.32958984375
"6,23,15,14,20,10,4,14,21,17,12,2,0,4,15",0.5,0.6,0.5116071428571428,0.42857142857142855,0.21428571428571427,0.2857142857142857,0.48214285714285715,0.3850667476654053
"12,10,2,2,19,11,4,6,1,1,7,4,0,3,21",0.4666666666666667,0.6,0.5116071428571428,0.45454545454545453,0.7142857142857143,0.5555555555555556,0.48214285714285715,0.2418675422668457
"11,16,5,3,11,11,16,22,9,11,14,18,9,15,22",0.5,0.6,0.5116071428571428,0.42857142857142855,0.21428571428571427,0.2857142857142857,0.48214285714285715,0.32811617851257324
"11,23,6,11,2,4,14,16,22,7,3,8,11,23,2",0.43333333333333335,0.8,0.5113839285714286,0.2857142857142857,0.14285714285714285,0.19047619047619047,0.4151785714285714,0.3319053649902344
"23,0,16,7,22,14,10,13,10,23,11,2,2,19,12",0.5666666666666667,0.3,0.5102678571428572,0.5238095238095238,0.7857142857142857,0.6285714285714286,0.5803571428571428,0.532376766204834
"16,9,15,15,19,12,7,9,11,18,16,21,3,16,0",0.5,0.5,0.5100446428571429,0.47619047619047616,0.7142857142857143,0.5714285714285714,0.5133928571428572,0.483015775680542
"4,13,11,5,5,3,11,11,4,4,9,3,14,17,9",0.5,0.5,0.5100446428571429,0.47619047619047616,0.7142857142857143,0.5714285714285714,0.5133928571428572,0.28240251541137695
"6,10,7,12,9,10,7,20,0,14,14,13,18,10,7",0.5,0.5,0.5100446428571429,0.47619047619047616,0.7142857142857143,0.5714285714285714,0.5133928571428572,0.3722667694091797
"11,10,21,8,6,7,10,3,0,9,15,4,10,15,6",0.5333333333333333,0.5,0.5100446428571428,0.5,0.21428571428571427,0.3,0.5133928571428571,0.29030489921569824
"10,5,17,3,13,19,2,2,9,14,4,12,20,17,5",0.5333333333333333,0.5,0.5100446428571428,0.5,0.21428571428571427,0.3,0.5133928571428571,0.30866360664367676
"5,1,0,21,1,1,0,12,3,20,2,8,19,13,2",0.5333333333333333,0.5,0.5100446428571428,0.5,0.21428571428571427,0.3,0.5133928571428571,0.3157505989074707
"9,11,23,0,8,22,0,14,0,10,9,22,15,14,9",0.5333333333333333,0.5,0.5100446428571428,0.5,0.21428571428571427,0.3,0.5133928571428571,0.6561334133148193
"2,23,15,0,7,3,10,0,18,9,19,17,0,22,2",0.43333333333333335,0.7,0.5098214285714286,0.42857142857142855,0.6428571428571429,0.5142857142857142,0.44642857142857145,0.4951143264770508
"4,0,10,12,4,9,16,23,4,16,2,5,19,16,16",0.4666666666666667,0.7,0.5098214285714285,0.3333333333333333,0.14285714285714285,0.2,0.4464285714285714,0.4931046962738037
"17,17,6,9,4,3,1,4,23,0,11,9,0,19,15",0.4666666666666667,0.7,0.5098214285714285,0.3333333333333333,0.14285714285714285,0.2,0.4464285714285714,0.3514902591705322
"19,13,2,18,14,6,6,22,7,8,6,3,6,1,0",0.5333333333333333,0.4,0.5084821428571429,0.5,0.7142857142857143,0.5882352941176471,0.5446428571428572,0.5674266815185547
"15,1,9,6,12,11,5,0,9,3,11,17,18,14,7",0.5333333333333333,0.4,0.5084821428571429,0.5,0.7142857142857143,0.5882352941176471,0.5446428571428572,0.641890287399292
"12,8,13,17,14,17,11,1,10,2,2,15,12,19,19",0.5333333333333333,0.4,0.5084821428571429,0.5,0.7142857142857143,0.5882352941176471,0.5446428571428572,0.8875777721405029
"15,12,10,0,2,0,18,0,13,0,9,16,10,15,14",0.5666666666666667,0.4,0.5084821428571428,0.6,0.21428571428571427,0.3157894736842105,0.5446428571428571,0.29480934143066406
"12,4,21,4,11,15,23,17,22,1,9,14,12,9,2",0.4666666666666667,0.6,0.5082589285714286,0.45,0.6428571428571429,0.5294117647058824,0.47767857142857145,0.38361072540283203
"9,6,19,9,13,15,20,11,16,7,9,5,17,18,11",0.4666666666666667,0.6,0.5082589285714286,0.45,0.6428571428571429,0.5294117647058824,0.47767857142857145,0.35666918754577637
"14,22,10,21,14,3,10,15,12,3,18,11,4,15,3",0.5,0.6,0.5082589285714285,0.4,0.14285714285714285,0.21052631578947367,0.4776785714285714,0.37378716468811035
"7,3,12,13,5,13,13,14,4,19,3,14,16,11,8",0.5,0.6,0.5082589285714285,0.4,0.14285714285714285,0.21052631578947367,0.4776785714285714,0.3523893356323242
"9,3,4,2,18,4,15,16,7,17,13,15,3,15,17",0.5,0.6,0.5082589285714285,0.4,0.14285714285714285,0.21052631578947367,0.4776785714285714,0.2961397171020508
"10,23,1,10,10,12,3,0,22,14,5,2,20,16,14",0.5,0.6,0.5082589285714285,0.4,0.14285714285714285,0.21052631578947367,0.4776785714285714,0.3592648506164551
"7,4,22,12,3,14,8,17,6,1,10,12,2,13,14",0.5,0.6,0.5082589285714285,0.4,0.14285714285714285,0.21052631578947367,0.4776785714285714,0.2756235599517822
"12,0,12,15,19,1,1,14,12,14,8,1,17,7,8",0.5,0.6,0.5082589285714285,0.4,0.14285714285714285,0.21052631578947367,0.4776785714285714,0.3999292850494385
"21,8,1,18,17,13,0,23,5,5,11,22,0,17,11",0.5,0.6,0.5082589285714285,0.4,0.1428571428571428,0.2105263157894736,0.4776785714285714,0.3355426788330078
"8,14,19,8,2,20,13,22,2,0,12,0,8,23,0",0.5666666666666667,0.3,0.506919642857143,0.5263157894736842,0.7142857142857143,0.6060606060606061,0.5758928571428572,0.3241450786590576
"12,10,1,12,0,7,19,15,10,6,9,22,0,11,7",0.5333333333333333,0.5,0.5066964285714286,0.5,0.14285714285714285,0.2222222222222222,0.5089285714285714,0.3468899726867676
"6,0,11,1,23,3,3,13,9,16,15,14,21,15,7",0.5,0.5,0.5066964285714286,0.47368421052631576,0.6428571428571429,0.5454545454545454,0.5089285714285714,0.38897705078125
"8,21,0,12,3,14,16,4,13,11,16,5,3,11,11",0.5,0.5,0.5066964285714286,0.47368421052631576,0.6428571428571429,0.5454545454545454,0.5089285714285714,0.31070876121520996
"9,6,21,9,13,15,14,11,16,7,11,5,17,18,11",0.5333333333333333,0.5,0.5066964285714286,0.5,0.14285714285714285,0.2222222222222222,0.5089285714285714,0.38513898849487305
"0,1,21,0,8,20,15,16,13,11,19,11,7,8,4",0.5333333333333333,0.5,0.5066964285714286,0.5,0.14285714285714285,0.2222222222222222,0.5089285714285714,0.33765482902526855
"0,14,14,13,18,10,7,7,10,21,1,11,10,10,16",0.5333333333333333,0.5,0.5066964285714286,0.5,0.14285714285714285,0.2222222222222222,0.5089285714285714,0.3896605968475342
"1,0,20,2,0,11,4,2,4,15,0,6,9,18,0",0.5333333333333333,0.5,0.5066964285714286,0.5,0.14285714285714285,0.2222222222222222,0.5089285714285714,0.2541806697845459
"14,12,16,2,23,16,9,6,22,10,7,14,3,9,21",0.5333333333333333,0.5,0.5066964285714286,0.5,0.14285714285714285,0.2222222222222222,0.5089285714285714,0.36629581451416016
"12,3,11,8,17,3,11,10,12,2,9,14,13,18,9",0.5,0.5,0.5066964285714286,0.47368421052631576,0.6428571428571429,0.5454545454545454,0.5089285714285714,0.34320688247680664
"20,8,14,10,0,15,7,17,18,0,17,2,15,1,3",0.43333333333333335,0.7,0.5064732142857142,0.42105263157894735,0.5714285714285714,0.48484848484848486,0.4419642857142857,0.45682692527770996
"6,17,0,18,5,12,15,0,4,4,13,6,0,2,20",0.43333333333333335,0.7,0.5064732142857142,0.42105263157894735,0.5714285714285714,0.48484848484848486,0.4419642857142857,0.3348870277404785
"16,3,9,14,10,12,15,17,10,23,11,0,13,13,9",0.4666666666666667,0.7,0.5064732142857142,0.25,0.07142857142857142,0.1111111111111111,0.4419642857142857,0.3491802215576172
"8,1,9,2,9,18,5,18,14,8,13,2,2,21,11",0.4666666666666667,0.7,0.5064732142857142,0.25,0.07142857142857142,0.1111111111111111,0.4419642857142857,0.401076078414917
"16,16,15,5,4,6,17,11,11,4,9,3,5,17,9",0.4,0.9,0.50625,0.0,0.0,0.0,0.375,0.31464171409606934
"16,3,9,14,10,12,9,17,10,23,11,0,13,13,3",0.5666666666666667,0.4,0.5051339285714286,0.6666666666666666,0.14285714285714285,0.23529411764705882,0.5401785714285714,0.342343807220459
"16,2,22,1,3,0,4,10,13,20,15,10,3,14,21",0.5333333333333333,0.4,0.5051339285714286,0.5,0.6428571428571429,0.5625,0.5401785714285714,0.31737852096557617
"14,16,4,13,11,16,5,3,11,11,16,22,9,11,14",0.5,0.6,0.5049107142857143,0.3333333333333333,0.07142857142857142,0.11764705882352941,0.4732142857142857,0.32703351974487305
"13,17,18,8,5,14,5,4,1,6,3,16,11,14,15",0.4666666666666667,0.6,0.5049107142857143,0.4444444444444444,0.5714285714285714,0.5,0.4732142857142857,0.3717310428619385
"22,4,17,4,18,9,0,0,19,5,2,9,4,8,0",0.5,0.6,0.5049107142857143,0.3333333333333333,0.07142857142857142,0.11764705882352941,0.4732142857142857,0.4212503433227539
"16,5,3,11,11,16,22,9,11,14,18,9,15,22,7",0.5,0.6,0.5049107142857143,0.3333333333333333,0.07142857142857142,0.11764705882352941,0.4732142857142857,0.37459516525268555
"9,13,2,3,11,3,11,23,5,17,9,11,9,18,9",0.5,0.6,0.5049107142857143,0.3333333333333333,0.07142857142857142,0.11764705882352941,0.4732142857142857,0.31725573539733887
"3,15,14,16,8,7,1,13,7,9,10,9,7,11,15",0.5,0.6,0.5049107142857143,0.3333333333333333,0.07142857142857142,0.11764705882352941,0.4732142857142857,0.4052889347076416
"12,5,11,8,17,3,11,10,20,2,9,14,13,18,9",0.4666666666666667,0.6,0.5049107142857143,0.4444444444444444,0.5714285714285714,0.5,0.4732142857142857,0.2963545322418213
"16,0,15,15,19,12,7,9,11,18,16,9,3,16,0",0.5,0.6,0.5049107142857143,0.3333333333333333,0.07142857142857142,0.11764705882352941,0.4732142857142857,0.3841366767883301
"10,0,19,2,4,4,19,6,18,14,22,12,15,7,15",0.5333333333333333,0.5,0.5033482142857143,0.5,0.07142857142857142,0.125,0.5044642857142857,1.345047950744629
"6,10,7,20,3,8,0,14,9,8,19,0,7,16,18",0.5,0.5,0.5033482142857143,0.47058823529411764,0.5714285714285714,0.5161290322580645,0.5044642857142857,0.3582777976989746
"23,5,10,19,13,17,23,13,10,16,8,13,20,17,14",0.5333333333333333,0.5,0.5033482142857143,0.5,0.07142857142857142,0.125,0.5044642857142857,0.3573570251464844
"4,16,3,9,19,19,17,13,3,7,3,2,5,23,1",0.5,0.5,0.5033482142857143,0.47058823529411764,0.5714285714285714,0.5161290322580645,0.5044642857142857,1.3439605236053467
"9,6,16,9,13,15,2,11,16,7,23,5,17,18,11",0.5333333333333333,0.5,0.5033482142857143,0.5,0.07142857142857142,0.125,0.5044642857142857,0.38963818550109863
"17,6,18,2,17,8,2,5,6,9,5,20,16,2,17",0.5,0.5,0.5033482142857143,0.47058823529411764,0.5714285714285714,0.5161290322580645,0.5044642857142857,0.5306260585784912
"1,7,0,8,1,9,3,4,2,18,4,15,16,7,17",0.5333333333333333,0.5,0.5033482142857143,0.5,0.07142857142857142,0.125,0.5044642857142857,0.32323789596557617
"10,2,2,15,12,19,19,10,5,20,16,11,13,9,8",0.5333333333333333,0.5,0.5033482142857143,0.5,0.07142857142857142,0.125,0.5044642857142857,0.9034833908081055
"1,9,8,21,2,11,22,15,20,8,3,17,13,9,5",0.5333333333333333,0.5,0.5033482142857143,0.5,0.07142857142857142,0.125,0.5044642857142857,0.3146519660949707
"20,5,16,23,14,6,10,3,23,3,13,3,12,14,14",0.5,0.5,0.5033482142857143,0.47058823529411764,0.5714285714285714,0.5161290322580645,0.5044642857142857,0.30490708351135254
"0,18,5,12,15,0,4,4,13,6,0,2,20,11,5",0.4666666666666667,0.7,0.503125,0.0,0.0,0.0,0.4375,0.32945966720581055
"2,2,10,0,19,2,4,4,19,6,18,14,22,12,15",0.5666666666666667,0.4,0.5017857142857143,1.0,0.07142857142857142,0.13333333333333333,0.5357142857142857,1.3181366920471191
"23,8,7,8,15,0,0,12,14,17,9,15,5,10,14",0.5333333333333333,0.4,0.5017857142857143,0.5,0.5714285714285714,0.5333333333333333,0.5357142857142857,0.3535420894622803
"22,5,17,17,0,3,9,1,5,15,2,22,15,2,2",0.5333333333333333,0.4,0.5017857142857143,0.5,0.5714285714285714,0.5333333333333333,0.5357142857142857,0.40047478675842285
"5,2,19,3,7,8,8,7,0,12,2,15,16,12,12",0.5333333333333333,0.4,0.5017857142857143,0.5,0.5714285714285714,0.5333333333333333,0.5357142857142857,0.544349193572998
"4,2,1,2,19,18,17,12,7,5,9,6,16,12,5",0.5666666666666667,0.4,0.5017857142857143,1.0,0.07142857142857142,0.13333333333333333,0.5357142857142857,0.9351212978363037
"7,9,0,11,12,2,9,14,18,16,12,17,6,19,5",0.5,0.6,0.5015625,0.0,0.0,0.0,0.46875,0.4653656482696533
"9,5,20,16,2,17,11,20,17,16,3,1,2,1,22",0.4666666666666667,0.6,0.5015625,0.4375,0.5,0.4666666666666667,0.46875,0.35869669914245605
"16,5,23,3,16,7,4,0,14,3,0,4,11,16,5",0.5,0.6,0.5015625,0.0,0.0,0.0,0.46875,0.36524415016174316
"22,9,16,17,13,5,14,14,21,16,15,4,5,6,6",0.5,0.6,0.5015625,0.0,0.0,0.0,0.46875,0.3513822555541992
"9,5,9,18,0,18,14,8,13,2,2,20,11,15,17",0.5,0.6,0.5015625,0.0,0.0,0.0,0.46875,0.4380221366882324
"8,17,19,9,19,7,3,23,3,5,8,2,7,8,22",0.5,0.6,0.5015625,0.0,0.0,0.0,0.46875,0.41861939430236816
"16,0,20,3,6,3,15,14,16,8,7,1,13,7,9",0.4666666666666667,0.6,0.5015625,0.4375,0.5,0.4666666666666667,0.46875,0.3318033218383789
"23,15,14,17,3,4,8,21,17,0,2,0,4,15,13",0.5,0.6,0.5015625,0.0,0.0,0.0,0.46875,0.4057488441467285
"6,4,1,20,0,8,15,4,2,15,20,3,11,1,16",0.5,0.6,0.5015625,0.0,0.0,0.0,0.46875,0.26713061332702637
"11,5,3,0,20,14,17,19,11,6,3,22,6,17,10",0.4666666666666667,0.6,0.5015625,0.4375,0.5,0.4666666666666667,0.46875,0.3801422119140625
"15,23,17,22,1,9,14,12,9,2,9,15,14,11,9",0.4666666666666667,0.6,0.5015625,0.4375,0.5,0.4666666666666667,0.46875,0.40781521797180176
"10,15,14,18,9,0,5,4,8,2,14,0,22,6,4",0.5666666666666667,0.3,0.5002232142857144,0.5333333333333333,0.5714285714285714,0.5517241379310345,0.5669642857142857,0.3219733238220215
"0,4,10,13,20,15,10,3,14,21,15,8,21,16,21",0.5333333333333333,0.5,0.5,0.0,0.0,0.0,0.5,0.36194729804992676
"1,5,1,3,8,9,4,16,3,9,19,19,17,13,3",0.4666666666666667,0.5,0.5,0.4666666666666667,1.0,0.6363636363636364,0.5,1.1356568336486816
"1,3,10,0,3,14,7,4,21,4,0,12,1,15,14",0.5333333333333333,0.5,0.5,0.0,0.0,0.0,0.5,0.2524302005767822
"3,10,0,7,6,15,8,12,4,12,22,14,0,21,10",0.5333333333333333,0.5,0.5,0.0,0.0,0.0,0.5,0.258758544921875
"0,8,1,7,0,8,1,9,3,4,2,18,4,15,16",0.4666666666666667,0.5,0.5,0.4666666666666667,1.0,0.6363636363636364,0.5,0.26143765449523926
"2,10,4,7,12,0,11,3,19,18,14,14,13,15,8",0.5333333333333333,0.5,0.5,0.0,0.0,0.0,0.5,0.5441312789916992
"5,13,11,10,21,8,6,7,10,3,0,9,15,4,10",0.4666666666666667,0.5,0.5,0.4666666666666667,1.0,0.6363636363636364,0.5,0.36079907417297363
"18,8,16,1,18,16,5,23,3,16,7,4,0,14,3",0.4666666666666667,0.5,0.5,0.4666666666666667,1.0,0.6363636363636364,0.5,0.4766073226928711
"10,5,12,9,0,4,3,13,6,7,2,20,11,5,11",0.4666666666666667,0.5,0.5,0.4666666666666667,1.0,0.6363636363636364,0.5,0.2681138515472412
"16,16,11,5,4,3,11,11,4,4,9,3,5,18,9",0.4666666666666667,0.5,0.5,0.4666666666666667,1.0,0.6363636363636364,0.5,0.2969832420349121
"18,16,19,6,17,19,19,18,7,6,7,9,1,4,11",0.5333333333333333,0.5,0.5,0.0,0.0,0.0,0.5,1.8602776527404785
"3,7,12,14,7,20,9,12,7,23,6,6,8,10,3",0.5333333333333333,0.5,0.5,0.0,0.0,0.0,0.5,2.093369960784912
"3,14,8,17,6,1,10,12,2,13,14,13,13,17,3",0.4666666666666667,0.5,0.5,0.4666666666666667,1.0,0.6363636363636364,0.5,0.57289719581604
"10,2,10,8,4,15,9,7,20,14,0,16,7,8,16",0.5333333333333333,0.5,0.5,0.0,0.0,0.0,0.5,0.3419156074523926
"16,6,9,8,6,17,16,22,9,15,11,5,13,4,9",0.4666666666666667,0.5,0.5,0.4666666666666667,1.0,0.6363636363636364,0.5,0.28307223320007324
"14,16,2,22,1,3,0,4,10,13,20,15,10,3,14",0.5333333333333333,0.5,0.5,0.0,0.0,0.0,0.5,0.32998085021972656
"2,11,22,15,20,8,3,17,13,9,5,13,15,1,5",0.4666666666666667,0.5,0.5,0.4666666666666667,1.0,0.6363636363636364,0.5,0.3272836208343506
"1,10,22,4,11,4,3,6,0,11,1,23,3,3,13",0.4666666666666667,0.5,0.5,0.4666666666666667,1.0,0.6363636363636364,0.5,0.2242145538330078
"23,0,8,1,7,0,8,1,9,3,4,2,18,4,15",0.5333333333333333,0.5,0.5,0.0,0.0,0.0,0.5,0.2845947742462158
"7,7,10,21,1,11,10,10,16,16,17,7,7,1,18",0.5333333333333333,0.5,0.5,0.0,0.0,0.0,0.5,0.4731299877166748
"11,3,19,18,14,14,13,15,8,7,20,9,13,7,8",0.5333333333333333,0.5,0.5,0.0,0.0,0.0,0.5,0.6126918792724609
"2,7,8,18,14,14,15,1,1,20,14,2,5,5,18",0.5333333333333333,0.5,0.5,0.0,0.0,0.0,0.5,0.30689167976379395
"4,14,0,4,8,3,12,4,1,19,8,18,19,3,16",0.5333333333333333,0.5,0.5,0.0,0.0,0.0,0.5,0.6031284332275391
"7,1,13,7,9,10,9,7,11,15,13,21,2,6,6",0.4666666666666667,0.5,0.5,0.4666666666666667,1.0,0.6363636363636364,0.5,0.2706422805786133
"5,7,8,7,3,3,17,22,17,18,14,13,10,7,17",0.5333333333333333,0.5,0.5,0.0,0.0,0.0,0.5,0.43076443672180176
"7,1,15,7,4,22,12,3,14,8,17,6,1,10,12",0.5333333333333333,0.5,0.5,0.0,0.0,0.0,0.5,0.2856626510620117
"0,11,4,2,4,15,0,6,9,18,0,8,19,16,5",0.5333333333333333,0.5,0.5,0.0,0.0,0.0,0.5,0.3087763786315918
"16,3,11,8,5,4,11,17,12,4,9,16,14,4,9",0.4666666666666667,0.5,0.5,0.4666666666666667,1.0,0.6363636363636364,0.5,0.30248570442199707
"5,4,4,18,3,0,15,20,8,9,8,20,9,4,4",0.5333333333333333,0.5,0.5,0.0,0.0,0.0,0.5,0.38925647735595703
"1,1,13,1,18,8,16,1,18,16,5,23,3,16,7",0.5333333333333333,0.5,0.5,0.0,0.0,0.0,0.5,0.39078330993652344
"6,12,1,18,7,16,12,0,10,1,8,5,7,4,7",0.5333333333333333,0.5,0.5,0.0,0.0,0.0,0.5,0.3228917121887207
"1,22,7,7,7,12,10,1,12,0,7,19,15,10,6",0.4666666666666667,0.5,0.5,0.4666666666666667,1.0,0.6363636363636364,0.5,0.31053709983825684
"3,7,17,14,7,1,5,12,7,23,1,6,8,11,12",0.5333333333333333,0.5,0.5,0.0,0.0,0.0,0.5,0.3699986934661865
"12,9,12,6,9,11,22,5,15,14,8,8,15,4,12",0.5333333333333333,0.5,0.5,0.0,0.0,0.0,0.5,0.3283255100250244
"2,11,16,4,11,18,9,9,5,8,20,7,6,22,4",0.5333333333333333,0.5,0.5,0.0,0.0,0.0,0.5,0.25115323066711426
"13,17,23,13,10,16,8,13,20,17,14,9,4,4,14",0.5333333333333333,0.5,0.5,0.0,0.0,0.0,0.5,0.37722229957580566
"19,13,14,3,6,12,1,18,7,16,12,0,10,1,8",0.4666666666666667,0.5,0.5,0.4666666666666667,1.0,0.6363636363636364,0.5,0.5095868110656738
"3,18,0,6,2,10,7,1,15,7,4,22,12,3,14",0.5333333333333333,0.5,0.5,0.0,0.0,0.0,0.5,0.3516097068786621
"22,16,9,0,23,15,6,5,9,3,10,17,1,11,5",0.5333333333333333,0.5,0.5,0.0,0.0,0.0,0.5,0.2898275852203369
"3,2,19,9,11,13,10,9,6,3,15,18,4,7,20",0.4666666666666667,0.5,0.5,0.4666666666666667,1.0,0.6363636363636364,0.5,0.5442242622375488
"1,1,7,4,0,3,21,4,8,15,13,17,18,8,5",0.5333333333333333,0.5,0.5,0.0,0.0,0.0,0.5,0.3068673610687256
"1,0,7,5,7,23,17,9,23,13,7,16,13,10,13",0.4666666666666667,0.5,0.5,0.4666666666666667,1.0,0.6363636363636364,0.5,0.3225111961364746
"0,16,7,12,3,2,1,12,12,21,8,17,4,9,13",0.5333333333333333,0.5,0.5,0.0,0.0,0.0,0.5,0.3754847049713135
"20,17,5,19,2,15,13,13,21,7,13,0,17,22,1",0.5333333333333333,0.5,0.5,0.0,0.0,0.0,0.5,0.6155059337615967
"2,8,16,19,17,3,9,6,6,9,1,0,7,5,7",0.4666666666666667,0.5,0.5,0.4666666666666667,1.0,0.6363636363636364,0.5,0.42485857009887695
"5,10,8,7,21,10,2,4,8,8,3,4,9,2,15",0.4666666666666667,0.5,0.5,0.4666666666666667,1.0,0.6363636363636364,0.5,0.28044557571411133
"9,8,8,2,8,11,10,0,5,0,21,4,0,13,4",0.4666666666666667,0.5,0.5,0.4666666666666667,1.0,0.6363636363636364,0.5,0.24319958686828613
"14,6,1,9,7,8,8,12,10,7,0,5,1,9,13",0.5333333333333333,0.5,0.5,0.0,0.0,0.0,0.5,0.3709683418273926
"6,9,0,16,7,12,3,2,1,12,12,21,8,17,4",0.5333333333333333,0.5,0.5,0.0,0.0,0.0,0.5,0.28235721588134766
"12,11,8,20,10,20,5,6,4,16,1,4,8,9,7",0.4666666666666667,0.5,0.5,0.4666666666666667,1.0,0.6363636363636364,0.5,0.3101959228515625
"0,16,1,10,5,21,13,10,1,7,4,8,9,15,21",0.4666666666666667,0.5,0.5,0.4666666666666667,1.0,0.6363636363636364,0.5,0.9828643798828125
"23,5,14,20,10,4,14,21,1,12,2,0,4,15,6",0.4666666666666667,0.5,0.5,0.4666666666666667,1.0,0.6363636363636364,0.5,0.30835938453674316
"4,23,7,3,18,0,6,2,10,7,1,15,7,4,22",0.5333333333333333,0.5,0.5,0.0,0.0,0.0,0.5,0.40106201171875
"17,2,15,1,3,10,0,7,6,15,8,12,4,12,22",0.4666666666666667,0.5,0.5,0.4666666666666667,1.0,0.6363636363636364,0.5,0.3604085445404053
"2,1,15,10,4,0,17,7,20,14,15,13,0,2,9",0.4666666666666667,0.5,0.5,0.4666666666666667,1.0,0.6363636363636364,0.5,0.29776716232299805
"1,15,7,4,22,12,3,14,8,17,6,1,10,12,2",0.4666666666666667,0.5,0.5,0.4666666666666667,1.0,0.6363636363636364,0.5,0.3582038879394531
"10,12,6,15,14,19,12,7,2,6,7,11,20,7,9",0.5333333333333333,0.5,0.5,0.0,0.0,0.0,0.5,0.40883374214172363
"21,4,8,15,13,17,18,8,5,14,5,4,1,6,3",0.4666666666666667,0.5,0.5,0.4666666666666667,1.0,0.6363636363636364,0.5,0.5805988311767578
"20,5,4,0,13,22,4,17,4,18,9,0,0,19,5",0.4666666666666667,0.5,0.5,0.4666666666666667,1.0,0.6363636363636364,0.5,0.2814211845397949
"1,19,17,12,3,15,8,17,6,12,15,13,3,11,12",0.5333333333333333,0.5,0.5,0.0,0.0,0.0,0.5,0.7157642841339111
"7,16,12,0,10,1,8,5,7,4,7,4,10,18,19",0.4666666666666667,0.5,0.5,0.4666666666666667,1.0,0.6363636363636364,0.5,0.5179767608642578
"7,8,8,7,0,12,2,15,16,12,12,7,14,22,9",0.4666666666666667,0.5,0.5,0.4666666666666667,1.0,0.6363636363636364,0.5,0.3736453056335449
"16,7,12,3,2,1,12,12,21,8,17,4,9,13,3",0.5333333333333333,0.5,0.5,0.0,0.0,0.0,0.5,0.40346550941467285
"21,13,15,18,12,4,21,4,11,15,23,17,22,1,9",0.5333333333333333,0.5,0.5,0.0,0.0,0.0,0.5,0.4564943313598633
"3,6,2,14,12,15,19,16,13,6,4,2,16,4,12",0.5333333333333333,0.5,0.5,0.0,0.0,0.0,0.5,0.3934810161590576
"15,19,15,1,14,12,9,8,1,17,0,8,8,12,10",0.4666666666666667,0.5,0.5,0.4666666666666667,1.0,0.6363636363636364,0.5,0.39554905891418457
"3,10,0,3,14,7,4,21,4,0,12,1,15,14,10",0.5333333333333333,0.5,0.5,0.0,0.0,0.0,0.5,0.29207801818847656
"3,20,2,8,19,13,2,18,14,6,6,22,7,8,6",0.4666666666666667,0.5,0.5,0.4666666666666667,1.0,0.6363636363636364,0.5,0.35727953910827637
"6,22,7,8,6,3,6,1,0,20,2,0,11,4,2",0.5333333333333333,0.5,0.5,0.0,0.0,0.0,0.5,0.2566814422607422
"14,7,4,2,0,17,5,23,17,13,4,6,17,8,11",0.4666666666666667,0.5,0.5,0.4666666666666667,1.0,0.6363636363636364,0.5,0.5519611835479736
"6,3,12,9,12,12,7,5,18,17,5,4,3,8,18",0.5333333333333333,0.5,0.5,0.0,0.0,0.0,0.5,0.3486652374267578
"7,12,0,11,3,19,18,14,14,13,15,8,7,20,9",0.5333333333333333,0.5,0.5,0.0,0.0,0.0,0.5,0.5900430679321289
"4,11,4,9,6,23,11,1,9,15,3,19,9,7,15",0.5333333333333333,0.5,0.5,0.0,0.0,0.0,0.5,0.35367655754089355
"1,16,0,20,3,6,3,15,14,16,8,7,1,13,7",0.5333333333333333,0.5,0.5,0.0,0.0,0.0,0.5,0.5221652984619141
"12,6,15,14,19,12,7,2,6,7,11,20,7,9,0",0.5333333333333333,0.5,0.5,0.0,0.0,0.0,0.5,0.3317139148712158
"2,17,8,2,5,6,9,5,20,16,2,17,11,20,17",0.5333333333333333,0.5,0.5,0.0,0.0,0.0,0.5,0.35261964797973633
"9,22,12,16,8,14,4,8,6,17,6,13,22,12,0",0.5333333333333333,0.5,0.5,0.0,0.0,0.0,0.5,0.3413081169128418
"7,21,13,15,18,12,4,21,4,11,15,23,17,22,1",0.5333333333333333,0.5,0.5,0.0,0.0,0.0,0.5,0.40300846099853516
"0,3,16,0,11,8,9,14,18,13,20,17,10,9,17",0.5333333333333333,0.5,0.5,0.0,0.0,0.0,0.5,0.35236406326293945
"6,1,14,1,6,1,23,7,0,3,11,5,17,16,15",0.4666666666666667,0.5,0.5,0.4666666666666667,1.0,0.6363636363636364,0.5,0.2583754062652588
"1,18,7,16,12,0,10,1,8,5,7,4,7,4,10",0.5333333333333333,0.5,0.5,0.0,0.0,0.0,0.5,0.388059139251709
"20,12,11,11,8,11,15,16,1,8,8,10,6,5,15",0.4666666666666667,0.5,0.5,0.4666666666666667,1.0,0.6363636363636364,0.5,0.36144399642944336
"3,21,4,8,15,13,17,18,8,5,14,5,4,1,6",0.4666666666666667,0.5,0.5,0.4666666666666667,1.0,0.6363636363636364,0.5,0.3003199100494385
"16,13,11,19,7,17,15,22,9,12,20,16,11,4,13",0.4666666666666667,0.5,0.5,0.4666666666666667,1.0,0.6363636363636364,0.5,0.3387796878814697
"16,2,0,0,17,13,2,10,4,7,12,0,11,3,19",0.4666666666666667,0.5,0.5,0.4666666666666667,1.0,0.6363636363636364,0.5,0.2982015609741211
"8,6,3,6,1,0,20,2,0,11,4,2,4,15,0",0.5333333333333333,0.5,0.5,0.0,0.0,0.0,0.5,0.19439315795898438
"12,12,17,3,10,2,10,8,4,15,9,7,20,14,0",0.5333333333333333,0.5,0.5,0.0,0.0,0.0,0.5,0.35570383071899414
"11,1,22,1,13,0,19,2,7,17,3,16,1,9,16",0.4666666666666667,0.5,0.5,0.4666666666666667,1.0,0.6363636363636364,0.5,0.33554959297180176
"22,7,3,8,11,23,2,9,10,6,16,2,9,23,11",0.5333333333333333,0.5,0.5,0.0,0.0,0.0,0.5,0.31086111068725586
"14,7,10,6,0,17,23,5,5,13,18,18,15,16,13",0.5333333333333333,0.5,0.5,0.0,0.0,0.0,0.5,0.45641326904296875
"7,8,7,3,3,17,22,17,18,14,13,10,7,17,23",0.4666666666666667,0.5,0.5,0.4666666666666667,1.0,0.6363636363636364,0.5,0.45467162132263184
"20,6,11,10,0,12,10,9,18,18,8,5,7,2,18",0.4666666666666667,0.5,0.5,0.4666666666666667,1.0,0.6363636363636364,0.5,0.39800405502319336
"6,3,22,0,11,7,5,9,7,21,1,14,11,22,15",0.4666666666666667,0.5,0.5,0.4666666666666667,1.0,0.6363636363636364,0.5,0.2945270538330078
"20,2,8,19,13,2,18,14,6,6,22,7,8,6,3",0.5333333333333333,0.5,0.5,0.0,0.0,0.0,0.5,0.43196988105773926
"2,14,22,10,21,14,3,10,15,12,3,18,11,4,15",0.4666666666666667,0.5,0.5,0.4666666666666667,1.0,0.6363636363636364,0.5,0.42774176597595215
"22,1,3,10,0,3,14,7,4,21,4,0,12,1,15",0.5333333333333333,0.5,0.5,0.0,0.0,0.0,0.5,0.2851386070251465
"9,14,12,16,2,23,16,9,6,22,10,7,14,3,9",0.5333333333333333,0.5,0.5,0.0,0.0,0.0,0.5,0.3521721363067627
"4,21,4,0,12,1,15,14,10,7,20,14,8,23,3",0.5333333333333333,0.5,0.5,0.0,0.0,0.0,0.5,0.3383445739746094
"0,1,16,11,3,14,20,13,11,3,3,6,11,0,14",0.5333333333333333,0.5,0.5,0.0,0.0,0.0,0.5,0.3388986587524414
"22,13,4,23,17,16,5,0,11,15,23,7,16,18,2",0.5333333333333333,0.5,0.5,0.0,0.0,0.0,0.5,0.3312869071960449
"9,6,16,7,13,10,3,11,0,7,23,15,17,6,11",0.4666666666666667,0.5,0.5,0.4666666666666667,1.0,0.6363636363636364,0.5,0.372269868850708
"0,21,7,3,9,20,15,4,10,23,5,13,4,1,18",0.5333333333333333,0.5,0.5,0.0,0.0,0.0,0.5,0.29542088508605957
"3,12,12,9,2,0,16,17,15,19,8,12,16,4,5",0.4666666666666667,0.5,0.5,0.4666666666666667,1.0,0.6363636363636364,0.5,0.3125894069671631
"13,10,16,8,13,20,17,14,9,4,4,14,0,4,8",0.4666666666666667,0.5,0.5,0.4666666666666667,1.0,0.6363636363636364,0.5,0.32440972328186035
"14,14,2,22,13,6,14,19,10,20,3,17,13,1,6",0.4666666666666667,0.5,0.5,0.4666666666666667,1.0,0.6363636363636364,0.5,0.4946775436401367
"15,5,15,6,11,16,7,4,5,17,18,11,9,4,6",0.4666666666666667,0.5,0.5,0.4666666666666667,1.0,0.6363636363636364,0.5,0.3024749755859375
"23,17,9,23,13,7,16,13,10,13,4,5,9,3,21",0.4666666666666667,0.5,0.5,0.4666666666666667,1.0,0.6363636363636364,0.5,0.7699475288391113
"15,1,9,19,12,17,5,0,18,7,11,7,18,1,7",0.4666666666666667,0.5,0.5,0.4666666666666667,1.0,0.6363636363636364,0.5,0.3409302234649658
"12,7,5,9,6,16,12,5,16,11,6,3,2,16,12",0.4666666666666667,0.5,0.5,0.4666666666666667,1.0,0.6363636363636364,0.5,0.31049561500549316
"20,6,12,17,3,6,2,14,12,15,19,16,13,6,4",0.5333333333333333,0.5,0.5,0.0,0.0,0.0,0.5,0.3727850914001465
"15,13,14,4,11,1,23,7,14,20,11,11,9,11,0",0.5333333333333333,0.5,0.5,0.0,0.0,0.0,0.5,0.361494779586792
"17,8,2,5,6,9,5,20,16,2,17,11,20,17,16",0.5333333333333333,0.5,0.5,0.0,0.0,0.0,0.5,0.3867156505584717
"10,8,22,16,9,0,23,15,6,5,9,3,10,17,1",0.5333333333333333,0.5,0.5,0.0,0.0,0.0,0.5,0.29386162757873535
"1,17,14,7,8,20,0,3,16,0,11,8,9,14,18",0.4666666666666667,0.5,0.5,0.4666666666666667,1.0,0.6363636363636364,0.5,0.3684868812561035
"21,4,11,15,23,17,22,1,9,14,12,9,2,9,15",0.5333333333333333,0.5,0.5,0.0,0.0,0.0,0.5,0.38378357887268066
"3,7,9,1,7,20,9,12,7,23,11,6,18,10,7",0.4666666666666667,0.5,0.5,0.4666666666666667,1.0,0.6363636363636364,0.5,0.2721214294433594
"0,20,14,17,19,11,6,3,22,6,17,10,13,19,6",0.5333333333333333,0.5,0.5,0.0,0.0,0.0,0.5,0.42619848251342773
"14,8,4,0,12,13,15,16,4,10,5,16,5,7,9",0.4666666666666667,0.5,0.5,0.4666666666666667,1.0,0.6363636363636364,0.5,0.2797379493713379
"23,15,14,16,10,4,11,21,17,22,2,0,4,15,9",0.4666666666666667,0.5,0.5,0.4666666666666667,1.0,0.6363636363636364,0.5,0.39591431617736816
"16,11,3,14,20,13,11,3,3,6,11,0,14,6,22",0.5333333333333333,0.5,0.5,0.0,0.0,0.0,0.5,0.32004570960998535
"7,7,5,15,12,6,22,11,18,11,10,23,12,18,13",0.5333333333333333,0.5,0.5,0.0,0.0,0.0,0.5,0.3694770336151123
"1,1,20,10,2,14,22,10,21,14,3,10,15,12,3",0.5333333333333333,0.5,0.5,0.0,0.0,0.0,0.5,0.31668996810913086
"2,10,12,6,15,14,19,12,7,2,6,7,11,20,7",0.5333333333333333,0.5,0.5,0.0,0.0,0.0,0.5,0.34041619300842285
"23,15,1,20,10,8,8,21,17,12,0,0,4,9,13",0.5333333333333333,0.5,0.5,0.0,0.0,0.0,0.5,0.40429043769836426
"14,8,1,19,7,17,8,12,9,12,0,5,1,4,13",0.5333333333333333,0.5,0.5,0.0,0.0,0.0,0.5,0.3531820774078369
"4,6,10,7,20,3,8,0,14,9,8,19,0,7,16",0.5333333333333333,0.5,0.5,0.0,0.0,0.0,0.5,0.27269864082336426
"18,17,12,7,5,9,6,16,12,5,16,11,6,3,2",0.5333333333333333,0.5,0.5,0.0,0.0,0.0,0.5,0.4517652988433838
"10,0,9,15,21,14,8,17,19,9,19,7,3,23,3",0.5333333333333333,0.5,0.5,0.0,0.0,0.0,0.5,0.473116397857666
"19,7,3,23,3,5,8,2,7,8,22,14,20,9,21",0.4666666666666667,0.5,0.5,0.4666666666666667,1.0,0.6363636363636364,0.5,0.4622795581817627
"0,8,19,16,5,17,0,23,2,10,3,20,8,9,17",0.5333333333333333,0.5,0.5,0.0,0.0,0.0,0.5,0.41173648834228516
"14,1,19,18,17,11,17,9,23,1,10,22,4,11,4",0.4666666666666667,0.5,0.5,0.4666666666666667,1.0,0.6363636363636364,0.5,0.6944360733032227
"9,5,4,19,17,13,7,23,5,17,5,11,9,4,0",0.5333333333333333,0.5,0.5,0.0,0.0,0.0,0.5,0.42667484283447266
"1,15,22,8,0,3,16,14,1,7,3,21,0,4,2",0.4666666666666667,0.5,0.5,0.4666666666666667,1.0,0.6363636363636364,0.5,0.4098634719848633
"1,16,11,3,14,20,13,11,3,3,6,11,0,14,6",0.5333333333333333,0.5,0.5,0.0,0.0,0.0,0.5,0.3133101463317871
"1,20,10,2,14,22,10,21,14,3,10,15,12,3,18",0.5333333333333333,0.5,0.5,0.0,0.0,0.0,0.5,0.38465452194213867
"5,4,21,8,3,2,2,22,8,23,2,17,12,8,15",0.5333333333333333,0.5,0.5,0.0,0.0,0.0,0.5,0.29157066345214844
"8,16,1,18,16,5,23,3,16,7,4,0,14,3,0",0.5333333333333333,0.5,0.5,0.0,0.0,0.0,0.5,0.412062406539917
"13,18,7,9,13,7,9,4,9,23,11,5,10,20,3",0.5333333333333333,0.5,0.5,0.0,0.0,0.0,0.5,0.37935447692871094
"1,12,0,7,19,15,10,6,9,22,0,11,7,5,9",0.4666666666666667,0.5,0.5,0.4666666666666667,1.0,0.6363636363636364,0.5,0.3128700256347656
"15,22,8,0,3,16,14,1,7,3,21,0,4,2,7",0.5333333333333333,0.5,0.5,0.0,0.0,0.0,0.5,0.2831251621246338
"0,6,2,10,7,1,15,7,4,22,12,3,14,8,17",0.5333333333333333,0.5,0.5,0.0,0.0,0.0,0.5,0.27449560165405273
"17,19,12,11,8,20,10,20,5,6,4,16,1,4,8",0.4666666666666667,0.5,0.5,0.4666666666666667,1.0,0.6363636363636364,0.5,0.4748508930206299
"9,6,16,9,13,15,3,11,16,7,20,5,17,18,11",0.5333333333333333,0.5,0.5,0.0,0.0,0.0,0.5,0.3330051898956299
"2,10,8,22,16,9,0,23,15,6,5,9,3,10,17",0.5333333333333333,0.5,0.5,0.0,0.0,0.0,0.5,0.32726597785949707
"14,7,2,12,10,2,2,19,11,4,6,1,1,7,4",0.5333333333333333,0.5,0.5,0.0,0.0,0.0,0.5,0.33180761337280273
"9,4,3,1,4,23,0,11,9,0,19,15,6,8,21",0.5333333333333333,0.5,0.5,0.0,0.0,0.0,0.5,0.27455568313598633
"8,2,7,8,22,14,20,9,21,9,7,2,8,1,9",0.5333333333333333,0.5,0.5,0.0,0.0,0.0,0.5,0.7393953800201416
"19,7,14,14,1,17,22,2,5,16,12,6,5,0,0",0.4666666666666667,0.5,0.5,0.4666666666666667,1.0,0.6363636363636364,0.5,0.5104258060455322
"2,22,16,3,22,2,7,8,18,14,14,15,1,1,20",0.5333333333333333,0.5,0.5,0.0,0.0,0.0,0.5,0.3378629684448242
"8,8,2,8,11,10,0,5,0,21,4,0,13,4,23",0.5333333333333333,0.5,0.5,0.0,0.0,0.0,0.5,0.2528665065765381
"23,6,16,9,13,15,14,21,17,12,23,0,4,15,6",0.4666666666666667,0.5,0.5,0.4666666666666667,1.0,0.6363636363636364,0.5,0.5188016891479492
"22,7,11,7,6,17,16,12,9,15,20,5,4,4,9",0.5333333333333333,0.5,0.5,0.0,0.0,0.0,0.5,0.30570006370544434
"20,12,5,13,20,3,8,4,8,11,3,21,7,21,9",0.5333333333333333,0.5,0.5,0.0,0.0,0.0,0.5,0.316652774810791
"16,19,6,17,19,19,18,7,6,7,9,1,4,11,18",0.5333333333333333,0.5,0.5,0.0,0.0,0.0,0.5,1.9845209121704102
"3,18,18,15,10,3,0,20,5,4,0,13,22,4,17",0.4666666666666667,0.5,0.5,0.4666666666666667,1.0,0.6363636363636364,0.5,0.5968368053436279
"9,4,4,14,0,4,8,3,12,4,1,19,8,18,19",0.5333333333333333,0.5,0.5,0.0,0.0,0.0,0.5,0.5239014625549316
"2,2,19,12,22,1,16,2,8,18,18,15,8,8,18",0.4666666666666667,0.5,0.5,0.4666666666666667,1.0,0.6363636363636364,0.5,0.7187364101409912
"7,4,2,0,17,5,23,17,13,4,6,17,8,11,22",0.4666666666666667,0.5,0.5,0.4666666666666667,1.0,0.6363636363636364,0.5,0.5354316234588623
"7,10,3,17,0,6,0,16,1,10,5,21,13,10,1",0.4666666666666667,0.5,0.5,0.4666666666666667,1.0,0.6363636363636364,0.5,0.2790956497192383
"5,17,11,11,9,17,16,10,12,4,20,16,23,4,8",0.5333333333333333,0.5,0.5,0.0,0.0,0.0,0.5,0.6927802562713623
"21,15,18,14,16,1,2,9,7,7,16,2,1,0,14",0.5333333333333333,0.5,0.5,0.0,0.0,0.0,0.5,0.3899860382080078
"2,7,8,22,14,20,9,21,9,7,2,8,1,9,2",0.5333333333333333,0.5,0.5,0.0,0.0,0.0,0.5,0.3581089973449707
"9,18,5,18,14,8,13,2,2,21,11,15,7,2,4",0.5333333333333333,0.5,0.5,0.0,0.0,0.0,0.5,0.5270941257476807
"2,19,11,4,6,1,1,7,4,0,3,21,4,8,15",0.5333333333333333,0.5,0.5,0.0,0.0,0.0,0.5,0.5152692794799805
"6,9,4,3,1,4,23,0,11,9,0,19,15,6,8",0.5333333333333333,0.5,0.5,0.0,0.0,0.0,0.5,0.2684195041656494
"1,17,7,8,8,12,10,0,0,2,1,9,13,2,12",0.5333333333333333,0.5,0.5,0.0,0.0,0.0,0.5,0.387190580368042
"1,6,3,16,11,14,15,10,23,1,10,10,12,3,0",0.5333333333333333,0.5,0.5,0.0,0.0,0.0,0.5,0.34096527099609375
"1,16,8,14,8,21,0,12,3,14,16,4,13,11,16",0.4666666666666667,0.5,0.5,0.4666666666666667,1.0,0.6363636363636364,0.5,0.4109041690826416
"2,5,10,7,8,4,17,0,15,15,1,10,8,8,19",0.5333333333333333,0.5,0.5,0.0,0.0,0.0,0.5,0.3037707805633545
"1,18,17,1,12,19,14,10,19,8,23,5,10,19,13",0.4666666666666667,0.5,0.5,0.4666666666666667,1.0,0.6363636363636364,0.5,0.522707462310791
"2,3,4,0,19,4,16,11,9,11,23,0,8,22,0",0.5333333333333333,0.5,0.5,0.0,0.0,0.0,0.5,0.56626296043396
"1,12,0,13,7,11,8,4,5,10,14,16,2,22,1",0.4666666666666667,0.5,0.5,0.4666666666666667,1.0,0.6363636363636364,0.5,0.324676513671875
"1,10,4,4,12,0,12,15,19,1,1,14,12,14,8",0.4666666666666667,0.5,0.5,0.4666666666666667,1.0,0.6363636363636364,0.5,0.3587203025817871
"1,15,10,4,0,17,7,20,14,15,13,0,2,9,14",0.5333333333333333,0.5,0.5,0.0,0.0,0.0,0.5,0.33989953994750977
"1,19,18,17,11,17,9,23,1,10,22,4,11,4,3",0.4666666666666667,0.5,0.5,0.4666666666666667,1.0,0.6363636363636364,0.5,1.0326170921325684
"7,22,14,10,13,10,23,11,2,2,19,12,15,5,8",0.4666666666666667,0.5,0.5,0.4666666666666667,1.0,0.6363636363636364,0.5,0.33835482597351074
"4,20,14,17,21,9,23,14,6,11,16,13,15,13,23",0.4666666666666667,0.5,0.5,0.4666666666666667,1.0,0.6363636363636364,0.5,0.37018799781799316
"2,16,9,15,2,2,10,0,19,2,4,4,19,6,18",0.5333333333333333,0.5,0.5,0.0,0.0,0.0,0.5,1.350029706954956
"0,7,19,15,10,6,9,22,0,11,7,5,9,7,21",0.5333333333333333,0.5,0.5,0.0,0.0,0.0,0.5,0.6467092037200928
"12,11,3,9,23,16,5,22,8,5,13,4,2,17,18",0.4666666666666667,0.5,0.5,0.4666666666666667,1.0,0.6363636363636364,0.5,0.36938023567199707
"20,17,16,1,15,23,7,19,10,14,23,5,14,17,13",0.4666666666666667,0.5,0.5,0.4666666666666667,1.0,0.6363636363636364,0.5,0.4807775020599365
"2,11,1,10,4,4,12,0,12,15,19,1,1,14,12",0.5333333333333333,0.5,0.5,0.0,0.0,0.0,0.5,0.3669919967651367
"19,10,5,20,16,11,13,9,8,13,21,14,12,19,6",0.5333333333333333,0.5,0.5,0.0,0.0,0.0,0.5,0.48778390884399414
"12,5,0,8,12,19,5,10,4,3,11,5,18,4,17",0.4666666666666667,0.5,0.5,0.4666666666666667,1.0,0.6363636363636364,0.5,0.2878293991088867
"4,15,11,16,3,3,11,11,16,22,9,0,4,18,6",0.5333333333333333,0.5,0.5,0.0,0.0,0.0,0.5,0.33391785621643066
"21,2,0,16,0,10,20,15,7,7,5,15,12,6,22",0.5333333333333333,0.5,0.5,0.0,0.0,0.0,0.5,0.566723108291626
"2,6,6,6,23,15,14,20,9,4,14,21,17,12,2",0.5333333333333333,0.5,0.5,0.0,0.0,0.0,0.5,0.3670670986175537
"22,8,23,2,17,12,8,15,6,18,13,11,1,11,18",0.4666666666666667,0.5,0.5,0.4666666666666667,1.0,0.6363636363636364,0.5,0.418212890625
"1,22,2,17,19,12,11,8,20,10,20,5,6,4,16",0.5333333333333333,0.5,0.5,0.0,0.0,0.0,0.5,0.5400516986846924
"3,6,20,12,5,13,20,3,8,4,8,11,3,21,7",0.4666666666666667,0.5,0.5,0.4666666666666667,1.0,0.6363636363636364,0.5,0.3838515281677246
"10,2,2,19,11,4,6,1,1,7,4,0,3,21,4",0.5333333333333333,0.5,0.5,0.0,0.0,0.0,0.5,0.24121594429016113
"19,18,14,14,13,15,8,7,20,9,13,7,8,0,16",0.5333333333333333,0.5,0.5,0.0,0.0,0.0,0.5,1.0443546772003174
"15,5,19,11,17,5,20,4,1,16,9,14,9,21,9",0.4666666666666667,0.5,0.5,0.4666666666666667,1.0,0.6363636363636364,0.5,0.3899393081665039
"21,0,8,20,15,16,13,11,19,11,7,8,4,11,2",0.4666666666666667,0.5,0.5,0.4666666666666667,1.0,0.6363636363636364,0.5,0.37190985679626465
"9,0,21,7,3,9,20,15,4,10,23,5,13,4,1",0.4666666666666667,0.5,0.5,0.4666666666666667,1.0,0.6363636363636364,0.5,0.3801233768463135
"20,0,8,15,4,2,15,20,3,11,1,16,1,11,8",0.4666666666666667,0.5,0.5,0.4666666666666667,1.0,0.6363636363636364,0.5,0.37616443634033203
"7,22,11,1,22,1,13,0,19,2,7,17,3,16,1",0.4666666666666667,0.5,0.5,0.4666666666666667,1.0,0.6363636363636364,0.5,0.3818094730377197
"16,19,1,1,14,12,7,9,11,18,0,9,3,16,0",0.4666666666666667,0.5,0.5,0.4666666666666667,1.0,0.6363636363636364,0.5,0.435091495513916
"7,4,21,4,0,12,1,15,14,10,7,20,14,8,23",0.4666666666666667,0.5,0.5,0.4666666666666667,1.0,0.6363636363636364,0.5,0.4281277656555176
"20,8,6,3,9,0,7,3,22,3,15,20,11,5,3",0.5333333333333333,0.5,0.5,0.0,0.0,0.0,0.5,0.23916387557983398
"15,14,18,9,0,5,4,8,2,14,0,22,6,4,1",0.5333333333333333,0.5,0.5,0.0,0.0,0.0,0.5,0.29331231117248535
"17,11,17,9,23,1,10,22,4,11,4,3,6,0,11",0.4666666666666667,0.5,0.5,0.4666666666666667,1.0,0.6363636363636364,0.5,0.2895958423614502
"15,10,6,9,22,0,11,7,5,9,7,21,1,14,11",0.4666666666666667,0.5,0.5,0.4666666666666667,1.0,0.6363636363636364,0.5,0.3217291831970215
"23,2,10,3,20,8,9,17,6,10,22,17,5,2,19",0.4666666666666667,0.5,0.5,0.4666666666666667,1.0,0.6363636363636364,0.5,0.4815058708190918
"2,0,16,9,13,8,14,19,8,2,20,13,22,2,0",0.5333333333333333,0.5,0.5,0.0,0.0,0.0,0.5,0.415891170501709
"1,0,21,1,1,0,12,3,20,2,8,19,13,2,18",0.5333333333333333,0.5,0.5,0.0,0.0,0.0,0.5,0.42130374908447266
"3,0,20,14,17,19,11,6,3,22,6,17,10,13,19",0.5333333333333333,0.5,0.5,0.0,0.0,0.0,0.5,0.44439148902893066
"6,17,11,4,4,9,3,5,17,9,14,6,2,3,4",0.4666666666666667,0.5,0.5,0.4666666666666667,1.0,0.6363636363636364,0.5,0.27509450912475586
"7,3,23,3,5,8,2,7,8,22,14,20,9,21,9",0.4666666666666667,0.5,0.5,0.4666666666666667,1.0,0.6363636363636364,0.5,0.3274409770965576
"7,8,22,14,20,9,21,9,7,2,8,1,9,2,9",0.5333333333333333,0.5,0.5,0.0,0.0,0.0,0.5,0.3510417938232422
"10,20,3,17,13,1,6,23,13,4,12,18,19,8,16",0.5333333333333333,0.5,0.5,0.0,0.0,0.0,0.5,0.5459213256835938
"15,8,4,17,17,5,15,4,1,0,5,2,9,21,9",0.5333333333333333,0.5,0.5,0.0,0.0,0.0,0.5,0.31848883628845215
"1,0,2,16,16,16,15,5,4,6,17,11,4,4,9",0.4666666666666667,0.5,0.5,0.4666666666666667,1.0,0.6363636363636364,0.5,0.29146528244018555
"18,5,18,14,8,13,2,2,21,11,15,7,2,4,15",0.5333333333333333,0.5,0.5,0.0,0.0,0.0,0.5,0.7624902725219727
"2,22,15,2,2,19,12,22,1,16,2,8,18,18,15",0.4666666666666667,0.5,0.5,0.4666666666666667,1.0,0.6363636363636364,0.5,0.5104711055755615
"3,0,21,11,12,3,14,6,4,13,11,16,5,3,0",0.5333333333333333,0.5,0.5,0.0,0.0,0.0,0.5,0.24595212936401367
"3,17,13,1,6,23,13,4,12,18,19,8,16,12,1",0.4666666666666667,0.5,0.5,0.4666666666666667,1.0,0.6363636363636364,0.5,0.6540167331695557
"20,5,14,8,17,6,1,10,20,2,13,14,13,13,17",0.5333333333333333,0.5,0.5,0.0,0.0,0.0,0.5,0.36376261711120605
"22,3,15,20,11,5,3,0,20,14,17,19,11,6,3",0.4666666666666667,0.5,0.5,0.4666666666666667,1.0,0.6363636363636364,0.5,0.41281771659851074
"9,19,7,3,23,3,5,8,2,7,8,22,14,20,9",0.5,0.5,0.5,0.4666666666666667,0.5,0.4827586206896552,0.5,0.30780982971191406
"6,9,1,0,7,5,7,23,17,9,23,13,7,16,13",0.5333333333333333,0.5,0.5,0.0,0.0,0.0,0.5,0.34720802307128906
"0,16,0,10,20,15,7,7,5,15,12,6,22,11,18",0.4666666666666667,0.5,0.5,0.4666666666666667,1.0,0.6363636363636364,0.5,0.3589601516723633
"1,3,6,20,12,5,13,20,3,8,4,8,11,3,21",0.5333333333333333,0.5,0.5,0.0,0.0,0.0,0.5,0.28350019454956055
"3,6,22,13,3,18,2,16,8,19,16,1,8,16,19",0.4666666666666667,0.5,0.5,0.4666666666666667,1.0,0.6363636363636364,0.5,0.4209449291229248
"7,3,18,0,6,2,10,7,1,15,7,4,22,12,3",0.5333333333333333,0.5,0.5,0.0,0.0,0.0,0.5,0.29302263259887695
"16,11,13,9,8,13,21,14,12,19,6,1,1,13,1",0.4666666666666667,0.5,0.5,0.4666666666666667,1.0,0.6363636363636364,0.5,0.37346816062927246
"18,10,15,14,18,9,0,5,4,8,2,14,0,22,6",0.4666666666666667,0.5,0.5,0.4666666666666667,1.0,0.6363636363636364,0.5,0.35962653160095215
"4,18,3,0,15,20,8,9,8,20,9,4,4,6,19",0.4666666666666667,0.5,0.5,0.4666666666666667,1.0,0.6363636363636364,0.5,0.3995332717895508
"4,8,15,13,17,18,8,5,14,5,4,1,6,3,16",0.4666666666666667,0.5,0.5,0.4666666666666667,1.0,0.6363636363636364,0.5,0.36748576164245605
"23,8,1,17,7,8,14,21,17,12,0,0,4,15,6",0.4666666666666667,0.5,0.5,0.4666666666666667,1.0,0.6363636363636364,0.5,0.3562774658203125
"8,7,3,3,17,22,17,18,14,13,10,7,17,23,5",0.5333333333333333,0.5,0.5,0.0,0.0,0.0,0.5,0.7792365550994873
"2,10,8,4,15,9,7,20,14,0,16,7,8,16,22",0.5333333333333333,0.5,0.5,0.0,0.0,0.0,0.5,0.36887240409851074
"7,14,22,9,7,3,12,13,5,13,13,14,4,19,3",0.5333333333333333,0.5,0.5,0.0,0.0,0.0,0.5,0.3699333667755127
"16,8,14,8,21,0,12,3,14,16,4,13,11,16,5",0.5333333333333333,0.5,0.5,0.0,0.0,0.0,0.5,0.3417959213256836
"6,10,22,17,5,2,19,3,7,8,8,7,0,12,2",0.5333333333333333,0.5,0.5,0.0,0.0,0.0,0.5,0.4345059394836426
"16,9,13,15,3,11,16,7,23,5,17,18,11,9,4",0.4666666666666667,0.5,0.5,0.4666666666666667,1.0,0.6363636363636364,0.5,0.4370863437652588
"3,16,7,4,0,14,3,0,4,11,16,5,18,6,1",0.4666666666666667,0.5,0.5,0.4666666666666667,1.0,0.6363636363636364,0.5,0.27393388748168945
"20,5,8,14,0,17,17,6,9,4,3,1,4,23,0",0.5333333333333333,0.5,0.5,0.0,0.0,0.0,0.5,0.27941131591796875
"2,10,0,19,2,4,4,19,6,18,14,22,12,15,7",0.5333333333333333,0.5,0.5,0.0,0.0,0.0,0.5,1.346698522567749
"4,13,11,3,5,16,11,11,5,17,9,11,14,4,9",0.5333333333333333,0.5,0.5,0.0,0.0,0.0,0.5,0.31978392601013184
"4,1,4,11,17,5,11,11,16,22,5,11,14,18,9",0.5333333333333333,0.5,0.5,0.0,0.0,0.0,0.5,0.3231995105743408
"1,18,8,16,1,18,16,5,23,3,16,7,4,0,14",0.5333333333333333,0.5,0.5,0.0,0.0,0.0,0.5,0.5341308116912842
"7,8,5,16,1,16,0,20,3,6,3,15,14,16,8",0.4666666666666667,0.5,0.5,0.4666666666666667,1.0,0.6363636363636364,0.5,0.3160703182220459
"0,3,21,4,8,15,13,17,18,8,5,14,5,4,1",0.4666666666666667,0.5,0.5,0.4666666666666667,1.0,0.6363636363636364,0.5,0.3743009567260742
"7,11,11,17,2,22,16,3,22,2,7,8,18,14,14",0.5333333333333333,0.5,0.5,0.0,0.0,0.0,0.5,0.40054917335510254
"2,6,4,6,17,11,4,20,9,3,5,17,9,14,2",0.5333333333333333,0.5,0.5,0.0,0.0,0.0,0.5,0.2828688621520996
"6,3,2,16,12,20,11,10,21,3,16,2,18,3,6",0.5333333333333333,0.5,0.5,0.0,0.0,0.0,0.5,0.3651082515716553
"7,5,15,12,6,22,11,18,11,10,23,12,18,13,16",0.5333333333333333,0.5,0.5,0.0,0.0,0.0,0.5,0.3678398132324219
"1,1,1,20,10,2,14,22,10,21,14,3,10,15,12",0.5333333333333333,0.5,0.5,0.0,0.0,0.0,0.5,0.3130331039428711
"1,6,23,13,4,12,18,19,8,16,12,1,9,8,21",0.4666666666666667,0.5,0.5,0.4666666666666667,1.0,0.6363636363636364,0.5,0.6194756031036377
"3,7,5,17,18,13,9,9,22,5,14,23,7,15,21",0.4666666666666667,0.5,0.5,0.4666666666666667,1.0,0.6363636363636364,0.5,0.4032096862792969
"2,19,3,7,8,8,7,0,12,2,15,16,12,12,7",0.5333333333333333,0.5,0.5,0.0,0.0,0.0,0.5,0.558842658996582
"3,3,17,22,17,18,14,13,10,7,17,23,5,16,1",0.4666666666666667,0.5,0.5,0.4666666666666667,1.0,0.6363636363636364,0.5,0.6197214126586914
"3,6,19,7,4,11,6,13,3,10,12,13,4,8,8",0.5333333333333333,0.5,0.5,0.0,0.0,0.0,0.5,0.4322867393493652
"20,14,17,19,11,6,3,22,6,17,10,13,19,6,19",0.5333333333333333,0.5,0.5,0.0,0.0,0.0,0.5,1.0621581077575684
"3,12,9,12,12,7,5,18,17,5,4,3,8,18,2",0.5333333333333333,0.5,0.5,0.0,0.0,0.0,0.5,0.358797550201416
"8,20,17,7,11,20,3,15,17,4,12,10,13,13,14",0.4666666666666667,0.5,0.5,0.4666666666666667,1.0,0.6363636363636364,0.5,0.3113694190979004
"20,8,18,9,18,10,7,21,11,5,13,17,19,14,7",0.5333333333333333,0.5,0.5,0.0,0.0,0.0,0.5,0.46350836753845215
"8,4,15,9,7,20,14,0,16,7,8,16,22,17,2",0.4666666666666667,0.5,0.5,0.4666666666666667,1.0,0.6363636363636364,0.5,0.37665891647338867
"1,2,19,9,6,3,12,9,12,12,7,5,18,17,5",0.4666666666666667,0.5,0.5,0.4666666666666667,1.0,0.6363636363636364,0.5,0.5935380458831787
"13,8,4,10,3,15,20,12,11,11,8,11,15,16,1",0.5333333333333333,0.5,0.5,0.0,0.0,0.0,0.5,0.3626072406768799
"0,4,11,16,5,18,6,1,16,8,14,8,21,0,12",0.5333333333333333,0.5,0.5,0.0,0.0,0.0,0.5,0.32068419456481934
"13,23,1,16,9,16,12,8,3,4,15,12,13,19,13",0.5333333333333333,0.4,0.4984375,0.5,0.5,0.5,0.53125,0.3797636032104492
"15,23,2,16,9,15,15,19,12,7,9,11,18,16,9",0.5333333333333333,0.4,0.4984375,0.5,0.5,0.5,0.53125,0.4429666996002197
"14,17,19,11,6,3,22,6,17,10,13,19,6,19,17",0.5333333333333333,0.4,0.4984375,0.5,0.5,0.5,0.53125,1.2658264636993408
"1,23,17,6,3,2,13,13,19,1,18,18,11,6,17",0.5,0.4,0.4984375,0.4827586206896552,1.0,0.6511627906976745,0.53125,1.4440901279449463
"4,19,11,16,5,3,11,11,1,22,9,11,14,18,9",0.5333333333333333,0.4,0.4984375,0.5,0.5,0.5,0.53125,0.5818502902984619
"9,17,6,10,22,17,5,2,19,3,7,8,8,7,0",0.4666666666666667,0.6,0.4982142857142857,0.42857142857142855,0.42857142857142855,0.42857142857142855,0.4642857142857143,0.43317365646362305
"14,9,4,4,14,0,4,8,3,12,4,1,19,8,18",0.4666666666666667,0.6,0.4982142857142857,0.42857142857142855,0.42857142857142855,0.42857142857142855,0.4642857142857143,0.25807642936706543
"16,16,15,5,4,6,17,11,4,4,9,3,5,9,9",0.4666666666666667,0.6,0.4982142857142857,0.42857142857142855,0.42857142857142855,0.42857142857142855,0.4642857142857143,0.42258429527282715
"23,11,2,2,19,12,15,5,8,4,2,22,4,1,4",0.43333333333333335,0.6,0.4982142857142857,0.4482758620689655,0.9285714285714286,0.6046511627906976,0.4642857142857143,0.3202695846557617
"17,1,12,19,14,10,19,8,23,5,10,19,13,17,23",0.4666666666666667,0.6,0.4982142857142857,0.42857142857142855,0.42857142857142855,0.42857142857142855,0.4642857142857143,0.3767538070678711
"11,6,3,2,16,12,20,11,10,21,3,16,2,18,3",0.43333333333333335,0.6,0.4982142857142857,0.4482758620689655,0.9285714285714286,0.6046511627906976,0.4642857142857143,0.3497433662414551
"0,7,6,15,8,12,4,12,22,14,0,21,10,14,11",0.4,0.8,0.49799107142857146,0.35714285714285715,0.35714285714285715,0.35714285714285715,0.3973214285714286,0.32755517959594727
"14,12,19,6,1,1,13,1,18,8,16,1,18,16,5",0.5,0.5,0.4966517857142857,0.46153846153846156,0.42857142857142855,0.4444444444444444,0.4955357142857143,0.36190080642700195
"12,11,11,8,11,15,16,1,8,8,10,6,5,15,2",0.5,0.5,0.4966517857142857,0.46153846153846156,0.42857142857142855,0.4444444444444444,0.4955357142857143,0.4119088649749756
"14,8,19,0,10,5,20,16,11,13,9,8,13,21,11",0.5,0.5,0.4966517857142857,0.46153846153846156,0.42857142857142855,0.4444444444444444,0.4955357142857143,0.33504414558410645
"0,12,2,15,16,12,12,7,14,22,9,7,3,12,13",0.5,0.5,0.4966517857142857,0.46153846153846156,0.42857142857142855,0.4444444444444444,0.4955357142857143,0.3573167324066162
"3,1,22,2,11,16,4,11,18,9,9,5,8,20,7",0.4666666666666667,0.5,0.4966517857142857,0.4642857142857143,0.9285714285714286,0.6190476190476191,0.4955357142857143,0.30696797370910645
"10,2,12,6,10,10,18,7,16,0,0,15,19,5,4",0.5,0.5,0.4966517857142857,0.4615384615384615,0.4285714285714285,0.4444444444444444,0.4955357142857143,0.272885799407959
"2,4,4,19,6,18,14,22,12,15,7,15,15,14,21",0.4666666666666667,0.5,0.4966517857142857,0.4642857142857143,0.9285714285714286,0.6190476190476191,0.4955357142857143,0.8725986480712891
"8,1,17,7,8,8,12,10,0,0,2,1,9,13,2",0.43333333333333335,0.7,0.49642857142857144,0.38461538461538464,0.35714285714285715,0.37037037037037035,0.4285714285714286,0.2666037082672119
"16,1,14,2,16,0,9,0,8,11,8,9,17,12,20",0.43333333333333335,0.7,0.49642857142857144,0.38461538461538464,0.35714285714285715,0.37037037037037035,0.4285714285714286,0.33437609672546387
"10,14,17,21,14,0,15,8,12,0,15,21,10,23,10",0.43333333333333335,0.7,0.49642857142857144,0.38461538461538464,0.35714285714285715,0.37037037037037035,0.4285714285714286,0.38030266761779785
"15,5,4,19,17,17,15,4,9,12,5,5,9,4,9",0.43333333333333335,0.7,0.49642857142857144,0.38461538461538464,0.35714285714285715,0.37037037037037035,0.4285714285714286,0.4837172031402588
"11,17,9,23,1,10,22,4,11,4,3,6,0,11,1",0.5333333333333333,0.4,0.4950892857142857,0.5,0.42857142857142855,0.46153846153846156,0.5267857142857143,0.2238306999206543
"9,6,17,9,13,15,5,11,16,7,1,5,17,18,11",0.5,0.4,0.4950892857142857,0.48148148148148145,0.9285714285714286,0.6341463414634146,0.5267857142857143,0.40351176261901855
"10,5,12,17,0,6,5,3,22,16,5,5,0,14,23",0.4666666666666667,0.6,0.4948660714285715,0.4166666666666667,0.35714285714285715,0.38461538461538464,0.4598214285714286,0.3633882999420166
"19,12,11,8,20,10,20,5,6,4,16,1,4,8,9",0.43333333333333335,0.6,0.4948660714285714,0.4444444444444444,0.8571428571428571,0.5853658536585366,0.45982142857142855,0.4556002616882324
"4,3,6,0,11,1,23,3,3,13,9,16,15,14,21",0.4666666666666667,0.6,0.4948660714285714,0.4166666666666667,0.35714285714285715,0.38461538461538464,0.4598214285714286,0.2893359661102295
"0,2,0,18,0,13,0,9,16,10,15,14,3,11,8",0.4666666666666667,0.6,0.4948660714285714,0.4166666666666667,0.35714285714285715,0.38461538461538464,0.4598214285714286,0.3792107105255127
"4,15,12,13,19,13,9,15,23,2,16,9,15,15,19",0.4,0.8,0.49464285714285716,0.3333333333333333,0.2857142857142857,0.3076923076923077,0.39285714285714285,0.4380524158477783
"3,9,0,0,5,19,2,15,15,18,6,3,4,10,22",0.5,0.5,0.49330357142857145,0.45454545454545453,0.35714285714285715,0.4,0.4910714285714286,0.3399226665496826
"15,19,11,1,14,12,11,8,1,17,9,8,8,12,10",0.5,0.5,0.49330357142857145,0.45454545454545453,0.35714285714285715,0.4,0.4910714285714286,0.3966522216796875
"2,2,15,12,19,19,10,5,20,16,11,13,9,8,13",0.5,0.5,0.49330357142857145,0.45454545454545453,0.35714285714285715,0.4,0.4910714285714286,0.9604756832122803
"18,12,14,17,7,12,3,13,3,10,9,17,16,14,19",0.5,0.5,0.49330357142857145,0.45454545454545453,0.35714285714285715,0.4,0.4910714285714286,0.4665403366088867
"19,8,23,5,10,19,13,17,23,13,10,16,8,13,20",0.5,0.5,0.49330357142857145,0.45454545454545453,0.35714285714285715,0.4,0.4910714285714286,0.5513889789581299
"19,11,6,3,22,6,17,10,13,19,6,19,17,13,18",0.5,0.5,0.49330357142857145,0.45454545454545453,0.35714285714285715,0.4,0.4910714285714286,1.3078138828277588
"23,12,6,14,0,4,19,10,10,17,17,1,23,17,6",0.4666666666666667,0.5,0.4933035714285714,0.46153846153846156,0.8571428571428571,0.6,0.49107142857142855,0.6575384140014648
"18,1,17,13,5,5,11,9,22,12,16,8,14,4,8",0.4666666666666667,0.5,0.4933035714285714,0.46153846153846156,0.8571428571428571,0.6,0.49107142857142855,0.5189402103424072
"9,6,4,9,13,0,11,11,16,7,3,5,9,16,15",0.43333333333333335,0.7,0.49308035714285714,0.36363636363636365,0.2857142857142857,0.32,0.42410714285714285,0.3170430660247803
"4,11,4,1,6,19,11,1,4,3,3,23,9,4,15",0.43333333333333335,0.7,0.49308035714285714,0.36363636363636365,0.2857142857142857,0.32,0.42410714285714285,0.2975482940673828
"3,6,4,11,16,5,18,6,16,16,8,14,8,21,0",0.43333333333333335,0.7,0.49308035714285714,0.36363636363636365,0.2857142857142857,0.32,0.42410714285714285,0.3080263137817383
"16,3,9,8,10,12,15,17,10,23,11,0,13,13,11",0.5333333333333333,0.4,0.4917410714285715,0.5,0.35714285714285715,0.4166666666666667,0.5223214285714286,0.4564552307128906
"14,8,17,19,9,19,7,3,23,3,5,8,2,7,8",0.4666666666666667,0.6,0.4915178571428572,0.4,0.2857142857142857,0.3333333333333333,0.45535714285714285,0.40467381477355957
"2,22,13,6,14,19,10,20,3,17,13,1,6,23,13",0.4666666666666667,0.6,0.4915178571428571,0.4,0.2857142857142857,0.3333333333333333,0.45535714285714285,0.3020589351654053
"23,3,5,8,2,7,8,22,14,20,9,21,9,7,2",0.43333333333333335,0.6,0.4915178571428571,0.44,0.7857142857142857,0.5641025641025641,0.45535714285714285,0.33265256881713867
"3,4,0,19,4,16,11,9,11,23,0,8,22,0,14",0.4,0.8,0.49129464285714286,0.3,0.21428571428571427,0.25,0.38839285714285715,0.5502541065216064
"0,8,10,0,9,15,21,14,8,17,19,9,19,7,3",0.4,0.8,0.49129464285714286,0.3,0.21428571428571427,0.25,0.38839285714285715,0.4546797275543213
"5,9,16,5,14,15,13,7,23,12,12,17,3,10,2",0.5333333333333333,0.3,0.49017857142857146,0.5,0.8571428571428571,0.631578947368421,0.5535714285714286,0.33547043800354004
"9,12,8,13,17,14,17,11,1,10,2,2,15,12,19",0.5666666666666667,0.3,0.49017857142857146,0.5555555555555556,0.35714285714285715,0.43478260869565216,0.5535714285714286,0.34415411949157715
"11,7,15,19,3,13,11,15,7,12,8,18,14,7,6",0.4666666666666667,0.5,0.48995535714285715,0.4583333333333333,0.7857142857142857,0.5789473684210527,0.48660714285714285,0.32031846046447754
"9,3,5,17,9,14,6,2,3,4,0,19,4,16,11",0.5,0.5,0.48995535714285715,0.4444444444444444,0.2857142857142857,0.34782608695652173,0.48660714285714285,0.34815263748168945
"13,17,14,17,11,1,10,2,2,15,12,19,19,10,5",0.5,0.5,0.48995535714285715,0.4444444444444444,0.2857142857142857,0.34782608695652173,0.48660714285714285,0.9644231796264648
"14,10,13,10,23,11,2,2,19,12,15,5,8,4,2",0.4666666666666667,0.5,0.48995535714285715,0.4583333333333333,0.7857142857142857,0.5789473684210527,0.48660714285714285,0.3396940231323242
"4,17,4,18,9,0,0,19,5,2,9,4,8,0,3",0.5,0.5,0.48995535714285715,0.4444444444444444,0.2857142857142857,0.34782608695652173,0.48660714285714285,0.3401980400085449
"10,21,14,3,10,15,12,3,18,11,4,15,3,1,12",0.4666666666666667,0.5,0.48995535714285715,0.4583333333333333,0.7857142857142857,0.5789473684210527,0.48660714285714285,0.3791239261627197
"4,12,5,2,12,9,12,6,9,11,22,5,15,14,8",0.4666666666666667,0.5,0.48995535714285715,0.4583333333333333,0.7857142857142857,0.5789473684210527,0.48660714285714285,0.3341648578643799
"13,14,3,6,12,1,18,7,16,12,0,10,1,8,5",0.4666666666666667,0.5,0.48995535714285715,0.4583333333333333,0.7857142857142857,0.5789473684210527,0.48660714285714285,0.3369483947753906
"15,12,16,19,10,15,3,16,11,13,23,8,13,18,11",0.4666666666666667,0.5,0.48995535714285715,0.4583333333333333,0.7857142857142857,0.5789473684210527,0.48660714285714285,0.4444544315338135
"0,8,22,0,14,0,10,9,22,15,14,9,1,0,1",0.43333333333333335,0.7,0.48973214285714284,0.3333333333333333,0.21428571428571427,0.2608695652173913,0.41964285714285715,0.23635029792785645
"19,17,3,9,6,6,9,1,0,7,5,7,23,17,9",0.43333333333333335,0.7,0.48973214285714284,0.3333333333333333,0.21428571428571427,0.2608695652173913,0.41964285714285715,0.6286177635192871
"19,17,12,3,15,8,17,6,12,15,13,3,11,12,5",0.43333333333333335,0.7,0.48973214285714284,0.3333333333333333,0.21428571428571427,0.2608695652173913,0.41964285714285715,0.659616231918335
"9,21,9,7,2,8,1,9,2,9,18,5,18,14,8",0.5333333333333333,0.4,0.4883928571428571,0.5,0.2857142857142857,0.36363636363636365,0.5178571428571428,0.40169334411621094
"15,19,4,1,14,12,15,8,1,17,5,8,8,12,10",0.5333333333333333,0.4,0.4883928571428571,0.5,0.2857142857142857,0.36363636363636365,0.5178571428571428,0.3877232074737549
"5,11,12,17,21,12,14,20,3,10,14,0,7,3,23",0.5333333333333333,0.4,0.4883928571428571,0.5,0.2857142857142857,0.36363636363636365,0.5178571428571428,0.34385228157043457
"5,5,11,9,22,12,16,8,14,4,8,6,17,6,13",0.5,0.4,0.4883928571428571,0.4782608695652174,0.7857142857142857,0.5945945945945946,0.5178571428571428,0.34217286109924316
"22,2,7,8,18,14,14,15,1,1,20,14,2,5,5",0.5333333333333333,0.4,0.4883928571428571,0.5,0.2857142857142857,0.36363636363636365,0.5178571428571428,0.3542602062225342
"17,23,13,10,16,8,13,20,17,14,9,4,4,14,0",0.43333333333333335,0.6,0.48816964285714287,0.43478260869565216,0.7142857142857143,0.5405405405405406,0.45089285714285715,0.379103422164917
"6,0,9,4,10,19,5,13,10,1,11,4,8,4,7",0.4666666666666667,0.6,0.48816964285714287,0.375,0.21428571428571427,0.2727272727272727,0.45089285714285715,0.26635241508483887
"14,0,10,9,22,15,14,9,1,0,1,2,0,16,9",0.43333333333333335,0.6,0.4881696428571428,0.43478260869565216,0.7142857142857143,0.5405405405405406,0.45089285714285715,0.32891297340393066
"15,6,19,19,10,5,20,16,16,13,9,8,13,21,14",0.4,0.8,0.48794642857142856,0.25,0.14285714285714285,0.18181818181818182,0.3839285714285714,0.9642584323883057
"14,8,4,11,7,8,2,12,10,0,5,2,9,9,9",0.5333333333333333,0.3,0.4868303571428571,0.5,0.7857142857142857,0.6111111111111112,0.5491071428571428,0.3485066890716553
"8,14,10,0,15,7,17,18,0,17,2,15,1,3,10",0.5333333333333333,0.3,0.4868303571428571,0.5,0.7857142857142857,0.6111111111111112,0.5491071428571428,0.47535133361816406
"10,23,11,2,2,19,12,15,5,8,4,2,22,4,1",0.5,0.5,0.48660714285714285,0.42857142857142855,0.21428571428571427,0.2857142857142857,0.48214285714285715,0.3386073112487793
"19,12,11,3,9,23,16,5,22,8,5,13,4,2,17",0.5,0.5,0.48660714285714285,0.42857142857142855,0.21428571428571427,0.2857142857142857,0.48214285714285715,0.48557591438293457
"1,11,5,21,6,5,7,9,0,3,1,7,13,16,20",0.5,0.5,0.48660714285714285,0.42857142857142855,0.21428571428571427,0.2857142857142857,0.48214285714285715,0.22004365921020508
"4,5,10,14,16,2,22,1,3,0,4,10,13,20,15",0.4666666666666667,0.5,0.48660714285714285,0.45454545454545453,0.7142857142857143,0.5555555555555556,0.48214285714285715,0.2946956157684326
"11,6,9,10,6,12,15,8,9,11,11,5,4,13,8",0.5,0.5,0.48660714285714285,0.42857142857142855,0.21428571428571427,0.2857142857142857,0.48214285714285715,0.5669558048248291
"3,16,14,1,7,3,21,0,4,2,7,12,16,0,17",0.4666666666666667,0.5,0.48660714285714285,0.45454545454545453,0.7142857142857143,0.5555555555555556,0.48214285714285715,0.27839159965515137
"5,16,1,16,0,20,3,6,3,15,14,16,8,7,1",0.4666666666666667,0.5,0.48660714285714285,0.45454545454545453,0.7142857142857143,0.5555555555555556,0.48214285714285715,0.37594127655029297
"11,11,17,2,22,16,3,22,2,7,8,18,14,14,15",0.4666666666666667,0.5,0.48660714285714285,0.45454545454545453,0.7142857142857143,0.5555555555555556,0.48214285714285715,0.38269543647766113
"9,6,4,19,13,15,3,11,16,7,5,5,9,18,9",0.5,0.5,0.48660714285714285,0.42857142857142855,0.21428571428571427,0.2857142857142857,0.48214285714285715,0.3326420783996582
"0,20,3,6,3,15,14,16,8,7,1,13,7,9,10",0.5,0.5,0.48660714285714285,0.42857142857142855,0.21428571428571427,0.2857142857142857,0.48214285714285715,0.3404257297515869
"6,7,14,3,6,1,23,7,0,13,11,22,17,16,15",0.4333333333333333,0.7,0.4863839285714285,0.2857142857142857,0.1428571428571428,0.1904761904761904,0.4151785714285714,0.2879128456115722
"17,1,18,14,7,2,12,10,2,2,19,11,4,6,1",0.6,0.2,0.4852678571428571,0.6666666666666666,0.2857142857142857,0.4,0.5803571428571428,0.38055944442749023
"16,3,9,19,19,17,13,3,7,3,2,5,23,1,13",0.5333333333333333,0.4,0.48504464285714277,0.5,0.21428571428571427,0.3,0.5133928571428571,1.269972801208496
"6,0,16,1,10,5,21,13,10,1,4,4,8,9,15",0.5333333333333333,0.4,0.48504464285714277,0.5,0.21428571428571427,0.3,0.5133928571428571,0.2896606922149658
"4,11,4,3,6,0,11,16,23,3,3,13,9,16,15",0.43333333333333335,0.6,0.4848214285714286,0.42857142857142855,0.6428571428571429,0.5142857142857142,0.44642857142857145,0.322465181350708
"4,13,11,1,5,12,11,11,9,11,9,8,14,13,9",0.43333333333333335,0.6,0.4848214285714286,0.42857142857142855,0.6428571428571429,0.5142857142857142,0.44642857142857145,0.44150376319885254
"13,12,17,15,5,11,12,17,21,12,14,20,3,10,14",0.43333333333333335,0.6,0.4848214285714286,0.42857142857142855,0.6428571428571429,0.5142857142857142,0.44642857142857145,0.39069080352783203
"0,17,7,20,14,15,13,0,2,9,14,12,16,2,23",0.4666666666666667,0.6,0.48482142857142857,0.3333333333333333,0.14285714285714285,0.2,0.4464285714285714,0.36731886863708496
"9,14,6,2,3,4,0,19,4,16,11,9,11,23,0",0.4666666666666667,0.6,0.48482142857142857,0.3333333333333333,0.14285714285714285,0.2,0.4464285714285714,0.3530302047729492
"11,20,11,10,4,3,11,8,9,11,9,8,11,18,9",0.4666666666666667,0.6,0.48482142857142857,0.3333333333333333,0.14285714285714285,0.2,0.4464285714285714,0.2987093925476074
"7,4,0,14,3,0,4,11,16,5,18,6,1,16,8",0.4666666666666667,0.6,0.4848214285714285,0.3333333333333333,0.14285714285714285,0.2,0.4464285714285714,0.2906177043914795
"4,10,1,0,2,16,16,16,15,5,4,6,17,11,4",0.5666666666666667,0.3,0.4834821428571428,0.6,0.21428571428571427,0.3157894736842105,0.5446428571428571,0.46736955642700195
"7,7,12,10,1,12,0,7,19,15,10,6,9,22,0",0.4666666666666667,0.5,0.4832589285714286,0.45,0.6428571428571429,0.5294117647058824,0.47767857142857145,0.31836581230163574
"4,0,11,16,5,3,11,11,16,22,9,11,14,18,9",0.4666666666666667,0.5,0.4832589285714286,0.45,0.6428571428571429,0.5294117647058824,0.47767857142857145,0.3033158779144287
"12,0,13,7,11,8,4,5,10,14,16,2,22,1,3",0.4666666666666667,0.5,0.4832589285714286,0.45,0.6428571428571429,0.5294117647058824,0.47767857142857145,0.3200404644012451
"22,7,10,3,17,0,6,0,16,1,10,5,21,13,10",0.4666666666666667,0.5,0.4832589285714286,0.45,0.6428571428571429,0.5294117647058824,0.47767857142857145,0.319211483001709
"10,0,3,14,7,4,21,4,0,12,1,15,14,10,7",0.4666666666666667,0.5,0.4832589285714286,0.45,0.6428571428571429,0.5294117647058824,0.47767857142857145,0.2904014587402344
"6,1,19,17,12,3,15,8,17,6,12,15,13,3,11",0.5,0.5,0.48325892857142855,0.4,0.14285714285714285,0.21052631578947367,0.4776785714285714,0.6867742538452148
"17,0,23,2,10,3,20,8,9,17,6,10,22,17,5",0.5,0.5,0.48325892857142855,0.4,0.14285714285714285,0.21052631578947367,0.4776785714285714,0.3763115406036377
"17,6,9,0,16,7,12,3,2,1,12,12,21,8,17",0.5,0.5,0.48325892857142855,0.4,0.14285714285714285,0.21052631578947367,0.4776785714285714,0.3103177547454834
"5,6,15,12,4,6,17,10,4,4,9,3,5,17,16",0.5,0.5,0.48325892857142855,0.4,0.14285714285714285,0.21052631578947367,0.4776785714285714,0.2469651699066162
"0,12,8,20,3,7,1,5,1,3,8,9,4,16,3",0.5,0.5,0.48325892857142855,0.4,0.14285714285714285,0.21052631578947367,0.4776785714285714,0.28241968154907227
"19,6,1,1,13,1,18,8,16,1,18,16,5,23,3",0.5,0.5,0.48325892857142855,0.4,0.14285714285714285,0.21052631578947367,0.4776785714285714,0.562523603439331
"9,6,3,12,9,12,12,7,5,18,17,5,4,3,8",0.5,0.5,0.48325892857142855,0.4,0.14285714285714285,0.21052631578947367,0.4776785714285714,0.3581812381744385
"9,2,12,18,0,4,4,8,6,0,2,20,11,5,7",0.5,0.5,0.48325892857142855,0.4,0.14285714285714285,0.21052631578947367,0.4776785714285714,0.2867004871368408
"9,2,9,3,5,18,11,8,13,3,2,21,11,15,15",0.5,0.4,0.4816964285714286,0.47368421052631576,0.6428571428571429,0.5454545454545454,0.5089285714285714,0.28171277046203613
"5,15,12,6,22,11,18,11,10,23,12,18,13,16,23",0.5333333333333333,0.4,0.4816964285714286,0.5,0.14285714285714285,0.2222222222222222,0.5089285714285714,0.38555359840393066
"14,22,9,7,3,12,13,5,13,13,14,4,19,3,14",0.5333333333333333,0.4,0.4816964285714286,0.5,0.14285714285714285,0.2222222222222222,0.5089285714285714,0.37405920028686523
"9,13,13,7,13,14,21,17,11,22,16,7,16,13,12",0.4666666666666667,0.6,0.4814732142857143,0.25,0.0714285714285714,0.1111111111111111,0.4419642857142857,0.600883960723877
"4,17,6,10,7,12,9,10,7,20,0,14,14,13,18",0.5333333333333333,0.3,0.48013392857142856,0.5,0.6428571428571429,0.5625,0.5401785714285714,0.4142744541168213
"23,2,16,9,15,15,19,12,7,9,11,18,16,9,3",0.5666666666666667,0.3,0.48013392857142856,0.6666666666666666,0.14285714285714285,0.23529411764705882,0.5401785714285714,1.083085060119629
"7,8,18,14,14,15,1,1,20,14,2,5,5,18,16",0.5,0.5,0.4799107142857143,0.3333333333333333,0.07142857142857142,0.11764705882352941,0.4732142857142857,0.39325928688049316
"17,22,17,18,14,13,10,7,17,23,5,16,1,14,2",0.4666666666666667,0.5,0.4799107142857143,0.4444444444444444,0.5714285714285714,0.5,0.4732142857142857,0.6153459548950195
"20,10,2,14,22,10,21,14,3,10,15,12,3,18,11",0.5,0.5,0.4799107142857143,0.3333333333333333,0.07142857142857142,0.11764705882352941,0.4732142857142857,0.39435911178588867
"9,6,4,9,13,15,18,11,16,7,8,5,17,18,11",0.4666666666666667,0.5,0.4799107142857143,0.4444444444444444,0.5714285714285714,0.5,0.4732142857142857,0.35204601287841797
"3,6,12,1,18,7,16,12,0,10,1,8,5,7,4",0.5,0.5,0.4799107142857143,0.3333333333333333,0.07142857142857142,0.11764705882352941,0.4732142857142857,0.3087453842163086
"4,21,0,8,10,0,9,15,21,14,8,17,19,9,19",0.5,0.5,0.4799107142857143,0.3333333333333333,0.07142857142857142,0.11764705882352941,0.4732142857142857,0.388408899307251
"2,19,12,9,4,4,5,6,8,10,8,6,11,6,4",0.5,0.5,0.4799107142857143,0.3333333333333333,0.07142857142857142,0.11764705882352941,0.4732142857142857,0.4973294734954834
"8,10,4,0,17,7,20,14,15,13,0,2,9,14,12",0.4666666666666667,0.5,0.4799107142857143,0.4444444444444444,0.5714285714285714,0.5,0.4732142857142857,0.9584372043609619
"3,0,11,11,5,4,11,6,12,4,9,16,14,4,0",0.43333333333333335,0.7,0.4796875,0.0,0.0,0.0,0.40625,0.24894976615905762
"9,6,6,9,1,0,7,5,7,23,17,9,23,13,7",0.43333333333333335,0.7,0.4796875,0.0,0.0,0.0,0.40625,0.2570619583129883
"3,11,11,16,22,9,11,14,18,9,15,22,7,13,15",0.5333333333333333,0.4,0.4783482142857143,0.5,0.07142857142857142,0.125,0.5044642857142857,0.45116138458251953
"3,17,22,17,18,14,13,10,7,17,23,5,16,1,14",0.5333333333333333,0.4,0.4783482142857143,0.5,0.07142857142857142,0.125,0.5044642857142857,0.6475887298583984
"20,9,21,9,7,2,8,1,9,2,9,18,5,18,14",0.5,0.4,0.4783482142857143,0.47058823529411764,0.5714285714285714,0.5161290322580645,0.5044642857142857,0.3995492458343506
"16,19,1,1,14,12,7,9,11,18,7,9,3,16,0",0.5333333333333333,0.4,0.4783482142857143,0.5,0.07142857142857142,0.125,0.5044642857142857,0.4337782859802246
"9,16,17,13,5,14,14,21,16,15,4,5,6,6,9",0.5,0.4,0.4783482142857143,0.47058823529411764,0.5714285714285714,0.5161290322580645,0.5044642857142857,0.3142874240875244
"19,15,10,6,9,22,0,11,7,5,9,7,21,1,14",0.4666666666666667,0.6,0.478125,0.0,0.0,0.0,0.4375,0.48740482330322266
"15,13,7,23,12,12,17,3,10,2,10,8,4,15,9",0.43333333333333335,0.6,0.478125,0.4117647058823529,0.5,0.45161290322580644,0.4375,0.38856053352355957
"18,2,17,8,2,5,6,9,5,20,16,2,17,11,20",0.4666666666666667,0.6,0.478125,0.0,0.0,0.0,0.4375,0.4765772819519043
"23,15,14,20,10,10,14,21,17,12,2,0,4,15,6",0.4666666666666667,0.6,0.478125,0.0,0.0,0.0,0.4375,0.43929123878479004
"19,2,4,4,19,6,18,14,22,12,15,7,15,15,14",0.4666666666666667,0.6,0.478125,0.0,0.0,0.0,0.4375,1.5827507972717285
"16,22,9,5,10,12,15,17,10,20,11,3,13,13,9",0.43333333333333335,0.6,0.478125,0.4117647058823529,0.5,0.45161290322580644,0.4375,0.33535146713256836
"13,10,7,17,23,5,16,1,14,2,16,0,9,0,8",0.5333333333333333,0.3,0.4767857142857143,0.5,0.5714285714285714,0.5333333333333333,0.5357142857142857,0.4032001495361328
"9,6,11,9,13,15,11,11,16,7,9,5,17,18,11",0.5333333333333333,0.3,0.4767857142857143,0.5,0.5714285714285714,0.5333333333333333,0.5357142857142857,0.36194801330566406
"13,19,6,19,17,13,18,12,4,9,7,15,22,17,12",0.5333333333333333,0.3,0.4767857142857143,0.5,0.5714285714285714,0.5333333333333333,0.5357142857142857,1.081895351409912
"4,13,11,8,5,3,11,11,16,8,9,16,14,18,9",0.5,0.5,0.4765625,0.0,0.0,0.0,0.46875,0.3732008934020996
"9,13,12,17,15,5,11,12,17,21,12,14,20,3,10",0.4666666666666667,0.5,0.4765625,0.4375,0.5,0.4666666666666667,0.46875,0.3359086513519287
"8,15,4,12,6,12,4,7,20,5,1,3,7,3,13",0.5,0.5,0.4765625,0.0,0.0,0.0,0.46875,0.250537633895874
"7,17,0,0,5,9,16,5,14,15,13,7,23,12,12",0.5,0.5,0.4765625,0.0,0.0,0.0,0.46875,0.35873937606811523
"17,19,11,6,3,22,6,17,10,13,19,6,19,17,13",0.4666666666666667,0.5,0.4765625,0.4375,0.5,0.4666666666666667,0.46875,1.382404088973999
"9,8,1,13,23,8,16,6,3,7,14,23,10,21,14",0.4666666666666667,0.5,0.4765625,0.4375,0.5,0.4666666666666667,0.46875,0.3091909885406494
"3,6,16,9,13,15,18,6,1,16,23,14,8,21,0",0.4666666666666667,0.5,0.4765625,0.4375,0.5,0.4666666666666667,0.46875,0.36080360412597656
"0,10,20,15,7,7,5,15,12,6,22,11,18,11,10",0.5,0.5,0.4765625,0.0,0.0,0.0,0.46875,0.31012558937072754
"16,1,11,1,6,17,16,22,9,3,20,5,4,4,8",0.4666666666666667,0.5,0.4765625,0.4375,0.5,0.4666666666666667,0.46875,0.3411235809326172
"6,6,9,3,6,14,12,14,2,9,20,17,3,6,23",0.5,0.5,0.4765625,0.0,0.0,0.0,0.46875,0.2548956871032715
"3,6,1,0,20,2,0,11,4,2,4,15,0,6,9",0.5,0.5,0.4765625,0.0,0.0,0.0,0.46875,0.2532379627227783
"9,7,21,1,14,11,22,15,13,16,11,6,18,12,8",0.5,0.5,0.4765625,0.0,0.0,0.0,0.46875,0.32841992378234863
"22,11,9,12,8,13,17,14,17,11,1,10,2,2,15",0.5,0.5,0.4765625,0.0,0.0,0.0,0.46875,0.3251149654388428
"3,22,2,7,8,18,14,14,15,1,1,20,14,2,5",0.5,0.5,0.4765625,0.0,0.0,0.0,0.46875,0.33227062225341797
"0,23,2,10,3,20,8,9,17,6,10,22,17,5,2",0.5,0.5,0.4765625,0.0,0.0,0.0,0.46875,0.37011027336120605
"21,13,13,3,0,4,14,13,0,6,0,1,14,5,9",0.5,0.5,0.4765625,0.0,0.0,0.0,0.46875,0.2823765277862549
"13,10,23,11,2,2,19,12,15,5,8,4,2,22,4",0.5,0.5,0.4765625,0.0,0.0,0.0,0.46875,0.2892262935638428
"0,20,2,0,11,4,2,4,15,0,6,9,18,0,8",0.4,0.7,0.4763392857142857,0.375,0.42857142857142855,0.4,0.4017857142857143,0.31137943267822266
"23,1,11,5,21,6,5,7,9,0,3,1,7,13,16",0.5333333333333333,0.4,0.475,0.0,0.0,0.0,0.5,0.35471582412719727
"2,22,7,4,14,10,14,17,21,14,0,15,8,12,0",0.4666666666666667,0.4,0.475,0.4666666666666667,1.0,0.6363636363636364,0.5,0.3776586055755615
"0,12,3,20,2,8,19,13,2,18,14,6,6,22,7",0.4666666666666667,0.4,0.475,0.4666666666666667,1.0,0.6363636363636364,0.5,0.3117971420288086
"23,14,6,10,3,23,3,13,3,12,14,14,2,22,13",0.5333333333333333,0.4,0.475,0.0,0.0,0.0,0.5,0.3280763626098633
"11,8,4,5,10,14,16,2,22,1,3,0,4,10,13",0.4666666666666667,0.4,0.475,0.4666666666666667,1.0,0.6363636363636364,0.5,0.328568696975708
"15,1,3,10,0,7,6,15,8,12,4,12,22,14,0",0.5,0.4,0.475,0.4666666666666667,0.5,0.4827586206896552,0.5,0.3947451114654541
"3,5,17,9,14,6,2,3,4,0,19,4,16,11,9",0.4666666666666667,0.4,0.475,0.4666666666666667,1.0,0.6363636363636364,0.5,0.33234190940856934
"15,14,10,7,20,14,8,23,3,8,10,4,3,20,8",0.4666666666666667,0.4,0.475,0.4666666666666667,1.0,0.6363636363636364,0.5,0.38323044776916504
"15,19,1,11,14,12,15,8,1,16,7,8,8,12,9",0.43333333333333335,0.5,0.4732142857142857,0.4482758620689655,0.9285714285714286,0.6046511627906976,0.4642857142857143,0.4336891174316406
"13,20,17,14,9,4,4,14,0,4,8,3,12,4,1",0.43333333333333335,0.5,0.4732142857142857,0.4482758620689655,0.9285714285714286,0.6046511627906976,0.4642857142857143,0.2563025951385498
"21,4,0,12,1,15,14,10,7,20,14,8,23,3,8",0.43333333333333335,0.5,0.4732142857142857,0.4482758620689655,0.9285714285714286,0.6046511627906976,0.4642857142857143,0.35437798500061035
"5,0,1,16,11,3,14,20,13,11,3,3,6,11,0",0.43333333333333335,0.5,0.4732142857142857,0.4482758620689655,0.9285714285714286,0.6046511627906976,0.4642857142857143,0.2987048625946045
"1,13,23,8,16,6,3,7,14,23,10,21,14,8,6",0.43333333333333335,0.5,0.4732142857142857,0.4482758620689655,0.9285714285714286,0.6046511627906976,0.4642857142857143,0.4008524417877197
"15,6,4,3,17,5,15,4,1,16,3,14,9,21,15",0.4666666666666667,0.5,0.4732142857142857,0.42857142857142855,0.42857142857142855,0.42857142857142855,0.4642857142857143,0.3479330539703369
"2,9,18,5,18,14,8,13,2,2,21,11,15,7,2",0.4666666666666667,0.5,0.4732142857142857,0.42857142857142855,0.42857142857142855,0.42857142857142855,0.4642857142857143,0.39818477630615234
"4,2,15,20,3,11,1,16,1,11,8,2,16,15,6",0.43333333333333335,0.5,0.4732142857142857,0.4482758620689655,0.9285714285714286,0.6046511627906976,0.4642857142857143,0.30838775634765625
"18,14,7,2,12,10,2,2,19,11,4,6,1,1,7",0.43333333333333335,0.5,0.4732142857142857,0.4482758620689655,0.9285714285714286,0.6046511627906976,0.4642857142857143,0.3379061222076416
"9,16,15,5,4,6,17,11,4,4,9,3,5,17,9",0.4,0.7,0.47299107142857144,0.35714285714285715,0.35714285714285715,0.35714285714285715,0.3973214285714286,0.3327295780181885
"5,4,9,17,11,19,5,9,3,5,11,9,14,4,7",0.5,0.4,0.4716517857142857,0.46153846153846156,0.42857142857142855,0.4444444444444444,0.4955357142857143,0.35533618927001953
"19,16,3,1,22,2,11,16,4,11,18,9,9,5,8",0.5,0.4,0.4716517857142857,0.46153846153846156,0.42857142857142855,0.4444444444444444,0.4955357142857143,0.6181495189666748
"5,18,14,8,13,2,2,21,11,15,7,2,4,15,21",0.4666666666666667,0.4,0.4716517857142857,0.4642857142857143,0.9285714285714286,0.6190476190476191,0.4955357142857143,0.4444899559020996
"9,5,4,19,17,13,5,0,14,3,5,3,12,11,7",0.43333333333333335,0.6,0.4714285714285715,0.38461538461538464,0.35714285714285715,0.37037037037037035,0.4285714285714286,0.5688691139221191
"4,21,10,1,12,0,13,7,11,8,4,5,10,14,16",0.43333333333333335,0.6,0.4714285714285715,0.38461538461538464,0.35714285714285715,0.37037037037037035,0.4285714285714286,0.3245062828063965
"10,19,5,15,17,9,19,8,14,16,21,17,11,12,5",0.36666666666666664,0.8,0.47120535714285716,0.3076923076923077,0.2857142857142857,0.2962962962962963,0.36160714285714285,0.45169758796691895
"0,7,3,23,15,5,16,11,23,6,11,2,4,14,16",0.5,0.3,0.4700892857142857,0.48148148148148145,0.9285714285714286,0.6341463414634146,0.5267857142857143,0.30364131927490234
"8,13,17,14,17,11,1,10,2,2,15,12,19,19,10",0.5,0.3,0.4700892857142857,0.48148148148148145,0.9285714285714286,0.6341463414634146,0.5267857142857143,0.9694905281066895
"12,15,19,1,1,14,12,14,8,1,17,7,8,8,12",0.5333333333333333,0.3,0.4700892857142857,0.5,0.42857142857142855,0.46153846153846156,0.5267857142857143,0.40175676345825195
"11,1,2,22,3,12,12,9,2,0,16,17,15,19,8",0.5333333333333333,0.3,0.4700892857142857,0.5,0.42857142857142855,0.46153846153846156,0.5267857142857143,0.30498433113098145
"10,15,12,3,18,11,4,15,3,1,12,19,19,12,14",0.4666666666666667,0.5,0.46986607142857145,0.4166666666666667,0.35714285714285715,0.38461538461538464,0.4598214285714286,0.9321823120117188
"6,3,15,14,16,8,7,1,13,7,9,10,9,7,11",0.4666666666666667,0.5,0.46986607142857145,0.4166666666666667,0.35714285714285715,0.38461538461538464,0.4598214285714286,0.35582852363586426
"20,0,3,16,0,11,8,9,14,18,13,20,17,10,9",0.43333333333333335,0.5,0.4698660714285714,0.4444444444444444,0.8571428571428571,0.5853658536585366,0.45982142857142855,0.3638465404510498
"0,2,9,14,12,16,2,23,16,9,6,22,10,7,14",0.43333333333333335,0.5,0.4698660714285714,0.4444444444444444,0.8571428571428571,0.5853658536585366,0.45982142857142855,0.36542820930480957
"21,16,15,4,5,6,6,9,3,6,14,12,14,2,9",0.43333333333333335,0.5,0.4698660714285714,0.4444444444444444,0.8571428571428571,0.5853658536585366,0.45982142857142855,0.6389226913452148
"15,13,4,21,2,13,9,8,8,2,8,11,10,0,5",0.43333333333333335,0.5,0.4698660714285714,0.4444444444444444,0.8571428571428571,0.5853658536585366,0.45982142857142855,0.30881285667419434
"15,5,11,11,17,5,16,4,1,16,20,14,9,21,9",0.43333333333333335,0.5,0.4698660714285714,0.4444444444444444,0.8571428571428571,0.5853658536585366,0.45982142857142855,0.44272375106811523
"18,3,19,14,0,23,10,15,8,14,11,18,17,22,10",0.4,0.7,0.46964285714285714,0.3333333333333333,0.2857142857142857,0.3076923076923077,0.39285714285714285,0.7780449390411377
"16,14,9,8,16,12,15,17,10,23,11,7,1,13,7",0.4,0.7,0.46964285714285714,0.3333333333333333,0.2857142857142857,0.3076923076923077,0.39285714285714285,0.3679966926574707
"9,6,16,8,13,15,3,11,16,7,23,5,17,18,11",0.4,0.7,0.46964285714285714,0.3333333333333333,0.2857142857142857,0.3076923076923077,0.39285714285714285,0.37897181510925293
"10,2,15,6,10,10,18,7,16,0,0,15,19,5,4",0.5,0.4,0.4683035714285715,0.45454545454545453,0.35714285714285715,0.4,0.4910714285714286,0.3096811771392822
"5,19,2,15,13,13,21,7,13,0,17,22,1,8,12",0.5,0.4,0.4683035714285715,0.45454545454545453,0.35714285714285715,0.4,0.4910714285714286,0.5297808647155762
"0,4,4,13,6,0,2,20,11,5,17,23,11,4,8",0.5,0.4,0.4683035714285715,0.45454545454545453,0.35714285714285715,0.4,0.4910714285714286,0.29700326919555664
"15,5,19,19,10,5,20,16,1,13,9,8,13,21,14",0.5,0.4,0.4683035714285715,0.45454545454545453,0.35714285714285715,0.4,0.4910714285714286,0.9690558910369873
"4,10,3,15,20,12,11,11,8,11,15,16,1,8,8",0.4666666666666667,0.4,0.4683035714285714,0.46153846153846156,0.8571428571428571,0.6,0.49107142857142855,0.36649632453918457
"17,0,0,5,9,16,5,14,15,13,7,23,12,12,17",0.4666666666666667,0.4,0.4683035714285714,0.46153846153846156,0.8571428571428571,0.6,0.49107142857142855,0.3332555294036865
"4,12,6,12,4,7,20,5,1,3,7,3,13,0,19",0.4666666666666667,0.4,0.4683035714285714,0.46153846153846156,0.8571428571428571,0.6,0.49107142857142855,0.30721306800842285
"12,4,12,22,14,0,21,10,14,11,2,1,5,14,16",0.4666666666666667,0.4,0.4683035714285714,0.46153846153846156,0.8571428571428571,0.6,0.49107142857142855,0.3368813991546631
"5,3,11,12,10,17,0,10,12,4,20,0,13,8,9",0.4666666666666667,0.4,0.4683035714285714,0.46153846153846156,0.8571428571428571,0.6,0.49107142857142855,0.26477694511413574
"14,8,12,17,7,8,4,12,10,0,2,2,1,9,13",0.43333333333333335,0.6,0.4680803571428572,0.36363636363636365,0.2857142857142857,0.32,0.42410714285714285,0.368516206741333
"0,13,22,4,17,4,18,9,0,0,19,5,2,9,4",0.4,0.6,0.4680803571428572,0.4230769230769231,0.7857142857142857,0.55,0.42410714285714285,0.2940208911895752
"19,9,5,14,0,8,2,10,8,22,16,9,0,23,15",0.43333333333333335,0.6,0.4680803571428572,0.36363636363636365,0.2857142857142857,0.32,0.42410714285714285,0.4802215099334717
"5,8,14,0,17,17,6,9,4,3,1,4,23,0,11",0.43333333333333335,0.6,0.4680803571428572,0.36363636363636365,0.2857142857142857,0.32,0.42410714285714285,0.3454267978668213
"6,21,13,13,3,0,4,14,13,0,6,0,1,14,5",0.4,0.6,0.4680803571428571,0.4230769230769231,0.7857142857142857,0.55,0.42410714285714285,0.27297210693359375
"9,5,14,0,8,2,10,8,22,16,9,0,23,15,6",0.4,0.6,0.4680803571428571,0.4230769230769231,0.7857142857142857,0.55,0.42410714285714285,0.27252721786499023
"4,13,11,11,5,4,11,6,12,4,9,16,14,4,9",0.4,0.6,0.4680803571428571,0.4230769230769231,0.7857142857142857,0.55,0.42410714285714285,0.3378598690032959
"9,22,9,14,9,19,5,1,2,0,11,9,13,4,7",0.5,0.3,0.46674107142857146,0.48,0.8571428571428571,0.6153846153846154,0.5223214285714286,0.3072800636291504
"8,1,7,0,8,1,9,3,4,2,18,4,15,16,7",0.5,0.3,0.46674107142857146,0.48,0.8571428571428571,0.6153846153846154,0.5223214285714286,0.30436086654663086
"0,16,7,22,14,10,13,10,23,11,2,2,19,12,15",0.5,0.3,0.46674107142857146,0.48,0.8571428571428571,0.6153846153846154,0.5223214285714286,0.3125016689300537
"2,18,14,6,6,22,7,8,6,3,6,1,0,20,2",0.5333333333333333,0.3,0.46674107142857146,0.5,0.35714285714285715,0.4166666666666667,0.5223214285714286,0.3901097774505615
"16,23,4,16,2,5,19,16,16,1,3,8,13,18,2",0.4666666666666667,0.5,0.46651785714285715,0.4,0.2857142857142857,0.3333333333333333,0.45535714285714285,0.6210536956787109
"12,10,0,2,0,18,0,13,0,9,16,10,15,14,3",0.4666666666666667,0.5,0.46651785714285715,0.4,0.2857142857142857,0.3333333333333333,0.45535714285714285,0.3732872009277344
"8,3,2,2,22,8,23,2,17,12,8,15,6,18,13",0.43333333333333335,0.5,0.46651785714285715,0.44,0.7857142857142857,0.5641025641025641,0.45535714285714285,0.3394436836242676
"16,16,9,5,12,19,5,11,4,3,11,5,18,4,9",0.43333333333333335,0.5,0.46651785714285715,0.44,0.7857142857142857,0.5641025641025641,0.45535714285714285,0.46485328674316406
"14,8,13,2,2,21,11,15,7,2,4,15,21,9,11",0.43333333333333335,0.5,0.46651785714285715,0.44,0.7857142857142857,0.5641025641025641,0.45535714285714285,0.35009217262268066
"14,6,21,0,12,3,14,16,16,13,11,16,5,3,11",0.4,0.7,0.46629464285714284,0.3,0.21428571428571427,0.25,0.38839285714285715,0.30994081497192383
"16,12,5,16,11,6,3,2,16,12,20,11,10,21,3",0.4666666666666667,0.4,0.4649553571428572,0.4583333333333333,0.7857142857142857,0.5789473684210527,0.48660714285714285,0.3488576412200928
"2,4,21,12,23,15,0,13,8,16,11,2,6,14,9",0.5,0.4,0.4649553571428572,0.4444444444444444,0.2857142857142857,0.34782608695652173,0.48660714285714285,0.33730149269104004
"2,19,18,17,12,7,5,9,6,16,12,5,16,11,6",0.4666666666666667,0.4,0.4649553571428572,0.4583333333333333,0.7857142857142857,0.5789473684210527,0.48660714285714285,0.920579195022583
"4,13,11,3,5,3,11,11,16,3,9,11,14,18,15",0.43333333333333335,0.6,0.46473214285714287,0.3333333333333333,0.21428571428571427,0.2608695652173913,0.41964285714285715,0.33046627044677734
"0,9,15,21,14,8,17,19,9,19,7,3,23,3,5",0.43333333333333335,0.6,0.46473214285714287,0.3333333333333333,0.21428571428571427,0.2608695652173913,0.41964285714285715,0.44063425064086914
"4,22,9,16,17,13,5,14,14,21,16,15,4,5,6",0.43333333333333335,0.6,0.4647321428571428,0.3333333333333333,0.21428571428571427,0.2608695652173913,0.41964285714285715,0.3056185245513916
"8,20,0,3,16,0,11,8,9,14,18,13,20,17,10",0.43333333333333335,0.6,0.4647321428571428,0.3333333333333333,0.21428571428571427,0.2608695652173913,0.41964285714285715,0.37514734268188477
"12,6,9,8,12,19,5,10,16,3,11,5,18,4,17",0.5,0.3,0.4633928571428571,0.4782608695652174,0.7857142857142857,0.5945945945945946,0.5178571428571428,0.32025957107543945
"9,3,17,1,10,1,5,0,14,3,1,0,13,11,9",0.5,0.3,0.4633928571428571,0.4782608695652174,0.7857142857142857,0.5945945945945946,0.5178571428571428,0.2797713279724121
"0,4,8,3,12,4,1,19,8,18,19,3,16,11,23",0.5333333333333333,0.3,0.4633928571428571,0.5,0.2857142857142857,0.36363636363636365,0.5178571428571428,0.6579313278198242
"0,20,1,0,7,17,0,0,5,9,16,5,14,15,13",0.5,0.3,0.4633928571428571,0.4782608695652174,0.7857142857142857,0.5945945945945946,0.5178571428571428,0.2971527576446533
"13,1,6,23,13,4,12,18,19,8,16,12,1,9,8",0.43333333333333335,0.5,0.46316964285714285,0.43478260869565216,0.7142857142857143,0.5405405405405406,0.45089285714285715,0.5423679351806641
"17,9,23,1,10,22,4,11,4,3,6,0,11,1,23",0.43333333333333335,0.5,0.46316964285714285,0.43478260869565216,0.7142857142857143,0.5405405405405406,0.45089285714285715,0.3416295051574707
"14,6,21,0,6,3,14,16,4,13,11,5,4,3,8",0.43333333333333335,0.5,0.46316964285714285,0.43478260869565216,0.7142857142857143,0.5405405405405406,0.45089285714285715,0.25925374031066895
"9,23,13,7,16,13,10,13,4,5,9,3,21,2,17",0.4666666666666667,0.5,0.46316964285714285,0.375,0.21428571428571427,0.2727272727272727,0.45089285714285715,0.2815897464752197
"11,20,7,9,0,11,12,2,9,14,18,16,12,17,6",0.4666666666666667,0.5,0.46316964285714285,0.375,0.21428571428571427,0.2727272727272727,0.45089285714285715,0.3558335304260254
"15,19,9,1,14,12,14,8,1,17,2,8,8,12,10",0.43333333333333335,0.5,0.46316964285714285,0.43478260869565216,0.7142857142857143,0.5405405405405406,0.45089285714285715,0.39959001541137695
"10,0,15,7,17,18,0,17,2,15,1,3,10,0,7",0.43333333333333335,0.5,0.46316964285714285,0.43478260869565216,0.7142857142857143,0.5405405405405406,0.45089285714285715,0.45822715759277344
"10,5,1,15,14,12,14,13,1,17,7,8,8,12,17",0.4,0.7,0.46294642857142854,0.25,0.14285714285714285,0.18181818181818182,0.3839285714285714,0.402362585067749
"15,1,9,1,12,19,5,0,4,3,4,5,18,4,7",0.4666666666666667,0.4,0.4616071428571429,0.45454545454545453,0.7142857142857143,0.5555555555555556,0.48214285714285715,0.5449371337890625
"9,5,17,1,2,1,5,0,20,3,1,3,12,11,7",0.5,0.4,0.4616071428571429,0.42857142857142855,0.21428571428571427,0.2857142857142857,0.48214285714285715,0.6572422981262207
"8,11,23,2,9,10,6,16,2,9,23,11,1,13,11",0.4666666666666667,0.4,0.4616071428571429,0.45454545454545453,0.7142857142857143,0.5555555555555556,0.48214285714285715,0.3555443286895752
"15,13,4,19,7,0,11,16,11,13,3,16,11,16,15",0.5,0.4,0.4616071428571429,0.42857142857142855,0.21428571428571427,0.2857142857142857,0.48214285714285715,0.3932068347930908
"15,1,9,12,12,17,5,0,10,16,11,4,18,9,7",0.4666666666666667,0.4,0.4616071428571429,0.45454545454545453,0.7142857142857143,0.5555555555555556,0.48214285714285715,0.34806251525878906
"22,0,11,7,5,9,7,21,1,14,11,22,15,13,16",0.43333333333333335,0.6,0.46138392857142857,0.2857142857142857,0.14285714285714285,0.19047619047619047,0.4151785714285714,0.3384125232696533
"12,9,12,12,7,5,18,17,5,4,3,8,18,2,19",0.43333333333333335,0.6,0.46138392857142857,0.2857142857142857,0.14285714285714285,0.19047619047619047,0.4151785714285714,0.7007544040679932
"20,16,11,13,9,8,13,21,14,12,19,6,1,1,13",0.43333333333333335,0.6,0.46138392857142857,0.2857142857142857,0.14285714285714285,0.19047619047619047,0.4151785714285714,0.42197084426879883
"11,1,23,3,3,13,9,16,15,14,21,15,7,18,1",0.43333333333333335,0.6,0.46138392857142857,0.2857142857142857,0.14285714285714285,0.19047619047619047,0.4151785714285714,0.3520469665527344
"9,6,11,16,13,15,3,11,16,7,9,5,14,18,9",0.43333333333333335,0.6,0.4613839285714285,0.2857142857142857,0.14285714285714285,0.19047619047619047,0.4151785714285714,0.43004679679870605
"4,13,11,17,5,4,11,11,3,5,9,9,14,6,9",0.43333333333333335,0.6,0.4613839285714285,0.2857142857142857,0.14285714285714285,0.19047619047619047,0.4151785714285714,0.27457475662231445
"22,16,3,22,2,7,8,18,14,14,15,1,1,20,14",0.5,0.3,0.4600446428571429,0.47619047619047616,0.7142857142857143,0.5714285714285714,0.5133928571428572,0.49227166175842285
"1,9,14,12,9,2,9,15,14,11,9,17,21,0,1",0.5333333333333333,0.3,0.4600446428571428,0.5,0.21428571428571427,0.3,0.5133928571428571,0.3545360565185547
"22,9,11,14,18,9,15,22,7,13,15,13,9,2,2",0.5333333333333333,0.3,0.4600446428571428,0.5,0.21428571428571427,0.3,0.5133928571428571,0.3401482105255127
"8,22,14,20,9,21,9,7,2,8,1,9,2,9,18",0.43333333333333335,0.5,0.4598214285714286,0.42857142857142855,0.6428571428571429,0.5142857142857142,0.44642857142857145,0.2949995994567871
"2,6,4,6,23,11,15,20,10,4,5,21,17,14,9",0.43333333333333335,0.5,0.4598214285714286,0.42857142857142855,0.6428571428571429,0.5142857142857142,0.44642857142857145,0.30336976051330566
"2,6,15,5,4,6,17,11,16,4,9,3,5,17,9",0.43333333333333335,0.5,0.4598214285714286,0.42857142857142855,0.6428571428571429,0.5142857142857142,0.44642857142857145,0.46823549270629883
"12,0,11,18,15,5,23,11,16,0,14,14,17,15,19",0.4,0.7,0.4595982142857143,0.16666666666666666,0.07142857142857142,0.1,0.3794642857142857,0.4001927375793457
"18,15,5,23,11,16,0,14,14,17,15,19,18,14,14",0.4,0.7,0.4595982142857143,0.16666666666666666,0.07142857142857142,0.1,0.3794642857142857,0.7317509651184082
"17,17,0,3,9,1,5,15,2,22,15,2,2,19,12",0.4666666666666667,0.4,0.4582589285714286,0.45,0.6428571428571429,0.5294117647058824,0.47767857142857145,0.390300989151001
"16,14,1,7,3,21,0,4,2,7,12,16,0,17,10",0.5,0.4,0.4582589285714286,0.4,0.14285714285714285,0.21052631578947367,0.4776785714285714,0.3139963150024414
"5,23,3,16,7,4,0,14,3,0,4,11,16,5,18",0.5,0.4,0.4582589285714286,0.4,0.14285714285714285,0.21052631578947367,0.4776785714285714,0.500262975692749
"4,13,11,8,5,6,11,11,12,2,9,14,14,13,9",0.5,0.4,0.4582589285714286,0.4,0.14285714285714285,0.21052631578947367,0.4776785714285714,0.3037843704223633
"0,6,0,16,1,10,5,21,13,10,1,7,4,8,9",0.4666666666666667,0.4,0.4582589285714286,0.45,0.6428571428571429,0.5294117647058824,0.47767857142857145,0.343289852142334
"0,23,0,14,14,3,13,2,11,23,16,19,19,4,7",0.43333333333333335,0.6,0.4580357142857143,0.2,0.07142857142857142,0.10526315789473684,0.4107142857142857,1.034062147140503
"13,2,10,4,7,12,0,11,3,19,18,14,14,13,15",0.4,0.6,0.4580357142857143,0.4,0.5714285714285714,0.47058823529411764,0.4107142857142857,0.5478606224060059
"19,14,7,19,3,4,15,2,14,17,13,15,7,19,3",0.4666666666666667,0.5,0.4564732142857143,0.25,0.07142857142857142,0.1111111111111111,0.4419642857142857,0.5460948944091797
"3,5,0,1,16,11,3,14,20,13,11,3,3,6,11",0.4666666666666667,0.5,0.4564732142857143,0.25,0.07142857142857142,0.1111111111111111,0.4419642857142857,0.3165302276611328
"12,3,15,8,4,6,17,10,4,4,9,3,5,17,17",0.4666666666666667,0.5,0.4564732142857143,0.25,0.07142857142857142,0.1111111111111111,0.4419642857142857,0.37685680389404297
"21,0,8,10,0,9,15,21,14,8,17,19,9,19,7",0.4666666666666667,0.5,0.4564732142857143,0.25,0.07142857142857142,0.1111111111111111,0.4419642857142857,0.4543192386627197
"16,19,1,1,14,12,3,9,11,7,7,9,3,16,11",0.4666666666666667,0.5,0.4564732142857143,0.25,0.07142857142857142,0.1111111111111111,0.4419642857142857,0.4531261920928955
"22,1,3,0,4,10,13,20,15,10,3,14,21,15,8",0.4666666666666667,0.5,0.4564732142857143,0.25,0.07142857142857142,0.1111111111111111,0.4419642857142857,0.310239315032959
"5,5,11,12,6,17,0,10,20,4,4,16,23,4,16",0.36666666666666664,0.7,0.45625,0.3684210526315789,0.5,0.42424242424242425,0.375,0.3352975845336914
"18,10,7,7,10,21,1,11,10,10,16,16,17,7,7",0.4666666666666667,0.4,0.4549107142857143,0.4444444444444444,0.5714285714285714,0.5,0.4732142857142857,0.44704532623291016
"7,12,9,10,7,20,0,14,14,13,18,10,7,7,10",0.5,0.4,0.4549107142857143,0.3333333333333333,0.07142857142857142,0.11764705882352941,0.4732142857142857,0.38739728927612305
"18,17,11,17,9,23,1,10,22,4,11,4,3,6,0",0.5,0.4,0.4549107142857143,0.3333333333333333,0.07142857142857142,0.11764705882352941,0.4732142857142857,0.4172835350036621
"0,11,18,15,5,23,11,16,0,14,14,17,15,19,18",0.4,0.6,0.4546875,0.3888888888888889,0.5,0.4375,0.40625,0.6432619094848633
"4,6,11,11,5,4,11,11,16,4,9,16,14,4,9",0.4,0.6,0.4546875,0.3888888888888889,0.5,0.4375,0.40625,0.27074742317199707
"14,13,16,21,7,14,16,15,15,3,20,17,5,4,4",0.4666666666666667,0.5,0.453125,0.0,0.0,0.0,0.4375,0.3186016082763672
"6,16,12,5,16,11,6,3,2,16,12,20,11,10,21",0.43333333333333335,0.5,0.453125,0.4117647058823529,0.5,0.45161290322580644,0.4375,0.3517012596130371
"4,0,3,21,4,8,15,13,17,18,8,5,14,5,4",0.4666666666666667,0.5,0.453125,0.0,0.0,0.0,0.4375,0.288815975189209
"10,8,12,15,0,4,4,13,10,0,2,20,11,5,17",0.4666666666666667,0.5,0.453125,0.0,0.0,0.0,0.4375,0.3440871238708496
"10,3,15,20,12,11,11,8,11,15,16,1,8,8,10",0.43333333333333335,0.5,0.453125,0.4117647058823529,0.5,0.45161290322580644,0.4375,0.38669657707214355
"10,0,7,6,15,8,12,4,12,22,14,0,21,10,14",0.5333333333333333,0.2,0.4517857142857143,0.5,0.5714285714285714,0.5333333333333333,0.5357142857142857,0.3131067752838135
"4,13,11,0,5,7,11,11,15,13,9,2,14,14,9",0.5666666666666667,0.2,0.4517857142857143,1.0,0.07142857142857142,0.13333333333333333,0.5357142857142857,0.30413198471069336
"4,6,16,9,13,15,11,11,12,4,23,16,14,4,9",0.4666666666666667,0.4,0.4515625,0.4375,0.5,0.4666666666666667,0.46875,0.3279142379760742
"15,5,9,1,17,13,15,4,20,12,11,18,18,7,7",0.4666666666666667,0.4,0.4515625,0.4375,0.5,0.4666666666666667,0.46875,0.4638962745666504
"15,1,9,16,12,19,11,0,4,22,11,5,18,4,9",0.4666666666666667,0.4,0.4515625,0.4375,0.5,0.4666666666666667,0.46875,0.3937263488769531
"5,20,16,11,13,9,8,13,21,14,12,19,6,1,1",0.5,0.4,0.4515625,0.0,0.0,0.0,0.46875,0.318648099899292
"11,13,9,8,13,21,14,12,19,6,1,1,13,1,18",0.5,0.4,0.4515625,0.0,0.0,0.0,0.46875,0.4084899425506592
"7,2,8,1,9,2,9,18,5,18,14,8,13,2,2",0.5,0.4,0.4515625,0.0,0.0,0.0,0.46875,0.4048783779144287
"10,6,16,2,9,23,11,1,13,11,6,11,19,6,2",0.4,0.6,0.4513392857142857,0.375,0.42857142857142855,0.4,0.4017857142857143,0.3482513427734375
"15,3,4,8,17,11,15,4,9,23,5,0,9,14,9",0.4666666666666667,0.3,0.45,0.4666666666666667,1.0,0.6363636363636364,0.5,0.3283267021179199
"19,16,5,10,5,12,17,0,6,5,3,22,16,5,5",0.43333333333333335,0.5,0.4497767857142857,0.4,0.42857142857142855,0.41379310344827586,0.4330357142857143,0.5375757217407227
"4,13,4,11,5,0,11,11,12,4,3,16,14,16,15",0.43333333333333335,0.5,0.4497767857142857,0.4,0.42857142857142855,0.41379310344827586,0.4330357142857143,0.30388951301574707
"18,3,0,15,20,8,9,8,20,9,4,4,6,19,15",0.43333333333333335,0.5,0.4497767857142857,0.4,0.42857142857142855,0.41379310344827586,0.4330357142857143,0.4525632858276367
"5,6,9,9,13,12,17,15,5,11,12,17,21,12,14",0.4666666666666667,0.4,0.4482142857142857,0.42857142857142855,0.42857142857142855,0.42857142857142855,0.4642857142857143,0.3330240249633789
"3,11,21,12,22,6,11,18,8,21,15,20,8,10,4",0.4333333333333333,0.4,0.4482142857142857,0.4482758620689655,0.9285714285714286,0.6046511627906976,0.4642857142857143,0.3342907428741455
"4,6,1,1,7,4,0,3,21,4,8,15,13,17,18",0.43333333333333335,0.4,0.4482142857142857,0.4482758620689655,0.9285714285714286,0.6046511627906976,0.4642857142857143,0.3238406181335449
"9,23,1,10,22,4,11,4,3,6,0,11,1,23,3",0.4,0.6,0.4479910714285715,0.35714285714285715,0.35714285714285715,0.35714285714285715,0.3973214285714286,0.27768874168395996
"8,7,0,12,2,15,16,12,12,7,14,22,9,7,3",0.4,0.6,0.4479910714285714,0.35714285714285715,0.35714285714285715,0.35714285714285715,0.3973214285714286,0.376018762588501
"14,7,8,20,0,3,16,0,11,8,9,14,18,13,20",0.4,0.6,0.4479910714285714,0.35714285714285715,0.35714285714285715,0.35714285714285715,0.3973214285714286,0.34737300872802734
"11,14,18,9,15,22,7,13,15,13,9,2,2,0,5",0.5,0.3,0.4466517857142857,0.46153846153846156,0.42857142857142855,0.4444444444444444,0.4955357142857143,0.3354012966156006
"21,17,19,2,19,7,14,14,1,17,22,2,5,16,12",0.4666666666666667,0.3,0.4466517857142857,0.4642857142857143,0.9285714285714286,0.6190476190476191,0.4955357142857143,1.8806521892547607
"15,7,7,5,15,12,6,22,11,18,11,10,23,12,18",0.5,0.3,0.4466517857142857,0.46153846153846156,0.42857142857142855,0.4444444444444444,0.4955357142857143,0.4381694793701172
"15,19,4,19,17,13,15,4,1,12,5,18,9,7,9",0.43333333333333335,0.5,0.44642857142857145,0.38461538461538464,0.35714285714285715,0.37037037037037035,0.4285714285714286,1.1660339832305908
"23,0,8,22,0,14,0,10,9,22,15,14,9,1,0",0.43333333333333335,0.5,0.44642857142857145,0.38461538461538464,0.35714285714285715,0.37037037037037035,0.4285714285714286,0.3060595989227295
"0,8,1,9,3,4,2,18,4,15,16,7,17,13,15",0.43333333333333335,0.5,0.44642857142857145,0.38461538461538464,0.35714285714285715,0.37037037037037035,0.4285714285714286,0.3007035255432129
"15,5,11,11,17,5,15,4,1,16,20,14,9,21,9",0.4,0.5,0.4464285714285714,0.42857142857142855,0.8571428571428571,0.5714285714285714,0.42857142857142855,0.37346744537353516
"23,13,14,20,5,4,14,21,17,12,2,11,14,15,9",0.4,0.5,0.4464285714285714,0.42857142857142855,0.8571428571428571,0.5714285714285714,0.42857142857142855,0.3524618148803711
"13,6,10,2,10,12,6,15,14,19,12,7,2,6,7",0.5333333333333333,0.2,0.4450892857142857,0.5,0.42857142857142855,0.46153846153846156,0.5267857142857143,0.33623838424682617
"12,13,19,13,9,15,23,2,16,9,15,15,19,12,7",0.4666666666666667,0.4,0.4448660714285715,0.4166666666666667,0.35714285714285715,0.38461538461538464,0.4598214285714286,0.391357421875
"5,16,12,6,5,0,0,17,18,11,19,10,12,23,1",0.4666666666666667,0.4,0.4448660714285715,0.4166666666666667,0.35714285714285715,0.38461538461538464,0.4598214285714286,0.35682082176208496
"0,16,2,0,0,17,13,2,10,4,7,12,0,11,3",0.43333333333333335,0.4,0.4448660714285714,0.4444444444444444,0.8571428571428571,0.5853658536585366,0.45982142857142855,0.26465487480163574
"15,5,14,19,3,4,14,4,17,12,2,0,4,15,9",0.3333333333333333,0.8,0.44441964285714286,0.25,0.21428571428571427,0.23076923076923078,0.32589285714285715,0.3105933666229248
"15,1,9,9,12,23,5,0,2,5,11,16,18,1,7",0.4,0.5,0.44308035714285715,0.4230769230769231,0.7857142857142857,0.55,0.42410714285714285,0.35131406784057617
"16,9,0,23,15,6,5,9,3,10,17,1,11,5,2",0.4,0.5,0.44308035714285715,0.4230769230769231,0.7857142857142857,0.55,0.42410714285714285,0.29180121421813965
"14,2,5,5,18,16,19,6,17,19,19,18,7,6,7",0.36666666666666664,0.7,0.44285714285714284,0.2727272727272727,0.21428571428571427,0.24,0.35714285714285715,1.8852412700653076
"21,14,1,19,18,17,11,17,9,23,1,10,22,4,11",0.43333333333333335,0.4,0.4415178571428572,0.44,0.7857142857142857,0.5641025641025641,0.45535714285714285,0.7348804473876953
"9,15,15,19,12,7,9,11,18,16,9,3,16,0,22",0.43333333333333335,0.4,0.4415178571428572,0.44,0.7857142857142857,0.5641025641025641,0.45535714285714285,0.4303140640258789
"4,12,18,19,8,16,12,1,9,8,21,2,11,22,15",0.4666666666666667,0.4,0.4415178571428572,0.4,0.2857142857142857,0.3333333333333333,0.45535714285714285,0.5729610919952393
"23,14,13,1,0,19,6,12,17,17,14,2,9,14,22",0.4,0.6,0.4412946428571428,0.3,0.21428571428571427,0.25,0.38839285714285715,0.6051826477050781
"19,18,17,11,17,9,23,1,10,22,4,11,4,3,6",0.36666666666666664,0.6,0.4412946428571428,0.4,0.7142857142857143,0.5128205128205128,0.38839285714285715,0.8561294078826904
"9,22,14,1,17,6,1,0,20,2,13,14,13,13,7",0.4666666666666667,0.3,0.43995535714285716,0.4583333333333333,0.7857142857142857,0.5789473684210527,0.48660714285714285,0.6589047908782959
"19,0,10,18,3,19,14,0,23,10,15,8,14,11,18",0.43333333333333335,0.5,0.43973214285714285,0.3333333333333333,0.21428571428571427,0.2608695652173913,0.41964285714285715,0.8034145832061768
"10,7,20,14,8,23,3,8,10,4,3,20,8,23,2",0.43333333333333335,0.5,0.43973214285714285,0.3333333333333333,0.21428571428571427,0.2608695652173913,0.41964285714285715,0.3510756492614746
"10,4,0,17,7,20,14,15,13,0,2,9,14,12,16",0.43333333333333335,0.5,0.43973214285714285,0.3333333333333333,0.21428571428571427,0.2608695652173913,0.41964285714285715,0.2652859687805176
"8,4,10,3,15,20,12,11,11,8,11,15,16,1,8",0.4,0.5,0.43973214285714285,0.4166666666666667,0.7142857142857143,0.5263157894736842,0.41964285714285715,0.3867030143737793
"15,19,1,1,14,12,15,4,20,12,7,18,9,7,9",0.43333333333333335,0.5,0.43973214285714285,0.3333333333333333,0.21428571428571427,0.2608695652173913,0.41964285714285715,0.3876762390136719
"11,4,17,14,5,4,4,18,3,0,15,20,8,9,8",0.36666666666666664,0.7,0.43950892857142854,0.2222222222222222,0.14285714285714285,0.17391304347826086,0.3526785714285714,0.2845168113708496
"21,2,11,22,15,20,8,3,17,13,9,5,13,15,1",0.43333333333333335,0.4,0.4381696428571429,0.43478260869565216,0.7142857142857143,0.5405405405405406,0.45089285714285715,0.3498077392578125
"9,19,9,18,5,18,14,8,1,2,2,21,11,15,7",0.4666666666666667,0.3,0.43660714285714286,0.45454545454545453,0.7142857142857143,0.5555555555555556,0.48214285714285715,0.49882960319519043
"4,11,4,11,6,4,11,1,12,4,3,16,9,4,15",0.4666666666666667,0.3,0.43660714285714286,0.45454545454545453,0.7142857142857143,0.5555555555555556,0.48214285714285715,0.27171969413757324
"5,2,12,9,12,6,9,11,22,5,15,14,8,8,15",0.4,0.5,0.4363839285714286,0.4090909090909091,0.6428571428571429,0.5,0.41517857142857145,0.42444562911987305
"15,13,11,19,6,17,16,16,9,15,20,5,4,4,13",0.4,0.5,0.4363839285714286,0.4090909090909091,0.6428571428571429,0.5,0.41517857142857145,0.4275836944580078
"14,8,16,0,13,15,3,16,16,7,23,5,9,18,11",0.4,0.5,0.4363839285714286,0.4090909090909091,0.6428571428571429,0.5,0.41517857142857145,0.31696128845214844
"19,9,6,3,12,9,12,12,7,5,18,17,5,4,3",0.4,0.5,0.4363839285714286,0.4090909090909091,0.6428571428571429,0.5,0.41517857142857145,0.525153398513794
"22,15,2,2,19,12,22,1,16,2,8,18,18,15,8",0.4666666666666667,0.4,0.4348214285714286,0.3333333333333333,0.14285714285714285,0.2,0.4464285714285714,0.5079765319824219
"23,5,16,1,14,2,16,0,9,0,8,11,8,9,17",0.4666666666666667,0.4,0.4348214285714286,0.3333333333333333,0.14285714285714285,0.2,0.4464285714285714,0.5585601329803467
"15,14,20,10,4,14,21,17,12,2,0,4,15,6,18",0.43333333333333335,0.4,0.4348214285714286,0.42857142857142855,0.6428571428571429,0.5142857142857142,0.44642857142857145,0.34021759033203125
"23,13,3,5,0,1,16,11,3,14,20,13,11,3,3",0.4666666666666667,0.4,0.4348214285714286,0.3333333333333333,0.14285714285714285,0.2,0.4464285714285714,0.3279449939727783
"0,21,11,22,14,19,17,5,15,10,2,12,21,17,0",0.4666666666666667,0.4,0.4348214285714286,0.3333333333333333,0.14285714285714285,0.2,0.4464285714285714,0.4455690383911133
"23,0,14,13,16,21,7,14,16,15,15,3,20,17,5",0.4,0.6,0.4345982142857143,0.16666666666666666,0.07142857142857142,0.1,0.3794642857142857,0.3907341957092285
"0,8,15,4,2,15,20,3,11,1,16,1,11,8,2",0.4,0.6,0.4345982142857143,0.16666666666666666,0.07142857142857142,0.1,0.3794642857142857,0.3107759952545166
"15,1,9,1,12,5,5,0,10,1,11,7,18,9,7",0.4666666666666667,0.3,0.4332589285714286,0.45,0.6428571428571429,0.5294117647058824,0.47767857142857145,0.336669921875
"0,0,5,19,2,15,15,18,6,3,4,10,22,16,5",0.5,0.3,0.43325892857142856,0.4,0.14285714285714285,0.21052631578947367,0.4776785714285714,0.526092529296875
"3,0,11,11,16,3,11,6,1,16,9,14,8,18,9",0.4,0.5,0.4330357142857143,0.4,0.5714285714285714,0.47058823529411764,0.4107142857142857,0.25436878204345703
"18,0,7,5,5,15,2,16,9,15,2,2,10,0,19",0.43333333333333335,0.5,0.4330357142857143,0.2,0.07142857142857142,0.10526315789473684,0.4107142857142857,0.3518035411834717
"2,23,12,6,14,0,4,19,10,10,17,17,1,23,17",0.43333333333333335,0.5,0.4330357142857143,0.2,0.07142857142857142,0.10526315789473684,0.4107142857142857,0.6540446281433105
"12,9,2,0,16,17,15,19,8,12,16,4,5,20,5",0.43333333333333335,0.5,0.4330357142857143,0.2,0.07142857142857142,0.10526315789473684,0.4107142857142857,0.3731350898742676
"6,1,16,8,14,8,21,0,12,3,14,16,4,13,11",0.4,0.5,0.4330357142857143,0.4,0.5714285714285714,0.47058823529411764,0.4107142857142857,0.3617057800292969
"13,22,4,17,4,18,9,0,0,19,5,2,9,4,8",0.4666666666666667,0.4,0.4314732142857143,0.25,0.07142857142857142,0.1111111111111111,0.4419642857142857,0.2940638065338135
"7,14,14,1,17,22,2,5,16,12,6,5,0,0,17",0.4666666666666667,0.4,0.4314732142857143,0.25,0.07142857142857142,0.1111111111111111,0.4419642857142857,0.2989814281463623
"22,12,15,0,16,2,0,0,17,13,2,10,4,7,12",0.4666666666666667,0.4,0.4314732142857143,0.25,0.07142857142857142,0.1111111111111111,0.4419642857142857,0.28913426399230957
"0,12,3,14,16,4,13,11,16,5,3,11,11,16,22",0.43333333333333335,0.4,0.4314732142857143,0.42105263157894735,0.5714285714285714,0.48484848484848486,0.4419642857142857,0.2974283695220947
"8,6,3,9,0,7,3,22,3,15,20,11,5,3,0",0.4666666666666667,0.4,0.4314732142857143,0.25,0.07142857142857142,0.1111111111111111,0.4419642857142857,0.23821377754211426
"0,0,5,9,16,5,14,15,13,7,23,12,12,17,3",0.4666666666666667,0.3,0.4299107142857143,0.4444444444444444,0.5714285714285714,0.5,0.4732142857142857,0.3386256694793701
"6,3,16,11,14,15,10,23,1,10,10,12,3,0,22",0.4666666666666667,0.3,0.4299107142857143,0.4444444444444444,0.5714285714285714,0.5,0.4732142857142857,0.34061384201049805
"23,3,13,3,12,14,14,2,22,13,6,14,19,10,20",0.4666666666666667,0.3,0.4299107142857143,0.4444444444444444,0.5714285714285714,0.5,0.4732142857142857,0.3412654399871826
"15,5,17,19,17,13,5,4,20,12,1,18,9,7,9",0.4,0.5,0.4296875,0.3888888888888889,0.5,0.4375,0.40625,0.5966565608978271
"15,0,4,4,13,6,0,2,20,11,5,17,23,11,4",0.4,0.5,0.4296875,0.3888888888888889,0.5,0.4375,0.40625,0.2813687324523926
"1,16,9,16,12,8,3,4,15,12,13,19,13,9,15",0.4666666666666667,0.4,0.428125,0.0,0.0,0.0,0.4375,0.37480831146240234
"14,9,1,0,1,2,0,16,9,13,8,14,19,8,2",0.43333333333333335,0.4,0.428125,0.4117647058823529,0.5,0.45161290322580644,0.4375,0.27277374267578125
"8,5,20,14,16,9,0,5,20,10,19,7,1,10,7",0.4666666666666667,0.4,0.428125,0.0,0.0,0.0,0.4375,0.3387947082519531
"4,0,12,1,15,14,10,7,20,14,8,23,3,8,10",0.36666666666666664,0.6,0.4279017857142857,0.35294117647058826,0.42857142857142855,0.3870967741935484,0.3705357142857143,0.36999964714050293
"13,6,14,19,10,20,3,17,13,1,6,23,13,4,12",0.5,0.3,0.4265625,0.0,0.0,0.0,0.46875,0.3014340400695801
"8,15,4,12,2,1,1,19,9,8,4,1,16,5,10",0.4,0.5,0.4263392857142857,0.375,0.42857142857142855,0.4,0.4017857142857143,0.3055837154388428
"9,4,0,10,12,4,9,16,23,4,16,2,5,19,16",0.43333333333333335,0.3,0.4232142857142857,0.4482758620689655,0.9285714285714286,0.6046511627906976,0.4642857142857143,0.4690732955932617
"12,5,16,11,6,3,2,16,12,20,11,10,21,3,16",0.4666666666666667,0.3,0.4232142857142857,0.42857142857142855,0.42857142857142855,0.42857142857142855,0.4642857142857143,0.3253509998321533
"17,21,12,14,20,3,10,14,0,7,3,23,15,5,16",0.4,0.5,0.42299107142857145,0.35714285714285715,0.35714285714285715,0.35714285714285715,0.3973214285714286,0.39328479766845703
"10,5,20,16,11,13,9,8,13,21,14,12,19,6,1",0.43333333333333335,0.4,0.4214285714285715,0.38461538461538464,0.35714285714285715,0.37037037037037035,0.4285714285714286,0.351407527923584
"9,10,3,3,9,0,0,5,19,2,15,15,18,6,3",0.36666666666666664,0.6,0.4212053571428571,0.3076923076923077,0.2857142857142857,0.2962962962962963,0.36160714285714285,0.32077765464782715
"14,1,17,22,2,5,16,12,6,5,0,0,17,18,11",0.4666666666666667,0.3,0.41986607142857146,0.4166666666666667,0.35714285714285715,0.38461538461538464,0.4598214285714286,0.3443331718444824
"16,11,15,15,6,12,7,9,11,18,16,13,9,16,19",0.4,0.5,0.41964285714285715,0.3333333333333333,0.2857142857142857,0.3076923076923077,0.39285714285714285,0.45891499519348145
"18,0,17,2,15,1,3,10,0,7,6,15,8,12,4",0.4,0.5,0.41964285714285715,0.3333333333333333,0.2857142857142857,0.3076923076923077,0.39285714285714285,0.4697384834289551
"10,19,1,1,14,12,4,13,6,0,7,20,11,5,17",0.5,0.2,0.41830357142857144,0.45454545454545453,0.35714285714285715,0.4,0.4910714285714286,0.3319389820098877
"0,10,9,22,15,14,9,1,0,1,2,0,16,9,13",0.36666666666666664,0.6,0.4178571428571428,0.2727272727272727,0.21428571428571427,0.24,0.35714285714285715,0.2787797451019287
"12,4,9,7,15,22,17,12,11,10,14,9,15,15,10",0.5,0.1,0.4167410714285715,0.48,0.8571428571428571,0.6153846153846154,0.5223214285714286,0.38248229026794434
"8,20,11,10,5,22,10,12,5,18,2,10,17,15,5",0.4333333333333333,0.3,0.4165178571428571,0.44,0.7857142857142857,0.5641025641025641,0.4553571428571428,0.2965672016143799
"13,21,14,12,19,6,1,1,13,1,18,8,16,1,18",0.36666666666666664,0.5,0.41629464285714285,0.4,0.7142857142857143,0.5128205128205128,0.38839285714285715,0.3492395877838135
"4,13,2,11,5,4,11,11,12,4,9,16,14,4,9",0.43333333333333335,0.4,0.4147321428571429,0.3333333333333333,0.21428571428571427,0.2608695652173913,0.41964285714285715,0.3258037567138672
"14,14,13,15,8,7,20,9,13,7,8,0,16,11,10",0.43333333333333335,0.4,0.4147321428571429,0.3333333333333333,0.21428571428571427,0.2608695652173913,0.41964285714285715,0.3373551368713379
"13,13,3,0,4,14,13,0,6,0,1,14,5,9,20",0.3333333333333333,0.6,0.4145089285714286,0.375,0.6428571428571429,0.47368421052631576,0.35267857142857145,0.29976558685302734
"17,14,9,4,4,14,0,4,8,3,12,4,1,19,8",0.4666666666666667,0.3,0.41316964285714286,0.375,0.21428571428571427,0.2727272727272727,0.45089285714285715,0.5442588329315186
"3,20,8,9,17,6,10,22,17,5,2,19,3,7,8",0.4,0.5,0.41294642857142855,0.25,0.14285714285714285,0.18181818181818182,0.3839285714285714,0.45789003372192383
"18,13,7,21,13,15,18,12,4,21,4,11,15,23,17",0.43333333333333335,0.4,0.4113839285714286,0.2857142857142857,0.14285714285714285,0.19047619047619047,0.4151785714285714,0.5713803768157959
"15,5,8,11,17,5,15,4,1,16,5,14,9,21,9",0.4,0.4,0.4113839285714286,0.4090909090909091,0.6428571428571429,0.5,0.41517857142857145,0.34022951126098633
"12,14,8,1,17,7,8,8,12,10,0,0,2,1,9",0.4,0.4,0.4113839285714286,0.4090909090909091,0.6428571428571429,0.5,0.41517857142857145,0.37151336669921875
"10,2,14,22,10,21,14,3,10,15,12,3,18,11,4",0.4,0.4,0.4113839285714286,0.4090909090909091,0.6428571428571429,0.5,0.41517857142857145,0.341094970703125
"16,5,11,19,6,17,15,22,1,12,20,5,4,4,9",0.3333333333333333,0.6,0.4111607142857143,0.36363636363636365,0.5714285714285714,0.4444444444444444,0.3482142857142857,0.46339917182922363
"16,6,9,8,10,12,15,17,16,23,11,0,13,13,9",0.36666666666666664,0.6,0.4111607142857143,0.14285714285714285,0.07142857142857142,0.09523809523809523,0.3482142857142857,0.35393238067626953
"17,13,18,12,4,9,7,15,22,17,12,11,10,14,9",0.4666666666666667,0.2,0.4082589285714286,0.45,0.6428571428571429,0.5294117647058824,0.47767857142857145,0.37120866775512695
"2,22,1,3,0,4,10,13,20,15,10,3,14,21,15",0.43333333333333335,0.4,0.4080357142857143,0.2,0.07142857142857142,0.10526315789473684,0.4107142857142857,0.30462121963500977
"18,12,4,21,4,11,15,23,17,22,1,9,14,12,9",0.3333333333333333,0.6,0.4078125,0.35,0.5,0.4117647058823529,0.34375,0.49955296516418457
"10,14,0,7,3,23,15,5,16,11,23,6,11,2,4",0.36666666666666664,0.6,0.4078125,0.0,0.0,0.0,0.34375,0.3330965042114258
"23,1,10,10,12,3,0,22,14,5,2,20,16,14,17",0.36666666666666664,0.5,0.40625,0.3684210526315789,0.5,0.42424242424242425,0.375,0.7898280620574951
"16,1,16,0,20,3,6,3,15,14,16,8,7,1,13",0.4,0.5,0.40625,0.0,0.0,0.0,0.375,0.36064696311950684
"12,5,2,12,9,12,6,9,11,22,5,15,14,8,8",0.3,0.7,0.40602678571428574,0.3157894736842105,0.42857142857142855,0.36363636363636365,0.3080357142857143,0.315915584564209
"18,11,4,15,3,1,12,19,19,12,14,1,14,15,2",0.4,0.4,0.4046875,0.3888888888888889,0.5,0.4375,0.40625,1.1724536418914795
"6,3,6,1,0,20,2,0,11,4,2,4,15,0,6",0.36666666666666664,0.5,0.4029017857142857,0.35294117647058826,0.42857142857142855,0.3870967741935484,0.3705357142857143,0.22538352012634277
"14,0,4,19,10,10,17,17,1,23,17,6,3,2,13",0.4,0.4,0.4013392857142857,0.375,0.42857142857142855,0.4,0.4017857142857143,0.7355108261108398
"13,2,3,9,6,23,9,2,10,15,22,9,21,11,21",0.3666666666666666,0.5,0.3995535714285714,0.3333333333333333,0.3571428571428571,0.3448275862068966,0.3660714285714286,0.3407492637634277
"18,9,9,6,1,22,8,14,11,2,0,16,8,11,13",0.4333333333333333,0.3,0.3964285714285714,0.3846153846153846,0.3571428571428571,0.3703703703703703,0.4285714285714286,0.4000973701477051
"10,3,9,8,10,12,15,17,10,23,11,0,13,13,9",0.3,0.7,0.39598214285714284,0.23076923076923078,0.21428571428571427,0.2222222222222222,0.29464285714285715,0.3915841579437256
"5,15,2,22,15,2,2,19,12,22,1,16,2,8,18",0.4,0.4,0.3946428571428572,0.3333333333333333,0.2857142857142857,0.3076923076923077,0.39285714285714285,0.3839278221130371
"16,1,15,5,12,6,17,11,4,4,9,5,18,17,7",0.3333333333333333,0.6,0.39441964285714287,0.25,0.21428571428571427,0.23076923076923078,0.32589285714285715,0.3642094135284424
"1,1,1,1,20,10,2,14,22,10,21,14,3,10,15",0.36666666666666664,0.5,0.39285714285714285,0.2727272727272727,0.21428571428571427,0.24,0.35714285714285715,0.30360889434814453
"21,14,3,10,15,12,3,18,11,4,15,3,1,12,19",0.4,0.4,0.3879464285714286,0.25,0.14285714285714285,0.18181818181818182,0.3839285714285714,0.3755037784576416
"0,14,13,16,21,7,14,16,15,15,3,20,17,5,4",0.43333333333333335,0.3,0.38638392857142856,0.2857142857142857,0.14285714285714285,0.19047619047619047,0.4151785714285714,0.3140432834625244
"6,13,22,0,7,7,5,9,7,21,1,16,11,22,13",0.36666666666666664,0.5,0.3861607142857143,0.14285714285714285,0.07142857142857142,0.09523809523809523,0.3482142857142857,0.3164253234863281
"16,1,15,22,8,0,3,16,14,1,7,3,21,0,4",0.36666666666666664,0.4,0.3845982142857143,0.38095238095238093,0.5714285714285714,0.45714285714285713,0.3794642857142857,0.3308298587799072
"23,16,1,15,22,8,0,3,16,14,1,7,3,21,0",0.43333333333333335,0.3,0.3830357142857143,0.2,0.07142857142857142,0.10526315789473684,0.4107142857142857,0.641014575958252
"4,13,11,5,5,1,11,11,14,20,9,3,14,11,9",0.3333333333333333,0.5,0.3828125,0.35,0.5,0.4117647058823529,0.34375,0.3253147602081299
"2,17,19,12,11,8,20,10,20,5,6,4,16,1,4",0.36666666666666664,0.4,0.38125,0.3684210526315789,0.5,0.42424242424242425,0.375,0.4721553325653076
"14,8,21,16,12,3,11,16,4,22,11,16,5,3,9",0.3333333333333333,0.5,0.3794642857142857,0.3333333333333333,0.42857142857142855,0.375,0.3392857142857143,0.30206990242004395
"10,5,4,19,17,13,17,11,4,4,5,3,5,17,9",0.3,0.6,0.3776785714285714,0.29411764705882354,0.35714285714285715,0.3225806451612903,0.3035714285714286,0.43184828758239746
"12,5,14,1,17,6,5,10,20,3,13,14,13,13,7",0.36666666666666664,0.4,0.3712053571428572,0.3076923076923077,0.2857142857142857,0.2962962962962963,0.36160714285714285,0.33017778396606445
"3,6,2,11,1,10,4,4,12,0,12,15,19,1,1",0.4,0.3,0.36964285714285716,0.3333333333333333,0.2857142857142857,0.3076923076923077,0.39285714285714285,0.3462941646575928
"22,17,18,14,13,10,7,17,23,5,16,1,14,2,16",0.4,0.2,0.3613839285714286,0.4090909090909091,0.6428571428571429,0.5,0.41517857142857145,0.6462016105651855
"15,19,1,1,14,12,14,8,1,17,7,8,20,12,10",0.3333333333333333,0.4,0.3578125,0.35,0.5,0.4117647058823529,0.34375,0.3979926109313965
"14,8,8,15,4,12,6,12,4,7,20,5,1,3,7",0.36666666666666664,0.3,0.3529017857142857,0.35294117647058826,0.42857142857142855,0.3870967741935484,0.3705357142857143,0.34589624404907227
"4,14,17,14,2,1,5,5,14,20,1,3,12,11,7",0.3333333333333333,0.2,0.30111607142857144,0.3125,0.35714285714285715,0.3333333333333333,0.3348214285714286,0.29206275939941406
