encoding,test accuracy,training accuracy,combined accuracy,test precision,test recall,test fscore,test auc,training time
"19,14,0,16,10,19,17,6,17,12,3,20,12,11,20",0.73,0.93,0.78,0.7674418604651163,0.66,0.7096774193548387,0.73,2.2019317150115967
"16,23,15,16,18,15,17,6,17,4,6,14,0,11,19",0.7,0.98,0.7699999999999999,0.6754385964912281,0.77,0.719626168224299,0.7,1.658618688583374
"16,14,15,16,18,15,17,6,15,4,15,17,23,11,11",0.705,0.965,0.7699999999999999,0.6990291262135923,0.72,0.7093596059113301,0.705,1.546555995941162
"17,14,16,16,13,18,17,6,6,21,12,17,11,11,5",0.69,0.985,0.7637499999999999,0.7065217391304348,0.65,0.6770833333333334,0.69,1.6110670566558838
"19,14,15,16,18,16,17,6,17,16,6,17,23,11,11",0.695,0.965,0.7625,0.6756756756756757,0.75,0.7109004739336493,0.6950000000000001,2.234929084777832
"17,23,15,5,18,16,3,6,17,4,6,17,23,11,11",0.69,0.965,0.7587499999999999,0.6862745098039216,0.7,0.693069306930693,0.69,2.058173894882202
"19,14,15,16,18,16,17,6,17,4,6,17,23,11,11",0.68,0.99,0.7575000000000001,0.6636363636363637,0.73,0.6952380952380952,0.6799999999999999,2.215214967727661
"16,14,15,16,18,15,17,6,15,4,6,17,23,11,11",0.685,0.975,0.7575000000000001,0.6989247311827957,0.65,0.6735751295336787,0.685,1.553652286529541
"17,23,15,5,18,16,17,6,17,4,6,17,23,11,11",0.675,1.0,0.7562500000000001,0.6966292134831461,0.62,0.656084656084656,0.675,2.241222381591797
"16,14,15,16,18,15,17,6,17,4,6,17,23,11,11",0.68,0.985,0.75625,0.7,0.63,0.6631578947368421,0.6799999999999999,1.8806076049804688
"16,14,15,16,18,16,17,6,17,4,6,17,23,11,11",0.68,0.985,0.75625,0.6875,0.66,0.673469387755102,0.6799999999999999,2.0133142471313477
"0,16,5,22,4,17,17,15,6,12,14,7,19,10,11",0.69,0.955,0.75625,0.7567567567567568,0.56,0.6436781609195402,0.69,1.343963384628296
"16,23,16,5,13,18,17,6,17,21,12,20,11,11,5",0.685,0.955,0.7525000000000001,0.6637168141592921,0.75,0.704225352112676,0.685,1.9853413105010986
"16,14,15,16,18,15,17,22,15,4,6,14,0,11,11",0.69,0.94,0.7525,0.7567567567567568,0.56,0.6436781609195402,0.69,1.3640666007995605
"17,14,15,5,18,16,17,6,6,4,14,17,23,11,11",0.68,0.97,0.7525,0.6428571428571429,0.81,0.7168141592920354,0.68,1.5889816284179688
"16,14,15,16,18,15,17,22,15,4,6,14,0,11,19",0.7,0.91,0.7525,0.6851851851851852,0.74,0.7115384615384616,0.7,1.3710205554962158
"19,14,15,16,18,16,17,6,15,4,6,17,23,11,11",0.665,0.995,0.7475,0.6701030927835051,0.65,0.6598984771573604,0.665,1.9597501754760742
"17,23,15,5,18,16,17,6,6,4,14,17,23,11,11",0.67,0.975,0.74625,0.6888888888888889,0.62,0.6526315789473685,0.6699999999999999,1.955528974533081
"16,14,15,5,18,16,17,6,17,4,6,17,23,11,11",0.67,0.975,0.74625,0.6770833333333334,0.65,0.6632653061224489,0.6699999999999999,1.780536413192749
"16,14,15,16,18,15,3,6,17,4,6,17,23,11,11",0.695,0.9,0.74625,0.7349397590361446,0.61,0.6666666666666666,0.6950000000000001,1.728144645690918
"16,23,16,5,13,18,17,6,6,21,12,20,11,11,5",0.675,0.955,0.7450000000000001,0.6923076923076923,0.63,0.6596858638743456,0.675,1.8185315132141113
"16,23,16,5,13,18,17,6,15,21,12,20,11,11,5",0.68,0.94,0.745,0.6666666666666666,0.72,0.6923076923076923,0.6799999999999999,1.9038355350494385
"17,14,16,5,13,18,17,6,6,21,12,17,11,11,5",0.68,0.935,0.74375,0.6836734693877551,0.67,0.6767676767676768,0.6799999999999999,1.632859706878662
"17,23,15,5,18,16,3,6,15,4,6,17,23,11,11",0.67,0.965,0.7437499999999999,0.6770833333333334,0.65,0.6632653061224489,0.6699999999999999,1.920166254043579
"17,23,16,22,13,18,16,6,17,21,12,15,11,8,5",0.665,0.975,0.7425,0.6666666666666666,0.66,0.6633165829145728,0.665,2.199070692062378
"17,14,15,5,18,16,3,6,15,4,6,17,23,11,11",0.675,0.945,0.7425,0.6576576576576577,0.73,0.6919431279620853,0.675,1.4795641899108887
"19,14,15,5,18,16,17,22,6,4,6,17,23,11,11",0.665,0.975,0.7425,0.6299212598425197,0.8,0.7048458149779736,0.665,2.115290403366089
"17,18,15,5,18,16,3,6,15,4,6,17,23,11,11",0.67,0.96,0.7424999999999999,0.6634615384615384,0.69,0.6764705882352942,0.6699999999999999,1.8371992111206055
"16,23,15,0,18,15,3,6,17,4,6,17,23,11,19",0.7,0.865,0.74125,0.6666666666666666,0.8,0.7272727272727273,0.7,1.7444937229156494
"16,23,15,0,18,15,3,6,17,4,4,17,23,11,19",0.7,0.865,0.74125,0.6666666666666666,0.8,0.7272727272727273,0.7,1.856651782989502
"17,14,15,16,18,16,17,6,15,4,6,17,23,11,11",0.655,1.0,0.74125,0.6703296703296703,0.61,0.6387434554973822,0.655,1.6651341915130615
"16,14,15,5,18,16,3,6,15,4,6,17,23,11,11",0.68,0.92,0.74,0.6636363636363637,0.73,0.6952380952380952,0.6799999999999999,1.5053584575653076
"17,18,15,5,18,16,3,6,17,4,6,17,23,11,11",0.67,0.95,0.74,0.6808510638297872,0.64,0.6597938144329897,0.6699999999999999,2.0179948806762695
"17,4,18,5,4,16,18,6,17,8,5,13,15,0,11",0.655,0.995,0.74,0.6422018348623854,0.7,0.6698564593301436,0.655,1.9512531757354736
"16,14,15,5,18,16,17,22,6,4,6,17,23,11,11",0.665,0.96,0.73875,0.6486486486486487,0.72,0.6824644549763034,0.665,1.7691442966461182
"16,23,16,5,13,18,17,6,6,21,14,20,11,11,11",0.66,0.975,0.73875,0.6666666666666666,0.64,0.6530612244897959,0.66,2.052654504776001
"16,12,18,18,6,5,7,0,12,3,11,13,15,11,10",0.68,0.91,0.7375,0.6451612903225806,0.8,0.7142857142857143,0.68,1.7054150104522705
"17,18,15,5,18,16,17,6,17,4,6,17,23,11,11",0.65,0.995,0.73625,0.6744186046511628,0.58,0.6236559139784946,0.6499999999999999,2.2572641372680664
"19,14,15,5,18,16,3,6,17,4,6,17,23,11,11",0.665,0.945,0.7350000000000001,0.6941176470588235,0.59,0.6378378378378379,0.665,2.100008249282837
"19,14,0,16,10,19,17,22,6,12,3,20,12,11,20",0.675,0.915,0.7350000000000001,0.6699029126213593,0.69,0.6798029556650246,0.675,2.061199903488159
"17,23,15,5,18,16,3,6,17,4,14,17,23,11,11",0.66,0.96,0.7349999999999999,0.686046511627907,0.59,0.6344086021505376,0.6599999999999999,1.9762327671051025
"17,14,15,16,18,16,17,6,17,4,6,17,23,11,11",0.65,0.99,0.7349999999999999,0.6363636363636364,0.7,0.6666666666666666,0.6499999999999999,1.9174914360046387
"16,23,16,5,13,18,3,6,13,21,12,20,11,11,9",0.675,0.91,0.7337500000000001,0.6842105263157895,0.65,0.6666666666666666,0.675,1.5357413291931152
"16,14,15,16,18,15,17,6,15,4,6,14,0,11,11",0.66,0.955,0.73375,0.6632653061224489,0.65,0.6565656565656566,0.66,1.443662405014038
"16,23,15,5,18,16,3,6,17,4,6,17,23,11,11",0.67,0.925,0.7337499999999999,0.7125,0.57,0.6333333333333333,0.6699999999999999,1.8125150203704834
"5,6,15,5,18,16,3,6,17,4,6,13,23,11,11",0.67,0.915,0.7312500000000001,0.7297297297297297,0.54,0.6206896551724138,0.67,1.4798462390899658
"16,23,17,5,12,22,3,6,17,22,3,9,20,11,20",0.685,0.87,0.7312500000000001,0.6796116504854369,0.7,0.6896551724137931,0.685,1.857363224029541
"17,14,15,5,18,16,17,6,6,4,14,17,23,6,11",0.645,0.99,0.73125,0.6526315789473685,0.62,0.6358974358974359,0.645,1.6654052734375
"19,14,16,5,13,18,17,6,6,21,12,17,11,11,5",0.645,0.985,0.73,0.6355140186915887,0.68,0.6570048309178744,0.645,1.7754459381103516
"16,23,16,5,13,18,3,6,13,21,12,20,11,11,5",0.67,0.91,0.73,0.6847826086956522,0.63,0.65625,0.6699999999999999,1.4867589473724365
"16,23,15,0,18,15,17,6,15,21,6,17,23,11,19",0.665,0.925,0.73,0.6601941747572816,0.68,0.6699507389162561,0.665,1.8900930881500244
"16,14,15,16,18,15,17,6,17,4,4,17,23,11,19",0.655,0.95,0.72875,0.6476190476190476,0.68,0.6634146341463415,0.655,1.799513339996338
"5,6,0,16,15,12,17,10,15,15,0,13,0,9,7",0.72,0.755,0.72875,0.6896551724137931,0.8,0.7407407407407407,0.72,1.1426975727081299
"19,14,18,5,4,16,18,6,17,8,5,13,15,0,11",0.65,0.965,0.72875,0.6415094339622641,0.68,0.6601941747572816,0.65,1.954225778579712
"16,23,15,5,18,15,3,6,17,4,6,17,23,11,11",0.655,0.95,0.72875,0.7066666666666667,0.53,0.6057142857142858,0.655,1.7071537971496582
"17,23,15,5,18,16,3,6,17,4,6,17,11,11,11",0.655,0.95,0.72875,0.6422018348623854,0.7,0.6698564593301436,0.655,1.9177381992340088
"16,23,17,19,12,22,3,6,15,22,3,9,20,11,20",0.665,0.915,0.7275,0.6633663366336634,0.67,0.6666666666666666,0.665,2.419025421142578
"18,6,12,6,11,17,16,8,17,3,12,15,13,11,5",0.68,0.87,0.7275,0.6607142857142857,0.74,0.6981132075471698,0.6799999999999999,1.2098119258880615
"17,23,15,5,18,18,3,6,15,21,6,17,11,11,11",0.645,0.97,0.7262500000000001,0.6464646464646465,0.64,0.6432160804020101,0.645,2.574415683746338
"19,14,0,16,10,19,17,6,6,12,3,20,15,11,20",0.65,0.955,0.7262500000000001,0.6973684210526315,0.53,0.6022727272727273,0.65,1.9996974468231201
"16,14,15,16,18,15,17,22,15,4,6,17,0,11,19",0.665,0.91,0.7262500000000001,0.6666666666666666,0.66,0.6633165829145728,0.665,1.3921585083007812
"16,14,15,5,18,15,17,22,17,4,6,17,0,11,11",0.65,0.955,0.7262500000000001,0.65,0.65,0.65,0.65,1.7735755443572998
"19,14,15,5,18,16,17,6,6,4,14,17,23,11,11",0.635,0.995,0.725,0.6261682242990654,0.67,0.6473429951690821,0.635,1.9368295669555664
"16,14,15,16,18,15,17,22,15,4,6,17,23,11,11",0.645,0.965,0.725,0.6629213483146067,0.59,0.6243386243386243,0.645,1.5712530612945557
"16,23,16,22,13,18,16,6,17,21,12,20,11,8,5",0.645,0.965,0.725,0.638095238095238,0.67,0.6536585365853659,0.645,1.8377699851989746
"19,14,15,5,18,16,3,6,15,4,6,17,23,11,11",0.645,0.96,0.72375,0.6559139784946236,0.61,0.6321243523316062,0.645,1.7417938709259033
"16,23,16,22,13,18,16,10,13,21,12,20,11,8,5",0.675,0.865,0.7225000000000001,0.6966292134831461,0.62,0.656084656084656,0.675,1.611311912536621
"17,18,15,5,18,16,17,6,6,4,12,17,23,11,5",0.635,0.985,0.7225,0.6194690265486725,0.7,0.6572769953051644,0.635,2.03347110748291
"16,14,15,16,18,16,17,6,6,4,6,17,23,11,11",0.64,0.97,0.7224999999999999,0.6555555555555556,0.59,0.6210526315789474,0.6399999999999999,1.854811668395996
"19,14,15,16,18,16,17,22,15,4,6,17,23,11,11",0.63,0.995,0.7212500000000001,0.6274509803921569,0.64,0.6336633663366337,0.63,2.019817590713501
"16,23,17,5,12,22,16,6,17,22,12,9,20,11,5",0.645,0.95,0.72125,0.6933333333333334,0.52,0.5942857142857143,0.645,1.7766990661621094
"16,14,15,16,18,15,17,22,15,4,6,17,23,11,4",0.645,0.95,0.72125,0.6666666666666666,0.58,0.6203208556149733,0.645,1.6420958042144775
"16,23,17,5,12,22,3,6,15,22,3,9,20,11,20",0.67,0.87,0.7200000000000001,0.67,0.67,0.67,0.67,1.8858823776245117
"17,18,15,5,18,16,17,6,6,4,14,17,23,11,11",0.63,0.99,0.72,0.6203703703703703,0.67,0.6442307692307693,0.63,1.932560920715332
"18,6,16,22,13,18,16,6,17,21,12,15,11,8,5",0.64,0.955,0.71875,0.6346153846153846,0.66,0.6470588235294118,0.64,1.6626880168914795
"19,14,16,5,13,18,3,6,13,21,12,20,11,11,5",0.67,0.865,0.71875,0.7297297297297297,0.54,0.6206896551724138,0.67,1.4702370166778564
"19,14,16,5,13,18,3,6,13,21,12,9,11,11,5",0.645,0.94,0.71875,0.6746987951807228,0.56,0.6120218579234973,0.645,1.5606369972229004
"19,14,15,16,18,15,17,22,15,4,6,9,0,11,19",0.645,0.94,0.71875,0.6435643564356436,0.65,0.6467661691542289,0.645,1.6703541278839111
"4,17,17,15,6,12,14,7,19,10,11,11,11,22,0",0.655,0.905,0.7175,0.6099290780141844,0.86,0.7136929460580913,0.655,1.3694982528686523
"19,14,0,16,10,19,17,22,6,12,12,20,12,11,5",0.66,0.89,0.7175,0.6230769230769231,0.81,0.7043478260869566,0.66,1.9985871315002441
"0,16,5,22,4,17,17,15,6,10,14,7,19,10,11",0.635,0.965,0.7175,0.6261682242990654,0.67,0.6473429951690821,0.635,1.4208264350891113
"16,14,17,16,12,22,17,6,17,22,3,9,20,11,20",0.66,0.89,0.7175,0.7,0.56,0.6222222222222222,0.66,1.4698729515075684
"19,14,0,16,10,19,17,6,17,12,3,18,12,11,20",0.65,0.915,0.71625,0.6973684210526315,0.53,0.6022727272727273,0.65,2.230884075164795
"16,23,16,22,13,18,16,6,17,21,12,15,11,8,5",0.65,0.915,0.7162499999999999,0.6293103448275862,0.73,0.6759259259259259,0.6499999999999999,1.7607502937316895
"17,14,16,5,13,18,17,6,6,21,12,17,12,11,5",0.64,0.94,0.715,0.6346153846153846,0.66,0.6470588235294118,0.64,1.495417833328247
"0,16,5,22,4,17,17,6,6,12,14,7,6,10,11",0.67,0.845,0.7137500000000001,0.6349206349206349,0.8,0.7079646017699115,0.67,1.2738828659057617
"16,23,15,0,18,15,17,6,15,21,6,17,15,11,19",0.63,0.965,0.71375,0.6625,0.53,0.5888888888888889,0.63,1.7671563625335693
"16,14,15,16,18,15,17,13,17,4,6,17,23,11,11",0.63,0.965,0.71375,0.6585365853658537,0.54,0.5934065934065934,0.63,1.8129665851593018
"16,23,0,16,15,15,17,6,15,21,0,13,23,9,7",0.63,0.965,0.71375,0.6274509803921569,0.64,0.6336633663366337,0.63,1.5802195072174072
"17,4,18,5,4,16,18,6,17,8,5,13,23,0,11",0.64,0.935,0.71375,0.6060606060606061,0.8,0.6896551724137931,0.64,2.003541946411133
"19,14,17,19,12,22,3,6,15,22,3,9,20,11,20",0.68,0.81,0.7125,0.6836734693877551,0.67,0.6767676767676768,0.6799999999999999,2.0833261013031006
"16,14,0,5,10,16,17,6,17,12,3,20,12,11,11",0.68,0.81,0.7125,0.6956521739130435,0.64,0.6666666666666666,0.6799999999999999,1.35068941116333
"19,14,3,21,10,8,11,3,13,9,14,9,22,8,0",0.685,0.79,0.71125,0.7402597402597403,0.57,0.6440677966101694,0.685,1.3803412914276123
"19,14,18,5,4,16,18,17,1,8,5,9,15,0,11",0.675,0.815,0.7100000000000001,0.7160493827160493,0.58,0.6408839779005525,0.675,2.0334768295288086
"16,14,17,5,12,22,3,6,17,22,3,17,20,11,20",0.685,0.785,0.7100000000000001,0.6907216494845361,0.67,0.6802030456852792,0.685,1.4617717266082764
"17,18,15,5,18,16,17,6,15,4,6,17,23,11,19",0.63,0.95,0.71,0.5984848484848485,0.79,0.6810344827586207,0.63,2.041046142578125
"16,14,15,5,18,16,17,6,17,4,6,17,1,11,11",0.67,0.83,0.71,0.6770833333333334,0.65,0.6632653061224489,0.6699999999999999,1.7654438018798828
"19,14,15,5,18,16,17,6,6,4,14,17,12,11,11",0.62,0.98,0.71,0.59375,0.76,0.6666666666666666,0.62,1.69637131690979
"17,23,15,16,18,16,17,6,17,4,6,17,23,11,11",0.615,0.995,0.71,0.5864661654135338,0.78,0.6695278969957081,0.615,2.3859965801239014
"19,14,15,0,18,15,17,6,15,21,6,17,23,11,19",0.645,0.9,0.70875,0.6090225563909775,0.81,0.6952789699570815,0.645,2.056807041168213
"16,14,15,16,18,15,17,6,15,21,6,17,23,11,19",0.63,0.945,0.70875,0.63,0.63,0.63,0.63,1.8865857124328613
"14,13,21,14,13,13,14,5,23,7,7,3,9,23,16",0.69,0.765,0.70875,0.6938775510204082,0.68,0.6868686868686869,0.69,1.17698073387146
"19,14,0,16,10,19,17,6,17,12,9,20,12,11,20",0.655,0.865,0.7075,0.628099173553719,0.76,0.6877828054298643,0.655,2.219149589538574
"6,4,19,18,11,15,17,21,10,5,5,17,18,9,10",0.655,0.865,0.7075,0.6448598130841121,0.69,0.6666666666666666,0.655,2.908015251159668
"16,23,15,0,18,15,12,6,17,4,6,17,23,11,19",0.64,0.91,0.7075,0.6666666666666666,0.56,0.6086956521739131,0.64,1.7844913005828857
"16,23,15,5,18,16,3,6,17,4,6,9,23,11,11",0.63,0.94,0.7075,0.6511627906976745,0.56,0.6021505376344086,0.63,1.5150678157806396
"17,4,18,5,4,16,18,17,1,8,5,13,15,0,11",0.665,0.835,0.7075,0.6434782608695652,0.74,0.6883720930232559,0.665,1.936234951019287
"16,14,15,16,18,15,17,6,15,4,6,14,23,11,19",0.635,0.925,0.7075,0.6391752577319587,0.62,0.6294416243654822,0.635,1.3801534175872803
"16,23,17,12,12,22,16,6,17,22,3,9,20,8,20",0.65,0.88,0.7074999999999999,0.6785714285714286,0.57,0.6195652173913043,0.6499999999999999,1.820580244064331
"17,23,15,16,18,16,17,6,15,4,6,17,23,11,11",0.61,0.995,0.70625,0.6170212765957447,0.58,0.5979381443298969,0.61,2.1001169681549072
"19,5,6,18,15,15,5,19,11,9,0,9,0,8,14",0.625,0.95,0.70625,0.5984251968503937,0.76,0.6696035242290749,0.625,2.758363723754883
"17,23,16,22,13,18,3,6,17,21,12,15,11,8,5",0.63,0.935,0.70625,0.6511627906976745,0.56,0.6021505376344086,0.63,2.384354829788208
"17,4,17,19,12,22,3,6,15,22,3,13,20,11,20",0.645,0.89,0.70625,0.638095238095238,0.67,0.6536585365853659,0.645,1.938584804534912
"19,12,12,15,11,13,18,15,11,6,17,10,12,11,11",0.65,0.875,0.70625,0.6829268292682927,0.56,0.6153846153846154,0.65,1.3622353076934814
"19,13,5,6,6,8,9,0,17,5,18,14,3,18,8",0.655,0.86,0.70625,0.6781609195402298,0.59,0.6310160427807486,0.655,1.66579270362854
"18,6,12,6,11,17,16,20,6,3,12,15,13,11,5",0.65,0.875,0.7062499999999999,0.6293103448275862,0.73,0.6759259259259259,0.6499999999999999,1.3475286960601807
"16,23,15,0,18,15,3,6,17,21,6,17,23,11,19",0.65,0.87,0.7050000000000001,0.6595744680851063,0.62,0.6391752577319587,0.65,2.866701126098633
"16,14,15,16,18,15,17,6,15,4,6,14,0,11,19",0.64,0.9,0.705,0.6129032258064516,0.76,0.6785714285714286,0.64,1.4438433647155762
"19,12,15,5,18,16,17,6,6,4,14,17,23,11,11",0.62,0.96,0.705,0.5952380952380952,0.75,0.6637168141592921,0.62,1.8886489868164062
"16,14,15,16,18,15,17,10,15,4,6,17,0,11,19",0.675,0.79,0.7037500000000001,0.6356589147286822,0.82,0.7161572052401747,0.675,1.3384931087493896
"18,6,12,6,11,17,13,8,7,3,22,15,13,11,16",0.655,0.85,0.7037500000000001,0.6504854368932039,0.67,0.6600985221674877,0.655,1.1850030422210693
"18,13,6,16,12,19,17,11,6,6,2,14,11,10,15",0.675,0.79,0.7037500000000001,0.6666666666666666,0.7,0.6829268292682927,0.675,1.7889626026153564
"14,18,5,9,10,7,9,8,3,12,15,18,17,12,9",0.675,0.79,0.7037500000000001,0.6732673267326733,0.68,0.6766169154228856,0.675,1.3968310356140137
"16,14,17,5,20,11,14,19,12,4,22,2,11,3,8",0.67,0.805,0.7037499999999999,0.6491228070175439,0.74,0.6915887850467289,0.6699999999999999,1.2387428283691406
"5,6,0,16,15,12,17,22,15,15,0,13,12,9,7",0.675,0.785,0.7025000000000001,0.6767676767676768,0.67,0.6733668341708543,0.675,1.1950769424438477
"19,14,0,16,10,19,17,6,6,12,3,20,12,11,20",0.63,0.92,0.7025,0.625,0.65,0.6372549019607843,0.63,2.036600112915039
"19,14,3,21,10,8,18,3,17,9,14,9,22,8,0",0.675,0.78,0.7012500000000002,0.7160493827160493,0.58,0.6408839779005525,0.675,1.7847259044647217
"19,10,18,0,14,1,4,2,5,0,1,10,20,8,5",0.685,0.75,0.70125,0.7176470588235294,0.61,0.6594594594594595,0.685,1.3047564029693604
"19,14,15,16,18,16,17,21,17,4,6,17,23,11,11",0.605,0.99,0.7012499999999999,0.6,0.63,0.6146341463414634,0.605,3.3852546215057373
"5,6,0,16,15,12,11,10,13,15,14,13,0,9,0",0.675,0.775,0.7000000000000001,0.6767676767676768,0.67,0.6733668341708543,0.675,1.0767326354980469
"5,4,15,19,1,19,15,21,15,13,9,17,6,19,10",0.7,0.7,0.7,0.6639344262295082,0.81,0.7297297297297297,0.7,4.7001633644104
"11,0,16,5,22,4,17,17,15,6,12,14,7,19,10",0.665,0.8,0.69875,0.726027397260274,0.53,0.6127167630057804,0.665,1.3544089794158936
"19,14,3,21,10,8,11,22,13,9,14,9,0,8,0",0.665,0.8,0.69875,0.7142857142857143,0.55,0.6214689265536724,0.665,1.395629644393921
"17,4,15,0,18,15,3,6,17,21,6,15,23,11,19",0.635,0.89,0.69875,0.6451612903225806,0.6,0.6217616580310881,0.635,1.6533982753753662
"13,21,17,17,0,1,16,16,21,2,16,9,8,18,13",0.685,0.74,0.69875,0.6907216494845361,0.67,0.6802030456852792,0.685,1.800891637802124
"17,14,0,5,10,16,17,6,17,12,3,20,12,11,11",0.64,0.875,0.69875,0.6794871794871795,0.53,0.5955056179775281,0.64,1.4820263385772705
"16,14,15,16,18,15,17,6,15,4,6,17,0,11,19",0.645,0.855,0.6975,0.6074074074074074,0.82,0.6978723404255319,0.645,1.4124596118927002
"14,17,5,20,11,14,19,12,4,22,2,11,3,8,20",0.67,0.78,0.6975,0.6976744186046512,0.6,0.6451612903225806,0.6699999999999999,1.1334607601165771
"17,18,15,5,1,16,3,6,15,4,6,17,23,11,11",0.69,0.72,0.6975,0.6666666666666666,0.76,0.7102803738317757,0.69,1.663111925125122
"18,13,0,16,15,19,3,11,19,14,5,13,11,9,7",0.655,0.825,0.6975,0.6741573033707865,0.6,0.6349206349206349,0.655,1.5034611225128174
"16,17,19,16,0,1,5,0,5,2,13,5,14,19,10",0.685,0.735,0.6975,0.6907216494845361,0.67,0.6802030456852792,0.685,2.1123249530792236
"14,11,15,3,22,13,10,14,17,18,19,0,13,18,12",0.685,0.73,0.69625,0.6989247311827957,0.65,0.6735751295336787,0.685,2.7037651538848877
"17,4,14,15,4,13,12,9,2,6,17,15,8,22,10",0.67,0.775,0.69625,0.673469387755102,0.66,0.6666666666666666,0.67,1.1143255233764648
"5,6,0,16,15,12,3,10,19,15,0,13,0,9,7",0.68,0.745,0.69625,0.6698113207547169,0.71,0.6893203883495146,0.6799999999999999,1.2823491096496582
"14,12,19,6,17,9,19,12,12,15,11,13,18,15,11",0.645,0.85,0.69625,0.6526315789473685,0.62,0.6358974358974359,0.645,1.758100986480713
"12,14,22,10,14,13,21,14,13,13,14,5,23,7,7",0.69,0.715,0.6962499999999999,0.69,0.69,0.69,0.69,1.2527639865875244
"5,6,0,16,15,12,17,17,1,15,0,13,0,9,7",0.685,0.725,0.6950000000000001,0.6554621848739496,0.78,0.7123287671232876,0.685,1.2765285968780518
"23,15,19,2,17,5,11,9,10,14,23,1,5,15,6",0.68,0.74,0.6950000000000001,0.7045454545454546,0.62,0.6595744680851063,0.6799999999999999,2.046673536300659
"22,17,10,13,21,17,17,0,1,16,16,21,2,16,9",0.675,0.755,0.6950000000000001,0.7215189873417721,0.57,0.6368715083798883,0.675,1.9531545639038086
"17,10,13,21,17,17,0,1,16,16,21,2,16,9,8",0.67,0.77,0.695,0.6931818181818182,0.61,0.648936170212766,0.6699999999999999,1.9741768836975098
"16,23,15,0,18,15,3,6,15,4,6,17,23,11,19",0.65,0.83,0.695,0.6119402985074627,0.82,0.7008547008547008,0.6499999999999999,1.5275866985321045
"5,0,15,21,13,13,10,5,10,19,0,2,18,16,8",0.675,0.75,0.6937500000000001,0.6804123711340206,0.66,0.6700507614213198,0.675,2.582014322280884
"13,4,0,16,15,12,11,10,13,15,14,20,0,9,0",0.67,0.765,0.6937500000000001,0.67,0.67,0.67,0.67,1.090479850769043
"16,23,15,16,18,18,17,6,15,21,6,14,11,11,19",0.62,0.915,0.69375,0.6111111111111112,0.66,0.6346153846153846,0.62,2.600754976272583
"19,14,17,12,12,22,16,6,17,22,3,9,20,8,20",0.625,0.9,0.69375,0.654320987654321,0.53,0.585635359116022,0.625,1.4283368587493896
"19,14,15,16,18,15,17,22,15,4,6,17,0,11,19",0.625,0.9,0.69375,0.6033057851239669,0.73,0.6606334841628959,0.625,1.8286192417144775
"0,16,5,22,4,17,17,6,6,12,14,7,23,10,11",0.605,0.96,0.69375,0.6206896551724138,0.54,0.5775401069518716,0.605,1.3615639209747314
"17,19,16,0,1,5,0,5,2,13,5,14,19,10,21",0.675,0.745,0.6925000000000001,0.6881720430107527,0.64,0.6632124352331606,0.675,2.061720848083496
"18,13,0,16,15,19,3,11,19,14,0,13,11,9,7",0.65,0.82,0.6925000000000001,0.7027027027027027,0.52,0.5977011494252874,0.65,1.4859941005706787
"16,23,17,12,12,22,16,6,17,6,3,9,20,8,20",0.625,0.895,0.6925,0.654320987654321,0.53,0.585635359116022,0.625,1.8459045886993408
"4,15,19,1,19,15,21,15,13,9,17,6,19,10,6",0.69,0.7,0.6924999999999999,0.6727272727272727,0.74,0.7047619047619048,0.69,4.7423012256622314
"13,4,0,16,10,19,16,2,17,12,3,20,12,11,20",0.69,0.7,0.6924999999999999,0.6727272727272727,0.74,0.7047619047619048,0.69,1.522122859954834
"16,14,16,22,13,15,16,22,17,4,12,20,0,8,5",0.61,0.935,0.69125,0.5833333333333334,0.77,0.6637931034482759,0.61,1.2024662494659424
"17,14,0,22,10,18,17,6,17,12,3,20,12,11,5",0.63,0.875,0.69125,0.6666666666666666,0.52,0.5842696629213483,0.63,1.6248910427093506
"5,6,0,16,15,12,3,11,19,15,0,13,11,9,7",0.68,0.725,0.69125,0.6636363636363637,0.73,0.6952380952380952,0.6799999999999999,1.2262325286865234
"11,15,17,21,10,5,5,17,18,9,10,5,21,12,13",0.685,0.71,0.69125,0.6831683168316832,0.69,0.6865671641791045,0.685,1.4278545379638672
"17,18,15,5,18,16,3,10,15,4,6,17,23,11,11",0.615,0.92,0.69125,0.6161616161616161,0.61,0.6130653266331658,0.615,1.9010732173919678
"19,10,6,8,22,12,21,8,10,10,8,10,22,0,14",0.62,0.905,0.6912499999999999,0.6176470588235294,0.63,0.6237623762376238,0.62,1.353154182434082
"17,14,18,16,4,16,17,6,17,8,5,13,15,11,11",0.625,0.89,0.6912499999999999,0.6106194690265486,0.69,0.647887323943662,0.625,1.5246667861938477
"17,23,0,16,15,15,17,6,15,21,0,13,23,9,7",0.595,0.98,0.6912499999999999,0.6021505376344086,0.56,0.5803108808290155,0.595,1.9580597877502441
"14,10,2,16,5,10,15,11,23,5,5,3,10,14,12",0.69,0.695,0.6912499999999999,0.7159090909090909,0.63,0.6702127659574468,0.69,1.0624048709869385
"19,14,0,16,10,16,17,6,17,12,3,20,12,11,20",0.615,0.92,0.6912499999999999,0.6385542168674698,0.53,0.5792349726775956,0.615,1.7936577796936035
"15,14,0,14,10,18,13,18,15,3,3,11,9,8,2",0.685,0.705,0.6900000000000001,0.6761904761904762,0.71,0.6926829268292682,0.685,1.20335054397583
"16,23,16,22,13,18,18,10,17,21,12,20,11,8,5",0.63,0.87,0.6900000000000001,0.6756756756756757,0.5,0.5747126436781609,0.63,2.162569522857666
"17,14,0,12,10,16,17,6,17,12,3,20,12,11,11",0.645,0.825,0.69,0.6705882352941176,0.57,0.6162162162162163,0.645,1.4696390628814697
"19,17,13,21,14,3,5,14,12,19,6,17,9,19,12",0.625,0.88,0.68875,0.6373626373626373,0.58,0.6073298429319371,0.625,2.712960958480835
"4,6,14,14,0,17,15,13,20,0,10,21,3,10,22",0.67,0.745,0.68875,0.6491228070175439,0.74,0.6915887850467289,0.6699999999999999,1.155052900314331
"5,6,0,16,15,12,17,11,6,15,2,13,11,9,15",0.655,0.79,0.68875,0.6631578947368421,0.63,0.6461538461538462,0.655,1.0724635124206543
"16,23,15,0,18,15,3,6,4,4,6,17,23,11,19",0.65,0.805,0.68875,0.6119402985074627,0.82,0.7008547008547008,0.6499999999999999,1.5340425968170166
"21,17,13,7,11,9,3,0,15,3,0,18,9,18,11",0.66,0.775,0.68875,0.6951219512195121,0.57,0.6263736263736264,0.6599999999999999,1.865253210067749
"16,23,16,10,13,18,16,6,17,21,12,20,11,8,5",0.615,0.91,0.68875,0.6116504854368932,0.63,0.6206896551724138,0.615,1.7387933731079102
"16,14,15,5,18,16,17,1,17,4,6,17,23,11,11",0.68,0.715,0.68875,0.6730769230769231,0.7,0.6862745098039216,0.6799999999999999,1.836641788482666
"14,22,10,14,13,21,14,13,13,14,5,23,7,7,3",0.685,0.695,0.6875,0.7402597402597403,0.57,0.6440677966101694,0.685,1.2205238342285156
"16,14,15,16,18,15,3,22,17,4,6,17,0,11,19",0.635,0.845,0.6875,0.6588235294117647,0.56,0.6054054054054054,0.635,1.522542953491211
"15,23,11,0,19,13,3,6,13,18,14,15,4,11,12",0.66,0.77,0.6875,0.6739130434782609,0.62,0.6458333333333334,0.6599999999999999,1.2700119018554688
"19,6,13,8,16,6,11,2,4,17,0,20,14,20,14",0.66,0.77,0.6875,0.6454545454545455,0.71,0.6761904761904762,0.6599999999999999,1.3566467761993408
"16,23,16,22,13,18,16,10,17,21,12,20,0,8,5",0.63,0.86,0.6874999999999999,0.6477272727272727,0.57,0.6063829787234043,0.6299999999999999,1.6424808502197266
"22,16,5,23,16,21,2,3,7,9,9,20,9,22,4",0.68,0.705,0.68625,0.6698113207547169,0.71,0.6893203883495146,0.6799999999999999,1.7622969150543213
"17,4,0,16,10,16,17,6,6,8,3,20,15,11,20",0.64,0.825,0.68625,0.6060606060606061,0.8,0.6896551724137931,0.64,1.2806556224822998
"5,6,0,16,15,12,16,10,17,15,12,13,0,9,5",0.65,0.795,0.6862499999999999,0.6339285714285714,0.71,0.6698113207547169,0.6499999999999999,1.0534963607788086
"17,4,18,5,4,16,18,6,1,8,5,13,11,0,11",0.665,0.745,0.685,0.6363636363636364,0.77,0.6968325791855203,0.665,1.686004400253296
"14,14,0,17,15,13,20,0,10,21,3,10,22,11,0",0.665,0.745,0.685,0.7037037037037037,0.57,0.6298342541436464,0.665,1.157379150390625
"5,6,0,16,15,12,3,3,10,15,0,13,0,9,7",0.665,0.745,0.685,0.6601941747572816,0.68,0.6699507389162561,0.665,1.0783412456512451
"13,14,0,21,10,19,11,3,6,12,3,20,12,8,20",0.685,0.685,0.685,0.6581196581196581,0.77,0.7096774193548387,0.685,1.077913522720337
"16,23,17,12,12,15,16,6,17,4,3,9,23,10,20",0.63,0.85,0.685,0.6710526315789473,0.51,0.5795454545454546,0.63,1.8647792339324951
"16,23,15,0,18,15,17,6,17,4,6,17,23,11,19",0.61,0.905,0.6837500000000001,0.5964912280701754,0.68,0.6355140186915887,0.6100000000000001,1.922534465789795
"15,9,11,8,19,13,3,21,13,18,14,15,4,13,12",0.685,0.68,0.6837500000000001,0.7176470588235294,0.61,0.6594594594594595,0.685,1.2698373794555664
"16,23,15,0,18,15,17,6,17,4,4,17,23,11,19",0.61,0.905,0.6837500000000001,0.5964912280701754,0.68,0.6355140186915887,0.6100000000000001,1.9694187641143799
"18,13,6,16,12,19,17,11,19,6,2,14,11,10,15",0.635,0.83,0.68375,0.6097560975609756,0.75,0.672645739910314,0.635,1.899181842803955
"23,16,17,19,16,0,1,5,0,5,2,13,5,14,19",0.68,0.695,0.68375,0.6451612903225806,0.8,0.7142857142857143,0.68,2.543588876724243
"13,11,0,16,15,12,3,11,19,15,0,21,11,9,7",0.685,0.675,0.6825000000000001,0.6947368421052632,0.66,0.676923076923077,0.685,1.153078317642212
"17,21,10,5,5,17,18,9,10,5,21,12,13,14,23",0.675,0.705,0.6825000000000001,0.6666666666666666,0.7,0.6829268292682927,0.675,1.4574105739593506
"4,19,2,10,0,11,16,23,7,6,11,5,9,22,15",0.685,0.675,0.6825000000000001,0.6697247706422018,0.73,0.6985645933014354,0.685,1.6412904262542725
"16,23,17,12,12,22,17,6,6,22,3,9,20,8,20",0.635,0.825,0.6825,0.5944055944055944,0.85,0.6995884773662552,0.635,1.7224788665771484
"6,16,13,21,8,12,10,22,17,12,16,15,8,8,2",0.68,0.69,0.6825,0.6666666666666666,0.72,0.6923076923076923,0.6799999999999999,1.2143237590789795
"9,16,11,15,19,10,4,2,22,5,9,1,11,9,19",0.7,0.63,0.6824999999999999,0.65625,0.84,0.7368421052631579,0.7,1.174673318862915
"15,21,13,13,10,5,10,19,0,2,18,16,8,6,7",0.66,0.75,0.6824999999999999,0.6739130434782609,0.62,0.6458333333333334,0.6599999999999999,2.671963930130005
"16,23,15,0,18,15,17,10,6,4,6,17,0,11,19",0.635,0.82,0.68125,0.6062992125984252,0.77,0.6784140969162996,0.635,1.4786524772644043
"13,3,3,21,10,8,11,5,13,9,14,2,22,8,0",0.68,0.685,0.68125,0.6607142857142857,0.74,0.6981132075471698,0.6799999999999999,1.0808637142181396
"19,10,16,22,13,18,16,6,17,21,12,20,11,8,5",0.615,0.88,0.6812499999999999,0.6455696202531646,0.51,0.5698324022346368,0.615,1.6532461643218994
"0,16,5,21,4,17,17,15,6,12,14,7,19,10,11",0.605,0.91,0.6812499999999999,0.5789473684210527,0.77,0.6609442060085837,0.605,1.8383262157440186
"16,23,15,5,18,15,3,6,15,4,6,17,0,11,19",0.62,0.865,0.6812499999999999,0.6111111111111112,0.66,0.6346153846153846,0.62,1.3671143054962158
"16,23,15,0,18,15,3,10,15,4,6,17,0,11,19",0.645,0.785,0.68,0.6494845360824743,0.63,0.6395939086294417,0.645,1.394944667816162
"13,21,14,3,5,14,12,19,6,17,9,19,12,12,15",0.66,0.74,0.6799999999999999,0.6509433962264151,0.69,0.6699029126213593,0.6599999999999999,1.687088966369629
"13,11,23,12,7,9,10,3,3,16,12,21,13,23,0",0.69,0.65,0.6799999999999999,0.7261904761904762,0.61,0.6630434782608695,0.69,1.1215617656707764
"16,23,17,19,12,22,17,6,15,22,3,9,20,11,20",0.605,0.905,0.6799999999999999,0.6060606060606061,0.6,0.6030150753768844,0.605,2.404261350631714
"19,14,17,12,12,22,16,3,3,22,3,9,20,8,20",0.65,0.765,0.6787500000000001,0.7777777777777778,0.42,0.5454545454545454,0.65,1.5333900451660156
"5,14,0,16,15,12,17,6,15,15,0,13,0,11,7",0.605,0.9,0.67875,0.584,0.73,0.6488888888888888,0.605,1.2530674934387207
"0,11,15,13,21,15,20,14,11,5,18,9,3,13,7",0.67,0.705,0.67875,0.6574074074074074,0.71,0.6826923076923077,0.6699999999999999,1.2584030628204346
"19,3,14,8,10,22,5,3,12,17,10,20,15,14,0",0.65,0.76,0.6775,0.6973684210526315,0.53,0.6022727272727273,0.65,1.4779877662658691
"15,18,8,13,10,2,20,14,0,14,6,0,5,10,0",0.665,0.715,0.6775,0.7704918032786885,0.47,0.5838509316770186,0.665,1.0709450244903564
"19,14,0,16,10,19,16,22,13,12,3,20,12,11,20",0.635,0.805,0.6775,0.7076923076923077,0.46,0.5575757575757576,0.635,1.8234260082244873
"19,18,11,15,17,21,10,5,5,17,18,9,10,5,21",0.605,0.895,0.6775,0.6179775280898876,0.55,0.582010582010582,0.605,2.9183475971221924
"14,5,6,16,13,21,8,12,10,22,17,12,16,15,8",0.645,0.775,0.6775,0.6355140186915887,0.68,0.6570048309178744,0.645,1.2925021648406982
"17,16,18,5,4,16,18,6,17,8,5,13,15,0,11",0.595,0.925,0.6775,0.5855855855855856,0.65,0.6161137440758294,0.595,1.8641390800476074
"16,23,0,16,15,12,17,11,6,15,2,13,11,9,15",0.655,0.745,0.6775,0.6631578947368421,0.63,0.6461538461538462,0.655,1.4240739345550537
"4,18,2,16,4,5,7,9,14,8,7,9,9,8,2",0.665,0.715,0.6775,0.6386554621848739,0.76,0.6940639269406392,0.665,1.4208543300628662
"16,23,16,22,13,18,16,8,7,21,12,20,11,8,5",0.615,0.855,0.675,0.632183908045977,0.55,0.5882352941176471,0.615,1.64439058303833
"4,15,6,3,20,9,22,16,14,11,4,12,18,9,8",0.67,0.69,0.675,0.639344262295082,0.78,0.7027027027027027,0.67,1.2157418727874756
"15,23,0,16,15,12,3,10,19,15,0,15,0,9,7",0.645,0.765,0.675,0.6593406593406593,0.6,0.6282722513089005,0.645,1.3806138038635254
"18,6,12,6,11,17,16,10,15,3,12,15,13,11,5",0.6,0.9,0.675,0.6086956521739131,0.56,0.5833333333333334,0.6000000000000001,1.2000939846038818
"19,10,15,1,5,11,10,10,4,16,9,11,3,5,10",0.675,0.675,0.675,0.6767676767676768,0.67,0.6733668341708543,0.675,1.5044596195220947
"13,18,15,11,6,17,10,12,11,11,17,22,16,12,18",0.665,0.7,0.6737500000000001,0.7619047619047619,0.48,0.588957055214724,0.665,1.249725103378296
"13,4,0,16,10,19,16,22,13,12,3,20,12,11,20",0.665,0.7,0.6737500000000001,0.6736842105263158,0.64,0.6564102564102564,0.665,1.441955804824829
"12,19,16,15,5,23,12,13,14,10,2,16,5,10,15",0.665,0.7,0.6737500000000001,0.726027397260274,0.53,0.6127167630057804,0.665,1.4080471992492676
"18,2,1,17,12,9,16,11,15,19,10,4,2,22,5",0.665,0.7,0.6737500000000001,0.6542056074766355,0.7,0.6763285024154589,0.665,1.6638097763061523
"17,23,14,0,4,13,3,6,2,6,17,15,8,11,10",0.66,0.715,0.67375,0.6176470588235294,0.84,0.711864406779661,0.6599999999999999,1.4291009902954102
"13,4,18,5,4,13,18,17,1,8,5,13,15,0,10",0.65,0.74,0.6725000000000001,0.7027027027027027,0.52,0.5977011494252874,0.65,1.4374678134918213
"16,23,17,0,20,11,3,6,12,4,22,2,11,11,8",0.65,0.74,0.6725000000000001,0.6071428571428571,0.85,0.7083333333333334,0.65,1.7100722789764404
"13,4,0,16,10,19,17,2,15,12,3,13,12,11,20",0.655,0.725,0.6725000000000001,0.6703296703296703,0.61,0.6387434554973822,0.655,1.7716667652130127
"16,23,15,0,18,15,3,22,17,4,6,17,0,11,19",0.62,0.83,0.6725,0.6,0.72,0.6545454545454545,0.62,1.6694843769073486
"16,22,16,22,13,18,16,10,13,21,12,20,11,8,5",0.645,0.755,0.6725,0.6883116883116883,0.53,0.5988700564971752,0.645,1.2460496425628662
"14,8,10,22,5,3,12,17,10,20,15,14,0,14,10",0.67,0.68,0.6724999999999999,0.7125,0.57,0.6333333333333333,0.6699999999999999,1.0942492485046387
"13,4,10,16,10,19,3,2,19,12,3,20,12,11,20",0.67,0.675,0.6712500000000001,0.7297297297297297,0.54,0.6206896551724138,0.67,3.792371988296509
"11,15,3,22,13,10,14,17,18,19,0,13,18,12,1",0.66,0.705,0.67125,0.6538461538461539,0.68,0.6666666666666666,0.66,2.713686227798462
"6,19,10,6,8,22,12,21,8,10,10,8,10,22,0",0.635,0.78,0.67125,0.6588235294117647,0.56,0.6054054054054054,0.635,1.4047746658325195
"16,14,0,5,10,18,17,6,17,12,3,20,12,11,5",0.625,0.81,0.67125,0.6623376623376623,0.51,0.576271186440678,0.625,1.6021428108215332
"11,15,13,21,15,20,14,11,5,18,9,3,13,7,14",0.665,0.69,0.67125,0.6341463414634146,0.78,0.6995515695067265,0.665,1.1728405952453613
"11,0,18,5,4,16,18,17,1,8,5,14,15,0,11",0.65,0.735,0.6712499999999999,0.6293103448275862,0.73,0.6759259259259259,0.6499999999999999,1.6397960186004639
"17,0,18,2,14,5,6,16,13,21,8,12,10,22,17",0.645,0.745,0.67,0.6593406593406593,0.6,0.6282722513089005,0.645,1.4297733306884766
"22,14,12,11,18,1,10,5,4,4,2,8,8,16,11",0.665,0.685,0.67,0.6601941747572816,0.68,0.6699507389162561,0.665,1.194533109664917
"22,6,14,16,13,0,19,5,14,1,10,5,5,23,6",0.665,0.685,0.67,0.6571428571428571,0.69,0.6731707317073171,0.665,1.2423901557922363
"17,4,15,16,18,15,17,22,15,4,6,13,0,11,19",0.605,0.865,0.6699999999999999,0.5801526717557252,0.76,0.658008658008658,0.605,1.487027883529663
"19,7,0,7,8,20,14,0,6,2,0,4,9,10,20",0.655,0.71,0.66875,0.6131386861313869,0.84,0.7088607594936709,0.655,1.268195629119873
"15,12,17,4,18,5,4,16,18,17,1,8,5,13,15",0.64,0.755,0.66875,0.648936170212766,0.61,0.6288659793814433,0.64,1.9079148769378662
"15,6,3,20,9,22,16,14,11,4,12,18,9,8,9",0.67,0.665,0.66875,0.6931818181818182,0.61,0.648936170212766,0.6699999999999999,1.2102372646331787
"22,17,10,13,21,17,18,0,1,16,5,21,2,16,11",0.64,0.755,0.66875,0.6842105263157895,0.52,0.5909090909090909,0.64,2.191404104232788
"13,4,0,16,10,19,17,22,6,12,3,20,12,11,20",0.645,0.74,0.66875,0.6666666666666666,0.58,0.6203208556149733,0.645,1.6583244800567627
"19,14,16,22,13,18,16,10,13,21,12,20,11,8,5",0.61,0.845,0.66875,0.6571428571428571,0.46,0.5411764705882353,0.61,1.5324203968048096
"12,11,11,17,22,16,12,18,18,6,5,7,0,12,3",0.65,0.72,0.6675,0.6363636363636364,0.7,0.6666666666666666,0.6499999999999999,1.7850840091705322
"15,19,1,19,15,21,15,13,9,17,6,19,10,6,8",0.655,0.705,0.6675,0.7384615384615385,0.48,0.5818181818181818,0.655,4.563798904418945
"12,3,10,18,16,20,10,13,18,15,13,5,9,20,13",0.675,0.64,0.6662500000000001,0.6356589147286822,0.82,0.7161572052401747,0.675,1.3650555610656738
"0,16,5,22,4,17,7,15,6,12,14,7,19,10,11",0.64,0.745,0.66625,0.6891891891891891,0.51,0.5862068965517241,0.64,1.1829984188079834
"18,12,14,22,10,14,13,21,14,13,13,14,5,23,7",0.635,0.76,0.66625,0.7368421052631579,0.42,0.535031847133758,0.635,1.2120156288146973
"16,23,15,0,18,15,17,6,17,4,12,17,23,11,5",0.575,0.94,0.66625,0.5572519083969466,0.73,0.6320346320346321,0.575,1.684814214706421
"17,23,12,6,11,17,13,8,7,3,22,15,13,11,16",0.63,0.775,0.66625,0.6015625,0.77,0.6754385964912281,0.63,1.4002633094787598
"17,23,16,22,13,18,16,6,15,21,12,15,11,8,5",0.575,0.94,0.66625,0.6229508196721312,0.38,0.4720496894409938,0.575,2.033775568008423
"13,4,10,16,10,19,16,2,17,12,3,20,12,11,20",0.65,0.715,0.66625,0.6875,0.55,0.6111111111111112,0.65,1.5226781368255615
"4,13,18,3,16,5,14,23,7,21,12,14,4,3,8",0.655,0.7,0.66625,0.6099290780141844,0.86,0.7136929460580913,0.655,1.3456535339355469
"15,13,21,15,20,14,11,5,18,9,3,13,7,14,18",0.64,0.745,0.66625,0.6707317073170732,0.55,0.6043956043956044,0.64,1.1745803356170654
"5,18,14,3,18,8,20,5,5,12,19,0,1,14,6",0.665,0.67,0.66625,0.6736842105263158,0.64,0.6564102564102564,0.665,1.4528305530548096
"0,5,0,15,21,13,13,10,5,10,19,0,2,18,16",0.645,0.73,0.66625,0.6986301369863014,0.51,0.5895953757225434,0.645,2.553110122680664
"15,14,14,4,6,14,11,16,4,23,5,13,0,3,13",0.615,0.815,0.665,0.5864661654135338,0.78,0.6695278969957081,0.615,1.0776991844177246
"15,13,9,17,6,19,10,6,8,22,12,21,8,10,10",0.665,0.665,0.665,0.627906976744186,0.81,0.7074235807860262,0.665,1.6484014987945557
"18,6,12,6,11,17,16,6,17,3,12,15,13,11,5",0.615,0.815,0.665,0.7555555555555555,0.34,0.4689655172413793,0.615,1.3242459297180176
"16,1,18,11,17,5,6,4,22,8,14,4,7,19,10",0.66,0.68,0.6649999999999999,0.6454545454545455,0.71,0.6761904761904762,0.6599999999999999,1.181962013244629
"18,13,18,15,3,3,11,9,8,2,18,19,8,10,23",0.63,0.765,0.6637500000000001,0.6511627906976745,0.56,0.6021505376344086,0.63,2.5071465969085693
"16,12,14,11,15,3,22,13,10,14,17,18,19,0,13",0.645,0.72,0.6637500000000001,0.6933333333333334,0.52,0.5942857142857143,0.645,2.706286668777466
"16,14,0,16,10,19,17,22,6,12,3,17,12,11,20",0.62,0.795,0.66375,0.6153846153846154,0.64,0.6274509803921569,0.62,1.9259495735168457
"19,14,12,6,11,17,13,8,7,3,22,9,13,11,16",0.6,0.85,0.6625000000000001,0.6666666666666666,0.4,0.5,0.6000000000000001,1.4147875308990479
"18,14,4,19,2,10,0,11,16,23,7,6,11,5,9",0.645,0.715,0.6625000000000001,0.6260869565217392,0.72,0.6697674418604651,0.645,1.3507723808288574
"19,14,3,21,10,8,11,9,2,9,14,9,22,8,0",0.635,0.745,0.6625,0.7076923076923077,0.46,0.5575757575757576,0.635,1.4332175254821777
"9,15,15,17,20,10,11,13,17,4,23,15,9,8,21",0.66,0.67,0.6625,0.6111111111111112,0.88,0.7213114754098361,0.66,1.5020298957824707
"15,1,19,5,0,11,10,15,9,6,4,0,19,8,6",0.66,0.67,0.6625,0.6538461538461539,0.68,0.6666666666666666,0.66,1.2763874530792236
"16,5,23,16,21,2,3,7,9,9,20,9,22,4,2",0.67,0.64,0.6625,0.6574074074074074,0.71,0.6826923076923077,0.6699999999999999,1.745455026626587
"19,16,9,16,11,7,4,13,18,3,16,5,14,23,7",0.655,0.68,0.66125,0.6823529411764706,0.58,0.6270270270270271,0.655,1.744410514831543
"18,19,19,4,18,2,16,4,5,7,9,14,8,7,9",0.595,0.86,0.66125,0.7317073170731707,0.3,0.425531914893617,0.595,6.235978364944458
"16,23,15,0,18,15,3,6,17,4,3,17,23,11,19",0.61,0.815,0.66125,0.6018518518518519,0.65,0.625,0.61,1.8266170024871826
"3,15,5,14,3,0,19,10,19,8,11,5,22,13,2",0.67,0.635,0.6612499999999999,0.6888888888888889,0.62,0.6526315789473685,0.6699999999999999,1.3268423080444336
"10,15,1,19,5,0,11,10,15,9,6,4,0,19,8",0.67,0.635,0.6612499999999999,0.660377358490566,0.7,0.6796116504854369,0.6699999999999999,1.2904374599456787
"13,3,3,21,10,8,11,3,13,9,14,2,22,8,0",0.66,0.665,0.6612499999999999,0.6702127659574468,0.63,0.6494845360824743,0.6599999999999999,1.095423936843872
"17,4,6,16,12,16,17,17,6,8,2,14,15,10,15",0.625,0.765,0.66,0.6050420168067226,0.72,0.6575342465753424,0.625,1.4103038311004639
"11,17,13,8,7,3,22,15,13,11,16,0,9,18,14",0.655,0.675,0.66,0.6448598130841121,0.69,0.6666666666666666,0.655,1.1345760822296143
"18,17,16,1,0,16,11,5,13,18,6,13,13,20,5",0.645,0.705,0.66,0.6124031007751938,0.79,0.6899563318777293,0.645,1.7372548580169678
"13,13,6,15,12,13,17,11,6,6,2,14,11,10,10",0.655,0.675,0.66,0.691358024691358,0.56,0.6187845303867403,0.655,1.1753873825073242
"14,12,11,18,1,10,5,4,4,2,8,8,16,11,6",0.665,0.645,0.66,0.6601941747572816,0.68,0.6699507389162561,0.665,1.0917580127716064
"0,19,10,19,8,11,5,22,13,2,5,13,8,12,9",0.63,0.75,0.66,0.6857142857142857,0.48,0.5647058823529412,0.63,1.3587908744812012
"18,8,20,5,5,12,19,0,1,14,6,4,6,7,8",0.64,0.72,0.6599999999999999,0.7258064516129032,0.45,0.5555555555555556,0.64,1.2473742961883545
"13,4,15,0,18,15,17,10,6,4,6,20,0,11,19",0.625,0.76,0.65875,0.6086956521739131,0.7,0.6511627906976745,0.625,1.2262976169586182
"19,8,9,12,19,3,19,6,13,8,16,6,11,2,4",0.65,0.685,0.65875,0.6704545454545454,0.59,0.6276595744680851,0.6499999999999999,3.7963433265686035
"13,21,8,12,10,22,17,12,16,15,8,8,2,5,1",0.655,0.67,0.65875,0.6666666666666666,0.62,0.6424870466321243,0.655,1.1463279724121094
"0,16,11,5,13,18,6,13,13,20,5,14,13,5,9",0.6,0.83,0.6575000000000001,0.6724137931034483,0.39,0.4936708860759494,0.6000000000000001,1.125025749206543
"18,6,12,6,11,17,17,8,15,3,12,15,13,11,5",0.61,0.8,0.6575,0.5763888888888888,0.83,0.680327868852459,0.61,1.3083553314208984
"19,14,17,12,12,22,16,3,13,22,3,9,20,8,20",0.595,0.845,0.6575,0.6557377049180327,0.4,0.4968944099378882,0.595,1.446756362915039
"13,14,0,21,10,19,11,3,13,12,3,20,12,8,20",0.66,0.65,0.6575,0.6379310344827587,0.74,0.6851851851851852,0.6599999999999999,1.1127467155456543
"16,23,15,0,18,15,17,6,15,4,6,17,23,11,19",0.585,0.875,0.6575,0.5562913907284768,0.84,0.6693227091633466,0.585,1.6048526763916016
"13,3,10,21,10,8,11,3,13,9,14,2,22,8,0",0.645,0.695,0.6575,0.6494845360824743,0.63,0.6395939086294417,0.645,1.2275257110595703
"12,0,11,20,15,14,12,6,19,6,6,8,8,11,7",0.63,0.74,0.6575,0.7407407407407407,0.4,0.5194805194805194,0.63,1.1391010284423828
"19,14,0,16,10,19,17,20,17,12,3,20,12,11,20",0.62,0.765,0.65625,0.7142857142857143,0.4,0.5128205128205128,0.62,2.366354465484619
"4,15,4,23,8,19,8,8,18,9,2,19,12,19,9",0.63,0.73,0.655,0.6444444444444445,0.58,0.6105263157894737,0.63,1.139761209487915
"19,4,1,9,13,16,1,18,11,17,5,6,4,22,8",0.665,0.625,0.655,0.6386554621848739,0.76,0.6940639269406392,0.665,1.445650577545166
"15,2,2,21,12,2,12,15,13,5,18,4,18,0,11",0.645,0.685,0.655,0.6494845360824743,0.63,0.6395939086294417,0.645,1.608991622924805
"0,0,12,19,10,13,10,17,11,12,2,2,6,4,14",0.635,0.71,0.65375,0.6901408450704225,0.49,0.5730994152046783,0.635,1.0897068977355957
"9,19,6,15,12,13,17,11,6,6,2,11,11,10,10",0.645,0.675,0.6525000000000001,0.6178861788617886,0.76,0.6816143497757847,0.645,1.2174561023712158
"13,15,13,7,4,17,12,10,3,22,8,22,7,0,8",0.655,0.645,0.6525000000000001,0.6347826086956522,0.73,0.6790697674418604,0.655,1.1309123039245605
"19,14,3,22,10,18,11,3,13,9,14,9,22,8,5",0.62,0.75,0.6525,0.7142857142857143,0.4,0.5128205128205128,0.62,1.621669054031372
"5,4,16,18,17,1,8,5,13,15,0,11,1,14,3",0.65,0.655,0.6512500000000001,0.6530612244897959,0.64,0.6464646464646465,0.65,1.571653127670288
"5,12,19,17,4,17,11,13,15,13,17,19,8,23,11",0.58,0.865,0.6512500000000001,0.5727272727272728,0.63,0.6,0.5800000000000001,2.4687788486480713
"18,13,6,16,12,19,17,3,6,6,2,14,22,10,15",0.605,0.79,0.65125,0.64,0.48,0.5485714285714286,0.605,1.8082947731018066
"17,12,9,16,11,15,19,10,4,2,22,5,9,1,11",0.655,0.64,0.65125,0.7627118644067796,0.45,0.5660377358490566,0.655,1.1844229698181152
"6,14,14,0,17,15,13,20,0,10,21,3,10,22,11",0.64,0.685,0.65125,0.6129032258064516,0.76,0.6785714285714286,0.64,1.1208713054656982
"17,9,19,12,12,15,11,13,18,15,11,6,17,10,12",0.615,0.76,0.65125,0.5877862595419847,0.77,0.6666666666666666,0.615,1.196953296661377
"19,14,0,16,10,19,17,10,13,12,3,20,12,11,20",0.59,0.83,0.65,0.640625,0.41,0.5,0.59,2.099705219268799
"4,5,16,21,17,13,2,14,10,16,4,12,11,8,13",0.615,0.755,0.65,0.5864661654135338,0.78,0.6695278969957081,0.615,1.724027395248413
"0,0,3,15,12,17,4,18,5,4,16,18,17,1,8",0.65,0.65,0.65,0.6271186440677966,0.74,0.6788990825688074,0.65,2.0130021572113037
"23,13,10,17,10,10,11,1,14,11,17,21,8,6,2",0.65,0.65,0.65,0.6415094339622641,0.68,0.6601941747572816,0.65,1.175138235092163
"14,10,18,13,18,15,3,3,11,9,8,2,18,19,8",0.63,0.705,0.64875,0.6756756756756757,0.5,0.5747126436781609,0.63,2.3880105018615723
"16,6,3,22,12,3,16,21,16,10,8,19,4,7,11",0.625,0.72,0.6487499999999999,0.616822429906542,0.66,0.6376811594202898,0.625,1.3774971961975098
"13,3,3,21,10,8,11,15,13,9,14,2,22,8,0",0.65,0.645,0.6487499999999999,0.6744186046511628,0.58,0.6236559139784946,0.6499999999999999,1.1062119007110596
"5,6,15,0,18,15,3,6,17,4,4,13,23,11,19",0.615,0.75,0.6487499999999999,0.5771812080536913,0.86,0.6907630522088354,0.615,1.2697646617889404
"16,14,0,16,10,15,17,6,17,12,3,20,12,11,11",0.605,0.78,0.6487499999999999,0.64,0.48,0.5485714285714286,0.605,1.4647436141967773
"16,15,5,23,12,13,14,10,2,16,5,10,15,11,23",0.635,0.69,0.6487499999999999,0.6285714285714286,0.66,0.6439024390243903,0.635,1.2363708019256592
"6,23,15,12,13,8,2,11,8,11,4,10,8,3,7",0.64,0.675,0.6487499999999999,0.6666666666666666,0.56,0.6086956521739131,0.64,1.2425100803375244
"14,6,12,7,23,8,11,2,4,5,16,21,17,13,2",0.625,0.715,0.6475,0.6050420168067226,0.72,0.6575342465753424,0.625,1.6947391033172607
"16,13,21,8,12,10,22,17,12,16,15,8,8,2,5",0.645,0.655,0.6475,0.7164179104477612,0.48,0.5748502994011976,0.645,1.2121613025665283
"20,14,2,10,18,4,5,2,3,6,3,0,6,19,8",0.64,0.665,0.64625,0.6428571428571429,0.63,0.6363636363636364,0.64,2.430293321609497
"18,5,9,10,7,9,8,3,12,15,18,17,12,9,22",0.615,0.74,0.64625,0.6575342465753424,0.48,0.5549132947976878,0.615,1.4610731601715088
"13,23,0,0,10,19,3,6,17,12,3,20,12,11,20",0.61,0.755,0.64625,0.7037037037037037,0.38,0.4935064935064935,0.61,1.7857379913330078
"9,12,19,16,15,5,23,12,13,14,10,2,16,5,10",0.645,0.645,0.645,0.6355140186915887,0.68,0.6570048309178744,0.645,1.4959752559661865
"10,15,11,23,5,5,3,10,14,12,9,5,2,13,11",0.645,0.645,0.645,0.6239316239316239,0.73,0.6728110599078341,0.645,1.0386312007904053
"18,17,9,16,5,9,1,2,8,1,21,7,17,7,9",0.64,0.66,0.6449999999999999,0.625,0.7,0.660377358490566,0.6399999999999999,1.4884743690490723
"15,5,23,12,13,14,10,2,16,5,10,15,11,23,5",0.63,0.69,0.6449999999999999,0.6160714285714286,0.69,0.6509433962264151,0.6299999999999999,1.2541184425354004
"13,4,18,15,4,13,18,17,1,8,5,13,15,0,10",0.625,0.7,0.64375,0.7192982456140351,0.41,0.5222929936305732,0.625,1.4743835926055908
"20,15,14,0,14,10,18,13,18,15,3,3,11,9,8",0.62,0.715,0.64375,0.7608695652173914,0.35,0.4794520547945205,0.62,1.1658258438110352
"17,23,16,22,13,18,16,20,17,21,12,15,11,8,5",0.58,0.83,0.6425,0.66,0.33,0.44,0.58,2.3165290355682373
"6,14,16,13,0,19,5,14,1,10,5,5,23,6,9",0.635,0.66,0.64125,0.6216216216216216,0.69,0.6540284360189573,0.635,1.2384262084960938
"5,6,0,16,15,12,3,7,19,15,0,13,0,9,7",0.625,0.69,0.64125,0.7358490566037735,0.39,0.5098039215686274,0.625,1.2665040493011475
"19,14,3,21,10,8,11,3,13,9,14,2,22,8,0",0.615,0.72,0.64125,0.6292134831460674,0.56,0.5925925925925926,0.615,1.5978949069976807
"18,3,4,0,5,0,15,21,13,13,10,5,10,19,0",0.59,0.79,0.6400000000000001,0.5957446808510638,0.56,0.5773195876288659,0.5900000000000001,1.2263753414154053
"9,17,6,19,10,6,8,22,12,21,8,10,10,8,10",0.625,0.685,0.64,0.6126126126126126,0.68,0.6445497630331753,0.625,1.757171869277954
"17,4,18,5,4,16,17,17,15,8,0,13,15,0,7",0.555,0.895,0.64,0.544,0.68,0.6044444444444445,0.555,1.7758557796478271
"17,5,17,5,20,11,14,19,12,4,22,2,11,3,8",0.6,0.755,0.6387499999999999,0.5746268656716418,0.77,0.6581196581196581,0.6,1.4366462230682373
"22,13,2,5,13,8,12,9,9,14,10,11,4,21,2",0.64,0.635,0.6387499999999999,0.6555555555555556,0.59,0.6210526315789474,0.6399999999999999,1.186495304107666
"9,14,9,15,17,9,17,18,10,15,17,19,15,14,8",0.64,0.635,0.6387499999999999,0.6458333333333334,0.62,0.6326530612244898,0.64,2.2273693084716797
"9,3,7,7,21,12,3,10,23,16,12,21,8,13,12",0.64,0.635,0.6387499999999999,0.6346153846153846,0.66,0.6470588235294118,0.64,1.1543166637420654
"15,13,11,16,0,9,18,14,5,22,7,0,6,21,5",0.605,0.74,0.6387499999999999,0.6981132075471698,0.37,0.48366013071895425,0.605,1.119795560836792
"19,6,12,0,3,23,2,8,10,7,6,20,4,10,12",0.62,0.695,0.6387499999999999,0.6395348837209303,0.55,0.5913978494623656,0.62,1.3209497928619385
"17,4,3,21,10,8,11,15,13,9,14,2,22,8,0",0.64,0.63,0.6375,0.6428571428571429,0.63,0.6363636363636364,0.64,1.3404228687286377
"9,19,18,5,4,13,18,17,1,8,5,11,15,0,10",0.625,0.675,0.6375,0.6344086021505376,0.59,0.6113989637305699,0.625,2.7082254886627197
"3,4,0,5,0,15,21,13,13,10,5,10,19,0,2",0.655,0.585,0.6375,0.6026490066225165,0.91,0.7250996015936255,0.655,1.3532602787017822
"19,14,3,21,10,8,11,11,19,9,14,9,22,8,0",0.605,0.735,0.6375,0.6779661016949152,0.4,0.5031446540880503,0.605,1.4715149402618408
"4,10,19,0,6,0,7,17,13,10,9,5,8,18,8",0.635,0.64,0.63625,0.7872340425531915,0.37,0.5034013605442177,0.635,1.1964709758758545
"19,14,17,12,12,22,13,6,16,22,14,9,20,8,1",0.61,0.715,0.63625,0.6037735849056604,0.64,0.6213592233009708,0.61,1.4383552074432373
"16,14,0,12,10,15,17,22,6,12,3,20,12,11,20",0.575,0.82,0.63625,0.6153846153846154,0.4,0.48484848484848486,0.575,1.1225528717041016
"21,10,5,5,17,18,9,10,5,21,12,13,14,23,8",0.625,0.67,0.63625,0.616822429906542,0.66,0.6376811594202898,0.625,1.3632075786590576
"3,21,12,3,10,18,16,20,10,13,18,15,13,5,9",0.65,0.595,0.63625,0.5961538461538461,0.93,0.7265625,0.65,1.4000999927520752
"5,6,12,6,11,12,16,10,17,15,12,15,0,11,5",0.62,0.68,0.635,0.6363636363636364,0.56,0.5957446808510638,0.6200000000000001,1.0500929355621338
"15,15,17,20,10,11,13,17,4,23,15,9,8,21,1",0.62,0.68,0.635,0.6016949152542372,0.71,0.6513761467889908,0.62,1.5202460289001465
"17,15,0,3,9,7,21,4,1,17,8,5,11,13,11",0.645,0.605,0.635,0.6407766990291263,0.66,0.6502463054187192,0.645,1.150916576385498
"13,13,6,15,12,13,16,11,17,6,3,14,11,10,20",0.61,0.71,0.635,0.6447368421052632,0.49,0.5568181818181818,0.61,1.160050392150879
"9,12,3,4,15,20,8,2,11,7,18,17,9,16,5",0.64,0.615,0.63375,0.6111111111111112,0.77,0.6814159292035398,0.64,1.4781196117401123
"13,4,0,19,10,19,16,2,17,12,3,20,12,11,20",0.635,0.63,0.63375,0.5838509316770186,0.94,0.7203065134099617,0.635,1.4987740516662598
"18,13,15,13,0,2,6,15,11,22,2,14,18,15,4",0.605,0.72,0.63375,0.6179775280898876,0.55,0.582010582010582,0.605,1.2968802452087402
"13,2,18,15,15,5,18,18,8,4,6,5,13,8,17",0.64,0.615,0.63375,0.609375,0.78,0.6842105263157895,0.64,1.8572134971618652
"4,17,12,10,3,22,8,22,7,0,8,14,1,1,14",0.63,0.64,0.6325000000000001,0.6083333333333333,0.73,0.6636363636363637,0.63,1.2494957447052002
"9,10,3,3,16,12,21,13,23,0,0,17,15,2,16",0.635,0.625,0.6325000000000001,0.6238532110091743,0.68,0.6507177033492823,0.635,1.3110089302062988
"9,19,10,0,6,22,9,19,1,0,13,11,4,10,14",0.63,0.64,0.6325000000000001,0.6274509803921569,0.64,0.6336633663366337,0.63,1.1817927360534668
"12,0,0,13,7,11,7,21,9,17,10,8,8,12,18",0.63,0.64,0.6325000000000001,0.6354166666666666,0.61,0.6224489795918368,0.63,1.1677420139312744
"19,14,10,21,10,8,11,3,13,9,14,2,22,8,0",0.615,0.685,0.6325000000000001,0.7090909090909091,0.39,0.5032258064516129,0.615,1.4642438888549805
"13,4,3,21,10,19,11,2,13,12,14,2,12,8,0",0.635,0.625,0.6325000000000001,0.6391752577319587,0.62,0.6294416243654822,0.635,1.1193351745605469
"17,4,9,1,2,5,0,5,6,0,6,6,9,14,21",0.63,0.64,0.6324999999999998,0.6160714285714286,0.69,0.6509433962264151,0.6299999999999999,1.0428047180175781
"0,14,0,22,10,17,17,6,17,12,3,20,12,11,11",0.58,0.785,0.6312500000000001,0.5888888888888889,0.53,0.5578947368421052,0.5800000000000001,1.4236476421356201
"9,14,6,12,4,8,13,6,14,3,12,9,2,8,8",0.63,0.635,0.6312500000000001,0.6048387096774194,0.75,0.6696428571428571,0.63,1.0433650016784668
"10,12,7,9,19,10,0,6,22,9,19,1,0,13,11",0.62,0.665,0.63125,0.6304347826086957,0.58,0.6041666666666666,0.62,1.3208158016204834
"5,6,0,1,15,12,17,10,15,15,0,13,0,9,7",0.635,0.62,0.63125,0.5859872611464968,0.92,0.7159533073929961,0.635,1.063415765762329
"19,14,0,16,15,12,17,10,15,15,0,13,0,9,7",0.58,0.785,0.6312499999999999,0.6818181818181818,0.3,0.4166666666666667,0.58,1.4404575824737549
"15,5,18,18,8,4,6,5,13,8,17,17,9,6,8",0.59,0.75,0.63,0.575,0.69,0.6272727272727273,0.59,1.815934181213379
"22,12,5,18,8,13,3,11,7,5,18,8,2,19,17",0.645,0.585,0.63,0.6705882352941176,0.57,0.6162162162162163,0.645,1.7355730533599854
"17,23,0,16,15,12,17,22,15,15,0,13,12,9,7",0.58,0.78,0.6299999999999999,0.6666666666666666,0.32,0.43243243243243246,0.58,1.983489990234375
"6,19,19,8,17,14,21,14,11,19,8,9,12,19,3",0.63,0.625,0.62875,0.5822784810126582,0.92,0.7131782945736435,0.63,3.8368284702301025
"16,23,14,15,4,13,12,9,2,6,17,15,8,22,10",0.605,0.7,0.6287499999999999,0.64,0.48,0.5485714285714286,0.605,1.3123419284820557
"4,19,18,11,15,17,21,10,5,5,17,18,9,10,5",0.575,0.79,0.6287499999999999,0.5590551181102362,0.71,0.6255506607929515,0.575,2.9681787490844727
"15,2,3,3,16,2,21,15,23,5,0,17,18,2,16",0.62,0.655,0.6287499999999999,0.6395348837209303,0.55,0.5913978494623656,0.62,2.040975570678711
"19,14,17,12,12,22,16,10,17,22,3,9,0,8,20",0.565,0.82,0.6287499999999999,0.6444444444444445,0.29,0.4,0.565,1.381561517715454
"11,20,9,17,9,0,0,22,10,21,15,20,3,10,9",0.625,0.635,0.6275,0.616822429906542,0.66,0.6376811594202898,0.625,1.101684331893921
"12,3,11,13,15,11,10,9,4,17,0,3,12,9,10",0.625,0.635,0.6275,0.6146788990825688,0.67,0.6411483253588517,0.625,1.1177949905395508
"17,9,0,0,22,10,21,15,20,3,10,9,3,7,7",0.605,0.695,0.6275,0.6721311475409836,0.41,0.5093167701863354,0.605,1.124476671218872
"15,3,22,13,10,14,17,18,19,0,13,18,12,1,7",0.635,0.605,0.6275,0.7288135593220338,0.43,0.5408805031446541,0.635,2.7156949043273926
"16,9,11,3,5,10,19,1,14,6,12,7,23,8,11",0.635,0.605,0.6275,0.6956521739130435,0.48,0.5680473372781065,0.635,1.3219351768493652
"22,14,5,18,3,3,15,16,11,11,14,17,19,6,4",0.59,0.735,0.6262500000000001,0.6022727272727273,0.53,0.5638297872340425,0.5900000000000001,1.8636810779571533
"17,4,10,13,21,17,17,0,1,16,16,13,2,16,9",0.61,0.675,0.62625,0.6617647058823529,0.45,0.5357142857142857,0.61,1.371708869934082
"5,23,0,0,15,12,3,6,6,15,2,13,11,11,15",0.62,0.645,0.62625,0.577922077922078,0.89,0.7007874015748031,0.62,1.1979777812957764
"5,21,15,13,10,2,19,5,14,4,17,1,7,21,4",0.6,0.705,0.62625,0.631578947368421,0.48,0.5454545454545454,0.6,1.4245131015777588
"4,17,0,3,12,9,10,22,12,5,22,2,12,1,20",0.635,0.6,0.62625,0.6483516483516484,0.59,0.6178010471204188,0.635,1.168548583984375
"17,23,16,22,13,18,16,22,17,21,12,15,0,8,5",0.555,0.84,0.62625,0.6170212765957447,0.29,0.3945578231292517,0.5549999999999999,2.3138530254364014
"11,15,8,5,1,13,19,2,7,2,0,14,15,20,15",0.63,0.61,0.625,0.6226415094339622,0.66,0.6407766990291263,0.63,1.3382489681243896
"5,5,12,19,0,1,14,6,4,6,7,8,7,21,7",0.615,0.655,0.625,0.6825396825396826,0.43,0.5276073619631901,0.615,1.1822845935821533
"16,7,15,1,13,4,10,23,8,14,3,6,9,6,3",0.62,0.635,0.62375,0.6764705882352942,0.46,0.5476190476190477,0.62,1.1425561904907227
"16,23,17,12,12,15,16,6,17,4,3,9,23,8,20",0.595,0.71,0.62375,0.6043956043956044,0.55,0.5759162303664922,0.595,1.833773136138916
"18,0,6,19,15,7,14,12,13,14,19,7,4,6,10",0.605,0.68,0.62375,0.6842105263157895,0.39,0.4968152866242038,0.605,2.5772817134857178
"6,6,8,9,0,17,5,18,14,3,18,8,20,5,5",0.63,0.605,0.62375,0.6181818181818182,0.68,0.6476190476190476,0.63,1.3197729587554932
"17,10,20,15,14,0,14,10,18,13,18,15,3,3,11",0.635,0.585,0.6225,0.6391752577319587,0.62,0.6294416243654822,0.635,1.1932899951934814
"0,10,20,14,2,10,18,4,5,2,3,6,3,0,6",0.61,0.655,0.6212500000000001,0.6018518518518519,0.65,0.625,0.61,1.1625192165374756
"10,18,0,14,1,4,2,5,0,1,10,20,8,5,17",0.625,0.61,0.62125,0.5939849624060151,0.79,0.6781115879828327,0.625,1.1035547256469727
"16,14,0,5,10,22,17,6,17,12,3,20,12,11,20",0.6,0.68,0.6200000000000001,0.6136363636363636,0.54,0.574468085106383,0.6000000000000001,1.3487005233764648
"15,19,2,17,5,11,9,10,14,23,1,5,15,6,4",0.635,0.575,0.62,0.6551724137931034,0.57,0.6096256684491979,0.635,1.9271533489227295
"22,0,12,7,14,8,20,10,19,10,15,19,1,6,2",0.62,0.62,0.62,0.6538461538461539,0.51,0.5730337078651685,0.62,1.379263162612915
"0,11,16,23,7,6,11,5,9,22,15,19,2,13,18",0.615,0.635,0.62,0.6185567010309279,0.6,0.6091370558375635,0.615,1.5305421352386475
"14,14,21,9,20,17,1,8,23,7,5,0,8,6,5",0.625,0.6,0.61875,0.6213592233009708,0.64,0.6305418719211823,0.625,1.1356189250946045
"13,8,12,9,9,14,10,11,4,21,2,9,13,7,4",0.615,0.63,0.61875,0.6716417910447762,0.45,0.5389221556886228,0.615,1.1145505905151367
"12,2,18,17,16,1,0,16,11,5,13,18,6,13,13",0.615,0.63,0.61875,0.6619718309859155,0.47,0.5497076023391813,0.615,1.4801111221313477
"13,18,14,15,4,13,12,9,2,6,17,15,8,22,10",0.585,0.72,0.6187499999999999,0.6808510638297872,0.32,0.43537414965986393,0.585,1.2867295742034912
"9,5,21,0,17,3,6,22,15,2,1,12,1,5,13",0.62,0.61,0.6174999999999999,0.5869565217391305,0.81,0.680672268907563,0.62,1.0647010803222656
"9,10,7,9,8,3,12,15,18,17,12,9,22,1,9",0.62,0.61,0.6174999999999999,0.6132075471698113,0.65,0.6310679611650486,0.62,1.4817204475402832
"0,15,21,13,13,10,5,10,19,0,2,18,16,8,6",0.59,0.7,0.6174999999999999,0.618421052631579,0.47,0.5340909090909091,0.59,2.623539447784424
"9,11,3,5,10,19,1,14,6,12,7,23,8,11,2",0.62,0.605,0.61625,0.6052631578947368,0.69,0.6448598130841121,0.62,1.2982630729675293
"17,9,16,5,9,1,2,8,1,21,7,17,7,9,10",0.605,0.65,0.61625,0.6179775280898876,0.55,0.582010582010582,0.605,1.1499552726745605
"0,9,12,23,15,19,2,17,5,11,9,10,14,23,1",0.61,0.635,0.61625,0.6037735849056604,0.64,0.6213592233009708,0.61,1.9105703830718994
"6,18,9,14,9,15,17,9,17,18,10,15,17,19,15",0.615,0.615,0.615,0.5804195804195804,0.83,0.6831275720164609,0.615,2.254485607147217
"13,4,9,16,10,19,3,2,15,12,3,20,12,11,20",0.62,0.595,0.61375,0.6111111111111112,0.66,0.6346153846153846,0.62,1.4625840187072754
"11,6,19,19,8,17,14,21,14,11,19,8,9,12,19",0.615,0.61,0.61375,0.6352941176470588,0.54,0.5837837837837838,0.615,3.4896864891052246
"17,23,16,22,13,18,16,13,17,21,12,15,0,8,5",0.55,0.805,0.61375,0.6190476190476191,0.26,0.36619718309859156,0.55,2.279388904571533
"14,20,7,13,2,4,1,22,9,6,6,13,23,15,14",0.62,0.59,0.6125,0.6276595744680851,0.59,0.6082474226804123,0.62,1.1230487823486328
"19,1,14,6,12,7,23,8,11,2,4,5,16,21,17",0.595,0.66,0.61125,0.611764705882353,0.52,0.5621621621621622,0.595,2.037400245666504
"16,9,3,20,4,14,5,3,17,6,2,14,9,22,8",0.595,0.66,0.61125,0.5655172413793104,0.82,0.6693877551020408,0.595,1.4119963645935059
"10,19,15,0,13,0,9,7,19,10,16,22,13,18,16",0.605,0.63,0.61125,0.6179775280898876,0.55,0.582010582010582,0.605,1.4944958686828613
"13,3,3,21,10,4,11,5,13,9,14,2,22,8,0",0.59,0.67,0.61,0.5865384615384616,0.61,0.5980392156862745,0.59,1.0980627536773682
"9,16,11,7,4,13,18,3,16,5,14,23,7,21,12",0.605,0.62,0.60875,0.6265060240963856,0.52,0.5683060109289617,0.605,1.2191650867462158
"4,21,14,16,0,3,1,10,13,12,8,21,2,5,13",0.625,0.56,0.60875,0.6190476190476191,0.65,0.6341463414634146,0.625,1.1680967807769775
"17,21,9,4,10,14,20,7,13,2,4,1,22,9,6",0.585,0.675,0.6074999999999999,0.5586206896551724,0.81,0.6612244897959184,0.585,1.3705639839172363
"15,8,10,10,7,0,23,11,8,19,12,5,16,7,23",0.595,0.645,0.6074999999999999,0.6610169491525424,0.39,0.49056603773584906,0.595,1.2209012508392334
"5,6,12,6,11,12,16,10,23,15,12,15,0,11,5",0.595,0.645,0.6074999999999999,0.6507936507936508,0.41,0.5030674846625767,0.595,1.037454605102539
"19,14,17,12,12,18,13,6,16,22,14,9,20,8,1",0.59,0.65,0.6050000000000001,0.6551724137931034,0.38,0.4810126582278481,0.5900000000000001,1.4271745681762695
"5,23,15,16,18,12,1,6,17,4,6,17,23,11,7",0.595,0.635,0.605,0.7567567567567568,0.28,0.40875912408759124,0.595,1.683164119720459
"12,13,14,10,2,16,5,10,15,11,23,5,5,3,10",0.59,0.65,0.605,0.6,0.54,0.5684210526315789,0.5900000000000001,1.0657219886779785
"11,8,5,1,15,12,18,15,11,21,17,13,7,11,9",0.61,0.59,0.605,0.6309523809523809,0.53,0.5760869565217391,0.61,1.1550819873809814
"11,19,8,9,12,19,3,19,6,13,8,16,6,11,2",0.585,0.665,0.605,0.6268656716417911,0.42,0.5029940119760479,0.585,3.6274964809417725
"5,6,10,23,13,17,11,12,6,3,3,8,2,13,11",0.595,0.635,0.605,0.6376811594202898,0.44,0.5207100591715976,0.595,1.2037513256072998
"14,13,16,9,2,22,12,7,7,17,7,16,1,11,11",0.615,0.57,0.60375,0.6185567010309279,0.6,0.6091370558375635,0.615,1.1585710048675537
"12,20,11,8,5,1,15,12,18,15,11,21,17,13,7",0.62,0.555,0.60375,0.8,0.32,0.45714285714285713,0.62,1.155508279800415
"12,12,15,11,13,18,15,11,6,17,10,12,11,11,17",0.585,0.655,0.6025,0.5586206896551724,0.81,0.6612244897959184,0.585,1.315516471862793
"12,18,15,11,21,17,13,7,11,9,3,0,15,3,0",0.585,0.655,0.6025,0.6545454545454545,0.36,0.4645161290322581,0.585,1.1229586601257324
"14,14,17,12,12,18,13,6,16,22,14,4,20,8,1",0.58,0.67,0.6024999999999999,0.6538461538461539,0.34,0.4473684210526316,0.58,1.117630958557129
"11,8,5,12,2,18,17,16,1,0,16,11,5,13,18",0.61,0.575,0.6012500000000001,0.6447368421052632,0.49,0.5568181818181818,0.61,1.4055147171020508
"12,21,8,10,10,8,10,22,0,14,3,22,15,20,10",0.6,0.605,0.60125,0.7380952380952381,0.31,0.43661971830985913,0.6,1.1540601253509521
"11,4,10,8,3,7,6,10,21,9,10,2,9,20,7",0.6,0.6,0.6,0.5632911392405063,0.89,0.689922480620155,0.6,1.0879204273223877
"18,11,15,17,21,10,5,5,17,18,9,10,5,21,12",0.585,0.645,0.6,0.7575757575757576,0.25,0.37593984962406013,0.585,1.5265448093414307
"4,9,9,19,2,10,16,0,0,3,11,10,8,13,4",0.615,0.555,0.6,0.5877862595419847,0.77,0.6666666666666666,0.615,1.1846363544464111
"0,14,1,4,2,5,0,1,10,20,8,5,17,12,3",0.59,0.62,0.5975,0.6046511627906976,0.52,0.5591397849462365,0.5900000000000001,1.037642240524292
"17,4,18,5,4,16,17,6,15,8,6,13,15,0,19",0.615,0.54,0.59625,0.632183908045977,0.55,0.5882352941176471,0.615,1.7972025871276855
"19,12,19,9,1,4,17,10,17,19,0,2,16,6,4",0.6,0.585,0.59625,0.6351351351351351,0.47,0.5402298850574713,0.6,2.2870819568634033
"8,16,15,19,11,22,6,14,12,16,11,15,2,16,12",0.58,0.64,0.5950000000000001,0.5714285714285714,0.64,0.6037735849056604,0.5800000000000001,1.228276252746582
"10,14,9,4,4,11,3,9,12,19,16,15,5,23,12",0.6,0.58,0.595,0.6515151515151515,0.43,0.5180722891566265,0.6,1.358062982559204
"13,4,9,16,10,19,6,2,15,12,3,20,12,11,20",0.595,0.595,0.595,0.5714285714285714,0.76,0.6523605150214592,0.595,1.4729397296905518
"5,6,15,0,18,12,3,10,15,15,6,17,0,11,19",0.565,0.68,0.59375,0.5942028985507246,0.41,0.48520710059171596,0.565,1.2296910285949707
"5,7,9,14,8,7,9,9,8,2,14,12,16,14,14",0.6,0.57,0.5925,0.6111111111111112,0.55,0.5789473684210527,0.6000000000000001,1.1476244926452637
"12,5,22,1,7,9,23,4,8,3,14,15,4,9,22",0.6,0.57,0.5925,0.625,0.5,0.5555555555555556,0.6,1.086836576461792
"13,15,8,9,3,13,10,22,16,14,4,6,14,23,1",0.59,0.595,0.59125,0.5714285714285714,0.72,0.6371681415929203,0.59,1.1985468864440918
"6,3,13,13,20,1,16,10,6,9,20,17,18,17,12",0.595,0.58,0.5912499999999999,0.7111111111111111,0.32,0.4413793103448276,0.595,1.7334344387054443
"6,14,11,16,4,23,5,13,0,3,13,1,12,11,23",0.58,0.625,0.5912499999999999,0.5540540540540541,0.82,0.6612903225806451,0.58,1.3126730918884277
"21,15,20,3,10,9,3,7,7,21,12,3,10,23,16",0.585,0.61,0.5912499999999999,0.8695652173913043,0.2,0.3252032520325203,0.585,1.2639141082763672
"15,11,20,9,17,9,0,0,22,10,21,15,20,3,10",0.58,0.62,0.5900000000000001,0.5851063829787234,0.55,0.5670103092783505,0.5800000000000001,1.1583831310272217
"17,13,2,14,10,16,4,12,11,8,13,21,14,1,15",0.59,0.59,0.59,0.5918367346938775,0.58,0.5858585858585859,0.59,1.2001218795776367
"2,7,0,14,19,8,10,21,11,2,20,3,8,10,19",0.6,0.555,0.5887500000000001,0.6111111111111112,0.55,0.5789473684210527,0.6000000000000001,1.1891815662384033
"10,19,0,2,18,16,8,6,7,21,5,17,0,18,2",0.595,0.57,0.58875,0.6172839506172839,0.5,0.5524861878453039,0.595,2.847196340560913
"18,0,14,1,4,2,5,0,1,10,20,8,5,17,12",0.58,0.615,0.5887499999999999,0.6212121212121212,0.41,0.4939759036144578,0.58,1.171630859375
"8,19,2,0,11,15,13,21,15,20,14,11,5,18,9",0.59,0.58,0.5875000000000001,0.6022727272727273,0.53,0.5638297872340425,0.5900000000000001,1.2892286777496338
"16,5,23,6,11,10,20,6,12,4,23,10,14,9,4",0.56,0.67,0.5875,0.5638297872340425,0.53,0.5463917525773195,0.56,1.2188835144042969
"3,7,9,9,20,9,22,4,2,2,15,22,6,3,15",0.595,0.565,0.5874999999999999,0.7021276595744681,0.33,0.4489795918367347,0.595,1.132897138595581
"6,22,15,2,1,12,1,5,13,6,16,10,6,11,23",0.595,0.565,0.5874999999999999,0.620253164556962,0.49,0.547486033519553,0.595,1.1248810291290283
"9,13,16,1,18,11,17,5,6,4,22,8,14,4,7",0.585,0.595,0.5874999999999999,0.6103896103896104,0.47,0.5310734463276836,0.585,1.1560349464416504
"8,11,2,4,5,16,21,17,13,2,14,10,16,4,12",0.585,0.595,0.5874999999999999,0.639344262295082,0.39,0.484472049689441,0.585,1.7372357845306396
"4,7,13,12,12,17,0,18,16,14,21,5,13,1,10",0.6,0.55,0.5874999999999999,0.5980392156862745,0.61,0.6039603960396039,0.6,1.4801969528198242
"19,10,0,6,22,9,19,1,0,13,11,4,10,14,3",0.57,0.635,0.58625,0.6129032258064516,0.38,0.4691358024691358,0.5700000000000001,1.4729986190795898
"12,14,11,15,3,22,13,10,14,17,18,19,0,13,18",0.565,0.65,0.58625,0.5537190082644629,0.67,0.6063348416289592,0.5650000000000001,2.7896907329559326
"10,4,16,9,11,3,5,10,19,1,14,6,12,7,23",0.585,0.59,0.5862499999999999,0.6231884057971014,0.43,0.5088757396449705,0.585,1.341571569442749
"9,18,15,5,18,16,17,6,15,4,6,17,23,11,19",0.575,0.62,0.5862499999999999,0.5539568345323741,0.77,0.6443514644351465,0.575,1.577784776687622
"11,17,5,6,4,22,8,14,4,7,19,10,18,0,14",0.555,0.68,0.5862499999999999,0.627906976744186,0.27,0.3776223776223776,0.5549999999999999,1.0942890644073486
"9,8,4,3,2,11,12,12,15,8,9,4,15,5,1",0.595,0.56,0.5862499999999999,0.5568862275449101,0.93,0.6966292134831461,0.595,1.073533535003662
"9,3,20,4,14,5,3,17,6,2,14,9,22,8,4",0.58,0.6,0.5850000000000001,0.5975609756097561,0.49,0.5384615384615384,0.5800000000000001,1.278184175491333
"2,4,5,16,21,17,13,2,14,10,16,4,12,11,8",0.585,0.585,0.585,0.5521472392638037,0.9,0.6844106463878327,0.585,1.7679476737976074
"2,6,23,15,12,13,8,2,11,8,11,4,10,8,3",0.6,0.54,0.585,0.5581395348837209,0.96,0.7058823529411765,0.6,1.3271369934082031
"16,14,0,0,10,15,17,6,17,12,3,20,12,11,19",0.585,0.58,0.58375,0.5578231292517006,0.82,0.6639676113360324,0.585,1.3313233852386475
"15,13,10,15,14,6,8,2,4,17,3,17,1,22,14",0.57,0.625,0.58375,0.6166666666666667,0.37,0.4625,0.5700000000000001,1.233093023300171
"9,4,6,5,4,8,18,17,14,3,12,9,2,0,8",0.585,0.58,0.58375,0.6049382716049383,0.49,0.5414364640883977,0.585,1.2690186500549316
"8,10,0,13,0,2,1,4,4,15,2,1,1,13,10",0.575,0.605,0.5825,0.6923076923076923,0.27,0.38848920863309355,0.575,1.0596957206726074
"10,14,9,23,0,4,10,18,14,4,19,2,10,0,11",0.57,0.62,0.5825,0.5729166666666666,0.55,0.5612244897959183,0.5700000000000001,1.2581565380096436
"15,11,23,5,5,3,10,14,12,9,5,2,13,11,19",0.57,0.62,0.5825,0.6060606060606061,0.4,0.4819277108433735,0.5700000000000001,1.1537909507751465
"4,9,17,3,5,1,18,13,1,8,23,11,9,9,20",0.595,0.54,0.58125,0.6417910447761194,0.43,0.5149700598802395,0.595,1.433845043182373
"6,22,8,14,2,22,14,5,18,3,3,15,16,11,11",0.565,0.63,0.5812499999999999,0.5866666666666667,0.44,0.5028571428571429,0.565,1.3816502094268799
"5,23,16,21,2,3,7,9,9,20,9,22,4,2,2",0.57,0.61,0.5800000000000001,0.625,0.35,0.44871794871794873,0.5700000000000001,1.7753658294677734
"13,18,16,6,17,21,12,20,11,8,5,1,15,12,18",0.57,0.61,0.5800000000000001,0.5897435897435898,0.46,0.5168539325842697,0.5700000000000001,1.4015238285064697
"11,5,15,13,0,2,6,15,11,22,2,14,16,15,4",0.575,0.595,0.58,0.6229508196721312,0.38,0.4720496894409938,0.575,1.0702900886535645
"10,16,22,13,18,16,6,17,21,12,20,11,8,5,1",0.575,0.595,0.58,0.6027397260273972,0.44,0.5086705202312138,0.575,1.4046530723571777
"15,4,7,13,12,12,17,0,18,16,14,21,5,13,1",0.585,0.565,0.58,0.6440677966101694,0.38,0.4779874213836478,0.585,1.4737377166748047
"4,4,11,3,9,12,19,16,15,5,23,12,13,14,10",0.595,0.525,0.5775,0.6021505376344086,0.56,0.5803108808290155,0.595,1.4471216201782227
"13,9,1,21,1,12,17,22,10,11,8,11,13,0,4",0.57,0.595,0.5762499999999999,0.5945945945945946,0.44,0.5057471264367817,0.57,1.0697157382965088
"1,7,22,4,15,20,7,4,15,22,11,7,13,23,2",0.58,0.565,0.5762499999999999,0.7857142857142857,0.22,0.34375,0.58,1.1986768245697021
"15,13,7,16,12,12,17,11,18,16,14,21,5,10,1",0.585,0.55,0.5762499999999999,0.5765765765765766,0.64,0.6066350710900474,0.585,1.1964576244354248
"8,14,1,1,14,19,8,10,1,7,7,11,15,8,5",0.585,0.55,0.5762499999999999,0.6,0.51,0.5513513513513514,0.585,1.1399269104003906
"23,7,0,21,1,0,11,10,4,22,10,20,7,10,20",0.585,0.545,0.575,0.6666666666666666,0.34,0.4503311258278146,0.585,1.0980424880981445
"8,20,5,5,12,19,0,1,14,6,4,6,7,8,7",0.57,0.58,0.5725,0.5897435897435898,0.46,0.5168539325842697,0.5700000000000001,1.1658320426940918
"13,5,6,6,8,9,0,17,5,18,14,3,18,8,20",0.56,0.61,0.5725,0.5967741935483871,0.37,0.4567901234567901,0.56,1.354424238204956
"14,9,23,0,4,10,18,14,4,19,2,10,0,11,16",0.565,0.595,0.5725,0.5488721804511278,0.73,0.6266094420600858,0.565,1.2457852363586426
"17,13,0,8,11,14,0,8,14,0,12,13,4,11,21",0.55,0.64,0.5725,0.5714285714285714,0.4,0.47058823529411764,0.55,1.1698956489562988
"8,10,1,7,7,11,15,8,5,1,13,19,2,7,2",0.575,0.565,0.5725,0.5925925925925926,0.48,0.5303867403314917,0.575,1.4099316596984863
"10,22,5,3,12,17,10,20,15,14,0,14,10,18,13",0.58,0.545,0.57125,0.6481481481481481,0.35,0.45454545454545453,0.5800000000000001,1.1595618724822998
"10,20,6,12,4,23,10,14,9,4,4,11,3,9,12",0.56,0.6,0.5700000000000001,0.5909090909090909,0.39,0.46987951807228917,0.56,1.0467541217803955
"17,23,0,16,15,12,11,10,13,15,14,13,0,9,0",0.51,0.75,0.5700000000000001,0.5238095238095238,0.22,0.30985915492957744,0.51,1.8965351581573486
"3,15,12,17,4,18,5,4,16,18,17,1,8,5,13",0.565,0.585,0.5700000000000001,0.7241379310344828,0.21,0.32558139534883723,0.5650000000000001,2.018016815185547
"3,15,20,10,4,1,18,5,15,19,8,19,8,0,6",0.575,0.555,0.57,0.5449101796407185,0.91,0.6816479400749064,0.575,1.3247425556182861
"14,12,16,14,14,2,13,3,4,22,15,4,13,18,4",0.545,0.64,0.5687500000000001,0.5371900826446281,0.65,0.5882352941176471,0.545,1.0753707885742188
"12,19,9,1,4,17,10,17,19,0,2,16,6,4,9",0.55,0.625,0.5687500000000001,0.5735294117647058,0.39,0.4642857142857143,0.55,1.925417423248291
"10,18,15,16,1,13,14,8,15,17,14,6,21,10,4",0.57,0.565,0.56875,0.6521739130434783,0.3,0.410958904109589,0.57,1.3455121517181396
"6,9,20,17,18,17,12,14,13,0,12,20,4,13,23",0.57,0.565,0.56875,0.5945945945945946,0.44,0.5057471264367817,0.57,1.6046550273895264
"14,4,7,19,10,18,0,14,1,4,2,5,0,1,10",0.56,0.595,0.5687499999999999,0.625,0.3,0.40540540540540543,0.5599999999999999,1.0470976829528809
"3,12,13,12,5,3,6,10,6,1,22,16,15,8,1",0.58,0.53,0.5675000000000001,0.6379310344827587,0.37,0.46835443037974683,0.5800000000000001,1.077211618423462
"8,14,2,22,14,5,18,3,3,15,16,11,11,14,17",0.565,0.575,0.5674999999999999,0.5730337078651685,0.51,0.5396825396825397,0.565,1.2799715995788574
"10,4,9,9,19,2,10,16,0,0,3,11,10,8,13",0.56,0.59,0.5674999999999999,0.625,0.3,0.40540540540540543,0.5599999999999999,1.2071588039398193
"10,5,5,17,18,9,10,5,21,12,13,14,23,8,18",0.57,0.555,0.56625,0.54375,0.87,0.6692307692307692,0.5700000000000001,1.2836945056915283
"10,19,10,15,19,1,6,2,2,3,10,14,9,23,0",0.555,0.6,0.5662499999999999,0.5617977528089888,0.5,0.5291005291005291,0.5549999999999999,1.7627942562103271
"6,12,5,15,11,20,9,17,9,0,0,22,10,21,15",0.585,0.51,0.5662499999999999,0.5876288659793815,0.57,0.5786802030456852,0.585,1.0636334419250488
"19,2,17,5,11,9,10,14,23,1,5,15,6,4,16",0.56,0.58,0.5650000000000001,0.5697674418604651,0.49,0.5268817204301075,0.56,2.0308656692504883
"4,3,2,11,12,12,15,8,9,4,15,5,1,11,2",0.56,0.58,0.5650000000000001,0.55,0.66,0.6,0.56,1.1109614372253418
"23,17,0,20,12,19,18,2,10,3,4,9,4,12,22",0.57,0.55,0.565,0.5393258426966292,0.96,0.6906474820143885,0.57,3.172846555709839
"14,21,9,20,17,1,8,23,7,5,0,8,6,5,12",0.565,0.56,0.5637500000000001,0.5436241610738255,0.81,0.6506024096385542,0.5650000000000001,1.13616943359375
"20,3,3,11,8,5,12,2,18,17,16,1,0,16,11",0.565,0.56,0.5637500000000001,0.5375722543352601,0.93,0.6813186813186813,0.5650000000000001,1.4855408668518066
"15,16,0,8,13,15,13,7,4,17,12,10,3,22,8",0.55,0.605,0.56375,0.7777777777777778,0.14,0.23728813559322035,0.55,1.241575002670288
"14,1,2,3,3,5,3,9,4,9,19,12,9,1,17",0.575,0.53,0.56375,0.5789473684210527,0.55,0.5641025641025641,0.575,1.1995201110839844
"8,5,6,0,16,15,12,3,10,19,15,0,13,0,9",0.56,0.575,0.56375,0.5461538461538461,0.71,0.6173913043478261,0.5599999999999999,1.3281631469726562
"8,23,9,13,15,8,9,3,13,10,22,16,14,4,6",0.56,0.575,0.56375,0.6304347826086957,0.29,0.3972602739726027,0.5599999999999999,1.1306536197662354
"6,8,9,15,15,17,20,10,11,13,17,4,23,15,9",0.575,0.53,0.56375,0.8260869565217391,0.19,0.3089430894308943,0.575,1.4859182834625244
"5,23,6,11,10,20,6,12,4,23,10,14,9,4,4",0.55,0.605,0.56375,0.5735294117647058,0.39,0.4642857142857143,0.55,1.1411998271942139
"8,5,12,2,18,17,16,1,0,16,11,5,13,18,6",0.555,0.585,0.5625,0.5846153846153846,0.38,0.46060606060606063,0.5549999999999999,1.3881418704986572
"8,20,14,0,6,2,0,4,9,10,20,3,9,0,4",0.555,0.585,0.5625,0.5846153846153846,0.38,0.46060606060606063,0.5549999999999999,1.0313246250152588
"8,3,14,16,1,13,14,0,10,20,14,2,10,18,4",0.56,0.57,0.5625,0.5428571428571428,0.76,0.6333333333333333,0.56,1.0873186588287354
"17,14,8,14,13,8,13,9,1,6,13,1,14,8,10",0.55,0.6,0.5625,0.5757575757575758,0.38,0.4578313253012048,0.55,1.1314706802368164
"9,11,10,7,1,8,16,13,15,2,16,8,4,21,10",0.57,0.54,0.5625,0.5853658536585366,0.48,0.5274725274725275,0.5700000000000001,1.1707117557525635
"11,8,11,4,10,8,3,7,6,10,21,9,10,2,9",0.555,0.585,0.5625,0.582089552238806,0.39,0.46706586826347307,0.5549999999999999,1.1432616710662842
"18,14,3,18,8,20,5,5,12,19,0,1,14,6,4",0.55,0.6,0.5625,0.5675675675675675,0.42,0.4827586206896552,0.55,1.3767600059509277
"13,11,9,9,3,23,11,3,6,2,19,8,14,4,0",0.55,0.595,0.56125,0.5390625,0.69,0.6052631578947368,0.5499999999999999,1.1033644676208496
"21,13,23,0,0,17,15,2,16,13,5,1,23,12,6",0.565,0.55,0.56125,0.7241379310344828,0.21,0.32558139534883723,0.5650000000000001,1.3518521785736084
"8,19,8,8,18,9,2,19,12,19,9,1,4,17,10",0.565,0.55,0.56125,0.5764705882352941,0.49,0.5297297297297298,0.565,1.1720943450927734
"1,18,4,3,7,4,9,17,3,5,1,18,13,1,8",0.56,0.565,0.56125,0.6666666666666666,0.24,0.35294117647058826,0.56,1.6175460815429688
"15,6,3,13,13,20,1,16,10,6,9,20,17,18,17",0.57,0.53,0.56,0.5472972972972973,0.81,0.6532258064516129,0.5700000000000001,1.6591899394989014
"8,10,17,14,5,21,14,8,7,7,4,14,1,2,3",0.555,0.575,0.5599999999999999,0.5514018691588785,0.59,0.5700483091787439,0.5549999999999999,1.170107364654541
"9,10,22,12,5,22,2,12,1,20,12,23,10,17,4",0.56,0.56,0.5599999999999999,0.5333333333333333,0.96,0.6857142857142857,0.5599999999999999,1.083461046218872
"9,0,4,6,14,14,0,17,15,13,20,0,10,21,3",0.55,0.59,0.5599999999999999,0.5390625,0.69,0.6052631578947368,0.5499999999999999,1.095949649810791
"10,18,16,20,10,13,18,15,13,5,9,20,13,3,18",0.55,0.585,0.5587500000000001,0.5490196078431373,0.56,0.5544554455445545,0.55,1.2296116352081299
"21,2,5,13,1,2,16,18,3,12,4,0,9,2,6",0.565,0.54,0.5587500000000001,0.5384615384615384,0.91,0.6765799256505576,0.5650000000000001,1.3782978057861328
"14,0,10,20,14,2,10,18,4,5,2,3,6,3,0",0.565,0.54,0.55875,0.6666666666666666,0.26,0.37410071942446044,0.565,1.21134614944458
"4,11,3,9,12,19,16,15,5,23,12,13,14,10,2",0.555,0.57,0.55875,0.5591397849462365,0.52,0.538860103626943,0.5549999999999999,1.396674633026123
"5,3,6,10,6,1,22,16,15,8,1,4,16,5,15",0.565,0.54,0.55875,0.6511627906976745,0.28,0.3916083916083916,0.565,1.047278881072998
"5,13,1,2,16,18,3,12,4,0,9,2,6,6,19",0.54,0.61,0.5575,0.5909090909090909,0.26,0.3611111111111111,0.54,1.3695764541625977
"12,23,15,19,2,17,5,11,9,10,14,23,1,5,15",0.555,0.565,0.5574999999999999,0.5523809523809524,0.58,0.5658536585365853,0.5549999999999999,1.9610536098480225
"11,14,2,12,17,1,15,7,7,1,2,13,16,23,17",0.56,0.545,0.55625,0.5882352941176471,0.4,0.47619047619047616,0.56,1.8249082565307617
"7,17,18,5,6,9,23,13,23,15,0,7,19,8,5",0.54,0.605,0.55625,0.5285714285714286,0.74,0.6166666666666667,0.54,1.328789234161377
"7,13,2,4,1,22,9,6,6,13,23,15,14,3,6",0.55,0.575,0.55625,0.5480769230769231,0.57,0.5588235294117647,0.55,1.0786528587341309
"11,5,15,13,0,2,6,15,11,22,2,14,18,15,4",0.555,0.56,0.5562499999999999,0.5932203389830508,0.35,0.44025157232704404,0.5549999999999999,1.2416319847106934
"13,7,4,17,12,10,3,22,8,22,7,0,8,14,1",0.54,0.6,0.555,0.5224719101123596,0.93,0.6690647482014388,0.54,1.1183109283447266
"19,8,17,14,21,14,11,19,8,9,12,19,3,19,6",0.56,0.54,0.555,1.0,0.12,0.21428571428571427,0.56,3.937570571899414
"11,8,19,13,3,21,13,18,14,15,4,13,12,9,2",0.545,0.585,0.5549999999999999,0.5420560747663551,0.58,0.5603864734299517,0.5449999999999999,1.2929670810699463
"5,20,0,9,12,23,15,19,2,17,5,11,9,10,14",0.545,0.585,0.5549999999999999,0.5517241379310345,0.48,0.5133689839572193,0.5449999999999999,1.9462952613830566
"8,22,7,0,8,14,1,1,14,19,8,10,1,7,7",0.55,0.565,0.5537500000000001,0.5609756097560976,0.46,0.5054945054945055,0.55,1.2330608367919922
"13,4,10,5,10,8,18,17,13,9,14,2,22,0,0",0.54,0.595,0.55375,0.5408163265306123,0.53,0.5353535353535354,0.54,1.3859057426452637
"8,2,14,12,16,14,14,2,13,3,4,22,15,4,13",0.555,0.55,0.55375,0.5733333333333334,0.43,0.49142857142857144,0.555,1.071918249130249
"6,23,8,3,14,16,1,13,14,0,10,20,14,2,10",0.555,0.55,0.55375,0.5401459854014599,0.74,0.6244725738396625,0.5549999999999999,1.0780928134918213
"6,10,23,13,17,11,12,6,3,3,8,2,13,11,3",0.555,0.55,0.55375,0.539568345323741,0.75,0.6276150627615062,0.5549999999999999,1.160595178604126
"4,22,8,14,4,7,19,10,18,0,14,1,4,2,5",0.575,0.485,0.5525,0.6923076923076923,0.27,0.38848920863309355,0.575,1.0876896381378174
"14,4,3,5,21,7,17,18,5,6,9,23,13,23,15",0.55,0.56,0.5525,0.7777777777777778,0.14,0.23728813559322035,0.55,1.3302230834960938
"8,6,1,18,19,19,4,18,2,16,4,5,7,9,14",0.55,0.56,0.5525,0.543859649122807,0.62,0.5794392523364486,0.55,6.18346381187439
"15,11,6,17,10,12,11,11,17,22,16,12,18,18,6",0.54,0.585,0.55125,0.625,0.2,0.30303030303030304,0.54,1.7759654521942139
"20,3,13,13,15,2,12,12,22,15,8,13,11,23,12",0.54,0.585,0.55125,0.8333333333333334,0.1,0.17857142857142858,0.54,1.294726848602295
"22,16,2,4,7,0,5,12,1,11,23,13,23,7,19",0.55,0.55,0.55,0.5454545454545454,0.6,0.5714285714285714,0.55,1.282423496246338
"19,15,21,15,13,9,17,6,19,10,6,8,22,12,21",0.545,0.565,0.55,0.576271186440678,0.34,0.4276729559748428,0.545,2.2398698329925537
"21,16,19,11,5,16,20,1,11,1,12,16,5,2,23",0.55,0.55,0.55,0.5284090909090909,0.93,0.6739130434782609,0.55,1.833125352859497
"1,2,16,18,3,12,4,0,9,2,6,6,19,6,0",0.55,0.55,0.55,0.5342465753424658,0.78,0.6341463414634146,0.55,1.2412958145141602
"8,7,9,9,8,2,14,12,16,14,14,2,13,3,4",0.55,0.55,0.55,0.5833333333333334,0.35,0.4375,0.55,1.0881590843200684
"8,1,4,16,5,15,9,8,0,13,14,4,2,9,2",0.555,0.535,0.5499999999999999,0.5846153846153846,0.38,0.46060606060606063,0.5549999999999999,1.1083018779754639
"10,5,4,4,2,8,8,16,11,6,10,15,1,19,5",0.575,0.475,0.5499999999999999,0.5547445255474452,0.76,0.6413502109704642,0.575,1.165278434753418
"14,14,9,5,21,8,5,6,12,6,14,4,17,20,15",0.56,0.515,0.5487500000000001,0.5545454545454546,0.61,0.580952380952381,0.56,1.126952886581421
"13,5,4,5,2,0,21,9,13,12,7,17,21,6,1",0.55,0.545,0.5487500000000001,0.6041666666666666,0.29,0.3918918918918919,0.55,1.2781341075897217
"15,1,5,11,10,10,4,16,9,11,3,5,10,19,1",0.545,0.555,0.5475000000000001,0.5463917525773195,0.53,0.5380710659898477,0.545,1.3240878582000732
"14,11,14,2,12,17,1,15,7,7,1,2,13,16,23",0.56,0.51,0.5475000000000001,0.5517241379310345,0.64,0.5925925925925926,0.56,1.167172908782959
"18,16,8,6,7,21,5,17,0,18,2,14,5,6,16",0.535,0.585,0.5475,0.5333333333333333,0.56,0.5463414634146342,0.535,1.5974972248077393
"8,13,3,11,7,5,18,8,2,19,17,6,8,9,15",0.535,0.585,0.5475,0.5212121212121212,0.86,0.6490566037735849,0.535,1.6944470405578613
"3,15,5,14,6,0,19,10,19,8,11,5,22,13,2",0.535,0.58,0.54625,0.5573770491803278,0.34,0.422360248447205,0.535,1.2979938983917236
"8,9,12,19,3,19,6,13,8,16,6,11,2,4,17",0.545,0.545,0.545,0.8461538461538461,0.11,0.19469026548672566,0.545,3.5723958015441895
"13,4,18,5,4,13,3,17,15,8,6,13,15,0,19",0.545,0.545,0.5449999999999999,0.550561797752809,0.49,0.5185185185185185,0.5449999999999999,1.2015249729156494
"18,3,16,5,14,23,7,21,12,14,4,3,8,7,9",0.515,0.635,0.5449999999999999,0.5483870967741935,0.17,0.2595419847328244,0.515,1.3344218730926514
"2,20,3,3,11,8,5,12,2,18,17,16,1,0,16",0.545,0.545,0.5449999999999999,0.6153846153846154,0.24,0.34532374100719426,0.5449999999999999,1.490600347518921
"10,19,6,5,13,2,3,17,7,4,8,14,7,3,1",0.56,0.495,0.5437500000000001,0.6071428571428571,0.34,0.4358974358974359,0.56,1.0861446857452393
"0,9,7,19,10,16,22,13,18,16,6,17,21,12,20",0.55,0.525,0.5437500000000001,0.5520833333333334,0.53,0.5408163265306123,0.55,1.4470250606536865
"10,10,11,1,14,11,17,21,8,6,2,16,3,6,12",0.545,0.54,0.54375,0.5633802816901409,0.4,0.4678362573099415,0.5449999999999999,1.0793051719665527
"3,22,15,13,11,16,0,9,18,14,5,22,7,0,6",0.545,0.54,0.54375,0.7142857142857143,0.15,0.24793388429752067,0.5449999999999999,1.1768245697021484
"12,15,18,8,13,10,2,20,14,0,14,6,0,5,10",0.535,0.57,0.54375,0.6206896551724138,0.18,0.27906976744186046,0.535,1.1461536884307861
"23,5,6,10,23,13,17,11,12,6,3,3,8,2,13",0.555,0.505,0.5425,0.7037037037037037,0.19,0.2992125984251969,0.555,1.1310639381408691
"3,7,4,9,17,3,5,1,18,13,1,8,23,11,9",0.55,0.52,0.5425,0.5274725274725275,0.96,0.6808510638297872,0.55,1.5552942752838135
"8,7,3,22,15,13,11,16,0,9,18,14,5,22,7",0.545,0.535,0.5425,0.5473684210526316,0.52,0.5333333333333333,0.5449999999999999,1.176621913909912
"17,4,10,0,6,22,9,19,1,0,13,11,4,10,14",0.535,0.565,0.5425,0.524822695035461,0.74,0.6141078838174274,0.535,1.2422432899475098
"12,6,3,3,8,2,13,11,3,22,9,3,3,12,16",0.53,0.58,0.5425,0.5652173913043478,0.26,0.3561643835616438,0.53,1.0731961727142334
"7,0,21,1,0,11,10,4,22,10,20,7,10,20,0",0.54,0.55,0.5425,0.5425531914893617,0.51,0.5257731958762887,0.54,1.1030082702636719
"2,6,17,15,8,22,10,12,7,9,19,10,0,6,22",0.535,0.56,0.54125,0.5777777777777777,0.26,0.3586206896551724,0.535,1.17500901222229
"11,18,1,10,5,4,4,2,8,8,16,11,6,10,15",0.55,0.515,0.54125,0.6666666666666666,0.2,0.3076923076923077,0.55,1.1166391372680664
"9,18,6,12,4,8,20,10,14,3,12,9,2,12,8",0.555,0.5,0.54125,0.5753424657534246,0.42,0.4855491329479768,0.5549999999999999,1.1074748039245603
"12,3,14,22,13,11,9,9,3,23,11,3,6,2,19",0.53,0.57,0.54,0.5277777777777778,0.57,0.5480769230769231,0.53,1.1285147666931152
"4,5,3,21,12,3,10,18,16,20,10,13,18,15,13",0.535,0.555,0.54,0.5185185185185185,0.98,0.6782006920415224,0.535,1.2659356594085693
"5,23,15,16,18,12,3,6,17,4,6,17,23,11,7",0.535,0.555,0.54,0.7692307692307693,0.1,0.17699115044247787,0.535,1.6464788913726807
"3,12,15,18,8,13,10,2,20,14,0,14,6,0,5",0.535,0.555,0.54,0.6296296296296297,0.17,0.2677165354330709,0.535,1.0899689197540283
"3,21,13,18,14,15,4,13,12,9,2,6,17,15,8",0.54,0.535,0.5387500000000001,0.5217391304347826,0.96,0.676056338028169,0.54,1.3380005359649658
"18,8,4,6,5,13,8,17,17,9,6,8,7,20,2",0.53,0.565,0.5387500000000001,0.5161290322580645,0.96,0.6713286713286714,0.53,1.3340110778808594
"6,16,17,8,11,5,21,9,19,13,13,8,15,3,16",0.53,0.565,0.5387500000000001,0.75,0.09,0.1607142857142857,0.53,1.1641035079956057
"6,12,6,11,17,13,8,7,3,22,15,13,11,16,0",0.54,0.53,0.5375000000000001,1.0,0.08,0.14814814814814814,0.54,1.1046876907348633
"13,4,8,2,14,19,16,6,12,8,8,8,14,12,12",0.515,0.605,0.5375,0.512,0.64,0.5688888888888889,0.515,1.4507296085357666
"7,19,10,18,0,14,1,4,2,5,0,1,10,20,8",0.53,0.555,0.53625,0.5340909090909091,0.47,0.5,0.53,1.1058661937713623
"5,8,18,8,1,12,21,4,5,7,19,8,4,1,6",0.55,0.495,0.53625,0.55,0.55,0.55,0.55,1.0362186431884766
"18,1,10,5,4,4,2,8,8,16,11,6,10,15,1",0.55,0.495,0.53625,0.5390625,0.69,0.6052631578947368,0.5499999999999999,1.247711181640625
"9,9,3,23,11,3,6,2,19,8,14,4,0,23,1",0.535,0.54,0.53625,0.5238095238095238,0.77,0.6234817813765182,0.535,1.104447841644287
"9,12,23,15,19,2,17,5,11,9,10,14,23,1,5",0.53,0.555,0.53625,0.5394736842105263,0.41,0.4659090909090909,0.53,1.9322071075439453
"4,0,5,0,15,21,13,13,10,5,10,19,0,2,18",0.52,0.58,0.535,0.5172413793103449,0.6,0.5555555555555556,0.52,2.362997055053711
"15,8,22,10,12,7,9,19,10,0,6,22,9,19,1",0.54,0.515,0.5337500000000001,0.7222222222222222,0.13,0.22033898305084745,0.54,1.2764577865600586
"2,8,10,7,6,20,4,10,12,5,22,1,7,9,23",0.54,0.515,0.5337500000000001,0.7222222222222222,0.13,0.22033898305084745,0.54,1.1111509799957275
"3,19,6,13,8,16,6,11,2,4,17,0,20,14,20",0.54,0.515,0.5337500000000001,0.53125,0.68,0.5964912280701754,0.54,1.3277063369750977
"22,2,7,15,18,17,11,13,9,1,21,1,12,17,22",0.54,0.515,0.5337500000000001,0.5238095238095238,0.88,0.6567164179104478,0.54,1.4737417697906494
"13,4,11,8,19,13,3,21,13,18,14,20,4,13,12",0.51,0.605,0.53375,0.5089285714285714,0.57,0.5377358490566038,0.51,1.1154758930206299
"9,9,8,2,14,12,16,14,14,2,13,3,4,22,15",0.535,0.53,0.53375,0.5327102803738317,0.57,0.5507246376811594,0.5349999999999999,1.1066288948059082
"18,15,15,5,18,18,8,4,6,5,13,8,17,17,9",0.495,0.65,0.53375,0.4959349593495935,0.61,0.547085201793722,0.495,2.0091028213500977
"0,8,14,1,1,14,19,8,10,1,7,7,11,15,8",0.53,0.545,0.53375,0.5294117647058824,0.54,0.5346534653465347,0.53,1.275310754776001
"22,5,3,12,17,10,20,15,14,0,14,10,18,13,18",0.525,0.555,0.5325000000000001,0.5170068027210885,0.76,0.6153846153846154,0.525,1.1464176177978516
"11,7,18,17,9,16,5,9,1,2,8,1,21,7,17",0.54,0.51,0.5325,0.5645161290322581,0.35,0.43209876543209874,0.54,1.4859914779663086
"14,5,21,14,8,7,7,4,14,1,2,3,3,5,3",0.555,0.465,0.5325,0.6896551724137931,0.2,0.31007751937984496,0.555,1.1110296249389648
"19,8,3,14,12,8,22,3,12,5,16,11,0,19,6",0.535,0.525,0.5325,0.6842105263157895,0.13,0.2184873949579832,0.5349999999999999,1.285409688949585
"15,2,2,21,12,2,3,15,15,5,18,4,18,0,11",0.515,0.585,0.5325,0.5103448275862069,0.74,0.6040816326530613,0.515,1.7157478332519531
"5,15,9,8,0,13,14,4,2,9,2,19,4,11,3",0.535,0.525,0.5325,0.5411764705882353,0.46,0.4972972972972973,0.535,1.0720489025115967
"5,8,15,14,14,4,6,14,11,16,4,23,5,13,0",0.54,0.51,0.5325,0.6428571428571429,0.18,0.28125,0.54,1.066986322402954
"16,18,17,1,8,5,13,15,0,11,1,14,3,8,1",0.535,0.52,0.53125,0.5360824742268041,0.52,0.5279187817258884,0.535,1.553720474243164
"6,2,2,3,10,14,9,23,0,4,10,18,14,4,19",0.535,0.52,0.53125,0.5454545454545454,0.42,0.4745762711864407,0.535,1.2775073051452637
"18,9,2,19,12,19,9,1,4,17,10,17,19,0,2",0.555,0.46,0.53125,0.5733333333333334,0.43,0.49142857142857144,0.555,1.777273178100586
"1,18,11,17,5,6,4,22,8,14,4,7,19,10,18",0.535,0.52,0.53125,0.6842105263157895,0.13,0.2184873949579832,0.5349999999999999,1.1643860340118408
"2,19,12,0,22,11,15,4,8,10,20,9,21,13,18",0.52,0.565,0.53125,0.5476190476190477,0.23,0.323943661971831,0.52,1.3633184432983398
"5,16,21,17,13,2,14,10,16,4,12,11,8,13,21",0.53,0.53,0.53,0.5333333333333333,0.48,0.5052631578947369,0.53,1.8908069133758545
"5,3,12,17,10,20,15,14,0,14,10,18,13,18,15",0.525,0.545,0.53,0.6,0.15,0.24,0.525,1.1798856258392334
"0,17,15,2,16,13,5,1,23,12,6,3,1,11,22",0.54,0.5,0.53,0.521978021978022,0.95,0.6737588652482269,0.54,1.3341069221496582
"4,16,1,3,15,5,14,3,0,19,10,19,8,11,5",0.555,0.455,0.53,0.5555555555555556,0.55,0.5527638190954773,0.555,1.167212963104248
"9,4,17,0,3,12,9,10,22,12,5,22,2,12,1",0.53,0.53,0.53,0.5234375,0.67,0.5877192982456141,0.53,1.0755701065063477
"2,12,1,20,12,23,10,17,4,7,12,20,7,17,11",0.53,0.525,0.52875,0.5154639175257731,1.0,0.6802721088435374,0.53,1.1626181602478027
"10,15,9,6,4,0,19,8,6,1,18,19,19,4,18",0.535,0.51,0.52875,0.5777777777777777,0.26,0.3586206896551724,0.535,6.099416255950928
"10,17,14,5,21,14,8,7,7,4,14,1,2,3,3",0.525,0.54,0.52875,0.8571428571428571,0.06,0.11214953271028037,0.525,1.1093580722808838
"8,12,10,22,17,12,16,15,8,8,2,5,1,19,6",0.535,0.51,0.52875,0.528,0.66,0.5866666666666667,0.535,1.1232588291168213
"19,10,15,19,1,6,2,2,3,10,14,9,23,0,4",0.545,0.475,0.5275000000000001,0.5365853658536586,0.66,0.5919282511210763,0.545,2.0720138549804688
"18,8,13,10,2,20,14,0,14,6,0,5,10,0,0",0.495,0.62,0.52625,0.4943820224719101,0.44,0.4656084656084656,0.495,1.2433760166168213
"0,2,1,4,4,15,2,1,1,13,10,7,1,23,1",0.53,0.515,0.52625,0.55,0.33,0.4125,0.53,1.1688413619995117
"5,15,3,12,13,12,5,3,6,10,6,1,22,16,15",0.535,0.5,0.52625,0.5244755244755245,0.75,0.6172839506172839,0.535,1.0729289054870605
"16,14,6,7,7,12,11,11,8,3,3,1,12,3,20",0.535,0.5,0.52625,0.528,0.66,0.5866666666666667,0.535,1.1577112674713135
"11,7,4,13,18,3,16,5,14,23,7,21,12,14,4",0.53,0.515,0.52625,0.875,0.07,0.12962962962962962,0.53,1.2423229217529297
"8,3,4,9,14,1,16,11,13,0,13,23,5,8,20",0.51,0.57,0.525,0.5080645161290323,0.63,0.5625,0.51,1.135441541671753
"7,9,14,8,7,9,9,8,2,14,12,16,14,14,2",0.52,0.54,0.525,0.5227272727272727,0.46,0.48936170212765956,0.52,1.1325781345367432
"13,23,7,12,17,2,16,14,15,4,16,17,16,7,7",0.52,0.54,0.525,0.53125,0.34,0.4146341463414634,0.52,1.4337868690490725
"21,16,10,8,19,4,7,11,0,18,1,18,19,5,15",0.53,0.505,0.52375,0.7142857142857143,0.1,0.17543859649122806,0.53,3.4544472694396973
"0,8,6,5,12,22,16,4,12,1,8,12,14,0,23",0.525,0.52,0.52375,0.631578947368421,0.12,0.20168067226890757,0.525,1.1455411911010742
"7,15,8,9,10,0,20,11,9,4,17,15,16,21,9",0.525,0.52,0.52375,0.5294117647058824,0.45,0.4864864864864865,0.525,1.1599972248077393
"7,0,5,12,1,11,23,13,23,7,19,13,1,7,15",0.52,0.535,0.5237499999999999,0.5227272727272727,0.46,0.48936170212765956,0.52,1.1243884563446045
"14,19,14,11,7,4,15,4,23,8,19,8,8,18,9",0.51,0.565,0.5237499999999999,0.6666666666666666,0.04,0.07547169811320754,0.51,1.1555297374725342
"9,2,6,17,15,8,22,10,12,7,9,19,10,0,6",0.525,0.515,0.5225000000000001,0.5172413793103449,0.75,0.6122448979591837,0.525,1.1301169395446777
"2,17,5,11,9,10,14,23,1,5,15,6,4,16,17",0.525,0.515,0.5225000000000001,0.6923076923076923,0.09,0.1592920353982301,0.525,1.3934526443481445
"12,0,16,9,11,10,7,1,8,16,13,15,2,16,8",0.525,0.515,0.5225000000000001,0.5352112676056338,0.38,0.4444444444444444,0.525,1.1713204383850098
"7,4,9,17,3,5,1,18,13,1,8,23,11,9,9",0.53,0.5,0.5225,0.5625,0.27,0.36486486486486486,0.53,1.4324324131011963
"8,10,22,5,3,12,17,10,20,15,14,0,14,10,18",0.52,0.53,0.5225,0.5227272727272727,0.46,0.48936170212765956,0.52,1.1396093368530273
"7,4,8,14,7,3,1,13,8,16,15,22,4,10,15",0.53,0.5,0.5225,0.5625,0.27,0.36486486486486486,0.53,1.2708687782287598
"7,4,14,1,2,3,3,5,3,9,4,9,19,12,9",0.53,0.5,0.5225,0.5625,0.27,0.36486486486486486,0.53,1.0414636135101318
"12,2,4,15,6,3,20,9,22,16,14,11,4,12,18",0.535,0.48,0.52125,0.5853658536585366,0.24,0.3404255319148936,0.5349999999999999,1.1447532176971436
"7,2,4,5,6,2,8,9,7,10,0,13,17,17,7",0.53,0.495,0.52125,0.5555555555555556,0.3,0.38961038961038963,0.53,1.1515474319458008
"3,19,9,7,20,9,0,3,9,15,5,1,22,17,21",0.525,0.51,0.52125,0.5136612021857924,0.94,0.6643109540636042,0.525,1.5412170886993408
"3,3,8,2,13,11,3,22,9,3,3,12,16,14,19",0.525,0.51,0.52125,0.5217391304347826,0.6,0.5581395348837209,0.525,1.1078343391418457
"16,4,12,1,8,12,14,0,23,2,12,18,15,2,18",0.51,0.555,0.52125,0.5102040816326531,0.5,0.5050505050505051,0.51,1.2257311344146729
"14,16,0,3,1,10,13,12,8,21,2,5,13,1,2",0.54,0.465,0.52125,0.5444444444444444,0.49,0.5157894736842106,0.54,1.1687145233154297
"18,8,23,6,2,6,6,3,1,12,7,10,9,21,0",0.525,0.51,0.52125,0.5714285714285714,0.2,0.2962962962962963,0.525,1.2875738143920898
"13,23,7,19,13,1,7,15,10,16,5,23,6,11,10",0.52,0.525,0.52125,0.5166666666666667,0.62,0.5636363636363636,0.52,1.1627163887023926
"10,11,1,14,11,17,21,8,6,2,16,3,6,12,10",0.51,0.55,0.52,0.5111111111111111,0.46,0.4842105263157895,0.51,1.1145374774932861
"21,7,2,2,20,7,9,1,12,14,20,16,15,11,14",0.525,0.505,0.52,0.5135135135135135,0.95,0.6666666666666666,0.525,1.1995532512664795
"2,8,8,16,11,6,10,15,1,19,5,0,11,10,15",0.525,0.505,0.52,0.631578947368421,0.12,0.20168067226890757,0.525,1.1503520011901855
"6,1,18,19,19,4,18,2,16,4,5,7,9,14,8",0.525,0.505,0.52,0.6666666666666666,0.1,0.17391304347826086,0.525,6.196720123291016
"11,10,7,1,8,16,13,15,2,16,8,4,21,10,19",0.52,0.52,0.52,0.5196078431372549,0.53,0.5247524752475248,0.52,1.1626880168914795
"13,5,1,23,12,6,3,1,11,22,5,15,10,16,19",0.545,0.445,0.5199999999999999,0.5483870967741935,0.51,0.5284974093264249,0.5449999999999999,1.4454271793365479
"8,3,12,15,18,17,12,9,22,1,9,16,4,22,1",0.505,0.56,0.51875,0.5135135135135135,0.19,0.2773722627737226,0.505,1.4344444274902344
"7,15,10,16,5,23,6,11,10,20,6,12,4,23,10",0.51,0.545,0.51875,0.5138888888888888,0.37,0.43023255813953487,0.51,1.1715595722198486
"7,15,22,17,21,9,4,10,14,20,7,13,2,4,1",0.52,0.51,0.5175000000000001,0.6,0.12,0.2,0.52,1.2383604049682617
"3,14,22,13,11,9,9,3,23,11,3,6,2,19,8",0.5,0.57,0.5175000000000001,0.5,0.29,0.3670886075949367,0.5,1.2155437469482422
"2,3,10,14,9,23,0,4,10,18,14,4,19,2,10",0.53,0.48,0.5175000000000001,0.5238095238095238,0.66,0.584070796460177,0.53,1.2558283805847168
"16,13,5,1,23,12,6,3,1,11,22,5,15,10,16",0.525,0.495,0.5175,0.5373134328358209,0.36,0.4311377245508982,0.5249999999999999,1.1628060340881348
"15,22,17,21,9,4,10,14,20,7,13,2,4,1,22",0.505,0.55,0.5162500000000001,0.5074626865671642,0.34,0.40718562874251496,0.505,1.4270985126495361
"16,8,6,7,21,5,17,0,18,2,14,5,6,16,13",0.525,0.49,0.5162500000000001,0.515527950310559,0.83,0.6360153256704981,0.525,1.404252529144287
"22,5,12,19,17,4,17,11,13,15,13,17,19,8,23",0.505,0.55,0.5162500000000001,0.5555555555555556,0.05,0.09174311926605505,0.505,2.448888063430786
"17,11,19,8,11,10,4,10,9,13,0,10,12,7,23",0.5,0.565,0.51625,0.5,0.44,0.46808510638297873,0.5,1.1524765491485596
"18,6,12,6,11,17,17,8,15,3,6,15,13,11,19",0.495,0.58,0.51625,0.49514563106796117,0.51,0.5024630541871922,0.495,1.2753665447235107
"1,18,19,19,4,18,2,16,4,5,7,9,14,8,7",0.52,0.505,0.51625,0.75,0.06,0.1111111111111111,0.52,6.352930068969727
"20,16,12,14,11,15,3,22,13,10,14,17,18,19,0",0.52,0.505,0.51625,0.5102040816326531,1.0,0.6756756756756757,0.52,2.8816440105438232
"20,14,17,14,8,14,13,8,13,9,1,6,13,1,14",0.515,0.52,0.51625,0.5085714285714286,0.89,0.6472727272727272,0.515,1.2536325454711914
"10,4,2,22,5,9,1,11,9,19,12,4,11,4,22",0.505,0.55,0.51625,0.5027322404371585,0.92,0.6501766784452296,0.505,1.0574092864990234
"7,5,22,12,0,0,13,7,11,7,21,9,17,10,8",0.52,0.505,0.51625,0.5285714285714286,0.37,0.43529411764705883,0.52,1.0979931354522705
"16,23,15,0,18,15,17,6,6,21,6,17,23,11,19",0.51,0.53,0.515,0.5050505050505051,1.0,0.6711409395973155,0.51,2.912564516067505
"6,3,3,8,2,13,11,3,22,9,3,3,12,16,14",0.495,0.575,0.5149999999999999,0.4959349593495935,0.61,0.547085201793722,0.495,1.113158941268921
"12,4,23,10,14,9,4,4,11,3,9,12,19,16,15",0.495,0.575,0.5149999999999999,0.4935064935064935,0.38,0.4293785310734463,0.495,1.4413702487945557
"10,15,19,1,6,2,2,3,10,14,9,23,0,4,10",0.5,0.555,0.5137499999999999,0.5,0.15,0.23076923076923078,0.5,2.0166993141174316
"20,10,11,13,17,4,23,15,9,8,21,1,12,19,1",0.515,0.51,0.5137499999999999,0.5076923076923077,0.99,0.6711864406779661,0.515,1.6755902767181396
"23,16,21,2,3,7,9,9,20,9,22,4,2,2,15",0.515,0.51,0.5137499999999999,0.5076142131979695,1.0,0.6734006734006734,0.515,1.8642046451568604
"19,14,3,21,10,8,17,3,15,9,6,9,22,8,19",0.495,0.57,0.5137499999999999,0.4942528735632184,0.43,0.45989304812834225,0.495,1.4178359508514404
"19,9,22,11,6,1,3,2,3,9,3,19,9,7,20",0.515,0.505,0.5125,0.5096774193548387,0.79,0.6196078431372549,0.515,1.3505499362945557
"8,1,12,21,4,5,7,19,8,4,1,6,3,3,22",0.51,0.52,0.5125,0.5056818181818182,0.89,0.644927536231884,0.51,1.0452277660369873
"19,14,15,16,1,13,14,8,15,17,14,6,21,10,4",0.5,0.55,0.5125,0.5,0.07,0.12280701754385964,0.5,1.4283950328826904
"2,6,14,9,8,4,3,2,11,12,12,15,8,9,4",0.51,0.52,0.5125,0.625,0.05,0.09259259259259259,0.51,1.1169407367706299
"19,1,6,2,2,3,10,14,9,23,0,4,10,18,14",0.535,0.445,0.5125,0.5267175572519084,0.69,0.5974025974025974,0.5349999999999999,1.9670579433441162
"3,14,8,10,22,5,3,12,17,10,20,15,14,0,14",0.525,0.47,0.5112500000000001,0.5135135135135135,0.95,0.6666666666666666,0.525,1.137054681777954
"7,13,18,14,3,9,17,5,15,4,6,18,16,22,14",0.51,0.515,0.51125,0.5052083333333334,0.97,0.6643835616438356,0.51,1.342505693435669
"11,5,20,10,4,2,18,15,3,22,8,19,16,0,6",0.515,0.5,0.51125,0.5194805194805194,0.4,0.4519774011299435,0.515,1.3854897022247314
"5,6,6,8,9,0,17,5,18,14,3,18,8,20,5",0.505,0.53,0.51125,0.5050505050505051,0.5,0.5025125628140703,0.505,1.3773446083068848
"12,10,3,22,8,22,7,0,8,14,1,1,14,19,8",0.51,0.515,0.51125,0.5071428571428571,0.71,0.5916666666666667,0.51,1.1552174091339111
"22,14,20,15,19,11,0,4,21,13,10,8,1,18,11",0.515,0.5,0.51125,0.5076142131979695,1.0,0.6734006734006734,0.515,1.2992842197418213
"21,5,17,0,18,2,14,5,6,16,13,21,8,12,10",0.505,0.53,0.51125,0.6666666666666666,0.02,0.038834951456310676,0.505,2.169947385787964
"8,8,18,9,2,19,12,19,9,1,4,17,10,17,19",0.525,0.47,0.51125,0.5641025641025641,0.22,0.31654676258992803,0.525,1.7215018272399902
"19,8,10,1,7,7,11,15,8,5,1,13,19,2,7",0.515,0.5,0.51125,0.8,0.04,0.0761904761904762,0.515,1.4886300563812256
"3,3,11,8,5,12,2,18,17,16,1,0,16,11,5",0.51,0.515,0.51125,0.5625,0.09,0.15517241379310345,0.51,1.4172682762145996
"10,17,4,7,12,20,7,17,11,19,8,11,10,4,10",0.51,0.515,0.51125,0.5833333333333334,0.07,0.125,0.51,1.1784958839416504
"9,8,2,14,12,16,14,14,2,13,3,4,22,15,4",0.525,0.47,0.51125,0.5641025641025641,0.22,0.31654676258992803,0.525,1.0746839046478271
"7,3,22,15,13,11,16,0,9,18,14,5,22,7,0",0.51,0.515,0.51125,0.5111111111111111,0.46,0.4842105263157895,0.51,1.098933458328247
"2,18,15,15,5,18,18,8,4,6,5,13,8,17,17",0.505,0.53,0.51125,0.5185185185185185,0.14,0.2204724409448819,0.505,2.0909414291381836
"1,17,12,9,16,11,15,19,10,4,2,22,5,9,1",0.515,0.5,0.51125,0.6363636363636364,0.07,0.12612612612612611,0.515,1.216562271118164
"7,19,8,5,8,15,14,14,4,6,14,11,16,4,23",0.515,0.495,0.51,0.8,0.04,0.0761904761904762,0.515,1.121870517730713
"13,9,1,6,13,1,14,8,10,8,4,22,9,8,5",0.52,0.48,0.51,0.5123456790123457,0.83,0.6335877862595419,0.52,1.1016216278076172
"20,0,9,12,23,15,19,2,17,5,11,9,10,14,23",0.51,0.51,0.51,0.5051020408163265,0.99,0.668918918918919,0.51,2.095628023147583
"10,9,4,17,0,3,12,9,10,22,12,5,22,2,12",0.51,0.51,0.51,0.5357142857142857,0.15,0.234375,0.51,1.0998461246490479
"0,8,13,15,13,7,4,17,12,10,3,22,8,22,7",0.51,0.51,0.51,0.75,0.03,0.057692307692307696,0.51,1.1197001934051514
"11,14,16,7,15,1,13,4,10,23,8,14,3,6,9",0.495,0.555,0.51,0.49624060150375937,0.66,0.5665236051502146,0.495,1.1193573474884033
"5,18,18,8,4,6,5,13,8,17,17,9,6,8,7",0.505,0.525,0.51,0.6,0.03,0.05714285714285714,0.505,1.9566559791564941
"1,6,7,6,12,1,14,14,22,9,2,13,8,1,23",0.51,0.51,0.51,0.52,0.26,0.3466666666666667,0.51,1.1059660911560059
"5,13,8,17,17,9,6,8,7,20,2,1,9,6,20",0.51,0.505,0.50875,0.5625,0.09,0.15517241379310345,0.51,1.3287842273712158
"22,8,21,8,9,0,2,15,19,7,18,16,18,10,2",0.49,0.56,0.5075000000000001,0.49230769230769234,0.64,0.5565217391304348,0.49,1.6181211471557617
"3,15,20,10,4,1,18,1,3,19,8,19,8,0,6",0.51,0.5,0.5075000000000001,0.5052083333333334,0.97,0.6643835616438356,0.51,2.619068384170532
"20,2,17,9,0,8,15,4,0,8,9,19,15,1,21",0.51,0.5,0.5075000000000001,1.0,0.02,0.0392156862745098,0.51,1.5807347297668457
"13,17,11,12,6,3,3,8,2,13,11,3,22,9,3",0.505,0.515,0.5075000000000001,0.5072463768115942,0.35,0.41420118343195267,0.505,1.125741958618164
"10,2,6,23,15,12,13,8,2,11,8,11,4,10,8",0.51,0.5,0.5075000000000001,0.5454545454545454,0.12,0.19672131147540983,0.51,1.0883424282073975
"7,18,16,18,10,2,3,12,2,1,15,20,15,5,4",0.495,0.545,0.5075,0.4936708860759494,0.39,0.43575418994413406,0.495,1.3751251697540283
"7,9,19,10,0,6,22,9,19,1,0,13,11,4,10",0.515,0.485,0.5075,0.5405405405405406,0.2,0.291970802919708,0.515,1.2160329818725586
"16,1,3,15,5,14,3,0,19,10,19,8,11,5,22",0.495,0.545,0.5075,0.49557522123893805,0.56,0.5258215962441315,0.495,1.3411338329315186
"3,4,4,21,5,16,5,10,5,8,18,0,12,12,12",0.505,0.51,0.5062500000000001,0.5025380710659898,0.99,0.6666666666666666,0.505,1.413881540298462
"20,7,2,4,5,6,2,8,9,7,10,0,13,17,17",0.505,0.51,0.5062500000000001,1.0,0.01,0.019801980198019802,0.505,1.1936304569244385
"10,8,3,7,6,10,21,9,10,2,9,20,7,2,21",0.505,0.51,0.5062500000000001,0.5454545454545454,0.06,0.10810810810810811,0.505,1.1069560050964355
"5,13,2,3,17,7,4,8,14,7,3,1,13,8,16",0.505,0.51,0.5062500000000001,0.509090909090909,0.28,0.36129032258064514,0.505,1.1103088855743408
"10,23,8,14,3,6,9,6,3,3,21,5,6,16,19",0.51,0.495,0.50625,0.5056179775280899,0.9,0.6474820143884892,0.51,1.406998872756958
"7,23,8,11,2,4,5,16,21,17,13,2,14,10,16",0.49,0.555,0.50625,0.4666666666666667,0.14,0.2153846153846154,0.49,1.7653417587280273
"4,8,14,7,3,1,13,8,16,15,22,4,10,15,14",0.495,0.54,0.50625,0.49504950495049505,0.5,0.4975124378109453,0.495,1.1370093822479248
"3,15,5,14,3,0,12,10,2,8,11,5,22,13,2",0.51,0.495,0.50625,0.5051020408163265,0.99,0.668918918918919,0.51,1.0939044952392578
"19,14,18,5,4,8,18,3,1,9,5,13,22,0,11",0.49,0.555,0.50625,0.4875,0.39,0.43333333333333335,0.49,1.4750001430511475
"5,23,12,13,14,10,2,16,5,10,15,11,23,5,5",0.51,0.495,0.50625,0.5050505050505051,1.0,0.6711409395973155,0.51,1.191788911819458
"7,4,14,18,4,1,8,19,2,0,11,15,13,21,15",0.51,0.49,0.505,0.5051020408163265,0.99,0.668918918918919,0.51,1.268345832824707
"2,5,0,1,10,20,8,5,17,12,3,14,22,13,11",0.505,0.505,0.505,1.0,0.01,0.019801980198019802,0.505,1.0724430084228516
"1,5,11,10,10,4,16,9,11,3,5,10,19,1,14",0.5,0.52,0.505,0.5,0.62,0.5535714285714286,0.5,1.315580129623413
"22,12,23,4,8,5,11,21,17,12,13,15,9,10,17",0.505,0.505,0.505,1.0,0.01,0.0198019801980198,0.505,1.149022102355957
"15,1,13,4,10,23,8,14,3,6,9,6,3,3,21",0.505,0.505,0.505,0.6666666666666666,0.02,0.038834951456310676,0.505,1.0676207542419434
"4,7,19,10,18,0,14,1,4,2,5,0,1,10,20",0.505,0.505,0.505,0.5185185185185185,0.14,0.2204724409448819,0.505,1.0451860427856445
"1,6,23,8,3,14,16,1,13,14,0,10,20,14,2",0.505,0.505,0.505,0.5025906735751295,0.97,0.6621160409556314,0.505,1.0851845741271973
"12,8,21,2,5,13,1,2,16,18,3,12,4,0,9",0.49,0.55,0.505,0.4852941176470588,0.33,0.39285714285714285,0.49,1.2607064247131348
"15,11,14,16,7,15,1,13,4,10,23,8,14,3,6",0.505,0.505,0.505,0.5031055900621118,0.81,0.6206896551724138,0.505,1.2370555400848389
"5,11,10,10,4,16,9,11,3,5,10,19,1,14,6",0.49,0.55,0.505,0.4941860465116279,0.85,0.625,0.49,1.290574312210083
"13,12,8,21,2,5,13,1,2,16,18,3,12,4,0",0.505,0.5,0.50375,0.5025125628140703,1.0,0.6688963210702341,0.505,1.1871092319488525
"6,10,15,1,19,5,0,11,10,15,9,6,4,0,19",0.505,0.5,0.50375,0.5025125628140703,1.0,0.6688963210702341,0.505,1.2331066131591797
"16,23,17,12,12,15,18,6,1,4,3,9,23,10,20",0.52,0.455,0.50375,0.5263157894736842,0.4,0.45454545454545453,0.52,1.8853931427001953
"20,9,17,9,0,0,22,10,21,15,20,3,10,9,3",0.51,0.485,0.50375,0.5294117647058824,0.18,0.26865671641791045,0.51,1.1001458168029785
"1,8,19,2,0,11,15,13,21,15,20,14,11,5,18",0.505,0.5,0.50375,0.5025125628140703,1.0,0.6688963210702341,0.505,1.293832778930664
"3,8,8,10,5,23,8,17,6,13,3,7,0,17,0",0.505,0.5,0.50375,1.0,0.01,0.019801980198019802,0.505,1.1035435199737549
"3,1,10,13,12,8,21,2,5,13,1,2,16,18,3",0.505,0.5,0.50375,0.6666666666666666,0.02,0.038834951456310676,0.505,1.3251817226409912
"5,4,4,2,8,8,16,11,6,10,15,1,19,5,0",0.505,0.5,0.50375,1.0,0.01,0.019801980198019802,0.505,1.186532735824585
"6,14,9,8,4,3,2,11,12,12,15,8,9,4,15",0.505,0.5,0.50375,0.5025125628140703,1.0,0.6688963210702341,0.505,1.1391656398773193
"21,0,11,0,16,5,22,4,17,17,15,6,12,14,7",0.505,0.5,0.50375,1.0,0.01,0.019801980198019802,0.505,1.3974692821502686
"3,11,8,5,12,2,18,17,16,1,0,16,11,5,13",0.505,0.5,0.50375,1.0,0.01,0.019801980198019802,0.505,1.4062137603759766
"8,5,8,15,14,14,4,6,14,11,16,4,23,5,13",0.505,0.5,0.50375,0.5025125628140703,1.0,0.6688963210702341,0.505,1.081911563873291
"1,11,23,13,23,7,19,13,1,7,15,10,16,5,23",0.505,0.5,0.50375,1.0,0.01,0.019801980198019802,0.505,1.1694083213806152
"7,4,15,22,11,7,13,23,2,6,14,9,8,4,3",0.505,0.5,0.50375,0.5025641025641026,0.98,0.6644067796610169,0.505,1.1856191158294678
"1,9,13,16,1,18,11,17,5,6,4,22,8,14,4",0.505,0.5,0.50375,0.5025125628140703,1.0,0.6688963210702341,0.505,1.3990044593811035
"12,5,3,6,10,6,1,22,16,15,8,1,4,16,5",0.505,0.5,0.50375,0.6,0.03,0.05714285714285714,0.505,1.061295986175537
"7,13,11,6,19,19,8,17,14,21,14,11,19,8,9",0.505,0.495,0.5025000000000001,0.5025125628140703,1.0,0.6688963210702341,0.505,3.514526605606079
"7,9,1,12,14,20,16,15,11,14,16,7,15,1,13",0.505,0.495,0.5025000000000001,0.5384615384615384,0.07,0.12389380530973451,0.505,1.1239471435546875
"2,3,17,7,4,8,14,7,3,1,13,8,16,15,22",0.5,0.51,0.5025,0.5,0.06,0.10714285714285714,0.5,1.1758811473846436
"2,5,13,1,2,16,18,3,12,4,0,9,2,6,6",0.5,0.51,0.5025,0.5,0.99,0.6644295302013423,0.5,1.2766151428222656
"6,1,22,16,15,8,1,4,16,5,15,9,8,0,13",0.5,0.51,0.5025,0.5,0.01,0.0196078431372549,0.5,1.162820816040039
"8,19,13,3,21,13,18,14,15,4,13,12,9,2,6",0.5,0.51,0.5025,0.5,1.0,0.6666666666666666,0.5,1.2920138835906982
"9,1,21,1,12,17,22,10,11,8,11,13,0,4,21",0.49,0.535,0.50125,0.4945054945054945,0.9,0.6382978723404256,0.49,1.0715079307556152
"17,5,6,4,22,8,14,4,7,19,10,18,0,14,1",0.495,0.52,0.50125,0.49019607843137253,0.25,0.33112582781456956,0.495,1.093158483505249
"18,2,1,8,15,3,10,7,4,14,18,4,1,8,19",0.5,0.505,0.50125,0.5,0.01,0.0196078431372549,0.5,1.4137377738952637
"2,2,3,10,14,9,23,0,4,10,18,14,4,19,2",0.5,0.505,0.50125,0.0,0.0,0.0,0.5,1.4568405151367188
"1,18,3,4,0,5,0,15,21,13,13,10,5,10,19",0.505,0.49,0.50125,0.5027027027027027,0.93,0.6526315789473685,0.505,1.3086669445037842
"22,7,21,2,14,8,11,2,21,8,10,14,13,0,14",0.495,0.52,0.50125,0.4972375690607735,0.9,0.6405693950177936,0.495,1.1265192031860352
"7,4,15,4,23,8,19,8,8,18,9,2,19,12,19",0.5,0.505,0.50125,0.5,0.08,0.13793103448275862,0.5,1.146136999130249
"9,20,17,1,8,23,7,5,0,8,6,5,12,22,16",0.5,0.505,0.50125,0.0,0.0,0.0,0.5,1.1082465648651123
"2,0,11,15,13,21,15,20,14,11,5,18,9,3,13",0.5,0.505,0.50125,0.5,1.0,0.6666666666666666,0.5,1.1519951820373535
"2,1,17,12,9,16,11,15,19,10,4,2,22,5,9",0.5,0.5,0.5,0.5,1.0,0.6666666666666666,0.5,1.261354684829712
"17,15,8,22,10,12,7,9,19,10,0,6,22,9,19",0.5,0.5,0.5,0.5,1.0,0.6666666666666666,0.5,1.2198400497436523
"2,3,3,5,3,9,4,9,19,12,9,1,17,16,22",0.5,0.5,0.5,0.0,0.0,0.0,0.5,1.2493441104888916
"10,0,11,16,23,7,6,11,5,9,22,15,19,2,13",0.5,0.5,0.5,0.5,1.0,0.6666666666666666,0.5,1.474158525466919
"3,23,2,8,10,7,6,20,4,10,12,5,22,1,7",0.5,0.5,0.5,0.0,0.0,0.0,0.5,1.2448935508728027
"0,23,15,16,0,8,13,15,13,7,4,17,12,10,3",0.5,0.5,0.5,0.5,1.0,0.6666666666666666,0.5,1.2178902626037598
"21,7,17,18,5,6,9,23,13,23,15,0,7,19,8",0.5,0.5,0.5,0.0,0.0,0.0,0.5,1.3967499732971191
"4,2,5,0,1,10,20,8,5,17,12,3,14,22,13",0.5,0.5,0.5,0.0,0.0,0.0,0.5,1.0827407836914062
"2,16,4,5,7,9,14,8,7,9,9,8,2,14,12",0.5,0.5,0.5,0.5,1.0,0.6666666666666666,0.5,1.115544319152832
"8,1,6,23,8,3,14,16,1,13,14,0,10,20,14",0.5,0.5,0.5,0.0,0.0,0.0,0.5,1.137511968612671
"23,15,16,0,8,13,15,13,7,4,17,12,10,3,22",0.5,0.5,0.5,0.0,0.0,0.0,0.5,1.3455238342285156
"6,3,22,12,3,16,21,16,10,8,19,4,7,11,0",0.5,0.5,0.5,0.0,0.0,0.0,0.5,1.3515143394470215
"22,7,1,5,0,7,11,14,2,17,20,4,2,3,3",0.5,0.5,0.5,0.0,0.0,0.0,0.5,1.2370891571044922
"14,3,18,8,20,5,5,12,19,0,1,14,6,4,6",0.5,0.5,0.5,0.0,0.0,0.0,0.5,1.1836068630218506
"20,3,8,8,10,5,23,8,17,6,13,3,7,0,17",0.5,0.5,0.5,0.0,0.0,0.0,0.5,1.1330952644348145
"22,4,17,17,15,6,12,14,7,19,10,11,11,11,22",0.5,0.5,0.5,0.5,1.0,0.6666666666666666,0.5,1.384491205215454
"9,1,6,13,1,14,8,10,8,4,22,9,8,5,19",0.5,0.5,0.5,0.5,1.0,0.6666666666666666,0.5,1.0350210666656494
"23,0,4,10,18,14,4,19,2,10,0,11,16,23,7",0.5,0.5,0.5,0.5,1.0,0.6666666666666666,0.5,1.4433178901672363
"20,0,0,3,15,12,17,4,18,5,4,16,18,17,1",0.5,0.5,0.5,0.0,0.0,0.0,0.5,2.0584475994110107
"21,17,13,2,14,10,16,4,12,11,8,13,21,14,1",0.5,0.5,0.5,0.5,1.0,0.6666666666666666,0.5,1.8916752338409424
"7,3,8,22,7,16,21,6,13,9,18,4,11,7,17",0.5,0.5,0.5,0.5,1.0,0.6666666666666666,0.5,1.149348258972168
"8,22,12,21,8,10,10,8,10,22,0,14,3,22,15",0.5,0.5,0.5,0.5,1.0,0.6666666666666666,0.5,1.1781518459320068
"0,3,7,15,8,9,10,0,20,11,9,4,17,15,16",0.5,0.5,0.5,0.0,0.0,0.0,0.5,1.1250932216644287
"0,1,16,16,21,2,16,9,8,18,13,19,6,1,7",0.5,0.5,0.5,0.5,1.0,0.6666666666666666,0.5,1.5888383388519287
"22,6,17,15,0,3,9,7,21,4,1,17,8,5,11",0.5,0.5,0.5,0.5,1.0,0.6666666666666666,0.5,1.2360880374908447
"7,14,8,20,10,19,10,15,19,1,6,2,2,3,10",0.5,0.5,0.5,0.5,1.0,0.6666666666666666,0.5,1.9028635025024414
"3,20,6,8,22,16,9,17,13,9,7,8,3,23,2",0.5,0.5,0.5,0.0,0.0,0.0,0.5,1.173736572265625
"7,22,6,17,15,0,3,9,7,21,4,1,17,8,5",0.5,0.5,0.5,0.5,1.0,0.6666666666666666,0.5,1.0938169956207275
"9,4,5,15,3,12,13,12,5,3,6,10,6,1,22",0.5,0.5,0.5,0.0,0.0,0.0,0.5,1.0606424808502197
"0,2,2,23,16,14,17,5,20,11,14,19,12,4,22",0.5,0.5,0.5,0.0,0.0,0.0,0.5,1.5545330047607422
"4,15,22,11,7,13,23,2,6,14,9,8,4,3,2",0.5,0.5,0.5,0.0,0.0,0.0,0.5,1.1764440536499023
"23,2,8,10,7,6,20,4,10,12,5,22,1,7,9",0.5,0.5,0.5,0.5,1.0,0.6666666666666666,0.5,1.2700815200805664
"5,6,4,22,8,14,4,7,19,10,18,0,14,1,4",0.5,0.5,0.5,0.5,1.0,0.6666666666666666,0.5,1.046384572982788
"23,8,11,2,4,5,16,21,17,13,2,14,10,16,4",0.5,0.5,0.5,0.5,1.0,0.6666666666666666,0.5,1.702554702758789
"2,16,9,8,18,13,19,6,1,7,1,4,7,10,22",0.5,0.5,0.5,0.5,1.0,0.6666666666666666,0.5,1.2145791053771973
"2,20,7,9,1,12,14,20,16,15,11,14,16,7,15",0.5,0.5,0.5,0.5,1.0,0.6666666666666666,0.5,1.1550116539001465
"0,7,19,8,5,8,15,14,14,4,6,14,11,16,4",0.5,0.5,0.5,0.0,0.0,0.0,0.5,1.070821762084961
"5,21,14,7,13,11,6,19,19,8,17,14,21,14,11",0.5,0.5,0.5,0.5,1.0,0.6666666666666666,0.5,3.6258041858673096
"22,4,15,20,7,4,15,22,11,7,13,23,2,6,14",0.5,0.5,0.5,0.5,1.0,0.6666666666666666,0.5,1.190126657485962
"7,20,16,5,23,6,3,14,23,8,2,22,9,13,2",0.5,0.5,0.5,0.5,1.0,0.6666666666666666,0.5,1.3308677673339844
"17,12,5,14,4,3,5,21,7,17,18,5,6,9,23",0.5,0.5,0.5,0.5,1.0,0.6666666666666666,0.5,1.3507819175720215
"1,14,19,8,10,1,7,7,11,15,8,5,1,13,19",0.5,0.5,0.5,0.0,0.0,0.0,0.5,1.1327269077301025
"4,23,16,5,13,18,17,6,6,21,12,20,11,11,5",0.5,0.5,0.5,0.5,1.0,0.6666666666666666,0.5,1.8108887672424316
"22,10,12,7,9,19,10,0,6,22,9,19,1,0,13",0.5,0.5,0.5,0.5,1.0,0.6666666666666666,0.5,1.2567546367645264
"4,3,5,21,7,17,18,5,6,9,23,13,23,15,0",0.5,0.5,0.5,0.5,1.0,0.6666666666666666,0.5,1.3659863471984863
"7,18,0,6,19,15,7,14,12,13,14,19,7,4,6",0.5,0.5,0.5,0.0,0.0,0.0,0.5,2.483738422393799
"21,14,7,13,11,6,19,19,8,17,14,21,14,11,19",0.5,0.5,0.5,0.5,1.0,0.6666666666666666,0.5,3.621757745742798
"4,22,8,5,6,16,16,17,9,15,16,4,13,9,22",0.5,0.5,0.5,0.5,1.0,0.6666666666666666,0.5,1.2355854511260986
"23,7,22,6,17,15,0,3,9,7,21,4,1,17,8",0.5,0.5,0.5,0.5,1.0,0.6666666666666666,0.5,1.1742839813232422
"6,3,20,9,22,16,14,11,4,12,18,9,8,9,21",0.5,0.5,0.5,0.5,1.0,0.6666666666666666,0.5,1.1734178066253662
"21,9,4,10,14,20,7,13,2,4,1,22,9,6,6",0.5,0.5,0.5,0.5,1.0,0.6666666666666666,0.5,1.1211888790130615
"23,0,3,7,15,8,9,10,0,20,11,9,4,17,15",0.5,0.5,0.5,0.5,1.0,0.6666666666666666,0.5,1.2778139114379883
"20,8,5,17,12,3,14,22,13,11,9,9,3,23,11",0.5,0.5,0.5,0.5,0.01,0.0196078431372549,0.5,1.1884405612945557
"1,4,16,5,15,9,8,0,13,14,4,2,9,2,19",0.5,0.5,0.5,0.0,0.0,0.0,0.5,1.1749904155731201
"21,12,8,3,10,8,7,11,9,16,13,2,19,7,2",0.5,0.5,0.5,0.5,1.0,0.6666666666666666,0.5,1.1928775310516357
"23,7,5,0,8,6,5,12,22,16,4,12,1,8,12",0.5,0.5,0.5,0.5,1.0,0.6666666666666666,0.5,1.106886863708496
"7,0,7,8,20,14,0,6,2,0,4,9,10,20,3",0.5,0.5,0.5,0.5,1.0,0.6666666666666666,0.5,1.0501258373260498
"1,20,12,23,10,17,4,7,12,20,7,17,11,19,8",0.5,0.5,0.5,0.0,0.0,0.0,0.5,1.228621006011963
"9,0,8,14,5,15,13,10,15,14,6,8,2,4,17",0.5,0.5,0.5,0.5,1.0,0.6666666666666666,0.5,1.095933437347412
"2,2,20,7,9,1,12,14,20,16,15,11,14,16,7",0.5,0.5,0.5,0.0,0.0,0.0,0.5,1.1591506004333496
"22,16,12,18,18,6,5,7,0,12,3,11,13,15,11",0.5,0.5,0.5,0.0,0.0,0.0,0.5,1.725367784500122
"5,1,15,12,18,15,11,21,17,13,7,11,9,3,0",0.5,0.5,0.5,0.5,1.0,0.6666666666666666,0.5,1.1263303756713867
"8,10,7,6,20,4,10,12,5,22,1,7,9,23,4",0.5,0.5,0.5,0.0,0.0,0.0,0.5,1.107100486755371
"16,23,16,5,22,4,17,17,15,6,12,14,7,19,10",0.5,0.5,0.5,0.0,0.0,0.0,0.5,1.7467315196990967
"0,1,4,18,6,12,6,11,17,13,8,7,3,22,15",0.5,0.5,0.5,0.0,0.0,0.0,0.5,1.155005693435669
"20,4,10,12,5,22,1,7,9,23,4,8,3,14,15",0.5,0.5,0.5,0.5,1.0,0.6666666666666666,0.5,1.0679991245269775
"2,13,7,3,4,4,21,5,16,5,10,5,8,18,0",0.5,0.5,0.5,0.5,1.0,0.6666666666666666,0.5,1.0342743396759033
"23,12,7,9,10,3,3,16,12,21,13,23,0,0,17",0.5,0.5,0.5,0.5,1.0,0.6666666666666666,0.5,1.1964912414550781
"3,10,5,0,6,11,15,22,5,1,7,7,19,19,4",0.5,0.5,0.5,0.0,0.0,0.0,0.5,3.420497417449951
"4,2,22,5,9,1,11,9,19,12,4,11,4,22,0",0.5,0.5,0.5,0.0,0.0,0.0,0.5,1.04343581199646
"21,1,7,22,4,15,20,7,4,15,22,11,7,13,23",0.5,0.5,0.5,0.5,1.0,0.6666666666666666,0.5,1.3105666637420654
"21,8,4,8,23,2,13,7,3,4,4,21,5,16,5",0.5,0.5,0.5,0.5,1.0,0.6666666666666666,0.5,1.0774714946746826
"5,21,0,17,3,6,22,15,2,1,12,1,5,13,6",0.5,0.5,0.5,0.5,1.0,0.6666666666666666,0.5,2.001394271850586
"17,14,5,21,14,8,7,7,4,14,1,2,3,3,5",0.5,0.5,0.5,0.0,0.0,0.0,0.5,1.1559467315673828
"1,6,3,3,22,13,17,13,10,18,11,9,2,2,10",0.5,0.5,0.5,0.0,0.0,0.0,0.5,1.179758071899414
"22,16,9,20,5,9,4,5,15,3,12,13,12,5,3",0.5,0.5,0.5,0.5,1.0,0.6666666666666666,0.5,1.2386553287506104
"21,10,8,10,17,14,5,21,14,8,7,7,4,14,1",0.5,0.5,0.5,0.0,0.0,0.0,0.5,1.2262458801269531
"20,8,9,17,13,0,8,11,14,0,8,14,0,12,13",0.5,0.5,0.5,0.5,1.0,0.6666666666666666,0.5,1.1517350673675537
"2,20,8,5,6,0,16,15,12,3,10,19,15,0,13",0.5,0.5,0.5,0.5,1.0,0.6666666666666666,0.5,1.3884754180908203
"17,12,3,14,22,13,11,9,9,3,23,11,3,6,2",0.5,0.5,0.5,0.5,1.0,0.6666666666666666,0.5,1.230069875717163
"5,1,13,19,2,7,2,0,14,15,20,15,16,2,1",0.5,0.5,0.5,0.5,1.0,0.6666666666666666,0.5,1.2759978771209717
"6,5,7,0,12,3,11,13,15,11,10,9,4,17,0",0.5,0.5,0.5,0.5,1.0,0.6666666666666666,0.5,1.051637887954712
"23,16,14,17,5,20,11,14,19,12,4,22,2,11,3",0.5,0.5,0.5,0.0,0.0,0.0,0.5,1.6136670112609863
"2,5,13,8,12,9,9,14,10,11,4,21,2,9,13",0.5,0.5,0.5,0.5,1.0,0.6666666666666666,0.5,1.135779619216919
"21,8,10,10,8,10,22,0,14,3,22,15,20,10,18",0.5,0.5,0.5,0.5,1.0,0.6666666666666666,0.5,1.1566441059112549
"1,14,3,8,1,6,23,8,3,14,16,1,13,14,0",0.5,0.5,0.5,0.0,0.0,0.0,0.5,1.103835105895996
"7,9,8,3,12,15,18,17,12,9,22,1,9,16,4",0.5,0.5,0.5,0.0,0.0,0.0,0.5,1.4276177883148193
"21,0,17,3,6,22,15,2,1,12,1,5,13,6,16",0.5,0.5,0.5,0.5,1.0,0.6666666666666666,0.5,1.9944231510162354
"11,3,5,10,19,1,14,6,12,7,23,8,11,2,4",0.5,0.5,0.5,0.5,0.01,0.0196078431372549,0.5,1.4640913009643555
"20,2,8,18,4,14,1,19,0,0,17,10,16,0,23",0.5,0.5,0.5,0.5,1.0,0.6666666666666666,0.5,1.8080246448516846
"2,18,16,8,6,7,21,5,17,0,18,2,14,5,6",0.5,0.5,0.5,0.5,1.0,0.6666666666666666,0.5,1.6855554580688477
"23,6,2,6,6,3,1,12,7,10,9,21,0,1,4",0.505,0.485,0.5,0.5051546391752577,0.49,0.49746192893401014,0.505,1.6506502628326416
"15,0,13,0,9,7,19,10,16,22,13,18,16,6,17",0.5,0.5,0.5,0.0,0.0,0.0,0.5,1.315861463546753
"21,5,4,15,19,1,19,15,21,15,13,9,17,6,19",0.5,0.5,0.5,0.0,0.0,0.0,0.5,4.883028268814087
"21,13,18,14,15,4,13,12,9,2,6,17,15,8,22",0.5,0.5,0.5,0.0,0.0,0.0,0.5,1.2057311534881592
"15,19,11,0,4,21,13,10,8,1,18,11,0,4,16",0.5,0.5,0.5,0.5,1.0,0.6666666666666666,0.5,1.1914823055267334
"20,11,8,5,1,15,12,18,15,11,21,17,13,7,11",0.5,0.5,0.5,0.0,0.0,0.0,0.5,1.16676926612854
"23,13,17,11,12,6,3,3,8,2,13,11,3,22,9",0.5,0.5,0.5,0.5,1.0,0.6666666666666666,0.5,1.103438377380371
"1,3,2,3,9,3,19,9,7,20,9,0,3,9,15",0.5,0.5,0.5,0.0,0.0,0.0,0.5,1.1882455348968506
"1,13,8,4,13,21,1,7,22,4,15,20,7,4,15",0.5,0.5,0.5,0.5,1.0,0.6666666666666666,0.5,1.1699135303497314
"3,1,13,8,16,15,22,4,10,15,14,19,3,4,6",0.5,0.5,0.5,0.5,1.0,0.6666666666666666,0.5,1.420121669769287
"20,9,10,19,6,5,13,2,3,17,7,4,8,14,7",0.5,0.5,0.5,0.0,0.0,0.0,0.5,1.1386609077453613
"6,12,0,3,23,2,8,10,7,6,20,4,10,12,5",0.5,0.5,0.5,0.5,1.0,0.6666666666666666,0.5,1.0232808589935303
"14,11,17,21,8,6,2,16,3,6,12,10,20,12,14",0.5,0.5,0.5,0.5,1.0,0.6666666666666666,0.5,1.1278541088104248
"1,8,15,3,10,7,4,14,18,4,1,8,19,2,0",0.5,0.5,0.5,0.5,1.0,0.6666666666666666,0.5,1.328169822692871
"23,12,14,19,14,11,7,4,15,4,23,8,19,8,8",0.5,0.5,0.5,0.0,0.0,0.0,0.5,1.2073390483856201
"19,2,10,0,11,16,23,7,6,11,5,9,22,15,19",0.5,0.5,0.5,0.5,1.0,0.6666666666666666,0.5,1.630882740020752
"20,8,2,11,7,18,17,9,16,5,9,1,2,8,1",0.5,0.5,0.5,0.0,0.0,0.0,0.5,1.3297641277313232
"20,6,12,4,23,10,14,9,4,4,11,3,9,12,19",0.5,0.5,0.5,0.5,1.0,0.6666666666666666,0.5,1.1075465679168701
"8,4,13,21,1,7,22,4,15,20,7,4,15,22,11",0.5,0.5,0.5,0.5,1.0,0.6666666666666666,0.5,1.0781059265136719
"8,8,3,4,9,14,1,16,11,13,0,13,23,5,8",0.5,0.5,0.5,0.0,0.0,0.0,0.5,1.1026501655578613
"1,14,11,17,21,8,6,2,16,3,6,12,10,20,12",0.5,0.5,0.5,0.5,1.0,0.6666666666666666,0.5,1.129887580871582
"7,22,4,15,20,7,4,15,22,11,7,13,23,2,6",0.5,0.5,0.5,0.0,0.0,0.0,0.5,1.123593807220459
"16,16,21,2,16,9,8,18,13,19,6,1,7,1,4",0.5,0.5,0.5,0.0,0.0,0.0,0.5,1.5773606300354004
"2,11,15,8,10,10,7,0,23,11,8,19,12,5,16",0.5,0.5,0.5,0.5,1.0,0.6666666666666666,0.5,1.176445722579956
"22,17,21,9,4,10,14,20,7,13,2,4,1,22,9",0.5,0.5,0.5,0.5,1.0,0.6666666666666666,0.5,1.521458625793457
"11,12,7,16,14,6,7,7,12,11,11,8,3,3,1",0.505,0.485,0.5,0.5025380710659898,0.99,0.6666666666666666,0.505,1.1299641132354736
"0,1,10,20,8,5,17,12,3,14,22,13,11,9,9",0.5,0.5,0.5,0.0,0.0,0.0,0.5,1.1271724700927734
"12,3,16,21,16,10,8,19,4,7,11,0,18,1,18",0.5,0.5,0.5,0.0,0.0,0.0,0.5,2.05434250831604
"13,18,3,16,5,14,23,7,21,12,14,4,3,8,7",0.5,0.5,0.5,0.0,0.0,0.0,0.5,1.2423787117004395
"5,0,23,15,16,0,8,13,15,13,7,4,17,12,10",0.5,0.5,0.5,0.0,0.0,0.0,0.5,1.2631208896636963
"0,13,0,2,1,4,4,15,2,1,1,13,10,7,1",0.49,0.53,0.5,0.49193548387096775,0.61,0.5446428571428571,0.49,1.0260365009307861
"8,2,11,8,11,4,10,8,3,7,6,10,21,9,10",0.5,0.5,0.5,0.0,0.0,0.0,0.5,1.217606782913208
"2,1,8,15,3,10,7,4,14,18,4,1,8,19,2",0.5,0.5,0.5,0.0,0.0,0.0,0.5,1.3469433784484863
"11,2,6,6,9,7,4,13,23,17,7,6,7,1,7",0.5,0.5,0.5,0.0,0.0,0.0,0.5,1.138559341430664
"17,7,4,8,14,7,3,1,13,8,16,15,22,4,10",0.5,0.5,0.5,0.5,1.0,0.6666666666666666,0.5,1.2001962661743164
"20,9,12,3,4,15,20,8,2,11,7,18,17,9,16",0.5,0.5,0.5,0.0,0.0,0.0,0.5,1.3042762279510498
"22,12,6,12,4,8,20,10,14,3,12,15,2,12,8",0.5,0.5,0.5,0.0,0.0,0.0,0.5,1.1042444705963135
"7,19,8,4,1,6,3,3,22,13,17,13,10,18,11",0.5,0.5,0.5,0.5,1.0,0.6666666666666666,0.5,1.0967235565185547
"8,17,17,9,6,8,7,20,2,1,9,6,20,12,2",0.505,0.485,0.5,0.5217391304347826,0.12,0.1951219512195122,0.505,1.1962270736694336
"1,4,2,5,0,1,10,20,8,5,17,12,3,14,22",0.5,0.5,0.5,0.0,0.0,0.0,0.5,1.0938799381256104
"21,3,14,9,20,16,21,6,2,16,4,9,0,11,3",0.5,0.5,0.5,0.5,1.0,0.6666666666666666,0.5,1.74306058883667
"22,7,0,8,14,1,1,14,19,8,10,1,7,7,11",0.5,0.5,0.5,0.0,0.0,0.0,0.5,1.2954518795013428
"14,11,7,4,15,4,23,8,19,8,8,18,9,2,19",0.5,0.5,0.5,0.5,1.0,0.6666666666666666,0.5,1.1068623065948486
"11,10,15,9,6,4,0,19,8,6,1,18,19,19,4",0.5,0.5,0.5,0.5,1.0,0.6666666666666666,0.5,4.693794012069702
"15,13,7,4,17,12,10,3,22,8,22,7,0,8,14",0.5,0.5,0.5,0.5,1.0,0.6666666666666666,0.5,1.176809310913086
"2,10,0,11,16,23,7,6,11,5,9,22,15,19,2",0.5,0.5,0.5,0.0,0.0,0.0,0.5,1.4557929039001465
"1,19,15,21,15,13,9,17,6,19,10,6,8,22,12",0.5,0.5,0.5,0.0,0.0,0.0,0.5,2.241522789001465
"23,2,13,7,3,4,4,21,5,16,5,10,5,8,18",0.5,0.5,0.5,0.5,1.0,0.6666666666666666,0.5,1.490884780883789
"1,7,7,11,15,8,5,1,13,19,2,7,2,0,14",0.5,0.5,0.5,0.0,0.0,0.0,0.5,1.2439579963684082
"20,16,13,2,18,15,15,5,18,18,8,4,6,5,13",0.5,0.5,0.5,0.5,1.0,0.6666666666666666,0.5,1.8131239414215088
"2,10,18,4,5,2,3,6,3,0,6,19,8,0,19",0.5,0.5,0.5,0.5,0.99,0.6644295302013423,0.5,2.419062614440918
"0,11,10,15,9,6,4,0,19,8,6,1,18,19,19",0.505,0.485,0.5,0.5161290322580645,0.16,0.24427480916030533,0.505,4.803044080734253
"15,8,1,4,16,5,15,9,8,0,13,14,4,2,9",0.5,0.5,0.5,0.0,0.0,0.0,0.5,1.1907520294189453
"7,6,20,4,10,12,5,22,1,7,9,23,4,8,3",0.5,0.5,0.5,0.0,0.0,0.0,0.5,1.052367925643921
"1,10,20,8,5,17,12,3,14,22,13,11,9,9,3",0.5,0.5,0.5,0.0,0.0,0.0,0.5,1.083160400390625
"20,3,10,9,3,7,7,21,12,3,10,23,16,12,21",0.5,0.5,0.5,0.5,1.0,0.6666666666666666,0.5,1.1396512985229492
"3,13,13,15,2,12,12,22,15,8,13,11,23,12,7",0.5,0.5,0.5,0.5,1.0,0.6666666666666666,0.5,1.2162456512451172
"1,13,4,10,23,8,14,3,6,9,6,3,3,21,5",0.5,0.5,0.5,0.0,0.0,0.0,0.5,1.081536054611206
"10,6,8,22,12,21,8,10,10,8,10,22,0,14,3",0.5,0.5,0.5,0.5,1.0,0.6666666666666666,0.5,1.0986874103546143
"4,1,22,9,6,6,13,23,15,14,3,6,12,13,21",0.5,0.5,0.5,0.5,1.0,0.6666666666666666,0.5,1.1303184032440186
"6,4,22,8,14,4,7,19,10,18,0,14,1,4,2",0.5,0.5,0.5,0.0,0.0,0.0,0.5,1.0564985275268555
"23,10,17,4,7,12,20,7,17,11,19,8,11,10,4",0.5,0.5,0.5,0.5,1.0,0.6666666666666666,0.5,1.1683681011199951
"4,1,23,2,14,11,3,0,9,0,10,8,9,20,17",0.5,0.5,0.5,0.0,0.0,0.0,0.5,1.4322171211242676
"21,10,2,6,23,15,12,13,8,2,11,8,11,4,10",0.5,0.5,0.5,0.5,1.0,0.6666666666666666,0.5,1.1346120834350586
"2,19,12,19,9,1,4,17,10,17,19,0,2,16,6",0.5,0.5,0.5,0.5,1.0,0.6666666666666666,0.5,2.239442825317383
"1,10,13,12,8,21,2,5,13,1,2,16,18,3,12",0.5,0.5,0.5,0.0,0.0,0.0,0.5,1.2343721389770508
"2,3,7,9,9,20,9,22,4,2,2,15,22,6,3",0.5,0.5,0.5,0.0,0.0,0.0,0.5,1.0948965549468994
"8,23,7,5,0,8,6,5,12,22,16,4,12,1,8",0.5,0.5,0.5,0.5,1.0,0.6666666666666666,0.5,1.0847699642181396
"1,16,10,6,9,20,17,18,17,12,14,13,0,12,20",0.5,0.5,0.5,0.0,0.0,0.0,0.5,1.7583110332489014
"2,12,17,1,15,7,7,1,2,13,16,23,17,6,18",0.5,0.5,0.5,0.5,1.0,0.6666666666666666,0.5,2.009868621826172
"21,8,9,0,2,15,19,7,18,16,18,10,2,3,12",0.5,0.5,0.5,0.0,0.0,0.0,0.5,1.4878590106964111
"11,16,4,2,10,8,8,8,17,23,8,4,23,9,23",0.5,0.5,0.5,0.5,1.0,0.6666666666666666,0.5,1.1871068477630615
"20,8,16,15,19,11,22,6,14,12,16,11,15,2,16",0.5,0.5,0.5,0.5,1.0,0.6666666666666666,0.5,1.3134832382202148
"1,3,5,1,18,8,6,0,13,10,16,1,1,14,0",0.5,0.5,0.5,0.5,1.0,0.6666666666666666,0.5,1.2724318504333496
"13,7,3,4,4,21,5,16,5,10,5,8,18,0,12",0.5,0.5,0.5,0.0,0.0,0.0,0.5,1.0816307067871094
"1,15,12,18,15,11,21,17,13,7,11,9,3,0,15",0.5,0.5,0.5,0.5,1.0,0.6666666666666666,0.5,1.2185008525848389
"3,18,8,20,5,5,12,19,0,1,14,6,4,6,7",0.5,0.5,0.5,0.0,0.0,0.0,0.5,1.256749153137207
"7,14,17,22,12,16,13,6,16,22,14,9,20,8,17",0.5,0.5,0.5,0.5,1.0,0.6666666666666666,0.5,1.1513657569885254
"21,2,16,9,8,18,13,19,6,1,7,1,4,7,10",0.5,0.5,0.5,0.5,1.0,0.6666666666666666,0.5,1.716444969177246
"7,15,1,13,4,10,23,8,14,3,6,9,6,3,3",0.5,0.5,0.5,0.5,1.0,0.6666666666666666,0.5,1.06144118309021
"7,7,7,5,22,12,0,0,13,7,11,7,21,9,17",0.5,0.5,0.5,0.5,1.0,0.6666666666666666,0.5,1.1824195384979248
"2,22,12,7,7,17,7,16,1,11,11,15,19,12,22",0.5,0.5,0.5,0.0,0.0,0.0,0.5,1.2797341346740723
"8,13,9,1,6,13,1,14,8,10,8,4,22,9,8",0.5,0.5,0.5,0.0,0.0,0.0,0.5,1.1572308540344238
"21,7,15,22,17,21,9,4,10,14,20,7,13,2,4",0.5,0.5,0.5,0.0,0.0,0.0,0.5,1.3793745040893555
"23,11,17,6,12,5,12,10,15,3,5,9,3,5,20",0.5,0.5,0.5,0.5,1.0,0.6666666666666666,0.5,1.184438943862915
"4,5,2,0,21,9,13,12,7,17,21,6,1,4,16",0.5,0.5,0.5,0.0,0.0,0.0,0.5,1.8934099674224854
"23,2,11,15,8,10,10,7,0,23,11,8,19,12,5",0.5,0.5,0.5,0.0,0.0,0.0,0.5,1.2723124027252197
"23,12,15,13,9,12,7,7,7,5,22,12,0,0,13",0.5,0.5,0.5,0.5,1.0,0.6666666666666666,0.5,1.312706708908081
"22,11,7,13,23,2,6,14,9,8,4,3,2,11,12",0.5,0.495,0.49875,0.5,0.01,0.0196078431372549,0.5,1.126861333847046
"9,3,23,11,3,6,2,19,8,14,4,0,23,1,2",0.5,0.495,0.49875,0.5,0.72,0.5901639344262295,0.5,1.1813745498657227
"4,8,23,2,13,7,3,4,4,21,5,16,5,10,5",0.505,0.48,0.49875,0.5116279069767442,0.22,0.3076923076923077,0.505,1.093437671661377
"1,4,18,6,12,6,11,17,13,8,7,3,22,15,13",0.5,0.495,0.49875,0.5,1.0,0.6666666666666666,0.5,1.3397862911224365
"23,2,6,14,9,8,4,3,2,11,12,12,15,8,9",0.5,0.495,0.49875,0.0,0.0,0.0,0.5,1.3962628841400146
"0,6,0,7,17,13,10,9,5,8,18,8,1,12,21",0.505,0.48,0.49875,0.5053763440860215,0.47,0.48704663212435234,0.505,1.124990701675415
"3,2,3,9,3,19,9,7,20,9,0,3,9,15,5",0.5,0.495,0.49875,0.5,1.0,0.6666666666666666,0.5,1.1281487941741943
"7,14,10,14,18,5,9,10,7,9,8,3,12,15,18",0.5,0.495,0.49875,0.5,0.63,0.5575221238938053,0.5,1.1268525123596191
"10,8,10,17,14,5,21,14,8,7,7,4,14,1,2",0.5,0.495,0.49875,0.0,0.0,0.0,0.5,1.218533992767334
"21,8,6,2,16,3,6,12,10,20,12,14,12,15,20",0.5,0.495,0.49875,0.5,1.0,0.6666666666666666,0.5,1.0905921459197998
"11,10,20,6,12,4,23,10,14,9,4,4,11,3,9",0.495,0.51,0.49874999999999997,0.0,0.0,0.0,0.495,1.0844178199768066
"22,12,0,0,13,7,11,7,21,9,17,10,8,8,12",0.5,0.49,0.4975,0.5,0.99,0.6644295302013423,0.5,1.150477647781372
"22,11,6,1,3,2,3,9,3,19,9,7,20,9,0",0.485,0.535,0.4975,0.46938775510204084,0.23,0.3087248322147651,0.485,1.0716357231140137
"5,6,18,5,4,16,18,17,1,8,5,13,15,0,11",0.47,0.58,0.4975,0.46875,0.45,0.45918367346938777,0.47,1.746729850769043
"11,23,13,23,7,19,13,1,7,15,10,16,5,23,6",0.495,0.505,0.49749999999999994,0.49748743718592964,0.99,0.6622073578595318,0.495,1.1365127563476562
"21,10,19,10,15,1,5,11,10,10,4,16,9,11,3",0.495,0.505,0.49749999999999994,0.3333333333333333,0.01,0.019417475728155338,0.495,1.095238447189331
"22,8,14,2,22,14,5,18,3,3,15,16,11,11,14",0.49,0.515,0.4962500000000001,0.4946808510638298,0.93,0.6458333333333334,0.49000000000000005,1.3398466110229492
"5,17,12,3,14,22,13,11,9,9,3,23,11,3,6",0.485,0.53,0.49625,0.4915254237288136,0.87,0.628158844765343,0.485,1.1932196617126465
"2,4,7,0,5,12,1,11,23,13,23,7,19,13,1",0.5,0.485,0.49624999999999997,0.5,0.72,0.5901639344262295,0.5,1.0861096382141113
"2,7,18,0,6,19,15,7,14,12,13,14,19,7,4",0.495,0.5,0.49624999999999997,0.0,0.0,0.0,0.495,2.5939698219299316
"2,14,12,16,14,14,2,13,3,4,22,15,4,13,18",0.495,0.5,0.49624999999999997,0.0,0.0,0.0,0.495,1.1194396018981934
"14,2,22,14,5,18,3,3,15,16,11,11,14,17,19",0.495,0.5,0.49624999999999997,0.4967741935483871,0.77,0.6039215686274509,0.495,1.8816072940826416
"4,10,14,20,7,13,2,4,1,22,9,6,6,13,23",0.495,0.5,0.49624999999999997,0.49748743718592964,0.99,0.6622073578595318,0.495,1.0729963779449463
"11,6,1,3,2,3,9,3,19,9,7,20,9,0,3",0.5,0.485,0.49624999999999997,0.5,0.31,0.38271604938271603,0.5,1.156911849975586
"8,9,17,13,0,8,11,14,0,8,14,0,12,13,4",0.495,0.5,0.49624999999999997,0.0,0.0,0.0,0.495,1.1322596073150635
"16,6,11,2,4,17,0,20,14,20,14,16,18,8,18",0.5,0.485,0.49624999999999997,0.5,0.37,0.42528735632183906,0.5,1.2925877571105957
"21,10,13,0,12,10,15,22,15,13,2,4,4,19,2",0.495,0.5,0.49624999999999997,0.0,0.0,0.0,0.495,1.447340488433838
"8,8,16,11,6,10,15,1,19,5,0,11,10,15,9",0.495,0.5,0.49624999999999997,0.0,0.0,0.0,0.495,1.2785494327545166
"22,13,11,9,9,3,23,11,3,6,2,19,8,14,4",0.505,0.465,0.49500000000000005,0.5135135135135135,0.19,0.2773722627737226,0.505,1.152890682220459
"16,2,4,7,0,5,12,1,11,23,13,23,7,19,13",0.505,0.465,0.49500000000000005,0.503448275862069,0.73,0.5959183673469388,0.505,1.2417559623718262
"2,16,13,5,1,23,12,6,3,1,11,22,5,15,10",0.495,0.495,0.495,0.49743589743589745,0.97,0.6576271186440678,0.495,1.3075971603393555
"22,12,21,8,10,10,8,10,22,0,14,3,22,15,20",0.495,0.495,0.495,0.49748743718592964,0.99,0.6622073578595318,0.495,1.200981855392456
"0,4,21,13,10,8,1,18,11,0,4,16,13,20,6",0.49,0.51,0.495,0.4791666666666667,0.23,0.3108108108108108,0.49,1.0660474300384521
"8,8,10,5,23,8,17,6,13,3,7,0,17,0,22",0.485,0.525,0.495,0.48936170212765956,0.69,0.5726141078838174,0.485,1.131662368774414
"14,8,14,13,8,13,9,1,6,13,1,14,8,10,8",0.485,0.52,0.49375,0.42105263157894735,0.08,0.13445378151260504,0.485,1.1305482387542725
"1,6,2,2,3,10,14,9,23,0,4,10,18,14,4",0.49,0.505,0.49375,0.0,0.0,0.0,0.49,1.2598938941955566
"23,2,6,9,10,14,8,20,11,8,11,10,14,4,18",0.495,0.49,0.49374999999999997,0.3333333333333333,0.01,0.019417475728155338,0.495,1.4549658298492432
"22,13,18,16,6,17,21,12,20,11,8,5,1,15,12",0.49,0.5,0.4925,0.494949494949495,0.98,0.6577181208053692,0.49,1.3291327953338623
"22,14,5,13,12,7,13,15,6,9,17,6,15,0,14",0.49,0.5,0.4925,0.49444444444444446,0.89,0.6357142857142857,0.49,1.1378958225250244
"14,17,14,8,14,13,8,13,9,1,6,13,1,14,8",0.49,0.5,0.4925,0.48863636363636365,0.43,0.4574468085106383,0.49,1.1599774360656738
"12,3,4,15,20,8,2,11,7,18,17,9,16,5,9",0.505,0.45,0.49125,0.5035971223021583,0.7,0.5857740585774058,0.505,1.4581518173217773
"4,2,2,20,8,5,6,0,16,15,12,3,10,19,15",0.49,0.495,0.49124999999999996,0.42857142857142855,0.06,0.10526315789473684,0.49,1.3146891593933105
"15,15,5,19,11,9,0,9,0,8,14,5,15,13,10",0.47,0.555,0.49124999999999996,0.4772727272727273,0.63,0.5431034482758621,0.47,1.1650640964508057
"6,2,16,3,6,12,10,20,12,14,12,15,20,11,2",0.49,0.495,0.49124999999999996,0.49489795918367346,0.97,0.6554054054054054,0.49,1.1301193237304688
"0,22,17,4,10,6,2,18,11,22,7,14,21,17,18",0.47,0.55,0.49000000000000005,0.125,0.01,0.018518518518518517,0.47000000000000003,1.6330277919769287
"17,20,10,11,13,17,4,23,15,9,8,21,1,12,19",0.49,0.49,0.49,0.4943820224719101,0.88,0.6330935251798561,0.49,1.5578243732452393
"10,9,5,8,18,8,1,12,21,4,5,7,19,8,4",0.475,0.535,0.49,0.48554913294797686,0.84,0.6153846153846154,0.475,1.094170331954956
"17,4,10,19,0,6,0,7,17,13,10,9,5,8,18",0.51,0.43,0.49,0.6,0.06,0.10909090909090909,0.51,1.2301404476165771
"14,5,3,17,6,2,14,9,22,8,4,16,5,22,5",0.515,0.415,0.49,0.5114503816793893,0.67,0.5800865800865801,0.515,1.139857292175293
"8,2,11,7,18,17,9,16,5,9,1,2,8,1,21",0.485,0.505,0.49,0.48717948717948717,0.57,0.5253456221198156,0.485,1.451889991760254
"11,23,5,5,3,10,14,12,9,5,2,13,11,19,18",0.49,0.49,0.49,0.494949494949495,0.98,0.6577181208053692,0.49,2.213132858276367
"11,23,12,7,9,10,3,3,16,12,21,13,23,0,0",0.485,0.5,0.48875,0.4919786096256685,0.92,0.6411149825783972,0.48500000000000004,1.1069374084472656
"15,0,3,9,7,21,4,1,17,8,5,11,13,11,19",0.495,0.47,0.48874999999999996,0.496,0.62,0.5511111111111111,0.495,1.090538501739502
"5,21,7,17,18,5,6,9,23,13,23,15,0,7,19",0.495,0.47,0.48874999999999996,0.4954128440366973,0.54,0.5167464114832536,0.495,1.3560316562652588
"12,7,23,8,11,2,4,5,16,21,17,13,2,14,10",0.48,0.51,0.4875,0.48,0.48,0.48,0.48,1.8052117824554443
"21,12,20,11,8,5,1,15,12,18,15,11,21,17,13",0.475,0.525,0.48749999999999993,0.47619047619047616,0.5,0.4878048780487805,0.475,1.2562899589538574
"0,4,9,10,20,3,9,0,4,6,14,14,0,17,15",0.48,0.505,0.48625000000000007,0.4876543209876543,0.79,0.6030534351145038,0.48000000000000004,1.0865209102630615
"6,4,22,8,5,6,16,16,17,9,15,16,4,13,9",0.485,0.49,0.48625,0.49238578680203043,0.97,0.6531986531986532,0.485,1.166522741317749
"7,9,9,8,2,14,12,16,14,14,2,13,3,4,22",0.485,0.49,0.48625,0.49162011173184356,0.88,0.6308243727598566,0.485,1.1194357872009277
"17,17,0,1,16,16,21,2,16,9,8,18,13,19,6",0.47,0.535,0.48624999999999996,0.42857142857142855,0.18,0.2535211267605634,0.47,1.8002827167510986
"13,3,11,7,5,18,8,2,19,17,6,8,9,15,15",0.48,0.5,0.48500000000000004,0.48947368421052634,0.93,0.6413793103448275,0.48000000000000004,1.7164409160614014
"8,9,3,13,10,22,16,14,4,6,14,23,1,3,3",0.49,0.47,0.485,0.46875,0.15,0.22727272727272727,0.49,1.202272653579712
"18,8,1,12,21,4,5,7,19,8,4,1,6,3,3",0.49,0.465,0.48375,0.49375,0.79,0.6076923076923076,0.49,1.3424668312072754
"4,16,5,15,9,8,0,13,14,4,2,9,2,19,4",0.495,0.45,0.48374999999999996,0.49056603773584906,0.26,0.33986928104575165,0.495,1.1374611854553223
"12,7,16,14,6,7,7,12,11,11,8,3,3,1,12",0.475,0.51,0.48374999999999996,0.4647887323943662,0.33,0.38596491228070173,0.475,1.142996072769165
"5,4,5,2,0,21,9,13,12,7,17,21,6,1,4",0.485,0.475,0.48250000000000004,0.49206349206349204,0.93,0.643598615916955,0.48500000000000004,1.408987045288086
"8,4,6,5,13,8,17,17,9,6,8,7,20,2,1",0.49,0.46,0.4825,0.47368421052631576,0.18,0.2608695652173913,0.49,1.1169145107269287
"7,4,17,12,10,3,22,8,22,7,0,8,14,1,1",0.47,0.51,0.48,0.4810126582278481,0.76,0.5891472868217055,0.47,1.0749719142913818
"19,8,5,8,15,14,14,4,6,14,11,16,4,23,5",0.49,0.445,0.47875,0.49382716049382713,0.8,0.6106870229007634,0.49,1.3233485221862793
"8,14,4,7,19,10,18,0,14,1,4,2,5,0,1",0.49,0.445,0.47875,0.46153846153846156,0.12,0.19047619047619047,0.49,1.0571067333221436
"10,12,5,22,1,7,9,23,4,8,3,14,15,4,9",0.48,0.475,0.47875,0.48823529411764705,0.83,0.6148148148148148,0.48,1.1235723495483398
"21,8,12,10,22,17,12,16,15,8,8,2,5,1,19",0.475,0.49,0.47874999999999995,0.0,0.0,0.0,0.475,1.1510963439941406
"3,6,22,15,2,1,12,1,5,13,6,16,10,6,11",0.475,0.485,0.4774999999999999,0.4796747967479675,0.59,0.5291479820627802,0.475,1.1799383163452148
"16,4,2,2,20,8,5,6,0,16,15,12,3,10,19",0.47,0.495,0.47625000000000006,0.4482758620689655,0.26,0.3291139240506329,0.47000000000000003,1.111544132232666
"17,3,6,22,15,2,1,12,1,5,13,6,16,10,6",0.455,0.54,0.47625,0.4628099173553719,0.56,0.5067873303167421,0.455,1.4059035778045654
"13,3,3,21,10,8,16,3,17,9,3,2,22,8,20",0.475,0.48,0.47625,0.4576271186440678,0.27,0.33962264150943394,0.47500000000000003,1.2000901699066162
"22,11,18,8,23,6,2,6,6,3,1,12,7,10,9",0.47,0.495,0.47624999999999995,0.46875,0.45,0.45918367346938777,0.47,1.0629560947418213
"8,23,2,13,7,3,4,4,21,5,16,5,10,5,8",0.48,0.465,0.47624999999999995,0.4868421052631579,0.74,0.5873015873015873,0.48,1.0789659023284912
"4,1,9,13,16,1,18,11,17,5,6,4,22,8,14",0.48,0.46,0.47500000000000003,0.4878048780487805,0.8,0.6060606060606061,0.48000000000000004,1.3210680484771729
"5,13,12,7,13,15,6,9,17,6,15,0,14,23,15",0.47,0.49,0.475,0.4594594594594595,0.34,0.39080459770114945,0.47,1.2129807472229004
"12,13,12,5,3,6,10,6,1,22,16,15,8,1,4",0.47,0.49,0.475,0.4827586206896552,0.84,0.6131386861313869,0.47,1.0347576141357422
"7,5,0,8,6,5,12,22,16,4,12,1,8,12,14",0.49,0.425,0.47375000000000006,0.4722222222222222,0.17,0.25,0.49000000000000005,1.0871977806091309
"13,15,0,11,1,14,3,8,1,6,23,8,3,14,16",0.47,0.485,0.47375000000000006,0.48404255319148937,0.91,0.6319444444444444,0.47000000000000003,1.0963056087493896
"5,14,23,7,21,12,14,4,3,8,7,9,5,17,21",0.465,0.5,0.47375,0.48148148148148145,0.91,0.629757785467128,0.465,1.1900005340576172
"7,13,23,2,6,14,9,8,4,3,2,11,12,12,15",0.485,0.44,0.47375,0.44,0.11,0.176,0.485,1.09584641456604
"7,13,12,12,17,0,18,16,14,21,5,13,1,10,22",0.48,0.455,0.47375,0.4830508474576271,0.57,0.5229357798165137,0.48,1.4721667766571045
"14,19,8,10,1,7,7,11,15,8,5,1,13,19,2",0.495,0.41,0.47374999999999995,0.49557522123893805,0.56,0.5258215962441315,0.495,1.2748727798461914
"15,9,6,4,0,19,8,6,1,18,19,19,4,18,2",0.465,0.495,0.47250000000000003,0.37037037037037035,0.1,0.15748031496062992,0.46499999999999997,5.93234395980835
"12,11,18,1,10,5,4,4,2,8,8,16,11,6,10",0.49,0.42,0.4725,0.4891304347826087,0.45,0.46875,0.49,1.1416265964508057
"7,2,0,14,15,20,15,16,2,1,16,13,3,10,21",0.475,0.465,0.4724999999999999,0.47706422018348627,0.52,0.49760765550239233,0.475,1.1351828575134277
"23,8,23,9,13,15,8,9,3,13,10,22,16,14,4",0.455,0.525,0.4724999999999999,0.45161290322580644,0.42,0.43523316062176165,0.45499999999999996,1.1734883785247803
"13,1,2,16,18,3,12,4,0,9,2,6,6,19,6",0.47,0.475,0.47125000000000006,0.4634146341463415,0.38,0.4175824175824176,0.47000000000000003,1.2305529117584229
"10,8,19,4,7,11,0,18,1,18,19,5,15,19,15",0.45,0.535,0.47125000000000006,0.463768115942029,0.64,0.5378151260504201,0.45,3.48185396194458
"7,21,5,17,0,18,2,14,5,6,16,13,21,8,12",0.46,0.505,0.47125000000000006,0.4714285714285714,0.66,0.55,0.46,1.3724277019500732
"0,2,18,16,8,6,7,21,5,17,0,18,2,14,5",0.46,0.505,0.47124999999999995,0.47435897435897434,0.74,0.578125,0.45999999999999996,1.6058845520019531
"9,22,11,6,1,3,2,3,9,3,19,9,7,20,9",0.46,0.505,0.47124999999999995,0.4777777777777778,0.86,0.6142857142857143,0.45999999999999996,1.0718047618865967
"13,14,3,21,10,1,11,3,13,9,14,2,22,8,0",0.475,0.46,0.47124999999999995,0.48120300751879697,0.64,0.5493562231759657,0.475,1.095649003982544
"4,5,7,9,14,8,7,9,9,8,2,14,12,16,14",0.475,0.455,0.47000000000000003,0.48466257668711654,0.79,0.6007604562737643,0.47500000000000003,1.1519651412963867
"8,6,5,12,22,16,4,12,1,8,12,14,0,23,2",0.47,0.47,0.47,0.375,0.09,0.14516129032258066,0.47,1.1066007614135742
"9,20,17,18,17,12,14,13,0,12,20,4,13,23,6",0.47,0.46,0.4675,0.4745762711864407,0.56,0.5137614678899083,0.47000000000000003,1.6827898025512695
"8,15,14,14,4,6,14,11,16,4,23,5,13,0,3",0.47,0.46,0.46749999999999997,0.47619047619047616,0.6,0.5309734513274337,0.47,1.0842406749725342
"5,9,4,5,15,3,12,13,12,5,3,6,10,6,1",0.46,0.485,0.46625000000000005,0.39473684210526316,0.15,0.21739130434782608,0.46,0.9952719211578369
"14,21,14,11,19,8,9,12,19,3,19,6,13,8,16",0.485,0.405,0.465,0.4915254237288136,0.87,0.628158844765343,0.485,3.7342069149017334
"1,7,15,10,16,5,23,6,11,10,20,6,12,4,23",0.46,0.48,0.465,0.38235294117647056,0.13,0.19402985074626866,0.46,1.1175405979156494
"3,9,3,19,9,7,20,9,0,3,9,15,5,1,22",0.46,0.48,0.46499999999999997,0.34615384615384615,0.09,0.14285714285714285,0.45999999999999996,1.0686137676239014
"10,7,9,8,3,12,15,18,17,12,9,22,1,9,16",0.45,0.505,0.46375,0.4666666666666667,0.7,0.56,0.44999999999999996,1.5269970893859863
"12,7,14,8,20,10,19,10,15,19,1,6,2,2,3",0.455,0.485,0.4625,0.4608695652173913,0.53,0.4930232558139535,0.455,1.805464267730713
"12,13,8,2,11,8,11,4,10,8,3,7,6,10,21",0.44,0.525,0.46125000000000005,0.44,0.44,0.44,0.44,1.1006214618682861
"12,5,18,8,13,3,11,7,5,18,8,2,19,17,6",0.45,0.495,0.46125000000000005,0.25,0.05,0.08333333333333333,0.45,1.6785926818847656
"12,8,3,10,8,7,11,9,16,13,2,19,7,2,1",0.47,0.435,0.46125,0.47540983606557374,0.58,0.5225225225225225,0.47,1.1652393341064453
"8,14,7,3,1,13,8,16,15,22,4,10,15,14,19",0.465,0.45,0.46125,0.4690265486725664,0.53,0.49765258215962443,0.465,1.177177906036377
"5,10,19,1,14,6,12,7,23,8,11,2,4,5,16",0.47,0.43,0.46,0.4642857142857143,0.39,0.42391304347826086,0.47000000000000003,1.217970371246338
"13,10,17,10,10,11,1,14,11,17,21,8,6,2,16",0.47,0.43,0.45999999999999996,0.4794520547945205,0.7,0.5691056910569106,0.47,1.1224908828735352
"3,22,13,10,14,17,18,19,0,13,18,12,1,7,15",0.46,0.455,0.45875000000000005,0.375,0.12,0.18181818181818182,0.46,2.7250635623931885
"4,4,21,5,16,5,10,5,8,18,0,12,12,12,16",0.415,0.59,0.45875,0.4472049689440994,0.72,0.5517241379310345,0.415,1.4022188186645508
"8,3,10,8,7,11,9,16,13,2,19,7,2,1,2",0.455,0.47,0.45875,0.46017699115044247,0.52,0.48826291079812206,0.455,1.1858489513397217
"2,4,15,6,3,20,9,22,16,14,11,4,12,18,9",0.465,0.44,0.45875,0.47928994082840237,0.81,0.6022304832713755,0.465,1.1618165969848633
"10,15,1,5,11,10,10,4,16,9,11,3,5,10,19",0.45,0.485,0.45875,0.42424242424242425,0.28,0.3373493975903614,0.45,1.1156175136566162
"8,6,7,21,5,17,0,18,2,14,5,6,16,13,21",0.46,0.45,0.4575,0.45,0.36,0.4,0.46,1.469808578491211
"4,18,5,4,16,18,17,1,8,5,13,15,0,11,1",0.44,0.505,0.45625000000000004,0.4583333333333333,0.66,0.5409836065573771,0.44,1.8082828521728516
"8,9,15,15,17,20,10,11,13,17,4,23,15,9,8",0.455,0.46,0.45625,0.47368421052631576,0.81,0.5977859778597786,0.455,1.517674207687378
"4,3,7,4,9,17,3,5,1,18,13,1,8,23,11",0.46,0.445,0.45625,0.4772727272727273,0.84,0.6086956521739131,0.45999999999999996,1.407862901687622
"9,4,8,2,14,19,11,6,13,8,14,8,14,12,0",0.465,0.43,0.45625,0.4779874213836478,0.76,0.5868725868725869,0.465,1.138381004333496
"5,13,22,1,13,8,4,13,21,1,7,22,4,15,20",0.465,0.425,0.455,0.4700854700854701,0.55,0.5069124423963134,0.465,1.125749111175537
"7,8,20,14,0,6,2,0,4,9,10,20,3,9,0",0.445,0.485,0.45499999999999996,0.46258503401360546,0.68,0.5506072874493927,0.445,1.0417883396148682
"17,11,13,9,1,21,1,12,17,22,10,11,8,11,13",0.44,0.495,0.45375,0.45588235294117646,0.62,0.5254237288135594,0.44,1.1735661029815674
"8,4,8,23,2,13,7,3,4,4,21,5,16,5,10",0.455,0.45,0.45374999999999993,0.45714285714285713,0.48,0.4682926829268293,0.45499999999999996,1.0324256420135498
"8,9,0,2,15,19,7,18,16,18,10,2,3,12,2",0.45,0.46,0.4525,0.45535714285714285,0.51,0.4811320754716981,0.45,1.5255918502807617
"10,0,13,0,2,1,4,4,15,2,1,1,13,10,7",0.445,0.475,0.4525,0.46258503401360546,0.68,0.5506072874493927,0.445,1.0716168880462646
"15,18,17,11,13,9,1,21,1,12,17,22,10,11,8",0.455,0.445,0.45249999999999996,0.45871559633027525,0.5,0.4784688995215311,0.45499999999999996,1.4959383010864258
"16,0,0,3,11,10,8,13,4,16,14,4,6,17,20",0.46,0.425,0.45125000000000004,0.4375,0.28,0.34146341463414637,0.46,1.1253833770751953
"12,5,13,22,1,13,8,4,13,21,1,7,22,4,15",0.445,0.47,0.45125,0.43373493975903615,0.36,0.39344262295081966,0.445,1.0822253227233887
"21,8,8,3,4,9,14,1,16,11,13,0,13,23,5",0.445,0.47,0.45125,0.4702702702702703,0.87,0.6105263157894737,0.445,1.1862292289733887
"23,7,19,13,1,7,15,10,16,5,23,6,11,10,20",0.44,0.48,0.45,0.45588235294117646,0.62,0.5254237288135594,0.44,1.2745027542114258
"14,3,8,1,6,23,8,3,14,16,1,13,14,0,10",0.455,0.435,0.45,0.36363636363636365,0.12,0.18045112781954886,0.455,1.1035258769989014
"15,0,11,1,14,3,8,1,6,23,8,3,14,16,1",0.45,0.45,0.44999999999999996,0.4305555555555556,0.31,0.36046511627906974,0.44999999999999996,1.0892360210418701
"4,21,13,10,8,1,18,11,0,4,16,13,20,6,4",0.46,0.42,0.44999999999999996,0.4696969696969697,0.62,0.5344827586206896,0.45999999999999996,1.1310369968414307
"12,14,19,14,11,7,4,15,4,23,8,19,8,8,18",0.45,0.445,0.44875,0.3076923076923077,0.08,0.12698412698412698,0.44999999999999996,1.154310703277588
"11,1,16,6,18,18,17,5,15,11,12,12,7,20,4",0.45,0.445,0.44875,0.4626865671641791,0.62,0.5299145299145299,0.45,2.0805249214172363
"22,5,9,1,11,9,19,12,4,11,4,22,0,14,20",0.455,0.425,0.4475,0.46153846153846156,0.54,0.4976958525345622,0.455,1.064645767211914
"10,1,7,7,11,15,8,5,1,13,19,2,7,2,0",0.45,0.43,0.44500000000000006,0.45535714285714285,0.51,0.4811320754716981,0.45,1.3168461322784424
"8,15,3,10,7,4,14,18,4,1,8,19,2,0,11",0.445,0.44,0.44375,0.4662576687116564,0.76,0.5779467680608364,0.445,1.2631399631500244
"10,21,15,20,3,10,9,3,7,7,21,12,3,10,23",0.435,0.46,0.44125000000000003,0.37254901960784315,0.19,0.25165562913907286,0.43500000000000005,1.1175622940063477
"10,9,3,7,7,21,12,3,10,23,16,12,21,8,13",0.45,0.41,0.43999999999999995,0.4666666666666667,0.7,0.56,0.44999999999999996,1.106795310974121
"20,7,9,1,12,14,20,16,15,11,14,16,7,15,1",0.44,0.435,0.43875000000000003,0.44545454545454544,0.49,0.4666666666666667,0.44,1.1739273071289062
"0,13,0,9,7,19,10,16,22,13,18,16,6,17,21",0.435,0.445,0.43750000000000006,0.41975308641975306,0.34,0.3756906077348066,0.43500000000000005,1.3747572898864746
"13,8,13,9,1,6,13,1,14,8,10,8,4,22,9",0.43,0.46,0.4375,0.4375,0.49,0.46226415094339623,0.43,1.1050324440002441
"2,17,5,7,1,19,5,13,16,7,11,11,22,15,20",0.435,0.445,0.4375,0.4029850746268656,0.27,0.3233532934131736,0.435,1.18666410446167
"12,4,1,3,5,1,18,8,6,0,13,10,16,1,1",0.435,0.44,0.43625,0.37735849056603776,0.2,0.26143790849673204,0.43500000000000005,1.0444707870483398
"9,10,5,7,2,22,3,3,12,15,18,8,13,10,2",0.44,0.41,0.4325,0.43333333333333335,0.39,0.4105263157894737,0.44,1.1767807006835938
"14,1,4,2,5,0,1,10,20,8,5,17,12,3,14",0.435,0.42,0.43125,0.44144144144144143,0.49,0.46445497630331756,0.435,1.1037418842315674
"17,1,7,1,16,1,10,16,13,3,16,7,8,5,8",0.435,0.42,0.43125,0.42168674698795183,0.35,0.3825136612021858,0.435,1.332103967666626
"16,6,17,21,12,20,11,8,5,1,15,12,18,15,11",0.43,0.435,0.4312499999999999,0.4453125,0.57,0.5,0.42999999999999994,1.288414716720581
"9,4,10,14,20,7,13,2,4,1,22,9,6,6,13",0.42,0.455,0.4287500000000001,0.4322033898305085,0.51,0.46788990825688076,0.42000000000000004,1.0411219596862793
"11,0,4,21,13,10,8,1,18,11,0,4,16,13,20",0.415,0.47,0.42875,0.4297520661157025,0.52,0.47058823529411764,0.41500000000000004,1.0369751453399658
"4,13,21,1,7,22,4,15,20,7,4,15,22,11,7",0.435,0.4,0.42625,0.40298507462686567,0.27,0.32335329341317365,0.435,1.2275421619415283
"6,4,0,19,8,6,1,18,19,19,4,18,2,16,4",0.435,0.4,0.42625,0.42857142857142855,0.39,0.4083769633507853,0.435,6.360501766204834
"17,0,1,16,16,21,2,16,9,8,18,13,19,6,1",0.425,0.425,0.425,0.45098039215686275,0.69,0.5454545454545454,0.425,1.7570462226867676
"8,10,10,8,10,22,0,14,3,22,15,20,10,18,18",0.42,0.435,0.42375000000000007,0.43333333333333335,0.52,0.4727272727272727,0.42000000000000004,1.612349510192871
"17,10,10,11,1,14,11,17,21,8,6,2,16,3,6",0.42,0.435,0.42375,0.38235294117647056,0.26,0.30952380952380953,0.42,1.170253038406372
"14,10,14,18,5,9,10,7,9,8,3,12,15,18,17",0.425,0.42,0.42374999999999996,0.38095238095238093,0.24,0.294478527607362,0.425,1.4115269184112549
"11,18,8,23,6,2,6,6,3,1,12,7,10,9,21",0.41,0.455,0.42125,0.41,0.41,0.41,0.41,1.0732057094573975
"21,14,16,0,3,1,10,13,12,8,21,2,5,13,1",0.435,0.38,0.4212499999999999,0.4496124031007752,0.58,0.5065502183406113,0.43499999999999994,1.3360178470611572
"8,18,9,2,19,12,19,9,1,4,17,10,17,19,0",0.415,0.435,0.42,0.41414141414141414,0.41,0.4120603015075377,0.415,1.77008056640625
"19,11,0,4,21,13,10,8,1,18,11,0,4,16,13",0.41,0.44,0.4175,0.25,0.09,0.1323529411764706,0.41,1.2570390701293945
"0,14,10,18,13,18,15,3,3,11,9,8,2,18,19",0.42,0.4,0.41500000000000004,0.41304347826086957,0.38,0.3958333333333333,0.42000000000000004,2.41190767288208
"0,6,2,0,4,9,10,20,3,9,0,4,6,14,14",0.405,0.445,0.41500000000000004,0.4095238095238095,0.43,0.4195121951219512,0.405,1.0212762355804443
"13,0,2,1,4,4,15,2,1,1,13,10,7,1,23",0.415,0.415,0.415,0.42342342342342343,0.47,0.44549763033175355,0.415,1.0706274509429932
"5,19,1,6,7,6,12,1,14,14,22,9,2,13,8",0.41,0.43,0.415,0.4166666666666667,0.45,0.4326923076923077,0.41000000000000003,1.495549201965332
"4,6,5,13,8,17,17,9,6,8,7,20,2,1,9",0.415,0.41,0.41374999999999995,0.36507936507936506,0.23,0.2822085889570552,0.415,1.1806817054748535
"12,5,15,11,20,9,17,9,0,0,22,10,21,15,20",0.42,0.39,0.4125,0.43846153846153846,0.57,0.4956521739130435,0.42,1.0994551181793213
"16,11,15,19,10,4,2,22,5,9,1,11,9,19,12",0.41,0.42,0.4125,0.4117647058823529,0.42,0.4158415841584158,0.41000000000000003,1.2269563674926758
"14,1,1,14,19,8,10,1,7,7,11,15,8,5,1",0.385,0.485,0.41000000000000003,0.3614457831325301,0.3,0.32786885245901637,0.385,1.3266191482543945
"13,19,2,7,2,0,14,15,20,15,16,2,1,16,13",0.395,0.42,0.40125,0.39805825242718446,0.41,0.4039408866995074,0.395,1.4596328735351562
"19,14,11,7,4,15,4,23,8,19,8,8,18,9,2",0.41,0.37,0.4,0.42857142857142855,0.54,0.4778761061946903,0.41000000000000003,1.422652244567871
"11,1,14,11,17,21,8,6,2,16,3,6,12,10,20",0.37,0.49,0.39999999999999997,0.34523809523809523,0.29,0.31521739130434784,0.37,1.0703697204589844
"12,12,22,15,8,13,11,23,12,7,9,10,3,3,16",0.395,0.41,0.39875000000000005,0.4304635761589404,0.65,0.5179282868525896,0.395,1.2072126865386963
"12,19,16,4,16,18,8,14,21,2,9,14,8,11,19",0.41,0.355,0.39625,0.4415584415584415,0.68,0.5354330708661418,0.41,1.5938472747802734
"2,1,5,0,23,15,16,0,8,13,15,13,7,4,17",0.395,0.4,0.39625,0.3333333333333333,0.21,0.25766871165644173,0.39499999999999996,1.430281162261963
"6,5,13,2,3,17,7,4,8,14,7,3,1,13,8",0.39,0.41,0.395,0.39215686274509803,0.4,0.39603960396039606,0.39,1.1223418712615967
"12,1,11,23,13,23,7,19,13,1,7,15,10,16,5",0.39,0.39,0.39,0.37777777777777777,0.34,0.35789473684210527,0.39,1.1446287631988525
"0,16,5,22,4,17,17,15,17,12,14,7,19,10,11",0.445,0.21,0.38625,0.4,0.22,0.2838709677419355,0.445,1.3795568943023682
"12,6,11,17,13,8,7,3,22,15,13,11,16,0,9",0.395,0.35,0.38375000000000004,0.416,0.52,0.4622222222222222,0.395,1.173048973083496
"13,3,3,21,10,8,11,13,23,9,14,2,22,8,0",0.38,0.39,0.38250000000000006,0.3723404255319149,0.35,0.36082474226804123,0.38,1.210144281387329
"16,11,7,4,13,18,3,16,5,14,23,7,21,12,14",0.395,0.32,0.37625000000000003,0.39805825242718446,0.41,0.4039408866995074,0.395,1.3674273490905762
"19,8,6,1,18,19,19,4,18,2,16,4,5,7,9",0.375,0.375,0.375,0.3893805309734513,0.44,0.4131455399061033,0.375,6.328146457672119
"13,12,7,13,15,6,9,17,6,15,0,14,23,15,17",0.355,0.425,0.3725,0.3669724770642202,0.4,0.3827751196172249,0.355,1.1680793762207031
"15,23,7,0,21,1,0,11,10,4,22,10,20,7,10",0.39,0.31,0.37,0.42142857142857143,0.59,0.49166666666666664,0.39,1.19181489944458
"18,8,2,19,17,6,8,9,15,15,17,20,10,11,13",0.35,0.415,0.36624999999999996,0.3076923076923077,0.24,0.2696629213483146,0.35,1.822080373764038
"6,9,23,13,23,15,0,7,19,8,5,8,15,14,14",0.365,0.365,0.365,0.37142857142857144,0.39,0.3804878048780488,0.365,1.1465935707092285
"9,2,7,0,14,19,8,10,21,11,2,20,3,8,10",0.36,0.365,0.36125,0.35714285714285715,0.35,0.35353535353535354,0.36,1.156491994857788
"16,14,3,12,10,15,11,3,13,9,14,9,22,8,20",0.36,0.365,0.36125,0.325,0.26,0.28888888888888886,0.36,1.2232115268707275
"15,13,9,12,7,7,7,5,22,12,0,0,13,7,11",0.395,0.255,0.36,0.42657342657342656,0.61,0.5020576131687243,0.395,1.2717297077178955
"5,9,10,7,9,8,3,12,15,18,17,12,9,22,1",0.355,0.37,0.35875,0.3253012048192771,0.27,0.29508196721311475,0.355,1.4784119129180908
"15,12,3,10,19,15,0,13,0,9,7,19,10,16,22",0.37,0.31,0.355,0.38392857142857145,0.43,0.4056603773584906,0.37,1.1830782890319824
"17,13,7,11,9,3,0,15,3,0,18,9,18,11,8",0.365,0.315,0.3525,0.392,0.49,0.43555555555555553,0.365,1.2030987739562988
"13,21,1,7,22,4,15,20,7,4,15,22,11,7,13",0.345,0.37,0.35124999999999995,0.3368421052631579,0.32,0.3282051282051282,0.345,1.1481428146362305
"16,5,9,1,2,8,1,21,7,17,7,9,10,13,3",0.345,0.365,0.35000000000000003,0.25396825396825395,0.16,0.19631901840490798,0.34500000000000003,1.1097519397735596
"18,9,16,19,18,17,4,10,19,0,6,0,7,17,13",0.39,0.23,0.35,0.41911764705882354,0.57,0.4830508474576271,0.38999999999999996,3.15364933013916
"18,6,12,6,11,17,17,8,6,3,22,15,13,11,16",0.37,0.285,0.34875,0.3645833333333333,0.35,0.35714285714285715,0.37,1.3876492977142334
"5,22,4,17,17,15,6,12,14,7,19,10,11,11,11",0.365,0.3,0.34875,0.2711864406779661,0.16,0.20125786163522014,0.365,1.3464105129241943
"3,16,5,14,23,7,21,12,14,4,3,8,7,9,5",0.34,0.35,0.3425,0.3048780487804878,0.25,0.27472527472527475,0.33999999999999997,1.2335841655731201
"19,5,0,11,10,15,9,6,4,0,19,8,6,1,18",0.32,0.395,0.33875,0.2692307692307692,0.21,0.23595505617977527,0.32,1.3410398960113525
"10,14,13,21,14,13,13,14,5,23,7,7,3,9,23",0.35,0.3,0.33749999999999997,0.3790322580645161,0.47,0.41964285714285715,0.35,1.252471923828125
"13,21,14,13,13,14,5,23,7,7,3,9,23,16,16",0.345,0.315,0.33749999999999997,0.3465346534653465,0.35,0.3482587064676617,0.345,1.195997953414917
"3,4,18,14,4,0,18,17,1,8,5,13,15,0,2",0.32,0.375,0.33375,0.3,0.27,0.28421052631578947,0.32,1.5506577491760254
"0,6,19,15,7,14,12,13,14,19,7,4,6,10,21",0.38,0.175,0.32875000000000004,0.32857142857142857,0.23,0.27058823529411763,0.38,1.497002124786377
"0,16,5,22,4,17,17,15,15,12,14,7,19,10,11",0.415,0.065,0.3275,0.42201834862385323,0.46,0.44019138755980863,0.41500000000000004,1.3897099494934082
"6,0,16,15,12,3,10,19,15,0,13,0,9,7,19",0.33,0.32,0.32749999999999996,0.3191489361702128,0.3,0.30927835051546393,0.32999999999999996,1.3160114288330078
"14,13,13,14,5,23,7,7,3,9,23,16,16,17,0",0.34,0.275,0.32375,0.28378378378378377,0.21,0.2413793103448276,0.33999999999999997,1.2352313995361328
"15,21,15,13,9,17,6,19,10,6,8,22,12,21,8",0.35,0.22,0.31749999999999995,0.35294117647058826,0.36,0.3564356435643564,0.35,1.7782683372497559
"17,4,17,11,13,15,13,17,19,8,23,11,16,18,3",0.355,0.19,0.31375,0.3333333333333333,0.29,0.31016042780748665,0.355,2.0056543350219727
"18,17,4,10,19,0,6,0,7,17,13,10,9,5,8",0.375,0.125,0.3125,0.41379310344827586,0.6,0.4897959183673469,0.375,1.4215457439422607
"16,23,12,6,11,17,13,8,7,3,22,17,13,11,16",0.335,0.18,0.29624999999999996,0.358974358974359,0.42,0.3870967741935484,0.33499999999999996,1.163398027420044
"0,16,5,22,4,17,3,15,17,12,6,7,19,10,11",0.345,0.115,0.2875,0.36283185840707965,0.41,0.38497652582159625,0.345,1.3036160469055176
"17,18,5,6,9,23,13,23,15,0,7,19,8,5,8",0.34,0.065,0.27125,0.3181818181818182,0.28,0.2978723404255319,0.34,1.3541321754455566
