encoding,test accuracy,training accuracy,combined accuracy,test precision,test recall,test fscore,test auc,training time
"0,16,5,22,4,17,17,15,4,12,14,7,19,10,11",0.695,0.955,0.76,0.7671232876712328,0.56,0.6473988439306358,0.6950000000000001,1.3208715915679932
"0,16,5,22,4,17,17,15,6,12,14,7,19,10,11",0.69,0.955,0.75625,0.7567567567567568,0.56,0.6436781609195402,0.69,1.4138059616088867
"19,17,4,17,11,13,15,13,17,19,8,23,11,16,18",0.72,0.85,0.7525000000000001,0.7340425531914894,0.69,0.711340206185567,0.72,3.023965358734131
"18,6,19,18,11,16,2,21,12,5,22,13,18,9,10",0.695,0.91,0.74875,0.7010309278350515,0.68,0.6903553299492385,0.6950000000000001,3.723557949066162
"19,16,5,16,4,12,17,15,4,12,14,5,19,10,7",0.665,0.975,0.7425,0.6363636363636364,0.77,0.6968325791855203,0.665,1.7748010158538818
"18,6,19,18,11,16,2,21,12,5,22,15,19,9,10",0.685,0.905,0.74,0.6637168141592921,0.75,0.704225352112676,0.685,3.895214796066284
"16,12,18,18,6,5,7,0,12,3,11,13,15,11,10",0.68,0.91,0.7375,0.6451612903225806,0.8,0.7142857142857143,0.68,1.6665754318237305
"0,16,5,18,4,10,17,15,4,12,14,18,19,10,10",0.67,0.935,0.7362500000000001,0.639344262295082,0.78,0.7027027027027027,0.67,2.5513219833374023
"18,6,19,18,11,16,2,15,12,5,22,15,19,9,10",0.685,0.89,0.7362500000000001,0.6666666666666666,0.74,0.7014218009478673,0.685,4.003095626831055
"15,9,11,8,19,13,3,11,13,18,14,15,10,13,12",0.725,0.77,0.73625,0.7419354838709677,0.69,0.7150259067357513,0.725,1.1748816967010498
"18,6,19,18,11,16,2,12,12,5,22,15,18,9,10",0.685,0.875,0.7325,0.6554621848739496,0.78,0.7123287671232876,0.685,3.716082811355591
"0,16,5,21,4,2,17,15,4,12,14,7,19,10,10",0.695,0.84,0.73125,0.6893203883495146,0.71,0.6995073891625616,0.6950000000000001,1.7970693111419678
"0,16,5,21,4,2,15,15,17,12,14,7,19,10,10",0.7,0.825,0.73125,0.7439024390243902,0.61,0.6703296703296703,0.7,1.39182448387146
"18,6,19,18,11,16,2,21,12,5,22,15,18,9,10",0.675,0.895,0.7300000000000001,0.6548672566371682,0.74,0.6948356807511737,0.675,3.7390334606170654
"0,16,5,16,4,12,17,15,6,12,14,7,19,10,7",0.66,0.935,0.72875,0.6777777777777778,0.61,0.6421052631578947,0.6599999999999999,1.143232822418213
"18,6,19,18,11,16,7,21,12,5,11,15,18,9,10",0.66,0.93,0.7274999999999999,0.6481481481481481,0.7,0.6730769230769231,0.6599999999999999,3.6870219707489014
"16,12,18,18,6,5,7,21,12,3,11,13,18,11,10",0.695,0.82,0.7262500000000001,0.696969696969697,0.69,0.6934673366834171,0.695,1.6503334045410156
"0,16,5,16,4,12,17,15,4,12,14,11,19,10,7",0.66,0.925,0.72625,0.6777777777777778,0.61,0.6421052631578947,0.6599999999999999,1.291933536529541
"18,6,19,18,11,16,2,15,12,5,22,15,14,9,10",0.665,0.905,0.7250000000000001,0.6410256410256411,0.75,0.6912442396313364,0.665,3.705990791320801
"0,16,19,18,11,16,2,21,12,5,22,13,18,9,10",0.7,0.8,0.7249999999999999,0.7083333333333334,0.68,0.6938775510204082,0.7,2.6939468383789062
"15,9,11,8,19,13,3,11,5,18,14,15,10,13,12",0.715,0.745,0.7225,0.7263157894736842,0.69,0.7076923076923077,0.715,1.1405136585235596
"5,16,5,16,4,12,17,15,4,12,14,7,19,10,7",0.645,0.955,0.7225,0.6593406593406593,0.6,0.6282722513089005,0.645,1.1397473812103271
"19,16,5,18,4,10,17,15,4,12,14,18,19,10,10",0.635,0.985,0.7225,0.608,0.76,0.6755555555555556,0.635,3.157153844833374
"18,16,5,16,4,12,17,15,4,12,14,7,19,10,7",0.64,0.97,0.7224999999999999,0.6428571428571429,0.63,0.6363636363636364,0.64,1.355323076248169
"5,16,5,16,4,12,17,15,6,12,14,7,19,10,7",0.645,0.95,0.72125,0.6593406593406593,0.6,0.6282722513089005,0.645,1.2538316249847412
"0,18,2,14,5,6,16,13,21,8,12,10,22,17,12",0.705,0.765,0.7200000000000001,0.7303370786516854,0.65,0.6878306878306878,0.7050000000000001,1.2163763046264648
"0,16,5,16,4,12,17,15,4,12,14,11,19,10,10",0.645,0.945,0.72,0.6407766990291263,0.66,0.6502463054187192,0.645,1.2070717811584473
"18,16,5,18,4,16,17,15,4,12,14,7,19,10,10",0.63,0.985,0.71875,0.6083333333333333,0.73,0.6636363636363637,0.63,1.7545974254608154
"6,4,19,18,11,15,2,21,12,5,22,17,18,9,10",0.685,0.82,0.71875,0.6728971962616822,0.72,0.6956521739130435,0.685,2.8358235359191895
"14,2,16,18,17,10,2,12,19,16,22,13,10,14,10",0.715,0.725,0.7175,0.7087378640776699,0.73,0.7192118226600985,0.715,1.8111755847930908
"4,17,17,15,6,12,14,7,19,10,11,11,11,22,0",0.655,0.905,0.7175,0.6099290780141844,0.86,0.7136929460580913,0.655,1.4029295444488525
"0,16,5,22,4,17,17,15,4,12,9,7,19,10,11",0.63,0.975,0.71625,0.6181818181818182,0.68,0.6476190476190476,0.63,1.5125083923339844
"0,16,16,18,17,10,2,12,12,16,22,11,10,14,10",0.695,0.78,0.71625,0.693069306930693,0.7,0.6965174129353234,0.695,1.6174194812774658
"17,10,12,11,11,17,22,16,12,18,18,6,5,7,0",0.64,0.935,0.71375,0.6296296296296297,0.68,0.6538461538461539,0.64,1.7723441123962402
"0,16,16,18,17,10,2,12,12,16,18,11,16,14,10",0.69,0.785,0.7137499999999999,0.6938775510204082,0.68,0.6868686868686869,0.69,1.7528867721557617
"6,4,19,18,11,15,3,21,13,5,5,17,18,9,10",0.67,0.84,0.7124999999999999,0.6808510638297872,0.64,0.6597938144329897,0.6699999999999999,2.8317461013793945
"19,16,15,5,23,12,13,14,10,2,16,5,10,15,11",0.685,0.79,0.71125,0.6831683168316832,0.69,0.6865671641791045,0.685,1.6763672828674316
"0,16,5,16,4,12,17,1,4,12,14,11,19,10,7",0.69,0.775,0.7112499999999999,0.6417910447761194,0.86,0.7350427350427351,0.69,1.1176583766937256
"15,9,11,8,19,13,3,11,13,5,14,15,10,13,12",0.695,0.76,0.7112499999999999,0.7052631578947368,0.67,0.6871794871794872,0.6950000000000001,1.1349682807922363
"18,6,19,18,11,16,9,15,12,5,22,15,19,9,10",0.64,0.92,0.71,0.6206896551724138,0.72,0.6666666666666666,0.64,3.8184192180633545
"0,5,17,18,6,18,9,14,9,15,17,9,17,18,10",0.63,0.95,0.71,0.63,0.63,0.63,0.63,2.3601553440093994
"0,16,16,22,6,2,17,15,12,4,22,13,11,10,10",0.675,0.81,0.7087500000000001,0.6842105263157895,0.65,0.6666666666666666,0.675,1.3720710277557373
"0,16,19,18,11,16,2,21,12,5,22,17,18,9,10",0.675,0.81,0.7087500000000001,0.6923076923076923,0.63,0.6596858638743456,0.675,2.8891663551330566
"0,16,16,21,6,2,2,15,12,4,22,13,19,17,10",0.675,0.81,0.7087500000000001,0.6881720430107527,0.64,0.6632124352331606,0.675,2.2348976135253906
"0,16,5,22,4,17,17,15,4,12,4,7,19,10,11",0.62,0.975,0.70875,0.6276595744680851,0.59,0.6082474226804123,0.62,1.4522762298583984
"6,4,19,18,11,16,2,21,12,5,22,17,18,9,10",0.665,0.84,0.70875,0.6774193548387096,0.63,0.6528497409326425,0.665,2.9535818099975586
"14,13,21,14,13,13,14,5,23,7,7,3,9,23,16",0.69,0.765,0.70875,0.6938775510204082,0.68,0.6868686868686869,0.69,1.2499914169311523
"0,16,16,18,17,10,2,12,19,16,22,13,10,14,10",0.685,0.78,0.70875,0.6868686868686869,0.68,0.6834170854271356,0.685,1.8796133995056152
"18,16,5,16,4,12,17,15,4,12,14,11,19,10,7",0.62,0.975,0.70875,0.6333333333333333,0.57,0.6,0.62,1.3128528594970703
"18,6,19,18,11,16,19,15,4,5,22,15,19,9,10",0.625,0.96,0.70875,0.6033057851239669,0.73,0.6606334841628959,0.625,4.27795147895813
"0,16,16,21,6,2,2,10,12,4,22,13,11,17,10",0.68,0.795,0.70875,0.65,0.78,0.7090909090909091,0.6799999999999999,1.4522855281829834
"0,16,16,18,17,10,2,12,12,16,18,11,10,14,10",0.685,0.775,0.7075,0.6868686868686869,0.68,0.6834170854271356,0.685,1.795516014099121
"6,4,19,18,11,15,17,21,10,5,5,17,18,9,10",0.655,0.865,0.7075,0.6448598130841121,0.69,0.6666666666666666,0.655,2.9154646396636963
"14,2,0,16,15,10,2,12,12,16,22,13,10,9,10",0.71,0.7,0.7075,0.7058823529411765,0.72,0.7128712871287128,0.71,1.2408807277679443
"14,2,16,18,17,10,2,12,12,16,22,13,10,14,10",0.705,0.715,0.7074999999999999,0.7070707070707071,0.7,0.7035175879396985,0.705,1.5567822456359863
"14,2,16,18,17,10,2,12,12,16,22,11,10,14,10",0.705,0.715,0.7074999999999999,0.7070707070707071,0.7,0.7035175879396985,0.705,1.5514566898345947
"4,17,19,18,11,16,2,21,12,5,22,11,18,9,10",0.68,0.785,0.70625,0.6698113207547169,0.71,0.6893203883495146,0.6799999999999999,2.949918508529663
"19,5,6,18,15,15,5,19,11,9,0,9,0,8,14",0.625,0.95,0.70625,0.5984251968503937,0.76,0.6696035242290749,0.625,2.7145276069641113
"0,16,5,22,4,17,17,15,4,12,8,7,19,10,11",0.625,0.95,0.70625,0.6404494382022472,0.57,0.6031746031746031,0.625,1.5061142444610596
"15,9,16,22,13,1,16,22,17,15,12,20,8,8,8",0.695,0.74,0.70625,0.696969696969697,0.69,0.6934673366834171,0.695,1.2941255569458008
"0,16,16,18,19,10,2,12,12,16,22,11,10,14,10",0.685,0.77,0.70625,0.6761904761904762,0.71,0.6926829268292682,0.685,2.5344409942626953
"19,12,12,15,11,13,18,15,11,6,17,10,12,11,11",0.65,0.875,0.70625,0.6829268292682927,0.56,0.6153846153846154,0.65,1.350670576095581
"14,2,19,18,11,16,2,21,12,5,22,13,18,9,2",0.7,0.725,0.7062499999999999,0.7222222222222222,0.65,0.6842105263157895,0.7,2.4165101051330566
"0,16,16,18,17,10,2,12,19,16,22,11,10,14,10",0.685,0.765,0.7050000000000001,0.6868686868686869,0.68,0.6834170854271356,0.685,1.8994598388671875
"18,6,12,6,11,17,13,8,7,3,22,15,13,11,16",0.655,0.85,0.7037500000000001,0.6504854368932039,0.67,0.6600985221674877,0.655,1.1630518436431885
"16,14,17,5,20,11,14,19,12,4,22,2,11,3,8",0.67,0.805,0.7037499999999999,0.6491228070175439,0.74,0.6915887850467289,0.6699999999999999,1.154339075088501
"0,16,16,18,17,10,2,12,12,16,18,11,16,6,10",0.675,0.785,0.7025000000000001,0.7058823529411765,0.6,0.6486486486486487,0.675,1.6658647060394287
"16,0,5,17,18,6,18,9,14,9,15,17,9,17,18",0.665,0.815,0.7025,0.6736842105263158,0.64,0.6564102564102564,0.665,2.3490426540374756
"14,2,16,18,19,10,2,12,12,16,22,11,10,14,10",0.695,0.725,0.7025,0.7142857142857143,0.65,0.680628272251309,0.6950000000000001,2.518186330795288
"19,16,15,5,23,12,2,13,12,2,22,5,10,15,10",0.69,0.74,0.7024999999999999,0.6862745098039216,0.7,0.693069306930693,0.69,1.6452786922454834
"18,6,19,18,11,16,2,11,12,5,22,15,10,9,10",0.665,0.81,0.70125,0.6240601503759399,0.83,0.7124463519313304,0.665,3.6787807941436768
"4,17,5,16,4,12,17,15,4,12,14,11,19,10,7",0.63,0.915,0.70125,0.7096774193548387,0.44,0.5432098765432098,0.63,1.343895435333252
"5,4,16,18,17,1,2,10,12,15,22,11,11,14,10",0.695,0.72,0.7012499999999999,0.6822429906542056,0.73,0.7053140096618358,0.6950000000000001,1.6899755001068115
"5,4,16,18,17,1,13,22,10,15,0,11,8,14,3",0.7,0.705,0.7012499999999999,0.6785714285714286,0.76,0.7169811320754716,0.7,1.5960197448730469
"0,16,0,16,15,2,2,10,12,4,22,13,11,9,10",0.68,0.765,0.7012499999999999,0.7093023255813954,0.61,0.6559139784946236,0.6799999999999999,1.0972099304199219
"14,2,16,18,17,10,17,12,4,16,22,13,10,14,10",0.69,0.735,0.7012499999999999,0.7111111111111111,0.64,0.6736842105263158,0.69,1.4732520580291748
"5,4,16,18,17,1,2,12,12,15,22,11,10,14,10",0.695,0.715,0.7,0.672566371681416,0.76,0.7136150234741784,0.6950000000000001,1.6046292781829834
"5,4,15,19,1,19,15,21,15,13,9,17,6,19,10",0.7,0.7,0.7,0.6639344262295082,0.81,0.7297297297297297,0.7,4.619287729263306
"0,16,5,16,4,16,17,21,6,5,14,7,18,10,7",0.62,0.94,0.7,0.6395348837209303,0.55,0.5913978494623656,0.62,1.5218701362609863
"0,16,19,18,11,16,2,15,12,5,22,13,19,9,10",0.67,0.79,0.7,0.6976744186046512,0.6,0.6451612903225806,0.6699999999999999,2.598039388656616
"15,9,11,8,19,13,3,15,6,18,14,15,10,13,12",0.69,0.73,0.7,0.7111111111111111,0.64,0.6736842105263158,0.69,1.2290899753570557
"15,9,11,8,19,13,3,15,4,18,14,15,10,13,12",0.69,0.73,0.7,0.7111111111111111,0.64,0.6736842105263158,0.69,1.3033483028411865
"4,17,17,15,6,23,14,7,19,10,11,11,11,22,0",0.635,0.89,0.69875,0.6285714285714286,0.66,0.6439024390243903,0.635,1.4002366065979004
"5,6,0,16,15,12,3,10,12,15,0,13,0,9,7",0.68,0.755,0.69875,0.6764705882352942,0.69,0.6831683168316832,0.6799999999999999,1.128788948059082
"13,21,17,17,0,1,16,16,21,2,16,9,8,18,13",0.685,0.74,0.69875,0.6907216494845361,0.67,0.6802030456852792,0.685,1.7767393589019775
"15,9,16,22,13,1,16,22,17,15,12,20,8,8,5",0.69,0.725,0.69875,0.6826923076923077,0.71,0.696078431372549,0.69,1.3897144794464111
"11,0,16,5,22,4,17,17,15,6,12,14,7,19,10",0.665,0.8,0.69875,0.726027397260274,0.53,0.6127167630057804,0.665,1.29917573928833
"16,17,19,16,0,1,5,0,5,2,13,5,14,19,10",0.685,0.735,0.6975,0.6907216494845361,0.67,0.6802030456852792,0.685,2.0734870433807373
"19,16,5,22,4,10,17,15,4,12,14,18,19,10,10",0.615,0.945,0.6975,0.6949152542372882,0.41,0.5157232704402516,0.615,2.8890342712402344
"14,2,16,18,17,10,2,12,19,16,22,11,10,14,10",0.695,0.705,0.6975,0.6857142857142857,0.72,0.7024390243902439,0.6950000000000001,1.8547477722167969
"14,16,0,16,15,10,3,12,19,16,0,7,10,9,7",0.685,0.735,0.6975,0.6907216494845361,0.67,0.6802030456852792,0.685,1.5390262603759766
"14,2,14,18,12,10,20,12,9,16,10,13,10,4,6",0.69,0.72,0.6975,0.7021276595744681,0.66,0.6804123711340206,0.69,1.176835536956787
"0,16,19,18,11,16,2,21,13,5,22,13,18,9,10",0.67,0.78,0.6975,0.6888888888888889,0.62,0.6526315789473685,0.6699999999999999,2.6625678539276123
"15,16,16,22,13,1,17,15,17,15,12,20,8,10,8",0.69,0.715,0.69625,0.6792452830188679,0.72,0.6990291262135923,0.69,1.179201602935791
"14,11,15,3,22,13,10,14,17,18,19,0,13,18,12",0.685,0.73,0.69625,0.6989247311827957,0.65,0.6735751295336787,0.685,2.8056840896606445
"5,6,0,16,15,12,3,10,19,15,0,13,0,9,7",0.68,0.745,0.69625,0.6698113207547169,0.71,0.6893203883495146,0.6799999999999999,1.2884950637817383
"21,16,13,22,11,9,17,15,15,3,0,18,9,10,11",0.67,0.775,0.6962499999999999,0.7023809523809523,0.59,0.6413043478260869,0.6699999999999999,1.575009822845459
"12,14,22,10,14,13,21,14,13,13,14,5,23,7,7",0.69,0.715,0.6962499999999999,0.69,0.69,0.69,0.69,1.1710844039916992
"15,2,0,16,15,10,3,12,19,16,0,13,10,9,7",0.675,0.755,0.6950000000000001,0.6699029126213593,0.69,0.6798029556650246,0.675,1.4092516899108887
"5,4,16,18,17,1,2,5,12,15,22,11,1,14,10",0.695,0.695,0.6950000000000001,0.6822429906542056,0.73,0.7053140096618358,0.6950000000000001,1.5726711750030518
"23,15,19,2,17,5,11,9,10,14,23,1,5,15,6",0.68,0.74,0.6950000000000001,0.7045454545454546,0.62,0.6595744680851063,0.6799999999999999,2.045924186706543
"21,16,13,22,11,9,13,15,10,3,0,18,9,10,11",0.675,0.755,0.6950000000000001,0.6422764227642277,0.79,0.7085201793721974,0.675,1.5011193752288818
"14,2,0,16,15,10,3,12,19,16,0,13,10,9,7",0.685,0.725,0.6950000000000001,0.6868686868686869,0.68,0.6834170854271356,0.685,1.3962836265563965
"14,16,16,22,17,10,17,15,19,16,22,13,10,10,10",0.66,0.8,0.6950000000000001,0.7051282051282052,0.55,0.6179775280898876,0.66,1.7049036026000977
"22,17,10,13,21,17,17,0,1,16,16,21,2,16,9",0.675,0.755,0.6950000000000001,0.7215189873417721,0.57,0.6368715083798883,0.675,2.073350191116333
"14,2,16,18,17,10,2,21,10,16,22,13,10,14,10",0.69,0.71,0.695,0.69,0.69,0.69,0.69,1.535874605178833
"17,10,13,21,17,17,0,1,16,16,21,2,16,9,8",0.67,0.77,0.695,0.6931818181818182,0.61,0.648936170212766,0.6699999999999999,1.8286113739013672
"5,0,15,21,13,13,10,5,10,19,0,2,18,16,8",0.675,0.75,0.6937500000000001,0.6804123711340206,0.66,0.6700507614213198,0.675,2.5549280643463135
"5,16,5,16,4,12,2,15,12,12,14,7,19,10,7",0.67,0.765,0.6937500000000001,0.7361111111111112,0.53,0.6162790697674418,0.67,1.106374740600586
"5,16,16,18,17,12,2,15,19,12,22,13,19,14,10",0.665,0.78,0.6937500000000001,0.6736842105263158,0.64,0.6564102564102564,0.665,1.8323841094970703
"14,2,0,16,15,10,2,10,12,16,22,13,10,9,10",0.695,0.69,0.69375,0.693069306930693,0.7,0.6965174129353234,0.695,1.1527085304260254
"0,16,19,18,11,16,2,21,12,5,3,13,18,9,10",0.66,0.795,0.69375,0.6666666666666666,0.64,0.6530612244897959,0.66,2.666480302810669
"15,9,16,22,13,1,16,22,13,15,12,20,8,8,5",0.685,0.715,0.6925000000000001,0.6728971962616822,0.72,0.6956521739130435,0.685,1.1989569664001465
"0,16,15,5,23,10,13,12,10,16,16,5,10,15,11",0.645,0.835,0.6925,0.6705882352941176,0.57,0.6162162162162163,0.645,1.1115548610687256
"14,2,0,16,15,10,3,12,19,16,0,13,10,11,7",0.68,0.73,0.6925,0.68,0.68,0.68,0.68,1.3921797275543213
"15,9,0,16,15,10,3,12,19,16,0,20,10,9,7",0.68,0.725,0.69125,0.725,0.58,0.6444444444444445,0.6799999999999999,1.3838534355163574
"14,2,16,18,17,10,2,12,12,6,22,11,10,14,10",0.68,0.725,0.69125,0.725,0.58,0.6444444444444445,0.6799999999999999,1.6106584072113037
"11,15,17,21,10,5,5,17,18,9,10,5,21,12,13",0.685,0.71,0.69125,0.6831683168316832,0.69,0.6865671641791045,0.685,1.3985722064971924
"14,2,16,18,17,10,2,15,19,16,22,13,19,14,10",0.685,0.71,0.69125,0.6831683168316832,0.69,0.6865671641791045,0.685,2.0875205993652344
"14,10,2,16,5,10,15,11,23,5,5,3,10,14,12",0.69,0.695,0.6912499999999999,0.7159090909090909,0.63,0.6702127659574468,0.69,1.14500093460083
"0,16,5,21,4,2,17,20,4,12,14,7,19,10,10",0.64,0.845,0.6912499999999999,0.6458333333333334,0.62,0.6326530612244898,0.64,1.764789342880249
"14,2,19,18,11,16,2,21,12,5,22,13,18,9,10",0.69,0.695,0.6912499999999999,0.7021276595744681,0.66,0.6804123711340206,0.69,2.44254469871521
"19,10,6,8,22,12,21,8,10,10,8,10,22,0,14",0.62,0.905,0.6912499999999999,0.6176470588235294,0.63,0.6237623762376238,0.62,1.4225387573242188
"15,2,14,18,12,3,20,12,9,16,10,13,10,4,5",0.69,0.695,0.6912499999999999,0.6610169491525424,0.78,0.7155963302752294,0.69,1.269775152206421
"5,4,16,18,17,1,17,10,6,15,22,11,11,14,10",0.675,0.735,0.6900000000000002,0.6842105263157895,0.65,0.6666666666666666,0.675,1.697859287261963
"0,16,13,22,11,9,17,15,15,3,0,18,9,10,11",0.665,0.765,0.6900000000000001,0.6542056074766355,0.7,0.6763285024154589,0.665,1.1340641975402832
"15,14,0,14,10,18,13,18,15,3,3,11,9,8,2",0.685,0.705,0.6900000000000001,0.6761904761904762,0.71,0.6926829268292682,0.685,1.2048389911651611
"5,4,16,18,17,1,8,22,13,15,0,11,8,14,3",0.685,0.705,0.6900000000000001,0.6608695652173913,0.76,0.7069767441860465,0.685,1.5477571487426758
"0,16,5,16,4,12,2,15,12,12,15,11,19,10,7",0.65,0.81,0.69,0.6666666666666666,0.6,0.631578947368421,0.6499999999999999,1.114274501800537
"6,4,19,18,11,15,17,21,4,5,14,17,18,9,10",0.615,0.915,0.69,0.6825396825396826,0.43,0.5276073619631901,0.615,3.2461352348327637
"0,16,19,18,11,15,2,21,12,5,22,13,18,9,10",0.66,0.78,0.69,0.6702127659574468,0.63,0.6494845360824743,0.6599999999999999,2.7000460624694824
"5,4,16,19,17,1,8,22,13,15,0,11,8,14,3",0.68,0.72,0.69,0.6607142857142857,0.74,0.6981132075471698,0.6799999999999999,2.071753740310669
"5,16,5,18,4,1,17,15,6,12,14,7,19,10,10",0.675,0.73,0.6887500000000001,0.6605504587155964,0.72,0.6889952153110048,0.675,1.500023603439331
"21,5,16,5,10,5,8,18,0,12,12,12,16,9,21",0.655,0.79,0.68875,0.6422018348623854,0.7,0.6698564593301436,0.655,1.40336012840271
"19,17,13,21,14,3,5,14,12,19,6,17,9,19,12",0.625,0.88,0.68875,0.6373626373626373,0.58,0.6073298429319371,0.625,2.6818854808807373
"0,16,0,22,15,2,17,15,12,4,22,13,11,10,10",0.655,0.79,0.68875,0.7123287671232876,0.52,0.6011560693641619,0.655,1.139796495437622
"4,6,14,14,0,17,15,13,20,0,10,21,3,10,22",0.67,0.745,0.68875,0.6491228070175439,0.74,0.6915887850467289,0.6699999999999999,1.127671718597412
"21,17,13,7,11,9,3,0,15,3,0,18,9,18,11",0.66,0.775,0.68875,0.6951219512195121,0.57,0.6263736263736264,0.6599999999999999,1.8599107265472412
"5,4,19,18,11,15,17,21,10,5,5,11,18,9,10",0.635,0.845,0.6875,0.6194690265486725,0.7,0.6572769953051644,0.635,2.625173807144165
"14,22,10,14,13,21,14,13,13,14,5,23,7,7,3",0.685,0.695,0.6875,0.7402597402597403,0.57,0.6440677966101694,0.685,1.233773946762085
"14,16,5,16,4,10,17,15,6,12,14,7,19,10,12",0.615,0.905,0.6875,0.6116504854368932,0.63,0.6206896551724138,0.615,1.2351398468017578
"6,4,19,18,11,16,3,21,13,5,22,17,18,9,10",0.63,0.855,0.68625,0.6181818181818182,0.68,0.6476190476190476,0.63,2.8561224937438965
"15,9,16,22,13,1,16,11,23,15,12,20,8,8,5",0.685,0.69,0.68625,0.6728971962616822,0.72,0.6956521739130435,0.685,1.197049617767334
"0,16,16,18,17,10,2,15,12,16,22,11,19,14,10",0.665,0.75,0.68625,0.6633663366336634,0.67,0.6666666666666666,0.665,1.6006715297698975
"15,9,16,22,13,13,16,21,17,18,12,20,4,8,5",0.66,0.765,0.68625,0.6538461538461539,0.68,0.6666666666666666,0.66,1.9978179931640625
"6,4,19,18,11,15,3,12,19,5,5,17,18,9,10",0.645,0.81,0.68625,0.6198347107438017,0.75,0.6787330316742082,0.645,3.470191240310669
"15,9,16,21,6,2,2,10,12,4,22,13,11,17,10",0.685,0.69,0.68625,0.6697247706422018,0.73,0.6985645933014354,0.685,1.4981930255889893
"14,2,14,15,12,10,20,12,9,16,10,13,10,4,6",0.68,0.7,0.685,0.7093023255813954,0.61,0.6559139784946236,0.6799999999999999,1.171543836593628
"14,14,0,17,15,13,20,0,10,21,3,10,22,11,0",0.665,0.745,0.685,0.7037037037037037,0.57,0.6298342541436464,0.665,1.1602675914764404
"0,16,19,18,11,10,3,12,13,16,5,17,10,9,10",0.63,0.85,0.685,0.696969696969697,0.46,0.5542168674698795,0.63,2.708514451980591
"5,4,16,18,17,1,2,12,12,14,22,11,10,14,10",0.675,0.715,0.685,0.6635514018691588,0.71,0.6859903381642513,0.675,1.5773906707763672
"5,16,5,16,4,12,17,10,12,12,14,7,19,10,7",0.61,0.91,0.685,0.6309523809523809,0.53,0.5760869565217391,0.61,1.1622509956359863
"15,9,11,8,19,13,3,21,13,18,14,15,4,13,12",0.685,0.68,0.6837500000000001,0.7176470588235294,0.61,0.6594594594594595,0.685,1.3221683502197266
"0,16,19,18,11,2,2,15,12,12,22,15,19,9,10",0.655,0.77,0.6837500000000001,0.7012987012987013,0.54,0.6101694915254238,0.655,2.7858710289001465
"5,16,5,16,4,12,2,15,12,12,22,7,19,10,10",0.65,0.785,0.6837500000000001,0.6973684210526315,0.53,0.6022727272727273,0.65,1.121281385421753
"23,16,17,19,16,0,1,5,0,5,2,13,5,14,19",0.68,0.695,0.68375,0.6451612903225806,0.8,0.7142857142857143,0.68,2.5563974380493164
"14,2,0,16,15,10,2,14,12,16,22,13,10,9,10",0.675,0.705,0.6825000000000001,0.6666666666666666,0.7,0.6829268292682927,0.675,1.2292544841766357
"17,21,10,5,5,17,18,9,10,5,21,12,13,14,23",0.675,0.705,0.6825000000000001,0.6666666666666666,0.7,0.6829268292682927,0.675,1.4225831031799316
"0,16,13,22,11,9,13,15,10,3,0,18,9,10,11",0.655,0.765,0.6825,0.6534653465346535,0.66,0.6567164179104478,0.655,1.1290690898895264
"5,4,16,18,17,1,17,12,6,15,22,11,10,14,10",0.665,0.735,0.6825,0.6513761467889908,0.71,0.6794258373205742,0.665,1.6663916110992432
"15,9,11,8,19,13,3,11,13,18,14,15,6,13,12",0.68,0.69,0.6825,0.6730769230769231,0.7,0.6862745098039216,0.6799999999999999,1.124204397201538
"19,16,15,5,23,12,2,14,12,2,22,5,10,15,10",0.66,0.75,0.6825,0.6632653061224489,0.65,0.6565656565656566,0.66,1.736548662185669
"6,16,13,21,8,12,10,22,17,12,16,15,8,8,2",0.68,0.69,0.6825,0.6666666666666666,0.72,0.6923076923076923,0.6799999999999999,1.1637341976165771
"0,16,19,18,11,16,2,21,12,5,22,13,18,9,4",0.66,0.75,0.6825,0.7,0.56,0.6222222222222222,0.66,2.634516954421997
"15,21,13,13,10,5,10,19,0,2,18,16,8,6,7",0.66,0.75,0.6824999999999999,0.6739130434782609,0.62,0.6458333333333334,0.6599999999999999,2.6943352222442627
"0,16,16,21,6,2,2,15,12,4,22,13,19,17,2",0.675,0.7,0.6812500000000001,0.6356589147286822,0.82,0.7161572052401747,0.675,2.173461437225342
"0,16,5,18,4,1,17,15,6,12,14,7,19,10,10",0.665,0.73,0.68125,0.6513761467889908,0.71,0.6794258373205742,0.665,1.6642401218414307
"19,10,16,22,13,18,16,6,17,21,12,20,11,8,5",0.615,0.88,0.6812499999999999,0.6455696202531646,0.51,0.5698324022346368,0.615,1.7774386405944824
"5,16,5,12,4,12,17,15,6,12,14,7,19,10,7",0.62,0.865,0.6812499999999999,0.6224489795918368,0.61,0.6161616161616161,0.62,1.263317584991455
"0,16,16,22,17,10,17,15,12,16,18,11,10,10,10",0.63,0.83,0.68,0.6511627906976745,0.56,0.6021505376344086,0.63,1.5113353729248047
"19,16,5,5,4,12,1,15,4,12,14,7,19,10,11",0.655,0.755,0.68,0.6347826086956522,0.73,0.6790697674418604,0.655,1.6138229370117188
"13,11,23,12,7,9,10,3,3,16,12,21,13,23,0",0.69,0.65,0.6799999999999999,0.7261904761904762,0.61,0.6630434782608695,0.69,1.2714760303497314
"13,21,14,3,5,14,12,19,6,17,9,19,12,12,15",0.66,0.74,0.6799999999999999,0.6509433962264151,0.69,0.6699029126213593,0.6599999999999999,1.6637248992919922
"0,11,15,13,21,15,20,14,11,5,18,9,3,13,7",0.67,0.705,0.67875,0.6574074074074074,0.71,0.6826923076923077,0.6699999999999999,1.248081922531128
"21,16,13,22,11,9,17,15,15,3,0,14,9,10,11",0.655,0.75,0.67875,0.6371681415929203,0.72,0.676056338028169,0.655,1.4961986541748047
"19,10,16,22,13,18,16,10,3,21,12,20,11,8,5",0.645,0.78,0.67875,0.7543859649122807,0.43,0.5477707006369427,0.645,1.5296440124511719
"4,16,18,17,1,8,5,13,15,0,11,1,14,3,8",0.675,0.685,0.6775000000000001,0.6635514018691588,0.71,0.6859903381642513,0.675,1.590369701385498
"19,18,11,15,17,21,10,5,5,17,18,9,10,5,21",0.605,0.895,0.6775,0.6179775280898876,0.55,0.582010582010582,0.605,2.8909494876861572
"19,3,14,8,10,22,5,3,12,17,10,20,15,14,0",0.65,0.76,0.6775,0.6973684210526315,0.53,0.6022727272727273,0.65,1.46761155128479
"15,18,8,13,10,2,20,14,0,14,6,0,5,10,0",0.665,0.715,0.6775,0.7704918032786885,0.47,0.5838509316770186,0.665,1.2635211944580078
"14,5,6,16,13,21,8,12,10,22,17,12,16,15,8",0.645,0.775,0.6775,0.6355140186915887,0.68,0.6570048309178744,0.645,1.1286776065826416
"15,15,5,18,18,8,4,6,5,13,8,17,17,9,6",0.645,0.775,0.6775,0.6178861788617886,0.76,0.6816143497757847,0.645,1.7658190727233887
"19,16,5,16,4,12,17,15,4,16,14,5,19,10,7",0.585,0.955,0.6775,0.5602836879432624,0.79,0.6556016597510373,0.585,1.7340734004974365
"0,16,16,18,17,10,3,12,13,16,18,11,16,14,10",0.63,0.82,0.6775,0.6511627906976745,0.56,0.6021505376344086,0.63,1.7472803592681885
"5,4,16,18,17,1,2,15,15,15,22,11,11,14,10",0.665,0.715,0.6775,0.6513761467889908,0.71,0.6794258373205742,0.665,1.6747925281524658
"4,18,2,16,4,5,7,9,14,8,7,9,9,8,2",0.665,0.715,0.6775,0.6386554621848739,0.76,0.6940639269406392,0.665,1.397308349609375
"14,9,15,17,9,17,18,10,15,17,19,15,14,8,5",0.66,0.725,0.67625,0.6632653061224489,0.65,0.6565656565656566,0.66,2.1955692768096924
"11,10,9,4,17,0,3,12,9,10,22,12,5,22,2",0.695,0.62,0.67625,0.6666666666666666,0.78,0.7188940092165899,0.6950000000000001,1.118849515914917
"0,16,2,22,5,6,17,15,21,8,12,10,22,10,12",0.665,0.71,0.67625,0.6542056074766355,0.7,0.6763285024154589,0.665,1.389847755432129
"16,12,19,18,11,5,19,0,12,3,22,15,15,9,10",0.64,0.78,0.675,0.6794871794871795,0.53,0.5955056179775281,0.64,2.283946990966797
"4,15,6,3,20,9,22,16,14,11,4,12,18,9,8",0.67,0.69,0.675,0.639344262295082,0.78,0.7027027027027027,0.67,1.2783136367797852
"15,16,5,22,4,1,17,15,6,12,14,7,19,10,5",0.665,0.705,0.675,0.6299212598425197,0.8,0.7048458149779736,0.665,1.3095898628234863
"16,12,19,18,11,5,2,0,12,3,22,15,15,9,10",0.65,0.75,0.675,0.6973684210526315,0.53,0.6022727272727273,0.65,2.3447115421295166
"0,16,19,18,11,15,2,21,12,5,22,17,18,9,10",0.635,0.795,0.675,0.6666666666666666,0.54,0.5966850828729282,0.635,2.8524370193481445
"11,3,12,22,17,8,8,10,13,18,9,0,11,12,0",0.665,0.7,0.6737500000000001,0.6736842105263158,0.64,0.6564102564102564,0.665,1.1645355224609375
"0,18,2,14,5,6,2,13,12,8,12,10,22,17,12",0.665,0.7,0.6737500000000001,0.6434782608695652,0.74,0.6883720930232559,0.665,1.2076826095581055
"18,2,1,17,12,9,16,11,15,19,10,4,2,22,5",0.665,0.7,0.6737500000000001,0.6542056074766355,0.7,0.6763285024154589,0.665,1.6540415287017822
"11,3,12,22,17,8,8,10,13,18,9,8,11,12,0",0.665,0.7,0.6737500000000001,0.6987951807228916,0.58,0.6338797814207651,0.665,1.166761875152588
"12,19,16,15,5,23,12,13,14,10,2,16,5,10,15",0.665,0.7,0.6737500000000001,0.726027397260274,0.53,0.6127167630057804,0.665,1.4173972606658936
"5,4,16,22,13,1,16,12,17,15,12,20,10,8,5",0.67,0.685,0.67375,0.646551724137931,0.75,0.6944444444444444,0.6699999999999999,1.252122402191162
"11,13,9,1,21,1,12,17,22,10,11,8,11,13,0",0.695,0.61,0.67375,0.693069306930693,0.7,0.6965174129353234,0.695,1.0748541355133057
"14,8,10,22,5,3,12,17,10,20,15,14,0,14,10",0.67,0.68,0.6724999999999999,0.7125,0.57,0.6333333333333333,0.6699999999999999,1.210005521774292
"15,2,16,21,6,2,2,10,12,4,22,13,11,17,10",0.675,0.66,0.6712500000000001,0.6446280991735537,0.78,0.7058823529411765,0.675,1.6291823387145996
"21,16,13,22,11,9,17,15,10,3,0,18,9,10,11",0.645,0.75,0.67125,0.6526315789473685,0.62,0.6358974358974359,0.645,1.5216572284698486
"4,17,19,18,11,16,2,1,12,5,22,11,18,9,10",0.655,0.72,0.67125,0.6422018348623854,0.7,0.6698564593301436,0.655,3.0566840171813965
"11,15,13,21,15,20,14,11,5,18,9,3,13,7,14",0.665,0.69,0.67125,0.6341463414634146,0.78,0.6995515695067265,0.665,1.1442337036132812
"6,19,10,6,8,22,12,21,8,10,10,8,10,22,0",0.635,0.78,0.67125,0.6588235294117647,0.56,0.6054054054054054,0.635,1.5263049602508545
"11,15,3,22,13,10,14,17,18,19,0,13,18,12,1",0.66,0.705,0.67125,0.6538461538461539,0.68,0.6666666666666666,0.66,2.66579008102417
"17,0,18,2,14,5,6,16,13,21,8,12,10,22,17",0.645,0.745,0.67,0.6593406593406593,0.6,0.6282722513089005,0.645,1.410271167755127
"22,6,14,16,13,0,19,5,14,1,10,5,5,23,6",0.665,0.685,0.67,0.6571428571428571,0.69,0.6731707317073171,0.665,1.1024041175842285
"22,14,12,11,18,1,10,5,4,4,2,8,8,16,11",0.665,0.685,0.67,0.6601941747572816,0.68,0.6699507389162561,0.665,1.2398755550384521
"5,4,11,8,19,13,3,21,13,18,14,11,4,13,12",0.67,0.67,0.67,0.6666666666666666,0.68,0.6732673267326733,0.67,1.2246453762054443
"5,4,16,22,13,1,16,22,17,15,12,20,8,8,5",0.66,0.7,0.6699999999999999,0.6403508771929824,0.73,0.6822429906542056,0.6599999999999999,1.362562894821167
"5,4,18,17,1,8,5,13,15,0,11,11,14,3,8",0.66,0.695,0.66875,0.6454545454545455,0.71,0.6761904761904762,0.6599999999999999,1.504382610321045
"15,6,3,20,9,22,16,14,11,4,12,18,9,8,9",0.67,0.665,0.66875,0.6931818181818182,0.61,0.648936170212766,0.6699999999999999,1.2009453773498535
"15,9,16,22,13,13,16,21,17,18,12,20,4,8,20",0.655,0.71,0.66875,0.6371681415929203,0.72,0.676056338028169,0.655,2.133458137512207
"0,16,16,22,17,10,17,15,12,16,18,11,16,10,10",0.62,0.815,0.66875,0.6666666666666666,0.48,0.5581395348837209,0.62,1.3678832054138184
"15,12,17,4,18,5,4,16,18,17,1,8,5,13,15",0.64,0.755,0.66875,0.648936170212766,0.61,0.6288659793814433,0.64,2.087692975997925
"5,4,16,18,17,1,8,10,13,15,0,11,8,14,3",0.675,0.645,0.6675000000000001,0.6446280991735537,0.78,0.7058823529411765,0.675,1.6062359809875488
"15,19,1,19,15,21,15,13,9,17,6,19,10,6,8",0.655,0.705,0.6675,0.7384615384615385,0.48,0.5818181818181818,0.655,4.537535667419434
"12,3,10,18,16,20,10,13,18,15,13,5,9,20,13",0.675,0.64,0.6662500000000001,0.6356589147286822,0.82,0.7161572052401747,0.675,1.3502264022827148
"15,13,21,15,20,14,11,5,18,9,3,13,7,14,18",0.64,0.745,0.66625,0.6707317073170732,0.55,0.6043956043956044,0.64,1.1781702041625977
"9,19,12,12,15,11,13,18,15,11,6,17,10,12,11",0.66,0.685,0.66625,0.6666666666666666,0.64,0.6530612244897959,0.66,1.196995735168457
"14,16,2,22,5,10,17,15,23,5,5,3,10,10,12",0.655,0.7,0.66625,0.6476190476190476,0.68,0.6634146341463415,0.655,1.2185957431793213
"0,5,0,15,21,13,13,10,5,10,19,0,2,18,16",0.645,0.73,0.66625,0.6986301369863014,0.51,0.5895953757225434,0.645,2.474280595779419
"10,17,11,12,2,2,6,4,14,15,7,12,0,11,20",0.66,0.68,0.665,0.6632653061224489,0.65,0.6565656565656566,0.66,1.048375129699707
"15,14,14,4,6,14,11,16,4,23,5,13,0,3,13",0.615,0.815,0.665,0.5864661654135338,0.78,0.6695278969957081,0.615,1.158858299255371
"0,16,5,16,4,12,2,15,12,12,14,11,19,10,7",0.62,0.8,0.665,0.6363636363636364,0.56,0.5957446808510638,0.6200000000000001,1.0935168266296387
"15,2,16,18,17,1,2,12,12,15,22,13,10,14,10",0.65,0.71,0.665,0.6415094339622641,0.68,0.6601941747572816,0.65,1.5852253437042236
"14,16,0,22,15,10,17,15,12,16,22,13,10,10,10",0.625,0.785,0.665,0.6712328767123288,0.49,0.5664739884393064,0.625,1.29032301902771
"18,18,8,4,6,5,13,8,17,17,9,6,8,7,20",0.625,0.785,0.665,0.6865671641791045,0.46,0.5508982035928144,0.625,1.9167001247406006
"16,1,18,11,17,5,6,4,22,8,14,4,7,19,10",0.66,0.68,0.6649999999999999,0.6454545454545455,0.71,0.6761904761904762,0.6599999999999999,1.1903831958770752
"18,13,18,15,3,3,11,9,8,2,18,19,8,10,23",0.63,0.765,0.6637500000000001,0.6511627906976745,0.56,0.6021505376344086,0.63,2.510103464126587
"0,16,16,22,13,1,16,22,17,15,12,20,8,8,8",0.65,0.705,0.6637500000000001,0.65,0.65,0.65,0.65,1.2735793590545654
"0,22,16,21,6,2,3,15,13,4,22,13,19,17,10",0.655,0.69,0.6637500000000001,0.6422018348623854,0.7,0.6698564593301436,0.655,2.195594072341919
"16,12,14,11,15,3,22,13,10,14,17,18,19,0,13",0.645,0.72,0.6637500000000001,0.6933333333333334,0.52,0.5942857142857143,0.645,2.685061454772949
"18,16,12,22,11,17,17,15,7,3,22,15,13,10,16",0.615,0.81,0.6637500000000001,0.6825396825396826,0.43,0.5276073619631901,0.615,1.48695707321167
"18,14,4,19,2,10,0,11,16,23,7,6,11,5,9",0.645,0.715,0.6625000000000001,0.6260869565217392,0.72,0.6697674418604651,0.645,1.55735445022583
"0,16,16,22,13,18,16,10,3,21,12,20,11,8,5",0.61,0.82,0.6625000000000001,0.6666666666666666,0.44,0.5301204819277109,0.61,1.2921555042266846
"15,1,19,5,0,11,10,15,9,6,4,0,19,8,6",0.66,0.67,0.6625,0.6538461538461539,0.68,0.6666666666666666,0.66,1.3399648666381836
"16,5,23,16,21,2,3,7,9,9,20,9,22,4,2",0.67,0.64,0.6625,0.6574074074074074,0.71,0.6826923076923077,0.6699999999999999,1.6200289726257324
"15,16,5,22,4,1,17,15,4,12,14,7,19,10,8",0.645,0.71,0.66125,0.6666666666666666,0.58,0.6203208556149733,0.645,1.2932872772216797
"14,0,14,10,18,13,18,15,3,3,11,9,8,2,18",0.665,0.65,0.66125,0.6386554621848739,0.76,0.6940639269406392,0.665,1.1805503368377686
"18,19,19,4,18,2,16,4,5,7,9,14,8,7,9",0.595,0.86,0.66125,0.7317073170731707,0.3,0.425531914893617,0.595,6.339274644851685
"15,9,16,22,13,1,16,7,17,15,12,20,8,8,5",0.66,0.665,0.66125,0.7222222222222222,0.52,0.6046511627906976,0.66,1.2638218402862549
"19,16,9,16,11,7,4,13,18,3,16,5,14,23,7",0.655,0.68,0.66125,0.6823529411764706,0.58,0.6270270270270271,0.655,1.752793788909912
"10,15,1,19,5,0,11,10,15,9,6,4,0,19,8",0.67,0.635,0.6612499999999999,0.660377358490566,0.7,0.6796116504854369,0.6699999999999999,1.223984956741333
"3,15,5,14,3,0,19,10,19,8,11,5,22,13,2",0.67,0.635,0.6612499999999999,0.6888888888888889,0.62,0.6526315789473685,0.6699999999999999,1.2925097942352295
"0,16,5,21,4,2,7,15,12,12,11,7,19,10,10",0.625,0.765,0.66,0.6404494382022472,0.57,0.6031746031746031,0.625,1.2328598499298096
"11,17,13,8,7,3,22,15,13,11,16,0,9,18,14",0.655,0.675,0.66,0.6448598130841121,0.69,0.6666666666666666,0.655,1.2155845165252686
"18,17,16,1,0,16,11,5,13,18,6,13,13,20,5",0.645,0.705,0.66,0.6124031007751938,0.79,0.6899563318777293,0.645,1.644603967666626
"0,19,10,19,8,11,5,22,13,2,5,13,8,12,9",0.63,0.75,0.66,0.6857142857142857,0.48,0.5647058823529412,0.63,1.466322660446167
"0,16,0,16,15,10,2,12,12,16,22,13,10,9,10",0.635,0.735,0.66,0.684931506849315,0.5,0.5780346820809249,0.635,1.1755592823028564
"10,19,0,6,0,7,17,13,10,9,5,8,18,8,1",0.665,0.645,0.66,0.6571428571428571,0.69,0.6731707317073171,0.665,1.0691485404968262
"14,12,11,18,1,10,5,4,4,2,8,8,16,11,6",0.665,0.645,0.66,0.6601941747572816,0.68,0.6699507389162561,0.665,1.143911361694336
"11,3,12,22,17,8,13,10,3,18,9,0,11,12,0",0.65,0.69,0.6599999999999999,0.6666666666666666,0.6,0.631578947368421,0.6499999999999999,1.1590471267700195
"5,16,0,22,15,12,17,15,19,15,1,13,0,10,7",0.63,0.745,0.6587500000000001,0.7241379310344828,0.42,0.5316455696202531,0.63,1.4082276821136475
"15,14,12,6,19,6,6,8,8,11,7,15,18,4,13",0.615,0.79,0.65875,0.6825396825396826,0.43,0.5276073619631901,0.615,1.098459005355835
"13,21,8,12,10,22,17,12,16,15,8,8,2,5,1",0.655,0.67,0.65875,0.6666666666666666,0.62,0.6424870466321243,0.655,1.118058443069458
"15,9,18,12,1,8,5,13,15,0,11,11,14,3,8",0.66,0.655,0.65875,0.6777777777777778,0.61,0.6421052631578947,0.6599999999999999,1.198582410812378
"19,8,9,12,19,3,19,6,13,8,16,6,11,2,4",0.65,0.685,0.65875,0.6704545454545454,0.59,0.6276595744680851,0.6499999999999999,3.8242321014404297
"0,16,11,5,13,18,6,13,13,20,5,14,13,5,9",0.6,0.83,0.6575000000000001,0.6724137931034483,0.39,0.4936708860759494,0.6000000000000001,1.1167898178100586
"17,19,15,14,8,5,6,5,2,6,4,6,22,7,3",0.64,0.71,0.6575,0.6627906976744186,0.57,0.6129032258064516,0.6399999999999999,1.7943506240844727
"19,0,2,18,16,8,6,7,21,5,17,0,18,2,14",0.665,0.635,0.6575,0.6813186813186813,0.62,0.6492146596858639,0.665,3.106004238128662
"0,16,5,21,4,2,17,21,12,12,14,7,19,10,10",0.64,0.71,0.6575,0.6891891891891891,0.51,0.5862068965517241,0.64,1.8805897235870361
"15,4,23,8,19,8,8,18,9,2,19,12,19,9,1",0.655,0.665,0.6575,0.7183098591549296,0.51,0.5964912280701754,0.655,1.166182518005371
"5,4,16,18,17,1,13,5,10,15,22,11,1,14,10",0.655,0.66,0.65625,0.6422018348623854,0.7,0.6698564593301436,0.655,1.589111328125
"15,9,5,21,4,2,17,15,4,12,14,15,19,10,10",0.66,0.64,0.655,0.6311475409836066,0.77,0.6936936936936937,0.66,1.3702666759490967
"19,4,1,9,13,16,1,18,11,17,5,6,4,22,8",0.665,0.625,0.655,0.6386554621848739,0.76,0.6940639269406392,0.665,1.4417526721954346
"15,9,16,22,13,1,17,22,6,15,12,20,8,8,5",0.645,0.685,0.655,0.6593406593406593,0.6,0.6282722513089005,0.645,1.1562530994415283
"5,6,9,23,13,23,15,0,7,19,8,5,8,15,14",0.665,0.625,0.655,0.6513761467889908,0.71,0.6794258373205742,0.665,1.1150588989257812
"0,16,0,16,15,10,3,12,19,16,0,13,10,9,7",0.615,0.775,0.655,0.6533333333333333,0.49,0.56,0.615,1.430626630783081
"4,15,4,23,8,19,8,8,18,9,2,19,12,19,9",0.63,0.73,0.655,0.6444444444444445,0.58,0.6105263157894737,0.63,1.276282787322998
"11,3,16,19,17,1,8,22,13,15,0,0,8,14,3",0.65,0.665,0.65375,0.6530612244897959,0.64,0.6464646464646465,0.65,2.0159451961517334
"0,16,5,1,4,17,17,15,6,12,14,7,19,10,11",0.635,0.71,0.65375,0.6708860759493671,0.53,0.5921787709497207,0.635,1.2813518047332764
"0,16,16,22,13,1,16,22,17,15,12,20,8,8,5",0.635,0.71,0.65375,0.6363636363636364,0.63,0.6331658291457286,0.635,1.215362310409546
"13,15,13,7,4,17,12,10,3,22,8,22,7,0,8",0.655,0.645,0.6525000000000001,0.6347826086956522,0.73,0.6790697674418604,0.655,1.199477195739746
"19,12,19,13,10,17,2,6,13,6,18,10,14,5,22",0.63,0.715,0.6512500000000001,0.6382978723404256,0.6,0.6185567010309279,0.63,1.4019739627838135
"5,12,19,17,4,17,11,13,15,13,17,19,8,23,11",0.58,0.865,0.6512500000000001,0.5727272727272728,0.63,0.6,0.5800000000000001,2.406588077545166
"5,4,16,18,17,1,8,5,13,15,0,11,1,14,3",0.65,0.655,0.6512500000000001,0.6530612244897959,0.64,0.6464646464646465,0.65,1.6096305847167969
"14,2,2,10,18,4,5,2,3,6,3,0,6,19,8",0.65,0.655,0.6512500000000001,0.6595744680851063,0.62,0.6391752577319587,0.65,2.5673019886016846
"17,12,9,16,11,15,19,10,4,2,22,5,9,1,11",0.655,0.64,0.65125,0.7627118644067796,0.45,0.5660377358490566,0.655,1.3488531112670898
"6,14,14,0,17,15,13,20,0,10,21,3,10,22,11",0.64,0.685,0.65125,0.6129032258064516,0.76,0.6785714285714286,0.64,1.0988695621490479
"10,3,22,8,22,7,0,8,14,1,1,14,19,8,10",0.66,0.625,0.65125,0.6311475409836066,0.77,0.6936936936936937,0.66,1.1020424365997314
"4,5,16,21,17,13,2,14,10,16,4,12,11,8,13",0.615,0.755,0.65,0.5864661654135338,0.78,0.6695278969957081,0.615,1.6927251815795898
"13,9,17,6,19,10,6,8,22,12,21,8,10,10,8",0.64,0.68,0.65,0.6707317073170732,0.55,0.6043956043956044,0.64,1.6275126934051514
"23,13,10,17,10,10,11,1,14,11,17,21,8,6,2",0.65,0.65,0.65,0.6415094339622641,0.68,0.6601941747572816,0.65,1.1738369464874268
"15,9,17,8,18,5,3,11,18,17,1,8,5,13,15",0.645,0.66,0.64875,0.6435643564356436,0.65,0.6467661691542289,0.645,1.4247167110443115
"23,4,5,15,11,20,9,17,9,0,0,6,10,21,15",0.63,0.705,0.64875,0.5866666666666667,0.88,0.704,0.63,1.3393607139587402
"14,10,18,13,18,15,3,3,11,9,8,2,18,19,8",0.63,0.705,0.64875,0.6756756756756757,0.5,0.5747126436781609,0.63,2.4496634006500244
"5,16,0,22,15,12,17,15,12,15,0,13,0,10,7",0.61,0.765,0.64875,0.6774193548387096,0.42,0.5185185185185185,0.61,1.2066388130187988
"14,16,0,22,15,10,17,15,19,16,0,13,10,10,7",0.62,0.735,0.6487499999999999,0.6621621621621622,0.49,0.5632183908045977,0.62,1.6151878833770752
"6,23,15,12,13,8,2,11,8,11,4,10,8,3,7",0.64,0.675,0.6487499999999999,0.6666666666666666,0.56,0.6086956521739131,0.64,1.4565119743347168
"16,15,5,23,12,13,14,10,2,16,5,10,15,11,23",0.635,0.69,0.6487499999999999,0.6285714285714286,0.66,0.6439024390243903,0.635,1.412189245223999
"16,6,3,22,12,3,16,21,16,10,8,19,4,7,11",0.625,0.72,0.6487499999999999,0.616822429906542,0.66,0.6376811594202898,0.625,1.4429895877838135
"18,6,12,6,11,17,3,8,13,3,22,15,13,11,16",0.63,0.7,0.6475,0.6710526315789473,0.51,0.5795454545454546,0.63,1.2454540729522705
"16,13,21,8,12,10,22,17,12,16,15,8,8,2,5",0.645,0.655,0.6475,0.7164179104477612,0.48,0.5748502994011976,0.645,1.1479580402374268
"15,9,16,22,13,13,16,10,12,18,12,20,4,8,5",0.64,0.67,0.6475,0.78,0.39,0.52,0.64,1.2878942489624023
"14,6,12,7,23,8,11,2,4,5,16,21,17,13,2",0.625,0.715,0.6475,0.6050420168067226,0.72,0.6575342465753424,0.625,1.6261014938354492
"18,5,9,10,7,9,8,3,12,15,18,17,12,9,22",0.615,0.74,0.64625,0.6575342465753424,0.48,0.5549132947976878,0.615,1.5222177505493164
"14,12,11,18,1,10,5,10,23,2,8,8,16,11,6",0.64,0.665,0.64625,0.625,0.7,0.660377358490566,0.6399999999999999,1.207033395767212
"20,14,2,10,18,4,5,2,3,6,3,0,6,19,8",0.64,0.665,0.64625,0.6428571428571429,0.63,0.6363636363636364,0.64,2.5766665935516357
"9,2,22,12,7,7,17,7,16,1,11,11,15,19,12",0.645,0.645,0.645,0.6330275229357798,0.69,0.6602870813397129,0.645,1.213064432144165
"4,18,6,12,6,11,17,13,8,7,3,22,15,13,11",0.635,0.675,0.645,0.5906040268456376,0.88,0.7068273092369478,0.635,1.3301715850830078
"15,17,20,10,11,13,17,4,23,15,9,8,21,1,12",0.625,0.705,0.645,0.5984251968503937,0.76,0.6696035242290749,0.625,1.4841711521148682
"5,4,16,18,17,1,8,11,13,15,0,11,10,14,3",0.645,0.645,0.645,0.6435643564356436,0.65,0.6467661691542289,0.645,1.5278832912445068
"14,16,5,18,4,10,17,15,4,12,14,7,19,10,10",0.58,0.84,0.6449999999999999,0.66,0.33,0.44,0.58,1.1693089008331299
"18,17,9,16,5,9,1,2,8,1,21,7,17,7,9",0.64,0.66,0.6449999999999999,0.625,0.7,0.660377358490566,0.6399999999999999,1.5056922435760498
"15,5,23,12,13,14,10,2,16,5,10,15,11,23,5",0.63,0.69,0.6449999999999999,0.6160714285714286,0.69,0.6509433962264151,0.6299999999999999,1.3141670227050781
"11,3,12,22,17,8,13,5,3,18,9,0,11,12,0",0.625,0.695,0.6425000000000001,0.6666666666666666,0.5,0.5714285714285714,0.625,1.148158073425293
"15,11,21,17,13,7,11,9,3,0,15,3,0,18,9",0.615,0.725,0.6425000000000001,0.6385542168674698,0.53,0.5792349726775956,0.615,1.1630492210388184
"18,7,12,19,15,2,7,19,15,23,5,6,16,21,12",0.635,0.665,0.6425000000000001,0.6451612903225806,0.6,0.6217616580310881,0.635,1.6361191272735596
"9,13,16,21,6,2,2,10,12,4,22,15,11,17,10",0.63,0.68,0.6425000000000001,0.6083333333333333,0.73,0.6636363636363637,0.63,1.4487080574035645
"9,13,16,21,6,2,2,9,12,4,22,15,11,17,10",0.65,0.615,0.6412500000000001,0.6470588235294118,0.66,0.6534653465346535,0.65,1.5705010890960691
"6,14,16,13,0,19,5,14,1,10,5,5,23,6,9",0.635,0.66,0.64125,0.6216216216216216,0.69,0.6540284360189573,0.635,1.1708543300628662
"18,3,4,0,5,0,15,21,13,13,10,5,10,19,0",0.59,0.79,0.6400000000000001,0.5957446808510638,0.56,0.5773195876288659,0.5900000000000001,1.3664538860321045
"9,3,7,7,21,12,3,0,2,16,12,21,8,13,12",0.64,0.64,0.64,0.6320754716981132,0.67,0.6504854368932039,0.64,1.176405429840088
"9,17,6,19,10,6,8,22,12,21,8,10,10,8,10",0.625,0.685,0.64,0.6126126126126126,0.68,0.6445497630331753,0.625,1.7692992687225342
"5,14,12,19,6,17,9,19,12,12,15,11,13,18,15",0.585,0.805,0.6399999999999999,0.5702479338842975,0.69,0.6244343891402715,0.585,1.8699729442596436
"22,13,2,5,13,8,12,9,9,14,10,11,4,21,2",0.64,0.635,0.6387499999999999,0.6555555555555556,0.59,0.6210526315789474,0.6399999999999999,1.1507394313812256
"19,6,12,0,3,23,2,8,10,7,6,20,4,10,12",0.62,0.695,0.6387499999999999,0.6395348837209303,0.55,0.5913978494623656,0.62,1.3219115734100342
"9,3,7,7,21,12,3,10,23,16,12,21,8,13,12",0.64,0.635,0.6387499999999999,0.6346153846153846,0.66,0.6470588235294118,0.64,1.2069382667541504
"15,13,11,16,0,9,18,14,5,22,7,0,6,21,5",0.605,0.74,0.6387499999999999,0.6981132075471698,0.37,0.48366013071895425,0.605,1.2066316604614258
"9,14,9,15,17,9,17,18,10,15,17,19,15,14,8",0.64,0.635,0.6387499999999999,0.6458333333333334,0.62,0.6326530612244898,0.64,2.1898539066314697
"6,4,19,18,11,16,17,21,6,5,14,17,18,9,7",0.565,0.855,0.6375000000000001,0.696969696969697,0.23,0.3458646616541353,0.5650000000000001,3.2488584518432617
"9,2,16,21,6,2,2,10,12,4,22,13,11,17,10",0.635,0.645,0.6375,0.6115702479338843,0.74,0.669683257918552,0.635,1.351806879043579
"9,3,7,7,21,12,19,0,19,16,12,21,8,13,12",0.64,0.63,0.6375,0.6346153846153846,0.66,0.6470588235294118,0.64,3.8068113327026367
"21,10,5,5,17,18,9,10,5,21,12,13,14,23,8",0.625,0.67,0.63625,0.616822429906542,0.66,0.6376811594202898,0.625,1.4068682193756104
"6,17,15,0,3,9,7,21,4,1,17,8,5,11,13",0.64,0.625,0.63625,0.6296296296296297,0.68,0.6538461538461539,0.64,1.1101024150848389
"4,10,19,0,6,0,7,17,13,10,9,5,8,18,8",0.635,0.64,0.63625,0.7872340425531915,0.37,0.5034013605442177,0.635,1.1648991107940674
"3,21,12,3,10,18,16,20,10,13,18,15,13,5,9",0.65,0.595,0.63625,0.5961538461538461,0.93,0.7265625,0.65,1.3173787593841553
"17,15,0,3,9,7,21,4,1,17,8,5,11,13,11",0.645,0.605,0.635,0.6407766990291263,0.66,0.6502463054187192,0.645,1.1362030506134033
"15,2,14,18,12,3,20,13,15,16,10,13,10,4,5",0.63,0.65,0.635,0.5955882352941176,0.81,0.6864406779661016,0.63,1.2178101539611816
"14,12,11,18,1,10,19,10,19,2,11,8,16,11,2",0.625,0.665,0.635,0.654320987654321,0.53,0.585635359116022,0.625,1.3556299209594727
"15,15,17,20,10,11,13,17,4,23,15,9,8,21,1",0.62,0.68,0.635,0.6016949152542372,0.71,0.6513761467889908,0.62,1.5149450302124023
"0,22,10,21,15,20,3,10,9,3,7,7,21,12,3",0.625,0.66,0.63375,0.5954198473282443,0.78,0.6753246753246753,0.625,1.1622073650360107
"13,2,18,15,15,5,18,18,8,4,6,5,13,8,17",0.64,0.615,0.63375,0.609375,0.78,0.6842105263157895,0.64,1.7703828811645508
"9,12,3,4,15,20,8,2,11,7,18,17,9,16,5",0.64,0.615,0.63375,0.6111111111111112,0.77,0.6814159292035398,0.64,1.4622526168823242
"19,10,16,22,13,18,2,10,12,21,12,20,11,8,5",0.605,0.72,0.63375,0.6779661016949152,0.4,0.5031446540880503,0.605,1.4883735179901123
"14,16,13,0,19,5,14,1,10,5,5,23,6,9,14",0.625,0.66,0.63375,0.6404494382022472,0.57,0.6031746031746031,0.625,1.146327257156372
"17,13,10,9,5,8,18,8,1,12,21,4,5,7,19",0.64,0.615,0.6337499999999999,0.6627906976744186,0.57,0.6129032258064516,0.6399999999999999,1.101341962814331
"9,2,10,21,6,2,2,10,12,4,22,13,11,17,10",0.635,0.625,0.6325000000000001,0.6173913043478261,0.71,0.6604651162790698,0.635,1.117377758026123
"4,17,12,10,3,22,8,22,7,0,8,14,1,1,14",0.63,0.64,0.6325000000000001,0.6083333333333333,0.73,0.6636363636363637,0.63,1.2622528076171875
"16,1,0,16,11,5,13,18,6,13,13,20,5,14,13",0.63,0.64,0.6325000000000001,0.6413043478260869,0.59,0.6145833333333334,0.63,1.2311599254608154
"9,10,3,3,16,12,21,13,23,0,0,17,15,2,16",0.635,0.625,0.6325000000000001,0.6238532110091743,0.68,0.6507177033492823,0.635,1.3752849102020264
"9,19,10,0,6,22,9,19,1,0,13,11,4,10,14",0.63,0.64,0.6325000000000001,0.6274509803921569,0.64,0.6336633663366337,0.63,1.2930982112884521
"15,12,11,8,19,13,3,11,13,18,14,15,10,13,12",0.605,0.715,0.6325,0.64,0.48,0.5485714285714286,0.605,1.2759382724761963
"17,4,9,1,2,5,0,5,6,0,6,6,9,14,21",0.63,0.64,0.6324999999999998,0.6160714285714286,0.69,0.6509433962264151,0.6299999999999999,1.2448596954345703
"15,2,14,18,12,3,20,10,9,16,10,13,0,4,5",0.62,0.665,0.63125,0.6764705882352942,0.46,0.5476190476190477,0.62,1.1571474075317383
"18,6,11,8,19,16,3,15,13,5,14,15,19,13,12",0.605,0.71,0.63125,0.7333333333333333,0.33,0.45517241379310347,0.605,1.6452224254608154
"15,9,15,5,23,12,13,14,10,2,16,20,10,15,11",0.62,0.665,0.63125,0.6395348837209303,0.55,0.5913978494623656,0.62,1.1657304763793945
"4,6,14,11,16,4,23,5,13,0,3,13,1,12,11",0.625,0.645,0.63,0.676056338028169,0.48,0.5614035087719298,0.625,1.1348459720611572
"12,14,20,16,15,11,14,16,7,15,1,13,4,10,23",0.625,0.645,0.63,0.616822429906542,0.66,0.6376811594202898,0.625,1.299393892288208
"2,2,23,16,14,17,5,20,11,14,19,12,4,22,2",0.615,0.675,0.63,0.6419753086419753,0.52,0.574585635359116,0.615,1.6075868606567383
"9,2,14,21,12,2,20,12,9,16,10,13,10,4,10",0.63,0.63,0.63,0.6140350877192983,0.7,0.6542056074766355,0.63,1.207709550857544
"11,17,7,7,21,12,3,10,23,16,12,15,8,13,12",0.625,0.645,0.63,0.5984251968503937,0.76,0.6696035242290749,0.625,1.2217388153076172
"15,5,18,18,8,4,6,5,13,8,17,17,9,6,8",0.59,0.75,0.63,0.575,0.69,0.6272727272727273,0.59,1.8541827201843262
"15,2,14,18,12,3,20,10,10,16,10,13,10,4,5",0.625,0.64,0.62875,0.5827814569536424,0.88,0.701195219123506,0.625,1.1876294612884521
"6,19,19,8,17,14,21,14,11,19,8,9,12,19,3",0.63,0.625,0.62875,0.5822784810126582,0.92,0.7131782945736435,0.63,3.787888765335083
"5,10,15,11,23,5,5,3,10,14,12,9,5,2,13",0.625,0.64,0.6287499999999999,0.6086956521739131,0.7,0.6511627906976745,0.625,1.09224271774292
"11,13,18,15,11,6,17,10,12,11,11,17,22,16,12",0.595,0.73,0.6287499999999999,0.7435897435897436,0.29,0.4172661870503597,0.595,1.2345597743988037
"5,12,19,0,1,14,6,4,6,7,8,7,21,7,22",0.62,0.655,0.6287499999999999,0.6935483870967742,0.43,0.5308641975308642,0.62,1.2956807613372803
"14,9,11,8,19,13,3,15,4,18,14,15,10,13,12",0.61,0.68,0.6275,0.6666666666666666,0.44,0.5301204819277109,0.61,1.3726873397827148
"16,13,0,19,5,14,1,10,5,5,23,6,9,14,21",0.64,0.59,0.6275,0.6346153846153846,0.66,0.6470588235294118,0.64,1.1627466678619385
"11,20,9,17,9,0,0,22,10,21,15,20,3,10,9",0.625,0.635,0.6275,0.616822429906542,0.66,0.6376811594202898,0.625,1.188307762145996
"17,9,0,0,22,10,21,15,20,3,10,9,3,7,7",0.605,0.695,0.6275,0.6721311475409836,0.41,0.5093167701863354,0.605,1.1923701763153076
"6,11,17,13,8,7,3,22,15,13,11,16,0,9,18",0.62,0.65,0.6275,0.625,0.6,0.6122448979591837,0.62,1.2094714641571045
"22,14,5,18,3,3,15,16,11,11,14,17,19,6,4",0.59,0.735,0.6262500000000001,0.6022727272727273,0.53,0.5638297872340425,0.5900000000000001,1.9255647659301758
"4,17,0,3,12,9,10,22,12,5,22,2,12,1,20",0.635,0.6,0.62625,0.6483516483516484,0.59,0.6178010471204188,0.635,1.1266067028045654
"11,2,4,5,16,21,17,13,2,14,10,16,4,12,11",0.61,0.675,0.62625,0.6375,0.51,0.5666666666666667,0.61,1.7114932537078857
"3,16,21,16,10,8,19,4,7,11,0,18,1,18,19",0.63,0.615,0.62625,0.5902777777777778,0.85,0.6967213114754098,0.63,3.4245762825012207
"5,21,15,13,10,2,19,5,14,4,17,1,7,21,4",0.6,0.705,0.62625,0.631578947368421,0.48,0.5454545454545454,0.6,1.4435298442840576
"0,19,8,6,1,18,19,19,4,18,2,16,4,5,7",0.635,0.6,0.62625,0.6261682242990654,0.67,0.6473429951690821,0.635,6.543027400970459
"11,15,8,5,1,13,19,2,7,2,0,14,15,20,15",0.63,0.61,0.625,0.6226415094339622,0.66,0.6407766990291263,0.63,1.2636384963989258
"5,5,12,19,0,1,14,6,4,6,7,8,7,21,7",0.615,0.655,0.625,0.6825396825396826,0.43,0.5276073619631901,0.615,1.1672165393829346
"14,10,2,16,5,10,16,11,17,5,12,3,10,14,5",0.635,0.595,0.625,0.6551724137931034,0.57,0.6096256684491979,0.635,1.2071144580841064
"5,16,5,22,4,12,17,15,4,12,14,7,19,10,7",0.57,0.79,0.625,0.6590909090909091,0.29,0.4027777777777778,0.57,1.1384565830230713
"6,6,8,9,0,17,5,18,14,3,18,8,20,5,5",0.63,0.605,0.62375,0.6181818181818182,0.68,0.6476190476190476,0.63,1.3111627101898193
"18,0,6,19,15,7,14,12,13,14,19,7,4,6,10",0.605,0.68,0.62375,0.6842105263157895,0.39,0.4968152866242038,0.605,2.6227059364318848
"17,10,20,15,14,0,14,10,18,13,18,15,3,3,11",0.635,0.585,0.6225,0.6391752577319587,0.62,0.6294416243654822,0.635,1.2691683769226074
"10,18,0,14,1,4,2,5,0,1,10,20,8,5,17",0.625,0.61,0.62125,0.5939849624060151,0.79,0.6781115879828327,0.625,1.0500943660736084
"4,9,18,8,1,8,3,11,15,0,11,1,14,13,8",0.635,0.575,0.62,0.6451612903225806,0.6,0.6217616580310881,0.635,1.1993184089660645
"10,18,14,4,19,2,10,0,11,16,23,7,6,11,5",0.61,0.65,0.62,0.6486486486486487,0.48,0.5517241379310345,0.61,1.4471733570098877
"14,14,21,9,20,17,1,8,23,7,5,0,8,6,5",0.625,0.6,0.61875,0.6213592233009708,0.64,0.6305418719211823,0.625,1.1455879211425781
"13,8,12,9,9,14,10,11,4,21,2,9,13,7,4",0.615,0.63,0.61875,0.6716417910447762,0.45,0.5389221556886228,0.615,1.2160589694976807
"5,16,5,22,4,12,17,15,6,12,14,7,19,10,7",0.56,0.79,0.6175,0.6428571428571429,0.27,0.38028169014084506,0.56,1.1182031631469727
"9,10,7,9,8,3,12,15,18,17,12,9,22,1,9",0.62,0.61,0.6174999999999999,0.6132075471698113,0.65,0.6310679611650486,0.62,1.372070074081421
"9,5,21,0,17,3,6,22,15,2,1,12,1,5,13",0.62,0.61,0.6174999999999999,0.5869565217391305,0.81,0.680672268907563,0.62,1.0697503089904785
"0,15,21,13,13,10,5,10,19,0,2,18,16,8,6",0.59,0.7,0.6174999999999999,0.618421052631579,0.47,0.5340909090909091,0.59,2.5602080821990967
"9,11,3,5,10,19,1,14,6,12,7,23,8,11,2",0.62,0.605,0.61625,0.6052631578947368,0.69,0.6448598130841121,0.62,1.362581491470337
"0,9,12,23,15,19,2,17,5,11,9,10,14,23,1",0.61,0.635,0.61625,0.6037735849056604,0.64,0.6213592233009708,0.61,1.9698238372802734
"0,3,15,12,17,4,18,5,4,16,18,17,1,8,5",0.595,0.68,0.61625,0.6172839506172839,0.5,0.5524861878453039,0.595,2.1044363975524902
"17,9,16,5,9,1,2,8,1,21,7,17,7,9,10",0.605,0.65,0.61625,0.6179775280898876,0.55,0.582010582010582,0.605,1.119443655014038
"6,12,5,15,11,22,9,17,9,0,0,22,10,21,15",0.615,0.62,0.61625,0.6419753086419753,0.52,0.574585635359116,0.615,1.0995051860809326
"14,8,7,9,9,8,2,14,12,16,14,14,2,13,3",0.615,0.62,0.61625,0.6236559139784946,0.58,0.6010362694300518,0.615,1.1853220462799072
"12,15,11,13,18,15,11,6,17,10,12,11,11,17,22",0.58,0.72,0.615,0.6142857142857143,0.43,0.5058823529411764,0.58,1.24359130859375
"11,6,19,19,8,17,14,21,14,11,19,8,9,12,19",0.615,0.61,0.61375,0.6352941176470588,0.54,0.5837837837837838,0.615,3.4583396911621094
"14,20,7,13,2,4,1,22,9,6,6,13,23,15,14",0.62,0.59,0.6125,0.6276595744680851,0.59,0.6082474226804123,0.62,1.1030569076538086
"14,10,2,16,5,10,15,5,23,5,5,3,1,14,12",0.625,0.575,0.6125,0.654320987654321,0.53,0.585635359116022,0.625,1.299170970916748
"0,4,10,18,14,4,19,2,10,0,11,16,23,7,6",0.605,0.635,0.6125,0.7441860465116279,0.32,0.44755244755244755,0.605,1.371776819229126
"6,4,19,19,11,15,17,21,10,5,5,17,18,9,10",0.54,0.825,0.6112500000000001,0.5357142857142857,0.6,0.5660377358490566,0.54,4.125733137130737
"17,22,16,12,18,18,6,5,7,0,12,3,11,13,15",0.59,0.675,0.6112500000000001,0.6022727272727273,0.53,0.5638297872340425,0.5900000000000001,1.8345983028411865
"16,9,3,20,4,14,5,3,17,6,2,14,9,22,8",0.595,0.66,0.61125,0.5655172413793104,0.82,0.6693877551020408,0.595,1.3728532791137695
"19,1,14,6,12,7,23,8,11,2,4,5,16,21,17",0.595,0.66,0.61125,0.611764705882353,0.52,0.5621621621621622,0.595,2.131359577178955
"10,19,15,0,13,0,9,7,19,10,16,22,13,18,16",0.605,0.63,0.61125,0.6179775280898876,0.55,0.582010582010582,0.605,1.4663662910461426
"10,18,13,18,15,3,3,11,9,8,2,18,19,8,10",0.6,0.64,0.6100000000000001,0.6190476190476191,0.52,0.5652173913043478,0.6000000000000001,2.4174466133117676
"21,9,11,7,19,9,3,11,13,18,14,15,10,13,11",0.62,0.575,0.6087499999999999,0.6578947368421053,0.5,0.5681818181818182,0.62,1.1701178550720215
"17,21,9,4,10,14,20,7,13,2,4,1,22,9,6",0.585,0.675,0.6074999999999999,0.5586206896551724,0.81,0.6612244897959184,0.585,1.331538438796997
"15,8,10,10,7,0,23,11,8,19,12,5,16,7,23",0.595,0.645,0.6074999999999999,0.6610169491525424,0.39,0.49056603773584906,0.595,1.2119967937469482
"16,9,2,22,12,7,7,17,7,16,1,11,11,15,19",0.605,0.615,0.6074999999999999,0.6,0.63,0.6146341463414634,0.605,1.30241060256958
"11,8,5,1,15,12,18,15,11,21,17,13,7,11,9",0.61,0.59,0.605,0.6309523809523809,0.53,0.5760869565217391,0.61,1.215146541595459
"5,6,10,23,13,17,11,12,6,3,3,8,2,13,11",0.595,0.635,0.605,0.6376811594202898,0.44,0.5207100591715976,0.595,1.1233189105987549
"5,12,2,4,15,6,3,20,9,22,16,14,11,4,12",0.62,0.56,0.605,0.6153846153846154,0.64,0.6274509803921569,0.62,1.1088101863861084
"12,13,14,10,2,16,5,10,15,11,23,5,5,3,10",0.59,0.65,0.605,0.6,0.54,0.5684210526315789,0.5900000000000001,1.1476335525512695
"12,20,11,8,5,1,15,12,18,15,11,21,17,13,7",0.62,0.555,0.60375,0.8,0.32,0.45714285714285713,0.62,1.2125880718231201
"14,13,16,9,2,22,12,7,7,17,7,16,1,11,11",0.615,0.57,0.60375,0.6185567010309279,0.6,0.6091370558375635,0.615,1.1726205348968506
"12,18,15,11,21,17,13,7,11,9,3,0,15,3,0",0.585,0.655,0.6025,0.6545454545454545,0.36,0.4645161290322581,0.585,1.1591370105743408
"12,12,15,11,13,18,15,11,6,17,10,12,11,11,17",0.585,0.655,0.6025,0.5586206896551724,0.81,0.6612244897959184,0.585,1.184086799621582
"15,2,17,4,18,2,4,10,18,4,1,8,11,13,15",0.59,0.635,0.6012500000000001,0.5692307692307692,0.74,0.6434782608695652,0.59,1.5555055141448975
"11,8,5,12,2,18,17,16,1,0,16,11,5,13,18",0.61,0.575,0.6012500000000001,0.6447368421052632,0.49,0.5568181818181818,0.61,1.4581196308135986
"15,9,8,0,13,14,4,2,9,2,19,4,11,3,23",0.595,0.615,0.6,0.5736434108527132,0.74,0.6462882096069869,0.595,1.1075012683868408
"19,2,10,16,0,0,3,11,10,8,13,4,16,14,4",0.585,0.645,0.6,0.5691056910569106,0.7,0.6278026905829597,0.585,1.368598222732544
"4,9,9,19,2,10,16,0,0,3,11,10,8,13,4",0.615,0.555,0.6,0.5877862595419847,0.77,0.6666666666666666,0.615,1.170093059539795
"16,3,6,12,10,20,12,14,12,15,20,11,2,4,23",0.575,0.67,0.59875,0.5806451612903226,0.54,0.5595854922279793,0.575,1.1310756206512451
"10,2,16,5,10,15,11,23,5,5,3,10,14,12,9",0.59,0.625,0.59875,0.575,0.69,0.6272727272727273,0.59,1.1525719165802002
"15,12,17,4,18,5,15,16,23,17,1,8,5,13,15",0.575,0.67,0.5987499999999999,0.5882352941176471,0.5,0.5405405405405406,0.575,2.1791417598724365
"16,21,16,10,8,19,4,7,11,0,18,1,18,19,5",0.59,0.62,0.5975,0.5569620253164557,0.88,0.6821705426356589,0.59,3.219839572906494
"22,12,5,13,22,1,13,8,4,13,21,1,7,22,4",0.605,0.575,0.5974999999999999,0.7837837837837838,0.29,0.4233576642335766,0.605,1.1021552085876465
"22,17,12,5,14,4,3,5,21,7,17,18,5,6,9",0.58,0.645,0.5962500000000001,0.5487804878048781,0.9,0.6818181818181818,0.5800000000000001,1.4970519542694092
"11,17,3,19,13,1,21,1,16,21,17,15,10,11,2",0.6,0.585,0.59625,0.5833333333333334,0.7,0.6363636363636364,0.6,2.392754077911377
"19,12,19,9,1,4,17,10,17,19,0,2,16,6,4",0.6,0.585,0.59625,0.6351351351351351,0.47,0.5402298850574713,0.6,2.264375686645508
"4,10,18,14,4,19,2,10,0,11,16,23,7,6,11",0.59,0.615,0.59625,0.5681818181818182,0.75,0.646551724137931,0.59,1.4195020198822021
"8,16,15,19,11,22,6,14,12,16,11,15,2,16,12",0.58,0.64,0.5950000000000001,0.5714285714285714,0.64,0.6037735849056604,0.5800000000000001,1.190819501876831
"11,2,12,18,17,8,20,12,3,18,9,0,11,4,0",0.59,0.61,0.5950000000000001,0.6,0.54,0.5684210526315789,0.5900000000000001,1.4525935649871826
"10,14,9,4,4,11,3,9,12,19,16,15,5,23,12",0.6,0.58,0.595,0.6515151515151515,0.43,0.5180722891566265,0.6,1.3737878799438477
"15,2,10,0,6,22,9,19,1,0,13,11,4,10,14",0.605,0.565,0.595,0.6206896551724138,0.54,0.5775401069518716,0.605,1.2888097763061523
"3,3,12,15,18,8,13,10,2,20,14,0,14,6,0",0.585,0.62,0.59375,0.6197183098591549,0.44,0.5146198830409356,0.585,1.314002275466919
"9,13,16,21,6,2,3,10,13,4,22,15,11,17,10",0.59,0.605,0.59375,0.5882352941176471,0.6,0.594059405940594,0.59,1.4481956958770752
"4,3,1,10,10,8,10,10,22,16,1,14,2,11,17",0.605,0.56,0.59375,0.574468085106383,0.81,0.6721991701244814,0.605,1.1842832565307615
"19,9,1,4,17,10,17,19,0,2,16,6,4,9,21",0.59,0.605,0.59375,0.6153846153846154,0.48,0.5393258426966292,0.59,2.235569477081299
"5,7,9,14,8,7,9,9,8,2,14,12,16,14,14",0.6,0.57,0.5925,0.6111111111111112,0.55,0.5789473684210527,0.6000000000000001,1.20650053024292
"13,22,1,13,8,4,13,21,1,7,22,4,15,20,7",0.605,0.555,0.5925,0.6,0.63,0.6146341463414634,0.605,1.115037202835083
"12,5,22,1,7,9,23,4,8,3,14,15,4,9,22",0.6,0.57,0.5925,0.625,0.5,0.5555555555555556,0.6,1.0717077255249023
"10,20,8,5,17,12,3,14,22,13,11,9,9,3,23",0.58,0.63,0.5924999999999999,0.6052631578947368,0.46,0.5227272727272727,0.58,1.1035106182098389
"13,15,8,9,3,13,10,22,16,14,4,6,14,23,1",0.59,0.595,0.59125,0.5714285714285714,0.72,0.6371681415929203,0.59,1.1670260429382324
"2,7,15,18,17,11,13,9,1,21,1,12,17,22,10",0.6,0.565,0.5912499999999999,0.65625,0.42,0.5121951219512195,0.6,1.41084623336792
"21,15,20,3,10,9,3,7,7,21,12,3,10,23,16",0.585,0.61,0.5912499999999999,0.8695652173913043,0.2,0.3252032520325203,0.585,1.6314504146575928
"15,9,10,19,8,11,5,22,13,2,5,13,8,12,9",0.58,0.625,0.5912499999999999,0.6176470588235294,0.42,0.5,0.58,1.1805408000946045
"15,11,20,9,17,9,0,0,22,10,21,15,20,3,10",0.58,0.62,0.5900000000000001,0.5851063829787234,0.55,0.5670103092783505,0.5800000000000001,1.3076095581054688
"9,4,4,11,3,9,12,19,16,15,5,23,12,13,14",0.59,0.59,0.5900000000000001,0.6097560975609756,0.5,0.5494505494505495,0.5900000000000001,1.4400599002838135
"18,4,1,8,19,2,0,11,15,13,21,15,20,14,11",0.585,0.605,0.59,0.6491228070175439,0.37,0.4713375796178344,0.585,1.3475000858306885
"13,9,11,12,19,9,3,11,13,18,14,15,10,13,0",0.575,0.635,0.59,0.6153846153846154,0.4,0.48484848484848486,0.575,1.1922886371612549
"12,9,16,11,15,19,10,4,2,22,5,9,1,11,9",0.595,0.575,0.59,0.6610169491525424,0.39,0.49056603773584906,0.595,1.2304167747497559
"9,19,10,0,6,22,9,9,1,0,13,11,4,10,14",0.59,0.59,0.59,0.6285714285714286,0.44,0.5176470588235295,0.59,1.1805715560913086
"15,10,16,5,23,6,11,10,20,6,12,4,23,10,14",0.585,0.605,0.59,0.5578231292517006,0.82,0.6639676113360324,0.585,1.2919390201568604
"17,13,2,14,10,16,4,12,11,8,13,21,14,1,15",0.59,0.59,0.59,0.5918367346938775,0.58,0.5858585858585859,0.59,1.1678569316864014
"2,7,0,14,19,8,10,21,11,2,20,3,8,10,19",0.6,0.555,0.5887500000000001,0.6111111111111112,0.55,0.5789473684210527,0.6000000000000001,1.1857452392578125
"10,19,0,2,18,16,8,6,7,21,5,17,0,18,2",0.595,0.57,0.58875,0.6172839506172839,0.5,0.5524861878453039,0.595,2.8134114742279053
"18,0,14,1,4,2,5,0,1,10,20,8,5,17,12",0.58,0.615,0.5887499999999999,0.6212121212121212,0.41,0.4939759036144578,0.58,1.1554498672485352
"8,19,2,0,11,15,13,21,15,20,14,11,5,18,9",0.59,0.58,0.5875000000000001,0.6022727272727273,0.53,0.5638297872340425,0.5900000000000001,1.6742260456085205
"6,22,15,2,1,12,1,5,13,6,16,10,6,11,23",0.595,0.565,0.5874999999999999,0.620253164556962,0.49,0.547486033519553,0.595,1.1139109134674072
"8,11,2,4,5,16,21,17,13,2,14,10,16,4,12",0.585,0.595,0.5874999999999999,0.639344262295082,0.39,0.484472049689441,0.585,1.658247947692871
"9,13,16,1,18,11,17,5,6,4,22,8,14,4,7",0.585,0.595,0.5874999999999999,0.6103896103896104,0.47,0.5310734463276836,0.585,1.148716688156128
"3,7,9,9,20,9,22,4,2,2,15,22,6,3,15",0.595,0.565,0.5874999999999999,0.7021276595744681,0.33,0.4489795918367347,0.595,1.151299238204956
"12,14,11,15,3,22,13,10,14,17,18,19,0,13,18",0.565,0.65,0.58625,0.5537190082644629,0.67,0.6063348416289592,0.5650000000000001,2.658390998840332
"9,8,4,3,2,11,12,12,15,8,9,4,15,5,1",0.595,0.56,0.5862499999999999,0.5568862275449101,0.93,0.6966292134831461,0.595,1.0514442920684814
"11,17,5,6,4,22,8,14,4,7,19,10,18,0,14",0.555,0.68,0.5862499999999999,0.627906976744186,0.27,0.3776223776223776,0.5549999999999999,1.0862624645233154
"10,4,16,9,11,3,5,10,19,1,14,6,12,7,23",0.585,0.59,0.5862499999999999,0.6231884057971014,0.43,0.5088757396449705,0.585,1.472430944442749
"9,3,20,4,14,5,3,17,6,2,14,9,22,8,4",0.58,0.6,0.5850000000000001,0.5975609756097561,0.49,0.5384615384615384,0.5800000000000001,1.243903636932373
"9,7,10,0,13,17,17,7,18,17,11,16,5,7,19",0.59,0.57,0.5850000000000001,0.6022727272727273,0.53,0.5638297872340425,0.5900000000000001,1.5051913261413574
"2,6,23,15,12,13,8,2,11,8,11,4,10,8,3",0.6,0.54,0.585,0.5581395348837209,0.96,0.7058823529411765,0.6,1.299706220626831
"16,10,6,9,20,17,18,17,12,14,13,0,12,20,4",0.565,0.645,0.585,0.549618320610687,0.72,0.6233766233766234,0.565,1.7094554901123047
"2,4,5,16,21,17,13,2,14,10,16,4,12,11,8",0.585,0.585,0.585,0.5521472392638037,0.9,0.6844106463878327,0.585,1.839193344116211
"15,13,10,15,14,6,8,2,4,17,3,17,1,22,14",0.57,0.625,0.58375,0.6166666666666667,0.37,0.4625,0.5700000000000001,1.2335162162780762
"10,14,9,23,0,4,10,18,14,4,19,2,10,0,11",0.57,0.62,0.5825,0.5729166666666666,0.55,0.5612244897959183,0.5700000000000001,1.361250400543213
"8,10,0,13,0,2,1,4,4,15,2,1,1,13,10",0.575,0.605,0.5825,0.6923076923076923,0.27,0.38848920863309355,0.575,1.0781383514404297
"23,4,4,11,2,2,13,10,22,6,11,6,5,6,15",0.59,0.56,0.5825,0.5529411764705883,0.94,0.6962962962962963,0.59,1.2532422542572021
"23,5,5,3,10,14,12,9,5,2,13,11,19,18,1",0.59,0.555,0.58125,0.5608108108108109,0.83,0.6693548387096774,0.59,2.5280070304870605
"4,9,17,3,5,1,18,13,1,8,23,11,9,9,20",0.595,0.54,0.58125,0.6417910447761194,0.43,0.5149700598802395,0.595,1.5260086059570312
"11,17,21,8,6,2,16,3,6,12,10,20,12,14,12",0.585,0.57,0.58125,0.562962962962963,0.76,0.6468085106382979,0.585,1.17120361328125
"6,22,8,14,2,22,14,5,18,3,3,15,16,11,11",0.565,0.63,0.5812499999999999,0.5866666666666667,0.44,0.5028571428571429,0.565,1.3415203094482422
"13,18,16,6,17,21,12,20,11,8,5,1,15,12,18",0.57,0.61,0.5800000000000001,0.5897435897435898,0.46,0.5168539325842697,0.5700000000000001,1.4607532024383545
"5,23,16,21,2,3,7,9,9,20,9,22,4,2,2",0.57,0.61,0.5800000000000001,0.625,0.35,0.44871794871794873,0.5700000000000001,1.7237675189971924
"10,16,22,13,18,16,6,17,21,12,20,11,8,5,1",0.575,0.595,0.58,0.6027397260273972,0.44,0.5086705202312138,0.575,1.5086133480072021
"15,4,7,13,12,12,17,0,18,16,14,21,5,13,1",0.585,0.565,0.58,0.6440677966101694,0.38,0.4779874213836478,0.585,1.7028303146362305
"15,2,4,11,2,2,13,10,22,6,11,6,5,6,15",0.59,0.54,0.5775000000000001,0.6022727272727273,0.53,0.5638297872340425,0.5900000000000001,1.1269490718841553
"10,10,4,16,9,11,3,5,10,19,1,14,6,12,7",0.575,0.585,0.5774999999999999,0.5483870967741935,0.85,0.6666666666666666,0.575,1.2206969261169434
"15,11,5,14,3,0,19,10,19,8,11,3,22,13,2",0.575,0.585,0.5774999999999999,0.5757575757575758,0.57,0.5728643216080402,0.575,1.2975656986236572
"6,12,4,23,10,14,9,4,4,11,3,9,12,19,16",0.57,0.595,0.57625,0.54375,0.87,0.6692307692307692,0.5700000000000001,1.3555848598480225
"13,9,1,21,1,12,17,22,10,11,8,11,13,0,4",0.57,0.595,0.5762499999999999,0.5945945945945946,0.44,0.5057471264367817,0.57,1.1438570022583008
"1,7,22,4,15,20,7,4,15,22,11,7,13,23,2",0.58,0.565,0.5762499999999999,0.7857142857142857,0.22,0.34375,0.58,1.1451959609985352
"23,7,0,21,1,0,11,10,4,22,10,20,7,10,20",0.585,0.545,0.575,0.6666666666666666,0.34,0.4503311258278146,0.585,1.09761643409729
"3,11,7,5,18,8,2,19,17,6,8,9,15,15,17",0.6,0.5,0.575,0.7,0.35,0.4666666666666667,0.6,1.6436569690704346
"16,10,8,19,4,7,11,0,18,1,18,19,5,15,19",0.575,0.57,0.57375,0.6470588235294118,0.33,0.4370860927152318,0.575,3.3659324645996094
"17,13,0,8,11,14,0,8,14,0,12,13,4,11,21",0.55,0.64,0.5725,0.5714285714285714,0.4,0.47058823529411764,0.55,1.159977912902832
"13,5,6,6,8,9,0,17,5,18,14,3,18,8,20",0.56,0.61,0.5725,0.5967741935483871,0.37,0.4567901234567901,0.56,1.3475425243377686
"8,10,1,7,7,11,15,8,5,1,13,19,2,7,2",0.575,0.565,0.5725,0.5925925925925926,0.48,0.5303867403314917,0.575,1.2661001682281494
"8,20,5,5,12,19,0,1,14,6,4,6,7,8,7",0.57,0.58,0.5725,0.5897435897435898,0.46,0.5168539325842697,0.5700000000000001,1.15208101272583
"11,17,3,19,13,1,19,1,19,14,17,15,10,11,2",0.545,0.65,0.57125,0.5584415584415584,0.43,0.4858757062146893,0.545,4.398158550262451
"10,22,5,3,12,17,10,20,15,14,0,14,10,18,13",0.58,0.545,0.57125,0.6481481481481481,0.35,0.45454545454545453,0.5800000000000001,1.1373093128204346
"10,4,10,9,13,0,10,12,7,23,13,20,11,13,20",0.56,0.6,0.5700000000000001,0.6363636363636364,0.28,0.3888888888888889,0.56,1.1179521083831787
"12,19,9,1,4,17,10,17,19,0,2,16,6,4,9",0.55,0.625,0.5687500000000001,0.5735294117647058,0.39,0.4642857142857143,0.55,1.9450771808624268
"14,12,16,14,14,2,13,3,4,22,15,4,13,18,4",0.545,0.64,0.5687500000000001,0.5371900826446281,0.65,0.5882352941176471,0.545,1.142484426498413
"11,17,3,19,13,1,21,1,16,14,17,15,10,11,2",0.58,0.535,0.56875,0.6025641025641025,0.47,0.5280898876404494,0.58,1.952500820159912
"6,9,20,17,18,17,12,14,13,0,12,20,4,13,23",0.57,0.565,0.56875,0.5945945945945946,0.44,0.5057471264367817,0.57,1.6589491367340088
"3,12,13,12,5,3,6,10,6,1,22,16,15,8,1",0.58,0.53,0.5675000000000001,0.6379310344827587,0.37,0.46835443037974683,0.5800000000000001,1.0779035091400146
"8,14,2,22,14,5,18,3,3,15,16,11,11,14,17",0.565,0.575,0.5674999999999999,0.5730337078651685,0.51,0.5396825396825397,0.565,1.3210995197296143
"10,4,9,9,19,2,10,16,0,0,3,11,10,8,13",0.56,0.59,0.5674999999999999,0.625,0.3,0.40540540540540543,0.5599999999999999,1.3335785865783691
"6,12,5,15,11,20,9,17,9,0,0,22,10,21,15",0.585,0.51,0.5662499999999999,0.5876288659793815,0.57,0.5786802030456852,0.585,1.152791976928711
"10,19,10,15,19,1,6,2,2,3,10,14,9,23,0",0.555,0.6,0.5662499999999999,0.5617977528089888,0.5,0.5291005291005291,0.5549999999999999,1.905778408050537
"19,2,17,5,11,9,10,14,23,1,5,15,6,4,16",0.56,0.58,0.5650000000000001,0.5697674418604651,0.49,0.5268817204301075,0.56,2.131645441055298
"23,17,0,20,12,19,18,2,10,3,4,9,4,12,22",0.57,0.55,0.565,0.5393258426966292,0.96,0.6906474820143885,0.57,3.0537736415863037
"13,14,2,20,10,14,16,20,8,7,15,7,1,21,11",0.575,0.535,0.565,0.5949367088607594,0.47,0.5251396648044693,0.575,1.2832984924316406
"20,3,3,11,8,5,12,2,18,17,16,1,0,16,11",0.565,0.56,0.5637500000000001,0.5375722543352601,0.93,0.6813186813186813,0.5650000000000001,1.4901418685913086
"14,21,9,20,17,1,8,23,7,5,0,8,6,5,12",0.565,0.56,0.5637500000000001,0.5436241610738255,0.81,0.6506024096385542,0.5650000000000001,1.1262023448944092
"15,2,7,7,21,12,3,0,2,16,12,21,8,13,12",0.57,0.545,0.5637500000000001,0.5853658536585366,0.48,0.5274725274725275,0.5700000000000001,1.2338058948516846
"8,21,8,9,0,2,15,19,7,18,16,18,10,2,3",0.57,0.545,0.5637500000000001,0.5897435897435898,0.46,0.5168539325842697,0.5700000000000001,1.4124557971954346
"14,1,2,3,3,5,3,9,4,9,19,12,9,1,17",0.575,0.53,0.56375,0.5789473684210527,0.55,0.5641025641025641,0.575,1.0667674541473389
"15,16,0,8,13,15,13,7,4,17,12,10,3,22,8",0.55,0.605,0.56375,0.7777777777777778,0.14,0.23728813559322035,0.55,1.2588911056518555
"5,23,6,11,10,20,6,12,4,23,10,14,9,4,4",0.55,0.605,0.56375,0.5735294117647058,0.39,0.4642857142857143,0.55,1.2692010402679443
"8,23,9,13,15,8,9,3,13,10,22,16,14,4,6",0.56,0.575,0.56375,0.6304347826086957,0.29,0.3972602739726027,0.5599999999999999,1.16102933883667
"8,20,14,0,6,2,0,4,9,10,20,3,9,0,4",0.555,0.585,0.5625,0.5846153846153846,0.38,0.46060606060606063,0.5549999999999999,0.9817204475402832
"19,3,19,6,13,8,16,6,11,2,4,17,0,20,14",0.535,0.645,0.5625,0.5222929936305732,0.82,0.6381322957198443,0.5349999999999999,3.854593515396118
"17,14,8,14,13,8,13,9,1,6,13,1,14,8,10",0.55,0.6,0.5625,0.5757575757575758,0.38,0.4578313253012048,0.55,1.1486303806304932
"8,3,14,16,1,13,14,0,10,20,14,2,10,18,4",0.56,0.57,0.5625,0.5428571428571428,0.76,0.6333333333333333,0.56,1.168924331665039
"9,11,10,7,1,8,16,13,15,2,16,8,4,21,10",0.57,0.54,0.5625,0.5853658536585366,0.48,0.5274725274725275,0.5700000000000001,1.1552598476409912
"16,5,14,23,7,21,12,14,4,3,8,7,9,5,17",0.565,0.555,0.5625,0.5607476635514018,0.6,0.5797101449275363,0.565,1.1678619384765625
"13,4,10,23,8,14,3,6,9,6,3,3,21,5,6",0.57,0.54,0.5625,0.55,0.77,0.6416666666666667,0.5700000000000001,1.0392718315124512
"11,8,11,4,10,8,3,7,6,10,21,9,10,2,9",0.555,0.585,0.5625,0.582089552238806,0.39,0.46706586826347307,0.5549999999999999,1.139122486114502
"8,5,12,2,18,17,16,1,0,16,11,5,13,18,6",0.555,0.585,0.5625,0.5846153846153846,0.38,0.46060606060606063,0.5549999999999999,1.4587428569793701
"1,18,4,3,7,4,9,17,3,5,1,18,13,1,8",0.56,0.565,0.56125,0.6666666666666666,0.24,0.35294117647058826,0.56,1.6069743633270264
"13,11,9,9,3,23,11,3,6,2,19,8,14,4,0",0.55,0.595,0.56125,0.5390625,0.69,0.6052631578947368,0.5499999999999999,1.147350549697876
"11,9,12,8,17,8,3,11,13,18,9,8,11,13,0",0.57,0.535,0.56125,0.5514705882352942,0.75,0.635593220338983,0.5700000000000001,1.1905207633972168
"7,5,18,8,2,19,17,6,8,9,15,15,17,20,10",0.55,0.595,0.56125,0.5409836065573771,0.66,0.5945945945945946,0.55,1.7264878749847412
"8,19,8,8,18,9,2,19,12,19,9,1,4,17,10",0.565,0.55,0.56125,0.5764705882352941,0.49,0.5297297297297298,0.565,1.2463135719299316
"21,13,23,0,0,17,15,2,16,13,5,1,23,12,6",0.565,0.55,0.56125,0.7241379310344828,0.21,0.32558139534883723,0.5650000000000001,1.3749806880950928
"4,14,11,14,7,4,7,22,8,11,12,16,8,20,9",0.55,0.595,0.56125,0.532051282051282,0.83,0.6484375,0.55,1.1523096561431885
"15,6,3,13,13,20,1,16,10,6,9,20,17,18,17",0.57,0.53,0.56,0.5472972972972973,0.81,0.6532258064516129,0.5700000000000001,1.640944004058838
"16,15,19,11,22,6,14,12,16,11,15,2,16,12,4",0.545,0.605,0.56,0.5260115606936416,0.91,0.6666666666666666,0.545,1.258197546005249
"8,16,11,6,10,15,1,19,5,0,11,10,15,9,6",0.555,0.575,0.5599999999999999,0.5514018691588785,0.59,0.5700483091787439,0.5549999999999999,1.3832626342773438
"8,10,17,14,5,21,14,8,7,7,4,14,1,2,3",0.555,0.575,0.5599999999999999,0.5514018691588785,0.59,0.5700483091787439,0.5549999999999999,1.2483737468719482
"10,18,16,20,10,13,18,15,13,5,9,20,13,3,18",0.55,0.585,0.5587500000000001,0.5490196078431373,0.56,0.5544554455445545,0.55,1.4279768466949463
"13,10,9,5,8,18,8,1,12,21,4,5,7,19,8",0.56,0.555,0.5587500000000001,0.5612244897959183,0.55,0.5555555555555556,0.56,1.070878028869629
"21,2,5,13,1,2,16,18,3,12,4,0,9,2,6",0.565,0.54,0.5587500000000001,0.5384615384615384,0.91,0.6765799256505576,0.5650000000000001,1.4038703441619873
"4,11,3,9,12,19,16,15,5,23,12,13,14,10,2",0.555,0.57,0.55875,0.5591397849462365,0.52,0.538860103626943,0.5549999999999999,1.5857608318328857
"3,7,12,11,3,13,22,0,2,1,4,15,15,14,18",0.565,0.54,0.55875,0.5424836601307189,0.83,0.6561264822134387,0.565,1.1413264274597168
"9,13,21,7,13,13,8,14,8,8,22,13,6,17,13",0.56,0.55,0.5575000000000001,0.5319148936170213,1.0,0.6944444444444444,0.56,1.2794678211212158
"8,16,6,11,2,4,17,0,20,14,20,14,16,18,8",0.545,0.595,0.5575000000000001,0.6285714285714286,0.22,0.32592592592592595,0.545,1.1767828464508057
"10,11,1,20,1,13,13,4,18,15,17,14,3,3,3",0.54,0.61,0.5575,0.5555555555555556,0.4,0.46511627906976744,0.54,1.239626407623291
"5,13,1,2,16,18,3,12,4,0,9,2,6,6,19",0.54,0.61,0.5575,0.5909090909090909,0.26,0.3611111111111111,0.54,1.2728018760681152
"12,23,15,19,2,17,5,11,9,10,14,23,1,5,15",0.555,0.565,0.5574999999999999,0.5523809523809524,0.58,0.5658536585365853,0.5549999999999999,2.033348798751831
"7,17,18,5,6,9,23,13,23,15,0,7,19,8,5",0.54,0.605,0.55625,0.5285714285714286,0.74,0.6166666666666667,0.54,1.3632822036743164
"11,14,2,12,17,1,15,7,7,1,2,13,16,23,17",0.56,0.545,0.55625,0.5882352941176471,0.4,0.47619047619047616,0.56,1.7093181610107422
"19,8,17,14,21,14,11,19,8,9,12,19,3,19,6",0.56,0.54,0.555,1.0,0.12,0.21428571428571427,0.56,3.861006021499634
"5,20,0,9,12,23,15,19,2,17,5,11,9,10,14",0.545,0.585,0.5549999999999999,0.5517241379310345,0.48,0.5133689839572193,0.5449999999999999,1.9997727870941162
"11,8,19,13,3,21,13,18,14,15,4,13,12,9,2",0.545,0.585,0.5549999999999999,0.5420560747663551,0.58,0.5603864734299517,0.5449999999999999,1.244715690612793
"8,19,4,7,11,0,18,1,18,19,5,15,19,15,1",0.535,0.615,0.5549999999999999,0.5284552845528455,0.65,0.5829596412556054,0.535,3.5128469467163086
"8,22,7,0,8,14,1,1,14,19,8,10,1,7,7",0.55,0.565,0.5537500000000001,0.5609756097560976,0.46,0.5054945054945055,0.55,1.15348219871521
"6,23,8,3,14,16,1,13,14,0,10,20,14,2,10",0.555,0.55,0.55375,0.5401459854014599,0.74,0.6244725738396625,0.5549999999999999,1.282789945602417
"6,10,23,13,17,11,12,6,3,3,8,2,13,11,3",0.555,0.55,0.55375,0.539568345323741,0.75,0.6276150627615062,0.5549999999999999,1.057535171508789
"6,12,7,23,8,11,2,4,5,16,21,17,13,2,14",0.56,0.535,0.55375,0.5833333333333334,0.42,0.4883720930232558,0.5599999999999999,1.8884506225585938
"8,2,14,12,16,14,14,2,13,3,4,22,15,4,13",0.555,0.55,0.55375,0.5733333333333334,0.43,0.49142857142857144,0.555,1.123765230178833
"11,10,10,4,16,9,11,3,5,10,19,1,14,6,12",0.555,0.55,0.55375,0.5591397849462365,0.52,0.538860103626943,0.5549999999999999,1.2762982845306396
"15,2,14,21,12,2,20,12,9,16,10,13,10,4,10",0.555,0.545,0.5525,0.5419847328244275,0.71,0.6147186147186147,0.5549999999999999,1.2922418117523193
"4,22,8,14,4,7,19,10,18,0,14,1,4,2,5",0.575,0.485,0.5525,0.6923076923076923,0.27,0.38848920863309355,0.575,1.0450186729431152
"8,6,1,18,19,19,4,18,2,16,4,5,7,9,14",0.55,0.56,0.5525,0.543859649122807,0.62,0.5794392523364486,0.55,6.092198848724365
"14,4,3,5,21,7,17,18,5,6,9,23,13,23,15",0.55,0.56,0.5525,0.7777777777777778,0.14,0.23728813559322035,0.55,1.305567741394043
"20,3,13,13,15,2,12,12,22,15,8,13,11,23,12",0.54,0.585,0.55125,0.8333333333333334,0.1,0.17857142857142858,0.54,1.315225601196289
"21,16,19,11,5,16,20,1,11,1,12,16,5,2,23",0.55,0.55,0.55,0.5284090909090909,0.93,0.6739130434782609,0.55,1.8032643795013428
"8,7,9,9,8,2,14,12,16,14,14,2,13,3,4",0.55,0.55,0.55,0.5833333333333334,0.35,0.4375,0.55,1.1916251182556152
"19,15,21,15,13,9,17,6,19,10,6,8,22,12,21",0.545,0.565,0.55,0.576271186440678,0.34,0.4276729559748428,0.545,2.17427134513855
"2,4,5,6,2,8,9,7,10,0,13,17,17,7,18",0.555,0.535,0.5499999999999999,0.9230769230769231,0.12,0.21238938053097345,0.5549999999999999,1.2544078826904297
"8,1,4,16,5,15,9,8,0,13,14,4,2,9,2",0.555,0.535,0.5499999999999999,0.5846153846153846,0.38,0.46060606060606063,0.5549999999999999,1.068007469177246
"13,5,4,5,2,0,21,9,13,12,7,17,21,6,1",0.55,0.545,0.5487500000000001,0.6041666666666666,0.29,0.3918918918918919,0.55,1.38163161277771
"8,9,10,5,7,2,22,3,3,12,15,18,8,13,10",0.55,0.545,0.5487500000000001,0.5510204081632653,0.54,0.5454545454545454,0.55,1.2608683109283447
"23,12,2,8,20,7,14,11,15,21,1,12,6,17,16",0.55,0.545,0.5487500000000001,0.578125,0.37,0.45121951219512196,0.55,1.187990427017212
"9,4,5,15,11,20,8,17,13,0,0,6,10,21,15",0.565,0.5,0.5487500000000001,0.5384615384615384,0.91,0.6765799256505576,0.5650000000000001,1.1269757747650146
"3,15,5,14,3,0,3,10,13,8,14,5,22,13,12",0.545,0.56,0.5487500000000001,0.5569620253164557,0.44,0.49162011173184356,0.545,1.198105812072754
"8,0,8,17,17,1,9,20,14,6,8,11,13,5,5",0.535,0.59,0.54875,0.5259259259259259,0.71,0.6042553191489362,0.5349999999999999,1.2457056045532229
"14,11,14,2,12,17,1,15,7,7,1,2,13,16,23",0.56,0.51,0.5475000000000001,0.5517241379310345,0.64,0.5925925925925926,0.56,1.2161939144134521
"15,1,5,11,10,10,4,16,9,11,3,5,10,19,1",0.545,0.555,0.5475000000000001,0.5463917525773195,0.53,0.5380710659898477,0.545,1.185084581375122
"8,13,3,11,7,5,18,8,2,19,17,6,8,9,15",0.535,0.585,0.5475,0.5212121212121212,0.86,0.6490566037735849,0.535,1.6732923984527588
"15,8,9,10,0,20,11,9,4,17,15,16,21,9,18",0.55,0.54,0.5475,0.75,0.15,0.25,0.5499999999999999,1.193232774734497
"18,16,8,6,7,21,5,17,0,18,2,14,5,6,16",0.535,0.585,0.5475,0.5333333333333333,0.56,0.5463414634146342,0.535,1.5733695030212402
"14,12,11,18,1,10,5,9,12,2,8,8,16,11,6",0.53,0.595,0.54625,0.532608695652174,0.49,0.5104166666666666,0.53,1.225109577178955
"8,9,12,19,3,19,6,13,8,16,6,11,2,4,17",0.545,0.545,0.545,0.8461538461538461,0.11,0.19469026548672566,0.545,3.6859638690948486
"18,3,16,5,14,23,7,21,12,14,4,3,8,7,9",0.515,0.635,0.5449999999999999,0.5483870967741935,0.17,0.2595419847328244,0.515,1.4064526557922363
"1,1,18,9,16,19,18,17,4,10,19,0,6,0,7",0.545,0.54,0.5437500000000001,0.5957446808510638,0.28,0.38095238095238093,0.545,3.0788187980651855
"10,19,6,5,13,2,3,17,7,4,8,14,7,3,1",0.56,0.495,0.5437500000000001,0.6071428571428571,0.34,0.4358974358974359,0.56,1.1754443645477295
"14,2,16,22,13,1,16,22,17,15,12,13,8,8,5",0.55,0.525,0.54375,0.5490196078431373,0.56,0.5544554455445545,0.55,1.2042036056518555
"3,22,15,13,11,16,0,9,18,14,5,22,7,0,6",0.545,0.54,0.54375,0.7142857142857143,0.15,0.24793388429752067,0.5449999999999999,1.1375021934509277
"11,16,4,23,5,13,0,3,13,1,12,11,23,15,22",0.53,0.585,0.54375,0.5652173913043478,0.26,0.3561643835616438,0.53,1.163517951965332
"19,8,8,18,9,2,19,12,19,9,1,4,17,10,17",0.53,0.585,0.54375,0.5384615384615384,0.42,0.47191011235955055,0.53,1.3689253330230713
"12,15,18,8,13,10,2,20,14,0,14,6,0,5,10",0.535,0.57,0.54375,0.6206896551724138,0.18,0.27906976744186046,0.535,1.1355280876159668
"11,9,3,19,13,1,21,6,15,14,17,15,19,11,6",0.545,0.535,0.5425000000000001,0.5454545454545454,0.54,0.542713567839196,0.545,1.2888095378875732
"12,6,3,3,8,2,13,11,3,22,9,3,3,12,16",0.53,0.58,0.5425,0.5652173913043478,0.26,0.3561643835616438,0.53,1.0314786434173584
"9,13,7,7,21,2,3,9,23,4,12,21,11,13,12",0.51,0.64,0.5425,0.5131578947368421,0.39,0.4431818181818182,0.51,1.150639533996582
"7,0,21,1,0,11,10,4,22,10,20,7,10,20,0",0.54,0.55,0.5425,0.5425531914893617,0.51,0.5257731958762887,0.54,1.0372965335845947
"3,7,4,9,17,3,5,1,18,13,1,8,23,11,9",0.55,0.52,0.5425,0.5274725274725275,0.96,0.6808510638297872,0.55,1.4136030673980713
"14,2,12,17,1,15,7,7,1,2,13,16,23,17,6",0.55,0.52,0.5425,0.5568181818181818,0.49,0.5212765957446809,0.55,1.7450649738311768
"2,6,17,15,8,22,10,12,7,9,19,10,0,6,22",0.535,0.56,0.54125,0.5777777777777777,0.26,0.3586206896551724,0.535,1.23130202293396
"14,16,1,13,14,0,10,20,14,2,10,18,4,5,2",0.535,0.56,0.54125,0.5339805825242718,0.55,0.541871921182266,0.535,1.1693124771118164
"12,3,14,22,13,11,9,9,3,23,11,3,6,2,19",0.53,0.57,0.54,0.5277777777777778,0.57,0.5480769230769231,0.53,1.1078028678894043
"3,12,15,18,8,13,10,2,20,14,0,14,6,0,5",0.535,0.555,0.54,0.6296296296296297,0.17,0.2677165354330709,0.535,1.151155948638916
"4,5,3,21,12,3,10,18,16,20,10,13,18,15,13",0.535,0.555,0.54,0.5185185185185185,0.98,0.6782006920415224,0.535,1.4529662132263184
"18,8,4,6,5,13,8,17,17,9,6,8,7,20,2",0.53,0.565,0.5387500000000001,0.5161290322580645,0.96,0.6713286713286714,0.53,1.330214023590088
"16,9,11,10,7,1,8,16,13,15,2,16,8,4,21",0.55,0.505,0.5387500000000001,0.5675675675675675,0.42,0.4827586206896552,0.55,1.1854784488677979
"14,9,20,16,21,6,2,16,4,9,0,11,3,5,20",0.525,0.58,0.5387500000000001,0.5862068965517241,0.17,0.26356589147286824,0.525,1.4821279048919678
"3,21,13,18,14,15,4,13,12,9,2,6,17,15,8",0.54,0.535,0.5387500000000001,0.5217391304347826,0.96,0.676056338028169,0.54,1.3312294483184814
"9,13,16,21,6,2,5,10,4,4,8,15,11,17,6",0.54,0.53,0.5375000000000001,0.6176470588235294,0.21,0.31343283582089554,0.54,1.3593695163726807
"6,12,6,11,17,13,8,7,3,22,15,13,11,16,0",0.54,0.53,0.5375000000000001,1.0,0.08,0.14814814814814814,0.54,1.2098371982574463
"15,17,21,10,5,5,17,18,9,10,5,21,12,13,14",0.535,0.54,0.53625,0.5432098765432098,0.44,0.4861878453038674,0.535,1.4075007438659668
"5,8,18,8,1,12,21,4,5,7,19,8,4,1,6",0.55,0.495,0.53625,0.55,0.55,0.55,0.55,1.0157759189605713
"18,1,10,5,4,4,2,8,8,16,11,6,10,15,1",0.55,0.495,0.53625,0.5390625,0.69,0.6052631578947368,0.5499999999999999,1.2807857990264893
"10,20,14,2,10,18,4,5,2,3,6,3,0,6,19",0.54,0.525,0.53625,0.521978021978022,0.95,0.6737588652482269,0.54,2.5677952766418457
"4,0,5,0,15,21,13,13,10,5,10,19,0,2,18",0.52,0.58,0.535,0.5172413793103449,0.6,0.5555555555555556,0.52,2.3892135620117188
"10,3,20,3,6,2,7,14,9,19,3,8,23,2,1",0.535,0.535,0.535,0.5214723926380368,0.85,0.6463878326996197,0.535,1.2070677280426023
"16,21,2,16,9,8,18,13,19,6,1,7,1,4,7",0.525,0.565,0.535,0.631578947368421,0.12,0.20168067226890757,0.525,1.5797441005706787
"13,20,0,10,21,3,10,22,11,0,10,4,8,5,20",0.545,0.505,0.5349999999999999,0.5494505494505495,0.5,0.5235602094240838,0.5449999999999999,1.095853567123413
"2,8,10,7,6,20,4,10,12,5,22,1,7,9,23",0.54,0.515,0.5337500000000001,0.7222222222222222,0.13,0.22033898305084745,0.54,1.0846095085144043
"6,3,3,22,13,17,13,10,18,11,9,2,2,10,8",0.525,0.56,0.5337500000000001,0.6190476190476191,0.13,0.21487603305785125,0.525,1.2752978801727295
"22,2,7,15,18,17,11,13,9,1,21,1,12,17,22",0.54,0.515,0.5337500000000001,0.5238095238095238,0.88,0.6567164179104478,0.54,1.434661865234375
"3,19,6,13,8,16,6,11,2,4,17,0,20,14,20",0.54,0.515,0.5337500000000001,0.53125,0.68,0.5964912280701754,0.54,1.434046983718872
"9,9,8,2,14,12,16,14,14,2,13,3,4,22,15",0.535,0.53,0.53375,0.5327102803738317,0.57,0.5507246376811594,0.5349999999999999,1.1207356452941895
"22,5,3,12,17,10,20,15,14,0,14,10,18,13,18",0.525,0.555,0.5325000000000001,0.5170068027210885,0.76,0.6153846153846154,0.525,1.1554417610168457
"5,8,15,14,14,4,6,14,11,16,4,23,5,13,0",0.54,0.51,0.5325,0.6428571428571429,0.18,0.28125,0.54,1.1800775527954102
"8,23,6,2,6,6,3,1,12,7,10,9,21,0,1",0.535,0.525,0.5325,0.5360824742268041,0.52,0.5279187817258884,0.535,1.0363407135009766
"5,15,9,8,0,13,14,4,2,9,2,19,4,11,3",0.535,0.525,0.5325,0.5411764705882353,0.46,0.4972972972972973,0.535,1.1775195598602295
"14,5,21,14,8,7,7,4,14,1,2,3,3,5,3",0.555,0.465,0.5325,0.6896551724137931,0.2,0.31007751937984496,0.555,1.1107990741729736
"11,7,18,17,9,16,5,9,1,2,8,1,21,7,17",0.54,0.51,0.5325,0.5645161290322581,0.35,0.43209876543209874,0.54,1.3253607749938965
"19,8,3,14,12,8,22,3,12,5,16,11,0,19,6",0.535,0.525,0.5325,0.6842105263157895,0.13,0.2184873949579832,0.5349999999999999,1.4095323085784912
"9,13,15,8,9,3,13,10,22,16,14,4,6,14,23",0.535,0.52,0.53125,0.5777777777777777,0.26,0.3586206896551724,0.535,1.095536231994629
"2,19,12,0,22,11,15,4,8,10,20,9,21,13,18",0.52,0.565,0.53125,0.5476190476190477,0.23,0.323943661971831,0.52,1.494096040725708
"1,18,11,17,5,6,4,22,8,14,4,7,19,10,18",0.535,0.52,0.53125,0.6842105263157895,0.13,0.2184873949579832,0.5349999999999999,1.1199705600738525
"16,18,17,1,8,5,13,15,0,11,1,14,3,8,1",0.535,0.52,0.53125,0.5360824742268041,0.52,0.5279187817258884,0.535,1.5744400024414062
"6,2,2,3,10,14,9,23,0,4,10,18,14,4,19",0.535,0.52,0.53125,0.5454545454545454,0.42,0.4745762711864407,0.535,1.237555980682373
"5,3,12,17,10,20,15,14,0,14,10,18,13,18,15",0.525,0.545,0.53,0.6,0.15,0.24,0.525,1.1628837585449219
"4,16,1,3,15,5,14,3,0,19,10,19,8,11,5",0.555,0.455,0.53,0.5555555555555556,0.55,0.5527638190954773,0.555,1.4051408767700195
"0,17,15,2,16,13,5,1,23,12,6,3,1,11,22",0.54,0.5,0.53,0.521978021978022,0.95,0.6737588652482269,0.54,1.4400405883789062
"21,13,13,10,5,10,19,0,2,18,16,8,6,7,21",0.53,0.53,0.53,1.0,0.06,0.11320754716981132,0.53,2.7052578926086426
"5,16,21,17,13,2,14,10,16,4,12,11,8,13,21",0.53,0.53,0.53,0.5333333333333333,0.48,0.5052631578947369,0.53,1.7920708656311035
"9,4,17,0,3,12,9,10,22,12,5,22,2,12,1",0.53,0.53,0.53,0.5234375,0.67,0.5877192982456141,0.53,1.0786247253417969
"11,9,3,19,13,1,21,1,15,14,3,15,10,11,6",0.545,0.48,0.52875,0.5384615384615384,0.63,0.5806451612903226,0.545,1.1745243072509766
"14,12,11,18,1,10,5,16,4,2,8,8,5,11,6",0.525,0.54,0.52875,0.6,0.15,0.24,0.525,1.1414997577667236
"8,12,10,22,17,12,16,15,8,8,2,5,1,19,6",0.535,0.51,0.52875,0.528,0.66,0.5866666666666667,0.535,1.086716651916504
"23,4,4,11,2,2,13,14,18,6,11,6,5,6,15",0.53,0.525,0.52875,0.75,0.09,0.1607142857142857,0.53,1.3231782913208008
"10,15,9,6,4,0,19,8,6,1,18,19,19,4,18",0.535,0.51,0.52875,0.5777777777777777,0.26,0.3586206896551724,0.535,5.943350791931152
"7,3,9,16,6,3,22,12,3,16,21,16,10,8,19",0.515,0.57,0.52875,0.5095541401273885,0.8,0.622568093385214,0.515,1.3315680027008057
"4,15,20,8,2,11,7,18,17,9,16,5,9,1,2",0.54,0.495,0.52875,0.5285714285714286,0.74,0.6166666666666667,0.54,1.4647669792175293
"22,8,22,7,0,8,14,1,1,14,19,8,10,1,7",0.525,0.535,0.5275000000000001,0.5454545454545454,0.3,0.3870967741935484,0.525,1.1040959358215332
"14,10,16,18,17,10,8,11,13,5,0,11,10,14,3",0.495,0.625,0.5275,0.4959349593495935,0.61,0.547085201793722,0.495,1.584897756576538
"3,12,17,10,20,15,14,0,14,10,18,13,18,15,3",0.525,0.53,0.5262500000000001,0.6923076923076923,0.09,0.1592920353982301,0.525,1.2959163188934326
"8,14,13,8,13,9,1,6,13,1,14,8,10,8,4",0.525,0.53,0.5262500000000001,0.5238095238095238,0.55,0.5365853658536586,0.525,1.0477542877197266
"5,15,3,12,13,12,5,3,6,10,6,1,22,16,15",0.535,0.5,0.52625,0.5244755244755245,0.75,0.6172839506172839,0.535,1.0872855186462402
"11,7,4,13,18,3,16,5,14,23,7,21,12,14,4",0.53,0.515,0.52625,0.875,0.07,0.12962962962962962,0.53,1.2190947532653809
"18,8,13,10,2,20,14,0,14,6,0,5,10,0,0",0.495,0.62,0.52625,0.4943820224719101,0.44,0.4656084656084656,0.495,1.2744858264923096
"0,2,1,4,4,15,2,1,1,13,10,7,1,23,1",0.53,0.515,0.52625,0.55,0.33,0.4125,0.53,1.0819077491760254
"13,23,2,6,14,9,8,4,3,2,11,12,12,15,8",0.53,0.515,0.52625,0.5230769230769231,0.68,0.591304347826087,0.53,1.134361982345581
"9,10,5,21,12,13,14,23,8,18,0,5,14,7,23",0.52,0.54,0.525,0.5103092783505154,0.99,0.673469387755102,0.52,1.142716407775879
"7,9,14,8,7,9,9,8,2,14,12,16,14,14,2",0.52,0.54,0.525,0.5227272727272727,0.46,0.48936170212765956,0.52,1.1560685634613037
"3,15,11,18,1,0,5,10,4,8,8,8,22,11,6",0.515,0.555,0.5249999999999999,0.5211267605633803,0.37,0.4327485380116959,0.515,1.3456156253814697
"0,8,6,5,12,22,16,4,12,1,8,12,14,0,23",0.525,0.52,0.52375,0.631578947368421,0.12,0.20168067226890757,0.525,1.0179977416992188
"7,3,1,13,8,16,15,22,4,10,15,14,19,3,4",0.525,0.52,0.52375,0.5287356321839081,0.46,0.4919786096256685,0.525,1.2455308437347412
"7,15,8,9,10,0,20,11,9,4,17,15,16,21,9",0.525,0.52,0.52375,0.5294117647058824,0.45,0.4864864864864865,0.525,1.2023077011108398
"13,8,2,11,8,11,4,10,8,3,7,6,10,21,9",0.53,0.505,0.52375,0.5238095238095238,0.66,0.584070796460177,0.53,1.0802350044250488
"8,17,14,21,14,11,19,8,9,12,19,3,19,6,13",0.51,0.565,0.5237499999999999,0.5083333333333333,0.61,0.5545454545454546,0.51,3.6617319583892822
"14,19,14,11,7,4,15,4,23,8,19,8,8,18,9",0.51,0.565,0.5237499999999999,0.6666666666666666,0.04,0.07547169811320754,0.51,1.251032829284668
"2,17,5,11,9,10,14,23,1,5,15,6,4,16,17",0.525,0.515,0.5225000000000001,0.6923076923076923,0.09,0.1592920353982301,0.525,1.2603707313537598
"9,2,6,17,15,8,22,10,12,7,9,19,10,0,6",0.525,0.515,0.5225000000000001,0.5172413793103449,0.75,0.6122448979591837,0.525,1.2435998916625977
"7,4,14,1,2,3,3,5,3,9,4,9,19,12,9",0.53,0.5,0.5225,0.5625,0.27,0.36486486486486486,0.53,1.0540215969085693
"15,2,16,12,4,1,3,5,1,18,8,6,0,13,10",0.53,0.5,0.5225,1.0,0.06,0.11320754716981132,0.53,1.076500654220581
"7,4,8,14,7,3,1,13,8,16,15,22,4,10,15",0.53,0.5,0.5225,0.5625,0.27,0.36486486486486486,0.53,1.2033934593200684
"11,0,18,1,18,19,5,15,19,15,1,10,1,9,21",0.505,0.575,0.5225,0.5046728971962616,0.54,0.5217391304347826,0.505,3.4102141857147217
"8,10,22,5,3,12,17,10,20,15,14,0,14,10,18",0.52,0.53,0.5225,0.5227272727272727,0.46,0.48936170212765956,0.52,1.1177136898040771
"9,13,16,21,6,2,1,9,14,4,5,15,11,17,6",0.51,0.56,0.5225,0.5073529411764706,0.69,0.5847457627118644,0.51,1.347900390625
"3,3,8,2,13,11,3,22,9,3,3,12,16,14,19",0.525,0.51,0.52125,0.5217391304347826,0.6,0.5581395348837209,0.525,1.1535425186157227
"14,8,20,10,19,10,15,19,1,6,2,2,3,10,14",0.525,0.51,0.52125,0.5213675213675214,0.61,0.5622119815668203,0.525,1.8329017162322998
"18,8,23,6,2,6,6,3,1,12,7,10,9,21,0",0.525,0.51,0.52125,0.5714285714285714,0.2,0.2962962962962963,0.525,1.1876473426818848
"12,2,4,15,6,3,20,9,22,16,14,11,4,12,18",0.535,0.48,0.52125,0.5853658536585366,0.24,0.3404255319148936,0.5349999999999999,1.1090466976165771
"13,23,7,19,13,1,7,15,10,16,5,23,6,11,10",0.52,0.525,0.52125,0.5166666666666667,0.62,0.5636363636363636,0.52,1.1574039459228516
"10,11,1,14,11,17,21,8,6,2,16,3,6,12,10",0.51,0.55,0.52,0.5111111111111111,0.46,0.4842105263157895,0.51,1.1013011932373047
"21,7,2,2,20,7,9,1,12,14,20,16,15,11,14",0.525,0.505,0.52,0.5135135135135135,0.95,0.6666666666666666,0.525,1.2606205940246582
"2,8,8,16,11,6,10,15,1,19,5,0,11,10,15",0.525,0.505,0.52,0.631578947368421,0.12,0.20168067226890757,0.525,1.3246817588806152
"6,1,18,19,19,4,18,2,16,4,5,7,9,14,8",0.525,0.505,0.52,0.6666666666666666,0.1,0.17391304347826086,0.525,6.272682428359985
"18,16,5,7,4,16,17,15,4,12,14,7,19,10,10",0.52,0.515,0.51875,0.5106382978723404,0.96,0.6666666666666666,0.52,1.3589274883270264
"8,3,12,15,18,17,12,9,22,1,9,16,4,22,1",0.505,0.56,0.51875,0.5135135135135135,0.19,0.2773722627737226,0.505,1.5382988452911377
"9,8,3,12,15,18,17,12,9,22,1,9,16,4,22",0.495,0.59,0.5187499999999999,0.4948453608247423,0.48,0.4873096446700508,0.495,1.6104202270507812
"3,14,22,13,11,9,9,3,23,11,3,6,2,19,8",0.5,0.57,0.5175000000000001,0.5,0.29,0.3670886075949367,0.5,1.1061313152313232
"7,15,22,17,21,9,4,10,14,20,7,13,2,4,1",0.52,0.51,0.5175000000000001,0.6,0.12,0.2,0.52,1.3946404457092285
"23,9,5,21,0,17,3,6,22,15,2,1,12,1,5",0.52,0.51,0.5175000000000001,0.5666666666666667,0.17,0.26153846153846155,0.52,1.1027271747589111
"16,13,5,1,23,12,6,3,1,11,22,5,15,10,16",0.525,0.495,0.5175,0.5373134328358209,0.36,0.4311377245508982,0.5249999999999999,1.1949090957641602
"22,5,12,19,17,4,17,11,13,15,13,17,19,8,23",0.505,0.55,0.5162500000000001,0.5555555555555556,0.05,0.09174311926605505,0.505,2.429687976837158
"9,20,9,22,4,2,2,15,22,6,3,15,11,13,5",0.525,0.49,0.5162500000000001,0.5675675675675675,0.21,0.30656934306569344,0.525,1.1216497421264648
"15,22,17,21,9,4,10,14,20,7,13,2,4,1,22",0.505,0.55,0.5162500000000001,0.5074626865671642,0.34,0.40718562874251496,0.505,1.3666467666625977
"16,8,6,7,21,5,17,0,18,2,14,5,6,16,13",0.525,0.49,0.5162500000000001,0.515527950310559,0.83,0.6360153256704981,0.525,1.3236656188964844
"3,22,8,22,7,0,8,14,1,1,14,19,8,10,1",0.515,0.52,0.51625,0.5079365079365079,0.96,0.6643598615916955,0.515,1.1428158283233643
"20,16,12,14,11,15,3,22,13,10,14,17,18,19,0",0.52,0.505,0.51625,0.5102040816326531,1.0,0.6756756756756757,0.52,2.705061197280884
"20,14,17,14,8,14,13,8,13,9,1,6,13,1,14",0.515,0.52,0.51625,0.5085714285714286,0.89,0.6472727272727272,0.515,1.1286287307739258
"19,13,1,7,15,10,16,5,23,6,11,10,20,6,12",0.535,0.46,0.51625,0.5339805825242718,0.55,0.541871921182266,0.535,1.4344210624694824
"1,18,19,19,4,18,2,16,4,5,7,9,14,8,7",0.52,0.505,0.51625,0.75,0.06,0.1111111111111111,0.52,6.295866966247559
"17,11,19,8,11,10,4,10,9,13,0,10,12,7,23",0.5,0.565,0.51625,0.5,0.44,0.46808510638297873,0.5,1.1503894329071045
"10,4,2,22,5,9,1,11,9,19,12,4,11,4,22",0.505,0.55,0.51625,0.5027322404371585,0.92,0.6501766784452296,0.505,1.106541633605957
"12,4,23,10,14,9,4,4,11,3,9,12,19,16,15",0.495,0.575,0.5149999999999999,0.4935064935064935,0.38,0.4293785310734463,0.495,1.328571081161499
"10,15,19,1,6,2,2,3,10,14,9,23,0,4,10",0.5,0.555,0.5137499999999999,0.5,0.15,0.23076923076923078,0.5,1.7103853225708008
"18,2,8,10,0,13,0,2,1,4,4,15,2,1,1",0.515,0.51,0.5137499999999999,0.5083798882681564,0.91,0.6523297491039427,0.515,1.1814517974853516
"23,16,21,2,3,7,9,9,20,9,22,4,2,2,15",0.515,0.51,0.5137499999999999,0.5076142131979695,1.0,0.6734006734006734,0.515,1.645658254623413
"20,10,11,13,17,4,23,15,9,8,21,1,12,19,1",0.515,0.51,0.5137499999999999,0.5076923076923077,0.99,0.6711864406779661,0.515,1.657533884048462
"19,9,22,11,6,1,3,2,3,9,3,19,9,7,20",0.515,0.505,0.5125,0.5096774193548387,0.79,0.6196078431372549,0.515,1.474452257156372
"2,6,14,9,8,4,3,2,11,12,12,15,8,9,4",0.51,0.52,0.5125,0.625,0.05,0.09259259259259259,0.51,1.103125810623169
"8,1,12,21,4,5,7,19,8,4,1,6,3,3,22",0.51,0.52,0.5125,0.5056818181818182,0.89,0.644927536231884,0.51,1.0089809894561768
"19,1,6,2,2,3,10,14,9,23,0,4,10,18,14",0.535,0.445,0.5125,0.5267175572519084,0.69,0.5974025974025974,0.5349999999999999,1.9553754329681396
"12,10,3,22,8,22,7,0,8,14,1,1,14,19,8",0.51,0.515,0.51125,0.5071428571428571,0.71,0.5916666666666667,0.51,1.1130256652832031
"3,3,11,8,5,12,2,18,17,16,1,0,16,11,5",0.51,0.515,0.51125,0.5625,0.09,0.15517241379310345,0.51,1.4110138416290283
"21,5,17,0,18,2,14,5,6,16,13,21,8,12,10",0.505,0.53,0.51125,0.6666666666666666,0.02,0.038834951456310676,0.505,2.4030349254608154
"19,8,10,1,7,7,11,15,8,5,1,13,19,2,7",0.515,0.5,0.51125,0.8,0.04,0.0761904761904762,0.515,1.4358365535736084
"5,6,6,8,9,0,17,5,18,14,3,18,8,20,5",0.505,0.53,0.51125,0.5050505050505051,0.5,0.5025125628140703,0.505,1.387463092803955
"9,8,2,14,12,16,14,14,2,13,3,4,22,15,4",0.525,0.47,0.51125,0.5641025641025641,0.22,0.31654676258992803,0.525,1.1715044975280762
"7,3,22,15,13,11,16,0,9,18,14,5,22,7,0",0.51,0.515,0.51125,0.5111111111111111,0.46,0.4842105263157895,0.51,1.1222236156463623
"20,15,23,7,0,21,1,0,11,10,4,22,10,20,7",0.515,0.5,0.51125,0.7142857142857143,0.05,0.09345794392523364,0.515,1.1131370067596436
"3,6,7,15,11,16,1,16,18,19,12,7,20,15,13",0.52,0.485,0.51125,0.5227272727272727,0.46,0.48936170212765956,0.52,2.491699457168579
"13,9,1,6,13,1,14,8,10,8,4,22,9,8,5",0.52,0.48,0.51,0.5123456790123457,0.83,0.6335877862595419,0.52,1.0702173709869385
"9,23,13,23,15,0,7,19,8,5,8,15,14,14,4",0.51,0.51,0.51,0.5357142857142857,0.15,0.234375,0.51,1.1341400146484375
"9,6,4,0,19,8,6,1,18,19,19,4,18,2,16",0.52,0.48,0.51,0.5476190476190477,0.23,0.323943661971831,0.52,6.064169645309448
"4,22,7,21,2,14,8,11,2,21,8,10,14,13,0",0.5,0.54,0.51,0.5,0.8,0.6153846153846154,0.5,1.057652235031128
"20,0,9,12,23,15,19,2,17,5,11,9,10,14,23",0.51,0.51,0.51,0.5051020408163265,0.99,0.668918918918919,0.51,1.894667148590088
"3,8,2,13,11,3,22,9,3,3,12,16,14,19,19",0.51,0.51,0.51,0.5625,0.09,0.15517241379310345,0.51,3.464125633239746
"1,6,7,6,12,1,14,14,22,9,2,13,8,1,23",0.51,0.51,0.51,0.52,0.26,0.3466666666666667,0.51,1.0769453048706055
"0,8,13,15,13,7,4,17,12,10,3,22,8,22,7",0.51,0.51,0.51,0.75,0.03,0.057692307692307696,0.51,1.1323943138122559
"0,11,1,14,3,8,1,6,23,8,3,14,16,1,13",0.485,0.585,0.51,0.48695652173913045,0.56,0.5209302325581395,0.485,1.138209581375122
"11,14,16,7,15,1,13,4,10,23,8,14,3,6,9",0.495,0.555,0.51,0.49624060150375937,0.66,0.5665236051502146,0.495,1.1628921031951904
"5,18,18,8,4,6,5,13,8,17,17,9,6,8,7",0.505,0.525,0.51,0.6,0.03,0.05714285714285714,0.505,1.8965377807617188
"23,0,0,17,15,2,16,13,5,1,23,12,6,3,1",0.49,0.565,0.50875,0.4943181818181818,0.87,0.6304347826086957,0.49,2.1069161891937256
"5,13,8,17,17,9,6,8,7,20,2,1,9,6,20",0.51,0.505,0.50875,0.5625,0.09,0.15517241379310345,0.51,1.196821928024292
"15,2,17,15,8,22,10,12,7,9,19,10,0,6,22",0.505,0.52,0.50875,1.0,0.01,0.019801980198019802,0.505,1.2270750999450684
"9,5,8,18,8,1,12,21,4,5,7,19,8,4,1",0.505,0.515,0.5075000000000001,0.5033112582781457,0.76,0.6055776892430279,0.505,1.0231890678405762
"11,15,19,10,4,2,22,5,9,1,11,9,19,12,4",0.5,0.53,0.5075000000000001,0.5,0.94,0.6527777777777778,0.5,1.3423423767089844
"1,3,1,22,14,12,11,18,1,10,5,4,4,2,8",0.505,0.515,0.5075000000000001,0.5172413793103449,0.15,0.23255813953488372,0.505,1.2673983573913574
"10,2,6,23,15,12,13,8,2,11,8,11,4,10,8",0.51,0.5,0.5075000000000001,0.5454545454545454,0.12,0.19672131147540983,0.51,1.0804154872894287
"13,17,11,12,6,3,3,8,2,13,11,3,22,9,3",0.505,0.515,0.5075000000000001,0.5072463768115942,0.35,0.41420118343195267,0.505,1.098667860031128
"7,9,19,10,0,6,22,9,19,1,0,13,11,4,10",0.515,0.485,0.5075,0.5405405405405406,0.2,0.291970802919708,0.515,1.2045602798461914
"16,1,3,15,5,14,3,0,19,10,19,8,11,5,22",0.495,0.545,0.5075,0.49557522123893805,0.56,0.5258215962441315,0.495,1.3602123260498047
"3,4,4,21,5,16,5,10,5,8,18,0,12,12,12",0.505,0.51,0.5062500000000001,0.5025380710659898,0.99,0.6666666666666666,0.505,1.3805320262908936
"18,16,5,20,4,16,17,15,4,12,14,7,19,10,10",0.485,0.57,0.5062500000000001,0.48717948717948717,0.57,0.5253456221198156,0.485,1.4453959465026855
"5,13,2,3,17,7,4,8,14,7,3,1,13,8,16",0.505,0.51,0.5062500000000001,0.509090909090909,0.28,0.36129032258064514,0.505,1.1518676280975342
"20,7,2,4,5,6,2,8,9,7,10,0,13,17,17",0.505,0.51,0.5062500000000001,1.0,0.01,0.019801980198019802,0.505,1.1875441074371338
"5,2,16,18,17,1,20,12,13,15,0,11,1,4,3",0.5,0.525,0.50625,0.5,0.82,0.6212121212121212,0.5,1.5886716842651367
"5,23,12,13,14,10,2,16,5,10,15,11,23,5,5",0.51,0.495,0.50625,0.5050505050505051,1.0,0.6711409395973155,0.51,1.2501630783081055
"10,23,8,14,3,6,9,6,3,3,21,5,6,16,19",0.51,0.495,0.50625,0.5056179775280899,0.9,0.6474820143884892,0.51,1.4755594730377197
"7,23,8,11,2,4,5,16,21,17,13,2,14,10,16",0.49,0.555,0.50625,0.4666666666666667,0.14,0.2153846153846154,0.49,1.714400053024292
"1,5,11,10,10,4,16,9,11,3,5,10,19,1,14",0.5,0.52,0.505,0.5,0.62,0.5535714285714286,0.5,1.2523324489593506
"0,12,7,14,8,20,10,19,10,15,19,1,6,2,2",0.51,0.49,0.505,0.5051020408163265,0.99,0.668918918918919,0.51,1.7389893531799316
"5,11,10,10,4,16,9,11,3,5,10,19,1,14,6",0.49,0.55,0.505,0.4941860465116279,0.85,0.625,0.49,1.3282158374786377
"4,5,7,19,8,4,1,6,3,3,22,13,17,13,10",0.51,0.49,0.505,0.5111111111111111,0.46,0.4842105263157895,0.51,1.13417387008667
"7,4,14,18,4,1,8,19,2,0,11,15,13,21,15",0.51,0.49,0.505,0.5051020408163265,0.99,0.668918918918919,0.51,1.2770631313323975
"15,1,13,4,10,23,8,14,3,6,9,6,3,3,21",0.505,0.505,0.505,0.6666666666666666,0.02,0.038834951456310676,0.505,1.2671196460723877
"9,3,0,7,21,12,3,10,23,16,12,21,8,13,12",0.51,0.49,0.505,0.5053191489361702,0.95,0.6597222222222222,0.51,1.20094633102417
"4,7,19,10,18,0,14,1,4,2,5,0,1,10,20",0.505,0.505,0.505,0.5185185185185185,0.14,0.2204724409448819,0.505,1.0165255069732666
"17,6,8,9,15,15,17,20,10,11,13,17,4,23,15",0.49,0.55,0.505,0.49,0.49,0.49,0.49,1.5609564781188965
"1,9,13,16,1,18,11,17,5,6,4,22,8,14,4",0.505,0.5,0.50375,0.5025125628140703,1.0,0.6688963210702341,0.505,1.3068828582763672
"13,12,8,21,2,5,13,1,2,16,18,3,12,4,0",0.505,0.5,0.50375,0.5025125628140703,1.0,0.6688963210702341,0.505,1.3123548030853271
"6,10,15,1,19,5,0,11,10,15,9,6,4,0,19",0.505,0.5,0.50375,0.5025125628140703,1.0,0.6688963210702341,0.505,1.1650733947753906
"6,14,9,8,4,3,2,11,12,12,15,8,9,4,15",0.505,0.5,0.50375,0.5025125628140703,1.0,0.6688963210702341,0.505,1.163208246231079
"3,8,8,10,5,23,8,17,6,13,3,7,0,17,0",0.505,0.5,0.50375,1.0,0.01,0.019801980198019802,0.505,1.3919293880462646
"14,7,13,11,6,19,19,8,17,14,21,14,11,19,8",0.505,0.5,0.50375,1.0,0.01,0.019801980198019802,0.505,3.575923442840576
"1,11,23,13,23,7,19,13,1,7,15,10,16,5,23",0.505,0.5,0.50375,1.0,0.01,0.019801980198019802,0.505,1.1633777618408203
"7,4,15,22,11,7,13,23,2,6,14,9,8,4,3",0.505,0.5,0.50375,0.5025641025641026,0.98,0.6644067796610169,0.505,1.1214079856872559
"12,5,3,6,10,6,1,22,16,15,8,1,4,16,5",0.505,0.5,0.50375,0.6,0.03,0.05714285714285714,0.505,1.05010986328125
"20,9,17,9,0,0,22,10,21,15,20,3,10,9,3",0.51,0.485,0.50375,0.5294117647058824,0.18,0.26865671641791045,0.51,1.2008991241455078
"3,23,5,6,10,23,13,17,11,12,6,3,3,8,2",0.505,0.5,0.50375,1.0,0.01,0.019801980198019802,0.505,1.1728665828704834
"8,13,10,2,20,14,0,14,6,0,5,10,0,0,20",0.5,0.515,0.50375,0.5,0.64,0.5614035087719298,0.5,1.0288605690002441
"8,5,8,15,14,14,4,6,14,11,16,4,23,5,13",0.505,0.5,0.50375,0.5025125628140703,1.0,0.6688963210702341,0.505,1.0814499855041504
"7,13,11,6,19,19,8,17,14,21,14,11,19,8,9",0.505,0.495,0.5025000000000001,0.5025125628140703,1.0,0.6688963210702341,0.505,3.5489773750305176
"8,19,13,3,21,13,18,14,15,4,13,12,9,2,6",0.5,0.51,0.5025,0.5,1.0,0.6666666666666666,0.5,1.4471189975738525
"2,3,17,7,4,8,14,7,3,1,13,8,16,15,22",0.5,0.51,0.5025,0.5,0.06,0.10714285714285714,0.5,1.224046230316162
"4,1,23,7,2,20,7,2,4,5,6,2,8,9,7",0.5,0.505,0.50125,0.0,0.0,0.0,0.5,1.055056095123291
"22,7,21,2,14,8,11,2,21,8,10,14,13,0,14",0.495,0.52,0.50125,0.4972375690607735,0.9,0.6405693950177936,0.495,1.1405775547027588
"18,2,1,8,15,3,10,7,4,14,18,4,1,8,19",0.5,0.505,0.50125,0.5,0.01,0.0196078431372549,0.5,1.3528668880462646
"6,19,6,6,8,8,11,7,15,18,4,13,2,4,9",0.5,0.505,0.50125,0.0,0.0,0.0,0.5,1.3423385620117188
"9,20,17,1,8,23,7,5,0,8,6,5,12,22,16",0.5,0.505,0.50125,0.0,0.0,0.0,0.5,1.1019785404205322
"1,18,3,4,0,5,0,15,21,13,13,10,5,10,19",0.505,0.49,0.50125,0.5027027027027027,0.93,0.6526315789473685,0.505,1.2982192039489746
"2,2,3,10,14,9,23,0,4,10,18,14,4,19,2",0.5,0.505,0.50125,0.0,0.0,0.0,0.5,1.365537405014038
"5,4,5,15,11,1,9,5,9,15,0,6,1,21,15",0.5,0.505,0.50125,0.5,1.0,0.6666666666666666,0.5,1.279876947402954
"7,4,13,18,3,16,5,14,23,7,21,12,14,4,3",0.5,0.5,0.5,0.5,1.0,0.6666666666666666,0.5,1.2282307147979736
"22,1,10,1,7,0,6,16,14,12,8,1,7,6,22",0.5,0.5,0.5,0.0,0.0,0.0,0.5,1.0978872776031494
"9,1,6,13,1,14,8,10,8,4,22,9,8,5,19",0.5,0.5,0.5,0.5,1.0,0.6666666666666666,0.5,1.0369315147399902
"3,12,15,18,17,12,9,22,1,9,16,4,22,1,1",0.5,0.5,0.5,0.5,1.0,0.6666666666666666,0.5,1.618363380432129
"2,2,20,7,9,1,12,14,20,16,15,11,14,16,7",0.5,0.5,0.5,0.0,0.0,0.0,0.5,1.2439069747924805
"7,3,4,4,21,5,16,5,10,5,8,18,0,12,12",0.5,0.5,0.5,0.5,1.0,0.6666666666666666,0.5,1.0371599197387695
"6,2,0,4,9,10,20,3,9,0,4,6,14,14,0",0.5,0.5,0.5,0.0,0.0,0.0,0.5,0.9814858436584473
"23,2,14,11,12,2,20,12,9,16,10,13,10,4,15",0.5,0.5,0.5,0.0,0.0,0.0,0.5,1.5017967224121094
"16,16,21,2,16,9,8,18,13,19,6,1,7,1,4",0.5,0.5,0.5,0.0,0.0,0.0,0.5,1.6097416877746582
"21,10,2,6,23,15,12,13,8,2,11,8,11,4,10",0.5,0.5,0.5,0.5,1.0,0.6666666666666666,0.5,1.253896713256836
"5,0,11,10,15,9,6,4,0,19,8,6,1,18,19",0.5,0.5,0.5,0.5,1.0,0.6666666666666666,0.5,2.33689022064209
"23,2,13,7,3,4,4,21,5,16,5,10,5,8,18",0.5,0.5,0.5,0.5,1.0,0.6666666666666666,0.5,1.3841784000396729
"8,4,13,21,1,7,22,4,15,20,7,4,15,22,11",0.5,0.5,0.5,0.5,1.0,0.6666666666666666,0.5,1.098794937133789
"15,13,7,4,17,12,10,3,22,8,22,7,0,8,14",0.5,0.5,0.5,0.5,1.0,0.6666666666666666,0.5,1.2087163925170898
"0,1,10,20,8,5,17,12,3,14,22,13,11,9,9",0.5,0.5,0.5,0.0,0.0,0.0,0.5,1.0766370296478271
"20,16,13,2,18,15,15,5,18,18,8,4,6,5,13",0.5,0.5,0.5,0.5,1.0,0.6666666666666666,0.5,1.8064653873443604
"1,7,7,11,15,8,5,1,13,19,2,7,2,0,14",0.5,0.5,0.5,0.0,0.0,0.0,0.5,1.2427294254302979
"8,17,17,9,6,8,7,20,2,1,9,6,20,12,2",0.505,0.485,0.5,0.5217391304347826,0.12,0.1951219512195122,0.505,1.1689763069152832
"20,9,15,23,10,14,10,0,19,5,10,5,7,8,19",0.5,0.5,0.5,0.0,0.0,0.0,0.5,1.2194645404815674
"2,12,17,1,15,7,7,1,2,13,16,23,17,6,18",0.5,0.5,0.5,0.5,1.0,0.6666666666666666,0.5,2.230097770690918
"8,22,12,21,8,10,10,8,10,22,0,14,3,22,15",0.5,0.5,0.5,0.5,1.0,0.6666666666666666,0.5,1.1502766609191895
"1,10,13,12,8,21,2,5,13,1,2,16,18,3,12",0.5,0.5,0.5,0.0,0.0,0.0,0.5,1.190993309020996
"21,8,10,10,8,10,22,0,14,3,22,15,20,10,18",0.5,0.5,0.5,0.5,1.0,0.6666666666666666,0.5,1.122992992401123
"8,8,3,4,9,14,1,16,11,13,0,13,23,5,8",0.5,0.5,0.5,0.0,0.0,0.0,0.5,1.0628516674041748
"2,18,16,8,6,7,21,5,17,0,18,2,14,5,6",0.5,0.5,0.5,0.5,1.0,0.6666666666666666,0.5,1.8242719173431396
"4,3,5,21,7,17,18,5,6,9,23,13,23,15,0",0.5,0.5,0.5,0.5,1.0,0.6666666666666666,0.5,1.3173282146453857
"22,3,3,12,15,18,8,13,10,2,20,14,0,14,6",0.5,0.5,0.5,0.0,0.0,0.0,0.5,1.2764298915863037
"18,18,19,14,1,7,11,5,21,7,7,8,12,13,6",0.5,0.5,0.5,0.0,0.0,0.0,0.5,3.381585597991944
"15,0,13,0,9,7,19,10,16,22,13,18,16,6,17",0.5,0.5,0.5,0.0,0.0,0.0,0.5,1.298722743988037
"11,3,5,10,19,1,14,6,12,7,23,8,11,2,4",0.5,0.5,0.5,0.5,0.01,0.0196078431372549,0.5,1.3730156421661377
"20,8,2,11,7,18,17,9,16,5,9,1,2,8,1",0.5,0.5,0.5,0.0,0.0,0.0,0.5,1.493912935256958
"21,17,14,22,4,13,21,6,16,21,10,17,19,0,2",0.5,0.5,0.5,0.5,1.0,0.6666666666666666,0.5,2.556992769241333
"7,22,4,15,20,7,4,15,22,11,7,13,23,2,6",0.5,0.5,0.5,0.0,0.0,0.0,0.5,1.1281969547271729
"2,23,16,14,17,5,20,11,14,19,12,4,22,2,11",0.5,0.5,0.5,0.5,1.0,0.6666666666666666,0.5,1.5377955436706543
"20,3,8,8,10,5,23,8,17,6,13,3,7,0,17",0.5,0.5,0.5,0.0,0.0,0.0,0.5,1.1513597965240479
"5,0,1,10,20,8,5,17,12,3,14,22,13,11,9",0.5,0.5,0.5,0.5,1.0,0.6666666666666666,0.5,1.2412691116333008
"12,3,16,21,16,10,8,19,4,7,11,0,18,1,18",0.5,0.5,0.5,0.0,0.0,0.0,0.5,1.9875679016113281
"21,9,4,10,14,20,7,13,2,4,1,22,9,6,6",0.5,0.5,0.5,0.5,1.0,0.6666666666666666,0.5,1.020817518234253
"23,6,2,6,6,3,1,12,7,10,9,21,0,1,4",0.505,0.485,0.5,0.5051546391752577,0.49,0.49746192893401014,0.505,1.588749885559082
"22,10,12,7,9,19,10,0,6,22,9,19,1,0,13",0.5,0.5,0.5,0.5,1.0,0.6666666666666666,0.5,1.3436923027038574
"8,1,6,23,8,3,14,16,1,13,14,0,10,20,14",0.5,0.5,0.5,0.0,0.0,0.0,0.5,1.159681797027588
"3,23,2,8,10,7,6,20,4,10,12,5,22,1,7",0.5,0.5,0.5,0.0,0.0,0.0,0.5,1.3618242740631104
"2,4,1,22,9,6,6,13,23,15,14,3,6,12,13",0.5,0.5,0.5,0.5,1.0,0.6666666666666666,0.5,1.087599754333496
"23,15,0,7,19,8,5,8,15,14,14,4,6,14,11",0.5,0.5,0.5,0.0,0.0,0.0,0.5,1.2708487510681152
"9,0,8,14,5,15,13,10,15,14,6,8,2,4,17",0.5,0.5,0.5,0.5,1.0,0.6666666666666666,0.5,1.0333449840545654
"5,0,8,6,5,12,22,16,4,12,1,8,12,14,0",0.5,0.5,0.5,0.0,0.0,0.0,0.5,1.0049962997436523
"7,6,20,4,10,12,5,22,1,7,9,23,4,8,3",0.5,0.5,0.5,0.0,0.0,0.0,0.5,1.0587718486785889
"13,9,12,7,7,7,5,22,12,0,0,13,7,11,7",0.5,0.5,0.5,0.0,0.0,0.0,0.5,1.1818363666534424
"6,12,0,3,23,2,8,10,7,6,20,4,10,12,5",0.5,0.5,0.5,0.5,1.0,0.6666666666666666,0.5,1.0376126766204834
"20,6,12,4,23,10,14,9,4,4,11,3,9,12,19",0.5,0.5,0.5,0.5,1.0,0.6666666666666666,0.5,1.2300612926483154
"21,2,16,9,8,18,13,19,6,1,7,1,4,7,10",0.5,0.5,0.5,0.5,1.0,0.6666666666666666,0.5,1.8327171802520752
"2,19,12,19,9,1,4,17,10,17,19,0,2,16,6",0.5,0.5,0.5,0.5,1.0,0.6666666666666666,0.5,2.3103487491607666
"22,7,11,11,2,5,8,4,3,14,17,6,12,21,10",0.5,0.5,0.5,0.5,1.0,0.6666666666666666,0.5,1.1399624347686768
"2,3,7,9,9,20,9,22,4,2,2,15,22,6,3",0.5,0.5,0.5,0.0,0.0,0.0,0.5,1.1309499740600586
"3,1,13,8,16,15,22,4,10,15,14,19,3,4,6",0.5,0.5,0.5,0.5,1.0,0.6666666666666666,0.5,1.4554722309112549
"21,13,18,14,15,4,13,12,9,2,6,17,15,8,22",0.5,0.5,0.5,0.0,0.0,0.0,0.5,1.3516464233398438
"2,3,9,3,19,9,7,20,9,0,3,9,15,5,1",0.5,0.5,0.5,0.0,0.0,0.0,0.5,1.071626901626587
"23,2,8,10,7,6,20,4,10,12,5,22,1,7,9",0.5,0.5,0.5,0.5,1.0,0.6666666666666666,0.5,1.270383596420288
"12,7,7,7,5,22,12,0,0,13,7,11,7,21,9",0.5,0.5,0.5,0.0,0.0,0.0,0.5,1.1176047325134277
"7,7,11,15,8,5,1,13,19,2,7,2,0,14,15",0.5,0.5,0.5,0.0,0.0,0.0,0.5,1.2545294761657715
"21,8,9,0,2,15,19,7,18,16,18,10,2,3,12",0.5,0.5,0.5,0.0,0.0,0.0,0.5,1.4986655712127686
"11,16,4,2,10,8,8,8,17,23,8,4,23,9,23",0.5,0.5,0.5,0.5,1.0,0.6666666666666666,0.5,1.161975622177124
"4,1,3,5,1,18,8,6,0,13,10,16,1,1,14",0.5,0.5,0.5,0.5,1.0,0.6666666666666666,0.5,1.1570582389831543
"0,1,20,10,0,17,0,3,4,18,15,1,23,0,13",0.5,0.5,0.5,0.5,1.0,0.6666666666666666,0.5,1.4365944862365723
"23,10,17,4,7,12,20,7,17,11,19,8,11,10,4",0.5,0.5,0.5,0.5,1.0,0.6666666666666666,0.5,1.1298167705535889
"4,2,5,0,1,10,20,8,5,17,12,3,14,22,13",0.5,0.5,0.5,0.0,0.0,0.0,0.5,1.0465307235717773
"1,4,16,5,15,9,8,0,13,14,4,2,9,2,19",0.5,0.5,0.5,0.0,0.0,0.0,0.5,1.1614322662353516
"5,18,8,13,3,11,7,5,18,8,2,19,17,6,8",0.5,0.5,0.5,0.5,1.0,0.6666666666666666,0.5,1.7234039306640625
"22,6,17,15,0,3,9,7,21,4,1,17,8,5,11",0.5,0.5,0.5,0.5,1.0,0.6666666666666666,0.5,1.304112434387207
"1,14,19,8,10,1,7,7,11,15,8,5,1,13,19",0.5,0.5,0.5,0.0,0.0,0.0,0.5,1.3479130268096924
"4,3,1,10,10,8,21,10,16,16,1,14,2,11,17",0.5,0.5,0.5,0.5,1.0,0.6666666666666666,0.5,1.302124261856079
"17,1,8,5,13,15,0,11,1,14,3,8,1,6,23",0.5,0.5,0.5,0.0,0.0,0.0,0.5,1.305614709854126
"2,1,17,12,9,16,11,15,19,10,4,2,22,5,9",0.5,0.5,0.5,0.5,1.0,0.6666666666666666,0.5,1.264765739440918
"21,7,17,18,5,6,9,23,13,23,15,0,7,19,8",0.5,0.5,0.5,0.0,0.0,0.0,0.5,1.3798601627349854
"7,18,0,6,19,15,7,14,12,13,14,19,7,4,6",0.5,0.5,0.5,0.0,0.0,0.0,0.5,2.401716470718384
"0,1,16,16,21,2,16,9,8,18,13,19,6,1,7",0.5,0.5,0.5,0.5,1.0,0.6666666666666666,0.5,1.639423131942749
"13,7,3,4,4,21,5,16,5,10,5,8,18,0,12",0.5,0.5,0.5,0.0,0.0,0.0,0.5,1.0954899787902832
"22,8,14,4,7,19,10,18,0,14,1,4,2,5,0",0.5,0.5,0.5,0.5,1.0,0.6666666666666666,0.5,1.1296939849853516
"4,22,8,5,6,16,16,17,9,15,16,4,13,9,22",0.5,0.5,0.5,0.5,1.0,0.6666666666666666,0.5,1.2435917854309082
"21,17,13,2,14,10,16,4,12,11,8,13,21,14,1",0.5,0.5,0.5,0.5,1.0,0.6666666666666666,0.5,1.9577808380126953
"1,5,8,5,16,20,14,1,15,2,16,7,11,13,20",0.5,0.5,0.5,0.5,1.0,0.6666666666666666,0.5,1.248711109161377
"5,6,4,22,8,14,4,7,19,10,18,0,14,1,4",0.5,0.5,0.5,0.5,1.0,0.6666666666666666,0.5,1.0591979026794434
"22,4,15,20,7,4,15,22,11,7,13,23,2,6,14",0.5,0.5,0.5,0.5,1.0,0.6666666666666666,0.5,1.1214118003845215
"21,14,17,19,9,0,15,2,20,4,9,17,0,0,20",0.5,0.5,0.5,0.5,1.0,0.6666666666666666,0.5,1.875932216644287
"21,1,7,22,4,15,20,7,4,15,22,11,7,13,23",0.5,0.5,0.5,0.5,1.0,0.6666666666666666,0.5,1.4422390460968018
"10,6,8,22,12,21,8,10,10,8,10,22,0,14,3",0.5,0.5,0.5,0.5,1.0,0.6666666666666666,0.5,1.1144263744354248
"21,16,9,3,20,4,14,5,3,17,6,2,14,9,22",0.5,0.5,0.5,0.0,0.0,0.0,0.5,1.5060319900512695
"21,7,15,22,17,21,9,4,10,14,20,7,13,2,4",0.5,0.5,0.5,0.0,0.0,0.0,0.5,1.3824574947357178
"14,3,18,8,20,5,5,12,19,0,1,14,6,4,6",0.5,0.5,0.5,0.0,0.0,0.0,0.5,1.2046043872833252
"1,10,20,8,5,17,12,3,14,22,13,11,9,9,3",0.5,0.5,0.5,0.0,0.0,0.0,0.5,1.0991921424865723
"2,11,15,8,10,10,7,0,23,11,8,19,12,5,16",0.5,0.5,0.5,0.5,1.0,0.6666666666666666,0.5,1.1727948188781738
"8,13,9,1,6,13,1,14,8,10,8,4,22,9,8",0.5,0.5,0.5,0.0,0.0,0.0,0.5,1.1010940074920654
"8,10,7,6,20,4,10,12,5,22,1,7,9,23,4",0.5,0.5,0.5,0.0,0.0,0.0,0.5,1.0490961074829102
"1,6,3,3,22,13,17,13,10,18,11,9,2,2,10",0.5,0.5,0.5,0.0,0.0,0.0,0.5,1.2897346019744873
"1,5,0,23,15,16,0,8,13,15,13,7,4,17,12",0.5,0.5,0.5,0.5,1.0,0.6666666666666666,0.5,1.383547306060791
"3,5,1,18,8,6,0,13,10,16,1,1,14,0,0",0.5,0.5,0.5,0.5,1.0,0.6666666666666666,0.5,1.2102100849151611
"20,9,10,19,6,5,13,2,3,17,7,4,8,14,7",0.5,0.5,0.5,0.0,0.0,0.0,0.5,1.1682531833648682
"2,20,7,9,1,12,14,20,16,15,11,14,16,7,15",0.5,0.5,0.5,0.5,1.0,0.6666666666666666,0.5,1.2576072216033936
"18,15,11,21,17,13,7,11,9,3,0,15,3,0,18",0.5,0.5,0.5,0.5,1.0,0.6666666666666666,0.5,1.2613091468811035
"2,10,18,4,5,2,3,6,3,0,6,19,8,0,19",0.5,0.5,0.5,0.5,0.99,0.6644295302013423,0.5,2.4629428386688232
"2,13,7,3,4,4,21,5,16,5,10,5,8,18,0",0.5,0.5,0.5,0.5,1.0,0.6666666666666666,0.5,1.0998666286468506
"5,4,14,18,12,1,20,5,9,15,10,13,1,4,5",0.5,0.5,0.5,0.5,1.0,0.6666666666666666,0.5,1.1370692253112793
"1,4,2,5,0,1,10,20,8,5,17,12,3,14,22",0.5,0.5,0.5,0.0,0.0,0.0,0.5,1.0543055534362793
"20,5,9,4,5,15,3,12,13,12,5,3,6,10,6",0.5,0.5,0.5,0.5,1.0,0.6666666666666666,0.5,1.102292776107788
"5,21,0,17,3,6,22,15,2,1,12,1,5,13,6",0.5,0.5,0.5,0.5,1.0,0.6666666666666666,0.5,1.833853006362915
"20,8,5,6,0,16,15,12,3,10,19,15,0,13,0",0.5,0.5,0.5,0.5,1.0,0.6666666666666666,0.5,1.4164438247680664
"22,12,5,22,2,12,1,20,12,23,10,17,4,7,12",0.5,0.5,0.5,0.5,1.0,0.6666666666666666,0.5,1.1457562446594238
"7,14,8,20,10,19,10,15,19,1,6,2,2,3,10",0.5,0.5,0.5,0.5,1.0,0.6666666666666666,0.5,1.9132435321807861
"2,22,12,7,7,17,7,16,1,11,11,15,19,12,22",0.5,0.5,0.5,0.0,0.0,0.0,0.5,1.2235438823699951
"17,15,8,22,10,12,7,9,19,10,0,6,22,9,19",0.5,0.5,0.5,0.5,1.0,0.6666666666666666,0.5,1.1895768642425537
"2,11,7,18,17,9,16,5,9,1,2,8,1,21,7",0.5,0.5,0.5,0.5,1.0,0.6666666666666666,0.5,1.5171408653259277
"5,22,12,0,0,13,7,11,7,21,9,17,10,8,8",0.5,0.5,0.5,0.0,0.0,0.0,0.5,1.76212477684021
"3,10,5,0,6,11,15,22,5,1,7,7,19,19,4",0.5,0.5,0.5,0.0,0.0,0.0,0.5,3.5661110877990723
"21,16,4,2,2,20,8,5,6,0,16,15,12,3,10",0.5,0.5,0.5,0.5,1.0,0.6666666666666666,0.5,1.7077865600585938
"1,13,19,2,7,2,0,14,15,20,15,16,2,1,16",0.5,0.5,0.5,0.0,0.0,0.0,0.5,1.4971566200256348
"4,5,2,0,21,9,13,12,7,17,21,6,1,4,16",0.5,0.5,0.5,0.0,0.0,0.0,0.5,1.925917148590088
"2,5,13,8,12,9,9,14,10,11,4,21,2,9,13",0.5,0.5,0.5,0.5,1.0,0.6666666666666666,0.5,1.1563055515289307
"23,10,14,9,4,4,11,3,9,12,19,16,15,5,23",0.5,0.5,0.5,0.5,1.0,0.6666666666666666,0.5,1.6105928421020508
"0,2,2,23,16,14,17,5,20,11,14,19,12,4,22",0.5,0.5,0.5,0.0,0.0,0.0,0.5,1.6278424263000488
"3,20,6,8,22,16,9,17,13,9,7,8,3,23,2",0.5,0.5,0.5,0.0,0.0,0.0,0.5,1.1339786052703857
"22,16,9,20,5,9,4,5,15,3,12,13,12,5,3",0.5,0.5,0.5,0.5,1.0,0.6666666666666666,0.5,1.1295926570892334
"4,1,22,9,6,6,13,23,15,14,3,6,12,13,21",0.5,0.5,0.5,0.5,1.0,0.6666666666666666,0.5,1.1351065635681152
"1,14,11,17,21,8,6,2,16,3,6,12,10,20,12",0.5,0.5,0.5,0.5,1.0,0.6666666666666666,0.5,1.3447868824005127
"1,3,2,3,9,3,19,9,7,20,9,0,3,9,15",0.5,0.5,0.5,0.0,0.0,0.0,0.5,1.1809313297271729
"10,0,11,16,23,7,6,11,5,9,22,15,19,2,13",0.5,0.5,0.5,0.5,1.0,0.6666666666666666,0.5,1.468885898590088
"23,12,7,9,10,3,3,16,12,21,13,23,0,0,17",0.5,0.5,0.5,0.5,1.0,0.6666666666666666,0.5,1.3239402770996094
"1,13,8,4,13,21,1,7,22,4,15,20,7,4,15",0.5,0.5,0.5,0.5,1.0,0.6666666666666666,0.5,1.1046631336212158
"23,12,15,13,9,12,7,7,7,5,22,12,0,0,13",0.5,0.5,0.5,0.5,1.0,0.6666666666666666,0.5,1.2922842502593994
"20,2,8,18,4,14,1,19,0,0,17,10,16,0,23",0.5,0.5,0.5,0.5,1.0,0.6666666666666666,0.5,1.7800004482269287
"7,15,1,13,4,10,23,8,14,3,6,9,6,3,3",0.5,0.5,0.5,0.5,1.0,0.6666666666666666,0.5,1.0740129947662354
"1,18,9,16,19,18,17,4,10,19,0,6,0,7,17",0.5,0.5,0.5,0.0,0.0,0.0,0.5,3.0675785541534424
"21,5,4,15,19,1,19,15,21,15,13,9,17,6,19",0.5,0.5,0.5,0.0,0.0,0.0,0.5,4.807641267776489
"3,18,8,20,5,5,12,19,0,1,14,6,4,6,7",0.5,0.5,0.5,0.0,0.0,0.0,0.5,1.3634161949157715
"6,3,20,9,22,16,14,11,4,12,18,9,8,9,21",0.5,0.5,0.5,0.5,1.0,0.6666666666666666,0.5,1.1039402484893799
"0,0,22,10,21,15,20,3,10,9,3,7,7,21,12",0.5,0.5,0.5,0.5,1.0,0.6666666666666666,0.5,1.2108738422393799
"3,10,14,9,23,0,4,10,18,14,4,19,2,10,0",0.5,0.5,0.5,0.5,1.0,0.6666666666666666,0.5,1.3983428478240967
"3,6,10,6,1,22,16,15,8,1,4,16,5,15,9",0.5,0.5,0.5,0.0,0.0,0.0,0.5,1.0768287181854248
"5,21,14,7,13,11,6,19,19,8,17,14,21,14,11",0.5,0.5,0.5,0.5,1.0,0.6666666666666666,0.5,3.579444646835327
"19,2,10,0,11,16,23,7,6,11,5,9,22,15,19",0.5,0.5,0.5,0.5,1.0,0.6666666666666666,0.5,1.5633947849273682
"2,22,14,5,18,3,3,15,16,11,11,14,17,19,6",0.5,0.5,0.5,0.0,0.0,0.0,0.5,1.873650074005127
"23,6,11,10,20,6,12,4,23,10,14,9,4,4,11",0.5,0.5,0.5,0.5,1.0,0.6666666666666666,0.5,1.1941275596618652
"23,8,11,2,4,5,16,21,17,13,2,14,10,16,4",0.5,0.5,0.5,0.5,1.0,0.6666666666666666,0.5,1.6978707313537598
"23,15,16,0,8,13,15,13,7,4,17,12,10,3,22",0.5,0.5,0.5,0.0,0.0,0.0,0.5,1.5652580261230469
"11,12,7,16,14,6,7,7,12,11,11,8,3,3,1",0.505,0.485,0.5,0.5025380710659898,0.99,0.6666666666666666,0.505,1.1961569786071777
"20,3,10,9,3,7,7,21,12,3,10,23,16,12,21",0.5,0.5,0.5,0.5,1.0,0.6666666666666666,0.5,1.2293388843536377
"1,15,12,18,15,11,21,17,13,7,11,9,3,0,15",0.5,0.5,0.5,0.5,1.0,0.6666666666666666,0.5,1.2789435386657715
"21,8,4,8,23,2,13,7,3,4,4,21,5,16,5",0.5,0.5,0.5,0.5,1.0,0.6666666666666666,0.5,1.0572597980499268
"7,7,4,14,1,2,3,3,5,3,9,4,9,19,12",0.5,0.5,0.5,0.5,1.0,0.6666666666666666,0.5,1.1464040279388428
"7,7,7,5,22,12,0,0,13,7,11,7,21,9,17",0.5,0.5,0.5,0.5,1.0,0.6666666666666666,0.5,1.1174333095550537
"4,15,22,11,7,13,23,2,6,14,9,8,4,3,2",0.5,0.5,0.5,0.0,0.0,0.0,0.5,1.15907621383667
"11,7,4,15,4,23,8,19,8,8,18,9,2,19,12",0.5,0.5,0.5,0.0,0.0,0.0,0.5,1.316516637802124
"5,2,14,18,12,1,20,12,9,21,10,13,10,4,3",0.5,0.5,0.5,0.5,1.0,0.6666666666666666,0.5,1.168461561203003
"1,8,15,3,10,7,4,14,18,4,1,8,19,2,0",0.5,0.5,0.5,0.5,1.0,0.6666666666666666,0.5,1.2566289901733398
"2,10,0,11,16,23,7,6,11,5,9,22,15,19,2",0.5,0.5,0.5,0.0,0.0,0.0,0.5,1.4388108253479004
"23,12,14,19,14,11,7,4,15,4,23,8,19,8,8",0.5,0.5,0.5,0.0,0.0,0.0,0.5,1.219003438949585
"9,10,11,18,1,10,5,10,23,2,8,17,16,11,6",0.5,0.5,0.5,0.5,1.0,0.6666666666666666,0.5,1.4417674541473389
"1,6,2,17,7,20,9,1,22,2,11,15,11,1,5",0.5,0.5,0.5,0.0,0.0,0.0,0.5,1.4392054080963137
"22,17,21,9,4,10,14,20,7,13,2,4,1,22,9",0.5,0.5,0.5,0.5,1.0,0.6666666666666666,0.5,1.5266249179840088
"8,13,15,13,7,4,17,12,10,3,22,8,22,7,0",0.5,0.5,0.5,0.0,0.0,0.0,0.5,1.146782398223877
"4,23,10,14,9,4,4,11,3,9,12,19,16,15,5",0.5,0.5,0.5,0.0,0.0,0.0,0.5,1.5101032257080078
"10,14,20,7,13,2,4,1,22,9,6,6,13,23,15",0.5,0.5,0.5,0.5,1.0,0.6666666666666666,0.5,1.1608610153198242
"21,14,7,13,11,6,19,19,8,17,14,21,14,11,19",0.5,0.5,0.5,0.5,1.0,0.6666666666666666,0.5,3.6534347534179688
"2,16,9,8,18,13,19,6,1,7,1,4,7,10,22",0.5,0.5,0.5,0.5,1.0,0.6666666666666666,0.5,1.22772216796875
"1,1,14,19,8,10,1,7,7,11,15,8,5,1,13",0.5,0.5,0.5,0.0,0.0,0.0,0.5,1.3682737350463867
"5,0,23,15,16,0,8,13,15,13,7,4,17,12,10",0.5,0.5,0.5,0.0,0.0,0.0,0.5,1.2650086879730225
"1,14,3,8,1,6,23,8,3,14,16,1,13,14,0",0.5,0.5,0.5,0.0,0.0,0.0,0.5,1.1805591583251953
"2,20,8,5,6,0,16,15,12,3,10,19,15,0,13",0.5,0.5,0.5,0.5,1.0,0.6666666666666666,0.5,1.3988652229309082
"14,11,17,21,8,6,2,16,3,6,12,10,20,12,14",0.5,0.5,0.5,0.5,1.0,0.6666666666666666,0.5,1.2260267734527588
"23,13,17,11,12,6,3,3,8,2,13,11,3,22,9",0.5,0.5,0.5,0.5,1.0,0.6666666666666666,0.5,1.235630750656128
"23,0,3,7,15,8,9,10,0,20,11,9,4,17,15",0.5,0.5,0.5,0.5,1.0,0.6666666666666666,0.5,1.2509582042694092
"3,17,7,4,8,14,7,3,1,13,8,16,15,22,4",0.5,0.5,0.5,0.5,1.0,0.6666666666666666,0.5,1.1659631729125977
"6,8,22,12,21,8,10,10,8,10,22,0,14,3,22",0.5,0.5,0.5,0.5,1.0,0.6666666666666666,0.5,1.1094841957092285
"18,6,5,7,0,12,3,11,13,15,11,10,9,4,17",0.5,0.5,0.5,0.0,0.0,0.0,0.5,1.164158821105957
"20,12,23,10,17,4,7,12,20,7,17,11,19,8,11",0.5,0.5,0.5,0.0,0.0,0.0,0.5,1.1426572799682617
"7,0,7,8,20,14,0,6,2,0,4,9,10,20,3",0.5,0.5,0.5,0.5,1.0,0.6666666666666666,0.5,1.0443201065063477
"13,16,9,2,22,12,7,7,17,7,16,1,11,11,15",0.5,0.5,0.5,0.0,0.0,0.0,0.5,1.1319403648376465
"0,7,19,8,5,8,15,14,14,4,6,14,11,16,4",0.5,0.5,0.5,0.0,0.0,0.0,0.5,1.0325267314910889
"20,7,4,15,22,11,7,13,23,2,6,14,9,8,4",0.5,0.5,0.5,0.5,1.0,0.6666666666666666,0.5,1.3101272583007812
"1,20,12,21,13,0,22,13,11,23,7,1,19,16,18",0.5,0.5,0.5,0.5,1.0,0.6666666666666666,0.5,1.5332059860229492
"3,2,1,5,0,23,15,16,0,8,13,15,13,7,4",0.5,0.5,0.5,0.0,0.0,0.0,0.5,1.410433292388916
"1,12,21,4,5,7,19,8,4,1,6,3,3,22,13",0.5,0.5,0.5,0.0,0.0,0.0,0.5,1.020277500152588
"3,7,15,8,9,10,0,20,11,9,4,17,15,16,21",0.5,0.5,0.5,0.5,1.0,0.6666666666666666,0.5,1.287290334701538
"22,16,12,18,18,6,5,7,0,12,3,11,13,15,11",0.5,0.5,0.5,0.0,0.0,0.0,0.5,1.6904091835021973
"20,8,9,17,13,0,8,11,14,0,8,14,0,12,13",0.5,0.5,0.5,0.5,1.0,0.6666666666666666,0.5,1.1173796653747559
"20,11,8,5,1,15,12,18,15,11,21,17,13,7,11",0.5,0.5,0.5,0.0,0.0,0.0,0.5,1.2556004524230957
"23,7,5,0,8,6,5,12,22,16,4,12,1,8,12",0.5,0.5,0.5,0.5,1.0,0.6666666666666666,0.5,1.073847770690918
"6,3,22,12,3,16,21,16,10,8,19,4,7,11,0",0.5,0.5,0.5,0.0,0.0,0.0,0.5,1.3752524852752686
"0,11,0,16,5,22,4,17,17,15,6,12,14,7,19",0.5,0.5,0.5,0.5,1.0,0.6666666666666666,0.5,1.3688271045684814
"8,2,11,8,11,4,10,8,3,7,6,10,21,9,10",0.5,0.5,0.5,0.0,0.0,0.0,0.5,1.1475257873535156
"3,11,12,7,16,14,6,7,7,12,11,11,8,3,3",0.5,0.5,0.5,0.0,0.0,0.0,0.5,1.1389927864074707
"7,19,8,4,1,6,3,3,22,13,17,13,10,18,11",0.5,0.5,0.5,0.5,1.0,0.6666666666666666,0.5,1.0728144645690918
"2,1,8,15,3,10,7,4,14,18,4,1,8,19,2",0.5,0.5,0.5,0.0,0.0,0.0,0.5,1.2543103694915771
"1,19,15,21,15,13,9,17,6,19,10,6,8,22,12",0.5,0.5,0.5,0.0,0.0,0.0,0.5,2.21921706199646
"6,4,22,8,14,4,7,19,10,18,0,14,1,4,2",0.5,0.5,0.5,0.0,0.0,0.0,0.5,1.0237202644348145
"22,4,17,17,15,6,12,14,7,19,10,11,11,11,22",0.5,0.5,0.5,0.5,1.0,0.6666666666666666,0.5,1.40045166015625
"4,2,22,5,9,1,11,9,19,12,4,11,4,22,0",0.5,0.5,0.5,0.0,0.0,0.0,0.5,1.0612704753875732
"15,19,11,0,4,21,13,10,8,1,18,11,0,4,16",0.5,0.5,0.5,0.5,1.0,0.6666666666666666,0.5,1.1419386863708496
"23,2,6,14,9,8,4,3,2,11,12,12,15,8,9",0.5,0.495,0.49875,0.0,0.0,0.0,0.5,1.361250877380371
"10,8,10,17,14,5,21,14,8,7,7,4,14,1,2",0.5,0.495,0.49875,0.0,0.0,0.0,0.5,1.106949806213379
"21,8,6,2,16,3,6,12,10,20,12,14,12,15,20",0.5,0.495,0.49875,0.5,1.0,0.6666666666666666,0.5,1.1644670963287354
"9,3,23,11,3,6,2,19,8,14,4,0,23,1,2",0.5,0.495,0.49875,0.5,0.72,0.5901639344262295,0.5,1.1927125453948975
"22,11,7,13,23,2,6,14,9,8,4,3,2,11,12",0.5,0.495,0.49875,0.5,0.01,0.0196078431372549,0.5,1.152421236038208
"4,8,23,2,13,7,3,4,4,21,5,16,5,10,5",0.505,0.48,0.49875,0.5116279069767442,0.22,0.3076923076923077,0.505,1.021768569946289
"7,14,10,14,18,5,9,10,7,9,8,3,12,15,18",0.5,0.495,0.49875,0.5,0.63,0.5575221238938053,0.5,1.152803897857666
"3,2,3,9,3,19,9,7,20,9,0,3,9,15,5",0.5,0.495,0.49875,0.5,1.0,0.6666666666666666,0.5,1.1186957359313965
"16,1,16,18,19,12,7,20,15,13,1,8,12,1,4",0.495,0.51,0.49874999999999997,0.49748743718592964,0.99,0.6622073578595318,0.495,2.530912399291992
"11,10,20,6,12,4,23,10,14,9,4,4,11,3,9",0.495,0.51,0.49874999999999997,0.0,0.0,0.0,0.495,1.1239652633666992
"22,11,6,1,3,2,3,9,3,19,9,7,20,9,0",0.485,0.535,0.4975,0.46938775510204084,0.23,0.3087248322147651,0.485,1.0983693599700928
"22,12,0,0,13,7,11,7,21,9,17,10,8,8,12",0.5,0.49,0.4975,0.5,0.99,0.6644295302013423,0.5,1.151064395904541
"21,10,19,10,15,1,5,11,10,10,4,16,9,11,3",0.495,0.505,0.49749999999999994,0.3333333333333333,0.01,0.019417475728155338,0.495,1.3899989128112793
"11,23,13,23,7,19,13,1,7,15,10,16,5,23,6",0.495,0.505,0.49749999999999994,0.49748743718592964,0.99,0.6622073578595318,0.495,1.2093181610107422
"11,9,3,19,13,1,21,1,15,14,17,15,10,11,6",0.495,0.505,0.4974999999999999,0.4974093264248704,0.96,0.6552901023890785,0.495,1.32442307472229
"22,8,14,2,22,14,5,18,3,3,15,16,11,11,14",0.49,0.515,0.4962500000000001,0.4946808510638298,0.93,0.6458333333333334,0.49000000000000005,1.418874740600586
"5,17,12,3,14,22,13,11,9,9,3,23,11,3,6",0.485,0.53,0.49625,0.4915254237288136,0.87,0.628158844765343,0.485,1.1454668045043945
"14,8,7,7,4,14,1,2,3,3,5,3,9,4,9",0.495,0.5,0.49624999999999997,0.3333333333333333,0.01,0.019417475728155338,0.495,1.081369161605835
"12,22,15,8,13,11,23,12,7,9,10,3,3,16,12",0.495,0.5,0.49624999999999997,0.49748743718592964,0.99,0.6622073578595318,0.495,1.2088284492492676
"4,10,14,20,7,13,2,4,1,22,9,6,6,13,23",0.495,0.5,0.49624999999999997,0.49748743718592964,0.99,0.6622073578595318,0.495,1.05265474319458
"11,6,1,3,2,3,9,3,19,9,7,20,9,0,3",0.5,0.485,0.49624999999999997,0.5,0.31,0.38271604938271603,0.5,1.0749990940093994
"14,2,22,14,5,18,3,3,15,16,11,11,14,17,19",0.495,0.5,0.49624999999999997,0.4967741935483871,0.77,0.6039215686274509,0.495,1.8673160076141357
"2,7,18,0,6,19,15,7,14,12,13,14,19,7,4",0.495,0.5,0.49624999999999997,0.0,0.0,0.0,0.495,2.48561692237854
"2,4,7,0,5,12,1,11,23,13,23,7,19,13,1",0.5,0.485,0.49624999999999997,0.5,0.72,0.5901639344262295,0.5,1.285120964050293
"3,14,16,1,13,14,0,10,20,14,2,10,18,4,5",0.5,0.485,0.49624999999999997,0.5,0.77,0.6062992125984252,0.5,1.1944806575775146
"3,9,16,6,3,22,12,3,16,21,16,10,8,19,4",0.495,0.5,0.49624999999999997,0.49748743718592964,0.99,0.6622073578595318,0.495,1.4866604804992676
"21,10,13,0,12,10,15,22,15,13,2,4,4,19,2",0.495,0.5,0.49624999999999997,0.0,0.0,0.0,0.495,1.4727177619934082
"9,9,20,9,22,4,2,2,15,22,6,3,15,11,13",0.495,0.5,0.49624999999999997,0.49748743718592964,0.99,0.6622073578595318,0.495,1.1243066787719727
"8,9,17,13,0,8,11,14,0,8,14,0,12,13,4",0.495,0.5,0.49624999999999997,0.0,0.0,0.0,0.495,1.1147356033325195
"16,2,4,7,0,5,12,1,11,23,13,23,7,19,13",0.505,0.465,0.49500000000000005,0.503448275862069,0.73,0.5959183673469388,0.505,1.1639983654022217
"22,13,11,9,9,3,23,11,3,6,2,19,8,14,4",0.505,0.465,0.49500000000000005,0.5135135135135135,0.19,0.2773722627737226,0.505,1.1162917613983154
"13,1,11,15,16,12,1,12,4,9,6,6,16,4,14",0.485,0.525,0.495,0.4845360824742268,0.47,0.4771573604060913,0.485,1.2409565448760986
"15,17,8,23,0,11,1,10,14,1,5,2,10,11,6",0.495,0.495,0.495,0.48,0.12,0.192,0.495,1.3186085224151611
"22,12,21,8,10,10,8,10,22,0,14,3,22,15,20",0.495,0.495,0.495,0.49748743718592964,0.99,0.6622073578595318,0.495,1.1408796310424805
"2,16,13,5,1,23,12,6,3,1,11,22,5,15,10",0.495,0.495,0.495,0.49743589743589745,0.97,0.6576271186440678,0.495,1.4274253845214844
"17,21,8,6,2,16,3,6,12,10,20,12,14,12,15",0.5,0.475,0.49375,0.5,0.89,0.6402877697841727,0.5,1.4191415309906006
"1,6,2,2,3,10,14,9,23,0,4,10,18,14,4",0.49,0.505,0.49375,0.0,0.0,0.0,0.49,1.105860710144043
"14,8,14,13,8,13,9,1,6,13,1,14,8,10,8",0.485,0.52,0.49375,0.42105263157894735,0.08,0.13445378151260504,0.485,1.1610662937164307
"15,19,1,6,2,2,3,10,14,9,23,0,4,10,18",0.49,0.505,0.49375,0.4948453608247423,0.96,0.6530612244897959,0.49,1.6865437030792236
"23,2,6,9,10,14,8,20,11,8,11,10,14,4,18",0.495,0.49,0.49374999999999997,0.3333333333333333,0.01,0.019417475728155338,0.495,1.630824089050293
"14,17,14,8,14,13,8,13,9,1,6,13,1,14,8",0.49,0.5,0.4925,0.48863636363636365,0.43,0.4574468085106383,0.49,1.1128079891204834
"22,13,18,16,6,17,21,12,20,11,8,5,1,15,12",0.49,0.5,0.4925,0.494949494949495,0.98,0.6577181208053692,0.49,1.4296157360076904
"6,11,10,20,6,12,4,23,10,14,9,4,4,11,3",0.485,0.51,0.49125,0.46808510638297873,0.22,0.29931972789115646,0.485,1.1298742294311523
"15,9,16,22,13,1,3,22,13,15,12,20,8,8,8",0.48,0.525,0.49124999999999996,0.48484848484848486,0.64,0.5517241379310345,0.48,1.2397067546844482
"4,2,2,20,8,5,6,0,16,15,12,3,10,19,15",0.49,0.495,0.49124999999999996,0.42857142857142855,0.06,0.10526315789473684,0.49,1.413907766342163
"15,15,5,19,11,9,0,9,0,8,14,5,15,13,10",0.47,0.555,0.49124999999999996,0.4772727272727273,0.63,0.5431034482758621,0.47,1.223452091217041
"3,9,12,19,16,15,5,23,12,13,14,10,2,16,5",0.49,0.495,0.49124999999999996,0.4942528735632184,0.86,0.6277372262773723,0.49,1.4204812049865723
"7,19,13,1,7,15,10,16,5,23,6,11,10,20,6",0.49,0.495,0.49124999999999996,0.494949494949495,0.98,0.6577181208053692,0.49,1.290844440460205
"17,4,10,19,0,6,0,7,17,13,10,9,5,8,18",0.51,0.43,0.49,0.6,0.06,0.10909090909090909,0.51,1.1203467845916748
"11,23,5,5,3,10,14,12,9,5,2,13,11,19,18",0.49,0.49,0.49,0.494949494949495,0.98,0.6577181208053692,0.49,2.2143402099609375
"17,20,10,11,13,17,4,23,15,9,8,21,1,12,19",0.49,0.49,0.49,0.4943820224719101,0.88,0.6330935251798561,0.49,1.512038230895996
"10,9,5,8,18,8,1,12,21,4,5,7,19,8,4",0.475,0.535,0.49,0.48554913294797686,0.84,0.6153846153846154,0.475,1.1032562255859375
"11,23,12,7,9,10,3,3,16,12,21,13,23,0,0",0.485,0.5,0.48875,0.4919786096256685,0.92,0.6411149825783972,0.48500000000000004,1.171696424484253
"4,1,6,3,3,22,13,17,13,10,18,11,9,2,2",0.49,0.485,0.48875,0.49404761904761907,0.83,0.6194029850746269,0.49,1.1064703464508057
"15,0,3,9,7,21,4,1,17,8,5,11,13,11,19",0.495,0.47,0.48874999999999996,0.496,0.62,0.5511111111111111,0.495,1.1053733825683594
"12,7,23,8,11,2,4,5,16,21,17,13,2,14,10",0.48,0.51,0.4875,0.48,0.48,0.48,0.48,1.6504714488983154
"21,12,20,11,8,5,1,15,12,18,15,11,21,17,13",0.475,0.525,0.48749999999999993,0.47619047619047616,0.5,0.4878048780487805,0.475,1.4709274768829346
"7,21,2,14,8,11,2,21,8,10,14,13,0,14,18",0.48,0.505,0.48625000000000007,0.4878048780487805,0.8,0.6060606060606061,0.48000000000000004,1.1401033401489258
"3,15,5,14,18,0,19,10,19,8,11,5,22,13,2",0.485,0.49,0.48625,0.2,0.01,0.01904761904761905,0.485,2.4023633003234863
"7,9,9,8,2,14,12,16,14,14,2,13,3,4,22",0.485,0.49,0.48625,0.49162011173184356,0.88,0.6308243727598566,0.485,1.141265630722046
"6,4,22,8,5,6,16,16,17,9,15,16,4,13,9",0.485,0.49,0.48625,0.49238578680203043,0.97,0.6531986531986532,0.485,1.1268434524536133
"17,17,0,1,16,16,21,2,16,9,8,18,13,19,6",0.47,0.535,0.48624999999999996,0.42857142857142855,0.18,0.2535211267605634,0.47,1.8003690242767334
"8,9,3,13,10,22,16,14,4,6,14,23,1,3,3",0.49,0.47,0.485,0.46875,0.15,0.22727272727272727,0.49,1.197157382965088
"7,5,17,16,5,15,18,2,14,2,6,8,0,6,4",0.49,0.47,0.485,0.4916666666666666,0.59,0.5363636363636364,0.49,1.310290813446045
"18,8,1,12,21,4,5,7,19,8,4,1,6,3,3",0.49,0.465,0.48375,0.49375,0.79,0.6076923076923076,0.49,1.33772873878479
"12,7,16,14,6,7,7,12,11,11,8,3,3,1,12",0.475,0.51,0.48374999999999996,0.4647887323943662,0.33,0.38596491228070173,0.475,1.1487312316894531
"5,4,5,2,0,21,9,13,12,7,17,21,6,1,4",0.485,0.475,0.48250000000000004,0.49206349206349204,0.93,0.643598615916955,0.48500000000000004,1.3877804279327393
"4,3,8,17,17,1,9,20,14,6,8,14,13,5,5",0.485,0.475,0.48250000000000004,0.48672566371681414,0.55,0.5164319248826291,0.485,1.2866897583007812
"8,4,6,5,13,8,17,17,9,6,8,7,20,2,1",0.49,0.46,0.4825,0.47368421052631576,0.18,0.2608695652173913,0.49,1.3569362163543701
"4,0,19,8,6,1,18,19,19,4,18,2,16,4,5",0.47,0.515,0.48125000000000007,0.48148148148148145,0.78,0.5954198473282443,0.47000000000000003,6.481114149093628
"16,21,2,3,7,9,9,20,9,22,4,2,2,15,22",0.485,0.47,0.48125,0.49044585987261147,0.77,0.5992217898832685,0.485,1.5982091426849365
"19,8,5,8,15,14,14,4,6,14,11,16,4,23,5",0.49,0.445,0.47875,0.49382716049382713,0.8,0.6106870229007634,0.49,1.2623708248138428
"22,1,13,8,4,13,21,1,7,22,4,15,20,7,4",0.47,0.505,0.47875,0.2,0.02,0.03636363636363636,0.47000000000000003,1.202514886856079
"8,3,8,22,17,1,13,10,14,6,8,11,13,12,5",0.47,0.505,0.47875,0.4745762711864407,0.56,0.5137614678899083,0.47000000000000003,1.2830047607421875
"8,14,4,7,19,10,18,0,14,1,4,2,5,0,1",0.49,0.445,0.47875,0.46153846153846156,0.12,0.19047619047619047,0.49,1.1745548248291016
"2,18,17,16,1,0,16,11,5,13,18,6,13,13,20",0.485,0.46,0.47875,0.49206349206349204,0.93,0.643598615916955,0.48500000000000004,1.6759073734283447
"10,12,5,22,1,7,9,23,4,8,3,14,15,4,9",0.48,0.475,0.47875,0.48823529411764705,0.83,0.6148148148148148,0.48,1.0760772228240967
"21,8,12,10,22,17,12,16,15,8,8,2,5,1,19",0.475,0.49,0.47874999999999995,0.0,0.0,0.0,0.475,1.220642328262329
"3,6,22,15,2,1,12,1,5,13,6,16,10,6,11",0.475,0.485,0.4774999999999999,0.4796747967479675,0.59,0.5291479820627802,0.475,1.1381902694702148
"16,4,2,2,20,8,5,6,0,16,15,12,3,10,19",0.47,0.495,0.47625000000000006,0.4482758620689655,0.26,0.3291139240506329,0.47000000000000003,1.2049992084503174
"17,3,6,22,15,2,1,12,1,5,13,6,16,10,6",0.455,0.54,0.47625,0.4628099173553719,0.56,0.5067873303167421,0.455,1.2640435695648193
"22,11,18,8,23,6,2,6,6,3,1,12,7,10,9",0.47,0.495,0.47624999999999995,0.46875,0.45,0.45918367346938777,0.47,1.1031708717346191
"8,23,2,13,7,3,4,4,21,5,16,5,10,5,8",0.48,0.465,0.47624999999999995,0.4868421052631579,0.74,0.5873015873015873,0.48,1.0150277614593506
"9,1,12,14,20,16,15,11,14,16,7,15,1,13,4",0.475,0.475,0.47500000000000003,0.4869109947643979,0.93,0.6391752577319587,0.47500000000000003,1.2729496955871582
"4,1,9,13,16,1,18,11,17,5,6,4,22,8,14",0.48,0.46,0.47500000000000003,0.4878048780487805,0.8,0.6060606060606061,0.48000000000000004,1.174736499786377
"12,13,12,5,3,6,10,6,1,22,16,15,8,1,4",0.47,0.49,0.475,0.4827586206896552,0.84,0.6131386861313869,0.47,1.0386073589324951
"5,13,12,7,13,15,6,9,17,6,15,0,14,23,15",0.47,0.49,0.475,0.4594594594594595,0.34,0.39080459770114945,0.47,1.0930914878845215
"3,22,12,3,16,21,16,10,8,19,4,7,11,0,18",0.475,0.475,0.475,0.48717948717948717,0.95,0.6440677966101694,0.475,1.4523308277130127
"7,5,0,8,6,5,12,22,16,4,12,1,8,12,14",0.49,0.425,0.47375000000000006,0.4722222222222222,0.17,0.25,0.49000000000000005,1.0177059173583984
"7,13,12,12,17,0,18,16,14,21,5,13,1,10,22",0.48,0.455,0.47375,0.4830508474576271,0.57,0.5229357798165137,0.48,1.6234359741210938
"5,14,23,7,21,12,14,4,3,8,7,9,5,17,21",0.465,0.5,0.47375,0.48148148148148145,0.91,0.629757785467128,0.465,1.1795415878295898
"7,13,23,2,6,14,9,8,4,3,2,11,12,12,15",0.485,0.44,0.47375,0.44,0.11,0.176,0.485,1.134641408920288
"6,12,5,15,11,1,9,17,9,0,0,22,10,21,15",0.48,0.455,0.47375,0.47959183673469385,0.47,0.47474747474747475,0.48,1.11600661277771
"11,13,17,4,23,15,9,8,21,1,12,19,1,1,6",0.475,0.47,0.47374999999999995,0.48344370860927155,0.73,0.5816733067729084,0.475,1.6652817726135254
"14,19,8,10,1,7,7,11,15,8,5,1,13,19,2",0.495,0.41,0.47374999999999995,0.49557522123893805,0.56,0.5258215962441315,0.495,1.274580955505371
"1,22,14,12,11,18,1,10,5,4,4,2,8,8,16",0.465,0.495,0.47250000000000003,0.46846846846846846,0.52,0.4928909952606635,0.46499999999999997,1.2604243755340576
"12,11,18,1,10,5,4,4,2,8,8,16,11,6,10",0.49,0.42,0.4725,0.4891304347826087,0.45,0.46875,0.49,1.1423864364624023
"7,2,0,14,15,20,15,16,2,1,16,13,3,10,21",0.475,0.465,0.4724999999999999,0.47706422018348627,0.52,0.49760765550239233,0.475,1.2035315036773682
"13,1,2,16,18,3,12,4,0,9,2,6,6,19,6",0.47,0.475,0.47125000000000006,0.4634146341463415,0.38,0.4175824175824176,0.47000000000000003,1.230994462966919
"7,21,5,17,0,18,2,14,5,6,16,13,21,8,12",0.46,0.505,0.47125000000000006,0.4714285714285714,0.66,0.55,0.46,1.3340237140655518
"15,3,12,13,12,5,3,6,10,6,1,22,16,15,8",0.475,0.46,0.47124999999999995,0.48633879781420764,0.89,0.6289752650176679,0.475,1.0886240005493164
"9,22,11,6,1,3,2,3,9,3,19,9,7,20,9",0.46,0.505,0.47124999999999995,0.4777777777777778,0.86,0.6142857142857143,0.45999999999999996,1.078254222869873
"0,2,18,16,8,6,7,21,5,17,0,18,2,14,5",0.46,0.505,0.47124999999999995,0.47435897435897434,0.74,0.578125,0.45999999999999996,1.592756986618042
"1,10,5,4,4,2,8,8,16,11,6,10,15,1,19",0.47,0.47,0.47000000000000003,0.48404255319148937,0.91,0.6319444444444444,0.47000000000000003,1.3186547756195068
"4,5,7,9,14,8,7,9,9,8,2,14,12,16,14",0.475,0.455,0.47000000000000003,0.48466257668711654,0.79,0.6007604562737643,0.47500000000000003,1.170837163925171
"8,6,5,12,22,16,4,12,1,8,12,14,0,23,2",0.47,0.47,0.47,0.375,0.09,0.14516129032258066,0.47,1.0565574169158936
"15,12,17,4,18,5,4,2,3,17,1,8,5,13,15",0.47,0.465,0.46875,0.4765625,0.61,0.5350877192982456,0.47,1.7023255825042725
"12,7,13,15,6,9,17,6,15,0,14,23,15,17,20",0.47,0.465,0.46875,0.47058823529411764,0.48,0.4752475247524752,0.47,1.1597747802734375
"22,2,7,18,0,6,19,15,7,14,12,13,14,19,7",0.47,0.46,0.4675,0.2857142857142857,0.04,0.07017543859649122,0.47000000000000003,2.4850199222564697
"9,20,17,18,17,12,14,13,0,12,20,4,13,23,6",0.47,0.46,0.4675,0.4745762711864407,0.56,0.5137614678899083,0.47000000000000003,1.6462736129760742
"8,15,14,14,4,6,14,11,16,4,23,5,13,0,3",0.47,0.46,0.46749999999999997,0.47619047619047616,0.6,0.5309734513274337,0.47,1.0688977241516113
"10,13,12,8,21,2,5,13,1,2,16,18,3,12,4",0.47,0.46,0.46749999999999997,0.46938775510204084,0.46,0.46464646464646464,0.47,1.3286230564117432
"5,9,4,5,15,3,12,13,12,5,3,6,10,6,1",0.46,0.485,0.46625000000000005,0.39473684210526316,0.15,0.21739130434782608,0.46,0.9878847599029541
"12,19,3,19,6,13,8,16,6,11,2,4,17,0,20",0.46,0.485,0.46624999999999994,0.47368421052631576,0.72,0.5714285714285714,0.45999999999999996,3.5780296325683594
"12,19,15,2,7,19,15,23,5,6,16,21,12,17,3",0.47,0.45,0.46499999999999997,0.45714285714285713,0.32,0.3764705882352941,0.47,1.509007453918457
"12,5,14,4,3,5,21,7,17,18,5,6,9,23,13",0.475,0.435,0.46499999999999997,0.4774774774774775,0.53,0.5023696682464455,0.475,1.2516238689422607
"10,7,9,8,3,12,15,18,17,12,9,22,1,9,16",0.45,0.505,0.46375,0.4666666666666667,0.7,0.56,0.44999999999999996,1.5895562171936035
"12,13,8,2,11,8,11,4,10,8,3,7,6,10,21",0.44,0.525,0.46125000000000005,0.44,0.44,0.44,0.44,1.0938866138458252
"12,5,18,8,13,3,11,7,5,18,8,2,19,17,6",0.45,0.495,0.46125000000000005,0.25,0.05,0.08333333333333333,0.45,1.675555944442749
"12,8,3,10,8,7,11,9,16,13,2,19,7,2,1",0.47,0.435,0.46125,0.47540983606557374,0.58,0.5225225225225225,0.47,1.1397602558135986
"17,13,8,7,3,22,15,13,11,16,0,9,18,14,5",0.46,0.465,0.46124999999999994,0.45555555555555555,0.41,0.43157894736842106,0.45999999999999996,1.257140874862671
"5,10,19,1,14,6,12,7,23,8,11,2,4,5,16",0.47,0.43,0.46,0.4642857142857143,0.39,0.42391304347826086,0.47000000000000003,1.1992523670196533
"1,22,9,2,7,0,14,19,8,10,21,11,2,20,3",0.44,0.52,0.46,0.4,0.24,0.3,0.44,1.0747323036193848
"2,4,15,6,3,20,9,22,16,14,11,4,12,18,9",0.465,0.44,0.45875,0.47928994082840237,0.81,0.6022304832713755,0.465,1.2011280059814453
"10,15,1,5,11,10,10,4,16,9,11,3,5,10,19",0.45,0.485,0.45875,0.42424242424242425,0.28,0.3373493975903614,0.45,1.126300573348999
"4,4,21,5,16,5,10,5,8,18,0,12,12,12,16",0.415,0.59,0.45875,0.4472049689440994,0.72,0.5517241379310345,0.415,1.365511417388916
"10,6,1,22,16,15,8,1,4,16,5,15,9,8,0",0.45,0.485,0.45875,0.4431818181818182,0.39,0.4148936170212766,0.45,1.131937026977539
"8,6,7,21,5,17,0,18,2,14,5,6,16,13,21",0.46,0.45,0.4575,0.45,0.36,0.4,0.46,1.5337696075439453
"4,18,5,4,16,18,17,1,8,5,13,15,0,11,1",0.44,0.505,0.45625000000000004,0.4583333333333333,0.66,0.5409836065573771,0.44,1.7904627323150635
"4,3,7,4,9,17,3,5,1,18,13,1,8,23,11",0.46,0.445,0.45625,0.4772727272727273,0.84,0.6086956521739131,0.45999999999999996,1.4418997764587402
"8,9,15,15,17,20,10,11,13,17,4,23,15,9,8",0.455,0.46,0.45625,0.47368421052631576,0.81,0.5977859778597786,0.455,1.5360660552978516
"5,13,22,1,13,8,4,13,21,1,7,22,4,15,20",0.465,0.425,0.455,0.4700854700854701,0.55,0.5069124423963134,0.465,1.1258985996246338
"7,8,20,14,0,6,2,0,4,9,10,20,3,9,0",0.445,0.485,0.45499999999999996,0.46258503401360546,0.68,0.5506072874493927,0.445,1.0035245418548584
"8,4,8,23,2,13,7,3,4,4,21,5,16,5,10",0.455,0.45,0.45374999999999993,0.45714285714285713,0.48,0.4682926829268293,0.45499999999999996,1.0613672733306885
"10,0,13,0,2,1,4,4,15,2,1,1,13,10,7",0.445,0.475,0.4525,0.46258503401360546,0.68,0.5506072874493927,0.445,1.0305659770965576
"8,9,0,2,15,19,7,18,16,18,10,2,3,12,2",0.45,0.46,0.4525,0.45535714285714285,0.51,0.4811320754716981,0.45,1.4970755577087402
"16,0,0,3,11,10,8,13,4,16,14,4,6,17,20",0.46,0.425,0.45125000000000004,0.4375,0.28,0.34146341463414637,0.46,1.0643644332885742
"21,8,8,3,4,9,14,1,16,11,13,0,13,23,5",0.445,0.47,0.45125,0.4702702702702703,0.87,0.6105263157894737,0.445,1.156045913696289
"22,15,5,7,3,12,23,8,22,10,17,11,21,11,20",0.46,0.425,0.45125,0.4259259259259259,0.23,0.2987012987012987,0.4599999999999999,1.3427941799163818
"12,5,13,22,1,13,8,4,13,21,1,7,22,4,15",0.445,0.47,0.45125,0.43373493975903615,0.36,0.39344262295081966,0.445,1.0700526237487793
"12,8,5,15,23,15,5,11,22,16,9,5,23,12,14",0.445,0.465,0.45,0.4620689655172413,0.67,0.5469387755102041,0.445,1.2388489246368408
"14,3,8,1,6,23,8,3,14,16,1,13,14,0,10",0.455,0.435,0.45,0.36363636363636365,0.12,0.18045112781954886,0.455,1.192728042602539
"23,7,19,13,1,7,15,10,16,5,23,6,11,10,20",0.44,0.48,0.45,0.45588235294117646,0.62,0.5254237288135594,0.44,1.3663594722747803
"4,21,13,10,8,1,18,11,0,4,16,13,20,6,4",0.46,0.42,0.44999999999999996,0.4696969696969697,0.62,0.5344827586206896,0.45999999999999996,1.06718111038208
"10,5,7,2,22,3,3,12,15,18,8,13,10,2,20",0.455,0.435,0.44999999999999996,0.45794392523364486,0.49,0.47342995169082125,0.45499999999999996,1.1365296840667725
"14,9,8,4,3,2,11,12,12,15,8,9,4,15,5",0.445,0.46,0.44875,0.43956043956043955,0.4,0.418848167539267,0.445,1.1532981395721436
"22,5,9,1,11,9,19,12,4,11,4,22,0,14,20",0.455,0.425,0.4475,0.46153846153846156,0.54,0.4976958525345622,0.455,1.0776069164276123
"10,1,7,7,11,15,8,5,1,13,19,2,7,2,0",0.45,0.43,0.44500000000000006,0.45535714285714285,0.51,0.4811320754716981,0.45,1.204603672027588
"8,15,3,10,7,4,14,18,4,1,8,19,2,0,11",0.445,0.44,0.44375,0.4662576687116564,0.76,0.5779467680608364,0.445,1.2905707359313965
"12,22,16,4,12,1,8,12,14,0,23,2,12,18,15",0.43,0.48,0.4425,0.42045454545454547,0.37,0.39361702127659576,0.43,1.2544221878051758
"10,21,15,20,3,10,9,3,7,7,21,12,3,10,23",0.435,0.46,0.44125000000000003,0.37254901960784315,0.19,0.25165562913907286,0.43500000000000005,1.1907408237457275
"20,7,9,1,12,14,20,16,15,11,14,16,7,15,1",0.44,0.435,0.43875000000000003,0.44545454545454544,0.49,0.4666666666666667,0.44,1.375037431716919
"0,13,0,9,7,19,10,16,22,13,18,16,6,17,21",0.435,0.445,0.43750000000000006,0.41975308641975306,0.34,0.3756906077348066,0.43500000000000005,1.4943125247955322
"7,0,8,14,1,1,14,19,8,10,1,7,7,11,15",0.445,0.415,0.4375,0.43373493975903615,0.36,0.39344262295081966,0.445,1.289764642715454
"17,1,7,1,16,1,10,16,13,3,16,7,8,5,8",0.435,0.42,0.43125,0.42168674698795183,0.35,0.3825136612021858,0.435,1.3229663372039795
"9,4,10,14,20,7,13,2,4,1,22,9,6,6,13",0.42,0.455,0.4287500000000001,0.4322033898305085,0.51,0.46788990825688076,0.42000000000000004,1.1009783744812012
"4,13,21,1,7,22,4,15,20,7,4,15,22,11,7",0.435,0.4,0.42625,0.40298507462686567,0.27,0.32335329341317365,0.435,1.134883165359497
"17,0,1,16,16,21,2,16,9,8,18,13,19,6,1",0.425,0.425,0.425,0.45098039215686275,0.69,0.5454545454545454,0.425,1.7981085777282715
"15,12,18,15,11,21,17,13,7,11,9,3,0,15,3",0.425,0.42,0.42375000000000007,0.44,0.55,0.4888888888888889,0.42500000000000004,1.1901366710662842
"17,10,10,11,1,14,11,17,21,8,6,2,16,3,6",0.42,0.435,0.42375,0.38235294117647056,0.26,0.30952380952380953,0.42,1.1499896049499512
"11,18,8,23,6,2,6,6,3,1,12,7,10,9,21",0.41,0.455,0.42125,0.41,0.41,0.41,0.41,1.1272401809692383
"8,18,9,2,19,12,19,9,1,4,17,10,17,19,0",0.415,0.435,0.42,0.41414141414141414,0.41,0.4120603015075377,0.415,1.7290208339691162
"17,9,6,8,7,20,2,1,9,6,20,12,2,2,22",0.42,0.415,0.41875,0.4420289855072464,0.61,0.5126050420168067,0.42,1.118185043334961
"0,14,10,18,13,18,15,3,3,11,9,8,2,18,19",0.42,0.4,0.41500000000000004,0.41304347826086957,0.38,0.3958333333333333,0.42000000000000004,2.395184278488159
"13,0,2,1,4,4,15,2,1,1,13,10,7,1,23",0.415,0.415,0.415,0.42342342342342343,0.47,0.44549763033175355,0.415,1.0614261627197266
"5,19,1,6,7,6,12,1,14,14,22,9,2,13,8",0.41,0.43,0.415,0.4166666666666667,0.45,0.4326923076923077,0.41000000000000003,1.4437053203582764
"4,6,5,13,8,17,17,9,6,8,7,20,2,1,9",0.415,0.41,0.41374999999999995,0.36507936507936506,0.23,0.2822085889570552,0.415,1.1573913097381592
"4,7,0,5,12,1,11,23,13,23,7,19,13,1,7",0.4,0.45,0.4125000000000001,0.4166666666666667,0.5,0.45454545454545453,0.4,1.1575853824615479
"16,11,15,19,10,4,2,22,5,9,1,11,9,19,12",0.41,0.42,0.4125,0.4117647058823529,0.42,0.4158415841584158,0.41000000000000003,1.2922337055206299
"2,7,2,0,14,15,20,15,16,2,1,16,13,3,10",0.4,0.44,0.41000000000000003,0.41228070175438597,0.47,0.4392523364485981,0.4,1.2733263969421387
"14,1,1,14,19,8,10,1,7,7,11,15,8,5,1",0.385,0.485,0.41000000000000003,0.3614457831325301,0.3,0.32786885245901637,0.385,1.2073068618774414
"10,13,21,17,17,0,1,16,16,21,2,16,9,8,18",0.425,0.365,0.41,0.43478260869565216,0.5,0.46511627906976744,0.425,1.8248789310455322
"13,8,16,6,11,2,4,17,0,20,14,20,14,16,18",0.405,0.415,0.40750000000000003,0.4214876033057851,0.51,0.46153846153846156,0.405,1.1816956996917725
"19,14,11,7,4,15,4,23,8,19,8,8,18,9,2",0.41,0.37,0.4,0.42857142857142855,0.54,0.4778761061946903,0.41000000000000003,1.332563877105713
"11,1,14,11,17,21,8,6,2,16,3,6,12,10,20",0.37,0.49,0.39999999999999997,0.34523809523809523,0.29,0.31521739130434784,0.37,1.2257227897644043
"12,12,22,15,8,13,11,23,12,7,9,10,3,3,16",0.395,0.41,0.39875000000000005,0.4304635761589404,0.65,0.5179282868525896,0.395,1.1301496028900146
"2,1,5,0,23,15,16,0,8,13,15,13,7,4,17",0.395,0.4,0.39625,0.3333333333333333,0.21,0.25766871165644173,0.39499999999999996,1.4250457286834717
"22,16,15,8,1,4,16,5,15,9,8,0,13,14,4",0.395,0.39,0.39375000000000004,0.4036697247706422,0.44,0.42105263157894735,0.395,1.1476662158966064
"2,11,8,11,4,10,8,3,7,6,10,21,9,10,2",0.39,0.4,0.39249999999999996,0.37777777777777777,0.34,0.35789473684210527,0.39,1.0999526977539062
"15,22,11,7,13,23,2,6,14,9,8,4,3,2,11",0.39,0.395,0.39125,0.35135135135135137,0.26,0.2988505747126437,0.39,1.144697904586792
"12,1,11,23,13,23,7,19,13,1,7,15,10,16,5",0.39,0.39,0.39,0.37777777777777777,0.34,0.35789473684210527,0.39,1.3032410144805908
"12,17,4,18,5,4,16,18,17,1,8,5,13,15,0",0.405,0.345,0.38999999999999996,0.4306569343065693,0.59,0.4978902953586498,0.40499999999999997,2.011026382446289
"9,3,7,7,21,12,8,10,13,16,0,21,8,13,3",0.385,0.395,0.3875,0.37362637362637363,0.34,0.35602094240837695,0.385,1.2028210163116455
"4,16,18,17,1,8,8,13,13,0,0,1,14,3,3",0.385,0.385,0.385,0.35802469135802467,0.29,0.32044198895027626,0.385,1.5019779205322266
"12,6,11,17,13,8,7,3,22,15,13,11,16,0,9",0.395,0.35,0.38375000000000004,0.416,0.52,0.4622222222222222,0.395,1.2638859748840332
"15,2,20,3,6,3,7,12,9,16,3,8,10,2,1",0.38,0.39,0.38250000000000006,0.35,0.28,0.3111111111111111,0.38,1.1803948879241943
"15,12,16,22,13,18,16,6,17,21,12,8,11,8,5",0.365,0.435,0.3825,0.3333333333333333,0.27,0.2983425414364641,0.365,1.5431928634643555
"19,16,15,5,23,12,13,8,7,2,16,5,10,15,11",0.395,0.34,0.38125,0.38461538461538464,0.35,0.36649214659685864,0.395,1.6606566905975342
"13,13,14,5,23,7,7,3,9,23,16,16,17,0,19",0.355,0.425,0.3725,0.3253012048192771,0.27,0.29508196721311475,0.355,1.7313435077667236
"9,3,16,18,17,1,8,5,13,15,0,21,1,14,3",0.37,0.375,0.37124999999999997,0.358695652173913,0.33,0.34375,0.37,1.649254560470581
"19,15,14,8,5,6,5,2,6,4,6,22,7,3,15",0.37,0.37,0.37,0.4,0.52,0.45217391304347826,0.37,1.3767638206481934
"15,23,7,0,21,1,0,11,10,4,22,10,20,7,10",0.39,0.31,0.37,0.42142857142857143,0.59,0.49166666666666664,0.39,1.2033131122589111
"5,16,5,16,4,12,17,15,6,12,14,7,1,10,7",0.385,0.32,0.36875,0.35802469135802467,0.29,0.32044198895027626,0.385,1.1915149688720703
"18,8,2,19,17,6,8,9,15,15,17,20,10,11,13",0.35,0.415,0.36624999999999996,0.3076923076923077,0.24,0.2696629213483146,0.35,1.7612388134002686
"9,2,7,0,14,19,8,10,21,11,2,20,3,8,10",0.36,0.365,0.36125,0.35714285714285715,0.35,0.35353535353535354,0.36,1.1221697330474854
"15,13,9,12,7,7,7,5,22,12,0,0,13,7,11",0.395,0.255,0.36,0.42657342657342656,0.61,0.5020576131687243,0.395,1.2278871536254883
"5,9,10,7,9,8,3,12,15,18,17,12,9,22,1",0.355,0.37,0.35875,0.3253012048192771,0.27,0.29508196721311475,0.355,1.4227924346923828
"15,12,3,10,19,15,0,13,0,9,7,19,10,16,22",0.37,0.31,0.355,0.38392857142857145,0.43,0.4056603773584906,0.37,1.4098515510559082
"17,13,7,11,9,3,0,15,3,0,18,9,18,11,8",0.365,0.315,0.3525,0.392,0.49,0.43555555555555553,0.365,1.1996219158172607
"16,5,9,1,2,8,1,21,7,17,7,9,10,13,3",0.345,0.365,0.35000000000000003,0.25396825396825395,0.16,0.19631901840490798,0.34500000000000003,1.0844593048095703
"0,16,5,21,4,2,12,15,4,12,14,7,19,10,10",0.38,0.26,0.35000000000000003,0.3888888888888889,0.42,0.40384615384615385,0.38,1.3802673816680908
"18,9,16,19,18,17,4,10,19,0,6,0,7,17,13",0.39,0.23,0.35,0.41911764705882354,0.57,0.4830508474576271,0.38999999999999996,3.040916681289673
"5,22,4,17,17,15,6,12,14,7,19,10,11,11,11",0.365,0.3,0.34875,0.2711864406779661,0.16,0.20125786163522014,0.365,1.3834569454193115
"12,19,17,4,17,11,13,15,13,17,19,8,23,11,16",0.355,0.325,0.3475,0.32098765432098764,0.26,0.287292817679558,0.355,2.5253844261169434
"19,1,14,23,11,4,16,5,16,12,10,22,8,4,16",0.33,0.385,0.34375,0.2875,0.23,0.2555555555555555,0.33,1.5666005611419678
"3,16,5,14,23,7,21,12,14,4,3,8,7,9,5",0.34,0.35,0.3425,0.3048780487804878,0.25,0.27472527472527475,0.33999999999999997,1.2113685607910156
"19,5,0,11,10,15,9,6,4,0,19,8,6,1,18",0.32,0.395,0.33875,0.2692307692307692,0.21,0.23595505617977527,0.32,1.4553313255310059
"5,15,11,20,9,17,9,0,0,22,10,21,15,20,3",0.34,0.335,0.33875,0.375,0.48,0.42105263157894735,0.33999999999999997,1.2689568996429443
"10,14,13,21,14,13,13,14,5,23,7,7,3,9,23",0.35,0.3,0.33749999999999997,0.3790322580645161,0.47,0.41964285714285715,0.35,1.1397004127502441
"0,6,19,15,7,14,12,13,14,19,7,4,6,10,21",0.38,0.175,0.32875000000000004,0.32857142857142857,0.23,0.27058823529411763,0.38,1.4607646465301514
"6,0,16,15,12,3,10,19,15,0,13,0,9,7,19",0.33,0.32,0.32749999999999996,0.3191489361702128,0.3,0.30927835051546393,0.32999999999999996,1.3928565979003906
"14,13,13,14,5,23,7,7,3,9,23,16,16,17,0",0.34,0.275,0.32375,0.28378378378378377,0.21,0.2413793103448276,0.33999999999999997,1.130805253982544
"18,2,16,4,5,7,9,14,8,7,9,9,8,2,14",0.33,0.295,0.32125,0.3023255813953488,0.26,0.27956989247311825,0.33,1.3856847286224365
"15,21,15,13,9,17,6,19,10,6,8,22,12,21,8",0.35,0.22,0.31749999999999995,0.35294117647058826,0.36,0.3564356435643564,0.35,1.6937968730926514
"18,17,4,10,19,0,6,0,7,17,13,10,9,5,8",0.375,0.125,0.3125,0.41379310344827586,0.6,0.4897959183673469,0.375,1.8705525398254395
"14,16,0,16,15,10,2,12,12,16,22,7,10,9,10",0.33,0.26,0.3125,0.3559322033898305,0.42,0.3853211009174312,0.32999999999999996,1.2808501720428467
"0,16,5,18,4,10,17,15,4,12,14,7,19,10,10",0.38,0.075,0.30375,0.32857142857142857,0.23,0.27058823529411763,0.38,1.308210849761963
"14,16,0,22,15,10,17,15,19,16,0,7,10,10,7",0.325,0.235,0.30250000000000005,0.3394495412844037,0.37,0.35406698564593303,0.325,1.5290112495422363
"6,16,5,18,4,15,17,15,4,12,14,7,19,10,10",0.385,0.055,0.3025,0.3333333333333333,0.23,0.27218934911242604,0.385,1.3698360919952393
"16,5,22,4,17,17,15,6,12,14,7,19,10,11,11",0.38,0.04,0.29500000000000004,0.3333333333333333,0.24,0.27906976744186046,0.38,1.4074950218200684
"0,16,5,18,4,16,17,15,4,12,14,7,19,10,10",0.355,0.02,0.27125,0.3739130434782609,0.43,0.4,0.355,1.5611255168914795
