encoding,test accuracy,training accuracy,combined accuracy,test precision,test recall,test fscore,test auc,training time
"8,1,17,7,8,8,12,10,0,0,2,1,9,13,2",0.7,0.6,0.6790178571428571,0.6470588235294118,0.7857142857142857,0.7096774193548387,0.7053571428571428,0.19399571418762207
"4,18,5,19,15,16,11,11,16,22,15,11,14,18,9",0.7,0.6,0.6723214285714286,0.6923076923076923,0.6428571428571429,0.6666666666666666,0.6964285714285714,0.6411659717559814
"17,6,10,7,12,9,10,7,20,0,14,14,13,18,10",0.5666666666666667,1.0,0.6685267857142857,0.5454545454545454,0.42857142857142855,0.48,0.5580357142857143,0.30001211166381836
"19,16,5,10,5,12,17,0,6,5,3,22,16,5,5",0.6666666666666666,0.6,0.6622767857142857,0.5909090909090909,0.9285714285714286,0.7222222222222222,0.6830357142857143,0.36432838439941406
"16,10,1,22,2,17,19,12,11,8,20,10,20,5,6",0.6666666666666666,0.6,0.6589285714285714,0.6,0.8571428571428571,0.7058823529411765,0.6785714285714286,0.3577272891998291
"11,18,5,19,15,16,1,10,19,4,15,8,13,5,14",0.6,0.8,0.6520089285714286,0.5625,0.6428571428571429,0.6,0.6026785714285714,0.5901587009429932
"19,13,17,23,16,10,16,8,13,20,17,14,9,4,4",0.6,0.8,0.6486607142857144,0.5714285714285714,0.5714285714285714,0.5714285714285714,0.5982142857142857,0.4601287841796875
"8,7,8,15,0,0,12,14,17,9,15,5,10,14,20",0.7,0.5,0.6439732142857143,0.7272727272727273,0.5714285714285714,0.64,0.6919642857142857,0.2765843868255615
"11,1,10,4,4,12,0,12,15,19,1,1,14,12,14",0.6333333333333333,0.7,0.6370535714285714,0.7142857142857143,0.35714285714285715,0.47619047619047616,0.6160714285714286,0.2803466320037842
"9,6,16,9,13,15,3,11,16,7,23,5,17,18,11",0.6333333333333333,0.6,0.6354910714285714,0.5714285714285714,0.8571428571428571,0.6857142857142857,0.6473214285714286,0.2931194305419922
"19,4,17,6,10,7,12,9,10,7,20,0,14,14,13",0.5333333333333333,1.0,0.6350446428571428,0.5,0.21428571428571427,0.3,0.5133928571428571,0.44184303283691406
"11,18,0,19,15,16,2,10,19,4,17,8,13,5,14",0.6666666666666666,0.6,0.6321428571428571,1.0,0.2857142857142857,0.4444444444444444,0.6428571428571428,0.705420970916748
"20,14,15,13,0,2,9,14,12,16,2,23,16,9,6",0.6333333333333333,0.6,0.6321428571428571,0.5789473684210527,0.7857142857142857,0.6666666666666666,0.6428571428571428,0.29421448707580566
"4,13,11,16,5,23,11,11,16,22,9,11,14,18,9",0.5666666666666667,0.8,0.631919642857143,0.5263157894736842,0.7142857142857143,0.6060606060606061,0.5758928571428572,0.28766560554504395
"4,18,5,19,15,16,11,11,16,22,15,11,9,18,9",0.5666666666666667,0.7,0.6203125,0.5185185185185185,1.0,0.6829268292682927,0.59375,0.6271326541900635
"5,8,14,0,17,17,6,9,4,3,1,4,23,0,11",0.6666666666666666,0.5,0.6171875,0.7,0.5,0.5833333333333334,0.65625,0.23895025253295898
"13,14,3,6,12,1,18,7,16,12,0,10,1,8,5",0.5666666666666667,0.8,0.6151785714285715,0.5555555555555556,0.35714285714285715,0.43478260869565216,0.5535714285714286,0.25336241722106934
"19,13,17,23,13,10,16,8,13,20,17,14,9,4,4",0.6,0.7,0.6136160714285714,0.625,0.35714285714285715,0.45454545454545453,0.5848214285714286,0.3534557819366455
"19,17,3,9,6,6,9,1,0,7,5,7,23,17,9",0.6,0.7,0.6136160714285714,0.625,0.35714285714285715,0.45454545454545453,0.5848214285714286,0.42851734161376953
"4,18,5,19,15,16,0,8,22,0,15,0,21,9,22",0.5333333333333333,0.9,0.6133928571428571,0.5,0.2857142857142857,0.36363636363636365,0.5178571428571428,0.5856025218963623
"0,19,4,16,11,9,11,23,0,8,22,0,14,0,10",0.6333333333333333,0.6,0.6120535714285715,0.7142857142857143,0.35714285714285715,0.47619047619047616,0.6160714285714286,0.3476715087890625
"9,18,5,19,15,16,0,19,4,16,15,9,11,23,0",0.6,0.6,0.6120535714285715,0.5454545454545454,0.8571428571428571,0.6666666666666666,0.6160714285714286,0.6868865489959717
"4,13,11,16,5,3,11,11,16,22,9,11,14,18,9",0.6333333333333333,0.6,0.6120535714285714,0.7142857142857143,0.35714285714285715,0.47619047619047616,0.6160714285714286,0.2667553424835205
"14,19,10,20,3,17,13,1,6,23,13,4,12,18,19",0.6333333333333333,0.5,0.6104910714285714,0.5714285714285714,0.8571428571428571,0.6857142857142857,0.6473214285714286,0.5645604133605957
"9,14,6,2,3,4,0,19,4,16,11,9,11,23,0",0.6666666666666666,0.5,0.6104910714285714,0.8333333333333334,0.35714285714285715,0.5,0.6473214285714286,0.2716808319091797
"4,18,5,19,15,16,11,12,16,22,15,11,14,18,9",0.6,0.7,0.610267857142857,0.6666666666666666,0.2857142857142857,0.4,0.5803571428571428,0.6268942356109619
"4,0,0,12,4,16,2,23,4,16,17,5,19,5,14",0.5333333333333333,0.8,0.608482142857143,0.5,0.7142857142857143,0.5882352941176471,0.5446428571428572,0.3989238739013672
"10,1,22,2,17,19,12,11,8,20,10,20,5,6,4",0.5666666666666667,0.8,0.6084821428571427,0.6,0.21428571428571427,0.3157894736842105,0.5446428571428571,0.34762120246887207
"4,18,0,12,4,16,2,23,16,16,17,5,19,5,14",0.5666666666666667,0.7,0.6069196428571428,0.5263157894736842,0.7142857142857143,0.6060606060606061,0.5758928571428572,0.49321627616882324
"11,1,5,4,15,16,1,10,19,19,15,1,13,5,14",0.6666666666666666,0.4,0.6055803571428571,0.6111111111111112,0.7857142857142857,0.6875,0.6741071428571428,0.8833518028259277
"4,16,11,9,11,23,0,8,22,0,14,0,10,9,22",0.6666666666666666,0.4,0.6055803571428571,0.6111111111111112,0.7857142857142857,0.6875,0.6741071428571428,0.29071521759033203
"17,17,6,9,4,3,1,4,23,0,11,9,0,19,15",0.6333333333333333,0.6,0.6053571428571428,1.0,0.21428571428571427,0.35294117647058826,0.6071428571428571,0.2786524295806885
"4,18,5,19,15,16,16,23,4,16,15,5,19,16,16",0.5666666666666667,0.8,0.6051339285714286,0.6666666666666666,0.14285714285714285,0.23529411764705882,0.5401785714285714,0.7819697856903076
"9,6,16,4,13,17,3,11,4,9,23,5,17,9,11",0.6333333333333333,0.5,0.6037946428571429,0.5882352941176471,0.7142857142857143,0.6451612903225806,0.6383928571428572,0.25326967239379883
"9,6,16,9,13,15,3,11,16,5,23,5,17,18,11",0.5666666666666667,0.7,0.6035714285714285,0.5294117647058824,0.6428571428571429,0.5806451612903226,0.5714285714285714,0.39319610595703125
"4,18,5,19,15,16,0,8,22,0,15,8,13,9,14",0.6333333333333333,0.5,0.6004464285714286,0.6,0.6428571428571429,0.6206896551724138,0.6339285714285714,0.588306188583374
"15,13,0,2,9,14,12,16,2,23,16,9,6,22,10",0.6,0.6,0.5986607142857143,0.5714285714285714,0.5714285714285714,0.5714285714285714,0.5982142857142857,0.28302431106567383
"16,15,5,4,6,17,11,4,4,9,3,5,22,9,14",0.6333333333333333,0.5,0.5970982142857143,0.6153846153846154,0.5714285714285714,0.5925925925925926,0.6294642857142857,0.21437549591064453
"11,18,0,19,15,16,1,10,19,4,17,8,13,5,14",0.6333333333333333,0.5,0.5970982142857143,0.6153846153846154,0.5714285714285714,0.5925925925925926,0.6294642857142857,0.697608232498169
"14,0,4,8,3,12,4,1,19,8,18,19,3,16,11",0.6666666666666666,0.4,0.5955357142857143,0.6666666666666666,0.5714285714285714,0.6153846153846154,0.6607142857142857,0.5677490234375
"14,12,19,6,1,1,13,1,18,8,16,1,18,16,5",0.6,0.6,0.5953125,0.5833333333333334,0.5,0.5384615384615384,0.59375,0.2950730323791504
"10,21,14,3,10,15,12,3,18,11,4,15,3,1,12",0.5666666666666667,0.6,0.5953125,0.5185185185185185,1.0,0.6829268292682927,0.59375,0.26782727241516113
"12,11,8,20,10,20,5,6,4,16,1,4,8,9,7",0.6,0.5,0.59375,0.5384615384615384,1.0,0.7,0.625,0.21473097801208496
"1,5,1,3,8,9,4,16,3,9,19,19,17,13,3",0.6333333333333333,0.4,0.5921875,0.56,1.0,0.717948717948718,0.65625,0.9907853603363037
"13,2,18,14,6,6,22,7,8,6,3,6,1,0,20",0.5666666666666667,0.6,0.5919642857142857,0.52,0.9285714285714286,0.6666666666666666,0.5892857142857143,0.23834729194641113
"4,8,3,12,4,1,19,8,18,19,3,16,11,23,1",0.6,0.5,0.5904017857142857,0.5416666666666666,0.9285714285714286,0.6842105263157895,0.6205357142857143,0.5812852382659912
"8,7,8,7,0,0,10,14,17,0,15,5,10,14,10",0.5333333333333333,0.7,0.5901785714285714,0.5,0.8571428571428571,0.631578947368421,0.5535714285714286,0.24996614456176758
"4,11,4,3,6,0,11,1,23,3,3,13,9,16,15",0.6333333333333333,0.4,0.5888392857142857,0.5652173913043478,0.9285714285714286,0.7027027027027027,0.6517857142857143,0.19231438636779785
"0,4,11,16,5,18,6,1,16,8,14,8,21,0,12",0.5333333333333333,0.8,0.5883928571428572,0.5,0.2857142857142857,0.36363636363636365,0.5178571428571428,0.28983449935913086
"8,16,1,9,3,12,18,13,16,12,8,1,12,14,0",0.6333333333333333,0.5,0.5870535714285714,0.7142857142857143,0.35714285714285715,0.47619047619047616,0.6160714285714286,0.2570958137512207
"0,8,1,9,3,4,2,18,4,15,16,7,17,13,15",0.6333333333333333,0.5,0.5870535714285714,0.7142857142857143,0.35714285714285715,0.47619047619047616,0.6160714285714286,0.23366641998291016
"4,12,18,19,8,16,12,1,9,8,21,2,11,22,15",0.6,0.5,0.5870535714285714,0.5454545454545454,0.8571428571428571,0.6666666666666666,0.6160714285714286,0.5228714942932129
"19,18,5,19,5,1,17,0,6,4,3,8,16,5,5",0.5333333333333333,0.7,0.586830357142857,0.5,0.7857142857142857,0.6111111111111112,0.5491071428571428,1.1231532096862793
"13,3,5,0,1,16,11,3,14,20,13,11,3,3,6",0.6333333333333333,0.4,0.5854910714285715,0.5714285714285714,0.8571428571428571,0.6857142857142857,0.6473214285714286,0.21552777290344238
"19,11,6,3,22,6,17,10,13,19,6,19,17,13,18",0.6,0.6,0.5852678571428571,0.6666666666666666,0.2857142857142857,0.4,0.5803571428571428,1.094911813735962
"4,16,11,9,11,23,0,8,22,0,14,0,21,9,22",0.5666666666666667,0.6,0.5852678571428571,0.5238095238095238,0.7857142857142857,0.6285714285714286,0.5803571428571428,0.2775702476501465
"20,16,11,13,9,8,13,21,14,12,19,6,1,1,13",0.6333333333333333,0.5,0.5837053571428571,0.8,0.2857142857142857,0.42105263157894735,0.6116071428571428,0.3046097755432129
"16,15,5,4,6,17,11,4,4,9,3,5,17,9,14",0.5,0.9,0.5832589285714286,0.4,0.14285714285714285,0.21052631578947367,0.4776785714285714,0.20873308181762695
"12,3,0,22,14,5,2,20,16,14,17,4,6,10,19",0.6666666666666666,0.4,0.5821428571428571,1.0,0.2857142857142857,0.4444444444444444,0.6428571428571428,0.23549604415893555
"1,9,8,21,2,11,22,15,20,8,3,17,13,9,5",0.5666666666666667,0.6,0.5819196428571429,0.5263157894736842,0.7142857142857143,0.6060606060606061,0.5758928571428572,0.2676081657409668
"9,23,1,10,22,4,11,4,3,6,0,11,1,23,3",0.5666666666666667,0.6,0.5819196428571429,0.5263157894736842,0.7142857142857143,0.6060606060606061,0.5758928571428572,0.17985320091247559
"17,5,19,2,15,13,13,21,7,13,0,17,22,1,8",0.5666666666666667,0.6,0.5785714285714285,0.5294117647058824,0.6428571428571429,0.5806451612903226,0.5714285714285714,0.43636536598205566
"4,16,11,9,11,23,0,16,22,0,14,0,10,9,22",0.5333333333333333,0.7,0.5767857142857142,0.5,0.5714285714285714,0.5333333333333333,0.5357142857142857,0.2897207736968994
"4,18,5,19,15,16,2,23,4,16,15,5,19,5,14",0.5333333333333333,0.7,0.5767857142857142,0.5,0.5714285714285714,0.5333333333333333,0.5357142857142857,0.7175955772399902
"19,16,3,1,22,2,11,16,4,11,18,9,9,5,8",0.5666666666666667,0.7,0.5767857142857142,1.0,0.07142857142857142,0.13333333333333333,0.5357142857142857,0.4057154655456543
"13,4,21,10,1,12,0,13,7,11,8,4,5,10,14",0.5333333333333333,0.7,0.5767857142857142,0.5,0.5714285714285714,0.5333333333333333,0.5357142857142857,0.23264360427856445
"11,13,0,13,18,5,6,9,9,13,12,17,15,5,11",0.4666666666666667,0.9,0.5765625,0.4375,0.5,0.4666666666666667,0.46875,0.2682783603668213
"10,15,14,18,9,0,5,4,8,2,14,0,22,6,4",0.5666666666666667,0.6,0.5752232142857143,0.5333333333333333,0.5714285714285714,0.5517241379310345,0.5669642857142857,0.20975160598754883
"4,18,5,19,15,10,16,23,4,16,15,5,19,16,16",0.5333333333333333,0.8,0.575,0.0,0.0,0.0,0.5,0.7649791240692139
"5,4,12,5,2,12,9,12,6,9,11,22,5,15,14",0.6,0.5,0.5736607142857143,0.5714285714285714,0.5714285714285714,0.5714285714285714,0.5982142857142857,0.20038056373596191
"8,1,14,7,8,8,6,10,0,0,1,1,9,13,2",0.6,0.5,0.5736607142857143,0.5714285714285714,0.5714285714285714,0.5714285714285714,0.5982142857142857,0.2032179832458496
"8,18,1,9,3,12,18,13,19,12,8,1,12,14,0",0.6,0.5,0.5736607142857143,0.5714285714285714,0.5714285714285714,0.5714285714285714,0.5982142857142857,0.28675031661987305
"16,9,0,23,15,6,5,9,3,10,17,1,11,5,2",0.6,0.5,0.5736607142857143,0.5714285714285714,0.5714285714285714,0.5714285714285714,0.5982142857142857,0.24257993698120117
"0,20,2,0,11,4,2,4,15,0,6,9,18,0,8",0.5,0.7,0.5734375,0.4827586206896552,1.0,0.6511627906976745,0.53125,0.16531896591186523
"16,6,14,12,17,19,9,22,7,3,23,3,5,8,8",0.5333333333333333,0.6,0.571875,0.5,1.0,0.6666666666666666,0.5625,0.3552515506744385
"4,0,10,12,4,9,16,23,4,16,2,5,19,16,16",0.5333333333333333,0.6,0.571875,0.5,1.0,0.6666666666666666,0.5625,0.40758395195007324
"6,0,17,23,5,5,13,18,18,15,16,13,15,6,15",0.5333333333333333,0.6,0.571875,0.5,1.0,0.6666666666666666,0.5625,0.4436037540435791
"14,16,22,7,3,8,11,23,2,9,10,6,16,2,9",0.5333333333333333,0.6,0.571875,0.5,1.0,0.6666666666666666,0.5625,0.28748369216918945
"9,18,0,8,19,16,5,17,0,23,2,10,3,20,8",0.6,0.5,0.5703125,0.5833333333333334,0.5,0.5384615384615384,0.59375,0.34227466583251953
"13,1,18,8,16,1,18,16,5,23,3,16,7,4,0",0.5666666666666667,0.5,0.5703125,0.5185185185185185,1.0,0.6829268292682927,0.59375,0.3401224613189697
"4,19,5,16,15,16,0,8,22,8,15,0,21,9,22",0.5,0.7,0.5700892857142856,0.48148148148148145,0.9285714285714286,0.6341463414634146,0.5267857142857143,0.3801407814025879
"10,6,16,2,9,23,11,1,13,11,6,11,19,6,2",0.5,0.7,0.5700892857142856,0.48148148148148145,0.9285714285714286,0.6341463414634146,0.5267857142857143,0.2661268711090088
"14,16,4,13,11,16,5,3,11,11,16,22,9,11,14",0.5333333333333333,0.7,0.5700892857142856,0.5,0.42857142857142855,0.46153846153846156,0.5267857142857143,0.27573513984680176
"19,12,7,9,11,18,16,9,3,16,0,22,12,16,21",0.5,0.7,0.5700892857142856,0.48148148148148145,0.9285714285714286,0.6341463414634146,0.5267857142857143,0.3500807285308838
"11,4,15,3,1,12,19,19,12,14,1,14,15,2,5",0.5333333333333333,0.7,0.5700892857142856,0.5,0.42857142857142855,0.46153846153846156,0.5267857142857143,0.8489084243774414
"2,0,11,4,2,4,15,0,6,9,18,0,8,19,16",0.5666666666666667,0.6,0.5685267857142857,0.5454545454545454,0.42857142857142855,0.48,0.5580357142857143,0.2457878589630127
"14,14,2,22,13,6,14,19,10,20,3,17,13,1,6",0.5333333333333333,0.6,0.5685267857142857,0.5,0.9285714285714286,0.65,0.5580357142857143,0.26842427253723145
"22,7,10,3,17,0,6,0,16,1,10,5,21,13,10",0.5333333333333333,0.6,0.5685267857142857,0.5,0.9285714285714286,0.65,0.5580357142857143,0.24353289604187012
"13,19,6,19,17,13,18,12,4,9,7,15,22,17,12",0.5,0.8,0.5683035714285715,0.45454545454545453,0.35714285714285715,0.4,0.4910714285714286,1.0346336364746094
"10,3,0,20,5,4,0,13,22,4,17,4,18,9,0",0.4666666666666667,0.8,0.5683035714285714,0.46153846153846156,0.8571428571428571,0.6,0.49107142857142855,0.24654388427734375
"11,11,17,2,22,16,3,22,2,7,8,18,14,14,15",0.6,0.5,0.5669642857142857,0.6,0.42857142857142855,0.5,0.5892857142857143,0.2764101028442383
"22,14,10,13,10,23,11,2,2,19,12,15,5,8,4",0.5666666666666667,0.5,0.5669642857142857,0.52,0.9285714285714286,0.6666666666666666,0.5892857142857143,0.26131582260131836
"9,14,6,16,3,16,0,19,4,6,11,11,11,4,0",0.5666666666666667,0.5,0.5669642857142857,0.52,0.9285714285714286,0.6666666666666666,0.5892857142857143,0.26018238067626953
"11,18,11,19,15,16,0,10,19,4,14,8,13,5,14",0.43333333333333335,0.9,0.5665178571428572,0.44,0.7857142857142857,0.5641025641025641,0.45535714285714285,0.2826683521270752
"14,10,19,8,23,5,10,19,13,17,23,13,10,16,8",0.5666666666666667,0.6,0.5651785714285714,0.5555555555555556,0.35714285714285715,0.43478260869565216,0.5535714285714286,0.2938973903656006
"12,0,7,19,15,10,6,9,22,0,11,7,5,9,7",0.5,0.7,0.563392857142857,0.4782608695652174,0.7857142857142857,0.5945945945945946,0.5178571428571428,0.25898313522338867
"19,13,15,23,0,2,9,8,12,16,2,23,16,9,4",0.5,0.7,0.563392857142857,0.4782608695652174,0.7857142857142857,0.5945945945945946,0.5178571428571428,0.36920738220214844
"9,22,15,14,9,1,0,1,2,0,16,9,13,8,14",0.6333333333333333,0.4,0.5620535714285715,0.7142857142857143,0.35714285714285715,0.47619047619047616,0.6160714285714286,0.20925188064575195
"22,6,10,7,12,9,10,7,20,0,14,14,13,18,10",0.6,0.4,0.5620535714285715,0.5454545454545454,0.8571428571428571,0.6666666666666666,0.6160714285714286,0.30391502380371094
"17,12,3,15,8,17,6,12,15,13,3,11,12,5,20",0.5666666666666667,0.6,0.5618303571428571,0.5714285714285714,0.2857142857142857,0.38095238095238093,0.5491071428571428,0.2664182186126709
"18,0,17,2,15,1,3,10,0,7,6,15,8,12,4",0.5666666666666667,0.6,0.5618303571428571,0.5714285714285714,0.2857142857142857,0.38095238095238093,0.5491071428571428,0.37035036087036133
"15,14,11,13,0,13,18,5,6,9,9,13,12,17,15",0.5333333333333333,0.6,0.5618303571428571,0.5,0.7857142857142857,0.6111111111111112,0.5491071428571428,0.2872123718261719
"11,18,15,13,15,16,1,10,19,4,2,8,16,5,6",0.5666666666666667,0.5,0.5602678571428571,0.5238095238095238,0.7857142857142857,0.6285714285714286,0.5803571428571428,0.277191162109375
"15,21,14,8,17,19,9,19,7,3,23,3,5,8,2",0.5666666666666667,0.5,0.5602678571428571,0.5238095238095238,0.7857142857142857,0.6285714285714286,0.5803571428571428,0.35283756256103516
"4,14,11,9,3,23,0,8,22,0,14,9,11,9,0",0.5,0.7,0.5600446428571428,0.47619047619047616,0.7142857142857143,0.5714285714285714,0.5133928571428572,0.26596570014953613
"9,6,3,12,9,12,12,7,5,18,17,5,4,3,8",0.6,0.4,0.5587053571428571,0.55,0.7857142857142857,0.6470588235294118,0.6116071428571428,0.24809956550598145
"9,15,21,14,8,17,19,9,19,7,3,23,3,5,8",0.5333333333333333,0.6,0.5584821428571429,0.5,0.7142857142857143,0.5882352941176471,0.5446428571428572,0.3605766296386719
"1,8,7,2,16,6,22,17,4,22,3,13,10,13,14",0.5333333333333333,0.6,0.5584821428571429,0.5,0.7142857142857143,0.5882352941176471,0.5446428571428572,0.2610185146331787
"9,14,18,16,12,17,6,19,5,15,0,6,7,14,17",0.5666666666666667,0.6,0.5584821428571428,0.6,0.21428571428571427,0.3157894736842105,0.5446428571428571,0.41300153732299805
"14,2,5,5,18,16,19,6,17,19,19,18,7,6,7",0.5,0.8,0.5582589285714286,0.4,0.14285714285714285,0.21052631578947367,0.4776785714285714,1.6633493900299072
"3,16,2,7,3,18,14,14,15,1,1,1,12,8,0",0.5666666666666667,0.5,0.5569196428571429,0.5263157894736842,0.7142857142857143,0.6060606060606061,0.5758928571428572,0.24428153038024902
"17,17,0,3,9,1,5,15,2,22,15,2,2,19,12",0.5666666666666667,0.5,0.5569196428571429,0.5263157894736842,0.7142857142857143,0.6060606060606061,0.5758928571428572,0.3002007007598877
"8,18,14,14,15,1,1,20,14,2,5,5,18,16,19",0.5666666666666667,0.5,0.5569196428571429,0.5263157894736842,0.7142857142857143,0.6060606060606061,0.5758928571428572,0.32203030586242676
"0,19,2,7,17,3,16,1,9,16,10,7,16,15,20",0.5666666666666667,0.5,0.5569196428571429,0.5263157894736842,0.7142857142857143,0.6060606060606061,0.5758928571428572,0.3466672897338867
"4,12,5,2,12,9,12,6,9,11,22,5,15,14,8",0.5666666666666667,0.5,0.5569196428571429,0.5263157894736842,0.7142857142857143,0.6060606060606061,0.5758928571428572,0.21401095390319824
"4,17,4,18,9,0,0,19,5,2,9,4,8,0,3",0.6,0.5,0.5569196428571428,0.75,0.21428571428571427,0.3333333333333333,0.5758928571428571,0.2652769088745117
"4,13,11,16,5,23,11,11,16,2,9,11,14,18,9",0.5,0.7,0.5566964285714285,0.47368421052631576,0.6428571428571429,0.5454545454545454,0.5089285714285714,0.31567883491516113
"10,21,1,11,10,10,16,16,17,7,7,1,18,14,22",0.5333333333333333,0.7,0.5566964285714285,0.5,0.14285714285714285,0.2222222222222222,0.5089285714285714,0.30325913429260254
"11,18,10,19,4,12,0,10,15,19,1,1,14,12,14",0.6333333333333333,0.4,0.5553571428571428,1.0,0.21428571428571427,0.35294117647058826,0.6071428571428571,0.2962837219238281
"1,1,1,1,20,10,2,14,22,10,21,14,3,10,15",0.6333333333333333,0.4,0.5553571428571428,1.0,0.21428571428571427,0.35294117647058826,0.6071428571428571,0.20369267463684082
"8,16,1,16,3,12,11,13,16,8,8,1,12,14,10",0.5666666666666667,0.6,0.5551339285714285,0.6666666666666666,0.14285714285714285,0.23529411764705882,0.5401785714285714,0.27050042152404785
"16,12,5,16,11,6,3,2,16,12,20,11,10,21,3",0.5333333333333333,0.6,0.5551339285714285,0.5,0.6428571428571429,0.5625,0.5401785714285714,0.25478076934814453
"7,21,1,14,11,22,15,13,16,11,6,18,12,8,20",0.5,0.8,0.5549107142857144,0.3333333333333333,0.07142857142857142,0.11764705882352941,0.4732142857142857,0.26924967765808105
"9,9,13,20,6,2,11,12,0,22,1,4,4,9,18",0.5666666666666667,0.5,0.5535714285714286,0.5294117647058824,0.6428571428571429,0.5806451612903226,0.5714285714285714,0.1964268684387207
"4,19,10,10,17,17,1,23,17,6,3,2,13,13,19",0.6,0.5,0.5535714285714286,1.0,0.14285714285714285,0.25,0.5714285714285714,0.7503671646118164
"4,19,6,18,14,22,12,15,7,15,15,14,21,5,3",0.5333333333333333,0.7,0.5533482142857142,0.5,0.07142857142857142,0.125,0.5044642857142857,0.6348891258239746
"18,12,4,9,7,15,22,17,12,11,10,14,9,15,15",0.5333333333333333,0.7,0.5533482142857142,0.5,0.07142857142857142,0.125,0.5044642857142857,0.3203592300415039
"18,5,6,9,9,13,12,17,15,5,11,12,17,21,12",0.6,0.4,0.5520089285714286,0.5625,0.6428571428571429,0.6,0.6026785714285714,0.28888702392578125
"12,5,16,11,6,3,2,16,12,20,11,10,21,3,16",0.5666666666666667,0.6,0.5517857142857143,1.0,0.07142857142857142,0.13333333333333333,0.5357142857142857,0.22062039375305176
"17,13,1,6,23,13,4,12,18,19,8,16,12,1,9",0.5666666666666667,0.6,0.5517857142857143,1.0,0.07142857142857142,0.13333333333333333,0.5357142857142857,0.5160388946533203
"1,3,6,20,12,5,13,20,3,8,4,8,11,3,21",0.5666666666666667,0.6,0.5517857142857143,1.0,0.07142857142857142,0.13333333333333333,0.5357142857142857,0.23131227493286133
"4,18,5,19,9,16,11,11,16,22,15,11,14,18,9",0.5,0.8,0.5515625,0.0,0.0,0.0,0.46875,0.5944194793701172
"11,18,6,2,15,16,1,10,19,4,11,8,11,5,0",0.6333333333333333,0.3,0.5504464285714286,0.6,0.6428571428571429,0.6206896551724138,0.6339285714285714,0.2690916061401367
"9,14,10,2,3,12,0,19,4,16,1,9,11,12,14",0.6333333333333333,0.3,0.5504464285714286,0.6,0.6428571428571429,0.6206896551724138,0.6339285714285714,0.29302000999450684
"12,10,1,12,0,7,19,15,10,6,9,22,0,11,7",0.5666666666666667,0.5,0.5502232142857143,0.5333333333333333,0.5714285714285714,0.5517241379310345,0.5669642857142857,0.25292325019836426
"12,5,2,12,9,12,6,9,11,22,5,15,14,8,8",0.5,0.7,0.55,0.4666666666666667,0.5,0.4827586206896552,0.5,0.2174060344696045
"19,18,17,23,13,10,16,8,16,20,17,14,9,4,4",0.5333333333333333,0.7,0.55,0.0,0.0,0.0,0.5,0.7342116832733154
"3,22,2,7,8,18,14,14,15,1,1,20,14,2,5",0.4666666666666667,0.7,0.55,0.4666666666666667,1.0,0.6363636363636364,0.5,0.25800585746765137
"8,5,14,5,4,1,6,3,16,11,14,15,10,23,1",0.6,0.4,0.5486607142857143,0.5714285714285714,0.5714285714285714,0.5714285714285714,0.5982142857142857,0.23069000244140625
"9,14,0,16,14,5,2,19,16,14,17,4,6,10,0",0.5,0.6,0.5484375,0.4827586206896552,1.0,0.6511627906976745,0.53125,0.29210448265075684
"0,7,6,15,8,12,4,12,22,14,0,21,10,14,11",0.5,0.6,0.5484375,0.4827586206896552,1.0,0.6511627906976745,0.53125,0.21477675437927246
"15,15,19,12,7,9,11,18,16,9,3,16,0,22,12",0.5,0.6,0.5484375,0.4827586206896552,1.0,0.6511627906976745,0.53125,0.3177499771118164
"14,8,17,6,1,10,12,2,13,14,13,13,17,3,20",0.5,0.6,0.5484375,0.4827586206896552,1.0,0.6511627906976745,0.53125,0.2693662643432617
"8,16,12,1,9,8,21,2,11,22,15,20,8,3,17",0.5333333333333333,0.5,0.546875,0.5,1.0,0.6666666666666666,0.5625,0.23851823806762695
"1,15,14,10,7,20,14,8,23,3,8,10,4,3,20",0.5333333333333333,0.5,0.546875,0.5,1.0,0.6666666666666666,0.5625,0.2862718105316162
"8,20,3,7,1,5,1,3,8,9,4,16,3,9,19",0.5333333333333333,0.5,0.546875,0.5,1.0,0.6666666666666666,0.5625,0.19058799743652344
"18,13,16,15,17,6,18,2,17,8,2,5,6,9,5",0.5333333333333333,0.5,0.546875,0.5,1.0,0.6666666666666666,0.5625,0.44517970085144043
"0,8,2,10,8,22,16,9,0,23,15,6,5,9,3",0.4666666666666667,0.7,0.5466517857142856,0.4642857142857143,0.9285714285714286,0.6190476190476191,0.4955357142857143,0.19861245155334473
"11,9,11,23,0,8,22,0,14,0,10,9,22,15,14",0.4666666666666667,0.7,0.5466517857142856,0.4642857142857143,0.9285714285714286,0.6190476190476191,0.4955357142857143,0.23801970481872559
"4,18,5,19,15,16,16,23,4,16,15,0,19,16,16",0.43333333333333335,0.9,0.5464285714285715,0.38461538461538464,0.35714285714285715,0.37037037037037035,0.4285714285714286,0.7817225456237793
"5,15,17,9,19,8,14,16,21,17,11,12,5,16,9",0.6,0.4,0.5453125,0.5833333333333334,0.5,0.5384615384615384,0.59375,0.39137721061706543
"8,1,9,3,4,2,18,4,15,16,7,17,13,15,3",0.5666666666666667,0.4,0.5453125,0.5185185185185185,1.0,0.6829268292682927,0.59375,0.25091052055358887
"20,3,7,1,5,1,3,8,9,4,16,3,9,19,19",0.5,0.6,0.5450892857142857,0.48148148148148145,0.9285714285714286,0.6341463414634146,0.5267857142857143,0.8226890563964844
"12,13,19,13,9,15,23,2,16,9,15,15,19,12,7",0.5,0.6,0.5450892857142857,0.48148148148148145,0.9285714285714286,0.6341463414634146,0.5267857142857143,0.3501768112182617
"9,6,16,13,13,8,3,11,14,12,23,6,17,1,11",0.5,0.6,0.5450892857142857,0.48148148148148145,0.9285714285714286,0.6341463414634146,0.5267857142857143,0.263364315032959
"15,7,17,18,0,17,2,15,1,3,10,0,7,6,15",0.5,0.6,0.5450892857142857,0.48148148148148145,0.9285714285714286,0.6341463414634146,0.5267857142857143,0.3724789619445801
"11,1,10,10,4,12,17,12,15,5,1,1,14,12,5",0.5,0.6,0.5450892857142857,0.48148148148148145,0.9285714285714286,0.6341463414634146,0.5267857142857143,0.20734477043151855
"10,2,2,15,12,19,19,10,5,20,16,11,13,9,8",0.5,0.6,0.5450892857142857,0.48148148148148145,0.9285714285714286,0.6341463414634146,0.5267857142857143,0.836331844329834
"9,18,6,16,3,16,0,19,19,6,11,11,11,4,0",0.5,0.6,0.5450892857142857,0.48148148148148145,0.9285714285714286,0.6341463414634146,0.5267857142857143,0.9399967193603516
"4,0,19,4,16,11,9,11,23,0,8,22,0,14,0",0.4666666666666667,0.8,0.5448660714285715,0.4166666666666667,0.35714285714285715,0.38461538461538464,0.4598214285714286,0.35108280181884766
"19,1,17,23,13,10,16,8,0,20,17,14,9,4,4",0.5,0.7,0.5433035714285714,0.45454545454545453,0.35714285714285715,0.4,0.4910714285714286,0.50571608543396
"4,0,5,19,13,16,11,11,16,22,15,5,17,18,11",0.5,0.7,0.5433035714285714,0.45454545454545453,0.35714285714285715,0.4,0.4910714285714286,0.38921427726745605
"4,18,5,19,15,16,0,8,22,0,15,0,15,9,22",0.4666666666666667,0.7,0.5433035714285714,0.46153846153846156,0.8571428571428571,0.6,0.49107142857142855,0.5786001682281494
"4,6,5,19,13,16,11,11,16,22,15,5,17,18,11",0.5,0.7,0.5433035714285714,0.45454545454545453,0.35714285714285715,0.4,0.4910714285714286,0.4276583194732666
"12,19,6,1,1,13,1,18,8,16,1,18,16,5,23",0.4666666666666667,0.7,0.5433035714285714,0.46153846153846156,0.8571428571428571,0.6,0.49107142857142855,0.2949397563934326
"14,1,19,18,17,11,17,9,23,1,10,22,4,11,4",0.4666666666666667,0.7,0.5433035714285714,0.46153846153846156,0.8571428571428571,0.6,0.49107142857142855,0.6042323112487793
"19,13,14,3,6,12,1,18,7,16,12,0,10,1,8",0.6,0.4,0.5419642857142857,0.6,0.42857142857142855,0.5,0.5892857142857143,0.29767870903015137
"4,18,11,9,11,23,0,8,19,0,14,0,21,9,22",0.5666666666666667,0.4,0.5419642857142857,0.52,0.9285714285714286,0.6666666666666666,0.5892857142857143,0.2810969352722168
"13,4,23,12,15,3,1,23,17,16,7,9,3,13,2",0.6,0.4,0.5419642857142857,0.6,0.42857142857142855,0.5,0.5892857142857143,0.30583643913269043
"9,16,6,9,3,4,0,19,4,0,11,0,11,23,0",0.5666666666666667,0.4,0.5419642857142857,0.52,0.9285714285714286,0.6666666666666666,0.5892857142857143,0.22240281105041504
"10,5,20,16,11,13,9,8,13,21,14,12,19,6,1",0.5,0.6,0.5417410714285715,0.48,0.8571428571428571,0.6153846153846154,0.5223214285714286,0.295912504196167
"2,7,8,18,14,14,15,1,1,20,14,2,5,5,18",0.5,0.6,0.5417410714285714,0.48,0.8571428571428571,0.6153846153846154,0.5223214285714286,0.2683835029602051
"16,6,11,12,6,17,16,22,9,15,20,5,4,4,8",0.5333333333333333,0.6,0.5417410714285714,0.5,0.35714285714285715,0.4166666666666667,0.5223214285714286,0.2699737548828125
"11,18,10,19,15,16,16,10,19,4,2,8,13,5,14",0.5333333333333333,0.5,0.5401785714285714,0.5,0.8571428571428571,0.631578947368421,0.5535714285714286,0.2861950397491455
"12,15,9,22,4,3,11,19,15,4,14,16,7,5,7",0.5666666666666667,0.5,0.5401785714285714,0.5555555555555556,0.3571428571428571,0.4347826086956521,0.5535714285714286,0.285994291305542
"19,10,5,22,5,12,17,0,6,8,3,10,16,5,5",0.5,0.7,0.5399553571428571,0.4444444444444444,0.2857142857142857,0.34782608695652173,0.48660714285714285,0.27240896224975586
"6,12,17,3,6,2,14,12,15,19,16,13,6,4,2",0.4666666666666667,0.7,0.5399553571428571,0.4583333333333333,0.7857142857142857,0.5789473684210527,0.48660714285714285,0.28944897651672363
"10,16,8,13,20,17,14,9,4,4,14,0,4,8,3",0.5,0.7,0.5399553571428571,0.4444444444444444,0.2857142857142857,0.34782608695652173,0.48660714285714285,0.22508597373962402
"7,17,18,0,17,2,15,1,3,10,0,7,6,15,8",0.5666666666666667,0.4,0.5386160714285715,0.5217391304347826,0.8571428571428571,0.6486486486486487,0.5848214285714286,0.40227770805358887
"7,12,9,10,7,20,0,14,14,13,18,10,7,7,10",0.5666666666666667,0.4,0.5386160714285715,0.5217391304347826,0.8571428571428571,0.6486486486486487,0.5848214285714286,0.3114805221557617
"7,8,20,0,3,16,0,11,8,9,14,18,13,20,17",0.5666666666666667,0.4,0.5386160714285715,0.5217391304347826,0.8571428571428571,0.6486486486486487,0.5848214285714286,0.2609555721282959
"19,16,4,21,8,17,21,14,16,12,1,3,18,4,4",0.5666666666666667,0.4,0.5386160714285715,0.5217391304347826,0.8571428571428571,0.6486486486486487,0.5848214285714286,0.5152497291564941
"0,19,4,4,11,9,3,23,0,7,22,0,14,0,11",0.5333333333333333,0.6,0.5383928571428571,0.5,0.2857142857142857,0.36363636363636365,0.5178571428571428,0.27419400215148926
"18,0,8,19,16,5,17,0,23,2,10,3,20,8,9",0.4666666666666667,0.8,0.5381696428571429,0.375,0.21428571428571427,0.2727272727272727,0.45089285714285715,0.34409427642822266
"11,22,5,15,14,8,8,15,4,12,6,12,4,7,20",0.5333333333333333,0.5,0.5368303571428571,0.5,0.7857142857142857,0.6111111111111112,0.5491071428571428,0.21918272972106934
"6,3,16,11,14,15,10,23,1,10,10,12,3,0,22",0.5333333333333333,0.5,0.5368303571428571,0.5,0.7857142857142857,0.6111111111111112,0.5491071428571428,0.2741725444793701
"12,0,12,15,19,1,1,14,12,14,8,1,17,7,8",0.5666666666666667,0.5,0.5368303571428571,0.5714285714285714,0.2857142857142857,0.38095238095238093,0.5491071428571428,0.3139536380767822
"7,10,6,0,17,23,5,5,13,18,18,15,16,13,15",0.5666666666666667,0.5,0.5368303571428571,0.5714285714285714,0.2857142857142857,0.38095238095238093,0.5491071428571428,0.39876675605773926
"11,18,0,19,15,16,2,10,19,0,17,0,13,5,14",0.4666666666666667,0.7,0.5366071428571428,0.45454545454545453,0.7142857142857143,0.5555555555555556,0.48214285714285715,0.6878790855407715
"8,16,1,15,3,10,18,13,7,11,8,19,12,14,0",0.5,0.7,0.5366071428571428,0.42857142857142855,0.21428571428571427,0.2857142857142857,0.48214285714285715,0.2652771472930908
"19,6,1,1,13,1,18,8,16,1,18,16,5,23,3",0.4666666666666667,0.7,0.5366071428571428,0.45454545454545453,0.7142857142857143,0.5555555555555556,0.48214285714285715,0.37267255783081055
"2,12,9,14,4,3,11,2,15,4,14,16,7,5,14",0.5666666666666667,0.4,0.5352678571428571,0.5238095238095238,0.7857142857142857,0.6285714285714286,0.5803571428571428,0.22400116920471191
"8,1,3,7,8,8,18,10,0,0,0,1,9,13,2",0.5666666666666667,0.4,0.5352678571428571,0.5238095238095238,0.7857142857142857,0.6285714285714286,0.5803571428571428,0.19767022132873535
"8,1,0,7,8,8,2,10,0,0,17,1,9,13,2",0.5666666666666667,0.4,0.5352678571428571,0.5238095238095238,0.7857142857142857,0.6285714285714286,0.5803571428571428,0.18763494491577148
"15,16,12,12,7,14,22,9,7,3,12,13,5,13,13",0.5666666666666667,0.4,0.5352678571428571,0.5238095238095238,0.7857142857142857,0.6285714285714286,0.5803571428571428,0.3035612106323242
"5,6,15,12,16,1,1,14,2,16,13,13,23,0,2",0.5666666666666667,0.4,0.5352678571428571,0.5238095238095238,0.7857142857142857,0.6285714285714286,0.5803571428571428,0.2380707263946533
"18,14,6,6,22,7,8,6,3,6,1,0,20,2,0",0.6,0.4,0.5352678571428571,0.6666666666666666,0.2857142857142857,0.4,0.5803571428571428,0.24684643745422363
"8,1,5,7,8,8,11,10,0,0,15,1,9,13,2",0.5666666666666667,0.4,0.5352678571428571,0.5238095238095238,0.7857142857142857,0.6285714285714286,0.5803571428571428,0.19590139389038086
"9,8,21,2,11,22,15,20,8,3,17,13,9,5,13",0.5,0.6,0.5350446428571429,0.47619047619047616,0.7142857142857143,0.5714285714285714,0.5133928571428572,0.27724194526672363
"14,1,17,22,2,5,16,12,6,5,0,0,17,18,11",0.5,0.6,0.5350446428571429,0.47619047619047616,0.7142857142857143,0.5714285714285714,0.5133928571428572,0.30803775787353516
"3,17,22,17,18,14,13,10,7,17,23,5,16,1,14",0.5333333333333333,0.6,0.5350446428571428,0.5,0.21428571428571427,0.3,0.5133928571428571,0.5444304943084717
"12,14,8,1,17,7,8,8,12,10,0,0,2,1,9",0.5333333333333333,0.6,0.5350446428571428,0.5,0.21428571428571427,0.3,0.5133928571428571,0.20803403854370117
"12,3,14,8,17,6,1,10,12,2,13,14,13,13,17",0.5666666666666667,0.5,0.5334821428571428,0.6,0.21428571428571427,0.3157894736842105,0.5446428571428571,0.2718665599822998
"11,18,6,19,3,4,0,10,4,16,11,9,11,23,14",0.4666666666666667,0.7,0.5332589285714286,0.45,0.6428571428571429,0.5294117647058824,0.47767857142857145,0.5095057487487793
"11,6,10,9,4,12,0,12,15,7,1,5,14,12,14",0.4666666666666667,0.7,0.5332589285714286,0.45,0.6428571428571429,0.5294117647058824,0.47767857142857145,0.20498085021972656
"4,18,17,19,15,16,16,11,16,22,17,11,14,18,9",0.5,0.7,0.5332589285714285,0.4,0.14285714285714285,0.21052631578947367,0.4776785714285714,0.584742546081543
"4,18,11,19,15,16,11,11,16,22,9,11,14,18,9",0.5,0.7,0.5332589285714285,0.4,0.14285714285714285,0.21052631578947367,0.4776785714285714,0.35256171226501465
"17,9,23,1,10,22,4,11,4,3,6,0,11,1,23",0.5,0.7,0.5332589285714285,0.4,0.14285714285714285,0.21052631578947367,0.4776785714285714,0.24768733978271484
"10,19,13,17,23,13,10,16,8,13,20,17,14,9,4",0.5,0.7,0.5332589285714285,0.4,0.14285714285714285,0.21052631578947367,0.4776785714285714,0.31649255752563477
"8,1,17,7,8,8,2,10,0,0,2,1,9,13,2",0.5,0.7,0.5332589285714285,0.4,0.14285714285714285,0.21052631578947367,0.4776785714285714,0.2017536163330078
"20,14,15,19,0,2,1,14,12,4,2,23,16,9,14",0.5,0.6,0.5316964285714285,0.47368421052631576,0.6428571428571429,0.5454545454545454,0.5089285714285714,0.29216980934143066
"23,2,10,3,20,8,9,17,6,10,22,17,5,2,19",0.5333333333333333,0.6,0.5316964285714285,0.5,0.14285714285714285,0.2222222222222222,0.5089285714285714,0.38743042945861816
"22,9,11,14,18,9,15,22,7,13,15,13,9,2,2",0.6,0.3,0.530357142857143,0.5555555555555556,0.7142857142857143,0.625,0.6071428571428572,0.27592039108276367
"1,3,10,0,7,6,15,8,12,4,12,22,14,0,21",0.5666666666666667,0.5,0.5301339285714286,0.6666666666666666,0.14285714285714285,0.23529411764705882,0.5401785714285714,0.19694161415100098
"7,2,8,1,9,2,9,18,5,18,14,8,13,2,2",0.5333333333333333,0.5,0.5301339285714286,0.5,0.6428571428571429,0.5625,0.5401785714285714,0.3341178894042969
"9,10,6,16,2,9,23,11,1,13,11,6,11,19,6",0.5666666666666667,0.5,0.5301339285714286,0.6666666666666666,0.14285714285714285,0.23529411764705882,0.5401785714285714,0.2724945545196533
"11,18,0,2,15,16,2,10,2,7,17,18,13,14,14",0.5666666666666667,0.5,0.5301339285714286,0.6666666666666666,0.14285714285714285,0.23529411764705882,0.5401785714285714,0.31145429611206055
"17,0,6,0,16,1,10,5,21,13,10,1,7,4,8",0.5333333333333333,0.5,0.5301339285714286,0.5,0.6428571428571429,0.5625,0.5401785714285714,0.2565152645111084
"8,1,17,7,8,8,16,10,0,0,17,1,9,13,2",0.5666666666666667,0.5,0.5301339285714286,0.6666666666666666,0.14285714285714285,0.23529411764705882,0.5401785714285714,0.22901344299316406
"11,18,15,5,23,11,16,0,14,14,17,15,19,18,14",0.5,0.7,0.5299107142857142,0.3333333333333333,0.07142857142857142,0.11764705882352941,0.4732142857142857,0.5784964561462402
"7,22,14,10,13,10,23,11,2,2,19,12,15,5,8",0.5,0.7,0.5299107142857142,0.3333333333333333,0.07142857142857142,0.11764705882352941,0.4732142857142857,0.2860264778137207
"11,18,8,19,0,0,12,10,17,9,15,5,10,14,14",0.6,0.4,0.5285714285714286,1.0,0.14285714285714285,0.25,0.5714285714285714,0.29127001762390137
"9,19,7,3,23,3,5,8,2,7,8,22,14,20,9",0.5,0.6,0.5283482142857143,0.47058823529411764,0.5714285714285714,0.5161290322580645,0.5044642857142857,0.2305009365081787
"15,19,12,7,9,11,18,16,9,3,16,0,22,12,16",0.5,0.6,0.5283482142857143,0.47058823529411764,0.5714285714285714,0.5161290322580645,0.5044642857142857,0.3175163269042969
"0,17,13,2,10,4,7,12,0,11,3,19,18,14,14",0.5333333333333333,0.6,0.5283482142857143,0.5,0.07142857142857142,0.125,0.5044642857142857,0.4970130920410156
"4,13,11,13,5,3,9,11,16,16,9,11,14,18,6",0.5333333333333333,0.6,0.5283482142857143,0.5,0.07142857142857142,0.125,0.5044642857142857,0.24390101432800293
"4,0,17,7,20,14,15,13,0,2,9,14,12,16,2",0.5,0.6,0.5283482142857143,0.47058823529411764,0.5714285714285714,0.5161290322580645,0.5044642857142857,0.28192853927612305
"18,6,1,17,14,7,8,20,0,3,16,0,11,8,9",0.43333333333333335,0.8,0.528125,0.4117647058823529,0.5,0.45161290322580644,0.4375,0.34739112854003906
"20,0,8,15,4,2,15,20,3,11,1,16,1,11,8",0.5666666666666667,0.5,0.5267857142857143,1.0,0.07142857142857142,0.13333333333333333,0.5357142857142857,0.2633204460144043
"10,4,0,17,7,20,14,15,13,0,2,9,14,12,16",0.5333333333333333,0.5,0.5267857142857143,0.5,0.5714285714285714,0.5333333333333333,0.5357142857142857,0.2186892032623291
"1,0,2,16,16,16,15,5,4,6,17,11,4,4,9",0.5333333333333333,0.5,0.5267857142857143,0.5,0.5714285714285714,0.5333333333333333,0.5357142857142857,0.23136138916015625
"11,8,20,10,20,5,6,4,16,1,4,8,9,7,5",0.5666666666666667,0.5,0.5267857142857143,1.0,0.07142857142857142,0.13333333333333333,0.5357142857142857,0.21551132202148438
"12,11,3,9,23,16,5,22,8,5,13,4,2,17,18",0.5666666666666667,0.5,0.5267857142857143,1.0,0.07142857142857142,0.13333333333333333,0.5357142857142857,0.28859734535217285
"23,11,1,2,22,3,12,12,9,2,0,16,17,15,19",0.5666666666666667,0.5,0.5267857142857143,1.0,0.07142857142857142,0.13333333333333333,0.5357142857142857,0.27048468589782715
"16,17,22,17,1,18,14,7,2,12,10,2,2,19,11",0.5666666666666667,0.5,0.5267857142857143,1.0,0.07142857142857142,0.13333333333333333,0.5357142857142857,0.4263746738433838
"4,10,1,0,2,16,16,16,15,5,4,6,17,11,4",0.5666666666666667,0.5,0.5267857142857143,1.0,0.07142857142857142,0.13333333333333333,0.5357142857142857,0.22357392311096191
"9,17,3,9,6,6,9,1,0,7,5,7,23,17,9",0.5666666666666667,0.5,0.5267857142857143,1.0,0.07142857142857142,0.13333333333333333,0.5357142857142857,0.19994711875915527
"0,16,1,10,5,21,13,10,1,7,4,8,9,15,21",0.5666666666666667,0.5,0.5267857142857143,1.0,0.07142857142857142,0.13333333333333333,0.5357142857142857,0.27497124671936035
"10,7,7,10,21,1,11,10,10,16,16,17,7,7,1",0.5666666666666667,0.5,0.5267857142857143,1.0,0.07142857142857142,0.13333333333333333,0.5357142857142857,0.2984781265258789
"3,5,8,2,7,8,22,14,20,9,21,9,7,2,8",0.5666666666666667,0.5,0.5267857142857143,1.0,0.07142857142857142,0.13333333333333333,0.5357142857142857,0.23116183280944824
"5,6,9,9,13,12,17,15,5,11,12,17,21,12,14",0.5666666666666667,0.5,0.5267857142857143,1.0,0.07142857142857142,0.13333333333333333,0.5357142857142857,0.2860078811645508
"3,10,0,3,14,7,4,21,4,0,12,1,15,14,10",0.5666666666666667,0.5,0.5267857142857143,1.0,0.07142857142857142,0.13333333333333333,0.5357142857142857,0.1959831714630127
"14,20,9,21,9,7,2,8,1,9,2,9,18,5,18",0.5333333333333333,0.5,0.5267857142857143,0.5,0.5714285714285714,0.5333333333333333,0.5357142857142857,0.34645771980285645
"21,2,11,22,15,20,8,3,17,13,9,5,13,15,1",0.5666666666666667,0.5,0.5267857142857143,1.0,0.07142857142857142,0.13333333333333333,0.5357142857142857,0.29454541206359863
"17,21,12,14,20,3,10,14,0,7,3,23,15,5,16",0.5666666666666667,0.5,0.5267857142857143,1.0,0.07142857142857142,0.13333333333333333,0.5357142857142857,0.3017551898956299
"11,8,8,19,0,0,12,10,17,9,15,5,10,14,14",0.5666666666666667,0.5,0.5267857142857143,1.0,0.07142857142857142,0.13333333333333333,0.5357142857142857,0.29137277603149414
"22,4,17,4,18,9,0,0,19,5,2,9,4,8,0",0.5,0.7,0.5265625,0.0,0.0,0.0,0.46875,0.2879362106323242
"0,19,5,16,11,12,17,23,0,8,3,0,14,5,5",0.5,0.7,0.5265625,0.0,0.0,0.0,0.46875,0.3366701602935791
"11,1,10,9,4,23,0,12,22,0,1,0,14,9,14",0.5333333333333333,0.6,0.525,0.0,0.0,0.0,0.5,0.19505071640014648
"16,12,6,5,0,0,17,18,11,19,10,12,23,1,6",0.5333333333333333,0.6,0.525,0.0,0.0,0.0,0.5,0.275951623916626
"17,5,19,2,15,22,13,21,7,13,0,17,22,1,8",0.4666666666666667,0.6,0.525,0.4666666666666667,1.0,0.6363636363636364,0.5,0.4346456527709961
"22,17,1,18,14,7,2,12,10,2,2,19,11,4,6",0.4666666666666667,0.6,0.525,0.4666666666666667,1.0,0.6363636363636364,0.5,0.34889817237854004
"14,8,17,19,9,19,7,3,23,3,5,8,2,7,8",0.4666666666666667,0.6,0.525,0.4666666666666667,1.0,0.6363636363636364,0.5,0.35871076583862305
"0,14,14,17,15,19,18,14,14,15,10,11,23,9,18",0.5333333333333333,0.6,0.525,0.0,0.0,0.0,0.5,0.5814213752746582
"12,3,20,2,8,19,13,2,18,14,6,6,22,7,8",0.5333333333333333,0.6,0.525,0.0,0.0,0.0,0.5,0.2690579891204834
"19,18,17,11,17,9,23,1,10,22,4,11,4,3,6",0.4666666666666667,0.6,0.525,0.4666666666666667,1.0,0.6363636363636364,0.5,0.6673994064331055
"19,15,12,8,18,13,16,15,17,6,18,2,17,8,2",0.5333333333333333,0.6,0.525,0.0,0.0,0.0,0.5,0.4909200668334961
"20,14,15,13,0,2,9,14,12,8,2,23,16,9,6",0.4666666666666667,0.6,0.525,0.4666666666666667,1.0,0.6363636363636364,0.5,0.2830982208251953
"19,8,23,5,10,19,13,17,23,13,10,16,8,13,20",0.5333333333333333,0.6,0.525,0.0,0.0,0.0,0.5,0.3860664367675781
"16,18,5,19,15,16,16,22,9,15,15,5,4,4,8",0.4666666666666667,0.6,0.525,0.4666666666666667,1.0,0.6363636363636364,0.5,0.5983219146728516
"2,12,2,14,0,0,0,2,17,12,10,19,14,19,14",0.5333333333333333,0.6,0.525,0.0,0.0,0.0,0.5,0.2601723670959472
"20,11,1,3,6,20,12,5,13,20,3,8,4,8,11",0.5333333333333333,0.6,0.525,0.0,0.0,0.0,0.5,0.20782136917114258
"12,18,9,22,4,3,11,19,19,4,14,16,7,5,7",0.5,0.5,0.5234375,0.4827586206896552,1.0,0.6511627906976745,0.53125,0.8486919403076172
"22,2,7,8,18,14,14,15,1,1,20,14,2,5,5",0.5,0.5,0.5234375,0.4827586206896552,1.0,0.6511627906976745,0.53125,0.22965145111083984
"4,18,5,19,15,16,16,23,4,16,15,5,19,9,16",0.5,0.5,0.5234375,0.4827586206896552,1.0,0.6511627906976745,0.53125,0.6963834762573242
"10,6,9,22,0,11,7,5,9,7,21,1,14,11,22",0.5,0.5,0.5234375,0.4827586206896552,1.0,0.6511627906976745,0.53125,0.23845267295837402
"6,2,11,1,10,4,4,12,0,12,15,19,1,1,14",0.5,0.5,0.5234375,0.4827586206896552,1.0,0.6511627906976745,0.53125,0.24489927291870117
"21,4,0,12,1,15,14,10,7,20,14,8,23,3,8",0.5,0.5,0.5234375,0.4827586206896552,1.0,0.6511627906976745,0.53125,0.30625009536743164
"10,4,4,12,0,12,15,19,1,1,14,12,14,8,1",0.5,0.5,0.5234375,0.4827586206896552,1.0,0.6511627906976745,0.53125,0.2794160842895508
"13,1,6,23,13,4,12,18,19,8,16,12,1,9,8",0.5,0.5,0.5234375,0.4827586206896552,1.0,0.6511627906976745,0.53125,0.4966256618499756
"9,18,5,19,15,16,1,19,4,16,15,9,11,5,14",0.5333333333333333,0.5,0.5234375,0.5,0.5,0.5,0.53125,0.722182035446167
"3,12,12,9,2,0,16,17,15,19,8,12,16,4,5",0.5,0.5,0.5234375,0.4827586206896552,1.0,0.6511627906976745,0.53125,0.25689244270324707
"8,7,0,12,2,15,16,12,12,7,14,22,9,7,3",0.5,0.5,0.5234375,0.4827586206896552,1.0,0.6511627906976745,0.53125,0.2697272300720215
"14,0,17,17,6,9,4,3,1,4,23,0,11,9,0",0.5,0.5,0.5234375,0.4827586206896552,1.0,0.6511627906976745,0.53125,0.2461841106414795
"4,8,6,17,6,13,22,12,0,19,19,13,11,6,12",0.5333333333333333,0.5,0.5234375,0.5,0.5,0.5,0.53125,0.828927755355835
"10,9,8,1,13,23,8,16,6,3,7,14,23,10,21",0.5,0.5,0.5234375,0.4827586206896552,1.0,0.6511627906976745,0.53125,0.29460740089416504
"0,18,4,16,11,9,11,23,16,8,22,0,14,0,10",0.5,0.5,0.5234375,0.4827586206896552,1.0,0.6511627906976745,0.53125,0.3005983829498291
"5,13,18,18,15,16,13,15,6,15,12,10,0,2,0",0.5,0.5,0.5234375,0.4827586206896552,1.0,0.6511627906976745,0.53125,0.3706843852996826
"5,5,18,16,19,6,17,19,19,18,7,6,7,9,1",0.43333333333333335,0.7,0.5232142857142856,0.4482758620689655,0.9285714285714286,0.6046511627906976,0.4642857142857143,1.6694085597991943
"18,6,1,16,8,14,8,21,0,12,3,14,16,4,13",0.5333333333333333,0.4,0.521875,0.5,1.0,0.6666666666666666,0.5625,0.299929141998291
"3,6,12,1,18,7,16,12,0,10,1,8,5,7,4",0.4666666666666667,0.6,0.5216517857142857,0.4642857142857143,0.9285714285714286,0.6190476190476191,0.4955357142857143,0.23301005363464355
"9,4,16,3,9,19,19,17,13,3,7,3,2,5,23",0.4666666666666667,0.6,0.5216517857142857,0.4642857142857143,0.9285714285714286,0.6190476190476191,0.4955357142857143,1.1570258140563965
"4,18,8,19,15,16,11,11,16,22,15,11,14,18,9",0.5,0.6,0.5216517857142857,0.46153846153846156,0.42857142857142855,0.4444444444444444,0.4955357142857143,0.341174840927124
"19,2,7,17,3,16,1,9,16,10,7,16,15,20,5",0.4666666666666667,0.6,0.5216517857142857,0.4642857142857143,0.9285714285714286,0.6190476190476191,0.4955357142857143,0.32172226905822754
"2,2,10,0,19,2,4,4,19,6,18,14,22,12,15",0.4666666666666667,0.6,0.5216517857142857,0.4642857142857143,0.9285714285714286,0.6190476190476191,0.4955357142857143,1.2902634143829346
"14,15,13,0,2,9,14,12,16,2,23,16,9,6,22",0.4666666666666667,0.6,0.5216517857142857,0.4642857142857143,0.9285714285714286,0.6190476190476191,0.4955357142857143,0.2877693176269531
"4,13,5,16,5,16,1,11,16,22,15,11,14,5,14",0.5,0.5,0.5200892857142857,0.48148148148148145,0.9285714285714286,0.6341463414634146,0.5267857142857143,0.2528953552246094
"9,18,6,2,3,4,0,19,16,16,11,9,11,23,0",0.5,0.5,0.5200892857142857,0.48148148148148145,0.9285714285714286,0.6341463414634146,0.5267857142857143,0.6308746337890625
"3,0,4,11,16,5,18,6,1,16,8,14,8,21,0",0.5,0.5,0.5200892857142857,0.48148148148148145,0.9285714285714286,0.6341463414634146,0.5267857142857143,0.2557709217071533
"6,17,0,18,5,12,15,0,4,4,13,6,0,2,20",0.4666666666666667,0.7,0.5198660714285714,0.4166666666666667,0.35714285714285715,0.38461538461538464,0.4598214285714286,0.27406787872314453
"2,11,1,10,4,4,12,0,12,15,19,1,1,14,12",0.5333333333333333,0.4,0.5185267857142857,0.5,0.9285714285714286,0.65,0.5580357142857143,0.28699493408203125
"15,4,1,9,3,12,18,13,3,12,8,1,12,14,0",0.5666666666666667,0.4,0.5185267857142857,0.5454545454545454,0.4285714285714285,0.48,0.5580357142857143,0.2686994075775146
"1,0,7,5,7,23,17,9,23,13,7,16,13,10,13",0.5,0.6,0.5183035714285715,0.45454545454545453,0.35714285714285715,0.4,0.4910714285714286,0.25068116188049316
"0,3,16,0,11,8,9,14,18,13,20,17,10,9,17",0.4666666666666667,0.6,0.5183035714285714,0.46153846153846156,0.8571428571428571,0.6,0.49107142857142855,0.2775270938873291
"12,4,12,22,14,0,21,10,14,11,2,1,5,14,16",0.4666666666666667,0.6,0.5183035714285714,0.46153846153846156,0.8571428571428571,0.6,0.49107142857142855,0.2527024745941162
"19,13,17,23,13,1,16,8,13,20,17,14,9,4,4",0.4,0.8,0.5180803571428572,0.4230769230769231,0.7857142857142857,0.55,0.42410714285714285,0.34296464920043945
"17,16,10,10,12,9,10,7,20,5,14,22,13,18,10",0.5666666666666667,0.3,0.5169642857142858,0.52,0.9285714285714286,0.6666666666666666,0.5892857142857143,0.37369346618652344
"4,2,18,4,15,16,7,17,13,15,3,15,17,20,2",0.5,0.5,0.5167410714285714,0.48,0.8571428571428571,0.6153846153846154,0.5223214285714286,0.30896425247192383
"18,15,5,23,11,16,0,14,14,17,15,19,18,14,14",0.5,0.5,0.5167410714285714,0.48,0.8571428571428571,0.6153846153846154,0.5223214285714286,0.6149024963378906
"6,10,7,20,3,8,0,14,9,8,19,0,7,16,18",0.5,0.5,0.5167410714285714,0.48,0.8571428571428571,0.6153846153846154,0.5223214285714286,0.2759666442871094
"1,17,14,7,8,20,0,3,16,0,11,8,9,14,18",0.5,0.5,0.5167410714285714,0.48,0.8571428571428571,0.6153846153846154,0.5223214285714286,0.28186583518981934
"23,14,13,1,0,19,6,12,17,17,14,2,9,14,22",0.5,0.5,0.5167410714285714,0.48,0.8571428571428571,0.6153846153846154,0.5223214285714286,0.3477959632873535
"10,16,1,9,3,12,18,13,16,12,8,1,12,14,0",0.43333333333333335,0.7,0.5165178571428571,0.44,0.7857142857142857,0.5641025641025641,0.45535714285714285,0.2799229621887207
"19,10,5,22,5,12,2,0,6,8,3,10,16,5,5",0.4666666666666667,0.7,0.5165178571428571,0.4,0.2857142857142857,0.3333333333333333,0.45535714285714285,0.2553219795227051
"19,18,5,19,15,16,9,1,0,7,15,7,23,17,9",0.43333333333333335,0.7,0.5165178571428571,0.44,0.7857142857142857,0.5641025641025641,0.45535714285714285,1.00522780418396
"13,2,10,4,7,12,0,11,3,19,18,14,14,13,15",0.43333333333333335,0.7,0.5165178571428571,0.44,0.7857142857142857,0.5641025641025641,0.45535714285714285,0.4983227252960205
"16,3,9,19,19,17,13,3,7,3,2,5,23,1,13",0.5666666666666667,0.4,0.5151785714285715,0.5555555555555556,0.35714285714285715,0.43478260869565216,0.5535714285714286,1.18656325340271
"11,5,23,8,14,18,13,8,1,15,6,10,8,23,0",0.5333333333333333,0.4,0.5151785714285715,0.5,0.8571428571428571,0.631578947368421,0.5535714285714286,0.2730872631072998
"11,16,22,9,11,14,18,9,15,22,7,13,15,13,9",0.5,0.6,0.5149553571428571,0.4444444444444444,0.2857142857142857,0.34782608695652173,0.48660714285714285,0.30405402183532715
"9,3,4,2,18,4,15,16,7,17,13,15,3,15,17",0.5,0.6,0.5149553571428571,0.4444444444444444,0.2857142857142857,0.34782608695652173,0.48660714285714285,0.2640719413757324
"17,1,12,19,14,10,19,8,23,5,10,19,13,17,23",0.4666666666666667,0.6,0.5149553571428571,0.4583333333333333,0.7857142857142857,0.5789473684210527,0.48660714285714285,0.31351709365844727
"0,13,22,4,17,4,18,9,0,0,19,5,2,9,4",0.5,0.5,0.5133928571428571,0.4782608695652174,0.7857142857142857,0.5945945945945946,0.5178571428571428,0.2504160404205322
"14,7,4,2,0,17,5,23,17,13,4,6,17,8,11",0.5333333333333333,0.5,0.5133928571428571,0.5,0.2857142857142857,0.36363636363636365,0.5178571428571428,0.5315732955932617
"13,1,3,6,12,1,18,7,0,12,0,10,1,8,5",0.5,0.5,0.5133928571428571,0.4782608695652174,0.7857142857142857,0.5945945945945946,0.5178571428571428,0.23607778549194336
"4,18,0,19,15,16,2,11,16,22,17,11,14,18,9",0.5,0.5,0.5133928571428571,0.4782608695652174,0.7857142857142857,0.5945945945945946,0.5178571428571428,0.7024686336517334
"2,12,10,2,2,19,11,4,6,1,1,7,4,0,3",0.5,0.5,0.5133928571428571,0.4782608695652174,0.7857142857142857,0.5945945945945946,0.5178571428571428,0.20325922966003418
"10,18,3,19,14,0,23,10,15,8,14,11,18,17,22",0.5666666666666667,0.4,0.5118303571428571,0.5714285714285714,0.2857142857142857,0.38095238095238093,0.5491071428571428,0.6293418407440186
"19,17,5,9,6,12,17,1,0,7,3,7,23,5,5",0.5666666666666667,0.4,0.5118303571428571,0.5714285714285714,0.2857142857142857,0.38095238095238093,0.5491071428571428,0.40952420234680176
"17,14,7,8,20,0,3,16,0,11,8,9,14,18,13",0.5333333333333333,0.4,0.5118303571428571,0.5,0.7857142857142857,0.6111111111111112,0.5491071428571428,0.26535487174987793
"4,14,5,19,0,16,0,8,22,0,15,23,16,9,6",0.43333333333333335,0.8,0.5113839285714286,0.2857142857142857,0.14285714285714285,0.19047619047619047,0.4151785714285714,0.3000333309173584
"4,5,10,14,16,2,22,1,3,0,4,10,13,20,15",0.5,0.5,0.5100446428571429,0.47619047619047616,0.7142857142857143,0.5714285714285714,0.5133928571428572,0.24300003051757812
"6,6,9,3,6,14,12,14,2,9,20,17,3,6,23",0.5,0.5,0.5100446428571429,0.47619047619047616,0.7142857142857143,0.5714285714285714,0.5133928571428572,0.2010498046875
"14,6,10,3,23,3,13,3,12,14,14,2,22,13,6",0.5,0.5,0.5100446428571429,0.47619047619047616,0.7142857142857143,0.5714285714285714,0.5133928571428572,0.23375725746154785
"18,8,5,14,5,4,1,6,3,16,11,14,15,10,23",0.5,0.5,0.5100446428571429,0.47619047619047616,0.7142857142857143,0.5714285714285714,0.5133928571428572,0.2732551097869873
"6,2,10,7,1,15,7,4,22,12,3,14,8,17,6",0.5333333333333333,0.5,0.5100446428571428,0.5,0.21428571428571427,0.3,0.5133928571428571,0.20940876007080078
"4,18,11,16,15,3,11,11,16,22,9,8,13,18,14",0.5333333333333333,0.5,0.5100446428571428,0.5,0.21428571428571427,0.3,0.5133928571428571,0.32550644874572754
"4,15,3,1,12,19,19,12,14,1,14,15,2,5,20",0.5333333333333333,0.5,0.5100446428571428,0.5,0.21428571428571427,0.3,0.5133928571428571,0.8764140605926514
"18,13,7,21,13,15,18,12,4,21,4,11,15,23,17",0.5333333333333333,0.4,0.5084821428571429,0.5,0.7142857142857143,0.5882352941176471,0.5446428571428572,0.3790745735168457
"9,6,7,1,15,13,20,10,23,15,10,19,15,18,11",0.5666666666666667,0.4,0.5084821428571428,0.6,0.2142857142857142,0.3157894736842105,0.5446428571428571,0.2972104549407959
"18,15,16,13,15,6,15,12,10,0,2,0,18,0,13",0.5666666666666667,0.4,0.5084821428571428,0.6,0.21428571428571427,0.3157894736842105,0.5446428571428571,0.2634603977203369
"9,1,17,7,8,8,3,11,16,7,2,5,17,18,11",0.5666666666666667,0.4,0.5084821428571428,0.6,0.21428571428571427,0.3157894736842105,0.5446428571428571,0.2777879238128662
"19,6,5,10,5,12,17,0,6,5,3,22,16,5,5",0.4666666666666667,0.6,0.5082589285714286,0.45,0.6428571428571429,0.5294117647058824,0.47767857142857145,0.2687211036682129
"12,18,1,17,13,5,5,11,9,22,12,16,8,14,4",0.5,0.6,0.5082589285714285,0.4,0.14285714285714285,0.21052631578947367,0.4776785714285714,0.33147644996643066
"15,4,12,6,12,4,7,20,5,1,3,7,3,13,0",0.5,0.6,0.5082589285714285,0.4,0.14285714285714285,0.21052631578947367,0.4776785714285714,0.21660876274108887
"16,23,14,6,10,3,23,3,13,3,12,14,14,2,22",0.5,0.6,0.5082589285714285,0.4,0.14285714285714285,0.21052631578947367,0.4776785714285714,0.2760164737701416
"6,10,7,12,9,10,7,20,0,14,14,13,18,10,7",0.5,0.6,0.5082589285714285,0.4,0.14285714285714285,0.21052631578947367,0.4776785714285714,0.27126550674438477
"19,16,5,19,5,16,17,0,16,22,3,11,16,18,5",0.43333333333333335,0.8,0.5080357142857144,0.2,0.07142857142857142,0.10526315789473684,0.4107142857142857,0.558901309967041
"15,21,14,2,17,19,0,19,7,16,23,3,5,8,0",0.43333333333333335,0.8,0.5080357142857144,0.2,0.07142857142857142,0.10526315789473684,0.4107142857142857,1.0111541748046875
"10,23,1,10,10,12,3,0,22,14,5,2,20,16,14",0.6,0.3,0.5069196428571427,0.75,0.21428571428571427,0.3333333333333333,0.5758928571428571,0.2627735137939453
"15,22,7,13,15,13,9,2,2,0,5,17,2,11,13",0.5333333333333333,0.5,0.5066964285714286,0.5,0.14285714285714285,0.2222222222222222,0.5089285714285714,0.2659027576446533
"17,18,8,5,14,5,4,1,6,3,16,11,14,15,10",0.5333333333333333,0.5,0.5066964285714286,0.5,0.14285714285714285,0.2222222222222222,0.5089285714285714,0.3104386329650879
"4,12,6,12,4,7,20,5,1,3,7,3,13,0,19",0.5333333333333333,0.5,0.5066964285714286,0.5,0.14285714285714285,0.2222222222222222,0.5089285714285714,0.22229576110839844
"0,19,4,13,11,9,9,23,0,16,22,0,14,0,6",0.4666666666666667,0.7,0.5064732142857142,0.25,0.07142857142857142,0.1111111111111111,0.4419642857142857,0.29103779792785645
"10,5,12,17,0,6,5,3,22,16,5,5,0,14,23",0.4666666666666667,0.7,0.5064732142857142,0.25,0.07142857142857142,0.1111111111111111,0.4419642857142857,0.2271568775177002
"18,17,5,4,3,8,18,2,19,1,3,2,13,11,23",0.5666666666666667,0.4,0.5051339285714286,0.6666666666666666,0.14285714285714285,0.23529411764705882,0.5401785714285714,0.733884334564209
"9,1,5,15,2,22,15,2,2,19,12,22,1,16,2",0.5666666666666667,0.4,0.5051339285714286,0.6666666666666666,0.14285714285714285,0.23529411764705882,0.5401785714285714,0.2582428455352783
"13,14,3,6,12,1,18,7,16,12,0,10,1,19,5",0.5333333333333333,0.4,0.5051339285714286,0.5,0.6428571428571429,0.5625,0.5401785714285714,0.2547433376312256
"12,3,15,22,14,2,9,20,16,14,2,4,6,9,6",0.5333333333333333,0.4,0.5051339285714286,0.5,0.6428571428571429,0.5625,0.5401785714285714,0.23447918891906738
"13,6,10,2,10,12,6,15,14,19,12,7,2,6,7",0.4666666666666667,0.6,0.5049107142857143,0.4444444444444444,0.5714285714285714,0.5,0.4732142857142857,0.2551727294921875
"18,18,6,1,17,14,7,8,20,0,3,16,0,11,8",0.4666666666666667,0.6,0.5049107142857143,0.4444444444444444,0.5714285714285714,0.5,0.4732142857142857,0.4933617115020752
"16,3,1,22,2,11,16,4,11,18,9,9,5,8,20",0.5,0.6,0.5049107142857143,0.3333333333333333,0.07142857142857142,0.11764705882352941,0.4732142857142857,0.27643656730651855
"14,13,15,8,7,20,9,13,7,8,0,16,11,10,13",0.5,0.6,0.5049107142857143,0.3333333333333333,0.07142857142857142,0.11764705882352941,0.4732142857142857,0.28957104682922363
"1,18,17,1,12,19,14,10,19,8,23,5,10,19,13",0.4666666666666667,0.6,0.5049107142857143,0.4444444444444444,0.5714285714285714,0.5,0.4732142857142857,0.3922255039215088
"4,17,14,5,4,4,18,3,0,15,20,8,9,8,20",0.43333333333333335,0.8,0.5046875,0.0,0.0,0.0,0.40625,0.27103137969970703
"6,3,6,1,0,20,2,0,11,4,2,4,15,0,6",0.5,0.5,0.5033482142857143,0.47058823529411764,0.5714285714285714,0.5161290322580645,0.5044642857142857,0.13756513595581055
"0,19,5,16,11,16,1,23,0,8,15,0,14,5,14",0.5,0.5,0.5033482142857143,0.47058823529411764,0.5714285714285714,0.5161290322580645,0.5044642857142857,0.335468053817749
"10,7,20,0,14,14,13,18,10,7,7,10,21,1,11",0.5333333333333333,0.5,0.5033482142857143,0.5,0.07142857142857142,0.125,0.5044642857142857,0.2883121967315674
"10,1,12,0,7,19,15,10,6,9,22,0,11,7,5",0.5333333333333333,0.5,0.5033482142857143,0.5,0.07142857142857142,0.125,0.5044642857142857,0.2596101760864258
"15,13,4,21,2,13,9,8,8,2,8,11,10,0,5",0.5333333333333333,0.5,0.5033482142857143,0.5,0.07142857142857142,0.125,0.5044642857142857,0.2750060558319092
"19,2,19,7,14,14,1,17,22,2,5,16,12,6,5",0.5333333333333333,0.5,0.5033482142857143,0.5,0.07142857142857142,0.125,0.5044642857142857,1.12330961227417
"4,15,12,13,19,13,9,15,23,2,16,9,15,15,19",0.5333333333333333,0.5,0.5033482142857143,0.5,0.07142857142857142,0.125,0.5044642857142857,0.36226701736450195
"14,3,0,4,11,16,5,18,6,1,16,8,14,8,21",0.5,0.5,0.5033482142857143,0.47058823529411764,0.5714285714285714,0.5161290322580645,0.5044642857142857,0.30133509635925293
"10,21,8,6,7,10,3,0,9,15,4,10,15,6,18",0.5333333333333333,0.5,0.5033482142857143,0.5,0.07142857142857142,0.125,0.5044642857142857,0.2770400047302246
"12,15,0,16,2,0,0,17,13,2,10,4,7,12,0",0.43333333333333335,0.7,0.503125,0.4117647058823529,0.5,0.45161290322580644,0.4375,0.24656987190246582
"11,1,2,22,3,12,12,9,2,0,16,17,15,19,8",0.5666666666666667,0.4,0.5017857142857143,1.0,0.07142857142857142,0.13333333333333333,0.5357142857142857,0.2574503421783447
"16,12,1,9,8,21,2,11,22,15,20,8,3,17,13",0.5666666666666667,0.4,0.5017857142857143,1.0,0.07142857142857142,0.13333333333333333,0.5357142857142857,0.28816723823547363
"12,15,9,9,4,3,18,19,15,12,14,16,7,5,0",0.5666666666666667,0.4,0.5017857142857143,1.0,0.07142857142857142,0.13333333333333333,0.5357142857142857,0.5243673324584961
"14,3,6,12,1,18,7,16,12,0,10,1,8,5,7",0.5333333333333333,0.4,0.5017857142857143,0.5,0.5714285714285714,0.5333333333333333,0.5357142857142857,0.2401745319366455
"14,14,1,17,22,2,5,16,12,6,5,0,0,17,18",0.5,0.6,0.5015625,0.0,0.0,0.0,0.46875,0.2920656204223633
"4,14,0,4,8,3,12,4,1,19,8,18,19,3,16",0.5,0.6,0.5015625,0.0,0.0,0.0,0.46875,0.5571784973144531
"0,2,0,18,0,13,0,9,16,10,15,14,3,11,8",0.5,0.6,0.5015625,0.0,0.0,0.0,0.46875,0.2823066711425781
"19,4,17,6,10,7,12,9,10,7,20,2,14,14,13",0.5,0.6,0.5015625,0.0,0.0,0.0,0.46875,0.447904109954834
"7,3,23,3,5,8,2,7,8,22,14,20,9,21,9",0.5,0.6,0.5015625,0.0,0.0,0.0,0.46875,0.23465418815612793
"0,21,11,22,14,19,17,5,15,10,2,12,21,17,0",0.5,0.6,0.5015625,0.0,0.0,0.0,0.46875,0.37625670433044434
"16,9,13,8,14,19,8,2,20,13,22,2,0,12,0",0.4,0.8,0.5013392857142858,0.375,0.42857142857142855,0.4,0.4017857142857143,0.2735636234283447
"16,3,22,2,7,8,18,14,14,15,1,1,20,14,2",0.4666666666666667,0.5,0.5,0.4666666666666667,1.0,0.6363636363636364,0.5,0.2636740207672119
"21,13,15,18,12,4,21,4,11,15,23,17,22,1,9",0.5333333333333333,0.5,0.5,0.0,0.0,0.0,0.5,0.3216097354888916
"7,8,22,14,20,9,21,9,7,2,8,1,9,2,9",0.5333333333333333,0.5,0.5,0.0,0.0,0.0,0.5,0.23729872703552246
"3,9,23,16,5,22,8,5,13,4,2,17,18,19,19",0.5333333333333333,0.5,0.5,0.0,0.0,0.0,0.5,1.2583446502685547
"13,8,23,2,15,3,10,23,17,22,7,13,3,13,19",0.5333333333333333,0.5,0.5,0.0,0.0,0.0,0.5,0.2835085391998291
"8,13,2,2,21,11,15,7,2,4,15,21,9,11,23",0.5333333333333333,0.5,0.5,0.0,0.0,0.0,0.5,0.22858262062072754
"19,7,14,14,1,17,22,2,5,16,12,6,5,0,0",0.4666666666666667,0.5,0.5,0.4666666666666667,1.0,0.6363636363636364,0.5,0.3154759407043457
"13,18,7,9,13,7,9,4,9,23,11,5,10,20,3",0.5333333333333333,0.5,0.5,0.0,0.0,0.0,0.5,0.2913496494293213
"7,14,22,9,7,3,12,13,5,13,13,14,4,19,3",0.4666666666666667,0.5,0.5,0.4666666666666667,1.0,0.6363636363636364,0.5,0.2730233669281006
"22,8,23,2,17,12,8,15,6,18,13,11,1,11,18",0.4666666666666667,0.5,0.5,0.4666666666666667,1.0,0.6363636363636364,0.5,0.2910935878753662
"15,14,20,10,4,14,21,17,12,2,0,4,15,6,18",0.5333333333333333,0.5,0.5,0.0,0.0,0.0,0.5,0.25403690338134766
"0,3,16,14,1,7,3,21,0,4,2,7,12,16,0",0.5333333333333333,0.5,0.5,0.0,0.0,0.0,0.5,0.25042057037353516
"19,17,12,3,15,8,17,6,12,15,13,3,11,12,5",0.5333333333333333,0.5,0.5,0.0,0.0,0.0,0.5,0.4478747844696045
"20,8,6,3,9,0,7,3,22,3,15,20,11,5,3",0.4666666666666667,0.5,0.5,0.4666666666666667,1.0,0.6363636363636364,0.5,0.2004837989807129
"14,0,8,2,10,8,22,16,9,0,23,15,6,5,9",0.5333333333333333,0.5,0.5,0.0,0.0,0.0,0.5,0.2483048439025879
"1,12,0,7,19,15,10,6,9,22,0,11,7,5,9",0.4666666666666667,0.5,0.5,0.4666666666666667,1.0,0.6363636363636364,0.5,0.2597618103027344
"3,6,1,0,20,2,0,11,4,2,4,15,0,6,9",0.4666666666666667,0.5,0.5,0.4666666666666667,1.0,0.6363636363636364,0.5,0.14310240745544434
"21,14,1,19,18,17,11,17,9,23,1,10,22,4,11",0.4666666666666667,0.5,0.5,0.4666666666666667,1.0,0.6363636363636364,0.5,0.6352043151855469
"23,13,7,16,13,10,13,4,5,9,3,21,2,17,19",0.4666666666666667,0.5,0.5,0.4666666666666667,1.0,0.6363636363636364,0.5,0.3682212829589844
"7,7,10,21,1,11,10,10,16,16,17,7,7,1,18",0.5333333333333333,0.5,0.5,0.0,0.0,0.0,0.5,0.31154632568359375
"19,13,5,23,15,16,11,8,16,22,15,11,9,18,4",0.5333333333333333,0.5,0.5,0.0,0.0,0.0,0.5,0.3344600200653076
"8,15,4,12,2,1,1,19,9,8,4,1,16,5,10",0.4666666666666667,0.5,0.5,0.4666666666666667,1.0,0.6363636363636364,0.5,0.22498130798339844
"13,14,3,6,0,1,18,7,16,12,0,23,16,8,6",0.4666666666666667,0.5,0.5,0.4666666666666667,1.0,0.6363636363636364,0.5,0.24510502815246582
"4,6,17,11,4,4,9,3,5,17,9,14,6,2,3",0.4666666666666667,0.5,0.5,0.4666666666666667,1.0,0.6363636363636364,0.5,0.20662522315979004
"3,15,14,16,8,7,1,13,7,9,10,9,7,11,15",0.4666666666666667,0.5,0.5,0.4666666666666667,1.0,0.6363636363636364,0.5,0.3015749454498291
"23,15,6,5,9,3,10,17,1,11,5,2,9,7,21",0.5333333333333333,0.5,0.5,0.0,0.0,0.0,0.5,0.25554633140563965
"3,0,20,14,17,19,11,6,3,22,6,17,10,13,19",0.5333333333333333,0.5,0.5,0.0,0.0,0.0,0.5,0.3666720390319824
"6,15,14,19,12,7,2,6,7,11,20,7,9,0,11",0.5333333333333333,0.5,0.5,0.0,0.0,0.0,0.5,0.29623961448669434
"18,12,14,17,7,12,3,13,3,10,9,17,16,14,19",0.5333333333333333,0.5,0.5,0.0,0.0,0.0,0.5,0.3222835063934326
"10,12,4,9,16,23,4,16,2,5,19,16,16,1,3",0.4666666666666667,0.5,0.5,0.4666666666666667,1.0,0.6363636363636364,0.5,0.4579033851623535
"1,0,11,16,16,23,0,5,4,6,14,11,4,9,22",0.5333333333333333,0.5,0.5,0.0,0.0,0.0,0.5,0.2274487018585205
"17,7,8,8,12,10,0,0,2,1,9,13,2,12,23",0.4666666666666667,0.5,0.5,0.4666666666666667,1.0,0.6363636363636364,0.5,0.2514498233795166
"2,4,4,19,6,18,14,22,12,15,7,15,15,14,21",0.4666666666666667,0.5,0.5,0.4666666666666667,1.0,0.6363636363636364,0.5,0.6241765022277832
"3,8,9,4,16,3,9,19,19,17,13,3,7,3,2",0.4666666666666667,0.5,0.5,0.4666666666666667,1.0,0.6363636363636364,0.5,1.2088990211486816
"4,21,4,0,12,1,15,14,10,7,20,14,8,23,3",0.5333333333333333,0.5,0.5,0.0,0.0,0.0,0.5,0.2735595703125
"22,15,14,9,1,0,1,2,0,16,9,13,8,14,19",0.5333333333333333,0.5,0.5,0.0,0.0,0.0,0.5,0.266324520111084
"0,3,14,7,4,21,4,0,12,1,15,14,10,7,20",0.5333333333333333,0.5,0.5,0.0,0.0,0.0,0.5,0.2482912540435791
"20,5,4,0,13,22,4,17,4,18,9,0,0,19,5",0.5333333333333333,0.5,0.5,0.0,0.0,0.0,0.5,0.25528502464294434
"0,23,2,10,3,20,8,9,17,6,10,22,17,5,2",0.5333333333333333,0.5,0.5,0.0,0.0,0.0,0.5,0.2479867935180664
"12,10,2,2,19,11,4,6,1,1,7,4,0,3,21",0.4666666666666667,0.5,0.5,0.4666666666666667,1.0,0.6363636363636364,0.5,0.23590731620788574
"4,18,10,4,15,16,11,11,16,22,1,11,14,18,14",0.5333333333333333,0.5,0.5,0.0,0.0,0.0,0.5,0.2971978187561035
"4,9,0,12,4,16,2,23,4,16,17,5,19,5,14",0.4666666666666667,0.5,0.5,0.4666666666666667,1.0,0.6363636363636364,0.5,0.4057455062866211
"1,18,14,7,2,12,10,2,2,19,11,4,6,1,1",0.5333333333333333,0.5,0.5,0.0,0.0,0.0,0.5,0.2566368579864502
"3,10,0,7,6,15,8,12,4,12,22,14,0,21,10",0.5333333333333333,0.5,0.5,0.0,0.0,0.0,0.5,0.21239662170410156
"12,9,12,6,9,11,22,5,15,14,8,8,15,4,12",0.5333333333333333,0.5,0.5,0.0,0.0,0.0,0.5,0.23823261260986328
"2,6,7,11,20,7,9,0,11,12,2,9,14,18,16",0.5333333333333333,0.5,0.5,0.0,0.0,0.0,0.5,0.2587571144104004
"23,5,10,19,13,17,23,13,10,16,8,13,20,17,14",0.4666666666666667,0.5,0.5,0.4666666666666667,1.0,0.6363636363636364,0.5,0.29838037490844727
"21,14,12,19,6,1,1,13,1,18,8,16,1,18,16",0.5333333333333333,0.5,0.5,0.0,0.0,0.0,0.5,0.3252377510070801
"5,17,18,11,9,4,0,10,12,4,9,16,23,4,16",0.5333333333333333,0.5,0.5,0.0,0.0,0.0,0.5,0.3403024673461914
"1,15,10,4,0,17,7,20,14,15,13,0,2,9,14",0.5333333333333333,0.5,0.5,0.0,0.0,0.0,0.5,0.25929903984069824
"1,1,14,12,14,8,1,17,7,8,8,12,10,0,0",0.4666666666666667,0.5,0.5,0.4666666666666667,1.0,0.6363636363636364,0.5,0.26105833053588867
"0,15,7,17,18,0,17,2,15,1,3,10,0,7,6",0.4666666666666667,0.5,0.5,0.4666666666666667,1.0,0.6363636363636364,0.5,0.36397552490234375
"16,11,3,14,20,13,11,3,3,6,11,0,14,6,22",0.5333333333333333,0.5,0.5,0.0,0.0,0.0,0.5,0.24587368965148926
"4,21,10,1,12,0,13,7,11,8,4,5,10,14,16",0.4666666666666667,0.5,0.5,0.4666666666666667,1.0,0.6363636363636364,0.5,0.24023938179016113
"2,13,9,8,8,2,8,11,10,0,5,0,21,4,0",0.4666666666666667,0.5,0.5,0.4666666666666667,1.0,0.6363636363636364,0.5,0.216796875
"11,18,5,19,15,16,16,10,19,4,15,8,13,5,14",0.4666666666666667,0.5,0.5,0.4666666666666667,1.0,0.6363636363636364,0.5,0.5918292999267578
"2,6,6,6,23,15,14,20,10,4,14,21,17,12,2",0.5333333333333333,0.5,0.5,0.0,0.0,0.0,0.5,0.2630343437194824
"6,23,13,4,12,18,19,8,16,12,1,9,8,21,2",0.4666666666666667,0.5,0.5,0.4666666666666667,1.0,0.6363636363636364,0.5,0.5092978477478027
"0,3,21,4,8,15,13,17,18,8,5,14,5,4,1",0.4666666666666667,0.5,0.5,0.4666666666666667,1.0,0.6363636363636364,0.5,0.26221203804016113
"0,14,14,13,18,10,7,7,10,21,1,11,10,10,16",0.5333333333333333,0.5,0.5,0.0,0.0,0.0,0.5,0.2896125316619873
"10,22,4,11,4,3,6,0,11,1,23,3,3,13,9",0.4666666666666667,0.5,0.5,0.4666666666666667,1.0,0.6363636363636364,0.5,0.1811363697052002
"18,0,6,2,10,7,1,15,7,4,22,12,3,14,8",0.5333333333333333,0.5,0.5,0.0,0.0,0.0,0.5,0.2656059265136719
"19,7,14,7,11,11,17,2,22,16,3,22,2,7,8",0.4666666666666667,0.5,0.5,0.4666666666666667,1.0,0.6363636363636364,0.5,0.34123873710632324
"4,23,7,3,18,0,6,2,10,7,1,15,7,4,22",0.5333333333333333,0.5,0.5,0.0,0.0,0.0,0.5,0.19265103340148926
"4,19,4,17,6,10,7,12,9,10,7,20,0,14,14",0.5333333333333333,0.5,0.5,0.0,0.0,0.0,0.5,0.4499185085296631
"11,2,7,6,10,18,1,10,17,13,5,7,13,17,12",0.5333333333333333,0.5,0.5,0.0,0.0,0.0,0.5,0.2683045864105224
"19,9,6,3,12,9,12,12,7,5,18,17,5,4,3",0.5333333333333333,0.5,0.5,0.0,0.0,0.0,0.5,0.3528149127960205
"7,16,12,0,10,1,8,5,7,4,7,4,10,18,19",0.4666666666666667,0.5,0.5,0.4666666666666667,1.0,0.6363636363636364,0.5,0.4683403968811035
"16,7,12,3,2,1,12,12,21,8,17,4,9,13,3",0.5333333333333333,0.5,0.5,0.0,0.0,0.0,0.5,0.29029154777526855
"18,14,8,13,2,2,21,11,15,7,2,4,15,21,9",0.5333333333333333,0.5,0.5,0.0,0.0,0.0,0.5,0.2724947929382324
"16,1,14,2,16,0,9,0,8,11,8,9,17,12,20",0.5333333333333333,0.5,0.5,0.0,0.0,0.0,0.5,0.27617740631103516
"4,3,1,4,23,0,11,9,0,19,15,6,8,21,5",0.4666666666666667,0.5,0.5,0.4666666666666667,1.0,0.6363636363636364,0.5,0.22217106819152832
"14,7,2,12,10,2,2,19,11,4,6,1,1,7,4",0.5333333333333333,0.5,0.5,0.0,0.0,0.0,0.5,0.24103593826293945
"18,11,9,4,0,10,12,4,9,16,23,4,16,2,5",0.4666666666666667,0.5,0.5,0.4666666666666667,1.0,0.6363636363636364,0.5,0.2961411476135254
"5,20,16,11,13,9,8,13,21,14,12,19,6,1,1",0.4666666666666667,0.5,0.5,0.4666666666666667,1.0,0.6363636363636364,0.5,0.2815108299255371
"6,23,15,14,20,10,4,14,21,17,12,2,0,4,15",0.5333333333333333,0.5,0.5,0.0,0.0,0.0,0.5,0.3148183822631836
"13,9,8,8,2,8,11,10,0,5,0,21,4,0,13",0.4666666666666667,0.5,0.5,0.4666666666666667,1.0,0.6363636363636364,0.5,0.22804498672485352
"2,19,7,14,14,1,17,22,2,5,16,12,6,5,0",0.4666666666666667,0.5,0.5,0.4666666666666667,1.0,0.6363636363636364,0.5,0.34065937995910645
"9,2,0,16,17,15,19,8,12,16,4,5,20,5,4",0.5333333333333333,0.5,0.5,0.0,0.0,0.0,0.5,0.25533604621887207
"20,10,20,5,6,4,16,1,4,8,9,7,5,15,23",0.5333333333333333,0.5,0.5,0.0,0.0,0.0,0.5,0.1997971534729004
"22,9,7,3,12,13,5,13,13,14,4,19,3,14,16",0.5333333333333333,0.5,0.5,0.0,0.0,0.0,0.5,0.28243446350097656
"9,0,16,7,12,3,2,1,12,12,21,8,17,4,9",0.4666666666666667,0.5,0.5,0.4666666666666667,1.0,0.6363636363636364,0.5,0.20751452445983887
"14,9,1,0,1,2,0,16,9,13,8,14,19,8,2",0.5333333333333333,0.5,0.5,0.0,0.0,0.0,0.5,0.22628068923950195
"23,13,8,4,10,3,15,20,12,11,11,8,11,15,16",0.5333333333333333,0.5,0.5,0.0,0.0,0.0,0.5,0.2822291851043701
"11,18,9,19,15,16,11,10,19,4,14,8,13,5,14",0.5333333333333333,0.5,0.5,0.0,0.0,0.0,0.5,0.32457971572875977
"21,14,8,17,19,9,19,7,3,23,3,5,8,2,7",0.5333333333333333,0.5,0.5,0.0,0.0,0.0,0.5,0.37354183197021484
"18,7,11,7,7,13,15,3,10,8,18,4,6,19,13",0.5333333333333333,0.5,0.5,0.0,0.0,0.0,0.5,0.5396928787231445
"8,9,4,16,3,9,19,19,17,13,3,7,3,2,5",0.5333333333333333,0.5,0.5,0.0,0.0,0.0,0.5,1.1814360618591309
"3,3,9,0,0,5,19,2,15,15,18,6,3,4,10",0.5333333333333333,0.5,0.5,0.0,0.0,0.0,0.5,0.24401330947875977
"7,4,0,14,3,0,4,11,16,5,18,6,1,16,8",0.5333333333333333,0.5,0.5,0.0,0.0,0.0,0.5,0.26815223693847656
"3,2,19,9,11,13,10,9,6,3,15,18,4,7,20",0.5333333333333333,0.5,0.5,0.0,0.0,0.0,0.5,0.31697535514831543
"21,13,13,3,0,4,14,13,0,6,0,1,14,5,9",0.5333333333333333,0.5,0.5,0.0,0.0,0.0,0.5,0.20948147773742676
"2,19,9,11,13,10,9,6,3,15,18,4,7,20,5",0.4666666666666667,0.5,0.5,0.4666666666666667,1.0,0.6363636363636364,0.5,0.33182692527770996
"0,17,7,20,14,15,13,0,2,9,14,12,16,2,23",0.5333333333333333,0.5,0.5,0.0,0.0,0.0,0.5,0.26725339889526367
"18,3,0,15,20,8,9,8,20,9,4,4,6,19,15",0.4666666666666667,0.5,0.5,0.4666666666666667,1.0,0.6363636363636364,0.5,0.2847161293029785
"10,1,12,0,13,7,11,8,4,5,10,14,16,2,22",0.4666666666666667,0.5,0.5,0.4666666666666667,1.0,0.6363636363636364,0.5,0.24300646781921387
"20,8,14,0,17,17,6,9,4,3,1,4,23,0,11",0.4666666666666667,0.5,0.5,0.4666666666666667,1.0,0.6363636363636364,0.5,0.2683548927307129
"8,14,19,8,2,20,13,22,2,0,12,0,8,23,0",0.5333333333333333,0.5,0.5,0.0,0.0,0.0,0.5,0.2572367191314697
"3,20,8,9,17,6,10,22,17,5,2,19,3,7,8",0.4666666666666667,0.5,0.5,0.4666666666666667,1.0,0.6363636363636364,0.5,0.3648090362548828
"8,14,0,17,17,6,9,4,3,1,4,23,0,11,9",0.4666666666666667,0.5,0.5,0.4666666666666667,1.0,0.6363636363636364,0.5,0.2591366767883301
"22,7,7,7,12,10,1,12,0,7,19,15,10,6,9",0.4666666666666667,0.5,0.5,0.4666666666666667,1.0,0.6363636363636364,0.5,0.2770211696624756
"3,13,3,12,14,14,2,22,13,6,14,19,10,20,3",0.5333333333333333,0.5,0.5,0.0,0.0,0.0,0.5,0.2583742141723633
"22,17,5,2,19,3,7,8,8,7,0,12,2,15,16",0.4666666666666667,0.5,0.5,0.4666666666666667,1.0,0.6363636363636364,0.5,0.4317011833190918
"0,23,15,6,5,9,3,10,17,1,11,5,2,9,7",0.5333333333333333,0.5,0.5,0.0,0.0,0.0,0.5,0.2379608154296875
"0,7,19,15,10,6,9,22,0,11,7,5,9,7,21",0.5333333333333333,0.5,0.5,0.0,0.0,0.0,0.5,0.2575240135192871
"20,3,17,13,1,6,23,13,4,12,18,19,8,16,12",0.5333333333333333,0.5,0.5,0.0,0.0,0.0,0.5,0.5372250080108643
"3,16,7,4,0,14,3,0,4,11,16,5,18,6,1",0.4666666666666667,0.5,0.5,0.4666666666666667,1.0,0.6363636363636364,0.5,0.2325887680053711
"20,12,3,19,19,18,9,18,11,18,16,15,1,2,19",0.5333333333333333,0.5,0.5,0.0,0.0,0.0,0.5,1.2921216487884521
"1,19,7,14,7,11,11,17,2,22,16,3,22,2,7",0.5333333333333333,0.5,0.5,0.0,0.0,0.0,0.5,0.3568258285522461
"19,17,13,18,12,4,9,7,15,22,17,12,11,10,14",0.5333333333333333,0.5,0.5,0.0,0.0,0.0,0.5,0.4888272285461426
"4,16,11,19,11,23,2,8,22,4,14,0,10,9,14",0.5333333333333333,0.5,0.5,0.0,0.0,0.0,0.5,0.28237080574035645
"2,18,14,6,6,22,7,8,6,3,6,1,0,20,2",0.5333333333333333,0.5,0.5,0.0,0.0,0.0,0.5,0.24306941032409668
"16,5,23,3,16,7,4,0,14,3,0,4,11,16,5",0.5333333333333333,0.5,0.5,0.0,0.0,0.0,0.5,0.26170897483825684
"1,9,14,12,9,2,9,15,14,11,9,17,21,0,1",0.4666666666666667,0.5,0.5,0.4666666666666667,1.0,0.6363636363636364,0.5,0.23239827156066895
"16,19,6,17,19,19,18,7,6,7,9,1,4,11,18",0.5333333333333333,0.5,0.5,0.0,0.0,0.0,0.5,1.6280410289764404
"1,3,10,0,3,14,7,4,21,4,0,12,1,15,14",0.5333333333333333,0.5,0.5,0.0,0.0,0.0,0.5,0.1836717128753662
"6,9,22,0,11,7,5,9,7,21,1,14,11,22,15",0.5333333333333333,0.5,0.5,0.0,0.0,0.0,0.5,0.22214269638061523
"7,7,12,10,1,12,0,7,19,15,10,6,9,22,0",0.5333333333333333,0.5,0.5,0.0,0.0,0.0,0.5,0.2597782611846924
"23,1,11,5,21,6,5,7,9,0,3,1,7,13,16",0.5333333333333333,0.5,0.5,0.0,0.0,0.0,0.5,0.23697400093078613
"22,1,3,0,4,10,13,20,15,10,3,14,21,15,8",0.4666666666666667,0.5,0.5,0.4666666666666667,1.0,0.6363636363636364,0.5,0.2585117816925049
"4,16,4,9,11,9,11,8,0,8,22,0,14,0,22",0.5333333333333333,0.5,0.5,0.0,0.0,0.0,0.5,0.27290987968444824
"1,16,11,3,14,20,13,11,3,3,6,11,0,14,6",0.4666666666666667,0.5,0.5,0.4666666666666667,1.0,0.6363636363636364,0.5,0.2787923812866211
"0,8,15,4,2,15,20,3,11,1,16,1,11,8,2",0.5333333333333333,0.5,0.5,0.0,0.0,0.0,0.5,0.2502434253692627
"21,17,11,1,2,14,5,3,14,8,9,10,6,20,1",0.5333333333333333,0.5,0.5,0.0,0.0,0.0,0.5,0.3638732433319092
"5,1,14,0,17,17,6,9,0,3,1,4,23,0,11",0.4666666666666667,0.5,0.5,0.4666666666666667,1.0,0.6363636363636364,0.5,0.24115872383117676
"6,23,9,6,16,9,13,15,3,11,16,7,23,5,17",0.5333333333333333,0.5,0.5,0.0,0.0,0.0,0.5,0.22241830825805664
"8,2,7,8,22,14,20,9,21,9,7,2,8,1,9",0.5333333333333333,0.5,0.5,0.0,0.0,0.0,0.5,0.23594021797180176
"7,1,13,7,9,10,9,7,11,15,13,21,2,6,6",0.4666666666666667,0.5,0.5,0.4666666666666667,1.0,0.6363636363636364,0.5,0.22693300247192383
"1,16,8,14,8,21,0,12,3,14,16,4,13,11,16",0.5333333333333333,0.5,0.5,0.0,0.0,0.0,0.5,0.31233716011047363
"21,9,12,0,11,18,15,5,23,11,16,0,14,14,17",0.4666666666666667,0.5,0.5,0.4666666666666667,1.0,0.6363636363636364,0.5,0.2855875492095947
"7,7,5,15,12,6,22,11,18,11,10,23,12,18,13",0.5333333333333333,0.5,0.5,0.0,0.0,0.0,0.5,0.31296873092651367
"20,13,6,10,2,10,12,6,15,14,19,12,7,2,6",0.5333333333333333,0.5,0.5,0.0,0.0,0.0,0.5,0.2770957946777344
"13,4,3,9,1,7,9,23,10,16,4,15,0,11,19",0.5333333333333333,0.5,0.5,0.0,0.0,0.0,0.5,0.24460506439208984
"1,17,7,8,8,12,10,0,0,2,1,9,13,2,12",0.5333333333333333,0.5,0.5,0.0,0.0,0.0,0.5,0.30393457412719727
"2,10,12,6,15,14,19,12,7,2,6,7,11,20,7",0.5333333333333333,0.5,0.5,0.0,0.0,0.0,0.5,0.29292964935302734
"17,6,10,16,12,9,10,7,0,8,14,0,13,0,10",0.5333333333333333,0.5,0.5,0.0,0.0,0.0,0.5,0.2956385612487793
"0,8,19,16,5,17,0,23,2,10,3,20,8,9,17",0.5333333333333333,0.5,0.5,0.0,0.0,0.0,0.5,0.30858874320983887
"5,0,1,16,11,3,14,20,13,11,3,3,6,11,0",0.4666666666666667,0.5,0.5,0.4666666666666667,1.0,0.6363636363636364,0.5,0.2817845344543457
"0,23,10,15,8,14,11,18,17,22,10,13,9,16,8",0.5333333333333333,0.5,0.5,0.0,0.0,0.0,0.5,0.3238515853881836
"1,0,21,1,1,0,12,3,20,2,8,19,13,2,18",0.4666666666666667,0.5,0.5,0.4666666666666667,1.0,0.6363636363636364,0.5,0.23817801475524902
"7,21,13,15,18,12,4,21,4,11,15,23,17,22,1",0.5333333333333333,0.5,0.5,0.0,0.0,0.0,0.5,0.32130956649780273
"7,8,8,7,0,12,2,15,16,12,12,7,14,22,9",0.5333333333333333,0.5,0.5,0.0,0.0,0.0,0.5,0.26659631729125977
"2,2,19,12,22,1,16,2,8,18,18,15,8,8,18",0.5333333333333333,0.5,0.5,0.0,0.0,0.0,0.5,0.48500800132751465
"0,18,5,19,15,16,11,11,16,22,15,11,9,18,9",0.5,0.5,0.5,0.4666666666666667,0.5,0.4827586206896552,0.5,0.6269228458404541
"4,6,1,1,7,4,0,3,21,4,8,15,13,17,18",0.4666666666666667,0.5,0.5,0.4666666666666667,1.0,0.6363636363636364,0.5,0.259784460067749
"16,15,1,2,19,9,6,3,12,9,12,12,7,5,18",0.4666666666666667,0.5,0.5,0.4666666666666667,1.0,0.6363636363636364,0.5,0.2843801975250244
"19,3,7,8,8,7,0,12,2,15,16,12,12,7,14",0.5333333333333333,0.5,0.5,0.0,0.0,0.0,0.5,0.33861589431762695
"6,22,7,8,6,3,6,1,0,20,2,0,11,4,2",0.5333333333333333,0.5,0.5,0.0,0.0,0.0,0.5,0.15683698654174805
"22,15,20,8,8,12,11,2,8,17,3,6,4,12,19",0.4666666666666667,0.5,0.5,0.4666666666666667,1.0,0.6363636363636364,0.5,0.28736090660095215
"4,4,13,6,0,2,20,11,5,17,23,11,4,8,23",0.4666666666666667,0.5,0.5,0.4666666666666667,1.0,0.6363636363636364,0.5,0.2685282230377197
"10,8,10,19,7,21,4,6,10,7,20,3,8,0,14",0.5333333333333333,0.5,0.5,0.0,0.0,0.0,0.5,0.224822998046875
"10,15,14,3,11,8,18,3,15,15,19,19,7,14,10",0.5333333333333333,0.5,0.5,0.0,0.0,0.0,0.5,0.9049291610717773
"2,21,12,10,9,8,1,13,23,8,16,6,3,7,14",0.5333333333333333,0.5,0.5,0.0,0.0,0.0,0.5,0.3086814880371094
"6,11,2,4,14,16,22,7,3,8,11,23,2,9,10",0.5333333333333333,0.5,0.5,0.0,0.0,0.0,0.5,0.2760307788848877
"21,12,14,20,3,10,14,0,7,3,23,15,5,16,11",0.5333333333333333,0.5,0.5,0.0,0.0,0.0,0.5,0.305187463760376
"2,5,6,9,5,20,16,2,17,11,20,17,16,3,1",0.5333333333333333,0.5,0.5,0.0,0.0,0.0,0.5,0.26186084747314453
"3,10,2,10,8,4,15,9,7,20,14,0,16,7,8",0.5333333333333333,0.5,0.5,0.0,0.0,0.0,0.5,0.261690616607666
"4,21,8,3,2,2,22,8,23,2,17,12,8,15,6",0.5333333333333333,0.5,0.5,0.0,0.0,0.0,0.5,0.2248539924621582
"8,4,10,3,15,20,12,11,11,8,11,15,16,1,8",0.4666666666666667,0.5,0.5,0.4666666666666667,1.0,0.6363636363636364,0.5,0.268338680267334
"17,5,2,19,3,7,8,8,7,0,12,2,15,16,12",0.5333333333333333,0.5,0.5,0.0,0.0,0.0,0.5,0.41138696670532227
"18,17,12,7,5,9,6,16,12,5,16,11,6,3,2",0.4666666666666667,0.5,0.5,0.4666666666666667,1.0,0.6363636363636364,0.5,0.30153560638427734
"3,6,2,11,1,10,4,4,12,0,12,15,19,1,1",0.5333333333333333,0.5,0.5,0.0,0.0,0.0,0.5,0.26767921447753906
"17,6,9,4,3,1,4,23,0,11,9,0,19,15,6",0.5333333333333333,0.5,0.5,0.0,0.0,0.0,0.5,0.2417137622833252
"4,13,14,16,17,17,6,11,4,3,1,4,23,0,9",0.5333333333333333,0.5,0.5,0.0,0.0,0.0,0.5,0.2632944583892822
"1,1,1,20,10,2,14,22,10,21,14,3,10,15,12",0.5333333333333333,0.5,0.5,0.0,0.0,0.0,0.5,0.2305738925933838
"12,8,3,4,15,12,13,19,13,9,15,23,2,16,9",0.4666666666666667,0.5,0.5,0.4666666666666667,1.0,0.6363636363636364,0.5,0.3031907081604004
"10,7,20,14,8,23,3,8,10,4,3,20,8,23,2",0.5333333333333333,0.5,0.5,0.0,0.0,0.0,0.5,0.25364160537719727
"19,13,7,9,2,23,11,3,14,17,5,15,2,0,14",0.4666666666666667,0.5,0.5,0.4666666666666667,1.0,0.6363636363636364,0.5,0.3287780284881592
"9,7,3,12,13,5,13,13,14,4,19,3,14,16,11",0.4666666666666667,0.5,0.5,0.4666666666666667,1.0,0.6363636363636364,0.5,0.2982218265533447
"21,2,13,9,8,8,2,8,11,10,0,5,0,21,4",0.5333333333333333,0.5,0.5,0.0,0.0,0.0,0.5,0.29305338859558105
"9,6,23,9,13,15,3,11,16,7,23,5,17,18,11",0.4666666666666667,0.5,0.5,0.4666666666666667,1.0,0.6363636363636364,0.5,0.32492756843566895
"4,0,12,1,15,14,10,7,20,14,8,23,3,8,10",0.4666666666666667,0.5,0.5,0.4666666666666667,1.0,0.6363636363636364,0.5,0.2363753318786621
"1,14,12,14,8,1,17,7,8,8,12,10,0,0,2",0.5333333333333333,0.5,0.5,0.0,0.0,0.0,0.5,0.27292346954345703
"6,21,13,13,3,0,4,14,13,0,6,0,1,14,5",0.4666666666666667,0.5,0.5,0.4666666666666667,1.0,0.6363636363636364,0.5,0.22954130172729492
"13,8,4,10,3,15,20,12,11,11,8,11,15,16,1",0.4666666666666667,0.5,0.5,0.4666666666666667,1.0,0.6363636363636364,0.5,0.3226008415222168
"20,2,0,11,4,2,4,15,0,6,9,18,0,8,19",0.4666666666666667,0.5,0.5,0.4666666666666667,1.0,0.6363636363636364,0.5,0.2064955234527588
"17,8,2,5,6,9,5,20,16,2,17,11,20,17,16",0.5333333333333333,0.5,0.5,0.0,0.0,0.0,0.5,0.3102915287017822
"4,13,4,21,10,1,12,0,13,7,11,8,4,5,10",0.5333333333333333,0.5,0.5,0.0,0.0,0.0,0.5,0.23777222633361816
"9,4,3,1,4,23,0,11,9,0,19,15,6,8,21",0.5333333333333333,0.5,0.5,0.0,0.0,0.0,0.5,0.23261642456054688
"2,22,7,4,14,10,14,17,21,14,0,15,8,12,0",0.5333333333333333,0.5,0.5,0.0,0.0,0.0,0.5,0.27895593643188477
"6,6,6,23,15,14,20,10,4,14,21,17,12,2,0",0.4666666666666667,0.5,0.5,0.4666666666666667,1.0,0.6363636363636364,0.5,0.27878856658935547
"2,0,3,22,9,8,0,11,22,16,5,2,3,18,7",0.4666666666666667,0.5,0.5,0.4666666666666667,1.0,0.6363636363636364,0.5,0.2553439140319824
"4,0,3,21,4,8,15,13,17,18,8,5,14,5,4",0.5333333333333333,0.5,0.5,0.0,0.0,0.0,0.5,0.25266337394714355
"3,11,11,16,22,9,11,14,18,9,15,22,7,13,15",0.5333333333333333,0.5,0.5,0.0,0.0,0.0,0.5,0.3223230838775635
"11,16,4,21,8,17,1,10,19,4,1,8,13,5,14",0.4666666666666667,0.5,0.5,0.4666666666666667,1.0,0.6363636363636364,0.5,0.22850370407104492
"8,0,3,16,14,1,7,3,21,0,4,2,7,12,16",0.5333333333333333,0.5,0.5,0.0,0.0,0.0,0.5,0.25782275199890137
"13,4,23,9,15,3,10,23,17,20,7,9,3,13,19",0.5333333333333333,0.5,0.5,0.0,0.0,0.0,0.5,0.306023359298706
"4,18,3,0,15,20,8,9,8,20,9,4,4,6,19",0.4666666666666667,0.5,0.5,0.4666666666666667,1.0,0.6363636363636364,0.5,0.2865633964538574
"20,14,2,13,0,2,9,14,12,16,2,23,16,9,6",0.4666666666666667,0.5,0.5,0.4666666666666667,1.0,0.6363636363636364,0.5,0.2853221893310547
"4,1,17,7,8,8,11,11,16,22,2,11,9,18,9",0.5333333333333333,0.5,0.5,0.0,0.0,0.0,0.5,0.2950289249420166
"22,0,16,19,10,3,13,21,7,13,8,6,20,4,6",0.5333333333333333,0.5,0.5,0.0,0.0,0.0,0.5,0.29340434074401855
"15,14,10,7,20,14,8,23,3,8,10,4,3,20,8",0.4666666666666667,0.5,0.5,0.4666666666666667,1.0,0.6363636363636364,0.5,0.2659885883331299
"20,12,11,11,8,11,15,16,1,8,8,10,6,5,15",0.5333333333333333,0.5,0.5,0.0,0.0,0.0,0.5,0.26460886001586914
"12,17,3,6,2,14,12,15,19,16,13,6,4,2,16",0.4666666666666667,0.5,0.5,0.4666666666666667,1.0,0.6363636363636364,0.5,0.2948951721191406
"3,9,0,7,3,22,3,15,20,11,5,3,0,20,14",0.4666666666666667,0.5,0.5,0.4666666666666667,1.0,0.6363636363636364,0.5,0.1907956600189209
"23,6,17,0,18,5,12,15,0,4,4,13,6,0,2",0.4666666666666667,0.5,0.5,0.4666666666666667,1.0,0.6363636363636364,0.5,0.3967139720916748
"9,7,21,1,14,11,22,15,13,16,11,6,18,12,8",0.5333333333333333,0.5,0.5,0.0,0.0,0.0,0.5,0.28182077407836914
"9,6,16,9,21,15,3,11,16,7,23,5,17,18,11",0.5333333333333333,0.5,0.5,0.0,0.0,0.0,0.5,0.30311155319213867
"22,9,16,17,13,5,14,14,21,16,15,4,5,6,6",0.5333333333333333,0.5,0.5,0.0,0.0,0.0,0.5,0.254746675491333
"6,1,17,14,7,8,20,0,3,16,0,11,8,9,14",0.5333333333333333,0.5,0.5,0.0,0.0,0.0,0.5,0.26363158226013184
"23,10,14,15,0,9,19,3,11,23,6,9,4,19,18",0.4666666666666667,0.5,0.5,0.4666666666666667,1.0,0.6363636363636364,0.5,0.4928731918334961
"8,16,11,15,6,17,16,13,9,15,20,5,4,4,0",0.4666666666666667,0.5,0.5,0.4666666666666667,1.0,0.6363636363636364,0.5,0.25214052200317383
"20,3,6,3,15,14,16,8,7,1,13,7,9,10,9",0.5333333333333333,0.5,0.5,0.0,0.0,0.0,0.5,0.31086301803588867
"0,4,10,13,20,15,10,3,14,21,15,8,21,16,21",0.4666666666666667,0.5,0.5,0.4666666666666667,1.0,0.6363636363636364,0.5,0.2876698970794678
"15,14,16,8,7,1,13,7,9,10,9,7,11,15,13",0.4666666666666667,0.5,0.5,0.4666666666666667,1.0,0.6363636363636364,0.5,0.31597089767456055
"23,12,6,14,0,4,19,10,10,17,17,1,23,17,6",0.5333333333333333,0.5,0.5,0.0,0.0,0.0,0.5,0.6477189064025879
"2,10,4,7,12,0,11,3,19,18,14,14,13,15,8",0.4666666666666667,0.5,0.5,0.4666666666666667,1.0,0.6363636363636364,0.5,0.5014269351959229
"11,10,21,8,6,7,10,3,0,9,15,4,10,15,6",0.5333333333333333,0.5,0.5,0.0,0.0,0.0,0.5,0.20298123359680176
"20,9,21,9,7,2,8,1,9,2,9,18,5,18,14",0.5333333333333333,0.5,0.5,0.0,0.0,0.0,0.5,0.3473978042602539
"7,12,10,1,12,0,7,19,15,10,6,9,22,0,11",0.4666666666666667,0.5,0.5,0.4666666666666667,1.0,0.6363636363636364,0.5,0.269428014755249
"1,16,9,16,12,8,3,4,15,12,13,19,13,9,15",0.5333333333333333,0.5,0.5,0.0,0.0,0.0,0.5,0.29714083671569824
"17,22,2,5,16,12,6,5,0,0,17,18,11,19,10",0.4666666666666667,0.5,0.5,0.4666666666666667,1.0,0.6363636363636364,0.5,0.3220226764678955
"21,0,8,20,15,16,13,11,19,11,7,8,4,11,2",0.4666666666666667,0.5,0.5,0.4666666666666667,1.0,0.6363636363636364,0.5,0.32134413719177246
"3,15,20,12,11,11,8,11,15,16,1,8,8,10,6",0.5333333333333333,0.5,0.5,0.0,0.0,0.0,0.5,0.33322882652282715
"4,1,20,0,8,15,4,2,15,20,3,11,1,16,1",0.4666666666666667,0.5,0.5,0.4666666666666667,1.0,0.6363636363636364,0.5,0.2391648292541504
"19,14,7,19,3,4,15,2,14,17,13,15,7,19,3",0.4666666666666667,0.5,0.5,0.4666666666666667,1.0,0.6363636363636364,0.5,0.41066646575927734
"16,9,10,15,20,8,18,9,18,10,7,21,11,5,13",0.5333333333333333,0.5,0.5,0.0,0.0,0.0,0.5,0.36989808082580566
"9,22,12,16,8,14,4,8,6,17,6,13,22,12,0",0.5333333333333333,0.5,0.5,0.0,0.0,0.0,0.5,0.3045179843902588
"10,8,4,15,9,7,20,14,0,16,7,8,16,22,17",0.5333333333333333,0.5,0.5,0.0,0.0,0.0,0.5,0.3407611846923828
"8,21,0,12,3,14,16,4,13,11,16,5,3,11,11",0.5333333333333333,0.5,0.5,0.0,0.0,0.0,0.5,0.2606480121612549
"2,23,15,0,7,3,10,0,18,9,19,17,0,22,2",0.5333333333333333,0.5,0.5,0.0,0.0,0.0,0.5,0.35636019706726074
"0,21,7,3,9,20,15,4,10,23,5,13,4,1,18",0.5333333333333333,0.5,0.5,0.0,0.0,0.0,0.5,0.24786877632141113
"1,3,0,4,10,13,20,15,10,3,14,21,15,8,21",0.5333333333333333,0.5,0.5,0.0,0.0,0.0,0.5,0.2505624294281006
"1,2,19,18,17,12,7,5,9,6,16,12,5,16,11",0.4666666666666667,0.5,0.5,0.4666666666666667,1.0,0.6363636363636364,0.5,0.7110404968261719
"5,16,23,14,6,10,3,23,3,13,3,12,14,14,2",0.5333333333333333,0.5,0.5,0.0,0.0,0.0,0.5,0.24249887466430664
"1,13,0,19,2,7,17,3,16,1,9,16,10,7,16",0.5333333333333333,0.5,0.5,0.0,0.0,0.0,0.5,0.3001389503479004
"1,7,3,21,0,4,2,7,12,16,0,17,10,6,8",0.4666666666666667,0.5,0.5,0.4666666666666667,1.0,0.6363636363636364,0.5,0.21930265426635742
"10,2,10,8,4,15,9,7,20,14,0,16,7,8,16",0.5333333333333333,0.5,0.5,0.0,0.0,0.0,0.5,0.27829790115356445
"0,19,2,4,4,19,6,18,14,22,12,15,7,15,15",0.5333333333333333,0.5,0.5,0.0,0.0,0.0,0.5,1.3954401016235352
"2,2,22,8,23,2,17,12,8,15,6,18,13,11,1",0.4666666666666667,0.5,0.5,0.4666666666666667,1.0,0.6363636363636364,0.5,0.2595944404602051
"23,6,16,19,13,16,3,11,4,16,23,5,17,16,11",0.5333333333333333,0.5,0.5,0.0,0.0,0.0,0.5,0.527421236038208
"15,14,18,9,0,5,4,8,2,14,0,22,6,4,1",0.5333333333333333,0.5,0.5,0.0,0.0,0.0,0.5,0.215315580368042
"0,20,3,6,3,15,14,16,8,7,1,13,7,9,10",0.5333333333333333,0.5,0.5,0.0,0.0,0.0,0.5,0.27475976943969727
"22,13,18,7,9,13,7,9,4,9,23,11,5,10,20",0.4666666666666667,0.5,0.5,0.4666666666666667,1.0,0.6363636363636364,0.5,0.298694372177124
"5,18,16,19,6,17,19,19,18,7,6,7,9,1,4",0.4666666666666667,0.5,0.5,0.4666666666666667,1.0,0.6363636363636364,0.5,1.6656789779663086
"23,16,5,1,7,8,5,16,1,16,0,20,3,6,3",0.5333333333333333,0.5,0.5,0.0,0.0,0.0,0.5,0.2896690368652344
"18,17,11,17,9,23,1,10,22,4,11,4,3,6,0",0.5333333333333333,0.5,0.5,0.0,0.0,0.0,0.5,0.2997119426727295
"19,15,10,6,9,22,0,11,7,5,9,7,21,1,14",0.4666666666666667,0.5,0.5,0.4666666666666667,1.0,0.6363636363636364,0.5,0.3200349807739258
"8,16,1,18,16,5,23,3,16,7,4,0,14,3,0",0.5333333333333333,0.5,0.5,0.0,0.0,0.0,0.5,0.319303035736084
"0,20,14,17,19,11,6,3,22,6,17,10,13,19,6",0.5333333333333333,0.5,0.5,0.0,0.0,0.0,0.5,0.35178446769714355
"1,18,7,16,12,0,10,1,8,5,7,4,7,4,10",0.5333333333333333,0.5,0.5,0.0,0.0,0.0,0.5,0.2696034908294678
"1,22,2,17,19,12,11,8,20,10,20,5,6,4,16",0.5333333333333333,0.5,0.5,0.0,0.0,0.0,0.5,0.3928556442260742
"12,1,15,14,10,7,20,14,8,23,3,8,10,4,3",0.5333333333333333,0.5,0.5,0.0,0.0,0.0,0.5,0.23112273216247559
"4,2,15,20,3,11,1,16,1,11,8,2,16,15,6",0.4666666666666667,0.5,0.5,0.4666666666666667,1.0,0.6363636363636364,0.5,0.2766237258911133
"0,20,5,4,0,13,22,4,17,4,18,9,0,0,19",0.5333333333333333,0.5,0.5,0.0,0.0,0.0,0.5,0.24952077865600586
"1,18,16,5,23,3,16,7,4,0,14,3,0,4,11",0.4666666666666667,0.5,0.5,0.4666666666666667,1.0,0.6363636363636364,0.5,0.32819199562072754
"2,19,11,4,6,1,1,7,4,0,3,21,4,8,15",0.5333333333333333,0.5,0.5,0.0,0.0,0.0,0.5,0.2672703266143799
"15,0,4,4,13,6,0,2,20,11,5,17,23,11,4",0.4666666666666667,0.5,0.5,0.4666666666666667,1.0,0.6363636363636364,0.5,0.21859955787658691
"17,11,4,4,9,3,5,17,9,14,6,2,3,4,0",0.4666666666666667,0.5,0.5,0.4666666666666667,1.0,0.6363636363636364,0.5,0.19483399391174316
"9,6,16,4,13,17,3,11,4,9,23,5,17,4,11",0.4666666666666667,0.5,0.5,0.4666666666666667,1.0,0.6363636363636364,0.5,0.23339486122131348
"8,7,3,3,17,22,17,18,14,13,10,7,17,23,5",0.4666666666666667,0.5,0.5,0.4666666666666667,1.0,0.6363636363636364,0.5,0.3514132499694824
"16,4,13,11,16,5,3,11,11,16,22,9,11,14,18",0.5333333333333333,0.5,0.5,0.0,0.0,0.0,0.5,0.2684285640716553
"22,4,13,4,21,10,1,12,0,13,7,11,8,4,5",0.4666666666666667,0.5,0.5,0.4666666666666667,1.0,0.6363636363636364,0.5,0.2381911277770996
"13,18,5,19,15,16,18,7,16,12,15,10,1,8,5",0.5333333333333333,0.5,0.5,0.0,0.0,0.0,0.5,0.5832705497741699
"23,5,16,1,14,2,16,0,9,0,8,11,8,9,17",0.5333333333333333,0.5,0.5,0.0,0.0,0.0,0.5,0.3173246383666992
"21,4,11,15,23,17,22,1,9,14,12,9,2,9,15",0.4666666666666667,0.5,0.5,0.4666666666666667,1.0,0.6363636363636364,0.5,0.29140281677246094
"0,16,0,10,20,15,7,7,5,15,12,6,22,11,18",0.5333333333333333,0.5,0.5,0.0,0.0,0.0,0.5,0.27878618240356445
"6,9,4,3,1,4,23,0,11,9,0,19,15,6,8",0.5333333333333333,0.5,0.5,0.0,0.0,0.0,0.5,0.23003506660461426
"1,22,2,11,16,4,11,18,9,9,5,8,20,7,6",0.4666666666666667,0.5,0.5,0.4666666666666667,1.0,0.6363636363636364,0.5,0.22114109992980957
"18,18,15,10,3,0,20,5,4,0,13,22,4,17,4",0.4666666666666667,0.5,0.5,0.4666666666666667,1.0,0.6363636363636364,0.5,0.38382482528686523
"15,21,4,8,17,9,11,19,7,3,22,3,5,0,10",0.4666666666666667,0.5,0.5,0.4666666666666667,1.0,0.6363636363636364,0.5,0.25478291511535645
"3,22,3,15,20,11,5,3,0,20,14,17,19,11,6",0.4666666666666667,0.5,0.5,0.4666666666666667,1.0,0.6363636363636364,0.5,0.32774996757507324
"3,23,3,13,3,12,14,14,2,22,13,6,14,19,10",0.4666666666666667,0.5,0.5,0.4666666666666667,1.0,0.6363636363636364,0.5,0.26849794387817383
"19,18,17,6,15,7,12,9,10,7,20,8,13,14,14",0.5333333333333333,0.5,0.5,0.0,0.0,0.0,0.5,0.7287254333496094
"1,3,8,9,4,16,3,9,19,19,17,13,3,7,3",0.5333333333333333,0.5,0.5,0.0,0.0,0.0,0.5,1.0067813396453857
"8,20,10,20,5,6,4,16,1,4,8,9,7,5,15",0.4666666666666667,0.5,0.5,0.4666666666666667,1.0,0.6363636363636364,0.5,0.19704532623291016
"22,16,3,22,2,7,8,18,14,14,15,1,1,20,14",0.5333333333333333,0.5,0.5,0.0,0.0,0.0,0.5,0.2759091854095459
"6,9,1,0,7,5,7,23,17,9,23,13,7,16,13",0.5333333333333333,0.5,0.5,0.0,0.0,0.0,0.5,0.24249982833862305
"20,14,15,12,0,9,9,14,4,16,2,5,16,16,6",0.4666666666666667,0.5,0.5,0.4666666666666667,1.0,0.6363636363636364,0.5,0.2969939708709717
"4,21,2,13,9,8,8,2,8,11,10,0,5,0,21",0.5333333333333333,0.5,0.5,0.0,0.0,0.0,0.5,0.2637925148010254
"15,0,6,9,18,0,8,19,16,5,17,0,23,2,10",0.4666666666666667,0.5,0.5,0.4666666666666667,1.0,0.6363636363636364,0.5,0.29474782943725586
"10,0,9,15,21,14,8,17,19,9,19,7,3,23,3",0.5333333333333333,0.5,0.5,0.0,0.0,0.0,0.5,0.36462903022766113
"17,9,23,13,7,16,13,10,13,4,5,9,3,21,2",0.5333333333333333,0.5,0.5,0.0,0.0,0.0,0.5,0.33114027976989746
"11,5,3,0,20,14,17,19,11,6,3,22,6,17,10",0.4666666666666667,0.5,0.5,0.4666666666666667,1.0,0.6363636363636364,0.5,0.3427298069000244
"2,0,0,17,13,2,10,4,7,12,0,11,3,19,18",0.5333333333333333,0.5,0.5,0.0,0.0,0.0,0.5,0.4826176166534424
"3,14,8,17,6,1,10,12,2,13,14,13,13,17,3",0.4666666666666667,0.5,0.5,0.4666666666666667,1.0,0.6363636363636364,0.5,0.27229809761047363
"0,10,9,22,15,14,9,1,0,1,2,0,16,9,13",0.4666666666666667,0.5,0.5,0.4666666666666667,1.0,0.6363636363636364,0.5,0.20646047592163086
"21,0,12,8,20,3,7,1,5,1,3,8,9,4,16",0.5333333333333333,0.5,0.5,0.0,0.0,0.0,0.5,0.25601649284362793
"0,8,1,7,0,8,1,9,3,4,2,18,4,15,16",0.4666666666666667,0.5,0.5,0.4666666666666667,1.0,0.6363636363636364,0.5,0.20883440971374512
"11,7,5,9,7,21,1,14,11,22,15,13,16,11,6",0.5333333333333333,0.5,0.5,0.0,0.0,0.0,0.5,0.23543858528137207
"12,8,9,22,16,3,11,19,15,4,14,13,10,5,14",0.5333333333333333,0.5,0.5,0.0,0.0,0.0,0.5,0.2750232219696045
"12,6,5,0,0,17,18,11,19,10,12,23,1,6,3",0.4666666666666667,0.5,0.5,0.4666666666666667,1.0,0.6363636363636364,0.5,0.2936856746673584
"1,9,2,9,18,5,18,14,8,13,2,2,21,11,15",0.5333333333333333,0.5,0.5,0.0,0.0,0.0,0.5,0.34618163108825684
"6,9,0,16,7,12,3,2,1,12,12,21,8,17,4",0.5333333333333333,0.5,0.5,0.0,0.0,0.0,0.5,0.19766521453857422
"10,22,17,5,2,19,3,7,8,8,7,0,12,2,15",0.5333333333333333,0.5,0.5,0.0,0.0,0.0,0.5,0.3702545166015625
"20,1,17,7,8,8,9,14,12,16,2,23,16,9,12",0.5333333333333333,0.5,0.5,0.0,0.0,0.0,0.5,0.3634471893310547
"21,2,5,10,8,7,21,10,2,4,8,8,3,4,9",0.4666666666666667,0.5,0.5,0.4666666666666667,1.0,0.6363636363636364,0.5,0.24376893043518066
"23,16,1,15,22,8,0,3,16,14,1,7,3,21,0",0.4666666666666667,0.5,0.5,0.4666666666666667,1.0,0.6363636363636364,0.5,0.31794095039367676
"1,10,10,12,3,0,22,14,5,2,20,16,14,17,4",0.4666666666666667,0.5,0.5,0.4666666666666667,1.0,0.6363636363636364,0.5,0.220550537109375
"4,22,9,16,17,13,5,14,14,21,16,15,4,5,6",0.5333333333333333,0.5,0.5,0.0,0.0,0.0,0.5,0.2528975009918213
"9,6,16,9,13,3,3,11,16,7,23,5,17,18,11",0.5333333333333333,0.5,0.5,0.0,0.0,0.0,0.5,0.2775309085845947
"2,15,20,3,11,1,16,1,11,8,2,16,15,6,20",0.5333333333333333,0.5,0.5,0.0,0.0,0.0,0.5,0.2727928161621094
"6,1,19,17,12,3,15,8,17,6,12,15,13,3,11",0.5333333333333333,0.5,0.5,0.0,0.0,0.0,0.5,0.46673107147216797
"0,16,9,13,8,14,19,8,2,20,13,22,2,0,12",0.5333333333333333,0.5,0.5,0.0,0.0,0.0,0.5,0.2553739547729492
"4,16,11,9,11,23,0,8,22,12,14,1,10,9,22",0.4666666666666667,0.5,0.5,0.4666666666666667,1.0,0.6363636363636364,0.5,0.2979753017425537
"2,19,18,17,12,7,5,9,6,16,12,5,16,11,6",0.5333333333333333,0.5,0.5,0.0,0.0,0.0,0.5,0.6876790523529053
"19,16,5,16,5,9,17,0,0,8,3,0,16,0,5",0.4666666666666667,0.5,0.5,0.4666666666666667,1.0,0.6363636363636364,0.5,0.32145094871520996
"6,21,12,21,3,5,4,12,5,2,12,9,12,6,9",0.5333333333333333,0.5,0.5,0.0,0.0,0.0,0.5,0.22772741317749023
"2,7,8,22,14,20,9,21,9,7,2,8,1,9,2",0.5333333333333333,0.5,0.5,0.0,0.0,0.0,0.5,0.2305164337158203
"1,1,13,1,18,8,16,1,18,16,5,23,3,16,7",0.5333333333333333,0.5,0.5,0.0,0.0,0.0,0.5,0.36208510398864746
"2,4,15,0,6,9,18,0,8,19,16,5,17,0,23",0.5333333333333333,0.5,0.5,0.0,0.0,0.0,0.5,0.25890183448791504
"13,10,16,8,13,20,17,14,9,4,4,14,0,4,8",0.4666666666666667,0.5,0.5,0.4666666666666667,1.0,0.6363636363636364,0.5,0.25375819206237793
"20,8,9,17,6,10,22,17,5,2,19,3,7,8,8",0.5333333333333333,0.5,0.5,0.0,0.0,0.0,0.5,0.3793516159057617
"19,10,5,20,16,11,13,9,8,13,21,14,12,19,6",0.5333333333333333,0.5,0.5,0.0,0.0,0.0,0.5,0.33045434951782227
"22,5,15,14,8,8,15,4,12,6,12,4,7,20,5",0.5333333333333333,0.5,0.5,0.0,0.0,0.0,0.5,0.27489280700683594
"10,7,12,9,10,7,20,0,14,14,13,18,10,7,7",0.5333333333333333,0.5,0.5,0.0,0.0,0.0,0.5,0.29382967948913574
"13,17,23,13,10,16,8,13,20,17,14,9,4,4,14",0.4666666666666667,0.5,0.5,0.4666666666666667,1.0,0.6363636363636364,0.5,0.2933082580566406
"1,0,1,2,0,16,9,13,8,14,19,8,2,20,13",0.5333333333333333,0.5,0.5,0.0,0.0,0.0,0.5,0.27698636054992676
"17,19,12,11,8,20,10,20,5,6,4,16,1,4,8",0.4666666666666667,0.5,0.5,0.4666666666666667,1.0,0.6363636363636364,0.5,0.3683164119720459
"5,3,0,20,14,17,19,11,6,3,22,6,17,10,13",0.4666666666666667,0.5,0.5,0.4666666666666667,1.0,0.6363636363636364,0.5,0.3380157947540283
"16,2,0,0,17,13,2,10,4,7,12,0,11,3,19",0.5333333333333333,0.5,0.5,0.0,0.0,0.0,0.5,0.26116251945495605
"23,0,14,13,16,21,7,14,16,15,15,3,20,17,5",0.4666666666666667,0.5,0.5,0.4666666666666667,1.0,0.6363636363636364,0.5,0.2863619327545166
"1,13,7,9,10,9,7,11,15,13,21,2,6,6,6",0.5333333333333333,0.5,0.5,0.0,0.0,0.0,0.5,0.2603273391723633
"6,19,17,6,9,0,16,7,12,3,2,1,12,12,21",0.5333333333333333,0.5,0.5,0.0,0.0,0.0,0.5,0.4722762107849121
"3,15,4,15,18,10,4,7,7,11,6,19,6,14,12",0.4666666666666667,0.5,0.5,0.4666666666666667,1.0,0.6363636363636364,0.5,0.2683475017547607
"2,19,3,7,8,8,7,0,12,2,15,16,12,12,7",0.5333333333333333,0.5,0.5,0.0,0.0,0.0,0.5,0.3188164234161377
"1,4,23,7,3,18,0,6,2,10,7,1,15,7,4",0.4666666666666667,0.5,0.5,0.4666666666666667,1.0,0.6363636363636364,0.5,0.18983769416809082
"8,14,11,18,17,22,10,13,9,16,8,14,19,6,19",0.5333333333333333,0.5,0.5,0.0,0.0,0.0,0.5,0.9426989555358887
"2,22,13,6,14,19,10,20,3,17,13,1,6,23,13",0.5333333333333333,0.5,0.5,0.0,0.0,0.0,0.5,0.2593045234680176
"18,9,9,13,20,6,2,11,12,0,22,1,4,4,9",0.5333333333333333,0.5,0.5,0.0,0.0,0.0,0.5,0.25034594535827637
"10,8,22,16,9,0,23,15,6,5,9,3,10,17,1",0.5333333333333333,0.5,0.5,0.0,0.0,0.0,0.5,0.212507963180542
"14,23,10,14,15,0,9,19,3,11,23,6,9,4,19",0.5333333333333333,0.5,0.5,0.0,0.0,0.0,0.5,0.2563483715057373
"9,13,15,3,11,16,7,23,5,17,18,11,9,4,0",0.4666666666666667,0.5,0.5,0.4666666666666667,1.0,0.6363636363636364,0.5,0.30100297927856445
"9,16,17,13,5,14,14,21,16,15,4,5,6,6,9",0.4666666666666667,0.5,0.5,0.4666666666666667,1.0,0.6363636363636364,0.5,0.2665882110595703
"23,17,9,23,13,7,16,13,10,13,4,5,9,3,21",0.4666666666666667,0.5,0.5,0.4666666666666667,1.0,0.6363636363636364,0.5,0.3854517936706543
"0,2,9,14,12,16,2,23,16,9,6,22,10,7,14",0.5333333333333333,0.5,0.5,0.0,0.0,0.0,0.5,0.2785041332244873
"5,23,3,16,7,4,0,14,3,0,4,11,16,5,18",0.5333333333333333,0.5,0.5,0.0,0.0,0.0,0.5,0.28797197341918945
"18,10,7,7,10,21,1,11,10,10,16,16,17,7,7",0.4666666666666667,0.5,0.5,0.4666666666666667,1.0,0.6363636363636364,0.5,0.3201875686645508
"3,22,2,9,8,18,0,14,15,0,1,20,14,2,22",0.5333333333333333,0.5,0.5,0.0,0.0,0.0,0.5,0.24208617210388184
"14,0,23,10,15,8,14,11,18,17,22,10,13,9,16",0.5333333333333333,0.5,0.5,0.0,0.0,0.0,0.5,0.3166310787200928
"8,12,4,12,22,14,0,21,10,14,11,2,1,5,14",0.4666666666666667,0.5,0.5,0.4666666666666667,1.0,0.6363636363636364,0.5,0.20761656761169434
"19,18,3,9,15,6,9,1,0,7,5,8,13,17,14",0.5333333333333333,0.5,0.5,0.0,0.0,0.0,0.5,0.6026244163513184
"21,4,8,15,13,17,18,8,5,14,5,4,1,6,3",0.4666666666666667,0.5,0.5,0.4666666666666667,1.0,0.6363636363636364,0.5,0.2924492359161377
"3,4,2,18,4,15,16,7,17,13,15,3,15,17,20",0.5333333333333333,0.5,0.5,0.0,0.0,0.0,0.5,0.29204797744750977
"23,0,8,1,7,0,8,1,9,3,4,2,18,4,15",0.5333333333333333,0.5,0.5,0.0,0.0,0.0,0.5,0.23131537437438965
"9,0,21,7,3,9,20,15,4,10,23,5,13,4,1",0.4666666666666667,0.5,0.5,0.4666666666666667,1.0,0.6363636363636364,0.5,0.21740388870239258
"22,2,11,16,4,11,18,9,9,5,8,20,7,6,22",0.4666666666666667,0.5,0.5,0.4666666666666667,1.0,0.6363636363636364,0.5,0.23151874542236328
"20,5,13,11,10,21,8,6,7,10,3,0,9,15,4",0.5333333333333333,0.5,0.5,0.0,0.0,0.0,0.5,0.24992108345031738
"20,0,3,16,0,11,8,9,14,18,13,20,17,10,9",0.5333333333333333,0.5,0.5,0.0,0.0,0.0,0.5,0.28934454917907715
"3,18,0,6,2,10,7,1,15,7,4,22,12,3,14",0.5333333333333333,0.5,0.5,0.0,0.0,0.0,0.5,0.252216100692749
"6,22,7,16,8,1,6,1,11,22,17,12,4,4,0",0.4666666666666667,0.5,0.5,0.4666666666666667,1.0,0.6363636363636364,0.5,0.1954383850097656
"1,11,5,21,6,5,7,9,0,3,1,7,13,16,20",0.4666666666666667,0.5,0.5,0.4666666666666667,1.0,0.6363636363636364,0.5,0.1894216537475586
"18,16,19,6,17,19,19,18,7,6,7,9,1,4,11",0.5333333333333333,0.5,0.5,0.0,0.0,0.0,0.5,1.7261300086975098
"3,17,13,1,6,23,13,4,12,18,19,8,16,12,1",0.5333333333333333,0.5,0.5,0.0,0.0,0.0,0.5,0.5027980804443359
"3,18,18,15,10,3,0,20,5,4,0,13,22,4,17",0.4666666666666667,0.5,0.5,0.4666666666666667,1.0,0.6363636363636364,0.5,0.39290761947631836
"8,1,17,7,8,8,12,4,0,0,2,1,9,13,2",0.5333333333333333,0.5,0.5,0.0,0.0,0.0,0.5,0.18783807754516602
"10,12,6,15,14,19,12,7,2,6,7,11,20,7,9",0.5333333333333333,0.5,0.5,0.0,0.0,0.0,0.5,0.2799854278564453
"20,16,17,11,17,21,7,12,2,22,16,15,10,18,6",0.5333333333333333,0.5,0.5,0.0,0.0,0.0,0.5,0.2986288070678711
"2,10,8,4,15,9,7,20,14,0,16,7,8,16,22",0.5333333333333333,0.5,0.5,0.0,0.0,0.0,0.5,0.271268367767334
"14,5,0,23,10,2,22,17,17,7,18,8,0,11,17",0.5333333333333333,0.5,0.5,0.0,0.0,0.0,0.5,0.2880516052246094
"3,0,15,20,8,9,8,20,9,4,4,6,19,15,20",0.4666666666666667,0.5,0.5,0.4666666666666667,1.0,0.6363636363636364,0.5,0.26299262046813965
"8,3,2,2,22,8,23,2,17,12,8,15,6,18,13",0.4666666666666667,0.5,0.5,0.4666666666666667,1.0,0.6363636363636364,0.5,0.3006572723388672
"3,16,0,11,8,9,14,18,13,20,17,10,9,17,19",0.5333333333333333,0.5,0.5,0.0,0.0,0.0,0.5,0.38451433181762695
"23,1,16,9,16,12,8,3,4,15,12,13,19,13,9",0.5333333333333333,0.5,0.5,0.0,0.0,0.0,0.5,0.3561728000640869
"22,14,20,9,21,9,7,2,8,1,9,2,9,18,5",0.5333333333333333,0.5,0.5,0.0,0.0,0.0,0.5,0.2777290344238281
"4,21,0,8,10,0,9,15,21,14,8,17,19,9,19",0.4666666666666667,0.5,0.5,0.4666666666666667,1.0,0.6363636363636364,0.5,0.3478677272796631
"7,5,7,23,17,9,23,13,7,16,13,10,13,4,5",0.5333333333333333,0.5,0.5,0.0,0.0,0.0,0.5,0.23323869705200195
"0,6,2,10,7,1,15,7,4,22,12,3,14,8,17",0.4666666666666667,0.5,0.5,0.4666666666666667,1.0,0.6363636363636364,0.5,0.19914746284484863
"3,6,20,12,5,13,20,3,8,4,8,11,3,21,7",0.4666666666666667,0.5,0.5,0.4666666666666667,1.0,0.6363636363636364,0.5,0.23587775230407715
"7,4,2,0,17,5,23,17,13,4,6,17,8,11,22",0.4666666666666667,0.5,0.5,0.4666666666666667,1.0,0.6363636363636364,0.5,0.5186684131622314
"19,12,11,3,9,23,16,5,22,8,5,13,4,2,17",0.5333333333333333,0.5,0.5,0.0,0.0,0.0,0.5,0.30510830879211426
"20,3,8,0,14,9,8,19,0,7,16,18,0,19,2",0.4666666666666667,0.5,0.5,0.4666666666666667,1.0,0.6363636363636364,0.5,0.5292866230010986
"6,10,22,17,5,2,19,3,7,8,8,7,0,12,2",0.5333333333333333,0.5,0.5,0.0,0.0,0.0,0.5,0.38195252418518066
"2,4,21,12,23,15,0,13,8,16,11,2,6,14,9",0.5333333333333333,0.5,0.5,0.0,0.0,0.0,0.5,0.2732539176940918
"0,18,5,19,15,16,11,23,0,8,15,0,14,0,10",0.4666666666666667,0.5,0.5,0.4666666666666667,1.0,0.6363636363636364,0.5,0.585291862487793
"5,10,8,7,21,10,2,4,8,8,3,4,9,2,15",0.4666666666666667,0.5,0.5,0.4666666666666667,1.0,0.6363636363636364,0.5,0.19934916496276855
"8,22,14,20,9,21,9,7,2,8,1,9,2,9,18",0.4666666666666667,0.5,0.5,0.4666666666666667,1.0,0.6363636363636364,0.5,0.23477411270141602
"5,23,6,17,0,18,5,12,15,0,4,4,13,6,0",0.4666666666666667,0.5,0.5,0.4666666666666667,1.0,0.6363636363636364,0.5,0.40239429473876953
"2,6,22,11,4,17,18,2,17,22,12,8,7,2,17",0.5333333333333333,0.5,0.5,0.0,0.0,0.0,0.5,0.3608675003051758
"20,10,2,14,22,10,21,14,3,10,15,12,3,18,11",0.5333333333333333,0.5,0.5,0.0,0.0,0.0,0.5,0.299788236618042
"1,12,0,13,7,11,8,4,5,10,14,16,2,22,1",0.5333333333333333,0.5,0.5,0.0,0.0,0.0,0.5,0.22496461868286133
"7,8,7,3,3,17,22,17,18,14,13,10,7,17,23",0.4666666666666667,0.5,0.5,0.4666666666666667,1.0,0.6363636363636364,0.5,0.3747138977050781
"0,19,4,16,11,9,11,23,0,8,4,0,14,0,10",0.4666666666666667,0.5,0.5,0.4666666666666667,1.0,0.6363636363636364,0.5,0.33092355728149414
"1,6,23,13,4,12,18,19,8,16,12,1,9,8,21",0.4666666666666667,0.5,0.5,0.4666666666666667,1.0,0.6363636363636364,0.5,0.5082674026489258
"1,15,22,8,0,3,16,14,1,7,3,21,0,4,2",0.4666666666666667,0.5,0.5,0.4666666666666667,1.0,0.6363636363636364,0.5,0.23417401313781738
"11,17,9,23,1,10,22,4,11,4,3,6,0,11,1",0.4666666666666667,0.5,0.5,0.4666666666666667,1.0,0.6363636363636364,0.5,0.19748139381408691
"20,14,17,19,11,6,3,22,6,17,10,13,19,6,19",0.5333333333333333,0.5,0.5,0.0,0.0,0.0,0.5,1.0578725337982178
"20,17,5,19,2,15,13,13,21,7,13,0,17,22,1",0.5333333333333333,0.5,0.5,0.0,0.0,0.0,0.5,0.4645509719848633
"16,11,13,9,8,13,21,14,12,19,6,1,1,13,1",0.5333333333333333,0.5,0.5,0.0,0.0,0.0,0.5,0.2850978374481201
"15,7,4,22,12,3,14,8,17,6,1,10,12,2,13",0.4666666666666667,0.5,0.5,0.4666666666666667,1.0,0.6363636363636364,0.5,0.2744150161743164
"16,8,14,8,21,0,12,3,14,16,4,13,11,16,5",0.5333333333333333,0.5,0.5,0.0,0.0,0.0,0.5,0.2657630443572998
"2,22,16,3,22,2,7,8,18,14,14,15,1,1,20",0.5333333333333333,0.5,0.5,0.0,0.0,0.0,0.5,0.2611212730407715
"0,7,5,7,23,17,9,23,13,7,16,13,10,13,4",0.5333333333333333,0.5,0.5,0.0,0.0,0.0,0.5,0.23727893829345703
"6,9,0,21,7,3,9,20,15,4,10,23,5,13,4",0.4666666666666667,0.5,0.5,0.4666666666666667,1.0,0.6363636363636364,0.5,0.20138955116271973
"5,18,14,8,13,2,2,21,11,15,7,2,4,15,21",0.4666666666666667,0.5,0.5,0.4666666666666667,1.0,0.6363636363636364,0.5,0.2664670944213867
"0,1,16,11,3,14,20,13,11,3,3,6,11,0,14",0.4666666666666667,0.5,0.5,0.4666666666666667,1.0,0.6363636363636364,0.5,0.2682466506958008
"22,6,17,10,13,19,6,19,17,13,18,12,4,9,7",0.5333333333333333,0.5,0.5,0.0,0.0,0.0,0.5,1.0541646480560303
"3,4,15,12,13,19,13,9,15,23,2,16,9,15,15",0.5333333333333333,0.5,0.5,0.0,0.0,0.0,0.5,0.30983448028564453
"16,6,3,7,14,23,10,21,14,8,6,23,9,17,19",0.5333333333333333,0.5,0.5,0.0,0.0,0.0,0.5,0.4049856662750244
"12,16,8,14,4,8,6,17,6,13,22,12,0,19,19",0.5333333333333333,0.5,0.5,0.0,0.0,0.0,0.5,0.8342540264129639
"9,6,16,19,13,16,3,11,4,16,23,5,17,16,11",0.5333333333333333,0.5,0.5,0.0,0.0,0.0,0.5,0.42122888565063477
"19,14,23,10,14,15,0,9,19,3,11,23,6,9,4",0.5333333333333333,0.5,0.5,0.0,0.0,0.0,0.5,0.32340288162231445
"23,10,21,9,12,0,11,18,15,5,23,11,16,0,14",0.5333333333333333,0.5,0.5,0.0,0.0,0.0,0.5,0.269092321395874
"17,20,7,6,8,14,23,10,14,0,21,4,4,3,10",0.4666666666666667,0.5,0.5,0.4666666666666667,1.0,0.6363636363636364,0.5,0.2553527355194092
"7,4,0,3,21,4,8,15,13,17,18,8,5,14,5",0.4666666666666667,0.5,0.5,0.4666666666666667,1.0,0.6363636363636364,0.5,0.2624189853668213
"15,10,6,9,22,0,11,7,5,9,7,21,1,14,11",0.4666666666666667,0.5,0.5,0.4666666666666667,1.0,0.6363636363636364,0.5,0.2881355285644531
"7,6,15,8,12,4,12,22,14,0,21,10,14,11,2",0.5333333333333333,0.5,0.5,0.0,0.0,0.0,0.5,0.26557159423828125
"1,15,7,4,22,12,3,14,8,17,6,1,10,12,2",0.4666666666666667,0.5,0.5,0.4666666666666667,1.0,0.6363636363636364,0.5,0.2706637382507324
"23,7,3,18,0,6,2,10,7,1,15,7,4,22,12",0.4666666666666667,0.5,0.5,0.4666666666666667,1.0,0.6363636363636364,0.5,0.21020913124084473
"7,8,5,16,1,16,0,20,3,6,3,15,14,16,8",0.5333333333333333,0.5,0.5,0.0,0.0,0.0,0.5,0.24924230575561523
"5,2,12,9,12,6,9,11,22,5,15,14,8,8,15",0.5333333333333333,0.5,0.5,0.0,0.0,0.0,0.5,0.22154927253723145
"4,16,10,12,3,9,16,23,4,16,2,1,12,16,0",0.5333333333333333,0.5,0.5,0.0,0.0,0.0,0.5,0.28458499908447266
"4,18,11,9,15,23,0,8,22,0,14,7,21,9,22",0.5333333333333333,0.5,0.5,0.0,0.0,0.0,0.5,0.29131507873535156
"2,9,18,5,18,14,8,13,2,2,21,11,15,7,2",0.5333333333333333,0.5,0.5,0.0,0.0,0.0,0.5,0.39566874504089355
"20,14,15,22,0,5,9,14,16,14,2,4,16,10,6",0.4666666666666667,0.5,0.5,0.4666666666666667,1.0,0.6363636363636364,0.5,0.2693154811859131
"14,8,21,0,12,3,14,16,4,13,11,16,5,3,11",0.4666666666666667,0.5,0.5,0.4666666666666667,1.0,0.6363636363636364,0.5,0.2480020523071289
"14,8,13,2,2,21,11,15,7,2,4,15,21,9,11",0.4666666666666667,0.5,0.5,0.4666666666666667,1.0,0.6363636363636364,0.5,0.25335121154785156
"13,15,8,7,20,9,13,7,8,0,16,11,10,13,20",0.4666666666666667,0.5,0.5,0.4666666666666667,1.0,0.6363636363636364,0.5,0.27429771423339844
"2,5,16,12,6,5,0,0,17,18,11,19,10,12,23",0.4666666666666667,0.5,0.5,0.4666666666666667,1.0,0.6363636363636364,0.5,0.2828705310821533
"6,15,8,12,4,12,22,14,0,21,10,14,11,2,1",0.4666666666666667,0.5,0.5,0.4666666666666667,1.0,0.6363636363636364,0.5,0.27002382278442383
"20,5,16,23,14,6,10,3,23,3,13,3,12,14,14",0.4666666666666667,0.5,0.5,0.4666666666666667,1.0,0.6363636363636364,0.5,0.269359827041626
"13,15,3,11,16,7,23,5,17,18,11,9,4,0,10",0.4666666666666667,0.5,0.5,0.4666666666666667,1.0,0.6363636363636364,0.5,0.29802918434143066
"5,7,8,7,3,3,17,22,17,18,14,13,10,7,17",0.5333333333333333,0.5,0.5,0.0,0.0,0.0,0.5,0.367185115814209
"9,8,8,2,8,11,10,0,5,0,21,4,0,13,4",0.4666666666666667,0.5,0.5,0.4666666666666667,1.0,0.6363636363636364,0.5,0.1887059211730957
"8,14,8,21,0,12,3,14,16,4,13,11,16,5,3",0.5333333333333333,0.5,0.5,0.0,0.0,0.0,0.5,0.25473546981811523
"19,18,17,23,15,10,16,8,13,20,17,8,13,4,14",0.5333333333333333,0.5,0.5,0.0,0.0,0.0,0.5,0.7751905918121338
"22,17,18,14,13,10,7,17,23,5,16,1,14,2,16",0.5333333333333333,0.5,0.5,0.0,0.0,0.0,0.5,0.49883008003234863
"3,15,1,15,18,12,18,7,7,11,8,19,6,14,0",0.5333333333333333,0.5,0.5,0.0,0.0,0.0,0.5,0.30161190032958984
"6,23,10,2,1,15,10,4,0,17,7,20,14,15,13",0.5333333333333333,0.5,0.5,0.0,0.0,0.0,0.5,0.22989892959594727
"22,12,3,14,8,17,6,1,10,12,2,13,14,13,13",0.4666666666666667,0.5,0.5,0.4666666666666667,1.0,0.6363636363636364,0.5,0.24653863906860352
"21,0,8,10,0,9,15,21,14,8,17,19,9,19,7",0.5333333333333333,0.5,0.5,0.0,0.0,0.0,0.5,0.3708949089050293
"18,16,15,1,2,19,9,6,3,12,9,12,12,7,5",0.5333333333333333,0.5,0.5,0.0,0.0,0.0,0.5,0.3416149616241455
"8,2,5,6,9,5,20,16,2,17,11,20,17,16,3",0.4666666666666667,0.5,0.5,0.4666666666666667,1.0,0.6363636363636364,0.5,0.26842808723449707
"19,7,9,10,3,3,9,0,0,5,19,2,15,15,18",0.5333333333333333,0.5,0.5,0.0,0.0,0.0,0.5,0.35138416290283203
"3,10,14,0,7,3,23,15,5,16,11,23,6,11,2",0.5333333333333333,0.5,0.5,0.0,0.0,0.0,0.5,0.29918885231018066
"17,6,13,22,12,0,19,19,13,11,6,12,8,23,2",0.5333333333333333,0.5,0.5,0.0,0.0,0.0,0.5,0.8813965320587158
"3,6,2,14,12,15,19,16,13,6,4,2,16,4,12",0.5333333333333333,0.5,0.5,0.0,0.0,0.0,0.5,0.2924313545227051
"1,19,18,17,11,17,9,23,1,10,22,4,11,4,3",0.4666666666666667,0.5,0.5,0.4666666666666667,1.0,0.6363636363636364,0.5,0.6845941543579102
"4,0,14,3,0,4,11,16,5,18,6,1,16,8,14",0.5333333333333333,0.5,0.5,0.0,0.0,0.0,0.5,0.2829434871673584
"9,18,16,19,13,15,3,11,16,4,23,8,17,18,11",0.4666666666666667,0.5,0.5,0.4666666666666667,1.0,0.6363636363636364,0.5,0.3995795249938965
"2,1,2,19,18,17,12,7,5,9,6,16,12,5,16",0.4666666666666667,0.5,0.5,0.4666666666666667,1.0,0.6363636363636364,0.5,0.6671392917633057
"23,6,11,2,4,14,16,22,7,3,8,11,23,2,9",0.4666666666666667,0.5,0.5,0.4666666666666667,1.0,0.6363636363636364,0.5,0.285919189453125
"20,1,17,7,8,8,9,14,12,16,2,23,16,9,6",0.4666666666666667,0.5,0.5,0.4666666666666667,1.0,0.6363636363636364,0.5,0.3351719379425049
"5,16,11,6,3,2,16,12,20,11,10,21,3,16,2",0.5333333333333333,0.5,0.5,0.0,0.0,0.0,0.5,0.24038076400756836
"11,1,23,3,3,13,9,16,15,14,21,15,7,18,1",0.4666666666666667,0.5,0.5,0.4666666666666667,1.0,0.6363636363636364,0.5,0.2844982147216797
"17,19,11,6,3,22,6,17,10,13,19,6,19,17,13",0.4666666666666667,0.5,0.5,0.4666666666666667,1.0,0.6363636363636364,0.5,1.189746379852295
"21,16,15,4,5,6,6,9,3,6,14,12,14,2,9",0.4666666666666667,0.5,0.5,0.4666666666666667,1.0,0.6363636363636364,0.5,0.2653474807739258
"6,14,19,10,20,3,17,13,1,6,23,13,4,12,18",0.4666666666666667,0.5,0.5,0.4666666666666667,1.0,0.6363636363636364,0.5,0.25976061820983887
"2,10,8,22,16,9,0,23,15,6,5,9,3,10,17",0.4666666666666667,0.5,0.5,0.4666666666666667,1.0,0.6363636363636364,0.5,0.22225046157836914
"7,5,15,12,6,22,11,18,11,10,23,12,18,13,16",0.5333333333333333,0.5,0.5,0.0,0.0,0.0,0.5,0.30361223220825195
"17,11,17,9,23,1,10,22,4,11,4,3,6,0,11",0.4666666666666667,0.5,0.5,0.4666666666666667,1.0,0.6363636363636364,0.5,0.22651100158691406
"8,7,0,7,0,0,10,14,17,0,15,5,10,14,10",0.4666666666666667,0.5,0.5,0.4666666666666667,1.0,0.6363636363636364,0.5,0.27286839485168457
"20,2,8,19,13,2,18,14,6,6,22,7,8,6,3",0.5333333333333333,0.5,0.5,0.0,0.0,0.0,0.5,0.2408592700958252
"5,4,4,18,3,0,15,20,8,9,8,20,9,4,4",0.5333333333333333,0.5,0.5,0.0,0.0,0.0,0.5,0.2670767307281494
"23,0,15,18,14,13,12,18,1,17,13,5,5,11,9",0.4666666666666667,0.5,0.5,0.4666666666666667,1.0,0.6363636363636364,0.5,0.4143059253692627
"0,8,20,15,16,13,11,19,11,7,8,4,11,2,12",0.4666666666666667,0.5,0.5,0.4666666666666667,1.0,0.6363636363636364,0.5,0.2616870403289795
"14,11,13,0,13,18,5,6,9,9,13,12,17,15,5",0.4666666666666667,0.5,0.5,0.4666666666666667,1.0,0.6363636363636364,0.5,0.29144763946533203
"2,2,19,11,4,6,1,1,7,4,0,3,21,4,8",0.4666666666666667,0.5,0.5,0.4666666666666667,1.0,0.6363636363636364,0.5,0.2711496353149414
"8,10,0,9,15,21,14,8,17,19,9,19,7,3,23",0.4666666666666667,0.5,0.5,0.4666666666666667,1.0,0.6363636363636364,0.5,0.37604212760925293
"7,11,20,7,9,0,11,12,2,9,14,18,16,12,17",0.5333333333333333,0.5,0.5,0.0,0.0,0.0,0.5,0.31813645362854004
"1,18,8,16,1,18,16,5,23,3,16,7,4,0,14",0.5333333333333333,0.5,0.5,0.0,0.0,0.0,0.5,0.38010144233703613
"0,1,21,0,8,20,15,16,13,11,19,11,7,8,4",0.5333333333333333,0.5,0.5,0.0,0.0,0.0,0.5,0.2886011600494385
"12,12,7,14,22,9,7,3,12,13,5,13,13,14,4",0.5333333333333333,0.5,0.5,0.0,0.0,0.0,0.5,0.2889881134033203
"11,18,2,19,15,16,0,10,19,4,10,8,13,5,14",0.4666666666666667,0.5,0.5,0.4666666666666667,1.0,0.6363636363636364,0.5,0.6473424434661865
"1,20,10,2,14,22,10,21,14,3,10,15,12,3,18",0.4666666666666667,0.5,0.5,0.4666666666666667,1.0,0.6363636363636364,0.5,0.28247833251953125
"5,19,2,15,13,13,21,7,13,0,17,22,1,8,12",0.4666666666666667,0.5,0.5,0.4666666666666667,1.0,0.6363636363636364,0.5,0.34851884841918945
"1,1,7,4,0,3,21,4,8,15,13,17,18,8,5",0.4666666666666667,0.5,0.5,0.4666666666666667,1.0,0.6363636363636364,0.5,0.30348944664001465
"22,12,15,0,16,2,0,0,17,13,2,10,4,7,12",0.4666666666666667,0.5,0.5,0.4666666666666667,1.0,0.6363636363636364,0.5,0.25380706787109375
"9,14,6,9,3,4,0,19,4,0,11,0,11,23,0",0.5333333333333333,0.5,0.5,0.0,0.0,0.0,0.5,0.19748544692993164
"14,22,9,7,3,12,13,5,13,13,14,4,19,3,14",0.5333333333333333,0.5,0.5,0.0,0.0,0.0,0.5,0.27007031440734863
"0,19,4,9,11,9,3,23,0,7,22,0,14,0,11",0.5333333333333333,0.5,0.5,0.0,0.0,0.0,0.5,0.27608585357666016
"20,0,14,14,13,18,10,7,7,10,21,1,11,10,10",0.4666666666666667,0.5,0.5,0.4666666666666667,1.0,0.6363636363636364,0.5,0.29143333435058594
"6,19,17,13,18,12,4,9,7,15,22,17,12,11,10",0.5333333333333333,0.5,0.5,0.0,0.0,0.0,0.5,0.477982759475708
"9,6,16,9,13,15,3,11,16,10,23,5,17,18,11",0.4666666666666667,0.5,0.5,0.4666666666666667,1.0,0.6363636363636364,0.5,0.2970590591430664
"2,16,9,15,15,19,12,7,9,11,18,16,9,3,16",0.5333333333333333,0.5,0.5,0.0,0.0,0.0,0.5,0.3177530765533447
"14,7,4,21,4,0,12,1,15,14,10,7,20,14,8",0.5333333333333333,0.5,0.5,0.0,0.0,0.0,0.5,0.27506184577941895
"4,0,13,22,4,17,4,18,9,0,0,19,5,2,9",0.4666666666666667,0.5,0.5,0.4666666666666667,1.0,0.6363636363636364,0.5,0.2651209831237793
"17,2,15,1,3,10,0,7,6,15,8,12,4,12,22",0.4666666666666667,0.5,0.5,0.4666666666666667,1.0,0.6363636363636364,0.5,0.27172064781188965
"8,4,15,9,7,20,14,0,16,7,8,16,22,17,2",0.5333333333333333,0.5,0.5,0.0,0.0,0.0,0.5,0.2948169708251953
"23,17,22,1,9,14,12,9,2,9,15,14,11,9,17",0.4666666666666667,0.5,0.5,0.4666666666666667,1.0,0.6363636363636364,0.5,0.4187886714935303
"10,3,23,3,13,3,12,14,14,2,22,13,6,14,19",0.5333333333333333,0.5,0.5,0.0,0.0,0.0,0.5,0.2556190490722656
"2,2,15,12,19,19,10,5,20,16,11,13,9,8,13",0.4666666666666667,0.5,0.5,0.4666666666666667,1.0,0.6363636363636364,0.5,0.8469600677490234
"4,20,14,17,21,9,23,14,6,11,16,13,15,13,23",0.5333333333333333,0.5,0.5,0.0,0.0,0.0,0.5,0.32054853439331055
"4,18,11,9,11,23,0,8,19,0,14,0,10,9,22",0.5333333333333333,0.5,0.5,0.0,0.0,0.0,0.5,0.3379521369934082
"4,2,1,2,19,18,17,12,7,5,9,6,16,12,5",0.4666666666666667,0.5,0.5,0.4666666666666667,1.0,0.6363636363636364,0.5,0.6776511669158936
"14,8,1,17,7,8,8,12,10,0,0,2,1,9,13",0.4666666666666667,0.5,0.5,0.4666666666666667,1.0,0.6363636363636364,0.5,0.3048725128173828
"6,22,10,13,20,7,10,3,18,14,3,15,5,21,17",0.5333333333333333,0.5,0.5,0.0,0.0,0.0,0.5,0.2944624423980713
"2,19,9,6,3,12,9,12,12,7,5,18,17,5,4",0.5333333333333333,0.5,0.5,0.0,0.0,0.0,0.5,0.3634192943572998
"23,13,4,12,18,19,8,16,12,1,9,8,21,2,11",0.4666666666666667,0.5,0.5,0.4666666666666667,1.0,0.6363636363636364,0.5,0.5213136672973633
"16,5,18,6,1,16,8,14,8,21,0,12,3,14,16",0.5333333333333333,0.4,0.4984375,0.5,0.5,0.5,0.53125,0.30722808837890625
"3,1,22,2,11,16,4,11,18,9,9,5,8,20,7",0.5333333333333333,0.4,0.4984375,0.5,0.5,0.5,0.53125,0.21572613716125488
"15,4,1,9,3,6,18,13,3,12,8,1,12,14,0",0.5,0.4,0.4984375,0.4827586206896552,1.0,0.6511627906976745,0.53125,0.25667715072631836
"4,19,0,16,15,16,2,8,22,8,17,0,21,5,14",0.4666666666666667,0.6,0.4982142857142857,0.42857142857142855,0.42857142857142855,0.42857142857142855,0.4642857142857143,0.40638089179992676
"5,17,3,13,19,2,2,9,14,4,12,20,17,5,18",0.4666666666666667,0.6,0.4982142857142857,0.42857142857142855,0.42857142857142855,0.42857142857142855,0.4642857142857143,0.31488513946533203
"5,10,5,12,17,0,6,5,3,22,16,5,5,0,14",0.43333333333333335,0.6,0.4982142857142857,0.4482758620689655,0.9285714285714286,0.6046511627906976,0.4642857142857143,0.21297216415405273
"12,13,5,13,13,14,4,19,3,14,16,11,8,3,16",0.5,0.5,0.4966517857142857,0.46153846153846156,0.42857142857142855,0.4444444444444444,0.4955357142857143,0.2719695568084717
"2,17,19,12,11,8,20,10,20,5,6,4,16,1,4",0.4666666666666667,0.5,0.4966517857142857,0.4642857142857143,0.9285714285714286,0.6190476190476191,0.4955357142857143,0.3582613468170166
"5,16,1,16,0,20,3,6,3,15,14,16,8,7,1",0.4666666666666667,0.5,0.4966517857142857,0.4642857142857143,0.9285714285714286,0.6190476190476191,0.4955357142857143,0.2665231227874756
"4,4,12,0,12,15,19,1,1,14,12,14,8,1,17",0.4666666666666667,0.5,0.4966517857142857,0.4642857142857143,0.9285714285714286,0.6190476190476191,0.4955357142857143,0.27091050148010254
"5,4,6,17,11,4,4,9,3,5,17,9,14,6,2",0.4666666666666667,0.5,0.4966517857142857,0.4642857142857143,0.9285714285714286,0.6190476190476191,0.4955357142857143,0.1935739517211914
"17,4,10,1,0,2,16,16,16,15,5,4,6,17,11",0.5,0.5,0.4966517857142857,0.46153846153846156,0.42857142857142855,0.4444444444444444,0.4955357142857143,0.23037958145141602
"5,15,2,16,9,15,2,2,10,0,19,2,4,4,19",0.4666666666666667,0.5,0.4966517857142857,0.4642857142857143,0.9285714285714286,0.6190476190476191,0.4955357142857143,0.9509377479553223
"11,23,6,11,2,4,14,16,22,7,3,8,11,23,2",0.4666666666666667,0.5,0.4966517857142857,0.4642857142857143,0.9285714285714286,0.6190476190476191,0.4955357142857143,0.2563657760620117
"19,4,7,5,10,2,23,9,18,1,5,4,0,2,15",0.5,0.5,0.4966517857142857,0.46153846153846156,0.42857142857142855,0.4444444444444444,0.4955357142857143,0.3180086612701416
"1,19,17,12,3,15,8,17,6,12,15,13,3,11,12",0.5,0.4,0.4950892857142857,0.48148148148148145,0.9285714285714286,0.6341463414634146,0.5267857142857143,0.47069334983825684
"9,11,14,18,9,15,22,7,13,15,13,9,2,2,0",0.5333333333333333,0.4,0.4950892857142857,0.5,0.42857142857142855,0.46153846153846156,0.5267857142857143,0.274935245513916
"16,16,17,22,17,1,18,14,7,2,12,10,2,2,19",0.5333333333333333,0.4,0.4950892857142857,0.5,0.42857142857142855,0.46153846153846156,0.5267857142857143,0.46045732498168945
"14,10,0,15,7,17,18,0,17,2,15,1,3,10,0",0.5,0.4,0.4950892857142857,0.48148148148148145,0.9285714285714286,0.6341463414634146,0.5267857142857143,0.36768245697021484
"14,12,16,2,23,16,9,6,22,10,7,14,3,9,21",0.4666666666666667,0.6,0.4948660714285715,0.4166666666666667,0.35714285714285715,0.38461538461538464,0.4598214285714286,0.3099846839904785
"16,2,22,1,3,0,4,10,13,20,15,10,3,14,21",0.43333333333333335,0.6,0.4948660714285714,0.4444444444444444,0.8571428571428571,0.5853658536585366,0.45982142857142855,0.2817966938018799
"11,12,6,17,16,22,9,15,20,5,4,4,8,0,18",0.43333333333333335,0.6,0.4948660714285714,0.4444444444444444,0.8571428571428571,0.5853658536585366,0.45982142857142855,0.25764989852905273
"0,11,12,2,9,14,18,16,12,17,6,19,5,15,0",0.5,0.5,0.49330357142857145,0.45454545454545453,0.35714285714285715,0.4,0.4910714285714286,0.41212940216064453
"17,0,0,5,9,16,5,14,15,13,7,23,12,12,17",0.5,0.5,0.49330357142857145,0.45454545454545453,0.35714285714285715,0.4,0.4910714285714286,0.2595977783203125
"4,16,3,9,19,19,17,13,3,7,3,2,5,23,1",0.5,0.5,0.49330357142857145,0.45454545454545453,0.35714285714285715,0.4,0.4910714285714286,1.175602912902832
"12,8,13,17,14,17,11,1,10,2,2,15,12,19,19",0.5,0.5,0.49330357142857145,0.45454545454545453,0.35714285714285715,0.4,0.4910714285714286,0.846977949142456
"11,18,5,12,15,16,1,10,16,16,15,5,13,5,14",0.4666666666666667,0.5,0.4933035714285714,0.46153846153846156,0.8571428571428571,0.6,0.49107142857142855,0.25368547439575195
"0,8,10,0,9,15,21,14,8,17,19,9,19,7,3",0.4666666666666667,0.5,0.4933035714285714,0.46153846153846156,0.8571428571428571,0.6,0.49107142857142855,0.37712717056274414
"12,4,9,16,23,4,16,2,5,19,16,16,1,3,8",0.4666666666666667,0.5,0.4933035714285714,0.46153846153846156,0.8571428571428571,0.6,0.49107142857142855,0.4778881072998047
"18,15,10,3,0,20,5,4,0,13,22,4,17,4,18",0.4666666666666667,0.5,0.4933035714285714,0.46153846153846156,0.8571428571428571,0.6,0.49107142857142855,0.2882230281829834
"4,11,16,5,18,6,1,16,8,14,8,21,0,12,3",0.4666666666666667,0.5,0.4933035714285714,0.46153846153846156,0.8571428571428571,0.6,0.49107142857142855,0.267650842666626
"4,18,6,19,15,16,0,11,16,22,11,11,14,18,9",0.4666666666666667,0.5,0.4933035714285714,0.46153846153846156,0.8571428571428571,0.6,0.49107142857142855,0.6107394695281982
"11,3,19,18,14,14,13,15,8,7,20,9,13,7,8",0.36666666666666664,0.9,0.4928571428571429,0.2727272727272727,0.21428571428571427,0.24,0.35714285714285715,0.5477755069732666
"11,18,1,9,15,16,1,10,19,4,8,8,12,5,0",0.5333333333333333,0.4,0.4917410714285715,0.5,0.35714285714285715,0.4166666666666667,0.5223214285714286,0.23354315757751465
"23,1,10,10,12,3,0,22,14,5,2,20,16,14,17",0.5,0.4,0.4917410714285715,0.48,0.8571428571428571,0.6153846153846154,0.5223214285714286,0.26113414764404297
"15,4,15,12,15,1,1,14,2,16,13,9,3,0,2",0.5,0.4,0.4917410714285715,0.48,0.8571428571428571,0.6153846153846154,0.5223214285714286,0.23701047897338867
"7,4,22,12,3,14,8,17,6,1,10,12,2,13,14",0.5,0.4,0.4917410714285715,0.48,0.8571428571428571,0.6153846153846154,0.5223214285714286,0.21099305152893066
"12,9,12,12,7,5,18,17,5,4,3,8,18,2,19",0.4666666666666667,0.6,0.4915178571428572,0.4,0.2857142857142857,0.3333333333333333,0.45535714285714285,0.6144545078277588
"9,3,5,17,9,14,6,2,3,4,0,19,4,16,11",0.4666666666666667,0.6,0.4915178571428572,0.4,0.2857142857142857,0.3333333333333333,0.45535714285714285,0.2596933841705322
"14,5,4,4,18,3,0,15,20,8,9,8,20,9,4",0.43333333333333335,0.6,0.4915178571428571,0.44,0.7857142857142857,0.5641025641025641,0.45535714285714285,0.24378657341003418
"5,8,14,0,8,17,6,9,4,3,1,4,23,0,11",0.43333333333333335,0.6,0.4915178571428571,0.44,0.7857142857142857,0.5641025641025641,0.45535714285714285,0.1735520362854004
"21,12,14,7,4,2,0,17,5,23,17,13,4,6,17",0.43333333333333335,0.6,0.4915178571428571,0.44,0.7857142857142857,0.5641025641025641,0.45535714285714285,0.5156073570251465
"19,4,17,10,10,7,17,9,10,5,20,0,14,14,5",0.4666666666666667,0.6,0.4915178571428571,0.4,0.2857142857142857,0.3333333333333333,0.45535714285714285,0.4333834648132324
"13,6,14,19,10,20,3,17,13,1,6,23,13,4,12",0.4666666666666667,0.6,0.4915178571428571,0.4,0.2857142857142857,0.3333333333333333,0.45535714285714285,0.25087690353393555
"16,5,3,11,11,16,22,9,11,14,18,9,15,22,7",0.4,0.8,0.49129464285714286,0.3,0.21428571428571427,0.25,0.38839285714285715,0.2928581237792969
"6,3,12,9,12,12,7,5,18,17,5,4,3,8,18",0.4666666666666667,0.5,0.48995535714285715,0.4583333333333333,0.7857142857142857,0.5789473684210527,0.48660714285714285,0.29320359230041504
"9,12,0,11,18,15,5,23,11,16,0,14,14,17,15",0.4666666666666667,0.5,0.48995535714285715,0.4583333333333333,0.7857142857142857,0.5789473684210527,0.48660714285714285,0.28644561767578125
"15,2,2,10,0,19,2,4,4,19,6,18,14,22,12",0.5,0.5,0.48995535714285715,0.4444444444444444,0.2857142857142857,0.34782608695652173,0.48660714285714285,1.3046934604644775
"15,12,3,18,11,4,15,3,1,12,19,19,12,14,1",0.5,0.5,0.48995535714285715,0.4444444444444444,0.2857142857142857,0.34782608695652173,0.48660714285714285,0.8546621799468994
"12,17,21,12,14,20,3,10,14,0,7,3,23,15,5",0.4,0.7,0.48973214285714284,0.4166666666666667,0.7142857142857143,0.5263157894736842,0.41964285714285715,0.26909708976745605
"0,4,19,10,10,17,17,1,23,17,6,3,2,13,13",0.5,0.4,0.4883928571428571,0.4782608695652174,0.7857142857142857,0.5945945945945946,0.5178571428571428,0.7087087631225586
"12,15,2,22,8,18,14,19,15,1,1,20,14,2,7",0.5333333333333333,0.4,0.4883928571428571,0.5,0.2857142857142857,0.36363636363636365,0.5178571428571428,0.2989342212677002
"11,18,1,19,15,16,18,10,19,4,8,8,13,5,14",0.4666666666666667,0.6,0.48816964285714287,0.375,0.21428571428571427,0.2727272727272727,0.45089285714285715,0.6772873401641846
"0,18,5,12,15,0,4,4,13,6,0,2,20,11,5",0.4666666666666667,0.6,0.4881696428571428,0.375,0.21428571428571427,0.2727272727272727,0.45089285714285715,0.21477627754211426
"5,10,19,13,17,23,13,10,16,8,13,20,17,14,9",0.5,0.5,0.48660714285714285,0.42857142857142855,0.21428571428571427,0.2857142857142857,0.48214285714285715,0.2972874641418457
"4,18,11,19,5,3,11,23,16,22,9,11,14,18,16",0.5,0.5,0.48660714285714285,0.42857142857142855,0.21428571428571427,0.2857142857142857,0.48214285714285715,0.3438715934753418
"6,0,11,1,23,3,3,13,9,16,15,14,21,15,7",0.4666666666666667,0.5,0.48660714285714285,0.45454545454545453,0.7142857142857143,0.5555555555555556,0.48214285714285715,0.2529633045196533
"14,19,19,6,11,1,13,1,18,4,16,0,14,16,10",0.5,0.5,0.48660714285714285,0.42857142857142855,0.21428571428571427,0.2857142857142857,0.48214285714285715,0.9472732543945312
"5,9,7,21,1,14,11,22,15,13,16,11,6,18,12",0.4,0.7,0.4863839285714286,0.4090909090909091,0.6428571428571429,0.5,0.41517857142857145,0.2792174816131592
"23,2,16,9,15,15,19,12,7,9,11,18,16,9,3",0.5333333333333333,0.4,0.48504464285714277,0.5,0.21428571428571427,0.3,0.5133928571428571,0.4068586826324463
"13,10,23,11,2,2,19,12,15,5,8,4,2,22,4",0.5333333333333333,0.4,0.48504464285714277,0.5,0.21428571428571427,0.3,0.5133928571428571,0.24630117416381836
"0,11,7,5,9,7,21,1,14,11,22,15,13,16,11",0.5333333333333333,0.4,0.48504464285714277,0.5,0.21428571428571427,0.3,0.5133928571428571,0.24151015281677246
"14,15,1,1,20,14,2,5,5,18,16,19,6,17,19",0.43333333333333335,0.6,0.4848214285714286,0.42857142857142855,0.6428571428571429,0.5142857142857142,0.44642857142857145,0.6053845882415771
"11,3,9,23,16,5,22,8,5,13,4,2,17,18,19",0.43333333333333335,0.6,0.4848214285714286,0.42857142857142855,0.6428571428571429,0.5142857142857142,0.44642857142857145,0.5602610111236572
"11,4,17,14,5,4,4,18,3,0,15,20,8,9,8",0.43333333333333335,0.6,0.4848214285714286,0.42857142857142855,0.6428571428571429,0.5142857142857142,0.44642857142857145,0.23726201057434082
"18,0,7,5,5,15,2,16,9,15,2,2,10,0,19",0.4666666666666667,0.6,0.48482142857142857,0.3333333333333333,0.14285714285714285,0.2,0.4464285714285714,0.2575981616973877
"8,16,11,9,11,23,0,13,22,0,14,0,10,9,0",0.4666666666666667,0.6,0.4848214285714285,0.3333333333333333,0.14285714285714285,0.2,0.4464285714285714,0.2115025520324707
"12,0,11,18,15,5,23,11,16,0,14,14,17,15,19",0.5333333333333333,0.3,0.4834821428571429,0.5,0.7142857142857143,0.5882352941176471,0.5446428571428572,0.2850346565246582
"3,12,9,12,12,7,5,18,17,5,4,3,8,18,2",0.5333333333333333,0.3,0.4834821428571429,0.5,0.7142857142857143,0.5882352941176471,0.5446428571428572,0.25991034507751465
"17,0,3,9,1,5,15,2,22,15,2,2,19,12,22",0.4666666666666667,0.5,0.4832589285714286,0.45,0.6428571428571429,0.5294117647058824,0.47767857142857145,0.2920801639556885
"9,12,8,13,17,14,17,11,1,10,2,2,15,12,19",0.4666666666666667,0.5,0.4832589285714286,0.45,0.6428571428571429,0.5294117647058824,0.47767857142857145,0.2895197868347168
"11,18,11,9,15,16,1,10,19,4,14,8,10,5,22",0.4666666666666667,0.5,0.4832589285714286,0.45,0.6428571428571429,0.5294117647058824,0.47767857142857145,0.2799828052520752
"9,11,23,0,8,22,0,14,0,10,9,22,15,14,9",0.5,0.5,0.48325892857142855,0.4,0.14285714285714285,0.21052631578947367,0.4776785714285714,0.22916746139526367
"22,13,6,14,19,10,20,3,17,13,1,6,23,13,4",0.5,0.5,0.48325892857142855,0.4,0.14285714285714285,0.21052631578947367,0.4776785714285714,0.264789342880249
"13,18,12,4,9,7,15,22,17,12,11,10,14,9,15",0.5333333333333333,0.4,0.4816964285714286,0.5,0.14285714285714285,0.2222222222222222,0.5089285714285714,0.2979867458343506
"13,16,21,7,14,16,15,15,3,20,17,5,4,4,15",0.5333333333333333,0.4,0.4816964285714286,0.5,0.14285714285714285,0.2222222222222222,0.5089285714285714,0.2844429016113281
"18,9,15,22,7,13,15,13,9,2,2,0,5,17,2",0.5,0.4,0.4816964285714286,0.47368421052631576,0.6428571428571429,0.5454545454545454,0.5089285714285714,0.2556803226470947
"0,4,8,3,12,4,1,19,8,18,19,3,16,11,23",0.5333333333333333,0.4,0.4816964285714286,0.5,0.14285714285714285,0.2222222222222222,0.5089285714285714,0.5752112865447998
"19,0,10,18,3,19,14,0,23,10,15,8,14,11,18",0.4666666666666667,0.6,0.4814732142857143,0.25,0.07142857142857142,0.1111111111111111,0.4419642857142857,0.6240062713623047
"14,14,13,18,10,7,7,10,21,1,11,10,10,16,16",0.43333333333333335,0.6,0.4814732142857143,0.42105263157894735,0.5714285714285714,0.48484848484848486,0.4419642857142857,0.3103194236755371
"8,8,1,2,3,12,18,13,16,22,8,13,12,14,0",0.4666666666666667,0.6,0.4814732142857143,0.25,0.07142857142857142,0.1111111111111111,0.4419642857142857,0.2510647773742676
"13,1,3,6,12,1,18,7,0,12,0,23,1,8,5",0.4666666666666667,0.6,0.4814732142857143,0.25,0.07142857142857142,0.1111111111111111,0.4419642857142857,0.2376253604888916
"14,16,22,17,4,16,5,10,0,13,23,14,17,8,2",0.4333333333333333,0.6,0.4814732142857143,0.4210526315789473,0.5714285714285714,0.4848484848484848,0.4419642857142857,0.2878310680389404
"11,14,15,10,23,1,10,10,12,3,0,22,14,5,2",0.5333333333333333,0.3,0.48013392857142856,0.5,0.6428571428571429,0.5625,0.5401785714285714,0.2100076675415039
"6,12,1,18,7,16,12,0,10,1,8,5,7,4,7",0.5666666666666667,0.3,0.48013392857142856,0.6666666666666666,0.14285714285714285,0.23529411764705882,0.5401785714285714,0.23246097564697266
"13,22,4,17,4,18,9,0,0,19,5,2,9,4,8",0.5,0.5,0.4799107142857143,0.3333333333333333,0.07142857142857142,0.11764705882352941,0.4732142857142857,0.2634003162384033
"20,1,15,13,4,2,9,14,12,16,2,1,14,9,14",0.5,0.5,0.4799107142857143,0.3333333333333333,0.07142857142857142,0.11764705882352941,0.4732142857142857,0.2783381938934326
"6,1,16,8,14,8,21,0,12,3,14,16,4,13,11",0.5,0.5,0.4799107142857143,0.3333333333333333,0.07142857142857142,0.11764705882352941,0.4732142857142857,0.2832772731781006
"5,15,2,22,15,2,2,19,12,22,1,16,2,8,18",0.5,0.5,0.4799107142857143,0.3333333333333333,0.07142857142857142,0.11764705882352941,0.4732142857142857,0.2906513214111328
"6,5,0,0,17,18,11,19,10,12,23,1,6,3,0",0.5,0.5,0.4799107142857143,0.3333333333333333,0.07142857142857142,0.11764705882352941,0.4732142857142857,0.29682064056396484
"13,18,5,19,15,16,1,23,17,16,15,9,3,13,2",0.5,0.5,0.4799107142857143,0.3333333333333333,0.07142857142857142,0.11764705882352941,0.4732142857142857,0.7235288619995117
"6,3,2,16,12,20,11,10,21,3,16,2,18,3,6",0.5,0.5,0.4799107142857143,0.3333333333333333,0.07142857142857142,0.11764705882352941,0.4732142857142857,0.287306547164917
"11,18,6,19,15,16,0,10,19,4,11,8,13,5,14",0.5,0.5,0.4799107142857143,0.3333333333333333,0.07142857142857142,0.11764705882352941,0.4732142857142857,0.5439677238464355
"9,1,0,7,5,7,23,17,9,23,13,7,16,13,10",0.4666666666666667,0.5,0.4799107142857143,0.4444444444444444,0.5714285714285714,0.5,0.4732142857142857,0.23518872261047363
"16,10,1,6,22,16,14,15,23,9,1,16,0,5,7",0.5,0.5,0.4799107142857143,0.3333333333333333,0.0714285714285714,0.1176470588235294,0.4732142857142857,0.2437448501586914
"10,10,12,3,0,22,14,5,2,20,16,14,17,4,6",0.5,0.5,0.4799107142857143,0.3333333333333333,0.07142857142857142,0.11764705882352941,0.4732142857142857,0.2532339096069336
"9,14,6,13,3,4,9,19,4,16,11,9,11,23,6",0.5,0.5,0.4799107142857143,0.3333333333333333,0.07142857142857142,0.11764705882352941,0.4732142857142857,0.27602624893188477
"4,18,5,19,15,13,11,11,16,22,15,11,14,18,9",0.43333333333333335,0.7,0.4796875,0.0,0.0,0.0,0.40625,0.6212208271026611
"18,3,19,14,0,23,10,15,8,14,11,18,17,22,10",0.4,0.7,0.4796875,0.3888888888888889,0.5,0.4375,0.40625,0.684607982635498
"14,17,15,19,18,14,14,15,10,11,23,9,18,1,3",0.4,0.7,0.4796875,0.3888888888888889,0.5,0.4375,0.40625,0.6755352020263672
"18,19,8,16,12,1,9,8,21,2,11,22,15,20,8",0.5333333333333333,0.4,0.4783482142857143,0.5,0.07142857142857142,0.125,0.5044642857142857,0.5858349800109863
"11,8,4,5,10,14,16,2,22,1,3,0,4,10,13",0.5333333333333333,0.4,0.4783482142857143,0.5,0.07142857142857142,0.125,0.5044642857142857,0.2482602596282959
"5,1,0,21,1,1,0,12,3,20,2,8,19,13,2",0.5333333333333333,0.4,0.4783482142857143,0.5,0.07142857142857142,0.125,0.5044642857142857,0.2159721851348877
"23,0,8,22,0,14,0,10,9,22,15,14,9,1,0",0.5333333333333333,0.4,0.4783482142857143,0.5,0.07142857142857142,0.125,0.5044642857142857,0.20760512351989746
"12,18,19,8,16,12,1,9,8,21,2,11,22,15,20",0.5333333333333333,0.4,0.4783482142857143,0.5,0.07142857142857142,0.125,0.5044642857142857,0.5345191955566406
"7,8,18,14,14,15,1,1,20,14,2,5,5,18,16",0.43333333333333335,0.6,0.478125,0.4117647058823529,0.5,0.45161290322580644,0.4375,0.272747278213501
"3,3,17,22,17,18,14,13,10,7,17,23,5,16,1",0.4666666666666667,0.6,0.478125,0.0,0.0,0.0,0.4375,0.530508279800415
"20,14,15,9,0,12,9,14,19,12,2,1,16,14,6",0.4666666666666667,0.6,0.478125,0.0,0.0,0.0,0.4375,0.2721226215362549
"4,13,23,16,5,3,11,11,16,22,9,11,14,18,9",0.4666666666666667,0.6,0.478125,0.0,0.0,0.0,0.4375,0.27715444564819336
"8,1,5,10,8,8,12,10,0,0,3,1,16,13,5",0.4666666666666667,0.6,0.478125,0.0,0.0,0.0,0.4375,0.19161128997802734
"4,18,5,19,15,16,0,8,16,0,15,0,21,9,22",0.4666666666666667,0.6,0.478125,0.0,0.0,0.0,0.4375,0.5788390636444092
"13,7,21,13,15,18,12,4,21,4,11,15,23,17,22",0.5333333333333333,0.3,0.4767857142857143,0.5,0.5714285714285714,0.5333333333333333,0.5357142857142857,0.32228779792785645
"13,14,10,6,12,9,10,7,16,12,14,10,1,18,10",0.5666666666666667,0.3,0.4767857142857143,1.0,0.07142857142857142,0.13333333333333333,0.5357142857142857,0.2787051200866699
"13,0,19,2,7,17,3,16,1,9,16,10,7,16,15",0.5666666666666667,0.3,0.4767857142857143,1.0,0.07142857142857142,0.13333333333333333,0.5357142857142857,0.3126370906829834
"5,8,14,9,17,17,3,9,4,7,1,4,23,0,11",0.5,0.5,0.4765625,0.0,0.0,0.0,0.46875,0.26301121711730957
"17,1,23,17,6,3,2,13,13,19,1,18,18,11,6",0.5,0.5,0.4765625,0.0,0.0,0.0,0.46875,1.1474189758300781
"9,17,6,10,22,17,5,2,19,3,7,8,8,7,0",0.5,0.5,0.4765625,0.0,0.0,0.0,0.46875,0.38062596321105957
"18,14,13,12,18,1,17,13,5,5,11,9,22,12,16",0.5,0.5,0.4765625,0.0,0.0,0.0,0.46875,0.3867654800415039
"23,15,14,20,10,4,14,21,17,12,2,0,4,15,6",0.5,0.5,0.4765625,0.0,0.0,0.0,0.46875,0.29636621475219727
"14,7,8,20,0,3,16,0,11,8,9,14,18,13,20",0.5,0.5,0.4765625,0.0,0.0,0.0,0.46875,0.26282691955566406
"19,14,0,23,10,15,8,14,11,18,17,22,10,13,9",0.5,0.5,0.4765625,0.0,0.0,0.0,0.46875,0.40064144134521484
"0,0,5,9,16,5,14,15,13,7,23,12,12,17,3",0.5,0.5,0.4765625,0.0,0.0,0.0,0.46875,0.2618896961212158
"10,1,0,2,16,16,16,15,5,4,6,17,11,4,4",0.5,0.5,0.4765625,0.0,0.0,0.0,0.46875,0.22012042999267578
"6,3,15,14,16,8,7,1,13,7,9,10,9,7,11",0.5,0.5,0.4765625,0.0,0.0,0.0,0.46875,0.30381345748901367
"10,3,17,0,6,0,16,1,10,5,21,13,10,1,7",0.5,0.5,0.4765625,0.0,0.0,0.0,0.46875,0.2151508331298828
"13,14,15,6,0,2,9,7,12,16,2,23,16,9,5",0.5,0.5,0.4765625,0.0,0.0,0.0,0.46875,0.27260279655456543
"0,12,3,14,16,4,13,11,16,5,3,11,11,16,22",0.5,0.5,0.4765625,0.0,0.0,0.0,0.46875,0.2499246597290039
"10,9,22,15,14,9,1,0,1,2,0,16,9,13,8",0.5,0.5,0.4765625,0.0,0.0,0.0,0.46875,0.22170591354370117
"5,16,12,6,5,0,0,17,18,11,19,10,12,23,1",0.4666666666666667,0.5,0.4765625,0.4375,0.5,0.4666666666666667,0.46875,0.2889130115509033
"20,8,14,10,0,15,7,17,18,0,17,2,15,1,3",0.5,0.5,0.4765625,0.0,0.0,0.0,0.46875,0.3840959072113037
"0,14,4,2,11,9,11,23,0,16,22,9,14,0,10",0.4666666666666667,0.5,0.4765625,0.4375,0.5,0.4666666666666667,0.46875,0.2334151268005371
"2,12,9,12,6,9,11,22,5,15,14,8,8,15,4",0.5,0.5,0.4765625,0.0,0.0,0.0,0.46875,0.21966958045959473
"19,16,5,2,5,4,17,0,4,16,3,9,16,23,5",0.5,0.5,0.4765625,0.0,0.0,0.0,0.46875,0.3695502281188965
"0,7,3,23,15,5,16,11,23,6,11,2,4,14,16",0.5,0.5,0.4765625,0.0,0.0,0.0,0.46875,0.27263522148132324
"8,1,9,2,9,18,5,18,14,8,13,2,2,21,11",0.5,0.5,0.4765625,0.0,0.0,0.0,0.46875,0.34095239639282227
"17,13,18,12,4,9,7,15,22,17,12,11,10,14,9",0.5,0.5,0.4765625,0.0,0.0,0.0,0.46875,0.29694080352783203
"3,19,18,14,14,13,15,8,7,20,9,13,7,8,0",0.4666666666666667,0.4,0.475,0.4666666666666667,1.0,0.6363636363636364,0.5,0.623619556427002
"19,18,17,12,7,5,9,6,16,12,5,16,11,6,3",0.5333333333333333,0.4,0.475,0.0,0.0,0.0,0.5,0.6582753658294678
"10,2,2,19,11,4,6,1,1,7,4,0,3,21,4",0.5333333333333333,0.4,0.475,0.0,0.0,0.0,0.5,0.21856355667114258
"15,8,12,4,12,22,14,0,21,10,14,11,2,1,5",0.5333333333333333,0.4,0.475,0.0,0.0,0.0,0.5,0.26117944717407227
"22,3,15,20,11,5,3,0,20,14,17,19,11,6,3",0.5,0.4,0.475,0.4666666666666667,0.5,0.4827586206896552,0.5,0.33452463150024414
"22,3,6,2,11,1,10,4,4,12,0,12,15,19,1",0.5333333333333333,0.4,0.475,0.0,0.0,0.0,0.5,0.2588956356048584
"11,12,17,21,12,14,20,3,10,14,0,7,3,23,15",0.4666666666666667,0.4,0.475,0.4666666666666667,1.0,0.6363636363636364,0.5,0.3393394947052002
"17,3,6,2,14,12,15,19,16,13,6,4,2,16,4",0.5333333333333333,0.4,0.475,0.0,0.0,0.0,0.5,0.29901576042175293
"13,13,3,0,4,14,13,0,6,0,1,14,5,9,20",0.4666666666666667,0.4,0.475,0.4666666666666667,1.0,0.6363636363636364,0.5,0.21839475631713867
"12,5,13,20,3,8,4,8,11,3,21,7,21,9,21",0.5333333333333333,0.4,0.475,0.0,0.0,0.0,0.5,0.2252652645111084
"15,10,3,0,20,5,4,0,13,22,4,17,4,18,9",0.43333333333333335,0.6,0.4747767857142857,0.4,0.42857142857142855,0.41379310344827586,0.4330357142857143,0.256000280380249
"4,18,5,19,15,16,0,11,16,22,15,11,14,18,9",0.43333333333333335,0.6,0.4747767857142857,0.4,0.42857142857142855,0.41379310344827586,0.4330357142857143,0.6211223602294922
"12,3,0,2,14,5,0,20,16,16,17,4,6,10,0",0.43333333333333335,0.6,0.4747767857142857,0.4,0.42857142857142855,0.41379310344827586,0.4330357142857143,0.2244889736175537
"9,10,3,3,9,0,0,5,19,2,15,15,18,6,3",0.43333333333333335,0.5,0.4732142857142857,0.4482758620689655,0.9285714285714286,0.6046511627906976,0.4642857142857143,0.28137850761413574
"12,0,13,7,11,8,4,5,10,14,16,2,22,1,3",0.43333333333333335,0.5,0.4732142857142857,0.4482758620689655,0.9285714285714286,0.6046511627906976,0.4642857142857143,0.2534065246582031
"13,3,12,14,14,2,22,13,6,14,19,10,20,3,17",0.43333333333333335,0.5,0.4732142857142857,0.4482758620689655,0.9285714285714286,0.6046511627906976,0.4642857142857143,0.2528660297393799
"9,4,0,10,12,4,9,16,23,4,16,2,5,19,16",0.43333333333333335,0.5,0.4732142857142857,0.4482758620689655,0.9285714285714286,0.6046511627906976,0.4642857142857143,0.3950824737548828
"5,6,9,5,20,16,2,17,11,20,17,16,3,1,2",0.43333333333333335,0.5,0.4732142857142857,0.4482758620689655,0.9285714285714286,0.6046511627906976,0.4642857142857143,0.24965286254882812
"4,12,0,12,15,19,1,1,14,12,14,8,1,17,7",0.4666666666666667,0.5,0.4732142857142857,0.42857142857142855,0.42857142857142855,0.42857142857142855,0.4642857142857143,0.3052361011505127
"23,10,2,1,15,10,4,0,17,7,20,14,15,13,0",0.43333333333333335,0.5,0.4732142857142857,0.4482758620689655,0.9285714285714286,0.6046511627906976,0.4642857142857143,0.232466459274292
"5,4,0,13,22,4,17,4,18,9,0,0,19,5,2",0.43333333333333335,0.5,0.4732142857142857,0.4482758620689655,0.9285714285714286,0.6046511627906976,0.4642857142857143,0.23747777938842773
"11,1,10,2,2,15,12,19,19,10,5,20,16,11,13",0.43333333333333335,0.5,0.4732142857142857,0.4482758620689655,0.9285714285714286,0.6046511627906976,0.4642857142857143,0.8275554180145264
"10,23,11,2,2,19,12,15,5,8,4,2,22,4,1",0.4,0.7,0.47299107142857144,0.35714285714285715,0.35714285714285715,0.35714285714285715,0.3973214285714286,0.24631237983703613
"17,22,1,9,14,12,9,2,9,15,14,11,9,17,21",0.4666666666666667,0.4,0.4716517857142857,0.4642857142857143,0.9285714285714286,0.6190476190476191,0.4955357142857143,0.3017768859863281
"11,8,11,15,16,1,8,8,10,6,5,15,2,1,22",0.5,0.4,0.4716517857142857,0.46153846153846156,0.42857142857142855,0.4444444444444444,0.4955357142857143,0.26055479049682617
"10,19,5,15,17,9,19,8,14,16,21,17,11,12,5",0.4666666666666667,0.4,0.4716517857142857,0.4642857142857143,0.9285714285714286,0.6190476190476191,0.4955357142857143,0.4199686050415039
"16,11,14,15,10,23,1,10,10,12,3,0,22,14,5",0.43333333333333335,0.6,0.4714285714285715,0.38461538461538464,0.35714285714285715,0.37037037037037035,0.4285714285714286,0.27363014221191406
"11,4,2,4,15,0,6,9,18,0,8,19,16,5,17",0.4,0.6,0.4714285714285714,0.42857142857142855,0.8571428571428571,0.5714285714285714,0.42857142857142855,0.26191282272338867
"10,20,3,17,13,1,6,23,13,4,12,18,19,8,16",0.4,0.6,0.4714285714285714,0.42857142857142855,0.8571428571428571,0.5714285714285714,0.42857142857142855,0.48438334465026855
"15,1,3,10,0,7,6,15,8,12,4,12,22,14,0",0.43333333333333335,0.6,0.4714285714285714,0.38461538461538464,0.35714285714285715,0.37037037037037035,0.4285714285714286,0.25051164627075195
"17,6,10,19,12,16,10,7,4,16,14,9,13,23,10",0.4,0.6,0.4714285714285714,0.42857142857142855,0.8571428571428571,0.5714285714285714,0.42857142857142855,0.3312041759490967
"15,5,23,11,16,0,14,14,17,15,19,18,14,14,15",0.43333333333333335,0.6,0.4714285714285714,0.38461538461538464,0.35714285714285715,0.37037037037037035,0.4285714285714286,0.5615334510803223
"15,12,13,19,13,9,15,23,2,16,9,15,15,19,12",0.4666666666666667,0.5,0.46986607142857145,0.4166666666666667,0.35714285714285715,0.38461538461538464,0.4598214285714286,0.3428938388824463
"7,5,5,15,2,16,9,15,2,2,10,0,19,2,4",0.4666666666666667,0.5,0.46986607142857145,0.4166666666666667,0.35714285714285715,0.38461538461538464,0.4598214285714286,0.22957921028137207
"10,15,8,14,11,18,17,22,10,13,9,16,8,14,19",0.43333333333333335,0.5,0.4698660714285714,0.4444444444444444,0.8571428571428571,0.5853658536585366,0.45982142857142855,0.33577990531921387
"15,22,8,0,3,16,14,1,7,3,21,0,4,2,7",0.43333333333333335,0.5,0.4698660714285714,0.4444444444444444,0.8571428571428571,0.5853658536585366,0.45982142857142855,0.22949647903442383
"5,10,14,16,2,22,1,3,0,4,10,13,20,15,10",0.43333333333333335,0.5,0.4698660714285714,0.4444444444444444,0.8571428571428571,0.5853658536585366,0.45982142857142855,0.24793577194213867
"23,11,2,2,19,12,15,5,8,4,2,22,4,1,4",0.43333333333333335,0.5,0.4698660714285714,0.4444444444444444,0.8571428571428571,0.5853658536585366,0.45982142857142855,0.2374260425567627
"16,14,1,7,3,21,0,4,2,7,12,16,0,17,10",0.43333333333333335,0.5,0.4698660714285714,0.4444444444444444,0.8571428571428571,0.5853658536585366,0.45982142857142855,0.2590610980987549
"6,10,3,23,3,13,3,12,14,14,2,22,13,6,14",0.43333333333333335,0.5,0.4698660714285714,0.4444444444444444,0.8571428571428571,0.5853658536585366,0.45982142857142855,0.22342801094055176
"16,8,7,1,13,7,9,10,9,7,11,15,13,21,2",0.4666666666666667,0.4,0.4683035714285714,0.46153846153846156,0.8571428571428571,0.6,0.49107142857142855,0.30927395820617676
"11,1,17,7,8,8,0,12,15,19,2,1,14,12,14",0.4666666666666667,0.4,0.4683035714285714,0.46153846153846156,0.8571428571428571,0.6,0.49107142857142855,0.3362846374511719
"11,1,17,7,8,8,0,12,15,19,0,1,14,12,14",0.4666666666666667,0.4,0.4683035714285714,0.46153846153846156,0.8571428571428571,0.6,0.49107142857142855,0.3178119659423828
"16,22,16,0,18,3,7,0,17,23,15,10,3,20,1",0.4666666666666667,0.4,0.4683035714285714,0.46153846153846156,0.8571428571428571,0.6,0.49107142857142855,0.32300472259521484
"8,16,15,9,3,2,9,13,16,12,2,1,12,9,6",0.4666666666666667,0.4,0.4683035714285714,0.46153846153846156,0.8571428571428571,0.6,0.49107142857142855,0.2449498176574707
"10,14,17,21,14,0,15,8,12,0,15,21,10,23,10",0.4,0.6,0.4680803571428571,0.4230769230769231,0.7857142857142857,0.55,0.42410714285714285,0.31394195556640625
"7,12,0,11,3,19,18,14,14,13,15,8,7,20,9",0.4666666666666667,0.5,0.46651785714285715,0.4,0.2857142857142857,0.3333333333333333,0.45535714285714285,0.5269172191619873
"12,15,0,4,4,13,6,0,2,20,11,5,17,23,11",0.4666666666666667,0.5,0.46651785714285715,0.4,0.2857142857142857,0.3333333333333333,0.45535714285714285,0.22855234146118164
"8,13,17,14,17,11,1,10,2,2,15,12,19,19,10",0.4666666666666667,0.5,0.46651785714285715,0.4,0.2857142857142857,0.3333333333333333,0.45535714285714285,0.8550810813903809
"12,17,6,19,5,15,0,6,7,14,17,15,6,20,1",0.43333333333333335,0.5,0.46651785714285715,0.44,0.7857142857142857,0.5641025641025641,0.45535714285714285,0.38545846939086914
"14,16,2,22,1,3,0,4,10,13,20,15,10,3,14",0.4666666666666667,0.5,0.46651785714285715,0.4,0.2857142857142857,0.3333333333333333,0.45535714285714285,0.24344348907470703
"10,2,1,15,10,4,0,17,7,20,14,15,13,0,2",0.4,0.7,0.46629464285714284,0.3,0.21428571428571427,0.25,0.38839285714285715,0.20335721969604492
"11,20,7,9,0,11,12,2,9,14,18,16,12,17,6",0.36666666666666664,0.7,0.46629464285714284,0.4,0.7142857142857143,0.5128205128205128,0.38839285714285715,0.30891966819763184
"17,14,9,4,4,14,0,4,8,3,12,4,1,19,8",0.5,0.4,0.4649553571428572,0.4444444444444444,0.2857142857142857,0.34782608695652173,0.48660714285714285,0.22875523567199707
"4,18,5,9,15,16,3,8,22,7,15,0,21,9,11",0.43333333333333335,0.6,0.4647321428571428,0.3333333333333333,0.21428571428571427,0.2608695652173913,0.41964285714285715,0.3001594543457031
"19,1,1,14,12,14,8,1,17,7,8,8,12,10,0",0.4,0.6,0.4647321428571428,0.4166666666666667,0.7142857142857143,0.5263157894736842,0.41964285714285715,0.3338584899902344
"4,18,17,19,10,7,12,11,10,7,20,0,14,14,9",0.6,0.1,0.4636160714285715,0.625,0.35714285714285715,0.45454545454545453,0.5848214285714286,0.48490452766418457
"6,0,16,1,10,5,21,13,10,1,7,4,8,9,15",0.4666666666666667,0.5,0.46316964285714285,0.375,0.21428571428571427,0.2727272727272727,0.45089285714285715,0.26958417892456055
"12,3,5,22,15,16,16,20,4,16,15,5,19,16,19",0.43333333333333335,0.5,0.46316964285714285,0.43478260869565216,0.7142857142857143,0.5405405405405406,0.45089285714285715,0.39482712745666504
"4,10,3,15,20,12,11,11,8,11,15,16,1,8,8",0.4666666666666667,0.5,0.46316964285714285,0.375,0.21428571428571427,0.2727272727272727,0.45089285714285715,0.30664825439453125
"18,2,8,16,19,17,3,9,6,6,9,1,0,7,5",0.36666666666666664,0.7,0.4629464285714286,0.391304347826087,0.6428571428571429,0.4864864864864865,0.38392857142857145,0.43976426124572754
"12,2,15,16,12,12,7,14,22,9,7,3,12,13,5",0.4,0.7,0.46294642857142854,0.25,0.14285714285714285,0.18181818181818182,0.3839285714285714,0.2764739990234375
"1,16,0,20,3,6,3,15,14,16,8,7,1,13,7",0.5,0.4,0.4616071428571429,0.42857142857142855,0.21428571428571427,0.2857142857142857,0.48214285714285715,0.27071499824523926
"14,10,13,10,23,11,2,2,19,12,15,5,8,4,2",0.4,0.6,0.4613839285714286,0.4090909090909091,0.6428571428571429,0.5,0.41517857142857145,0.2608487606048584
"7,0,8,1,9,3,4,2,18,4,15,16,7,17,13",0.43333333333333335,0.6,0.4613839285714285,0.2857142857142857,0.14285714285714285,0.19047619047619047,0.4151785714285714,0.2476656436920166
"11,19,0,19,11,16,1,10,19,4,17,0,14,5,10",0.3333333333333333,0.8,0.4611607142857143,0.36363636363636365,0.5714285714285714,0.4444444444444444,0.3482142857142857,1.004570722579956
"17,18,14,13,10,7,17,23,5,16,1,14,2,16,0",0.5333333333333333,0.3,0.4600446428571428,0.5,0.21428571428571427,0.3,0.5133928571428571,0.4723982810974121
"18,6,18,18,6,1,17,14,7,8,20,0,3,16,0",0.43333333333333335,0.5,0.4598214285714286,0.42857142857142855,0.6428571428571429,0.5142857142857142,0.44642857142857145,0.6494333744049072
"15,3,1,12,19,19,12,14,1,14,15,2,5,20,4",0.4666666666666667,0.5,0.45982142857142855,0.3333333333333333,0.14285714285714285,0.2,0.4464285714285714,0.9955949783325195
"14,0,4,19,10,10,17,17,1,23,17,6,3,2,13",0.4,0.7,0.4595982142857143,0.16666666666666666,0.07142857142857142,0.1,0.3794642857142857,0.637300968170166
"0,18,4,16,15,9,11,23,0,8,22,8,13,0,14",0.4,0.7,0.4595982142857143,0.16666666666666666,0.07142857142857142,0.1,0.3794642857142857,0.2902674674987793
"11,1,0,19,15,16,2,10,0,4,17,8,13,5,14",0.5,0.4,0.4582589285714286,0.4,0.14285714285714285,0.21052631578947367,0.4776785714285714,0.25751566886901855
"12,9,4,4,5,6,8,10,8,6,11,6,4,6,18",0.4666666666666667,0.4,0.4582589285714286,0.45,0.6428571428571429,0.5294117647058824,0.47767857142857145,0.17289447784423828
"6,14,0,4,19,10,10,17,17,1,23,17,6,3,2",0.5,0.4,0.4582589285714286,0.4,0.14285714285714285,0.21052631578947367,0.4776785714285714,0.6680519580841064
"0,14,13,16,21,7,14,16,15,15,3,20,17,5,4",0.5,0.4,0.4582589285714286,0.4,0.14285714285714285,0.21052631578947367,0.4776785714285714,0.26445555686950684
"12,23,6,7,22,11,1,22,1,13,0,19,2,7,17",0.4666666666666667,0.4,0.4582589285714286,0.45,0.6428571428571429,0.5294117647058824,0.47767857142857145,0.298328161239624
"10,0,3,14,7,4,21,4,0,12,1,15,14,10,7",0.43333333333333335,0.6,0.4580357142857143,0.2,0.07142857142857142,0.10526315789473684,0.4107142857142857,0.199263334274292
"19,18,5,19,5,12,17,0,6,4,3,8,16,5,5",0.4,0.6,0.4580357142857143,0.4,0.5714285714285714,0.47058823529411764,0.4107142857142857,0.8985481262207031
"12,14,7,4,2,0,17,5,23,17,13,4,6,17,8",0.43333333333333335,0.5,0.4564732142857143,0.42105263157894735,0.5714285714285714,0.48484848484848486,0.4419642857142857,0.5014300346374512
"18,5,12,15,0,4,4,13,6,0,2,20,11,5,17",0.43333333333333335,0.5,0.4564732142857143,0.42105263157894735,0.5714285714285714,0.48484848484848486,0.4419642857142857,0.21263694763183594
"14,13,16,21,7,14,16,15,15,3,20,17,5,4,4",0.4666666666666667,0.5,0.4564732142857143,0.25,0.07142857142857142,0.1111111111111111,0.4419642857142857,0.28503990173339844
"9,6,15,1,15,13,20,10,23,15,10,19,15,18,11",0.4666666666666667,0.5,0.4564732142857143,0.25,0.07142857142857142,0.1111111111111111,0.4419642857142857,0.3003115653991699
"16,22,9,11,14,18,9,15,22,7,13,15,13,9,2",0.5,0.4,0.4549107142857143,0.3333333333333333,0.07142857142857142,0.11764705882352941,0.4732142857142857,0.3021378517150879
"19,2,4,4,19,6,18,14,22,12,15,7,15,15,14",0.5,0.4,0.4549107142857143,0.3333333333333333,0.07142857142857142,0.11764705882352941,0.4732142857142857,1.3978428840637207
"5,7,23,17,9,23,13,7,16,13,10,13,4,5,9",0.5,0.4,0.4549107142857143,0.3333333333333333,0.07142857142857142,0.11764705882352941,0.4732142857142857,0.23177695274353027
"3,5,4,12,5,2,12,9,12,6,9,11,22,5,15",0.43333333333333335,0.6,0.4546875,0.0,0.0,0.0,0.40625,0.18559026718139648
"11,18,6,2,15,4,0,10,19,4,11,8,11,23,0",0.4,0.6,0.4546875,0.3888888888888889,0.5,0.4375,0.40625,0.2635502815246582
"19,13,2,18,14,6,6,22,7,8,6,3,6,1,0",0.4,0.6,0.4546875,0.3888888888888889,0.5,0.4375,0.40625,0.2959730625152588
"5,9,16,5,14,15,13,7,23,12,12,17,3,10,2",0.5333333333333333,0.3,0.4533482142857143,0.5,0.07142857142857142,0.125,0.5044642857142857,0.28169775009155273
"11,7,0,19,15,16,2,10,0,4,17,8,13,5,14",0.5333333333333333,0.3,0.4533482142857143,0.5,0.07142857142857142,0.125,0.5044642857142857,0.2587571144104004
"21,17,19,2,19,7,14,14,1,17,22,2,5,16,12",0.5333333333333333,0.3,0.4533482142857143,0.5,0.07142857142857142,0.125,0.5044642857142857,1.4080073833465576
"19,18,5,19,15,16,21,14,16,16,15,3,18,4,4",0.4666666666666667,0.5,0.453125,0.0,0.0,0.0,0.4375,1.018540859222412
"4,4,14,0,4,8,3,12,4,1,19,8,18,19,3",0.4666666666666667,0.5,0.453125,0.0,0.0,0.0,0.4375,0.47904276847839355
"11,16,0,14,14,17,15,19,18,14,14,15,10,11,23",0.4666666666666667,0.5,0.453125,0.0,0.0,0.0,0.4375,0.5698020458221436
"18,14,14,13,15,8,7,20,9,13,7,8,0,16,11",0.4666666666666667,0.5,0.453125,0.0,0.0,0.0,0.4375,0.31250858306884766
"15,14,9,1,0,1,2,0,16,9,13,8,14,19,8",0.4666666666666667,0.5,0.453125,0.0,0.0,0.0,0.4375,0.23993825912475586
"4,18,11,9,15,23,0,8,22,0,14,0,21,9,22",0.5,0.4,0.4515625,0.0,0.0,0.0,0.46875,0.3237135410308838
"15,10,23,1,10,10,12,3,0,22,14,5,2,20,16",0.5,0.4,0.4515625,0.0,0.0,0.0,0.46875,0.2573821544647217
"1,6,3,16,11,14,15,10,23,1,10,10,12,3,0",0.5,0.4,0.4515625,0.0,0.0,0.0,0.46875,0.25251340866088867
"0,10,18,3,19,14,0,23,10,15,8,14,11,18,17",0.5,0.4,0.4515625,0.0,0.0,0.0,0.46875,0.6030728816986084
"4,0,4,12,11,9,11,23,0,8,22,0,14,0,14",0.4666666666666667,0.4,0.4515625,0.4375,0.5,0.4666666666666667,0.46875,0.2023937702178955
"0,13,7,11,8,4,5,10,14,16,2,22,1,3,0",0.5,0.4,0.4515625,0.0,0.0,0.0,0.46875,0.24392271041870117
"16,1,15,22,8,0,3,16,14,1,7,3,21,0,4",0.4,0.6,0.4513392857142857,0.375,0.42857142857142855,0.4,0.4017857142857143,0.2578895092010498
"4,18,5,19,15,16,0,23,4,0,15,5,19,16,22",0.36666666666666664,0.7,0.44955357142857144,0.3333333333333333,0.35714285714285715,0.3448275862068966,0.3660714285714286,0.7103979587554932
"4,18,5,4,15,16,0,11,16,19,15,11,9,18,14",0.36666666666666664,0.7,0.44955357142857144,0.3333333333333333,0.35714285714285715,0.3448275862068966,0.3660714285714286,0.37325620651245117
"8,15,4,12,6,12,4,7,20,5,1,3,7,3,13",0.5,0.2,0.4484375,0.4827586206896552,1.0,0.6511627906976745,0.53125,0.1880807876586914
"5,5,15,2,16,9,15,2,2,10,0,19,2,4,4",0.4666666666666667,0.4,0.4482142857142857,0.42857142857142855,0.42857142857142855,0.42857142857142855,0.4642857142857143,0.24834203720092773
"12,3,19,19,18,9,18,11,18,16,15,1,2,19,9",0.4,0.6,0.4479910714285715,0.35714285714285715,0.35714285714285715,0.35714285714285715,0.3973214285714286,1.2797491550445557
"11,18,5,12,15,16,1,10,4,16,15,5,13,5,14",0.43333333333333335,0.5,0.44642857142857145,0.38461538461538464,0.35714285714285715,0.37037037037037035,0.4285714285714286,0.24496054649353027
"11,14,18,9,15,22,7,13,15,13,9,2,2,0,5",0.4,0.5,0.4464285714285714,0.42857142857142855,0.8571428571428571,0.5714285714285714,0.42857142857142855,0.2716972827911377
"22,2,5,16,12,6,5,0,0,17,18,11,19,10,12",0.43333333333333335,0.4,0.4448660714285714,0.4444444444444444,0.8571428571428571,0.5853658536585366,0.45982142857142855,0.2986748218536377
"19,12,11,8,20,10,20,5,6,4,16,1,4,8,9",0.43333333333333335,0.4,0.4448660714285714,0.4444444444444444,0.8571428571428571,0.5853658536585366,0.45982142857142855,0.2925586700439453
"22,11,9,12,8,13,17,14,17,11,1,10,2,2,15",0.36666666666666664,0.6,0.4446428571428572,0.4074074074074074,0.7857142857142857,0.5365853658536586,0.39285714285714285,0.25569915771484375
"3,4,0,19,4,16,11,9,11,23,0,8,22,0,14",0.3333333333333333,0.8,0.44441964285714286,0.25,0.21428571428571427,0.23076923076923078,0.32589285714285715,0.3669419288635254
"9,15,15,19,12,7,9,11,18,16,9,3,16,0,22",0.4,0.5,0.44308035714285715,0.4230769230769231,0.7857142857142857,0.55,0.42410714285714285,0.3546440601348877
"22,14,5,13,10,16,0,2,2,19,15,15,5,9,22",0.4,0.5,0.44308035714285715,0.4230769230769231,0.7857142857142857,0.55,0.42410714285714285,0.3453192710876465
"4,17,6,10,7,12,9,10,7,20,0,14,14,13,18",0.43333333333333335,0.5,0.44308035714285715,0.36363636363636365,0.2857142857142857,0.32,0.42410714285714285,0.29584693908691406
"14,5,4,1,6,3,16,11,14,15,10,23,1,10,10",0.43333333333333335,0.5,0.44308035714285715,0.36363636363636365,0.2857142857142857,0.32,0.42410714285714285,0.3316071033477783
"12,1,9,8,21,2,11,22,15,20,8,3,17,13,9",0.4,0.5,0.44308035714285715,0.4230769230769231,0.7857142857142857,0.55,0.42410714285714285,0.26807188987731934
"16,15,15,4,6,2,9,4,4,9,2,5,17,9,6",0.43333333333333335,0.4,0.4415178571428572,0.44,0.7857142857142857,0.5641025641025641,0.45535714285714285,0.2233273983001709
"16,1,16,0,20,3,6,3,15,14,16,8,7,1,13",0.4666666666666667,0.4,0.4415178571428572,0.4,0.2857142857142857,0.3333333333333333,0.45535714285714285,0.26412391662597656
"13,17,18,8,5,14,5,4,1,6,3,16,11,14,15",0.4,0.6,0.44129464285714287,0.3,0.21428571428571427,0.25,0.38839285714285715,0.29422426223754883
"11,13,9,8,13,21,14,12,19,6,1,1,13,1,18",0.36666666666666664,0.6,0.4412946428571428,0.4,0.7142857142857143,0.5128205128205128,0.38839285714285715,0.28968000411987305
"8,18,1,15,3,10,18,13,19,11,8,19,12,14,0",0.43333333333333335,0.5,0.43973214285714285,0.3333333333333333,0.21428571428571427,0.2608695652173913,0.41964285714285715,0.296283483505249
"8,18,5,19,15,16,18,13,16,12,15,1,12,14,0",0.43333333333333335,0.5,0.43973214285714285,0.3333333333333333,0.21428571428571427,0.2608695652173913,0.41964285714285715,0.5872788429260254
"9,5,20,16,2,17,11,20,17,16,3,1,2,1,22",0.4,0.5,0.43973214285714285,0.4166666666666667,0.7142857142857143,0.5263157894736842,0.41964285714285715,0.2616996765136719
"0,11,1,23,3,3,13,9,16,15,14,21,15,7,18",0.43333333333333335,0.5,0.43973214285714285,0.3333333333333333,0.21428571428571427,0.2608695652173913,0.41964285714285715,0.26410436630249023
"6,17,11,4,4,9,3,5,17,9,14,6,2,3,4",0.43333333333333335,0.5,0.43973214285714285,0.3333333333333333,0.21428571428571427,0.2608695652173913,0.41964285714285715,0.20989274978637695
"16,9,15,2,2,10,0,19,2,4,4,19,6,18,14",0.43333333333333335,0.4,0.4381696428571429,0.43478260869565216,0.7142857142857143,0.5405405405405406,0.45089285714285715,1.293262004852295
"5,14,15,13,7,23,12,12,17,3,10,2,10,8,4",0.4666666666666667,0.4,0.4381696428571429,0.375,0.21428571428571427,0.2727272727272727,0.45089285714285715,0.2734830379486084
"12,9,2,0,16,17,15,19,8,12,16,4,5,20,5",0.5,0.3,0.43660714285714286,0.42857142857142855,0.21428571428571427,0.2857142857142857,0.48214285714285715,0.2582695484161377
"8,0,10,12,4,9,16,23,4,16,2,5,19,16,16",0.4,0.5,0.4363839285714286,0.4090909090909091,0.6428571428571429,0.5,0.41517857142857145,0.4075043201446533
"17,5,4,3,8,18,2,19,1,3,2,13,11,23,6",0.4,0.5,0.4363839285714286,0.4090909090909091,0.6428571428571429,0.5,0.41517857142857145,0.6092772483825684
"13,19,13,9,15,23,2,16,9,15,15,19,12,7,9",0.43333333333333335,0.5,0.43638392857142855,0.2857142857142857,0.14285714285714285,0.19047619047619047,0.4151785714285714,0.3444099426269531
"0,6,0,16,1,10,5,21,13,10,1,7,4,8,9",0.4666666666666667,0.4,0.4348214285714286,0.3333333333333333,0.14285714285714285,0.2,0.4464285714285714,0.2691190242767334
"11,18,0,14,15,1,2,10,2,0,17,9,13,8,14",0.43333333333333335,0.4,0.4348214285714286,0.42857142857142855,0.6428571428571429,0.5142857142857142,0.44642857142857145,0.2571139335632324
"9,6,16,16,13,18,3,11,16,8,23,8,17,0,11",0.4666666666666667,0.4,0.4348214285714286,0.3333333333333333,0.14285714285714285,0.2,0.4464285714285714,0.2819082736968994
"6,16,12,5,16,11,6,3,2,16,12,20,11,10,21",0.43333333333333335,0.5,0.4330357142857143,0.2,0.07142857142857142,0.10526315789473684,0.4107142857142857,0.26405787467956543
"4,12,22,14,0,21,10,14,11,2,1,5,14,16,21",0.43333333333333335,0.5,0.4330357142857143,0.2,0.07142857142857142,0.10526315789473684,0.4107142857142857,0.2611541748046875
"0,12,8,20,3,7,1,5,1,3,8,9,4,16,3",0.43333333333333335,0.5,0.4330357142857143,0.2,0.07142857142857142,0.10526315789473684,0.4107142857142857,0.19134736061096191
"14,2,22,13,6,14,19,10,20,3,17,13,1,6,23",0.4,0.5,0.4330357142857143,0.4,0.5714285714285714,0.47058823529411764,0.4107142857142857,0.2675776481628418
"16,9,15,15,19,12,7,9,11,18,16,9,3,16,0",0.4,0.5,0.4330357142857143,0.4,0.5714285714285714,0.47058823529411764,0.4107142857142857,0.3163285255432129
"4,9,16,23,4,16,2,5,19,16,16,1,3,8,13",0.36666666666666664,0.6,0.43125,0.3684210526315789,0.5,0.42424242424242425,0.375,0.4810523986816406
"13,14,6,2,3,4,0,19,4,16,11,9,11,23,0",0.5,0.3,0.4299107142857143,0.3333333333333333,0.07142857142857142,0.11764705882352941,0.4732142857142857,0.2681765556335449
"0,11,4,2,4,15,0,6,9,18,0,8,19,16,5",0.4,0.5,0.4296875,0.3888888888888889,0.5,0.4375,0.40625,0.23733019828796387
"12,5,3,8,1,7,9,20,10,16,4,15,0,11,8",0.4333333333333333,0.5,0.4296875,0.0,0.0,0.0,0.40625,0.2650620937347412
"19,13,9,15,23,2,16,9,15,15,19,12,7,9,11",0.4,0.5,0.4296875,0.3888888888888889,0.5,0.4375,0.40625,0.39992427825927734
"17,0,23,2,10,3,20,8,9,17,6,10,22,17,5",0.5,0.2,0.4283482142857143,0.47058823529411764,0.5714285714285714,0.5161290322580645,0.5044642857142857,0.2720682621002197
"15,10,4,0,17,7,20,14,15,13,0,2,9,14,12",0.4666666666666667,0.4,0.428125,0.0,0.0,0.0,0.4375,0.2694108486175537
"1,2,19,9,6,3,12,9,12,12,7,5,18,17,5",0.43333333333333335,0.4,0.428125,0.4117647058823529,0.5,0.45161290322580644,0.4375,0.3833024501800537
"2,16,11,9,11,23,0,8,22,0,14,0,21,9,22",0.4666666666666667,0.4,0.428125,0.0,0.0,0.0,0.4375,0.28981566429138184
"15,0,16,2,0,0,17,13,2,10,4,7,12,0,11",0.4666666666666667,0.4,0.428125,0.0,0.0,0.0,0.4375,0.2304544448852539
"16,19,13,14,3,6,12,1,18,7,16,12,0,10,1",0.36666666666666664,0.6,0.4279017857142857,0.35294117647058826,0.42857142857142855,0.3870967741935484,0.3705357142857143,0.3008906841278076
"6,3,9,0,7,3,22,3,15,20,11,5,3,0,20",0.4666666666666667,0.3,0.4265625,0.4375,0.5,0.4666666666666667,0.46875,0.18147015571594238
"19,9,5,14,0,8,2,10,8,22,16,9,0,23,15",0.5,0.3,0.4265625,0.0,0.0,0.0,0.46875,0.2922830581665039
"5,8,2,7,8,22,14,20,9,21,9,7,2,8,1",0.4,0.5,0.4263392857142857,0.375,0.42857142857142855,0.4,0.4017857142857143,0.2448122501373291
"15,14,13,0,6,0,2,17,14,19,8,8,14,7,0",0.4,0.5,0.4263392857142857,0.375,0.4285714285714285,0.4,0.4017857142857143,0.2659344673156738
"8,1,5,19,8,8,12,10,0,0,15,1,13,13,14",0.4,0.5,0.4263392857142857,0.375,0.42857142857142855,0.4,0.4017857142857143,0.20624971389770508
"4,18,11,16,5,3,11,11,16,22,9,11,14,18,9",0.4,0.5,0.4263392857142857,0.375,0.42857142857142855,0.4,0.4017857142857143,0.31902241706848145
"0,13,0,9,16,10,15,14,3,11,8,18,3,15,15",0.43333333333333335,0.4,0.4247767857142857,0.4,0.42857142857142855,0.41379310344827586,0.4330357142857143,0.29506731033325195
"8,6,3,9,0,7,3,22,3,15,20,11,5,3,0",0.4666666666666667,0.2,0.4216517857142857,0.4642857142857143,0.9285714285714286,0.6190476190476191,0.4955357142857143,0.18195509910583496
"9,1,0,1,2,0,16,9,13,8,14,19,8,2,20",0.43333333333333335,0.4,0.4214285714285715,0.38461538461538464,0.35714285714285715,0.37037037037037035,0.4285714285714286,0.24606919288635254
"9,11,22,5,15,14,8,8,15,4,12,6,12,4,7",0.43333333333333335,0.4,0.4214285714285715,0.38461538461538464,0.35714285714285715,0.37037037037037035,0.4285714285714286,0.21838712692260742
"8,17,19,9,19,7,3,23,3,5,8,2,7,8,22",0.43333333333333335,0.3,0.4198660714285714,0.4444444444444444,0.8571428571428571,0.5853658536585366,0.45982142857142855,0.35942625999450684
"9,5,14,0,8,2,10,8,22,16,9,0,23,15,6",0.36666666666666664,0.5,0.41964285714285715,0.4074074074074074,0.7857142857142857,0.5365853658536586,0.39285714285714285,0.20860862731933594
"16,7,22,14,10,13,10,23,11,2,2,19,12,15,5",0.4,0.5,0.41964285714285715,0.3333333333333333,0.2857142857142857,0.3076923076923077,0.39285714285714285,0.2739551067352295
"18,10,15,14,18,9,0,5,4,8,2,14,0,22,6",0.36666666666666664,0.5,0.41964285714285715,0.4074074074074074,0.7857142857142857,0.5365853658536586,0.39285714285714285,0.2905590534210205
"1,7,0,8,1,9,3,4,2,18,4,15,16,7,17",0.43333333333333335,0.4,0.4180803571428572,0.36363636363636365,0.2857142857142857,0.32,0.42410714285714285,0.2559325695037842
"5,17,17,0,3,9,1,5,15,2,22,15,2,2,19",0.4,0.4,0.4180803571428572,0.4230769230769231,0.7857142857142857,0.55,0.42410714285714285,0.29460883140563965
"12,10,0,2,0,18,0,13,0,9,16,10,15,14,3",0.36666666666666664,0.6,0.41785714285714287,0.2727272727272727,0.21428571428571427,0.24,0.35714285714285715,0.25682592391967773
"8,16,19,17,3,9,6,6,9,1,0,7,5,7,23",0.36666666666666664,0.6,0.41785714285714287,0.2727272727272727,0.21428571428571427,0.24,0.35714285714285715,0.4152703285217285
"17,13,10,7,12,9,10,7,20,0,14,14,13,18,10",0.5,0.1,0.4167410714285715,0.48,0.8571428571428571,0.6153846153846154,0.5223214285714286,0.3295936584472656
"15,2,16,9,15,2,2,10,0,19,2,4,4,19,6",0.4,0.5,0.41629464285714285,0.3,0.21428571428571427,0.25,0.38839285714285715,0.9489791393280029
"13,18,6,8,11,9,1,6,20,7,19,5,2,0,9",0.4,0.5,0.4162946428571428,0.3,0.2142857142857142,0.25,0.3883928571428571,0.2313127517700195
"13,21,14,12,19,6,1,1,13,1,18,8,16,1,18",0.4,0.4,0.4147321428571429,0.4166666666666667,0.7142857142857143,0.5263157894736842,0.41964285714285715,0.28227949142456055
"10,2,14,22,10,21,14,3,10,15,12,3,18,11,4",0.3333333333333333,0.6,0.4145089285714286,0.375,0.6428571428571429,0.47368421052631576,0.35267857142857145,0.2540090084075928
"13,17,14,17,11,1,10,2,2,15,12,19,19,10,5",0.4666666666666667,0.3,0.41316964285714286,0.375,0.21428571428571427,0.2727272727272727,0.45089285714285715,0.8407325744628906
"9,15,22,7,13,15,13,9,2,2,0,5,17,2,11",0.3333333333333333,0.6,0.4111607142857143,0.36363636363636365,0.5714285714285714,0.4444444444444444,0.3482142857142857,0.21057677268981934
"5,6,14,0,13,17,6,9,4,3,1,5,17,0,11",0.36666666666666664,0.5,0.4095982142857143,0.38095238095238093,0.5714285714285714,0.45714285714285713,0.3794642857142857,0.20286083221435547
"16,2,9,23,11,1,13,11,6,11,19,6,2,7,8",0.43333333333333335,0.4,0.4080357142857143,0.2,0.07142857142857142,0.10526315789473684,0.4107142857142857,0.30594348907470703
"8,20,15,16,13,11,19,11,7,8,4,11,2,12,23",0.4666666666666667,0.3,0.4064732142857143,0.25,0.07142857142857142,0.1111111111111111,0.4419642857142857,0.26912999153137207
"4,1,5,19,15,16,11,11,0,22,15,11,9,18,9",0.4,0.5,0.40625,0.0,0.0,0.0,0.375,0.33429718017578125
"3,6,0,11,1,23,3,3,13,9,16,15,14,21,15",0.36666666666666664,0.5,0.40625,0.3684210526315789,0.5,0.42424242424242425,0.375,0.25817203521728516
"10,3,15,20,12,11,11,8,11,15,16,1,8,8,10",0.3,0.7,0.40602678571428574,0.3157894736842105,0.42857142857142855,0.36363636363636365,0.3080357142857143,0.28344058990478516
"15,12,19,19,10,5,20,16,11,13,9,8,13,21,14",0.43333333333333335,0.4,0.4046875,0.0,0.0,0.0,0.40625,0.8623812198638916
"8,1,10,7,8,8,12,10,0,0,14,1,13,13,10",0.36666666666666664,0.5,0.4029017857142857,0.35294117647058826,0.42857142857142855,0.3870967741935484,0.3705357142857143,0.2379899024963379
"8,20,0,3,16,0,11,8,9,14,18,13,20,17,10",0.36666666666666664,0.5,0.4029017857142857,0.35294117647058826,0.42857142857142855,0.3870967741935484,0.3705357142857143,0.2563056945800781
"9,4,4,14,0,4,8,3,12,4,1,19,8,18,19",0.36666666666666664,0.5,0.4029017857142857,0.35294117647058826,0.42857142857142855,0.3870967741935484,0.3705357142857143,0.4694676399230957
"14,22,10,21,14,3,10,15,12,3,18,11,4,15,3",0.36666666666666664,0.5,0.4029017857142857,0.35294117647058826,0.42857142857142855,0.3870967741935484,0.3705357142857143,0.27970242500305176
"0,9,15,21,14,8,17,19,9,19,7,3,23,3,5",0.36666666666666664,0.5,0.4029017857142857,0.35294117647058826,0.42857142857142855,0.3870967741935484,0.3705357142857143,0.3467135429382324
"16,21,7,14,16,15,15,3,20,17,5,4,4,15,6",0.4666666666666667,0.2,0.4015625,0.4375,0.5,0.4666666666666667,0.46875,0.25533485412597656
"18,18,8,5,7,2,18,2,2,3,11,19,17,19,18",0.4,0.4,0.3979910714285715,0.35714285714285715,0.35714285714285715,0.35714285714285715,0.3973214285714286,1.0298371315002441
"8,15,4,2,15,20,3,11,1,16,1,11,8,2,16",0.3333333333333333,0.6,0.39441964285714287,0.25,0.21428571428571427,0.23076923076923078,0.32589285714285715,0.27918410301208496
"11,6,3,2,16,12,20,11,10,21,3,16,2,18,3",0.3333333333333333,0.5,0.39285714285714285,0.38461538461538464,0.7142857142857143,0.5,0.35714285714285715,0.26079869270324707
"19,16,7,2,8,17,21,14,16,12,3,3,10,4,14",0.43333333333333335,0.2,0.39151785714285714,0.44,0.7857142857142857,0.5641025641025641,0.45535714285714285,0.39499592781066895
"0,12,2,15,16,12,12,7,14,22,9,7,3,12,13",0.36666666666666664,0.5,0.38950892857142855,0.2222222222222222,0.14285714285714285,0.17391304347826086,0.3526785714285714,0.2603423595428467
"17,14,17,11,1,10,2,2,15,12,19,19,10,5,20",0.36666666666666664,0.5,0.38950892857142855,0.2222222222222222,0.14285714285714285,0.17391304347826086,0.3526785714285714,0.8568994998931885
"16,16,5,4,11,17,11,4,4,9,3,0,10,9,22",0.3333333333333333,0.5,0.3861607142857143,0.36363636363636365,0.5714285714285714,0.4444444444444444,0.3482142857142857,0.25136661529541016
"0,12,10,9,18,18,8,5,7,2,18,2,2,3,11",0.4,0.4,0.3845982142857143,0.16666666666666666,0.07142857142857142,0.1,0.3794642857142857,0.33992505073547363
"8,14,10,0,15,7,17,18,0,17,2,15,1,3,10",0.3333333333333333,0.5,0.3794642857142857,0.3333333333333333,0.42857142857142855,0.375,0.3392857142857143,0.3843686580657959
"5,8,17,0,10,7,12,9,10,7,20,0,14,14,11",0.3333333333333333,0.5,0.3794642857142857,0.3333333333333333,0.42857142857142855,0.375,0.3392857142857143,0.22865581512451172
"5,8,2,0,17,17,6,9,4,3,1,4,23,0,11",0.36666666666666664,0.4,0.3779017857142857,0.35294117647058826,0.42857142857142855,0.3870967741935484,0.3705357142857143,0.22174072265625
"16,12,8,3,4,15,12,13,19,13,9,15,23,2,16",0.36666666666666664,0.4,0.3745535714285715,0.3333333333333333,0.35714285714285715,0.3448275862068966,0.3660714285714286,0.30590224266052246
"9,14,12,16,2,23,16,9,6,22,10,7,14,3,9",0.3,0.6,0.3743303571428572,0.26666666666666666,0.2857142857142857,0.27586206896551724,0.29910714285714285,0.29751133918762207
"16,5,17,0,23,2,10,3,20,8,9,17,6,10,22",0.3,0.6,0.3743303571428571,0.26666666666666666,0.2857142857142857,0.27586206896551724,0.29910714285714285,0.2743539810180664
"2,18,2,14,0,0,0,2,19,12,10,19,14,19,14",0.3333333333333333,0.5,0.36941964285714285,0.25,0.21428571428571427,0.23076923076923078,0.32589285714285715,0.31786465644836426
"8,15,13,17,18,8,5,14,5,4,1,6,3,16,11",0.4,0.2,0.36808035714285714,0.4230769230769231,0.7857142857142857,0.55,0.42410714285714285,0.3026728630065918
"5,18,5,19,15,16,6,9,4,3,15,4,23,0,11",0.3333333333333333,0.5,0.36607142857142855,0.2,0.14285714285714285,0.16666666666666666,0.3214285714285714,0.5657296180725098
"8,1,7,0,8,1,9,3,4,2,18,4,15,16,7",0.3,0.5,0.3560267857142857,0.3157894736842105,0.42857142857142855,0.36363636363636365,0.3080357142857143,0.23386931419372559
"5,15,12,6,22,11,18,11,10,23,12,18,13,16,23",0.3333333333333333,0.3,0.32611607142857146,0.3125,0.35714285714285715,0.3333333333333333,0.3348214285714286,0.2863478660583496
