encoding,test accuracy,training accuracy,combined accuracy,test precision,test recall,test fscore,test auc,training time
"16,10,16,9,2,17,19,12,11,8,23,10,17,5,11",0.6666666666666666,0.8,0.6921875,0.7,0.5,0.5833333333333334,0.65625,0.38454580307006836
"16,15,5,0,6,17,16,4,4,11,20,5,17,9,0",0.6,0.9,0.6803571428571429,0.5555555555555556,0.7142857142857143,0.625,0.6071428571428572,0.23303461074829102
"8,1,17,7,8,8,12,10,0,0,2,1,9,13,2",0.7,0.6,0.6790178571428571,0.6470588235294118,0.7857142857142857,0.7096774193548387,0.7053571428571428,0.2203664779663086
"17,6,10,7,12,9,10,7,20,0,14,14,13,18,10",0.5666666666666667,1.0,0.6685267857142857,0.5454545454545454,0.42857142857142855,0.48,0.5580357142857143,0.33475399017333984
"14,12,19,6,1,1,13,1,18,8,16,1,18,18,5",0.7,0.6,0.665625,0.7777777777777778,0.5,0.6086956521739131,0.6875,0.38387131690979004
"19,16,5,10,5,12,17,0,6,5,3,22,16,5,5",0.6666666666666666,0.6,0.6622767857142857,0.5909090909090909,0.9285714285714286,0.7222222222222222,0.6830357142857143,0.36923694610595703
"16,10,1,22,2,17,19,12,11,8,20,10,20,5,6",0.6666666666666666,0.6,0.6589285714285714,0.6,0.8571428571428571,0.7058823529411765,0.6785714285714286,0.35434770584106445
"2,9,14,18,16,12,17,6,19,5,15,0,6,7,14",0.6666666666666666,0.6,0.6455357142857143,0.6666666666666666,0.5714285714285714,0.6153846153846154,0.6607142857142857,0.42715001106262207
"8,7,8,15,0,0,12,14,17,9,15,5,10,14,20",0.7,0.5,0.6439732142857143,0.7272727272727273,0.5714285714285714,0.64,0.6919642857142857,0.25901365280151367
"8,7,8,15,0,0,12,14,17,9,15,5,10,14,18",0.7,0.5,0.640625,0.7777777777777778,0.5,0.6086956521739131,0.6875,0.2705848217010498
"13,5,13,13,14,4,19,3,14,16,11,8,3,16,14",0.5666666666666667,0.8,0.6386160714285715,0.5217391304347826,0.8571428571428571,0.6486486486486487,0.5848214285714286,0.2754085063934326
"16,15,5,0,6,17,16,4,4,11,3,5,17,9,0",0.5333333333333333,1.0,0.6383928571428571,0.5,0.2857142857142857,0.36363636363636365,0.5178571428571428,0.2207329273223877
"11,1,10,4,4,12,0,12,15,19,1,1,14,12,14",0.6333333333333333,0.7,0.6370535714285714,0.7142857142857143,0.35714285714285715,0.47619047619047616,0.6160714285714286,0.31168174743652344
"11,1,10,6,4,12,0,12,15,19,1,1,14,12,14",0.6333333333333333,0.7,0.6370535714285714,0.7142857142857143,0.35714285714285715,0.47619047619047616,0.6160714285714286,0.2817420959472656
"9,6,16,9,13,15,3,11,16,7,23,5,17,18,11",0.6333333333333333,0.6,0.6354910714285714,0.5714285714285714,0.8571428571428571,0.6857142857142857,0.6473214285714286,0.3071727752685547
"19,4,17,6,10,7,12,9,10,7,20,0,14,14,13",0.5333333333333333,1.0,0.6350446428571428,0.5,0.21428571428571427,0.3,0.5133928571428571,0.4453308582305908
"14,15,5,0,6,17,1,10,19,2,3,5,17,8,21",0.7,0.4,0.6223214285714286,0.6923076923076923,0.6428571428571429,0.6666666666666666,0.6964285714285714,0.40216779708862305
"14,0,16,5,3,12,1,10,19,2,4,16,15,8,21",0.6333333333333333,0.6,0.6220982142857143,0.6153846153846154,0.5714285714285714,0.5925925925925926,0.6294642857142857,0.3067479133605957
"8,7,8,15,0,0,12,14,13,9,15,5,10,14,20",0.6666666666666666,0.5,0.6205357142857143,0.6666666666666666,0.5714285714285714,0.6153846153846154,0.6607142857142857,0.2301802635192871
"8,1,17,10,8,12,12,10,19,2,2,5,9,8,2",0.6666666666666666,0.5,0.6205357142857143,0.6666666666666666,0.5714285714285714,0.6153846153846154,0.6607142857142857,0.23443031311035156
"14,9,16,10,3,12,1,10,19,2,4,5,15,8,21",0.6,0.6,0.61875,0.5384615384615384,1.0,0.7,0.625,0.27657127380371094
"5,8,14,0,17,17,6,9,4,3,1,4,23,0,11",0.6666666666666666,0.5,0.6171875,0.7,0.5,0.5833333333333334,0.65625,0.25574612617492676
"13,14,3,6,12,1,18,7,16,12,0,10,1,8,5",0.5666666666666667,0.8,0.6151785714285715,0.5555555555555556,0.35714285714285715,0.43478260869565216,0.5535714285714286,0.27013397216796875
"19,17,3,9,6,6,9,1,0,7,5,7,23,17,9",0.6,0.7,0.6136160714285714,0.625,0.35714285714285715,0.45454545454545453,0.5848214285714286,0.4264202117919922
"19,13,17,23,13,10,16,8,13,20,17,14,9,4,4",0.6,0.7,0.6136160714285714,0.625,0.35714285714285715,0.45454545454545453,0.5848214285714286,0.3598504066467285
"0,19,4,16,11,9,11,23,0,8,22,0,14,0,10",0.6333333333333333,0.6,0.6120535714285715,0.7142857142857143,0.35714285714285715,0.47619047619047616,0.6160714285714286,0.3550896644592285
"4,13,11,16,5,3,11,11,16,22,9,11,14,18,9",0.6333333333333333,0.6,0.6120535714285714,0.7142857142857143,0.35714285714285715,0.47619047619047616,0.6160714285714286,0.27481746673583984
"14,19,10,20,3,17,13,1,6,23,13,4,12,18,19",0.6333333333333333,0.5,0.6104910714285714,0.5714285714285714,0.8571428571428571,0.6857142857142857,0.6473214285714286,0.528374195098877
"14,15,16,10,6,12,1,10,19,2,4,5,17,8,21",0.5666666666666667,0.7,0.610267857142857,0.5238095238095238,0.7857142857142857,0.6285714285714286,0.5803571428571428,0.391890287399292
"2,3,4,0,19,4,16,11,9,11,23,0,8,22,0",0.6,0.6,0.6087053571428571,0.55,0.7857142857142857,0.6470588235294118,0.6116071428571428,0.3531649112701416
"14,0,16,14,3,12,1,10,4,2,4,16,15,8,21",0.5333333333333333,0.8,0.608482142857143,0.5,0.7142857142857143,0.5882352941176471,0.5446428571428572,0.25670599937438965
"10,1,22,2,17,19,12,11,8,20,10,20,5,6,4",0.5666666666666667,0.8,0.6084821428571427,0.6,0.21428571428571427,0.3157894736842105,0.5446428571428571,0.355729341506958
"4,16,11,9,11,23,0,8,22,0,14,0,10,9,22",0.6666666666666666,0.4,0.6055803571428571,0.6111111111111112,0.7857142857142857,0.6875,0.6741071428571428,0.28528928756713867
"17,17,6,9,4,3,1,4,23,0,11,9,0,19,15",0.6333333333333333,0.6,0.6053571428571428,1.0,0.21428571428571427,0.35294117647058826,0.6071428571428571,0.3049495220184326
"14,0,16,14,3,12,1,10,19,2,4,16,15,8,21",0.6333333333333333,0.5,0.6004464285714286,0.6,0.6428571428571429,0.6206896551724138,0.6339285714285714,0.30477046966552734
"13,10,16,9,2,17,19,3,14,16,0,8,3,16,14",0.6333333333333333,0.5,0.6004464285714286,0.6,0.6428571428571429,0.6206896551724138,0.6339285714285714,0.3732919692993164
"15,13,0,2,9,14,12,16,2,23,16,9,6,22,10",0.6,0.6,0.5986607142857143,0.5714285714285714,0.5714285714285714,0.5714285714285714,0.5982142857142857,0.3083822727203369
"8,1,17,16,8,3,12,10,16,22,2,11,9,18,2",0.6333333333333333,0.5,0.5970982142857143,0.6153846153846154,0.5714285714285714,0.5925925925925926,0.6294642857142857,0.2866344451904297
"11,12,10,4,1,12,0,12,15,19,1,1,18,12,5",0.5333333333333333,0.7,0.596875,0.5,1.0,0.6666666666666666,0.5625,0.5981740951538086
"14,0,4,8,3,12,4,1,19,8,18,19,3,16,11",0.6666666666666666,0.4,0.5955357142857143,0.6666666666666666,0.5714285714285714,0.6153846153846154,0.6607142857142857,0.5900850296020508
"14,12,19,6,1,1,13,1,18,8,16,1,18,16,5",0.6,0.6,0.5953125,0.5833333333333334,0.5,0.5384615384615384,0.59375,0.3127768039703369
"19,17,4,10,1,0,2,16,16,16,15,5,4,6,17",0.5666666666666667,0.6,0.5953125,0.5185185185185185,1.0,0.6829268292682927,0.59375,0.44829559326171875
"12,11,8,20,10,20,5,6,4,16,1,4,8,9,7",0.6,0.5,0.59375,0.5384615384615384,1.0,0.7,0.625,0.231475830078125
"1,5,1,3,8,9,4,16,3,9,19,19,17,13,3",0.6333333333333333,0.4,0.5921875,0.56,1.0,0.717948717948718,0.65625,1.0189673900604248
"9,15,5,0,6,17,16,4,4,11,3,5,17,9,0",0.5666666666666667,0.6,0.5919642857142857,0.52,0.9285714285714286,0.6666666666666666,0.5892857142857143,0.22481179237365723
"8,1,17,10,8,8,12,10,19,2,2,5,9,13,2",0.6,0.6,0.5919642857142857,0.6,0.42857142857142855,0.5,0.5892857142857143,0.24620366096496582
"13,2,18,14,6,6,22,7,8,6,3,6,1,0,20",0.5666666666666667,0.6,0.5919642857142857,0.52,0.9285714285714286,0.6666666666666666,0.5892857142857143,0.24423813819885254
"14,0,4,14,1,0,2,10,16,16,15,5,4,6,23",0.5666666666666667,0.6,0.5919642857142857,0.52,0.9285714285714286,0.6666666666666666,0.5892857142857143,0.20241618156433105
"4,8,3,12,4,1,19,8,18,19,3,16,11,23,1",0.6,0.5,0.5904017857142857,0.5416666666666666,0.9285714285714286,0.6842105263157895,0.6205357142857143,0.5773191452026367
"16,10,5,0,2,17,19,12,11,8,3,10,17,5,0",0.6333333333333333,0.5,0.5904017857142857,0.6666666666666666,0.42857142857142855,0.5217391304347826,0.6205357142857143,0.3408489227294922
"17,14,5,4,4,18,3,0,15,20,8,9,8,20,9",0.6,0.5,0.5904017857142857,0.5416666666666666,0.9285714285714286,0.6842105263157895,0.6205357142857143,0.27571797370910645
"19,19,4,10,11,0,2,16,16,16,15,0,14,6,10",0.5333333333333333,0.7,0.5901785714285714,0.5,0.8571428571428571,0.631578947368421,0.5535714285714286,0.9593346118927002
"4,11,4,3,6,0,11,1,23,3,3,13,9,16,15",0.6333333333333333,0.4,0.5888392857142857,0.5652173913043478,0.9285714285714286,0.7027027027027027,0.6517857142857143,0.1960768699645996
"18,0,5,14,5,4,1,6,19,16,11,14,15,10,23",0.5666666666666667,0.6,0.5886160714285715,0.5217391304347826,0.8571428571428571,0.6486486486486487,0.5848214285714286,0.3255329132080078
"9,2,9,18,5,18,14,8,13,2,2,21,11,15,7",0.5666666666666667,0.6,0.5886160714285715,0.5217391304347826,0.8571428571428571,0.6486486486486487,0.5848214285714286,0.3680000305175781
"14,3,16,5,19,12,17,10,19,4,4,0,8,8,0",0.5666666666666667,0.6,0.5886160714285714,0.5217391304347826,0.8571428571428571,0.6486486486486487,0.5848214285714286,0.2694742679595947
"0,4,11,16,5,18,6,1,16,8,14,8,21,0,12",0.5333333333333333,0.8,0.5883928571428572,0.5,0.2857142857142857,0.36363636363636365,0.5178571428571428,0.28260135650634766
"8,18,13,16,15,17,6,18,2,17,8,2,5,6,9",0.6,0.5,0.5870535714285714,0.5454545454545454,0.8571428571428571,0.6666666666666666,0.6160714285714286,0.3638629913330078
"4,12,18,19,8,16,12,1,9,8,21,2,11,22,15",0.6,0.5,0.5870535714285714,0.5454545454545454,0.8571428571428571,0.6666666666666666,0.6160714285714286,0.5269889831542969
"0,8,1,9,3,4,2,18,4,15,16,7,17,13,15",0.6333333333333333,0.5,0.5870535714285714,0.7142857142857143,0.35714285714285715,0.47619047619047616,0.6160714285714286,0.28057336807250977
"13,3,5,0,1,16,11,3,14,20,13,11,3,3,6",0.6333333333333333,0.4,0.5854910714285715,0.5714285714285714,0.8571428571428571,0.6857142857142857,0.6473214285714286,0.2169513702392578
"14,0,16,12,3,9,1,10,4,16,4,5,15,16,21",0.6,0.6,0.5852678571428571,0.6666666666666666,0.2857142857142857,0.4,0.5803571428571428,0.22785592079162598
"19,11,6,3,22,6,17,10,13,19,6,19,17,13,18",0.6,0.6,0.5852678571428571,0.6666666666666666,0.2857142857142857,0.4,0.5803571428571428,1.1906261444091797
"4,16,5,9,11,17,16,8,22,0,3,0,10,9,0",0.5333333333333333,0.8,0.5850446428571427,0.5,0.21428571428571427,0.3,0.5133928571428571,0.2605476379394531
"14,0,16,5,3,12,17,10,19,2,4,16,15,8,21",0.5333333333333333,0.8,0.5850446428571427,0.5,0.21428571428571427,0.3,0.5133928571428571,0.3092484474182129
"20,16,11,13,9,8,13,21,14,12,19,6,1,1,13",0.6333333333333333,0.5,0.5837053571428571,0.8,0.2857142857142857,0.42105263157894735,0.6116071428571428,0.3149242401123047
"16,15,5,4,6,17,11,4,4,9,3,5,17,9,14",0.5,0.9,0.5832589285714286,0.4,0.14285714285714285,0.21052631578947367,0.4776785714285714,0.22110223770141602
"12,3,0,22,14,5,2,20,16,14,17,4,6,10,19",0.6666666666666666,0.4,0.5821428571428571,1.0,0.2857142857142857,0.4444444444444444,0.6428571428571428,0.23795413970947266
"9,23,1,10,22,4,11,4,3,6,0,11,1,23,3",0.5666666666666667,0.6,0.5819196428571429,0.5263157894736842,0.7142857142857143,0.6060606060606061,0.5758928571428572,0.20230388641357422
"16,10,10,7,2,17,19,12,11,8,14,10,13,5,10",0.5666666666666667,0.6,0.5819196428571429,0.5263157894736842,0.7142857142857143,0.6060606060606061,0.5758928571428572,0.41698288917541504
"1,9,8,21,2,11,22,15,20,8,3,17,13,9,5",0.5666666666666667,0.6,0.5819196428571429,0.5263157894736842,0.7142857142857143,0.6060606060606061,0.5758928571428572,0.2755904197692871
"16,10,14,9,2,17,6,12,11,8,1,10,17,5,11",0.6,0.5,0.5803571428571429,0.5555555555555556,0.7142857142857143,0.625,0.6071428571428572,0.31559324264526367
"14,0,5,14,3,12,1,10,19,2,11,16,15,8,23",0.6333333333333333,0.4,0.5787946428571429,0.5882352941176471,0.7142857142857143,0.6451612903225806,0.6383928571428572,0.28004956245422363
"16,10,2,22,2,17,19,12,11,8,20,10,20,5,6",0.5666666666666667,0.6,0.5785714285714285,0.5294117647058824,0.6428571428571429,0.5806451612903226,0.5714285714285714,0.38239526748657227
"16,15,5,0,6,17,1,4,4,11,11,5,17,9,0",0.5666666666666667,0.6,0.5785714285714285,0.5294117647058824,0.6428571428571429,0.5806451612903226,0.5714285714285714,0.23703956604003906
"18,0,5,14,5,6,1,6,19,16,11,14,15,10,23",0.5666666666666667,0.6,0.5785714285714285,0.5294117647058824,0.6428571428571429,0.5806451612903226,0.5714285714285714,0.3276703357696533
"16,18,16,14,2,18,1,11,10,16,4,9,15,5,23",0.6,0.6,0.5785714285714285,1.0,0.14285714285714285,0.25,0.5714285714285714,0.3225882053375244
"23,3,5,8,2,7,8,22,14,20,9,21,9,7,2",0.6,0.5,0.5770089285714286,0.5625,0.6428571428571429,0.6,0.6026785714285714,0.24967455863952637
"19,16,3,1,22,2,11,16,4,11,18,9,9,5,8",0.5666666666666667,0.7,0.5767857142857142,1.0,0.07142857142857142,0.13333333333333333,0.5357142857142857,0.3967859745025635
"13,4,21,10,1,12,0,13,7,11,8,4,5,10,14",0.5333333333333333,0.7,0.5767857142857142,0.5,0.5714285714285714,0.5333333333333333,0.5357142857142857,0.2469017505645752
"0,19,9,5,14,0,8,2,10,8,22,16,9,0,23",0.5666666666666667,0.6,0.5752232142857143,0.5333333333333333,0.5714285714285714,0.5517241379310345,0.5669642857142857,0.30211639404296875
"10,15,14,18,9,0,5,4,8,2,14,0,22,6,4",0.5666666666666667,0.6,0.5752232142857143,0.5333333333333333,0.5714285714285714,0.5517241379310345,0.5669642857142857,0.242034912109375
"14,15,5,14,3,12,1,10,4,2,11,16,15,8,23",0.6,0.5,0.5736607142857143,0.5714285714285714,0.5714285714285714,0.5714285714285714,0.5982142857142857,0.26036977767944336
"16,9,0,23,15,6,5,9,3,10,17,1,11,5,2",0.6,0.5,0.5736607142857143,0.5714285714285714,0.5714285714285714,0.5714285714285714,0.5982142857142857,0.26924753189086914
"0,20,2,0,11,4,2,4,15,0,6,9,18,0,8",0.5,0.7,0.5734375,0.4827586206896552,1.0,0.6511627906976745,0.53125,0.16852903366088867
"9,6,10,9,13,15,16,11,16,7,2,5,17,18,11",0.6333333333333333,0.4,0.5720982142857143,0.6153846153846154,0.5714285714285714,0.5925925925925926,0.6294642857142857,0.3121016025543213
"4,0,10,12,4,9,16,23,4,16,2,5,19,16,16",0.5333333333333333,0.6,0.571875,0.5,1.0,0.6666666666666666,0.5625,0.42735815048217773
"13,1,18,8,16,1,18,16,5,23,3,16,7,4,0",0.5666666666666667,0.5,0.5703125,0.5185185185185185,1.0,0.6829268292682927,0.59375,0.3403012752532959
"9,18,0,8,19,16,5,17,0,23,2,10,3,20,8",0.6,0.5,0.5703125,0.5833333333333334,0.5,0.5384615384615384,0.59375,0.3202323913574219
"14,15,16,4,6,12,1,10,19,2,4,5,17,8,21",0.5666666666666667,0.5,0.5703125,0.5185185185185185,1.0,0.6829268292682927,0.59375,0.3742241859436035
"14,16,4,13,11,16,5,3,11,11,16,22,9,11,14",0.5333333333333333,0.7,0.5700892857142856,0.5,0.42857142857142855,0.46153846153846156,0.5267857142857143,0.27149486541748047
"11,4,15,3,1,12,19,19,12,14,1,14,15,2,5",0.5333333333333333,0.7,0.5700892857142856,0.5,0.42857142857142855,0.46153846153846156,0.5267857142857143,0.8504824638366699
"14,15,16,5,19,12,17,10,4,4,4,0,8,8,0",0.5,0.7,0.5700892857142856,0.48148148148148145,0.9285714285714286,0.6341463414634146,0.5267857142857143,0.27930545806884766
"10,6,16,2,9,23,11,1,13,11,6,11,19,6,2",0.5,0.7,0.5700892857142856,0.48148148148148145,0.9285714285714286,0.6341463414634146,0.5267857142857143,0.2643015384674072
"8,0,16,14,3,18,1,11,10,16,4,16,15,5,21",0.5333333333333333,0.6,0.5685267857142857,0.5,0.9285714285714286,0.65,0.5580357142857143,0.25785136222839355
"2,0,11,4,2,4,15,0,6,9,18,0,8,19,16",0.5666666666666667,0.6,0.5685267857142857,0.5454545454545454,0.42857142857142855,0.48,0.5580357142857143,0.2336103916168213
"22,7,10,3,17,0,6,0,16,1,10,5,21,13,10",0.5333333333333333,0.6,0.5685267857142857,0.5,0.9285714285714286,0.65,0.5580357142857143,0.25878405570983887
"14,14,2,22,13,6,14,19,10,20,3,17,13,1,6",0.5333333333333333,0.6,0.5685267857142857,0.5,0.9285714285714286,0.65,0.5580357142857143,0.262209415435791
"13,19,6,19,17,13,18,12,4,9,7,15,22,17,12",0.5,0.8,0.5683035714285715,0.45454545454545453,0.35714285714285715,0.4,0.4910714285714286,1.1057155132293701
"10,3,0,20,5,4,0,13,22,4,17,4,18,9,0",0.4666666666666667,0.8,0.5683035714285714,0.46153846153846156,0.8571428571428571,0.6,0.49107142857142855,0.2525157928466797
"22,14,10,13,10,23,11,2,2,19,12,15,5,8,4",0.5666666666666667,0.5,0.5669642857142857,0.52,0.9285714285714286,0.6666666666666666,0.5892857142857143,0.27063608169555664
"0,17,23,5,5,13,18,18,15,16,13,15,6,15,12",0.5333333333333333,0.7,0.5667410714285714,0.5,0.35714285714285715,0.4166666666666667,0.5223214285714286,0.40602731704711914
"5,9,6,16,12,5,16,11,6,3,2,16,12,20,11",0.5,0.7,0.5667410714285714,0.48,0.8571428571428571,0.6153846153846154,0.5223214285714286,0.21171355247497559
"8,6,17,7,8,8,2,10,0,0,2,14,9,13,2",0.6,0.4,0.5654017857142857,0.5416666666666666,0.9285714285714286,0.6842105263157895,0.6205357142857143,0.20424199104309082
"4,13,16,16,3,12,1,11,19,2,4,5,15,8,9",0.5666666666666667,0.6,0.5651785714285714,0.5555555555555556,0.35714285714285715,0.43478260869565216,0.5535714285714286,0.2851402759552002
"0,12,3,20,2,8,19,13,2,18,14,6,6,22,7",0.5666666666666667,0.5,0.5636160714285714,0.5217391304347826,0.8571428571428571,0.6486486486486487,0.5848214285714286,0.22927308082580566
"22,0,7,8,16,14,14,15,1,1,20,1,7,5,8",0.5666666666666667,0.5,0.5636160714285714,0.5217391304347826,0.8571428571428571,0.6486486486486487,0.5848214285714286,0.2719738483428955
"14,15,5,10,6,12,1,10,19,2,11,5,17,8,14",0.5666666666666667,0.5,0.5636160714285714,0.5217391304347826,0.8571428571428571,0.6486486486486487,0.5848214285714286,0.24900317192077637
"14,0,16,14,1,12,1,10,16,16,4,5,4,8,21",0.5666666666666667,0.5,0.5636160714285714,0.5217391304347826,0.8571428571428571,0.6486486486486487,0.5848214285714286,0.24614644050598145
"8,12,8,15,1,0,12,14,17,9,15,1,18,14,5",0.5333333333333333,0.7,0.563392857142857,0.5,0.2857142857142857,0.36363636363636365,0.5178571428571428,0.2913334369659424
"12,0,7,19,15,10,6,9,22,0,11,7,5,9,7",0.5,0.7,0.563392857142857,0.4782608695652174,0.7857142857142857,0.5945945945945946,0.5178571428571428,0.2664828300476074
"19,17,4,5,1,0,1,16,16,2,15,5,4,6,21",0.6333333333333333,0.4,0.5620535714285715,0.7142857142857143,0.35714285714285715,0.47619047619047616,0.6160714285714286,0.46026158332824707
"9,22,15,14,9,1,0,1,2,0,16,9,13,8,14",0.6333333333333333,0.4,0.5620535714285715,0.7142857142857143,0.35714285714285715,0.47619047619047616,0.6160714285714286,0.21561837196350098
"18,0,17,2,15,1,3,10,0,7,6,15,8,12,4",0.5666666666666667,0.6,0.5618303571428571,0.5714285714285714,0.2857142857142857,0.38095238095238093,0.5491071428571428,0.34310221672058105
"14,0,5,10,3,12,1,10,19,2,11,16,15,8,12",0.5666666666666667,0.6,0.5618303571428571,0.5714285714285714,0.2857142857142857,0.38095238095238093,0.5491071428571428,0.2814159393310547
"16,15,5,0,6,17,16,4,4,11,3,5,17,4,0",0.5666666666666667,0.6,0.5618303571428571,0.5714285714285714,0.2857142857142857,0.38095238095238093,0.5491071428571428,0.22202682495117188
"17,12,3,15,8,17,6,12,15,13,3,11,12,5,20",0.5666666666666667,0.6,0.5618303571428571,0.5714285714285714,0.2857142857142857,0.38095238095238093,0.5491071428571428,0.260636568069458
"17,6,9,0,16,7,12,3,2,1,12,12,21,8,17",0.5333333333333333,0.6,0.5618303571428571,0.5,0.7857142857142857,0.6111111111111112,0.5491071428571428,0.2754366397857666
"15,14,11,13,0,13,18,5,6,9,9,13,12,17,15",0.5333333333333333,0.6,0.5618303571428571,0.5,0.7857142857142857,0.6111111111111112,0.5491071428571428,0.2674591541290283
"14,15,13,7,23,12,12,17,3,10,2,10,8,4,15",0.5666666666666667,0.5,0.5602678571428571,0.5238095238095238,0.7857142857142857,0.6285714285714286,0.5803571428571428,0.2805287837982178
"15,21,14,8,17,19,9,19,7,3,23,3,5,8,2",0.5666666666666667,0.5,0.5602678571428571,0.5238095238095238,0.7857142857142857,0.6285714285714286,0.5803571428571428,0.367384672164917
"9,6,3,12,9,12,12,7,5,18,17,5,4,3,8",0.6,0.4,0.5587053571428571,0.55,0.7857142857142857,0.6470588235294118,0.6116071428571428,0.25895261764526367
"14,0,16,5,3,12,1,10,19,2,4,16,15,8,2",0.5333333333333333,0.6,0.5584821428571429,0.5,0.7142857142857143,0.5882352941176471,0.5446428571428572,0.28909730911254883
"14,0,16,5,3,12,1,10,19,4,4,0,15,8,21",0.5333333333333333,0.6,0.5584821428571429,0.5,0.7142857142857143,0.5882352941176471,0.5446428571428572,0.23488712310791016
"9,14,18,16,12,17,6,19,5,15,0,6,7,14,17",0.5666666666666667,0.6,0.5584821428571428,0.6,0.21428571428571427,0.3157894736842105,0.5446428571428571,0.418471097946167
"14,2,5,5,18,16,19,6,17,19,19,18,7,6,7",0.5,0.8,0.5582589285714286,0.4,0.14285714285714285,0.21052631578947367,0.4776785714285714,1.6119632720947266
"14,0,16,16,3,18,1,10,16,8,4,8,15,0,21",0.5666666666666667,0.5,0.5569196428571429,0.5263157894736842,0.7142857142857143,0.6060606060606061,0.5758928571428572,0.29326558113098145
"0,19,2,7,17,3,16,1,9,16,10,7,16,15,20",0.5666666666666667,0.5,0.5569196428571429,0.5263157894736842,0.7142857142857143,0.6060606060606061,0.5758928571428572,0.33769726753234863
"4,12,5,2,12,9,12,6,9,11,22,5,15,14,8",0.5666666666666667,0.5,0.5569196428571429,0.5263157894736842,0.7142857142857143,0.6060606060606061,0.5758928571428572,0.2179715633392334
"14,15,16,5,6,12,1,10,19,2,4,5,17,8,21",0.5666666666666667,0.5,0.5569196428571429,0.5263157894736842,0.7142857142857143,0.6060606060606061,0.5758928571428572,0.3878786563873291
"8,1,17,6,8,1,12,10,16,12,2,10,9,8,2",0.5666666666666667,0.5,0.5569196428571429,0.5263157894736842,0.7142857142857143,0.6060606060606061,0.5758928571428572,0.219193696975708
"17,17,0,3,9,1,5,15,2,22,15,2,2,19,12",0.5666666666666667,0.5,0.5569196428571429,0.5263157894736842,0.7142857142857143,0.6060606060606061,0.5758928571428572,0.2949802875518799
"12,15,19,1,1,14,12,14,8,1,17,7,8,8,12",0.6,0.5,0.5569196428571428,0.75,0.21428571428571427,0.3333333333333333,0.5758928571428571,0.30942344665527344
"14,0,0,10,3,12,1,10,19,2,12,16,15,8,12",0.6,0.5,0.5569196428571428,0.75,0.2142857142857142,0.3333333333333333,0.5758928571428571,0.2874293327331543
"4,17,4,18,9,0,0,19,5,2,9,4,8,0,3",0.6,0.5,0.5569196428571428,0.75,0.21428571428571427,0.3333333333333333,0.5758928571428571,0.27927613258361816
"10,21,1,11,10,10,16,16,17,7,7,1,18,14,22",0.5333333333333333,0.7,0.5566964285714285,0.5,0.14285714285714285,0.2222222222222222,0.5089285714285714,0.33911561965942383
"1,1,1,1,20,10,2,14,22,10,21,14,3,10,15",0.6333333333333333,0.4,0.5553571428571428,1.0,0.21428571428571427,0.35294117647058826,0.6071428571428571,0.20624089241027832
"4,13,11,16,5,3,11,11,16,5,9,11,14,18,9",0.5666666666666667,0.6,0.5551339285714285,0.6666666666666666,0.14285714285714285,0.23529411764705882,0.5401785714285714,0.26049327850341797
"9,2,16,18,5,12,1,8,13,2,4,21,11,8,21",0.5666666666666667,0.6,0.5551339285714285,0.6666666666666666,0.14285714285714285,0.23529411764705882,0.5401785714285714,0.25135374069213867
"16,12,5,16,11,6,3,2,16,12,20,11,10,21,3",0.5333333333333333,0.6,0.5551339285714285,0.5,0.6428571428571429,0.5625,0.5401785714285714,0.2923712730407715
"7,21,1,14,11,22,15,13,16,11,6,18,12,8,20",0.5,0.8,0.5549107142857144,0.3333333333333333,0.07142857142857142,0.11764705882352941,0.4732142857142857,0.30008721351623535
"16,12,5,0,1,17,16,4,4,11,3,1,18,9,5",0.5666666666666667,0.5,0.5535714285714286,0.5294117647058824,0.6428571428571429,0.5806451612903226,0.5714285714285714,0.2515604496002197
"9,9,13,20,6,2,11,12,0,22,1,4,4,9,18",0.5666666666666667,0.5,0.5535714285714286,0.5294117647058824,0.6428571428571429,0.5806451612903226,0.5714285714285714,0.23008251190185547
"9,10,16,9,2,17,3,11,16,7,23,5,17,18,11",0.6,0.5,0.5535714285714286,1.0,0.14285714285714285,0.25,0.5714285714285714,0.3294718265533447
"4,19,10,10,17,17,1,23,17,6,3,2,13,13,19",0.6,0.5,0.5535714285714286,1.0,0.14285714285714285,0.25,0.5714285714285714,0.7364988327026367
"18,12,4,9,7,15,22,17,12,11,10,14,9,15,15",0.5333333333333333,0.7,0.5533482142857142,0.5,0.07142857142857142,0.125,0.5044642857142857,0.31172823905944824
"4,19,6,18,14,22,12,15,7,15,15,14,21,5,3",0.5333333333333333,0.7,0.5533482142857142,0.5,0.07142857142857142,0.125,0.5044642857142857,0.6263489723205566
"18,5,6,9,9,13,12,17,15,5,11,12,17,21,12",0.6,0.4,0.5520089285714286,0.5625,0.6428571428571429,0.6,0.6026785714285714,0.3014223575592041
"1,3,6,20,12,5,13,20,3,8,4,8,11,3,21",0.5666666666666667,0.6,0.5517857142857143,1.0,0.07142857142857142,0.13333333333333333,0.5357142857142857,0.22414040565490723
"14,14,13,15,8,7,20,9,13,7,8,0,16,11,10",0.5666666666666667,0.6,0.5517857142857143,1.0,0.07142857142857142,0.13333333333333333,0.5357142857142857,0.3023514747619629
"17,13,1,6,23,13,4,12,18,19,8,16,12,1,9",0.5666666666666667,0.6,0.5517857142857143,1.0,0.07142857142857142,0.13333333333333333,0.5357142857142857,0.5415382385253906
"12,10,1,12,0,7,19,15,10,6,9,22,0,11,7",0.5666666666666667,0.5,0.5502232142857143,0.5333333333333333,0.5714285714285714,0.5517241379310345,0.5669642857142857,0.2534627914428711
"16,15,5,0,6,17,16,4,8,11,3,5,17,9,0",0.4666666666666667,0.7,0.55,0.4666666666666667,1.0,0.6363636363636364,0.5,0.23133540153503418
"12,5,2,12,9,12,6,9,11,22,5,15,14,8,8",0.5,0.7,0.55,0.4666666666666667,0.5,0.4827586206896552,0.5,0.2311234474182129
"3,22,2,7,8,18,14,14,15,1,1,20,14,2,5",0.4666666666666667,0.7,0.55,0.4666666666666667,1.0,0.6363636363636364,0.5,0.2559821605682373
"8,5,14,5,4,1,6,3,16,11,14,15,10,23,1",0.6,0.4,0.5486607142857143,0.5714285714285714,0.5714285714285714,0.5714285714285714,0.5982142857142857,0.2513740062713623
"16,10,16,9,2,17,16,4,4,11,23,5,17,9,0",0.5,0.6,0.5484375,0.4827586206896552,1.0,0.6511627906976745,0.53125,0.27312254905700684
"14,8,17,6,1,10,12,2,13,14,13,13,17,3,20",0.5,0.6,0.5484375,0.4827586206896552,1.0,0.6511627906976745,0.53125,0.25942277908325195
"10,10,17,17,1,23,17,6,3,2,13,13,19,1,18",0.5,0.6,0.5484375,0.4827586206896552,1.0,0.6511627906976745,0.53125,1.0145957469940186
"8,16,12,1,9,8,21,2,11,22,15,20,8,3,17",0.5333333333333333,0.5,0.546875,0.5,1.0,0.6666666666666666,0.5625,0.2710103988647461
"1,15,14,10,7,20,14,8,23,3,8,10,4,3,20",0.5333333333333333,0.5,0.546875,0.5,1.0,0.6666666666666666,0.5625,0.3362126350402832
"8,20,3,7,1,5,1,3,8,9,4,16,3,9,19",0.5333333333333333,0.5,0.546875,0.5,1.0,0.6666666666666666,0.5625,0.21411657333374023
"15,2,2,19,12,22,1,16,2,8,18,18,15,8,8",0.5666666666666667,0.5,0.546875,0.5384615384615384,0.5,0.5185185185185185,0.5625,0.40601205825805664
"18,0,5,15,5,16,1,6,1,13,11,9,15,9,23",0.5666666666666667,0.5,0.546875,0.5384615384615384,0.5,0.5185185185185185,0.5625,0.2714252471923828
"11,9,11,23,0,8,22,0,14,0,10,9,22,15,14",0.4666666666666667,0.7,0.5466517857142856,0.4642857142857143,0.9285714285714286,0.6190476190476191,0.4955357142857143,0.2400670051574707
"0,8,2,10,8,22,16,9,0,23,15,6,5,9,3",0.4666666666666667,0.7,0.5466517857142856,0.4642857142857143,0.9285714285714286,0.6190476190476191,0.4955357142857143,0.22523212432861328
"14,3,16,0,3,12,1,10,14,11,4,0,15,8,21",0.6,0.4,0.5453125,0.5833333333333334,0.5,0.5384615384615384,0.59375,0.2559230327606201
"8,1,9,3,4,2,18,4,15,16,7,17,13,15,3",0.5666666666666667,0.4,0.5453125,0.5185185185185185,1.0,0.6829268292682927,0.59375,0.2669401168823242
"16,15,5,0,6,17,16,4,4,11,3,8,17,9,0",0.5,0.6,0.5450892857142857,0.48148148148148145,0.9285714285714286,0.6341463414634146,0.5267857142857143,0.2336101531982422
"10,2,2,15,12,19,19,10,5,20,16,11,13,9,8",0.5,0.6,0.5450892857142857,0.48148148148148145,0.9285714285714286,0.6341463414634146,0.5267857142857143,0.8480710983276367
"14,15,5,3,6,9,1,10,3,9,3,19,17,13,21",0.5,0.6,0.5450892857142857,0.48148148148148145,0.9285714285714286,0.6341463414634146,0.5267857142857143,0.33208155632019043
"15,7,17,18,0,17,2,15,1,3,10,0,7,6,15",0.5,0.6,0.5450892857142857,0.48148148148148145,0.9285714285714286,0.6341463414634146,0.5267857142857143,0.3873744010925293
"12,13,19,13,9,15,23,2,16,9,15,15,19,12,7",0.5,0.6,0.5450892857142857,0.48148148148148145,0.9285714285714286,0.6341463414634146,0.5267857142857143,0.39740753173828125
"11,16,5,3,11,11,16,22,9,11,14,18,9,15,22",0.4666666666666667,0.8,0.5448660714285715,0.4166666666666667,0.35714285714285715,0.38461538461538464,0.4598214285714286,0.29872751235961914
"4,0,19,4,16,11,9,11,23,0,8,22,0,14,0",0.4666666666666667,0.8,0.5448660714285715,0.4166666666666667,0.35714285714285715,0.38461538461538464,0.4598214285714286,0.35298991203308105
"10,14,16,2,22,1,3,0,4,10,13,20,15,10,3",0.5666666666666667,0.5,0.5435267857142857,0.5454545454545454,0.42857142857142855,0.48,0.5580357142857143,0.2531704902648926
"12,19,6,1,1,13,1,18,8,16,1,18,16,5,23",0.4666666666666667,0.7,0.5433035714285714,0.46153846153846156,0.8571428571428571,0.6,0.49107142857142855,0.329235315322876
"14,1,19,18,17,11,17,9,23,1,10,22,4,11,4",0.4666666666666667,0.7,0.5433035714285714,0.46153846153846156,0.8571428571428571,0.6,0.49107142857142855,0.6073224544525146
"19,13,14,3,6,12,1,18,7,16,12,0,10,1,8",0.6,0.4,0.5419642857142857,0.6,0.42857142857142855,0.5,0.5892857142857143,0.31937193870544434
"14,10,5,0,6,17,1,10,11,2,3,5,17,8,21",0.5666666666666667,0.4,0.5419642857142857,0.52,0.9285714285714286,0.6666666666666666,0.5892857142857143,0.2303307056427002
"15,5,4,6,17,11,4,4,9,3,5,17,9,14,6",0.6,0.4,0.5419642857142857,0.6,0.42857142857142855,0.5,0.5892857142857143,0.22267532348632812
"16,18,16,5,2,18,17,11,10,21,4,9,15,5,21",0.6,0.4,0.5419642857142857,0.6,0.4285714285714285,0.5,0.5892857142857143,0.4256258010864258
"16,6,11,12,6,17,16,22,9,15,20,5,4,4,8",0.5333333333333333,0.6,0.5417410714285714,0.5,0.35714285714285715,0.4166666666666667,0.5223214285714286,0.27051520347595215
"18,14,7,2,12,10,2,2,19,11,4,6,1,1,7",0.5,0.6,0.5417410714285714,0.48,0.8571428571428571,0.6153846153846154,0.5223214285714286,0.24964118003845215
"19,17,6,9,0,16,7,12,3,2,1,12,12,21,8",0.5333333333333333,0.5,0.5401785714285714,0.5,0.8571428571428571,0.631578947368421,0.5535714285714286,0.49262022972106934
"5,18,6,1,16,8,14,8,21,0,12,3,14,16,4",0.5666666666666667,0.5,0.5401785714285714,0.5555555555555556,0.35714285714285715,0.43478260869565216,0.5535714285714286,0.299283504486084
"10,16,8,13,20,17,14,9,4,4,14,0,4,8,3",0.5,0.7,0.5399553571428571,0.4444444444444444,0.2857142857142857,0.34782608695652173,0.48660714285714285,0.24710536003112793
"18,8,0,14,18,12,1,6,19,2,12,15,4,8,23",0.4666666666666667,0.7,0.5399553571428571,0.4583333333333333,0.7857142857142857,0.5789473684210527,0.48660714285714285,0.30214381217956543
"6,12,17,3,6,2,14,12,15,19,16,13,6,4,2",0.4666666666666667,0.7,0.5399553571428571,0.4583333333333333,0.7857142857142857,0.5789473684210527,0.48660714285714285,0.2981712818145752
"7,20,0,14,14,13,18,10,7,7,10,21,1,11,10",0.5666666666666667,0.4,0.5386160714285715,0.5217391304347826,0.8571428571428571,0.6486486486486487,0.5848214285714286,0.29430675506591797
"7,12,9,10,7,20,0,14,14,13,18,10,7,7,10",0.5666666666666667,0.4,0.5386160714285715,0.5217391304347826,0.8571428571428571,0.6486486486486487,0.5848214285714286,0.3098437786102295
"7,5,9,7,21,1,14,11,22,15,13,16,11,6,18",0.5666666666666667,0.4,0.5386160714285715,0.5217391304347826,0.8571428571428571,0.6486486486486487,0.5848214285714286,0.25781774520874023
"7,8,20,0,3,16,0,11,8,9,14,18,13,20,17",0.5666666666666667,0.4,0.5386160714285715,0.5217391304347826,0.8571428571428571,0.6486486486486487,0.5848214285714286,0.297332763671875
"7,17,18,0,17,2,15,1,3,10,0,7,6,15,8",0.5666666666666667,0.4,0.5386160714285715,0.5217391304347826,0.8571428571428571,0.6486486486486487,0.5848214285714286,0.386394739151001
"11,1,1,4,2,17,19,12,11,8,20,10,20,5,14",0.5,0.6,0.5383928571428571,0.4782608695652174,0.7857142857142857,0.5945945945945946,0.5178571428571428,0.3419303894042969
"1,12,19,14,10,19,8,23,5,10,19,13,17,23,13",0.5,0.6,0.5383928571428571,0.4782608695652174,0.7857142857142857,0.5945945945945946,0.5178571428571428,0.3111555576324463
"18,0,8,19,16,5,17,0,23,2,10,3,20,8,9",0.4666666666666667,0.8,0.5381696428571429,0.375,0.21428571428571427,0.2727272727272727,0.45089285714285715,0.3437325954437256
"14,16,5,14,11,12,1,10,19,2,11,0,10,8,22",0.5666666666666667,0.5,0.5368303571428571,0.5714285714285714,0.2857142857142857,0.38095238095238093,0.5491071428571428,0.2757134437561035
"6,3,16,11,14,15,10,23,1,10,10,12,3,0,22",0.5333333333333333,0.5,0.5368303571428571,0.5,0.7857142857142857,0.6111111111111112,0.5491071428571428,0.26172375679016113
"12,0,12,15,19,1,1,14,12,14,8,1,17,7,8",0.5666666666666667,0.5,0.5368303571428571,0.5714285714285714,0.2857142857142857,0.38095238095238093,0.5491071428571428,0.29547667503356934
"19,6,1,1,13,1,18,8,16,1,18,16,5,23,3",0.4666666666666667,0.7,0.5366071428571428,0.45454545454545453,0.7142857142857143,0.5555555555555556,0.48214285714285715,0.38498520851135254
"18,0,16,14,5,12,1,6,19,16,4,14,15,8,21",0.4666666666666667,0.7,0.5366071428571428,0.45454545454545453,0.7142857142857143,0.5555555555555556,0.48214285714285715,0.3514974117279053
"14,15,5,14,6,10,1,10,16,16,3,5,17,6,21",0.4666666666666667,0.7,0.5366071428571428,0.45454545454545453,0.7142857142857143,0.5555555555555556,0.48214285714285715,0.2532236576080322
"18,14,6,6,22,7,8,6,3,6,1,0,20,2,0",0.6,0.4,0.5352678571428571,0.6666666666666666,0.2857142857142857,0.4,0.5803571428571428,0.2589387893676758
"15,16,12,12,7,14,22,9,7,3,12,13,5,13,13",0.5666666666666667,0.4,0.5352678571428571,0.5238095238095238,0.7857142857142857,0.6285714285714286,0.5803571428571428,0.30588555335998535
"0,11,18,15,5,23,11,16,0,14,14,17,15,19,18",0.5,0.6,0.5350446428571429,0.47619047619047616,0.7142857142857143,0.5714285714285714,0.5133928571428572,0.5575540065765381
"9,8,21,2,11,22,15,20,8,3,17,13,9,5,13",0.5,0.6,0.5350446428571429,0.47619047619047616,0.7142857142857143,0.5714285714285714,0.5133928571428572,0.27212071418762207
"14,1,17,22,2,5,16,12,6,5,0,0,17,18,11",0.5,0.6,0.5350446428571429,0.47619047619047616,0.7142857142857143,0.5714285714285714,0.5133928571428572,0.3142116069793701
"3,17,22,17,18,14,13,10,7,17,23,5,16,1,14",0.5333333333333333,0.6,0.5350446428571428,0.5,0.21428571428571427,0.3,0.5133928571428571,0.5543944835662842
"12,14,8,1,17,7,8,8,12,10,0,0,2,1,9",0.5333333333333333,0.6,0.5350446428571428,0.5,0.21428571428571427,0.3,0.5133928571428571,0.2266542911529541
"16,16,15,5,4,6,17,11,4,4,9,3,5,17,9",0.5333333333333333,0.5,0.5334821428571429,0.5,0.7142857142857143,0.5882352941176471,0.5446428571428572,0.2234635353088379
"14,9,16,10,3,12,1,10,19,2,4,5,3,8,21",0.5666666666666667,0.5,0.5334821428571428,0.6,0.21428571428571427,0.3157894736842105,0.5446428571428571,0.27988338470458984
"12,3,14,8,17,6,1,10,12,2,13,14,13,13,17",0.5666666666666667,0.5,0.5334821428571428,0.6,0.21428571428571427,0.3157894736842105,0.5446428571428571,0.26909780502319336
"10,19,13,17,23,13,10,16,8,13,20,17,14,9,4",0.5,0.7,0.5332589285714285,0.4,0.14285714285714285,0.21052631578947367,0.4776785714285714,0.30808329582214355
"8,1,23,7,8,8,12,10,0,0,2,1,9,13,2",0.5,0.7,0.5332589285714285,0.4,0.14285714285714285,0.21052631578947367,0.4776785714285714,0.20853495597839355
"17,9,23,1,10,22,4,11,4,3,6,0,11,1,23",0.5,0.7,0.5332589285714285,0.4,0.14285714285714285,0.21052631578947367,0.4776785714285714,0.2605400085449219
"16,18,16,14,2,10,17,11,23,5,4,1,15,2,21",0.6,0.4,0.5319196428571428,0.75,0.21428571428571427,0.3333333333333333,0.5758928571428571,0.3062632083892822
"9,16,23,4,16,2,5,19,16,16,1,3,8,13,18",0.5333333333333333,0.6,0.5316964285714285,0.5,0.14285714285714285,0.2222222222222222,0.5089285714285714,0.49321842193603516
"14,0,16,4,3,17,1,10,4,9,4,5,15,9,21",0.43333333333333335,0.8,0.5314732142857144,0.42105263157894735,0.5714285714285714,0.48484848484848486,0.4419642857142857,0.22695016860961914
"22,9,11,14,18,9,15,22,7,13,15,13,9,2,2",0.6,0.3,0.530357142857143,0.5555555555555556,0.7142857142857143,0.625,0.6071428571428572,0.27205657958984375
"1,3,10,0,7,6,15,8,12,4,12,22,14,0,21",0.5666666666666667,0.5,0.5301339285714286,0.6666666666666666,0.14285714285714285,0.23529411764705882,0.5401785714285714,0.23897528648376465
"5,10,14,0,17,17,6,9,11,3,1,4,23,0,11",0.5666666666666667,0.5,0.5301339285714286,0.6666666666666666,0.14285714285714285,0.23529411764705882,0.5401785714285714,0.2502274513244629
"16,15,6,0,6,17,1,4,4,11,11,5,17,9,0",0.5333333333333333,0.5,0.5301339285714286,0.5,0.6428571428571429,0.5625,0.5401785714285714,0.22594785690307617
"7,2,8,1,9,2,9,18,5,18,14,8,13,2,2",0.5333333333333333,0.5,0.5301339285714286,0.5,0.6428571428571429,0.5625,0.5401785714285714,0.338498592376709
"17,0,6,0,16,1,10,5,21,13,10,1,7,4,8",0.5333333333333333,0.5,0.5301339285714286,0.5,0.6428571428571429,0.5625,0.5401785714285714,0.26035618782043457
"19,10,1,22,2,17,9,1,0,7,20,7,23,17,9",0.5333333333333333,0.5,0.5301339285714286,0.5,0.6428571428571429,0.5625,0.5401785714285714,0.3184850215911865
"7,22,14,10,13,10,23,11,2,2,19,12,15,5,8",0.5,0.7,0.5299107142857142,0.3333333333333333,0.07142857142857142,0.11764705882352941,0.4732142857142857,0.2879674434661865
"10,3,5,0,2,6,5,6,3,9,6,6,12,4,13",0.6,0.4,0.5285714285714286,1.0,0.1428571428571428,0.25,0.5714285714285714,0.1759438514709472
"15,19,12,7,9,11,18,16,9,3,16,0,22,12,16",0.5,0.6,0.5283482142857143,0.47058823529411764,0.5714285714285714,0.5161290322580645,0.5044642857142857,0.326444149017334
"0,17,13,2,10,4,7,12,0,11,3,19,18,14,14",0.5333333333333333,0.6,0.5283482142857143,0.5,0.07142857142857142,0.125,0.5044642857142857,0.5036323070526123
"14,0,5,9,3,12,0,10,19,0,11,16,15,8,22",0.5333333333333333,0.6,0.5283482142857143,0.5,0.07142857142857142,0.125,0.5044642857142857,0.25842785835266113
"4,0,17,7,20,14,15,13,0,2,9,14,12,16,2",0.5,0.6,0.5283482142857143,0.47058823529411764,0.5714285714285714,0.5161290322580645,0.5044642857142857,0.26064467430114746
"3,6,3,15,14,16,8,7,1,13,7,9,10,9,7",0.5333333333333333,0.6,0.5283482142857143,0.5,0.07142857142857142,0.125,0.5044642857142857,0.2941458225250244
"9,19,7,3,23,3,5,8,2,7,8,22,14,20,9",0.5,0.6,0.5283482142857143,0.47058823529411764,0.5714285714285714,0.5161290322580645,0.5044642857142857,0.2541506290435791
"18,6,1,17,14,7,8,20,0,3,16,0,11,8,9",0.43333333333333335,0.8,0.528125,0.4117647058823529,0.5,0.45161290322580644,0.4375,0.35384154319763184
"20,0,8,15,4,2,15,20,3,11,1,16,1,11,8",0.5666666666666667,0.5,0.5267857142857143,1.0,0.07142857142857142,0.13333333333333333,0.5357142857142857,0.2705850601196289
"3,2,2,22,8,23,2,17,12,8,15,6,18,13,11",0.5666666666666667,0.5,0.5267857142857143,1.0,0.07142857142857142,0.13333333333333333,0.5357142857142857,0.24521398544311523
"3,5,8,2,7,8,22,14,20,9,21,9,7,2,8",0.5666666666666667,0.5,0.5267857142857143,1.0,0.07142857142857142,0.13333333333333333,0.5357142857142857,0.23374414443969727
"6,16,9,13,15,3,11,16,7,23,5,17,18,11,9",0.5666666666666667,0.5,0.5267857142857143,1.0,0.07142857142857142,0.13333333333333333,0.5357142857142857,0.32445335388183594
"17,15,6,9,4,3,1,4,4,0,11,9,0,19,15",0.5666666666666667,0.5,0.5267857142857143,1.0,0.07142857142857142,0.13333333333333333,0.5357142857142857,0.2563765048980713
"11,8,20,10,20,5,6,4,16,1,4,8,9,7,5",0.5666666666666667,0.5,0.5267857142857143,1.0,0.07142857142857142,0.13333333333333333,0.5357142857142857,0.20831704139709473
"23,11,1,2,22,3,12,12,9,2,0,16,17,15,19",0.5666666666666667,0.5,0.5267857142857143,1.0,0.07142857142857142,0.13333333333333333,0.5357142857142857,0.2635231018066406
"18,0,5,8,5,21,1,6,4,8,11,3,15,9,23",0.5333333333333333,0.5,0.5267857142857143,0.5,0.5714285714285714,0.5333333333333333,0.5357142857142857,0.24451041221618652
"3,10,0,3,14,7,4,21,4,0,12,1,15,14,10",0.5666666666666667,0.5,0.5267857142857143,1.0,0.07142857142857142,0.13333333333333333,0.5357142857142857,0.22400283813476562
"12,11,3,9,23,16,5,22,8,5,13,4,2,17,18",0.5666666666666667,0.5,0.5267857142857143,1.0,0.07142857142857142,0.13333333333333333,0.5357142857142857,0.2961406707763672
"14,18,9,15,22,7,13,15,13,9,2,2,0,5,17",0.5666666666666667,0.5,0.5267857142857143,1.0,0.07142857142857142,0.13333333333333333,0.5357142857142857,0.25215625762939453
"14,20,0,10,18,12,1,10,19,2,12,15,4,8,14",0.5333333333333333,0.5,0.5267857142857143,0.5,0.5714285714285714,0.5333333333333333,0.5357142857142857,0.2774064540863037
"21,2,11,22,15,20,8,3,17,13,9,5,13,15,1",0.5666666666666667,0.5,0.5267857142857143,1.0,0.07142857142857142,0.13333333333333333,0.5357142857142857,0.28197288513183594
"10,7,7,10,21,1,11,10,10,16,16,17,7,7,1",0.5666666666666667,0.5,0.5267857142857143,1.0,0.07142857142857142,0.13333333333333333,0.5357142857142857,0.350841760635376
"16,17,22,17,1,18,14,7,2,12,10,2,2,19,11",0.5666666666666667,0.5,0.5267857142857143,1.0,0.07142857142857142,0.13333333333333333,0.5357142857142857,0.43668317794799805
"14,20,9,21,9,7,2,8,1,9,2,9,18,5,18",0.5333333333333333,0.5,0.5267857142857143,0.5,0.5714285714285714,0.5333333333333333,0.5357142857142857,0.36272644996643066
"22,4,17,4,18,9,0,0,19,5,2,9,4,8,0",0.5,0.7,0.5265625,0.0,0.0,0.0,0.46875,0.2879633903503418
"14,0,2,14,3,12,1,10,4,2,4,16,15,8,21",0.5666666666666667,0.4,0.5252232142857143,0.5333333333333333,0.5714285714285714,0.5517241379310345,0.5669642857142857,0.23503684997558594
"12,3,20,2,8,19,13,2,18,14,6,6,22,7,8",0.5333333333333333,0.6,0.525,0.0,0.0,0.0,0.5,0.2946479320526123
"0,14,14,17,15,19,18,14,14,15,10,11,23,9,18",0.5333333333333333,0.6,0.525,0.0,0.0,0.0,0.5,0.584723711013794
"14,8,17,19,9,19,7,3,23,3,5,8,2,7,8",0.4666666666666667,0.6,0.525,0.4666666666666667,1.0,0.6363636363636364,0.5,0.3749239444732666
"11,4,4,9,3,5,17,9,14,6,2,3,4,0,19",0.5333333333333333,0.6,0.525,0.0,0.0,0.0,0.5,0.2057502269744873
"16,5,10,5,12,17,0,6,5,3,22,16,5,5,0",0.5333333333333333,0.6,0.525,0.0,0.0,0.0,0.5,0.21893787384033203
"22,17,1,18,14,7,2,12,10,2,2,19,11,4,6",0.4666666666666667,0.6,0.525,0.4666666666666667,1.0,0.6363636363636364,0.5,0.34851956367492676
"19,18,17,11,17,9,23,1,10,22,4,11,4,3,6",0.4666666666666667,0.6,0.525,0.4666666666666667,1.0,0.6363636363636364,0.5,0.6744458675384521
"16,12,6,5,0,0,17,18,11,19,10,12,23,1,6",0.5333333333333333,0.6,0.525,0.0,0.0,0.0,0.5,0.28302860260009766
"19,13,10,23,13,9,10,8,13,20,14,14,9,18,10",0.5333333333333333,0.6,0.525,0.0,0.0,0.0,0.5,0.3664708137512207
"19,8,23,5,10,19,13,17,23,13,10,16,8,13,20",0.5333333333333333,0.6,0.525,0.0,0.0,0.0,0.5,0.3973124027252197
"12,3,2,1,12,12,21,8,17,4,9,13,3,14,23",0.5333333333333333,0.6,0.525,0.0,0.0,0.0,0.5,0.22028088569641113
"20,11,1,3,6,20,12,5,13,20,3,8,4,8,11",0.5333333333333333,0.6,0.525,0.0,0.0,0.0,0.5,0.21575665473937988
"19,15,12,8,18,13,16,15,17,6,18,2,17,8,2",0.5333333333333333,0.6,0.525,0.0,0.0,0.0,0.5,0.49080801010131836
"18,0,11,15,5,23,0,6,1,13,14,9,15,9,22",0.43333333333333335,0.8,0.5247767857142858,0.4,0.42857142857142855,0.41379310344827586,0.4330357142857143,0.2796499729156494
"6,2,11,1,10,4,4,12,0,12,15,19,1,1,14",0.5,0.5,0.5234375,0.4827586206896552,1.0,0.6511627906976745,0.53125,0.2942836284637451
"21,4,0,12,1,15,14,10,7,20,14,8,23,3,8",0.5,0.5,0.5234375,0.4827586206896552,1.0,0.6511627906976745,0.53125,0.30644845962524414
"16,15,16,5,6,17,16,4,4,11,4,5,15,9,21",0.5333333333333333,0.5,0.5234375,0.5,0.5,0.5,0.53125,0.24062752723693848
"14,0,17,17,6,9,4,3,1,4,23,0,11,9,0",0.5,0.5,0.5234375,0.4827586206896552,1.0,0.6511627906976745,0.53125,0.24946951866149902
"12,4,21,4,11,15,23,17,22,1,9,14,12,9,2",0.5,0.5,0.5234375,0.4827586206896552,1.0,0.6511627906976745,0.53125,0.2978842258453369
"10,4,4,12,0,12,15,19,1,1,14,12,14,8,1",0.5,0.5,0.5234375,0.4827586206896552,1.0,0.6511627906976745,0.53125,0.30606794357299805
"13,1,6,23,13,4,12,18,19,8,16,12,1,9,8",0.5,0.5,0.5234375,0.4827586206896552,1.0,0.6511627906976745,0.53125,0.5073165893554688
"3,12,12,9,2,0,16,17,15,19,8,12,16,4,5",0.5,0.5,0.5234375,0.4827586206896552,1.0,0.6511627906976745,0.53125,0.274111270904541
"8,7,17,7,8,8,12,10,0,0,2,1,9,13,2",0.5,0.5,0.5234375,0.4827586206896552,1.0,0.6511627906976745,0.53125,0.21324968338012695
"22,2,7,8,18,14,14,15,1,1,20,14,2,5,5",0.5,0.5,0.5234375,0.4827586206896552,1.0,0.6511627906976745,0.53125,0.26607561111450195
"16,0,16,5,3,12,17,11,10,21,4,9,15,5,21",0.5,0.5,0.5234375,0.4827586206896552,1.0,0.6511627906976745,0.53125,0.2870035171508789
"10,6,9,22,0,11,7,5,9,7,21,1,14,11,22",0.5,0.5,0.5234375,0.4827586206896552,1.0,0.6511627906976745,0.53125,0.23277068138122559
"16,15,8,0,6,17,16,4,4,11,3,5,17,9,0",0.5,0.5,0.5234375,0.4827586206896552,1.0,0.6511627906976745,0.53125,0.24547195434570312
"9,6,4,0,13,15,3,11,16,7,23,5,8,18,0",0.5,0.5,0.5234375,0.4827586206896552,1.0,0.6511627906976745,0.53125,0.21474766731262207
"8,7,0,12,2,15,16,12,12,7,14,22,9,7,3",0.5,0.5,0.5234375,0.4827586206896552,1.0,0.6511627906976745,0.53125,0.26738882064819336
"5,5,18,16,19,6,17,19,19,18,7,6,7,9,1",0.43333333333333335,0.7,0.5232142857142856,0.4482758620689655,0.9285714285714286,0.6046511627906976,0.4642857142857143,1.6538259983062744
"11,1,10,4,15,12,0,12,15,19,1,1,14,12,14",0.5333333333333333,0.4,0.521875,0.5,1.0,0.6666666666666666,0.5625,0.3070220947265625
"18,6,1,16,8,14,8,21,0,12,3,14,16,4,13",0.5333333333333333,0.4,0.521875,0.5,1.0,0.6666666666666666,0.5625,0.33006930351257324
"2,3,4,15,19,16,16,11,1,13,23,9,8,9,0",0.4666666666666667,0.6,0.5216517857142857,0.4642857142857143,0.9285714285714286,0.6190476190476191,0.4955357142857143,0.32051992416381836
"4,13,11,16,4,3,11,11,16,22,9,11,14,18,9",0.4666666666666667,0.6,0.5216517857142857,0.4642857142857143,0.9285714285714286,0.6190476190476191,0.4955357142857143,0.2856879234313965
"3,6,12,1,18,7,16,12,0,10,1,8,5,7,4",0.4666666666666667,0.6,0.5216517857142857,0.4642857142857143,0.9285714285714286,0.6190476190476191,0.4955357142857143,0.24486541748046875
"14,15,13,0,2,9,14,12,16,2,23,16,9,6,22",0.4666666666666667,0.6,0.5216517857142857,0.4642857142857143,0.9285714285714286,0.6190476190476191,0.4955357142857143,0.31464290618896484
"16,0,11,12,3,17,16,22,9,15,20,16,15,4,12",0.5,0.5,0.5200892857142857,0.48148148148148145,0.9285714285714286,0.6341463414634146,0.5267857142857143,0.27823328971862793
"8,0,16,14,3,12,1,11,10,16,4,16,15,8,21",0.5333333333333333,0.5,0.5200892857142857,0.5,0.42857142857142855,0.46153846153846156,0.5267857142857143,0.2758169174194336
"11,11,16,22,9,11,14,18,9,15,22,7,13,15,13",0.5,0.5,0.5200892857142857,0.48148148148148145,0.9285714285714286,0.6341463414634146,0.5267857142857143,0.30005908012390137
"10,21,9,12,0,11,18,15,5,23,11,16,0,14,14",0.5333333333333333,0.5,0.5200892857142857,0.5,0.42857142857142855,0.46153846153846156,0.5267857142857143,0.28656888008117676
"3,0,4,11,16,5,18,6,1,16,8,14,8,21,0",0.5,0.5,0.5200892857142857,0.48148148148148145,0.9285714285714286,0.6341463414634146,0.5267857142857143,0.27356529235839844
"5,8,16,0,13,15,3,9,16,7,23,5,17,18,11",0.43333333333333335,0.7,0.5198660714285714,0.4444444444444444,0.8571428571428571,0.5853658536585366,0.45982142857142855,0.2973308563232422
"6,17,0,18,5,12,15,0,4,4,13,6,0,2,20",0.4666666666666667,0.7,0.5198660714285714,0.4166666666666667,0.35714285714285715,0.38461538461538464,0.4598214285714286,0.27066612243652344
"2,11,1,10,4,4,12,0,12,15,19,1,1,14,12",0.5333333333333333,0.4,0.5185267857142857,0.5,0.9285714285714286,0.65,0.5580357142857143,0.27143311500549316
"1,0,7,5,7,23,17,9,23,13,7,16,13,10,13",0.5,0.6,0.5183035714285715,0.45454545454545453,0.35714285714285715,0.4,0.4910714285714286,0.24909567832946777
"12,4,12,22,14,0,21,10,14,11,2,1,5,14,16",0.4666666666666667,0.6,0.5183035714285714,0.46153846153846156,0.8571428571428571,0.6,0.49107142857142855,0.2859232425689697
"21,14,3,10,15,12,3,18,11,4,15,3,1,12,19",0.4666666666666667,0.6,0.5183035714285714,0.46153846153846156,0.8571428571428571,0.6,0.49107142857142855,0.26825380325317383
"0,3,16,0,11,8,9,14,18,13,20,17,10,9,17",0.4666666666666667,0.6,0.5183035714285714,0.46153846153846156,0.8571428571428571,0.6,0.49107142857142855,0.28150510787963867
"23,14,13,1,0,19,6,12,17,17,14,2,9,14,22",0.5,0.5,0.5167410714285714,0.48,0.8571428571428571,0.6153846153846154,0.5223214285714286,0.3077521324157715
"13,12,17,15,5,11,12,17,21,12,14,20,3,10,14",0.5,0.5,0.5167410714285714,0.48,0.8571428571428571,0.6153846153846154,0.5223214285714286,0.288907527923584
"18,15,5,23,11,16,0,14,14,17,15,19,18,14,14",0.5,0.5,0.5167410714285714,0.48,0.8571428571428571,0.6153846153846154,0.5223214285714286,0.6339948177337646
"4,2,18,4,15,16,7,17,13,15,3,15,17,20,2",0.5,0.5,0.5167410714285714,0.48,0.8571428571428571,0.6153846153846154,0.5223214285714286,0.29834628105163574
"10,0,0,17,18,12,17,1,3,21,3,1,4,12,14",0.5333333333333333,0.5,0.5167410714285714,0.5,0.35714285714285715,0.4166666666666667,0.5223214285714286,0.31175994873046875
"4,0,11,14,11,23,0,8,22,16,14,14,10,9,22",0.5,0.5,0.5167410714285714,0.48,0.8571428571428571,0.6153846153846154,0.5223214285714286,0.28618788719177246
"4,3,16,5,19,12,17,10,19,4,4,0,8,8,0",0.5,0.5,0.5167410714285714,0.48,0.8571428571428571,0.6153846153846154,0.5223214285714286,0.277355432510376
"10,13,10,23,11,2,2,19,12,15,5,8,4,2,22",0.5,0.5,0.5167410714285714,0.48,0.8571428571428571,0.6153846153846154,0.5223214285714286,0.2514181137084961
"14,15,4,14,6,0,2,10,16,16,15,5,17,6,21",0.43333333333333335,0.7,0.5165178571428571,0.44,0.7857142857142857,0.5641025641025641,0.45535714285714285,0.22877764701843262
"13,2,10,4,7,12,0,11,3,19,18,14,14,13,15",0.43333333333333335,0.7,0.5165178571428571,0.44,0.7857142857142857,0.5641025641025641,0.45535714285714285,0.5110180377960205
"16,3,9,19,19,17,13,3,7,3,2,5,23,1,13",0.5666666666666667,0.4,0.5151785714285715,0.5555555555555556,0.35714285714285715,0.43478260869565216,0.5535714285714286,1.1853625774383545
"14,0,5,5,6,17,16,16,4,11,3,5,17,9,21",0.5,0.6,0.5149553571428571,0.4444444444444444,0.2857142857142857,0.34782608695652173,0.48660714285714285,0.24687480926513672
"17,1,12,19,14,10,19,8,23,5,10,19,13,17,23",0.4666666666666667,0.6,0.5149553571428571,0.4583333333333333,0.7857142857142857,0.5789473684210527,0.48660714285714285,0.3383364677429199
"11,16,22,9,11,14,18,9,15,22,7,13,15,13,9",0.5,0.6,0.5149553571428571,0.4444444444444444,0.2857142857142857,0.34782608695652173,0.48660714285714285,0.31219005584716797
"14,19,16,14,11,12,1,10,4,2,4,7,14,8,10",0.5,0.5,0.5133928571428571,0.4782608695652174,0.7857142857142857,0.5945945945945946,0.5178571428571428,0.30096936225891113
"2,12,10,2,2,19,11,4,6,1,1,7,4,0,3",0.5,0.5,0.5133928571428571,0.4782608695652174,0.7857142857142857,0.5945945945945946,0.5178571428571428,0.21349763870239258
"14,7,4,2,0,17,5,23,17,13,4,6,17,8,11",0.5333333333333333,0.5,0.5133928571428571,0.5,0.2857142857142857,0.36363636363636365,0.5178571428571428,0.5357451438903809
"0,13,22,4,17,4,18,9,0,0,19,5,2,9,4",0.5,0.5,0.5133928571428571,0.4782608695652174,0.7857142857142857,0.5945945945945946,0.5178571428571428,0.2646670341491699
"1,9,3,4,2,18,4,15,16,7,17,13,15,3,15",0.4666666666666667,0.7,0.5131696428571428,0.375,0.21428571428571427,0.2727272727272727,0.45089285714285715,0.2646627426147461
"9,15,16,0,13,15,3,11,16,2,23,5,17,18,11",0.4666666666666667,0.7,0.5131696428571428,0.375,0.21428571428571427,0.2727272727272727,0.45089285714285715,0.4057650566101074
"10,18,3,19,14,0,23,10,15,8,14,11,18,17,22",0.5666666666666667,0.4,0.5118303571428571,0.5714285714285714,0.2857142857142857,0.38095238095238093,0.5491071428571428,0.6230323314666748
"17,14,7,8,20,0,3,16,0,11,8,9,14,18,13",0.5333333333333333,0.4,0.5118303571428571,0.5,0.7857142857142857,0.6111111111111112,0.5491071428571428,0.28058481216430664
"3,7,1,5,1,3,8,9,4,16,3,9,19,19,17",0.5666666666666667,0.3,0.510267857142857,0.5238095238095238,0.7857142857142857,0.6285714285714286,0.5803571428571428,0.9897363185882568
"18,8,5,14,5,4,1,6,3,16,11,14,15,10,23",0.5,0.5,0.5100446428571429,0.47619047619047616,0.7142857142857143,0.5714285714285714,0.5133928571428572,0.3056478500366211
"16,18,16,14,2,18,1,11,10,16,4,9,12,5,23",0.5,0.5,0.5100446428571429,0.47619047619047616,0.7142857142857143,0.5714285714285714,0.5133928571428572,0.3172585964202881
"14,6,10,3,23,3,13,3,12,14,14,2,22,13,6",0.5,0.5,0.5100446428571429,0.47619047619047616,0.7142857142857143,0.5714285714285714,0.5133928571428572,0.24788188934326172
"6,6,9,3,6,14,12,14,2,9,20,17,3,6,23",0.5,0.5,0.5100446428571429,0.47619047619047616,0.7142857142857143,0.5714285714285714,0.5133928571428572,0.211503267288208
"4,15,3,1,12,19,19,12,14,1,14,15,2,5,20",0.5333333333333333,0.5,0.5100446428571428,0.5,0.21428571428571427,0.3,0.5133928571428571,0.867605447769165
"16,18,16,14,2,18,1,11,10,16,4,9,15,9,23",0.5333333333333333,0.4,0.5084821428571429,0.5,0.7142857142857143,0.5882352941176471,0.5446428571428572,0.3264009952545166
"18,13,7,21,13,15,18,12,4,21,4,11,15,23,17",0.5333333333333333,0.4,0.5084821428571429,0.5,0.7142857142857143,0.5882352941176471,0.5446428571428572,0.36902761459350586
"10,0,2,0,18,0,13,0,9,16,10,15,14,3,11",0.4666666666666667,0.6,0.5082589285714286,0.45,0.6428571428571429,0.5294117647058824,0.47767857142857145,0.23533987998962402
"15,4,12,6,12,4,7,20,5,1,3,7,3,13,0",0.5,0.6,0.5082589285714285,0.4,0.14285714285714285,0.21052631578947367,0.4776785714285714,0.22593975067138672
"6,10,7,12,9,10,7,20,0,14,14,13,18,10,7",0.5,0.6,0.5082589285714285,0.4,0.14285714285714285,0.21052631578947367,0.4776785714285714,0.281496524810791
"16,23,14,6,10,3,23,3,13,3,12,14,14,2,22",0.5,0.6,0.5082589285714285,0.4,0.14285714285714285,0.21052631578947367,0.4776785714285714,0.2581040859222412
"14,6,2,3,4,0,19,4,16,11,9,11,23,0,8",0.4,0.8,0.5080357142857144,0.4,0.5714285714285714,0.47058823529411764,0.4107142857142857,0.2841801643371582
"10,23,1,10,10,12,3,0,22,14,5,2,20,16,14",0.6,0.3,0.5069196428571427,0.75,0.21428571428571427,0.3333333333333333,0.5758928571428571,0.24860715866088867
"4,12,6,12,4,7,20,5,1,3,7,3,13,0,19",0.5333333333333333,0.5,0.5066964285714286,0.5,0.14285714285714285,0.2222222222222222,0.5089285714285714,0.20959901809692383
"15,13,0,2,9,3,12,16,2,23,16,9,6,22,10",0.5333333333333333,0.5,0.5066964285714286,0.5,0.14285714285714285,0.2222222222222222,0.5089285714285714,0.28964877128601074
"15,22,7,13,15,13,9,2,2,0,5,17,2,11,13",0.5333333333333333,0.5,0.5066964285714286,0.5,0.14285714285714285,0.2222222222222222,0.5089285714285714,0.2673764228820801
"17,18,8,5,14,5,4,1,6,3,16,11,14,15,10",0.5333333333333333,0.5,0.5066964285714286,0.5,0.14285714285714285,0.2222222222222222,0.5089285714285714,0.33341073989868164
"10,5,12,17,0,6,5,3,22,16,5,5,0,14,23",0.4666666666666667,0.7,0.5064732142857142,0.25,0.07142857142857142,0.1111111111111111,0.4419642857142857,0.24547791481018066
"14,15,17,0,6,8,12,10,19,2,2,5,17,13,2",0.43333333333333335,0.7,0.5064732142857142,0.42105263157894735,0.5714285714285714,0.48484848484848486,0.4419642857142857,0.38269472122192383
"14,12,5,6,1,17,1,1,18,8,3,1,18,8,21",0.5333333333333333,0.4,0.5051339285714286,0.5,0.6428571428571429,0.5625,0.5401785714285714,0.3011970520019531
"9,1,5,15,2,22,15,2,2,19,12,22,1,16,2",0.5666666666666667,0.4,0.5051339285714286,0.6666666666666666,0.14285714285714285,0.23529411764705882,0.5401785714285714,0.2831840515136719
"18,18,6,1,17,14,7,8,20,0,3,16,0,11,8",0.4666666666666667,0.6,0.5049107142857143,0.4444444444444444,0.5714285714285714,0.5,0.4732142857142857,0.5146236419677734
"16,3,1,22,2,11,16,4,11,18,9,9,5,8,20",0.5,0.6,0.5049107142857143,0.3333333333333333,0.07142857142857142,0.11764705882352941,0.4732142857142857,0.27628111839294434
"1,18,17,1,12,19,14,10,19,8,23,5,10,19,13",0.4666666666666667,0.6,0.5049107142857143,0.4444444444444444,0.5714285714285714,0.5,0.4732142857142857,0.38967037200927734
"14,13,15,8,7,20,9,13,7,8,0,16,11,10,13",0.5,0.6,0.5049107142857143,0.3333333333333333,0.07142857142857142,0.11764705882352941,0.4732142857142857,0.3081355094909668
"13,6,10,2,10,12,6,15,14,19,12,7,2,6,7",0.4666666666666667,0.6,0.5049107142857143,0.4444444444444444,0.5714285714285714,0.5,0.4732142857142857,0.2497575283050537
"4,17,14,5,4,4,18,3,0,15,20,8,9,8,20",0.43333333333333335,0.8,0.5046875,0.0,0.0,0.0,0.40625,0.2764863967895508
"19,16,5,17,0,23,2,10,3,20,8,9,17,6,10",0.43333333333333335,0.8,0.5046875,0.0,0.0,0.0,0.40625,0.42099738121032715
"16,18,16,14,3,12,17,11,19,2,4,16,15,8,23",0.5666666666666667,0.3,0.5035714285714286,0.5294117647058824,0.6428571428571429,0.5806451612903226,0.5714285714285714,0.3888826370239258
"10,7,20,0,14,14,13,18,10,7,7,10,21,1,11",0.5333333333333333,0.5,0.5033482142857143,0.5,0.07142857142857142,0.125,0.5044642857142857,0.2685062885284424
"10,21,8,6,7,10,3,0,9,15,4,10,15,6,18",0.5333333333333333,0.5,0.5033482142857143,0.5,0.07142857142857142,0.125,0.5044642857142857,0.2435927391052246
"2,8,1,9,2,9,18,5,18,14,8,13,2,2,21",0.5333333333333333,0.5,0.5033482142857143,0.5,0.07142857142857142,0.125,0.5044642857142857,0.34556055068969727
"4,15,12,13,19,13,9,15,23,2,16,9,15,15,19",0.5333333333333333,0.5,0.5033482142857143,0.5,0.07142857142857142,0.125,0.5044642857142857,0.3512115478515625
"10,1,12,0,7,19,15,10,6,9,22,0,11,7,5",0.5333333333333333,0.5,0.5033482142857143,0.5,0.07142857142857142,0.125,0.5044642857142857,0.2587130069732666
"6,3,6,1,0,20,2,0,11,4,2,4,15,0,6",0.5,0.5,0.5033482142857143,0.47058823529411764,0.5714285714285714,0.5161290322580645,0.5044642857142857,0.14543724060058594
"19,10,20,3,17,13,1,6,23,13,4,12,18,19,8",0.5333333333333333,0.5,0.5033482142857143,0.5,0.07142857142857142,0.125,0.5044642857142857,0.5707752704620361
"14,12,16,6,1,12,1,1,18,8,4,1,18,8,21",0.5333333333333333,0.5,0.5033482142857143,0.5,0.07142857142857142,0.125,0.5044642857142857,0.25740718841552734
"15,13,4,21,2,13,9,8,8,2,8,11,10,0,5",0.5333333333333333,0.5,0.5033482142857143,0.5,0.07142857142857142,0.125,0.5044642857142857,0.2661900520324707
"14,3,0,4,11,16,5,18,6,1,16,8,14,8,21",0.5,0.5,0.5033482142857143,0.47058823529411764,0.5714285714285714,0.5161290322580645,0.5044642857142857,0.29997730255126953
"11,1,10,4,4,12,0,12,15,8,1,1,14,12,14",0.5333333333333333,0.5,0.5033482142857143,0.5,0.07142857142857142,0.125,0.5044642857142857,0.2191162109375
"19,2,19,7,14,14,1,17,22,2,5,16,12,6,5",0.5333333333333333,0.5,0.5033482142857143,0.5,0.07142857142857142,0.125,0.5044642857142857,1.1157705783843994
"4,4,18,3,0,15,20,8,9,8,20,9,4,4,6",0.4666666666666667,0.7,0.503125,0.0,0.0,0.0,0.4375,0.2704734802246094
"12,15,0,16,2,0,0,17,13,2,10,4,7,12,0",0.43333333333333335,0.7,0.503125,0.4117647058823529,0.5,0.45161290322580644,0.4375,0.23290038108825684
"2,15,5,0,6,17,16,11,9,11,3,0,8,22,0",0.5666666666666667,0.4,0.5017857142857143,1.0,0.07142857142857142,0.13333333333333333,0.5357142857142857,0.25096702575683594
"11,1,2,22,3,12,12,9,2,0,16,17,15,19,8",0.5666666666666667,0.4,0.5017857142857143,1.0,0.07142857142857142,0.13333333333333333,0.5357142857142857,0.2619314193725586
"14,3,6,12,1,18,7,16,12,0,10,1,8,5,7",0.5333333333333333,0.4,0.5017857142857143,0.5,0.5714285714285714,0.5333333333333333,0.5357142857142857,0.2488546371459961
"19,3,17,6,10,8,12,9,10,7,2,0,14,13,2",0.5666666666666667,0.4,0.5017857142857143,1.0,0.07142857142857142,0.13333333333333333,0.5357142857142857,0.4408750534057617
"7,3,23,3,5,8,2,7,8,22,14,20,9,21,9",0.5,0.6,0.5015625,0.0,0.0,0.0,0.46875,0.2373032569885254
"14,0,11,9,3,12,1,10,19,2,14,16,10,8,22",0.5,0.6,0.5015625,0.0,0.0,0.0,0.46875,0.294635534286499
"4,14,0,4,8,3,12,4,1,19,8,18,19,3,16",0.5,0.6,0.5015625,0.0,0.0,0.0,0.46875,0.5685112476348877
"8,14,8,21,0,12,3,14,16,4,13,11,16,5,3",0.5333333333333333,0.5,0.5,0.0,0.0,0.0,0.5,0.2640383243560791
"19,17,13,18,12,4,9,7,15,22,17,12,11,10,14",0.5333333333333333,0.5,0.5,0.0,0.0,0.0,0.5,0.5213611125946045
"3,10,14,0,7,3,23,15,5,16,11,23,6,11,2",0.5333333333333333,0.5,0.5,0.0,0.0,0.0,0.5,0.23263812065124512
"13,14,17,6,12,8,12,7,16,12,2,10,1,13,2",0.5333333333333333,0.5,0.5,0.0,0.0,0.0,0.5,0.29647111892700195
"6,9,0,21,7,3,9,20,15,4,10,23,5,13,4",0.4666666666666667,0.5,0.5,0.4666666666666667,1.0,0.6363636363636364,0.5,0.20732927322387695
"9,13,15,3,11,16,7,23,5,17,18,11,9,4,0",0.4666666666666667,0.5,0.5,0.4666666666666667,1.0,0.6363636363636364,0.5,0.29236292839050293
"14,15,16,10,6,12,1,10,19,18,4,5,17,8,21",0.4666666666666667,0.5,0.5,0.4666666666666667,1.0,0.6363636363636364,0.5,0.5870745182037354
"16,6,16,12,2,18,17,11,10,15,4,5,15,5,21",0.5333333333333333,0.5,0.5,0.0,0.0,0.0,0.5,0.31287145614624023
"22,0,5,8,3,12,1,15,19,2,11,16,15,8,8",0.4666666666666667,0.5,0.5,0.4666666666666667,1.0,0.6363636363636364,0.5,0.26444005966186523
"22,8,23,2,17,12,8,15,6,18,13,11,1,11,18",0.4666666666666667,0.5,0.5,0.4666666666666667,1.0,0.6363636363636364,0.5,0.2897300720214844
"1,22,2,17,19,12,11,8,20,10,20,5,6,4,16",0.5333333333333333,0.5,0.5,0.0,0.0,0.0,0.5,0.3968040943145752
"3,6,20,12,5,13,20,3,8,4,8,11,3,21,7",0.4666666666666667,0.5,0.5,0.4666666666666667,1.0,0.6363636363636364,0.5,0.2398369312286377
"14,8,8,15,4,12,6,12,4,7,20,5,1,3,7",0.5333333333333333,0.5,0.5,0.0,0.0,0.0,0.5,0.274183988571167
"16,19,6,17,19,19,18,7,6,7,9,1,4,11,18",0.5333333333333333,0.5,0.5,0.0,0.0,0.0,0.5,1.602400302886963
"17,6,10,2,12,19,10,7,8,20,14,20,13,6,10",0.5333333333333333,0.5,0.5,0.0,0.0,0.0,0.5,0.28117990493774414
"23,15,6,5,9,3,10,17,1,11,5,2,9,7,21",0.5333333333333333,0.5,0.5,0.0,0.0,0.0,0.5,0.2572464942932129
"8,14,19,8,2,20,13,22,2,0,12,0,8,23,0",0.5333333333333333,0.5,0.5,0.0,0.0,0.0,0.5,0.28026294708251953
"22,0,10,13,10,23,11,2,19,19,12,15,5,8,4",0.5333333333333333,0.5,0.5,0.0,0.0,0.0,0.5,0.8444418907165527
"2,19,18,17,12,7,5,9,6,16,12,5,16,11,6",0.5333333333333333,0.5,0.5,0.0,0.0,0.0,0.5,0.7004153728485107
"2,0,16,5,3,12,1,11,10,16,4,9,15,5,23",0.4666666666666667,0.5,0.5,0.4666666666666667,1.0,0.6363636363636364,0.5,0.2527198791503906
"8,21,0,12,3,14,16,4,13,11,16,5,3,11,11",0.5333333333333333,0.5,0.5,0.0,0.0,0.0,0.5,0.26084351539611816
"22,2,11,16,4,11,18,9,9,5,8,20,7,6,22",0.4666666666666667,0.5,0.5,0.4666666666666667,1.0,0.6363636363636364,0.5,0.24566340446472168
"6,23,10,2,1,15,10,4,0,17,7,20,14,15,13",0.5333333333333333,0.5,0.5,0.0,0.0,0.0,0.5,0.2453169822692871
"6,9,0,16,7,12,3,2,1,12,12,21,8,17,4",0.5333333333333333,0.5,0.5,0.0,0.0,0.0,0.5,0.23165655136108398
"3,17,13,1,6,23,13,4,12,18,19,8,16,12,1",0.5333333333333333,0.5,0.5,0.0,0.0,0.0,0.5,0.5224266052246094
"5,3,0,20,14,17,19,11,6,3,22,6,17,10,13",0.4666666666666667,0.5,0.5,0.4666666666666667,1.0,0.6363636363636364,0.5,0.355562686920166
"0,21,7,3,9,20,15,4,10,23,5,13,4,1,18",0.5333333333333333,0.5,0.5,0.0,0.0,0.0,0.5,0.2765202522277832
"2,4,4,19,6,18,14,22,12,15,7,15,15,14,21",0.4666666666666667,0.5,0.5,0.4666666666666667,1.0,0.6363636363636364,0.5,0.6764359474182129
"8,1,17,23,8,10,12,10,13,20,2,14,9,4,2",0.5333333333333333,0.5,0.5,0.0,0.0,0.0,0.5,0.268953800201416
"4,0,5,12,6,17,11,23,4,9,3,5,17,9,16",0.5333333333333333,0.5,0.5,0.0,0.0,0.0,0.5,0.1957871913909912
"14,9,5,10,6,17,16,10,4,11,3,5,17,9,21",0.5333333333333333,0.5,0.5,0.0,0.0,0.0,0.5,0.25795769691467285
"3,14,8,17,6,1,10,12,2,13,14,13,13,17,3",0.4666666666666667,0.5,0.5,0.4666666666666667,1.0,0.6363636363636364,0.5,0.2611873149871826
"14,9,1,0,1,2,0,16,9,13,8,14,19,8,2",0.5333333333333333,0.5,0.5,0.0,0.0,0.0,0.5,0.25545310974121094
"3,4,2,18,4,15,16,7,17,13,15,3,15,17,20",0.5333333333333333,0.5,0.5,0.0,0.0,0.0,0.5,0.2977774143218994
"2,10,4,7,12,0,11,3,19,18,14,14,13,15,8",0.4666666666666667,0.5,0.5,0.4666666666666667,1.0,0.6363636363636364,0.5,0.5147385597229004
"1,9,2,9,18,5,18,14,8,13,2,2,21,11,15",0.5333333333333333,0.5,0.5,0.0,0.0,0.0,0.5,0.34859585762023926
"14,17,11,1,10,2,2,15,12,19,19,10,5,20,16",0.5333333333333333,0.5,0.5,0.0,0.0,0.0,0.5,0.8718550205230713
"7,4,21,4,0,12,1,15,14,10,7,20,14,8,23",0.4666666666666667,0.5,0.5,0.4666666666666667,1.0,0.6363636363636364,0.5,0.24143028259277344
"22,7,7,7,12,10,1,12,0,7,19,15,10,6,9",0.4666666666666667,0.5,0.5,0.4666666666666667,1.0,0.6363636363636364,0.5,0.28780031204223633
"2,0,18,0,13,0,9,16,10,15,14,3,11,8,18",0.4666666666666667,0.5,0.5,0.4666666666666667,1.0,0.6363636363636364,0.5,0.2694978713989258
"7,16,12,0,10,1,8,5,7,4,7,4,10,18,19",0.4666666666666667,0.5,0.5,0.4666666666666667,1.0,0.6363636363636364,0.5,0.4721543788909912
"12,12,9,2,0,16,17,15,19,8,12,16,4,5,20",0.4666666666666667,0.5,0.5,0.4666666666666667,1.0,0.6363636363636364,0.5,0.2677910327911377
"3,23,3,5,8,2,7,8,22,14,20,9,21,9,7",0.4666666666666667,0.5,0.5,0.4666666666666667,1.0,0.6363636363636364,0.5,0.24271869659423828
"3,23,3,13,3,12,14,14,2,22,13,6,14,19,10",0.4666666666666667,0.5,0.5,0.4666666666666667,1.0,0.6363636363636364,0.5,0.26854610443115234
"23,10,21,9,12,0,11,18,15,5,23,11,16,0,14",0.5333333333333333,0.5,0.5,0.0,0.0,0.0,0.5,0.28769421577453613
"4,2,15,20,3,11,1,16,1,11,8,2,16,15,6",0.4666666666666667,0.5,0.5,0.4666666666666667,1.0,0.6363636363636364,0.5,0.28032708168029785
"2,1,2,19,18,17,12,7,5,9,6,16,12,5,16",0.4666666666666667,0.5,0.5,0.4666666666666667,1.0,0.6363636363636364,0.5,0.6719839572906494
"5,0,1,16,11,3,14,20,13,11,3,3,6,11,0",0.4666666666666667,0.5,0.5,0.4666666666666667,1.0,0.6363636363636364,0.5,0.22797536849975586
"1,1,7,4,0,3,21,4,8,15,13,17,18,8,5",0.4666666666666667,0.5,0.5,0.4666666666666667,1.0,0.6363636363636364,0.5,0.2631356716156006
"23,15,5,16,11,23,6,11,2,4,14,16,22,7,3",0.5333333333333333,0.5,0.5,0.0,0.0,0.0,0.5,0.25615787506103516
"10,0,9,15,21,14,8,17,19,9,19,7,3,23,3",0.5333333333333333,0.5,0.5,0.0,0.0,0.0,0.5,0.36292004585266113
"23,13,4,12,18,19,8,16,12,1,9,8,21,2,11",0.4666666666666667,0.5,0.5,0.4666666666666667,1.0,0.6363636363636364,0.5,0.5217840671539307
"12,11,11,8,11,15,16,1,8,8,10,6,5,15,2",0.4666666666666667,0.5,0.5,0.4666666666666667,1.0,0.6363636363636364,0.5,0.28063201904296875
"10,12,4,9,16,23,4,16,2,5,19,16,16,1,3",0.4666666666666667,0.5,0.5,0.4666666666666667,1.0,0.6363636363636364,0.5,0.4640486240386963
"9,7,3,12,13,5,13,13,14,4,19,3,14,16,11",0.4666666666666667,0.5,0.5,0.4666666666666667,1.0,0.6363636363636364,0.5,0.27414965629577637
"21,0,8,20,15,16,13,11,19,11,7,8,4,11,2",0.4666666666666667,0.5,0.5,0.4666666666666667,1.0,0.6363636363636364,0.5,0.292391300201416
"12,9,12,6,9,11,22,5,15,14,8,8,15,4,12",0.5333333333333333,0.5,0.5,0.0,0.0,0.0,0.5,0.2593386173248291
"19,17,12,3,15,8,17,6,12,15,13,3,11,12,5",0.5333333333333333,0.5,0.5,0.0,0.0,0.0,0.5,0.4321095943450928
"23,7,3,18,0,6,2,10,7,1,15,7,4,22,12",0.4666666666666667,0.5,0.5,0.4666666666666667,1.0,0.6363636363636364,0.5,0.22200679779052734
"1,3,10,0,3,14,7,4,21,4,0,12,1,15,14",0.5333333333333333,0.5,0.5,0.0,0.0,0.0,0.5,0.1988084316253662
"1,11,5,21,6,5,7,9,0,3,1,7,13,16,20",0.4666666666666667,0.5,0.5,0.4666666666666667,1.0,0.6363636363636364,0.5,0.20618605613708496
"16,3,22,2,7,8,18,14,14,15,1,1,20,14,2",0.4666666666666667,0.5,0.5,0.4666666666666667,1.0,0.6363636363636364,0.5,0.26485681533813477
"8,20,5,0,2,6,5,6,3,9,6,6,12,4,13",0.5333333333333333,0.5,0.5,0.0,0.0,0.0,0.5,0.1872873306274414
"11,10,21,8,6,7,10,3,0,9,15,4,10,15,6",0.5333333333333333,0.5,0.5,0.0,0.0,0.0,0.5,0.22721266746520996
"18,14,8,13,2,2,21,11,15,7,2,4,15,21,9",0.5333333333333333,0.5,0.5,0.0,0.0,0.0,0.5,0.2759721279144287
"10,22,17,5,2,19,3,7,8,8,7,0,12,2,15",0.5333333333333333,0.5,0.5,0.0,0.0,0.0,0.5,0.3691248893737793
"1,3,8,9,4,16,3,9,19,19,17,13,3,7,3",0.5333333333333333,0.5,0.5,0.0,0.0,0.0,0.5,1.0032539367675781
"4,6,17,11,4,4,9,3,5,17,9,14,6,2,3",0.4666666666666667,0.5,0.5,0.4666666666666667,1.0,0.6363636363636364,0.5,0.21267414093017578
"16,8,14,8,21,0,12,3,14,16,4,13,11,16,5",0.5333333333333333,0.5,0.5,0.0,0.0,0.0,0.5,0.2736020088195801
"17,19,12,11,8,20,10,20,5,6,4,16,1,4,8",0.4666666666666667,0.5,0.5,0.4666666666666667,1.0,0.6363636363636364,0.5,0.3784465789794922
"21,0,8,10,0,9,15,21,14,8,17,19,9,19,7",0.5333333333333333,0.5,0.5,0.0,0.0,0.0,0.5,0.35793161392211914
"8,13,20,17,14,9,4,4,14,0,4,8,3,12,4",0.4666666666666667,0.5,0.5,0.4666666666666667,1.0,0.6363636363636364,0.5,0.26033973693847656
"3,6,2,14,12,15,19,16,13,6,4,2,16,4,12",0.5333333333333333,0.5,0.5,0.0,0.0,0.0,0.5,0.28461194038391113
"2,9,18,5,18,14,8,13,2,2,21,11,15,7,2",0.5333333333333333,0.5,0.5,0.0,0.0,0.0,0.5,0.37061381340026855
"16,15,5,7,6,17,10,4,4,0,3,5,17,9,10",0.5333333333333333,0.5,0.5,0.0,0.0,0.0,0.5,0.24133777618408203
"3,9,0,7,3,22,3,15,20,11,5,3,0,20,14",0.4666666666666667,0.5,0.5,0.4666666666666667,1.0,0.6363636363636364,0.5,0.23031282424926758
"14,10,16,5,3,12,1,10,11,2,4,16,15,8,21",0.4666666666666667,0.5,0.5,0.4666666666666667,1.0,0.6363636363636364,0.5,0.30179357528686523
"23,5,10,19,13,17,23,13,10,16,8,13,20,17,14",0.4666666666666667,0.5,0.5,0.4666666666666667,1.0,0.6363636363636364,0.5,0.3138420581817627
"6,19,17,13,18,12,4,9,7,15,22,17,12,11,10",0.5333333333333333,0.5,0.5,0.0,0.0,0.0,0.5,0.4859650135040283
"9,4,3,1,4,23,0,11,9,0,19,15,6,8,21",0.5333333333333333,0.5,0.5,0.0,0.0,0.0,0.5,0.24238801002502441
"21,8,15,4,12,2,1,1,19,9,8,4,1,16,5",0.5333333333333333,0.5,0.5,0.0,0.0,0.0,0.5,0.2270216941833496
"20,5,4,0,13,22,4,17,4,18,9,0,0,19,5",0.5333333333333333,0.5,0.5,0.0,0.0,0.0,0.5,0.2537829875946045
"2,13,9,8,8,2,8,11,10,0,5,0,21,4,0",0.4666666666666667,0.5,0.5,0.4666666666666667,1.0,0.6363636363636364,0.5,0.21863031387329102
"4,0,3,21,4,8,15,13,17,18,8,5,14,5,4",0.5333333333333333,0.5,0.5,0.0,0.0,0.0,0.5,0.2508876323699951
"18,0,6,2,10,7,1,15,7,4,22,12,3,14,8",0.5333333333333333,0.5,0.5,0.0,0.0,0.0,0.5,0.2983067035675049
"19,17,4,10,1,0,2,16,16,16,21,5,4,6,17",0.5333333333333333,0.5,0.5,0.0,0.0,0.0,0.5,0.5598382949829102
"17,11,4,4,9,3,5,17,9,14,6,2,3,4,0",0.4666666666666667,0.5,0.5,0.4666666666666667,1.0,0.6363636363636364,0.5,0.20884943008422852
"7,2,6,7,11,20,7,9,0,11,12,2,9,14,18",0.5333333333333333,0.5,0.5,0.0,0.0,0.0,0.5,0.26326894760131836
"10,1,12,0,13,7,11,8,4,5,10,14,16,2,22",0.4666666666666667,0.5,0.5,0.4666666666666667,1.0,0.6363636363636364,0.5,0.2526423931121826
"14,7,2,12,10,2,2,19,11,4,6,1,1,7,4",0.5333333333333333,0.5,0.5,0.0,0.0,0.0,0.5,0.2182445526123047
"1,1,13,1,18,8,16,1,18,16,5,23,3,16,7",0.5333333333333333,0.5,0.5,0.0,0.0,0.0,0.5,0.3542349338531494
"20,12,5,13,20,3,8,4,8,11,3,21,7,21,9",0.5333333333333333,0.5,0.5,0.0,0.0,0.0,0.5,0.2739827632904053
"1,2,19,18,17,12,7,5,9,6,16,12,5,16,11",0.4666666666666667,0.5,0.5,0.4666666666666667,1.0,0.6363636363636364,0.5,0.6998062133789062
"3,11,11,16,22,9,11,14,18,9,15,22,7,13,15",0.5333333333333333,0.5,0.5,0.0,0.0,0.0,0.5,0.30330610275268555
"20,6,12,17,3,6,2,14,12,15,19,16,13,6,4",0.4666666666666667,0.5,0.5,0.4666666666666667,1.0,0.6363636363636364,0.5,0.31126952171325684
"16,7,12,3,2,1,12,12,21,8,17,4,9,13,3",0.5333333333333333,0.5,0.5,0.0,0.0,0.0,0.5,0.30080223083496094
"0,3,21,4,8,15,13,17,18,8,5,14,5,4,1",0.4666666666666667,0.5,0.5,0.4666666666666667,1.0,0.6363636363636364,0.5,0.26529860496520996
"2,19,9,11,13,10,9,6,3,15,18,4,7,20,5",0.4666666666666667,0.5,0.5,0.4666666666666667,1.0,0.6363636363636364,0.5,0.33676743507385254
"16,0,20,3,6,3,15,14,16,8,7,1,13,7,9",0.4666666666666667,0.5,0.5,0.4666666666666667,1.0,0.6363636363636364,0.5,0.28140926361083984
"8,22,14,20,9,21,9,7,2,8,1,9,2,9,18",0.4666666666666667,0.5,0.5,0.4666666666666667,1.0,0.6363636363636364,0.5,0.23952507972717285
"4,6,1,1,7,4,0,3,21,4,8,15,13,17,18",0.4666666666666667,0.5,0.5,0.4666666666666667,1.0,0.6363636363636364,0.5,0.2568037509918213
"2,19,7,14,14,1,17,22,2,5,16,12,6,5,0",0.4666666666666667,0.5,0.5,0.4666666666666667,1.0,0.6363636363636364,0.5,0.34500670433044434
"16,4,13,11,16,5,3,11,11,16,22,9,11,14,18",0.5333333333333333,0.5,0.5,0.0,0.0,0.0,0.5,0.2714579105377197
"0,20,14,17,19,11,6,3,22,6,17,10,13,19,6",0.5333333333333333,0.5,0.5,0.0,0.0,0.0,0.5,0.3548119068145752
"4,18,3,0,15,20,8,9,8,20,9,4,4,6,19",0.4666666666666667,0.5,0.5,0.4666666666666667,1.0,0.6363636363636364,0.5,0.27548694610595703
"0,15,7,17,18,0,17,2,15,1,3,10,0,7,6",0.4666666666666667,0.5,0.5,0.4666666666666667,1.0,0.6363636363636364,0.5,0.37247419357299805
"7,2,17,8,15,20,0,16,4,11,8,3,14,22,10",0.4666666666666667,0.5,0.5,0.4666666666666667,1.0,0.6363636363636364,0.5,0.2750041484832763
"3,8,9,4,16,3,9,19,19,17,13,3,7,3,2",0.4666666666666667,0.5,0.5,0.4666666666666667,1.0,0.6363636363636364,0.5,1.1493644714355469
"18,18,15,10,3,0,20,5,4,0,13,22,4,17,4",0.4666666666666667,0.5,0.5,0.4666666666666667,1.0,0.6363636363636364,0.5,0.38301801681518555
"10,0,19,2,4,4,19,6,18,14,22,12,15,7,15",0.5333333333333333,0.5,0.5,0.0,0.0,0.0,0.5,1.315028429031372
"18,16,19,6,17,19,19,18,7,6,7,9,1,4,11",0.5333333333333333,0.5,0.5,0.0,0.0,0.0,0.5,1.6541409492492676
"2,15,20,3,11,1,16,1,11,8,2,16,15,6,20",0.5333333333333333,0.5,0.5,0.0,0.0,0.0,0.5,0.28056812286376953
"23,3,13,3,12,14,14,2,22,13,6,14,19,10,20",0.5333333333333333,0.5,0.5,0.0,0.0,0.0,0.5,0.27851176261901855
"6,9,22,0,11,7,5,9,7,21,1,14,11,22,15",0.5333333333333333,0.5,0.5,0.0,0.0,0.0,0.5,0.24326062202453613
"16,11,15,7,1,23,5,4,11,7,16,10,9,9,18",0.4666666666666667,0.5,0.5,0.4666666666666667,1.0,0.6363636363636364,0.5,0.329808235168457
"3,9,23,16,5,22,8,5,13,4,2,17,18,19,19",0.5333333333333333,0.5,0.5,0.0,0.0,0.0,0.5,1.2774076461791992
"22,15,14,9,1,0,1,2,0,16,9,13,8,14,19",0.5333333333333333,0.5,0.5,0.0,0.0,0.0,0.5,0.25411486625671387
"9,7,21,1,14,11,22,15,13,16,11,6,18,12,8",0.5333333333333333,0.5,0.5,0.0,0.0,0.0,0.5,0.3000020980834961
"4,0,12,1,15,14,10,7,20,14,8,23,3,8,10",0.4666666666666667,0.5,0.5,0.4666666666666667,1.0,0.6363636363636364,0.5,0.2615983486175537
"10,7,20,14,8,23,3,8,10,4,3,20,8,23,2",0.5333333333333333,0.5,0.5,0.0,0.0,0.0,0.5,0.2686281204223633
"4,21,2,13,9,8,8,2,8,11,10,0,5,0,21",0.5333333333333333,0.5,0.5,0.0,0.0,0.0,0.5,0.2851572036743164
"2,2,22,8,23,2,17,12,8,15,6,18,13,11,1",0.4666666666666667,0.5,0.5,0.4666666666666667,1.0,0.6363636363636364,0.5,0.27664828300476074
"0,3,14,7,4,21,4,0,12,1,15,14,10,7,20",0.5333333333333333,0.5,0.5,0.0,0.0,0.0,0.5,0.25261545181274414
"3,2,19,9,11,13,10,9,6,3,15,18,4,7,20",0.5333333333333333,0.5,0.5,0.0,0.0,0.0,0.5,0.3244953155517578
"0,1,21,0,8,20,15,16,13,11,19,11,7,8,4",0.5333333333333333,0.5,0.5,0.0,0.0,0.0,0.5,0.25211524963378906
"7,14,22,9,7,3,12,13,5,13,13,14,4,19,3",0.4666666666666667,0.5,0.5,0.4666666666666667,1.0,0.6363636363636364,0.5,0.27763915061950684
"12,6,15,14,19,12,7,2,6,7,11,20,7,9,0",0.5333333333333333,0.5,0.5,0.0,0.0,0.0,0.5,0.27714991569519043
"7,17,0,0,5,9,16,5,14,15,13,7,23,12,12",0.4666666666666667,0.5,0.5,0.4666666666666667,1.0,0.6363636363636364,0.5,0.2682304382324219
"7,12,10,1,12,0,7,19,15,10,6,9,22,0,11",0.4666666666666667,0.5,0.5,0.4666666666666667,1.0,0.6363636363636364,0.5,0.25560569763183594
"17,8,2,5,6,9,5,20,16,2,17,11,20,17,16",0.5333333333333333,0.5,0.5,0.0,0.0,0.0,0.5,0.28696465492248535
"6,23,13,4,12,18,19,8,16,12,1,9,8,21,2",0.4666666666666667,0.5,0.5,0.4666666666666667,1.0,0.6363636363636364,0.5,0.5146224498748779
"6,2,3,4,0,19,4,16,11,9,11,23,0,8,22",0.4666666666666667,0.5,0.5,0.4666666666666667,1.0,0.6363636363636364,0.5,0.35018181800842285
"1,18,7,16,12,0,10,1,8,5,7,4,7,4,10",0.5333333333333333,0.5,0.5,0.0,0.0,0.0,0.5,0.2589836120605469
"16,15,1,2,19,9,6,3,12,9,12,12,7,5,18",0.4666666666666667,0.5,0.5,0.4666666666666667,1.0,0.6363636363636364,0.5,0.2966015338897705
"15,11,2,12,2,19,16,19,7,4,16,9,2,19,12",0.4666666666666667,0.5,0.5,0.4666666666666667,1.0,0.6363636363636364,0.5,0.3758022785186767
"16,5,14,15,13,7,23,12,12,17,3,10,2,10,8",0.4666666666666667,0.5,0.5,0.4666666666666667,1.0,0.6363636363636364,0.5,0.2983357906341553
"16,10,19,6,2,17,19,12,11,8,16,10,18,5,5",0.5333333333333333,0.5,0.5,0.0,0.0,0.0,0.5,0.5543043613433838
"20,2,8,19,13,2,18,14,6,6,22,7,8,6,3",0.5333333333333333,0.5,0.5,0.0,0.0,0.0,0.5,0.24739527702331543
"15,16,2,19,5,17,0,7,3,22,17,17,8,9,9",0.5333333333333333,0.5,0.5,0.0,0.0,0.0,0.5,0.5005331039428711
"1,10,22,4,11,4,3,6,0,11,1,23,3,3,13",0.5333333333333333,0.5,0.5,0.0,0.0,0.0,0.5,0.1707015037536621
"14,6,6,22,7,8,6,3,6,1,0,20,2,0,11",0.5333333333333333,0.5,0.5,0.0,0.0,0.0,0.5,0.20096087455749512
"4,15,0,6,9,18,0,8,19,16,5,17,0,23,2",0.4666666666666667,0.5,0.5,0.4666666666666667,1.0,0.6363636363636364,0.5,0.28362274169921875
"3,20,8,9,17,6,10,22,17,5,2,19,3,7,8",0.4666666666666667,0.5,0.5,0.4666666666666667,1.0,0.6363636363636364,0.5,0.36296820640563965
"10,20,15,15,18,12,17,1,3,7,3,15,4,12,14",0.5333333333333333,0.5,0.5,0.0,0.0,0.0,0.5,0.30094265937805176
"18,12,14,17,7,12,3,13,3,10,9,17,16,14,19",0.5333333333333333,0.5,0.5,0.0,0.0,0.0,0.5,0.3153097629547119
"4,19,4,17,6,10,7,12,9,10,7,20,0,14,14",0.5333333333333333,0.5,0.5,0.0,0.0,0.0,0.5,0.4568185806274414
"6,15,8,12,4,12,22,14,0,21,10,14,11,2,1",0.4666666666666667,0.5,0.5,0.4666666666666667,1.0,0.6363636363636364,0.5,0.26447463035583496
"16,9,16,12,8,3,4,15,12,13,19,13,9,15,23",0.4666666666666667,0.5,0.5,0.4666666666666667,1.0,0.6363636363636364,0.5,0.3020200729370117
"20,6,11,10,0,12,10,9,18,18,8,5,7,2,18",0.4666666666666667,0.5,0.5,0.4666666666666667,1.0,0.6363636363636364,0.5,0.3379366397857666
"4,6,10,7,20,3,8,0,14,9,8,19,0,7,16",0.5333333333333333,0.5,0.5,0.0,0.0,0.0,0.5,0.2164926528930664
"11,23,2,9,10,6,16,2,9,23,11,1,13,11,6",0.4666666666666667,0.5,0.5,0.4666666666666667,1.0,0.6363636363636364,0.5,0.2190089225769043
"3,23,15,5,16,11,23,6,11,2,4,14,16,22,7",0.4666666666666667,0.5,0.5,0.4666666666666667,1.0,0.6363636363636364,0.5,0.28160738945007324
"0,0,5,19,2,15,15,18,6,3,4,10,22,16,5",0.5333333333333333,0.5,0.5,0.0,0.0,0.0,0.5,0.3189544677734375
"11,1,22,1,13,0,19,2,7,17,3,16,1,9,16",0.4666666666666667,0.5,0.5,0.4666666666666667,1.0,0.6363636363636364,0.5,0.2952592372894287
"20,1,0,7,17,0,0,5,9,16,5,14,15,13,7",0.4666666666666667,0.5,0.5,0.4666666666666667,1.0,0.6363636363636364,0.5,0.22614479064941406
"13,10,13,13,14,4,19,3,11,16,11,8,3,16,14",0.4666666666666667,0.5,0.5,0.4666666666666667,1.0,0.6363636363636364,0.5,0.29008913040161133
"9,0,11,12,2,9,14,18,16,12,17,6,19,5,15",0.5333333333333333,0.5,0.5,0.0,0.0,0.0,0.5,0.4113144874572754
"19,10,10,17,17,1,23,17,6,3,2,13,13,19,1",0.4666666666666667,0.5,0.5,0.4666666666666667,1.0,0.6363636363636364,0.5,0.7265009880065918
"18,10,7,7,10,21,1,11,10,10,16,16,17,7,7",0.4666666666666667,0.5,0.5,0.4666666666666667,1.0,0.6363636363636364,0.5,0.3194313049316406
"4,4,13,6,0,2,20,11,5,17,23,11,4,8,23",0.4666666666666667,0.5,0.5,0.4666666666666667,1.0,0.6363636363636364,0.5,0.24166321754455566
"13,12,23,13,1,4,19,3,14,16,11,1,18,16,5",0.5333333333333333,0.5,0.5,0.0,0.0,0.0,0.5,0.2818033695220947
"21,2,13,9,8,8,2,8,11,10,0,5,0,21,4",0.5333333333333333,0.5,0.5,0.0,0.0,0.0,0.5,0.2824115753173828
"2,19,3,7,8,8,7,0,12,2,15,16,12,12,7",0.5333333333333333,0.5,0.5,0.0,0.0,0.0,0.5,0.3322930335998535
"1,18,16,5,23,3,16,7,4,0,14,3,0,4,11",0.4666666666666667,0.5,0.5,0.4666666666666667,1.0,0.6363636363636364,0.5,0.3198418617248535
"4,1,20,0,8,15,4,2,15,20,3,11,1,16,1",0.4666666666666667,0.5,0.5,0.4666666666666667,1.0,0.6363636363636364,0.5,0.2322394847869873
"1,1,1,20,10,2,14,22,10,21,14,3,10,15,12",0.5333333333333333,0.5,0.5,0.0,0.0,0.0,0.5,0.24602699279785156
"7,7,5,15,12,6,22,11,18,11,10,23,12,18,13",0.5333333333333333,0.5,0.5,0.0,0.0,0.0,0.5,0.2836282253265381
"1,21,0,8,20,15,16,13,11,19,11,7,8,4,11",0.4666666666666667,0.5,0.5,0.4666666666666667,1.0,0.6363636363636364,0.5,0.27032899856567383
"17,19,11,6,3,22,6,17,10,13,19,6,19,17,13",0.4666666666666667,0.5,0.5,0.4666666666666667,1.0,0.6363636363636364,0.5,1.1809203624725342
"16,11,3,14,20,13,11,3,3,6,11,0,14,6,22",0.5333333333333333,0.5,0.5,0.0,0.0,0.0,0.5,0.2337479591369629
"3,20,2,8,19,13,2,18,14,6,6,22,7,8,6",0.4666666666666667,0.5,0.5,0.4666666666666667,1.0,0.6363636363636364,0.5,0.2578246593475342
"23,17,9,23,13,7,16,13,10,13,4,5,9,3,21",0.4666666666666667,0.5,0.5,0.4666666666666667,1.0,0.6363636363636364,0.5,0.3951263427734375
"16,2,0,0,17,13,2,10,4,7,12,0,11,3,19",0.5333333333333333,0.5,0.5,0.0,0.0,0.0,0.5,0.25726819038391113
"10,22,4,11,4,3,6,0,11,1,23,3,3,13,9",0.4666666666666667,0.5,0.5,0.4666666666666667,1.0,0.6363636363636364,0.5,0.2053375244140625
"11,17,9,23,1,10,22,4,11,4,3,6,0,11,1",0.4666666666666667,0.5,0.5,0.4666666666666667,1.0,0.6363636363636364,0.5,0.28562307357788086
"21,4,11,15,23,17,22,1,9,14,12,9,2,9,15",0.4666666666666667,0.5,0.5,0.4666666666666667,1.0,0.6363636363636364,0.5,0.3177151679992676
"23,10,15,8,14,11,18,17,22,10,13,9,16,8,14",0.5333333333333333,0.5,0.5,0.0,0.0,0.0,0.5,0.32614827156066895
"14,2,9,8,12,15,20,11,8,11,16,5,4,23,10",0.4666666666666667,0.5,0.5,0.4666666666666667,1.0,0.6363636363636364,0.5,0.2903745174407959
"2,1,15,10,4,0,17,7,20,14,15,13,0,2,9",0.5333333333333333,0.5,0.5,0.0,0.0,0.0,0.5,0.2875094413757324
"2,23,14,13,1,0,19,6,12,17,17,14,2,9,14",0.4666666666666667,0.5,0.5,0.4666666666666667,1.0,0.6363636363636364,0.5,0.287003755569458
"16,18,16,14,2,18,17,11,10,21,4,9,15,5,21",0.5333333333333333,0.5,0.5,0.0,0.0,0.0,0.5,0.3760855197906494
"0,6,23,10,2,1,15,10,4,0,17,7,20,14,15",0.4666666666666667,0.5,0.5,0.4666666666666667,1.0,0.6363636363636364,0.5,0.2448573112487793
"17,13,5,14,14,21,16,15,4,5,6,6,9,3,6",0.4666666666666667,0.5,0.5,0.4666666666666667,1.0,0.6363636363636364,0.5,0.25984930992126465
"22,12,23,6,7,22,11,1,22,1,13,0,19,2,7",0.5333333333333333,0.5,0.5,0.0,0.0,0.0,0.5,0.27928972244262695
"15,7,4,22,12,3,14,8,17,6,1,10,12,2,13",0.4666666666666667,0.5,0.5,0.4666666666666667,1.0,0.6363636363636364,0.5,0.2760639190673828
"1,20,0,8,15,4,2,15,20,3,11,1,16,1,11",0.5333333333333333,0.5,0.5,0.0,0.0,0.0,0.5,0.2376697063446045
"17,9,23,13,7,16,13,10,13,4,5,9,3,21,2",0.5333333333333333,0.5,0.5,0.0,0.0,0.0,0.5,0.27730774879455566
"2,4,21,12,23,15,0,13,8,16,11,2,6,14,9",0.5333333333333333,0.5,0.5,0.0,0.0,0.0,0.5,0.27342963218688965
"20,10,2,14,22,10,21,14,3,10,15,12,3,18,11",0.5333333333333333,0.5,0.5,0.0,0.0,0.0,0.5,0.28191041946411133
"4,20,14,17,21,9,23,14,6,11,16,13,15,13,23",0.5333333333333333,0.5,0.5,0.0,0.0,0.0,0.5,0.3249039649963379
"23,12,6,14,0,4,19,10,10,17,17,1,23,17,6",0.5333333333333333,0.5,0.5,0.0,0.0,0.0,0.5,0.5878562927246094
"14,0,16,13,3,8,1,10,14,12,4,6,15,1,21",0.4666666666666667,0.5,0.5,0.4666666666666667,1.0,0.6363636363636364,0.5,0.24722576141357422
"13,10,16,9,2,17,19,3,14,16,23,8,3,16,14",0.5333333333333333,0.5,0.5,0.0,0.0,0.0,0.5,0.38411927223205566
"8,7,3,3,17,22,17,18,14,13,10,7,17,23,5",0.4666666666666667,0.5,0.5,0.4666666666666667,1.0,0.6363636363636364,0.5,0.36734938621520996
"22,16,3,22,2,7,8,18,14,14,15,1,1,20,14",0.5333333333333333,0.5,0.5,0.0,0.0,0.0,0.5,0.3130505084991455
"8,16,1,18,16,5,23,3,16,7,4,0,14,3,0",0.5333333333333333,0.5,0.5,0.0,0.0,0.0,0.5,0.32733869552612305
"4,21,0,8,10,0,9,15,21,14,8,17,19,9,19",0.4666666666666667,0.5,0.5,0.4666666666666667,1.0,0.6363636363636364,0.5,0.37030458450317383
"10,20,0,15,18,12,17,1,3,7,3,15,4,12,14",0.5333333333333333,0.5,0.5,0.0,0.0,0.0,0.5,1.4702026844024658
"7,6,15,8,12,4,12,22,14,0,21,10,14,11,2",0.5333333333333333,0.5,0.5,0.0,0.0,0.0,0.5,0.26018691062927246
"8,8,2,8,11,10,0,5,0,21,4,0,13,4,23",0.5333333333333333,0.5,0.5,0.0,0.0,0.0,0.5,0.21520614624023438
"2,5,10,8,7,21,10,2,4,8,8,3,4,9,2",0.5333333333333333,0.5,0.5,0.0,0.0,0.0,0.5,0.2024240493774414
"8,9,4,16,3,9,19,19,17,13,3,7,3,2,5",0.5333333333333333,0.5,0.5,0.0,0.0,0.0,0.5,1.1524715423583984
"3,15,14,16,8,7,1,13,7,9,10,9,7,11,15",0.4666666666666667,0.5,0.5,0.4666666666666667,1.0,0.6363636363636364,0.5,0.33016037940979004
"22,17,16,14,13,18,17,17,23,5,4,1,14,5,21",0.5333333333333333,0.5,0.5,0.0,0.0,0.0,0.5,0.4129934310913086
"0,16,0,10,20,15,7,7,5,15,12,6,22,11,18",0.5333333333333333,0.5,0.5,0.0,0.0,0.0,0.5,0.2879784107208252
"0,17,7,20,14,15,13,0,2,9,14,12,16,2,23",0.5333333333333333,0.5,0.5,0.0,0.0,0.0,0.5,0.2781214714050293
"20,13,6,10,2,10,12,6,15,14,19,12,7,2,6",0.5333333333333333,0.5,0.5,0.0,0.0,0.0,0.5,0.25922679901123047
"7,8,8,7,0,12,2,15,16,12,12,7,14,22,9",0.5333333333333333,0.5,0.5,0.0,0.0,0.0,0.5,0.28239011764526367
"18,17,12,7,5,9,6,16,12,5,16,11,6,3,2",0.4666666666666667,0.5,0.5,0.4666666666666667,1.0,0.6363636363636364,0.5,0.30728602409362793
"11,16,7,23,5,17,18,11,9,4,0,10,12,4,9",0.4666666666666667,0.5,0.5,0.4666666666666667,1.0,0.6363636363636364,0.5,0.29020237922668457
"20,5,8,14,0,17,17,6,9,4,3,1,4,23,0",0.5333333333333333,0.5,0.5,0.0,0.0,0.0,0.5,0.24255609512329102
"20,0,14,14,13,18,10,7,7,10,21,1,11,10,10",0.4666666666666667,0.5,0.5,0.4666666666666667,1.0,0.6363636363636364,0.5,0.31883859634399414
"23,0,15,18,14,13,12,18,1,17,13,5,5,11,9",0.4666666666666667,0.5,0.5,0.4666666666666667,1.0,0.6363636363636364,0.5,0.40512847900390625
"1,13,0,19,2,7,17,3,16,1,9,16,10,7,16",0.5333333333333333,0.5,0.5,0.0,0.0,0.0,0.5,0.2906155586242676
"20,16,17,11,17,21,7,12,2,22,16,15,10,18,6",0.5333333333333333,0.5,0.5,0.0,0.0,0.0,0.5,0.29656147956848145
"22,1,3,0,4,10,13,20,15,10,3,14,21,15,8",0.4666666666666667,0.5,0.5,0.4666666666666667,1.0,0.6363636363636364,0.5,0.26979947090148926
"18,16,5,23,3,16,7,4,0,14,3,0,4,11,16",0.5333333333333333,0.5,0.5,0.0,0.0,0.0,0.5,0.33275794982910156
"21,13,15,18,12,4,21,4,11,15,23,17,22,1,9",0.5333333333333333,0.5,0.5,0.0,0.0,0.0,0.5,0.34006619453430176
"17,12,10,6,12,9,10,7,20,8,14,1,13,18,10",0.4666666666666667,0.5,0.5,0.4666666666666667,1.0,0.6363636363636364,0.5,0.2992265224456787
"2,10,0,19,2,4,4,19,6,18,14,22,12,15,7",0.4666666666666667,0.5,0.5,0.4666666666666667,1.0,0.6363636363636364,0.5,1.283219575881958
"0,10,9,22,15,14,9,1,0,1,2,0,16,9,13",0.4666666666666667,0.5,0.5,0.4666666666666667,1.0,0.6363636363636364,0.5,0.22636651992797852
"1,13,7,9,10,9,7,11,15,13,21,2,6,6,6",0.5333333333333333,0.5,0.5,0.0,0.0,0.0,0.5,0.2520487308502197
"19,14,23,10,14,15,0,9,19,3,11,23,6,9,4",0.5333333333333333,0.5,0.5,0.0,0.0,0.0,0.5,0.3280801773071289
"4,15,11,9,11,23,0,8,4,0,14,0,10,9,22",0.5333333333333333,0.5,0.5,0.0,0.0,0.0,0.5,0.28626108169555664
"23,11,16,0,14,14,17,15,19,18,14,14,15,10,11",0.5333333333333333,0.5,0.5,0.0,0.0,0.0,0.5,0.5963106155395508
"0,23,10,15,8,14,11,18,17,22,10,13,9,16,8",0.5333333333333333,0.5,0.5,0.0,0.0,0.0,0.5,0.30785393714904785
"13,10,16,8,13,20,17,14,9,4,4,14,0,4,8",0.4666666666666667,0.5,0.5,0.4666666666666667,1.0,0.6363636363636364,0.5,0.2571885585784912
"6,19,17,6,9,0,16,7,12,3,2,1,12,12,21",0.5333333333333333,0.5,0.5,0.0,0.0,0.0,0.5,0.4812943935394287
"4,22,9,16,17,13,5,14,14,21,16,15,4,5,6",0.5333333333333333,0.5,0.5,0.0,0.0,0.0,0.5,0.2768521308898926
"18,9,9,13,20,6,2,11,12,0,22,1,4,4,9",0.5333333333333333,0.5,0.5,0.0,0.0,0.0,0.5,0.26369762420654297
"21,2,5,10,8,7,21,10,2,4,8,8,3,4,9",0.4666666666666667,0.5,0.5,0.4666666666666667,1.0,0.6363636363636364,0.5,0.24309611320495605
"0,4,10,13,20,15,10,3,14,21,15,8,21,16,21",0.4666666666666667,0.5,0.5,0.4666666666666667,1.0,0.6363636363636364,0.5,0.2809746265411377
"0,0,4,16,3,9,11,23,0,8,22,0,15,0,21",0.5333333333333333,0.5,0.5,0.0,0.0,0.0,0.5,0.2800171375274658
"22,3,12,12,9,2,0,16,17,15,19,8,12,16,4",0.5333333333333333,0.5,0.5,0.0,0.0,0.0,0.5,0.29857659339904785
"18,11,9,4,0,10,12,4,9,16,23,4,16,2,5",0.4666666666666667,0.5,0.5,0.4666666666666667,1.0,0.6363636363636364,0.5,0.31451869010925293
"5,18,16,19,6,17,19,19,18,7,6,7,9,1,4",0.4666666666666667,0.5,0.5,0.4666666666666667,1.0,0.6363636363636364,0.5,1.651808261871338
"6,23,15,14,20,10,4,14,21,17,12,2,0,4,15",0.5333333333333333,0.5,0.5,0.0,0.0,0.0,0.5,0.29569244384765625
"22,0,11,7,5,9,7,21,1,14,11,22,15,13,16",0.5333333333333333,0.5,0.5,0.0,0.0,0.0,0.5,0.2562260627746582
"9,0,16,7,12,3,2,1,12,12,21,8,17,4,9",0.4666666666666667,0.5,0.5,0.4666666666666667,1.0,0.6363636363636364,0.5,0.21599245071411133
"16,1,14,2,16,0,9,0,8,11,8,9,17,12,20",0.5333333333333333,0.5,0.5,0.0,0.0,0.0,0.5,0.2823147773742676
"19,15,10,6,9,22,0,11,7,5,9,7,21,1,14",0.4666666666666667,0.5,0.5,0.4666666666666667,1.0,0.6363636363636364,0.5,0.3415546417236328
"0,20,5,4,0,13,22,4,17,4,18,9,0,0,19",0.5333333333333333,0.5,0.5,0.0,0.0,0.0,0.5,0.2554645538330078
"4,1,4,23,7,3,18,0,6,2,10,7,1,15,7",0.4666666666666667,0.5,0.5,0.4666666666666667,1.0,0.6363636363636364,0.5,0.19622802734375
"21,9,7,2,8,1,9,2,9,18,5,18,14,8,13",0.5333333333333333,0.5,0.5,0.0,0.0,0.0,0.5,0.36124753952026367
"1,12,0,7,19,15,10,6,9,22,0,11,7,5,9",0.4666666666666667,0.5,0.5,0.4666666666666667,1.0,0.6363636363636364,0.5,0.2514913082122803
"16,0,1,22,2,17,19,12,11,8,20,10,20,5,6",0.5333333333333333,0.5,0.5,0.0,0.0,0.0,0.5,0.4034295082092285
"4,3,1,4,23,0,11,9,0,19,15,6,8,21,5",0.4666666666666667,0.5,0.5,0.4666666666666667,1.0,0.6363636363636364,0.5,0.22627520561218262
"4,14,22,15,5,8,22,0,8,19,4,2,6,4,12",0.4666666666666667,0.5,0.5,0.4666666666666667,1.0,0.6363636363636364,0.5,0.2527785301208496
"8,10,16,9,2,17,19,12,11,8,23,10,17,5,11",0.4666666666666667,0.5,0.5,0.4666666666666667,1.0,0.6363636363636364,0.5,0.40105414390563965
"16,15,5,0,6,17,16,4,4,11,3,5,17,9,21",0.4666666666666667,0.5,0.5,0.4666666666666667,1.0,0.6363636363636364,0.5,0.23845124244689941
"12,10,2,2,19,11,4,6,1,1,7,4,0,3,21",0.4666666666666667,0.5,0.5,0.4666666666666667,1.0,0.6363636363636364,0.5,0.2321021556854248
"3,18,0,6,2,10,7,1,15,7,4,22,12,3,14",0.5333333333333333,0.5,0.5,0.0,0.0,0.0,0.5,0.2715315818786621
"22,12,3,14,8,17,6,1,10,12,2,13,14,13,13",0.4666666666666667,0.5,0.5,0.4666666666666667,1.0,0.6363636363636364,0.5,0.25921034812927246
"16,11,13,9,8,13,21,14,12,19,6,1,1,13,1",0.5333333333333333,0.5,0.5,0.0,0.0,0.0,0.5,0.2928619384765625
"8,20,10,20,5,6,4,16,1,4,8,9,7,5,15",0.4666666666666667,0.5,0.5,0.4666666666666667,1.0,0.6363636363636364,0.5,0.21982932090759277
"2,19,11,4,6,1,1,7,4,0,3,21,4,8,15",0.5333333333333333,0.5,0.5,0.0,0.0,0.0,0.5,0.29186367988586426
"13,15,8,7,20,9,13,7,8,0,16,11,10,13,20",0.4666666666666667,0.5,0.5,0.4666666666666667,1.0,0.6363636363636364,0.5,0.3059358596801758
"1,18,14,7,2,12,10,2,2,19,11,4,6,1,1",0.5333333333333333,0.5,0.5,0.0,0.0,0.0,0.5,0.25527000427246094
"20,0,16,14,3,12,1,10,19,2,4,16,15,8,21",0.5333333333333333,0.5,0.5,0.0,0.0,0.0,0.5,0.32018041610717773
"9,8,8,2,8,11,10,0,5,0,21,4,0,13,4",0.4666666666666667,0.5,0.5,0.4666666666666667,1.0,0.6363636363636364,0.5,0.22852849960327148
"19,10,5,20,16,11,13,9,8,13,21,14,12,19,6",0.5333333333333333,0.5,0.5,0.0,0.0,0.0,0.5,0.3356328010559082
"6,9,1,0,7,5,7,23,17,9,23,13,7,16,13",0.5333333333333333,0.5,0.5,0.0,0.0,0.0,0.5,0.23377466201782227
"14,9,16,0,3,12,16,10,19,11,4,5,15,8,0",0.4666666666666667,0.5,0.5,0.4666666666666667,1.0,0.6363636363636364,0.5,0.2531251907348633
"2,7,8,22,14,20,9,21,9,7,2,8,1,9,2",0.5333333333333333,0.5,0.5,0.0,0.0,0.0,0.5,0.24895310401916504
"1,12,0,13,7,11,8,4,5,10,14,16,2,22,1",0.5333333333333333,0.5,0.5,0.0,0.0,0.0,0.5,0.22338294982910156
"3,16,0,11,8,9,14,18,13,20,17,10,9,17,19",0.5333333333333333,0.5,0.5,0.0,0.0,0.0,0.5,0.39331936836242676
"13,11,10,21,8,6,7,10,3,0,9,15,4,10,15",0.5333333333333333,0.5,0.5,0.0,0.0,0.0,0.5,0.24885010719299316
"0,8,15,4,2,15,20,3,11,1,16,1,11,8,2",0.5333333333333333,0.5,0.5,0.0,0.0,0.0,0.5,0.23795413970947266
"6,20,12,5,13,20,3,8,4,8,11,3,21,7,21",0.5333333333333333,0.5,0.5,0.0,0.0,0.0,0.5,0.26465654373168945
"3,16,7,4,0,14,3,0,4,11,16,5,18,6,1",0.4666666666666667,0.5,0.5,0.4666666666666667,1.0,0.6363636363636364,0.5,0.22448086738586426
"7,7,12,10,1,12,0,7,19,15,10,6,9,22,0",0.5333333333333333,0.5,0.5,0.0,0.0,0.0,0.5,0.28038501739501953
"21,0,12,8,20,3,7,1,5,1,3,8,9,4,16",0.5333333333333333,0.5,0.5,0.0,0.0,0.0,0.5,0.2471158504486084
"0,7,5,7,23,17,9,23,13,7,16,13,10,13,4",0.5333333333333333,0.5,0.5,0.0,0.0,0.0,0.5,0.25779056549072266
"16,10,11,9,2,17,11,12,11,8,9,10,17,5,11",0.5333333333333333,0.5,0.5,0.0,0.0,0.0,0.5,0.2970621585845947
"19,7,3,23,3,5,8,2,7,8,22,14,20,9,21",0.5333333333333333,0.5,0.5,0.0,0.0,0.0,0.5,0.31165218353271484
"23,5,16,1,14,2,16,0,9,0,8,11,8,9,17",0.5333333333333333,0.5,0.5,0.0,0.0,0.0,0.5,0.34842801094055176
"4,16,11,12,11,17,0,8,9,15,14,5,10,4,22",0.5333333333333333,0.5,0.5,0.0,0.0,0.0,0.5,0.28386783599853516
"10,3,23,3,13,3,12,14,14,2,22,13,6,14,19",0.5333333333333333,0.5,0.5,0.0,0.0,0.0,0.5,0.2528672218322754
"5,20,16,11,13,9,8,13,21,14,12,19,6,1,1",0.4666666666666667,0.5,0.5,0.4666666666666667,1.0,0.6363636363636364,0.5,0.2933979034423828
"6,4,1,20,0,8,15,4,2,15,20,3,11,1,16",0.4666666666666667,0.5,0.5,0.4666666666666667,1.0,0.6363636363636364,0.5,0.24980378150939941
"0,16,7,12,3,2,1,12,12,21,8,17,4,9,13",0.5333333333333333,0.5,0.5,0.0,0.0,0.0,0.5,0.2784130573272705
"17,19,9,19,7,3,23,3,5,8,2,7,8,22,14",0.5333333333333333,0.5,0.5,0.0,0.0,0.0,0.5,0.38127923011779785
"9,6,16,6,13,15,13,11,16,8,23,5,17,18,5",0.5333333333333333,0.5,0.5,0.0,0.0,0.0,0.5,0.3044109344482422
"16,15,5,6,6,1,16,4,18,8,3,1,17,16,0",0.5333333333333333,0.5,0.5,0.0,0.0,0.0,0.5,0.2638111114501953
"20,3,17,13,1,6,23,13,4,12,18,19,8,16,12",0.5333333333333333,0.5,0.5,0.0,0.0,0.0,0.5,0.553814172744751
"18,3,0,15,20,8,9,8,20,9,4,4,6,19,15",0.4666666666666667,0.5,0.5,0.4666666666666667,1.0,0.6363636363636364,0.5,0.31774258613586426
"14,0,23,10,15,8,14,11,18,17,22,10,13,9,16",0.5333333333333333,0.5,0.5,0.0,0.0,0.0,0.5,0.32569265365600586
"5,2,12,9,12,6,9,11,22,5,15,14,8,8,15",0.5333333333333333,0.5,0.5,0.0,0.0,0.0,0.5,0.22345352172851562
"7,1,13,7,9,10,9,7,11,15,13,21,2,6,6",0.4666666666666667,0.5,0.5,0.4666666666666667,1.0,0.6363636363636364,0.5,0.24242591857910156
"8,13,2,2,21,11,15,7,2,4,15,21,9,11,23",0.5333333333333333,0.5,0.5,0.0,0.0,0.0,0.5,0.22684049606323242
"2,9,14,12,16,2,23,16,9,6,22,10,7,14,3",0.5333333333333333,0.5,0.5,0.0,0.0,0.0,0.5,0.28099536895751953
"2,22,13,6,14,19,10,20,3,17,13,1,6,23,13",0.5333333333333333,0.5,0.5,0.0,0.0,0.0,0.5,0.2785506248474121
"20,5,16,23,14,6,10,3,23,3,13,3,12,14,14",0.4666666666666667,0.5,0.5,0.4666666666666667,1.0,0.6363636363636364,0.5,0.2868351936340332
"13,20,17,14,9,4,4,14,0,4,8,3,12,4,1",0.4666666666666667,0.5,0.5,0.4666666666666667,1.0,0.6363636363636364,0.5,0.23167157173156738
"17,11,17,9,23,1,10,22,4,11,4,3,6,0,11",0.4666666666666667,0.5,0.5,0.4666666666666667,1.0,0.6363636363636364,0.5,0.2445225715637207
"0,8,1,7,0,8,1,9,3,4,2,18,4,15,16",0.4666666666666667,0.5,0.5,0.4666666666666667,1.0,0.6363636363636364,0.5,0.22441744804382324
"1,1,14,12,14,8,1,17,7,8,8,12,10,0,0",0.4666666666666667,0.5,0.5,0.4666666666666667,1.0,0.6363636363636364,0.5,0.2642838954925537
"23,0,14,13,16,21,7,14,16,15,15,3,20,17,5",0.4666666666666667,0.5,0.5,0.4666666666666667,1.0,0.6363636363636364,0.5,0.2671017646789551
"7,5,7,23,17,9,23,13,7,16,13,10,13,4,5",0.5333333333333333,0.5,0.5,0.0,0.0,0.0,0.5,0.24478745460510254
"10,0,15,7,17,18,0,17,2,15,1,3,10,0,7",0.4666666666666667,0.5,0.5,0.4666666666666667,1.0,0.6363636363636364,0.5,0.37552642822265625
"14,22,9,7,3,12,13,5,13,13,14,4,19,3,14",0.5333333333333333,0.5,0.5,0.0,0.0,0.0,0.5,0.2872345447540283
"2,6,6,6,23,15,14,20,10,4,14,21,17,12,2",0.5333333333333333,0.5,0.5,0.0,0.0,0.0,0.5,0.28211092948913574
"3,0,15,20,8,9,8,20,9,4,4,6,19,15,20",0.4666666666666667,0.5,0.5,0.4666666666666667,1.0,0.6363636363636364,0.5,0.2663233280181885
"6,6,9,1,0,7,5,7,23,17,9,23,13,7,16",0.5333333333333333,0.5,0.5,0.0,0.0,0.0,0.5,0.23747515678405762
"11,8,10,19,8,8,0,16,17,18,11,0,4,14,6",0.4666666666666667,0.5,0.5,0.4666666666666667,1.0,0.6363636363636364,0.5,0.3264801502227783
"6,23,9,6,16,9,13,15,3,11,16,7,23,5,17",0.5333333333333333,0.5,0.5,0.0,0.0,0.0,0.5,0.2677419185638428
"7,8,5,16,1,16,0,20,3,6,3,15,14,16,8",0.5333333333333333,0.5,0.5,0.0,0.0,0.0,0.5,0.26979899406433105
"8,10,0,9,15,21,14,8,17,19,9,19,7,3,23",0.4666666666666667,0.5,0.5,0.4666666666666667,1.0,0.6363636363636364,0.5,0.3765997886657715
"13,18,7,9,13,7,9,4,9,23,11,5,10,20,3",0.5333333333333333,0.5,0.5,0.0,0.0,0.0,0.5,0.2850189208984375
"2,22,7,4,14,10,14,17,21,14,0,15,8,12,0",0.5333333333333333,0.5,0.5,0.0,0.0,0.0,0.5,0.27130818367004395
"3,22,6,17,10,13,19,6,19,17,13,18,12,4,9",0.4666666666666667,0.5,0.5,0.4666666666666667,1.0,0.6363636363636364,0.5,1.0589568614959717
"20,12,3,19,19,18,9,18,11,18,16,15,1,2,19",0.5333333333333333,0.5,0.5,0.0,0.0,0.0,0.5,1.2874119281768799
"3,6,1,0,20,2,0,11,4,2,4,15,0,6,9",0.4666666666666667,0.5,0.5,0.4666666666666667,1.0,0.6363636363636364,0.5,0.19003772735595703
"0,19,2,4,4,19,6,18,14,22,12,15,7,15,15",0.5333333333333333,0.5,0.5,0.0,0.0,0.0,0.5,1.3761019706726074
"23,16,1,15,22,8,0,3,16,14,1,7,3,21,0",0.4666666666666667,0.5,0.5,0.4666666666666667,1.0,0.6363636363636364,0.5,0.3080277442932129
"3,15,20,12,11,11,8,11,15,16,1,8,8,10,6",0.5333333333333333,0.5,0.5,0.0,0.0,0.0,0.5,0.31409335136413574
"2,22,1,3,0,4,10,13,20,15,10,3,14,21,15",0.4666666666666667,0.5,0.5,0.4666666666666667,1.0,0.6363636363636364,0.5,0.2411966323852539
"11,7,5,9,7,21,1,14,11,22,15,13,16,11,6",0.5333333333333333,0.5,0.5,0.0,0.0,0.0,0.5,0.2558577060699463
"16,9,13,15,3,11,16,7,23,5,17,18,11,9,4",0.4666666666666667,0.5,0.5,0.4666666666666667,1.0,0.6363636363636364,0.5,0.32398557662963867
"5,18,14,8,13,2,2,21,11,15,7,2,4,15,21",0.4666666666666667,0.5,0.5,0.4666666666666667,1.0,0.6363636363636364,0.5,0.2791788578033447
"22,12,15,0,16,2,0,0,17,13,2,10,4,7,12",0.4666666666666667,0.5,0.5,0.4666666666666667,1.0,0.6363636363636364,0.5,0.2427217960357666
"12,6,9,11,22,5,15,14,8,8,15,4,12,6,12",0.5333333333333333,0.5,0.5,0.0,0.0,0.0,0.5,0.26215386390686035
"3,4,15,12,13,19,13,9,15,23,2,16,9,15,15",0.5333333333333333,0.5,0.5,0.0,0.0,0.0,0.5,0.34319162368774414
"14,23,10,14,15,0,9,19,3,11,23,6,9,4,19",0.5333333333333333,0.5,0.5,0.0,0.0,0.0,0.5,0.2965433597564697
"14,0,16,8,3,19,1,10,7,3,4,3,15,8,21",0.5333333333333333,0.5,0.5,0.0,0.0,0.0,0.5,0.2367849349975586
"10,4,7,12,0,11,3,19,18,14,14,13,15,8,7",0.5333333333333333,0.5,0.5,0.0,0.0,0.0,0.5,0.5121088027954102
"7,4,0,14,3,0,4,11,16,5,18,6,1,16,8",0.5333333333333333,0.5,0.5,0.0,0.0,0.0,0.5,0.26311659812927246
"1,17,7,8,8,12,10,0,0,2,1,9,13,2,12",0.5333333333333333,0.5,0.5,0.0,0.0,0.0,0.5,0.2763352394104004
"1,22,2,11,16,4,11,18,9,9,5,8,20,7,6",0.4666666666666667,0.5,0.5,0.4666666666666667,1.0,0.6363636363636364,0.5,0.247330904006958
"18,5,18,14,8,13,2,2,21,11,15,7,2,4,15",0.5333333333333333,0.5,0.5,0.0,0.0,0.0,0.5,0.40764665603637695
"8,14,11,18,17,22,10,13,9,16,8,14,19,6,19",0.5333333333333333,0.5,0.5,0.0,0.0,0.0,0.5,0.945608377456665
"1,20,10,2,14,22,10,21,14,3,10,15,12,3,18",0.4666666666666667,0.5,0.5,0.4666666666666667,1.0,0.6363636363636364,0.5,0.28557491302490234
"13,13,17,6,12,8,12,7,16,12,2,10,1,13,2",0.5333333333333333,0.5,0.5,0.0,0.0,0.0,0.5,0.2565147876739502
"12,17,3,6,2,14,12,15,19,16,13,6,4,2,16",0.4666666666666667,0.5,0.5,0.4666666666666667,1.0,0.6363636363636364,0.5,0.3121461868286133
"1,6,23,13,4,12,18,19,8,16,12,1,9,8,21",0.4666666666666667,0.5,0.5,0.4666666666666667,1.0,0.6363636363636364,0.5,0.5239527225494385
"5,16,11,6,3,2,16,12,20,11,10,21,3,16,2",0.5333333333333333,0.5,0.5,0.0,0.0,0.0,0.5,0.2588963508605957
"23,13,7,16,13,10,13,4,5,9,3,21,2,17,19",0.4666666666666667,0.5,0.5,0.4666666666666667,1.0,0.6363636363636364,0.5,0.35443830490112305
"19,9,6,3,12,9,12,12,7,5,18,17,5,4,3",0.5333333333333333,0.5,0.5,0.0,0.0,0.0,0.5,0.33347535133361816
"2,18,16,14,2,18,1,11,10,16,4,9,15,5,23",0.5333333333333333,0.5,0.5,0.0,0.0,0.0,0.5,0.33058786392211914
"2,10,12,6,15,14,19,12,7,2,6,7,11,20,7",0.5333333333333333,0.5,0.5,0.0,0.0,0.0,0.5,0.2787485122680664
"8,15,4,12,2,1,1,19,9,8,4,1,16,5,10",0.4666666666666667,0.5,0.5,0.4666666666666667,1.0,0.6363636363636364,0.5,0.24292707443237305
"21,14,8,17,19,9,19,7,3,23,3,5,8,2,7",0.5333333333333333,0.5,0.5,0.0,0.0,0.0,0.5,0.36606812477111816
"0,14,14,13,18,10,7,7,10,21,1,11,10,10,16",0.5333333333333333,0.5,0.5,0.0,0.0,0.0,0.5,0.30605363845825195
"12,16,8,14,4,8,6,17,6,13,22,12,0,19,19",0.5333333333333333,0.5,0.5,0.0,0.0,0.0,0.5,0.8269212245941162
"5,23,3,16,7,4,0,14,3,0,4,11,16,5,18",0.5333333333333333,0.5,0.5,0.0,0.0,0.0,0.5,0.29416537284851074
"16,10,0,9,2,17,19,12,11,8,23,10,17,5,11",0.5333333333333333,0.5,0.5,0.0,0.0,0.0,0.5,0.37282276153564453
"19,7,9,10,3,3,9,0,0,5,19,2,15,15,18",0.5333333333333333,0.5,0.5,0.0,0.0,0.0,0.5,0.3516216278076172
"0,1,16,11,3,14,20,13,11,3,3,6,11,0,14",0.4666666666666667,0.5,0.5,0.4666666666666667,1.0,0.6363636363636364,0.5,0.2595512866973877
"1,16,9,16,12,8,3,4,15,12,13,19,13,9,15",0.5333333333333333,0.5,0.5,0.0,0.0,0.0,0.5,0.30983829498291016
"17,7,8,8,12,10,0,0,2,1,9,13,2,12,23",0.4666666666666667,0.5,0.5,0.4666666666666667,1.0,0.6363636363636364,0.5,0.2718181610107422
"22,17,18,14,13,10,7,17,23,5,16,1,14,2,16",0.5333333333333333,0.5,0.5,0.0,0.0,0.0,0.5,0.5370900630950928
"1,19,18,17,11,17,9,23,1,10,22,4,11,4,3",0.4666666666666667,0.5,0.5,0.4666666666666667,1.0,0.6363636363636364,0.5,0.6947464942932129
"14,15,16,10,6,12,1,10,19,8,4,5,17,8,21",0.5333333333333333,0.5,0.5,0.0,0.0,0.0,0.5,0.2847440242767334
"12,1,15,14,10,7,20,14,8,23,3,8,10,4,3",0.5333333333333333,0.5,0.5,0.0,0.0,0.0,0.5,0.2572479248046875
"17,6,10,14,12,12,10,7,4,2,14,16,13,8,10",0.4666666666666667,0.5,0.5,0.4666666666666667,1.0,0.6363636363636364,0.5,0.29677438735961914
"15,14,18,9,0,5,4,8,2,14,0,22,6,4,1",0.5333333333333333,0.5,0.5,0.0,0.0,0.0,0.5,0.20609450340270996
"6,21,13,13,3,0,4,14,13,0,6,0,1,14,5",0.4666666666666667,0.5,0.5,0.4666666666666667,1.0,0.6363636363636364,0.5,0.1986393928527832
"4,0,19,4,16,11,9,11,19,0,8,22,0,14,0",0.5333333333333333,0.5,0.5,0.0,0.0,0.0,0.5,0.36858439445495605
"17,22,2,5,16,12,6,5,0,0,17,18,11,19,10",0.4666666666666667,0.5,0.5,0.4666666666666667,1.0,0.6363636363636364,0.5,0.32193994522094727
"8,2,7,8,22,14,20,9,21,9,7,2,8,1,9",0.5333333333333333,0.5,0.5,0.0,0.0,0.0,0.5,0.2516777515411377
"22,1,3,10,0,3,14,7,4,21,4,0,12,1,15",0.5333333333333333,0.5,0.5,0.0,0.0,0.0,0.5,0.19076895713806152
"10,8,22,16,9,0,23,15,6,5,9,3,10,17,1",0.5333333333333333,0.5,0.5,0.0,0.0,0.0,0.5,0.22101330757141113
"14,9,4,4,14,0,4,8,3,12,4,1,19,8,18",0.4666666666666667,0.5,0.5,0.4666666666666667,1.0,0.6363636363636364,0.5,0.2471163272857666
"14,8,21,0,12,3,14,16,4,13,11,16,5,3,11",0.4666666666666667,0.5,0.5,0.4666666666666667,1.0,0.6363636363636364,0.5,0.24700665473937988
"3,13,3,12,14,14,2,22,13,6,14,19,10,20,3",0.5333333333333333,0.5,0.5,0.0,0.0,0.0,0.5,0.24266815185546875
"15,0,4,4,13,6,0,2,20,11,5,17,23,11,4",0.4666666666666667,0.5,0.5,0.4666666666666667,1.0,0.6363636363636364,0.5,0.19677519798278809
"1,0,21,1,1,0,12,3,20,2,8,19,13,2,18",0.4666666666666667,0.5,0.5,0.4666666666666667,1.0,0.6363636363636364,0.5,0.2504241466522217
"17,15,5,11,12,17,21,12,14,20,3,10,14,0,7",0.5333333333333333,0.5,0.5,0.0,0.0,0.0,0.5,0.28686070442199707
"22,4,13,4,21,10,1,12,0,13,7,11,8,4,5",0.4666666666666667,0.5,0.5,0.4666666666666667,1.0,0.6363636363636364,0.5,0.23909640312194824
"11,5,3,0,20,14,17,19,11,6,3,22,6,17,10",0.4666666666666667,0.5,0.5,0.4666666666666667,1.0,0.6363636363636364,0.5,0.3314239978790283
"5,7,8,7,3,3,17,22,17,18,14,13,10,7,17",0.5333333333333333,0.5,0.5,0.0,0.0,0.0,0.5,0.37663722038269043
"5,4,4,18,3,0,15,20,8,9,8,20,9,4,4",0.5333333333333333,0.5,0.5,0.0,0.0,0.0,0.5,0.25989580154418945
"2,19,12,9,4,4,5,6,8,10,8,6,11,6,4",0.4666666666666667,0.5,0.5,0.4666666666666667,1.0,0.6363636363636364,0.5,0.2853426933288574
"11,1,23,3,3,13,9,16,15,14,21,15,7,18,1",0.4666666666666667,0.5,0.5,0.4666666666666667,1.0,0.6363636363636364,0.5,0.26189231872558594
"10,7,12,9,10,7,20,0,14,14,13,18,10,7,7",0.5333333333333333,0.5,0.5,0.0,0.0,0.0,0.5,0.3077406883239746
"14,0,8,2,10,8,22,16,9,0,23,15,6,5,9",0.5333333333333333,0.5,0.5,0.0,0.0,0.0,0.5,0.289400577545166
"12,6,5,0,0,17,18,11,19,10,12,23,1,6,3",0.4666666666666667,0.5,0.5,0.4666666666666667,1.0,0.6363636363636364,0.5,0.30179929733276367
"4,13,4,21,10,1,12,0,13,7,11,8,4,5,10",0.5333333333333333,0.5,0.5,0.0,0.0,0.0,0.5,0.23909211158752441
"10,2,10,8,4,15,9,7,20,14,0,16,7,8,16",0.5333333333333333,0.5,0.5,0.0,0.0,0.0,0.5,0.27706098556518555
"14,0,19,5,3,12,9,10,19,2,8,16,15,8,21",0.5333333333333333,0.5,0.5,0.0,0.0,0.0,0.5,0.28014492988586426
"17,2,15,1,3,10,0,7,6,15,8,12,4,12,22",0.4666666666666667,0.5,0.5,0.4666666666666667,1.0,0.6363636363636364,0.5,0.26152968406677246
"1,18,8,16,1,18,16,5,23,3,16,7,4,0,14",0.5333333333333333,0.5,0.5,0.0,0.0,0.0,0.5,0.38088250160217285
"20,14,17,19,11,6,3,22,6,17,10,13,19,6,19",0.5333333333333333,0.5,0.5,0.0,0.0,0.0,0.5,1.0508790016174316
"2,2,15,12,19,19,10,5,20,16,11,13,9,8,13",0.4666666666666667,0.5,0.5,0.4666666666666667,1.0,0.6363636363636364,0.5,0.8612251281738281
"1,3,0,4,10,13,20,15,10,3,14,21,15,8,21",0.5333333333333333,0.5,0.5,0.0,0.0,0.0,0.5,0.2368321418762207
"3,21,4,8,15,13,17,18,8,5,14,5,4,1,6",0.4666666666666667,0.5,0.5,0.4666666666666667,1.0,0.6363636363636364,0.5,0.27161645889282227
"7,8,7,3,3,17,22,17,18,14,13,10,7,17,23",0.4666666666666667,0.5,0.5,0.4666666666666667,1.0,0.6363636363636364,0.5,0.37716054916381836
"1,4,23,7,3,18,0,6,2,10,7,1,15,7,4",0.4666666666666667,0.5,0.5,0.4666666666666667,1.0,0.6363636363636364,0.5,0.19933557510375977
"1,15,7,4,22,12,3,14,8,17,6,1,10,12,2",0.4666666666666667,0.5,0.5,0.4666666666666667,1.0,0.6363636363636364,0.5,0.2812917232513428
"2,22,16,3,22,2,7,8,18,14,14,15,1,1,20",0.5333333333333333,0.5,0.5,0.0,0.0,0.0,0.5,0.28615283966064453
"7,7,7,12,10,1,12,0,7,19,15,10,6,9,22",0.5333333333333333,0.5,0.5,0.0,0.0,0.0,0.5,0.27681803703308105
"2,10,8,22,16,9,0,23,15,6,5,9,3,10,17",0.4666666666666667,0.5,0.5,0.4666666666666667,1.0,0.6363636363636364,0.5,0.21604394912719727
"2,16,4,9,19,4,16,11,9,0,23,0,8,22,0",0.5333333333333333,0.5,0.5,0.0,0.0,0.0,0.5,0.2895045280456543
"9,0,21,7,3,9,20,15,4,10,23,5,13,4,1",0.4666666666666667,0.5,0.5,0.4666666666666667,1.0,0.6363636363636364,0.5,0.20058345794677734
"0,23,15,6,5,9,3,10,17,1,11,5,2,9,7",0.5333333333333333,0.5,0.5,0.0,0.0,0.0,0.5,0.2502162456512451
"1,15,22,8,0,3,16,14,1,7,3,21,0,4,2",0.4666666666666667,0.5,0.5,0.4666666666666667,1.0,0.6363636363636364,0.5,0.23886489868164062
"16,7,4,0,14,3,0,4,11,16,5,18,6,1,16",0.4666666666666667,0.5,0.5,0.4666666666666667,1.0,0.6363636363636364,0.5,0.27094197273254395
"20,8,6,3,9,0,7,3,22,3,15,20,11,5,3",0.4666666666666667,0.5,0.5,0.4666666666666667,1.0,0.6363636363636364,0.5,0.21075201034545898
"17,6,9,4,3,1,4,23,0,11,9,0,19,15,6",0.5333333333333333,0.5,0.5,0.0,0.0,0.0,0.5,0.2503190040588379
"22,9,16,17,13,5,14,14,21,16,15,4,5,6,6",0.5333333333333333,0.5,0.5,0.0,0.0,0.0,0.5,0.24980425834655762
"6,9,4,3,1,4,23,0,11,9,0,19,15,6,8",0.5333333333333333,0.5,0.5,0.0,0.0,0.0,0.5,0.22082734107971191
"3,3,22,17,2,23,13,17,14,6,17,9,20,12,19",0.4666666666666667,0.5,0.5,0.4666666666666667,1.0,0.6363636363636364,0.5,0.3246798515319824
"16,15,11,0,6,17,0,4,4,11,14,5,17,9,0",0.4666666666666667,0.5,0.5,0.4666666666666667,1.0,0.6363636363636364,0.5,0.2288522720336914
"20,17,5,19,2,15,13,13,21,7,13,0,17,22,1",0.5333333333333333,0.5,0.5,0.0,0.0,0.0,0.5,0.46134185791015625
"15,14,20,10,4,14,21,17,12,2,0,4,15,6,18",0.5333333333333333,0.5,0.5,0.0,0.0,0.0,0.5,0.2695138454437256
"0,6,2,10,7,1,15,7,4,22,12,3,14,8,17",0.4666666666666667,0.5,0.5,0.4666666666666667,1.0,0.6363636363636364,0.5,0.2115938663482666
"17,19,2,19,7,14,14,1,17,22,2,5,16,12,6",0.4666666666666667,0.5,0.5,0.4666666666666667,1.0,0.6363636363636364,0.5,1.2231767177581787
"10,12,6,15,14,19,12,7,2,6,7,11,20,7,9",0.5333333333333333,0.5,0.5,0.0,0.0,0.0,0.5,0.2718031406402588
"4,0,14,3,0,4,11,16,5,18,6,1,16,8,14",0.5333333333333333,0.5,0.5,0.0,0.0,0.0,0.5,0.2642192840576172
"4,0,13,22,4,17,4,18,9,0,0,19,5,2,9",0.4666666666666667,0.5,0.5,0.4666666666666667,1.0,0.6363636363636364,0.5,0.24786758422851562
"16,5,23,3,16,7,4,0,14,3,0,4,11,16,5",0.5333333333333333,0.5,0.5,0.0,0.0,0.0,0.5,0.27022242546081543
"21,14,12,19,6,1,1,13,1,18,8,16,1,18,16",0.5333333333333333,0.5,0.5,0.0,0.0,0.0,0.5,0.34951233863830566
"0,20,3,6,3,15,14,16,8,7,1,13,7,9,10",0.5333333333333333,0.5,0.5,0.0,0.0,0.0,0.5,0.3013639450073242
"13,9,8,8,2,8,11,10,0,5,0,21,4,0,13",0.4666666666666667,0.5,0.5,0.4666666666666667,1.0,0.6363636363636364,0.5,0.23331284523010254
"1,13,23,8,16,6,3,7,14,23,10,21,14,8,6",0.4666666666666667,0.5,0.5,0.4666666666666667,1.0,0.6363636363636364,0.5,0.2565271854400635
"7,5,18,17,5,4,3,8,18,2,19,1,3,2,13",0.5333333333333333,0.5,0.5,0.0,0.0,0.0,0.5,0.6737866401672363
"6,1,19,17,12,3,15,8,17,6,12,15,13,3,11",0.5333333333333333,0.5,0.5,0.0,0.0,0.0,0.5,0.48128318786621094
"4,21,4,0,12,1,15,14,10,7,20,14,8,23,3",0.5333333333333333,0.5,0.5,0.0,0.0,0.0,0.5,0.2926449775695801
"23,6,17,0,18,5,12,15,0,4,4,13,6,0,2",0.4666666666666667,0.5,0.5,0.4666666666666667,1.0,0.6363636363636364,0.5,0.4017601013183594
"7,4,2,0,17,5,23,17,13,4,6,17,8,11,22",0.4666666666666667,0.5,0.5,0.4666666666666667,1.0,0.6363636363636364,0.5,0.506030797958374
"3,18,18,15,10,3,0,20,5,4,0,13,22,4,17",0.4666666666666667,0.5,0.5,0.4666666666666667,1.0,0.6363636363636364,0.5,0.3847541809082031
"5,3,11,11,16,22,9,11,14,18,9,15,22,7,13",0.5333333333333333,0.5,0.5,0.0,0.0,0.0,0.5,0.2868037223815918
"19,3,7,8,8,7,0,12,2,15,16,12,12,7,14",0.5333333333333333,0.5,0.5,0.0,0.0,0.0,0.5,0.32347583770751953
"7,5,15,12,6,22,11,18,11,10,23,12,18,13,16",0.5333333333333333,0.5,0.5,0.0,0.0,0.0,0.5,0.2904629707336426
"2,11,22,15,20,8,3,17,13,9,5,13,15,1,5",0.4666666666666667,0.5,0.5,0.4666666666666667,1.0,0.6363636363636364,0.5,0.27396368980407715
"13,17,23,13,10,16,8,13,20,17,14,9,4,4,14",0.4666666666666667,0.5,0.5,0.4666666666666667,1.0,0.6363636363636364,0.5,0.2768516540527344
"0,2,9,14,12,16,2,23,16,9,6,22,10,7,14",0.5333333333333333,0.5,0.5,0.0,0.0,0.0,0.5,0.34128689765930176
"8,11,23,2,9,10,6,16,2,9,23,11,1,13,11",0.5333333333333333,0.5,0.5,0.0,0.0,0.0,0.5,0.24289703369140625
"5,2,19,3,7,8,8,7,0,12,2,15,16,12,12",0.4666666666666667,0.5,0.5,0.4666666666666667,1.0,0.6363636363636364,0.5,0.33654356002807617
"2,23,15,0,7,3,10,0,18,9,19,17,0,22,2",0.5333333333333333,0.5,0.5,0.0,0.0,0.0,0.5,0.35970020294189453
"8,3,2,2,22,8,23,2,17,12,8,15,6,18,13",0.4666666666666667,0.5,0.5,0.4666666666666667,1.0,0.6363636363636364,0.5,0.2599332332611084
"1,15,10,4,0,17,7,20,14,15,13,0,2,9,14",0.5333333333333333,0.5,0.5,0.0,0.0,0.0,0.5,0.28789234161376953
"1,10,10,12,3,0,22,14,5,2,20,16,14,17,4",0.4666666666666667,0.5,0.5,0.4666666666666667,1.0,0.6363636363636364,0.5,0.2340404987335205
"3,0,20,14,17,19,11,6,3,22,6,17,10,13,19",0.5333333333333333,0.5,0.5,0.0,0.0,0.0,0.5,0.35704874992370605
"17,15,15,14,11,13,0,13,18,5,6,9,9,13,12",0.4666666666666667,0.5,0.5,0.4666666666666667,1.0,0.6363636363636364,0.5,0.271024227142334
"23,6,7,22,11,1,22,1,13,0,19,2,7,17,3",0.5333333333333333,0.5,0.5,0.0,0.0,0.0,0.5,0.2461833953857422
"22,7,4,14,10,14,17,21,14,0,15,8,12,0,15",0.5333333333333333,0.5,0.5,0.0,0.0,0.0,0.5,0.2931051254272461
"6,10,22,17,5,2,19,3,7,8,8,7,0,12,2",0.5333333333333333,0.5,0.5,0.0,0.0,0.0,0.5,0.35776495933532715
"0,7,19,15,10,6,9,22,0,11,7,5,9,7,21",0.5333333333333333,0.5,0.5,0.0,0.0,0.0,0.5,0.26938700675964355
"16,6,5,9,6,17,16,4,4,7,3,5,17,9,0",0.5333333333333333,0.5,0.5,0.0,0.0,0.0,0.5,0.21660709381103516
"5,5,11,9,22,12,16,8,14,4,8,6,17,6,13",0.4666666666666667,0.5,0.5,0.4666666666666667,1.0,0.6363636363636364,0.5,0.24518561363220215
"15,13,5,2,9,17,1,16,2,23,3,9,6,8,21",0.5333333333333333,0.5,0.5,0.0,0.0,0.0,0.5,0.2623720169067383
"9,9,13,12,17,15,5,11,12,17,21,12,14,20,3",0.5333333333333333,0.5,0.5,0.0,0.0,0.0,0.5,0.3020009994506836
"5,17,0,23,2,10,3,20,8,9,17,6,10,22,17",0.5333333333333333,0.5,0.5,0.0,0.0,0.0,0.5,0.26851797103881836
"22,9,7,3,12,13,5,13,13,14,4,19,3,14,16",0.5333333333333333,0.5,0.5,0.0,0.0,0.0,0.5,0.2892765998840332
"7,7,10,21,1,11,10,10,16,16,17,7,7,1,18",0.5333333333333333,0.5,0.5,0.0,0.0,0.0,0.5,0.3266468048095703
"4,23,7,3,18,0,6,2,10,7,1,15,7,4,22",0.5333333333333333,0.5,0.5,0.0,0.0,0.0,0.5,0.22391343116760254
"19,7,14,14,1,17,22,2,5,16,12,6,5,0,0",0.4666666666666667,0.5,0.5,0.4666666666666667,1.0,0.6363636363636364,0.5,0.3114604949951172
"8,12,4,12,22,14,0,21,10,14,11,2,1,5,14",0.4666666666666667,0.5,0.5,0.4666666666666667,1.0,0.6363636363636364,0.5,0.22357177734375
"21,14,1,19,18,17,11,17,9,23,1,10,22,4,11",0.4666666666666667,0.5,0.5,0.4666666666666667,1.0,0.6363636363636364,0.5,0.6455931663513184
"14,0,4,14,11,9,11,10,0,8,22,0,14,0,21",0.4666666666666667,0.5,0.5,0.4666666666666667,1.0,0.6363636363636364,0.5,0.24853777885437012
"8,6,3,6,1,0,20,2,0,11,4,2,4,15,0",0.5333333333333333,0.5,0.5,0.0,0.0,0.0,0.5,0.15814495086669922
"12,12,7,14,22,9,7,3,12,13,5,13,13,14,4",0.5333333333333333,0.5,0.5,0.0,0.0,0.0,0.5,0.2341301441192627
"16,12,17,6,19,5,15,0,6,7,14,17,15,6,20",0.5333333333333333,0.5,0.5,0.0,0.0,0.0,0.5,0.38743162155151367
"0,8,19,16,5,17,0,23,2,10,3,20,8,9,17",0.5333333333333333,0.5,0.5,0.0,0.0,0.0,0.5,0.3366372585296631
"20,0,3,16,0,11,8,9,14,18,13,20,17,10,9",0.5333333333333333,0.5,0.5,0.0,0.0,0.0,0.5,0.275310754776001
"14,8,1,17,7,8,8,12,10,0,0,2,1,9,13",0.4666666666666667,0.5,0.5,0.4666666666666667,1.0,0.6363636363636364,0.5,0.2626361846923828
"13,12,13,13,1,4,19,3,14,16,11,1,18,16,5",0.5333333333333333,0.5,0.5,0.0,0.0,0.0,0.5,0.28614377975463867
"8,4,15,9,7,20,14,0,16,7,8,16,22,17,2",0.5333333333333333,0.5,0.5,0.0,0.0,0.0,0.5,0.284426212310791
"0,23,2,10,3,20,8,9,17,6,10,22,17,5,2",0.5333333333333333,0.5,0.5,0.0,0.0,0.0,0.5,0.25023412704467773
"21,13,13,3,0,4,14,13,0,6,0,1,14,5,9",0.5333333333333333,0.5,0.5,0.0,0.0,0.0,0.5,0.22298383712768555
"1,9,14,12,9,2,9,15,14,11,9,17,21,0,1",0.4666666666666667,0.5,0.5,0.4666666666666667,1.0,0.6363636363636364,0.5,0.2562386989593506
"7,11,20,7,9,0,11,12,2,9,14,18,16,12,17",0.5333333333333333,0.5,0.5,0.0,0.0,0.0,0.5,0.2949821949005127
"21,8,3,2,2,22,8,23,2,17,12,8,15,6,18",0.5333333333333333,0.5,0.5,0.0,0.0,0.0,0.5,0.27033209800720215
"23,13,8,4,10,3,15,20,12,11,11,8,11,15,16",0.5333333333333333,0.5,0.5,0.0,0.0,0.0,0.5,0.29357242584228516
"3,10,0,7,6,15,8,12,4,12,22,14,0,21,10",0.5333333333333333,0.5,0.5,0.0,0.0,0.0,0.5,0.22381138801574707
"16,10,13,9,2,17,19,12,11,8,11,10,17,5,11",0.4666666666666667,0.5,0.5,0.4666666666666667,1.0,0.6363636363636364,0.5,0.3829963207244873
"2,5,16,12,6,5,0,0,17,18,11,19,10,12,23",0.4666666666666667,0.5,0.5,0.4666666666666667,1.0,0.6363636363636364,0.5,0.2845902442932129
"7,5,9,6,16,12,5,16,11,6,3,2,16,12,20",0.5333333333333333,0.5,0.5,0.0,0.0,0.0,0.5,0.22585058212280273
"22,1,9,14,12,9,2,9,15,14,11,9,17,21,0",0.4666666666666667,0.5,0.5,0.4666666666666667,1.0,0.6363636363636364,0.5,0.2507791519165039
"9,8,1,13,23,8,16,6,3,7,14,23,10,21,14",0.5333333333333333,0.4,0.4984375,0.5,0.5,0.5,0.53125,0.2403407096862793
"2,22,3,12,12,9,2,0,16,17,15,19,8,12,16",0.5,0.4,0.4984375,0.4827586206896552,1.0,0.6511627906976745,0.53125,0.2904508113861084
"3,1,22,2,11,16,4,11,18,9,9,5,8,20,7",0.5333333333333333,0.4,0.4984375,0.5,0.5,0.5,0.53125,0.2264714241027832
"5,10,5,12,17,0,6,5,3,22,16,5,5,0,14",0.43333333333333335,0.6,0.4982142857142857,0.4482758620689655,0.9285714285714286,0.6046511627906976,0.4642857142857143,0.22881317138671875
"16,15,5,0,6,17,16,4,4,11,3,5,17,9,9",0.43333333333333335,0.6,0.4982142857142857,0.4482758620689655,0.9285714285714286,0.6046511627906976,0.4642857142857143,0.25574517250061035
"18,0,5,5,5,4,1,6,19,2,11,16,15,10,23",0.43333333333333335,0.6,0.4982142857142857,0.4482758620689655,0.9285714285714286,0.6046511627906976,0.4642857142857143,0.6159212589263916
"2,5,5,18,16,19,6,17,19,19,18,7,6,7,9",0.43333333333333335,0.6,0.4982142857142857,0.4482758620689655,0.9285714285714286,0.6046511627906976,0.4642857142857143,1.6480281352996826
"11,23,6,11,2,4,14,16,22,7,3,8,11,23,2",0.4666666666666667,0.5,0.4966517857142857,0.4642857142857143,0.9285714285714286,0.6190476190476191,0.4955357142857143,0.2697784900665283
"2,17,19,12,11,8,20,10,20,5,6,4,16,1,4",0.4666666666666667,0.5,0.4966517857142857,0.4642857142857143,0.9285714285714286,0.6190476190476191,0.4955357142857143,0.36066770553588867
"5,4,6,17,11,4,4,9,3,5,17,9,14,6,2",0.4666666666666667,0.5,0.4966517857142857,0.4642857142857143,0.9285714285714286,0.6190476190476191,0.4955357142857143,0.21248412132263184
"4,4,12,0,12,15,19,1,1,14,12,14,8,1,17",0.4666666666666667,0.5,0.4966517857142857,0.4642857142857143,0.9285714285714286,0.6190476190476191,0.4955357142857143,0.284501314163208
"15,0,13,17,4,8,2,6,5,21,10,1,3,0,12",0.5,0.5,0.4966517857142857,0.4615384615384615,0.4285714285714285,0.4444444444444444,0.4955357142857143,0.2394003868103027
"10,7,17,23,5,16,1,14,2,16,0,9,0,8,11",0.4666666666666667,0.5,0.4966517857142857,0.4642857142857143,0.9285714285714286,0.6190476190476191,0.4955357142857143,0.3758096694946289
"12,13,5,13,13,14,4,19,3,14,16,11,8,3,16",0.5,0.5,0.4966517857142857,0.46153846153846156,0.42857142857142855,0.4444444444444444,0.4955357142857143,0.28530287742614746
"19,19,4,10,9,0,2,16,16,16,15,0,14,6,10",0.5,0.5,0.4966517857142857,0.46153846153846156,0.42857142857142855,0.4444444444444444,0.4955357142857143,0.9548525810241699
"5,16,1,16,0,20,3,6,3,15,14,16,8,7,1",0.4666666666666667,0.5,0.4966517857142857,0.4642857142857143,0.9285714285714286,0.6190476190476191,0.4955357142857143,0.25777459144592285
"5,15,2,16,9,15,2,2,10,0,19,2,4,4,19",0.4666666666666667,0.5,0.4966517857142857,0.4642857142857143,0.9285714285714286,0.6190476190476191,0.4955357142857143,0.9481692314147949
"14,2,23,15,0,7,3,10,0,18,9,19,17,0,22",0.4,0.7,0.4964285714285714,0.42857142857142855,0.8571428571428571,0.5714285714285714,0.42857142857142855,0.3367629051208496
"16,10,1,7,2,17,12,12,11,0,20,10,20,5,2",0.5333333333333333,0.4,0.4950892857142857,0.5,0.42857142857142855,0.46153846153846156,0.5267857142857143,0.26717042922973633
"4,8,15,13,17,18,8,5,14,5,4,1,6,3,16",0.5,0.4,0.4950892857142857,0.48148148148148145,0.9285714285714286,0.6341463414634146,0.5267857142857143,0.28186655044555664
"14,10,0,15,7,17,18,0,17,2,15,1,3,10,0",0.5,0.4,0.4950892857142857,0.48148148148148145,0.9285714285714286,0.6341463414634146,0.5267857142857143,0.37528419494628906
"9,11,14,18,9,15,22,7,13,15,13,9,2,2,0",0.5333333333333333,0.4,0.4950892857142857,0.5,0.42857142857142855,0.46153846153846156,0.5267857142857143,0.2847931385040283
"1,19,17,12,3,15,8,17,6,12,15,13,3,11,12",0.5,0.4,0.4950892857142857,0.48148148148148145,0.9285714285714286,0.6341463414634146,0.5267857142857143,0.470611572265625
"14,12,16,2,23,16,9,6,22,10,7,14,3,9,21",0.4666666666666667,0.6,0.4948660714285715,0.4166666666666667,0.35714285714285715,0.38461538461538464,0.4598214285714286,0.3103151321411133
"4,10,11,16,5,3,11,11,11,22,9,11,14,18,9",0.43333333333333335,0.6,0.4948660714285714,0.4444444444444444,0.8571428571428571,0.5853658536585366,0.45982142857142855,0.2608146667480469
"16,2,22,1,3,0,4,10,13,20,15,10,3,14,21",0.43333333333333335,0.6,0.4948660714285714,0.4444444444444444,0.8571428571428571,0.5853658536585366,0.45982142857142855,0.29188060760498047
"11,12,6,17,16,22,9,15,20,5,4,4,8,0,18",0.43333333333333335,0.6,0.4948660714285714,0.4444444444444444,0.8571428571428571,0.5853658536585366,0.45982142857142855,0.27269458770751953
"12,8,13,17,14,17,11,1,10,2,2,15,12,19,19",0.5,0.5,0.49330357142857145,0.45454545454545453,0.35714285714285715,0.4,0.4910714285714286,0.8691339492797852
"17,0,0,5,9,16,5,14,15,13,7,23,12,12,17",0.5,0.5,0.49330357142857145,0.45454545454545453,0.35714285714285715,0.4,0.4910714285714286,0.2703728675842285
"23,4,16,2,5,19,16,16,1,3,8,13,18,2,17",0.5,0.5,0.49330357142857145,0.45454545454545453,0.35714285714285715,0.4,0.4910714285714286,0.5702433586120605
"4,16,3,9,19,19,17,13,3,7,3,2,5,23,1",0.5,0.5,0.49330357142857145,0.45454545454545453,0.35714285714285715,0.4,0.4910714285714286,1.1814477443695068
"0,11,12,2,9,14,18,16,12,17,6,19,5,15,0",0.5,0.5,0.49330357142857145,0.45454545454545453,0.35714285714285715,0.4,0.4910714285714286,0.39899396896362305
"4,11,16,5,18,6,1,16,8,14,8,21,0,12,3",0.4666666666666667,0.5,0.4933035714285714,0.46153846153846156,0.8571428571428571,0.6,0.49107142857142855,0.29402780532836914
"18,15,10,3,0,20,5,4,0,13,22,4,17,4,18",0.4666666666666667,0.5,0.4933035714285714,0.46153846153846156,0.8571428571428571,0.6,0.49107142857142855,0.2962188720703125
"0,8,10,0,9,15,21,14,8,17,19,9,19,7,3",0.4666666666666667,0.5,0.4933035714285714,0.46153846153846156,0.8571428571428571,0.6,0.49107142857142855,0.3554670810699463
"11,3,19,18,14,14,13,15,8,7,20,9,13,7,8",0.36666666666666664,0.9,0.4928571428571429,0.2727272727272727,0.21428571428571427,0.24,0.35714285714285715,0.5527284145355225
"23,1,10,10,12,3,0,22,14,5,2,20,16,14,17",0.5,0.4,0.4917410714285715,0.48,0.8571428571428571,0.6153846153846154,0.5223214285714286,0.26532530784606934
"7,4,22,12,3,14,8,17,6,1,10,12,2,13,14",0.5,0.4,0.4917410714285715,0.48,0.8571428571428571,0.6153846153846154,0.5223214285714286,0.21740412712097168
"14,2,20,8,12,4,4,11,8,11,0,5,4,3,22",0.5333333333333333,0.4,0.4917410714285715,0.5,0.3571428571428571,0.4166666666666667,0.5223214285714286,0.2374114990234375
"14,0,16,3,3,0,1,10,23,3,4,13,15,16,21",0.43333333333333335,0.6,0.4915178571428572,0.44,0.7857142857142857,0.5641025641025641,0.45535714285714285,0.24886679649353027
"12,9,12,12,7,5,18,17,5,4,3,8,18,2,19",0.4666666666666667,0.6,0.4915178571428572,0.4,0.2857142857142857,0.3333333333333333,0.45535714285714285,0.6200711727142334
"14,16,5,14,3,12,1,10,19,2,11,16,15,8,23",0.43333333333333335,0.6,0.4915178571428572,0.44,0.7857142857142857,0.5641025641025641,0.45535714285714285,0.28219008445739746
"9,3,5,17,9,14,6,2,3,4,0,19,4,16,11",0.4666666666666667,0.6,0.4915178571428572,0.4,0.2857142857142857,0.3333333333333333,0.45535714285714285,0.24878501892089844
"16,15,16,14,2,18,1,11,4,16,4,9,15,5,23",0.43333333333333335,0.6,0.4915178571428572,0.44,0.7857142857142857,0.5641025641025641,0.45535714285714285,0.28708338737487793
"21,12,14,7,4,2,0,17,5,23,17,13,4,6,17",0.43333333333333335,0.6,0.4915178571428571,0.44,0.7857142857142857,0.5641025641025641,0.45535714285714285,0.5160305500030518
"14,5,4,4,18,3,0,15,20,8,9,8,20,9,4",0.43333333333333335,0.6,0.4915178571428571,0.44,0.7857142857142857,0.5641025641025641,0.45535714285714285,0.24599885940551758
"14,0,16,14,6,12,1,10,19,2,4,5,17,8,21",0.43333333333333335,0.6,0.4915178571428571,0.44,0.7857142857142857,0.5641025641025641,0.45535714285714285,0.3736841678619385
"13,6,14,19,10,20,3,17,13,1,6,23,13,4,12",0.4666666666666667,0.6,0.4915178571428571,0.4,0.2857142857142857,0.3333333333333333,0.45535714285714285,0.26995110511779785
"16,5,3,11,11,16,22,9,11,14,18,9,15,22,7",0.4,0.8,0.49129464285714286,0.3,0.21428571428571427,0.25,0.38839285714285715,0.301999568939209
"14,20,10,4,14,21,17,12,2,0,4,15,6,18,18",0.4666666666666667,0.5,0.48995535714285715,0.4583333333333333,0.7857142857142857,0.5789473684210527,0.48660714285714285,0.3786129951477051
"15,4,2,15,20,3,11,1,16,1,11,8,2,16,15",0.4666666666666667,0.5,0.48995535714285715,0.4583333333333333,0.7857142857142857,0.5789473684210527,0.48660714285714285,0.2672879695892334
"16,18,5,14,2,4,1,11,23,5,11,1,15,10,23",0.5,0.5,0.48995535714285715,0.4444444444444444,0.2857142857142857,0.34782608695652173,0.48660714285714285,0.26146864891052246
"6,3,12,9,12,12,7,5,18,17,5,4,3,8,18",0.4666666666666667,0.5,0.48995535714285715,0.4583333333333333,0.7857142857142857,0.5789473684210527,0.48660714285714285,0.2766389846801758
"15,12,3,18,11,4,15,3,1,12,19,19,12,14,1",0.5,0.5,0.48995535714285715,0.4444444444444444,0.2857142857142857,0.34782608695652173,0.48660714285714285,0.8604350090026855
"14,10,16,10,6,12,1,10,11,2,4,5,17,8,21",0.4666666666666667,0.5,0.48995535714285715,0.4583333333333333,0.7857142857142857,0.5789473684210527,0.48660714285714285,0.26929712295532227
"9,12,0,11,18,15,5,23,11,16,0,14,14,17,15",0.4666666666666667,0.5,0.48995535714285715,0.4583333333333333,0.7857142857142857,0.5789473684210527,0.48660714285714285,0.2814817428588867
"15,2,2,10,0,19,2,4,4,19,6,18,14,22,12",0.5,0.5,0.48995535714285715,0.4444444444444444,0.2857142857142857,0.34782608695652173,0.48660714285714285,1.2816359996795654
"12,17,21,12,14,20,3,10,14,0,7,3,23,15,5",0.4,0.7,0.48973214285714284,0.4166666666666667,0.7142857142857143,0.5263157894736842,0.41964285714285715,0.2671058177947998
"0,4,19,10,10,17,17,1,23,17,6,3,2,13,13",0.5,0.4,0.4883928571428571,0.4782608695652174,0.7857142857142857,0.5945945945945946,0.5178571428571428,0.7242944240570068
"7,3,3,17,22,17,18,14,13,10,7,17,23,5,16",0.4666666666666667,0.6,0.4881696428571428,0.375,0.21428571428571427,0.2727272727272727,0.45089285714285715,0.5016486644744873
"0,18,5,12,15,0,4,4,13,6,0,2,20,11,5",0.4666666666666667,0.6,0.4881696428571428,0.375,0.21428571428571427,0.2727272727272727,0.45089285714285715,0.2259354591369629
"18,17,1,12,19,14,10,19,8,23,5,10,19,13,17",0.5666666666666667,0.3,0.4868303571428571,0.5714285714285714,0.2857142857142857,0.38095238095238093,0.5491071428571428,0.40487194061279297
"14,9,17,10,3,8,12,10,19,2,2,5,15,13,2",0.4666666666666667,0.5,0.48660714285714285,0.45454545454545453,0.7142857142857143,0.5555555555555556,0.48214285714285715,0.28461122512817383
"6,18,18,6,1,17,14,7,8,20,0,3,16,0,11",0.4,0.7,0.4863839285714286,0.4090909090909091,0.6428571428571429,0.5,0.41517857142857145,0.4941368103027344
"10,3,3,9,0,0,5,19,2,15,15,18,6,3,4",0.4,0.7,0.4863839285714286,0.4090909090909091,0.6428571428571429,0.5,0.41517857142857145,0.26364588737487793
"5,9,7,21,1,14,11,22,15,13,16,11,6,18,12",0.4,0.7,0.4863839285714286,0.4090909090909091,0.6428571428571429,0.5,0.41517857142857145,0.29246973991394043
"4,6,10,12,4,9,16,23,16,16,2,5,19,16,16",0.5,0.4,0.4850446428571429,0.47619047619047616,0.7142857142857143,0.5714285714285714,0.5133928571428572,0.4192013740539551
"18,15,5,14,5,4,1,6,4,16,11,14,15,10,23",0.5333333333333333,0.4,0.48504464285714277,0.5,0.21428571428571427,0.3,0.5133928571428571,0.2707657814025879
"14,15,5,5,6,17,1,10,19,2,3,5,17,8,21",0.5333333333333333,0.4,0.48504464285714277,0.5,0.21428571428571427,0.3,0.5133928571428571,0.38081932067871094
"23,2,16,9,15,15,19,12,7,9,11,18,16,9,3",0.5333333333333333,0.4,0.48504464285714277,0.5,0.21428571428571427,0.3,0.5133928571428571,0.4496023654937744
"13,10,23,11,2,2,19,12,15,5,8,4,2,22,4",0.5333333333333333,0.4,0.48504464285714277,0.5,0.21428571428571427,0.3,0.5133928571428571,0.27686023712158203
"11,3,9,23,16,5,22,8,5,13,4,2,17,18,19",0.43333333333333335,0.6,0.4848214285714286,0.42857142857142855,0.6428571428571429,0.5142857142857142,0.44642857142857145,0.5722053050994873
"11,4,17,14,5,4,4,18,3,0,15,20,8,9,8",0.43333333333333335,0.6,0.4848214285714286,0.42857142857142855,0.6428571428571429,0.5142857142857142,0.44642857142857145,0.25416088104248047
"18,0,7,5,5,15,2,16,9,15,2,2,10,0,19",0.4666666666666667,0.6,0.48482142857142857,0.3333333333333333,0.14285714285714285,0.2,0.4464285714285714,0.2366316318511963
"12,0,11,18,15,5,23,11,16,0,14,14,17,15,19",0.5333333333333333,0.3,0.4834821428571429,0.5,0.7142857142857143,0.5882352941176471,0.5446428571428572,0.2957465648651123
"9,12,8,13,17,14,17,11,1,10,2,2,15,12,19",0.4666666666666667,0.5,0.4832589285714286,0.45,0.6428571428571429,0.5294117647058824,0.47767857142857145,0.3174006938934326
"14,17,19,11,6,3,22,6,17,10,13,19,6,19,17",0.4666666666666667,0.5,0.4832589285714286,0.45,0.6428571428571429,0.5294117647058824,0.47767857142857145,1.20261549949646
"13,13,14,4,19,3,14,16,11,8,3,16,14,20,2",0.5,0.5,0.48325892857142855,0.4,0.14285714285714285,0.21052631578947367,0.4776785714285714,0.27448534965515137
"12,21,3,5,4,12,5,2,12,9,12,6,9,11,22",0.5,0.5,0.48325892857142855,0.4,0.14285714285714285,0.21052631578947367,0.4776785714285714,0.2352921962738037
"4,0,16,4,2,18,1,11,10,16,4,9,15,5,0",0.5,0.5,0.48325892857142855,0.4,0.14285714285714285,0.21052631578947367,0.4776785714285714,0.23648381233215332
"16,15,16,0,6,17,17,4,4,11,4,5,17,9,0",0.43333333333333335,0.7,0.4830357142857143,0.2,0.07142857142857142,0.10526315789473684,0.4107142857142857,0.27927327156066895
"18,9,15,22,7,13,15,13,9,2,2,0,5,17,2",0.5,0.4,0.4816964285714286,0.47368421052631576,0.6428571428571429,0.5454545454545454,0.5089285714285714,0.2720456123352051
"13,18,12,4,9,7,15,22,17,12,11,10,14,9,15",0.5333333333333333,0.4,0.4816964285714286,0.5,0.14285714285714285,0.2222222222222222,0.5089285714285714,0.3042001724243164
"2,3,4,0,19,5,16,11,9,11,23,0,8,22,0",0.5333333333333333,0.4,0.4816964285714286,0.5,0.14285714285714285,0.2222222222222222,0.5089285714285714,0.3536224365234375
"13,16,21,7,14,16,15,15,3,20,17,5,4,4,15",0.5333333333333333,0.4,0.4816964285714286,0.5,0.14285714285714285,0.2222222222222222,0.5089285714285714,0.2784097194671631
"0,4,8,3,12,4,1,19,8,18,19,3,16,11,23",0.5333333333333333,0.4,0.4816964285714286,0.5,0.14285714285714285,0.2222222222222222,0.5089285714285714,0.5745112895965576
"11,10,10,4,4,12,0,12,11,19,1,1,14,12,14",0.5333333333333333,0.4,0.4816964285714286,0.5,0.14285714285714285,0.2222222222222222,0.5089285714285714,0.28688597679138184
"17,17,16,9,6,12,1,4,19,2,4,5,17,8,15",0.4666666666666667,0.6,0.4814732142857143,0.25,0.07142857142857142,0.1111111111111111,0.4419642857142857,0.45652151107788086
"19,0,10,18,3,19,14,0,23,10,15,8,14,11,18",0.4666666666666667,0.6,0.4814732142857143,0.25,0.07142857142857142,0.1111111111111111,0.4419642857142857,0.6293175220489502
"6,12,1,18,7,16,12,0,10,1,8,5,7,4,7",0.5666666666666667,0.3,0.48013392857142856,0.6666666666666666,0.14285714285714285,0.23529411764705882,0.5401785714285714,0.24236822128295898
"11,14,15,10,23,1,10,10,12,3,0,22,14,5,2",0.5333333333333333,0.3,0.48013392857142856,0.5,0.6428571428571429,0.5625,0.5401785714285714,0.22821617126464844
"10,10,12,3,0,22,14,5,2,20,16,14,17,4,6",0.5,0.5,0.4799107142857143,0.3333333333333333,0.07142857142857142,0.11764705882352941,0.4732142857142857,0.2376241683959961
"3,8,6,4,16,0,12,1,9,15,2,20,3,1,5",0.5,0.5,0.4799107142857143,0.3333333333333333,0.0714285714285714,0.1176470588235294,0.4732142857142857,0.2083258628845214
"6,1,16,8,14,8,21,0,12,3,14,16,4,13,11",0.5,0.5,0.4799107142857143,0.3333333333333333,0.07142857142857142,0.11764705882352941,0.4732142857142857,0.2873227596282959
"9,1,0,7,5,7,23,17,9,23,13,7,16,13,10",0.4666666666666667,0.5,0.4799107142857143,0.4444444444444444,0.5714285714285714,0.5,0.4732142857142857,0.25353336334228516
"13,22,4,17,4,18,9,0,0,19,5,2,9,4,8",0.5,0.5,0.4799107142857143,0.3333333333333333,0.07142857142857142,0.11764705882352941,0.4732142857142857,0.26752424240112305
"16,0,14,14,17,15,19,18,14,14,15,10,11,23,9",0.5,0.5,0.4799107142857143,0.3333333333333333,0.07142857142857142,0.11764705882352941,0.4732142857142857,0.590839147567749
"5,15,2,22,15,2,2,19,12,22,1,16,2,8,18",0.5,0.5,0.4799107142857143,0.3333333333333333,0.07142857142857142,0.11764705882352941,0.4732142857142857,0.268190860748291
"19,14,10,19,8,23,5,10,19,13,17,23,13,10,16",0.5,0.5,0.4799107142857143,0.3333333333333333,0.07142857142857142,0.11764705882352941,0.4732142857142857,0.3743455410003662
"10,15,12,3,18,11,4,15,3,1,12,19,19,12,14",0.5,0.5,0.4799107142857143,0.3333333333333333,0.07142857142857142,0.11764705882352941,0.4732142857142857,0.860602617263794
"6,5,0,0,17,18,11,19,10,12,23,1,6,3,0",0.5,0.5,0.4799107142857143,0.3333333333333333,0.07142857142857142,0.11764705882352941,0.4732142857142857,0.29160642623901367
"1,6,9,21,11,15,20,6,10,11,16,1,16,23,10",0.5,0.5,0.4799107142857143,0.3333333333333333,0.0714285714285714,0.1176470588235294,0.4732142857142857,0.3268783092498779
"6,3,2,16,12,20,11,10,21,3,16,2,18,3,6",0.5,0.5,0.4799107142857143,0.3333333333333333,0.07142857142857142,0.11764705882352941,0.4732142857142857,0.2580070495605469
"14,17,15,19,18,14,14,15,10,11,23,9,18,1,3",0.4,0.7,0.4796875,0.3888888888888889,0.5,0.4375,0.40625,0.6866252422332764
"18,3,19,14,0,23,10,15,8,14,11,18,17,22,10",0.4,0.7,0.4796875,0.3888888888888889,0.5,0.4375,0.40625,0.6669056415557861
"10,6,0,17,23,5,5,13,18,18,15,16,13,15,6",0.4,0.7,0.4796875,0.3888888888888889,0.5,0.4375,0.40625,0.3925487995147705
"11,8,4,5,10,14,16,2,22,1,3,0,4,10,13",0.5333333333333333,0.4,0.4783482142857143,0.5,0.07142857142857142,0.125,0.5044642857142857,0.2542257308959961
"12,18,19,8,16,12,1,9,8,21,2,11,22,15,20",0.5333333333333333,0.4,0.4783482142857143,0.5,0.07142857142857142,0.125,0.5044642857142857,0.5477907657623291
"5,1,0,21,1,1,0,12,3,20,2,8,19,13,2",0.5333333333333333,0.4,0.4783482142857143,0.5,0.07142857142857142,0.125,0.5044642857142857,0.2205045223236084
"14,0,16,14,3,4,1,10,19,16,4,14,15,10,21",0.43333333333333335,0.6,0.478125,0.4117647058823529,0.5,0.45161290322580644,0.4375,0.3259143829345703
"7,8,18,14,14,15,1,1,20,14,2,5,5,18,16",0.43333333333333335,0.6,0.478125,0.4117647058823529,0.5,0.45161290322580644,0.4375,0.2791414260864258
"14,0,16,14,3,1,1,10,2,0,4,9,15,8,21",0.43333333333333335,0.6,0.478125,0.4117647058823529,0.5,0.45161290322580644,0.4375,0.25672006607055664
"14,0,5,5,6,17,1,10,19,2,3,16,17,8,21",0.4666666666666667,0.6,0.478125,0.0,0.0,0.0,0.4375,0.3026244640350342
"13,7,21,13,15,18,12,4,21,4,11,15,23,17,22",0.5333333333333333,0.3,0.4767857142857143,0.5,0.5714285714285714,0.5333333333333333,0.5357142857142857,0.3441464900970459
"14,7,8,20,0,3,16,0,11,8,9,14,18,13,20",0.5,0.5,0.4765625,0.0,0.0,0.0,0.46875,0.28000831604003906
"19,17,2,9,6,6,9,1,0,7,5,7,23,17,9",0.5,0.5,0.4765625,0.0,0.0,0.0,0.46875,0.43289780616760254
"9,17,6,10,22,17,5,2,19,3,7,8,8,7,0",0.5,0.5,0.4765625,0.0,0.0,0.0,0.46875,0.382465124130249
"9,6,16,6,13,1,3,11,18,8,23,1,17,16,11",0.5,0.5,0.4765625,0.0,0.0,0.0,0.46875,0.2723102569580078
"0,12,3,14,16,4,13,11,16,5,3,11,11,16,22",0.5,0.5,0.4765625,0.0,0.0,0.0,0.46875,0.2564692497253418
"13,0,2,9,14,12,16,2,23,16,9,6,22,10,7",0.5,0.5,0.4765625,0.0,0.0,0.0,0.46875,0.2857844829559326
"10,3,17,0,6,0,16,1,10,5,21,13,10,1,7",0.5,0.5,0.4765625,0.0,0.0,0.0,0.46875,0.2360081672668457
"0,9,16,10,4,4,16,3,1,16,14,20,14,12,7",0.5,0.5,0.4765625,0.0,0.0,0.0,0.46875,0.292367935180664
"2,12,9,12,6,9,11,22,5,15,14,8,8,15,4",0.5,0.5,0.4765625,0.0,0.0,0.0,0.46875,0.23980307579040527
"17,1,23,17,6,3,2,13,13,19,1,18,18,11,6",0.5,0.5,0.4765625,0.0,0.0,0.0,0.46875,1.184119701385498
"5,8,14,9,17,17,3,9,4,7,1,4,23,0,11",0.5,0.5,0.4765625,0.0,0.0,0.0,0.46875,0.2775564193725586
"14,15,16,10,15,12,1,10,19,2,4,5,17,8,21",0.5,0.5,0.4765625,0.0,0.0,0.0,0.46875,0.38956499099731445
"8,1,9,2,9,18,5,18,14,8,13,2,2,21,11",0.5,0.5,0.4765625,0.0,0.0,0.0,0.46875,0.35338521003723145
"5,16,12,6,5,0,0,17,18,11,19,10,12,23,1",0.4666666666666667,0.5,0.4765625,0.4375,0.5,0.4666666666666667,0.46875,0.29932689666748047
"23,15,14,20,10,4,14,21,17,12,2,0,4,15,6",0.5,0.5,0.4765625,0.0,0.0,0.0,0.46875,0.32016801834106445
"10,9,22,15,14,9,1,0,1,2,0,16,9,13,8",0.5,0.5,0.4765625,0.0,0.0,0.0,0.46875,0.21202421188354492
"17,13,18,12,4,9,7,15,22,17,12,11,10,14,9",0.5,0.5,0.4765625,0.0,0.0,0.0,0.46875,0.33409786224365234
"10,1,0,2,16,16,16,15,5,4,6,17,11,4,4",0.5,0.5,0.4765625,0.0,0.0,0.0,0.46875,0.21998143196105957
"16,0,16,14,3,18,1,11,10,16,4,16,15,8,21",0.5666666666666667,0.2,0.4752232142857143,0.5333333333333333,0.5714285714285714,0.5517241379310345,0.5669642857142857,0.28247761726379395
"17,14,16,4,4,12,1,0,15,20,4,9,8,8,21",0.5333333333333333,0.4,0.475,0.0,0.0,0.0,0.5,0.24971532821655273
"13,13,3,0,4,14,13,0,6,0,1,14,5,9,20",0.4666666666666667,0.4,0.475,0.4666666666666667,1.0,0.6363636363636364,0.5,0.20601415634155273
"3,19,18,14,14,13,15,8,7,20,9,13,7,8,0",0.4666666666666667,0.4,0.475,0.4666666666666667,1.0,0.6363636363636364,0.5,0.6273081302642822
"3,16,14,1,7,3,21,0,4,2,7,12,16,0,17",0.5333333333333333,0.4,0.475,0.0,0.0,0.0,0.5,0.24800395965576172
"17,3,6,2,14,12,15,19,16,13,6,4,2,16,4",0.5333333333333333,0.4,0.475,0.0,0.0,0.0,0.5,0.3169825077056885
"15,8,12,4,12,22,14,0,21,10,14,11,2,1,5",0.5333333333333333,0.4,0.475,0.0,0.0,0.0,0.5,0.2716176509857178
"10,2,2,19,11,4,6,1,1,7,4,0,3,21,4",0.5333333333333333,0.4,0.475,0.0,0.0,0.0,0.5,0.21209216117858887
"19,18,17,12,7,5,9,6,16,12,5,16,11,6,3",0.5333333333333333,0.4,0.475,0.0,0.0,0.0,0.5,0.6796491146087646
"12,5,13,20,3,8,4,8,11,3,21,7,21,9,21",0.5333333333333333,0.4,0.475,0.0,0.0,0.0,0.5,0.2386791706085205
"16,10,16,22,2,17,1,12,11,8,4,10,20,5,6",0.4666666666666667,0.4,0.475,0.4666666666666667,1.0,0.6363636363636364,0.5,0.28932929039001465
"15,10,3,0,20,5,4,0,13,22,4,17,4,18,9",0.43333333333333335,0.6,0.4747767857142857,0.4,0.42857142857142855,0.41379310344827586,0.4330357142857143,0.25876379013061523
"14,0,5,5,6,17,16,10,4,11,3,5,17,9,21",0.43333333333333335,0.5,0.4732142857142857,0.4482758620689655,0.9285714285714286,0.6046511627906976,0.4642857142857143,0.24882745742797852
"8,18,16,14,2,18,1,11,10,16,4,9,15,5,23",0.43333333333333335,0.5,0.4732142857142857,0.4482758620689655,0.9285714285714286,0.6046511627906976,0.4642857142857143,0.2931480407714844
"23,0,16,7,22,14,10,13,10,23,11,2,2,19,12",0.43333333333333335,0.5,0.4732142857142857,0.4482758620689655,0.9285714285714286,0.6046511627906976,0.4642857142857143,0.3269946575164795
"22,14,5,13,3,12,1,2,19,2,11,16,15,8,4",0.43333333333333335,0.5,0.4732142857142857,0.4482758620689655,0.9285714285714286,0.6046511627906976,0.4642857142857143,0.2523486614227295
"13,3,12,14,14,2,22,13,6,14,19,10,20,3,17",0.43333333333333335,0.5,0.4732142857142857,0.4482758620689655,0.9285714285714286,0.6046511627906976,0.4642857142857143,0.29636645317077637
"12,6,14,0,4,19,10,10,17,17,1,23,17,6,3",0.43333333333333335,0.5,0.4732142857142857,0.4482758620689655,0.9285714285714286,0.6046511627906976,0.4642857142857143,0.5744881629943848
"4,12,0,12,15,19,1,1,14,12,14,8,1,17,7",0.4666666666666667,0.5,0.4732142857142857,0.42857142857142855,0.42857142857142855,0.42857142857142855,0.4642857142857143,0.29880309104919434
"12,0,13,7,11,8,4,5,10,14,16,2,22,1,3",0.43333333333333335,0.5,0.4732142857142857,0.4482758620689655,0.9285714285714286,0.6046511627906976,0.4642857142857143,0.2834351062774658
"1,0,20,2,0,11,4,2,4,15,0,6,9,18,0",0.43333333333333335,0.5,0.4732142857142857,0.4482758620689655,0.9285714285714286,0.6046511627906976,0.4642857142857143,0.1621537208557129
"23,10,2,1,15,10,4,0,17,7,20,14,15,13,0",0.43333333333333335,0.5,0.4732142857142857,0.4482758620689655,0.9285714285714286,0.6046511627906976,0.4642857142857143,0.26700878143310547
"5,6,9,5,20,16,2,17,11,20,17,16,3,1,2",0.43333333333333335,0.5,0.4732142857142857,0.4482758620689655,0.9285714285714286,0.6046511627906976,0.4642857142857143,0.2627696990966797
"5,4,0,13,22,4,17,4,18,9,0,0,19,5,2",0.43333333333333335,0.5,0.4732142857142857,0.4482758620689655,0.9285714285714286,0.6046511627906976,0.4642857142857143,0.24224615097045898
"9,4,0,10,12,4,9,16,23,4,16,2,5,19,16",0.43333333333333335,0.5,0.4732142857142857,0.4482758620689655,0.9285714285714286,0.6046511627906976,0.4642857142857143,0.39724254608154297
"0,0,7,0,3,1,20,16,17,19,8,1,8,3,21",0.4666666666666667,0.5,0.4732142857142857,0.4285714285714285,0.4285714285714285,0.4285714285714285,0.4642857142857143,0.425760269165039
"18,15,5,0,6,17,1,6,19,16,3,14,15,10,23",0.43333333333333335,0.5,0.4732142857142857,0.4482758620689655,0.9285714285714286,0.6046511627906976,0.4642857142857143,0.5274391174316406
"10,23,11,2,2,19,12,15,5,8,4,2,22,4,1",0.4,0.7,0.47299107142857144,0.35714285714285715,0.35714285714285715,0.35714285714285715,0.3973214285714286,0.2428116798400879
"10,19,5,15,17,9,19,8,14,16,21,17,11,12,5",0.4666666666666667,0.4,0.4716517857142857,0.4642857142857143,0.9285714285714286,0.6190476190476191,0.4955357142857143,0.39366698265075684
"11,8,11,15,16,1,8,8,10,6,5,15,2,1,22",0.5,0.4,0.4716517857142857,0.46153846153846156,0.42857142857142855,0.4444444444444444,0.4955357142857143,0.27285337448120117
"13,10,7,17,23,5,16,1,14,2,16,0,9,0,8",0.4666666666666667,0.4,0.4716517857142857,0.4642857142857143,0.9285714285714286,0.6190476190476191,0.4955357142857143,0.3748624324798584
"17,22,1,9,14,12,9,2,9,15,14,11,9,17,21",0.4666666666666667,0.4,0.4716517857142857,0.4642857142857143,0.9285714285714286,0.6190476190476191,0.4955357142857143,0.30265355110168457
"17,16,1,15,23,7,19,10,14,23,5,14,17,13,18",0.4666666666666667,0.4,0.4716517857142857,0.4642857142857143,0.9285714285714286,0.6190476190476191,0.4955357142857143,0.3211250305175781
"16,11,14,15,10,23,1,10,10,12,3,0,22,14,5",0.43333333333333335,0.6,0.4714285714285715,0.38461538461538464,0.35714285714285715,0.37037037037037035,0.4285714285714286,0.2809004783630371
"15,5,23,11,16,0,14,14,17,15,19,18,14,14,15",0.43333333333333335,0.6,0.4714285714285714,0.38461538461538464,0.35714285714285715,0.37037037037037035,0.4285714285714286,0.5703220367431641
"11,4,2,4,15,0,6,9,18,0,8,19,16,5,17",0.4,0.6,0.4714285714285714,0.42857142857142855,0.8571428571428571,0.5714285714285714,0.42857142857142855,0.2827012538909912
"15,1,3,10,0,7,6,15,8,12,4,12,22,14,0",0.43333333333333335,0.6,0.4714285714285714,0.38461538461538464,0.35714285714285715,0.37037037037037035,0.4285714285714286,0.25983452796936035
"10,20,3,17,13,1,6,23,13,4,12,18,19,8,16",0.4,0.6,0.4714285714285714,0.42857142857142855,0.8571428571428571,0.5714285714285714,0.42857142857142855,0.510934591293335
"23,0,15,0,8,1,1,0,0,22,16,18,5,14,8",0.5,0.3,0.4700892857142857,0.4814814814814814,0.9285714285714286,0.6341463414634146,0.5267857142857143,0.2885720729827881
"19,19,16,10,11,12,1,16,16,16,4,0,14,8,21",0.5333333333333333,0.3,0.4700892857142857,0.5,0.42857142857142855,0.46153846153846156,0.5267857142857143,1.0480985641479492
"15,12,13,19,13,9,15,23,2,16,9,15,15,19,12",0.4666666666666667,0.5,0.46986607142857145,0.4166666666666667,0.35714285714285715,0.38461538461538464,0.4598214285714286,0.38892054557800293
"7,5,5,15,2,16,9,15,2,2,10,0,19,2,4",0.4666666666666667,0.5,0.46986607142857145,0.4166666666666667,0.35714285714285715,0.38461538461538464,0.4598214285714286,0.2578122615814209
"17,6,18,2,17,8,2,5,6,9,5,20,16,2,17",0.43333333333333335,0.5,0.4698660714285714,0.4444444444444444,0.8571428571428571,0.5853658536585366,0.45982142857142855,0.39363932609558105
"14,3,11,5,11,23,0,10,22,0,14,0,10,9,0",0.43333333333333335,0.5,0.4698660714285714,0.4444444444444444,0.8571428571428571,0.5853658536585366,0.45982142857142855,0.22298622131347656
"6,10,3,23,3,13,3,12,14,14,2,22,13,6,14",0.43333333333333335,0.5,0.4698660714285714,0.4444444444444444,0.8571428571428571,0.5853658536585366,0.45982142857142855,0.2256925106048584
"10,15,8,14,11,18,17,22,10,13,9,16,8,14,19",0.43333333333333335,0.5,0.4698660714285714,0.4444444444444444,0.8571428571428571,0.5853658536585366,0.45982142857142855,0.3355581760406494
"15,22,8,0,3,16,14,1,7,3,21,0,4,2,7",0.43333333333333335,0.5,0.4698660714285714,0.4444444444444444,0.8571428571428571,0.5853658536585366,0.45982142857142855,0.2196488380432129
"23,11,2,2,19,12,15,5,8,4,2,22,4,1,4",0.43333333333333335,0.5,0.4698660714285714,0.4444444444444444,0.8571428571428571,0.5853658536585366,0.45982142857142855,0.2434825897216797
"5,10,14,16,2,22,1,3,0,4,10,13,20,15,10",0.43333333333333335,0.5,0.4698660714285714,0.4444444444444444,0.8571428571428571,0.5853658536585366,0.45982142857142855,0.2532076835632324
"16,10,16,9,2,17,1,12,11,8,4,10,17,5,11",0.5,0.4,0.4683035714285715,0.45454545454545453,0.35714285714285715,0.4,0.4910714285714286,0.29643750190734863
"14,13,10,7,17,23,5,16,1,14,2,16,0,9,0",0.5,0.4,0.4683035714285715,0.45454545454545453,0.35714285714285715,0.4,0.4910714285714286,0.3819000720977783
"10,14,17,21,14,0,15,8,12,0,15,21,10,23,10",0.4,0.6,0.4680803571428571,0.4230769230769231,0.7857142857142857,0.55,0.42410714285714285,0.2886202335357666
"19,15,5,0,6,17,2,16,16,16,3,5,4,6,17",0.4,0.6,0.4680803571428571,0.4230769230769231,0.7857142857142857,0.55,0.42410714285714285,0.3472146987915039
"7,12,0,11,3,19,18,14,14,13,15,8,7,20,9",0.4666666666666667,0.5,0.46651785714285715,0.4,0.2857142857142857,0.3333333333333333,0.45535714285714285,0.538719654083252
"8,13,17,14,17,11,1,10,2,2,15,12,19,19,10",0.4666666666666667,0.5,0.46651785714285715,0.4,0.2857142857142857,0.3333333333333333,0.45535714285714285,0.8404412269592285
"10,2,1,15,10,4,0,17,7,20,14,15,13,0,2",0.4,0.7,0.46629464285714284,0.3,0.21428571428571427,0.25,0.38839285714285715,0.2084348201751709
"11,20,7,9,0,11,12,2,9,14,18,16,12,17,6",0.36666666666666664,0.7,0.46629464285714284,0.4,0.7142857142857143,0.5128205128205128,0.38839285714285715,0.2736790180206299
"17,14,9,4,4,14,0,4,8,3,12,4,1,19,8",0.5,0.4,0.4649553571428572,0.4444444444444444,0.2857142857142857,0.34782608695652173,0.48660714285714285,0.25182223320007324
"19,1,1,14,12,14,8,1,17,7,8,8,12,10,0",0.4,0.6,0.4647321428571428,0.4166666666666667,0.7142857142857143,0.5263157894736842,0.41964285714285715,0.330521821975708
"4,10,3,15,20,12,11,11,8,11,15,16,1,8,8",0.4666666666666667,0.5,0.46316964285714285,0.375,0.21428571428571427,0.2727272727272727,0.45089285714285715,0.29828929901123047
"6,0,16,1,10,5,21,13,10,1,7,4,8,9,15",0.4666666666666667,0.5,0.46316964285714285,0.375,0.21428571428571427,0.2727272727272727,0.45089285714285715,0.2612628936767578
"16,10,13,16,11,21,10,10,5,6,12,18,18,7,20",0.4333333333333333,0.5,0.4631696428571428,0.4347826086956521,0.7142857142857143,0.5405405405405406,0.4508928571428571,0.4065721035003662
"18,2,8,16,19,17,3,9,6,6,9,1,0,7,5",0.36666666666666664,0.7,0.4629464285714286,0.391304347826087,0.6428571428571429,0.4864864864864865,0.38392857142857145,0.4439575672149658
"12,2,15,16,12,12,7,14,22,9,7,3,12,13,5",0.4,0.7,0.46294642857142854,0.25,0.14285714285714285,0.18181818181818182,0.3839285714285714,0.28629183769226074
"14,0,10,5,3,12,11,10,19,2,12,16,15,8,21",0.4666666666666667,0.4,0.4616071428571429,0.45454545454545453,0.7142857142857143,0.5555555555555556,0.48214285714285715,0.2879066467285156
"12,4,9,7,15,22,17,12,11,10,14,9,15,15,10",0.5,0.4,0.4616071428571429,0.42857142857142855,0.21428571428571427,0.2857142857142857,0.48214285714285715,0.3109309673309326
"1,16,0,20,3,6,3,15,14,16,8,7,1,13,7",0.5,0.4,0.4616071428571429,0.42857142857142855,0.21428571428571427,0.2857142857142857,0.48214285714285715,0.2720346450805664
"14,10,13,10,23,11,2,2,19,12,15,5,8,4,2",0.4,0.6,0.4613839285714286,0.4090909090909091,0.6428571428571429,0.5,0.41517857142857145,0.2593271732330322
"14,19,16,14,11,12,1,10,4,2,4,0,14,8,10",0.43333333333333335,0.6,0.46138392857142857,0.2857142857142857,0.14285714285714285,0.19047619047619047,0.4151785714285714,0.2978789806365967
"7,0,8,1,9,3,4,2,18,4,15,16,7,17,13",0.43333333333333335,0.6,0.4613839285714285,0.2857142857142857,0.14285714285714285,0.19047619047619047,0.4151785714285714,0.2575817108154297
"18,6,18,18,6,1,17,14,7,8,20,0,3,16,0",0.43333333333333335,0.5,0.4598214285714286,0.42857142857142855,0.6428571428571429,0.5142857142857142,0.44642857142857145,0.6611263751983643
"22,11,4,17,14,5,4,4,18,3,0,15,20,8,9",0.43333333333333335,0.5,0.4598214285714286,0.42857142857142855,0.6428571428571429,0.5142857142857142,0.44642857142857145,0.27014899253845215
"14,15,5,10,6,0,1,10,16,16,3,0,17,6,21",0.4666666666666667,0.5,0.45982142857142855,0.3333333333333333,0.14285714285714285,0.2,0.4464285714285714,0.2578601837158203
"2,3,19,0,19,1,13,11,9,11,16,0,8,18,5",0.4666666666666667,0.5,0.45982142857142855,0.3333333333333333,0.14285714285714285,0.2,0.4464285714285714,1.0318844318389893
"14,0,4,19,10,10,17,17,1,23,17,6,3,2,13",0.4,0.7,0.4595982142857143,0.16666666666666666,0.07142857142857142,0.1,0.3794642857142857,0.6302216053009033
"12,9,4,4,5,6,8,10,8,6,11,6,4,6,18",0.4666666666666667,0.4,0.4582589285714286,0.45,0.6428571428571429,0.5294117647058824,0.47767857142857145,0.1928877830505371
"6,14,0,4,19,10,10,17,17,1,23,17,6,3,2",0.5,0.4,0.4582589285714286,0.4,0.14285714285714285,0.21052631578947367,0.4776785714285714,0.6231191158294678
"0,14,13,16,21,7,14,16,15,15,3,20,17,5,4",0.5,0.4,0.4582589285714286,0.4,0.14285714285714285,0.21052631578947367,0.4776785714285714,0.27788496017456055
"10,0,3,14,7,4,21,4,0,12,1,15,14,10,7",0.43333333333333335,0.6,0.4580357142857143,0.2,0.07142857142857142,0.10526315789473684,0.4107142857142857,0.208815336227417
"12,14,7,4,2,0,17,5,23,17,13,4,6,17,8",0.43333333333333335,0.5,0.4564732142857143,0.42105263157894735,0.5714285714285714,0.48484848484848486,0.4419642857142857,0.5244183540344238
"11,1,3,6,20,12,5,13,20,3,8,4,8,11,3",0.4666666666666667,0.5,0.4564732142857143,0.25,0.07142857142857142,0.1111111111111111,0.4419642857142857,0.20416641235351562
"18,5,12,15,0,4,4,13,6,0,2,20,11,5,17",0.43333333333333335,0.5,0.4564732142857143,0.42105263157894735,0.5714285714285714,0.48484848484848486,0.4419642857142857,0.23589539527893066
"5,7,23,17,9,23,13,7,16,13,10,13,4,5,9",0.5,0.4,0.4549107142857143,0.3333333333333333,0.07142857142857142,0.11764705882352941,0.4732142857142857,0.23482203483581543
"16,22,9,11,14,18,9,15,22,7,13,15,13,9,2",0.5,0.4,0.4549107142857143,0.3333333333333333,0.07142857142857142,0.11764705882352941,0.4732142857142857,0.33153676986694336
"19,2,4,4,19,6,18,14,22,12,15,7,15,15,14",0.5,0.4,0.4549107142857143,0.3333333333333333,0.07142857142857142,0.11764705882352941,0.4732142857142857,1.389326572418213
"3,5,4,12,5,2,12,9,12,6,9,11,22,5,15",0.43333333333333335,0.6,0.4546875,0.0,0.0,0.0,0.40625,0.1949326992034912
"19,13,2,18,14,6,6,22,7,8,6,3,6,1,0",0.4,0.6,0.4546875,0.3888888888888889,0.5,0.4375,0.40625,0.2881629467010498
"12,19,19,10,5,20,16,11,13,9,8,13,21,14,12",0.4,0.6,0.4546875,0.3888888888888889,0.5,0.4375,0.40625,0.8724222183227539
"21,17,19,2,19,7,14,14,1,17,22,2,5,16,12",0.5333333333333333,0.3,0.4533482142857143,0.5,0.07142857142857142,0.125,0.5044642857142857,1.436293363571167
"5,9,16,5,14,15,13,7,23,12,12,17,3,10,2",0.5333333333333333,0.3,0.4533482142857143,0.5,0.07142857142857142,0.125,0.5044642857142857,0.25801658630371094
"0,7,3,22,3,15,20,11,5,3,0,20,14,17,19",0.5333333333333333,0.3,0.4533482142857143,0.5,0.07142857142857142,0.125,0.5044642857142857,0.36034297943115234
"4,15,5,0,6,17,11,11,16,22,3,11,14,21,9",0.4666666666666667,0.5,0.453125,0.0,0.0,0.0,0.4375,0.28980064392089844
"11,16,0,14,14,17,15,19,18,14,14,15,10,11,23",0.4666666666666667,0.5,0.453125,0.0,0.0,0.0,0.4375,0.5916030406951904
"4,14,22,15,5,8,22,0,8,19,10,2,6,4,12",0.4666666666666667,0.5,0.453125,0.0,0.0,0.0,0.4375,0.2833421230316162
"18,14,14,13,15,8,7,20,9,13,7,8,0,16,11",0.4666666666666667,0.5,0.453125,0.0,0.0,0.0,0.4375,0.3034639358520508
"15,14,9,1,0,1,2,0,16,9,13,8,14,19,8",0.4666666666666667,0.5,0.453125,0.0,0.0,0.0,0.4375,0.24782752990722656
"18,11,4,15,3,1,12,19,19,12,14,1,14,15,2",0.4666666666666667,0.5,0.453125,0.0,0.0,0.0,0.4375,0.9099621772766113
"1,6,3,16,11,14,15,10,23,1,10,10,12,3,0",0.5,0.4,0.4515625,0.0,0.0,0.0,0.46875,0.2765021324157715
"0,13,7,11,8,4,5,10,14,16,2,22,1,3,0",0.5,0.4,0.4515625,0.0,0.0,0.0,0.46875,0.2718825340270996
"0,19,10,16,11,9,10,23,0,8,14,0,14,18,10",0.5,0.4,0.4515625,0.0,0.0,0.0,0.46875,0.3315134048461914
"0,10,18,3,19,14,0,23,10,15,8,14,11,18,17",0.5,0.4,0.4515625,0.0,0.0,0.0,0.46875,0.6177718639373779
"15,10,23,1,10,10,12,3,0,22,14,5,2,20,16",0.5,0.4,0.4515625,0.0,0.0,0.0,0.46875,0.27190661430358887
"2,14,22,10,21,14,3,10,15,12,3,18,11,4,15",0.4,0.6,0.4513392857142857,0.375,0.42857142857142855,0.4,0.4017857142857143,0.29993605613708496
"8,1,17,15,8,0,12,10,13,9,2,5,9,14,2",0.4,0.6,0.4513392857142857,0.375,0.42857142857142855,0.4,0.4017857142857143,0.24850726127624512
"16,1,15,22,8,0,3,16,14,1,7,3,21,0,4",0.4,0.6,0.4513392857142857,0.375,0.42857142857142855,0.4,0.4017857142857143,0.25959253311157227
"8,15,4,12,6,12,4,7,20,5,1,3,7,3,13",0.5,0.2,0.4484375,0.4827586206896552,1.0,0.6511627906976745,0.53125,0.20174908638000488
"5,5,15,2,16,9,15,2,2,10,0,19,2,4,4",0.4666666666666667,0.4,0.4482142857142857,0.42857142857142855,0.42857142857142855,0.42857142857142855,0.4642857142857143,0.23602676391601562
"14,10,16,10,3,12,1,10,11,2,4,5,15,8,21",0.43333333333333335,0.4,0.4482142857142857,0.4482758620689655,0.9285714285714286,0.6046511627906976,0.4642857142857143,0.2896914482116699
"16,10,5,9,2,17,1,12,11,8,3,10,17,5,11",0.4666666666666667,0.4,0.4482142857142857,0.42857142857142855,0.42857142857142855,0.42857142857142855,0.4642857142857143,0.2545032501220703
"12,3,19,19,18,9,18,11,18,16,15,1,2,19,9",0.4,0.6,0.4479910714285715,0.35714285714285715,0.35714285714285715,0.35714285714285715,0.3973214285714286,1.280928373336792
"17,23,13,10,16,8,13,20,17,14,9,4,4,14,0",0.4,0.5,0.4464285714285714,0.42857142857142855,0.8571428571428571,0.5714285714285714,0.42857142857142855,0.2760353088378906
"11,14,18,9,15,22,7,13,15,13,9,2,2,0,5",0.4,0.5,0.4464285714285714,0.42857142857142855,0.8571428571428571,0.5714285714285714,0.42857142857142855,0.2535727024078369
"22,2,5,16,12,6,5,0,0,17,18,11,19,10,12",0.43333333333333335,0.4,0.4448660714285714,0.4444444444444444,0.8571428571428571,0.5853658536585366,0.45982142857142855,0.28922557830810547
"19,12,11,8,20,10,20,5,6,4,16,1,4,8,9",0.43333333333333335,0.4,0.4448660714285714,0.4444444444444444,0.8571428571428571,0.5853658536585366,0.45982142857142855,0.28252696990966797
"18,9,18,11,18,16,15,1,2,19,9,6,3,12,9",0.43333333333333335,0.4,0.4448660714285714,0.4444444444444444,0.8571428571428571,0.5853658536585366,0.45982142857142855,0.3503906726837158
"22,11,9,12,8,13,17,14,17,11,1,10,2,2,15",0.36666666666666664,0.6,0.4446428571428572,0.4074074074074074,0.7857142857142857,0.5365853658536586,0.39285714285714285,0.279918909072876
"16,10,17,7,2,17,19,12,11,8,2,10,9,5,2",0.36666666666666664,0.6,0.4446428571428571,0.4074074074074074,0.7857142857142857,0.5365853658536586,0.39285714285714285,0.3715486526489258
"3,4,0,19,4,16,11,9,11,23,0,8,22,0,14",0.3333333333333333,0.8,0.44441964285714286,0.25,0.21428571428571427,0.23076923076923078,0.32589285714285715,0.3598015308380127
"4,16,11,5,11,18,0,8,10,21,14,9,10,5,22",0.43333333333333335,0.5,0.44308035714285715,0.36363636363636365,0.2857142857142857,0.32,0.42410714285714285,0.2703104019165039
"4,17,6,10,7,12,9,10,7,20,0,14,14,13,18",0.43333333333333335,0.5,0.44308035714285715,0.36363636363636365,0.2857142857142857,0.32,0.42410714285714285,0.30449891090393066
"14,5,4,1,6,3,16,11,14,15,10,23,1,10,10",0.43333333333333335,0.5,0.44308035714285715,0.36363636363636365,0.2857142857142857,0.32,0.42410714285714285,0.2625141143798828
"12,1,9,8,21,2,11,22,15,20,8,3,17,13,9",0.4,0.5,0.44308035714285715,0.4230769230769231,0.7857142857142857,0.55,0.42410714285714285,0.2910776138305664
"19,15,3,9,6,6,9,1,0,7,5,5,17,17,21",0.43333333333333335,0.5,0.44308035714285715,0.36363636363636365,0.2857142857142857,0.32,0.42410714285714285,0.3243999481201172
"9,15,15,19,12,7,9,11,18,16,9,3,16,0,22",0.4,0.5,0.44308035714285715,0.4230769230769231,0.7857142857142857,0.55,0.42410714285714285,0.3290591239929199
"8,6,17,7,8,8,12,10,0,0,2,14,9,13,2",0.5,0.2,0.44174107142857144,0.48,0.8571428571428571,0.6153846153846154,0.5223214285714286,0.21230840682983398
"16,1,16,0,20,3,6,3,15,14,16,8,7,1,13",0.4666666666666667,0.4,0.4415178571428572,0.4,0.2857142857142857,0.3333333333333333,0.45535714285714285,0.2722947597503662
"9,6,1,5,4,17,11,1,2,3,22,16,5,17,7",0.4666666666666667,0.4,0.4415178571428572,0.4,0.2857142857142857,0.3333333333333333,0.4553571428571428,0.2299404144287109
"4,13,10,16,5,9,10,11,16,22,14,11,14,18,10",0.4666666666666667,0.4,0.4415178571428572,0.4,0.2857142857142857,0.3333333333333333,0.45535714285714285,0.3132026195526123
"4,15,5,0,6,17,11,11,16,22,3,11,14,18,9",0.43333333333333335,0.4,0.4415178571428572,0.44,0.7857142857142857,0.5641025641025641,0.45535714285714285,0.25385570526123047
"14,12,19,6,1,1,13,1,18,10,16,1,18,18,5",0.43333333333333335,0.4,0.4415178571428572,0.44,0.7857142857142857,0.5641025641025641,0.45535714285714285,0.39905524253845215
"11,23,0,8,22,0,14,0,10,9,22,15,14,9,1",0.43333333333333335,0.4,0.4415178571428572,0.44,0.7857142857142857,0.5641025641025641,0.45535714285714285,0.22121143341064453
"13,5,1,13,2,17,19,3,11,8,20,10,20,5,14",0.4666666666666667,0.4,0.4415178571428572,0.4,0.2857142857142857,0.3333333333333333,0.45535714285714285,0.3720238208770752
"13,17,18,8,5,14,5,4,1,6,3,16,11,14,15",0.4,0.6,0.44129464285714287,0.3,0.21428571428571427,0.25,0.38839285714285715,0.3052337169647217
"11,13,9,8,13,21,14,12,19,6,1,1,13,1,18",0.36666666666666664,0.6,0.4412946428571428,0.4,0.7142857142857143,0.5128205128205128,0.38839285714285715,0.29427313804626465
"6,17,11,4,4,9,3,5,17,9,14,6,2,3,4",0.43333333333333335,0.5,0.43973214285714285,0.3333333333333333,0.21428571428571427,0.2608695652173913,0.41964285714285715,0.2224428653717041
"19,17,17,9,6,8,12,1,0,7,2,7,23,13,2",0.43333333333333335,0.5,0.43973214285714285,0.3333333333333333,0.21428571428571427,0.2608695652173913,0.41964285714285715,0.4755988121032715
"18,11,23,13,3,5,0,1,16,11,3,14,20,13,11",0.43333333333333335,0.5,0.43973214285714285,0.3333333333333333,0.21428571428571427,0.2608695652173913,0.41964285714285715,0.2808818817138672
"0,11,1,23,3,3,13,9,16,15,14,21,15,7,18",0.43333333333333335,0.5,0.43973214285714285,0.3333333333333333,0.21428571428571427,0.2608695652173913,0.41964285714285715,0.26495814323425293
"3,22,11,7,8,23,0,14,15,1,14,20,14,9,22",0.4,0.5,0.43973214285714285,0.4166666666666667,0.7142857142857143,0.5263157894736842,0.41964285714285715,0.25489139556884766
"0,14,3,0,4,11,16,5,18,6,1,16,8,14,8",0.4,0.5,0.43973214285714285,0.4166666666666667,0.7142857142857143,0.5263157894736842,0.41964285714285715,0.27429866790771484
"9,5,20,16,2,17,11,20,17,16,3,1,2,1,22",0.4,0.5,0.43973214285714285,0.4166666666666667,0.7142857142857143,0.5263157894736842,0.41964285714285715,0.2745797634124756
"16,15,5,0,6,17,8,4,4,9,3,5,17,9,14",0.3333333333333333,0.7,0.4395089285714286,0.375,0.6428571428571429,0.47368421052631576,0.35267857142857145,0.24213361740112305
"16,15,17,6,18,2,17,8,2,5,6,9,5,20,16",0.43333333333333335,0.4,0.4381696428571429,0.43478260869565216,0.7142857142857143,0.5405405405405406,0.45089285714285715,0.38318371772766113
"16,15,16,0,6,12,1,4,4,11,4,5,17,8,21",0.4666666666666667,0.4,0.4381696428571429,0.375,0.21428571428571427,0.2727272727272727,0.45089285714285715,0.23050904273986816
"12,9,2,0,16,17,15,19,8,12,16,4,5,20,5",0.5,0.3,0.43660714285714286,0.42857142857142855,0.21428571428571427,0.2857142857142857,0.48214285714285715,0.2711906433105469
"18,0,5,8,5,4,1,6,19,1,11,1,15,10,23",0.5,0.3,0.43660714285714286,0.42857142857142855,0.21428571428571427,0.2857142857142857,0.48214285714285715,0.25496792793273926
"8,1,17,23,8,3,12,10,13,20,2,14,9,4,2",0.4,0.5,0.4363839285714286,0.4090909090909091,0.6428571428571429,0.5,0.41517857142857145,0.21789312362670898
"14,0,0,10,3,12,1,10,19,2,12,15,4,8,14",0.4,0.5,0.4363839285714286,0.4090909090909091,0.6428571428571429,0.5,0.41517857142857145,0.27347660064697266
"7,3,23,15,5,16,11,23,6,11,2,4,14,16,22",0.43333333333333335,0.5,0.43638392857142855,0.2857142857142857,0.14285714285714285,0.19047619047619047,0.4151785714285714,0.26622986793518066
"13,19,13,9,15,23,2,16,9,15,15,19,12,7,9",0.43333333333333335,0.5,0.43638392857142855,0.2857142857142857,0.14285714285714285,0.19047619047619047,0.4151785714285714,0.35072779655456543
"4,9,7,15,22,17,12,11,10,14,9,15,15,10,23",0.43333333333333335,0.4,0.4348214285714286,0.42857142857142855,0.6428571428571429,0.5142857142857142,0.44642857142857145,0.29061317443847656
"16,0,16,5,3,12,1,11,10,16,4,9,15,5,23",0.43333333333333335,0.4,0.4348214285714286,0.42857142857142855,0.6428571428571429,0.5142857142857142,0.44642857142857145,0.2611980438232422
"0,6,0,16,1,10,5,21,13,10,1,7,4,8,9",0.4666666666666667,0.4,0.4348214285714286,0.3333333333333333,0.14285714285714285,0.2,0.4464285714285714,0.25124239921569824
"0,12,8,20,3,7,1,5,1,3,8,9,4,16,3",0.43333333333333335,0.5,0.4330357142857143,0.2,0.07142857142857142,0.10526315789473684,0.4107142857142857,0.19226408004760742
"6,16,12,5,16,11,6,3,2,16,12,20,11,10,21",0.43333333333333335,0.5,0.4330357142857143,0.2,0.07142857142857142,0.10526315789473684,0.4107142857142857,0.2752056121826172
"4,12,22,14,0,21,10,14,11,2,1,5,14,16,21",0.43333333333333335,0.5,0.4330357142857143,0.2,0.07142857142857142,0.10526315789473684,0.4107142857142857,0.24661827087402344
"14,2,22,13,6,14,19,10,20,3,17,13,1,6,23",0.4,0.5,0.4330357142857143,0.4,0.5714285714285714,0.47058823529411764,0.4107142857142857,0.279740571975708
"16,9,15,15,19,12,7,9,11,18,16,9,3,16,0",0.4,0.5,0.4330357142857143,0.4,0.5714285714285714,0.47058823529411764,0.4107142857142857,0.3430948257446289
"14,10,16,5,2,12,1,10,19,2,4,10,20,8,6",0.4,0.5,0.4330357142857143,0.4,0.5714285714285714,0.47058823529411764,0.4107142857142857,0.23692655563354492
"20,7,16,22,16,12,18,19,7,18,10,17,12,11,22",0.4666666666666667,0.4,0.4314732142857143,0.25,0.0714285714285714,0.1111111111111111,0.4419642857142857,0.5659105777740479
"19,13,9,15,23,2,16,9,15,15,19,12,7,9,11",0.4,0.5,0.4296875,0.3888888888888889,0.5,0.4375,0.40625,0.4054138660430908
"17,0,23,2,10,3,20,8,9,17,6,10,22,17,5",0.5,0.2,0.4283482142857143,0.47058823529411764,0.5714285714285714,0.5161290322580645,0.5044642857142857,0.2661552429199219
"22,0,16,5,3,12,14,15,1,1,4,1,7,5,8",0.4666666666666667,0.4,0.428125,0.0,0.0,0.0,0.4375,0.2269580364227295
"1,2,19,9,6,3,12,9,12,12,7,5,18,17,5",0.43333333333333335,0.4,0.428125,0.4117647058823529,0.5,0.45161290322580644,0.4375,0.3492147922515869
"14,15,16,14,3,12,1,10,4,2,4,16,15,8,21",0.4666666666666667,0.4,0.428125,0.0,0.0,0.0,0.4375,0.24945282936096191
"15,10,4,0,17,7,20,14,15,13,0,2,9,14,12",0.4666666666666667,0.4,0.428125,0.0,0.0,0.0,0.4375,0.2706949710845947
"15,0,16,2,0,0,17,13,2,10,4,7,12,0,11",0.4666666666666667,0.4,0.428125,0.0,0.0,0.0,0.4375,0.243272066116333
"16,0,16,14,2,10,17,11,19,5,4,1,15,2,21",0.4666666666666667,0.4,0.428125,0.0,0.0,0.0,0.4375,0.28271913528442383
"6,3,9,0,7,3,22,3,15,20,11,5,3,0,20",0.4666666666666667,0.3,0.4265625,0.4375,0.5,0.4666666666666667,0.46875,0.18788385391235352
"19,9,5,14,0,8,2,10,8,22,16,9,0,23,15",0.5,0.3,0.4265625,0.0,0.0,0.0,0.46875,0.303356409072876
"17,6,10,0,12,4,10,7,9,11,14,0,13,22,10",0.4666666666666667,0.2,0.425,0.4666666666666667,1.0,0.6363636363636364,0.5,0.28615403175354004
"8,6,3,9,0,7,3,22,3,15,20,11,5,3,0",0.4666666666666667,0.2,0.4216517857142857,0.4642857142857143,0.9285714285714286,0.6190476190476191,0.4955357142857143,0.1914522647857666
"9,11,22,5,15,14,8,8,15,4,12,6,12,4,7",0.43333333333333335,0.4,0.4214285714285715,0.38461538461538464,0.35714285714285715,0.37037037037037035,0.4285714285714286,0.2881350517272949
"9,1,0,1,2,0,16,9,13,8,14,19,8,2,20",0.43333333333333335,0.4,0.4214285714285715,0.38461538461538464,0.35714285714285715,0.37037037037037035,0.4285714285714286,0.2358403205871582
"18,10,15,14,18,9,0,5,4,8,2,14,0,22,6",0.36666666666666664,0.5,0.41964285714285715,0.4074074074074074,0.7857142857142857,0.5365853658536586,0.39285714285714285,0.25550293922424316
"14,15,16,5,6,12,1,10,19,2,4,5,17,8,11",0.43333333333333335,0.4,0.4180803571428572,0.36363636363636365,0.2857142857142857,0.32,0.42410714285714285,0.3785881996154785
"1,7,0,8,1,9,3,4,2,18,4,15,16,7,17",0.43333333333333335,0.4,0.4180803571428572,0.36363636363636365,0.2857142857142857,0.32,0.42410714285714285,0.24824810028076172
"8,10,16,9,2,17,12,14,17,9,23,5,10,14,20",0.43333333333333335,0.4,0.4180803571428572,0.36363636363636365,0.2857142857142857,0.32,0.42410714285714285,0.300121545791626
"8,16,19,17,3,9,6,6,9,1,0,7,5,7,23",0.36666666666666664,0.6,0.41785714285714287,0.2727272727272727,0.21428571428571427,0.24,0.35714285714285715,0.4275836944580078
"14,21,16,5,3,12,1,10,19,2,4,16,15,8,21",0.36666666666666664,0.5,0.41629464285714285,0.4,0.7142857142857143,0.5128205128205128,0.38839285714285715,0.33907365798950195
"15,2,16,9,15,2,2,10,0,19,2,4,4,19,6",0.4,0.5,0.41629464285714285,0.3,0.21428571428571427,0.25,0.38839285714285715,0.9506840705871582
"13,21,14,12,19,6,1,1,13,1,18,8,16,1,18",0.4,0.4,0.4147321428571429,0.4166666666666667,0.7142857142857143,0.5263157894736842,0.41964285714285715,0.29685330390930176
"4,15,5,0,6,17,0,8,22,0,3,0,10,9,22",0.43333333333333335,0.4,0.4147321428571429,0.3333333333333333,0.21428571428571427,0.2608695652173913,0.41964285714285715,0.23294305801391602
"10,2,14,22,10,21,14,3,10,15,12,3,18,11,4",0.3333333333333333,0.6,0.4145089285714286,0.375,0.6428571428571429,0.47368421052631576,0.35267857142857145,0.2728743553161621
"14,9,16,10,3,20,1,10,19,2,4,5,15,8,21",0.43333333333333335,0.4,0.4113839285714286,0.2857142857142857,0.14285714285714285,0.19047619047619047,0.4151785714285714,0.27444958686828613
"9,15,22,7,13,15,13,9,2,2,0,5,17,2,11",0.3333333333333333,0.6,0.4111607142857143,0.36363636363636365,0.5714285714285714,0.4444444444444444,0.3482142857142857,0.21525979042053223
"9,18,11,18,16,15,1,2,19,9,6,3,12,9,12",0.43333333333333335,0.3,0.4098214285714286,0.42857142857142855,0.6428571428571429,0.5142857142857142,0.44642857142857145,0.3267242908477783
"16,15,16,0,6,17,1,4,4,11,4,5,17,9,0",0.3333333333333333,0.6,0.4078125,0.35,0.5,0.4117647058823529,0.34375,0.2296156883239746
"8,20,15,16,13,11,19,11,7,8,4,11,2,12,23",0.4666666666666667,0.3,0.4064732142857143,0.25,0.07142857142857142,0.1111111111111111,0.4419642857142857,0.28824305534362793
"14,12,19,9,1,3,13,1,23,0,16,9,18,19,5",0.43333333333333335,0.3,0.4064732142857143,0.42105263157894735,0.5714285714285714,0.48484848484848486,0.4419642857142857,0.4946269989013672
"3,6,0,11,1,23,3,3,13,9,16,15,14,21,15",0.36666666666666664,0.5,0.40625,0.3684210526315789,0.5,0.42424242424242425,0.375,0.2480776309967041
"19,2,15,13,13,21,7,13,0,17,22,1,8,12,18",0.4,0.5,0.40625,0.0,0.0,0.0,0.375,0.3847849369049072
"12,12,17,3,10,2,10,8,4,15,9,7,20,14,0",0.36666666666666664,0.5,0.40625,0.3684210526315789,0.5,0.42424242424242425,0.375,0.22957396507263184
"10,3,15,20,12,11,11,8,11,15,16,1,8,8,10",0.3,0.7,0.40602678571428574,0.3157894736842105,0.42857142857142855,0.36363636363636365,0.3080357142857143,0.29668498039245605
"15,12,19,19,10,5,20,16,11,13,9,8,13,21,14",0.43333333333333335,0.4,0.4046875,0.0,0.0,0.0,0.40625,0.8715987205505371
"14,22,10,21,14,3,10,15,12,3,18,11,4,15,3",0.36666666666666664,0.5,0.4029017857142857,0.35294117647058826,0.42857142857142855,0.3870967741935484,0.3705357142857143,0.25961804389953613
"8,20,0,3,16,0,11,8,9,14,18,13,20,17,10",0.36666666666666664,0.5,0.4029017857142857,0.35294117647058826,0.42857142857142855,0.3870967741935484,0.3705357142857143,0.30571866035461426
"0,9,15,21,14,8,17,19,9,19,7,3,23,3,5",0.36666666666666664,0.5,0.4029017857142857,0.35294117647058826,0.42857142857142855,0.3870967741935484,0.3705357142857143,0.34592366218566895
"9,4,4,14,0,4,8,3,12,4,1,19,8,18,19",0.36666666666666664,0.5,0.4029017857142857,0.35294117647058826,0.42857142857142855,0.3870967741935484,0.3705357142857143,0.47021985054016113
"16,21,7,14,16,15,15,3,20,17,5,4,4,15,6",0.4666666666666667,0.2,0.4015625,0.4375,0.5,0.4666666666666667,0.46875,0.2694840431213379
"22,7,13,15,13,9,2,2,0,5,17,2,11,13,20",0.4,0.4,0.4013392857142857,0.375,0.42857142857142855,0.4,0.4017857142857143,0.2495269775390625
"12,3,14,16,4,13,11,16,5,3,11,11,16,22,9",0.4,0.4,0.4013392857142857,0.375,0.42857142857142855,0.4,0.4017857142857143,0.25812482833862305
"8,15,4,2,15,20,3,11,1,16,1,11,8,2,16",0.3333333333333333,0.6,0.39441964285714287,0.25,0.21428571428571427,0.23076923076923078,0.32589285714285715,0.25900793075561523
"13,10,13,13,10,4,19,3,11,16,11,8,3,16,14",0.36666666666666664,0.5,0.39285714285714285,0.2727272727272727,0.21428571428571427,0.24,0.35714285714285715,0.2682960033416748
"0,12,2,15,16,12,12,7,14,22,9,7,3,12,13",0.36666666666666664,0.5,0.38950892857142855,0.2222222222222222,0.14285714285714285,0.17391304347826086,0.3526785714285714,0.2934229373931885
"17,14,17,11,1,10,2,2,15,12,19,19,10,5,20",0.36666666666666664,0.5,0.38950892857142855,0.2222222222222222,0.14285714285714285,0.17391304347826086,0.3526785714285714,0.8552477359771729
"16,10,10,9,2,17,0,12,11,8,1,10,17,5,11",0.4,0.4,0.3879464285714286,0.25,0.14285714285714285,0.18181818181818182,0.3839285714285714,0.28314805030822754
"14,20,5,10,18,4,1,10,19,2,11,15,4,10,23",0.36666666666666664,0.4,0.3879464285714286,0.391304347826087,0.6428571428571429,0.4864864864864865,0.38392857142857145,0.25322413444519043
"5,8,18,13,1,1,12,22,4,15,14,11,18,18,19",0.4333333333333333,0.3,0.3863839285714285,0.2857142857142857,0.1428571428571428,0.1904761904761904,0.4151785714285714,0.6666817665100098
"14,15,5,14,6,0,1,10,16,16,3,5,17,6,21",0.3333333333333333,0.5,0.3794642857142857,0.3333333333333333,0.42857142857142855,0.375,0.3392857142857143,0.22608232498168945
"8,14,10,0,15,7,17,18,0,17,2,15,1,3,10",0.3333333333333333,0.5,0.3794642857142857,0.3333333333333333,0.42857142857142855,0.375,0.3392857142857143,0.38779592514038086
"5,8,2,0,17,17,6,9,4,3,1,4,23,0,11",0.36666666666666664,0.4,0.3779017857142857,0.35294117647058826,0.42857142857142855,0.3870967741935484,0.3705357142857143,0.23257946968078613
"16,12,8,3,4,15,12,13,19,13,9,15,23,2,16",0.36666666666666664,0.4,0.3745535714285715,0.3333333333333333,0.35714285714285715,0.3448275862068966,0.3660714285714286,0.32773923873901367
"9,14,12,16,2,23,16,9,6,22,10,7,14,3,9",0.3,0.6,0.3743303571428572,0.26666666666666666,0.2857142857142857,0.27586206896551724,0.29910714285714285,0.31569504737854004
"16,5,17,0,23,2,10,3,20,8,9,17,6,10,22",0.3,0.6,0.3743303571428571,0.26666666666666666,0.2857142857142857,0.27586206896551724,0.29910714285714285,0.2808985710144043
"8,15,13,17,18,8,5,14,5,4,1,6,3,16,11",0.4,0.2,0.36808035714285714,0.4230769230769231,0.7857142857142857,0.55,0.42410714285714285,0.2995784282684326
"16,0,16,14,5,18,1,11,10,16,4,14,15,5,23",0.4,0.3,0.36629464285714286,0.3,0.21428571428571427,0.25,0.38839285714285715,0.24837088584899902
"17,17,1,23,17,6,3,2,13,13,19,1,18,18,11",0.3333333333333333,0.4,0.3645089285714286,0.375,0.6428571428571429,0.47368421052631576,0.35267857142857145,1.266556739807129
"4,16,11,5,11,23,1,8,22,2,14,0,10,9,21",0.4,0.3,0.3595982142857143,0.16666666666666666,0.07142857142857142,0.1,0.3794642857142857,0.2765321731567383
"16,11,7,11,5,4,10,23,5,13,17,17,20,13,6",0.3666666666666666,0.3,0.3595982142857143,0.3809523809523809,0.5714285714285714,0.4571428571428571,0.3794642857142857,0.3232192993164062
"8,1,7,0,8,1,9,3,4,2,18,4,15,16,7",0.3,0.5,0.3560267857142857,0.3157894736842105,0.42857142857142855,0.36363636363636365,0.3080357142857143,0.23732352256774902
"12,12,14,1,20,2,16,18,9,7,15,22,14,8,20",0.3,0.5,0.3426339285714285,0.1818181818181818,0.1428571428571428,0.16,0.2901785714285714,0.3631649017333984
"5,15,12,6,22,11,18,11,10,23,12,18,13,16,23",0.3333333333333333,0.3,0.32611607142857146,0.3125,0.35714285714285715,0.3333333333333333,0.3348214285714286,0.2884030342102051
"14,15,10,23,1,10,10,12,3,0,22,14,5,2,20",0.3333333333333333,0.3,0.31941964285714286,0.25,0.21428571428571427,0.23076923076923078,0.32589285714285715,0.257063627243042
