encoding,test accuracy,training accuracy,combined accuracy,test precision,test recall,test fscore,test auc,training time
"6,4,18,5,4,16,12,17,13,16,17,13,18,0,11",0.62,0.97,0.7075,0.6351351351351351,0.564,0.597457627118644,0.62,0.9086041450500488
"6,6,18,4,4,16,12,19,13,23,17,13,18,13,11",0.596,0.97,0.6895,0.6071428571428571,0.544,0.5738396624472574,0.5960000000000001,0.867241382598877
"6,0,18,5,4,16,12,17,11,23,17,13,18,0,11",0.602,0.95,0.6890000000000001,0.5876288659793815,0.684,0.6321626617375231,0.6020000000000001,0.8334364891052246
"6,0,18,5,4,16,12,17,13,23,17,13,18,0,11",0.598,0.96,0.6885,0.6008230452674898,0.584,0.592292089249493,0.598,0.8280134201049805
"6,4,18,5,4,16,12,17,13,23,17,13,18,0,11",0.596,0.96,0.6869999999999999,0.5983606557377049,0.584,0.5910931174089069,0.596,0.8759322166442871
"6,6,18,5,4,16,12,17,13,23,17,13,18,0,11",0.596,0.96,0.6869999999999999,0.5983606557377049,0.584,0.5910931174089069,0.596,0.8223083019256592
"6,4,18,5,4,16,12,17,11,23,17,13,18,0,11",0.596,0.95,0.6845000000000001,0.5821917808219178,0.68,0.6273062730627307,0.5960000000000001,0.7694652080535889
"0,16,5,22,3,17,17,16,6,12,14,7,19,10,4",0.586,0.98,0.6845,0.5691318327974276,0.708,0.6310160427807486,0.586,0.907153844833374
"6,4,18,5,6,16,12,17,13,23,17,13,18,0,11",0.59,0.96,0.6825,0.5910931174089069,0.584,0.5875251509054326,0.59,0.8776822090148926
"6,6,18,5,4,16,12,17,11,23,17,13,19,10,11",0.576,0.99,0.6795,0.5536723163841808,0.784,0.6490066225165563,0.5760000000000001,0.8082127571105957
"6,4,18,5,4,16,12,17,11,16,17,13,6,0,11",0.574,0.99,0.678,0.5614617940199336,0.676,0.6134301270417423,0.5740000000000001,0.794888973236084
"6,6,18,5,4,16,12,17,13,23,17,13,19,13,11",0.58,0.97,0.6775,0.5840336134453782,0.556,0.569672131147541,0.5800000000000001,1.0051698684692383
"6,4,18,5,4,16,12,17,13,23,17,13,12,10,11",0.606,0.89,0.677,0.6318407960199005,0.508,0.5631929046563193,0.606,0.8672995567321777
"6,4,18,5,4,16,12,17,11,23,17,13,18,10,11",0.568,0.98,0.6709999999999999,0.5521472392638037,0.72,0.625,0.568,0.8365476131439209
"6,6,18,5,4,16,12,17,13,23,17,13,19,10,11",0.562,0.98,0.6665,0.5479876160990712,0.708,0.6178010471204188,0.5619999999999999,0.8485579490661621
"6,4,18,5,4,16,12,17,11,23,17,13,19,13,11",0.578,0.93,0.666,0.5898617511520737,0.512,0.5481798715203426,0.5780000000000001,0.8981192111968994
"6,6,18,5,4,16,12,17,11,23,17,13,19,13,11",0.578,0.93,0.666,0.5898617511520737,0.512,0.5481798715203426,0.5780000000000001,0.8468325138092041
"6,4,18,5,4,16,12,17,11,23,4,13,19,13,11",0.56,0.98,0.665,0.5428571428571428,0.76,0.6333333333333333,0.56,0.9178707599639893
"6,4,18,5,4,16,12,17,13,23,17,13,18,10,11",0.562,0.97,0.664,0.5501618122977346,0.68,0.6082289803220036,0.562,0.9236180782318115
"6,4,18,5,4,16,12,17,13,16,17,13,18,13,11",0.562,0.97,0.664,0.5567765567765568,0.608,0.5812619502868069,0.562,0.8719425201416016
"6,4,18,5,4,16,12,17,11,16,17,13,18,0,11",0.56,0.97,0.6625000000000001,0.5449101796407185,0.728,0.6232876712328768,0.56,0.8154416084289551
"6,6,18,5,4,16,12,17,13,23,17,13,19,0,11",0.552,0.96,0.654,0.5485074626865671,0.588,0.5675675675675675,0.552,0.8212964534759521
"6,4,18,5,4,16,12,17,13,23,17,13,19,0,11",0.552,0.96,0.654,0.5485074626865671,0.588,0.5675675675675675,0.552,0.8510656356811523
"22,14,5,18,3,3,15,16,11,11,14,17,19,6,4",0.594,0.83,0.653,0.5824561403508772,0.664,0.6205607476635514,0.5940000000000001,1.1637914180755615
"14,6,16,4,4,16,12,19,11,23,17,13,18,13,11",0.568,0.89,0.6485000000000001,0.5876288659793815,0.456,0.5135135135135135,0.5680000000000001,0.7068684101104736
"17,4,18,5,4,16,12,17,11,23,17,13,18,0,11",0.534,0.99,0.648,0.542713567839196,0.432,0.48106904231625836,0.534,0.9402272701263428
"6,4,18,5,4,16,12,17,11,23,17,13,19,0,11",0.54,0.97,0.6475,0.5277777777777778,0.76,0.6229508196721312,0.54,0.7860338687896729
"6,4,18,5,6,16,12,13,13,23,17,13,18,0,11",0.54,0.97,0.6475,0.5267379679144385,0.788,0.6314102564102564,0.54,0.8515269756317139
"0,16,5,22,4,17,17,15,6,12,14,7,19,10,11",0.54,0.96,0.645,0.5714285714285714,0.32,0.41025641025641024,0.54,0.9313056468963623
"0,16,5,22,4,17,17,15,4,12,14,7,19,10,11",0.538,0.96,0.6435,0.5683453237410072,0.316,0.40616966580976865,0.538,0.8612949848175049
"19,5,18,7,21,2,16,4,4,11,4,17,21,2,12",0.648,0.63,0.6435,0.6516393442622951,0.636,0.6437246963562753,0.648,1.9467012882232664
"6,4,18,5,4,16,12,17,11,23,4,13,19,0,10",0.526,0.99,0.642,0.5241635687732342,0.564,0.5433526011560693,0.526,0.8356130123138428
"17,4,18,5,4,16,12,15,11,23,5,13,18,0,11",0.526,0.99,0.642,0.5323383084577115,0.428,0.4745011086474501,0.526,0.9428701400756836
"6,4,18,5,4,16,12,17,11,23,4,13,19,0,11",0.526,0.99,0.642,0.5333333333333333,0.416,0.46741573033707867,0.526,0.8093199729919434
"6,6,16,4,4,16,12,19,11,23,17,13,19,13,11",0.53,0.97,0.64,0.5213675213675214,0.732,0.6089850249584027,0.53,0.709254264831543
"17,4,18,5,6,16,12,17,11,23,5,13,18,0,11",0.526,0.98,0.6395,0.525691699604743,0.532,0.5288270377733598,0.526,1.0042448043823242
"17,4,18,5,4,16,12,17,11,23,5,13,18,0,11",0.526,0.98,0.6395,0.525691699604743,0.532,0.5288270377733598,0.526,0.9996333122253418
"6,16,18,5,4,16,12,17,13,23,17,13,19,0,11",0.524,0.98,0.638,0.5170454545454546,0.728,0.6046511627906976,0.524,0.9178116321563721
"6,4,18,5,6,16,12,17,11,23,4,13,19,0,11",0.52,0.99,0.6375,0.5240384615384616,0.436,0.4759825327510917,0.52,0.8085727691650391
"4,19,18,11,15,17,21,10,5,5,17,18,9,10,5",0.542,0.92,0.6365000000000001,0.5387453874538746,0.584,0.5604606525911708,0.542,2.1155478954315186
"18,5,4,16,18,17,1,8,5,13,15,0,11,1,14",0.622,0.67,0.634,0.5993485342019544,0.736,0.6606822262118492,0.622,1.089850902557373
"0,5,17,18,6,18,9,14,9,15,17,9,17,18,10",0.514,0.99,0.633,0.5120274914089347,0.596,0.5508317929759704,0.514,1.7286381721496582
"13,23,15,0,7,19,8,5,8,15,14,14,4,6,14",0.624,0.66,0.633,0.6083916083916084,0.696,0.6492537313432836,0.624,0.8022820949554443
"5,4,7,1,17,6,3,4,2,23,14,11,7,19,7",0.654,0.57,0.633,0.6546184738955824,0.652,0.6533066132264529,0.654,0.8821420669555664
"6,16,18,5,6,16,12,17,13,23,17,13,18,0,11",0.514,0.99,0.633,0.5120274914089347,0.596,0.5508317929759704,0.514,0.9091286659240723
"6,4,18,5,4,16,12,17,13,16,3,13,18,0,11",0.536,0.92,0.632,0.5384615384615384,0.504,0.5206611570247934,0.536,0.8326475620269775
"14,4,16,5,6,16,12,13,11,23,17,13,18,0,11",0.546,0.89,0.632,0.5608465608465608,0.424,0.48291571753986334,0.546,0.7673783302307129
"6,4,16,19,4,16,12,17,11,23,17,13,18,0,11",0.51,0.99,0.63,0.5132275132275133,0.388,0.4419134396355353,0.51,1.0350408554077148
"6,4,18,5,4,16,12,17,11,16,17,13,6,13,11",0.51,0.99,0.63,0.5068493150684932,0.74,0.6016260162601627,0.51,0.8610026836395264
"17,6,18,5,6,16,18,17,1,8,5,13,15,0,11",0.546,0.88,0.6295000000000001,0.5306666666666666,0.796,0.6368,0.546,1.3353180885314941
"17,4,18,5,4,16,18,17,1,8,5,13,15,0,11",0.546,0.88,0.6295000000000001,0.5301837270341208,0.808,0.6402535657686212,0.546,1.2270753383636475
"6,4,18,5,4,16,12,17,5,23,4,13,19,13,11",0.512,0.98,0.629,0.5077319587628866,0.788,0.6175548589341693,0.512,0.9127151966094971
"16,14,17,5,20,11,14,19,12,4,22,2,11,3,8",0.532,0.92,0.629,0.52,0.832,0.64,0.532,0.746084451675415
"17,6,18,5,4,16,18,17,1,8,5,13,15,0,11",0.548,0.87,0.6285000000000001,0.5319148936170213,0.8,0.6389776357827476,0.548,1.2260301113128662
"6,4,16,4,4,16,12,17,11,23,17,13,18,0,11",0.518,0.96,0.6285000000000001,0.5163636363636364,0.568,0.540952380952381,0.518,0.7628889083862305
"6,5,18,5,6,16,12,17,13,23,4,13,18,0,11",0.514,0.97,0.628,0.5175879396984925,0.412,0.45879732739420936,0.514,0.8003935813903809
"6,16,5,5,4,17,17,17,6,12,14,7,19,0,11",0.514,0.97,0.628,0.5088161209068011,0.808,0.624420401854714,0.514,0.8319733142852783
"6,4,16,19,6,16,12,17,11,23,17,13,18,0,11",0.51,0.98,0.6275,0.5130890052356021,0.392,0.4444444444444444,0.51,1.06044340133667
"0,4,18,5,4,16,17,17,6,12,14,13,19,0,11",0.506,0.99,0.627,0.507537688442211,0.404,0.44988864142538976,0.506,0.9287137985229492
"17,4,18,5,6,16,12,17,11,23,5,13,18,0,14",0.516,0.96,0.627,0.5186915887850467,0.444,0.47844827586206895,0.516,1.0176081657409668
"19,4,18,5,19,16,16,17,4,11,4,13,21,0,11",0.502,1.0,0.6265000000000001,0.5011764705882353,0.852,0.6311111111111111,0.502,2.9962921142578125
"14,16,16,4,6,0,6,13,13,10,17,18,17,23,8",0.534,0.9,0.6255000000000001,0.5765765765765766,0.256,0.3545706371191136,0.534,1.1026065349578857
"17,4,18,5,4,16,12,17,11,23,14,13,18,0,11",0.504,0.99,0.6255,0.5054945054945055,0.368,0.42592592592592593,0.504,0.9533531665802002
"13,23,15,0,4,19,8,19,8,15,14,14,4,6,11",0.57,0.79,0.625,0.5925925925925926,0.448,0.510250569476082,0.57,0.7493276596069336
"6,16,16,19,6,16,12,17,11,23,12,13,18,0,11",0.506,0.98,0.6245,0.5069767441860465,0.436,0.46881720430107526,0.506,1.1215813159942627
"17,19,16,0,1,5,0,5,2,13,5,14,19,10,21",0.572,0.78,0.6240000000000001,0.5535714285714286,0.744,0.6348122866894198,0.5720000000000001,1.3514413833618164
"17,4,18,5,6,16,12,13,13,23,17,13,18,0,11",0.502,0.99,0.624,0.502262443438914,0.444,0.4713375796178344,0.502,1.0092554092407227
"6,4,18,5,4,16,12,17,9,23,17,13,19,0,11",0.512,0.96,0.624,0.5078947368421053,0.772,0.6126984126984127,0.512,0.8270442485809326
"14,6,18,5,4,16,12,17,11,23,17,13,18,13,11",0.522,0.93,0.624,0.5555555555555556,0.22,0.3151862464183381,0.522,0.8366711139678955
"6,4,19,18,11,15,17,21,10,5,5,17,18,9,10",0.528,0.91,0.6235,0.521875,0.668,0.5859649122807018,0.528,2.0456111431121826
"0,16,5,22,4,17,17,19,4,12,14,7,19,10,11",0.504,0.98,0.623,0.5092592592592593,0.22,0.30726256983240224,0.504,1.2191400527954102
"6,16,16,19,4,16,12,17,11,23,12,13,18,0,11",0.504,0.98,0.623,0.5047169811320755,0.428,0.46320346320346323,0.504,1.0325725078582764
"15,15,5,18,18,8,4,6,5,13,8,17,17,9,6",0.56,0.81,0.6225,0.5365853658536586,0.88,0.6666666666666666,0.56,1.302828073501587
"6,11,22,4,6,16,12,13,11,23,17,10,18,13,9",0.626,0.61,0.622,0.6820809248554913,0.472,0.557919621749409,0.626,0.7947297096252441
"6,16,18,5,4,16,12,17,13,23,17,13,18,10,11",0.506,0.97,0.622,0.5042492917847026,0.712,0.5903814262023217,0.506,0.887993335723877
"14,6,16,5,6,16,12,13,11,23,17,13,19,0,11",0.546,0.85,0.622,0.5864661654135338,0.312,0.4073107049608355,0.546,0.784071683883667
"6,11,22,4,4,16,12,17,11,23,17,10,18,13,11",0.622,0.62,0.6215,0.607773851590106,0.688,0.6454033771106942,0.622,0.7707586288452148
"6,4,18,5,6,16,12,13,11,23,4,13,19,0,11",0.522,0.92,0.6214999999999999,0.5119825708061002,0.94,0.6629055007052186,0.522,0.8464620113372803
"19,17,13,21,14,3,5,14,12,19,6,17,9,19,12",0.504,0.97,0.6205,0.5035460992907801,0.568,0.5338345864661654,0.504,1.7798125743865967
"18,6,12,6,11,17,13,8,7,3,22,15,13,11,16",0.506,0.96,0.6194999999999999,0.5038167938931297,0.792,0.6158631415241057,0.506,0.8673489093780518
"6,4,16,5,4,16,12,17,11,23,17,13,18,0,11",0.516,0.93,0.6194999999999999,0.5186915887850467,0.444,0.47844827586206895,0.516,0.741241455078125
"18,6,18,5,4,16,12,17,11,23,17,13,19,13,11",0.502,0.97,0.619,0.5018867924528302,0.532,0.516504854368932,0.502,1.2792253494262695
"4,5,7,19,8,4,1,6,3,3,22,13,17,13,10",0.652,0.52,0.619,0.6151515151515151,0.812,0.7,0.652,0.7462508678436279
"6,4,18,19,4,16,12,17,11,23,17,13,18,0,11",0.498,0.98,0.6185,0.4946236559139785,0.184,0.26822157434402333,0.498,2.0509705543518066
"6,6,16,5,4,16,18,17,13,8,5,13,15,0,11",0.538,0.86,0.6185,0.5568862275449101,0.372,0.4460431654676259,0.538,0.8816297054290771
"14,4,16,4,6,16,12,13,11,23,17,13,18,13,11",0.524,0.9,0.618,0.5638297872340425,0.212,0.3081395348837209,0.524,0.6991825103759766
"11,1,14,3,8,1,6,23,8,3,14,16,1,13,14",0.65,0.52,0.6175,0.6482213438735178,0.656,0.6520874751491054,0.65,0.7837703227996826
"19,2,10,16,0,0,3,11,10,8,13,4,16,14,4",0.602,0.66,0.6165,0.5819935691318328,0.724,0.6452762923351159,0.602,0.9039139747619629
"6,4,18,5,4,16,12,17,11,14,17,13,18,0,11",0.492,0.99,0.6165,0.4937888198757764,0.636,0.5559440559440559,0.492,0.8802361488342285
"10,21,15,20,3,10,9,3,7,7,21,12,3,10,23",0.608,0.64,0.6160000000000001,0.6238532110091743,0.544,0.5811965811965812,0.6080000000000001,0.6768944263458252
"5,4,7,1,17,6,3,4,2,23,14,12,7,19,7",0.638,0.55,0.6160000000000001,0.6374501992031872,0.64,0.6387225548902196,0.638,0.75205397605896
"6,4,18,12,6,16,12,17,13,23,17,13,18,0,11",0.508,0.94,0.616,0.5051282051282051,0.788,0.615625,0.508,0.795194149017334
"17,4,18,5,4,16,12,17,11,23,17,13,19,0,11",0.494,0.98,0.6154999999999999,0.49142857142857144,0.344,0.4047058823529412,0.494,1.0062048435211182
"16,0,5,17,18,6,18,9,14,9,15,17,9,17,18",0.504,0.95,0.6154999999999999,0.5029585798816568,0.68,0.5782312925170068,0.504,1.6149823665618896
"4,19,18,19,15,17,21,10,5,5,17,18,9,10,5",0.514,0.92,0.6154999999999999,0.511326860841424,0.632,0.5652951699463328,0.514,3.1366922855377197
"6,4,18,5,4,16,12,13,11,23,4,13,18,0,11",0.504,0.95,0.6154999999999999,0.5025641025641026,0.784,0.6125,0.504,0.8401174545288086
"19,12,12,15,11,13,18,15,11,6,17,10,12,11,11",0.5,0.96,0.615,0.5,0.756,0.6019108280254777,0.5,0.9316694736480713
"19,4,18,5,4,16,16,17,4,11,4,13,21,0,11",0.5,0.96,0.615,0.5,0.832,0.6246246246246246,0.5,1.8946104049682617
"14,4,16,5,11,16,12,7,11,23,17,13,18,0,11",0.556,0.79,0.6145,0.71875,0.184,0.2929936305732484,0.556,0.6920266151428223
"6,4,18,5,4,16,12,17,13,23,4,13,18,0,11",0.502,0.95,0.614,0.5024154589371981,0.416,0.4551422319474836,0.502,0.8426730632781982
"6,16,18,5,4,16,12,17,11,23,14,13,18,0,11",0.492,0.98,0.614,0.4941860465116279,0.68,0.5723905723905723,0.492,0.8479621410369873
"17,4,18,5,4,16,12,17,11,23,17,14,18,0,11",0.488,0.99,0.6134999999999999,0.48404255319148937,0.364,0.4155251141552511,0.488,0.9889681339263916
"14,6,16,22,11,10,12,19,1,16,5,18,19,13,11",0.588,0.68,0.611,0.6078431372549019,0.496,0.5462555066079295,0.5880000000000001,2.088677406311035
"6,4,18,5,4,16,12,17,11,23,17,8,18,0,11",0.518,0.89,0.611,0.5245901639344263,0.384,0.44341801385681295,0.518,0.7934901714324951
"17,19,18,5,4,17,21,17,5,5,17,18,9,0,5",0.484,0.99,0.6105,0.48412698412698413,0.488,0.4860557768924303,0.484,3.7706117630004883
"0,4,5,5,4,16,12,17,11,23,4,13,19,0,10",0.504,0.93,0.6105,0.5041322314049587,0.488,0.4959349593495935,0.504,0.7857375144958496
"17,5,18,14,3,18,8,20,5,5,12,19,0,1,14",0.594,0.66,0.6105,0.5705705705705706,0.76,0.6518010291595198,0.594,1.121502161026001
"17,4,18,5,6,16,12,13,11,23,5,13,18,0,11",0.5,0.94,0.61,0.5,0.268,0.3489583333333333,0.5,1.0288951396942139
"6,14,18,5,6,16,12,16,13,23,17,13,19,6,11",0.51,0.91,0.61,0.5093632958801498,0.544,0.5261121856866537,0.51,0.8485171794891357
"18,16,18,17,2,7,15,6,19,9,12,18,15,10,20",0.586,0.68,0.6095,0.5719063545150501,0.684,0.6229508196721312,0.5860000000000001,1.1950573921203613
"6,4,16,5,4,16,12,17,4,23,17,13,18,0,11",0.496,0.95,0.6094999999999999,0.496875,0.636,0.5578947368421052,0.496,1.8038311004638672
"17,16,18,4,6,0,6,13,13,10,17,18,17,23,8",0.478,1.0,0.6085,0.472636815920398,0.38,0.4212860310421286,0.478,1.2849228382110596
"14,6,16,22,6,10,12,13,1,16,5,18,19,13,9",0.588,0.67,0.6085,0.5932203389830508,0.56,0.5761316872427984,0.5880000000000001,1.6530702114105225
"6,16,18,5,4,16,12,17,11,23,17,13,19,0,11",0.488,0.97,0.6085,0.48986486486486486,0.58,0.5311355311355311,0.488,0.8873462677001953
"3,15,12,17,4,18,5,4,16,18,17,1,8,5,13",0.628,0.55,0.6084999999999999,0.6818181818181818,0.48,0.5633802816901409,0.628,1.2659997940063477
"11,13,9,1,21,1,12,17,22,10,11,8,11,13,0",0.594,0.65,0.6080000000000001,0.5654596100278552,0.812,0.6666666666666666,0.5940000000000001,0.8179867267608643
"17,4,18,5,4,16,12,17,13,23,17,13,18,0,11",0.484,0.98,0.608,0.47674418604651164,0.328,0.3886255924170616,0.484,0.9992625713348389
"6,4,18,5,4,16,12,17,11,16,17,13,18,0,4",0.484,0.98,0.608,0.4863013698630137,0.568,0.5239852398523985,0.484,0.8110513687133789
"6,4,18,19,4,16,12,17,11,23,5,13,18,0,11",0.48,0.99,0.6074999999999999,0.4626865671641791,0.248,0.3229166666666667,0.48,1.8993959426879883
"17,4,18,5,4,16,12,20,11,23,5,13,18,0,11",0.49,0.96,0.6074999999999999,0.48936170212765956,0.46,0.4742268041237113,0.49,0.9706940650939941
"17,19,18,11,15,17,21,10,5,5,17,18,9,10,5",0.5,0.93,0.6074999999999999,0.5,0.64,0.5614035087719298,0.5,2.3694214820861816
"6,4,18,19,4,16,12,17,13,23,17,13,18,0,11",0.476,1.0,0.607,0.4166666666666667,0.12,0.18633540372670807,0.476,1.945967435836792
"11,3,0,23,17,9,10,4,23,9,13,9,15,23,7",0.592,0.65,0.6065,0.6017699115044248,0.544,0.5714285714285714,0.5920000000000001,0.7073664665222168
"18,15,15,5,18,18,8,4,6,5,13,8,17,17,9",0.532,0.83,0.6065,0.5173160173160173,0.956,0.6713483146067416,0.532,1.331979751586914
"6,9,23,13,23,15,0,7,19,8,5,8,15,14,14",0.632,0.53,0.6065,0.6122448979591837,0.72,0.6617647058823529,0.632,0.7525198459625244
"3,16,5,14,23,7,21,12,14,4,3,8,7,9,5",0.628,0.54,0.606,0.6081081081081081,0.72,0.6593406593406593,0.628,0.7855403423309326
"18,5,6,9,23,13,23,15,0,7,19,8,5,8,15",0.518,0.87,0.606,0.510158013544018,0.904,0.6522366522366523,0.518,0.8015744686126709
"6,4,16,5,4,16,12,19,11,23,17,13,18,0,11",0.494,0.94,0.6054999999999999,0.49214659685863876,0.376,0.42630385487528344,0.494,0.8109290599822998
"6,8,9,0,17,5,18,14,3,18,8,20,5,5,12",0.624,0.55,0.6054999999999999,0.6435185185185185,0.556,0.5965665236051502,0.624,0.8720555305480957
"0,16,18,5,4,17,17,17,6,12,22,7,19,10,11",0.474,1.0,0.6054999999999999,0.45185185185185184,0.244,0.3168831168831169,0.474,1.1331684589385986
"6,16,16,19,4,16,12,17,11,23,5,13,18,0,11",0.486,0.96,0.6045,0.45977011494252873,0.16,0.23738872403560832,0.48600000000000004,1.0171782970428467
"19,9,1,4,17,10,17,19,0,2,16,6,4,9,21",0.616,0.57,0.6044999999999999,0.6294642857142857,0.564,0.5949367088607594,0.616,1.4435145854949951
"14,16,16,4,6,0,6,13,10,10,17,18,17,23,8",0.522,0.85,0.604,0.5523809523809524,0.232,0.3267605633802817,0.522,1.1733014583587646
"19,10,16,22,13,18,16,6,17,21,12,20,11,8,5",0.502,0.91,0.604,0.5011990407673861,0.836,0.6266866566716641,0.502,1.0027008056640625
"18,14,4,19,2,10,0,11,16,23,7,6,11,5,9",0.544,0.78,0.603,0.5292553191489362,0.796,0.6357827476038339,0.544,0.8791756629943848
"6,23,15,12,13,8,2,11,8,11,4,10,8,3,7",0.62,0.55,0.6025,0.6948051948051948,0.428,0.5297029702970297,0.62,0.8650121688842773
"10,15,11,23,5,5,3,10,14,12,9,5,2,13,11",0.58,0.67,0.6024999999999999,0.565359477124183,0.692,0.6223021582733813,0.58,0.9026885032653809
"19,3,14,8,10,22,5,3,12,17,10,20,15,14,0",0.536,0.8,0.6020000000000001,0.5319148936170213,0.6,0.5639097744360902,0.536,0.9497067928314209
"17,4,18,5,4,16,12,17,11,23,17,13,18,0,8",0.472,0.99,0.6014999999999999,0.46788990825688076,0.408,0.4358974358974359,0.472,1.0306861400604248
"19,8,5,8,15,14,14,4,6,14,11,16,4,23,5",0.638,0.49,0.601,0.6146179401993356,0.74,0.6715063520871143,0.638,0.8583827018737793
"6,5,18,5,4,16,12,4,13,23,17,13,21,2,11",0.484,0.95,0.6005,0.487012987012987,0.6,0.5376344086021505,0.484,0.7861199378967285
"6,4,16,4,4,16,12,17,13,16,17,13,18,0,11",0.484,0.95,0.6005,0.4888268156424581,0.7,0.5756578947368421,0.484,0.7556891441345215
"6,16,18,5,6,16,12,13,13,23,17,13,18,0,11",0.474,0.98,0.6005,0.4804804804804805,0.64,0.548885077186964,0.474,0.9300212860107422
"12,18,15,11,21,17,13,7,11,9,3,0,15,3,0",0.584,0.65,0.6004999999999999,0.5867768595041323,0.568,0.5772357723577236,0.584,0.7735047340393066
"19,10,19,8,11,5,22,13,2,5,13,8,12,9,9",0.51,0.87,0.6,0.5077399380804953,0.656,0.5724258289703316,0.51,0.8453853130340576
"22,6,12,5,15,11,20,9,17,9,0,0,22,10,21",0.58,0.66,0.5999999999999999,0.6020408163265306,0.472,0.5291479820627802,0.58,0.7752017974853516
"17,4,18,5,4,16,12,17,13,16,17,13,18,0,11",0.476,0.97,0.5994999999999999,0.4634146341463415,0.304,0.3671497584541063,0.476,1.0063979625701904
"6,12,22,4,6,16,12,4,11,23,17,10,16,11,9",0.576,0.67,0.5994999999999999,0.601063829787234,0.452,0.5159817351598174,0.576,0.670438289642334
"11,3,0,23,4,9,10,10,23,9,13,9,15,23,5",0.616,0.55,0.5994999999999999,0.6790123456790124,0.44,0.5339805825242718,0.616,0.7604589462280273
"5,8,18,8,1,12,21,4,5,7,19,8,4,1,6",0.602,0.59,0.5990000000000001,0.5913978494623656,0.66,0.6238185255198487,0.6020000000000001,0.7000205516815186
"5,12,19,17,4,17,11,13,15,13,17,19,8,23,11",0.508,0.87,0.5985,0.5080645161290323,0.504,0.5060240963855421,0.508,1.4953651428222656
"16,18,17,1,8,5,13,15,0,11,1,14,3,8,1",0.618,0.54,0.5985,0.5850144092219021,0.812,0.6800670016750419,0.618,0.8918075561523438
"15,17,20,10,11,13,17,4,23,15,9,8,21,1,12",0.584,0.64,0.598,0.5564516129032258,0.828,0.6655948553054662,0.584,0.9465484619140625
"0,4,5,5,4,16,12,15,13,23,17,13,18,0,11",0.514,0.85,0.598,0.5094339622641509,0.756,0.6086956521739131,0.514,0.72615647315979
"16,15,12,3,10,19,15,0,13,0,9,7,19,10,16",0.56,0.71,0.5975,0.5528169014084507,0.628,0.5880149812734082,0.56,0.7602643966674805
"4,19,2,10,0,11,16,23,7,6,11,5,9,22,15",0.63,0.5,0.5975,0.6226415094339622,0.66,0.6407766990291263,0.63,0.9590282440185547
"5,14,12,19,6,17,9,19,12,12,15,11,13,18,15",0.55,0.74,0.5975,0.5370919881305638,0.724,0.616695059625213,0.55,1.1526539325714111
"14,11,16,4,6,16,10,13,13,9,13,18,15,13,9",0.5,0.89,0.5975,0.5,0.352,0.4131455399061033,0.5,0.7558538913726807
"14,20,16,15,11,14,16,7,15,1,13,4,10,23,8",0.602,0.58,0.5965,0.5825242718446602,0.72,0.6440071556350626,0.602,0.7819795608520508
"6,4,18,5,4,16,12,17,13,5,17,13,18,0,11",0.552,0.73,0.5965,0.5942028985507246,0.328,0.422680412371134,0.552,0.7911109924316406
"18,9,16,19,18,17,4,10,19,0,6,0,7,17,13",0.508,0.86,0.596,0.5232558139534884,0.18,0.26785714285714285,0.508,2.041185140609741
"16,13,2,18,15,15,5,18,18,8,4,6,5,13,8",0.524,0.81,0.5955,0.5163043478260869,0.76,0.6148867313915858,0.524,1.2574067115783691
"15,14,0,14,10,18,13,18,15,3,3,11,9,8,2",0.572,0.66,0.5940000000000001,0.5818181818181818,0.512,0.5446808510638298,0.5720000000000001,0.9068315029144287
"14,12,11,18,1,10,5,4,4,2,8,8,16,11,6",0.602,0.57,0.594,0.5642317380352645,0.896,0.6924265842349304,0.602,0.6536033153533936
"15,17,21,10,5,5,17,18,9,10,5,21,12,13,14",0.578,0.64,0.5935,0.5575221238938053,0.756,0.6417657045840407,0.5780000000000001,0.9412593841552734
"14,14,4,6,14,11,16,4,23,5,13,0,3,13,1",0.568,0.67,0.5935,0.6036585365853658,0.396,0.4782608695652174,0.5680000000000001,0.7345929145812988
"6,19,10,6,8,22,12,21,8,10,10,8,10,22,0",0.498,0.88,0.5934999999999999,0.49846153846153846,0.648,0.5634782608695652,0.498,0.8466663360595703
"11,20,9,17,9,0,0,22,10,21,15,20,3,10,9",0.594,0.59,0.5930000000000001,0.6053811659192825,0.54,0.5708245243128964,0.5940000000000001,0.7664353847503662
"14,16,16,19,4,16,12,17,11,23,12,13,18,0,11",0.464,0.98,0.593,0.4594594594594595,0.408,0.4322033898305085,0.46399999999999997,1.080394983291626
"17,4,18,5,4,16,12,17,11,23,17,13,18,0,2",0.494,0.89,0.593,0.49079754601226994,0.32,0.387409200968523,0.494,1.0329594612121582
"14,6,18,5,4,10,12,17,1,16,5,18,19,13,11",0.53,0.78,0.5925,0.5789473684210527,0.22,0.3188405797101449,0.53,1.72520112991333
"14,19,16,4,4,16,12,19,11,23,17,13,18,13,11",0.47,0.96,0.5925,0.46411483253588515,0.388,0.4226579520697168,0.47000000000000003,0.9566256999969482
"5,4,18,5,4,6,3,17,2,23,14,11,7,19,7",0.5,0.87,0.5925,0.5,0.536,0.5173745173745173,0.5,1.0806729793548584
"14,19,14,11,7,4,15,4,23,8,19,8,8,18,9",0.56,0.69,0.5925,0.5414364640883977,0.784,0.6405228758169934,0.56,0.7907867431640625
"6,4,16,19,4,16,12,13,11,23,17,13,18,13,11",0.496,0.88,0.592,0.47368421052631576,0.072,0.125,0.496,1.0351340770721436
"5,8,15,14,14,4,6,14,11,16,4,23,5,13,0",0.622,0.5,0.5915,0.6331877729257642,0.58,0.605427974947808,0.622,0.7429728507995605
"0,18,2,14,5,6,16,13,21,8,12,10,22,17,12",0.532,0.77,0.5915,0.5377358490566038,0.456,0.4935064935064935,0.532,0.8162534236907959
"4,16,18,17,1,8,5,13,15,0,11,1,14,3,8",0.548,0.72,0.591,0.5375,0.688,0.6035087719298246,0.5479999999999999,0.8932759761810303
"15,5,18,18,8,4,6,5,13,8,17,17,9,6,8",0.538,0.75,0.591,0.524547803617571,0.812,0.6373626373626373,0.538,1.2231483459472656
"6,17,9,19,12,12,15,11,13,18,15,11,6,17,10",0.498,0.87,0.591,0.4967741935483871,0.308,0.3802469135802469,0.498,0.7923095226287842
"4,7,13,12,12,17,0,18,16,14,21,5,13,1,10",0.608,0.54,0.591,0.5794117647058824,0.788,0.6677966101694915,0.608,0.9156937599182129
"19,4,18,5,4,16,18,17,13,8,5,17,15,0,11",0.454,1.0,0.5905,0.4065040650406504,0.2,0.2680965147453083,0.45399999999999996,2.100754499435425
"6,6,16,4,4,16,12,19,13,23,17,13,18,13,11",0.46,0.98,0.5900000000000001,0.4523809523809524,0.38,0.41304347826086957,0.46,0.8162670135498047
"14,11,16,5,6,16,12,13,11,23,17,13,18,13,11",0.486,0.9,0.5895,0.48535564853556484,0.464,0.47443762781186094,0.486,0.7344179153442383
"6,6,16,4,4,16,12,15,11,23,17,13,19,13,11",0.462,0.97,0.589,0.47112462006079026,0.62,0.5354058721934369,0.46199999999999997,0.7831094264984131
"22,5,12,19,17,4,17,11,13,15,13,17,19,8,23",0.492,0.88,0.589,0.49230769230769234,0.512,0.5019607843137255,0.492,1.5243828296661377
"15,14,14,4,6,14,11,16,4,23,5,13,0,3,13",0.528,0.77,0.5885,0.553030303030303,0.292,0.38219895287958117,0.528,0.773554801940918
"5,18,14,3,18,8,20,5,5,12,19,0,1,14,6",0.568,0.65,0.5884999999999999,0.5685483870967742,0.564,0.5662650602409639,0.568,0.8663010597229004
"0,14,5,22,4,3,15,15,11,11,14,17,19,10,4",0.534,0.75,0.5880000000000001,0.5284280936454849,0.632,0.575591985428051,0.534,1.0498831272125244
"14,20,16,15,11,14,16,19,15,1,13,4,10,23,11",0.55,0.7,0.5875,0.5407166123778502,0.664,0.5960502692998204,0.55,0.9682159423828125
"6,11,17,13,8,7,3,22,15,13,11,16,0,9,18",0.586,0.59,0.5870000000000001,0.5619596541786743,0.78,0.6532663316582915,0.5860000000000001,0.7862164974212646
"6,4,0,19,8,6,1,18,19,19,4,18,2,16,4",0.606,0.53,0.5870000000000001,0.6167400881057269,0.56,0.5870020964360587,0.6060000000000001,4.611750841140747
"0,5,0,15,21,13,13,10,5,10,19,0,2,18,16",0.572,0.63,0.5865,0.5588235294117647,0.684,0.6151079136690647,0.5720000000000001,1.7958948612213135
"19,1,19,15,21,15,13,9,17,6,19,10,6,8,22",0.558,0.67,0.5860000000000001,0.5491525423728814,0.648,0.5944954128440367,0.558,3.173699140548706
"4,18,5,4,16,18,17,1,8,5,13,15,0,11,1",0.608,0.52,0.586,0.593103448275862,0.688,0.6370370370370371,0.608,1.0391030311584473
"12,14,20,16,15,11,14,16,7,15,1,13,4,10,23",0.55,0.69,0.585,0.5401929260450161,0.672,0.5989304812834224,0.55,0.7617325782775879
"14,4,16,4,4,16,12,17,11,23,17,13,19,0,11",0.48,0.9,0.585,0.45689655172413796,0.212,0.2896174863387978,0.48,0.7736814022064209
"18,8,13,10,2,20,14,0,14,6,0,5,10,0,0",0.542,0.71,0.5840000000000001,0.5300859598853869,0.74,0.6176961602671118,0.542,0.7680785655975342
"5,7,19,8,4,1,6,3,3,22,13,17,13,10,18",0.614,0.49,0.583,0.6043956043956044,0.66,0.6309751434034416,0.614,0.6867337226867676
"16,5,10,15,11,23,5,5,3,10,14,12,9,5,2",0.534,0.73,0.583,0.5225464190981433,0.788,0.6283891547049442,0.534,0.7405576705932617
"17,4,18,5,4,16,12,17,13,23,4,13,19,0,11",0.456,0.96,0.5820000000000001,0.45703125,0.468,0.4624505928853755,0.456,1.0113229751586914
"18,12,14,22,10,14,13,21,14,13,13,14,5,23,7",0.526,0.75,0.5820000000000001,0.5162907268170426,0.824,0.6348228043143297,0.526,0.8807768821716309
"14,14,0,17,15,13,20,0,10,21,3,10,22,11,0",0.516,0.78,0.5820000000000001,0.5147058823529411,0.56,0.5363984674329502,0.516,0.7807931900024414
"17,16,5,5,4,17,17,17,4,12,14,7,19,0,11",0.446,0.99,0.5820000000000001,0.46218487394957986,0.66,0.5436573311367381,0.446,0.9038660526275635
"15,11,20,9,17,9,0,0,22,10,21,15,20,3,10",0.548,0.68,0.581,0.548,0.548,0.548,0.548,0.8477044105529785
"14,4,16,5,4,16,12,17,11,23,17,13,18,13,11",0.494,0.84,0.5805,0.48717948717948717,0.228,0.3106267029972752,0.494,0.9458129405975342
"16,12,18,18,6,5,7,0,12,3,11,13,15,11,10",0.484,0.87,0.5805,0.4858156028368794,0.548,0.5150375939849624,0.484,1.1657755374908447
"6,17,15,8,22,10,12,7,9,19,10,0,6,22,9",0.554,0.66,0.5805,0.6483516483516484,0.236,0.3460410557184751,0.554,0.7298438549041748
"23,6,2,6,6,3,1,12,7,10,9,21,0,1,4",0.624,0.45,0.5805,0.6201550387596899,0.64,0.6299212598425197,0.624,1.0570356845855713
"0,16,11,5,13,18,6,13,13,20,5,14,13,5,9",0.464,0.93,0.5805,0.44642857142857145,0.3,0.3588516746411483,0.46399999999999997,0.7104744911193848
"10,4,16,9,11,3,5,10,19,1,14,6,12,7,23",0.564,0.63,0.5805,0.5672268907563025,0.54,0.5532786885245902,0.5640000000000001,0.8494265079498291
"22,14,12,11,18,1,10,5,4,4,2,8,8,16,11",0.58,0.58,0.5800000000000001,0.5581395348837209,0.768,0.6464646464646465,0.5800000000000001,0.7431714534759521
"14,4,16,4,6,16,12,13,11,23,17,13,18,1,11",0.526,0.74,0.5795,0.5175202156334232,0.768,0.6183574879227053,0.526,0.9207956790924072
"6,4,16,5,4,16,12,17,11,23,17,13,19,13,11",0.456,0.95,0.5795,0.4485981308411215,0.384,0.41379310344827586,0.456,0.7091729640960693
"14,4,16,4,4,16,12,17,11,23,17,13,18,13,11",0.486,0.86,0.5795,0.4748201438848921,0.264,0.3393316195372751,0.486,0.8413939476013184
"5,4,15,19,1,19,15,21,15,13,9,17,6,19,10",0.512,0.78,0.579,0.5121951219512195,0.504,0.5080645161290323,0.512,3.1462531089782715
"6,19,19,8,17,14,21,14,11,19,8,9,12,19,3",0.522,0.75,0.579,0.5142857142857142,0.792,0.6236220472440945,0.522,2.5805535316467285
"23,16,17,19,16,0,1,5,0,5,2,13,5,14,19",0.522,0.75,0.579,0.5137844611528822,0.82,0.6317411402157165,0.522,1.7131612300872803
"6,11,18,5,4,16,12,17,11,23,17,10,18,13,9",0.522,0.75,0.579,0.5407407407407407,0.292,0.37922077922077924,0.522,0.7486097812652588
"12,2,18,17,16,1,0,16,11,5,13,18,6,13,13",0.548,0.67,0.5785,0.5297029702970297,0.856,0.654434250764526,0.548,0.9191617965698242
"20,14,17,14,8,14,13,8,13,9,1,6,13,1,14",0.598,0.52,0.5785,0.5636363636363636,0.868,0.6834645669291338,0.598,0.876760721206665
"6,4,16,5,6,16,12,17,11,23,5,13,18,0,11",0.474,0.89,0.578,0.46733668341708545,0.372,0.4142538975501114,0.474,0.7976658344268799
"18,14,15,4,13,12,9,2,6,17,15,8,22,10,12",0.5,0.81,0.5775,0.5,0.404,0.4469026548672566,0.5,0.8703033924102783
"7,19,10,18,0,14,1,4,2,5,0,1,10,20,8",0.59,0.54,0.5775,0.5659824046920822,0.772,0.6531302876480541,0.59,0.6759030818939209
"14,16,16,22,4,17,17,15,13,12,14,13,19,10,11",0.45,0.96,0.5774999999999999,0.40458015267175573,0.212,0.2782152230971129,0.44999999999999996,0.9223651885986328
"14,8,7,9,9,8,2,14,12,16,14,14,2,13,3",0.596,0.52,0.577,0.5745341614906833,0.74,0.6468531468531469,0.596,0.8026604652404785
"1,3,1,22,14,12,11,18,1,10,5,4,4,2,8",0.602,0.5,0.5765,0.7107438016528925,0.344,0.4636118598382749,0.602,0.7061793804168701
"14,13,8,13,9,1,6,13,1,14,8,10,8,4,22",0.572,0.59,0.5765,0.5584415584415584,0.688,0.6164874551971327,0.572,0.745499849319458
"0,4,5,22,4,17,17,4,6,12,14,7,7,19,11",0.518,0.75,0.5760000000000001,0.5182186234817814,0.512,0.5150905432595574,0.518,0.8277106285095215
"6,18,15,15,5,19,11,9,0,9,0,8,14,5,15",0.488,0.84,0.576,0.48846153846153845,0.508,0.4980392156862745,0.488,0.872814416885376
"1,5,11,10,10,4,16,9,11,3,5,10,19,1,14",0.564,0.61,0.5755,0.5695652173913044,0.524,0.5458333333333333,0.5640000000000001,0.8058280944824219
"21,2,5,13,1,2,16,18,3,12,4,0,9,2,6",0.574,0.58,0.5755,0.5548961424332344,0.748,0.637137989778535,0.5740000000000001,0.8444507122039795
"5,6,0,16,15,12,3,10,19,15,0,13,0,9,7",0.514,0.76,0.5755,0.5231788079470199,0.316,0.3940149625935162,0.514,0.7096869945526123
"4,11,3,9,12,19,16,15,5,23,12,13,14,10,2",0.56,0.62,0.5750000000000001,0.5414364640883977,0.784,0.6405228758169934,0.56,0.9815430641174316
"0,8,6,5,12,22,16,4,12,1,8,12,14,0,23",0.57,0.59,0.5750000000000001,0.5680933852140078,0.584,0.5759368836291914,0.5700000000000001,0.6526620388031006
"7,9,9,20,9,22,4,2,2,15,22,6,3,15,11",0.58,0.56,0.575,0.5543478260869565,0.816,0.6601941747572816,0.58,0.7512719631195068
"6,14,16,13,0,19,5,14,1,10,5,5,23,6,9",0.546,0.66,0.5745,0.5322128851540616,0.76,0.6260296540362438,0.546,0.7022106647491455
"7,13,12,12,17,0,18,16,14,21,5,13,1,10,22",0.602,0.49,0.5740000000000001,0.5770392749244713,0.764,0.657487091222031,0.602,0.9251844882965088
"17,4,7,12,20,7,17,11,19,8,11,10,4,10,9",0.502,0.79,0.5740000000000001,0.5023041474654378,0.436,0.4668094218415418,0.502,0.8246514797210693
"17,0,18,2,14,5,6,16,13,21,8,12,10,22,17",0.548,0.65,0.5735,0.5923076923076923,0.308,0.4052631578947368,0.548,0.9872889518737793
"17,13,8,7,3,22,15,13,11,16,0,9,18,14,5",0.518,0.74,0.5735,0.5182186234817814,0.512,0.5150905432595574,0.518,0.8112998008728027
"7,2,0,14,15,20,15,16,2,1,16,13,3,10,21",0.59,0.52,0.5725,0.5663716814159292,0.768,0.6519524617996605,0.59,0.7767267227172852
"14,4,18,5,4,16,12,17,11,23,17,13,18,0,11",0.49,0.82,0.5725,0.4528301886792453,0.096,0.15841584158415842,0.49,0.7439231872558594
"7,9,14,8,7,9,9,8,2,14,12,16,14,14,2",0.59,0.52,0.5725,0.5619834710743802,0.816,0.6655791190864601,0.59,0.8086888790130615
"15,19,1,19,15,21,15,13,9,17,6,19,10,6,8",0.502,0.78,0.5715,0.5015576323987538,0.644,0.563922942206655,0.502,3.056165933609009
"0,4,5,5,4,16,12,15,11,23,17,13,18,0,11",0.512,0.75,0.5715,0.5070422535211268,0.864,0.6390532544378699,0.512,0.7381105422973633
"10,18,16,20,10,13,18,15,13,5,9,20,13,3,18",0.512,0.75,0.5715,0.5091463414634146,0.668,0.5778546712802768,0.512,0.7763321399688721
"23,8,23,9,13,15,8,9,3,13,10,22,16,14,4",0.578,0.55,0.5710000000000001,0.5665529010238908,0.664,0.6114180478821363,0.5780000000000001,0.9384088516235352
"11,11,22,4,6,16,10,13,23,9,13,10,15,13,9",0.528,0.7,0.571,0.5236486486486487,0.62,0.5677655677655677,0.528,0.8821613788604736
"13,20,0,10,21,3,10,22,11,0,10,4,8,5,20",0.634,0.38,0.5705,0.5988200589970502,0.812,0.6893039049235993,0.634,0.6849846839904785
"12,12,15,11,13,18,15,11,6,17,10,12,11,11,17",0.51,0.75,0.5700000000000001,0.5085324232081911,0.596,0.5488029465930019,0.51,0.86625075340271
"14,16,16,5,11,16,12,7,11,23,12,13,18,0,11",0.47,0.87,0.57,0.4773413897280967,0.632,0.5438898450946644,0.47,0.7387876510620117
"13,21,14,3,5,14,12,19,6,17,9,19,12,12,15",0.466,0.88,0.5695,0.47017543859649125,0.536,0.5009345794392523,0.466,1.028001070022583
"4,14,1,2,3,3,5,3,9,4,9,19,12,9,1",0.596,0.49,0.5694999999999999,0.6025641025641025,0.564,0.5826446280991735,0.596,0.7048180103302002
"13,10,9,5,8,18,8,1,12,21,4,5,7,19,8",0.572,0.56,0.5690000000000001,0.6111111111111112,0.396,0.48058252427184467,0.5720000000000001,0.7708737850189209
"0,6,3,14,16,14,7,12,16,16,13,3,16,12,16",0.592,0.5,0.5690000000000001,0.5638888888888889,0.812,0.6655737704918033,0.5920000000000001,0.7379846572875977
"8,3,14,16,1,13,14,0,10,20,14,2,10,18,4",0.572,0.56,0.569,0.55625,0.712,0.624561403508772,0.572,0.6762740612030029
"19,2,7,2,0,14,15,20,15,16,2,1,16,13,3",0.562,0.59,0.569,0.5402597402597402,0.832,0.6551181102362205,0.5619999999999999,0.9118752479553223
"11,9,0,10,4,19,3,10,14,5,9,12,9,20,5",0.528,0.69,0.5685,0.5153508771929824,0.94,0.6657223796033994,0.528,0.7647466659545898
"15,4,13,12,9,2,6,17,15,8,22,10,12,7,9",0.534,0.67,0.5680000000000001,0.5349794238683128,0.52,0.5273833671399595,0.534,0.9187924861907959
"16,10,8,19,4,7,11,0,18,1,18,19,5,15,19",0.52,0.71,0.5675,0.5123762376237624,0.828,0.6330275229357798,0.52,2.4027621746063232
"10,15,17,19,15,14,8,5,6,5,2,6,4,6,22",0.52,0.71,0.5675,0.532051282051282,0.332,0.4088669950738916,0.52,1.1212079524993896
"8,15,14,14,4,6,14,11,16,4,23,5,13,0,3",0.55,0.62,0.5675,0.5409836065573771,0.66,0.5945945945945946,0.55,0.6958892345428467
"3,19,6,13,8,16,6,11,2,4,17,0,20,14,20",0.6,0.47,0.5674999999999999,0.5664893617021277,0.852,0.6805111821086262,0.6,0.9960546493530273
"5,14,23,7,21,12,14,4,3,8,7,9,5,17,21",0.58,0.53,0.5674999999999999,0.5775193798449613,0.596,0.5866141732283464,0.58,0.7375397682189941
"15,19,10,4,2,22,5,9,1,11,9,19,12,4,11",0.536,0.66,0.567,0.5236842105263158,0.796,0.6317460317460317,0.536,0.8141982555389404
"22,8,22,7,0,8,14,1,1,14,19,8,10,1,7",0.568,0.56,0.5660000000000001,0.5726495726495726,0.536,0.5537190082644629,0.5680000000000001,0.7974226474761963
"6,12,5,15,11,20,9,17,9,0,0,22,10,21,15",0.548,0.62,0.5660000000000001,0.5408163265306123,0.636,0.5845588235294118,0.548,0.6587705612182617
"17,5,6,4,22,8,14,4,7,19,10,18,0,14,1",0.55,0.61,0.5650000000000001,0.6262626262626263,0.248,0.3553008595988539,0.55,0.6966147422790527
"14,12,16,22,11,10,12,17,1,16,5,18,10,21,11",0.53,0.67,0.565,0.5301204819277109,0.528,0.5290581162324649,0.53,0.8629186153411865
"16,13,5,1,23,12,6,3,1,11,22,5,15,10,16",0.58,0.52,0.565,0.6086956521739131,0.448,0.5161290322580645,0.58,0.767791748046875
"6,16,5,4,4,17,17,19,4,12,14,7,19,13,11",0.43,0.97,0.565,0.4454828660436137,0.572,0.500875656742557,0.42999999999999994,1.1496238708496094
"14,4,16,5,6,16,12,17,11,23,17,13,18,0,11",0.476,0.83,0.5645,0.4387755102040816,0.172,0.2471264367816092,0.476,0.7698493003845215
"12,9,0,5,5,19,3,12,14,5,9,12,9,17,5",0.586,0.5,0.5645,0.6257309941520468,0.428,0.5083135391923991,0.586,0.7419238090515137
"12,19,17,4,17,11,13,15,13,17,19,8,23,11,16",0.516,0.71,0.5645,0.5097087378640777,0.84,0.6344410876132931,0.516,1.5329198837280273
"23,15,19,2,17,5,11,9,10,14,23,1,5,15,6",0.536,0.65,0.5645,0.5483870967741935,0.408,0.46788990825688076,0.536,1.312692403793335
"19,10,6,8,22,12,21,8,10,10,8,10,22,0,14",0.446,0.92,0.5645,0.41818181818181815,0.276,0.3325301204819277,0.446,0.941596269607544
"14,4,16,5,4,16,12,17,11,23,17,13,18,0,11",0.476,0.83,0.5645,0.4387755102040816,0.172,0.2471264367816092,0.476,0.6992397308349609
"0,16,18,5,4,17,17,17,6,12,14,7,19,10,11",0.422,0.99,0.5640000000000001,0.3274336283185841,0.148,0.20385674931129477,0.422,1.1497175693511963
"11,9,3,10,4,19,3,4,12,5,9,19,14,2,5",0.542,0.63,0.5640000000000001,0.5245901639344263,0.896,0.6617429837518464,0.542,0.7364072799682617
"14,7,14,10,14,18,5,9,10,7,9,8,3,12,15",0.562,0.57,0.5640000000000001,0.5543859649122806,0.632,0.5906542056074766,0.562,0.7961094379425049
"4,17,0,3,12,9,10,22,12,5,22,2,12,1,20",0.538,0.64,0.5635,0.5219399538106235,0.904,0.6617862371888726,0.538,0.7829704284667969
"14,12,16,11,15,2,16,12,4,1,3,5,1,18,8",0.574,0.53,0.5630000000000001,0.7283950617283951,0.236,0.3564954682779456,0.5740000000000001,0.7577338218688965
"17,18,10,15,17,19,15,14,8,5,6,5,2,6,4",0.514,0.71,0.563,0.5102040816326531,0.7,0.5902192242833052,0.514,1.479966402053833
"7,4,9,17,3,5,1,18,13,1,8,23,11,9,9",0.576,0.52,0.562,0.6266666666666667,0.376,0.47,0.5760000000000001,1.001422643661499
"7,4,8,14,7,3,1,13,8,16,15,22,4,10,15",0.576,0.52,0.562,0.6266666666666667,0.376,0.47,0.5760000000000001,0.926051139831543
"7,4,14,1,2,3,3,5,3,9,4,9,19,12,9",0.576,0.52,0.562,0.6266666666666667,0.376,0.47,0.5760000000000001,0.6480140686035156
"11,10,9,4,17,0,3,12,9,10,22,12,5,22,2",0.516,0.7,0.562,0.5120481927710844,0.68,0.584192439862543,0.516,0.7080824375152588
"16,11,6,10,15,1,19,5,0,11,10,15,9,6,4",0.512,0.71,0.5615,0.5089285714285714,0.684,0.5836177474402731,0.512,0.8171567916870117
"16,9,3,20,4,14,5,3,17,6,2,14,9,22,8",0.512,0.71,0.5615,0.5077720207253886,0.784,0.6163522012578616,0.512,0.7785897254943848
"12,22,16,4,12,1,8,12,14,0,23,2,12,18,15",0.568,0.54,0.561,0.7236842105263158,0.22,0.3374233128834356,0.5680000000000001,0.7843620777130127
"19,4,1,9,13,16,1,18,11,17,5,6,4,22,8",0.568,0.54,0.5609999999999999,0.5534591194968553,0.704,0.6197183098591549,0.568,0.9324891567230225
"16,10,6,9,20,17,18,17,12,14,13,0,12,20,4",0.468,0.84,0.5609999999999999,0.4735099337748344,0.572,0.5181159420289855,0.46799999999999997,1.086430311203003
"6,11,18,5,4,16,12,17,11,23,17,13,19,0,11",0.488,0.78,0.5609999999999999,0.47115384615384615,0.196,0.2768361581920904,0.488,0.8904602527618408
"6,6,16,4,4,16,12,17,11,23,17,13,15,0,11",0.424,0.97,0.5605,0.4375,0.532,0.48014440433212996,0.42400000000000004,0.7524549961090088
"6,4,18,17,4,16,12,17,13,23,17,13,18,0,11",0.484,0.79,0.5605,0.34615384615384615,0.036,0.06521739130434782,0.48400000000000004,0.9776444435119629
"14,14,21,9,20,17,1,8,23,7,5,0,8,6,5",0.566,0.54,0.5595000000000001,0.5415617128463476,0.86,0.6646058732612056,0.5660000000000001,0.7902240753173828
"18,8,2,19,17,6,8,9,15,15,17,20,10,11,13",0.566,0.54,0.5595000000000001,0.5409429280397022,0.872,0.667687595712098,0.5660000000000001,1.2097792625427246
"16,1,18,11,17,5,6,4,22,8,14,4,7,19,10",0.522,0.67,0.559,0.5209125475285171,0.548,0.5341130604288499,0.522,0.8066103458404541
"19,8,9,12,19,3,19,6,13,8,16,6,11,2,4",0.522,0.67,0.5589999999999999,0.5253456221198156,0.456,0.48822269807280516,0.522,2.581545114517212
"19,6,18,7,21,2,16,4,4,11,5,17,21,2,12",0.512,0.7,0.5589999999999999,0.5357142857142857,0.18,0.2694610778443114,0.512,1.877683401107788
"14,16,16,17,2,7,15,6,19,9,12,18,15,10,20",0.518,0.68,0.5585,0.5276073619631901,0.344,0.41646489104116224,0.518,0.8092062473297119
"4,10,18,14,4,19,2,10,0,11,16,23,7,6,11",0.544,0.6,0.558,0.6057692307692307,0.252,0.3559322033898305,0.544,0.8603489398956299
"8,9,10,5,7,2,22,3,3,12,15,18,8,13,10",0.564,0.54,0.558,0.5645161290322581,0.56,0.5622489959839357,0.5640000000000001,0.7431635856628418
"7,3,22,15,13,11,16,0,9,18,14,5,22,7,0",0.6,0.43,0.5575,0.577639751552795,0.744,0.6503496503496503,0.6,0.774437427520752
"12,19,3,19,6,13,8,16,6,11,2,4,17,0,20",0.526,0.65,0.557,0.5190615835777126,0.708,0.5989847715736041,0.526,2.3519229888916016
"6,4,18,5,4,16,23,17,13,16,17,13,18,0,11",0.506,0.71,0.5569999999999999,0.5283018867924528,0.112,0.1848184818481848,0.506,1.3419435024261475
"18,17,16,1,0,16,11,5,13,18,6,13,13,20,5",0.512,0.69,0.5565,0.5076142131979695,0.8,0.6211180124223602,0.512,1.0531272888183594
"8,7,3,22,15,13,11,16,0,9,18,14,5,22,7",0.572,0.51,0.5565,0.5638297872340425,0.636,0.5977443609022557,0.5720000000000001,0.7158498764038086
"6,14,14,0,17,15,13,20,0,10,21,3,10,22,11",0.498,0.73,0.556,0.49814126394052044,0.536,0.5163776493256262,0.498,0.7872195243835449
"16,13,0,19,5,14,1,10,5,5,23,6,9,14,21",0.528,0.64,0.556,0.5193370165745856,0.752,0.6143790849673203,0.528,0.7640199661254883
"22,16,15,8,1,4,16,5,15,9,8,0,13,14,4",0.558,0.55,0.556,0.6355140186915887,0.272,0.38095238095238093,0.558,0.801969051361084
"18,4,1,8,19,2,0,11,15,13,21,15,20,14,11",0.548,0.58,0.5559999999999999,0.5267857142857143,0.944,0.6762177650429799,0.5479999999999999,0.9189903736114502
"6,14,22,4,6,0,6,13,13,10,17,16,17,23,8",0.484,0.77,0.5555,0.48984771573604063,0.772,0.5993788819875776,0.484,0.7785243988037109
"19,15,2,7,19,15,23,5,6,16,21,12,17,3,6",0.596,0.43,0.5545,0.5697674418604651,0.784,0.6599326599326599,0.596,1.2014133930206299
"8,22,7,0,8,14,1,1,14,19,8,10,1,7,7",0.546,0.58,0.5545,0.5539906103286385,0.472,0.509719222462203,0.546,0.7513444423675537
"5,9,21,10,13,19,3,4,14,5,9,12,9,20,5",0.516,0.67,0.5545,0.5363636363636364,0.236,0.3277777777777778,0.516,0.8673257827758789
"7,21,5,17,0,18,2,14,5,6,16,13,21,8,12",0.552,0.56,0.554,0.533678756476684,0.824,0.6477987421383647,0.552,0.8621666431427002
"17,13,0,8,11,14,0,8,14,0,12,13,4,11,21",0.528,0.63,0.5535,0.5212121212121212,0.688,0.593103448275862,0.528,0.7781586647033691
"13,13,10,5,10,19,0,2,18,16,8,6,7,21,5",0.528,0.63,0.5535,0.5284552845528455,0.52,0.5241935483870968,0.528,1.754643201828003
"8,10,10,8,10,22,0,14,3,22,15,20,10,18,18",0.574,0.49,0.553,0.5627118644067797,0.664,0.6091743119266055,0.5740000000000001,1.0958867073059082
"10,16,16,20,3,0,6,3,13,10,17,18,17,10,8",0.474,0.79,0.5529999999999999,0.4703196347031963,0.412,0.43923240938166314,0.474,1.0365498065948486
"14,4,16,4,6,0,6,13,13,10,14,18,17,23,8",0.46,0.83,0.5525,0.4621212121212121,0.488,0.47470817120622566,0.45999999999999996,0.8358988761901855
"22,11,18,8,23,6,2,6,6,3,1,12,7,10,9",0.57,0.5,0.5525,0.5487465181058496,0.788,0.6469622331691297,0.5700000000000001,0.725252628326416
"11,8,5,12,2,18,17,16,1,0,16,11,5,13,18",0.54,0.59,0.5525,0.6111111111111112,0.22,0.3235294117647059,0.54,0.9069256782531738
"14,4,16,5,11,16,12,19,11,23,17,13,18,0,11",0.52,0.65,0.5525,0.8571428571428571,0.048,0.09090909090909091,0.52,0.7390110492706299
"17,13,10,9,5,8,18,8,1,12,21,4,5,7,19",0.556,0.54,0.552,0.5341463414634147,0.876,0.6636363636363637,0.556,0.7388131618499756
"6,4,18,19,4,16,18,17,1,8,5,13,15,0,11",0.506,0.69,0.552,0.5230769230769231,0.136,0.21587301587301588,0.506,2.2609853744506836
"11,11,22,10,4,16,10,4,23,9,13,10,15,2,9",0.546,0.57,0.552,0.5705521472392638,0.372,0.45036319612590797,0.546,0.7063210010528564
"8,14,7,3,1,13,8,16,15,22,4,10,15,14,19",0.572,0.49,0.5515000000000001,0.5592105263157895,0.68,0.6137184115523465,0.5720000000000001,0.856245756149292
"18,8,1,12,21,4,5,7,19,8,4,1,6,3,3",0.542,0.58,0.5515000000000001,0.5272727272727272,0.812,0.6393700787401575,0.542,0.8246963024139404
"15,13,9,17,6,19,10,6,8,22,12,21,8,10,10",0.492,0.73,0.5515,0.4857142857142857,0.272,0.3487179487179487,0.492,1.0473313331604004
"13,15,13,7,4,17,12,10,3,22,8,22,7,0,8",0.502,0.7,0.5515,0.5013192612137203,0.76,0.604133545310016,0.502,0.7496852874755859
"13,12,9,2,6,17,15,8,22,10,12,7,9,19,10",0.538,0.59,0.551,0.531986531986532,0.632,0.5776965265082267,0.538,0.7665214538574219
"2,16,5,10,15,11,23,5,5,3,10,14,12,9,5",0.528,0.62,0.551,0.5176767676767676,0.82,0.6346749226006192,0.528,0.6788272857666016
"5,4,7,15,17,6,3,4,2,23,14,12,7,19,7",0.548,0.56,0.551,0.5983606557377049,0.292,0.3924731182795699,0.548,0.8276643753051758
"9,14,9,15,17,9,17,18,10,15,17,19,15,14,8",0.544,0.57,0.5505,0.5329341317365269,0.712,0.6095890410958904,0.544,1.4044082164764404
"6,16,16,4,6,0,6,13,13,10,17,18,17,23,8",0.5,0.7,0.55,0.5,0.968,0.659400544959128,0.5,1.2625863552093506
"13,2,18,15,15,5,18,18,8,4,6,5,13,8,17",0.56,0.52,0.55,0.5342465753424658,0.936,0.6802325581395349,0.56,1.156447410583496
"16,0,8,13,15,13,7,4,17,12,10,3,22,8,22",0.5,0.7,0.55,0.5,0.952,0.6556473829201102,0.5,0.7624208927154541
"18,14,3,18,8,20,5,5,12,19,0,1,14,6,4",0.5,0.7,0.55,0.5,0.804,0.6165644171779141,0.5,0.8697812557220459
"16,1,0,16,11,5,13,18,6,13,13,20,5,14,13",0.51,0.67,0.55,0.509090909090909,0.56,0.5333333333333333,0.51,0.7887053489685059
"8,12,10,22,17,12,16,15,8,8,2,5,1,19,6",0.57,0.49,0.55,0.5581395348837209,0.672,0.6098003629764065,0.5700000000000001,0.7699286937713623
"19,8,10,1,7,7,11,15,8,5,1,13,19,2,7",0.536,0.59,0.5495,0.5217391304347826,0.864,0.6506024096385542,0.536,0.9516119956970215
"16,21,16,10,8,19,4,7,11,0,18,1,18,19,5",0.548,0.55,0.5485,0.5379746835443038,0.68,0.6007067137809188,0.548,2.2886483669281006
"7,4,14,18,4,1,8,19,2,0,11,15,13,21,15",0.578,0.46,0.5485,0.5942028985507246,0.492,0.5382932166301969,0.5780000000000001,0.8584673404693604
"17,6,19,10,6,8,22,12,21,8,10,10,8,10,22",0.424,0.92,0.548,0.2840909090909091,0.1,0.14792899408284024,0.424,1.1646502017974854
"16,6,3,22,12,3,16,21,16,10,8,19,4,7,11",0.494,0.71,0.548,0.4935064935064935,0.456,0.47401247401247404,0.494,0.9813661575317383
"0,16,15,12,3,10,19,15,0,13,0,9,7,19,10",0.454,0.83,0.548,0.4530612244897959,0.444,0.4484848484848485,0.454,0.7807538509368896
"11,4,3,3,4,12,5,6,12,4,14,19,14,2,10",0.494,0.71,0.548,0.4964028776978417,0.828,0.6206896551724138,0.494,0.7040538787841797
"6,4,0,5,4,16,12,17,11,23,17,13,18,0,11",0.504,0.68,0.548,0.5025252525252525,0.796,0.6160990712074303,0.504,0.7003819942474365
"8,1,6,23,8,3,14,16,1,13,14,0,10,20,14",0.56,0.51,0.5475000000000001,0.5568181818181818,0.588,0.5719844357976653,0.56,0.793586254119873
"14,1,7,22,15,15,15,19,5,18,18,9,3,15,20",0.58,0.45,0.5475000000000001,0.5581395348837209,0.768,0.6464646464646465,0.5800000000000001,2.2289023399353027
"16,12,14,11,15,3,22,13,10,14,17,18,19,0,13",0.48,0.75,0.5475,0.4780701754385965,0.436,0.4560669456066946,0.48,1.8488452434539795
"10,13,12,8,21,2,5,13,1,2,16,18,3,12,4",0.51,0.66,0.5475,0.5077399380804953,0.656,0.5724258289703316,0.51,0.8105158805847168
"10,4,9,9,19,2,10,16,0,0,3,11,10,8,13",0.526,0.61,0.547,0.5150115473441108,0.892,0.6530014641288433,0.526,0.8371720314025879
"0,10,20,14,2,10,18,4,5,2,3,6,3,0,6",0.536,0.58,0.547,0.5304054054054054,0.628,0.575091575091575,0.536,0.790092945098877
"19,4,18,5,4,16,18,17,1,8,5,13,15,0,11",0.416,0.94,0.547,0.3917525773195876,0.304,0.34234234234234234,0.41600000000000004,2.1534643173217773
"6,4,16,4,17,16,12,4,11,23,1,13,18,0,7",0.466,0.79,0.5469999999999999,0.4740061162079511,0.62,0.537261698440208,0.46599999999999997,0.8417999744415283
"12,10,19,5,5,19,15,12,11,15,17,16,4,17,5",0.496,0.7,0.5469999999999999,0.4964285714285714,0.556,0.5245283018867924,0.496,2.442307949066162
"14,6,12,7,23,8,11,2,4,5,16,21,17,13,2",0.522,0.62,0.5465,0.5134474327628362,0.84,0.637329286798179,0.522,1.1082792282104492
"13,8,16,6,11,2,4,17,0,20,14,20,14,16,18",0.542,0.56,0.5465,0.7560975609756098,0.124,0.21305841924398625,0.542,0.8321022987365723
"5,6,10,23,13,17,11,12,6,3,3,8,2,13,11",0.532,0.59,0.5465,0.5851063829787234,0.22,0.31976744186046513,0.532,0.7432956695556641
"10,2,16,5,10,15,11,23,5,5,3,10,14,12,9",0.508,0.66,0.546,0.51,0.408,0.4533333333333333,0.508,0.7679171562194824
"14,4,18,5,4,16,12,17,13,23,17,13,18,0,11",0.458,0.81,0.546,0.3018867924528302,0.064,0.10561056105610561,0.45799999999999996,0.8619794845581055
"5,23,12,13,14,10,2,16,5,10,15,11,23,5,5",0.538,0.57,0.546,0.5236907730673317,0.84,0.6451612903225806,0.538,0.7928459644317627
"16,6,17,21,12,20,11,8,5,1,15,12,18,15,11",0.588,0.42,0.5459999999999999,0.5691823899371069,0.724,0.6373239436619719,0.588,0.8142597675323486
"14,16,0,3,1,10,13,12,8,21,2,5,13,1,2",0.544,0.55,0.5455000000000001,0.5670731707317073,0.372,0.4492753623188406,0.544,0.7882187366485596
"10,21,15,20,6,10,9,13,7,7,21,12,3,10,8",0.504,0.67,0.5455,0.5021186440677966,0.948,0.6565096952908587,0.504,0.7172715663909912
"17,5,18,7,4,2,16,4,1,11,4,13,15,0,12",0.55,0.53,0.545,0.5287356321839081,0.92,0.6715328467153284,0.55,0.892981767654419
"12,17,10,20,15,14,0,14,10,18,13,18,15,3,3",0.53,0.59,0.545,0.5471698113207547,0.348,0.4254278728606357,0.53,0.7718768119812012
"17,16,18,4,6,16,10,13,13,9,13,13,15,13,9",0.41,0.95,0.5449999999999999,0.4316109422492401,0.568,0.4905008635578584,0.41,0.9042913913726807
"11,9,0,23,4,9,10,4,23,9,13,9,9,20,5",0.516,0.63,0.5445,0.5088105726872246,0.924,0.65625,0.516,0.6752910614013672
"7,13,2,4,1,22,9,6,6,13,23,15,14,3,6",0.546,0.54,0.5445,0.5356037151702786,0.692,0.6038394415357766,0.546,0.7072343826293945
"12,3,16,21,16,10,8,19,4,7,11,0,18,1,18",0.526,0.6,0.5445,0.5822784810126582,0.184,0.2796352583586626,0.526,1.3955576419830322
"19,13,3,21,13,18,14,15,4,13,12,9,2,6,17",0.522,0.61,0.544,0.5128205128205128,0.88,0.6480117820324006,0.522,0.9073753356933594
"8,5,17,12,3,14,22,13,11,9,9,3,23,11,3",0.562,0.49,0.544,0.5555555555555556,0.62,0.5860113421550095,0.562,0.7602424621582031
"13,21,8,12,10,22,17,12,16,15,8,8,2,5,1",0.512,0.64,0.544,0.5141509433962265,0.436,0.47186147186147187,0.512,0.837876558303833
"3,12,17,10,20,15,14,0,14,10,18,13,18,15,3",0.538,0.56,0.5435000000000001,0.5267605633802817,0.748,0.6181818181818182,0.538,0.7990045547485352
"13,23,0,0,17,15,2,16,13,5,1,23,12,6,3",0.558,0.5,0.5435,0.5828571428571429,0.408,0.48,0.5579999999999999,0.7401130199432373
"7,17,18,5,6,9,23,13,23,15,0,7,19,8,5",0.534,0.57,0.543,0.5210918114143921,0.84,0.6431852986217458,0.534,0.8628630638122559
"10,18,13,18,15,3,3,11,9,8,2,18,19,8,10",0.514,0.63,0.543,0.5251798561151079,0.292,0.37532133676092544,0.514,1.729891061782837
"5,18,8,13,3,11,7,5,18,8,2,19,17,6,8",0.544,0.54,0.543,0.5272277227722773,0.852,0.6513761467889908,0.544,1.0552127361297607
"12,22,15,8,13,11,23,12,7,9,10,3,3,16,12",0.624,0.3,0.5429999999999999,0.6083916083916084,0.696,0.6492537313432836,0.624,0.705225944519043
"22,5,1,15,23,10,12,21,13,5,13,21,15,4,1",0.56,0.49,0.5425,0.5405405405405406,0.8,0.6451612903225806,0.56,0.7711098194122314
"5,4,7,5,6,16,12,13,11,23,17,13,18,0,11",0.54,0.55,0.5425,0.5847457627118644,0.276,0.375,0.54,0.7957239151000977
"5,16,7,22,17,6,3,17,2,23,14,11,18,0,7",0.52,0.61,0.5425,0.55,0.22,0.3142857142857143,0.52,0.9178743362426758
"17,14,5,18,3,3,12,16,11,23,17,17,18,6,4",0.43,0.88,0.5425,0.4248927038626609,0.396,0.40993788819875776,0.43000000000000005,1.0717339515686035
"0,9,12,23,15,19,2,17,5,11,9,10,14,23,1",0.52,0.61,0.5425,0.5165562913907285,0.624,0.5652173913043478,0.52,1.1703855991363525
"3,18,8,20,5,5,12,19,0,1,14,6,4,6,7",0.536,0.56,0.542,0.59375,0.228,0.32947976878612717,0.536,0.7938137054443359
"18,13,18,15,3,3,11,9,8,2,18,19,8,10,23",0.476,0.74,0.542,0.47761194029850745,0.512,0.4942084942084942,0.476,1.7136874198913574
"14,20,15,19,11,0,4,21,13,10,8,1,18,11,0",0.546,0.53,0.542,1.0,0.092,0.1684981684981685,0.546,0.7797846794128418
"9,5,21,0,17,3,6,22,15,2,1,12,1,5,13",0.536,0.56,0.542,0.5346153846153846,0.556,0.5450980392156862,0.536,0.7376854419708252
"0,3,1,10,13,12,8,21,2,5,13,1,2,16,18",0.556,0.5,0.5419999999999999,0.75,0.168,0.27450980392156865,0.5559999999999999,0.7141993045806885
"11,2,4,5,16,21,17,13,2,14,10,16,4,12,11",0.502,0.66,0.5415,0.5023923444976076,0.42,0.45751633986928103,0.502,1.060776948928833
"14,21,14,11,19,8,9,12,19,3,19,6,13,8,16",0.454,0.8,0.5405,0.45878136200716846,0.512,0.4839319470699433,0.454,2.407255172729492
"9,6,4,0,19,8,6,1,18,19,19,4,18,2,16",0.524,0.59,0.5405,0.5127659574468085,0.964,0.6694444444444444,0.524,4.225574970245361
"9,4,17,0,3,12,9,10,22,12,5,22,2,12,1",0.54,0.54,0.54,0.5214592274678111,0.972,0.6787709497206704,0.54,0.6767802238464355
"5,9,17,5,13,19,3,4,14,5,9,12,9,20,5",0.496,0.67,0.5395,0.4930555555555556,0.284,0.3604060913705584,0.496,0.7868061065673828
"18,3,16,5,14,23,7,21,12,14,4,3,8,7,9",0.492,0.68,0.5389999999999999,0.4925925925925926,0.532,0.5115384615384615,0.492,0.8829715251922607
"11,14,2,12,17,1,15,7,7,1,2,13,16,23,17",0.538,0.54,0.5385,0.5203426124197003,0.972,0.6778242677824268,0.538,1.1012775897979736
"13,9,1,21,1,12,17,22,10,11,8,11,13,0,4",0.524,0.58,0.538,0.5138248847926268,0.892,0.652046783625731,0.524,0.779059648513794
"14,5,21,14,8,7,7,4,14,1,2,3,3,5,3",0.534,0.55,0.538,0.6491228070175439,0.148,0.24104234527687296,0.534,0.8017392158508301
"0,11,1,14,3,8,1,6,23,8,3,14,16,1,13",0.554,0.49,0.538,0.5345268542199488,0.836,0.6521060842433697,0.554,0.6892552375793457
"12,14,19,14,11,7,4,15,4,23,8,19,8,8,18",0.52,0.59,0.5375000000000001,0.5714285714285714,0.16,0.25,0.52,0.8712999820709229
"4,6,14,11,16,4,23,5,13,0,3,13,1,12,11",0.54,0.53,0.5375000000000001,0.9166666666666666,0.088,0.16058394160583941,0.54,0.7468430995941162
"4,13,12,9,2,6,17,15,8,22,10,12,7,9,19",0.56,0.47,0.5375000000000001,0.5428571428571428,0.76,0.6333333333333333,0.56,0.7871873378753662
"11,3,0,4,6,9,10,13,23,9,13,9,15,13,5",0.53,0.56,0.5375000000000001,0.5330396475770925,0.484,0.5073375262054507,0.53,0.6367900371551514
"6,6,18,5,4,16,18,17,1,8,5,13,15,0,11",0.5,0.65,0.5375,0.5,0.232,0.31693989071038253,0.5,1.131253719329834
"11,5,14,5,2,11,5,12,12,4,14,5,14,11,14",0.49,0.68,0.5375,0.48299319727891155,0.284,0.35768261964735515,0.49,0.6971251964569092
"3,12,13,12,5,3,6,10,6,1,22,16,15,8,1",0.526,0.57,0.537,0.5656565656565656,0.224,0.3209169054441261,0.526,0.6877951622009277
"13,10,17,10,10,11,1,14,11,17,21,8,6,2,16",0.566,0.45,0.537,0.5492537313432836,0.736,0.629059829059829,0.5660000000000001,0.7803876399993896
"4,15,4,23,8,19,8,8,18,9,2,19,12,19,9",0.486,0.69,0.5369999999999999,0.4808743169398907,0.352,0.4064665127020785,0.486,0.7737410068511963
"9,4,4,11,3,9,12,19,16,15,5,23,12,13,14",0.522,0.58,0.5365,0.5113871635610766,0.988,0.6739427012278308,0.522,0.7901723384857178
"5,10,15,11,23,5,5,3,10,14,12,9,5,2,13",0.492,0.67,0.5365,0.4830508474576271,0.228,0.30978260869565216,0.492,0.6956558227539062
"9,10,19,6,5,13,2,3,17,7,4,8,14,7,3",0.532,0.55,0.5365,0.5350877192982456,0.488,0.5104602510460251,0.532,0.8098983764648438
"14,6,18,4,6,16,18,13,1,8,5,13,15,13,11",0.478,0.71,0.536,0.28,0.028,0.05090909090909091,0.47800000000000004,0.8815391063690186
"16,9,11,3,5,10,19,1,14,6,12,7,23,8,11",0.508,0.62,0.536,0.5196078431372549,0.212,0.30113636363636365,0.508,0.8723387718200684
"14,10,18,13,18,15,3,3,11,9,8,2,18,19,8",0.508,0.62,0.536,0.5114942528735632,0.356,0.419811320754717,0.508,1.7160966396331787
"17,10,20,15,14,0,14,10,18,13,18,15,3,3,11",0.464,0.75,0.5355,0.4224137931034483,0.196,0.2677595628415301,0.46399999999999997,0.7638020515441895
"12,3,4,15,20,8,2,11,7,18,17,9,16,5,9",0.504,0.63,0.5355,0.506578947368421,0.308,0.38308457711442784,0.504,0.8855385780334473
"5,11,10,10,4,16,9,11,3,5,10,19,1,14,6",0.524,0.57,0.5355,0.6071428571428571,0.136,0.2222222222222222,0.524,0.843327522277832
"4,6,14,14,0,17,15,13,20,0,10,21,3,10,22",0.44,0.82,0.5349999999999999,0.41935483870967744,0.312,0.3577981651376147,0.43999999999999995,0.770805835723877
"19,6,13,8,16,6,11,2,4,17,0,20,14,20,14",0.486,0.68,0.5345,0.3793103448275862,0.044,0.07885304659498207,0.48600000000000004,0.8496041297912598
"9,19,10,0,6,22,9,19,1,0,13,11,4,10,14",0.526,0.56,0.5345,0.5142231947483589,0.94,0.6647807637906648,0.526,0.8466212749481201
"20,3,13,13,15,2,12,12,22,15,8,13,11,23,12",0.546,0.5,0.5345,0.896551724137931,0.104,0.1863799283154122,0.546,0.7641730308532715
"4,15,6,3,20,9,22,16,14,11,4,12,18,9,8",0.486,0.68,0.5345,0.4925053533190578,0.92,0.6415620641562064,0.48600000000000004,0.8585491180419922
"10,15,1,19,5,0,11,10,15,9,6,4,0,19,8",0.492,0.66,0.534,0.49065420560747663,0.42,0.4525862068965517,0.492,0.7362720966339111
"3,8,8,10,5,23,8,17,6,13,3,7,0,17,0",0.522,0.57,0.534,0.5135135135135135,0.836,0.6362252663622526,0.522,0.7456662654876709
"12,7,16,14,6,7,7,12,11,11,8,3,3,1,12",0.522,0.57,0.534,0.582089552238806,0.156,0.24605678233438485,0.522,0.6950674057006836
"9,5,8,18,8,1,12,21,4,5,7,19,8,4,1",0.532,0.54,0.534,0.5268456375838926,0.628,0.572992700729927,0.532,0.6830387115478516
"4,6,5,13,8,17,17,9,6,8,7,20,2,1,9",0.558,0.46,0.5335000000000001,0.6090225563909775,0.324,0.42297650130548303,0.558,0.7545349597930908
"12,6,3,3,8,2,13,11,3,22,9,3,3,12,16",0.538,0.52,0.5335000000000001,0.7878787878787878,0.104,0.18374558303886926,0.538,0.6766226291656494
"10,12,5,22,1,7,9,23,4,8,3,14,15,4,9",0.508,0.61,0.5335000000000001,0.5104166666666666,0.392,0.4434389140271493,0.508,0.6764729022979736
"9,0,4,6,14,14,0,17,15,13,20,0,10,21,3",0.514,0.59,0.533,0.5087281795511222,0.816,0.6267281105990783,0.514,0.6836223602294922
"8,20,5,5,12,19,0,1,14,6,4,6,7,8,7",0.534,0.53,0.533,0.5395348837209303,0.464,0.4989247311827957,0.534,0.8573369979858398
"13,10,16,1,1,14,0,0,12,19,10,13,10,17,11",0.504,0.62,0.533,0.5063291139240507,0.32,0.39215686274509803,0.504,0.7440319061279297
"23,2,6,9,10,14,8,20,11,8,11,10,14,4,18",0.554,0.47,0.533,0.5376044568245125,0.772,0.6338259441707718,0.554,0.9435045719146729
"9,2,7,0,14,19,8,10,21,11,2,20,3,8,10",0.534,0.53,0.533,0.5219638242894057,0.808,0.6342229199372057,0.534,0.7993669509887695
"4,1,9,13,16,1,18,11,17,5,6,4,22,8,14",0.54,0.51,0.5325,0.5223214285714286,0.936,0.670487106017192,0.54,0.7445685863494873
"2,8,10,0,13,0,2,1,4,4,15,2,1,1,13",0.532,0.53,0.5315000000000001,0.5169491525423728,0.976,0.6759002770083102,0.532,0.6596293449401855
"10,17,10,10,11,1,14,11,17,21,8,6,2,16,3",0.532,0.53,0.5315000000000001,0.6025641025641025,0.188,0.2865853658536585,0.532,0.7762150764465332
"5,13,8,12,9,9,14,10,11,4,21,2,9,13,7",0.512,0.59,0.5315,0.5068181818181818,0.892,0.6463768115942029,0.512,0.749828577041626
"10,12,7,9,19,10,0,6,22,9,19,1,0,13,11",0.508,0.6,0.531,0.5208333333333334,0.2,0.28901734104046245,0.508,0.7975037097930908
"6,14,22,4,16,0,6,12,13,10,17,16,17,23,16",0.484,0.67,0.5305,0.42592592592592593,0.092,0.1513157894736842,0.484,1.1196537017822266
"11,7,18,17,9,16,5,9,1,2,8,1,21,7,17",0.534,0.52,0.5305,0.5527950310559007,0.356,0.43309002433090027,0.534,0.8741393089294434
"0,17,15,2,16,13,5,1,23,12,6,3,1,11,22",0.53,0.53,0.53,0.5156576200417536,0.988,0.6776406035665294,0.53,0.770298957824707
"9,12,23,15,19,2,17,5,11,9,10,14,23,1,5",0.54,0.5,0.53,0.545045045045045,0.484,0.5127118644067796,0.54,1.2006139755249023
"14,11,19,8,9,12,19,3,19,6,13,8,16,6,11",0.536,0.51,0.5295000000000001,0.5391304347826087,0.496,0.5166666666666667,0.536,2.415146589279175
"21,15,20,3,10,9,3,7,7,21,12,3,10,23,16",0.546,0.48,0.5295000000000001,0.7555555555555555,0.136,0.2305084745762712,0.546,0.9077394008636475
"17,16,1,0,16,11,5,13,18,6,13,13,20,5,14",0.516,0.57,0.5295000000000001,0.5289855072463768,0.292,0.37628865979381443,0.516,0.8026728630065918
"12,7,17,21,6,1,4,16,1,3,15,5,14,3,0",0.526,0.54,0.5295000000000001,0.5747126436781609,0.2,0.29673590504451036,0.526,1.3459203243255615
"12,11,11,17,22,16,12,18,18,6,5,7,0,12,3",0.456,0.75,0.5295000000000001,0.4566929133858268,0.464,0.4603174603174603,0.456,1.2080483436584473
"8,20,14,0,6,2,0,4,9,10,20,3,9,0,4",0.522,0.55,0.529,0.5135135135135135,0.836,0.6362252663622526,0.522,0.6080367565155029
"4,16,5,15,9,8,0,13,14,4,2,9,2,19,4",0.528,0.53,0.5285,0.5261194029850746,0.564,0.5444015444015444,0.528,0.6968894004821777
"16,1,13,14,0,10,20,14,2,10,18,4,5,2,3",0.544,0.48,0.528,0.5345911949685535,0.68,0.5985915492957746,0.544,0.7799584865570068
"21,0,11,0,16,5,22,4,17,17,15,6,12,14,7",0.454,0.75,0.528,0.45993031358885017,0.528,0.49162011173184356,0.454,0.9741733074188232
"6,12,4,23,10,14,9,4,4,11,3,9,12,19,16",0.5,0.61,0.5275,0.5,0.404,0.4469026548672566,0.5,0.8949992656707764
"15,10,7,18,0,4,2,13,12,22,3,4,1,8,7",0.536,0.5,0.527,0.5230769230769231,0.816,0.6375,0.536,0.8715000152587891
"18,17,11,13,9,1,21,1,12,17,22,10,11,8,11",0.546,0.47,0.527,0.532394366197183,0.756,0.6247933884297521,0.546,0.99118971824646
"6,11,18,5,18,16,12,17,11,23,17,13,19,0,11",0.476,0.68,0.527,0.46629213483146065,0.332,0.3878504672897196,0.476,1.2313292026519775
"6,14,11,16,4,23,5,13,0,3,13,1,12,11,23",0.482,0.66,0.5265000000000001,0.45161290322580644,0.168,0.24489795918367346,0.48200000000000004,0.7433028221130371
"4,10,14,20,7,13,2,4,1,22,9,6,6,13,23",0.522,0.54,0.5265,0.5284974093264249,0.408,0.4604966139954853,0.522,0.7020180225372314
"17,9,0,0,22,10,21,15,20,3,10,9,3,7,7",0.492,0.63,0.5265,0.48507462686567165,0.26,0.3385416666666667,0.492,0.730299711227417
"19,9,22,11,6,1,3,2,3,9,3,19,9,7,20",0.538,0.49,0.526,0.5236907730673317,0.84,0.6451612903225806,0.538,0.8846564292907715
"0,14,10,18,13,18,15,3,3,11,9,8,2,18,19",0.548,0.46,0.526,0.5612244897959183,0.44,0.49327354260089684,0.548,1.6452972888946533
"15,18,17,11,13,9,1,21,1,12,17,22,10,11,8",0.528,0.52,0.526,0.5180412371134021,0.804,0.6300940438871473,0.528,0.9603824615478516
"5,0,15,21,13,13,10,5,10,19,0,2,18,16,8",0.444,0.77,0.5255000000000001,0.42783505154639173,0.332,0.3738738738738739,0.44400000000000006,1.812973976135254
"14,13,13,14,5,23,7,7,3,9,23,16,16,17,0",0.504,0.59,0.5255,0.51,0.204,0.2914285714285714,0.504,0.7811322212219238
"8,4,6,5,13,8,17,17,9,6,8,7,20,2,1",0.53,0.51,0.525,0.5842696629213483,0.208,0.30678466076696165,0.53,0.7298798561096191
"0,9,3,10,4,19,3,10,14,5,9,12,9,20,5",0.51,0.57,0.525,0.5061728395061729,0.82,0.6259541984732825,0.51,0.6847245693206787
"3,21,12,3,10,18,16,20,10,13,18,15,13,5,9",0.51,0.57,0.525,0.8571428571428571,0.024,0.04669260700389105,0.51,0.8288230895996094
"21,10,13,0,12,10,15,22,15,13,2,4,4,19,2",0.522,0.53,0.524,0.5115303983228512,0.976,0.671251719394773,0.522,0.7663669586181641
"18,18,8,4,6,5,13,8,17,17,9,6,8,7,20",0.478,0.66,0.5235000000000001,0.3333333333333333,0.044,0.07773851590106007,0.47800000000000004,1.239037275314331
"16,9,2,22,12,7,7,17,7,16,1,11,11,15,19",0.518,0.54,0.5235000000000001,0.5251396648044693,0.376,0.4382284382284382,0.518,0.855252742767334
"10,10,4,16,9,11,3,5,10,19,1,14,6,12,7",0.488,0.63,0.5235,0.484375,0.372,0.42081447963800905,0.488,0.7748339176177979
"7,5,18,8,2,19,17,6,8,9,15,15,17,20,10",0.544,0.46,0.523,0.5234042553191489,0.984,0.6833333333333333,0.544,1.024289608001709
"8,5,1,15,12,18,15,11,21,17,13,7,11,9,3",0.514,0.55,0.523,0.5155555555555555,0.464,0.4884210526315789,0.514,0.7708988189697266
"6,12,6,11,17,13,8,7,3,22,15,13,11,16,0",0.524,0.52,0.523,0.6304347826086957,0.116,0.19594594594594594,0.524,0.7965443134307861
"11,8,19,13,3,21,13,18,14,15,4,13,12,9,2",0.474,0.67,0.523,0.4831168831168831,0.744,0.5858267716535434,0.474,0.753960132598877
"18,8,20,5,5,12,19,0,1,14,6,4,6,7,8",0.49,0.62,0.5225,0.4358974358974359,0.068,0.11764705882352941,0.49,0.7983143329620361
"11,17,5,6,4,22,8,14,4,7,19,10,18,0,14",0.49,0.62,0.5225,0.0,0.0,0.0,0.49,0.7600727081298828
"13,23,0,0,4,15,2,4,13,5,1,23,12,6,5",0.5,0.59,0.5225,0.5,0.092,0.1554054054054054,0.5,0.618180513381958
"9,10,7,9,8,3,12,15,18,17,12,9,22,1,9",0.546,0.45,0.522,0.5454545454545454,0.552,0.5487077534791253,0.546,0.9008848667144775
"15,11,10,9,4,17,0,3,12,9,10,22,12,5,22",0.466,0.69,0.522,0.4772117962466488,0.712,0.5714285714285714,0.46599999999999997,0.7692728042602539
"19,8,3,14,12,8,22,3,12,5,16,11,0,19,6",0.506,0.57,0.522,0.5405405405405406,0.08,0.13937282229965156,0.506,0.8350481986999512
"11,4,7,23,4,6,3,10,2,23,14,12,7,23,7",0.506,0.57,0.522,0.504885993485342,0.62,0.5565529622980251,0.506,0.6348531246185303
"5,13,8,17,17,9,6,8,7,20,2,1,9,6,20",0.516,0.54,0.522,0.5465116279069767,0.188,0.27976190476190477,0.516,0.7432019710540771
"8,7,7,4,14,1,2,3,3,5,3,9,4,9,19",0.516,0.54,0.522,0.625,0.08,0.14184397163120568,0.516,0.6503822803497314
"2,7,2,0,14,15,20,15,16,2,1,16,13,3,10",0.532,0.49,0.5215000000000001,0.5169491525423728,0.976,0.6759002770083102,0.532,0.7541539669036865
"18,5,9,10,7,9,8,3,12,15,18,17,12,9,22",0.432,0.79,0.5215000000000001,0.4182692307692308,0.348,0.3799126637554585,0.432,0.9199459552764893
"10,14,18,5,9,10,7,9,8,3,12,15,18,17,12",0.498,0.59,0.521,0.4943820224719101,0.176,0.25958702064896755,0.498,0.9004776477813721
"10,19,0,6,0,7,17,13,10,9,5,8,18,8,1",0.528,0.5,0.521,0.5198863636363636,0.732,0.6079734219269103,0.528,0.7046496868133545
"9,9,8,2,14,12,16,14,14,2,13,3,4,22,15",0.508,0.56,0.521,0.5051546391752577,0.784,0.6144200626959248,0.508,0.7593286037445068
"13,5,4,5,2,0,21,9,13,12,7,17,21,6,1",0.538,0.47,0.521,0.5513513513513514,0.408,0.4689655172413793,0.538,0.8717813491821289
"12,19,9,1,4,17,10,17,19,0,2,16,6,4,9",0.498,0.59,0.521,0.4977578475336323,0.444,0.4693446088794926,0.498,1.2654085159301758
"1,3,2,3,9,3,19,9,7,20,9,0,3,9,15",0.534,0.48,0.5205,0.5182012847965739,0.968,0.6750348675034867,0.534,0.7439680099487305
"14,6,18,4,6,16,18,13,1,8,5,13,15,23,11",0.434,0.78,0.5205,0.4404332129963899,0.488,0.4629981024667932,0.434,0.9361510276794434
"11,14,3,4,6,0,6,13,13,10,17,16,17,23,8",0.464,0.69,0.5205,0.4625,0.444,0.4530612244897959,0.46399999999999997,0.7185025215148926
"22,7,21,2,14,8,11,2,21,8,10,14,13,0,14",0.514,0.54,0.5205,0.5084745762711864,0.84,0.6334841628959276,0.514,0.8269355297088623
"12,14,11,15,3,22,13,10,14,17,18,19,0,13,18",0.494,0.6,0.5205,0.4918032786885246,0.36,0.41570438799076215,0.494,1.948685884475708
"11,17,13,8,7,3,22,15,13,11,16,0,9,18,14",0.53,0.49,0.52,0.5175644028103045,0.884,0.6528803545051699,0.53,0.7991945743560791
"12,13,14,10,2,16,5,10,15,11,23,5,5,3,10",0.52,0.52,0.52,0.5260416666666666,0.404,0.45701357466063347,0.52,0.6966650485992432
"13,4,10,23,8,14,3,6,9,6,3,3,21,5,6",0.51,0.55,0.52,0.5056179775280899,0.9,0.6474820143884892,0.51,0.6337339878082275
"22,11,6,1,3,2,3,9,3,19,9,7,20,9,0",0.526,0.5,0.5195000000000001,0.5565217391304348,0.256,0.3506849315068493,0.526,0.6561625003814697
"9,3,20,4,14,5,3,17,6,2,14,9,22,8,4",0.526,0.5,0.5195000000000001,0.5149425287356322,0.896,0.654014598540146,0.526,0.7249250411987305
"21,5,16,5,10,5,8,18,0,12,12,12,16,9,21",0.496,0.59,0.5195,0.49793388429752067,0.964,0.6566757493188011,0.496,0.905372142791748
"13,11,6,19,19,8,17,14,21,14,11,19,8,9,12",0.432,0.78,0.5190000000000001,0.3671875,0.188,0.24867724867724866,0.43200000000000005,2.3873908519744873
"16,15,5,23,12,13,14,10,2,16,5,10,15,11,23",0.442,0.75,0.519,0.4403292181069959,0.428,0.4340770791075051,0.442,0.8548426628112793
"12,5,13,22,1,13,8,4,13,21,1,7,22,4,15",0.522,0.51,0.519,0.5662650602409639,0.188,0.2822822822822823,0.522,0.6680774688720703
"1,13,14,0,10,20,14,2,10,18,4,5,2,3,6",0.522,0.51,0.519,0.5113871635610766,0.988,0.6739427012278308,0.522,0.7951724529266357
"6,12,16,19,4,16,12,17,11,23,17,13,18,0,11",0.478,0.64,0.5185000000000001,0.2608695652173913,0.024,0.04395604395604396,0.47800000000000004,1.0002963542938232
"8,16,11,6,10,15,1,19,5,0,11,10,15,9,6",0.498,0.58,0.5185,0.4967741935483871,0.308,0.3802469135802469,0.498,0.7667841911315918
"16,12,21,13,23,0,0,17,15,2,16,13,5,1,23",0.488,0.61,0.5185,0.4921052631578947,0.748,0.5936507936507937,0.488,0.7799232006072998
"4,3,7,4,9,17,3,5,1,18,13,1,8,23,11",0.524,0.5,0.518,0.5124481327800829,0.988,0.674863387978142,0.524,1.0345513820648193
"19,15,14,8,5,6,5,2,6,4,6,22,7,3,15",0.534,0.47,0.518,0.5402843601895735,0.456,0.4945770065075922,0.534,0.9639320373535156
"14,12,16,14,14,2,13,3,4,22,15,4,13,18,4",0.474,0.65,0.518,0.47840531561461797,0.576,0.5226860254083484,0.474,0.8590011596679688
"11,16,1,16,18,19,12,7,20,15,13,1,8,12,1",0.52,0.51,0.5175000000000001,0.5110132158590308,0.928,0.6590909090909091,0.52,1.7432353496551514
"17,21,9,4,10,14,20,7,13,2,4,1,22,9,6",0.52,0.51,0.5175000000000001,0.5107758620689655,0.948,0.6638655462184874,0.52,0.7998654842376709
"9,7,10,0,13,17,17,7,18,17,11,16,5,7,19",0.5,0.57,0.5175000000000001,0.5,0.568,0.5318352059925093,0.5,0.9033718109130859
"4,5,3,21,12,3,10,18,16,20,10,13,18,15,13",0.5,0.57,0.5175000000000001,0.5,0.984,0.6630727762803235,0.5,0.8111429214477539
"9,19,12,12,15,11,13,18,15,11,6,17,10,12,11",0.46,0.69,0.5175000000000001,0.43506493506493504,0.268,0.3316831683168317,0.46,0.8379104137420654
"4,16,1,3,15,5,14,3,0,19,10,19,8,11,5",0.53,0.48,0.5175000000000001,0.5303643724696356,0.524,0.5271629778672032,0.53,0.72530198097229
"19,5,18,7,4,2,16,19,4,11,4,17,21,2,11",0.52,0.51,0.5175000000000001,0.75,0.06,0.1111111111111111,0.52,2.151580333709717
"6,11,16,4,6,16,12,13,13,23,17,13,18,13,9",0.496,0.58,0.517,0.47058823529411764,0.064,0.11267605633802817,0.496,0.7491011619567871
"6,11,16,4,6,16,12,13,11,23,17,10,18,13,9",0.506,0.55,0.517,0.5882352941176471,0.04,0.0749063670411985,0.506,0.7281930446624756
"19,6,12,0,3,23,2,8,10,7,6,20,4,10,12",0.462,0.68,0.5165,0.42748091603053434,0.224,0.29396325459317585,0.46199999999999997,0.8157219886779785
"4,13,18,3,16,5,14,23,7,21,12,14,4,3,8",0.462,0.68,0.5165,0.471976401179941,0.64,0.5432937181663837,0.46199999999999997,0.8538978099822998
"9,3,23,11,3,6,2,19,8,14,4,0,23,1,2",0.512,0.53,0.5165,0.5164835164835165,0.376,0.4351851851851852,0.512,0.7572274208068848
"8,9,3,13,10,22,16,14,4,6,14,23,1,3,3",0.502,0.56,0.5165,0.5081967213114754,0.124,0.19935691318327975,0.502,0.8096261024475098
"12,9,2,6,17,15,8,22,10,12,7,9,19,10,0",0.512,0.53,0.5165,0.8,0.032,0.06153846153846154,0.512,0.7404911518096924
"8,16,15,19,11,22,6,14,12,16,11,15,2,16,12",0.502,0.56,0.5165,0.5011655011655012,0.86,0.6332842415316642,0.502,0.7805659770965576
"11,15,13,21,15,20,14,11,5,18,9,3,13,7,14",0.452,0.71,0.5165,0.45555555555555555,0.492,0.47307692307692306,0.45199999999999996,0.7658827304840088
"8,8,16,11,6,10,15,1,19,5,0,11,10,15,9",0.498,0.57,0.516,0.49333333333333335,0.148,0.2276923076923077,0.498,0.8583700656890869
"21,14,11,19,8,9,12,19,3,19,6,13,8,16,6",0.518,0.51,0.516,0.6097560975609756,0.1,0.1718213058419244,0.518,2.5096218585968018
"0,4,10,18,14,4,19,2,10,0,11,16,23,7,6",0.498,0.57,0.516,0.4857142857142857,0.068,0.11929824561403508,0.498,0.8222005367279053
"12,3,10,19,15,0,13,0,9,7,19,10,16,22,13",0.478,0.63,0.516,0.44329896907216493,0.172,0.2478386167146974,0.478,0.8614215850830078
"15,3,12,13,12,5,3,6,10,6,1,22,16,15,8",0.518,0.51,0.516,0.68,0.068,0.12363636363636364,0.518,0.755842924118042
"23,2,11,15,8,10,10,7,0,23,11,8,19,12,5",0.478,0.63,0.516,0.4835820895522388,0.648,0.5538461538461539,0.478,0.9571778774261475
"5,0,1,10,20,8,5,17,12,3,14,22,13,11,9",0.518,0.51,0.516,0.5094339622641509,0.972,0.6685006877579092,0.518,0.6805768013000488
"1,22,14,12,11,18,1,10,5,4,4,2,8,8,16",0.514,0.52,0.5155000000000001,0.5074946466809421,0.948,0.6610878661087866,0.514,0.7583544254302979
"14,11,17,21,8,6,2,16,3,6,12,10,20,12,14",0.514,0.52,0.5155000000000001,0.6521739130434783,0.06,0.10989010989010989,0.514,0.771956205368042
"6,3,3,8,2,13,11,3,22,9,3,3,12,16,14",0.53,0.47,0.515,0.6744186046511628,0.116,0.19795221843003413,0.53,0.7067341804504395
"15,6,3,13,13,20,1,16,10,6,9,20,17,18,17",0.52,0.5,0.515,0.5120192307692307,0.852,0.6396396396396397,0.52,1.040586233139038
"6,17,21,12,20,11,8,5,1,15,12,18,15,11,21",0.546,0.42,0.5145000000000001,0.5389830508474577,0.636,0.5834862385321101,0.546,0.7371959686279297
"22,5,9,1,11,9,19,12,4,11,4,22,0,14,20",0.516,0.51,0.5145,0.508130081300813,1.0,0.6738544474393531,0.516,0.7034971714019775
"15,5,23,12,13,14,10,2,16,5,10,15,11,23,5",0.472,0.64,0.514,0.47058823529411764,0.448,0.45901639344262296,0.472,0.8167922496795654
"16,5,23,6,11,10,20,6,12,4,23,10,14,9,4",0.472,0.64,0.514,0.47928994082840237,0.648,0.5510204081632653,0.472,0.7174780368804932
"10,20,8,5,17,12,3,14,22,13,11,9,9,3,23",0.482,0.61,0.514,0.47337278106508873,0.32,0.3818615751789976,0.482,0.7082464694976807
"15,15,17,20,10,11,13,17,4,23,15,9,8,21,1",0.492,0.58,0.514,0.35714285714285715,0.02,0.03787878787878788,0.492,0.9622941017150879
"21,13,23,0,0,17,15,2,16,13,5,1,23,12,6",0.482,0.61,0.514,0.37142857142857144,0.052,0.0912280701754386,0.48200000000000004,0.6829895973205566
"5,13,22,1,13,8,4,13,21,1,7,22,4,15,20",0.512,0.52,0.514,0.5062761506276151,0.968,0.6648351648351648,0.512,0.7741131782531738
"23,12,2,8,20,7,14,11,15,21,1,12,6,17,16",0.528,0.47,0.5135000000000001,0.559322033898305,0.264,0.358695652173913,0.528,0.8858680725097656
"2,22,12,7,7,17,7,16,1,11,11,15,19,12,22",0.518,0.5,0.5135000000000001,0.5789473684210527,0.132,0.21498371335504887,0.518,0.8916187286376953
"21,14,16,0,3,1,10,13,12,8,21,2,5,13,1",0.508,0.53,0.5135000000000001,0.5087719298245614,0.464,0.48535564853556484,0.508,0.7783803939819336
"13,21,17,17,0,1,16,16,21,2,16,9,8,18,13",0.428,0.77,0.5135000000000001,0.4142857142857143,0.348,0.3782608695652174,0.428,1.1528820991516113
"10,4,2,22,5,9,1,11,9,19,12,4,11,4,22",0.484,0.6,0.513,0.4807692307692308,0.4,0.4366812227074236,0.484,0.7377545833587646
"8,10,17,14,5,21,14,8,7,7,4,14,1,2,3",0.494,0.57,0.513,0.4968684759916493,0.952,0.6529492455418381,0.494,0.7665045261383057
"15,11,23,5,5,3,10,14,12,9,5,2,13,11,19",0.504,0.54,0.513,0.5023696682464455,0.848,0.6309523809523809,0.504,0.7258617877960205
"10,4,10,9,13,0,10,12,7,23,13,20,11,13,20",0.51,0.52,0.5125,0.511520737327189,0.444,0.4753747323340471,0.51,0.7791769504547119
"11,0,16,5,22,4,17,17,15,6,12,14,7,19,10",0.5,0.55,0.5125,0.5,0.04,0.07407407407407407,0.5,0.8709290027618408
"21,17,13,7,11,9,3,0,15,3,0,18,9,18,11",0.46,0.67,0.5125,0.45726495726495725,0.428,0.44214876033057854,0.45999999999999996,1.1008422374725342
"3,14,16,1,13,14,0,10,20,14,2,10,18,4,5",0.52,0.49,0.5125,0.5595238095238095,0.188,0.281437125748503,0.52,0.7042522430419922
"5,9,4,5,15,3,12,13,12,5,3,6,10,6,1",0.52,0.49,0.5125,0.5609756097560976,0.184,0.27710843373493976,0.52,0.6845757961273193
"11,23,12,7,9,10,3,3,16,12,21,13,23,0,0",0.486,0.59,0.512,0.4920273348519362,0.864,0.6269956458635704,0.486,0.7358014583587646
"2,19,12,0,22,11,15,4,8,10,20,9,21,13,18",0.496,0.56,0.512,0.25,0.004,0.007874015748031496,0.496,0.8454408645629883
"5,6,6,8,9,0,17,5,18,14,3,18,8,20,5",0.516,0.5,0.512,0.524390243902439,0.344,0.41545893719806765,0.516,0.8924071788787842
"12,16,11,15,2,16,12,4,1,3,5,1,18,8,6",0.516,0.5,0.512,0.5081632653061224,0.996,0.672972972972973,0.516,0.7082779407501221
"12,7,9,10,3,3,16,12,21,13,23,0,0,17,15",0.512,0.51,0.5115000000000001,0.5060728744939271,1.0,0.6720430107526881,0.512,0.7083384990692139
"1,7,15,10,16,5,23,6,11,10,20,6,12,4,23",0.522,0.48,0.5115000000000001,0.6122448979591837,0.12,0.20066889632107024,0.522,0.7261173725128174
"9,2,22,12,7,7,17,7,16,1,11,11,15,19,12",0.512,0.51,0.5115000000000001,0.5060728744939271,1.0,0.6720430107526881,0.512,0.7919764518737793
"17,15,0,3,9,7,21,4,1,17,8,5,11,13,11",0.492,0.57,0.5115000000000001,0.4787234042553192,0.18,0.2616279069767442,0.492,0.7304134368896484
"10,5,4,4,2,8,8,16,11,6,10,15,1,19,5",0.512,0.51,0.5115000000000001,0.5384615384615384,0.168,0.25609756097560976,0.512,0.7907967567443848
"10,0,11,16,23,7,6,11,5,9,22,15,19,2,13",0.482,0.6,0.5115,0.49023861171366595,0.904,0.6357243319268636,0.482,0.8903720378875732
"13,9,17,6,19,10,6,8,22,12,21,8,10,10,8",0.482,0.6,0.5115,0.47513812154696133,0.344,0.3990719257540603,0.482,1.0426537990570068
"17,5,0,9,14,0,9,0,12,12,5,0,11,7,17",0.418,0.79,0.511,0.4080717488789238,0.364,0.3847780126849894,0.418,0.689612627029419
"15,8,10,10,7,0,23,11,8,19,12,5,16,7,23",0.428,0.76,0.511,0.43023255813953487,0.444,0.43700787401574803,0.428,0.8204231262207031
"11,6,19,19,8,17,14,21,14,11,19,8,9,12,19",0.484,0.59,0.5105000000000001,0.375,0.048,0.0851063829787234,0.48400000000000004,2.2854068279266357
"0,4,5,22,4,17,17,17,6,12,14,7,18,0,11",0.464,0.65,0.5105000000000001,0.3875,0.124,0.18787878787878787,0.464,0.856792688369751
"9,10,5,21,12,13,14,23,8,18,0,5,14,7,23",0.484,0.59,0.5105,0.47530864197530864,0.308,0.3737864077669903,0.484,0.7710225582122803
"8,9,17,13,0,8,11,14,0,8,14,0,12,13,4",0.494,0.56,0.5105,0.4906832298136646,0.316,0.3844282238442822,0.494,0.7309105396270752
"7,5,0,8,6,5,12,22,16,4,12,1,8,12,14",0.51,0.51,0.51,0.5675675675675675,0.084,0.14634146341463414,0.51,0.6835322380065918
"2,0,11,15,13,21,15,20,14,11,5,18,9,3,13",0.51,0.51,0.51,0.7777777777777778,0.028,0.05405405405405406,0.51,0.7718644142150879
"15,12,3,10,19,15,0,13,0,9,7,19,10,16,22",0.57,0.33,0.51,0.5555555555555556,0.7,0.6194690265486725,0.57,0.8288135528564453
"10,19,10,15,19,1,6,2,2,3,10,14,9,23,0",0.526,0.46,0.5095000000000001,0.5323383084577115,0.428,0.4745011086474501,0.526,1.1404106616973877
"1,22,9,2,7,0,14,19,8,10,21,11,2,20,3",0.506,0.52,0.5095000000000001,0.5333333333333333,0.096,0.16271186440677965,0.506,0.7150545120239258
"18,2,14,5,6,16,13,21,8,12,10,22,17,12,16",0.476,0.61,0.5095,0.47478991596638653,0.452,0.46311475409836067,0.476,0.8208596706390381
"10,18,14,4,19,2,10,0,11,16,23,7,6,11,5",0.502,0.53,0.509,0.5333333333333333,0.032,0.06037735849056604,0.502,0.8881585597991943
"7,13,23,2,6,14,9,8,4,3,2,11,12,12,15",0.502,0.53,0.509,0.5010060362173038,0.996,0.6666666666666666,0.502,0.7299256324768066
"14,18,4,1,8,19,2,0,11,15,13,21,15,20,14",0.528,0.45,0.5085,0.5555555555555556,0.28,0.3723404255319149,0.528,0.8592751026153564
"19,4,18,5,4,16,12,17,11,23,4,13,19,13,11",0.348,0.99,0.5085,0.30612244897959184,0.24,0.26905829596412556,0.348,2.0363500118255615
"7,0,8,14,1,1,14,19,8,10,1,7,7,11,15",0.494,0.55,0.508,0.496551724137931,0.864,0.6306569343065693,0.494,0.8411245346069336
"23,3,11,12,7,16,14,6,7,7,12,11,11,8,3",0.564,0.34,0.5079999999999999,0.5357142857142857,0.96,0.6876790830945558,0.564,0.7716522216796875
"3,11,8,5,12,2,18,17,16,1,0,16,11,5,13",0.5,0.53,0.5075000000000001,0.0,0.0,0.0,0.5,0.9748721122741699
"6,11,10,20,6,12,4,23,10,14,9,4,4,11,3",0.496,0.54,0.507,0.0,0.0,0.0,0.496,0.6921365261077881
"8,21,8,9,0,2,15,19,7,18,16,18,10,2,3",0.516,0.48,0.507,0.5106382978723404,0.768,0.6134185303514377,0.516,0.9065062999725342
"8,17,14,21,14,11,19,8,9,12,19,3,19,6,13",0.506,0.51,0.507,0.5063291139240507,0.48,0.4928131416837782,0.506,2.4857418537139893
"6,4,22,4,6,16,12,13,11,23,17,13,18,13,11",0.476,0.6,0.507,0.48739495798319327,0.928,0.6391184573002755,0.47600000000000003,0.6823267936706543
"17,10,10,11,1,14,11,17,21,8,6,2,16,3,6",0.486,0.57,0.507,0.45454545454545453,0.14,0.21406727828746178,0.486,0.7587027549743652
"22,7,1,5,0,7,11,14,2,17,20,4,2,3,3",0.502,0.52,0.5065,0.5238095238095238,0.044,0.08118081180811808,0.502,0.8104996681213379
"9,2,6,17,15,8,22,10,12,7,9,19,10,0,6",0.472,0.61,0.5065,0.48118279569892475,0.716,0.5755627009646302,0.472,0.7740554809570312
"21,17,17,0,1,16,16,21,2,16,9,8,18,13,19",0.512,0.49,0.5065,0.5066079295154186,0.92,0.6534090909090909,0.512,1.673187255859375
"15,1,5,11,10,10,4,16,9,11,3,5,10,19,1",0.492,0.55,0.5065,0.4887640449438202,0.348,0.40654205607476634,0.492,0.7674965858459473
"21,5,4,15,19,1,19,15,21,15,13,9,17,6,19",0.478,0.59,0.506,0.48135593220338985,0.568,0.5211009174311927,0.478,3.2393746376037598
"15,19,11,0,4,21,13,10,8,1,18,11,0,4,16",0.528,0.44,0.506,0.5148305084745762,0.972,0.6731301939058172,0.528,0.7912096977233887
"11,12,7,16,14,6,7,7,12,11,11,8,3,3,1",0.504,0.51,0.5055000000000001,0.5021186440677966,0.948,0.6565096952908587,0.504,0.688239336013794
"18,16,6,17,21,12,20,11,8,5,1,15,12,18,15",0.524,0.45,0.5055000000000001,0.5681818181818182,0.2,0.2958579881656805,0.524,0.9401693344116211
"4,15,20,8,2,11,7,18,17,9,16,5,9,1,2",0.504,0.51,0.5055000000000001,0.5833333333333334,0.028,0.05343511450381679,0.504,1.0331332683563232
"9,23,13,23,15,0,7,19,8,5,8,15,14,14,4",0.484,0.57,0.5055000000000001,0.21428571428571427,0.012,0.022727272727272728,0.484,0.7847709655761719
"7,9,9,8,2,14,12,16,14,14,2,13,3,4,22",0.514,0.48,0.5055000000000001,0.5074309978768577,0.956,0.6629680998613038,0.514,0.777132511138916
"11,0,18,1,18,19,5,15,19,15,1,10,1,9,21",0.454,0.66,0.5055,0.46546546546546547,0.62,0.5317324185248714,0.45399999999999996,2.4226510524749756
"3,3,8,2,13,11,3,22,9,3,3,12,16,14,19",0.51,0.49,0.505,0.505091649694501,0.992,0.6693657219973009,0.51,0.7641150951385498
"12,4,23,10,14,9,4,4,11,3,9,12,19,16,15",0.5,0.52,0.505,0.5,0.152,0.2331288343558282,0.5,0.9088423252105713
"1,14,6,12,7,23,8,11,2,4,5,16,21,17,13",0.5,0.52,0.505,0.0,0.0,0.0,0.5,1.0327117443084717
"22,12,0,0,13,7,11,7,21,9,17,10,8,8,12",0.53,0.43,0.505,0.5157894736842106,0.98,0.6758620689655173,0.53,0.7687201499938965
"12,5,14,4,3,5,21,7,17,18,5,6,9,23,13",0.526,0.44,0.5045000000000001,0.5184135977337111,0.732,0.6069651741293532,0.526,0.8341164588928223
"8,1,12,21,4,5,7,19,8,4,1,6,3,3,22",0.492,0.54,0.504,0.4956140350877193,0.904,0.6402266288951841,0.492,0.6538615226745605
"11,15,17,21,10,5,5,17,18,9,10,5,21,12,13",0.452,0.66,0.504,0.425,0.272,0.33170731707317075,0.452,0.979778528213501
"1,13,19,2,7,2,0,14,15,20,15,16,2,1,16",0.512,0.48,0.504,0.6,0.072,0.12857142857142856,0.512,0.8550612926483154
"3,9,16,6,3,22,12,3,16,21,16,10,8,19,4",0.508,0.49,0.5035000000000001,0.5046296296296297,0.872,0.6392961876832844,0.508,0.8937792778015137
"7,18,0,6,19,15,7,14,12,13,14,19,7,4,6",0.508,0.49,0.5035000000000001,0.5370370370370371,0.116,0.19078947368421054,0.508,1.761537790298462
"13,8,2,11,8,11,4,10,8,3,7,6,10,21,9",0.518,0.46,0.5035000000000001,0.5230769230769231,0.408,0.4584269662921348,0.518,0.7035791873931885
"23,9,5,21,0,17,3,6,22,15,2,1,12,1,5",0.498,0.52,0.5035000000000001,0.0,0.0,0.0,0.498,0.9201784133911133
"8,23,9,13,15,8,9,3,13,10,22,16,14,4,6",0.498,0.52,0.5035000000000001,0.46153846153846156,0.024,0.045627376425855515,0.498,0.9221692085266113
"4,9,9,19,2,10,16,0,0,3,11,10,8,13,4",0.478,0.58,0.5035,0.48172757475083056,0.58,0.5263157894736842,0.478,0.7494592666625977
"9,4,5,15,3,12,13,12,5,3,6,10,6,1,22",0.504,0.5,0.503,0.5147058823529411,0.14,0.22012578616352202,0.504,0.6202466487884521
"0,16,9,11,10,7,1,8,16,13,15,2,16,8,4",0.494,0.53,0.503,0.48484848484848486,0.192,0.27507163323782235,0.494,0.7622034549713135
"6,0,7,17,13,10,9,5,8,18,8,1,12,21,4",0.494,0.53,0.503,0.4968814968814969,0.956,0.6538987688098495,0.494,0.6956491470336914
"3,4,0,5,0,15,21,13,13,10,5,10,19,0,2",0.494,0.53,0.503,0.4969574036511156,0.98,0.6594885598923284,0.494,0.7958025932312012
"3,20,6,8,22,16,9,17,13,9,7,8,3,23,2",0.504,0.5,0.503,1.0,0.008,0.015873015873015872,0.504,0.7877840995788574
"21,10,2,6,23,15,12,13,8,2,11,8,11,4,10",0.494,0.53,0.503,0.2,0.004,0.00784313725490196,0.494,0.700641393661499
"12,7,7,7,5,22,12,0,0,13,7,11,7,21,9",0.504,0.5,0.503,0.5020080321285141,1.0,0.6684491978609626,0.504,0.7201483249664307
"14,2,22,14,5,18,3,3,15,16,11,11,14,17,19",0.46,0.63,0.5025000000000001,0.4358974358974359,0.272,0.33497536945812806,0.46,1.1737327575683594
"5,13,2,3,17,7,4,8,14,7,3,1,13,8,16",0.5,0.51,0.5025,0.5,0.152,0.2331288343558282,0.5,0.7321021556854248
"4,4,21,5,16,5,10,5,8,18,0,12,12,12,16",0.5,0.51,0.5025,0.5,1.0,0.6666666666666666,0.5,0.9278583526611328
"11,21,17,13,7,11,9,3,0,15,3,0,18,9,18",0.5,0.51,0.5025,0.0,0.0,0.0,0.5,0.6843299865722656
"11,3,9,12,19,16,15,5,23,12,13,14,10,2,16",0.49,0.54,0.5025,0.49303621169916434,0.708,0.5812807881773399,0.49,0.9581360816955566
"2,7,18,0,6,19,15,7,14,12,13,14,19,7,4",0.5,0.51,0.5025,0.5,1.0,0.6666666666666666,0.5,1.7214865684509277
"18,7,3,9,16,6,3,22,12,3,16,21,16,10,8",0.5,0.51,0.5025,0.0,0.0,0.0,0.5,0.9734117984771729
"22,10,21,15,20,3,10,9,3,7,7,21,12,3,10",0.506,0.49,0.502,1.0,0.012,0.023715415019762844,0.506,0.7719893455505371
"14,0,14,10,18,13,18,15,3,3,11,9,8,2,18",0.466,0.61,0.502,0.4421768707482993,0.26,0.327455919395466,0.466,0.8090455532073975
"17,11,13,9,1,21,1,12,17,22,10,11,8,11,13",0.486,0.55,0.502,0.4639175257731959,0.18,0.25936599423631124,0.486,0.8031861782073975
"1,11,23,13,23,7,19,13,1,7,15,10,16,5,23",0.502,0.5,0.5015000000000001,1.0,0.004,0.00796812749003984,0.502,0.7951619625091553
"3,1,10,13,12,8,21,2,5,13,1,2,16,18,3",0.502,0.5,0.5015000000000001,0.501002004008016,1.0,0.6675567423230975,0.502,0.7844321727752686
"4,18,2,16,4,5,7,9,14,8,7,9,9,8,2",0.412,0.77,0.5015000000000001,0.42567567567567566,0.504,0.46153846153846156,0.41200000000000003,0.8095061779022217
"4,10,12,5,22,1,7,9,23,4,8,3,14,15,4",0.492,0.53,0.5015000000000001,0.48360655737704916,0.236,0.3172043010752688,0.492,0.6500847339630127
"12,15,13,9,12,7,7,7,5,22,12,0,0,13,7",0.502,0.5,0.5015000000000001,1.0,0.004,0.00796812749003984,0.502,0.7134315967559814
"8,19,13,3,21,13,18,14,15,4,13,12,9,2,6",0.502,0.5,0.5015000000000001,0.5010060362173038,0.996,0.6666666666666666,0.502,0.6754875183105469
"4,4,11,3,9,12,19,16,15,5,23,12,13,14,10",0.462,0.62,0.5015000000000001,0.4326241134751773,0.244,0.31202046035805625,0.462,0.9048442840576172
"11,10,20,6,12,4,23,10,14,9,4,4,11,3,9",0.502,0.5,0.5015000000000001,0.6666666666666666,0.008,0.015810276679841896,0.502,0.7286131381988525
"10,1,7,7,11,15,8,5,1,13,19,2,7,2,0",0.522,0.44,0.5015000000000001,0.5390070921985816,0.304,0.3887468030690537,0.522,0.8499431610107422
"9,1,12,14,20,16,15,11,14,16,7,15,1,13,4",0.502,0.5,0.5015000000000001,0.5010752688172043,0.932,0.6517482517482518,0.502,0.7335464954376221
"15,12,18,15,11,21,17,13,7,11,9,3,0,15,3",0.572,0.29,0.5015000000000001,0.5491803278688525,0.804,0.6525974025974026,0.5720000000000001,0.7612838745117188
"23,0,0,17,15,2,16,13,5,1,23,12,6,3,1",0.502,0.5,0.5015000000000001,0.5010615711252654,0.944,0.6546463245492372,0.502,1.1477687358856201
"9,16,6,3,22,12,3,16,21,16,10,8,19,4,7",0.468,0.6,0.501,0.4703703703703704,0.508,0.48846153846153845,0.46799999999999997,0.8805673122406006
"6,12,18,5,4,16,12,17,11,23,17,13,19,13,11",0.498,0.51,0.501,0.0,0.0,0.0,0.498,0.7811095714569092
"7,3,9,16,6,3,22,12,3,16,21,16,10,8,19",0.498,0.51,0.501,0.4989429175475687,0.944,0.65283540802213,0.498,0.8951616287231445
"13,11,9,9,3,23,11,3,6,2,19,8,14,4,0",0.504,0.49,0.5005,0.5022421524663677,0.896,0.6436781609195402,0.504,0.7600641250610352
"5,21,0,17,3,6,22,15,2,1,12,1,5,13,6",0.5,0.5,0.5,0.5,1.0,0.6666666666666666,0.5,1.1821348667144775
"22,4,5,5,3,16,12,17,11,23,17,17,19,6,11",0.5,0.5,0.5,0.0,0.0,0.0,0.5,1.2737808227539062
"1,15,12,18,15,11,21,17,13,7,11,9,3,0,15",0.5,0.5,0.5,0.0,0.0,0.0,0.5,0.8330459594726562
"6,21,10,8,10,17,14,5,21,14,8,7,7,4,14",0.5,0.5,0.5,0.0,0.0,0.0,0.5,0.7656936645507812
"23,13,17,11,12,6,3,3,8,2,13,11,3,22,9",0.5,0.5,0.5,0.5,1.0,0.6666666666666666,0.5,0.7567222118377686
"1,14,3,8,1,6,23,8,3,14,16,1,13,14,0",0.5,0.5,0.5,0.5,1.0,0.6666666666666666,0.5,0.9186465740203857
"0,5,3,7,16,2,16,12,4,11,4,17,21,2,12",0.5,0.5,0.5,0.0,0.0,0.0,0.5,0.8772299289703369
"10,0,6,22,9,19,1,0,13,11,4,10,14,3,22",0.47,0.59,0.5,0.4701195219123506,0.472,0.47105788423153694,0.47,0.8537039756774902
"1,0,16,11,5,13,18,6,13,13,20,5,14,13,5",0.5,0.5,0.5,0.0,0.0,0.0,0.5,0.845374584197998
"6,1,18,19,19,4,18,2,16,4,5,7,9,14,8",0.5,0.5,0.5,0.0,0.0,0.0,0.5,4.454063892364502
"17,1,8,5,13,15,0,11,1,14,3,8,1,6,23",0.5,0.5,0.5,0.0,0.0,0.0,0.5,0.6618573665618896
"3,15,5,14,3,0,19,10,19,8,11,5,22,13,2",0.5,0.5,0.5,0.0,0.0,0.0,0.5,0.7557494640350342
"4,3,19,18,15,9,11,8,19,13,3,21,13,18,14",0.5,0.5,0.5,0.5,1.0,0.6666666666666666,0.5,1.8837072849273682
"2,2,20,7,9,1,12,14,20,16,15,11,14,16,7",0.5,0.5,0.5,0.5,1.0,0.6666666666666666,0.5,0.9370794296264648
"3,23,2,8,10,7,6,20,4,10,12,5,22,1,7",0.5,0.5,0.5,0.0,0.0,0.0,0.5,0.7748219966888428
"21,7,15,22,17,21,9,4,10,14,20,7,13,2,4",0.5,0.5,0.5,0.0,0.0,0.0,0.5,0.7235128879547119
"1,8,19,2,0,11,15,13,21,15,20,14,11,5,18",0.5,0.5,0.5,0.0,0.0,0.0,0.5,0.8714420795440674
"11,3,18,7,21,9,10,4,23,9,13,9,15,23,5",0.5,0.5,0.5,0.0,0.0,0.0,0.5,0.6871867179870605
"10,6,1,22,16,15,8,1,4,16,5,15,9,8,0",0.5,0.5,0.5,0.5,1.0,0.6666666666666666,0.5,0.7472832202911377
"3,16,7,8,5,8,3,10,5,0,6,11,15,22,5",0.5,0.5,0.5,0.0,0.0,0.0,0.5,0.722491979598999
"20,11,8,5,1,15,12,18,15,11,21,17,13,7,11",0.5,0.5,0.5,0.0,0.0,0.0,0.5,0.7208960056304932
"4,21,5,16,5,10,5,8,18,0,12,12,12,16,9",0.5,0.5,0.5,0.0,0.0,0.0,0.5,0.9362130165100098
"18,15,11,21,17,13,7,11,9,3,0,15,3,0,18",0.5,0.5,0.5,0.5,1.0,0.6666666666666666,0.5,0.8775572776794434
"0,1,4,18,6,12,6,11,17,13,8,7,3,22,15",0.5,0.5,0.5,0.5,1.0,0.6666666666666666,0.5,0.8629229068756104
"7,6,20,4,10,12,5,22,1,7,9,23,4,8,3",0.5,0.5,0.5,0.0,0.0,0.0,0.5,0.6723792552947998
"1,19,15,21,15,13,9,17,6,19,10,6,8,22,12",0.5,0.5,0.5,0.5,1.0,0.6666666666666666,0.5,1.4116849899291992
"2,3,17,7,4,8,14,7,3,1,13,8,16,15,22",0.5,0.5,0.5,0.0,0.0,0.0,0.5,0.8525738716125488
"2,2,3,10,14,9,23,0,4,10,18,14,4,19,2",0.5,0.5,0.5,0.0,0.0,0.0,0.5,0.8770473003387451
"21,14,7,13,11,6,19,19,8,17,14,21,14,11,19",0.5,0.5,0.5,0.5,1.0,0.6666666666666666,0.5,2.4551475048065186
"1,18,9,16,19,18,17,4,10,19,0,6,0,7,17",0.5,0.5,0.5,0.5,1.0,0.6666666666666666,0.5,2.1748111248016357
"21,8,10,10,8,10,22,0,14,3,22,15,20,10,18",0.5,0.5,0.5,0.5,1.0,0.6666666666666666,0.5,0.8799569606781006
"19,19,4,18,2,16,4,5,7,9,14,8,7,9,9",0.5,0.5,0.5,0.0,0.0,0.0,0.5,3.5822389125823975
"0,0,22,10,21,15,20,3,10,9,3,7,7,21,12",0.5,0.5,0.5,0.0,0.0,0.0,0.5,0.7700777053833008
"20,16,15,11,14,16,7,15,1,13,4,10,23,8,14",0.5,0.5,0.5,0.5,1.0,0.6666666666666666,0.5,0.7900571823120117
"8,13,15,13,7,4,17,12,10,3,22,8,22,7,0",0.5,0.5,0.5,0.0,0.0,0.0,0.5,0.7240719795227051
"7,7,7,5,22,12,0,0,13,7,11,7,21,9,17",0.5,0.5,0.5,0.0,0.0,0.0,0.5,0.7451303005218506
"22,1,10,1,7,0,6,16,14,12,8,1,7,6,22",0.5,0.5,0.5,0.0,0.0,0.0,0.5,0.8412704467773438
"20,16,12,14,11,15,3,22,13,10,14,17,18,19,0",0.5,0.5,0.5,0.5,1.0,0.6666666666666666,0.5,1.966094732284546
"20,0,9,12,23,15,19,2,17,5,11,9,10,14,23",0.5,0.5,0.5,0.0,0.0,0.0,0.5,1.1989026069641113
"23,6,11,10,20,6,12,4,23,10,14,9,4,4,11",0.5,0.5,0.5,0.5,1.0,0.6666666666666666,0.5,0.7246682643890381
"12,6,11,17,13,8,7,3,22,15,13,11,16,0,9",0.5,0.5,0.5,0.0,0.0,0.0,0.5,0.7619338035583496
"7,0,5,12,1,11,23,13,23,7,19,13,1,7,15",0.5,0.5,0.5,0.5,1.0,0.6666666666666666,0.5,0.8030745983123779
"23,12,15,13,9,12,7,7,7,5,22,12,0,0,13",0.5,0.5,0.5,0.0,0.0,0.0,0.5,0.7561588287353516
"6,4,22,8,5,6,16,16,17,9,15,16,4,13,9",0.5,0.5,0.5,0.5,1.0,0.6666666666666666,0.5,0.7277154922485352
"20,3,10,9,3,7,7,21,12,3,10,23,16,12,21",0.5,0.5,0.5,0.5,1.0,0.6666666666666666,0.5,0.7159345149993896
"6,4,22,4,4,16,12,17,11,23,17,13,18,0,11",0.5,0.5,0.5,0.0,0.0,0.0,0.5,0.7075276374816895
"20,8,5,6,0,16,15,12,3,10,19,15,0,13,0",0.5,0.5,0.5,0.0,0.0,0.0,0.5,0.7712855339050293
"23,9,13,15,8,9,3,13,10,22,16,14,4,6,14",0.5,0.5,0.5,0.5,1.0,0.6666666666666666,0.5,0.7597770690917969
"1,4,16,5,15,9,8,0,13,14,4,2,9,2,19",0.5,0.5,0.5,0.0,0.0,0.0,0.5,0.7123854160308838
"16,16,21,2,16,9,8,18,13,19,6,1,7,1,4",0.5,0.5,0.5,0.0,0.0,0.0,0.5,1.0447611808776855
"17,12,3,14,22,13,11,9,9,3,23,11,3,6,2",0.5,0.5,0.5,0.5,1.0,0.6666666666666666,0.5,0.7895364761352539
"1,10,5,4,4,2,8,8,16,11,6,10,15,1,19",0.5,0.5,0.5,0.0,0.0,0.0,0.5,0.6895790100097656
"5,13,1,2,16,18,3,12,4,0,9,2,6,6,19",0.5,0.5,0.5,0.0,0.0,0.0,0.5,0.7668881416320801
"2,16,3,6,12,10,20,12,14,12,15,20,11,2,4",0.5,0.5,0.5,0.5,1.0,0.6666666666666666,0.5,0.8614645004272461
"1,5,0,23,15,16,0,8,13,15,13,7,4,17,12",0.5,0.5,0.5,0.0,0.0,0.0,0.5,0.8021318912506104
"3,17,7,4,8,14,7,3,1,13,8,16,15,22,4",0.5,0.5,0.5,0.5,1.0,0.6666666666666666,0.5,0.9017524719238281
"22,16,12,18,18,6,5,7,0,12,3,11,13,15,11",0.5,0.5,0.5,0.0,0.0,0.0,0.5,1.1468188762664795
"22,3,3,12,15,18,8,13,10,2,20,14,0,14,6",0.5,0.5,0.5,0.0,0.0,0.0,0.5,0.8368673324584961
"22,16,4,12,1,8,12,14,0,23,2,12,18,15,2",0.5,0.5,0.5,0.0,0.0,0.0,0.5,0.7713451385498047
"5,0,8,6,5,12,22,16,4,12,1,8,12,14,0",0.5,0.5,0.5,0.0,0.0,0.0,0.5,0.6403758525848389
"7,0,7,8,20,14,0,6,2,0,4,9,10,20,3",0.5,0.5,0.5,0.5,1.0,0.6666666666666666,0.5,0.6416676044464111
"1,12,14,20,16,15,11,14,16,7,15,1,13,4,10",0.5,0.5,0.5,0.0,0.0,0.0,0.5,0.7067537307739258
"3,9,12,19,16,15,5,23,12,13,14,10,2,16,5",0.5,0.5,0.5,0.5,1.0,0.6666666666666666,0.5,0.9194526672363281
"20,12,23,10,17,4,7,12,20,7,17,11,19,8,11",0.5,0.5,0.5,0.0,0.0,0.0,0.5,0.8718600273132324
"7,14,8,20,10,19,10,15,19,1,6,2,2,3,10",0.5,0.5,0.5,0.5,1.0,0.6666666666666666,0.5,1.2298684120178223
"20,15,19,11,0,4,21,13,10,8,1,18,11,0,4",0.5,0.5,0.5,0.5,1.0,0.6666666666666666,0.5,0.7872273921966553
"21,2,16,9,8,18,13,19,6,1,7,1,4,7,10",0.5,0.5,0.5,0.5,1.0,0.6666666666666666,0.5,1.0914726257324219
"13,16,9,2,22,12,7,7,17,7,16,1,11,11,15",0.5,0.5,0.5,0.5,1.0,0.6666666666666666,0.5,0.8319315910339355
"12,10,3,22,8,22,7,0,8,14,1,1,14,19,8",0.5,0.5,0.5,0.0,0.0,0.0,0.5,0.773242712020874
"22,15,8,13,11,23,12,7,9,10,3,3,16,12,21",0.5,0.5,0.5,0.5,1.0,0.6666666666666666,0.5,0.81740403175354
"3,11,7,5,18,8,2,19,17,6,8,9,15,15,17",0.5,0.5,0.5,0.0,0.0,0.0,0.5,1.0042757987976074
"12,7,13,15,6,9,17,6,15,0,14,23,15,17,20",0.5,0.5,0.5,0.5,1.0,0.6666666666666666,0.5,0.7552118301391602
"20,6,12,4,23,10,14,9,4,4,11,3,9,12,19",0.5,0.5,0.5,0.0,0.0,0.0,0.5,0.8348019123077393
"5,21,14,7,13,11,6,19,19,8,17,14,21,14,11",0.5,0.5,0.5,0.5,1.0,0.6666666666666666,0.5,2.3909738063812256
"4,2,22,5,9,1,11,9,19,12,4,11,4,22,0",0.5,0.5,0.5,0.5,1.0,0.6666666666666666,0.5,0.7318036556243896
"3,21,13,18,14,15,4,13,12,9,2,6,17,15,8",0.5,0.5,0.5,0.5,1.0,0.6666666666666666,0.5,0.742699384689331
"3,11,12,7,16,14,6,7,7,12,11,11,8,3,3",0.5,0.5,0.5,0.0,0.0,0.0,0.5,0.7856020927429199
"7,4,15,4,23,8,19,8,8,18,9,2,19,12,19",0.5,0.5,0.5,0.5,1.0,0.6666666666666666,0.5,0.7785875797271729
"2,1,5,0,23,15,16,0,8,13,15,13,7,4,17",0.5,0.5,0.5,0.5,1.0,0.6666666666666666,0.5,0.8217225074768066
"6,6,8,8,11,7,15,18,4,13,2,4,9,1,7",0.5,0.5,0.5,0.0,0.0,0.0,0.5,0.7438411712646484
"2,2,6,4,14,15,7,12,0,11,20,15,14,12,6",0.5,0.5,0.5,0.0,0.0,0.0,0.5,0.8295383453369141
"10,8,19,4,7,11,0,18,1,18,19,5,15,19,15",0.5,0.5,0.5,0.0,0.0,0.0,0.5,2.5077016353607178
"23,15,12,13,8,2,11,8,11,4,10,8,3,7,6",0.5,0.5,0.5,0.5,1.0,0.6666666666666666,0.5,0.8860108852386475
"5,22,12,0,0,13,7,11,7,21,9,17,10,8,8",0.5,0.5,0.5,0.0,0.0,0.0,0.5,0.800616979598999
"4,1,6,3,3,22,13,17,13,10,18,11,9,2,2",0.5,0.5,0.5,0.5,1.0,0.6666666666666666,0.5,0.6908831596374512
"1,22,16,15,8,1,4,16,5,15,9,8,0,13,14",0.5,0.5,0.5,0.5,1.0,0.6666666666666666,0.5,0.7885663509368896
"2,3,9,3,19,9,7,20,9,0,3,9,15,5,1",0.5,0.5,0.5,0.0,0.0,0.0,0.5,0.6488151550292969
"1,13,4,10,23,8,14,3,6,9,6,3,3,21,5",0.5,0.5,0.5,0.0,0.0,0.0,0.5,0.8620448112487793
"0,4,5,22,4,17,17,13,6,12,14,7,18,0,11",0.5,0.5,0.5,0.0,0.0,0.0,0.5,0.8499927520751953
"2,16,9,8,18,13,19,6,1,7,1,4,7,10,22",0.5,0.5,0.5,0.0,0.0,0.0,0.5,0.82114577293396
"9,20,17,1,8,23,7,5,0,8,6,5,12,22,16",0.5,0.5,0.5,0.0,0.0,0.0,0.5,0.8145289421081543
"16,21,2,16,9,8,18,13,19,6,1,7,1,4,7",0.5,0.5,0.5,0.0,0.0,0.0,0.5,1.023378610610962
"1,2,3,3,5,3,9,4,9,19,12,9,1,17,16",0.5,0.5,0.5,0.0,0.0,0.0,0.5,0.822777271270752
"16,13,17,12,12,11,16,20,7,9,19,9,4,4,21",0.5,0.5,0.5,0.5,1.0,0.6666666666666666,0.5,0.7644617557525635
"22,16,9,20,5,9,4,5,15,3,12,13,12,5,3",0.5,0.5,0.5,0.5,1.0,0.6666666666666666,0.5,0.7510595321655273
"7,22,6,17,15,0,3,9,7,21,4,1,17,8,5",0.5,0.5,0.5,0.0,0.0,0.0,0.5,0.7627708911895752
"13,4,18,0,7,16,12,5,11,23,4,13,19,6,11",0.5,0.5,0.5,0.5,1.0,0.6666666666666666,0.5,0.7391235828399658
"1,22,16,17,5,16,18,12,10,8,16,10,12,12,1",0.5,0.5,0.5,0.0,0.0,0.0,0.5,0.8914527893066406
"23,16,14,17,5,20,11,14,19,12,4,22,2,11,3",0.5,0.5,0.5,0.0,0.0,0.0,0.5,1.0174260139465332
"0,22,17,4,10,6,2,18,11,22,7,14,21,17,18",0.5,0.5,0.5,0.0,0.0,0.0,0.5,0.9819104671478271
"23,7,22,6,17,15,0,3,9,7,21,4,1,17,8",0.5,0.5,0.5,0.5,1.0,0.6666666666666666,0.5,0.8066310882568359
"20,6,17,5,4,8,10,16,3,2,13,17,11,11,17",0.5,0.5,0.5,0.5,1.0,0.6666666666666666,0.5,0.8821103572845459
"7,13,11,6,19,19,8,17,14,21,14,11,19,8,9",0.5,0.5,0.5,0.5,1.0,0.6666666666666666,0.5,2.2929234504699707
"2,10,18,4,5,2,3,6,3,0,6,19,8,0,19",0.5,0.5,0.5,0.0,0.0,0.0,0.5,1.8491520881652832
"21,16,4,2,2,20,8,5,6,0,16,15,12,3,10",0.5,0.5,0.5,0.0,0.0,0.0,0.5,0.8775134086608887
"0,5,12,1,11,23,13,23,7,19,13,1,7,15,10",0.5,0.5,0.5,0.0,0.0,0.0,0.5,0.7880072593688965
"4,1,23,7,2,20,7,2,4,5,6,2,8,9,7",0.5,0.5,0.5,0.0,0.0,0.0,0.5,0.7405922412872314
"4,1,22,9,6,6,13,23,15,14,3,6,12,13,21",0.5,0.5,0.5,0.5,1.0,0.6666666666666666,0.5,0.7259819507598877
"3,16,21,16,10,8,19,4,7,11,0,18,1,18,19",0.5,0.5,0.5,0.5,1.0,0.6666666666666666,0.5,2.368924140930176
"1,7,7,11,15,8,5,1,13,19,2,7,2,0,14",0.5,0.5,0.5,0.0,0.0,0.0,0.5,0.7835550308227539
"3,2,3,9,3,19,9,7,20,9,0,3,9,15,5",0.5,0.5,0.5,0.5,1.0,0.6666666666666666,0.5,0.6671478748321533
"1,1,18,9,16,19,18,17,4,10,19,0,6,0,7",0.5,0.5,0.5,0.5,1.0,0.6666666666666666,0.5,2.1797327995300293
"5,4,5,2,0,21,9,13,12,7,17,21,6,1,4",0.5,0.5,0.5,0.5,1.0,0.6666666666666666,0.5,0.7859368324279785
"20,8,2,11,7,18,17,9,16,5,9,1,2,8,1",0.5,0.5,0.5,0.5,1.0,0.6666666666666666,0.5,0.985647439956665
"22,14,5,13,12,7,13,15,6,9,17,6,15,0,14",0.5,0.5,0.5,0.0,0.0,0.0,0.5,0.7869467735290527
"6,9,20,17,18,17,12,14,13,0,12,20,4,13,23",0.5,0.5,0.5,0.5,1.0,0.6666666666666666,0.5,1.0285303592681885
"22,4,5,5,3,16,12,16,13,16,17,13,18,0,11",0.5,0.5,0.5,0.0,0.0,0.0,0.5,0.7311103343963623
"1,18,19,19,4,18,2,16,4,5,7,9,14,8,7",0.5,0.5,0.5,0.0,0.0,0.0,0.5,4.352662801742554
"23,15,16,0,8,13,15,13,7,4,17,12,10,3,22",0.5,0.5,0.5,0.0,0.0,0.0,0.5,0.9054543972015381
"1,14,19,8,10,1,7,7,11,15,8,5,1,13,19",0.5,0.5,0.5,0.0,0.0,0.0,0.5,0.7342755794525146
"2,16,4,5,7,9,14,8,7,9,9,8,2,14,12",0.5,0.5,0.5,0.5,1.0,0.6666666666666666,0.5,0.8121461868286133
"7,7,11,15,8,5,1,13,19,2,7,2,0,14,15",0.5,0.5,0.5,0.5,1.0,0.6666666666666666,0.5,0.8385257720947266
"13,9,12,7,7,7,5,22,12,0,0,13,7,11,7",0.5,0.5,0.5,0.0,0.0,0.0,0.5,0.805462121963501
"2,11,8,11,4,10,8,3,7,6,10,21,9,10,2",0.5,0.5,0.5,0.0,0.0,0.0,0.5,0.7509703636169434
"8,6,5,12,22,16,4,12,1,8,12,14,0,23,2",0.5,0.5,0.5,0.5,1.0,0.6666666666666666,0.5,0.8461048603057861
"7,15,1,13,4,10,23,8,14,3,6,9,6,3,3",0.5,0.5,0.5,0.5,1.0,0.6666666666666666,0.5,0.675079345703125
"3,7,9,9,20,9,22,4,2,2,15,22,6,3,15",0.5,0.5,0.5,0.5,1.0,0.6666666666666666,0.5,0.7745323181152344
"14,11,7,4,15,4,23,8,19,8,8,18,9,2,19",0.5,0.5,0.5,0.0,0.0,0.0,0.5,0.801210880279541
"2,13,7,3,4,4,21,5,16,5,10,5,8,18,0",0.5,0.5,0.5,0.5,1.0,0.6666666666666666,0.5,0.6971080303192139
"3,12,15,18,8,13,10,2,20,14,0,14,6,0,5",0.5,0.5,0.5,0.0,0.0,0.0,0.5,0.731921911239624
"8,15,3,10,7,4,14,18,4,1,8,19,2,0,11",0.5,0.5,0.5,0.5,0.024,0.04580152671755725,0.5,0.8158423900604248
"2,17,5,11,9,10,14,23,1,5,15,6,4,16,17",0.5,0.5,0.5,0.0,0.0,0.0,0.5,0.813255786895752
"6,3,20,9,22,16,14,11,4,12,18,9,8,9,21",0.5,0.5,0.5,0.5,1.0,0.6666666666666666,0.5,0.7742445468902588
"5,4,7,5,17,16,12,4,11,23,17,13,18,0,11",0.5,0.5,0.5,0.0,0.0,0.0,0.5,0.6684200763702393
"6,4,22,8,14,4,7,19,10,18,0,14,1,4,2",0.5,0.5,0.5,0.0,0.0,0.0,0.5,0.6617958545684814
"2,20,3,3,11,8,5,12,2,18,17,16,1,0,16",0.5,0.5,0.5,0.5,1.0,0.6666666666666666,0.5,1.0446302890777588
"2,1,8,15,3,10,7,4,14,18,4,1,8,19,2",0.5,0.5,0.5,0.5,1.0,0.6666666666666666,0.5,0.8703403472900391
"14,10,14,18,5,9,10,7,9,8,3,12,15,18,17",0.5,0.5,0.5,0.0,0.0,0.0,0.5,1.0311427116394043
"9,5,14,5,5,11,7,12,23,8,7,5,12,11,5",0.55,0.35,0.5,0.5541125541125541,0.512,0.5322245322245323,0.55,0.6502087116241455
"2,2,20,8,5,6,0,16,15,12,3,10,19,15,0",0.5,0.5,0.5,0.5,1.0,0.6666666666666666,0.5,0.8834695816040039
"7,7,4,14,1,2,3,3,5,3,9,4,9,19,12",0.5,0.5,0.5,0.5,1.0,0.6666666666666666,0.5,0.6951358318328857
"1,10,20,8,5,17,12,3,14,22,13,11,9,9,3",0.5,0.5,0.5,0.5,1.0,0.6666666666666666,0.5,0.7606685161590576
"15,1,13,4,10,23,8,14,3,6,9,6,3,3,21",0.5,0.5,0.5,0.0,0.0,0.0,0.5,0.7602517604827881
"13,18,3,16,5,14,23,7,21,12,14,4,3,8,7",0.5,0.5,0.5,0.0,0.0,0.0,0.5,0.8105289936065674
"5,18,18,8,4,6,5,13,8,17,17,9,6,8,7",0.5,0.5,0.5,0.0,0.0,0.0,0.5,1.2064728736877441
"21,8,6,2,16,3,6,12,10,20,12,14,12,15,20",0.5,0.5,0.5,0.0,0.0,0.0,0.5,0.6891095638275146
"5,22,13,2,5,13,8,12,9,9,14,10,11,4,21",0.5,0.5,0.5,0.5,1.0,0.6666666666666666,0.5,0.7175271511077881
"20,8,9,17,13,0,8,11,14,0,8,14,0,12,13",0.5,0.5,0.5,0.5,1.0,0.6666666666666666,0.5,0.7718663215637207
"2,20,8,5,6,0,16,15,12,3,10,19,15,0,13",0.5,0.5,0.5,0.5,1.0,0.6666666666666666,0.5,0.7628564834594727
"8,20,10,19,10,15,19,1,6,2,2,3,10,14,9",0.5,0.5,0.5,0.0,0.0,0.0,0.5,1.085073471069336
"21,6,1,4,16,1,3,15,5,14,3,0,19,10,19",0.5,0.5,0.5,0.5,1.0,0.6666666666666666,0.5,1.0193603038787842
"23,12,14,19,14,11,7,4,15,4,23,8,19,8,8",0.5,0.5,0.5,0.0,0.0,0.0,0.5,0.730642557144165
"4,23,8,19,8,8,18,9,2,19,12,19,9,1,4",0.5,0.5,0.5,0.5,1.0,0.6666666666666666,0.5,0.9439194202423096
"19,5,18,7,4,2,16,17,4,11,4,17,21,2,11",0.5,0.5,0.5,0.5,1.0,0.6666666666666666,0.5,2.073904275894165
"3,23,5,6,10,23,13,17,11,12,6,3,3,8,2",0.5,0.5,0.5,0.0,0.0,0.0,0.5,0.6892862319946289
"22,14,7,14,10,14,18,5,9,10,7,9,8,3,12",0.5,0.5,0.5,0.5,1.0,0.6666666666666666,0.5,0.8053793907165527
"2,18,15,15,5,18,18,8,4,6,5,13,8,17,17",0.5,0.5,0.5,0.5,1.0,0.6666666666666666,0.5,1.381645917892456
"8,8,3,4,9,14,1,16,11,13,0,13,23,5,8",0.5,0.5,0.5,0.5,1.0,0.6666666666666666,0.5,0.7657341957092285
"7,9,19,10,0,6,22,9,19,1,0,13,11,4,10",0.5,0.5,0.5,0.0,0.0,0.0,0.5,0.8262045383453369
"15,0,3,9,7,21,4,1,17,8,5,11,13,11,19",0.5,0.5,0.5,0.0,0.0,0.0,0.5,0.7764666080474854
"22,10,12,7,9,19,10,0,6,22,9,19,1,0,13",0.5,0.5,0.5,0.5,1.0,0.6666666666666666,0.5,0.7484087944030762
"21,14,17,19,9,0,15,2,20,4,9,17,0,0,20",0.5,0.5,0.5,0.5,1.0,0.6666666666666666,0.5,1.0679359436035156
"2,1,17,12,9,16,11,15,19,10,4,2,22,5,9",0.5,0.5,0.5,0.5,1.0,0.6666666666666666,0.5,0.8409183025360107
"3,20,4,14,5,3,17,6,2,14,9,22,8,4,16",0.5,0.5,0.5,0.0,0.0,0.0,0.5,0.7333910465240479
"15,11,14,16,7,15,1,13,4,10,23,8,14,3,6",0.5,0.5,0.5,0.5,1.0,0.6666666666666666,0.5,0.7778782844543457
"23,2,13,7,3,4,4,21,5,16,5,10,5,8,18",0.5,0.5,0.5,0.5,1.0,0.6666666666666666,0.5,0.7679312229156494
"7,9,1,12,14,20,16,15,11,14,16,7,15,1,13",0.5,0.5,0.5,0.5,1.0,0.6666666666666666,0.5,0.7781937122344971
"10,16,22,13,18,16,6,17,21,12,20,11,8,5,1",0.47,0.59,0.5,0.43902439024390244,0.216,0.289544235924933,0.47,0.929654598236084
"3,22,8,22,7,0,8,14,1,1,14,19,8,10,1",0.5,0.5,0.5,0.0,0.0,0.0,0.5,0.7746357917785645
"3,10,9,3,7,7,21,12,3,10,23,16,12,21,8",0.5,0.5,0.5,0.5,1.0,0.6666666666666666,0.5,0.7729742527008057
"4,22,8,14,4,7,19,10,18,0,14,1,4,2,5",0.5,0.5,0.5,0.0,0.0,0.0,0.5,0.7194006443023682
"6,4,5,22,4,16,12,17,11,23,17,13,18,0,11",0.5,0.5,0.5,0.0,0.0,0.0,0.5,0.7465705871582031
"2,22,3,3,12,15,18,8,13,10,2,20,14,0,14",0.5,0.5,0.5,0.5,1.0,0.6666666666666666,0.5,0.7993195056915283
"10,8,10,17,14,5,21,14,8,7,7,4,14,1,2",0.5,0.5,0.5,0.5,1.0,0.6666666666666666,0.5,0.7569129467010498
"21,0,17,3,6,22,15,2,1,12,1,5,13,6,16",0.5,0.5,0.5,0.5,1.0,0.6666666666666666,0.5,1.2150263786315918
"2,16,13,5,1,23,12,6,3,1,11,22,5,15,10",0.5,0.5,0.5,0.5,1.0,0.6666666666666666,0.5,0.7142465114593506
"1,14,11,17,21,8,6,2,16,3,6,12,10,20,12",0.5,0.5,0.5,0.0,0.0,0.0,0.5,0.7494645118713379
"0,2,15,19,7,18,16,18,10,2,3,12,2,1,15",0.5,0.5,0.5,0.0,0.0,0.0,0.5,0.9439475536346436
"5,5,21,7,13,2,16,4,4,11,4,17,21,2,12",0.5,0.5,0.5,0.0,0.0,0.0,0.5,0.8073530197143555
"2,10,16,0,0,3,11,10,8,13,4,16,14,4,6",0.5,0.5,0.5,0.5,1.0,0.6666666666666666,0.5,0.730170726776123
"1,13,8,4,13,21,1,7,22,4,15,20,7,4,15",0.5,0.5,0.5,0.5,1.0,0.6666666666666666,0.5,0.763848066329956
"5,0,23,15,16,0,8,13,15,13,7,4,17,12,10",0.5,0.5,0.5,0.0,0.0,0.0,0.5,0.8174176216125488
"19,2,10,0,11,16,23,7,6,11,5,9,22,15,19",0.5,0.5,0.5,0.5,1.0,0.6666666666666666,0.5,1.0386524200439453
"13,7,3,4,4,21,5,16,5,10,5,8,18,0,12",0.5,0.5,0.5,0.0,0.0,0.0,0.5,0.735623836517334
"0,22,10,21,15,20,3,10,9,3,7,7,21,12,3",0.5,0.5,0.5,0.0,0.0,0.0,0.5,0.8614702224731445
"20,7,17,5,4,8,10,16,3,2,18,17,11,11,17",0.5,0.5,0.5,0.5,1.0,0.6666666666666666,0.5,0.9927358627319336
"5,21,7,17,18,5,6,9,23,13,23,15,0,7,19",0.5,0.5,0.5,0.5,1.0,0.6666666666666666,0.5,0.8469946384429932
"15,13,7,4,17,12,10,3,22,8,22,7,0,8,14",0.5,0.5,0.5,0.5,1.0,0.6666666666666666,0.5,0.7908742427825928
"3,19,18,15,9,11,8,19,13,3,21,13,18,14,15",0.5,0.5,0.5,0.5,1.0,0.6666666666666666,0.5,1.8739969730377197
"21,16,9,3,20,4,14,5,3,17,6,2,14,9,22",0.5,0.5,0.5,0.5,1.0,0.6666666666666666,0.5,1.0741395950317383
"1,4,2,5,0,1,10,20,8,5,17,12,3,14,22",0.5,0.5,0.5,0.0,0.0,0.0,0.5,0.6859598159790039
"20,2,8,18,4,14,1,19,0,0,17,10,16,0,23",0.5,0.5,0.5,0.0,0.0,0.0,0.5,1.160033941268921
"20,9,22,4,2,2,15,22,6,3,15,11,13,5,19",0.5,0.5,0.5,0.0,0.0,0.0,0.5,0.8701572418212891
"23,10,17,4,7,12,20,7,17,11,19,8,11,10,4",0.5,0.5,0.5,0.5,1.0,0.6666666666666666,0.5,0.7633056640625
"6,12,0,3,23,2,8,10,7,6,20,4,10,12,5",0.5,0.5,0.5,0.5,1.0,0.6666666666666666,0.5,0.6861646175384521
"3,22,12,3,16,21,16,10,8,19,4,7,11,0,18",0.5,0.5,0.5,0.0,0.0,0.0,0.5,0.9464406967163086
"1,18,3,4,0,5,0,15,21,13,13,10,5,10,19",0.5,0.5,0.5,0.5,1.0,0.6666666666666666,0.5,0.8493180274963379
"15,8,1,4,16,5,15,9,8,0,13,14,4,2,9",0.5,0.5,0.5,0.0,0.0,0.0,0.5,0.7055015563964844
"6,11,9,15,18,12,6,7,7,0,6,13,16,2,17",0.5,0.5,0.5,0.0,0.0,0.0,0.5,0.7332377433776855
"16,3,6,12,10,20,12,14,12,15,20,11,2,4,23",0.42,0.74,0.5,0.4421965317919075,0.612,0.5134228187919463,0.42,0.8386354446411133
"20,7,13,2,4,1,22,9,6,6,13,23,15,14,3",0.5,0.5,0.5,0.5,1.0,0.6666666666666666,0.5,0.7095232009887695
"3,10,18,16,20,10,13,18,15,13,5,9,20,13,3",0.5,0.5,0.5,0.5,1.0,0.6666666666666666,0.5,0.8153138160705566
"20,10,11,13,17,4,23,15,9,8,21,1,12,19,1",0.5,0.5,0.5,0.5,1.0,0.6666666666666666,0.5,0.9844510555267334
"3,3,12,15,18,8,13,10,2,20,14,0,14,6,0",0.5,0.5,0.5,0.5,1.0,0.6666666666666666,0.5,0.780958890914917
"19,8,6,1,18,19,19,4,18,2,16,4,5,7,9",0.5,0.5,0.5,0.5,1.0,0.6666666666666666,0.5,4.430012464523315
"22,6,5,4,4,16,12,19,11,23,17,13,18,13,11",0.5,0.5,0.5,0.0,0.0,0.0,0.5,0.7550544738769531
"5,6,4,22,8,14,4,7,19,10,18,0,14,1,4",0.5,0.5,0.5,0.5,1.0,0.6666666666666666,0.5,0.676915168762207
"22,4,15,20,7,4,15,22,11,7,13,23,2,6,14",0.5,0.5,0.5,0.5,1.0,0.6666666666666666,0.5,0.7716467380523682
"22,11,7,13,23,2,6,14,9,8,4,3,2,11,12",0.5,0.5,0.5,0.0,0.0,0.0,0.5,0.7791144847869873
"22,6,16,22,11,10,12,19,13,16,5,18,19,13,11",0.5,0.5,0.5,0.0,0.0,0.0,0.5,1.7441163063049316
"19,5,0,11,10,15,9,6,4,0,19,8,6,1,18",0.5,0.5,0.5,0.5,1.0,0.6666666666666666,0.5,0.7795717716217041
"22,13,18,16,6,17,21,12,20,11,8,5,1,15,12",0.5,0.5,0.5,0.0,0.0,0.0,0.5,0.8090193271636963
"0,1,10,20,8,5,17,12,3,14,22,13,11,9,9",0.5,0.5,0.5,0.5,1.0,0.6666666666666666,0.5,0.692225456237793
"10,5,7,2,22,3,3,12,15,18,8,13,10,2,20",0.5,0.5,0.5,0.0,0.0,0.0,0.5,0.7153410911560059
"23,7,5,0,8,6,5,12,22,16,4,12,1,8,12",0.5,0.5,0.5,0.5,1.0,0.6666666666666666,0.5,0.6872549057006836
"1,20,12,23,10,17,4,7,12,20,7,17,11,19,8",0.5,0.5,0.5,0.0,0.0,0.0,0.5,0.797205924987793
"22,2,16,0,5,17,18,6,18,9,14,9,15,17,9",0.5,0.5,0.5,0.0,0.0,0.0,0.5,1.4038143157958984
"20,6,17,5,4,8,10,19,3,2,18,17,19,13,17",0.5,0.5,0.5,0.5,1.0,0.6666666666666666,0.5,2.519751787185669
"8,13,9,1,6,13,1,14,8,10,8,4,22,9,8",0.5,0.5,0.5,0.0,0.0,0.0,0.5,0.7848260402679443
"20,7,4,15,22,11,7,13,23,2,6,14,9,8,4",0.5,0.5,0.5,0.0,0.0,0.0,0.5,0.7629539966583252
"8,18,9,2,19,12,19,9,1,4,17,10,17,19,0",0.5,0.5,0.5,0.0,0.0,0.0,0.5,1.0500984191894531
"2,11,7,18,17,9,16,5,9,1,2,8,1,21,7",0.5,0.5,0.5,0.5,1.0,0.6666666666666666,0.5,0.8493576049804688
"20,9,17,9,0,0,22,10,21,15,20,3,10,9,3",0.5,0.5,0.5,0.0,0.0,0.0,0.5,0.7298283576965332
"2,23,16,14,17,5,20,11,14,19,12,4,22,2,11",0.5,0.5,0.5,0.5,1.0,0.6666666666666666,0.5,0.9942681789398193
"1,1,14,19,8,10,1,7,7,11,15,8,5,1,13",0.5,0.5,0.5,0.0,0.0,0.0,0.5,0.7643003463745117
"3,10,19,15,0,13,0,9,7,19,10,16,22,13,18",0.5,0.5,0.5,0.5,1.0,0.6666666666666666,0.5,0.7957022190093994
"19,6,16,7,21,16,12,4,11,23,17,13,18,2,11",0.5,0.5,0.5,0.5,1.0,0.6666666666666666,0.5,1.1147964000701904
"7,4,13,18,3,16,5,14,23,7,21,12,14,4,3",0.5,0.5,0.5,0.5,1.0,0.6666666666666666,0.5,0.8780801296234131
"10,3,22,8,22,7,0,8,14,1,1,14,19,8,10",0.5,0.5,0.5,0.0,0.0,0.0,0.5,0.8181960582733154
"6,1,3,2,3,9,3,19,9,7,20,9,0,3,9",0.5,0.5,0.5,0.5,1.0,0.6666666666666666,0.5,0.6477706432342529
"17,15,8,22,10,12,7,9,19,10,0,6,22,9,19",0.48,0.56,0.5,0.48936170212765956,0.92,0.6388888888888888,0.48000000000000004,0.7443156242370605
"21,12,8,3,10,8,7,11,9,16,13,2,19,7,2",0.5,0.5,0.5,0.5,1.0,0.6666666666666666,0.5,0.7916557788848877
"21,13,18,14,15,4,13,12,9,2,6,17,15,8,22",0.5,0.5,0.5,0.0,0.0,0.0,0.5,0.7490479946136475
"0,2,2,23,16,14,17,5,20,11,14,19,12,4,22",0.5,0.5,0.5,0.0,0.0,0.0,0.5,1.0079233646392822
"17,12,5,14,4,3,5,21,7,17,18,5,6,9,23",0.5,0.5,0.5,0.5,1.0,0.6666666666666666,0.5,0.8723900318145752
"11,7,4,15,4,23,8,19,8,8,18,9,2,19,12",0.5,0.5,0.5,0.5,1.0,0.6666666666666666,0.5,0.8295040130615234
"1,3,5,1,18,8,6,0,13,10,16,1,1,14,0",0.5,0.5,0.5,0.5,1.0,0.6666666666666666,0.5,0.7580404281616211
"20,0,0,3,15,12,17,4,18,5,4,16,18,17,1",0.5,0.5,0.5,0.0,0.0,0.0,0.5,1.2018604278564453
"20,15,23,7,0,21,1,0,11,10,4,22,10,20,7",0.5,0.5,0.5,0.0,0.0,0.0,0.5,0.7850627899169922
"22,8,14,4,7,19,10,18,0,14,1,4,2,5,0",0.5,0.5,0.5,0.5,1.0,0.6666666666666666,0.5,0.7109365463256836
"22,15,4,7,13,12,12,17,0,18,16,14,21,5,13",0.5,0.5,0.5,0.0,0.0,0.0,0.5,0.9717719554901123
"23,2,8,10,7,6,20,4,10,12,5,22,1,7,9",0.5,0.5,0.5,0.5,1.0,0.6666666666666666,0.5,0.7569377422332764
"14,8,7,7,4,14,1,2,3,3,5,3,9,4,9",0.496,0.51,0.49950000000000006,0.4666666666666667,0.056,0.1,0.49600000000000005,0.7355062961578369
"4,2,8,8,16,11,6,10,15,1,19,5,0,11,10",0.496,0.51,0.4995,0.0,0.0,0.0,0.496,0.9258937835693359
"11,23,13,23,7,19,13,1,7,15,10,16,5,23,6",0.496,0.51,0.4995,0.4979919678714859,0.992,0.6631016042780749,0.496,0.8123891353607178
"18,2,1,17,12,9,16,11,15,19,10,4,2,22,5",0.466,0.6,0.49949999999999994,0.46886446886446886,0.512,0.4894837476099426,0.46599999999999997,1.0673596858978271
"23,12,7,9,10,3,3,16,12,21,13,23,0,0,17",0.482,0.55,0.49900000000000005,0.32,0.032,0.05818181818181818,0.48200000000000004,0.7412097454071045
"22,17,10,13,21,17,17,0,1,16,16,21,2,16,9",0.452,0.64,0.499,0.4439252336448598,0.38,0.40948275862068967,0.452,1.2496488094329834
"3,12,15,18,17,12,9,22,1,9,16,4,22,1,1",0.502,0.49,0.499,0.5010752688172043,0.932,0.6517482517482518,0.502,0.9899551868438721
"4,8,14,7,3,1,13,8,16,15,22,4,10,15,14",0.502,0.49,0.499,0.5026178010471204,0.384,0.43537414965986393,0.502,0.7820351123809814
"1,16,16,21,2,16,9,8,18,13,19,6,1,7,1",0.492,0.52,0.499,0.4583333333333333,0.088,0.1476510067114094,0.492,1.1084890365600586
"9,8,2,14,12,16,14,14,2,13,3,4,22,15,4",0.502,0.49,0.499,0.504950495049505,0.204,0.2905982905982906,0.502,0.660287618637085
"13,6,16,0,7,16,12,5,11,23,17,13,19,6,11",0.502,0.49,0.499,0.5011389521640092,0.88,0.6386066763425254,0.502,0.7399144172668457
"4,7,0,5,12,1,11,23,13,23,7,19,13,1,7",0.492,0.52,0.499,0.3888888888888889,0.028,0.05223880597014925,0.492,0.7189037799835205
"1,6,7,6,12,1,14,14,22,9,2,13,8,1,23",0.502,0.49,0.499,0.501002004008016,1.0,0.6675567423230975,0.502,0.7023577690124512
"15,0,13,0,9,7,19,10,16,22,13,18,16,6,17",0.498,0.5,0.4985,0.49899799599198397,0.996,0.664886515353805,0.498,0.7322812080383301
"8,19,8,8,18,9,2,19,12,19,9,1,4,17,10",0.488,0.53,0.4985,0.46808510638297873,0.176,0.2558139534883721,0.488,0.7931020259857178
"17,21,6,1,4,16,1,3,15,5,14,3,0,19,10",0.478,0.56,0.4985,0.4566929133858268,0.232,0.3076923076923077,0.478,1.2660059928894043
"1,6,3,3,22,13,17,13,10,18,11,9,2,2,10",0.498,0.5,0.4985,0.0,0.0,0.0,0.498,0.7321300506591797
"17,6,18,15,6,9,4,2,14,18,6,3,1,11,4",0.488,0.53,0.4985,0.0,0.0,0.0,0.488,1.0605502128601074
"6,14,4,10,7,0,6,8,13,10,17,16,17,23,8",0.498,0.5,0.4985,0.4989979959919839,0.996,0.664886515353805,0.498,0.8356969356536865
"2,4,5,16,21,17,13,2,14,10,16,4,12,11,8",0.498,0.5,0.4985,0.49899799599198397,0.996,0.664886515353805,0.498,1.1434638500213623
"7,8,20,14,0,6,2,0,4,9,10,20,3,9,0",0.498,0.5,0.4985,0.4988962472406181,0.904,0.6429587482219061,0.498,0.6302039623260498
"15,13,11,16,0,9,18,14,5,22,7,0,6,21,5",0.444,0.66,0.498,0.3108108108108108,0.092,0.1419753086419753,0.444,0.7669494152069092
"16,11,15,19,10,4,2,22,5,9,1,11,9,19,12",0.494,0.51,0.498,0.4716981132075472,0.1,0.16501650165016502,0.494,0.9077041149139404
"22,6,14,16,13,0,19,5,14,1,10,5,5,23,6",0.494,0.51,0.498,0.2857142857142857,0.008,0.01556420233463035,0.494,0.7233824729919434
"22,13,2,5,13,8,12,9,9,14,10,11,4,21,2",0.494,0.51,0.498,0.4727272727272727,0.104,0.17049180327868851,0.494,0.6713566780090332
"9,20,5,9,4,5,15,3,12,13,12,5,3,6,10",0.474,0.57,0.498,0.47686832740213525,0.536,0.504708097928437,0.474,0.6780459880828857
"17,9,18,5,4,16,18,17,1,8,9,13,15,0,11",0.454,0.63,0.498,0.2553191489361702,0.048,0.08080808080808081,0.454,1.010202169418335
"6,2,0,4,9,10,20,3,9,0,4,6,14,14,0",0.51,0.46,0.4975,0.6,0.06,0.10909090909090909,0.51,0.6095101833343506
"3,9,3,19,9,7,20,9,0,3,9,15,5,1,22",0.5,0.49,0.4975,0.5,1.0,0.6666666666666666,0.5,0.6846857070922852
"3,8,2,13,11,3,22,9,3,3,12,16,14,19,19",0.5,0.49,0.4975,0.5,0.952,0.6556473829201102,0.5,2.317323684692383
"5,2,0,21,9,13,12,7,17,21,6,1,4,16,1",0.5,0.49,0.4975,0.5,1.0,0.6666666666666666,0.5,1.1434030532836914
"7,8,5,8,3,10,5,0,6,11,15,22,5,1,7",0.496,0.5,0.497,0.4979919678714859,0.992,0.6631016042780749,0.496,0.6353130340576172
"7,4,15,22,11,7,13,23,2,6,14,9,8,4,3",0.496,0.5,0.497,0.49782608695652175,0.916,0.6450704225352113,0.496,0.8144474029541016
"23,8,11,2,4,5,16,21,17,13,2,14,10,16,4",0.496,0.5,0.497,0.4979919678714859,0.992,0.6631016042780749,0.496,1.094191074371338
"3,14,8,10,22,5,3,12,17,10,20,15,14,0,14",0.496,0.5,0.497,0.4979919678714859,0.992,0.6631016042780749,0.496,0.7421259880065918
"4,4,2,8,8,16,11,6,10,15,1,19,5,0,11",0.496,0.5,0.497,0.49798387096774194,0.988,0.6621983914209115,0.496,0.7900705337524414
"3,7,4,9,17,3,5,1,18,13,1,8,23,11,9",0.496,0.5,0.497,0.4979919678714859,0.992,0.6631016042780749,0.496,1.0420377254486084
"1,10,13,12,8,21,2,5,13,1,2,16,18,3,12",0.496,0.5,0.497,0.3333333333333333,0.008,0.015625,0.496,0.8173465728759766
"8,14,4,7,19,10,18,0,14,1,4,2,5,0,1",0.496,0.5,0.497,0.4166666666666667,0.02,0.03816793893129771,0.496,0.6982243061065674
"13,13,14,5,23,7,7,3,9,23,16,16,17,0,19",0.432,0.69,0.49650000000000005,0.373134328358209,0.2,0.2604166666666667,0.43200000000000005,1.1082210540771484
"13,11,23,12,7,9,10,3,3,16,12,21,13,23,0",0.472,0.57,0.49650000000000005,0.42857142857142855,0.168,0.2413793103448276,0.47200000000000003,0.6949286460876465
"11,8,14,5,5,11,5,12,12,4,14,5,14,11,5",0.502,0.48,0.4965,0.5238095238095238,0.044,0.08118081180811808,0.502,0.6019625663757324
"5,3,21,12,3,10,18,16,20,10,13,18,15,13,5",0.488,0.52,0.496,0.4375,0.084,0.14093959731543623,0.488,0.8003206253051758
"2,4,7,0,5,12,1,11,23,13,23,7,19,13,1",0.498,0.49,0.496,0.49899396378269617,0.992,0.6639892904953146,0.498,0.8833189010620117
"21,14,13,13,14,5,23,7,7,3,9,23,16,16,17",0.498,0.49,0.496,0.3333333333333333,0.004,0.007905138339920948,0.498,0.7963018417358398
"12,21,8,10,10,8,10,22,0,14,3,22,15,20,10",0.498,0.49,0.496,0.0,0.0,0.0,0.498,0.7594718933105469
"15,18,8,13,10,2,20,14,0,14,6,0,5,10,0",0.438,0.67,0.496,0.4124293785310734,0.292,0.34192037470725994,0.43799999999999994,0.7026047706604004
"23,0,4,10,18,14,4,19,2,10,0,11,16,23,7",0.498,0.49,0.496,0.49899396378269617,0.992,0.6639892904953146,0.498,0.9473559856414795
"16,0,0,3,11,10,8,13,4,16,14,4,6,17,20",0.474,0.56,0.49550000000000005,0.42168674698795183,0.14,0.21021021021021022,0.47400000000000003,0.6961691379547119
"22,14,5,18,4,3,15,17,11,11,14,17,19,6,11",0.494,0.5,0.4955,0.0,0.0,0.0,0.494,1.1728579998016357
"3,1,22,14,12,11,18,1,10,5,4,4,2,8,8",0.494,0.5,0.4955,0.0,0.0,0.0,0.494,0.8308725357055664
"2,12,12,22,15,8,13,11,23,12,7,9,10,3,3",0.5,0.48,0.495,0.5,0.396,0.4419642857142857,0.5,0.7568473815917969
"7,23,8,11,2,4,5,16,21,17,13,2,14,10,16",0.46,0.6,0.495,0.44505494505494503,0.324,0.375,0.45999999999999996,1.1090691089630127
"20,5,9,4,5,15,3,12,13,12,5,3,6,10,6",0.5,0.48,0.495,0.5,1.0,0.6666666666666666,0.5,0.6048448085784912
"15,21,13,13,10,5,10,19,0,2,18,16,8,6,7",0.43,0.69,0.495,0.2033898305084746,0.048,0.07766990291262135,0.43000000000000005,1.7927136421203613
"7,19,8,4,1,6,3,3,22,13,17,13,10,18,11",0.5,0.48,0.495,0.5,0.972,0.6603260869565217,0.5,0.8127906322479248
"5,3,6,10,6,1,22,16,15,8,1,4,16,5,15",0.496,0.49,0.4945,0.375,0.012,0.023255813953488372,0.496,0.7142651081085205
"4,2,5,0,1,10,20,8,5,17,12,3,14,22,13",0.496,0.49,0.4945,0.4979919678714859,0.992,0.6631016042780749,0.496,0.7144205570220947
"17,21,8,6,2,16,3,6,12,10,20,12,14,12,15",0.476,0.55,0.4945,0.47794117647058826,0.52,0.49808429118773945,0.476,0.8080713748931885
"15,19,1,6,2,2,3,10,14,9,23,0,4,10,18",0.506,0.46,0.4945,0.5030181086519114,1.0,0.6693440428380187,0.506,1.0955653190612793
"6,12,16,4,4,16,12,4,11,23,17,13,16,11,11",0.476,0.55,0.4945,0.07142857142857142,0.004,0.007575757575757576,0.476,0.7012758255004883
"13,7,11,9,3,0,15,3,0,18,9,18,11,8,23",0.482,0.53,0.49400000000000005,0.37142857142857144,0.052,0.0912280701754386,0.48200000000000004,0.8134324550628662
"15,4,7,13,12,12,17,0,18,16,14,21,5,13,1",0.502,0.47,0.494,0.5066666666666667,0.152,0.23384615384615384,0.502,0.9588837623596191
"12,1,11,23,13,23,7,19,13,1,7,15,10,16,5",0.522,0.41,0.494,0.5117773019271948,0.956,0.6666666666666666,0.522,0.8428630828857422
"10,23,8,14,3,6,9,6,3,3,21,5,6,16,19",0.492,0.5,0.494,0.4959677419354839,0.984,0.6595174262734584,0.492,0.7798945903778076
"8,9,15,15,17,20,10,11,13,17,4,23,15,9,8",0.502,0.47,0.494,0.6,0.012,0.023529411764705882,0.502,0.928673267364502
"12,5,22,1,7,9,23,4,8,3,14,15,4,9,22",0.468,0.57,0.49350000000000005,0.46078431372549017,0.376,0.41409691629955947,0.468,0.7036492824554443
"9,14,8,7,9,9,8,2,14,12,16,14,14,2,13",0.468,0.57,0.4935,0.47315436241610737,0.564,0.5145985401459854,0.46799999999999997,0.7772574424743652
"15,10,7,18,19,1,17,22,0,7,8,0,14,7,23",0.474,0.55,0.493,0.4838709677419355,0.78,0.5972434915773354,0.474,1.983538627624512
"10,9,4,17,0,3,12,9,10,22,12,5,22,2,12",0.494,0.49,0.493,0.38461538461538464,0.02,0.03802281368821293,0.494,0.7155892848968506
"19,11,22,7,21,16,12,4,11,23,17,10,18,2,9",0.494,0.49,0.493,0.4968814968814969,0.956,0.6538987688098495,0.494,0.9137859344482422
"14,11,14,7,4,7,22,8,11,12,16,8,20,9,3",0.44,0.65,0.49250000000000005,0.45535714285714285,0.612,0.5221843003412969,0.44,0.843297004699707
"22,16,1,10,7,0,6,8,13,10,17,21,17,23,8",0.5,0.47,0.4925,0.0,0.0,0.0,0.5,1.894657850265503
"10,2,6,23,15,12,13,8,2,11,8,11,4,10,8",0.46,0.59,0.49249999999999994,0.45652173913043476,0.42,0.4375,0.45999999999999996,0.7144103050231934
"0,7,19,8,5,8,15,14,14,4,6,14,11,16,4",0.486,0.51,0.492,0.4748201438848921,0.264,0.3393316195372751,0.486,0.7138714790344238
"0,4,3,14,3,12,5,6,12,4,14,19,14,1,10",0.496,0.48,0.492,0.49796747967479676,0.98,0.660377358490566,0.496,0.8307783603668213
"11,19,8,9,12,19,3,19,6,13,8,16,6,11,2",0.446,0.63,0.492,0.37142857142857144,0.156,0.21971830985915494,0.446,2.398235559463501
"10,19,15,0,13,0,9,7,19,10,16,22,13,18,16",0.526,0.39,0.492,0.5226480836236934,0.6,0.5586592178770949,0.526,0.8623099327087402
"19,10,0,6,22,9,19,1,0,13,11,4,10,14,3",0.496,0.48,0.492,0.4782608695652174,0.088,0.14864864864864866,0.496,0.8165349960327148
"9,0,18,5,4,16,12,17,11,23,17,13,18,0,11",0.456,0.6,0.492,0.37777777777777777,0.136,0.2,0.456,0.7750728130340576
"10,14,9,23,0,4,10,18,14,4,19,2,10,0,11",0.452,0.61,0.49150000000000005,0.26,0.052,0.08666666666666667,0.452,0.8632948398590088
"16,15,8,1,4,16,5,15,9,8,0,13,14,4,2",0.492,0.49,0.4915,0.49586776859504134,0.96,0.6539509536784741,0.492,0.7153677940368652
"3,4,15,20,8,2,11,7,18,17,9,16,5,9,1",0.502,0.46,0.4915,0.5161290322580645,0.064,0.11387900355871886,0.502,0.8226439952850342
"6,5,22,7,6,2,16,4,11,11,4,10,18,13,12",0.492,0.49,0.4915,0.3333333333333333,0.016,0.030534351145038167,0.492,0.6477370262145996
"9,16,11,15,19,10,4,2,22,5,9,1,11,9,19",0.478,0.53,0.491,0.4,0.088,0.14426229508196722,0.478,0.7840569019317627
"5,21,15,13,10,2,19,5,14,4,17,1,7,21,4",0.478,0.53,0.491,0.21052631578947367,0.016,0.02973977695167286,0.478,0.8817234039306641
"12,5,18,8,13,3,11,7,5,18,8,2,19,17,6",0.498,0.47,0.491,0.4838709677419355,0.06,0.10676156583629894,0.498,0.9999728202819824
"17,5,18,7,21,2,16,4,13,11,4,13,21,2,12",0.444,0.63,0.49050000000000005,0.4090909090909091,0.252,0.3118811881188119,0.444,0.9584784507751465
"22,12,5,13,22,1,13,8,4,13,21,1,7,22,4",0.484,0.51,0.4905,0.491701244813278,0.948,0.6475409836065574,0.484,0.7408649921417236
"14,9,16,22,11,10,12,19,1,16,9,18,19,13,11",0.434,0.66,0.4905,0.39215686274509803,0.24,0.2977667493796526,0.434,1.9843308925628662
"13,9,1,6,13,1,14,8,10,8,4,22,9,8,5",0.484,0.51,0.4905,0.4895287958115183,0.748,0.5917721518987342,0.484,0.7706925868988037
"0,13,0,9,7,19,10,16,22,13,18,16,6,17,21",0.514,0.42,0.4905,0.5101449275362319,0.704,0.5915966386554622,0.514,0.7727406024932861
"10,5,5,17,18,9,10,5,21,12,13,14,23,8,18",0.46,0.58,0.49,0.4180327868852459,0.204,0.27419354838709675,0.45999999999999996,0.9059579372406006
"5,4,16,18,17,1,8,5,13,15,0,11,1,14,3",0.44,0.64,0.49,0.4175824175824176,0.304,0.35185185185185186,0.43999999999999995,0.9264681339263916
"11,10,10,4,16,9,11,3,5,10,19,1,14,6,12",0.476,0.53,0.4895,0.47413793103448276,0.44,0.45643153526970953,0.476,0.8033139705657959
"15,22,11,7,13,23,2,6,14,9,8,4,3,2,11",0.496,0.47,0.4895,0.49122807017543857,0.224,0.3076923076923077,0.496,0.8003730773925781
"20,7,9,1,12,14,20,16,15,11,14,16,7,15,1",0.486,0.5,0.4895,0.49287169042769857,0.968,0.6531713900134952,0.486,0.735971212387085
"7,21,2,14,8,11,2,21,8,10,14,13,0,14,18",0.486,0.5,0.4895,0.49269311064718163,0.944,0.6474622770919067,0.486,0.7901668548583984
"9,20,9,22,4,2,2,15,22,6,3,15,11,13,5",0.482,0.51,0.489,0.43478260869565216,0.12,0.18808777429467086,0.482,0.8257803916931152
"6,3,3,22,13,17,13,10,18,11,9,2,2,10,8",0.432,0.66,0.489,0.375,0.204,0.26424870466321243,0.432,0.7948498725891113
"17,4,7,1,17,6,18,4,1,8,5,11,15,19,7",0.502,0.45,0.489,0.5012345679012346,0.812,0.6198473282442748,0.502,0.9225614070892334
"9,15,15,17,20,10,11,13,17,4,23,15,9,8,21",0.458,0.58,0.4885,0.34328358208955223,0.092,0.14511041009463724,0.45799999999999996,0.9994738101959229
"10,9,5,8,18,8,1,12,21,4,5,7,19,8,4",0.488,0.49,0.4885,0.49372384937238495,0.944,0.6483516483516484,0.488,0.7223310470581055
"6,8,22,12,21,8,10,10,8,10,22,0,14,3,22",0.504,0.44,0.488,0.5020576131687243,0.976,0.6630434782608695,0.504,0.6929934024810791
"8,9,12,19,3,19,6,13,8,16,6,11,2,4,17",0.5,0.45,0.4875,0.5,0.984,0.6630727762803235,0.5,2.359492778778076
"17,17,22,4,9,6,21,3,6,8,13,14,5,8,1",0.506,0.43,0.487,0.5030800821355236,0.98,0.6648575305291723,0.506,0.9022362232208252
"4,21,14,16,0,3,1,10,13,12,8,21,2,5,13",0.466,0.55,0.487,0.47157190635451507,0.564,0.5136612021857924,0.46599999999999997,0.7785632610321045
"22,8,21,8,9,0,2,15,19,7,18,16,18,10,2",0.492,0.47,0.4865,0.4927536231884058,0.544,0.5171102661596958,0.492,0.9689841270446777
"9,0,17,5,18,14,3,18,8,20,5,5,12,19,0",0.478,0.51,0.486,0.4744186046511628,0.408,0.43870967741935485,0.478,0.8731136322021484
"16,2,4,7,0,5,12,1,11,23,13,23,7,19,13",0.508,0.42,0.486,0.5075187969924813,0.54,0.5232558139534884,0.508,0.7188215255737305
"11,5,14,5,2,11,5,12,12,4,14,8,14,11,14",0.498,0.45,0.486,0.4989106753812636,0.916,0.6459802538787024,0.498,0.648923397064209
"9,17,6,19,10,6,8,22,12,21,8,10,10,8,10",0.478,0.51,0.486,0.3877551020408163,0.076,0.12709030100334448,0.478,0.9923462867736816
"7,16,5,22,4,17,17,15,6,12,14,7,19,10,11",0.498,0.45,0.486,0.4444444444444444,0.016,0.03088803088803089,0.498,0.8391449451446533
"10,11,1,14,11,17,21,8,6,2,16,3,6,12,10",0.48,0.5,0.485,0.48737373737373735,0.772,0.5975232198142415,0.48,0.7376093864440918
"22,4,17,17,15,6,12,14,7,19,10,11,11,11,22",0.41,0.71,0.485,0.21518987341772153,0.068,0.1033434650455927,0.41000000000000003,0.9330663681030273
"14,21,9,20,17,1,8,23,7,5,0,8,6,5,12",0.48,0.5,0.485,0.48756218905472637,0.784,0.6012269938650306,0.48,0.7394886016845703
"13,15,0,11,1,14,3,8,1,6,23,8,3,14,16",0.49,0.47,0.485,0.4948665297741273,0.964,0.6540027137042063,0.49,0.6846659183502197
"23,5,5,3,10,14,12,9,5,2,13,11,19,18,1",0.48,0.5,0.485,0.14285714285714285,0.008,0.015151515151515152,0.48,1.599395513534546
"17,4,9,1,2,5,0,5,6,0,6,6,9,14,21",0.516,0.39,0.48450000000000004,0.5122699386503068,0.668,0.5798611111111112,0.516,0.5983352661132812
"15,10,16,5,23,6,11,10,20,6,12,4,23,10,14",0.472,0.52,0.484,0.4810810810810811,0.712,0.5741935483870968,0.472,0.9326229095458984
"14,3,18,8,20,5,5,12,19,0,1,14,6,4,6",0.488,0.47,0.48350000000000004,0.38461538461538464,0.04,0.07246376811594203,0.48800000000000004,0.812406063079834
"10,20,14,2,10,18,4,5,2,3,6,3,0,6,19",0.438,0.62,0.48350000000000004,0.45427728613569324,0.616,0.5229202037351444,0.438,1.6947603225708008
"12,9,16,11,15,19,10,4,2,22,5,9,1,11,9",0.478,0.5,0.4835,0.48769574944071586,0.872,0.6255380200860832,0.478,0.8045294284820557
"14,17,14,8,14,13,8,13,9,1,6,13,1,14,8",0.428,0.65,0.4835,0.453125,0.696,0.5488958990536278,0.428,0.7720823287963867
"14,16,1,13,14,0,10,20,14,2,10,18,4,5,2",0.488,0.47,0.4835,0.4854368932038835,0.4,0.43859649122807015,0.488,0.7048161029815674
"16,15,11,14,16,7,15,1,13,4,10,23,8,14,3",0.474,0.51,0.48300000000000004,0.48643006263048016,0.932,0.6392318244170097,0.47400000000000003,0.8425040245056152
"8,22,12,21,8,10,10,8,10,22,0,14,3,22,15",0.484,0.48,0.483,0.4918032786885246,0.96,0.6504065040650406,0.484,0.7653074264526367
"14,4,7,1,17,6,6,4,13,10,17,11,17,19,7",0.474,0.51,0.483,0.3673469387755102,0.072,0.12040133779264214,0.474,0.9515199661254883
"6,10,15,1,19,5,0,11,10,15,9,6,4,0,19",0.49,0.46,0.4825,0.4827586206896552,0.28,0.35443037974683544,0.49,0.861832857131958
"19,8,11,5,22,13,2,5,13,8,12,9,9,14,10",0.44,0.61,0.48249999999999993,0.3706896551724138,0.172,0.23497267759562843,0.43999999999999995,0.8067953586578369
"10,0,13,0,2,1,4,4,15,2,1,1,13,10,7",0.506,0.41,0.482,0.5037783375314862,0.8,0.6182380216383307,0.506,0.6139600276947021
"3,6,10,6,1,22,16,15,8,1,4,16,5,15,9",0.468,0.52,0.48100000000000004,0.13636363636363635,0.012,0.022058823529411766,0.468,0.7046878337860107
"9,5,14,5,2,11,7,12,23,8,7,5,12,11,14",0.478,0.49,0.481,0.4654088050314465,0.296,0.3618581907090464,0.478,0.7644948959350586
"9,0,8,14,5,15,13,10,15,14,6,8,2,4,17",0.498,0.43,0.481,0.4981684981684982,0.544,0.5200764818355641,0.498,0.8159761428833008
"19,1,1,7,13,1,21,8,14,9,20,7,19,3,1",0.498,0.43,0.481,0.4761904761904761,0.04,0.07380073800738,0.498,1.1128885746002195
"5,4,7,1,17,6,3,17,2,23,14,11,21,0,7",0.468,0.52,0.481,0.42857142857142855,0.192,0.26519337016574585,0.46799999999999997,0.9191398620605469
"13,12,7,13,15,6,9,17,6,15,0,14,23,15,17",0.46,0.54,0.48000000000000004,0.36486486486486486,0.108,0.16666666666666666,0.46,0.755164384841919
"17,6,8,9,15,15,17,20,10,11,13,17,4,23,15",0.49,0.45,0.48,0.4948665297741273,0.964,0.6540027137042063,0.49,0.9784221649169922
"16,9,11,10,7,1,8,16,13,15,2,16,8,4,21",0.446,0.58,0.47950000000000004,0.3516483516483517,0.128,0.187683284457478,0.446,0.770012617111206
"10,15,1,5,11,10,10,4,16,9,11,3,5,10,19",0.476,0.49,0.47950000000000004,0.35,0.056,0.09655172413793103,0.47600000000000003,0.7072553634643555
"1,6,23,8,3,14,16,1,13,14,0,10,20,14,2",0.476,0.49,0.4795,0.4387755102040816,0.172,0.2471264367816092,0.476,0.7236175537109375
"6,8,9,15,15,17,20,10,11,13,17,4,23,15,9",0.482,0.47,0.479,0.4723926380368098,0.308,0.3728813559322034,0.482,0.92372727394104
"11,8,11,4,10,8,3,7,6,10,21,9,10,2,9",0.482,0.47,0.479,0.09090909090909091,0.004,0.007662835249042145,0.482,0.7159349918365479
"13,10,5,10,19,0,2,18,16,8,6,7,21,5,17",0.488,0.45,0.47850000000000004,0.49356223175965663,0.92,0.6424581005586593,0.48800000000000004,1.781010627746582
"14,3,8,1,6,23,8,3,14,16,1,13,14,0,10",0.478,0.48,0.4785,0.4098360655737705,0.1,0.1607717041800643,0.478,0.7314224243164062
"22,2,7,15,18,17,11,13,9,1,21,1,12,17,22",0.488,0.45,0.4785,0.4919786096256685,0.736,0.5897435897435898,0.488,0.9629161357879639
"9,12,19,16,15,5,23,12,13,14,10,2,16,5,10",0.44,0.59,0.47750000000000004,0.42424242424242425,0.336,0.375,0.44000000000000006,0.8347516059875488
"5,3,12,17,10,20,15,14,0,14,10,18,13,18,15",0.466,0.51,0.477,0.44970414201183434,0.304,0.3627684964200477,0.46599999999999997,0.8309326171875
"23,7,0,21,1,0,11,10,4,22,10,20,7,10,20",0.466,0.51,0.477,0.38028169014084506,0.108,0.16822429906542055,0.46599999999999997,0.70920729637146
"9,10,3,3,16,12,21,13,23,0,0,17,15,2,16",0.486,0.45,0.477,0.4728682170542636,0.244,0.32189973614775724,0.486,0.7818760871887207
"12,8,21,2,5,13,1,2,16,18,3,12,4,0,9",0.442,0.58,0.47650000000000003,0.4337899543378995,0.38,0.4051172707889126,0.442,0.8088400363922119
"18,9,10,5,21,12,13,14,23,8,18,0,5,14,7",0.428,0.62,0.476,0.3269230769230769,0.136,0.192090395480226,0.428,0.7534193992614746
"5,12,1,11,23,13,23,7,19,13,1,7,15,10,16",0.448,0.56,0.476,0.4601226993865031,0.6,0.5208333333333334,0.44799999999999995,0.7674307823181152
"7,9,8,3,12,15,18,17,12,9,22,1,9,16,4",0.448,0.56,0.476,0.3673469387755102,0.144,0.20689655172413793,0.448,0.9199779033660889
"19,12,19,9,1,4,17,10,17,19,0,2,16,6,4",0.474,0.48,0.4755,0.40298507462686567,0.108,0.17034700315457413,0.474,1.4421322345733643
"8,14,2,22,14,5,18,3,3,15,16,11,11,14,17",0.47,0.49,0.475,0.4623115577889447,0.368,0.40979955456570155,0.47,0.8102016448974609
"18,1,10,5,4,4,2,8,8,16,11,6,10,15,1",0.446,0.56,0.47450000000000003,0.3548387096774194,0.132,0.1924198250728863,0.446,0.7152674198150635
"6,3,13,13,20,1,16,10,6,9,20,17,18,17,12",0.486,0.44,0.47450000000000003,0.47107438016528924,0.228,0.30727762803234504,0.486,1.0876011848449707
"15,9,11,8,19,13,3,21,13,18,14,15,4,13,12",0.406,0.68,0.4745,0.3401360544217687,0.2,0.2518891687657431,0.406,0.7566514015197754
"17,22,16,12,18,18,6,5,7,0,12,3,11,13,15",0.456,0.53,0.4745,0.453781512605042,0.432,0.4426229508196721,0.45599999999999996,1.2470781803131104
"12,13,8,2,11,8,11,4,10,8,3,7,6,10,21",0.486,0.44,0.4745,0.472,0.236,0.31466666666666665,0.486,0.6865949630737305
"9,12,3,4,15,20,8,2,11,7,18,17,9,16,5",0.482,0.45,0.474,0.48249027237354086,0.496,0.4891518737672584,0.482,0.775360107421875
"5,13,15,0,11,1,14,3,8,1,6,23,8,3,14",0.472,0.48,0.474,0.4845814977973568,0.88,0.625,0.472,0.8210809230804443
"16,4,2,2,20,8,5,6,0,16,15,12,3,10,19",0.478,0.46,0.4735,0.45985401459854014,0.252,0.32558139534883723,0.478,0.6493179798126221
"6,23,8,3,14,16,1,13,14,0,10,20,14,2,10",0.444,0.56,0.473,0.4230769230769231,0.308,0.35648148148148145,0.44399999999999995,0.6713762283325195
"10,3,3,16,12,21,13,23,0,0,17,15,2,16,13",0.436,0.58,0.47200000000000003,0.4,0.256,0.3121951219512195,0.436,0.6949667930603027
"4,4,18,1,17,6,3,4,2,23,14,11,7,19,7",0.416,0.64,0.47200000000000003,0.4270833333333333,0.492,0.45724907063197023,0.41600000000000004,1.1498312950134277
"14,4,3,5,21,7,17,18,5,6,9,23,13,23,15",0.476,0.46,0.472,0.16666666666666666,0.012,0.022388059701492536,0.476,0.8729712963104248
"11,16,4,23,5,13,0,3,13,1,12,11,23,15,22",0.446,0.55,0.472,0.2711864406779661,0.064,0.10355987055016182,0.44599999999999995,0.7181529998779297
"4,22,7,21,2,14,8,11,2,21,8,10,14,13,0",0.512,0.35,0.47150000000000003,0.5129310344827587,0.476,0.49377593360995853,0.512,0.7358517646789551
"5,16,7,1,17,6,3,17,2,23,14,11,18,0,7",0.452,0.53,0.4715,0.4294117647058823,0.292,0.3476190476190476,0.45199999999999996,1.096855640411377
"17,0,1,16,16,21,2,16,9,8,18,13,19,6,1",0.448,0.54,0.47100000000000003,0.4419642857142857,0.396,0.4177215189873418,0.448,1.1584341526031494
"15,8,9,10,0,20,11,9,4,17,15,16,21,9,18",0.454,0.52,0.47050000000000003,0.07407407407407407,0.008,0.01444043321299639,0.454,0.742178201675415
"3,13,13,15,2,12,12,22,15,8,13,11,23,12,7",0.464,0.49,0.4705,0.4676258992805755,0.52,0.49242424242424243,0.46399999999999997,0.760936975479126
"13,18,16,6,17,21,12,20,11,8,5,1,15,12,18",0.46,0.5,0.47000000000000003,0.375,0.12,0.18181818181818182,0.46,0.7778985500335693
"10,19,0,2,18,16,8,6,7,21,5,17,0,18,2",0.51,0.35,0.47,0.5342465753424658,0.156,0.24148606811145512,0.51,2.0497827529907227
"9,20,17,18,17,12,14,13,0,12,20,4,13,23,6",0.496,0.39,0.46950000000000003,0.49523809523809526,0.416,0.45217391304347826,0.496,1.0825436115264893
"19,0,6,0,7,17,13,10,9,5,8,18,8,1,12",0.452,0.52,0.46900000000000003,0.4523809523809524,0.456,0.4541832669322709,0.452,0.7984263896942139
"15,20,8,2,11,7,18,17,9,16,5,9,1,2,8",0.498,0.38,0.4685,0.496551724137931,0.288,0.36455696202531646,0.498,0.8379254341125488
"6,10,23,13,17,11,12,6,3,3,8,2,13,11,3",0.444,0.54,0.468,0.41566265060240964,0.276,0.3317307692307692,0.444,0.7061431407928467
"11,0,4,21,13,10,8,1,18,11,0,4,16,13,20",0.47,0.46,0.46749999999999997,0.391304347826087,0.108,0.16927899686520376,0.47,0.710629940032959
"0,11,0,16,5,22,4,17,17,15,6,12,14,7,19",0.538,0.25,0.466,0.5387755102040817,0.528,0.5333333333333333,0.538,0.8171534538269043
"10,10,10,18,0,9,2,13,12,22,3,4,1,8,7",0.454,0.5,0.4655,0.4599303135888501,0.528,0.4916201117318435,0.454,0.6902217864990234
"5,23,6,11,10,20,6,12,4,23,10,14,9,4,4",0.484,0.41,0.4655,0.478494623655914,0.356,0.40825688073394495,0.484,0.6612467765808105
"1,18,4,3,7,4,9,17,3,5,1,18,13,1,8",0.45,0.51,0.465,0.4497991967871486,0.448,0.44889779559118237,0.45,1.1687853336334229
"0,3,14,1,7,22,15,15,15,19,5,18,18,9,3",0.47,0.45,0.46499999999999997,0.48226950354609927,0.816,0.6062407132243685,0.47,2.1807026863098145
"9,6,8,7,20,2,1,9,6,20,12,2,2,22,5",0.47,0.45,0.46499999999999997,0.38095238095238093,0.096,0.15335463258785942,0.47,0.6474990844726562
"16,5,9,1,2,8,1,21,7,17,7,9,10,13,3",0.428,0.57,0.4635000000000001,0.4323308270676692,0.46,0.44573643410852715,0.42800000000000005,0.7347586154937744
"16,4,5,7,9,14,8,7,9,9,8,2,14,12,16",0.508,0.33,0.4635,0.5048780487804878,0.828,0.6272727272727273,0.508,0.8474266529083252
"0,3,15,12,17,4,18,5,4,16,18,17,1,8,5",0.438,0.54,0.4635,0.3368421052631579,0.128,0.1855072463768116,0.438,1.3255958557128906
"13,14,0,10,20,14,2,10,18,4,5,2,3,6,3",0.43,0.56,0.4625,0.457002457002457,0.744,0.5662100456621004,0.43,0.6990687847137451
"12,8,3,10,8,7,11,9,16,13,2,19,7,2,1",0.48,0.41,0.4625,0.47844827586206895,0.444,0.4605809128630705,0.48,0.7548034191131592
"8,11,5,22,13,2,5,13,8,12,9,9,14,10,11",0.432,0.55,0.4615000000000001,0.3671875,0.188,0.24867724867724866,0.43200000000000005,0.7586350440979004
"15,23,7,0,21,1,0,11,10,4,22,10,20,7,10",0.482,0.4,0.4615,0.4884910485933504,0.764,0.5959438377535101,0.482,0.7855002880096436
"2,7,15,18,17,11,13,9,1,21,1,12,17,22,10",0.438,0.53,0.461,0.36036036036036034,0.16,0.22160664819944598,0.438,0.9368743896484375
"10,10,11,1,14,11,17,21,8,6,2,16,3,6,12",0.438,0.53,0.461,0.46035805626598464,0.72,0.5616224648985959,0.438,0.7044315338134766
"22,0,12,7,14,8,20,10,19,10,15,19,1,6,2",0.418,0.59,0.46099999999999997,0.42704626334519574,0.48,0.4519774011299435,0.418,0.9108548164367676
"19,2,17,5,11,9,10,14,23,1,5,15,6,4,16",0.468,0.44,0.46099999999999997,0.38235294117647056,0.104,0.16352201257861634,0.46799999999999997,1.3312358856201172
"8,5,8,3,10,5,0,6,11,15,22,5,1,7,7",0.44,0.52,0.46,0.3404255319148936,0.128,0.18604651162790697,0.44,0.6675591468811035
"18,2,1,8,15,3,10,7,4,14,18,4,1,8,19",0.456,0.47,0.4595,0.21052631578947367,0.032,0.05555555555555555,0.456,0.8247182369232178
"7,11,0,18,1,18,19,5,15,19,15,1,10,1,9",0.456,0.47,0.4595,0.39,0.156,0.22285714285714286,0.456,2.4579951763153076
"15,9,6,4,0,19,8,6,1,18,19,19,4,18,2",0.432,0.54,0.4590000000000001,0.25,0.068,0.1069182389937107,0.43200000000000005,4.316066741943359
"23,7,19,13,1,7,15,10,16,5,23,6,11,10,20",0.448,0.49,0.4585,0.4619883040935672,0.632,0.5337837837837838,0.448,0.7773618698120117
"19,10,15,19,1,6,2,2,3,10,14,9,23,0,4",0.458,0.46,0.4585,0.46366782006920415,0.536,0.4972170686456401,0.458,1.2305059432983398
"0,6,3,14,6,14,7,13,16,16,13,3,16,12,9",0.458,0.46,0.45849999999999996,0.4668769716088328,0.592,0.5220458553791887,0.45799999999999996,0.6862707138061523
"9,7,19,10,16,22,13,18,16,6,17,21,12,20,11",0.444,0.5,0.458,0.40540540540540543,0.24,0.3015075376884422,0.444,0.9277656078338623
"8,14,13,8,13,9,1,6,13,1,14,8,10,8,4",0.484,0.38,0.45799999999999996,0.4898989898989899,0.776,0.6006191950464397,0.484,0.6828494071960449
"6,4,18,7,4,16,12,17,11,23,17,13,18,0,11",0.474,0.41,0.45799999999999996,0.4846335697399527,0.82,0.6092124814264487,0.474,0.8998427391052246
"12,2,4,15,6,3,20,9,22,16,14,11,4,12,18",0.436,0.52,0.457,0.4550561797752809,0.648,0.5346534653465347,0.436,0.767514705657959
"17,6,18,5,15,16,18,10,1,8,5,13,15,0,5",0.442,0.5,0.4565,0.3986013986013986,0.228,0.2900763358778626,0.442,1.0679428577423096
"2,8,10,7,6,20,4,10,12,5,22,1,7,9,23",0.472,0.41,0.4565,0.42857142857142855,0.168,0.2413793103448276,0.47200000000000003,0.7765049934387207
"3,2,11,12,12,15,8,9,4,15,5,1,11,2,21",0.452,0.47,0.45649999999999996,0.4625,0.592,0.519298245614035,0.45199999999999996,0.6859753131866455
"8,5,8,15,14,14,4,6,14,11,16,4,23,5,13",0.434,0.52,0.4555,0.4326530612244898,0.424,0.42828282828282827,0.434,0.7600903511047363
"14,16,13,0,19,5,14,1,10,5,5,23,6,9,14",0.394,0.64,0.4555,0.24271844660194175,0.1,0.141643059490085,0.39399999999999996,0.7273132801055908
"10,9,3,7,7,21,12,3,10,23,16,12,21,8,13",0.46,0.44,0.455,0.47474747474747475,0.752,0.5820433436532507,0.46,0.7938969135284424
"0,0,3,15,12,17,4,18,5,4,16,18,17,1,8",0.43,0.53,0.455,0.23880597014925373,0.064,0.10094637223974763,0.43000000000000005,1.2497012615203857
"6,4,7,1,17,6,12,4,11,23,17,11,18,19,7",0.446,0.48,0.4545,0.30985915492957744,0.088,0.13707165109034267,0.446,1.532240867614746
"11,15,8,5,1,13,19,2,7,2,0,14,15,20,15",0.438,0.5,0.4535,0.4236453201970443,0.344,0.37969094922737306,0.438,0.7751603126525879
"17,4,18,5,15,16,18,10,1,8,5,13,15,0,5",0.438,0.5,0.4535,0.38345864661654133,0.204,0.26631853785900783,0.438,1.0728542804718018
"12,11,18,1,10,5,4,4,2,8,8,16,11,6,10",0.416,0.56,0.45200000000000007,0.4009433962264151,0.34,0.36796536796536794,0.41600000000000004,0.6563718318939209
"17,4,10,19,0,6,0,7,17,13,10,9,5,8,18",0.498,0.31,0.451,0.494949494949495,0.196,0.2808022922636103,0.498,0.7344532012939453
"21,12,20,11,8,5,1,15,12,18,15,11,21,17,13",0.424,0.53,0.45050000000000007,0.203125,0.052,0.08280254777070063,0.42400000000000004,0.7382857799530029
"11,18,8,23,6,2,6,6,3,1,12,7,10,9,21",0.41,0.57,0.45,0.41312741312741313,0.428,0.4204322200392927,0.41000000000000003,0.7182331085205078
"1,6,2,2,3,10,14,9,23,0,4,10,18,14,4",0.44,0.48,0.44999999999999996,0.25,0.06,0.0967741935483871,0.43999999999999995,0.7656028270721436
"4,17,12,10,3,22,8,22,7,0,8,14,1,1,14",0.416,0.55,0.4495,0.2980769230769231,0.124,0.1751412429378531,0.416,0.8614237308502197
"8,19,4,7,11,0,18,1,18,19,5,15,19,15,1",0.442,0.47,0.449,0.39097744360902253,0.208,0.27154046997389036,0.442,2.44438099861145
"22,16,2,4,7,0,5,12,1,11,23,13,23,7,19",0.398,0.6,0.4485,0.08196721311475409,0.02,0.03215434083601286,0.398,0.8161168098449707
"6,0,16,15,12,3,10,19,15,0,13,0,9,7,19",0.438,0.48,0.4485,0.3798449612403101,0.196,0.25857519788918204,0.43800000000000006,0.9359469413757324
"8,3,10,8,7,11,9,16,13,2,19,7,2,1,2",0.428,0.51,0.4485,0.4166666666666667,0.36,0.38626609442060084,0.428,0.7468054294586182
"23,13,10,17,10,10,11,1,14,11,17,21,8,6,2",0.404,0.58,0.448,0.34615384615384615,0.216,0.2660098522167488,0.40399999999999997,0.8096613883972168
"12,15,18,8,13,10,2,20,14,0,14,6,0,5,10",0.414,0.55,0.448,0.18840579710144928,0.052,0.08150470219435736,0.41400000000000003,0.7130680084228516
"16,5,10,0,23,1,14,18,19,15,17,1,9,12,10",0.4,0.59,0.4475,0.2950819672131147,0.144,0.1935483870967742,0.4,1.753016471862793
"7,14,10,14,18,5,9,10,7,9,8,3,12,15,18",0.416,0.54,0.44700000000000006,0.432258064516129,0.536,0.4785714285714286,0.41600000000000004,0.8380043506622314
"8,23,2,13,7,3,4,4,21,5,16,5,10,5,8",0.422,0.52,0.4465,0.3741935483870968,0.232,0.28641975308641976,0.422,0.710089921951294
"4,0,19,8,6,1,18,19,19,4,18,2,16,4,5",0.428,0.5,0.446,0.330188679245283,0.14,0.19662921348314608,0.428,4.462801694869995
"13,23,7,19,13,1,7,15,10,16,5,23,6,11,10",0.434,0.48,0.4455,0.21052631578947367,0.048,0.0781758957654723,0.434,0.6896824836730957
"6,6,8,9,0,17,5,18,14,3,18,8,20,5,5",0.412,0.54,0.44400000000000006,0.3472222222222222,0.2,0.25380710659898476,0.41200000000000003,0.964015007019043
"8,5,12,2,18,17,16,1,0,16,11,5,13,18,6",0.442,0.45,0.444,0.430622009569378,0.36,0.39215686274509803,0.442,0.8903470039367676
"12,0,16,9,11,10,7,1,8,16,13,15,2,16,8",0.462,0.39,0.44399999999999995,0.4095238095238095,0.172,0.24225352112676057,0.46199999999999997,0.7341372966766357
"22,0,3,14,1,7,22,15,15,15,19,5,18,18,9",0.448,0.43,0.4435,0.45112781954887216,0.48,0.46511627906976744,0.44799999999999995,2.188443422317505
"8,7,9,9,8,2,14,12,16,14,14,2,13,3,4",0.424,0.5,0.443,0.4095238095238095,0.344,0.3739130434782609,0.424,0.687586784362793
"7,15,10,16,5,23,6,11,10,20,6,12,4,23,10",0.434,0.47,0.443,0.45454545454545453,0.66,0.5383360522022839,0.434,0.7086565494537354
"12,5,15,11,20,9,17,9,0,0,22,10,21,15,20",0.464,0.38,0.44299999999999995,0.47115384615384615,0.588,0.5231316725978647,0.46399999999999997,0.7580664157867432
"9,10,5,7,2,22,3,3,12,15,18,8,13,10,2",0.446,0.43,0.44199999999999995,0.44206008583690987,0.412,0.42650103519668736,0.44599999999999995,0.7176470756530762
"23,16,21,2,3,7,9,9,20,9,22,4,2,2,15",0.422,0.5,0.4415,0.4360655737704918,0.532,0.47927927927927927,0.42200000000000004,1.1963229179382324
"15,13,9,12,7,7,7,5,22,12,0,0,13,7,11",0.484,0.31,0.4405,0.4863013698630137,0.568,0.5239852398523985,0.484,0.7782244682312012
"17,18,9,10,5,21,12,13,14,23,8,18,0,5,14",0.43,0.47,0.44,0.2222222222222222,0.056,0.08945686900958466,0.43000000000000005,0.9394629001617432
"5,13,12,7,13,15,6,9,17,6,15,0,14,23,15",0.394,0.57,0.438,0.3333333333333333,0.212,0.2591687041564792,0.39399999999999996,0.7316992282867432
"8,10,22,5,3,12,17,10,20,15,14,0,14,10,18",0.43,0.46,0.4375,0.391304347826087,0.252,0.30656934306569344,0.43,0.7287964820861816
"16,8,6,7,21,5,17,0,18,2,14,5,6,16,13",0.43,0.46,0.4375,0.2988505747126437,0.104,0.1543026706231454,0.43,0.9056310653686523
"11,13,17,4,23,15,9,8,21,1,12,19,1,1,6",0.396,0.56,0.437,0.3433734939759036,0.228,0.27403846153846156,0.39599999999999996,1.0083632469177246
"12,5,3,6,10,6,1,22,16,15,8,1,4,16,5",0.422,0.48,0.4365,0.37735849056603776,0.24,0.293398533007335,0.422,0.6783459186553955
"10,15,9,6,4,0,19,8,6,1,18,19,19,4,18",0.452,0.39,0.4365,0.34615384615384615,0.108,0.16463414634146342,0.452,4.199766635894775
"13,2,5,13,8,12,9,9,14,10,11,4,21,2,9",0.428,0.46,0.436,0.4274193548387097,0.424,0.42570281124497994,0.428,0.7267923355102539
"7,2,4,5,6,2,8,9,7,10,0,13,17,17,7",0.404,0.53,0.43550000000000005,0.3620689655172414,0.252,0.2971698113207547,0.404,0.7515168190002441
"20,12,0,16,9,11,10,7,1,8,16,13,15,2,16",0.43,0.45,0.435,0.45042492917847027,0.636,0.527363184079602,0.43,0.7662167549133301
"22,1,13,8,4,13,21,1,7,22,4,15,20,7,4",0.418,0.48,0.4335,0.44321329639889195,0.64,0.5237315875613748,0.41800000000000004,0.7805666923522949
"0,2,1,4,4,15,2,1,1,13,10,7,1,23,1",0.404,0.52,0.43300000000000005,0.43717277486910994,0.668,0.5284810126582279,0.404,0.674628734588623
"17,13,7,11,9,3,0,15,3,0,18,9,18,11,8",0.498,0.23,0.431,0.4961832061068702,0.26,0.34120734908136485,0.498,0.7416069507598877
"12,9,9,14,10,11,4,21,2,9,13,7,4,21,1",0.444,0.39,0.4305,0.44696969696969696,0.472,0.4591439688715953,0.44399999999999995,0.7745943069458008
"7,15,8,9,10,0,20,11,9,4,17,15,16,21,9",0.42,0.46,0.43,0.3611111111111111,0.208,0.2639593908629442,0.42,0.8526713848114014
"17,4,18,5,11,16,12,7,13,23,17,13,18,0,11",0.526,0.14,0.4295,0.5186246418338109,0.724,0.6043405676126878,0.526,0.918621301651001
"5,4,7,5,17,16,12,17,2,23,17,11,7,19,11",0.426,0.44,0.4295,0.2967032967032967,0.108,0.15835777126099707,0.426,1.807844638824463
"11,6,1,3,2,3,9,3,19,9,7,20,9,0,3",0.396,0.53,0.4295,0.4226190476190476,0.568,0.48464163822525597,0.39599999999999996,0.6253833770751953
"9,17,9,0,0,22,10,21,15,20,3,10,9,3,7",0.412,0.48,0.42900000000000005,0.3942307692307692,0.328,0.35807860262008734,0.41200000000000003,0.7031106948852539
"5,7,9,14,8,7,9,9,8,2,14,12,16,14,14",0.398,0.52,0.4285,0.3559322033898305,0.252,0.29508196721311475,0.398,0.8329033851623535
"3,5,21,7,17,18,5,6,9,23,13,23,15,0,7",0.404,0.5,0.42800000000000005,0.4024390243902439,0.396,0.39919354838709675,0.404,0.8609826564788818
"20,10,19,10,15,19,1,6,2,2,3,10,14,9,23",0.426,0.42,0.4245,0.40512820512820513,0.316,0.3550561797752809,0.42600000000000005,1.1949405670166016
"7,17,21,6,1,4,16,1,3,15,5,14,3,0,19",0.402,0.49,0.424,0.26666666666666666,0.112,0.15774647887323945,0.40199999999999997,1.28690505027771
"5,6,7,5,4,16,18,17,13,8,5,11,15,0,11",0.408,0.47,0.4235,0.4311377245508982,0.576,0.4931506849315068,0.408,0.8455069065093994
"17,21,12,20,11,8,5,1,15,12,18,15,11,21,17",0.436,0.38,0.42200000000000004,0.38405797101449274,0.212,0.27319587628865977,0.436,0.796865701675415
"11,8,5,1,15,12,18,15,11,21,17,13,7,11,9",0.372,0.57,0.42150000000000004,0.4024390243902439,0.528,0.45674740484429066,0.372,0.7159981727600098
"0,4,21,13,10,8,1,18,11,0,4,16,13,20,6",0.402,0.48,0.4215,0.3793103448275862,0.308,0.33995584988962474,0.402,0.785231351852417
"19,5,18,7,21,2,16,4,4,11,8,17,21,2,12",0.408,0.46,0.42100000000000004,0.37222222222222223,0.268,0.3116279069767442,0.40800000000000003,2.012160062789917
"21,7,17,18,5,6,9,23,13,23,15,0,7,19,8",0.398,0.49,0.421,0.39591836734693875,0.388,0.39191919191919194,0.398,0.8601198196411133
"12,7,23,8,11,2,4,5,16,21,17,13,2,14,10",0.376,0.55,0.41950000000000004,0.30128205128205127,0.188,0.2315270935960591,0.376,1.0492260456085205
"18,8,4,6,5,13,8,17,17,9,6,8,7,20,2",0.396,0.49,0.41950000000000004,0.4312169312169312,0.652,0.5191082802547771,0.396,0.8072736263275146
"6,11,17,1,2,11,22,7,16,8,17,1,12,4,6",0.408,0.45,0.4185,0.4276729559748428,0.544,0.4788732394366197,0.408,0.755958080291748
"2,8,8,16,11,6,10,15,1,19,5,0,11,10,15",0.428,0.39,0.4185,0.44545454545454544,0.588,0.506896551724138,0.428,0.8243088722229004
"16,5,14,23,7,21,12,14,4,3,8,7,9,5,17",0.428,0.39,0.4185,0.44610778443113774,0.596,0.5102739726027398,0.428,0.7547237873077393
"15,0,11,1,14,3,8,1,6,23,8,3,14,16,1",0.404,0.46,0.41800000000000004,0.3235294117647059,0.176,0.22797927461139897,0.404,0.7626943588256836
"2,5,0,1,10,20,8,5,17,12,3,14,22,13,11",0.4,0.47,0.41750000000000004,0.4198717948717949,0.524,0.46619217081850534,0.4,0.7237973213195801
"15,0,7,19,8,5,8,15,14,14,4,6,14,11,16",0.382,0.52,0.4165,0.35609756097560974,0.292,0.3208791208791209,0.382,0.7995953559875488
"15,8,22,10,12,7,9,19,10,0,6,22,9,19,1",0.39,0.49,0.415,0.23809523809523808,0.1,0.14084507042253522,0.39,0.8302493095397949
"13,0,2,1,4,4,15,2,1,1,13,10,7,1,23",0.382,0.5,0.4115,0.3815261044176707,0.38,0.3807615230460922,0.382,0.6542277336120605
"22,12,5,18,8,13,3,11,7,5,18,8,2,19,17",0.374,0.51,0.408,0.3574660633484163,0.316,0.3354564755838641,0.374,1.0193068981170654
"5,9,10,7,9,8,3,12,15,18,17,12,9,22,1",0.406,0.41,0.40700000000000003,0.3964757709251101,0.36,0.37735849056603776,0.406,0.9216790199279785
"18,17,4,10,19,0,6,0,7,17,13,10,9,5,8",0.518,0.07,0.406,0.5104895104895105,0.876,0.6450662739322534,0.518,0.9656021595001221
"20,3,3,11,8,5,12,2,18,17,16,1,0,16,11",0.344,0.56,0.398,0.3488372093023256,0.36,0.3543307086614173,0.344,1.0044095516204834
"13,5,1,23,12,6,3,1,11,22,5,15,10,16,19",0.38,0.45,0.3975000000000001,0.2972972972972973,0.176,0.22110552763819097,0.38,0.8052127361297607
"4,7,19,10,18,0,14,1,4,2,5,0,1,10,20",0.376,0.46,0.397,0.3816793893129771,0.4,0.390625,0.376,0.6973307132720947
"0,16,5,22,4,17,17,20,4,12,14,7,19,10,11",0.522,0.02,0.3965,0.5260663507109005,0.444,0.48156182212581344,0.522,0.816260814666748
"3,0,19,10,19,8,11,5,22,13,2,5,13,8,12",0.354,0.51,0.39299999999999996,0.32367149758454106,0.268,0.29321663019693656,0.354,0.7734949588775635
"18,0,6,19,15,7,14,12,13,14,19,7,4,6,10",0.484,0.11,0.3905,0.48639455782312924,0.572,0.5257352941176471,0.484,1.7445428371429443
"21,7,2,2,20,7,9,1,12,14,20,16,15,11,14",0.366,0.46,0.38949999999999996,0.30177514792899407,0.204,0.24343675417661098,0.366,0.7620344161987305
"17,14,8,14,13,8,13,9,1,6,13,1,14,8,10",0.368,0.41,0.37850000000000006,0.381294964028777,0.424,0.4015151515151515,0.368,0.7469055652618408
"16,5,22,4,17,17,15,6,12,14,7,19,10,11,11",0.47,0.1,0.3775,0.3972602739726027,0.116,0.17956656346749225,0.47,0.9494671821594238
"5,4,7,5,11,16,12,7,11,23,17,13,18,0,11",0.342,0.47,0.374,0.25766871165644173,0.168,0.2033898305084746,0.342,0.6746125221252441
"19,4,18,2,16,4,5,7,9,14,8,7,9,9,8",0.482,0.05,0.374,0.4784688995215311,0.4,0.4357298474945534,0.482,2.0245134830474854
"17,18,5,6,9,23,13,23,15,0,7,19,8,5,8",0.482,0.05,0.374,0.4676258992805755,0.26,0.3341902313624679,0.482,0.864910364151001
