encoding,test accuracy,training accuracy,combined accuracy,test precision,test recall,test fscore,test auc,training time
"0,0,0,0,0,1,1,0,0,0,1,0,1,1,0,0,1,1,0,1,1",0.612,0.93,0.6915,0.6111111111111112,0.616,0.6135458167330677,0.612,0.6180243492126465
"0,1,1,1,1,0,1,1,0,1,0,0,1,1,1,0,1,1,0,0,0",0.598,0.91,0.676,0.5735735735735735,0.764,0.6552315608919382,0.598,0.6277892589569092
"0,1,1,1,1,0,1,1,0,1,0,0,1,0,1,1,1,1,0,0,0",0.598,0.91,0.676,0.5735735735735735,0.764,0.6552315608919382,0.598,0.6112720966339111
"0,1,1,1,1,0,1,1,0,1,0,0,0,0,1,1,1,1,0,0,0",0.598,0.91,0.676,0.5735735735735735,0.764,0.6552315608919382,0.598,0.5897266864776611
"0,1,1,1,1,0,1,1,0,1,0,0,1,0,1,0,1,1,0,0,0",0.598,0.91,0.676,0.5735735735735735,0.764,0.6552315608919382,0.598,0.6332488059997559
"0,1,1,1,1,0,1,1,1,1,0,0,0,0,1,1,1,1,0,0,0",0.598,0.91,0.676,0.5735735735735735,0.764,0.6552315608919382,0.598,0.6510217189788818
"0,1,1,1,1,0,1,1,0,1,0,0,0,0,1,1,0,1,0,0,0",0.598,0.91,0.676,0.5735735735735735,0.764,0.6552315608919382,0.598,0.5830039978027344
"0,1,1,1,1,0,1,1,1,1,0,0,0,0,1,1,0,1,0,0,0",0.598,0.91,0.676,0.5735735735735735,0.764,0.6552315608919382,0.598,0.623133659362793
"0,1,1,1,1,0,1,1,1,1,0,0,0,0,1,0,1,1,0,0,0",0.598,0.91,0.676,0.5735735735735735,0.764,0.6552315608919382,0.598,0.6059706211090088
"0,1,1,1,1,0,1,1,0,1,0,0,1,1,1,1,1,1,0,0,0",0.598,0.91,0.676,0.5735735735735735,0.764,0.6552315608919382,0.598,0.6625545024871826
"0,0,0,0,1,0,0,0,1,1,0,0,0,1,0,1,1,0,0,0,1",0.586,0.92,0.6695,0.5609065155807366,0.792,0.6567164179104478,0.5860000000000001,0.6072342395782471
"0,1,1,1,1,0,1,1,0,1,0,0,0,0,1,0,1,1,0,0,1",0.566,0.97,0.667,0.5437665782493368,0.82,0.6539074960127592,0.566,0.6307239532470703
"0,1,1,1,1,0,1,1,1,1,0,0,1,0,1,0,1,1,0,0,1",0.566,0.97,0.667,0.5437665782493368,0.82,0.6539074960127592,0.566,0.6277561187744141
"0,1,1,1,1,0,1,1,1,1,0,0,0,0,1,0,1,1,0,0,1",0.566,0.97,0.667,0.5437665782493368,0.82,0.6539074960127592,0.566,0.6005406379699707
"0,1,1,1,1,0,1,1,1,1,0,0,0,0,1,1,1,1,0,0,1",0.566,0.97,0.667,0.5437665782493368,0.82,0.6539074960127592,0.566,0.6232705116271973
"0,1,1,1,1,0,1,1,1,1,0,0,1,0,1,1,1,1,0,0,1",0.566,0.97,0.667,0.5437665782493368,0.82,0.6539074960127592,0.566,0.6193480491638184
"0,0,0,0,0,1,1,0,0,0,1,0,1,1,0,0,1,1,1,0,1",0.586,0.91,0.667,0.5661538461538461,0.736,0.64,0.586,0.7347867488861084
"0,1,1,1,1,0,1,1,0,1,0,0,1,0,1,1,1,1,0,0,1",0.566,0.97,0.667,0.5437665782493368,0.82,0.6539074960127592,0.566,0.6560709476470947
"0,1,1,1,1,0,1,1,0,1,0,0,1,0,1,0,1,1,0,0,1",0.566,0.97,0.667,0.5437665782493368,0.82,0.6539074960127592,0.566,0.6311619281768799
"0,1,1,1,1,0,1,1,0,1,0,0,0,0,1,1,1,1,0,0,1",0.566,0.97,0.667,0.5437665782493368,0.82,0.6539074960127592,0.566,0.6042239665985107
"0,0,0,0,0,1,1,1,0,1,0,0,0,0,1,1,1,1,1,0,1",0.578,0.92,0.6635,0.56,0.728,0.6330434782608696,0.578,0.6057460308074951
"0,1,1,1,1,0,1,1,1,1,0,0,1,0,1,1,0,1,0,0,1",0.594,0.87,0.663,0.5650969529085873,0.816,0.6677577741407529,0.594,0.6406040191650391
"0,1,1,1,1,0,1,0,1,1,0,0,0,0,1,1,0,0,1,0,1",0.574,0.93,0.663,0.5512465373961218,0.796,0.6513911620294599,0.5740000000000001,0.6243429183959961
"0,1,1,1,1,0,1,1,1,1,0,0,0,0,1,1,0,1,0,0,1",0.594,0.87,0.663,0.5650969529085873,0.816,0.6677577741407529,0.594,0.6278564929962158
"0,1,1,1,1,0,1,1,0,1,0,0,1,0,1,1,0,1,0,0,1",0.594,0.87,0.663,0.5650969529085873,0.816,0.6677577741407529,0.594,0.6184945106506348
"0,1,1,1,1,0,1,1,0,1,0,0,0,0,1,1,0,1,0,0,1",0.594,0.87,0.663,0.5650969529085873,0.816,0.6677577741407529,0.594,0.6399989128112793
"0,0,1,1,1,0,1,0,0,0,0,1,0,0,1,0,0,1,0,1,0",0.574,0.93,0.663,0.5545722713864307,0.752,0.6383701188455009,0.5740000000000001,0.572141170501709
"0,0,0,0,0,1,1,0,0,1,0,0,1,0,1,1,0,1,0,0,1",0.584,0.9,0.6629999999999999,0.565625,0.724,0.6350877192982456,0.584,0.5925900936126709
"0,1,1,1,1,0,1,1,0,1,0,0,1,1,1,1,1,1,0,0,1",0.562,0.95,0.659,0.5444126074498568,0.76,0.6343906510851419,0.562,0.5887389183044434
"0,0,0,0,0,1,1,1,0,1,0,0,0,0,1,1,1,1,0,1,1",0.58,0.89,0.6575,0.553475935828877,0.828,0.6634615384615384,0.58,0.7388551235198975
"0,1,1,1,1,0,1,0,1,1,0,0,0,0,1,0,0,0,0,0,1",0.58,0.88,0.655,0.5578034682080925,0.772,0.6476510067114094,0.5800000000000001,0.569713830947876
"0,0,0,0,0,1,1,0,0,0,1,0,1,1,0,1,1,1,1,0,1",0.57,0.91,0.655,0.554858934169279,0.708,0.6221441124780316,0.57,0.6841526031494141
"0,1,1,1,1,0,1,1,1,1,0,0,1,0,1,0,0,0,0,0,1",0.58,0.88,0.655,0.5578034682080925,0.772,0.6476510067114094,0.5800000000000001,0.6145792007446289
"0,1,1,1,1,0,1,0,1,1,0,0,0,0,1,1,0,0,0,0,1",0.58,0.88,0.655,0.5578034682080925,0.772,0.6476510067114094,0.5800000000000001,0.5666825771331787
"0,1,1,1,1,0,1,1,1,1,0,0,0,0,1,1,0,0,0,0,1",0.58,0.88,0.655,0.5578034682080925,0.772,0.6476510067114094,0.5800000000000001,0.569584846496582
"0,1,1,1,1,0,1,0,1,1,0,0,1,0,1,1,0,0,0,0,1",0.58,0.88,0.655,0.5578034682080925,0.772,0.6476510067114094,0.5800000000000001,0.5762031078338623
"0,1,1,1,1,0,1,1,0,1,0,0,1,0,1,0,0,0,0,0,1",0.58,0.88,0.655,0.5578034682080925,0.772,0.6476510067114094,0.5800000000000001,0.5700840950012207
"0,1,1,1,1,0,1,1,0,1,0,0,0,0,1,1,0,0,0,0,1",0.58,0.88,0.655,0.5578034682080925,0.772,0.6476510067114094,0.5800000000000001,0.5924067497253418
"0,1,1,1,1,0,1,1,0,1,0,0,1,0,1,1,0,0,0,0,1",0.58,0.88,0.655,0.5578034682080925,0.772,0.6476510067114094,0.5800000000000001,0.5973770618438721
"0,0,0,0,0,1,1,1,0,1,0,0,0,0,1,1,1,1,0,0,0",0.58,0.88,0.6549999999999999,0.5529100529100529,0.836,0.6656050955414012,0.58,0.6235966682434082
"0,0,0,0,0,1,1,0,0,1,0,0,1,0,1,1,0,0,0,0,1",0.58,0.88,0.6549999999999999,0.5529100529100529,0.836,0.6656050955414012,0.58,0.5920438766479492
"0,0,0,0,0,1,1,0,0,1,0,0,1,0,1,0,0,0,0,0,1",0.58,0.88,0.6549999999999999,0.5529100529100529,0.836,0.6656050955414012,0.58,0.5957190990447998
"0,0,0,0,0,1,1,1,1,1,0,0,0,0,1,1,1,1,0,0,1",0.576,0.89,0.6545000000000001,0.5516304347826086,0.812,0.656957928802589,0.5760000000000001,0.6115810871124268
"0,0,0,0,0,1,1,0,0,0,1,0,1,1,0,0,1,1,0,0,1",0.576,0.89,0.6545000000000001,0.564625850340136,0.664,0.6102941176470589,0.5760000000000001,0.5940320491790771
"1,0,0,1,0,1,0,0,1,0,0,0,1,0,1,1,1,1,0,1,1",0.582,0.87,0.654,0.555858310626703,0.816,0.6612641815235009,0.582,0.6318104267120361
"0,0,0,0,0,1,1,0,0,0,1,0,0,1,0,1,0,1,0,0,1",0.562,0.93,0.6539999999999999,0.5488958990536278,0.696,0.6137566137566137,0.5619999999999999,0.607297420501709
"0,0,0,0,0,1,0,0,1,0,0,0,1,0,1,1,0,0,0,0,1",0.578,0.88,0.6535000000000001,0.5851528384279476,0.536,0.5594989561586639,0.5780000000000001,0.7096033096313477
"0,1,1,1,1,0,1,1,0,1,0,0,0,0,1,1,1,1,0,1,1",0.564,0.92,0.653,0.546242774566474,0.756,0.6342281879194631,0.5640000000000001,0.6164608001708984
"0,1,1,1,1,0,1,0,1,1,0,0,0,0,1,0,1,0,1,0,1",0.57,0.9,0.6525000000000001,0.5443037974683544,0.86,0.6666666666666666,0.5700000000000001,0.5943584442138672
"0,1,1,1,1,0,1,1,0,1,0,0,1,0,1,1,0,1,1,0,1",0.56,0.93,0.6524999999999999,0.5392670157068062,0.824,0.6518987341772152,0.5599999999999999,0.6438744068145752
"0,1,1,1,1,0,1,1,0,1,1,1,0,1,1,0,1,0,1,0,1",0.556,0.94,0.652,0.5380434782608695,0.792,0.6407766990291263,0.556,0.6173827648162842
"0,0,0,0,0,1,1,1,0,1,0,0,0,0,1,0,1,1,0,0,1",0.578,0.87,0.651,0.5552407932011332,0.784,0.6500829187396352,0.5780000000000001,0.6009595394134521
"0,0,0,0,0,1,1,1,0,1,0,0,0,0,1,1,1,1,0,0,1",0.578,0.87,0.651,0.5552407932011332,0.784,0.6500829187396352,0.5780000000000001,0.6362347602844238
"0,0,0,0,0,1,1,1,0,1,0,0,1,0,1,1,0,0,0,0,1",0.584,0.85,0.6505,0.5561497326203209,0.832,0.6666666666666666,0.584,0.6387240886688232
"0,0,0,0,0,1,1,1,0,1,0,0,0,0,1,1,0,0,0,0,1",0.584,0.85,0.6505,0.5561497326203209,0.832,0.6666666666666666,0.584,0.5938460826873779
"0,0,0,0,0,1,1,0,1,1,0,0,1,0,1,1,0,0,0,0,1",0.584,0.85,0.6505,0.5561497326203209,0.832,0.6666666666666666,0.584,0.5874841213226318
"0,0,0,0,0,1,1,0,1,1,0,0,0,0,1,1,0,0,0,0,1",0.584,0.85,0.6505,0.5561497326203209,0.832,0.6666666666666666,0.584,0.6171181201934814
"0,0,0,0,0,1,0,0,1,0,0,0,1,0,1,1,1,1,0,0,1",0.56,0.92,0.65,0.5483870967741935,0.68,0.6071428571428571,0.56,0.7364518642425537
"0,1,1,1,1,0,1,1,0,1,0,0,0,0,1,1,0,0,1,0,1",0.556,0.93,0.6495,0.5372340425531915,0.808,0.645367412140575,0.556,0.6434407234191895
"0,1,1,1,1,0,1,1,0,1,0,0,1,0,1,1,1,1,0,1,1",0.552,0.94,0.649,0.5398773006134969,0.704,0.6111111111111112,0.552,0.6872451305389404
"0,0,0,0,0,1,1,1,0,1,1,0,0,1,0,1,0,1,0,0,1",0.562,0.91,0.649,0.5479876160990712,0.708,0.6178010471204188,0.5619999999999999,0.6256241798400879
"0,1,1,1,1,0,1,1,0,1,0,0,0,0,1,1,1,1,1,0,1",0.562,0.91,0.649,0.5439093484419264,0.768,0.6368159203980099,0.562,0.6053457260131836
"1,1,1,1,0,0,0,1,1,0,0,0,0,1,0,1,1,0,1,0,1",0.568,0.89,0.6485000000000001,0.5551948051948052,0.684,0.6129032258064516,0.5680000000000001,0.6049149036407471
"0,1,1,1,1,0,1,1,0,1,0,0,0,0,1,1,0,1,1,0,1",0.548,0.95,0.6485000000000001,0.5335195530726257,0.764,0.6282894736842105,0.548,0.6233069896697998
"0,1,0,1,1,1,1,1,0,0,0,0,0,1,1,1,0,0,1,1,0",0.574,0.87,0.648,0.5572755417956656,0.72,0.6282722513089005,0.574,0.6447279453277588
"0,0,0,0,0,1,1,1,0,1,0,0,0,0,0,1,0,1,0,0,1",0.584,0.84,0.648,0.551980198019802,0.892,0.6819571865443425,0.5840000000000001,0.6092231273651123
"0,1,1,1,1,0,1,1,1,1,1,1,0,1,1,0,1,0,0,0,1",0.57,0.88,0.6475,0.5447570332480819,0.852,0.6645865834633385,0.57,0.6393818855285645
"0,0,0,0,0,1,1,1,0,1,0,0,0,0,0,0,1,1,1,0,1",0.56,0.91,0.6475,0.538659793814433,0.836,0.6551724137931034,0.5599999999999999,0.6150357723236084
"0,1,1,1,1,0,1,1,0,1,1,1,0,1,1,0,1,0,0,0,1",0.57,0.88,0.6475,0.5447570332480819,0.852,0.6645865834633385,0.57,0.6535303592681885
"0,1,1,1,1,0,1,1,0,1,0,0,1,0,1,1,0,0,1,0,1",0.55,0.94,0.6475,0.5346260387811634,0.772,0.6317512274959084,0.55,0.6427195072174072
"0,1,1,1,1,0,1,0,1,1,0,0,0,0,1,1,1,1,0,0,1",0.556,0.92,0.6469999999999999,0.5366492146596858,0.82,0.6487341772151899,0.5559999999999999,0.5866827964782715
"0,1,1,1,1,0,1,0,1,1,0,0,0,0,1,0,1,1,0,0,1",0.556,0.92,0.6469999999999999,0.5366492146596858,0.82,0.6487341772151899,0.5559999999999999,0.6265180110931396
"0,0,0,0,0,1,1,0,0,0,1,0,0,1,1,1,1,1,0,1,1",0.562,0.9,0.6465000000000001,0.5444126074498568,0.76,0.6343906510851419,0.562,0.5923945903778076
"0,1,1,1,1,0,1,1,0,1,0,1,0,0,1,1,0,0,1,0,1",0.558,0.91,0.646,0.5392953929539296,0.796,0.6429725363489499,0.558,0.6440865993499756
"0,0,0,0,0,1,1,0,1,1,0,0,0,0,1,1,0,0,1,0,1",0.548,0.94,0.646,0.5346820809248555,0.74,0.6208053691275168,0.548,0.6851885318756104
"1,1,0,1,1,0,0,0,0,0,1,0,1,1,1,0,0,1,0,1,0",0.564,0.89,0.6455000000000001,0.562015503875969,0.58,0.5708661417322834,0.5640000000000001,0.6022648811340332
"0,0,0,0,0,1,1,0,0,0,0,0,0,0,1,1,0,0,0,0,1",0.576,0.85,0.6445000000000001,0.5549132947976878,0.768,0.6442953020134228,0.5760000000000001,0.650364875793457
"0,1,1,1,1,0,1,1,0,1,1,1,0,1,1,1,1,1,0,0,1",0.556,0.91,0.6445000000000001,0.535175879396985,0.852,0.6574074074074074,0.556,0.6646089553833008
"0,1,1,1,1,0,1,1,0,1,1,1,0,1,1,1,1,1,0,1,1",0.556,0.91,0.6445000000000001,0.5426829268292683,0.712,0.615916955017301,0.556,0.6199569702148438
"0,0,0,0,0,1,1,1,1,1,0,0,0,0,1,1,0,0,0,0,1",0.566,0.88,0.6445,0.5517241379310345,0.704,0.6186291739894552,0.566,0.572106122970581
"0,1,1,1,1,0,1,0,1,1,0,0,0,0,1,1,0,0,0,0,0",0.576,0.85,0.6445,0.5497382198952879,0.84,0.6645569620253164,0.576,0.5717782974243164
"0,0,0,0,0,1,1,1,0,1,0,0,0,0,0,1,0,1,1,1,0",0.572,0.86,0.6439999999999999,0.5456852791878173,0.86,0.6677018633540373,0.572,0.6257023811340332
"0,1,0,1,1,0,0,1,1,1,1,0,1,0,1,0,0,0,0,1,0",0.548,0.93,0.6435,0.5346820809248555,0.74,0.6208053691275168,0.548,0.635444164276123
"0,1,1,1,1,0,1,0,1,1,1,1,0,1,1,0,1,0,1,0,1",0.534,0.97,0.643,0.5216284987277354,0.82,0.6376360808709176,0.534,0.5863907337188721
"0,1,1,1,1,0,1,1,1,1,0,0,0,0,1,1,0,0,1,0,1",0.554,0.91,0.643,0.5361930294906166,0.8,0.6420545746388443,0.554,0.6821560859680176
"1,0,1,1,1,1,0,1,1,1,1,1,0,0,0,0,0,1,0,0,1",0.584,0.82,0.643,0.5875,0.564,0.5755102040816327,0.584,0.6139359474182129
"0,1,1,1,1,0,1,1,0,1,0,1,0,0,1,1,0,1,0,0,1",0.55,0.92,0.6425000000000001,0.5364431486880467,0.736,0.6205733558178752,0.55,0.6735033988952637
"0,0,0,0,0,1,1,1,0,1,1,0,0,1,0,1,1,1,0,1,1",0.56,0.89,0.6425000000000001,0.55,0.66,0.6,0.56,0.6066279411315918
"0,1,1,0,0,0,1,1,1,0,1,1,0,0,1,0,0,1,0,1,1",0.546,0.93,0.642,0.5313351498637602,0.78,0.6320907617504052,0.546,0.6708993911743164
"0,1,1,1,1,0,1,1,0,1,0,0,1,0,1,1,1,1,1,0,1",0.562,0.88,0.6415000000000001,0.5454545454545454,0.744,0.6294416243654822,0.562,0.62758469581604
"0,0,1,0,1,1,0,0,0,1,1,0,0,1,1,0,1,1,0,1,1",0.542,0.94,0.6415,0.5335463258785943,0.668,0.5932504440497336,0.542,0.6709871292114258
"0,0,0,0,0,1,1,1,0,1,0,1,1,0,1,1,1,1,1,1,1",0.548,0.92,0.641,0.5372670807453416,0.692,0.6048951048951049,0.548,0.616849422454834
"0,1,1,1,1,0,1,1,0,1,1,1,0,1,1,1,0,1,1,1,0",0.548,0.92,0.641,0.5331491712707183,0.772,0.630718954248366,0.548,0.5925087928771973
"0,1,1,1,1,0,1,1,0,1,1,1,0,1,1,1,1,1,1,1,0",0.548,0.92,0.641,0.5331491712707183,0.772,0.630718954248366,0.548,0.6397538185119629
"0,0,0,0,1,0,1,1,1,1,1,0,1,0,1,0,1,1,1,0,0",0.568,0.86,0.641,0.5582191780821918,0.652,0.6014760147601476,0.5680000000000001,0.6157240867614746
"0,1,1,1,1,0,1,1,0,1,0,0,1,0,1,1,0,1,0,1,1",0.554,0.9,0.6405000000000001,0.5439739413680782,0.668,0.599640933572711,0.554,0.6993110179901123
"0,0,0,0,1,0,1,1,0,1,0,0,0,0,1,1,0,1,0,0,1",0.57,0.85,0.64,0.5708502024291497,0.564,0.5674044265593562,0.57,0.6505680084228516
"0,0,0,0,0,1,1,0,0,0,1,0,0,1,0,1,0,1,0,1,1",0.54,0.94,0.64,0.5294117647058824,0.72,0.6101694915254238,0.54,0.6040754318237305
"1,0,1,1,1,1,0,0,1,0,1,0,1,1,1,0,1,0,0,1,0",0.576,0.83,0.6395000000000001,0.5688405797101449,0.628,0.596958174904943,0.5760000000000001,0.6430027484893799
"1,1,1,0,1,0,0,0,0,1,1,1,1,0,1,1,1,1,1,0,0",0.572,0.84,0.639,0.5629370629370629,0.644,0.6007462686567164,0.5720000000000001,0.6106247901916504
"0,0,0,0,0,1,1,0,0,0,1,1,0,1,1,0,1,0,1,0,1",0.552,0.9,0.6389999999999999,0.540625,0.692,0.6070175438596491,0.5519999999999999,0.6046876907348633
"0,0,0,0,0,1,1,0,0,0,1,0,0,1,0,1,0,1,1,1,0",0.538,0.94,0.6385000000000001,0.5264623955431755,0.756,0.6206896551724138,0.538,0.6230072975158691
"0,1,1,1,1,0,0,1,0,0,1,1,1,0,1,0,1,1,0,0,0",0.558,0.88,0.6385000000000001,0.5406162464985994,0.772,0.6359143327841845,0.558,0.567406177520752
"1,1,0,1,0,0,0,0,1,1,1,0,0,0,1,0,0,1,1,1,0",0.548,0.91,0.6385000000000001,0.5476190476190477,0.552,0.549800796812749,0.548,0.6426618099212646
"0,0,0,0,0,1,1,1,0,1,0,0,0,0,1,0,1,0,1,0,1",0.554,0.89,0.638,0.5391304347826087,0.744,0.6252100840336134,0.554,0.6914308071136475
"0,0,0,0,0,1,1,1,1,1,0,0,1,1,0,1,1,1,0,1,1",0.574,0.83,0.638,0.5555555555555556,0.74,0.6346483704974271,0.574,0.6561651229858398
"0,0,0,0,0,1,1,1,0,1,1,0,0,1,0,0,1,0,1,0,1",0.554,0.89,0.638,0.5454545454545454,0.648,0.5923217550274223,0.554,0.6636872291564941
"1,0,1,1,0,0,0,0,1,0,1,1,1,0,0,1,1,1,0,1,1",0.55,0.9,0.6375000000000001,0.5471698113207547,0.58,0.5631067961165048,0.55,0.6012716293334961
"0,0,1,0,1,0,1,1,0,0,0,1,1,0,0,0,1,1,1,0,1",0.55,0.9,0.6375,0.5471698113207547,0.58,0.5631067961165048,0.55,0.6710119247436523
"0,1,1,1,1,0,1,1,1,1,1,0,0,1,1,1,0,0,1,0,1",0.552,0.89,0.6365000000000001,0.533678756476684,0.824,0.6477987421383647,0.552,0.6029541492462158
"0,1,1,1,1,0,1,1,1,1,1,1,0,1,1,1,1,1,0,1,1",0.552,0.89,0.6365000000000001,0.5361111111111111,0.772,0.6327868852459017,0.552,0.6339221000671387
"0,0,1,1,1,1,0,1,0,0,0,0,0,1,0,1,0,1,0,0,1",0.564,0.85,0.6355000000000001,0.5571428571428572,0.624,0.5886792452830188,0.5640000000000001,0.6635653972625732
"1,0,1,0,0,0,0,0,1,1,0,0,1,0,0,1,0,0,1,0,1",0.544,0.91,0.6355000000000001,0.534375,0.684,0.6,0.544,0.6381330490112305
"0,0,0,0,0,1,1,0,1,0,0,0,1,0,1,1,1,1,0,1,1",0.55,0.89,0.635,0.5326370757180157,0.816,0.6445497630331753,0.5499999999999999,0.592806339263916
"0,1,1,1,1,0,1,0,0,1,0,0,1,0,1,1,0,1,0,0,1",0.546,0.9,0.6345000000000001,0.5300261096605744,0.812,0.641390205371248,0.546,0.6225247383117676
"0,0,0,0,0,1,1,1,1,1,0,0,1,0,1,1,1,1,0,1,1",0.546,0.9,0.6345000000000001,0.5379537953795379,0.652,0.5895117540687161,0.546,0.6269514560699463
"0,1,1,1,1,0,1,1,0,1,0,1,0,0,1,1,1,1,0,0,0",0.546,0.9,0.6345000000000001,0.5349544072948328,0.704,0.6079447322970639,0.546,0.6724557876586914
"0,0,1,1,1,0,0,0,1,1,0,0,1,0,1,0,0,1,0,0,1",0.546,0.9,0.6345000000000001,0.5397923875432526,0.624,0.5788497217068646,0.546,0.5681400299072266
"0,1,1,1,1,0,1,0,1,1,0,0,0,0,1,1,0,1,0,0,1",0.546,0.9,0.6345000000000001,0.5300261096605744,0.812,0.641390205371248,0.546,0.6118063926696777
"0,1,1,1,1,0,1,1,0,1,0,0,0,0,1,1,0,0,0,1,1",0.542,0.91,0.634,0.5268542199488491,0.824,0.6427457098283932,0.542,0.5952620506286621
"0,0,0,0,0,1,1,1,1,1,0,0,1,1,0,0,0,0,1,1,1",0.562,0.85,0.634,0.5555555555555556,0.62,0.5860113421550095,0.562,0.6332323551177979
"0,0,0,0,0,1,0,0,1,0,0,0,1,0,1,1,1,1,0,1,1",0.548,0.89,0.6335000000000001,0.5451127819548872,0.58,0.562015503875969,0.548,0.6565546989440918
"1,0,0,1,0,1,0,0,0,1,1,0,1,0,1,1,1,0,0,1,1",0.548,0.89,0.6335000000000001,0.5458015267175572,0.572,0.55859375,0.548,0.6092517375946045
"0,0,0,0,0,1,1,0,0,0,1,0,0,1,0,0,1,1,1,0,1",0.528,0.95,0.6335,0.5299145299145299,0.496,0.512396694214876,0.528,0.6047580242156982
"0,1,1,1,1,0,1,0,0,0,1,0,1,1,0,0,1,1,0,0,1",0.548,0.89,0.6335,0.5331491712707183,0.772,0.630718954248366,0.548,0.6070561408996582
"0,0,0,0,0,1,0,1,1,0,0,0,1,1,0,0,1,1,0,1,1",0.538,0.92,0.6335,0.5281899109792285,0.712,0.606473594548552,0.538,0.6537556648254395
"0,0,0,0,0,1,0,1,0,1,1,1,0,0,0,0,1,1,1,0,1",0.538,0.92,0.6335,0.5269121813031161,0.744,0.6169154228855721,0.538,0.6102056503295898
"0,0,0,0,0,1,1,0,0,1,0,0,0,0,1,1,1,1,0,0,1",0.534,0.93,0.633,0.526813880126183,0.668,0.5890652557319224,0.534,0.6535494327545166
"0,1,1,1,0,1,1,0,0,0,0,0,0,1,1,1,0,0,1,1,1",0.554,0.87,0.633,0.5389048991354467,0.748,0.626465661641541,0.554,0.616995096206665
"0,0,0,0,0,1,1,1,1,1,0,1,1,1,0,1,1,1,0,0,1",0.544,0.9,0.633,0.5359477124183006,0.656,0.5899280575539568,0.544,0.708961009979248
"1,0,0,1,0,0,0,0,0,1,0,0,1,1,1,0,1,0,1,0,1",0.52,0.97,0.6325000000000001,0.5192307692307693,0.54,0.5294117647058824,0.52,0.6708576679229736
"0,0,0,0,0,1,0,1,1,1,0,0,0,0,1,1,0,0,0,0,1",0.56,0.85,0.6325000000000001,0.5409836065573771,0.792,0.6428571428571429,0.56,0.5966532230377197
"1,1,1,1,0,0,0,1,0,0,1,1,0,1,0,1,0,0,1,1,1",0.55,0.88,0.6325000000000001,0.5370919881305638,0.724,0.616695059625213,0.55,0.6307239532470703
"0,0,0,0,1,0,1,1,0,1,0,0,0,0,1,1,1,1,0,0,1",0.55,0.88,0.6325000000000001,0.5451263537906137,0.604,0.573055028462998,0.55,0.5942935943603516
"1,1,0,0,0,0,0,0,0,1,0,1,1,0,0,0,1,1,0,0,1",0.546,0.89,0.632,0.5353846153846153,0.696,0.6052173913043478,0.546,0.6183102130889893
"0,0,0,0,0,1,1,1,0,1,0,0,0,0,0,1,1,1,0,1,1",0.556,0.86,0.632,0.5376344086021505,0.8,0.6430868167202572,0.556,0.6449663639068604
"0,0,0,0,0,1,1,0,0,0,1,0,0,1,0,0,1,1,0,0,1",0.546,0.89,0.632,0.5389830508474577,0.636,0.5834862385321101,0.546,0.5774586200714111
"0,1,1,0,1,0,0,0,1,1,1,1,0,0,1,0,0,1,1,0,1",0.542,0.9,0.6315000000000001,0.5331230283911672,0.676,0.5961199294532628,0.542,0.6685600280761719
"0,1,1,1,0,0,0,0,1,1,1,0,1,0,1,0,0,1,1,0,1",0.542,0.9,0.6315000000000001,0.5319148936170213,0.7,0.6044905008635578,0.542,0.6233232021331787
"0,0,1,1,1,1,1,1,1,1,0,0,1,1,0,0,0,0,1,1,1",0.552,0.87,0.6315000000000001,0.5422077922077922,0.668,0.5985663082437276,0.552,0.5811460018157959
"0,1,1,1,1,0,0,1,1,1,1,0,0,1,1,0,1,1,0,1,0",0.542,0.9,0.6315,0.5278514588859416,0.796,0.6347687400318979,0.542,0.6705117225646973
"0,1,1,0,1,0,0,0,1,0,1,0,1,1,0,1,1,0,1,0,1",0.552,0.87,0.6315,0.540625,0.692,0.6070175438596491,0.5519999999999999,0.6200480461120605
"0,0,0,0,0,1,1,1,0,1,0,0,0,0,1,1,0,1,0,0,1",0.538,0.91,0.631,0.53156146179402,0.64,0.5807622504537205,0.538,0.6547636985778809
"0,1,0,0,0,0,1,1,1,0,0,0,1,1,1,0,1,0,0,0,0",0.548,0.88,0.631,0.5348837209302325,0.736,0.6195286195286195,0.548,0.5962221622467041
"0,0,0,0,0,1,1,1,0,1,0,0,1,0,1,1,0,1,0,0,1",0.538,0.91,0.631,0.53156146179402,0.64,0.5807622504537205,0.538,0.6459999084472656
"1,0,1,1,1,1,0,0,1,1,1,0,0,0,1,1,1,1,0,0,1",0.564,0.83,0.6305000000000001,0.5597014925373134,0.6,0.5791505791505791,0.5640000000000001,0.6252713203430176
"0,0,0,0,0,1,1,0,0,0,0,0,1,0,1,1,0,1,0,0,1",0.54,0.9,0.63,0.5316455696202531,0.672,0.5936395759717314,0.54,0.6341063976287842
"0,0,0,0,0,1,1,1,0,1,1,1,0,1,1,1,1,1,1,1,0",0.566,0.82,0.6295000000000001,0.5733333333333334,0.516,0.5431578947368421,0.5660000000000001,0.5834088325500488
"0,0,0,0,0,1,1,0,0,0,1,0,0,1,0,1,1,1,0,1,1",0.536,0.91,0.6295,0.5261627906976745,0.724,0.6094276094276094,0.536,0.6015021800994873
"0,0,0,0,0,1,1,1,0,1,1,0,1,1,1,1,0,0,0,0,1",0.542,0.89,0.629,0.5365853658536586,0.616,0.5735567970204841,0.542,0.5765936374664307
"0,1,1,1,0,0,0,1,0,0,1,1,1,0,1,0,0,0,0,1,0",0.548,0.87,0.6285000000000001,0.5491803278688525,0.536,0.5425101214574899,0.548,0.559727668762207
"0,0,0,1,1,0,0,1,1,0,1,1,0,1,1,0,1,0,1,0,1",0.538,0.9,0.6285000000000001,0.5497382198952879,0.42,0.47619047619047616,0.538,0.6332225799560547
"0,0,1,0,1,0,1,1,1,0,1,0,0,1,0,0,0,1,1,1,0",0.538,0.9,0.6285000000000001,0.5361216730038023,0.564,0.5497076023391813,0.538,0.5842654705047607
"0,1,1,0,1,0,0,1,0,0,1,0,1,1,1,1,0,0,0,0,1",0.548,0.87,0.6285000000000001,0.5491803278688525,0.536,0.5425101214574899,0.548,0.5943772792816162
"0,0,1,1,1,0,1,1,1,0,0,0,1,0,1,1,0,1,0,0,1",0.558,0.84,0.6285000000000001,0.5427728613569321,0.736,0.6247877758913413,0.558,0.6668503284454346
"0,0,1,0,1,1,1,1,0,0,1,0,0,1,0,0,0,0,1,1,1",0.524,0.94,0.628,0.5164835164835165,0.752,0.6123778501628665,0.524,0.6134917736053467
"1,0,1,0,0,1,0,0,0,1,0,1,1,1,1,0,1,1,1,1,1",0.544,0.88,0.628,0.5348101265822784,0.676,0.5971731448763251,0.544,0.6081135272979736
"0,0,0,0,0,1,1,1,0,1,1,0,0,1,0,0,1,0,0,0,1",0.54,0.89,0.6275000000000001,0.5316455696202531,0.672,0.5936395759717314,0.54,0.6300857067108154
"1,1,0,0,1,1,1,0,0,0,0,0,0,1,0,0,0,1,1,1,1",0.516,0.96,0.627,0.5163934426229508,0.504,0.5101214574898786,0.516,0.5870397090911865
"0,0,0,0,0,0,0,1,0,0,0,0,1,1,0,0,1,0,1,0,1",0.556,0.84,0.627,0.551094890510949,0.604,0.5763358778625954,0.556,0.6454372406005859
"0,1,1,1,0,0,1,0,0,0,1,0,1,1,0,1,0,0,1,1,0",0.536,0.9,0.627,0.5323741007194245,0.592,0.5606060606060606,0.536,0.6283154487609863
"0,1,1,1,1,0,1,1,0,1,0,0,1,0,1,1,0,0,0,1,1",0.536,0.9,0.627,0.5235602094240838,0.8,0.6329113924050633,0.536,0.6279380321502686
"0,1,1,1,1,0,1,1,0,1,1,1,0,0,1,1,1,1,0,1,1",0.536,0.9,0.627,0.5260115606936416,0.728,0.610738255033557,0.536,0.6194756031036377
"1,1,0,0,0,0,0,0,0,1,0,0,0,0,1,1,0,0,1,0,1",0.532,0.91,0.6265000000000001,0.5258064516129032,0.652,0.5821428571428572,0.532,0.6447229385375977
"0,0,0,0,0,0,1,1,1,0,1,1,1,1,1,0,0,1,0,1,1",0.552,0.85,0.6265000000000001,0.5451388888888888,0.628,0.5836431226765799,0.552,0.6022400856018066
"0,0,0,0,0,1,1,0,0,0,1,0,1,1,1,1,1,1,0,1,1",0.532,0.91,0.6265000000000001,0.5273972602739726,0.616,0.5682656826568265,0.532,0.6203312873840332
"0,0,0,0,0,1,1,0,1,1,0,0,0,0,1,0,0,0,1,0,1",0.558,0.83,0.6260000000000001,0.5417867435158501,0.752,0.6298157453936348,0.558,0.5738656520843506
"1,0,0,1,1,1,1,0,1,1,0,0,1,0,0,1,1,0,1,1,0",0.558,0.83,0.626,0.5457413249211357,0.692,0.6102292768959435,0.5579999999999999,0.5792756080627441
"0,0,0,0,0,1,1,1,0,1,0,0,0,0,0,1,0,1,0,1,1",0.558,0.83,0.626,0.5435435435435435,0.724,0.6209262435677531,0.558,0.6295464038848877
"0,0,0,0,1,0,1,1,0,0,0,1,1,0,0,1,1,0,1,1,0",0.548,0.86,0.626,0.5338983050847458,0.756,0.6258278145695364,0.548,0.5648050308227539
"0,0,1,1,1,0,1,1,0,0,0,0,0,0,1,1,1,0,0,1,1",0.544,0.87,0.6255000000000001,0.5366666666666666,0.644,0.5854545454545454,0.544,0.6699502468109131
"0,0,1,0,1,0,1,0,0,0,1,0,0,0,0,0,0,1,0,1,1",0.544,0.87,0.6255000000000001,0.5561224489795918,0.436,0.48878923766816146,0.544,0.6584873199462891
"1,0,1,1,1,0,0,0,1,1,1,0,0,0,0,0,0,1,1,0,1",0.534,0.9,0.6255,0.5276872964169381,0.648,0.5816876122082585,0.534,0.5878615379333496
"0,0,0,1,1,1,0,0,0,0,0,0,1,0,1,0,0,1,1,1,0",0.534,0.9,0.6255,0.5250737463126843,0.712,0.6044142614601019,0.534,0.5960068702697754
"0,1,0,1,0,0,0,0,0,1,0,0,0,0,1,1,1,0,1,1,1",0.52,0.94,0.625,0.5158227848101266,0.652,0.5759717314487632,0.52,0.6728644371032715
"0,1,0,1,1,0,0,0,1,0,0,0,0,1,1,0,1,0,1,0,1",0.52,0.94,0.625,0.5170068027210885,0.608,0.5588235294117647,0.52,0.599799633026123
"0,1,1,1,0,1,1,0,1,1,0,1,1,1,1,0,1,0,0,0,1",0.54,0.88,0.625,0.5467289719626168,0.468,0.5043103448275862,0.54,0.6212267875671387
"1,1,0,1,1,1,1,1,1,1,0,0,1,1,0,1,0,0,0,1,1",0.546,0.86,0.6245,0.532033426183844,0.764,0.6272577996715928,0.546,0.6547336578369141
"0,0,1,0,1,1,0,1,0,0,1,0,0,1,1,0,1,0,0,0,0",0.536,0.89,0.6245,0.5269461077844312,0.704,0.6027397260273972,0.536,0.5757057666778564
"0,1,1,1,1,0,1,1,0,1,1,1,0,1,1,0,0,0,1,1,1",0.526,0.92,0.6245,0.5179063360881543,0.752,0.6133768352365416,0.526,0.646885871887207
"1,1,1,1,0,1,1,0,0,0,1,0,0,0,0,0,0,1,0,1,1",0.552,0.84,0.6240000000000001,0.5477941176470589,0.596,0.5708812260536399,0.552,0.6108767986297607
"0,0,0,0,0,1,1,1,0,1,0,0,0,0,1,0,0,0,0,1,1",0.538,0.88,0.6235,0.5331010452961672,0.612,0.5698324022346368,0.538,0.6059584617614746
"0,1,0,0,1,0,1,1,0,0,0,1,1,1,1,1,0,0,0,0,1",0.528,0.91,0.6234999999999999,0.5202312138728323,0.72,0.6040268456375839,0.528,0.6225631237030029
"1,0,0,1,0,0,0,1,0,1,1,1,1,0,1,1,1,1,1,0,0",0.54,0.87,0.6225,0.5434782608695652,0.5,0.5208333333333334,0.54,0.596804141998291
"0,0,0,0,1,0,1,1,0,1,0,1,0,1,0,0,1,0,1,0,1",0.53,0.9,0.6225,0.5195822454308094,0.796,0.6287519747235387,0.53,0.6739654541015625
"1,1,0,1,1,1,0,0,0,1,0,1,1,0,1,0,0,1,0,0,1",0.566,0.79,0.6220000000000001,0.5637065637065637,0.584,0.5736738703339882,0.5660000000000001,0.6061668395996094
"0,0,0,0,0,1,1,1,1,1,0,0,1,0,1,1,0,1,0,0,1",0.536,0.88,0.622,0.5235602094240838,0.8,0.6329113924050633,0.536,0.59228515625
"0,0,0,0,0,1,1,1,1,1,0,0,0,0,1,1,0,1,0,0,1",0.536,0.88,0.622,0.5235602094240838,0.8,0.6329113924050633,0.536,0.6228082180023193
"0,0,0,0,0,1,1,0,0,0,1,0,1,1,0,1,0,0,0,0,1",0.526,0.91,0.622,0.5226480836236934,0.6,0.5586592178770949,0.526,0.574479341506958
"0,0,0,0,0,1,1,0,0,0,1,0,0,1,0,0,1,0,1,1,0",0.536,0.88,0.622,0.5314685314685315,0.608,0.5671641791044776,0.536,0.7000529766082764
"0,0,0,0,1,0,1,0,1,1,0,0,0,0,1,1,0,0,0,0,1",0.526,0.91,0.622,0.521311475409836,0.636,0.572972972972973,0.526,0.594693660736084
"0,0,0,1,0,0,1,1,1,0,1,0,1,0,1,0,1,0,0,1,1",0.532,0.89,0.6215,0.5253164556962026,0.664,0.5865724381625441,0.532,0.61332106590271
"0,1,1,1,0,0,1,0,1,1,1,0,1,0,1,0,0,1,1,1,1",0.542,0.86,0.6215,0.5300859598853869,0.74,0.6176961602671118,0.542,0.652379035949707
"1,1,1,1,1,1,0,0,0,0,1,0,0,0,1,1,0,1,1,0,1",0.532,0.89,0.6215,0.521505376344086,0.776,0.6237942122186495,0.532,0.63641357421875
"0,0,1,0,1,0,1,0,0,0,1,0,0,1,0,0,1,0,1,0,1",0.512,0.95,0.6214999999999999,0.5164835164835165,0.376,0.4351851851851852,0.512,0.6238820552825928
"0,1,1,1,1,0,1,0,1,1,0,0,1,0,1,1,1,1,0,0,0",0.538,0.87,0.621,0.5244215938303342,0.816,0.6384976525821596,0.538,0.6422786712646484
"0,0,0,0,1,0,0,1,1,0,0,1,0,0,1,0,0,1,1,0,0",0.548,0.84,0.621,0.5397350993377483,0.652,0.5905797101449275,0.548,0.567718505859375
"0,1,1,1,1,0,1,0,1,1,0,0,0,0,1,1,1,1,0,0,0",0.538,0.87,0.621,0.5244215938303342,0.816,0.6384976525821596,0.538,0.6396698951721191
"1,0,1,0,0,0,1,0,0,0,0,1,1,0,0,1,0,1,1,1,1",0.538,0.87,0.621,0.5283582089552239,0.708,0.6051282051282051,0.538,0.6856663227081299
"0,1,1,1,1,0,1,1,0,0,1,0,0,1,1,0,1,1,0,1,1",0.524,0.91,0.6205,0.5151515151515151,0.816,0.631578947368421,0.524,0.6915507316589355
"0,0,0,0,0,1,1,1,0,1,0,0,1,1,0,0,0,0,1,1,1",0.55,0.83,0.6200000000000001,0.5364431486880467,0.736,0.6205733558178752,0.55,0.5902693271636963
"1,0,0,1,0,1,0,0,1,0,0,0,1,0,1,1,1,1,1,1,0",0.54,0.86,0.62,0.5271739130434783,0.776,0.627831715210356,0.54,0.6155643463134766
"0,1,1,1,0,1,0,1,0,1,0,1,1,1,0,0,0,0,1,0,1",0.54,0.86,0.62,0.5390625,0.552,0.5454545454545454,0.54,0.6101524829864502
"1,1,1,0,1,0,0,1,0,0,0,0,0,1,0,0,1,1,1,1,1",0.536,0.87,0.6195,0.5445544554455446,0.44,0.48672566371681414,0.536,0.6073977947235107
"0,1,1,0,1,0,0,1,0,0,1,1,0,0,1,1,1,0,0,0,1",0.536,0.87,0.6195,0.5335820895522388,0.572,0.5521235521235521,0.536,0.6675512790679932
"0,1,1,1,1,0,1,1,0,1,1,0,0,1,0,1,0,1,1,1,0",0.536,0.87,0.6195,0.5338345864661654,0.568,0.5503875968992248,0.536,0.5957448482513428
"0,0,0,0,0,1,1,0,0,1,0,0,1,0,1,1,1,1,0,0,1",0.536,0.87,0.6195,0.5283018867924528,0.672,0.5915492957746479,0.536,0.6380577087402344
"0,1,1,1,1,0,1,1,0,1,1,1,0,1,1,1,0,1,0,0,1",0.522,0.91,0.619,0.5155807365439093,0.728,0.603648424543947,0.522,0.643913745880127
"0,1,1,1,1,0,1,0,1,0,0,0,0,0,1,1,0,0,0,0,1",0.532,0.88,0.619,0.521505376344086,0.776,0.6237942122186495,0.532,0.5948665142059326
"0,0,0,0,1,0,1,1,0,1,0,0,0,0,1,1,1,1,0,1,1",0.532,0.88,0.619,0.5275862068965518,0.612,0.5666666666666667,0.532,0.6343011856079102
"0,1,1,1,1,0,1,0,1,0,0,0,1,0,1,1,1,1,0,1,1",0.528,0.89,0.6185,0.5188172043010753,0.772,0.6205787781350482,0.528,0.6689250469207764
"0,0,1,0,0,0,0,0,0,1,0,1,1,1,0,0,0,0,0,1,0",0.558,0.8,0.6185,0.5505226480836237,0.632,0.5884543761638734,0.558,0.5584349632263184
"0,0,0,0,0,1,1,1,0,1,1,0,0,0,1,1,0,1,0,0,1",0.528,0.89,0.6185,0.5236486486486487,0.62,0.5677655677655677,0.528,0.6016643047332764
"0,0,1,0,1,0,1,1,0,0,0,1,1,0,0,0,1,1,0,0,1",0.528,0.89,0.6185,0.5261194029850746,0.564,0.5444015444015444,0.528,0.644904375076294
"0,1,0,0,0,0,1,0,1,0,0,0,0,0,0,0,1,0,0,0,1",0.558,0.8,0.6185,0.5505226480836237,0.632,0.5884543761638734,0.558,0.5774638652801514
"1,0,0,0,1,0,0,0,0,0,0,0,1,1,1,0,1,1,1,0,1",0.538,0.86,0.6185,0.5605095541401274,0.352,0.43243243243243246,0.538,0.573401927947998
"0,1,0,0,0,0,1,0,1,1,1,0,0,1,1,1,0,1,1,0,0",0.544,0.84,0.6180000000000001,0.5447154471544715,0.536,0.5403225806451613,0.544,0.6226215362548828
"0,0,0,0,1,0,1,0,0,1,0,1,1,1,1,0,0,1,0,0,1",0.544,0.84,0.6180000000000001,0.5423076923076923,0.564,0.5529411764705883,0.544,0.586972713470459
"1,0,0,0,0,0,0,0,1,0,0,0,0,1,1,0,0,1,0,1,0",0.524,0.9,0.618,0.5405405405405406,0.32,0.4020100502512563,0.524,0.5710949897766113
"1,0,1,1,1,1,0,0,1,0,0,0,0,1,1,0,0,0,1,1,1",0.534,0.87,0.618,0.5346938775510204,0.524,0.5292929292929293,0.534,0.5917983055114746
"1,1,1,0,1,0,0,0,0,1,1,1,0,1,1,0,0,0,1,1,1",0.534,0.87,0.618,0.5330739299610895,0.548,0.5404339250493096,0.534,0.5793650150299072
"1,0,0,1,1,1,0,1,0,0,1,0,0,1,1,0,0,0,0,0,1",0.544,0.84,0.618,0.5310734463276836,0.752,0.6225165562913907,0.544,0.5997171401977539
"0,1,1,1,1,0,1,1,0,1,1,0,1,1,0,0,1,1,0,0,1",0.53,0.88,0.6175,0.5244299674267101,0.644,0.578096947935368,0.53,0.617741584777832
"1,0,1,1,0,1,0,0,1,1,0,1,0,0,0,0,1,1,0,1,0",0.55,0.82,0.6175,0.5468164794007491,0.584,0.5647969052224371,0.55,0.5725250244140625
"0,1,0,1,0,0,0,1,0,1,1,0,0,1,1,1,0,0,0,0,0",0.516,0.92,0.617,0.5124223602484472,0.66,0.5769230769230769,0.516,0.5630290508270264
"0,0,0,1,1,0,1,0,0,0,1,1,1,1,0,0,1,0,0,1,1",0.506,0.95,0.617,0.5073170731707317,0.416,0.45714285714285713,0.506,0.5947790145874023
"0,0,0,0,0,1,0,0,1,0,1,1,0,0,0,0,1,0,1,1,0",0.536,0.86,0.617,0.5348837209302325,0.552,0.5433070866141733,0.536,0.6003823280334473
"0,0,0,0,0,1,1,1,0,1,0,0,0,0,0,0,1,0,1,0,1",0.516,0.92,0.617,0.5149253731343284,0.552,0.5328185328185329,0.516,0.5739481449127197
"1,1,0,1,0,1,0,0,0,0,1,0,1,1,0,0,1,1,0,1,0",0.532,0.87,0.6165,0.5233918128654971,0.716,0.6047297297297297,0.532,0.6106200218200684
"0,0,0,0,0,1,1,0,0,0,1,0,0,1,0,0,1,1,1,1,1",0.512,0.93,0.6165,0.5129310344827587,0.476,0.49377593360995853,0.512,0.5962460041046143
"1,1,0,0,1,0,1,0,1,1,0,1,1,0,1,1,0,1,1,1,0",0.548,0.82,0.6160000000000001,0.5408163265306123,0.636,0.5845588235294118,0.548,0.6122512817382812
"0,0,0,0,0,0,0,0,0,0,1,0,0,1,0,0,1,1,1,0,1",0.528,0.88,0.616,0.5259259259259259,0.568,0.5461538461538461,0.528,0.6394612789154053
"0,1,0,1,0,0,0,0,0,1,0,0,0,0,1,1,1,0,1,0,1",0.518,0.91,0.616,0.5133531157270029,0.692,0.5894378194207837,0.518,0.5965828895568848
"1,1,1,1,1,1,1,0,1,1,1,0,0,1,0,0,0,1,0,1,1",0.538,0.85,0.616,0.5273775216138329,0.732,0.6130653266331658,0.538,0.6294651031494141
"1,1,1,1,1,0,1,1,1,1,0,1,1,1,0,1,0,1,1,1,1",0.554,0.8,0.6155,0.5451505016722408,0.652,0.5938069216757741,0.554,0.5944387912750244
"1,0,1,1,0,1,0,1,0,1,1,1,1,1,1,1,1,1,1,0,0",0.524,0.89,0.6154999999999999,0.524,0.524,0.524,0.524,0.596752405166626
"0,0,0,0,0,1,1,0,0,0,1,0,0,1,0,1,1,0,1,0,1",0.514,0.92,0.6154999999999999,0.5103244837758112,0.692,0.5874363327674024,0.514,0.5959148406982422
"1,0,1,1,1,0,0,1,1,1,0,0,1,0,0,0,0,0,0,1,0",0.52,0.9,0.615,0.5160256410256411,0.644,0.5729537366548043,0.52,0.5827219486236572
"0,0,0,0,0,1,0,0,1,0,0,0,0,0,1,1,1,1,0,1,1",0.52,0.9,0.615,0.5190839694656488,0.544,0.53125,0.52,0.6666874885559082
"0,0,0,0,0,1,1,1,0,1,0,0,0,0,0,0,1,1,0,0,1",0.56,0.78,0.615,0.5384615384615384,0.84,0.65625,0.56,0.6047441959381104
"0,0,0,0,0,1,1,1,0,1,0,0,0,0,0,1,1,1,0,0,1",0.56,0.78,0.615,0.5384615384615384,0.84,0.65625,0.56,0.6561887264251709
"1,0,0,1,0,1,1,0,0,0,1,0,1,1,0,0,1,1,1,0,1",0.526,0.88,0.6145,0.5205047318611987,0.66,0.582010582010582,0.526,0.6007838249206543
"0,0,1,1,0,1,1,0,0,0,1,0,1,1,1,1,1,1,1,1,1",0.506,0.94,0.6145,0.5046153846153846,0.656,0.5704347826086956,0.506,0.6131150722503662
"1,0,1,0,1,0,1,0,0,1,0,0,0,1,1,1,0,0,0,1,0",0.526,0.88,0.6145,0.5224913494809689,0.604,0.5602968460111317,0.526,0.6590285301208496
"0,1,0,1,0,1,1,1,1,0,0,0,1,1,0,0,0,0,1,0,1",0.536,0.85,0.6145,0.5328467153284672,0.584,0.5572519083969466,0.536,0.6404392719268799
"0,1,0,0,0,0,1,0,0,1,0,0,1,0,1,0,1,1,0,0,1",0.522,0.89,0.614,0.5270935960591133,0.428,0.47240618101545256,0.522,0.6348788738250732
"1,0,0,1,0,0,1,0,1,1,1,0,1,0,1,0,1,0,1,1,1",0.522,0.89,0.614,0.5154061624649859,0.736,0.6062602965403624,0.522,0.6215705871582031
"0,0,0,1,1,1,0,0,1,1,1,0,1,0,0,1,0,0,1,1,1",0.512,0.92,0.614,0.5092592592592593,0.66,0.5749128919860628,0.512,0.5960578918457031
"0,1,1,1,1,0,1,1,0,1,1,0,1,1,0,1,1,1,1,0,1",0.498,0.96,0.6134999999999999,0.49836065573770494,0.608,0.5477477477477477,0.498,0.6652638912200928
"1,0,0,0,0,1,0,0,1,0,0,0,1,0,1,1,1,1,0,1,1",0.504,0.94,0.613,0.5037037037037037,0.544,0.5230769230769231,0.504,0.6070737838745117
"1,0,0,0,1,0,0,1,1,0,0,0,1,1,1,0,1,1,0,0,1",0.514,0.91,0.613,0.5121951219512195,0.588,0.547486033519553,0.514,0.6200125217437744
"0,0,1,1,0,1,0,1,0,0,1,1,1,0,1,0,0,1,0,0,1",0.504,0.94,0.613,0.5034965034965035,0.576,0.5373134328358209,0.504,0.7269060611724854
"1,1,0,1,1,1,0,0,1,1,1,0,1,0,1,0,1,1,0,1,1",0.55,0.8,0.6125,0.5418060200668896,0.648,0.5901639344262295,0.55,0.6343278884887695
"1,0,1,1,1,0,0,1,0,1,0,0,0,0,1,1,0,1,0,0,0",0.52,0.89,0.6125,0.5140449438202247,0.732,0.6039603960396039,0.52,0.6226015090942383
"0,0,1,1,1,0,1,0,0,0,0,1,1,1,1,0,1,1,1,1,1",0.52,0.89,0.6125,0.5142045454545454,0.724,0.6013289036544851,0.52,0.6471526622772217
"0,0,1,0,1,0,1,0,0,0,1,0,0,1,0,0,1,0,1,1,0",0.546,0.81,0.6120000000000001,0.5714285714285714,0.368,0.44768856447688565,0.546,0.5752444267272949
"1,1,0,1,1,0,0,0,1,0,1,1,1,1,1,1,1,1,1,0,0",0.536,0.84,0.6120000000000001,0.5308219178082192,0.62,0.5719557195571956,0.536,0.6300725936889648
"1,0,1,1,1,1,1,1,1,1,1,0,0,0,0,1,0,0,0,1,1",0.556,0.78,0.6120000000000001,0.551094890510949,0.604,0.5763358778625954,0.556,0.5928452014923096
"1,1,1,1,1,0,1,1,0,0,1,0,0,1,1,1,1,0,1,0,1",0.526,0.87,0.612,0.517426273458445,0.772,0.6195826645264848,0.526,0.6288492679595947
"1,0,0,0,1,1,0,0,0,0,0,0,1,0,1,0,0,1,0,1,1",0.522,0.88,0.6115,0.5130641330166271,0.864,0.6438152011922503,0.522,0.5780909061431885
"1,1,0,1,1,0,0,1,0,1,0,0,0,1,0,1,1,0,0,1,1",0.542,0.82,0.6115,0.5329153605015674,0.68,0.5975395430579965,0.542,0.6032543182373047
"1,0,0,0,1,0,0,1,1,0,1,0,1,0,0,1,1,1,0,1,0",0.522,0.88,0.6115,0.5135135135135135,0.836,0.6362252663622526,0.522,0.5797743797302246
"0,0,1,0,0,0,0,1,0,0,1,1,0,0,1,0,0,1,0,0,1",0.502,0.94,0.6114999999999999,0.5018050541516246,0.556,0.5275142314990512,0.502,0.685532808303833
"0,1,0,0,0,1,1,1,0,1,1,0,0,0,0,0,1,0,1,1,1",0.512,0.91,0.6114999999999999,0.5101351351351351,0.604,0.5531135531135531,0.512,0.6025784015655518
"0,0,0,0,0,1,1,1,0,1,1,1,0,1,1,1,1,1,0,1,1",0.528,0.86,0.611,0.5277777777777778,0.532,0.5298804780876494,0.528,0.627692461013794
"0,0,0,0,1,1,0,1,0,0,0,1,1,0,0,0,1,1,1,0,1",0.518,0.89,0.611,0.5132743362831859,0.696,0.5908319185059423,0.518,0.7105555534362793
"0,0,0,0,1,0,1,1,0,1,0,0,1,0,1,0,0,0,0,0,1",0.538,0.83,0.611,0.532871972318339,0.616,0.5714285714285714,0.538,0.5991895198822021
"0,0,0,0,1,0,1,1,1,1,0,0,0,0,1,1,0,0,0,0,1",0.538,0.83,0.611,0.532871972318339,0.616,0.5714285714285714,0.538,0.5829432010650635
"1,0,1,1,1,1,1,1,1,0,1,1,0,0,1,1,0,0,1,0,1",0.538,0.83,0.611,0.5381526104417671,0.536,0.5370741482965932,0.538,0.5921640396118164
"0,1,1,1,1,0,1,1,0,1,0,0,0,1,1,1,0,0,0,0,1",0.518,0.89,0.611,0.5128205128205128,0.72,0.5990016638935108,0.518,0.6111207008361816
"0,0,0,0,1,0,1,1,1,1,0,1,0,0,1,1,0,0,0,0,1",0.538,0.83,0.611,0.532871972318339,0.616,0.5714285714285714,0.538,0.6132309436798096
"0,1,1,1,1,1,1,1,0,1,1,1,0,0,1,0,0,0,1,0,1",0.528,0.86,0.611,0.5307017543859649,0.484,0.5062761506276151,0.528,0.6108527183532715
"0,0,1,1,1,0,1,0,1,1,0,1,1,1,1,1,1,1,0,0,1",0.514,0.9,0.6105,0.509641873278237,0.74,0.6035889070146819,0.514,0.5881180763244629
"1,1,1,1,1,0,0,0,1,0,1,0,1,1,1,1,0,0,0,1,1",0.514,0.9,0.6105,0.5103244837758112,0.692,0.5874363327674024,0.514,0.614342451095581
"1,0,1,1,0,0,1,0,1,0,0,0,1,0,1,1,0,0,1,1,1",0.534,0.84,0.6105,0.5284280936454849,0.632,0.575591985428051,0.534,0.5927741527557373
"0,0,0,1,0,0,1,0,0,1,0,1,0,1,1,0,0,1,0,1,0",0.514,0.9,0.6105,0.5191256830601093,0.38,0.4387990762124711,0.514,0.5782938003540039
"0,1,1,1,1,0,1,0,1,0,0,0,0,1,0,1,1,0,0,1,1",0.504,0.93,0.6105,0.5033557046979866,0.6,0.5474452554744526,0.504,0.5895099639892578
"1,0,0,1,1,0,0,0,1,1,0,1,0,0,0,1,0,1,0,1,1",0.51,0.91,0.61,0.5095785440613027,0.532,0.5205479452054794,0.51,0.6285443305969238
"0,1,1,1,1,0,1,0,0,1,0,1,0,0,0,1,1,0,1,0,1",0.526,0.86,0.6095,0.5269709543568465,0.508,0.5173116089613035,0.526,0.5965056419372559
"1,0,1,1,1,0,0,1,1,1,1,0,1,1,0,0,1,0,0,1,1",0.516,0.89,0.6095,0.5119047619047619,0.688,0.5870307167235495,0.516,0.6334676742553711
"0,0,0,0,0,1,1,1,0,1,0,0,0,0,0,1,0,0,0,0,1",0.526,0.86,0.6095,0.5217391304347826,0.624,0.5683060109289617,0.526,0.5512454509735107
"0,1,1,1,1,0,1,1,1,1,0,0,1,0,1,1,1,1,0,1,1",0.496,0.95,0.6094999999999999,0.49722222222222223,0.716,0.5868852459016394,0.496,0.6294758319854736
"0,0,1,1,1,1,1,1,0,1,0,1,0,1,0,1,1,1,0,1,0",0.508,0.91,0.6085,0.5095238095238095,0.428,0.4652173913043478,0.508,0.5936565399169922
"0,1,1,1,0,0,0,1,1,0,0,1,0,1,0,0,1,0,0,1,0",0.498,0.94,0.6085,0.49843260188087773,0.636,0.5588752196836555,0.498,0.5884494781494141
"0,1,0,1,1,0,0,1,1,1,1,1,1,1,0,1,1,1,0,0,1",0.518,0.88,0.6085,0.5128939828080229,0.716,0.5976627712854758,0.518,0.6231451034545898
"0,0,0,0,0,1,1,1,0,0,1,1,0,0,1,0,1,0,0,1,0",0.528,0.85,0.6085,0.5327102803738317,0.456,0.49137931034482757,0.528,0.5865507125854492
"1,1,1,0,0,0,0,0,0,0,0,1,0,1,0,1,1,1,0,0,0",0.554,0.77,0.6080000000000001,0.5398230088495575,0.732,0.6213921901528013,0.554,0.5864319801330566
"1,0,1,0,1,1,0,1,1,0,1,1,0,1,1,0,1,0,0,0,1",0.534,0.83,0.6080000000000001,0.5330739299610895,0.548,0.5404339250493096,0.534,0.6219072341918945
"1,1,1,1,0,1,0,1,0,1,1,1,0,0,1,0,0,0,0,0,1",0.574,0.71,0.6080000000000001,0.5876777251184834,0.496,0.5379609544468547,0.5740000000000001,0.5928761959075928
"0,1,0,0,1,0,1,1,0,0,0,1,1,1,0,0,1,1,1,0,1",0.494,0.95,0.608,0.49544072948328266,0.652,0.5630397236614854,0.494,0.5974836349487305
"1,1,1,1,1,1,0,0,1,1,0,0,0,0,1,1,1,1,0,1,1",0.514,0.89,0.608,0.5101449275362319,0.704,0.5915966386554622,0.514,0.6062724590301514
"0,1,0,0,0,0,1,0,1,1,0,0,1,1,1,1,1,1,1,0,1",0.514,0.89,0.608,0.5126353790613718,0.568,0.538899430740038,0.514,0.6215307712554932
"0,1,1,1,1,0,1,1,0,1,1,1,0,1,1,1,0,0,0,0,1",0.51,0.9,0.6075,0.5070821529745042,0.716,0.593698175787728,0.51,0.5670595169067383
"0,1,0,1,1,1,1,1,1,1,1,1,1,0,0,1,0,1,1,1,1",0.52,0.87,0.6075,0.5146198830409356,0.704,0.5945945945945946,0.52,0.6435017585754395
"0,0,1,1,1,0,1,1,0,0,0,1,1,1,1,1,0,0,0,0,1",0.52,0.87,0.6075,0.51953125,0.532,0.525691699604743,0.52,0.5931551456451416
"0,1,0,1,0,0,0,1,0,0,0,0,0,0,1,0,1,1,1,0,1",0.51,0.9,0.6075,0.5070821529745042,0.716,0.593698175787728,0.51,0.6476078033447266
"1,0,1,0,0,1,0,1,1,0,1,0,0,1,0,1,1,0,0,1,1",0.52,0.87,0.6075,0.5164473684210527,0.628,0.5667870036101083,0.52,0.6365890502929688
"0,0,1,1,1,0,0,1,0,0,0,0,0,0,1,0,1,1,0,1,0",0.51,0.9,0.6075,0.5073746312684366,0.688,0.5840407470288624,0.51,0.5906715393066406
"1,1,1,1,1,0,0,0,0,0,1,0,0,1,1,1,1,1,0,1,1",0.51,0.9,0.6074999999999999,0.5075528700906344,0.672,0.5783132530120482,0.51,0.5852570533752441
"0,1,1,1,1,0,1,1,0,1,0,0,1,0,0,0,1,1,1,0,1",0.5,0.93,0.6074999999999999,0.5,0.768,0.6056782334384858,0.5,0.6517677307128906
"0,0,0,0,0,1,1,0,0,0,1,0,0,1,0,1,0,0,0,0,1",0.51,0.9,0.6074999999999999,0.5067750677506775,0.748,0.6042003231017771,0.51,0.6059308052062988
"0,0,0,1,1,1,0,0,1,0,1,1,1,1,0,0,1,1,0,0,1",0.506,0.91,0.607,0.5043731778425656,0.692,0.5834738617200674,0.506,0.7387595176696777
"1,1,0,0,1,0,0,1,0,0,1,1,0,0,1,1,0,0,0,0,1",0.512,0.89,0.6065,0.5103448275862069,0.592,0.5481481481481482,0.512,0.569263219833374
"0,1,1,0,1,1,0,1,0,0,0,1,0,0,0,0,1,1,0,0,1",0.522,0.86,0.6065,0.5195729537366548,0.584,0.5499058380414312,0.522,0.5648081302642822
"0,1,1,0,0,0,1,1,1,0,1,1,1,0,0,0,1,0,1,1,0",0.532,0.83,0.6065,0.5392156862745098,0.44,0.4845814977973568,0.532,0.598233699798584
"0,1,1,1,1,0,1,1,0,1,1,1,0,1,0,0,1,0,1,1,1",0.512,0.89,0.6065,0.5098039215686274,0.624,0.5611510791366906,0.512,0.6047155857086182
"1,0,1,1,1,0,0,0,1,0,1,1,0,1,0,0,1,0,0,1,1",0.492,0.95,0.6065,0.4934210526315789,0.6,0.5415162454873647,0.492,0.5840799808502197
"1,0,1,1,1,1,0,1,1,0,0,1,0,1,0,0,0,1,0,1,1",0.532,0.83,0.6065,0.5268456375838926,0.628,0.572992700729927,0.532,0.6146566867828369
"0,1,1,1,0,1,1,1,1,1,0,0,1,0,1,1,1,1,0,1,1",0.532,0.83,0.6065,0.521978021978022,0.76,0.6188925081433225,0.532,0.6226122379302979
"1,0,0,1,0,1,1,1,0,1,0,0,0,0,1,1,0,0,0,0,1",0.548,0.78,0.6060000000000001,0.5397350993377483,0.652,0.5905797101449275,0.548,0.6056854724884033
"1,0,0,1,0,1,1,1,0,1,0,0,1,0,1,1,0,0,0,0,1",0.548,0.78,0.6060000000000001,0.5397350993377483,0.652,0.5905797101449275,0.548,0.5948305130004883
"0,0,1,1,1,1,1,1,1,0,0,0,1,1,0,1,1,1,0,1,1",0.508,0.9,0.606,0.5082644628099173,0.492,0.5,0.508,0.5903337001800537
"1,0,0,1,0,0,0,0,0,1,1,1,0,1,0,1,1,0,1,1,1",0.518,0.87,0.606,0.5201793721973094,0.464,0.4904862579281184,0.518,0.6256148815155029
"0,1,1,1,1,0,1,0,1,1,1,0,1,1,0,0,1,1,1,0,1",0.518,0.87,0.606,0.5115681233933161,0.796,0.622848200312989,0.518,0.6238951683044434
"1,1,1,1,0,0,0,0,0,1,1,1,0,0,1,1,0,0,1,0,1",0.508,0.9,0.606,0.5058139534883721,0.696,0.5858585858585859,0.508,0.6151502132415771
"0,1,1,1,1,0,1,1,0,1,0,0,0,0,0,0,1,1,1,0,1",0.508,0.9,0.606,0.5052083333333334,0.776,0.61198738170347,0.508,0.6010458469390869
"0,0,0,0,0,1,1,1,0,1,1,1,0,1,1,0,1,0,1,0,1",0.504,0.91,0.6055,0.5049019607843137,0.412,0.45374449339207046,0.504,0.6244595050811768
"0,1,1,1,1,0,0,1,1,0,1,1,0,0,0,1,0,1,1,1,1",0.494,0.94,0.6054999999999999,0.49372384937238495,0.472,0.48261758691206547,0.494,0.5948953628540039
"1,0,0,1,1,0,0,0,0,1,1,0,1,1,1,0,0,1,0,0,1",0.5,0.92,0.605,0.5,0.332,0.39903846153846156,0.5,0.7120113372802734
"0,1,1,1,1,0,0,1,1,1,1,1,0,0,0,1,0,1,1,1,0",0.5,0.92,0.605,0.5,0.44,0.46808510638297873,0.5,0.6527228355407715
"0,0,0,0,0,1,1,1,0,0,1,1,1,1,0,0,1,0,0,1,1",0.5,0.92,0.605,0.5,0.492,0.4959677419354839,0.5,0.6096084117889404
"0,0,0,0,0,1,1,0,0,1,0,0,1,0,1,1,1,1,1,0,1",0.51,0.89,0.605,0.5075075075075075,0.676,0.5797598627787307,0.51,0.6111714839935303
"0,1,1,1,1,0,1,1,1,1,0,0,0,0,1,1,1,1,0,1,1",0.51,0.89,0.605,0.5077881619937694,0.652,0.5709281961471103,0.51,0.6331605911254883
"1,1,1,0,1,1,0,0,1,0,0,1,0,1,1,0,0,1,0,1,1",0.556,0.75,0.6045,0.556910569105691,0.548,0.5524193548387096,0.556,0.6217634677886963
"1,0,0,0,1,1,1,0,0,1,1,1,0,1,0,0,1,0,0,1,1",0.516,0.87,0.6045,0.5111111111111111,0.736,0.6032786885245902,0.516,0.6375007629394531
"0,0,1,1,1,1,0,0,1,0,1,0,0,1,1,0,0,1,0,1,0",0.496,0.93,0.6045,0.494949494949495,0.392,0.4375,0.496,0.621100664138794
"0,0,0,1,0,0,1,1,0,0,1,0,0,1,0,0,1,1,0,0,1",0.542,0.79,0.6040000000000001,0.5402298850574713,0.564,0.5518590998043053,0.542,0.5746817588806152
"0,0,1,0,1,1,1,1,0,1,1,0,0,1,0,1,0,0,0,1,0",0.502,0.91,0.604,0.5021645021645021,0.464,0.48232848232848236,0.502,0.5896515846252441
"0,0,0,0,0,1,0,0,1,0,0,0,1,1,0,1,0,1,1,0,1",0.502,0.91,0.604,0.5014925373134328,0.672,0.5743589743589743,0.502,0.6405525207519531
"0,0,0,0,1,1,0,1,0,1,1,0,0,1,1,1,1,0,1,0,1",0.488,0.95,0.6034999999999999,0.49193548387096775,0.732,0.5884244372990354,0.488,0.6210691928863525
"0,1,1,1,1,1,1,1,1,1,0,0,0,0,1,0,0,0,1,1,0",0.524,0.84,0.603,0.525,0.504,0.5142857142857142,0.524,0.6230099201202393
"0,1,1,0,1,0,0,1,0,0,1,0,1,1,1,1,0,0,1,0,1",0.5,0.91,0.6025,0.5,0.536,0.5173745173745173,0.5,0.6340279579162598
"0,0,0,0,0,1,1,0,0,0,1,1,1,1,0,0,1,1,0,0,1",0.51,0.88,0.6025,0.5071633237822349,0.708,0.5909849749582637,0.51,0.609046220779419
"0,0,0,0,0,1,1,1,0,1,0,0,0,0,1,1,0,0,0,1,1",0.5,0.91,0.6025,0.5,0.544,0.5210727969348659,0.5,0.5951862335205078
"1,0,1,0,0,0,0,0,1,1,1,0,1,0,1,0,0,0,0,0,0",0.51,0.88,0.6025,0.5114155251141552,0.448,0.47761194029850745,0.51,0.5665669441223145
"0,1,1,1,1,1,0,0,0,0,0,1,1,1,0,0,1,1,0,0,1",0.53,0.82,0.6025,0.5202156334231806,0.772,0.6215780998389694,0.53,0.587660551071167
"1,0,0,0,1,1,1,0,1,0,0,0,0,1,1,1,1,0,1,1,1",0.526,0.83,0.6020000000000001,0.5232974910394266,0.584,0.5519848771266541,0.526,0.5991089344024658
"0,0,0,0,1,0,1,1,0,0,0,1,1,0,0,0,1,0,0,0,1",0.506,0.89,0.602,0.5046439628482973,0.652,0.568935427574171,0.506,0.5841488838195801
"1,0,0,0,0,0,1,0,0,1,0,1,1,0,0,0,0,1,0,1,1",0.512,0.87,0.6015,0.5084745762711864,0.72,0.5960264900662252,0.512,0.7204349040985107
"0,1,0,1,1,1,0,0,1,0,0,0,0,1,0,1,1,0,0,1,1",0.492,0.93,0.6014999999999999,0.49230769230769234,0.512,0.5019607843137255,0.492,0.6109814643859863
"0,0,1,0,1,1,0,0,1,1,1,1,1,1,1,0,1,1,1,0,0",0.502,0.9,0.6014999999999999,0.5012165450121655,0.824,0.6232980332829047,0.502,0.6633999347686768
"0,0,0,0,0,0,1,0,1,0,1,1,1,0,0,0,0,1,1,1,0",0.528,0.82,0.601,0.5212121212121212,0.688,0.593103448275862,0.528,0.6157176494598389
"1,1,1,0,1,1,1,0,0,1,1,1,0,1,0,1,0,1,1,0,1",0.528,0.82,0.601,0.5234899328859061,0.624,0.5693430656934306,0.528,0.6598379611968994
"1,1,0,0,0,1,0,1,0,1,0,0,0,0,0,0,1,0,1,0,1",0.518,0.85,0.601,0.5182186234817814,0.512,0.5150905432595574,0.518,0.5952901840209961
"0,0,0,0,0,1,1,0,0,0,1,0,1,1,1,1,0,1,0,0,1",0.518,0.85,0.601,0.5233160621761658,0.404,0.45598194130925507,0.518,0.6121487617492676
"0,0,1,0,1,0,1,0,0,0,1,0,0,1,0,0,1,0,0,1,1",0.508,0.88,0.601,0.5131578947368421,0.312,0.3880597014925373,0.508,0.6190245151519775
"0,1,1,0,1,1,1,1,1,1,1,0,0,1,1,0,1,0,0,0,1",0.524,0.83,0.6005,0.5208333333333334,0.6,0.5576208178438662,0.524,0.6697897911071777
"0,1,1,1,0,0,0,1,0,0,1,1,0,0,0,1,1,1,0,1,1",0.514,0.86,0.6005,0.5109034267912772,0.656,0.574430823117338,0.514,0.5902082920074463
"0,0,1,0,0,0,0,0,1,1,1,0,1,0,1,1,0,1,1,1,1",0.504,0.89,0.6005,0.5053763440860215,0.376,0.43119266055045874,0.504,0.6065406799316406
"0,1,1,1,1,0,1,0,0,0,1,0,0,1,0,1,0,1,0,0,1",0.524,0.83,0.6005,0.5164835164835165,0.752,0.6123778501628665,0.524,0.598090410232544
"0,1,1,1,1,1,0,0,1,0,1,1,1,1,0,1,1,0,0,1,0",0.514,0.86,0.6005,0.5187165775401069,0.388,0.4439359267734554,0.514,0.6060905456542969
"0,0,1,0,0,0,0,0,1,0,0,1,1,1,1,1,1,1,1,0,0",0.54,0.78,0.6000000000000001,0.5297619047619048,0.712,0.6075085324232082,0.54,0.5967838764190674
"0,1,0,1,0,0,0,0,0,1,0,0,0,0,1,0,0,0,1,1,1",0.51,0.87,0.6,0.5086505190311419,0.588,0.5454545454545454,0.51,0.5846877098083496
"0,0,1,1,0,1,0,0,0,1,1,1,0,1,1,0,0,0,0,0,1",0.5,0.9,0.6,0.5,0.78,0.609375,0.5,0.6190032958984375
"0,1,1,0,0,0,0,0,1,1,1,1,1,0,1,1,1,0,1,1,1",0.5,0.9,0.6,0.5,0.736,0.5954692556634305,0.5,0.6600871086120605
"0,1,0,0,1,0,1,0,1,1,0,1,1,0,1,0,0,0,0,0,0",0.526,0.82,0.5995,0.5217391304347826,0.624,0.5683060109289617,0.526,0.6017825603485107
"1,1,1,0,0,0,1,0,1,0,1,0,0,0,0,0,0,1,0,1,0",0.536,0.79,0.5995,0.5241935483870968,0.78,0.6270096463022508,0.536,0.6519935131072998
"1,0,0,1,0,1,0,1,1,1,0,1,0,0,1,0,0,0,1,1,1",0.516,0.85,0.5995,0.513986013986014,0.588,0.5485074626865671,0.516,0.606053352355957
"0,1,1,0,1,1,0,1,0,1,0,1,1,1,1,1,1,1,1,1,1",0.496,0.91,0.5994999999999999,0.4967105263157895,0.604,0.5451263537906137,0.496,0.6339850425720215
"0,1,0,0,1,0,0,0,1,0,1,1,1,1,0,1,1,1,1,1,0",0.496,0.91,0.5994999999999999,0.49609375,0.508,0.5019762845849802,0.496,0.6493134498596191
"0,0,0,0,1,0,1,1,0,0,1,1,0,1,0,1,0,1,0,0,1",0.522,0.83,0.599,0.5284974093264249,0.408,0.4604966139954853,0.522,0.5970213413238525
"1,0,1,0,0,0,1,1,1,1,0,0,1,0,0,1,1,0,1,1,0",0.512,0.86,0.599,0.5118110236220472,0.52,0.5158730158730159,0.512,0.6216592788696289
"1,0,0,0,1,0,1,0,1,0,0,0,1,0,0,0,0,0,0,1,0",0.522,0.83,0.599,0.5238095238095238,0.484,0.5031185031185031,0.522,0.5738372802734375
"1,1,0,1,1,0,1,0,0,0,1,0,0,1,1,1,0,0,1,1,0",0.522,0.83,0.599,0.5152354570637119,0.744,0.6088379705400983,0.522,0.6593661308288574
"0,1,1,1,1,0,1,1,1,1,0,0,0,0,0,0,1,1,1,0,1",0.492,0.92,0.599,0.49476439790575916,0.756,0.5981012658227848,0.492,0.64143967628479
"1,1,0,1,0,1,1,0,1,1,1,0,0,1,1,1,1,0,1,1,1",0.508,0.87,0.5985,0.5062111801242236,0.652,0.5699300699300699,0.508,0.6400613784790039
"1,0,1,1,0,0,1,1,1,0,0,0,0,0,0,1,0,0,0,1,1",0.518,0.84,0.5985,0.5263157894736842,0.36,0.42755344418052255,0.518,0.6072044372558594
"1,0,0,1,0,1,0,1,0,1,0,0,0,0,0,1,0,1,0,0,1",0.544,0.76,0.5980000000000001,0.5310734463276836,0.752,0.6225165562913907,0.544,0.5640411376953125
"1,0,1,0,0,1,1,0,1,0,0,0,0,1,1,0,1,0,1,1,0",0.544,0.76,0.5980000000000001,0.5310734463276836,0.752,0.6225165562913907,0.544,0.6350369453430176
"1,0,0,1,0,1,1,0,0,1,0,1,1,0,1,0,0,0,0,0,1",0.544,0.76,0.5980000000000001,0.5310734463276836,0.752,0.6225165562913907,0.544,0.5856952667236328
"1,0,1,1,1,1,0,1,1,1,1,1,0,0,0,0,0,0,0,0,0",0.55,0.74,0.5975,0.5555555555555556,0.5,0.5263157894736842,0.55,0.5378811359405518
"1,1,0,1,1,1,1,0,1,1,1,1,1,0,0,0,0,0,1,0,0",0.55,0.74,0.5975,0.5555555555555556,0.5,0.5263157894736842,0.55,0.5502827167510986
"0,0,1,1,1,1,0,1,0,0,0,1,1,0,0,0,1,1,1,0,1",0.49,0.92,0.5975,0.4897959183673469,0.48,0.48484848484848486,0.49,0.6411652565002441
"0,1,1,1,0,1,1,1,1,1,1,1,0,1,1,0,0,1,1,0,0",0.51,0.86,0.5975,0.5124378109452736,0.412,0.4567627494456763,0.51,0.6163413524627686
"1,1,1,0,1,1,1,0,0,0,1,0,1,1,0,1,0,0,1,0,0",0.55,0.74,0.5975,0.5555555555555556,0.5,0.5263157894736842,0.55,0.5928170680999756
"0,1,0,1,1,1,1,0,0,1,1,0,1,1,0,0,0,1,0,1,1",0.49,0.92,0.5975,0.4901185770750988,0.496,0.49304174950298213,0.49,0.6367967128753662
"0,1,0,1,0,1,1,0,0,0,1,0,1,1,0,1,1,1,1,1,0",0.49,0.92,0.5974999999999999,0.4932975871313673,0.736,0.5906902086677368,0.49,0.6052372455596924
"0,1,1,1,0,0,0,1,0,0,1,0,0,0,1,0,0,1,1,0,1",0.48,0.95,0.5974999999999999,0.4789915966386555,0.456,0.4672131147540984,0.48,0.8389489650726318
"0,0,1,1,1,0,0,1,0,1,1,1,1,0,0,1,1,0,0,1,0",0.496,0.9,0.597,0.49612403100775193,0.512,0.5039370078740157,0.496,0.5954680442810059
"1,1,0,1,1,1,0,0,0,0,1,1,1,1,1,1,1,0,0,0,1",0.526,0.81,0.597,0.5380116959064327,0.368,0.43705463182897863,0.526,0.5905694961547852
"1,1,0,1,0,0,0,0,1,1,1,0,1,1,0,0,0,1,1,1,1",0.496,0.9,0.597,0.49606299212598426,0.504,0.5,0.496,0.5971493721008301
"1,0,1,0,1,0,0,0,0,0,0,1,1,1,0,0,1,0,1,1,1",0.506,0.87,0.597,0.5052264808362369,0.58,0.5400372439478585,0.506,0.6271018981933594
"1,0,0,1,0,1,0,0,1,0,0,0,1,0,1,1,1,1,0,0,1",0.516,0.84,0.597,0.5111731843575419,0.732,0.6019736842105263,0.516,0.5744218826293945
"0,0,0,0,1,0,1,1,0,0,0,1,1,1,1,1,0,0,0,0,1",0.516,0.84,0.597,0.5120481927710844,0.68,0.584192439862543,0.516,0.6579182147979736
"0,0,1,1,1,1,1,1,0,0,0,1,0,0,0,0,1,1,1,0,0",0.502,0.88,0.5965,0.5020242914979757,0.496,0.49899396378269617,0.502,0.6213722229003906
"0,0,1,1,1,0,0,0,1,0,0,1,1,1,0,1,0,0,0,0,1",0.512,0.85,0.5965,0.5086705202312138,0.704,0.5906040268456376,0.512,0.6087405681610107
"1,0,0,0,0,0,0,1,0,1,1,0,1,0,0,1,1,0,0,1,1",0.502,0.88,0.5965,0.5027624309392266,0.364,0.4222737819025522,0.502,0.6089484691619873
"1,1,1,0,1,1,0,0,0,1,0,0,1,0,0,0,1,0,1,1,0",0.552,0.73,0.5965,0.5537190082644629,0.536,0.5447154471544715,0.552,0.6015832424163818
"1,0,1,0,0,1,1,0,0,0,1,1,0,1,0,0,0,1,0,1,0",0.502,0.88,0.5965,0.5025641025641026,0.392,0.4404494382022472,0.502,0.5871045589447021
"1,1,1,1,0,1,0,0,1,0,1,0,0,0,1,1,0,1,0,1,1",0.512,0.85,0.5965,0.5120967741935484,0.508,0.5100401606425703,0.512,0.6308908462524414
"0,1,1,0,1,1,1,0,1,1,1,1,1,1,1,0,1,1,0,0,1",0.492,0.91,0.5965,0.49166666666666664,0.472,0.4816326530612245,0.492,0.5814926624298096
"0,1,1,0,0,0,0,0,0,1,0,1,0,0,1,0,1,1,1,1,0",0.528,0.8,0.5960000000000001,0.5217391304347826,0.672,0.5874125874125874,0.528,0.619926929473877
"1,1,0,0,0,0,1,1,0,1,1,1,0,0,1,0,0,1,0,0,0",0.538,0.77,0.5960000000000001,0.5238095238095238,0.836,0.6440677966101694,0.538,0.5557229518890381
"1,0,0,0,0,0,1,0,0,1,0,0,0,1,1,0,1,0,1,1,0",0.498,0.89,0.596,0.49765258215962443,0.424,0.45788336933045354,0.498,0.5691959857940674
"0,1,1,1,1,1,1,0,1,0,1,0,1,0,1,1,1,0,1,0,1",0.508,0.86,0.596,0.5098039215686274,0.416,0.4581497797356828,0.508,0.6532490253448486
"0,0,1,0,0,1,0,0,0,0,0,1,1,1,0,1,0,1,1,0,1",0.508,0.86,0.596,0.5062893081761006,0.644,0.5669014084507042,0.508,0.5912361145019531
"0,0,1,1,0,0,0,1,1,1,0,1,1,1,0,0,0,1,0,1,1",0.494,0.9,0.5955,0.49523809523809526,0.624,0.552212389380531,0.494,0.6072349548339844
"0,1,1,1,1,0,1,1,0,1,1,0,0,1,0,0,1,0,1,0,1",0.514,0.84,0.5955,0.5114754098360655,0.624,0.5621621621621622,0.514,0.6063363552093506
"0,0,1,1,0,1,0,0,1,0,0,1,0,0,1,1,1,1,1,1,0",0.504,0.87,0.5955,0.5046296296296297,0.436,0.4678111587982833,0.504,0.6394543647766113
"0,0,0,1,0,0,0,1,1,0,1,1,0,1,0,1,0,1,1,0,1",0.504,0.87,0.5955,0.504,0.504,0.504,0.504,0.5997254848480225
"1,0,0,1,1,1,0,1,1,1,1,1,0,1,1,0,0,1,1,0,1",0.494,0.9,0.5954999999999999,0.4964871194379391,0.848,0.6262924667651403,0.494,0.6740055084228516
"1,0,1,1,0,0,0,1,0,1,1,1,1,1,1,1,1,1,0,0,0",0.5,0.88,0.595,0.5,0.412,0.4517543859649123,0.5,0.5978550910949707
"0,1,1,0,1,0,0,1,0,1,1,0,0,1,1,1,0,0,0,0,0",0.51,0.85,0.595,0.5109170305676856,0.468,0.48851774530271397,0.51,0.5742390155792236
"1,0,1,1,0,1,0,0,0,1,1,1,1,1,0,0,0,1,0,1,0",0.51,0.85,0.595,0.5081967213114754,0.62,0.5585585585585585,0.51,0.5821845531463623
"1,1,1,0,0,0,1,0,0,0,0,0,0,0,1,1,1,0,1,1,1",0.51,0.85,0.595,0.5072046109510087,0.704,0.5896147403685092,0.51,0.5885894298553467
"1,0,0,0,1,1,1,0,0,0,1,0,0,1,0,0,0,1,0,0,1",0.52,0.82,0.595,0.5219298245614035,0.476,0.497907949790795,0.52,0.6278026103973389
"0,1,1,0,1,0,0,0,0,0,1,1,1,0,1,0,1,0,0,0,0",0.51,0.85,0.595,0.5109170305676856,0.468,0.48851774530271397,0.51,0.6380167007446289
"1,1,1,1,0,1,0,1,0,1,0,1,1,1,0,1,0,1,0,0,1",0.506,0.86,0.5945,0.5046728971962616,0.648,0.5674255691768827,0.506,0.6342029571533203
"0,1,1,0,1,0,1,1,0,0,0,1,1,1,1,1,0,0,0,1,0",0.496,0.89,0.5945,0.4965753424657534,0.58,0.5350553505535055,0.496,0.6026859283447266
"0,1,0,1,1,1,0,0,0,0,1,0,1,0,0,1,0,1,1,1,0",0.476,0.95,0.5945,0.46153846153846156,0.288,0.35467980295566504,0.476,0.6776309013366699
"0,1,1,0,1,0,0,0,1,1,1,0,1,1,0,0,0,0,0,1,0",0.506,0.86,0.5945,0.5045045045045045,0.672,0.5763293310463122,0.506,0.6125750541687012
"0,0,0,0,0,1,1,1,0,0,0,1,1,1,1,1,0,0,0,0,1",0.516,0.83,0.5945,0.5127388535031847,0.644,0.5709219858156028,0.516,0.5612659454345703
"1,0,0,1,0,1,0,1,1,0,1,1,0,1,1,0,1,1,1,0,0",0.516,0.83,0.5945,0.5147058823529411,0.56,0.5363984674329502,0.516,0.6120741367340088
"1,1,0,1,0,0,1,0,0,1,0,0,1,1,1,1,1,1,0,1,0",0.496,0.89,0.5945,0.49624060150375937,0.528,0.5116279069767442,0.496,0.5743508338928223
"0,1,0,0,1,0,0,1,1,0,1,0,0,0,0,1,1,1,0,0,0",0.516,0.83,0.5945,0.5131578947368421,0.624,0.5631768953068592,0.516,0.5529062747955322
"0,1,0,1,1,1,1,1,0,1,0,1,0,1,1,1,0,0,1,0,0",0.522,0.81,0.5940000000000001,0.5236051502145923,0.488,0.505175983436853,0.522,0.5569264888763428
"1,0,1,1,0,1,1,1,1,0,0,1,0,0,0,0,0,0,1,1,1",0.532,0.78,0.5940000000000001,0.527972027972028,0.604,0.5634328358208955,0.532,0.6039872169494629
"1,1,0,1,1,1,0,1,1,1,1,0,1,0,0,1,0,1,0,0,0",0.532,0.78,0.5940000000000001,0.536036036036036,0.476,0.5042372881355932,0.532,0.5937893390655518
"0,1,1,1,0,0,1,0,1,1,0,1,0,0,0,1,1,1,1,0,0",0.512,0.84,0.5940000000000001,0.5110294117647058,0.556,0.5325670498084292,0.512,0.5789332389831543
"0,1,1,0,1,0,1,0,1,0,0,1,0,0,0,1,1,1,0,0,0",0.512,0.84,0.5940000000000001,0.5110294117647058,0.556,0.5325670498084292,0.512,0.6078577041625977
"0,1,1,0,1,0,0,0,0,1,1,0,1,0,1,1,0,0,1,1,1",0.502,0.87,0.594,0.5017064846416383,0.588,0.5414364640883977,0.502,0.6228160858154297
"0,1,0,1,0,0,0,0,0,1,1,0,0,1,0,0,1,1,1,0,1",0.502,0.87,0.594,0.5032258064516129,0.312,0.3851851851851852,0.502,0.6511445045471191
"0,0,1,1,1,1,1,1,1,1,0,0,1,1,0,0,0,0,1,0,1",0.492,0.9,0.594,0.49206349206349204,0.496,0.4940239043824701,0.492,0.6424071788787842
"1,1,1,1,1,1,1,1,1,0,0,1,0,1,1,1,1,0,1,1,0",0.502,0.87,0.594,0.5011764705882353,0.852,0.6311111111111111,0.502,0.601893424987793
"0,1,0,1,0,0,0,1,1,0,0,0,0,0,0,1,0,1,0,0,1",0.502,0.87,0.594,0.5027932960893855,0.36,0.4195804195804196,0.502,0.6050264835357666
"0,0,0,0,1,1,1,0,1,0,1,1,0,1,1,1,1,1,1,1,0",0.502,0.87,0.594,0.5027624309392266,0.364,0.4222737819025522,0.502,0.5992753505706787
"0,1,0,0,1,0,0,1,0,0,1,1,1,1,1,1,0,1,0,1,0",0.492,0.9,0.594,0.489247311827957,0.364,0.41743119266055045,0.492,0.6186575889587402
"1,0,1,0,0,1,1,0,1,0,0,0,0,0,1,1,0,0,1,0,0",0.528,0.79,0.5935,0.5202312138728323,0.72,0.6040268456375839,0.528,0.609229326248169
"1,0,0,1,0,0,0,1,0,0,1,0,0,0,0,0,1,1,1,0,1",0.528,0.79,0.5935,0.5301724137931034,0.492,0.5103734439834025,0.528,0.6240732669830322
"1,1,0,0,1,1,0,1,0,1,0,1,0,0,1,0,0,0,1,1,1",0.498,0.88,0.5935,0.49732620320855614,0.372,0.425629290617849,0.498,0.6492164134979248
"1,0,1,0,1,0,1,1,1,1,0,0,1,1,0,1,1,0,0,0,1",0.498,0.88,0.5935,0.4981684981684982,0.544,0.5200764818355641,0.498,0.5806682109832764
"0,0,0,0,0,1,1,1,0,1,0,1,0,1,1,1,1,1,0,1,1",0.498,0.88,0.5935,0.4982698961937716,0.576,0.5343228200371057,0.498,0.6098883152008057
"1,0,0,0,1,1,1,1,0,0,0,1,0,0,1,1,0,1,0,1,0",0.528,0.79,0.5935,0.5321100917431193,0.464,0.49572649572649574,0.528,0.6268486976623535
"0,1,0,1,0,0,1,0,1,0,1,1,0,1,1,0,1,0,0,0,0",0.514,0.83,0.593,0.5096952908587258,0.736,0.602291325695581,0.514,0.5952856540679932
"0,0,1,0,1,0,0,1,0,1,1,0,1,0,0,1,0,1,1,0,0",0.514,0.83,0.593,0.5096952908587258,0.736,0.602291325695581,0.514,0.6287524700164795
"0,0,0,0,0,1,1,0,0,0,0,0,0,0,1,1,1,0,1,1,1",0.484,0.92,0.593,0.4869281045751634,0.596,0.5359712230215827,0.484,0.6545906066894531
"1,1,1,0,0,1,1,0,1,0,0,0,1,1,1,0,1,1,0,0,0",0.504,0.86,0.593,0.5039370078740157,0.512,0.5079365079365079,0.504,0.6130383014678955
"1,1,0,1,0,0,0,0,0,1,1,0,0,1,0,0,1,0,0,1,0",0.52,0.81,0.5925,0.5157232704402516,0.656,0.5774647887323944,0.52,0.620445966720581
"0,1,1,1,1,0,1,1,0,1,1,0,0,1,0,1,1,1,0,1,1",0.51,0.84,0.5925,0.5097276264591439,0.524,0.5167652859960552,0.51,0.6465184688568115
"1,1,1,0,1,0,0,1,0,1,0,0,0,1,1,0,1,0,1,1,1",0.5,0.87,0.5925,0.5,0.432,0.463519313304721,0.5,0.6232562065124512
"0,1,0,0,0,1,1,0,1,0,1,1,0,1,1,0,1,1,0,1,1",0.5,0.87,0.5925,0.5,0.544,0.5210727969348659,0.5,0.646312952041626
"0,0,1,1,1,0,0,1,0,1,1,0,1,0,0,0,1,1,1,1,0",0.49,0.9,0.5925,0.49240121580547114,0.648,0.5595854922279793,0.49,0.5878961086273193
"1,1,0,0,0,0,0,0,1,0,0,0,1,0,1,1,1,1,1,0,1",0.5,0.87,0.5925,0.5,0.524,0.51171875,0.5,0.6309068202972412
"1,1,0,0,1,1,0,0,1,0,1,0,0,1,0,0,0,1,0,1,1",0.506,0.85,0.5920000000000001,0.5058823529411764,0.516,0.5108910891089109,0.506,0.6187927722930908
"1,0,0,0,1,0,1,1,0,0,0,1,0,0,0,0,1,1,0,1,0",0.516,0.82,0.5920000000000001,0.525974025974026,0.324,0.400990099009901,0.516,0.6291990280151367
"0,1,1,1,0,1,0,1,0,0,0,0,1,0,1,1,0,1,0,1,0",0.506,0.85,0.5920000000000001,0.5051903114186851,0.584,0.5417439703153989,0.506,0.6495194435119629
"0,0,1,1,0,1,0,0,0,1,0,1,0,1,1,0,1,1,0,1,0",0.506,0.85,0.592,0.5058365758754864,0.52,0.5128205128205128,0.506,0.6231482028961182
"0,1,1,1,0,0,1,0,0,0,0,1,0,1,1,0,0,1,1,1,1",0.496,0.88,0.592,0.49710982658959535,0.688,0.5771812080536913,0.496,0.6134915351867676
"1,0,0,0,0,0,1,0,1,1,1,0,0,1,0,1,0,0,0,0,1",0.516,0.82,0.592,0.5153846153846153,0.536,0.5254901960784314,0.516,0.5790257453918457
"1,0,0,1,1,1,0,1,0,0,1,1,1,1,1,1,1,1,0,0,1",0.496,0.88,0.592,0.49725274725274726,0.724,0.5895765472312704,0.496,0.6003725528717041
"1,0,0,1,1,1,0,1,0,1,0,1,0,1,0,0,1,1,0,1,0",0.496,0.88,0.592,0.4950980392156863,0.404,0.44493392070484583,0.496,0.6170065402984619
"0,1,1,1,1,1,1,1,1,0,0,1,1,0,0,0,0,1,1,1,1",0.492,0.89,0.5915,0.49295774647887325,0.56,0.5243445692883895,0.492,0.6674783229827881
"0,1,1,0,1,0,0,0,0,0,1,1,0,0,1,0,0,1,0,0,1",0.492,0.89,0.5915,0.4924812030075188,0.524,0.5077519379844961,0.492,0.6281390190124512
"1,1,1,1,1,1,1,0,0,1,1,0,0,0,0,1,1,1,1,0,1",0.512,0.83,0.5915,0.5075757575757576,0.804,0.6222910216718266,0.512,0.5929853916168213
"1,1,1,0,1,1,0,0,0,1,0,0,0,0,0,0,1,0,1,1,1",0.522,0.8,0.5915,0.5263157894736842,0.44,0.4793028322440087,0.522,0.6281282901763916
"0,0,1,1,1,1,0,1,0,1,0,0,0,0,1,0,1,1,0,0,1",0.482,0.92,0.5914999999999999,0.47715736040609136,0.376,0.42058165548098436,0.482,0.5967252254486084
"0,0,0,0,0,1,1,0,0,0,1,0,0,1,0,0,1,0,1,0,1",0.492,0.89,0.5914999999999999,0.4934210526315789,0.6,0.5415162454873647,0.492,0.6007459163665771
"0,1,1,1,1,0,0,0,1,1,0,0,1,0,1,1,1,1,0,1,1",0.472,0.95,0.5914999999999999,0.48138297872340424,0.724,0.5782747603833865,0.472,0.6144933700561523
"0,0,0,0,0,1,1,0,0,0,1,0,1,1,1,1,0,0,0,0,1",0.498,0.87,0.591,0.4975845410628019,0.412,0.45076586433260396,0.498,0.5861351490020752
"1,1,0,0,0,0,1,0,1,1,1,1,0,0,0,1,0,1,0,1,1",0.508,0.84,0.591,0.5051546391752577,0.784,0.6144200626959248,0.508,0.6083085536956787
"1,1,0,0,1,0,1,0,0,1,0,0,0,1,0,1,1,1,1,0,1",0.508,0.84,0.591,0.5060606060606061,0.668,0.5758620689655173,0.508,0.6073296070098877
"0,0,0,0,1,0,1,0,0,0,0,0,0,0,1,0,0,0,1,0,1",0.488,0.9,0.591,0.4846938775510204,0.38,0.4260089686098655,0.488,0.5832638740539551
"1,0,1,1,1,0,0,1,0,0,0,1,0,1,1,0,1,0,0,1,1",0.478,0.93,0.591,0.48014440433212996,0.532,0.5047438330170778,0.478,0.6114583015441895
"1,1,0,1,1,1,0,0,1,1,1,1,0,1,1,0,0,1,0,0,1",0.534,0.76,0.5905,0.5306859205776173,0.588,0.5578747628083491,0.534,0.5890295505523682
"0,0,0,0,0,1,0,0,1,0,0,0,1,0,1,0,1,0,0,0,1",0.494,0.88,0.5905,0.4936708860759494,0.468,0.4804928131416838,0.494,0.5636966228485107
"0,1,1,0,1,0,0,1,0,0,1,0,1,1,1,0,1,1,1,0,1",0.474,0.94,0.5905,0.4723404255319149,0.444,0.4577319587628866,0.474,0.6325798034667969
"1,0,1,1,0,1,1,0,1,0,1,0,1,1,1,1,1,1,1,1,1",0.52,0.8,0.5900000000000001,0.5192307692307693,0.54,0.5294117647058824,0.52,0.6046879291534424
"1,0,1,0,1,0,0,0,0,1,0,1,1,0,1,0,1,0,0,0,1",0.5,0.86,0.5900000000000001,0.5,0.596,0.5437956204379562,0.5,0.6243796348571777
"0,1,1,1,0,0,0,1,0,1,1,0,1,0,0,1,0,0,1,1,0",0.5,0.86,0.5900000000000001,0.5,0.596,0.5437956204379562,0.5,0.6039912700653076
"0,0,0,0,1,1,1,1,0,1,1,1,1,1,0,0,1,1,1,0,0",0.5,0.86,0.59,0.5,0.268,0.3489583333333333,0.5,0.5979254245758057
"1,1,0,1,1,0,0,0,1,0,0,0,0,0,0,1,0,1,1,1,0",0.49,0.89,0.59,0.48936170212765956,0.46,0.4742268041237113,0.49,0.6236259937286377
"0,0,0,0,0,1,0,1,0,0,1,1,0,0,1,1,1,0,0,0,1",0.47,0.95,0.59,0.47058823529411764,0.48,0.4752475247524752,0.47,0.6180300712585449
"0,1,1,1,0,1,1,0,0,1,1,0,0,0,0,0,0,1,1,0,1",0.48,0.92,0.59,0.4715909090909091,0.332,0.3896713615023474,0.48,0.6566512584686279
"0,0,0,1,1,1,1,1,1,1,1,1,1,1,1,1,0,0,0,0,1",0.5,0.86,0.59,0.5,0.556,0.5265151515151515,0.5,0.5763201713562012
"1,0,0,1,0,1,0,0,0,1,1,0,1,1,0,0,1,0,1,1,1",0.5,0.86,0.59,0.5,0.54,0.5192307692307693,0.5,0.6021418571472168
"1,1,1,1,0,1,1,1,1,1,0,0,1,1,1,0,0,1,0,1,1",0.49,0.89,0.59,0.4889867841409692,0.444,0.46540880503144655,0.49,0.6271133422851562
"0,1,0,0,0,0,1,0,1,1,0,0,1,1,0,1,0,1,0,1,0",0.486,0.9,0.5895,0.48717948717948717,0.532,0.5086042065009561,0.486,0.5726790428161621
"1,1,0,1,1,1,0,0,1,1,1,1,1,0,1,1,0,0,1,0,0",0.546,0.72,0.5895,0.5577889447236181,0.444,0.49443207126948774,0.546,0.5591902732849121
"1,1,0,1,1,1,0,1,1,0,1,1,0,1,1,1,1,0,1,0,0",0.546,0.72,0.5895,0.5577889447236181,0.444,0.49443207126948774,0.546,0.603550910949707
"0,0,0,0,1,0,1,1,1,1,0,0,0,1,0,1,0,1,1,0,1",0.496,0.87,0.5895,0.49693251533742333,0.648,0.5625,0.496,0.6690554618835449
"1,1,0,1,1,1,1,0,1,1,1,0,1,0,1,1,1,1,1,1,1",0.496,0.87,0.5895,0.49640287769784175,0.552,0.5227272727272727,0.496,0.6578207015991211
"1,1,0,0,0,1,0,0,1,0,0,0,1,0,1,1,0,1,1,1,1",0.486,0.9,0.5894999999999999,0.4879725085910653,0.568,0.5249537892791127,0.486,0.5814447402954102
"0,1,0,1,0,0,1,0,0,0,1,0,1,1,1,1,0,1,1,1,1",0.476,0.93,0.5894999999999999,0.4772727272727273,0.504,0.490272373540856,0.476,0.6295008659362793
"0,1,0,1,1,0,0,1,1,1,0,0,0,0,0,0,0,1,0,1,1",0.492,0.88,0.589,0.4911504424778761,0.444,0.46638655462184875,0.492,0.600548505783081
"0,0,0,1,0,1,1,0,0,1,1,1,1,1,1,1,0,1,1,1,0",0.482,0.91,0.589,0.4727272727272727,0.312,0.3759036144578313,0.482,0.6283295154571533
"0,0,1,1,1,0,0,0,0,0,0,0,1,0,1,1,0,0,0,1,1",0.472,0.94,0.589,0.475,0.532,0.5018867924528302,0.472,0.6216397285461426
"1,0,0,0,1,1,0,1,1,0,1,0,1,0,1,1,0,1,1,1,0",0.492,0.88,0.589,0.4937106918238994,0.628,0.5528169014084507,0.492,0.618708610534668
"1,1,0,1,0,0,1,0,1,0,0,0,1,1,0,1,0,1,1,1,0",0.492,0.88,0.589,0.49324324324324326,0.584,0.5347985347985348,0.492,0.5962667465209961
"0,1,0,0,0,0,0,1,1,0,0,1,0,0,1,0,0,1,0,1,0",0.488,0.89,0.5885,0.49137931034482757,0.684,0.5719063545150501,0.488,0.5751595497131348
"1,0,0,1,0,0,0,0,0,1,0,0,1,1,1,1,1,1,1,1,0",0.488,0.89,0.5885,0.4863636363636364,0.428,0.4553191489361702,0.488,0.6584563255310059
"1,0,0,1,1,1,0,0,1,0,1,1,1,0,1,0,1,0,0,1,1",0.488,0.89,0.5885,0.48872180451127817,0.52,0.5038759689922481,0.488,0.5915582180023193
"0,1,0,1,0,1,0,1,1,1,1,0,0,1,1,0,1,1,0,0,0",0.498,0.86,0.5885,0.4984423676012461,0.64,0.5604203152364273,0.498,0.6158535480499268
"0,0,1,0,1,1,1,1,1,0,0,0,0,0,0,0,0,1,0,1,0",0.498,0.86,0.5885,0.4972972972972973,0.368,0.42298850574712643,0.498,0.6577658653259277
"0,1,1,1,0,1,1,1,0,1,1,0,1,1,0,1,1,1,1,0,1",0.498,0.86,0.5885,0.49830508474576274,0.588,0.5394495412844037,0.498,0.6149275302886963
"0,0,0,0,0,1,1,0,0,0,1,0,1,1,0,0,0,1,0,0,1",0.488,0.89,0.5885,0.48672566371681414,0.44,0.46218487394957986,0.488,0.6578378677368164
"0,1,0,0,1,1,0,1,0,0,0,1,1,0,0,0,1,1,1,0,1",0.478,0.92,0.5885,0.4696132596685083,0.34,0.39443155452436196,0.478,0.6435246467590332
"1,1,1,1,1,1,1,0,0,0,0,1,0,0,0,1,1,0,1,1,0",0.514,0.81,0.5880000000000001,0.5098591549295775,0.724,0.5983471074380166,0.514,0.6222267150878906
"1,1,1,0,0,0,0,1,0,0,0,1,1,0,1,1,0,1,0,1,0",0.504,0.84,0.588,0.5027173913043478,0.74,0.598705501618123,0.504,0.5721101760864258
"1,0,0,1,0,0,0,1,0,1,1,0,1,0,0,1,1,0,1,0,0",0.504,0.84,0.588,0.5037037037037037,0.544,0.5230769230769231,0.504,0.5408070087432861
"1,0,1,1,0,0,0,1,1,0,1,0,0,1,0,0,1,0,0,1,1",0.484,0.9,0.588,0.4897959183673469,0.768,0.5981308411214953,0.484,0.6796903610229492
"1,1,1,0,0,0,1,0,0,1,1,1,0,1,0,0,0,0,1,0,0",0.504,0.84,0.588,0.5037037037037037,0.544,0.5230769230769231,0.504,0.5717899799346924
"1,0,0,0,1,0,1,0,1,1,1,0,0,1,0,1,1,0,0,0,0",0.504,0.84,0.588,0.5037037037037037,0.544,0.5230769230769231,0.504,0.5774013996124268
"1,0,1,1,1,0,0,0,0,0,1,0,0,1,0,1,1,0,0,0,0",0.504,0.84,0.588,0.5037037037037037,0.544,0.5230769230769231,0.504,0.5490150451660156
"1,0,1,1,0,0,0,0,0,1,1,0,0,0,0,0,0,0,1,0,0",0.504,0.84,0.588,0.5037037037037037,0.544,0.5230769230769231,0.504,0.5657365322113037
"0,1,0,0,0,1,0,0,0,0,1,1,0,0,1,0,1,1,1,1,1",0.484,0.9,0.588,0.4789473684210526,0.364,0.41363636363636364,0.484,0.6564686298370361
"1,1,0,0,1,1,1,0,1,0,0,1,0,0,1,1,1,0,0,1,1",0.51,0.82,0.5875,0.5102040816326531,0.5,0.5050505050505051,0.51,0.639991283416748
"1,1,1,0,0,1,1,0,0,0,0,1,1,1,1,0,1,1,0,1,1",0.51,0.82,0.5875,0.5102880658436214,0.496,0.5030425963488844,0.51,0.6219661235809326
"1,1,1,0,1,1,1,1,1,0,1,1,0,0,1,1,0,1,1,0,1",0.51,0.82,0.5875,0.5080385852090032,0.632,0.5632798573975044,0.51,0.6470682621002197
"1,1,1,1,0,1,0,1,0,0,0,1,0,0,0,1,0,1,1,0,0",0.52,0.79,0.5875,0.5159235668789809,0.648,0.574468085106383,0.52,0.611846923828125
"0,1,0,1,0,1,1,0,1,1,1,0,0,1,1,1,1,1,0,1,1",0.47,0.94,0.5874999999999999,0.4666666666666667,0.42,0.4421052631578947,0.47,0.616649866104126
"1,1,0,0,0,1,0,0,1,1,0,0,0,1,1,1,0,1,1,0,0",0.506,0.83,0.587,0.503562945368171,0.848,0.6318926974664679,0.506,0.5647845268249512
"1,1,0,1,1,0,1,1,0,1,0,1,0,1,1,1,1,1,1,1,1",0.486,0.89,0.587,0.48717948717948717,0.532,0.5086042065009561,0.486,0.6445915699005127
"1,1,1,0,0,0,0,0,0,0,1,0,1,1,0,0,0,1,1,0,0",0.496,0.86,0.587,0.4957983193277311,0.472,0.48360655737704916,0.496,0.5622830390930176
"1,0,1,0,0,1,0,0,0,1,1,1,0,0,0,1,0,1,0,1,0",0.496,0.86,0.587,0.49557522123893805,0.448,0.47058823529411764,0.496,0.6183755397796631
"0,1,0,0,0,0,0,0,0,0,1,0,0,0,0,0,1,0,1,1,1",0.496,0.86,0.587,0.49645390070921985,0.56,0.5263157894736842,0.496,0.6239025592803955
"0,1,0,0,0,0,1,0,1,1,0,1,0,1,0,0,0,1,1,1,1",0.506,0.83,0.587,0.5054545454545455,0.556,0.5295238095238095,0.506,0.6101751327514648
"0,0,1,0,1,0,0,1,0,1,1,1,1,0,0,1,0,0,1,1,1",0.506,0.83,0.587,0.5045317220543807,0.668,0.5748709122203098,0.506,0.6322004795074463
"1,1,1,0,0,0,0,0,0,0,0,0,0,1,1,1,0,0,1,0,1",0.512,0.81,0.5865,0.5153061224489796,0.404,0.452914798206278,0.512,0.6268131732940674
"0,0,0,0,0,1,0,0,0,1,1,1,1,0,0,1,0,0,0,1,0",0.482,0.9,0.5865,0.4838709677419355,0.54,0.5103969754253308,0.482,0.5897550582885742
"1,0,1,1,0,1,1,0,1,1,1,1,0,1,0,0,0,1,1,1,0",0.502,0.84,0.5865,0.5015873015873016,0.632,0.5592920353982301,0.502,0.6009399890899658
"1,1,1,1,0,0,0,0,1,0,0,0,1,1,0,1,1,0,1,0,1",0.492,0.87,0.5865,0.49411764705882355,0.672,0.5694915254237288,0.492,0.6005687713623047
"1,0,0,1,0,1,0,1,1,0,0,1,0,1,0,0,0,1,1,0,1",0.502,0.84,0.5865,0.5015015015015015,0.668,0.5728987993138936,0.502,0.5946879386901855
"1,1,0,1,1,1,1,1,0,0,1,1,1,0,0,1,0,1,1,1,0",0.522,0.78,0.5865,0.5217391304347826,0.528,0.5248508946322068,0.522,0.614893913269043
"1,1,0,0,1,0,1,1,1,1,0,1,1,0,0,1,0,1,0,0,0",0.498,0.85,0.5860000000000001,0.4980237154150198,0.504,0.5009940357852882,0.498,0.6324477195739746
"0,0,0,0,1,0,0,0,0,0,1,0,1,1,1,1,1,0,1,0,1",0.468,0.94,0.5860000000000001,0.4716312056737589,0.532,0.5,0.468,0.6865990161895752
"0,0,1,1,0,1,0,0,0,0,0,1,1,1,0,1,0,1,0,0,0",0.498,0.85,0.586,0.4972677595628415,0.364,0.42032332563510394,0.498,0.6524155139923096
"0,0,1,0,1,1,0,1,0,0,0,0,0,1,0,0,0,1,1,0,0",0.498,0.85,0.586,0.4972677595628415,0.364,0.42032332563510394,0.498,0.611025333404541
"0,0,0,1,1,1,1,1,0,0,0,1,1,1,1,1,0,0,0,0,1",0.478,0.91,0.586,0.4789272030651341,0.5,0.4892367906066536,0.478,0.6255848407745361
"0,0,0,0,0,0,0,0,1,0,1,0,1,1,1,0,0,0,0,1,1",0.488,0.88,0.586,0.49101796407185627,0.656,0.5616438356164384,0.488,0.5490262508392334
"0,1,0,0,1,1,1,0,1,0,0,1,0,0,1,1,0,0,0,0,0",0.498,0.85,0.586,0.4972677595628415,0.364,0.42032332563510394,0.498,0.5863113403320312
"1,1,0,0,0,1,1,0,0,1,1,1,1,1,1,1,1,0,0,1,1",0.494,0.86,0.5855,0.49387755102040815,0.484,0.4888888888888889,0.494,0.6431267261505127
"0,1,1,0,1,0,1,0,1,1,0,1,0,0,0,1,0,0,1,1,0",0.514,0.8,0.5855,0.511326860841424,0.632,0.5652951699463328,0.514,0.5861203670501709
"0,1,1,0,1,0,0,1,1,1,1,0,0,1,0,1,0,0,1,1,0",0.494,0.86,0.5855,0.49572649572649574,0.696,0.5790349417637272,0.494,0.6535868644714355
"1,0,0,0,0,0,0,0,1,0,1,1,0,0,0,1,1,0,0,1,1",0.524,0.77,0.5855,0.5217391304347826,0.576,0.5475285171102662,0.524,0.6317503452301025
"0,0,1,1,1,0,1,1,0,0,0,1,0,0,1,0,0,0,1,0,1",0.494,0.86,0.5855,0.49407114624505927,0.5,0.4970178926441352,0.494,0.5819077491760254
"1,0,1,0,0,0,1,1,0,0,0,0,0,0,1,0,1,0,0,1,0",0.484,0.89,0.5855,0.48095238095238096,0.404,0.4391304347826087,0.484,0.6102190017700195
"1,0,1,0,1,0,1,1,0,1,1,0,1,1,1,1,0,0,0,0,1",0.5,0.84,0.585,0.5,0.576,0.5353159851301115,0.5,0.6185884475708008
"0,0,0,0,0,1,0,0,0,1,1,0,0,0,1,0,1,1,0,0,0",0.47,0.93,0.585,0.4727272727272727,0.52,0.49523809523809526,0.47,0.6276016235351562
"0,0,1,1,0,1,0,0,0,1,1,1,1,0,0,1,0,0,1,1,0",0.48,0.9,0.585,0.48355263157894735,0.588,0.5306859205776173,0.48,0.613581657409668
"1,1,1,1,1,0,1,1,1,1,0,0,0,0,1,1,0,0,0,0,1",0.51,0.81,0.585,0.5082508250825083,0.616,0.5569620253164557,0.51,0.6473574638366699
"0,1,0,0,0,0,0,1,1,1,0,1,0,1,0,0,0,0,0,0,1",0.51,0.81,0.585,0.5089605734767025,0.568,0.5368620037807184,0.51,0.5556774139404297
"0,1,1,1,1,0,1,1,0,0,1,0,1,0,0,0,1,0,1,1,0",0.49,0.87,0.585,0.4910394265232975,0.548,0.5179584120982986,0.49,0.6199445724487305
"1,0,1,0,1,0,1,0,1,1,1,0,1,0,1,0,0,1,0,1,0",0.48,0.9,0.585,0.4864864864864865,0.72,0.5806451612903226,0.48,0.6107714176177979
"1,1,1,1,0,0,1,0,0,0,0,0,0,1,1,0,1,1,0,1,0",0.52,0.78,0.585,0.5162337662337663,0.636,0.5698924731182796,0.52,0.6771583557128906
"1,1,0,0,0,0,1,0,0,0,1,1,0,1,1,0,1,0,1,0,1",0.48,0.9,0.585,0.4778761061946903,0.432,0.453781512605042,0.48,0.606060266494751
"0,1,1,1,1,0,0,1,1,1,0,0,0,1,1,1,1,0,0,1,1",0.476,0.91,0.5845,0.484375,0.744,0.5867507886435331,0.476,0.6341965198516846
"1,0,1,0,1,1,1,0,0,0,0,1,1,1,0,1,0,1,0,0,1",0.526,0.76,0.5845,0.5261044176706827,0.524,0.5250501002004008,0.526,0.634890079498291
"0,0,0,1,1,0,0,0,0,0,0,1,0,0,0,1,0,1,1,1,1",0.466,0.94,0.5845,0.46530612244897956,0.456,0.46060606060606063,0.46599999999999997,0.5978641510009766
"1,0,0,1,1,1,0,1,1,0,0,0,0,0,0,1,1,1,0,0,1",0.516,0.79,0.5845,0.515748031496063,0.524,0.5198412698412699,0.516,0.5910210609436035
"1,1,1,0,1,1,1,0,1,1,1,0,0,1,1,1,1,0,1,1,0",0.516,0.79,0.5845,0.5173913043478261,0.476,0.49583333333333335,0.516,0.6070883274078369
"1,0,0,1,0,1,0,1,0,1,0,0,1,0,1,1,0,0,0,0,1",0.516,0.79,0.5845,0.5124223602484472,0.66,0.5769230769230769,0.516,0.6070857048034668
"0,0,0,1,0,1,1,1,1,1,0,1,0,1,0,1,1,1,0,0,1",0.476,0.91,0.5845,0.46511627906976744,0.32,0.3791469194312796,0.476,0.604407787322998
"1,1,1,1,1,1,1,0,0,1,1,0,1,0,0,0,1,1,1,0,1",0.506,0.82,0.5845,0.5037974683544304,0.796,0.6170542635658914,0.506,0.6085429191589355
"1,0,1,0,0,0,0,1,1,1,1,0,1,1,1,1,1,0,0,1,1",0.486,0.88,0.5845,0.48582995951417,0.48,0.482897384305835,0.486,0.6054906845092773
"1,0,1,1,1,1,1,1,1,1,1,1,0,0,1,0,1,1,1,1,0",0.502,0.83,0.5840000000000001,0.5014749262536873,0.68,0.5772495755517827,0.502,0.5947697162628174
"0,0,1,1,1,0,0,0,0,0,0,1,0,0,0,1,1,1,1,0,0",0.522,0.77,0.5840000000000001,0.5197132616487455,0.58,0.5482041587901701,0.522,0.5721099376678467
"0,0,0,1,0,0,0,0,0,0,1,0,1,1,1,0,1,1,0,0,0",0.472,0.92,0.5840000000000001,0.480225988700565,0.68,0.5629139072847682,0.47200000000000003,0.5647964477539062
"0,1,0,0,1,1,0,1,0,0,0,0,0,1,0,0,1,0,0,0,1",0.522,0.77,0.5840000000000001,0.5242290748898678,0.476,0.4989517819706499,0.522,0.595468282699585
"1,1,0,0,1,0,0,0,0,0,1,0,0,1,1,1,0,1,0,1,0",0.482,0.89,0.584,0.4798206278026906,0.428,0.452431289640592,0.482,0.6620800495147705
"0,1,0,0,1,0,0,0,0,0,0,0,1,0,1,0,0,1,1,1,0",0.472,0.92,0.584,0.46195652173913043,0.34,0.391705069124424,0.472,0.5979077816009521
"0,1,0,0,1,0,1,1,0,0,1,1,1,1,1,1,1,0,0,1,1",0.482,0.89,0.584,0.4827586206896552,0.504,0.4931506849315068,0.482,0.6211347579956055
"0,0,1,1,1,1,0,0,0,1,0,1,0,0,0,1,1,0,1,1,0",0.482,0.89,0.584,0.4801762114537445,0.436,0.4570230607966457,0.482,0.6405057907104492
"1,1,1,0,0,1,1,1,1,0,0,1,1,0,1,1,0,1,0,1,1",0.488,0.87,0.5835,0.48739495798319327,0.464,0.47540983606557374,0.488,0.6611771583557129
"0,1,0,1,1,0,1,1,0,0,0,1,1,0,0,0,1,1,1,0,1",0.498,0.84,0.5835,0.49743589743589745,0.388,0.43595505617977526,0.498,0.644752025604248
"1,0,1,1,1,0,1,0,1,0,0,1,1,1,1,0,1,1,0,0,0",0.498,0.84,0.5835,0.49838187702265374,0.616,0.5509838998211091,0.498,0.5688991546630859
"1,0,0,0,0,0,1,1,1,0,0,1,1,0,0,1,0,1,0,0,1",0.504,0.82,0.583,0.5064935064935064,0.312,0.38613861386138615,0.504,0.597726583480835
"1,0,0,1,0,1,1,1,0,1,0,1,0,0,1,1,1,1,0,1,1",0.494,0.85,0.583,0.4919786096256685,0.368,0.42105263157894735,0.494,0.6222991943359375
"1,1,1,0,0,1,0,0,0,0,1,1,0,0,0,1,1,1,0,1,1",0.504,0.82,0.583,0.5038167938931297,0.528,0.515625,0.504,0.6075439453125
"1,0,0,1,0,0,1,0,1,0,1,0,1,1,1,1,0,0,1,1,0",0.494,0.85,0.583,0.49387755102040815,0.484,0.4888888888888889,0.494,0.6403045654296875
"1,1,1,0,1,0,0,1,0,0,1,1,1,0,0,1,1,0,1,1,1",0.484,0.88,0.583,0.4856115107913669,0.54,0.5113636363636364,0.484,0.5983641147613525
"0,0,0,0,1,1,0,1,1,1,0,0,1,0,0,1,0,0,0,1,0",0.484,0.88,0.583,0.484375,0.496,0.4901185770750988,0.484,0.607637882232666
"0,0,1,0,0,0,0,1,1,1,1,0,0,1,1,1,1,1,1,0,0",0.494,0.85,0.583,0.4854368932038835,0.2,0.28328611898017,0.494,0.6182005405426025
"1,0,1,1,1,1,0,0,1,0,0,0,0,0,0,1,1,1,1,0,1",0.514,0.79,0.583,0.5167464114832536,0.432,0.47058823529411764,0.514,0.6509125232696533
"1,0,0,1,1,0,1,0,0,0,0,0,1,1,0,0,1,0,0,1,0",0.5,0.83,0.5825,0.5,0.592,0.5421245421245421,0.5,0.5626249313354492
"1,1,1,0,0,1,0,1,1,1,1,0,0,1,1,0,0,1,0,0,1",0.52,0.77,0.5825,0.518796992481203,0.552,0.5348837209302325,0.52,0.628291130065918
"0,0,1,0,1,0,1,1,0,1,1,0,1,0,0,0,0,0,0,0,0",0.53,0.74,0.5825,0.5348837209302325,0.46,0.4946236559139785,0.53,0.5562622547149658
"1,0,0,1,0,1,1,1,1,0,0,1,0,0,1,1,1,0,1,0,1",0.51,0.8,0.5825,0.5075528700906344,0.672,0.5783132530120482,0.51,0.6419081687927246
"1,0,1,1,1,1,0,1,1,1,0,1,0,1,1,1,1,1,1,1,0",0.49,0.86,0.5825,0.48936170212765956,0.46,0.4742268041237113,0.49,0.5883586406707764
"0,1,0,0,1,0,1,1,0,0,1,0,1,1,0,1,0,0,0,0,0",0.53,0.74,0.5825,0.5348837209302325,0.46,0.4946236559139785,0.53,0.5484752655029297
"0,0,0,1,1,0,1,0,1,1,0,1,1,0,1,1,0,1,1,0,1",0.47,0.92,0.5825,0.4647887323943662,0.396,0.42764578833693306,0.47000000000000003,0.6075377464294434
"1,1,1,1,0,1,1,1,1,1,0,0,0,0,0,1,0,0,1,1,1",0.496,0.84,0.5820000000000001,0.4959677419354839,0.492,0.4939759036144578,0.496,0.6109678745269775
"0,0,0,1,1,1,0,1,0,1,1,0,1,1,1,1,1,1,1,0,0",0.486,0.87,0.582,0.4904632152588556,0.72,0.5834683954619124,0.486,0.6193559169769287
"0,0,0,0,1,0,1,1,1,1,0,0,0,0,1,1,1,1,0,0,1",0.486,0.87,0.582,0.4847161572052402,0.444,0.46346555323590816,0.486,0.6196432113647461
"0,1,1,1,1,0,0,1,1,0,1,1,0,1,0,1,1,1,1,0,0",0.496,0.84,0.582,0.4954954954954955,0.44,0.4661016949152542,0.496,0.5673313140869141
"1,1,0,1,1,0,1,1,1,0,1,1,1,1,1,1,1,0,1,1,0",0.466,0.93,0.582,0.47837150127226463,0.752,0.5847589424572317,0.46599999999999997,0.5827069282531738
"1,1,1,0,1,0,0,0,0,0,1,0,1,0,1,0,0,1,0,0,1",0.496,0.84,0.582,0.4963235294117647,0.54,0.5172413793103449,0.496,0.6337122917175293
"0,0,0,0,1,0,1,1,0,1,0,0,1,0,1,0,1,1,0,0,1",0.486,0.87,0.582,0.4847161572052402,0.444,0.46346555323590816,0.486,0.6038100719451904
"0,1,1,1,0,1,0,1,0,0,1,1,0,1,1,1,0,0,0,1,0",0.476,0.9,0.582,0.4666666666666667,0.336,0.39069767441860465,0.476,0.5816650390625
"1,0,1,0,1,1,0,0,1,1,1,1,0,1,0,1,0,0,0,0,1",0.496,0.84,0.582,0.49514563106796117,0.408,0.4473684210526316,0.496,0.6721537113189697
"0,0,0,0,1,0,1,1,0,1,0,0,1,0,1,1,1,1,0,0,1",0.486,0.87,0.582,0.4847161572052402,0.444,0.46346555323590816,0.486,0.610607385635376
"0,0,1,0,1,0,1,1,0,1,0,0,0,0,0,1,0,1,0,1,1",0.492,0.85,0.5815,0.49137931034482757,0.456,0.4730290456431535,0.492,0.6049308776855469
"0,1,0,0,1,1,0,0,0,1,0,1,0,0,0,1,1,0,1,1,0",0.522,0.76,0.5815,0.5212355212355212,0.54,0.5304518664047151,0.522,0.5904688835144043
"1,1,1,0,1,0,1,1,0,0,0,0,0,1,1,1,0,0,0,0,0",0.502,0.82,0.5815,0.5019011406844106,0.528,0.5146198830409356,0.502,0.6207225322723389
"0,1,0,1,0,0,0,0,1,0,1,1,0,1,0,1,0,0,0,1,1",0.472,0.91,0.5815,0.475,0.532,0.5018867924528302,0.472,0.6597812175750732
"1,0,0,1,0,0,1,1,1,1,0,1,0,1,0,0,0,1,0,0,0",0.492,0.85,0.5815,0.49230769230769234,0.512,0.5019607843137255,0.492,0.6150133609771729
"1,1,0,0,1,0,0,0,0,1,1,0,0,0,1,1,1,0,1,1,1",0.468,0.92,0.581,0.45918367346938777,0.36,0.40358744394618834,0.46799999999999997,0.6293179988861084
"1,0,0,1,0,0,1,0,1,0,1,1,0,0,1,0,1,0,0,0,1",0.498,0.83,0.581,0.497737556561086,0.44,0.46709129511677283,0.498,0.6237447261810303
"0,1,1,1,1,1,1,1,0,0,1,1,0,1,0,0,0,1,1,1,0",0.498,0.83,0.581,0.49700598802395207,0.332,0.3980815347721823,0.498,0.6136970520019531
"1,1,0,1,0,0,0,1,1,1,1,0,0,0,1,0,0,1,1,0,1",0.488,0.86,0.581,0.4909090909090909,0.648,0.5586206896551724,0.488,0.60410475730896
"1,1,0,0,1,0,0,1,0,0,1,0,1,0,1,0,1,1,1,1,0",0.468,0.92,0.581,0.475,0.608,0.5333333333333333,0.46799999999999997,0.6098954677581787
"0,1,1,1,0,1,0,0,0,0,1,1,1,0,1,1,0,0,0,1,1",0.468,0.92,0.581,0.42592592592592593,0.184,0.2569832402234637,0.46799999999999997,0.6486315727233887
"1,1,1,0,1,1,1,1,0,1,1,1,0,1,0,1,1,1,1,1,1",0.498,0.83,0.581,0.4979253112033195,0.48,0.48879837067209775,0.498,0.609541654586792
"0,1,0,0,1,1,0,0,0,0,1,0,0,1,0,0,1,0,1,1,0",0.484,0.87,0.5805,0.4898477157360406,0.772,0.5993788819875776,0.484,0.6018538475036621
"1,0,0,1,0,1,0,0,1,0,0,0,0,0,1,1,0,0,0,0,1",0.484,0.87,0.5805,0.48984771573604063,0.772,0.5993788819875776,0.484,0.59427809715271
"1,1,1,0,0,0,0,0,0,1,0,1,0,0,1,1,1,0,1,0,0",0.524,0.75,0.5805,0.5229007633587787,0.548,0.53515625,0.524,0.5712077617645264
"1,0,0,1,0,1,0,0,1,0,0,0,1,0,1,1,0,0,0,0,1",0.484,0.87,0.5805,0.48984771573604063,0.772,0.5993788819875776,0.484,0.5511777400970459
"1,1,1,0,0,1,1,1,0,0,1,0,0,0,0,0,0,1,0,1,1",0.484,0.87,0.5805,0.4862068965517241,0.564,0.5222222222222223,0.484,0.6228804588317871
"0,0,0,1,1,0,0,1,0,0,1,0,0,1,0,1,0,1,0,1,1",0.474,0.9,0.5805,0.47085201793721976,0.42,0.4439746300211416,0.474,0.6339356899261475
"0,0,1,0,1,1,0,1,0,0,1,1,0,1,0,0,0,0,1,1,0",0.484,0.87,0.5805,0.48984771573604063,0.772,0.5993788819875776,0.484,0.5979874134063721
"1,1,1,1,0,0,1,1,1,0,0,0,1,1,1,1,0,0,1,1,0",0.504,0.81,0.5805,0.5034965034965035,0.576,0.5373134328358209,0.504,0.578038215637207
"0,1,1,1,1,0,1,1,0,1,0,0,0,1,0,1,1,0,1,0,1",0.494,0.84,0.5805,0.4915254237288136,0.348,0.40749414519906324,0.494,0.5982935428619385
"1,1,0,0,0,0,0,0,1,0,0,0,1,1,1,1,0,0,1,0,0",0.524,0.75,0.5805,0.5229007633587787,0.548,0.53515625,0.524,0.5872859954833984
"0,0,0,0,0,0,1,1,1,0,0,1,0,1,1,0,1,0,0,0,1",0.5,0.82,0.5800000000000001,0.5,0.472,0.48559670781893005,0.5,0.5684750080108643
"1,1,1,0,0,1,1,1,1,1,1,0,0,0,1,0,0,0,0,1,1",0.51,0.79,0.5800000000000001,0.5082508250825083,0.616,0.5569620253164557,0.51,0.6060271263122559
"0,1,0,1,0,1,1,1,1,1,1,1,1,1,1,0,0,1,0,1,1",0.47,0.91,0.58,0.4727272727272727,0.52,0.49523809523809526,0.47,0.6150469779968262
"1,0,0,1,1,1,0,1,1,0,0,0,1,0,0,1,0,0,0,1,0",0.49,0.85,0.58,0.48427672955974843,0.308,0.3765281173594132,0.49,0.6287088394165039
"1,1,1,0,0,0,1,0,1,0,1,1,1,1,0,0,0,1,1,0,0",0.5,0.82,0.58,0.5,0.516,0.5078740157480315,0.5,0.6380195617675781
"1,0,1,1,0,0,0,0,0,0,1,0,1,1,0,0,0,0,1,0,1",0.486,0.86,0.5795,0.48698884758364314,0.524,0.5048169556840078,0.486,0.648059606552124
"1,1,1,1,1,0,1,1,1,0,0,1,0,0,0,1,0,1,1,0,1",0.506,0.8,0.5795,0.5051194539249146,0.592,0.5451197053406999,0.506,0.6544685363769531
"1,1,1,0,0,1,1,1,1,0,1,1,0,0,1,0,0,1,1,0,1",0.506,0.8,0.5795,0.5074626865671642,0.408,0.4523281596452328,0.506,0.6406660079956055
"1,1,0,1,1,0,0,1,0,1,1,1,0,0,1,0,0,0,0,1,0",0.486,0.86,0.5795,0.49066666666666664,0.736,0.5888,0.486,0.5840432643890381
"0,1,1,1,1,0,0,0,1,0,0,0,0,0,0,0,1,1,1,0,1",0.492,0.84,0.579,0.4915254237288136,0.464,0.4773662551440329,0.492,0.6068041324615479
"1,0,1,1,0,1,0,0,0,1,0,0,0,0,1,1,0,0,1,0,1",0.482,0.87,0.579,0.46938775510204084,0.276,0.34760705289672544,0.482,0.6011350154876709
"1,1,0,1,1,1,0,1,0,1,1,1,1,1,1,1,0,1,1,1,0",0.512,0.78,0.579,0.5166666666666667,0.372,0.4325581395348837,0.512,0.6162934303283691
"1,0,1,1,1,1,1,0,1,1,1,0,0,1,1,1,0,1,0,1,0",0.522,0.75,0.579,0.5287958115183246,0.404,0.4580498866213152,0.522,0.6378345489501953
"0,1,1,1,0,1,0,0,0,0,1,1,1,1,0,1,1,1,1,1,0",0.492,0.84,0.579,0.4811320754716981,0.204,0.28651685393258425,0.492,0.6354465484619141
"1,1,1,0,0,0,1,0,0,1,1,0,0,0,1,1,1,0,1,1,0",0.512,0.78,0.579,0.5087209302325582,0.7,0.5892255892255892,0.512,0.5833942890167236
"1,0,0,0,0,1,0,0,0,1,1,0,1,1,0,1,0,1,0,1,1",0.472,0.9,0.579,0.4779874213836478,0.608,0.5352112676056338,0.472,0.6958796977996826
"1,1,1,0,0,0,0,0,1,1,1,0,0,1,1,0,0,1,0,1,0",0.482,0.87,0.579,0.486646884272997,0.656,0.5587734241908007,0.482,0.6002118587493896
"1,1,1,0,0,1,0,0,1,0,0,0,0,1,1,1,1,0,0,1,1",0.492,0.84,0.579,0.49038461538461536,0.408,0.44541484716157204,0.492,0.609297513961792
"0,1,1,1,1,1,0,0,0,0,0,1,0,0,1,1,1,1,1,0,1",0.492,0.84,0.579,0.49242424242424243,0.52,0.5058365758754864,0.492,0.6208536624908447
"1,1,1,0,0,1,1,1,0,1,0,0,1,0,0,1,1,1,0,0,1",0.498,0.82,0.5785,0.4978723404255319,0.468,0.4824742268041237,0.498,0.5928277969360352
"1,1,1,0,0,1,1,1,1,1,0,0,0,1,0,1,1,1,0,1,0",0.498,0.82,0.5785,0.4978723404255319,0.468,0.4824742268041237,0.498,0.5866241455078125
"1,0,0,0,1,1,0,1,0,0,1,0,0,1,0,0,1,1,1,1,1",0.478,0.88,0.5785,0.47058823529411764,0.352,0.40274599542334094,0.478,0.6186356544494629
"0,1,0,1,0,1,1,1,1,0,0,1,0,0,0,0,1,1,0,0,0",0.478,0.88,0.5785,0.4682080924855491,0.324,0.3829787234042553,0.478,0.5785524845123291
"1,1,0,0,0,0,1,1,0,1,0,0,0,1,1,1,1,0,0,1,0",0.498,0.82,0.5785,0.4980392156862745,0.508,0.502970297029703,0.498,0.5934591293334961
"0,0,0,1,1,1,0,0,0,1,0,0,1,0,0,0,1,0,0,1,1",0.474,0.89,0.5780000000000001,0.4688995215311005,0.392,0.42701525054466233,0.47400000000000003,0.618342399597168
"0,1,0,0,0,1,0,0,1,1,1,0,0,1,1,0,1,0,1,1,0",0.504,0.8,0.5780000000000001,0.504,0.504,0.504,0.504,0.5838513374328613
"0,0,1,0,1,0,1,1,0,0,0,1,1,0,1,1,1,0,1,1,1",0.484,0.86,0.578,0.4764705882352941,0.324,0.38571428571428573,0.484,0.607496976852417
"0,0,1,1,0,1,1,0,1,1,0,1,0,1,0,1,1,1,1,1,1",0.484,0.86,0.578,0.48130841121495327,0.412,0.44396551724137934,0.484,0.6734535694122314
"0,1,1,1,1,0,1,0,1,1,0,0,0,0,0,0,1,1,1,0,1",0.484,0.86,0.578,0.48360655737704916,0.472,0.4777327935222672,0.484,0.5924270153045654
"0,1,0,1,1,1,1,0,0,0,1,0,1,0,1,0,0,0,0,0,0",0.484,0.86,0.578,0.47619047619047616,0.32,0.3827751196172249,0.484,0.5947132110595703
"0,0,0,1,0,1,1,0,1,0,0,1,1,0,1,0,0,0,0,1,1",0.474,0.89,0.578,0.4767025089605735,0.532,0.502835538752363,0.474,0.661017894744873
"0,1,0,0,1,1,0,0,0,1,0,0,0,0,1,1,1,0,1,1,1",0.484,0.86,0.578,0.48214285714285715,0.432,0.45569620253164556,0.484,0.6173357963562012
"0,1,1,0,0,1,0,0,1,0,1,1,1,0,1,0,1,0,1,0,1",0.474,0.89,0.578,0.47987616099071206,0.62,0.5410122164048866,0.474,0.6478023529052734
"1,0,0,0,1,0,1,0,1,0,0,0,0,0,0,1,0,1,0,1,1",0.48,0.87,0.5775,0.4827586206896552,0.56,0.5185185185185185,0.48000000000000004,0.6075654029846191
"0,0,1,0,1,1,1,1,0,0,1,0,0,1,1,1,0,1,0,1,1",0.48,0.87,0.5775,0.48484848484848486,0.64,0.5517241379310345,0.48,0.6047770977020264
"0,0,1,0,0,1,0,1,1,0,0,0,0,1,0,1,1,0,0,1,0",0.49,0.84,0.5775,0.4923547400611621,0.644,0.5580589254766031,0.49,0.5892422199249268
"1,1,1,0,0,0,1,0,0,0,0,1,1,1,0,0,0,1,1,1,0",0.52,0.75,0.5775,0.5147058823529411,0.7,0.5932203389830508,0.52,0.5844497680664062
"1,1,0,1,1,1,0,1,1,1,0,1,1,0,1,1,0,1,1,1,1",0.49,0.84,0.5775,0.49146757679180886,0.576,0.5303867403314917,0.49,0.6594929695129395
"0,1,0,0,0,0,0,1,0,0,1,1,1,0,1,0,1,0,1,0,1",0.476,0.88,0.5770000000000001,0.4716981132075472,0.4,0.4329004329004329,0.47600000000000003,0.6473886966705322
"0,0,1,1,0,0,1,0,1,0,1,1,0,1,1,0,1,1,0,1,1",0.476,0.88,0.5770000000000001,0.4589041095890411,0.268,0.3383838383838384,0.47600000000000003,0.6094942092895508
"0,1,1,1,0,1,0,1,0,0,1,0,1,0,1,1,1,0,1,0,1",0.466,0.91,0.577,0.4397163120567376,0.248,0.3171355498721228,0.466,0.6174948215484619
"1,1,0,0,1,0,1,1,0,1,0,0,0,1,1,1,1,0,0,0,1",0.496,0.82,0.577,0.4963768115942029,0.548,0.5209125475285171,0.496,0.6026194095611572
"0,0,0,1,1,1,0,1,0,0,0,0,1,1,1,0,1,1,0,0,0",0.496,0.82,0.577,0.4966887417218543,0.6,0.5434782608695652,0.496,0.5895440578460693
"1,0,0,0,0,1,1,0,1,0,1,0,1,1,1,1,0,0,1,0,0",0.506,0.79,0.577,0.5046153846153846,0.656,0.5704347826086956,0.506,0.586113691329956
"1,1,0,0,1,1,1,0,0,1,0,1,1,1,0,1,0,1,0,0,1",0.516,0.76,0.577,0.524390243902439,0.344,0.41545893719806765,0.516,0.6459875106811523
"0,1,1,1,0,0,1,0,1,0,0,0,0,1,1,0,1,0,0,0,0",0.492,0.83,0.5765,0.49337748344370863,0.596,0.5398550724637681,0.492,0.5921363830566406
"1,1,0,1,1,0,0,1,0,0,1,1,1,0,1,0,1,0,0,0,1",0.482,0.86,0.5765,0.4877384196185286,0.716,0.580226904376013,0.482,0.6621155738830566
"0,0,1,1,0,0,0,0,0,0,0,1,0,0,0,0,1,1,0,0,1",0.482,0.86,0.5765,0.48132780082987553,0.464,0.4725050916496945,0.482,0.6402058601379395
"0,1,1,0,1,0,1,1,1,0,0,0,1,1,1,0,0,0,0,0,0",0.492,0.83,0.5765,0.49337748344370863,0.596,0.5398550724637681,0.492,0.5555031299591064
"1,0,1,0,0,1,0,0,1,1,1,0,1,1,1,1,1,0,1,1,0",0.492,0.83,0.5765,0.49310344827586206,0.572,0.5296296296296297,0.492,0.5913131237030029
"1,0,1,1,1,1,1,0,0,1,0,1,1,1,1,0,1,1,0,0,1",0.468,0.9,0.5760000000000001,0.47297297297297297,0.56,0.5128205128205128,0.468,0.6469216346740723
"1,1,1,1,1,0,0,1,1,0,0,0,0,1,1,1,1,0,1,1,0",0.488,0.84,0.5760000000000001,0.4823529411764706,0.328,0.3904761904761905,0.488,0.5947306156158447
"1,0,0,0,1,0,0,1,0,0,0,0,0,1,1,1,0,1,0,1,1",0.458,0.93,0.576,0.46808510638297873,0.616,0.531951640759931,0.45799999999999996,0.61826491355896
"0,0,1,0,0,0,0,0,1,0,0,1,1,1,0,1,0,1,0,1,0",0.484,0.85,0.5755,0.4862068965517241,0.564,0.5222222222222223,0.484,0.5846726894378662
"1,0,1,1,0,0,1,0,1,1,1,1,1,0,0,0,0,0,1,1,1",0.484,0.85,0.5755,0.4823008849557522,0.436,0.4579831932773109,0.484,0.6360001564025879
"1,1,0,0,0,1,1,1,0,0,0,0,0,0,1,1,0,1,0,1,1",0.484,0.85,0.5755,0.47560975609756095,0.312,0.37681159420289856,0.484,0.6013181209564209
"1,1,1,0,1,0,1,0,0,0,0,1,0,1,1,0,0,1,1,0,1",0.474,0.88,0.5755,0.4793650793650794,0.604,0.5345132743362832,0.474,0.6201491355895996
"0,1,1,1,1,0,1,1,0,0,1,0,0,1,0,1,0,1,0,0,1",0.474,0.88,0.5755,0.4767025089605735,0.532,0.502835538752363,0.474,0.6092617511749268
"1,1,1,1,0,1,0,1,0,0,0,0,1,0,1,1,0,0,1,1,0",0.514,0.76,0.5755,0.515695067264574,0.46,0.48625792811839325,0.514,0.5938014984130859
"0,0,1,0,0,0,0,0,0,1,0,0,0,0,1,1,1,1,1,1,1",0.48,0.86,0.5750000000000001,0.4826388888888889,0.556,0.516728624535316,0.48000000000000004,0.6292459964752197
"0,1,1,1,1,0,0,1,0,1,0,0,1,0,1,0,1,1,0,0,1",0.46,0.92,0.575,0.4664429530201342,0.556,0.5072992700729927,0.46,0.626990795135498
"1,1,0,0,0,1,1,0,0,1,1,1,1,1,1,1,1,0,1,0,1",0.48,0.86,0.575,0.47844827586206895,0.444,0.4605809128630705,0.48,0.6444242000579834
"1,0,1,1,1,1,1,0,0,0,0,0,1,1,1,0,0,1,1,0,0",0.5,0.8,0.575,0.5,0.42,0.45652173913043476,0.5,0.6383881568908691
"1,0,0,1,0,0,1,1,0,1,1,0,1,1,0,1,0,0,0,1,1",0.47,0.89,0.575,0.47761194029850745,0.64,0.5470085470085471,0.47,0.6470768451690674
"0,0,0,0,0,1,0,1,0,0,1,1,1,0,1,0,0,1,1,1,1",0.46,0.92,0.575,0.4576271186440678,0.432,0.4444444444444444,0.45999999999999996,0.7123947143554688
"1,0,0,1,0,1,1,1,0,1,0,0,0,0,0,1,0,1,0,1,1",0.476,0.87,0.5745,0.48013245033112584,0.58,0.5253623188405797,0.476,0.6227045059204102
"0,1,1,1,0,1,1,0,0,0,1,0,1,1,0,1,1,1,1,0,1",0.476,0.87,0.5745,0.45384615384615384,0.236,0.3105263157894737,0.476,0.5949535369873047
"1,0,1,1,1,0,0,1,1,1,1,1,0,1,1,0,0,1,0,0,1",0.486,0.84,0.5745,0.48205128205128206,0.376,0.42247191011235957,0.486,0.5803995132446289
"0,0,1,1,0,1,0,0,1,0,0,0,1,0,1,1,1,1,0,1,0",0.476,0.87,0.5745,0.47345132743362833,0.428,0.4495798319327731,0.476,0.6234250068664551
"0,1,0,1,1,0,0,0,0,1,0,1,1,0,0,1,0,1,1,1,1",0.466,0.9,0.5745,0.4743202416918429,0.628,0.540447504302926,0.46599999999999997,0.6075248718261719
"1,1,0,1,1,0,0,1,0,0,1,1,0,1,1,0,1,1,0,1,0",0.482,0.85,0.5740000000000001,0.48589341692789967,0.62,0.5448154657293497,0.482,0.6781117916107178
"1,1,0,1,0,1,1,0,0,0,0,0,1,1,1,0,0,0,0,0,0",0.502,0.79,0.5740000000000001,0.5023255813953489,0.432,0.4645161290322581,0.502,0.5770285129547119
"0,1,1,0,1,1,0,1,1,1,0,0,0,1,1,1,0,0,0,1,0",0.482,0.85,0.5740000000000001,0.4871060171919771,0.68,0.5676126878130217,0.482,0.6142144203186035
"0,1,0,1,1,0,0,0,1,1,0,0,1,1,0,1,1,0,1,1,0",0.472,0.88,0.574,0.4698275862068966,0.436,0.45228215767634855,0.472,0.6310813426971436
"0,0,1,0,1,0,1,0,1,1,1,1,0,0,1,1,0,1,1,0,0",0.482,0.85,0.574,0.48598130841121495,0.624,0.5464098073555166,0.482,0.5692417621612549
"1,0,0,0,0,0,1,1,1,0,1,0,1,1,0,1,1,1,1,1,1",0.482,0.85,0.574,0.48562300319488816,0.608,0.5399644760213144,0.482,0.5984585285186768
"1,1,1,0,0,1,0,1,1,1,0,1,0,1,0,0,1,1,1,1,0",0.528,0.71,0.5735,0.523972602739726,0.612,0.5645756457564576,0.528,0.6053526401519775
"0,1,1,1,1,1,0,1,0,1,0,1,1,1,0,0,1,0,0,0,0",0.538,0.68,0.5735,0.5407725321888412,0.504,0.5217391304347826,0.538,0.577195405960083
"0,0,1,0,1,1,0,0,0,0,1,0,1,1,0,0,1,0,1,1,1",0.478,0.86,0.5735,0.48286604361370716,0.62,0.542907180385289,0.478,0.6311230659484863
"0,1,0,0,1,1,1,0,0,1,1,0,1,0,1,1,0,0,0,0,1",0.474,0.87,0.5730000000000001,0.46919431279620855,0.396,0.42950108459869846,0.47400000000000003,0.6386513710021973
"0,0,1,0,0,0,1,0,1,1,1,1,0,1,1,1,1,1,0,0,0",0.464,0.9,0.5730000000000001,0.4637096774193548,0.46,0.46184738955823296,0.464,0.5759668350219727
"0,1,0,0,0,1,1,1,0,0,1,1,1,0,1,0,0,1,0,0,1",0.474,0.87,0.573,0.47962382445141066,0.612,0.5377855887521968,0.474,0.6344437599182129
"1,1,0,0,1,0,0,0,0,0,0,1,0,1,1,0,1,0,0,1,1",0.474,0.87,0.573,0.47653429602888087,0.528,0.5009487666034156,0.474,0.6717054843902588
"1,1,0,0,1,0,1,1,1,1,0,0,1,1,0,0,1,0,0,1,0",0.48,0.85,0.5725,0.47863247863247865,0.448,0.4628099173553719,0.48,0.5731050968170166
"0,0,1,1,0,1,0,0,0,0,1,1,1,0,0,0,1,0,0,1,1",0.47,0.88,0.5725,0.47440273037542663,0.556,0.5119705340699816,0.47000000000000003,0.665090799331665
"0,0,1,1,1,1,1,0,0,0,1,0,1,1,1,0,1,0,0,1,1",0.47,0.88,0.5725,0.4634146341463415,0.38,0.4175824175824176,0.47000000000000003,0.5855634212493896
"0,0,1,0,0,1,1,1,0,1,0,0,0,0,1,1,1,1,0,0,1",0.46,0.91,0.5725,0.4720670391061452,0.676,0.555921052631579,0.46,0.600078821182251
"1,0,1,1,0,0,0,1,0,0,0,0,0,0,1,0,1,1,1,0,0",0.466,0.89,0.5720000000000001,0.46996466431095407,0.532,0.49906191369606,0.466,0.5806939601898193
"1,1,1,1,0,1,1,1,1,1,0,0,0,0,0,0,0,0,0,0,1",0.506,0.77,0.5720000000000001,0.5062240663900415,0.488,0.4969450101832994,0.506,0.5839335918426514
"1,0,0,0,1,1,0,1,1,0,0,1,0,1,1,1,0,0,1,0,0",0.506,0.77,0.5720000000000001,0.5054545454545455,0.556,0.5295238095238095,0.506,0.6053767204284668
"0,1,0,1,1,0,0,0,0,0,1,1,1,0,0,0,0,0,0,1,0",0.466,0.89,0.5720000000000001,0.46996466431095407,0.532,0.49906191369606,0.466,0.5512490272521973
"1,0,0,0,1,0,0,0,0,1,1,0,0,1,0,1,1,1,1,1,0",0.496,0.8,0.5720000000000001,0.49264705882352944,0.268,0.3471502590673575,0.496,0.6029415130615234
"0,1,0,1,1,0,0,0,0,0,1,1,0,0,0,0,0,0,0,1,0",0.466,0.89,0.572,0.4618834080717489,0.412,0.4355179704016913,0.46599999999999997,0.5978031158447266
"1,1,1,0,0,1,1,1,0,1,1,0,0,0,0,0,0,1,1,1,0",0.476,0.86,0.572,0.48148148148148145,0.624,0.5435540069686411,0.476,0.6314153671264648
"1,0,1,1,1,0,0,1,0,0,1,0,0,0,1,0,1,1,1,1,0",0.472,0.87,0.5715,0.4713114754098361,0.46,0.46558704453441296,0.472,0.6260042190551758
"0,0,0,0,0,1,0,0,1,0,1,1,0,1,1,1,0,1,1,1,0",0.462,0.9,0.5715,0.4595744680851064,0.432,0.44536082474226807,0.46199999999999997,0.6378464698791504
"1,0,1,0,0,0,1,1,0,1,0,1,1,1,0,0,1,1,1,0,0",0.502,0.78,0.5715,0.502262443438914,0.444,0.4713375796178344,0.502,0.5738315582275391
"1,1,0,1,0,1,0,0,0,0,0,0,1,1,1,0,0,1,0,1,1",0.472,0.87,0.5715,0.4713114754098361,0.46,0.46558704453441296,0.472,0.5811035633087158
"1,0,1,1,1,1,1,1,1,0,0,1,1,0,1,0,0,0,1,1,1",0.482,0.84,0.5715,0.48514851485148514,0.588,0.5316455696202531,0.482,0.6261947154998779
"0,0,1,0,0,1,1,1,0,1,0,1,1,0,0,0,0,0,1,1,1",0.458,0.91,0.5710000000000001,0.44776119402985076,0.36,0.3991130820399113,0.458,0.5898113250732422
"1,1,0,1,1,0,0,0,0,1,0,1,1,1,1,0,0,0,1,0,1",0.508,0.76,0.571,0.5074074074074074,0.548,0.5269230769230769,0.508,0.6069214344024658
"1,0,0,0,1,1,1,1,1,0,0,0,1,0,1,0,1,1,1,1,0",0.498,0.79,0.571,0.4985835694050991,0.704,0.5837479270315091,0.498,0.6107356548309326
"0,1,1,1,0,0,1,0,0,1,0,0,0,1,0,1,1,1,1,0,0",0.498,0.79,0.571,0.4966442953020134,0.296,0.37092731829573933,0.498,0.5715417861938477
"0,1,0,1,1,0,1,0,0,1,1,0,1,0,0,0,0,1,1,0,1",0.458,0.91,0.571,0.44776119402985076,0.36,0.3991130820399113,0.458,0.6870777606964111
"0,0,0,0,1,0,0,1,1,1,0,1,0,1,0,1,0,1,0,0,1",0.468,0.88,0.571,0.4603960396039604,0.372,0.41150442477876104,0.46799999999999997,0.6169347763061523
"1,1,1,1,1,1,1,1,0,0,1,0,1,1,1,1,0,1,1,0,0",0.498,0.79,0.571,0.49868073878627966,0.756,0.6009538950715422,0.498,0.582423210144043
"1,1,1,1,0,0,1,0,0,1,0,0,0,0,1,1,1,1,0,0,1",0.488,0.82,0.571,0.4857142857142857,0.408,0.4434782608695652,0.488,0.6058874130249023
"1,1,1,1,0,0,0,1,0,1,0,1,1,1,1,0,0,0,1,1,0",0.498,0.79,0.571,0.4975845410628019,0.412,0.45076586433260396,0.498,0.6010913848876953
"0,1,0,0,0,1,1,0,1,1,0,0,1,0,1,1,1,0,0,1,0",0.474,0.86,0.5705,0.48247978436657685,0.716,0.5764895330112721,0.474,0.6390359401702881
"0,1,1,0,0,1,0,1,0,0,0,1,0,1,1,0,0,1,1,1,0",0.464,0.89,0.5705,0.45794392523364486,0.392,0.4224137931034483,0.464,0.6505746841430664
"1,0,1,1,0,0,0,1,1,0,0,1,1,0,1,1,0,1,1,0,1",0.464,0.89,0.5705,0.46311475409836067,0.452,0.4574898785425101,0.46399999999999997,0.6217029094696045
"0,1,0,1,1,1,0,1,0,1,0,0,0,0,1,0,1,1,0,1,0",0.474,0.86,0.5705,0.4743083003952569,0.48,0.47713717693836977,0.474,0.6189112663269043
"1,0,1,0,1,1,1,0,1,0,1,0,0,0,0,1,0,1,1,0,1",0.494,0.8,0.5705,0.4952978056426332,0.632,0.5553602811950791,0.494,0.6081705093383789
"1,1,1,0,0,0,0,0,1,0,0,1,0,1,1,0,0,0,0,1,0",0.494,0.8,0.5705,0.49321266968325794,0.436,0.46284501061571126,0.494,0.6170194149017334
"1,1,0,1,0,1,0,1,1,1,1,1,1,1,1,1,1,0,0,1,0",0.494,0.8,0.5705,0.4930232558139535,0.424,0.4559139784946237,0.494,0.6135063171386719
"1,0,1,1,1,0,0,1,0,1,1,0,0,0,0,0,1,1,0,0,0",0.52,0.72,0.5700000000000001,0.5140449438202247,0.732,0.6039603960396039,0.52,0.5876235961914062
"1,1,1,1,0,0,0,1,1,0,0,0,0,0,1,1,0,0,0,0,1",0.49,0.81,0.5700000000000001,0.48756218905472637,0.392,0.43458980044345896,0.49,0.5720655918121338
"0,0,0,0,0,0,0,1,0,0,0,1,1,0,0,0,0,1,1,0,1",0.47,0.87,0.57,0.4752475247524752,0.576,0.5207956600361664,0.47,0.568936824798584
"1,0,1,1,0,0,0,1,1,1,0,1,0,0,0,0,1,1,1,0,1",0.47,0.87,0.57,0.47619047619047616,0.6,0.5309734513274337,0.47,0.5969560146331787
"0,1,1,0,0,1,1,1,0,0,0,0,0,0,1,0,0,0,1,1,1",0.47,0.87,0.57,0.47058823529411764,0.48,0.4752475247524752,0.47,0.6806530952453613
"1,0,1,0,1,0,1,0,1,1,1,0,0,0,0,1,0,1,0,0,1",0.476,0.85,0.5695000000000001,0.4794520547945205,0.56,0.5166051660516605,0.47600000000000003,0.5646178722381592
"1,0,0,0,0,0,1,1,1,1,1,0,1,1,1,0,1,1,1,0,0",0.476,0.85,0.5695,0.46703296703296704,0.34,0.39351851851851855,0.476,0.6041841506958008
"0,0,0,0,0,0,0,0,0,1,1,1,0,0,1,0,1,1,0,1,0",0.456,0.91,0.5695,0.460431654676259,0.512,0.48484848484848486,0.456,0.6720964908599854
"0,0,0,0,0,1,1,1,0,0,0,0,1,1,0,0,1,0,1,0,1",0.466,0.88,0.5695,0.4597156398104265,0.388,0.420824295010846,0.466,0.616084098815918
"0,0,0,1,1,0,1,1,1,0,0,1,0,0,1,0,0,0,1,0,1",0.476,0.85,0.5695,0.48429319371727747,0.74,0.5854430379746836,0.476,0.5841882228851318
"1,0,1,0,1,0,1,1,1,1,1,1,1,1,1,1,0,0,1,0,1",0.476,0.85,0.5695,0.4847715736040609,0.764,0.593167701863354,0.476,0.6555039882659912
"0,1,0,0,1,1,1,0,1,0,0,1,1,1,1,1,1,1,1,0,0",0.486,0.82,0.5695,0.4779874213836478,0.304,0.37163814180929094,0.486,0.6302542686462402
"0,0,0,0,1,1,1,0,0,0,1,0,0,1,1,1,0,1,0,0,0",0.456,0.91,0.5695,0.460431654676259,0.512,0.48484848484848486,0.456,0.6660735607147217
"0,0,0,1,1,0,1,1,0,0,1,0,1,1,1,0,0,1,0,0,0",0.476,0.85,0.5695,0.4719626168224299,0.404,0.4353448275862069,0.47600000000000003,0.5764095783233643
"0,0,0,1,0,1,1,0,0,0,1,1,1,0,1,0,0,0,0,1,1",0.456,0.91,0.5695,0.44021739130434784,0.324,0.37327188940092165,0.45599999999999996,0.5949645042419434
"1,0,0,0,0,0,1,1,1,0,0,0,0,0,0,1,0,1,0,0,1",0.496,0.79,0.5695,0.49411764705882355,0.336,0.4,0.496,0.5950887203216553
"0,0,0,0,1,0,1,0,0,1,0,1,1,1,0,0,0,1,0,0,1",0.466,0.88,0.5694999999999999,0.45549738219895286,0.348,0.3945578231292517,0.46599999999999997,0.6353335380554199
"0,1,0,0,1,0,1,1,0,0,0,0,1,0,1,1,0,0,1,0,1",0.462,0.89,0.5690000000000001,0.45454545454545453,0.38,0.4139433551198257,0.462,0.6062562465667725
"1,0,0,0,0,1,0,1,1,0,1,0,1,0,0,0,1,1,1,1,0",0.472,0.86,0.5690000000000001,0.476027397260274,0.556,0.5129151291512916,0.47200000000000003,0.6339268684387207
"1,1,1,0,0,1,1,1,0,1,0,1,0,1,1,0,1,1,0,1,0",0.462,0.89,0.5690000000000001,0.45662100456621,0.4,0.42643923240938164,0.462,0.6419739723205566
"1,1,0,0,0,0,1,0,1,1,0,0,1,0,1,1,1,1,1,0,0",0.472,0.86,0.5690000000000001,0.4675925925925926,0.404,0.4334763948497854,0.47200000000000003,0.594688892364502
"0,1,1,1,0,0,0,1,0,1,0,1,1,1,0,0,1,0,1,1,0",0.512,0.74,0.569,0.5107142857142857,0.572,0.539622641509434,0.512,0.6081602573394775
"0,0,0,0,0,0,0,1,0,1,1,0,0,0,1,1,0,0,1,1,0",0.482,0.83,0.569,0.4854368932038835,0.6,0.5366726296958855,0.482,0.6425511837005615
"1,1,0,1,0,0,0,1,1,1,1,1,0,0,0,1,0,1,0,1,1",0.472,0.86,0.569,0.47770700636942676,0.6,0.5319148936170213,0.472,0.6243677139282227
"1,1,1,1,1,0,0,1,1,0,1,0,0,0,1,1,1,0,1,1,0",0.452,0.92,0.569,0.46226415094339623,0.588,0.5176056338028169,0.45199999999999996,0.6898050308227539
"1,1,1,1,1,1,0,1,1,1,0,0,1,0,0,0,1,0,1,1,0",0.502,0.77,0.569,0.501577287066246,0.636,0.5608465608465608,0.502,0.590947151184082
"1,1,1,0,1,0,1,0,1,0,1,0,0,1,1,0,1,0,0,0,0",0.462,0.89,0.569,0.4743935309973046,0.704,0.5668276972624798,0.46199999999999997,0.5893750190734863
"1,1,0,0,0,1,1,0,0,1,1,1,1,1,1,1,1,0,0,0,1",0.488,0.81,0.5685,0.4871794871794871,0.456,0.4710743801652892,0.488,0.6586663722991943
"1,1,0,0,1,0,0,0,1,0,0,1,0,0,0,0,0,1,1,1,0",0.488,0.81,0.5685,0.4919786096256685,0.736,0.5897435897435898,0.488,0.6166536808013916
"0,0,0,0,1,1,1,0,1,0,1,0,0,0,0,0,0,1,1,1,0",0.468,0.87,0.5685,0.4745222929936306,0.596,0.5283687943262412,0.46799999999999997,0.628267765045166
"0,0,0,0,0,1,0,1,0,0,1,0,1,1,1,1,0,0,0,0,1",0.458,0.9,0.5685,0.4578313253012048,0.456,0.45691382765531063,0.458,0.6166574954986572
"1,0,1,1,0,1,1,0,1,1,1,0,0,0,1,1,1,0,0,0,1",0.508,0.75,0.5685,0.5080645161290323,0.504,0.5060240963855421,0.508,0.6113543510437012
"1,1,0,1,1,1,0,0,1,1,1,1,0,1,1,1,1,0,0,1,1",0.478,0.84,0.5685,0.4767932489451477,0.452,0.46406570841889117,0.478,0.5919966697692871
"1,1,0,0,0,0,0,1,1,1,1,1,0,1,1,1,0,1,1,1,0",0.478,0.84,0.5685,0.48109965635738833,0.56,0.5175600739371534,0.47800000000000004,0.6138262748718262
"0,0,0,1,0,0,0,0,1,1,0,0,1,0,1,1,1,1,1,0,0",0.478,0.84,0.5685,0.46153846153846156,0.264,0.33587786259541985,0.478,0.5475199222564697
"1,0,0,1,1,0,0,0,1,0,0,0,1,1,1,0,1,1,0,0,0",0.478,0.84,0.5685,0.4615384615384615,0.264,0.3358778625954198,0.478,0.6085679531097412
"1,1,0,1,1,1,1,0,0,1,1,1,0,0,0,1,1,1,1,0,0",0.508,0.75,0.5685,0.5123456790123457,0.332,0.4029126213592233,0.508,0.608720064163208
"1,1,0,0,0,1,1,0,0,0,0,1,0,1,1,0,1,0,1,0,1",0.484,0.82,0.5680000000000001,0.4811320754716981,0.408,0.44155844155844154,0.484,0.6427383422851562
"0,0,1,1,1,0,1,0,1,0,1,0,1,0,0,1,1,0,1,0,0",0.524,0.7,0.5680000000000001,0.5177514792899408,0.7,0.5952380952380952,0.524,0.5302860736846924
"1,1,0,1,1,1,1,0,1,0,0,1,0,1,0,0,0,1,1,0,1",0.484,0.82,0.5680000000000001,0.4864864864864865,0.576,0.5274725274725275,0.484,0.6302502155303955
"0,0,0,1,1,0,0,0,0,1,0,1,1,0,1,0,1,0,1,0,0",0.524,0.7,0.5680000000000001,0.5177514792899408,0.7,0.5952380952380952,0.524,0.5580909252166748
"0,1,1,1,1,0,1,1,1,1,1,0,0,0,0,0,1,0,0,1,1",0.454,0.91,0.5680000000000001,0.4534412955465587,0.448,0.4507042253521127,0.454,0.6314623355865479
"0,1,1,1,0,1,0,0,1,1,1,1,1,1,1,1,0,0,1,1,0",0.454,0.91,0.5680000000000001,0.4206896551724138,0.244,0.30886075949367087,0.454,0.5852289199829102
"1,1,1,1,0,1,1,0,0,1,0,0,1,1,0,1,1,0,1,1,0",0.494,0.79,0.5680000000000001,0.49142857142857144,0.344,0.4047058823529412,0.494,0.6031560897827148
"0,1,0,1,1,0,0,1,0,1,1,0,1,0,0,0,0,0,1,0,0",0.524,0.7,0.5680000000000001,0.5177514792899408,0.7,0.5952380952380952,0.524,0.5702426433563232
"0,1,1,1,0,1,1,0,0,0,1,0,0,1,0,0,0,1,0,1,1",0.474,0.85,0.568,0.47085201793721976,0.42,0.4439746300211416,0.474,0.6671862602233887
"0,0,0,0,1,0,1,1,0,1,1,1,0,1,1,0,1,0,1,0,1",0.474,0.85,0.568,0.4732510288065844,0.46,0.4665314401622718,0.474,0.6707959175109863
"0,0,0,0,1,0,1,0,1,1,0,0,0,0,1,1,0,0,1,0,1",0.45,0.92,0.5675,0.4439461883408072,0.396,0.4186046511627907,0.45,0.6584553718566895
"0,0,0,0,0,0,1,1,1,0,1,1,1,0,1,1,1,1,0,1,0",0.49,0.8,0.5675,0.48756218905472637,0.392,0.43458980044345896,0.49,0.5640134811401367
"1,0,0,0,0,0,1,0,0,1,1,1,0,1,0,1,0,1,0,1,0",0.49,0.8,0.5675,0.49169435215946844,0.592,0.5372050816696915,0.49,0.6008706092834473
"1,0,0,1,0,1,0,0,1,0,1,1,0,1,0,0,1,0,1,1,0",0.48,0.83,0.5675,0.4796747967479675,0.472,0.47580645161290325,0.48,0.572476863861084
"0,1,1,1,1,0,1,0,0,0,1,0,1,1,0,0,1,1,1,0,1",0.49,0.8,0.5675,0.49034749034749037,0.508,0.49901768172888017,0.49,0.601182222366333
"1,0,1,0,0,1,0,0,0,0,0,1,0,0,1,1,1,1,1,1,1",0.45,0.92,0.5674999999999999,0.44541484716157204,0.408,0.42588726513569936,0.44999999999999996,0.5909488201141357
"0,0,1,0,1,1,0,1,0,0,1,0,1,1,0,0,1,1,1,0,0",0.466,0.87,0.5670000000000001,0.46586345381526106,0.464,0.4649298597194389,0.466,0.5533151626586914
"0,0,1,0,0,0,0,0,0,1,0,1,1,1,0,1,1,0,0,0,1",0.456,0.9,0.5670000000000001,0.45045045045045046,0.4,0.423728813559322,0.456,0.626495361328125
"0,1,0,0,1,1,1,1,0,1,1,0,0,0,1,0,0,0,0,0,0",0.466,0.87,0.5670000000000001,0.46586345381526106,0.464,0.4649298597194389,0.466,0.5859131813049316
"1,1,0,1,0,1,0,1,1,0,1,1,1,0,0,1,1,1,1,1,0",0.486,0.81,0.567,0.48258706467661694,0.388,0.43015521064301554,0.486,0.6153316497802734
"0,1,0,1,1,1,0,1,1,1,1,0,0,1,1,0,0,1,0,1,1",0.466,0.87,0.567,0.4508670520231214,0.312,0.3687943262411347,0.4659999999999999,0.6822385787963867
"0,0,1,0,0,1,0,0,0,1,1,0,1,0,1,1,0,1,1,0,1",0.436,0.96,0.567,0.4223300970873786,0.348,0.3815789473684211,0.436,0.630932092666626
"0,1,0,1,1,0,1,0,1,0,1,0,0,1,0,1,0,1,1,0,1",0.456,0.9,0.567,0.44907407407407407,0.388,0.41630901287553645,0.456,0.6432347297668457
"1,1,0,0,0,0,0,0,1,0,1,0,0,1,1,1,0,1,0,0,1",0.476,0.84,0.567,0.47345132743362833,0.428,0.4495798319327731,0.476,0.5978355407714844
"0,1,1,1,1,0,1,1,0,1,1,1,0,1,0,1,1,1,0,0,1",0.466,0.87,0.567,0.46953405017921146,0.524,0.4952741020793951,0.46599999999999997,0.6569879055023193
"1,1,0,0,1,1,0,1,1,1,1,0,0,1,0,1,0,1,1,1,0",0.492,0.79,0.5665,0.4887640449438202,0.348,0.40654205607476634,0.492,0.5947737693786621
"1,0,1,1,0,1,1,0,1,0,0,0,1,1,1,1,1,0,0,0,1",0.482,0.82,0.5665,0.4847457627118644,0.572,0.5247706422018349,0.482,0.6211042404174805
"0,0,1,0,1,0,1,1,0,0,0,1,1,0,1,1,0,0,0,0,1",0.492,0.79,0.5665,0.4943820224719101,0.704,0.5808580858085809,0.492,0.5731003284454346
"0,1,0,0,0,1,1,1,0,1,0,0,0,0,1,1,1,1,1,0,1",0.472,0.85,0.5665,0.480225988700565,0.68,0.5629139072847682,0.47200000000000003,0.5944838523864746
"0,1,0,0,1,0,1,1,0,0,0,1,1,1,1,1,1,1,0,0,1",0.462,0.88,0.5665,0.46441947565543074,0.496,0.4796905222437137,0.46199999999999997,0.653731107711792
"1,1,1,1,1,1,1,1,0,0,0,0,1,0,0,0,1,1,0,1,1",0.492,0.79,0.5665,0.4938650306748466,0.644,0.5590277777777778,0.492,0.6362085342407227
"0,1,0,0,1,1,0,0,1,0,1,0,0,1,1,0,0,1,0,1,0",0.472,0.85,0.5665,0.4753521126760563,0.54,0.5056179775280899,0.47200000000000003,0.6195604801177979
"0,1,0,1,1,1,1,0,0,1,1,0,0,1,0,0,1,0,1,1,1",0.442,0.94,0.5665,0.40522875816993464,0.248,0.3076923076923077,0.442,0.6285455226898193
"0,0,0,1,1,0,0,0,1,0,1,1,0,0,0,1,0,0,0,0,1",0.472,0.85,0.5665,0.4755244755244755,0.544,0.5074626865671642,0.47200000000000003,0.5526628494262695
"0,1,0,1,0,0,0,0,0,0,1,0,0,1,0,0,1,0,1,1,0",0.472,0.85,0.5665,0.4755244755244755,0.544,0.5074626865671642,0.47200000000000003,0.6018373966217041
"0,0,0,1,0,0,0,0,0,0,1,0,1,1,1,0,0,0,0,0,1",0.462,0.88,0.5665,0.46545454545454545,0.512,0.4876190476190476,0.46199999999999997,0.5530071258544922
"1,1,0,0,1,1,0,0,0,0,1,1,1,1,0,1,1,0,1,1,1",0.492,0.79,0.5665,0.49382716049382713,0.64,0.5574912891986062,0.492,0.6106052398681641
"0,0,1,1,0,0,1,0,0,1,0,1,1,1,0,1,0,1,0,1,0",0.448,0.92,0.5660000000000001,0.4557823129251701,0.536,0.49264705882352944,0.448,0.6429359912872314
"0,0,0,0,1,1,0,1,0,0,0,1,1,0,0,0,1,0,1,1,0",0.478,0.83,0.5660000000000001,0.48242811501597443,0.604,0.5364120781527532,0.478,0.5484850406646729
"1,1,0,0,1,0,1,0,0,0,0,1,1,0,1,0,0,0,0,0,1",0.488,0.8,0.5660000000000001,0.48672566371681414,0.44,0.46218487394957986,0.488,0.6227574348449707
"0,1,0,1,0,1,0,1,0,0,1,1,0,1,0,0,0,0,0,1,1",0.478,0.83,0.5660000000000001,0.48109965635738833,0.56,0.5175600739371534,0.47800000000000004,0.6400859355926514
"1,1,0,1,1,0,1,0,1,0,1,1,1,1,1,1,1,1,1,1,0",0.478,0.83,0.5660000000000001,0.4804270462633452,0.54,0.5084745762711864,0.478,0.6232433319091797
"1,1,0,0,1,1,1,1,0,0,1,1,0,1,1,0,1,0,1,1,1",0.468,0.86,0.566,0.47468354430379744,0.6,0.5300353356890459,0.46799999999999997,0.6007275581359863
"0,1,0,0,0,1,1,1,0,1,0,0,1,1,1,0,0,1,0,0,1",0.468,0.86,0.566,0.47802197802197804,0.696,0.5667752442996743,0.46799999999999997,0.5917553901672363
"0,0,0,1,1,1,1,1,1,0,1,0,0,1,0,0,1,1,0,1,0",0.468,0.86,0.566,0.474025974025974,0.584,0.5232974910394266,0.46799999999999997,0.5617129802703857
"1,0,1,0,1,0,1,1,0,1,1,1,0,0,1,1,1,0,0,0,1",0.494,0.78,0.5655,0.4948805460750853,0.58,0.5340699815837937,0.494,0.6186301708221436
"0,0,1,0,0,1,1,0,0,1,0,0,1,0,0,1,1,0,0,1,1",0.464,0.87,0.5655,0.46153846153846156,0.432,0.4462809917355372,0.46399999999999997,0.5997874736785889
"0,0,0,0,1,0,1,1,0,1,1,1,0,1,1,1,1,1,0,1,1",0.474,0.84,0.5655,0.46766169154228854,0.376,0.41685144124168516,0.474,0.7296605110168457
"0,1,0,0,1,0,1,1,1,0,0,0,1,0,0,1,1,0,0,0,1",0.484,0.81,0.5655,0.4777777777777778,0.344,0.4,0.484,0.6186413764953613
"0,0,1,1,1,1,1,0,0,0,1,0,0,1,0,0,1,1,0,0,1",0.454,0.9,0.5654999999999999,0.4,0.184,0.25205479452054796,0.45399999999999996,0.6846776008605957
"0,1,0,0,0,0,1,1,1,0,1,1,0,0,0,1,1,1,1,0,0",0.46,0.88,0.5650000000000001,0.4519230769230769,0.376,0.4104803493449782,0.46,0.6033358573913574
"1,0,1,0,1,1,0,1,1,1,0,0,1,1,1,1,0,1,1,1,1",0.46,0.88,0.5650000000000001,0.4528301886792453,0.384,0.4155844155844156,0.46,0.5955095291137695
"0,1,0,0,1,0,0,1,1,0,0,0,0,0,1,1,1,1,1,0,1",0.45,0.91,0.5650000000000001,0.450199203187251,0.452,0.45109780439121755,0.45,0.5936493873596191
"1,0,0,0,0,1,1,0,1,0,1,1,0,0,1,1,1,1,0,1,0",0.49,0.79,0.565,0.4921135646687697,0.624,0.5502645502645502,0.49,0.5989372730255127
"1,1,0,1,0,1,0,1,1,1,1,0,0,1,0,0,0,0,1,1,0",0.51,0.73,0.565,0.5083056478405316,0.612,0.5553539019963702,0.51,0.6082360744476318
"0,1,0,0,1,1,1,0,1,1,0,0,0,0,0,1,0,0,1,1,0",0.46,0.88,0.565,0.4612403100775193,0.476,0.468503937007874,0.4599999999999999,0.6629457473754883
"0,1,0,0,1,1,0,0,0,1,1,1,0,1,1,0,0,1,0,0,1",0.46,0.88,0.565,0.47297297297297297,0.7,0.5645161290322581,0.45999999999999996,0.6414303779602051
"0,1,0,0,0,0,1,1,1,0,0,0,1,0,0,1,1,1,0,1,0",0.46,0.88,0.565,0.47005988023952094,0.628,0.5376712328767124,0.45999999999999996,0.576439380645752
"1,1,1,1,0,0,0,0,0,0,0,0,0,0,1,1,1,0,0,1,0",0.5,0.76,0.565,0.5,0.376,0.4292237442922374,0.5,0.641024112701416
"1,1,0,1,0,0,1,1,0,1,0,0,0,0,1,1,0,1,0,1,1",0.49,0.79,0.565,0.4876847290640394,0.396,0.4370860927152318,0.49,0.6083576679229736
"1,1,1,0,1,0,1,0,1,0,1,1,1,0,1,0,1,0,0,1,0",0.466,0.86,0.5645,0.47645429362880887,0.688,0.563011456628478,0.46599999999999997,0.6718604564666748
"1,0,1,0,0,0,0,0,1,0,0,1,0,0,0,1,1,0,1,0,1",0.466,0.86,0.5645,0.466403162055336,0.472,0.4691848906560636,0.46599999999999997,0.6906266212463379
"1,1,1,0,1,1,1,0,0,0,0,1,1,1,1,1,1,1,0,0,0",0.496,0.77,0.5645,0.49731182795698925,0.74,0.594855305466238,0.496,0.5960543155670166
"1,1,0,0,0,0,1,1,1,0,1,0,1,0,0,1,1,0,1,1,1",0.456,0.89,0.5645,0.456,0.456,0.456,0.456,0.6460409164428711
"1,1,0,0,0,0,0,0,1,0,1,1,0,0,0,0,1,0,1,1,1",0.476,0.83,0.5645,0.46703296703296704,0.34,0.39351851851851855,0.476,0.6280689239501953
"1,0,1,1,1,0,1,1,1,1,0,1,0,0,1,0,1,0,0,0,1",0.472,0.84,0.5640000000000001,0.476027397260274,0.556,0.5129151291512916,0.47200000000000003,0.6335408687591553
"0,1,1,0,0,0,0,0,1,0,1,1,1,0,0,1,0,1,0,0,0",0.472,0.84,0.5640000000000001,0.47619047619047616,0.56,0.5147058823529411,0.47200000000000003,0.5951778888702393
"0,1,0,0,0,0,1,1,0,0,1,0,1,0,1,0,0,0,1,1,0",0.472,0.84,0.5640000000000001,0.4513888888888889,0.26,0.3299492385786802,0.47200000000000003,0.5661087036132812
"1,1,0,0,1,1,0,1,1,0,0,0,1,0,1,1,1,1,1,1,1",0.482,0.81,0.5640000000000001,0.4723926380368098,0.308,0.3728813559322034,0.482,0.6382744312286377
"0,0,0,1,1,1,0,1,0,0,0,0,1,1,1,1,0,1,1,1,1",0.472,0.84,0.564,0.47953216374269003,0.656,0.5540540540540541,0.472,0.6454105377197266
"0,0,0,0,1,1,0,1,0,1,0,1,1,1,1,0,0,1,0,0,0",0.452,0.9,0.564,0.4381443298969072,0.34,0.38288288288288286,0.45199999999999996,0.629511833190918
"0,1,0,1,0,1,0,1,1,1,0,0,0,0,1,0,1,0,0,1,0",0.458,0.88,0.5635,0.45023696682464454,0.38,0.4121475054229935,0.458,0.6173374652862549
"0,1,0,0,0,1,0,1,1,0,1,0,0,1,1,0,1,0,0,0,0",0.478,0.82,0.5635,0.4744186046511628,0.408,0.43870967741935485,0.478,0.5657031536102295
"1,0,1,1,1,0,1,1,0,0,0,1,1,0,1,0,0,1,0,0,1",0.468,0.85,0.5635,0.47633136094674555,0.644,0.5476190476190477,0.46799999999999997,0.6127421855926514
"1,1,1,1,1,0,0,0,0,0,0,0,0,1,0,1,0,1,1,1,0",0.478,0.82,0.5635,0.4708994708994709,0.356,0.4054669703872437,0.478,0.5505886077880859
"0,0,1,1,0,0,1,0,1,0,0,1,0,1,1,0,1,0,0,1,0",0.468,0.85,0.5635,0.46825396825396826,0.472,0.4701195219123506,0.46799999999999997,0.6326923370361328
"0,1,0,0,0,1,0,1,1,1,1,0,1,1,1,1,1,0,0,0,0",0.478,0.82,0.5635,0.4744186046511628,0.408,0.43870967741935485,0.478,0.5560412406921387
"0,1,1,1,1,0,0,0,1,0,0,0,1,0,1,1,1,1,0,1,1",0.448,0.91,0.5635,0.46264367816091956,0.644,0.5384615384615384,0.448,0.6431264877319336
"0,0,0,1,0,1,1,0,0,0,1,1,0,0,1,1,0,1,1,0,1",0.458,0.88,0.5635,0.4591439688715953,0.472,0.46548323471400394,0.45799999999999996,0.6103923320770264
"0,1,0,0,1,0,1,0,0,0,1,0,0,1,0,0,1,1,1,0,1",0.458,0.88,0.5635,0.45414847161572053,0.416,0.4342379958246347,0.45799999999999996,0.6095056533813477
"1,0,1,0,1,1,1,1,1,1,1,1,1,1,0,0,1,0,1,1,1",0.458,0.88,0.5635,0.45493562231759654,0.424,0.4389233954451346,0.45799999999999996,0.642566442489624
"0,1,1,0,1,0,0,1,1,0,0,1,1,0,1,0,1,1,1,0,0",0.444,0.92,0.5630000000000001,0.45364238410596025,0.548,0.4963768115942029,0.44400000000000006,0.6198170185089111
"1,1,0,1,1,0,1,1,0,1,1,1,0,0,0,1,1,1,0,0,0",0.454,0.89,0.5630000000000001,0.4666666666666667,0.644,0.5411764705882353,0.454,0.5589451789855957
"1,0,1,0,1,1,1,1,0,0,1,1,0,1,1,0,0,0,1,0,1",0.464,0.86,0.563,0.45,0.324,0.3767441860465116,0.46399999999999997,0.618898868560791
"1,1,1,1,1,0,0,0,1,0,0,0,0,1,1,1,0,0,0,1,1",0.474,0.83,0.563,0.46524064171123,0.348,0.39816933638443935,0.474,0.5923516750335693
"0,0,1,1,0,1,1,0,1,1,0,1,0,0,0,1,1,1,1,1,0",0.464,0.86,0.563,0.45454545454545453,0.36,0.4017857142857143,0.46399999999999997,0.6383934020996094
"1,0,0,1,1,1,1,0,1,0,1,0,0,0,0,1,0,1,1,0,0",0.484,0.8,0.563,0.4859154929577465,0.552,0.5168539325842697,0.484,0.5944063663482666
"1,0,1,1,0,0,1,1,1,1,1,1,1,0,1,1,1,0,0,1,0",0.474,0.83,0.563,0.48104956268221577,0.66,0.5564924114671164,0.474,0.5865015983581543
"1,0,0,1,0,1,1,1,1,1,0,0,0,0,0,1,1,1,0,0,1",0.464,0.86,0.563,0.4645669291338583,0.472,0.46825396825396826,0.46399999999999997,0.6359555721282959
"0,0,1,1,1,0,0,0,0,0,0,1,0,1,0,0,1,1,1,0,1",0.474,0.83,0.563,0.47619047619047616,0.52,0.497131931166348,0.474,0.5995597839355469
"1,0,1,0,1,0,1,1,0,1,1,1,0,0,1,1,1,1,1,0,1",0.46,0.87,0.5625,0.4528301886792453,0.384,0.4155844155844156,0.46,0.5810356140136719
"0,0,1,0,1,1,0,0,0,1,1,1,0,1,0,0,0,0,1,1,1",0.46,0.87,0.5625,0.4732620320855615,0.708,0.5673076923076923,0.45999999999999996,0.6569223403930664
"1,0,1,1,0,0,1,1,1,1,0,1,0,1,0,0,0,0,1,0,1",0.46,0.87,0.5625,0.4583333333333333,0.44,0.4489795918367347,0.45999999999999996,0.6154918670654297
"1,0,0,0,0,0,0,1,0,0,0,1,1,1,1,0,0,1,0,0,0",0.46,0.87,0.5625,0.45867768595041325,0.444,0.45121951219512196,0.45999999999999996,0.5658907890319824
"0,1,0,1,0,1,0,1,1,1,0,1,0,1,0,0,1,0,1,0,1",0.47,0.84,0.5625,0.4686192468619247,0.448,0.45807770961145194,0.47,0.6370842456817627
"0,0,0,0,0,1,0,1,0,0,1,0,1,1,1,1,0,0,1,0,0",0.446,0.91,0.562,0.44398340248962653,0.428,0.43584521384928715,0.446,0.5742454528808594
"1,1,0,0,0,1,1,0,0,1,1,0,1,1,0,1,1,0,1,0,1",0.476,0.82,0.562,0.4724770642201835,0.412,0.44017094017094016,0.476,0.6175620555877686
"1,1,0,0,1,0,0,1,1,1,0,1,0,1,1,0,0,0,0,0,1",0.486,0.79,0.562,0.47586206896551725,0.276,0.3493670886075949,0.486,0.642554521560669
"1,1,0,0,1,0,1,1,0,1,0,0,0,0,0,1,0,0,0,1,1",0.486,0.79,0.562,0.48659003831417624,0.508,0.49706457925636005,0.486,0.6492092609405518
"1,1,1,0,1,1,1,1,0,1,0,0,1,0,1,0,0,0,1,1,0",0.516,0.7,0.562,0.5180180180180181,0.46,0.4872881355932203,0.516,0.6020634174346924
"1,1,1,1,0,0,1,1,0,0,1,0,0,1,0,1,1,1,0,1,0",0.466,0.85,0.5619999999999999,0.467680608365019,0.492,0.47953216374269003,0.46599999999999997,0.6442644596099854
"1,1,1,1,0,0,1,1,0,1,1,0,0,0,1,0,1,1,1,1,1",0.472,0.83,0.5615,0.4717741935483871,0.468,0.46987951807228917,0.472,0.6048438549041748
"0,0,0,0,0,0,1,0,1,0,0,1,1,1,0,1,0,0,1,1,1",0.482,0.8,0.5615,0.4790697674418605,0.412,0.443010752688172,0.482,0.6316573619842529
"0,1,1,1,1,0,0,1,0,0,0,0,1,1,0,0,0,1,1,1,0",0.462,0.86,0.5615,0.47058823529411764,0.608,0.5305410122164049,0.46199999999999997,0.6509709358215332
"0,0,0,0,0,1,0,0,0,0,0,0,1,0,1,1,1,1,0,0,1",0.448,0.9,0.561,0.4419642857142857,0.396,0.4177215189873418,0.448,0.5952880382537842
"0,0,1,0,1,1,0,0,1,0,1,1,0,1,0,0,0,0,0,1,0",0.468,0.84,0.5609999999999999,0.4696969696969697,0.496,0.48249027237354086,0.46799999999999997,0.5885236263275146
"1,1,1,0,1,0,1,0,0,0,1,0,0,0,1,0,1,1,0,0,0",0.488,0.78,0.5609999999999999,0.49096385542168675,0.652,0.5601374570446735,0.488,0.5593154430389404
"0,0,1,0,0,0,0,1,1,0,0,1,0,1,0,1,0,0,0,1,1",0.438,0.93,0.5609999999999999,0.4396887159533074,0.452,0.4457593688362919,0.438,0.6638712882995605
"0,0,1,0,1,1,1,0,1,0,1,0,1,0,1,1,1,0,0,0,0",0.468,0.84,0.5609999999999999,0.4696969696969697,0.496,0.48249027237354086,0.46799999999999997,0.6153607368469238
"1,1,1,1,0,1,1,1,1,0,1,1,1,0,1,0,1,1,1,1,1",0.468,0.84,0.5609999999999999,0.4796954314720812,0.756,0.5869565217391305,0.46799999999999997,0.6185407638549805
"0,1,0,0,1,0,0,1,0,1,0,1,1,0,0,1,0,1,0,0,0",0.444,0.91,0.5605,0.4435483870967742,0.44,0.44176706827309237,0.444,0.584134578704834
"1,0,0,0,0,1,1,1,1,0,1,1,0,1,1,1,0,1,1,1,1",0.49,0.77,0.56,0.49056603773584906,0.52,0.5048543689320388,0.49,0.6724910736083984
"0,0,1,0,0,1,1,0,0,0,0,0,1,1,1,1,1,0,1,1,1",0.45,0.89,0.56,0.4429223744292237,0.388,0.4136460554371002,0.45,0.6777546405792236
"1,0,1,0,0,0,0,0,0,1,1,1,0,0,1,0,1,1,1,1,0",0.44,0.92,0.56,0.43902439024390244,0.432,0.43548387096774194,0.44,0.6470155715942383
"0,1,0,1,1,1,0,1,0,1,0,1,0,1,1,1,0,0,0,0,1",0.46,0.86,0.56,0.4652777777777778,0.536,0.49814126394052044,0.46,0.6308653354644775
"0,0,1,1,1,0,1,0,0,1,0,0,1,1,0,0,0,0,0,1,1",0.436,0.93,0.5595000000000001,0.4148936170212766,0.312,0.3561643835616438,0.43600000000000005,0.6612155437469482
"1,1,1,0,0,0,0,1,0,1,0,0,1,0,1,1,1,0,0,0,1",0.486,0.78,0.5595,0.4841628959276018,0.428,0.4543524416135881,0.486,0.5848417282104492
"1,0,1,0,1,1,0,1,0,0,0,1,0,0,1,1,0,1,0,0,1",0.456,0.87,0.5595,0.45955882352941174,0.5,0.4789272030651341,0.45599999999999996,0.5874350070953369
"0,0,0,0,0,1,1,0,0,0,0,0,0,0,1,1,1,1,0,1,1",0.436,0.93,0.5595,0.42452830188679247,0.36,0.38961038961038963,0.436,0.6508493423461914
"0,1,0,1,0,0,0,0,0,1,0,0,0,0,0,0,1,1,1,0,1",0.452,0.88,0.559,0.45918367346938777,0.54,0.4963235294117647,0.452,0.5734169483184814
"0,1,1,1,0,1,1,0,0,0,1,0,1,1,0,0,1,1,0,1,1",0.452,0.88,0.559,0.44285714285714284,0.372,0.4043478260869565,0.452,0.648308277130127
"1,1,0,1,0,0,1,1,0,0,1,1,0,1,0,1,1,1,0,0,1",0.462,0.85,0.5589999999999999,0.45226130653266333,0.36,0.40089086859688194,0.46199999999999997,0.632035493850708
"0,0,0,0,0,0,0,1,0,0,0,0,1,1,0,0,1,0,1,1,1",0.462,0.85,0.5589999999999999,0.44919786096256686,0.336,0.38443935926773454,0.46199999999999997,0.6151986122131348
"0,0,0,0,1,1,0,0,1,0,1,0,1,0,0,0,1,1,0,0,0",0.458,0.86,0.5585,0.4641638225255973,0.544,0.5009208103130756,0.458,0.5765857696533203
"1,0,0,1,0,1,1,0,0,0,0,1,0,1,1,0,0,1,0,1,1",0.488,0.77,0.5585,0.48928571428571427,0.548,0.5169811320754717,0.488,0.6153440475463867
"1,1,1,1,0,0,0,1,1,0,0,0,0,1,0,1,0,1,0,0,1",0.478,0.8,0.5585,0.48,0.528,0.5028571428571429,0.478,0.5795726776123047
"1,0,1,0,1,0,0,0,0,0,0,1,0,1,0,1,1,1,1,1,0",0.458,0.86,0.5585,0.45374449339207046,0.412,0.43186582809224316,0.45799999999999996,0.5890450477600098
"0,1,1,0,1,1,0,1,0,1,0,1,1,0,1,1,1,0,0,1,1",0.448,0.89,0.5585,0.44583333333333336,0.428,0.43673469387755104,0.448,0.626903772354126
"1,0,0,1,1,1,1,1,0,1,1,0,0,1,0,0,1,1,1,1,0",0.488,0.77,0.5585,0.48484848484848486,0.384,0.42857142857142855,0.488,0.5791854858398438
"1,1,0,1,1,1,1,0,0,1,0,1,0,1,1,1,0,1,0,0,1",0.478,0.8,0.5585,0.4717948717948718,0.368,0.4134831460674157,0.478,0.5892393589019775
"0,0,1,0,1,1,0,1,0,1,0,0,0,1,1,1,1,0,0,1,1",0.454,0.87,0.558,0.3925233644859813,0.168,0.23529411764705882,0.454,0.6548902988433838
"1,0,1,0,0,1,0,0,1,0,0,1,1,1,1,1,1,0,1,0,1",0.464,0.84,0.558,0.44886363636363635,0.316,0.37089201877934275,0.46399999999999997,0.6139287948608398
"0,1,0,1,0,1,1,1,0,1,0,1,0,0,1,0,1,0,1,1,1",0.45,0.88,0.5575,0.4444444444444444,0.4,0.42105263157894735,0.45,0.6467609405517578
"0,1,0,1,1,0,1,0,0,1,0,1,1,0,0,1,1,1,0,0,0",0.44,0.91,0.5575,0.4353448275862069,0.404,0.4190871369294606,0.44,0.5762646198272705
"1,0,0,1,0,0,1,0,0,0,0,1,1,1,1,0,0,1,1,1,1",0.48,0.79,0.5575,0.48493975903614456,0.644,0.5532646048109966,0.48,0.6198215484619141
"1,1,1,1,0,1,1,0,0,1,0,1,0,0,0,1,0,1,1,0,0",0.5,0.73,0.5575,0.5,0.408,0.44933920704845814,0.5,0.6279716491699219
"0,0,0,1,0,1,1,1,0,0,1,0,1,0,0,0,0,1,1,0,1",0.45,0.88,0.5575,0.4161073825503356,0.248,0.3107769423558897,0.45,0.6241037845611572
"1,0,1,0,1,1,1,0,0,0,0,1,0,1,0,0,1,0,1,1,1",0.46,0.85,0.5575,0.4438202247191011,0.316,0.3691588785046729,0.45999999999999996,0.6221370697021484
"0,0,0,1,1,1,1,0,1,0,0,0,0,0,1,0,1,0,1,0,0",0.47,0.82,0.5575,0.47232472324723246,0.512,0.491362763915547,0.47,0.6061015129089355
"0,0,1,1,1,1,1,0,0,0,1,0,1,0,1,1,1,1,0,0,0",0.45,0.88,0.5575,0.4161073825503356,0.248,0.3107769423558897,0.45,0.6428096294403076
"1,0,1,1,0,1,0,0,0,0,0,0,0,0,1,0,0,0,0,0,1",0.446,0.89,0.557,0.4117647058823529,0.252,0.31265508684863524,0.446,0.571936845779419
"0,0,1,1,0,0,0,0,1,0,1,1,0,1,0,1,0,1,0,0,1",0.456,0.86,0.557,0.46308724832214765,0.552,0.5036496350364964,0.456,0.6359326839447021
"1,1,0,1,1,0,0,0,1,0,0,1,0,0,0,1,0,1,1,0,1",0.476,0.8,0.5569999999999999,0.4818181818181818,0.636,0.5482758620689655,0.476,0.7144348621368408
"0,0,0,1,0,1,0,1,0,0,0,0,0,0,1,0,1,0,1,1,1",0.446,0.89,0.5569999999999999,0.42780748663101603,0.32,0.36613272311212813,0.44599999999999995,0.6579391956329346
"0,0,0,1,0,1,1,1,1,0,0,1,1,1,1,1,0,0,0,1,0",0.456,0.86,0.5569999999999999,0.453781512605042,0.432,0.4426229508196721,0.45599999999999996,0.6208224296569824
"0,0,1,0,1,1,1,1,0,0,0,1,0,1,0,1,1,0,1,0,1",0.456,0.86,0.5569999999999999,0.44329896907216493,0.344,0.38738738738738737,0.45599999999999996,0.6269149780273438
"0,1,0,1,1,0,1,1,1,0,0,1,1,1,1,0,1,1,1,1,0",0.442,0.9,0.5565,0.4521452145214521,0.548,0.49547920433996384,0.44200000000000006,0.5993525981903076
"1,0,0,1,0,1,0,1,0,0,0,1,1,0,0,0,0,0,0,1,0",0.492,0.75,0.5565,0.48863636363636365,0.344,0.40375586854460094,0.492,0.548572301864624
"1,1,0,1,0,0,0,0,0,0,0,0,1,0,0,0,0,0,1,0,1",0.482,0.78,0.5565,0.4798206278026906,0.428,0.452431289640592,0.482,0.5782637596130371
"0,1,1,1,0,1,1,0,0,0,1,0,1,1,0,0,1,1,1,0,1",0.462,0.84,0.5565,0.4,0.152,0.22028985507246376,0.462,0.6081955432891846
"1,0,1,0,1,1,0,1,1,0,1,0,0,0,0,0,0,0,0,1,0",0.488,0.76,0.556,0.48314606741573035,0.344,0.40186915887850466,0.488,0.577549934387207
"1,0,0,1,0,1,1,1,1,0,0,1,1,0,0,1,0,0,1,0,1",0.478,0.79,0.556,0.4795539033457249,0.516,0.49710982658959535,0.478,0.5926361083984375
"1,0,0,0,1,0,1,1,1,1,1,1,1,1,1,0,0,0,0,1,0",0.458,0.85,0.556,0.46440677966101696,0.548,0.5027522935779817,0.458,0.612790584564209
"0,1,1,1,1,0,0,1,0,0,1,1,0,1,0,0,0,0,0,0,0",0.488,0.76,0.556,0.48717948717948717,0.456,0.47107438016528924,0.488,0.5425312519073486
"0,1,0,0,1,0,0,0,1,0,0,1,1,0,1,0,0,0,0,0,1",0.468,0.82,0.556,0.4776536312849162,0.684,0.5625,0.468,0.5987684726715088
"0,1,0,0,0,1,0,1,1,0,0,1,1,1,0,0,0,0,0,0,1",0.488,0.76,0.556,0.48846153846153845,0.508,0.4980392156862745,0.488,0.5698251724243164
"1,0,1,0,1,1,1,0,0,1,1,1,0,0,1,0,0,0,0,0,0",0.488,0.76,0.556,0.48314606741573035,0.344,0.40186915887850466,0.488,0.6241984367370605
"1,1,0,0,1,0,0,1,1,1,1,0,1,0,1,0,0,0,1,0,0",0.468,0.82,0.556,0.4776536312849162,0.684,0.5625,0.468,0.5677404403686523
"0,1,1,1,1,0,1,1,1,1,1,0,0,0,0,0,0,0,0,0,0",0.488,0.76,0.556,0.48717948717948717,0.456,0.47107438016528924,0.488,0.5689518451690674
"0,0,0,1,0,1,0,1,0,0,0,1,0,0,0,0,0,0,1,0,1",0.488,0.76,0.556,0.48846153846153845,0.508,0.4980392156862745,0.488,0.5912158489227295
"0,1,1,0,1,0,0,1,0,0,1,0,0,1,0,0,1,0,1,0,1",0.434,0.92,0.5555,0.43209876543209874,0.42,0.4259634888438134,0.434,0.6376707553863525
"0,0,0,0,0,0,0,1,0,0,0,0,1,1,0,0,1,0,1,1,0",0.484,0.77,0.5555,0.4829059829059829,0.452,0.4669421487603306,0.484,0.5554852485656738
"0,1,1,1,0,0,1,1,0,0,1,0,1,0,0,1,0,1,1,0,1",0.444,0.89,0.5555,0.4513888888888889,0.52,0.483271375464684,0.444,0.6191761493682861
"0,0,0,0,1,0,1,1,1,1,0,0,0,0,1,1,0,1,0,0,1",0.454,0.86,0.5555,0.4612794612794613,0.548,0.5009140767824497,0.454,0.675325870513916
"1,0,1,1,0,1,1,0,1,1,0,1,1,0,1,0,0,0,1,0,0",0.484,0.77,0.5555,0.4789473684210526,0.364,0.41363636363636364,0.484,0.6153926849365234
"0,0,0,0,1,0,1,1,1,1,0,0,1,0,1,1,0,1,0,0,1",0.454,0.86,0.5555,0.4612794612794613,0.548,0.5009140767824497,0.454,0.599076509475708
"0,0,1,0,0,0,1,0,1,0,0,0,0,0,1,1,0,0,0,0,0",0.484,0.77,0.5555,0.4829059829059829,0.452,0.4669421487603306,0.484,0.551612377166748
"0,0,0,0,0,0,0,1,0,0,0,0,0,1,0,1,1,1,1,1,0",0.47,0.81,0.555,0.46543778801843316,0.404,0.43254817987152033,0.47000000000000003,0.5579524040222168
"1,0,1,1,0,0,1,0,0,1,0,1,1,0,0,1,0,1,1,0,1",0.44,0.9,0.555,0.4486301369863014,0.524,0.4833948339483395,0.44,0.6315402984619141
"1,0,0,0,0,1,1,1,1,0,0,1,0,0,0,1,0,1,0,0,0",0.45,0.87,0.555,0.46418338108882523,0.648,0.5409015025041736,0.45,0.5743584632873535
"0,1,1,1,1,0,0,1,0,0,1,0,0,0,0,1,1,1,1,0,0",0.46,0.84,0.5549999999999999,0.4557522123893805,0.412,0.4327731092436975,0.45999999999999996,0.5687587261199951
"1,1,0,0,0,1,1,0,0,1,1,1,1,1,1,0,1,0,1,1,0",0.47,0.81,0.5549999999999999,0.4678111587982833,0.436,0.45134575569358176,0.47,0.6223227977752686
"1,1,0,0,1,0,1,0,0,0,1,0,1,1,0,0,1,1,1,0,0",0.45,0.87,0.5549999999999999,0.43386243386243384,0.328,0.3735763097949886,0.44999999999999996,0.5667695999145508
"1,1,1,1,0,0,1,1,0,1,1,0,1,0,1,1,1,1,0,0,0",0.45,0.87,0.5549999999999999,0.46200607902735563,0.608,0.5250431778929189,0.44999999999999996,0.6583490371704102
"1,0,1,0,0,1,0,1,0,0,0,1,1,0,1,0,1,1,1,0,0",0.446,0.88,0.5545,0.4470588235294118,0.456,0.4514851485148515,0.446,0.6245136260986328
"0,1,1,0,0,1,0,0,1,0,0,1,0,1,0,1,0,1,1,1,1",0.446,0.88,0.5545,0.44866920152091255,0.472,0.4600389863547758,0.44599999999999995,0.6364009380340576
"1,1,1,0,0,0,1,0,1,1,0,1,0,0,1,0,0,1,1,0,1",0.456,0.85,0.5545,0.4566929133858268,0.464,0.4603174603174603,0.456,0.6194241046905518
"1,1,0,0,0,1,0,1,1,0,0,0,1,0,0,0,0,1,1,0,1",0.466,0.82,0.5545,0.4679245283018868,0.496,0.4815533980582524,0.46599999999999997,0.5973715782165527
"0,1,1,0,1,0,1,1,0,1,0,0,0,0,0,1,1,1,0,0,1",0.446,0.88,0.5545,0.4435146443514644,0.424,0.4335378323108384,0.446,0.5820090770721436
"0,1,1,1,1,1,0,0,0,0,0,0,0,0,1,0,1,0,1,1,1",0.472,0.8,0.554,0.47307692307692306,0.492,0.4823529411764706,0.472,0.6925921440124512
"0,0,0,0,1,1,0,0,1,0,1,1,1,1,1,0,0,0,0,0,0",0.442,0.89,0.554,0.43722943722943725,0.404,0.41995841995842,0.442,0.5788254737854004
"1,0,1,1,0,0,0,1,0,0,0,0,1,1,0,1,0,1,0,1,1",0.432,0.92,0.554,0.4174757281553398,0.344,0.37719298245614036,0.432,0.6310186386108398
"0,1,1,0,0,1,1,0,1,0,1,1,1,0,0,1,0,1,1,1,0",0.438,0.9,0.5535,0.4423791821561338,0.476,0.45857418111753373,0.438,0.6041491031646729
"1,0,0,1,0,1,0,0,1,0,0,0,1,0,0,1,0,1,0,0,1",0.448,0.87,0.5535,0.45357142857142857,0.508,0.47924528301886793,0.448,0.5489389896392822
"0,1,1,0,1,0,0,1,1,0,1,0,0,0,0,1,1,0,1,0,1",0.438,0.9,0.5535,0.4258373205741627,0.356,0.3877995642701525,0.438,0.592313289642334
"0,0,1,0,1,1,0,1,0,1,0,1,0,0,1,0,1,0,1,1,0",0.448,0.87,0.5535,0.45357142857142857,0.508,0.47924528301886793,0.448,0.591381311416626
"0,1,1,0,0,1,0,1,1,1,1,1,0,0,0,0,0,1,1,1,0",0.444,0.88,0.553,0.45394736842105265,0.552,0.4981949458483754,0.44400000000000006,0.6171503067016602
"0,0,1,0,1,0,0,0,0,1,1,0,1,0,0,0,0,0,1,1,1",0.464,0.82,0.553,0.47413793103448276,0.66,0.5518394648829431,0.464,0.6389255523681641
"1,0,0,1,0,1,1,1,0,0,1,0,0,0,0,1,0,1,1,0,0",0.484,0.76,0.5529999999999999,0.4797979797979798,0.38,0.42410714285714285,0.484,0.5783834457397461
"0,1,0,1,1,1,1,1,0,0,0,0,0,0,0,0,1,0,1,0,1",0.454,0.85,0.5529999999999999,0.451063829787234,0.424,0.43711340206185567,0.45399999999999996,0.5923125743865967
"0,0,0,0,1,1,1,1,1,0,1,1,1,0,1,1,1,0,0,1,1",0.424,0.94,0.5529999999999999,0.39444444444444443,0.284,0.3302325581395349,0.42399999999999993,0.62375807762146
"0,0,0,1,0,1,1,0,1,0,0,1,0,0,1,1,0,1,0,0,0",0.45,0.86,0.5525,0.4521072796934866,0.472,0.461839530332681,0.44999999999999996,0.586174726486206
"1,1,1,0,1,1,1,1,0,0,1,1,1,0,0,0,1,1,1,1,0",0.46,0.83,0.5525,0.45652173913043476,0.42,0.4375,0.45999999999999996,0.711000919342041
"1,1,1,0,1,1,0,0,1,1,0,0,1,0,1,0,0,1,0,0,0",0.49,0.74,0.5525,0.4878048780487805,0.4,0.43956043956043955,0.49,0.641620397567749
"0,1,1,0,0,1,1,0,1,0,1,0,1,0,0,1,0,0,0,1,1",0.446,0.87,0.552,0.43601895734597157,0.368,0.39913232104121477,0.446,0.6482677459716797
"0,1,0,0,1,1,0,1,0,1,0,0,1,1,1,0,1,0,0,1,0",0.496,0.72,0.552,0.49390243902439024,0.324,0.391304347826087,0.496,0.5587818622589111
"1,0,1,0,1,1,1,0,0,0,1,1,1,0,0,0,0,0,0,1,1",0.476,0.78,0.552,0.48214285714285715,0.648,0.552901023890785,0.476,0.6405429840087891
"0,0,1,0,1,1,0,1,0,0,1,1,1,1,0,0,1,0,1,0,0",0.462,0.82,0.5515000000000001,0.46689895470383275,0.536,0.49906890130353815,0.462,0.5834414958953857
"0,0,0,1,1,1,0,0,0,1,1,0,0,1,0,1,0,0,1,0,0",0.462,0.82,0.5515000000000001,0.46689895470383275,0.536,0.49906890130353815,0.462,0.5659501552581787
"0,1,1,0,0,1,0,1,0,0,1,0,0,1,0,0,0,0,1,0,0",0.462,0.82,0.5515000000000001,0.46689895470383275,0.536,0.49906890130353815,0.462,0.536196231842041
"0,0,0,0,0,0,1,0,1,0,0,1,0,1,1,1,1,0,0,1,0",0.472,0.79,0.5515,0.4768211920529801,0.576,0.5217391304347826,0.472,0.6011319160461426
"0,1,1,0,1,0,0,1,0,0,0,0,0,0,0,1,1,1,0,0,1",0.428,0.92,0.551,0.43333333333333335,0.468,0.45,0.42800000000000005,0.576977014541626
"0,0,0,0,1,0,0,0,0,1,1,0,0,1,0,1,0,1,0,0,0",0.458,0.83,0.551,0.3894736842105263,0.148,0.2144927536231884,0.458,0.5884463787078857
"1,0,0,0,1,0,1,1,0,1,0,0,1,1,1,1,0,0,1,0,1",0.468,0.8,0.5509999999999999,0.4738562091503268,0.58,0.5215827338129496,0.46799999999999997,0.6529147624969482
"1,0,1,1,0,1,1,1,0,0,1,1,1,1,0,1,1,1,1,0,0",0.468,0.8,0.5509999999999999,0.4636363636363636,0.408,0.4340425531914894,0.46799999999999997,0.6351454257965088
"1,1,0,0,1,0,1,0,0,1,0,1,1,0,1,0,0,1,0,1,1",0.464,0.81,0.5505,0.46853146853146854,0.536,0.5,0.464,0.5913784503936768
"0,1,0,1,1,0,0,1,0,1,0,0,0,1,1,0,1,1,0,0,1",0.424,0.93,0.5505,0.42083333333333334,0.404,0.4122448979591837,0.42400000000000004,0.5987710952758789
"0,1,0,1,0,0,0,0,1,1,0,1,0,0,0,0,0,1,1,1,0",0.45,0.85,0.55,0.4434389140271493,0.392,0.416135881104034,0.45,0.5725407600402832
"1,1,0,1,1,0,0,0,1,1,0,1,0,0,1,0,0,1,0,0,1",0.46,0.82,0.55,0.4431818181818182,0.312,0.36619718309859156,0.45999999999999996,0.6034538745880127
"1,0,0,1,1,1,1,0,1,0,1,0,0,0,1,0,0,0,1,0,1",0.476,0.77,0.5495000000000001,0.4594594594594595,0.272,0.3417085427135678,0.47600000000000003,0.5781161785125732
"0,1,0,1,1,0,0,0,0,1,1,1,1,0,1,0,0,0,0,0,1",0.446,0.86,0.5495,0.4383561643835616,0.384,0.4093816631130064,0.446,0.603355884552002
"0,1,1,0,1,0,1,0,0,1,1,1,0,1,0,0,1,0,0,1,1",0.436,0.89,0.5495,0.4215686274509804,0.344,0.3788546255506608,0.436,0.6332590579986572
"0,1,1,1,0,1,0,1,0,0,0,1,0,1,1,0,0,0,0,1,0",0.476,0.77,0.5495,0.4802631578947368,0.584,0.5270758122743683,0.476,0.6395282745361328
"1,0,0,1,1,1,1,1,1,1,0,1,1,1,0,0,1,0,0,0,1",0.466,0.8,0.5495,0.4491017964071856,0.3,0.3597122302158273,0.46599999999999997,0.5831155776977539
"0,0,1,0,0,0,0,0,0,0,1,1,1,0,1,1,1,0,1,1,1",0.432,0.9,0.549,0.4405594405594406,0.504,0.4701492537313433,0.432,0.6367275714874268
"0,0,0,1,1,0,0,1,0,1,0,0,1,0,0,1,0,0,0,0,1",0.462,0.81,0.5489999999999999,0.4605809128630705,0.444,0.45213849287169044,0.46199999999999997,0.5909895896911621
"0,1,1,0,1,0,1,0,1,1,0,1,1,1,0,0,1,1,1,1,1",0.432,0.9,0.5489999999999999,0.43410852713178294,0.448,0.4409448818897638,0.432,0.6594178676605225
"0,0,1,0,1,0,1,0,1,1,0,0,0,0,0,1,0,0,0,0,1",0.462,0.81,0.5489999999999999,0.4605809128630705,0.444,0.45213849287169044,0.46199999999999997,0.6326055526733398
"0,1,0,0,0,1,1,1,0,1,0,0,0,0,1,1,0,0,0,0,1",0.448,0.85,0.5485,0.45112781954887216,0.48,0.46511627906976744,0.44799999999999995,0.6395540237426758
"1,0,0,0,1,1,0,1,0,1,1,0,1,1,0,1,1,0,1,1,0",0.458,0.82,0.5485,0.44,0.308,0.3623529411764706,0.45799999999999996,0.6384992599487305
"1,1,0,0,1,0,0,1,1,0,1,1,0,1,1,0,1,0,0,0,1",0.448,0.85,0.5485,0.45806451612903226,0.568,0.5071428571428571,0.44799999999999995,0.6612024307250977
"1,1,0,0,1,1,1,0,0,0,1,1,1,1,0,0,1,1,0,0,0",0.468,0.79,0.5485,0.4764705882352941,0.648,0.5491525423728814,0.46799999999999997,0.5642483234405518
"0,1,1,0,1,1,0,1,1,1,1,0,1,0,0,0,1,1,1,0,0",0.458,0.82,0.5485,0.42857142857142855,0.252,0.31738035264483627,0.458,0.5834000110626221
"1,0,1,1,1,1,0,0,1,1,0,0,1,0,0,1,0,1,1,1,0",0.464,0.8,0.548,0.4563106796116505,0.376,0.41228070175438597,0.464,0.6010239124298096
"0,0,1,0,0,1,1,1,0,1,0,1,0,1,0,1,0,0,1,1,0",0.464,0.8,0.548,0.455,0.364,0.40444444444444444,0.46399999999999997,0.5628335475921631
"0,0,1,0,1,1,1,1,1,0,0,0,0,0,1,1,1,0,0,1,1",0.424,0.92,0.548,0.38953488372093026,0.268,0.3175355450236967,0.424,0.6790614128112793
"0,1,0,1,0,0,0,0,0,0,1,1,1,0,0,1,0,1,1,1,1",0.474,0.77,0.548,0.4752851711026616,0.5,0.4873294346978557,0.474,0.6518080234527588
"1,0,1,1,0,1,1,0,1,1,0,1,0,0,0,1,0,0,0,0,1",0.47,0.78,0.5475000000000001,0.46511627906976744,0.4,0.43010752688172044,0.47000000000000003,0.571601390838623
"1,1,0,0,0,1,0,1,0,1,1,1,0,0,1,0,1,1,0,0,0",0.47,0.78,0.5475,0.4626865671641791,0.372,0.4124168514412417,0.47,0.5713529586791992
"0,0,0,1,0,0,0,0,1,1,1,0,0,0,1,1,1,0,1,0,0",0.46,0.81,0.5475,0.4056603773584906,0.172,0.24157303370786518,0.45999999999999996,0.5686643123626709
"0,0,1,1,1,0,0,0,1,0,1,0,1,0,0,0,1,0,0,0,0",0.46,0.81,0.5475,0.4382716049382716,0.284,0.3446601941747573,0.45999999999999996,0.5421853065490723
"0,0,0,0,1,0,0,0,1,1,1,1,0,0,1,0,0,0,1,0,0",0.46,0.81,0.5475,0.4056603773584906,0.172,0.24157303370786518,0.45999999999999996,0.5572948455810547
"0,1,1,0,1,0,0,0,0,0,0,0,0,1,0,0,0,0,0,1,0",0.46,0.81,0.5475,0.4382716049382716,0.284,0.3446601941747573,0.45999999999999996,0.5757155418395996
"0,0,1,1,1,0,0,0,1,1,1,1,1,1,0,1,0,0,1,0,0",0.46,0.81,0.5475,0.4382716049382716,0.284,0.3446601941747573,0.45999999999999996,0.5330164432525635
"0,0,1,0,0,1,1,0,1,0,0,0,0,1,1,1,0,0,0,1,0",0.436,0.88,0.547,0.43846153846153846,0.456,0.4470588235294118,0.436,0.6544649600982666
"1,1,1,1,1,1,0,1,1,0,0,1,1,0,0,1,0,1,0,0,1",0.456,0.82,0.547,0.46308724832214765,0.552,0.5036496350364964,0.456,0.5749075412750244
"0,1,0,1,1,0,1,0,0,1,1,1,1,0,0,1,0,1,0,0,1",0.436,0.88,0.547,0.43846153846153846,0.456,0.4470588235294118,0.436,0.6245923042297363
"1,1,0,1,0,1,0,1,0,0,1,0,0,0,1,1,1,0,0,0,1",0.476,0.76,0.5469999999999999,0.47029702970297027,0.38,0.42035398230088494,0.476,0.6148016452789307
"0,1,1,0,1,0,1,1,0,1,0,0,0,0,0,1,0,1,0,1,1",0.446,0.85,0.5469999999999999,0.4293193717277487,0.328,0.37188208616780044,0.44599999999999995,0.5995814800262451
"0,1,0,1,0,1,0,0,1,0,0,0,1,1,1,0,0,0,1,0,1",0.466,0.79,0.5469999999999999,0.44654088050314467,0.284,0.3471882640586797,0.46599999999999997,0.6233594417572021
"1,0,1,0,0,1,0,1,1,1,0,0,0,1,0,0,1,1,0,0,0",0.486,0.73,0.5469999999999999,0.4748201438848921,0.264,0.3393316195372751,0.486,0.6310906410217285
"1,0,1,0,1,1,1,1,0,0,1,0,0,0,0,1,1,0,0,0,1",0.476,0.76,0.5469999999999999,0.4797297297297297,0.568,0.5201465201465202,0.476,0.5753686428070068
"0,1,1,0,0,1,1,0,0,0,0,1,1,0,1,1,1,0,0,1,0",0.432,0.89,0.5465,0.419811320754717,0.356,0.3852813852813853,0.432,0.6550536155700684
"1,1,0,0,0,0,0,0,0,0,0,0,1,1,1,0,0,1,0,1,1",0.458,0.81,0.546,0.4560669456066946,0.436,0.4458077709611452,0.45799999999999996,0.6329874992370605
"0,1,1,1,0,0,1,1,1,1,0,1,1,1,1,0,0,1,1,1,0",0.438,0.87,0.5459999999999999,0.4520123839009288,0.584,0.5095986038394416,0.43799999999999994,0.6024799346923828
"0,1,1,0,0,0,1,0,1,1,0,0,0,1,0,0,0,0,1,1,0",0.494,0.7,0.5455,0.4952076677316294,0.62,0.5506216696269982,0.494,0.5600442886352539
"1,0,0,0,0,0,1,1,0,0,1,0,0,1,0,0,1,0,1,0,1",0.444,0.85,0.5455,0.43805309734513276,0.396,0.41596638655462187,0.444,0.60196852684021
"0,1,0,0,1,0,1,1,0,0,0,1,1,1,1,1,0,0,0,1,1",0.414,0.94,0.5455,0.4100418410041841,0.392,0.40081799591002043,0.41400000000000003,0.5973186492919922
"1,0,1,0,0,0,0,1,0,0,1,0,0,1,0,1,0,1,1,0,0",0.484,0.73,0.5455,0.47333333333333333,0.284,0.355,0.484,0.6077203750610352
"0,0,0,1,0,1,0,1,1,1,0,0,1,0,1,1,0,0,0,0,0",0.454,0.82,0.5455,0.45064377682403434,0.42,0.43478260869565216,0.45399999999999996,0.5616748332977295
"1,1,1,0,1,1,1,1,1,0,0,1,0,1,1,1,1,0,1,1,0",0.464,0.79,0.5455,0.4707792207792208,0.58,0.5197132616487455,0.46399999999999997,0.6203639507293701
"0,1,0,0,1,0,0,0,0,0,1,1,1,0,1,0,1,1,0,1,1",0.46,0.8,0.545,0.4714285714285714,0.66,0.55,0.46,0.6304476261138916
"1,1,0,1,0,1,1,0,0,1,1,1,1,0,1,0,1,0,0,0,0",0.49,0.71,0.5449999999999999,0.4899598393574297,0.488,0.48897795591182364,0.49,0.5530030727386475
"1,1,1,0,0,1,1,1,0,0,1,0,1,1,1,0,1,0,1,0,0",0.49,0.71,0.5449999999999999,0.4899598393574297,0.488,0.48897795591182364,0.49,0.5740158557891846
"0,1,1,0,0,0,0,0,0,1,0,0,0,1,0,1,1,1,1,1,0",0.46,0.8,0.5449999999999999,0.4444444444444444,0.32,0.37209302325581395,0.45999999999999996,0.581087589263916
"1,1,0,0,1,0,0,0,0,0,0,1,1,1,1,0,1,0,0,1,0",0.46,0.8,0.5449999999999999,0.4444444444444444,0.32,0.37209302325581395,0.45999999999999996,0.588759183883667
"0,0,0,1,0,0,0,0,0,0,0,1,1,1,0,1,1,1,0,1,1",0.43,0.89,0.5449999999999999,0.42971887550200805,0.428,0.4288577154308617,0.43,0.6336832046508789
"0,1,0,1,0,1,1,1,1,0,0,1,1,0,1,1,0,0,0,1,0",0.436,0.87,0.5445,0.4223300970873786,0.348,0.3815789473684211,0.436,0.6146059036254883
"1,0,0,1,0,0,0,1,1,1,0,0,0,1,1,0,0,1,0,1,0",0.436,0.87,0.5445,0.4393939393939394,0.464,0.45136186770428016,0.436,0.6141526699066162
"0,0,1,1,1,0,0,0,1,0,0,1,0,0,0,1,0,0,1,1,0",0.432,0.88,0.544,0.42272727272727273,0.372,0.39574468085106385,0.432,0.5861964225769043
"0,0,1,0,1,0,0,0,0,0,0,0,1,0,0,0,1,0,1,1,1",0.442,0.85,0.544,0.4448669201520912,0.468,0.45614035087719296,0.442,0.6548182964324951
"0,1,0,1,0,1,1,1,0,0,1,0,0,0,0,0,1,0,0,1,1",0.442,0.85,0.544,0.43317972350230416,0.376,0.4025695931477516,0.442,0.6204328536987305
"1,1,1,0,0,1,0,1,1,1,0,0,0,0,1,1,0,0,0,1,1",0.458,0.8,0.5435000000000001,0.4520547945205479,0.396,0.4221748400852878,0.458,0.6557462215423584
"1,0,0,0,0,1,0,1,1,0,1,0,1,0,1,0,0,1,0,1,0",0.468,0.77,0.5435000000000001,0.47278911564625853,0.556,0.5110294117647058,0.468,0.5985093116760254
"0,0,0,1,0,1,1,0,0,0,1,0,0,0,0,1,1,0,1,0,1",0.438,0.86,0.5435,0.4456140350877193,0.508,0.4747663551401869,0.438,0.6426587104797363
"1,1,0,0,1,1,0,1,0,1,1,1,0,0,1,0,1,1,1,0,1",0.438,0.86,0.5435,0.4495114006514658,0.552,0.4955116696588869,0.43800000000000006,0.5927700996398926
"0,1,0,0,0,0,0,1,0,0,1,1,1,1,1,1,1,1,0,0,0",0.448,0.83,0.5435,0.43010752688172044,0.32,0.3669724770642202,0.44799999999999995,0.6656458377838135
"1,0,0,0,1,1,1,1,0,0,0,1,0,0,0,0,0,0,0,1,1",0.474,0.75,0.543,0.47735191637630664,0.548,0.5102420856610801,0.47400000000000003,0.601966381072998
"1,1,0,1,1,0,0,1,1,0,0,1,0,1,0,0,1,0,0,0,1",0.464,0.78,0.543,0.4697986577181208,0.56,0.5109489051094891,0.464,0.6412107944488525
"1,1,1,0,0,0,1,1,0,0,1,0,1,0,0,1,0,0,1,0,0",0.47,0.76,0.5425,0.4675324675324675,0.432,0.4490644490644491,0.47,0.5657923221588135
"1,1,0,0,1,1,1,1,0,1,1,0,0,1,0,0,1,1,0,1,1",0.456,0.8,0.542,0.4607142857142857,0.516,0.4867924528301887,0.456,0.6834800243377686
"1,0,0,1,1,1,1,1,1,1,0,0,1,1,0,0,0,0,1,1,1",0.476,0.74,0.542,0.47058823529411764,0.384,0.42290748898678415,0.476,0.6612133979797363
"0,0,0,0,1,0,0,0,1,0,1,1,0,0,0,0,0,0,1,1,1",0.436,0.86,0.5419999999999999,0.4111111111111111,0.296,0.3441860465116279,0.4359999999999999,0.629925012588501
"0,1,0,1,0,0,1,1,0,1,1,1,0,0,0,1,0,1,0,1,1",0.436,0.86,0.5419999999999999,0.45,0.576,0.5052631578947369,0.43599999999999994,0.6084532737731934
"1,1,0,0,0,1,1,1,0,1,0,0,0,0,1,1,1,0,1,1,0",0.462,0.78,0.5415000000000001,0.4370860927152318,0.264,0.32917705735660846,0.462,0.587193489074707
"0,0,1,0,0,1,1,0,0,0,1,1,1,0,1,1,0,0,1,0,0",0.442,0.84,0.5415,0.43776824034334766,0.408,0.422360248447205,0.44199999999999995,0.5700254440307617
"1,1,0,0,1,1,0,1,1,0,1,0,1,1,1,1,0,0,0,1,0",0.452,0.81,0.5415,0.4491525423728814,0.424,0.43621399176954734,0.45199999999999996,0.6128623485565186
"0,0,0,0,1,1,1,1,0,0,1,0,0,0,1,0,1,0,0,0,0",0.442,0.84,0.5415,0.43776824034334766,0.408,0.422360248447205,0.44199999999999995,0.5584878921508789
"0,0,0,0,1,0,1,1,0,1,1,1,0,1,1,1,1,1,1,1,0",0.452,0.81,0.5415,0.4318181818181818,0.304,0.3568075117370892,0.45199999999999996,0.6047637462615967
"0,1,1,1,0,0,1,1,0,1,0,0,0,0,1,1,0,0,0,0,1",0.428,0.88,0.541,0.42857142857142855,0.432,0.4302788844621514,0.428,0.6062424182891846
"0,1,0,1,0,0,1,0,0,0,1,1,1,0,0,0,1,0,1,0,1",0.448,0.82,0.5409999999999999,0.45962732919254656,0.592,0.5174825174825175,0.44799999999999995,0.6170876026153564
"0,1,0,0,0,0,1,1,0,1,0,1,0,1,1,1,1,0,0,1,0",0.424,0.89,0.5405,0.42578125,0.436,0.4308300395256917,0.424,0.5829489231109619
"1,0,0,0,1,1,1,1,0,0,1,1,1,1,0,0,1,1,0,1,1",0.474,0.74,0.5405,0.46733668341708545,0.372,0.4142538975501114,0.474,0.6330578327178955
"1,1,0,0,1,0,1,1,1,0,0,1,0,0,0,0,1,0,1,1,0",0.48,0.72,0.54,0.4780701754385965,0.436,0.4560669456066946,0.48,0.5739274024963379
"1,1,1,1,1,0,1,1,1,1,0,0,0,0,1,1,0,1,0,0,1",0.45,0.81,0.54,0.4497991967871486,0.448,0.44889779559118237,0.45,0.6089375019073486
"1,0,1,0,1,1,1,0,1,0,1,0,0,1,0,1,0,1,1,1,0",0.47,0.75,0.54,0.4721189591078067,0.508,0.48940269749518306,0.47,0.5796518325805664
"1,0,1,1,0,1,1,0,1,0,0,0,1,0,0,1,1,1,0,0,1",0.45,0.81,0.54,0.42424242424242425,0.28,0.3373493975903614,0.45,0.5633707046508789
"1,0,0,1,1,0,1,0,0,0,0,1,1,0,1,0,1,1,0,0,1",0.46,0.78,0.54,0.4523809523809524,0.38,0.41304347826086957,0.46,0.6321225166320801
"0,1,0,0,1,1,0,1,0,0,0,0,0,1,1,0,0,1,0,0,1",0.44,0.84,0.5399999999999999,0.41935483870967744,0.312,0.3577981651376147,0.43999999999999995,0.6124496459960938
"0,0,1,0,1,0,1,0,1,1,0,0,0,0,0,1,1,1,0,0,1",0.426,0.88,0.5395,0.436426116838488,0.508,0.4695009242144177,0.426,0.6187622547149658
"1,1,1,0,0,1,0,0,0,0,0,0,1,0,1,1,0,1,0,0,1",0.426,0.88,0.5395,0.4307116104868914,0.46,0.4448742746615087,0.42600000000000005,0.6142475605010986
"1,1,1,0,0,1,0,0,1,1,1,0,1,0,1,1,0,0,0,0,0",0.466,0.76,0.5395,0.466403162055336,0.472,0.4691848906560636,0.46599999999999997,0.5935406684875488
"1,1,0,0,1,1,0,0,0,0,1,1,0,1,1,1,0,0,1,0,0",0.466,0.76,0.5395,0.466403162055336,0.472,0.4691848906560636,0.46599999999999997,0.5968594551086426
"0,0,1,1,1,1,0,0,0,1,0,0,0,0,0,0,0,1,1,1,0",0.466,0.76,0.5395,0.466403162055336,0.472,0.4691848906560636,0.46599999999999997,0.6061577796936035
"0,0,1,0,1,0,0,1,0,0,1,0,1,1,1,1,0,0,0,0,1",0.442,0.83,0.539,0.45182724252491696,0.544,0.49364791288566245,0.44200000000000006,0.6390595436096191
"1,1,1,0,0,1,0,0,0,0,1,0,1,1,0,0,1,1,1,1,1",0.452,0.8,0.539,0.441747572815534,0.364,0.3991228070175439,0.452,0.634023904800415
"1,1,0,0,0,1,1,0,0,1,0,1,1,1,1,1,0,0,0,0,1",0.458,0.78,0.5385,0.4339622641509434,0.276,0.3374083129584352,0.458,0.6240482330322266
"0,1,1,0,1,1,0,0,1,0,1,1,1,0,0,1,0,0,0,0,1",0.438,0.84,0.5385,0.38686131386861317,0.212,0.2739018087855297,0.438,0.565199613571167
"1,0,1,1,0,1,1,1,0,1,1,1,1,1,1,1,0,1,1,0,0",0.464,0.76,0.538,0.46017699115044247,0.416,0.4369747899159664,0.46399999999999997,0.6275300979614258
"1,0,1,1,0,1,1,1,1,1,1,1,0,0,1,1,0,1,0,0,0",0.464,0.76,0.538,0.46017699115044247,0.416,0.4369747899159664,0.46399999999999997,0.5860261917114258
"1,0,1,1,1,0,1,1,1,0,1,1,0,1,1,0,1,1,1,1,0",0.44,0.83,0.5375000000000001,0.4409448818897638,0.448,0.4444444444444444,0.44,0.6032359600067139
"1,1,0,0,0,1,1,1,1,0,1,0,1,0,0,1,1,1,1,1,1",0.46,0.77,0.5375,0.4382716049382716,0.284,0.3446601941747573,0.4599999999999999,0.6515657901763916
"1,0,1,1,1,0,1,1,1,0,0,1,1,1,1,0,1,1,0,0,1",0.45,0.8,0.5375,0.45387453874538747,0.492,0.472168905950096,0.44999999999999996,0.6100747585296631
"0,1,1,0,0,0,0,1,1,1,1,0,1,0,0,0,0,0,1,0,1",0.416,0.9,0.537,0.4110169491525424,0.388,0.3991769547325103,0.41600000000000004,0.622917890548706
"0,0,1,1,1,1,1,1,0,1,1,0,0,1,0,0,1,0,1,0,1",0.426,0.87,0.537,0.3609022556390977,0.192,0.2506527415143603,0.42600000000000005,0.6516175270080566
"1,0,1,0,1,1,0,0,0,0,1,1,1,1,0,1,0,0,0,0,0",0.466,0.75,0.5369999999999999,0.46530612244897956,0.456,0.46060606060606063,0.46599999999999997,0.5687520503997803
"1,1,1,0,0,1,0,1,1,1,1,0,1,1,0,0,1,0,1,0,0",0.466,0.75,0.5369999999999999,0.46530612244897956,0.456,0.46060606060606063,0.46599999999999997,0.5729537010192871
"1,1,0,1,1,0,0,0,0,0,0,1,0,1,1,0,0,0,0,1,0",0.456,0.78,0.5369999999999999,0.4166666666666667,0.22,0.2879581151832461,0.45599999999999996,0.6172637939453125
"0,0,0,1,1,1,0,0,0,1,0,1,0,1,0,0,0,1,0,0,0",0.442,0.82,0.5365,0.444015444015444,0.46,0.4518664047151277,0.442,0.5494401454925537
"0,1,0,0,1,0,0,1,1,1,0,1,1,1,1,1,0,1,1,0,0",0.438,0.83,0.536,0.43171806167400884,0.392,0.4109014675052411,0.438,0.6067473888397217
"1,1,0,1,0,0,0,1,1,1,0,1,1,0,0,0,0,0,1,0,1",0.448,0.8,0.536,0.4409090909090909,0.388,0.4127659574468085,0.448,0.6317343711853027
"0,0,0,1,1,1,1,1,0,0,0,1,0,1,0,1,1,1,1,0,0",0.438,0.83,0.536,0.43775100401606426,0.436,0.43687374749499,0.438,0.5936880111694336
"0,1,0,1,0,0,1,0,1,1,0,1,0,0,1,0,1,1,0,0,1",0.434,0.84,0.5355,0.43911439114391143,0.476,0.45681381957773515,0.434,0.5942497253417969
"0,1,0,1,1,1,1,0,0,0,1,1,0,0,0,0,1,0,1,1,0",0.444,0.81,0.5355,0.38333333333333336,0.184,0.24864864864864866,0.44399999999999995,0.6017379760742188
"1,1,1,1,1,0,1,1,1,0,1,1,1,0,0,1,1,1,1,0,1",0.434,0.84,0.5355,0.4377358490566038,0.464,0.45048543689320386,0.43400000000000005,0.6617157459259033
"0,1,0,1,1,1,0,1,0,1,0,0,1,0,1,0,1,1,1,0,1",0.43,0.85,0.535,0.4279835390946502,0.416,0.42190669371196754,0.43,0.6325376033782959
"1,0,0,1,0,1,1,1,1,1,0,0,0,0,0,0,0,0,1,0,1",0.47,0.73,0.5349999999999999,0.4619289340101523,0.364,0.407158836689038,0.47,0.6219296455383301
"1,1,0,1,0,1,0,1,0,0,1,0,1,0,1,1,0,1,1,0,1",0.43,0.85,0.5349999999999999,0.4022346368715084,0.288,0.3356643356643357,0.42999999999999994,0.6102914810180664
"1,0,1,1,1,0,1,1,1,1,1,1,1,0,1,1,0,0,1,1,0",0.436,0.83,0.5345,0.45180722891566266,0.6,0.5154639175257731,0.436,0.6160712242126465
"0,1,1,0,0,0,1,1,0,1,0,0,0,0,0,1,0,1,1,1,1",0.432,0.84,0.534,0.4105263157894737,0.312,0.3545454545454545,0.432,0.6197860240936279
"1,0,0,1,0,1,1,1,1,0,1,1,0,0,1,0,1,0,0,0,1",0.452,0.78,0.534,0.43023255813953487,0.296,0.35071090047393366,0.45199999999999996,0.6761910915374756
"1,0,0,0,0,1,1,1,1,1,1,1,0,0,0,1,1,0,1,1,1",0.442,0.81,0.534,0.44876325088339225,0.508,0.47654784240150094,0.442,0.6339805126190186
"0,0,1,1,0,1,1,1,1,0,0,1,0,1,0,1,1,1,0,1,0",0.408,0.91,0.5335000000000001,0.41785714285714287,0.468,0.44150943396226416,0.40800000000000003,0.6163487434387207
"0,0,1,1,0,1,0,1,1,1,0,0,1,0,1,1,1,0,1,1,1",0.428,0.85,0.5335,0.4262295081967213,0.416,0.42105263157894735,0.428,0.6226396560668945
"0,0,0,1,1,0,1,0,0,0,0,0,1,1,1,0,1,0,1,0,0",0.448,0.79,0.5335,0.45185185185185184,0.488,0.46923076923076923,0.44799999999999995,0.5336170196533203
"0,1,0,0,0,1,0,1,1,1,1,0,0,1,0,0,1,0,0,0,0",0.448,0.79,0.5335,0.4322916666666667,0.332,0.3755656108597285,0.44799999999999995,0.5829191207885742
"0,1,0,0,1,1,0,0,1,1,0,1,0,1,1,1,0,0,1,0,1",0.434,0.83,0.533,0.41624365482233505,0.328,0.3668903803131991,0.43400000000000005,0.6671910285949707
"1,0,1,1,1,0,0,1,1,1,0,1,0,1,0,1,1,0,1,1,0",0.43,0.84,0.5325,0.42738589211618255,0.412,0.4195519348268839,0.43,0.6125142574310303
"1,0,0,0,0,0,1,0,1,1,1,1,1,0,1,0,1,0,1,1,1",0.442,0.8,0.5315,0.4207650273224044,0.308,0.3556581986143187,0.44199999999999995,0.6579442024230957
"0,1,0,0,1,0,0,0,0,1,0,0,1,1,0,0,1,0,0,1,0",0.448,0.78,0.531,0.4424778761061947,0.4,0.42016806722689076,0.448,0.5897364616394043
"0,1,0,0,1,1,1,1,0,0,1,0,1,0,0,1,1,0,0,1,0",0.428,0.84,0.531,0.4262295081967213,0.416,0.42105263157894735,0.428,0.5795753002166748
"0,1,1,0,1,0,0,1,0,0,1,0,1,1,0,0,1,1,1,0,1",0.408,0.9,0.531,0.41015625,0.42,0.4150197628458498,0.40800000000000003,0.6900808811187744
"0,1,0,0,0,0,0,1,0,0,0,1,1,0,0,0,1,0,1,1,0",0.448,0.78,0.531,0.4424778761061947,0.4,0.42016806722689076,0.448,0.5594022274017334
"0,0,0,0,0,0,1,0,0,0,1,0,1,1,1,1,1,0,1,1,0",0.444,0.79,0.5305000000000001,0.45454545454545453,0.56,0.5017921146953405,0.44400000000000006,0.6024401187896729
"0,1,1,0,1,1,0,1,1,1,1,0,0,1,0,0,0,0,0,0,1",0.414,0.88,0.5305,0.34532374100719426,0.192,0.2467866323907455,0.41400000000000003,0.5916996002197266
"0,1,0,1,1,1,0,0,1,1,1,0,0,1,0,0,0,0,0,0,1",0.414,0.88,0.5305,0.34532374100719426,0.192,0.2467866323907455,0.41400000000000003,0.6508979797363281
"0,1,0,0,0,1,1,1,1,1,0,0,0,1,0,1,0,1,1,1,1",0.416,0.87,0.5295000000000001,0.4,0.336,0.3652173913043478,0.41600000000000004,0.6651957035064697
"1,1,1,0,0,0,0,1,1,1,1,1,1,1,0,0,0,1,1,0,1",0.416,0.87,0.5295000000000001,0.42905405405405406,0.508,0.4652014652014652,0.41600000000000004,0.6428818702697754
"0,1,1,0,0,1,0,0,1,0,0,1,1,0,0,1,1,0,0,0,0",0.486,0.66,0.5295,0.48616600790513836,0.492,0.48906560636182905,0.486,0.5608282089233398
"1,0,1,1,0,1,1,0,0,0,0,0,0,1,0,1,1,0,0,0,0",0.466,0.72,0.5295,0.4519774011299435,0.32,0.3747072599531616,0.46599999999999997,0.5680403709411621
"1,1,0,1,0,1,0,1,0,1,0,0,1,1,0,1,0,0,0,0,0",0.466,0.72,0.5295,0.4519774011299435,0.32,0.3747072599531616,0.46599999999999997,0.6062891483306885
"0,0,1,1,0,1,1,0,0,1,0,1,1,1,0,0,1,0,0,0,0",0.486,0.66,0.5295,0.48616600790513836,0.492,0.48906560636182905,0.486,0.5333635807037354
"0,0,0,0,0,0,0,0,1,1,1,0,0,1,0,1,1,0,1,0,0",0.486,0.66,0.5295,0.48616600790513836,0.492,0.48906560636182905,0.486,0.5234014987945557
"0,1,0,1,1,1,0,1,1,0,0,0,1,1,0,1,0,0,1,0,0",0.466,0.72,0.5295,0.4519774011299435,0.32,0.3747072599531616,0.46599999999999997,0.5339961051940918
"0,0,1,1,0,1,0,0,0,0,0,1,1,0,0,1,0,0,1,0,0",0.486,0.66,0.5295,0.48616600790513836,0.492,0.48906560636182905,0.486,0.5197069644927979
"0,0,0,1,1,1,1,0,0,1,0,0,0,1,0,0,1,0,0,0,0",0.486,0.66,0.5295,0.48616600790513836,0.492,0.48906560636182905,0.486,0.5372703075408936
"1,0,0,0,1,1,0,0,0,1,0,1,1,0,0,0,1,0,0,0,0",0.486,0.66,0.5295,0.48616600790513836,0.492,0.48906560636182905,0.486,0.5593032836914062
"0,0,0,1,1,1,1,0,0,1,0,0,0,1,0,1,0,0,0,0,0",0.486,0.66,0.5295,0.48616600790513836,0.492,0.48906560636182905,0.486,0.5531480312347412
"1,1,1,0,0,1,0,1,0,0,0,0,1,1,0,1,0,0,0,0,0",0.466,0.72,0.5295,0.4519774011299435,0.32,0.3747072599531616,0.46599999999999997,0.5616464614868164
"1,1,0,1,0,1,0,1,1,1,0,0,1,0,0,0,0,0,1,0,0",0.466,0.72,0.5295,0.4519774011299435,0.32,0.3747072599531616,0.46599999999999997,0.5852606296539307
"1,0,1,0,0,1,0,1,1,0,0,1,1,1,0,0,0,0,0,0,0",0.486,0.66,0.5295,0.48616600790513836,0.492,0.48906560636182905,0.486,0.5331466197967529
"0,0,1,0,1,1,0,0,0,0,0,1,1,0,0,0,0,0,0,0,1",0.468,0.71,0.5285,0.4726027397260274,0.552,0.5092250922509225,0.468,0.6053247451782227
"1,1,0,0,0,1,0,0,0,0,0,0,1,0,1,1,1,0,0,0,0",0.468,0.71,0.5285,0.4726027397260274,0.552,0.5092250922509225,0.468,0.5673763751983643
"0,1,0,0,1,1,0,0,0,0,0,1,1,1,1,1,0,1,1,1,0",0.438,0.8,0.5285,0.43231441048034935,0.396,0.4133611691022965,0.438,0.564547061920166
"0,1,0,0,1,1,1,1,0,1,0,1,0,0,0,1,0,0,0,1,0",0.414,0.87,0.528,0.3850267379679144,0.288,0.3295194508009153,0.41400000000000003,0.5797021389007568
"1,0,0,1,0,0,1,1,0,0,0,0,0,1,1,1,1,1,0,1,1",0.424,0.84,0.528,0.4291044776119403,0.46,0.444015444015444,0.42400000000000004,0.5963284969329834
"0,0,1,1,0,1,1,1,0,0,0,1,0,1,0,1,1,1,0,0,1",0.404,0.9,0.528,0.3867924528301887,0.328,0.354978354978355,0.404,0.6068246364593506
"0,0,1,0,1,0,1,0,1,1,0,0,0,0,0,1,0,1,0,1,1",0.41,0.88,0.5275,0.41312741312741313,0.428,0.4204322200392927,0.41000000000000003,0.6041572093963623
"0,1,0,1,1,1,1,0,1,1,1,1,1,0,0,0,0,0,0,0,0",0.436,0.8,0.527,0.32978723404255317,0.124,0.18023255813953487,0.436,0.544217586517334
"1,0,0,0,1,0,1,1,1,1,0,0,1,0,0,1,0,0,0,0,1",0.456,0.74,0.527,0.45089285714285715,0.404,0.42616033755274263,0.456,0.6040701866149902
"1,0,1,0,0,1,1,0,1,1,1,0,0,0,1,0,1,0,1,1,1",0.436,0.8,0.5269999999999999,0.4090909090909091,0.288,0.3380281690140845,0.43599999999999994,0.6149487495422363
"1,0,0,1,1,0,1,1,1,1,0,0,1,0,1,0,1,1,1,0,1",0.432,0.81,0.5265000000000001,0.445859872611465,0.56,0.49645390070921985,0.43200000000000005,0.6635520458221436
"1,0,0,1,0,1,0,0,0,0,1,1,0,1,0,0,0,0,0,1,1",0.432,0.81,0.5265000000000001,0.4105263157894737,0.312,0.35454545454545455,0.43200000000000005,0.6382684707641602
"1,0,1,1,0,1,1,1,0,0,1,1,1,1,1,0,1,1,0,0,1",0.452,0.75,0.5265,0.44495412844036697,0.388,0.41452991452991456,0.452,0.6335508823394775
"1,1,1,1,1,1,1,1,1,0,0,0,0,1,0,0,0,1,1,0,1",0.442,0.78,0.5265,0.4621409921671018,0.708,0.5592417061611374,0.44199999999999995,0.6042757034301758
"0,0,1,1,1,0,0,0,1,1,1,1,0,0,1,1,0,0,0,0,1",0.422,0.84,0.5265,0.3803680981595092,0.248,0.30024213075060535,0.422,0.6299827098846436
"1,1,1,0,0,0,1,0,0,1,1,0,1,0,1,0,0,1,1,1,0",0.442,0.78,0.5265,0.4511784511784512,0.536,0.489945155393053,0.442,0.6115500926971436
"0,0,1,0,0,1,0,1,1,0,0,1,0,1,1,0,1,0,0,0,0",0.428,0.82,0.526,0.4090909090909091,0.324,0.36160714285714285,0.42800000000000005,0.5861344337463379
"1,0,1,0,0,1,1,0,0,1,1,0,1,0,1,1,1,0,0,1,0",0.454,0.74,0.5255,0.4350282485875706,0.308,0.36065573770491804,0.45399999999999996,0.6029651165008545
"0,0,0,1,0,0,0,1,1,1,1,0,0,1,0,0,0,1,0,0,1",0.42,0.84,0.525,0.3684210526315789,0.224,0.27860696517412936,0.42,0.6087722778320312
"0,1,1,0,0,0,1,1,0,1,0,0,0,1,0,1,0,1,1,0,1",0.42,0.84,0.525,0.4253731343283582,0.456,0.44015444015444016,0.42000000000000004,0.5993361473083496
"1,1,0,0,0,0,1,0,1,0,0,1,0,1,1,1,0,0,0,1,0",0.46,0.72,0.525,0.46062992125984253,0.468,0.4642857142857143,0.46,0.6118030548095703
"0,0,1,0,1,1,1,0,0,0,0,0,1,0,0,1,0,1,1,0,0",0.45,0.75,0.5249999999999999,0.43455497382198954,0.332,0.3764172335600907,0.44999999999999996,0.5963649749755859
"1,0,1,1,0,1,1,0,1,0,0,0,0,0,0,0,0,1,0,0,0",0.456,0.73,0.5245,0.43125,0.276,0.33658536585365856,0.456,0.5578269958496094
"0,0,0,0,0,0,1,0,1,1,1,0,0,0,0,0,1,0,0,1,0",0.456,0.73,0.5245,0.43125,0.276,0.33658536585365856,0.456,0.5262396335601807
"1,1,1,0,0,1,0,1,1,0,0,0,0,0,1,1,0,0,0,0,0",0.456,0.73,0.5245,0.43125,0.276,0.33658536585365856,0.456,0.5510690212249756
"0,1,0,0,0,1,1,1,0,1,0,0,0,0,0,1,0,1,0,0,1",0.408,0.87,0.5235000000000001,0.3925233644859813,0.336,0.3620689655172414,0.40800000000000003,0.5878748893737793
"1,1,0,0,0,1,1,1,0,1,0,0,0,0,1,1,1,1,0,1,1",0.458,0.72,0.5235000000000001,0.42953020134228187,0.256,0.3208020050125313,0.458,0.6437475681304932
"0,0,1,0,0,1,1,1,0,1,0,0,0,0,1,1,0,0,0,0,1",0.408,0.87,0.5235000000000001,0.3925233644859813,0.336,0.3620689655172414,0.40800000000000003,0.595268964767456
"0,0,0,0,1,0,1,1,1,0,0,1,0,1,0,0,0,0,1,1,0",0.454,0.73,0.5229999999999999,0.4648318042813456,0.608,0.5268630849220104,0.45399999999999996,0.63057541847229
"1,0,0,1,0,0,1,1,0,1,0,0,0,0,0,0,0,0,1,1,1",0.45,0.74,0.5225,0.42138364779874216,0.268,0.3276283618581907,0.45,0.6440072059631348
"1,0,1,1,1,0,1,0,1,1,1,1,1,1,1,0,1,1,1,0,0",0.43,0.8,0.5225,0.42738589211618255,0.412,0.4195519348268839,0.43,0.5735297203063965
"0,1,1,0,1,0,0,1,0,0,1,0,1,1,0,1,1,1,0,0,1",0.406,0.87,0.522,0.4214046822742475,0.504,0.45901639344262296,0.406,0.6210484504699707
"0,1,0,0,0,1,0,0,0,0,0,0,1,0,1,1,1,0,1,1,0",0.422,0.82,0.5215000000000001,0.41409691629955947,0.376,0.3941299790356394,0.42200000000000004,0.6103694438934326
"0,1,0,0,0,1,1,1,1,0,0,1,0,0,0,1,0,0,1,0,0",0.464,0.69,0.5205,0.47115384615384615,0.588,0.5231316725978647,0.46399999999999997,0.5497627258300781
"0,0,1,0,0,1,0,0,0,1,0,0,1,1,0,1,0,0,0,0,0",0.464,0.69,0.5205,0.47115384615384615,0.588,0.5231316725978647,0.46399999999999997,0.5234906673431396
"0,1,0,0,0,1,1,1,1,0,0,0,0,0,0,1,1,0,0,0,0",0.464,0.69,0.5205,0.4711538461538461,0.588,0.5231316725978647,0.4639999999999999,0.5577127933502197
"0,0,0,0,1,1,0,1,0,0,0,0,1,1,0,0,1,0,1,0,0",0.464,0.69,0.5205,0.47115384615384615,0.588,0.5231316725978647,0.46399999999999997,0.5379607677459717
"0,0,1,0,0,1,1,1,1,0,1,0,1,0,0,0,1,0,0,0,1",0.41,0.85,0.52,0.38578680203045684,0.304,0.3400447427293065,0.41000000000000003,0.6090312004089355
"1,0,1,0,0,0,1,1,1,1,0,0,0,1,0,0,1,1,0,1,0",0.438,0.76,0.5185,0.44150943396226416,0.468,0.45436893203883494,0.438,0.6149497032165527
"0,1,0,0,0,0,0,1,0,1,1,1,1,1,0,1,0,1,0,1,1",0.414,0.83,0.518,0.38974358974358975,0.304,0.3415730337078652,0.41400000000000003,0.6768646240234375
"0,0,1,1,1,1,1,1,1,1,0,0,1,1,0,1,1,0,1,1,1",0.404,0.86,0.518,0.35185185185185186,0.228,0.2766990291262136,0.40399999999999997,0.6286149024963379
"1,0,0,1,1,1,1,1,1,0,0,0,1,0,0,0,0,1,1,1,0",0.456,0.7,0.5169999999999999,0.44329896907216493,0.344,0.38738738738738737,0.45599999999999996,0.6289331912994385
"0,0,1,0,1,1,1,0,0,1,0,1,0,0,0,0,1,1,0,1,0",0.4,0.86,0.515,0.40808823529411764,0.444,0.42528735632183906,0.4,0.6706480979919434
"0,1,1,1,1,0,0,0,1,0,0,0,1,0,1,1,1,1,0,0,1",0.404,0.84,0.513,0.41724137931034483,0.484,0.44814814814814813,0.404,0.6005473136901855
"1,1,1,1,0,0,1,1,0,0,0,0,1,1,1,1,0,1,1,0,1",0.404,0.84,0.513,0.4215686274509804,0.516,0.46402877697841727,0.404,0.6020333766937256
"1,0,0,0,0,1,0,0,1,0,0,1,0,1,0,1,1,0,0,1,0",0.4,0.85,0.5125000000000001,0.4228395061728395,0.548,0.47735191637630664,0.4,0.6784312725067139
"1,0,0,1,1,0,1,1,1,0,0,0,1,0,1,0,1,1,1,0,0",0.424,0.77,0.5105,0.41517857142857145,0.372,0.3924050632911392,0.424,0.6307518482208252
"0,0,1,0,0,0,1,0,0,1,1,0,1,0,0,0,0,0,1,0,0",0.462,0.65,0.509,0.39080459770114945,0.136,0.20178041543026706,0.462,0.5318150520324707
"1,1,0,1,1,0,0,1,0,0,1,1,1,1,0,1,0,1,0,0,0",0.398,0.84,0.5085,0.39920948616600793,0.404,0.40159045725646125,0.398,0.6066019535064697
"0,0,0,0,0,0,0,1,0,1,0,1,1,1,0,0,0,0,1,1,1",0.41,0.8,0.5075000000000001,0.4074074074074074,0.396,0.40162271805273836,0.41000000000000003,0.5874543190002441
"0,0,1,0,0,1,0,1,0,1,1,0,0,1,0,1,0,0,0,1,1",0.39,0.86,0.5075,0.3799126637554585,0.348,0.36325678496868474,0.39,0.6392745971679688
"0,0,1,0,1,0,1,1,1,1,0,0,0,1,1,0,0,0,0,1,0",0.432,0.73,0.5065,0.4205607476635514,0.36,0.3879310344827586,0.432,0.55592942237854
"1,0,1,1,0,0,1,0,0,1,1,0,1,1,0,1,1,0,1,0,0",0.418,0.77,0.506,0.4259927797833935,0.472,0.4478178368121442,0.418,0.5490303039550781
"1,1,1,1,0,0,1,0,0,1,1,0,1,0,0,0,0,0,0,0,0",0.418,0.77,0.506,0.4259927797833935,0.472,0.4478178368121442,0.418,0.5651876926422119
"1,1,1,1,0,0,1,0,0,1,1,1,0,1,0,1,1,0,0,0,0",0.418,0.77,0.506,0.4259927797833935,0.472,0.4478178368121442,0.418,0.544945478439331
"1,0,0,0,1,0,1,1,1,1,1,0,1,1,0,1,1,0,0,0,0",0.418,0.77,0.506,0.4259927797833935,0.472,0.4478178368121442,0.418,0.5641229152679443
"0,0,1,1,1,0,1,0,1,0,0,0,0,0,0,1,1,1,0,0,1",0.39,0.85,0.505,0.38095238095238093,0.352,0.3659043659043659,0.39,0.6014251708984375
"1,1,0,0,1,1,1,0,1,1,0,0,0,0,0,0,1,1,1,0,0",0.398,0.82,0.5035000000000001,0.33548387096774196,0.208,0.25679012345679014,0.39799999999999996,0.5527980327606201
"1,0,1,0,1,1,1,1,1,0,1,1,1,0,0,1,1,1,0,1,0",0.408,0.79,0.5035000000000001,0.3915094339622642,0.332,0.3593073593073593,0.40800000000000003,0.606276273727417
"1,1,0,0,1,1,1,1,0,1,0,1,0,0,0,0,1,0,1,1,0",0.398,0.82,0.5035000000000001,0.33548387096774196,0.208,0.25679012345679014,0.39799999999999996,0.6008749008178711
"1,1,0,1,1,0,0,1,0,0,1,0,1,1,0,0,1,0,1,1,0",0.4,0.81,0.5025000000000001,0.40875912408759124,0.448,0.42748091603053434,0.4,0.6510891914367676
"0,0,1,0,0,0,1,0,0,1,0,0,0,0,0,1,1,1,0,1,0",0.414,0.76,0.5005,0.4261168384879725,0.496,0.4584103512014787,0.41400000000000003,0.5661172866821289
"1,1,1,0,1,0,1,0,1,1,1,0,0,1,0,0,0,0,0,1,0",0.414,0.76,0.5005,0.4261168384879725,0.496,0.4584103512014787,0.41400000000000003,0.5689787864685059
"1,1,1,1,0,0,1,1,1,1,1,1,0,0,0,1,0,0,0,0,1",0.414,0.76,0.5005,0.4261168384879725,0.496,0.4584103512014787,0.41400000000000003,0.5935845375061035
"1,1,0,0,1,0,0,1,1,0,1,0,0,0,0,0,0,0,0,1,1",0.388,0.83,0.49850000000000005,0.4084967320261438,0.5,0.44964028776978415,0.388,0.5848109722137451
"1,1,0,1,0,1,0,0,0,1,1,1,1,1,1,1,1,1,1,1,1",0.412,0.74,0.49400000000000005,0.38421052631578945,0.292,0.33181818181818185,0.41200000000000003,0.6083519458770752
"0,0,0,0,1,0,0,1,0,1,1,0,0,0,0,1,0,1,1,0,0",0.416,0.72,0.492,0.375,0.252,0.3014354066985646,0.416,0.5493314266204834
"0,0,1,0,1,0,1,0,0,0,0,0,0,0,0,1,1,1,0,1,1",0.39,0.76,0.4825,0.3992673992673993,0.436,0.4168260038240918,0.39,0.6459038257598877
"1,0,1,1,1,0,1,1,0,1,1,0,1,1,1,1,0,1,0,0,0",0.39,0.76,0.4825,0.3992673992673993,0.436,0.4168260038240918,0.39,0.5989227294921875
"1,1,0,0,0,0,0,1,1,0,0,0,0,0,0,0,1,0,0,0,0",0.0,0.0,0.0,0.0,0.0,0.0,0.0,0.0
"0,1,1,0,0,0,1,1,1,1,0,0,0,1,0,0,0,0,0,0,0",0.0,0.0,0.0,0.0,0.0,0.0,0.0,0.0
"0,0,1,1,0,0,0,1,1,1,0,0,0,0,0,1,0,0,1,0,0",0.0,0.0,0.0,0.0,0.0,0.0,0.0,0.0
"1,0,0,1,1,0,1,0,1,0,0,1,1,1,0,1,0,0,1,0,0",0.0,0.0,0.0,0.0,0.0,0.0,0.0,0.0
"1,0,1,1,0,0,1,0,0,0,0,1,0,1,0,0,0,0,0,0,0",0.0,0.0,0.0,0.0,0.0,0.0,0.0,0.0
"1,1,0,0,0,0,1,1,1,1,0,0,1,0,0,0,1,0,1,0,0",0.0,0.0,0.0,0.0,0.0,0.0,0.0,0.0
"0,1,0,1,0,0,1,1,1,1,0,1,1,0,0,0,1,0,0,0,0",0.0,0.0,0.0,0.0,0.0,0.0,0.0,0.0
"0,0,0,1,1,0,0,1,0,1,0,1,0,0,0,1,1,0,0,0,0",0.0,0.0,0.0,0.0,0.0,0.0,0.0,0.0
"1,0,1,1,0,0,0,0,0,1,0,1,1,1,0,0,1,0,1,0,0",0.0,0.0,0.0,0.0,0.0,0.0,0.0,0.0
"1,0,0,0,1,0,1,1,0,1,0,0,1,0,0,1,1,0,1,0,0",0.0,0.0,0.0,0.0,0.0,0.0,0.0,0.0
"0,0,0,1,0,0,1,1,0,1,0,0,0,0,0,1,0,0,1,0,0",0.0,0.0,0.0,0.0,0.0,0.0,0.0,0.0
"1,0,0,1,0,0,0,0,1,0,0,1,1,0,0,1,0,0,1,0,0",0.0,0.0,0.0,0.0,0.0,0.0,0.0,0.0
"0,1,0,1,1,0,1,1,0,1,0,0,0,0,0,0,0,0,1,0,0",0.0,0.0,0.0,0.0,0.0,0.0,0.0,0.0
"0,1,1,1,1,0,0,1,0,1,0,1,1,1,0,1,0,0,1,0,0",0.0,0.0,0.0,0.0,0.0,0.0,0.0,0.0
"0,0,1,0,0,0,1,1,1,0,0,0,1,1,0,0,1,0,1,0,0",0.0,0.0,0.0,0.0,0.0,0.0,0.0,0.0
"1,1,1,0,1,0,0,0,1,0,0,0,0,1,0,0,0,0,0,0,0",0.0,0.0,0.0,0.0,0.0,0.0,0.0,0.0
