encoding,test accuracy,training accuracy,combined accuracy,test precision,test recall,test fscore,test auc,training time
"19,19,13,17,17,16,4,12,14,7,22,0,15,14,12",0.7666666666666667,1.0,0.8541666666666667,0.631578947368421,1.0,0.7741935483870968,0.8055555555555556,3.9008090496063232
"17,23,13,6,17,4,6,12,14,11,22,17,15,14,11",0.7333333333333333,0.9857142857142858,0.8084677419354839,0.625,0.8333333333333334,0.7142857142857143,0.75,0.9512786865234375
"6,0,13,17,17,17,4,12,14,7,22,17,15,7,11",0.7,0.9857142857142858,0.7980510752688172,0.5789473684210527,0.9166666666666666,0.7096774193548387,0.7361111111111112,0.8884356021881104
"17,23,13,6,17,4,4,12,15,11,22,17,15,7,11",0.6666666666666666,1.0,0.7916666666666666,0.5454545454545454,1.0,0.7058823529411765,0.7222222222222222,0.934502124786377
"19,0,13,6,17,4,6,12,16,7,0,17,16,14,12",0.7,1.0,0.78125,0.6,0.75,0.6666666666666666,0.7083333333333333,1.5434417724609375
"17,0,13,17,17,4,4,12,14,13,22,17,15,14,11",0.6666666666666666,1.0,0.7708333333333333,0.5555555555555556,0.8333333333333334,0.6666666666666666,0.6944444444444444,0.9823877811431885
"17,0,13,17,17,4,6,12,14,13,22,17,15,14,11",0.6666666666666666,1.0,0.7708333333333333,0.5555555555555556,0.8333333333333334,0.6666666666666666,0.6944444444444444,0.9620459079742432
"19,0,13,16,17,16,6,12,16,7,0,0,16,14,12",0.6333333333333333,1.0,0.7708333333333333,0.5217391304347826,1.0,0.6857142857142857,0.6944444444444444,1.6091039180755615
"17,23,13,17,17,17,4,12,15,11,22,17,15,7,11",0.6666666666666666,0.9857142857142858,0.7668010752688171,0.5555555555555556,0.8333333333333334,0.6666666666666666,0.6944444444444444,1.1662240028381348
"14,19,6,11,5,11,6,9,20,16,10,17,22,12,14",0.6333333333333333,0.9714285714285714,0.7635959470636889,0.5217391304347826,1.0,0.6857142857142857,0.6944444444444444,0.82175612449646
"17,17,13,17,17,17,23,14,15,0,22,17,15,16,10",0.6666666666666666,0.9857142857142858,0.7572115384615385,0.5625,0.75,0.6428571428571429,0.6805555555555556,1.4111056327819824
"19,19,13,17,17,16,4,12,16,7,22,0,16,14,12",0.6333333333333333,0.9857142857142858,0.7467948717948718,0.5263157894736842,0.8333333333333334,0.6451612903225806,0.6666666666666667,3.914705276489258
"17,0,13,17,17,4,4,12,14,11,22,17,15,14,11",0.6,0.9857142857142858,0.7459677419354839,0.5,1.0,0.6666666666666666,0.6666666666666666,0.9632277488708496
"17,0,13,17,17,4,6,12,14,11,22,17,15,14,11",0.6,0.9857142857142858,0.7459677419354839,0.5,1.0,0.6666666666666666,0.6666666666666666,0.9457130432128906
"17,0,13,6,17,4,6,12,14,13,22,17,15,14,11",0.6333333333333333,0.9857142857142858,0.7459677419354839,0.5263157894736842,0.8333333333333334,0.6451612903225806,0.6666666666666667,0.8713886737823486
"17,0,13,17,17,4,6,12,14,11,22,17,9,14,11",0.6,1.0,0.7395833333333334,0.5,0.9166666666666666,0.6470588235294118,0.6527777777777778,0.9511396884918213
"17,23,13,17,17,17,6,12,15,11,22,17,15,14,10",0.6333333333333333,1.0,0.7395833333333334,0.5294117647058824,0.75,0.6206896551724138,0.6527777777777778,1.170337200164795
"18,17,21,14,10,17,23,14,14,0,11,8,23,16,4",0.6666666666666666,0.8,0.7393507030603804,0.5454545454545454,1.0,0.7058823529411765,0.7222222222222222,1.512415885925293
"14,19,6,11,5,11,6,16,20,16,10,17,22,12,14",0.6,0.9571428571428572,0.7387303556658396,0.5,1.0,0.6666666666666666,0.6666666666666666,0.8267993927001953
"17,0,13,18,17,4,4,12,14,11,22,17,15,14,11",0.6,0.9857142857142858,0.7355510752688172,0.5,0.9166666666666666,0.6470588235294118,0.6527777777777778,1.1032350063323975
"17,23,13,4,17,17,6,12,15,11,22,17,15,14,10",0.6333333333333333,0.9857142857142858,0.7355510752688172,0.5294117647058824,0.75,0.6206896551724138,0.6527777777777778,1.033435583114624
"17,23,10,17,18,4,10,12,15,16,21,9,15,7,10",0.6,0.9714285714285714,0.732345947063689,0.5,0.9166666666666666,0.6470588235294118,0.6527777777777778,1.1171705722808838
"6,0,13,17,17,4,6,12,16,7,22,9,16,7,11",0.6,0.9714285714285714,0.7315188172043011,0.5,0.9166666666666666,0.6470588235294118,0.6527777777777778,0.7741069793701172
"17,0,13,17,17,4,6,12,14,13,21,17,15,14,11",0.6,1.0,0.7291666666666666,0.5,0.8333333333333334,0.625,0.6388888888888888,0.9932434558868408
"6,23,13,17,17,3,6,12,14,11,22,9,15,14,11",0.7,0.8142857142857143,0.7275124069478908,0.6153846153846154,0.6666666666666666,0.64,0.6944444444444444,0.88437819480896
"6,19,13,17,17,16,4,12,14,7,22,0,15,14,12",0.6,0.9857142857142858,0.7251344086021505,0.5,0.8333333333333334,0.625,0.6388888888888888,1.6856653690338135
"17,17,13,6,17,17,23,12,15,0,22,17,15,14,10",0.5666666666666667,1.0,0.71875,0.4782608695652174,0.9166666666666666,0.6285714285714286,0.625,1.1726353168487549
"19,19,13,17,17,16,4,12,14,7,23,0,15,14,12",0.6,1.0,0.71875,0.5,0.75,0.6,0.625,3.9219086170196533
"19,19,13,6,17,16,4,12,16,7,22,0,16,14,12",0.6,1.0,0.71875,0.5,0.75,0.6,0.625,3.7687339782714844
"6,0,13,17,17,4,4,22,14,11,22,9,15,7,11",0.6,0.9571428571428572,0.7178970223325062,0.5,0.8333333333333334,0.625,0.6388888888888888,0.7933194637298584
"14,19,13,11,17,11,4,12,14,16,10,17,15,12,14",0.6333333333333333,0.9142857142857143,0.7170440446650124,0.5294117647058824,0.75,0.6206896551724138,0.6527777777777778,0.869560718536377
"17,22,12,14,23,0,10,21,12,13,23,17,10,18,16",0.6333333333333333,0.8,0.7168631100082712,0.5217391304347826,1.0,0.6857142857142857,0.6944444444444444,1.0007421970367432
"6,0,13,17,17,4,4,12,14,7,22,9,15,7,11",0.5666666666666667,0.9428571428571428,0.7130376344086021,0.48,1.0,0.6486486486486487,0.6388888888888888,0.7922117710113525
"17,23,10,17,18,4,10,18,15,16,21,9,15,7,10",0.5666666666666667,0.9714285714285714,0.7115126137303557,0.4782608695652174,0.9166666666666666,0.6285714285714286,0.625,1.1528944969177246
"6,0,13,17,17,4,4,12,14,11,22,9,15,7,11",0.5666666666666667,0.9714285714285714,0.7106854838709677,0.4782608695652174,0.9166666666666666,0.6285714285714286,0.625,0.8015854358673096
"4,15,5,11,13,11,13,8,13,5,15,14,9,7,6",0.7333333333333333,0.6714285714285714,0.7096774193548386,0.6666666666666666,0.6666666666666666,0.6666666666666666,0.7222222222222222,0.7875936031341553
"17,23,13,17,17,4,6,12,14,11,22,17,15,14,11",0.6,1.0,0.7083333333333334,0.5,0.6666666666666666,0.5714285714285714,0.6111111111111112,1.0489892959594727
"19,19,18,16,17,16,4,12,16,20,0,0,16,7,12",0.5666666666666667,1.0,0.7083333333333334,0.47619047619047616,0.8333333333333334,0.6060606060606061,0.6111111111111112,5.169703960418701
"14,19,6,17,5,17,6,12,20,16,10,17,22,12,14",0.5666666666666667,1.0,0.7083333333333334,0.47619047619047616,0.8333333333333334,0.6060606060606061,0.6111111111111112,1.3004934787750244
"19,19,13,16,17,16,4,12,16,7,0,0,16,7,12",0.5666666666666667,1.0,0.7083333333333334,0.47619047619047616,0.8333333333333334,0.6060606060606061,0.6111111111111112,3.8668465614318848
"17,23,13,17,17,17,4,12,14,11,22,17,15,14,10",0.5666666666666667,1.0,0.7083333333333334,0.47619047619047616,0.8333333333333334,0.6060606060606061,0.6111111111111112,1.1690802574157715
"17,0,13,17,17,4,6,12,15,7,22,9,15,14,16",0.6,0.9142857142857143,0.7082816377171215,0.5,0.8333333333333334,0.625,0.6388888888888888,0.9549486637115479
"17,23,13,16,17,16,6,12,15,11,22,0,15,14,10",0.5666666666666667,0.9857142857142858,0.7043010752688172,0.47619047619047616,0.8333333333333334,0.6060606060606061,0.6111111111111112,1.0063667297363281
"19,19,13,17,17,16,4,12,16,11,22,0,16,14,12",0.5666666666666667,0.9857142857142858,0.7043010752688172,0.47619047619047616,0.8333333333333334,0.6060606060606061,0.6111111111111112,3.9265096187591553
"6,0,13,17,17,3,4,16,14,11,22,9,15,7,11",0.6,0.9285714285714286,0.7010700992555832,0.5,0.75,0.6,0.625,0.8321020603179932
"6,0,13,17,17,3,4,16,14,7,22,9,15,7,11",0.5666666666666667,0.9285714285714286,0.6985887096774194,0.4782608695652174,0.9166666666666666,0.6285714285714286,0.625,0.8505594730377197
"17,23,13,17,17,17,6,12,15,11,22,9,15,14,10",0.6,1.0,0.6979166666666667,0.5,0.5833333333333334,0.5384615384615384,0.5972222222222223,1.1620573997497559
"17,0,13,17,17,4,6,12,14,11,22,17,15,7,11",0.5333333333333333,1.0,0.6979166666666666,0.4583333333333333,0.9166666666666666,0.6111111111111112,0.5972222222222222,0.9858317375183105
"17,0,13,17,17,4,4,12,14,11,22,17,15,7,11",0.5333333333333333,1.0,0.6979166666666666,0.4583333333333333,0.9166666666666666,0.6111111111111112,0.5972222222222222,0.965939998626709
"17,23,10,17,18,17,10,12,15,11,22,9,17,14,10",0.6,0.8714285714285714,0.697011993382961,0.5,0.8333333333333334,0.625,0.6388888888888888,1.4372022151947021
"16,10,17,22,12,14,23,0,10,21,12,13,23,17,10",0.6,0.9,0.6938327129859387,0.5,0.75,0.6,0.625,0.9233906269073486
"17,19,10,17,18,16,10,12,16,7,21,9,16,7,12",0.6,0.9285714285714286,0.6914805624483045,0.5,0.6666666666666666,0.5714285714285714,0.6111111111111112,1.734525203704834
"6,0,13,16,17,4,4,12,14,11,0,9,15,14,11",0.6,0.9285714285714286,0.6898263027295286,0.5,0.6666666666666666,0.5714285714285714,0.6111111111111112,0.748967170715332
"17,0,13,17,17,4,4,12,14,7,0,0,16,14,11",0.5333333333333333,1.0,0.6875,0.45454545454545453,0.8333333333333334,0.5882352941176471,0.5833333333333334,0.9048058986663818
"17,23,13,17,23,17,6,12,15,11,22,17,15,14,10",0.5666666666666667,1.0,0.6875,0.47058823529411764,0.6666666666666666,0.5517241379310345,0.5833333333333333,1.9632771015167236
"17,23,13,17,17,17,4,12,15,11,22,9,3,7,11",0.5333333333333333,1.0,0.6875,0.45454545454545453,0.8333333333333334,0.5882352941176471,0.5833333333333334,1.116546869277954
"17,23,10,17,18,17,4,12,15,11,22,9,17,7,10",0.5666666666666667,0.9571428571428572,0.6874741521918941,0.47368421052631576,0.75,0.5806451612903226,0.5972222222222222,1.319514513015747
"6,0,10,17,17,3,4,16,14,11,22,9,15,7,11",0.6333333333333333,0.7571428571428571,0.6872415219189413,0.5263157894736842,0.8333333333333334,0.6451612903225806,0.6666666666666667,0.7962713241577148
"17,0,13,17,17,4,6,12,15,11,22,9,15,14,16",0.5333333333333333,0.9571428571428572,0.6858198924731183,0.4583333333333333,0.9166666666666666,0.6111111111111112,0.5972222222222222,0.9522178173065186
"9,12,4,0,4,23,8,0,23,13,16,15,0,5,2",0.6666666666666666,0.6428571428571429,0.6854063275434243,0.55,0.9166666666666666,0.6875,0.7083333333333333,0.6619422435760498
"4,15,13,11,13,11,13,8,13,7,15,14,9,7,6",0.6333333333333333,0.7428571428571429,0.684863523573201,0.5263157894736842,0.8333333333333334,0.6451612903225806,0.6666666666666667,0.8665099143981934
"11,4,18,10,11,8,7,14,4,18,0,0,16,4,21",0.6333333333333333,0.7142857142857143,0.6847342845326717,0.5238095238095238,0.9166666666666666,0.6666666666666666,0.6805555555555556,0.7245988845825195
"17,0,13,6,17,16,6,12,16,7,22,17,16,14,12",0.5666666666666667,0.9857142857142858,0.6842948717948718,0.47058823529411764,0.6666666666666666,0.5517241379310345,0.5833333333333333,0.9379856586456299
"17,23,10,15,18,17,10,14,15,16,21,6,15,7,10",0.5666666666666667,0.9428571428571428,0.6842690239867659,0.47368421052631576,0.75,0.5806451612903226,0.5972222222222222,1.2281880378723145
"19,0,6,16,17,16,6,12,16,16,0,0,16,14,12",0.5333333333333333,0.9857142857142858,0.6834677419354839,0.45454545454545453,0.8333333333333334,0.5882352941176471,0.5833333333333334,1.878481149673462
"19,19,13,17,17,16,4,12,16,7,0,0,16,7,10",0.5,0.9857142857142858,0.6834677419354839,0.4444444444444444,1.0,0.6153846153846154,0.5833333333333334,3.8812694549560547
"19,19,13,17,17,16,4,12,5,7,22,0,16,14,12",0.5,0.9857142857142858,0.6834677419354839,0.4444444444444444,1.0,0.6153846153846154,0.5833333333333334,3.9034810066223145
"17,23,13,17,17,17,6,12,15,11,22,17,15,20,10",0.5666666666666667,0.9857142857142858,0.6834677419354838,0.47058823529411764,0.6666666666666666,0.5517241379310345,0.5833333333333333,1.1639161109924316
"17,23,13,17,17,17,6,12,15,7,22,17,15,14,10",0.5666666666666667,0.9857142857142858,0.6834677419354838,0.47058823529411764,0.6666666666666666,0.5517241379310345,0.5833333333333333,1.1846301555633545
"6,0,13,17,17,4,4,22,14,11,22,9,15,10,11",0.5333333333333333,0.9428571428571428,0.6834418941273779,0.4583333333333333,0.9166666666666666,0.6111111111111112,0.5972222222222222,0.8046488761901855
"6,0,13,17,17,3,4,22,14,11,22,9,15,7,11",0.5666666666666667,0.9,0.6825889164598842,0.47619047619047616,0.8333333333333334,0.6060606060606061,0.6111111111111112,0.8262729644775391
"16,17,10,3,4,16,14,20,4,7,16,7,11,18,12",0.5666666666666667,0.8571428571428571,0.6817359387923905,0.4782608695652174,0.9166666666666666,0.6285714285714286,0.625,0.8692951202392578
"17,0,13,15,17,17,10,14,15,7,22,9,15,9,10",0.5666666666666667,0.9285714285714286,0.6794096360628619,0.47368421052631576,0.75,0.5806451612903226,0.5972222222222222,1.0134544372558594
"19,19,13,17,17,4,4,12,16,7,0,9,16,7,12",0.5333333333333333,1.0,0.6770833333333333,0.45,0.75,0.5625,0.5694444444444444,3.842615842819214
"17,23,13,16,17,17,5,12,15,11,22,9,15,23,12",0.5666666666666667,1.0,0.6770833333333333,0.4666666666666667,0.5833333333333334,0.5185185185185185,0.5694444444444444,1.127314567565918
"17,23,10,17,18,4,6,12,15,16,21,9,15,14,16",0.5333333333333333,0.9571428571428572,0.6754032258064516,0.45454545454545453,0.8333333333333334,0.5882352941176471,0.5833333333333334,1.114062786102295
"17,23,13,17,17,17,6,12,15,11,22,17,15,7,10",0.5333333333333333,0.9857142857142858,0.6730510752688172,0.45,0.75,0.5625,0.5694444444444444,1.1755399703979492
"18,5,12,20,17,10,23,17,12,19,16,16,10,12,14",0.5333333333333333,0.9857142857142858,0.6730510752688172,0.45,0.75,0.5625,0.5694444444444444,1.334609031677246
"6,0,13,17,17,3,6,12,15,11,22,9,15,7,11",0.5666666666666667,0.9428571428571428,0.6730252274607113,0.47058823529411764,0.6666666666666666,0.5517241379310345,0.5833333333333333,0.7836475372314453
"11,4,16,10,11,8,7,14,4,20,0,0,16,4,21",0.7,0.5428571428571428,0.6725599669148057,0.5882352941176471,0.8333333333333334,0.6896551724137931,0.7222222222222223,0.7010612487792969
"17,23,13,11,17,17,10,12,15,11,22,9,15,20,7",0.5666666666666667,0.9285714285714286,0.670647229114971,0.47058823529411764,0.6666666666666666,0.5517241379310345,0.5833333333333333,1.0426220893859863
"18,0,13,14,17,17,23,14,14,7,0,0,16,16,4",0.6,0.8428571428571429,0.6705955334987593,0.5,0.6666666666666666,0.5714285714285714,0.6111111111111112,1.2582662105560303
"17,23,13,4,17,17,10,12,9,16,22,17,15,7,10",0.5333333333333333,0.9714285714285714,0.669845947063689,0.45,0.75,0.5625,0.5694444444444444,1.1340696811676025
"18,9,8,19,4,9,21,7,10,21,15,15,2,17,7",0.6,0.8714285714285714,0.667416253101737,0.5,0.5833333333333334,0.5384615384615384,0.5972222222222223,1.1120984554290771
"19,19,13,17,17,4,4,12,16,7,22,17,16,14,12",0.5333333333333333,1.0,0.6666666666666667,0.4444444444444444,0.6666666666666666,0.5333333333333333,0.5555555555555556,3.9032914638519287
"17,23,10,17,18,4,10,18,15,16,21,9,15,14,10",0.5333333333333333,0.9571428571428572,0.6666408188585607,0.45,0.75,0.5625,0.5694444444444444,1.1543326377868652
"4,19,3,18,17,21,14,10,17,23,14,14,0,11,8",0.5666666666666667,0.9142857142857143,0.6666149710504549,0.47058823529411764,0.6666666666666666,0.5517241379310345,0.5833333333333333,3.080366611480713
"19,4,18,16,17,16,5,22,16,18,0,0,16,23,12",0.5333333333333333,0.9571428571428572,0.6658136889991728,0.45,0.75,0.5625,0.5694444444444444,3.1331145763397217
"6,0,13,17,17,4,6,12,14,7,22,9,15,14,10",0.5333333333333333,0.9571428571428572,0.6658136889991728,0.45,0.75,0.5625,0.5694444444444444,0.8058960437774658
"6,19,16,17,10,4,4,12,14,20,4,9,16,7,11",0.5,0.9571428571428572,0.664986559139785,0.44,0.9166666666666666,0.5945945945945946,0.5694444444444444,1.765610933303833
"17,23,10,10,18,17,0,14,15,16,21,6,15,4,13",0.5,0.9571428571428572,0.664986559139785,0.44,0.9166666666666666,0.5945945945945946,0.5694444444444444,1.1454436779022217
"17,23,16,15,18,17,10,14,15,11,21,6,15,7,10",0.5666666666666667,0.9857142857142858,0.6634615384615385,0.46153846153846156,0.5,0.48,0.5555555555555556,1.6301703453063965
"15,22,15,15,1,23,11,0,19,5,17,15,14,15,10",0.6333333333333333,0.6857142857142857,0.6632806038047974,0.5294117647058824,0.75,0.6206896551724138,0.6527777777777778,1.158379316329956
"6,0,10,17,17,3,4,12,14,7,21,9,15,7,11",0.5666666666666667,0.7857142857142857,0.6632289081885856,0.4782608695652174,0.9166666666666666,0.6285714285714286,0.625,0.7890589237213135
"19,19,13,17,17,16,4,12,16,7,0,0,16,7,11",0.5,0.9857142857142858,0.6626344086021505,0.43478260869565216,0.8333333333333334,0.5714285714285714,0.5555555555555556,3.8952879905700684
"17,23,13,16,17,17,6,12,15,11,0,17,15,14,10",0.5666666666666667,0.9857142857142858,0.6626344086021505,0.46153846153846156,0.5,0.48,0.5555555555555556,1.0667314529418945
"17,15,5,17,13,17,6,12,15,5,15,14,9,14,10",0.5333333333333333,0.9857142857142858,0.6626344086021505,0.4444444444444444,0.6666666666666666,0.5333333333333333,0.5555555555555556,0.8880465030670166
"19,2,2,18,3,10,21,15,17,14,4,23,10,19,10",0.5666666666666667,0.9,0.6625827129859387,0.47058823529411764,0.6666666666666666,0.5517241379310345,0.5833333333333333,2.672045946121216
"11,0,21,8,11,5,10,23,1,11,6,18,15,13,1",0.7333333333333333,0.45714285714285713,0.6616004962779156,0.6666666666666666,0.6666666666666666,0.6666666666666666,0.7222222222222222,0.7231237888336182
"19,19,10,17,17,16,4,12,16,7,21,0,16,7,12",0.5333333333333333,0.9714285714285714,0.6602564102564102,0.4444444444444444,0.6666666666666666,0.5333333333333333,0.5555555555555556,3.8933634757995605
"9,6,21,9,19,16,3,14,12,12,21,10,9,4,10",0.6333333333333333,0.7142857142857143,0.660101323407775,0.5333333333333333,0.6666666666666666,0.5925925925925926,0.6388888888888888,0.8992938995361328
"17,23,10,17,17,17,6,12,15,11,21,9,15,7,10",0.5333333333333333,0.9285714285714286,0.6594034325889164,0.45,0.75,0.5625,0.5694444444444444,1.1057822704315186
"21,14,19,18,11,10,21,3,3,3,2,16,0,1,14",0.6333333333333333,0.6571428571428571,0.656870347394541,0.5294117647058824,0.75,0.6206896551724138,0.6527777777777778,1.969299077987671
"19,19,13,16,17,16,6,12,15,7,0,0,15,7,12",0.5,1.0,0.65625,0.42857142857142855,0.75,0.5454545454545454,0.5416666666666666,3.8323628902435303
"6,19,16,11,10,3,10,16,14,20,4,7,16,20,7",0.5666666666666667,0.9142857142857143,0.6561983043837882,0.4666666666666667,0.5833333333333334,0.5185185185185185,0.5694444444444444,1.813568353652954
"19,19,13,16,17,16,4,12,16,11,0,0,16,7,12",0.5,0.9857142857142858,0.6522177419354839,0.42857142857142855,0.75,0.5454545454545454,0.5416666666666666,3.837369203567505
"6,19,16,17,10,3,4,16,14,20,4,7,16,7,11",0.5,0.9428571428571428,0.652191894127378,0.43478260869565216,0.8333333333333334,0.5714285714285714,0.5555555555555556,1.8622660636901855
"13,17,0,6,9,17,3,19,4,13,20,8,18,13,22",0.5666666666666667,0.7857142857142857,0.6503308519437552,0.47619047619047616,0.8333333333333334,0.6060606060606061,0.6111111111111112,1.1415038108825684
"17,19,13,17,17,11,6,12,20,16,22,17,22,14,14",0.5,0.9714285714285714,0.6490126137303557,0.42857142857142855,0.75,0.5454545454545454,0.5416666666666666,1.6227264404296875
"7,4,4,7,13,1,20,9,7,19,7,9,2,11,6",0.6333333333333333,0.6571428571428571,0.6477719189412738,0.5294117647058824,0.75,0.6206896551724138,0.6527777777777778,0.6570284366607666
"7,14,6,3,4,23,15,17,18,17,12,21,8,15,3",0.6333333333333333,0.6571428571428571,0.6477719189412738,0.5294117647058824,0.75,0.6206896551724138,0.6527777777777778,1.1109437942504883
"18,17,19,14,10,17,23,14,14,0,11,8,23,16,4",0.5666666666666667,0.6857142857142857,0.6470740281224152,0.48,1.0,0.6486486486486487,0.6388888888888888,1.9722752571105957
"17,7,3,6,2,0,3,8,7,3,21,5,16,17,12",0.6666666666666666,0.5571428571428572,0.6461693548387097,0.5625,0.75,0.6428571428571429,0.6805555555555556,0.8323514461517334
"14,14,21,2,17,5,10,6,23,0,7,17,23,13,14",0.5666666666666667,0.7857142857142857,0.645704094292804,0.47368421052631576,0.75,0.5806451612903226,0.5972222222222222,0.8342349529266357
"13,5,4,2,14,16,20,13,23,1,1,13,19,12,9",0.6666666666666666,0.5857142857142857,0.6454714640198511,0.5714285714285714,0.6666666666666666,0.6153846153846154,0.6666666666666666,0.7666375637054443
"19,10,5,6,19,16,17,10,3,4,16,14,20,4,7",0.5666666666666667,0.8,0.6447735732009925,0.47368421052631576,0.75,0.5806451612903226,0.5972222222222222,1.8731656074523926
"17,8,0,0,15,18,4,10,3,0,16,19,5,6,13",0.6,0.7714285714285715,0.6441532258064517,0.5,0.5833333333333334,0.5384615384615384,0.5972222222222223,1.0323879718780518
"3,17,10,17,19,19,13,16,7,16,5,22,16,13,7",0.6666666666666666,0.6571428571428571,0.6439722911497104,0.6,0.5,0.5454545454545454,0.6388888888888888,3.639216423034668
"15,5,11,13,11,13,8,13,5,15,14,9,7,6,3",0.5333333333333333,0.8428571428571429,0.6431451612903225,0.45454545454545453,0.8333333333333334,0.5882352941176471,0.5833333333333334,0.8187367916107178
"15,20,16,11,5,12,19,6,11,16,23,8,10,23,9",0.5333333333333333,0.9428571428571428,0.6426023573200993,0.4375,0.5833333333333334,0.5,0.5416666666666667,0.8323674201965332
"19,0,13,16,17,4,6,12,14,11,0,0,15,14,11",0.5,0.9857142857142858,0.6418010752688172,0.42105263157894735,0.6666666666666666,0.5161290322580645,0.5277777777777778,1.5293819904327393
"17,23,13,17,17,17,6,12,15,7,22,9,15,14,10",0.5,0.9857142857142858,0.6418010752688172,0.42105263157894735,0.6666666666666666,0.5161290322580645,0.5277777777777778,1.154426097869873
"17,23,13,11,17,11,6,8,15,11,22,14,15,14,10",0.5,0.9428571428571428,0.6417752274607114,0.42857142857142855,0.75,0.5454545454545454,0.5416666666666666,0.941138505935669
"18,17,13,17,10,17,23,12,14,0,22,8,23,14,4",0.5,0.8714285714285714,0.6416201406120761,0.44,0.9166666666666666,0.5945945945945946,0.5694444444444444,1.3221156597137451
"13,22,15,5,10,9,12,13,23,4,3,11,20,14,23",0.5666666666666667,0.7571428571428571,0.641439205955335,0.47619047619047616,0.8333333333333334,0.6060606060606061,0.6111111111111112,0.8369836807250977
"15,14,18,10,9,22,0,14,17,17,0,19,0,4,13",0.5666666666666667,0.8142857142857143,0.6408705541770057,0.47058823529411764,0.6666666666666666,0.5517241379310345,0.5833333333333333,1.3138036727905273
"6,0,10,17,17,3,4,16,14,16,22,9,15,7,11",0.5666666666666667,0.7714285714285715,0.639190446650124,0.47368421052631576,0.75,0.5806451612903226,0.5972222222222222,0.7965517044067383
"6,0,10,17,18,3,10,12,15,7,22,9,15,7,11",0.6,0.7,0.6390353598014888,0.5,0.75,0.6,0.625,0.9088475704193115
"17,23,13,17,17,17,10,12,15,11,22,9,15,14,10",0.5333333333333333,0.9714285714285714,0.638595947063689,0.42857142857142855,0.5,0.46153846153846156,0.5277777777777778,1.160747766494751
"17,23,14,14,0,11,8,23,16,4,23,2,14,13,11",0.5333333333333333,0.9285714285714286,0.6385700992555832,0.4375,0.5833333333333334,0.5,0.5416666666666667,1.0712947845458984
"18,17,21,16,10,17,4,14,14,0,11,8,23,7,12",0.5,0.8142857142857143,0.638389164598842,0.4444444444444444,1.0,0.6153846153846154,0.5833333333333334,1.7998816967010498
"4,6,9,2,18,16,14,3,2,14,19,6,11,5,11",0.6666666666666666,0.5857142857142857,0.6375361869313483,0.5833333333333334,0.5833333333333334,0.5833333333333334,0.6527777777777778,0.7473797798156738
"15,0,13,18,0,10,15,9,13,6,4,17,7,14,4",0.5666666666666667,0.7714285714285715,0.6375361869313482,0.47368421052631576,0.75,0.5806451612903226,0.5972222222222222,0.7535209655761719
"16,0,12,13,15,17,19,13,17,20,11,13,4,19,19",0.5666666666666667,0.7571428571428571,0.6368124483043838,0.47368421052631576,0.75,0.5806451612903226,0.5972222222222222,3.5212113857269287
"6,0,13,17,17,17,4,12,14,7,22,17,9,7,11",0.4666666666666667,0.9285714285714286,0.6360887096774194,0.4230769230769231,0.9166666666666666,0.5789473684210527,0.5416666666666666,0.8954951763153076
"17,0,10,17,18,4,10,12,14,7,21,9,15,7,11",0.4666666666666667,1.0,0.6354166666666666,0.4090909090909091,0.75,0.5294117647058824,0.5138888888888888,1.0690321922302246
"19,0,13,16,17,16,6,12,16,0,0,0,16,14,12",0.5,1.0,0.6354166666666666,0.4117647058823529,0.5833333333333334,0.4827586206896552,0.5138888888888888,1.6158065795898438
"17,0,10,17,18,4,6,12,15,7,21,9,15,7,10",0.4666666666666667,0.9571428571428572,0.633736559139785,0.4166666666666667,0.8333333333333334,0.5555555555555556,0.5277777777777778,1.037226676940918
"15,5,11,13,11,13,8,13,4,15,14,9,7,6,3",0.5333333333333333,0.7714285714285715,0.6334005376344085,0.4583333333333333,0.9166666666666666,0.6111111111111112,0.5972222222222222,0.8332195281982422
"6,15,5,17,13,3,4,16,14,5,15,14,9,7,11",0.5,0.9428571428571428,0.6313585607940446,0.42105263157894735,0.6666666666666666,0.5161290322580645,0.5277777777777778,0.7898499965667725
"19,7,1,0,3,0,12,14,7,6,6,3,11,23,13",0.6333333333333333,0.5571428571428572,0.629471670802316,0.5294117647058824,0.75,0.6206896551724138,0.6527777777777778,1.504357099533081
"19,7,7,12,1,21,7,5,18,3,14,22,7,23,15",0.6333333333333333,0.4857142857142857,0.6293165839536808,0.5238095238095238,0.9166666666666666,0.6666666666666666,0.6805555555555556,1.5945148468017578
"15,5,18,10,9,22,8,13,17,15,0,19,0,6,13",0.5333333333333333,0.8857142857142857,0.6289547146401986,0.4375,0.5833333333333334,0.5,0.5416666666666667,0.9338374137878418
"8,0,12,14,22,3,12,6,20,13,0,12,14,22,4",0.6333333333333333,0.6285714285714286,0.6287996277915633,0.5384615384615384,0.5833333333333334,0.56,0.625,0.6623780727386475
"11,5,10,11,11,14,11,23,12,23,11,11,23,8,20",0.5333333333333333,0.7714285714285715,0.6287737799834574,0.45454545454545453,0.8333333333333334,0.5882352941176471,0.5833333333333334,0.774479866027832
"6,0,10,17,17,3,4,12,14,11,21,9,15,7,11",0.6,0.6857142857142857,0.6287220843672456,0.5,0.6666666666666666,0.5714285714285714,0.6111111111111112,0.7419357299804688
"17,0,13,6,17,4,6,12,14,11,22,17,15,14,11",0.4666666666666667,0.9714285714285714,0.6281792803970223,0.4090909090909091,0.75,0.5294117647058824,0.5138888888888888,0.8506381511688232
"12,5,11,13,11,13,8,13,5,15,14,9,7,6,3",0.5666666666666667,0.7,0.6277915632754343,0.47619047619047616,0.8333333333333334,0.6060606060606061,0.6111111111111112,0.7355139255523682
"17,23,13,10,17,17,0,12,15,11,22,9,15,4,13",0.4666666666666667,0.9714285714285714,0.6273521505376344,0.4090909090909091,0.75,0.5294117647058824,0.5138888888888888,1.0566537380218506
"19,18,12,14,16,12,8,4,7,21,11,21,7,5,20",0.5,0.8571428571428571,0.6271712158808933,0.43478260869565216,0.8333333333333334,0.5714285714285714,0.5555555555555556,2.537153482437134
"9,14,6,5,19,19,9,21,3,17,10,14,18,14,11",0.6,0.6285714285714286,0.6271453680727874,0.5,0.75,0.6,0.625,2.929713487625122
"15,14,5,20,9,22,0,10,17,17,12,19,0,19,13",0.5,0.9285714285714286,0.6264991728701407,0.42105263157894735,0.6666666666666666,0.5161290322580645,0.5277777777777778,2.993823289871216
"21,0,13,17,8,1,17,18,11,6,13,2,14,14,20",0.6666666666666666,0.4714285714285714,0.6261114557485525,0.5625,0.75,0.6428571428571429,0.6805555555555556,0.9935939311981201
"6,19,16,11,10,3,4,16,14,20,4,7,16,7,7",0.5,0.8142857142857143,0.6254911083540116,0.44,0.9166666666666666,0.5945945945945946,0.5694444444444444,1.7896525859832764
"17,0,13,17,17,4,6,12,15,7,0,0,16,14,11",0.4666666666666667,1.0,0.625,0.4,0.6666666666666666,0.5,0.5,0.8981356620788574
"19,13,5,11,13,16,10,14,18,9,0,18,16,20,7",0.5,0.9571428571428572,0.6249741521918941,0.4117647058823529,0.5833333333333334,0.4827586206896552,0.5138888888888888,1.628248691558838
"14,9,9,7,4,4,7,13,1,20,9,7,19,7,9",0.6666666666666666,0.5285714285714286,0.6247156741108355,0.5833333333333334,0.5833333333333334,0.5833333333333334,0.6527777777777778,0.8189337253570557
"13,23,1,1,13,19,12,9,18,2,12,1,19,4,3",0.6,0.5571428571428572,0.6245088916459884,0.5,0.9166666666666666,0.6470588235294118,0.6527777777777778,0.825486421585083
"19,0,13,14,17,16,23,12,16,7,0,0,16,16,4",0.5333333333333333,0.9571428571428572,0.6233198924731184,0.4166666666666667,0.4166666666666667,0.4166666666666667,0.513888888888889,1.5811381340026855
"17,0,10,17,18,4,10,12,14,11,21,9,15,7,11",0.43333333333333335,0.9857142857142858,0.6217948717948718,0.4,0.8333333333333334,0.5405405405405406,0.5,1.0721685886383057
"16,17,23,14,4,22,14,17,13,17,1,1,4,15,13",0.5666666666666667,0.7571428571428571,0.6217690239867659,0.4666666666666667,0.5833333333333334,0.5185185185185185,0.5694444444444444,0.9511210918426514
"18,3,10,21,15,17,14,4,23,10,19,10,11,14,20",0.4666666666666667,0.8714285714285714,0.6216139371381306,0.4230769230769231,0.9166666666666666,0.5789473684210527,0.5416666666666666,1.1435279846191406
"17,18,13,17,17,17,4,12,14,11,22,17,15,7,11",0.4666666666666667,0.9857142857142858,0.6209677419354839,0.4,0.6666666666666666,0.5,0.5,1.3135409355163574
"10,17,23,14,14,0,11,8,23,16,4,23,2,14,13",0.5666666666666667,0.7,0.6206834160463193,0.47368421052631576,0.75,0.5806451612903226,0.5972222222222222,0.8753268718719482
"19,5,12,0,9,23,9,3,9,16,14,8,5,2,2",0.6,0.6571428571428571,0.6198304383788256,0.5,0.6666666666666666,0.5714285714285714,0.6111111111111112,1.5034613609313965
"17,10,23,17,12,19,16,16,10,12,14,4,14,19,10",0.4666666666666667,0.9428571428571428,0.6192876344086021,0.4090909090909091,0.75,0.5294117647058824,0.5138888888888888,1.1936588287353516
"18,3,11,20,9,16,17,11,7,22,7,3,15,4,0",0.5333333333333333,0.8571428571428571,0.6192359387923905,0.4375,0.5833333333333334,0.5,0.5416666666666667,1.1513004302978516
"16,11,17,11,15,16,0,18,9,8,19,4,9,21,7",0.5,0.8285714285714286,0.6191066997518611,0.43478260869565216,0.8333333333333334,0.5714285714285714,0.5555555555555556,0.9045376777648926
"17,23,13,17,17,17,23,12,15,11,22,17,15,14,10",0.5,0.9714285714285714,0.6185897435897436,0.4,0.5,0.4444444444444444,0.5,1.249739170074463
"10,1,13,4,3,7,2,5,18,12,16,23,14,12,19",0.6333333333333333,0.6142857142857143,0.6184863523573201,0.5454545454545454,0.5,0.5217391304347826,0.6111111111111112,0.7179183959960938
"6,0,13,15,17,3,10,16,14,11,22,9,15,9,10",0.5,0.8142857142857143,0.6183829611248967,0.43478260869565216,0.8333333333333334,0.5714285714285714,0.5555555555555556,0.8012957572937012
"4,9,18,10,15,5,11,14,11,13,0,13,5,4,14",0.5333333333333333,0.6714285714285714,0.6180727874276262,0.46153846153846156,1.0,0.631578947368421,0.6111111111111112,0.6383509635925293
"6,0,5,17,17,4,4,12,14,5,22,9,15,7,11",0.5,0.9714285714285714,0.6177626137303557,0.4,0.5,0.4444444444444444,0.5,0.880429744720459
"18,17,21,16,10,16,23,12,14,0,11,0,23,16,4",0.43333333333333335,0.9,0.6176075268817205,0.41379310344827586,1.0,0.5853658536585366,0.5277777777777778,1.7919108867645264
"15,18,11,9,6,21,9,19,16,3,14,12,12,21,10",0.5666666666666667,0.7142857142857143,0.6176075268817204,0.47058823529411764,0.6666666666666666,0.5517241379310345,0.5833333333333333,1.0390355587005615
"11,8,15,9,1,10,4,11,22,3,8,12,17,22,5",0.6333333333333333,0.5571428571428572,0.6174007444168734,0.5333333333333333,0.6666666666666666,0.5925925925925926,0.6388888888888888,0.7072312831878662
"11,7,22,7,3,15,4,0,5,13,14,18,17,18,3",0.6333333333333333,0.5285714285714286,0.6172715053763441,0.5294117647058824,0.75,0.6206896551724138,0.6527777777777778,1.0888075828552246
"19,19,13,20,7,16,0,22,16,13,7,18,15,19,13",0.5,0.8857142857142857,0.616883788254756,0.42105263157894735,0.6666666666666666,0.5161290322580645,0.5277777777777778,4.076138496398926
"23,16,4,20,17,1,0,11,13,0,3,13,22,15,5",0.6,0.6571428571428571,0.6168579404466502,0.5,0.5833333333333334,0.5384615384615384,0.5972222222222223,1.5582964420318604
"4,9,23,4,15,5,11,13,11,13,8,13,5,15,14",0.5666666666666667,0.5857142857142857,0.6163668320926385,0.48,1.0,0.6486486486486487,0.6388888888888888,0.6932845115661621
"19,19,13,16,7,16,5,22,16,13,7,18,15,23,12",0.6,0.7142857142857143,0.6159532671629445,0.5,0.5,0.5,0.5833333333333333,3.8630764484405518
"18,2,11,13,19,4,3,13,13,17,14,16,18,6,17",0.5666666666666667,0.7142857142857143,0.6159532671629445,0.47058823529411764,0.6666666666666666,0.5517241379310345,0.5833333333333333,1.494189977645874
"14,4,19,3,18,17,21,14,10,17,23,14,14,0,11",0.5,0.9285714285714286,0.615255376344086,0.4117647058823529,0.5833333333333334,0.4827586206896552,0.5138888888888888,2.2432851791381836
"13,5,15,14,9,7,6,3,17,10,17,19,19,13,16",0.6333333333333333,0.5571428571428572,0.6144282464846981,0.5384615384615384,0.5833333333333334,0.56,0.625,3.3319780826568604
"17,0,13,17,17,17,4,16,15,11,22,9,3,7,11",0.43333333333333335,0.9571428571428572,0.6137303556658396,0.4,0.8333333333333334,0.5405405405405406,0.5,1.1056551933288574
"7,20,11,0,5,20,3,17,11,18,11,15,7,23,0",0.6,0.6428571428571429,0.6133167907361456,0.5,0.6666666666666666,0.5714285714285714,0.6111111111111112,0.69352126121521
"21,12,1,20,3,15,6,4,17,22,1,6,10,21,7",0.5666666666666667,0.6,0.6132909429280398,0.4782608695652174,0.9166666666666666,0.6285714285714286,0.625,0.8041670322418213
"17,23,10,17,18,17,10,12,15,11,22,9,15,14,10",0.5,0.8714285714285714,0.61285153019024,0.42105263157894735,0.6666666666666666,0.5161290322580645,0.5277777777777778,1.362924337387085
"10,9,3,2,16,6,13,18,15,3,4,9,3,14,0",0.5666666666666667,0.6428571428571429,0.6124896608767577,0.47619047619047616,0.8333333333333334,0.6060606060606061,0.6111111111111112,0.6943297386169434
"18,17,13,4,17,17,4,12,14,0,11,8,15,16,4",0.5333333333333333,0.9428571428571428,0.6121794871794872,0.4,0.3333333333333333,0.36363636363636365,0.5,1.3683350086212158
"11,5,2,16,3,1,8,11,2,16,18,8,22,7,21",0.6666666666666666,0.44285714285714284,0.6117659222497932,0.5714285714285714,0.6666666666666666,0.6153846153846154,0.6666666666666666,0.7620556354522705
"19,6,11,5,11,6,16,20,16,10,17,22,12,14,23",0.4666666666666667,0.9142857142857143,0.6112231182795699,0.4090909090909091,0.75,0.5294117647058824,0.5138888888888888,1.5530273914337158
"19,0,13,17,17,16,6,12,16,11,22,0,16,14,12",0.43333333333333335,0.9857142857142858,0.6105510752688172,0.391304347826087,0.75,0.5142857142857142,0.4861111111111111,1.7122783660888672
"17,0,13,15,17,4,10,12,15,7,22,9,15,7,10",0.43333333333333335,0.9857142857142858,0.6105510752688172,0.391304347826087,0.75,0.5142857142857142,0.4861111111111111,0.903977632522583
"17,0,10,17,17,4,6,12,14,16,22,17,15,14,11",0.43333333333333335,0.9857142857142858,0.6105510752688172,0.391304347826087,0.75,0.5142857142857142,0.4861111111111111,1.0269105434417725
"0,0,16,3,7,5,3,16,11,1,15,13,8,20,14",0.6333333333333333,0.5571428571428572,0.6102925971877584,0.5384615384615384,0.5833333333333334,0.56,0.625,0.7649195194244385
"8,8,1,4,6,9,16,5,13,11,5,12,19,10,2",0.6333333333333333,0.5428571428571428,0.609568858560794,0.5384615384615384,0.5833333333333334,0.56,0.625,0.6830713748931885
"14,0,12,16,8,16,17,23,14,4,22,14,17,13,17",0.5333333333333333,0.6714285714285714,0.6093103804797353,0.4583333333333333,0.9166666666666666,0.6111111111111112,0.5972222222222222,0.868983268737793
"0,7,17,23,13,14,1,11,10,7,8,4,19,15,7",0.7,0.4714285714285714,0.6089226633581472,0.8,0.3333333333333333,0.47058823529411764,0.6388888888888888,0.8043074607849121
"14,2,15,20,16,11,5,12,19,6,11,16,23,8,10",0.5333333333333333,0.7714285714285715,0.608767576509512,0.4444444444444444,0.6666666666666666,0.5333333333333333,0.5555555555555556,0.8164472579956055
"23,15,13,0,8,1,2,9,11,0,5,15,1,21,10",0.6,0.5571428571428572,0.6078112076095947,0.5,0.75,0.6,0.625,1.118800401687622
"17,13,8,0,5,8,21,11,16,11,17,11,15,16,0",0.6333333333333333,0.5571428571428572,0.6078112076095947,0.5384615384615384,0.5833333333333334,0.56,0.625,0.8775360584259033
"19,3,18,17,21,14,10,17,23,14,14,0,11,8,23",0.4666666666666667,0.9285714285714286,0.6073200992555832,0.4,0.6666666666666666,0.5,0.5,3.149989604949951
"11,21,6,15,7,10,20,6,10,23,14,5,1,8,14",0.6666666666666666,0.5571428571428572,0.6073200992555831,0.6666666666666666,0.3333333333333333,0.4444444444444444,0.611111111111111,0.701453685760498
"14,0,20,5,8,21,2,6,15,16,1,0,8,1,0",0.6333333333333333,0.5428571428571428,0.6070874689826302,0.5384615384615384,0.5833333333333334,0.56,0.625,0.6776285171508789
"7,6,13,17,9,17,8,15,11,14,19,3,15,13,6",0.6,0.6142857142857143,0.6069065343258893,0.5,0.6666666666666666,0.5714285714285714,0.6111111111111112,0.8379690647125244
"7,7,7,14,7,22,17,6,1,18,16,15,14,16,11",0.6,0.6142857142857143,0.6069065343258893,0.5,0.6666666666666666,0.5714285714285714,0.6111111111111112,1.0349957942962646
"19,0,10,16,0,12,13,15,17,19,13,17,20,11,13",0.43333333333333335,0.9714285714285714,0.606518817204301,0.391304347826087,0.75,0.5142857142857142,0.4861111111111111,2.100297212600708
"17,19,13,17,20,11,13,4,19,19,6,1,1,8,3",0.5,0.8428571428571429,0.6064412737799835,0.42105263157894735,0.6666666666666666,0.5161290322580645,0.5277777777777778,3.648078680038452
"23,11,0,19,5,17,15,14,15,10,22,9,16,20,12",0.5,0.7428571428571429,0.6061569478908189,0.44,0.9166666666666666,0.5945945945945946,0.5694444444444444,1.1955983638763428
"9,2,19,0,10,16,0,12,13,15,17,19,13,17,20",0.5666666666666667,0.6142857142857143,0.6060794044665012,0.47619047619047616,0.8333333333333334,0.6060606060606061,0.6111111111111112,1.1779913902282715
"14,4,3,0,14,22,11,16,4,7,0,9,4,10,16",0.7,0.4857142857142857,0.605510752688172,0.8,0.3333333333333333,0.47058823529411764,0.6388888888888888,0.7569155693054199
"11,16,4,7,0,9,4,10,16,0,8,0,12,14,22",0.6,0.5428571428571428,0.6054332092638544,0.5,0.75,0.6,0.625,0.6710569858551025
"7,7,7,13,7,13,17,13,1,18,16,9,14,16,11",0.5666666666666667,0.6571428571428571,0.6052781224152192,0.47368421052631576,0.75,0.5806451612903226,0.5972222222222222,0.8702778816223145
"13,4,19,19,6,1,1,8,3,14,8,14,11,9,11",0.5,0.8285714285714286,0.6048904052936311,0.42105263157894735,0.6666666666666666,0.5161290322580645,0.5277777777777778,2.8926641941070557
"12,16,12,4,14,3,7,17,8,20,0,10,11,18,14",0.4666666666666667,0.8428571428571429,0.6047870140612077,0.4166666666666667,0.8333333333333334,0.5555555555555556,0.5277777777777778,0.7486281394958496
"14,21,0,13,17,8,1,17,18,11,6,13,2,14,14",0.6333333333333333,0.5428571428571428,0.6037789495450786,0.5384615384615384,0.5833333333333334,0.56,0.625,0.9084577560424805
"0,20,14,16,4,9,23,4,15,5,11,13,11,13,8",0.5666666666666667,0.5285714285714286,0.6035463192721257,0.48,1.0,0.6486486486486487,0.6388888888888888,0.789445161819458
"14,19,17,11,5,11,6,9,20,16,10,17,22,12,14",0.4666666666666667,0.8714285714285714,0.6024348635235732,0.4090909090909091,0.75,0.5294117647058824,0.5138888888888888,1.1755752563476562
"0,14,22,11,16,4,7,0,9,4,10,16,0,8,0",0.6333333333333333,0.6714285714285714,0.6017111248966087,0.6,0.25,0.35294117647058826,0.5694444444444444,0.8041191101074219
"9,21,7,10,21,15,15,2,17,7,4,15,9,19,13",0.5666666666666667,0.6285714285714286,0.6013492555831266,0.47368421052631576,0.75,0.5806451612903226,0.5972222222222222,0.8238580226898193
"18,12,14,16,12,8,4,7,21,11,21,7,5,20,1",0.6,0.5285714285714286,0.6010649296939619,0.5,0.8333333333333334,0.625,0.6388888888888888,1.0956621170043945
"14,11,6,22,3,2,11,5,8,5,3,13,6,13,18",0.6,0.5571428571428572,0.6007030603804797,0.5,0.6666666666666666,0.5714285714285714,0.6111111111111112,0.7884628772735596
"7,7,7,14,7,22,17,6,1,14,16,15,14,16,11",0.6,0.5857142857142857,0.6004962779156328,0.5,0.6666666666666666,0.5714285714285714,0.6111111111111112,0.8516185283660889
"4,18,0,0,16,4,21,3,14,16,14,9,1,12,23",0.5333333333333333,0.7,0.5998500827129859,0.45,0.75,0.5625,0.5694444444444444,1.1825480461120605
"14,19,18,11,18,2,11,17,12,7,2,4,6,6,18",0.6333333333333333,0.4714285714285714,0.5989971050454921,0.5333333333333333,0.6666666666666666,0.5925925925925926,0.6388888888888888,1.7311925888061523
"10,16,6,23,12,18,18,14,14,2,10,1,21,5,15",0.5666666666666667,0.6142857142857143,0.5989712572373862,0.47368421052631576,0.75,0.5806451612903226,0.5972222222222222,1.1503112316131592
"6,16,20,16,10,17,22,12,14,23,0,10,21,12,13",0.4666666666666667,0.9,0.5984284532671629,0.4,0.6666666666666666,0.5,0.5,0.8700284957885742
"22,15,15,1,23,11,0,19,5,17,15,14,15,10,22",0.6,0.6142857142857143,0.5981441273779984,0.5,0.5833333333333334,0.5384615384615384,0.5972222222222223,1.2030398845672607
"8,0,5,8,21,11,16,11,17,11,15,16,0,18,9",0.5666666666666667,0.6428571428571429,0.5974462365591398,0.47058823529411764,0.6666666666666666,0.5517241379310345,0.5833333333333333,0.7811486721038818
"14,19,6,18,5,11,4,9,20,16,10,17,22,14,11",0.4,0.9714285714285714,0.5969292803970223,0.38461538461538464,0.8333333333333334,0.5263157894736842,0.4722222222222222,1.7242226600646973
"12,20,17,10,23,17,12,19,16,16,10,12,14,4,14",0.5333333333333333,0.7571428571428571,0.596800041356493,0.4375,0.5833333333333334,0.5,0.5416666666666667,0.9513015747070312
"6,4,9,17,11,17,11,9,9,8,10,11,21,17,10",0.5333333333333333,0.6571428571428571,0.5965157154673284,0.45454545454545453,0.8333333333333334,0.5882352941176471,0.5833333333333334,0.7447593212127686
"3,6,2,17,11,3,8,11,4,11,9,14,0,20,5",0.6333333333333333,0.42857142857142855,0.5956627377998346,0.5294117647058824,0.75,0.6206896551724138,0.6527777777777778,0.829010009765625
"14,19,6,4,5,11,6,9,20,16,10,17,22,12,14",0.43333333333333335,0.8857142857142857,0.5952233250620347,0.4,0.8333333333333334,0.5405405405405406,0.5,0.8116686344146729
"2,19,0,10,16,0,12,13,15,17,19,13,17,20,11",0.4666666666666667,0.7428571428571429,0.5949131513647643,0.42857142857142855,1.0,0.6,0.5555555555555556,2.109541654586792
"16,19,1,3,17,4,17,10,8,6,2,13,23,15,16",0.6666666666666666,0.45714285714285713,0.594137717121588,0.6,0.5,0.5454545454545454,0.6388888888888888,1.8596594333648682
"5,16,17,12,6,10,1,3,11,14,9,13,0,0,16",0.6333333333333333,0.4714285714285714,0.5940343258891646,0.5333333333333333,0.6666666666666666,0.5925925925925926,0.6388888888888888,0.7703614234924316
"17,0,13,16,17,16,6,12,14,11,22,0,15,14,11",0.43333333333333335,1.0,0.59375,0.3684210526315789,0.5833333333333334,0.45161290322580644,0.45833333333333337,0.9188311100006104
"17,0,13,16,17,16,4,12,14,11,22,0,15,14,11",0.43333333333333335,1.0,0.59375,0.3684210526315789,0.5833333333333334,0.45161290322580644,0.45833333333333337,0.9189538955688477
"23,10,14,0,5,13,0,3,5,18,2,14,17,2,3",0.5,0.7,0.5935690653432589,0.43478260869565216,0.8333333333333334,0.5714285714285714,0.5555555555555556,0.6878387928009033
"19,5,4,5,12,15,1,23,10,4,9,20,16,11,22",0.4666666666666667,0.7714285714285715,0.5933881306865177,0.4230769230769231,0.9166666666666666,0.5789473684210527,0.5416666666666666,1.56526780128479
"10,9,12,13,23,4,3,11,20,14,23,9,16,2,6",0.5666666666666667,0.5571428571428572,0.5932588916459884,0.47619047619047616,0.8333333333333334,0.6060606060606061,0.6111111111111112,0.706899881362915
"14,19,13,16,5,11,6,12,20,16,0,17,22,14,14",0.43333333333333335,0.9571428571428572,0.5928970223325062,0.38095238095238093,0.6666666666666666,0.48484848484848486,0.4722222222222222,0.851097822189331
"11,15,16,0,18,9,8,19,4,9,21,7,10,21,15",0.4666666666666667,0.7714285714285715,0.5925610008271298,0.4230769230769231,0.9166666666666666,0.5789473684210527,0.5416666666666666,0.8145718574523926
"14,14,0,11,8,23,16,4,23,2,14,13,11,20,2",0.4666666666666667,0.7285714285714285,0.592535153019024,0.42857142857142855,1.0,0.6,0.5555555555555556,0.8708541393280029
"17,12,19,16,16,10,12,14,4,14,19,10,8,2,14",0.5666666666666667,0.6,0.5924576095947063,0.47368421052631576,0.75,0.5806451612903226,0.5972222222222222,1.197303056716919
"8,0,8,12,18,2,8,1,15,0,5,4,5,4,0",0.5333333333333333,0.6142857142857143,0.5923542183622829,0.4583333333333333,0.9166666666666666,0.6111111111111112,0.5972222222222222,0.6383523941040039
"13,18,4,13,5,4,2,14,16,20,13,23,1,1,13",0.6333333333333333,0.5428571428571428,0.5920440446650124,0.5555555555555556,0.4166666666666667,0.47619047619047616,0.5972222222222222,0.7841575145721436
"13,8,0,8,22,14,9,20,6,5,11,20,8,20,0",0.5,0.7285714285714285,0.5917080231596361,0.43478260869565216,0.8333333333333334,0.5714285714285714,0.5555555555555556,0.8025150299072266
"15,14,11,20,9,22,0,10,17,4,12,19,0,19,13",0.5,0.7571428571428571,0.5910101323407775,0.4285714285714285,0.75,0.5454545454545454,0.5416666666666666,2.837003231048584
"18,11,9,6,21,9,19,16,3,14,12,12,21,10,9",0.5,0.9428571428571428,0.5905190239867659,0.36363636363636365,0.3333333333333333,0.34782608695652173,0.4722222222222222,1.270902156829834
"19,0,13,17,17,16,4,12,16,13,22,17,15,14,12",0.4,0.9857142857142858,0.5897177419354839,0.375,0.75,0.5,0.4583333333333333,1.7449159622192383
"6,0,13,11,17,11,4,8,14,7,22,14,15,7,11",0.4666666666666667,0.7857142857142857,0.589485111662531,0.4166666666666667,0.8333333333333334,0.5555555555555556,0.5277777777777778,0.8181815147399902
"11,22,3,8,12,17,22,5,15,16,0,11,4,0,7",0.5666666666666667,0.5428571428571428,0.5892266335814723,0.47619047619047616,0.8333333333333334,0.6060606060606061,0.6111111111111112,0.711456298828125
"13,10,7,16,15,17,0,13,17,17,4,6,12,15,7",0.6,0.6142857142857143,0.5888906120760959,0.5,0.4166666666666667,0.45454545454545453,0.5694444444444444,0.8273160457611084
"17,0,6,9,17,3,19,4,13,20,8,18,13,22,3",0.4666666666666667,0.8571428571428571,0.5888130686517783,0.4,0.6666666666666666,0.5,0.5,1.3308937549591064
"0,14,20,15,0,10,15,13,18,3,15,0,9,14,20",0.5,0.7428571428571429,0.5886321339950372,0.42857142857142855,0.75,0.5454545454545454,0.5416666666666666,0.8099949359893799
"22,11,1,3,15,3,14,1,19,18,12,14,16,12,8",0.6,0.4857142857142857,0.588477047146402,0.5,0.75,0.6,0.625,1.7054767608642578
"3,21,5,16,17,12,6,10,1,3,11,14,9,13,0",0.5333333333333333,0.5714285714285714,0.5881927212572374,0.46153846153846156,1.0,0.631578947368421,0.6111111111111112,1.7917356491088867
"15,5,11,20,11,13,0,13,5,15,14,9,7,19,13",0.43333333333333335,0.9,0.5880117866004962,0.391304347826087,0.75,0.5142857142857142,0.4861111111111111,0.8698475360870361
"3,11,14,9,13,0,0,16,9,7,13,13,0,17,5",0.6,0.4714285714285714,0.5874172870140612,0.5,0.8333333333333334,0.625,0.6388888888888888,0.6853923797607422
"11,21,17,10,13,23,16,4,20,17,1,0,11,13,0",0.5,0.7285714285714285,0.5870812655086849,0.42857142857142855,0.75,0.5454545454545454,0.5416666666666666,0.7774758338928223
"9,23,4,15,5,11,13,11,13,8,13,5,15,14,9",0.5333333333333333,0.6142857142857143,0.5869003308519438,0.45454545454545453,0.8333333333333334,0.5882352941176471,0.5833333333333334,0.7075479030609131
"10,4,4,6,5,13,12,18,8,20,16,10,0,23,9",0.5333333333333333,0.6857142857142857,0.5862282878411911,0.4444444444444444,0.6666666666666666,0.5333333333333333,0.5555555555555556,0.6975324153900146
"6,23,7,13,7,16,19,10,8,3,6,2,17,11,3",0.6333333333333333,0.4714285714285714,0.5860990488006617,0.5384615384615384,0.5833333333333334,0.56,0.625,0.8777084350585938
"14,1,14,1,0,9,20,12,14,10,23,7,1,3,22",0.6333333333333333,0.4714285714285714,0.5860990488006617,0.5384615384615384,0.5833333333333334,0.56,0.625,0.8489577770233154
"1,17,14,13,6,9,21,13,16,9,17,16,20,2,15",0.6,0.4857142857142857,0.5859956575682382,0.5,0.75,0.6,0.625,0.9767990112304688
"3,15,3,14,1,19,18,12,14,16,12,8,4,7,21",0.5333333333333333,0.5857142857142857,0.5859439619520264,0.4583333333333333,0.9166666666666666,0.6111111111111112,0.5972222222222222,1.765993356704712
"14,22,11,16,4,7,0,9,4,10,16,0,8,0,12",0.5,0.7857142857142857,0.5856854838709677,0.4117647058823529,0.5833333333333334,0.4827586206896552,0.5138888888888888,0.7893266677856445
"14,19,16,23,15,20,6,15,13,10,14,1,0,18,13",0.5,0.7142857142857143,0.5855303970223324,0.42857142857142855,0.75,0.5454545454545454,0.5416666666666666,1.1293153762817383
"12,14,22,3,12,6,20,13,0,12,14,22,4,15,9",0.5,0.7285714285714285,0.585427005789909,0.42857142857142855,0.75,0.5454545454545454,0.5416666666666666,0.7479145526885986
"10,14,1,0,18,13,23,10,1,17,20,9,2,8,14",0.6,0.5142857142857142,0.5852977667493797,0.5,0.6666666666666666,0.5714285714285714,0.6111111111111112,0.7773869037628174
"7,3,6,2,0,3,8,7,3,21,5,16,17,12,6",0.5333333333333333,0.6571428571428571,0.5852719189412737,0.45,0.75,0.5625,0.5694444444444444,0.6389362812042236
"9,6,7,4,11,0,21,8,11,5,10,23,1,11,6",0.5,0.6142857142857143,0.585246071133168,0.4444444444444444,1.0,0.6153846153846154,0.5833333333333334,0.6353907585144043
"9,21,12,13,10,7,16,15,17,0,13,17,17,4,6",0.6,0.5142857142857142,0.5844706368899918,0.5,0.6666666666666666,0.5714285714285714,0.6111111111111112,0.8073797225952148
"18,2,12,1,19,4,3,16,13,17,22,16,18,2,17",0.5333333333333333,0.6571428571428571,0.5844447890818858,0.45,0.75,0.5625,0.5694444444444444,1.8251607418060303
"6,6,11,19,10,6,4,20,0,14,20,15,0,10,15",0.5,0.7142857142857143,0.5838761373035566,0.42857142857142855,0.75,0.5454545454545454,0.5416666666666666,0.6660661697387695
"9,18,2,12,1,19,4,3,16,13,17,22,16,18,2",0.5666666666666667,0.5428571428571428,0.583772746071133,0.47368421052631576,0.75,0.5806451612903226,0.5972222222222222,1.180527925491333
"14,17,9,5,14,0,1,19,13,23,9,12,7,9,12",0.5,0.6285714285714286,0.5834884201819686,0.4444444444444444,1.0,0.6153846153846154,0.5833333333333334,0.808560848236084
"19,0,13,6,17,4,6,12,16,11,0,17,16,14,12",0.4,1.0,0.5833333333333333,0.36363636363636365,0.6666666666666666,0.47058823529411764,0.4444444444444444,1.5446960926055908
"17,23,13,16,18,4,10,12,15,16,0,9,15,14,10",0.4,1.0,0.5833333333333333,0.36363636363636365,0.6666666666666666,0.47058823529411764,0.4444444444444444,1.0132358074188232
"17,0,10,15,18,17,10,14,15,7,21,6,15,9,10",0.4666666666666667,0.8142857142857143,0.582997311827957,0.4090909090909091,0.75,0.5294117647058824,0.5138888888888888,1.1132771968841553
"15,10,21,10,16,1,2,16,4,4,5,14,1,17,2",0.5333333333333333,0.5571428571428572,0.5828422249793217,0.4583333333333333,0.9166666666666666,0.6111111111111112,0.5972222222222222,0.7700440883636475
"17,6,1,14,16,15,14,16,11,0,23,5,14,4,8",0.6,0.5571428571428572,0.5823511166253101,0.5,0.5,0.5,0.5833333333333333,0.8691191673278809
"11,21,11,15,7,10,20,6,10,4,14,5,1,8,14",0.6333333333333333,0.44285714285714284,0.5821701819685691,0.5384615384615384,0.5833333333333334,0.56,0.625,0.710543155670166
"11,4,18,11,11,11,7,8,4,18,0,14,16,4,21",0.5666666666666667,0.5142857142857142,0.581989247311828,0.47619047619047616,0.8333333333333334,0.6060606060606061,0.6111111111111112,0.7558262348175049
"2,15,20,16,11,5,12,19,6,11,16,23,8,10,23",0.6333333333333333,0.5,0.5816015301902399,0.5555555555555556,0.4166666666666667,0.47619047619047616,0.5972222222222222,0.8279356956481934
"17,20,14,10,12,3,2,14,19,16,23,15,20,6,15",0.5333333333333333,0.7,0.5814981389578164,0.4375,0.5833333333333334,0.5,0.5416666666666667,1.229212999343872
"10,12,23,10,14,0,5,13,0,3,5,18,2,14,17",0.5333333333333333,0.7142857142857143,0.5813947477253929,0.4375,0.5833333333333334,0.5,0.5416666666666667,0.6980047225952148
"5,14,4,8,5,9,3,17,15,21,6,11,14,17,17",0.5,0.6428571428571429,0.5812396608767576,0.44,0.9166666666666666,0.5945945945945946,0.5694444444444444,0.8131494522094727
"17,23,10,17,17,17,4,12,15,11,21,9,3,7,11",0.43333333333333335,0.8714285714285714,0.5807744003308519,0.391304347826087,0.75,0.5142857142857142,0.4861111111111111,1.0834746360778809
"13,15,1,12,5,13,5,18,8,10,9,7,15,0,13",0.5666666666666667,0.5857142857142857,0.5804900744416873,0.47058823529411764,0.6666666666666666,0.5517241379310345,0.5833333333333333,0.8006415367126465
"6,0,13,10,17,3,7,16,14,7,22,9,15,4,21",0.5,0.6857142857142857,0.5804383788254757,0.43478260869565216,0.8333333333333334,0.5714285714285714,0.5555555555555556,0.7876830101013184
"6,0,13,11,17,3,10,16,14,7,22,9,15,20,7",0.5,0.6428571428571429,0.5804125310173698,0.44,0.9166666666666666,0.5945945945945946,0.5694444444444444,0.8147718906402588
"16,20,10,21,6,10,4,19,4,15,17,16,8,14,20",0.5,0.6142857142857143,0.5802832919768404,0.4444444444444444,1.0,0.6153846153846154,0.5833333333333334,0.8788666725158691
"10,7,16,15,17,0,13,17,17,4,6,12,15,7,22",0.6,0.4857142857142857,0.5797146401985112,0.5,0.6666666666666666,0.5714285714285714,0.6111111111111112,0.7906043529510498
"6,23,10,17,18,3,4,16,14,16,21,9,15,7,11",0.6,0.6571428571428571,0.5793269230769231,0.5,0.25,0.3333333333333333,0.5416666666666667,1.0597295761108398
"3,0,14,22,11,16,4,7,0,9,4,10,16,0,8",0.6,0.5857142857142857,0.5791718362282878,0.5,0.4166666666666667,0.45454545454545453,0.5694444444444444,0.7560901641845703
"6,23,5,11,14,22,8,2,11,17,8,19,5,4,9",0.6,0.5428571428571428,0.579145988420182,0.5,0.5,0.5,0.5833333333333333,0.7247250080108643
"0,15,21,2,14,23,11,17,0,3,3,18,6,8,8",0.5,0.7428571428571429,0.5790425971877585,0.42105263157894735,0.6666666666666666,0.5161290322580645,0.5277777777777778,0.9035665988922119
"15,15,1,23,11,0,19,5,17,15,14,15,10,22,9",0.5,0.6857142857142857,0.5782930107526882,0.42857142857142855,0.75,0.5454545454545454,0.5416666666666666,1.1580538749694824
"11,2,8,15,20,7,14,3,15,20,11,16,6,3,17",0.6,0.5285714285714286,0.5780862282878413,0.5,0.5833333333333334,0.5384615384615384,0.5972222222222223,0.76959228515625
"14,21,8,22,0,14,11,20,1,2,5,17,12,5,6",0.6,0.6,0.5774141852770884,0.5,0.4166666666666667,0.45454545454545453,0.5694444444444444,0.7778279781341553
"2,11,5,8,5,3,13,6,13,18,13,23,1,9,23",0.5333333333333333,0.5428571428571428,0.5771557071960297,0.4583333333333333,0.9166666666666666,0.6111111111111112,0.5972222222222222,0.7191846370697021
"20,17,1,0,11,13,0,3,13,22,15,5,10,9,12",0.5,0.6,0.5770781637717122,0.4444444444444444,1.0,0.6153846153846154,0.5833333333333334,1.0403456687927246
"17,23,13,11,17,17,6,12,15,11,22,17,15,12,14",0.43333333333333335,0.9714285714285714,0.576095947063689,0.35294117647058826,0.5,0.41379310344827586,0.4444444444444444,1.0492353439331055
"3,17,11,17,19,19,13,16,7,15,5,22,16,13,7",0.5333333333333333,0.5142857142857142,0.5753722084367245,0.46153846153846156,1.0,0.631578947368421,0.6111111111111112,3.60557222366333
"16,11,4,15,7,13,4,18,7,22,17,8,10,18,15",0.5,0.7857142857142857,0.575268817204301,0.4,0.5,0.4444444444444444,0.5,0.8787672519683838
"8,14,7,2,18,15,19,1,17,14,13,6,9,21,13",0.5666666666666667,0.5857142857142857,0.5750361869313482,0.4666666666666667,0.5833333333333334,0.5185185185185185,0.5694444444444444,1.4201946258544922
"13,16,9,17,16,20,2,15,3,6,21,15,18,3,9",0.5,0.6857142857142857,0.5749844913151365,0.42857142857142855,0.75,0.5454545454545454,0.5416666666666666,0.8599402904510498
"19,10,6,4,20,0,14,20,15,0,10,15,13,18,3",0.43333333333333335,0.7857142857142857,0.5749327956989247,0.4074074074074074,0.9166666666666666,0.5641025641025641,0.5138888888888888,1.4875385761260986
"18,19,6,17,8,5,4,23,0,9,18,7,12,6,10",0.6,0.6857142857142857,0.574493382961125,0.5,0.16666666666666666,0.25,0.5277777777777778,2.558755874633789
"19,2,2,7,13,7,6,13,17,9,17,8,15,11,14",0.5,0.7142857142857143,0.5742866004962779,0.42105263157894735,0.6666666666666666,0.5161290322580645,0.5277777777777778,1.6424388885498047
"19,15,1,13,20,3,14,3,1,20,10,16,19,2,14",0.6,0.5,0.5741573614557487,0.5,0.5833333333333334,0.5384615384615384,0.5972222222222223,1.9710679054260254
"12,3,14,11,6,22,3,2,11,5,8,5,3,13,6",0.5666666666666667,0.5142857142857142,0.574053970223325,0.47368421052631576,0.75,0.5806451612903226,0.5972222222222222,0.6505441665649414
"15,17,19,13,17,20,11,13,4,19,19,6,1,1,8",0.4666666666666667,0.8,0.5735111662531017,0.4,0.6666666666666666,0.5,0.5,3.5367326736450195
"8,16,17,23,14,4,22,14,17,13,17,1,1,4,15",0.6333333333333333,0.5285714285714286,0.57345947063689,0.5714285714285714,0.3333333333333333,0.42105263157894735,0.5833333333333334,0.9023005962371826
"4,20,17,1,0,11,13,0,3,13,22,15,5,10,9",0.5666666666666667,0.5285714285714286,0.5731234491315136,0.47368421052631576,0.75,0.5806451612903226,0.5972222222222222,1.0384833812713623
"2,2,18,13,3,6,21,4,9,8,11,9,0,12,8",0.6333333333333333,0.5428571428571428,0.5728649710504549,0.6,0.25,0.35294117647058826,0.5694444444444444,1.096127986907959
"8,1,0,14,0,12,16,8,16,17,23,14,4,22,14",0.5666666666666667,0.5714285714285714,0.5726581885856079,0.4666666666666667,0.5833333333333334,0.5185185185185185,0.5694444444444444,0.8136186599731445
"3,17,23,17,19,19,13,16,7,17,5,22,16,13,7",0.6,0.5285714285714286,0.572632340777502,0.5,0.5,0.5,0.5833333333333333,4.8350441455841064
"17,23,13,2,17,11,6,8,15,11,22,14,15,14,10",0.5666666666666667,0.6285714285714286,0.5725806451612904,0.46153846153846156,0.5,0.48,0.5555555555555556,0.9610562324523926
"4,15,13,11,17,11,6,12,15,5,15,14,15,7,6",0.43333333333333335,0.7714285714285715,0.5725547973531844,0.4074074074074074,0.9166666666666666,0.5641025641025641,0.5138888888888888,0.8496527671813965
"19,18,11,10,21,3,3,3,2,16,0,1,14,1,20",0.6,0.5,0.5725031017369728,0.5,0.5833333333333334,0.5384615384615384,0.5972222222222223,2.5599217414855957
"10,15,9,13,6,4,17,7,14,4,19,3,18,17,21",0.5333333333333333,0.6142857142857143,0.5723480148883374,0.45,0.75,0.5625,0.5694444444444444,1.958622694015503
"13,17,17,4,6,12,15,7,22,9,15,14,16,12,1",0.5,0.5714285714285714,0.5723221670802316,0.4444444444444444,1.0,0.6153846153846154,0.5833333333333334,0.825355052947998
"13,1,20,9,7,19,7,9,2,11,6,2,3,16,5",0.5333333333333333,0.5428571428571428,0.5721929280397022,0.4583333333333333,0.9166666666666666,0.6111111111111112,0.5972222222222222,0.7278492450714111
"0,0,15,18,4,10,3,0,16,19,5,6,13,21,10",0.43333333333333335,0.9571428571428572,0.5720636889991728,0.35294117647058826,0.5,0.41379310344827586,0.4444444444444444,0.9241499900817871
"17,20,8,3,0,22,14,19,18,11,18,2,11,17,12",0.4666666666666667,0.7857142857142857,0.5719602977667494,0.4,0.6666666666666666,0.5,0.5,1.911376714706421
"12,6,20,13,0,12,14,22,4,15,9,12,1,5,16",0.5,0.6714285714285714,0.5717793631100083,0.42857142857142855,0.75,0.5454545454545454,0.5416666666666666,0.7454721927642822
"10,15,22,15,15,1,23,11,0,19,5,17,15,14,15",0.5333333333333333,0.6285714285714286,0.5717535153019024,0.4444444444444444,0.6666666666666666,0.5333333333333333,0.5555555555555556,1.120633602142334
"19,17,0,20,1,13,8,14,7,2,18,15,19,1,17",0.6,0.45714285714285713,0.5716501240694789,0.5,0.6666666666666666,0.5714285714285714,0.6111111111111112,2.8886141777038574
"18,13,0,14,9,9,7,4,4,7,13,1,20,9,7",0.6,0.5571428571428572,0.5711073200992556,0.5,0.4166666666666667,0.45454545454545453,0.5694444444444444,1.0485148429870605
"12,19,5,12,0,9,23,9,3,9,16,14,8,5,2",0.4666666666666667,0.7142857142857143,0.5709780810587263,0.4166666666666667,0.8333333333333334,0.5555555555555556,0.5277777777777778,0.7139813899993896
"19,8,9,12,8,7,14,3,15,10,18,9,16,4,12",0.5,0.5857142857142857,0.5705645161290323,0.4444444444444444,1.0,0.6153846153846154,0.5833333333333334,1.5840394496917725
"11,8,1,1,12,2,16,10,18,19,19,7,15,6,5",0.6666666666666666,0.4571428571428571,0.5703318858560793,0.75,0.25,0.375,0.5972222222222222,3.842149019241333
"15,5,11,13,11,13,8,13,5,15,3,9,7,6,3",0.4666666666666667,0.7428571428571429,0.5702801902398676,0.4090909090909091,0.75,0.5294117647058824,0.5138888888888888,0.7977454662322998
"19,9,15,14,11,13,7,18,1,3,2,17,0,3,2",0.5333333333333333,0.6142857142857143,0.5702026468155501,0.4444444444444444,0.6666666666666666,0.5333333333333333,0.5555555555555556,1.7896397113800049
"19,16,17,10,3,4,16,14,20,4,7,16,7,11,18",0.5666666666666667,0.5714285714285714,0.5701767990074442,0.4666666666666667,0.5833333333333334,0.5185185185185185,0.5694444444444444,1.8823182582855225
"15,5,11,5,11,13,2,13,5,15,14,9,7,1,0",0.6,0.4,0.5700734077750207,0.5,0.75,0.6,0.625,0.7562718391418457
"11,17,18,10,11,19,7,14,7,16,0,0,16,4,7",0.43333333333333335,0.7285714285714285,0.5700475599669148,0.41379310344827586,1.0,0.5853658536585366,0.5277777777777778,0.8650329113006592
"4,7,0,9,4,10,16,0,8,0,12,14,22,3,12",0.5,0.6,0.5699700165425972,0.44,0.9166666666666666,0.5945945945945946,0.5694444444444444,0.621290922164917
"4,0,5,11,13,3,13,8,14,7,15,14,15,7,11",0.4666666666666667,0.6571428571428571,0.5698924731182796,0.42857142857142855,1.0,0.6,0.5555555555555556,0.6913740634918213
"14,19,13,11,17,11,4,12,7,16,10,17,15,12,14",0.4666666666666667,0.8571428571428571,0.5696339950372208,0.375,0.5,0.42857142857142855,0.4722222222222222,0.8625819683074951
"19,10,12,23,10,14,0,5,13,0,3,5,18,2,14",0.4666666666666667,0.8142857142857143,0.569608147229115,0.3888888888888889,0.5833333333333334,0.4666666666666667,0.48611111111111116,1.5146324634552002
"4,19,19,6,1,1,8,3,14,8,14,11,9,11,23",0.43333333333333335,0.8714285714285714,0.5695306038047974,0.38095238095238093,0.6666666666666666,0.48484848484848486,0.4722222222222222,3.7829556465148926
"7,2,2,18,13,3,6,21,4,9,8,11,9,0,12",0.6333333333333333,0.5142857142857142,0.5694272125723738,0.5714285714285714,0.3333333333333333,0.42105263157894735,0.5833333333333334,0.6841874122619629
"14,17,17,17,19,14,7,6,21,1,6,8,9,15,22",0.5,0.6285714285714286,0.5692721257237386,0.43478260869565216,0.8333333333333334,0.5714285714285714,0.5555555555555556,1.4636082649230957
"7,13,4,18,7,22,17,8,10,18,15,12,13,3,14",0.5666666666666667,0.5857142857142857,0.5692462779156328,0.4666666666666667,0.5833333333333334,0.5185185185185185,0.5694444444444444,0.7902944087982178
"17,19,13,17,17,17,4,12,15,7,22,17,15,14,10",0.4,0.8,0.5685483870967742,0.4,1.0,0.5714285714285714,0.5,1.6395525932312012
"21,13,12,19,5,12,0,9,23,9,3,9,16,14,8",0.43333333333333335,0.8,0.5685483870967742,0.4,0.8333333333333334,0.5405405405405406,0.5,0.8463518619537354
"4,20,0,14,20,15,0,10,15,13,18,3,15,0,9",0.5,0.7142857142857143,0.5684966914805625,0.42105263157894735,0.6666666666666666,0.5161290322580645,0.5277777777777778,0.7726702690124512
"17,19,8,0,8,12,18,2,8,1,15,0,5,4,5",0.5666666666666667,0.6,0.5678246484698097,0.46153846153846156,0.5,0.48,0.5555555555555556,1.527174472808838
"5,15,17,10,12,1,3,21,12,3,14,11,6,22,3",0.6,0.5142857142857142,0.567772952853598,0.5,0.5,0.5,0.5833333333333333,0.7615127563476562
"2,14,19,16,23,15,20,6,15,13,10,14,1,0,18",0.5,0.5571428571428572,0.5674627791563276,0.4444444444444444,1.0,0.6153846153846154,0.5833333333333334,1.1126136779785156
"15,5,11,13,11,13,8,13,5,15,14,9,5,6,3",0.4666666666666667,0.8,0.5672301488833748,0.3888888888888889,0.5833333333333334,0.4666666666666667,0.48611111111111116,0.7766618728637695
"8,11,3,6,17,11,0,13,15,1,9,0,1,12,13",0.5666666666666667,0.5285714285714286,0.5668424317617866,0.47058823529411764,0.6666666666666666,0.5517241379310345,0.5833333333333333,0.6442248821258545
"14,1,17,2,8,16,9,2,19,0,10,16,0,12,13",0.6,0.4857142857142857,0.5668165839536808,0.5,0.5833333333333334,0.5384615384615384,0.5972222222222223,0.7792971134185791
"14,13,6,9,21,13,16,9,17,16,20,2,15,3,6",0.5,0.6857142857142857,0.5662220843672456,0.42105263157894735,0.6666666666666666,0.5161290322580645,0.5277777777777778,0.8158318996429443
"13,17,20,11,13,4,19,19,6,1,1,8,3,14,8",0.43333333333333335,0.7428571428571429,0.566144540942928,0.4074074074074074,0.9166666666666666,0.5641025641025641,0.5138888888888888,2.8747470378875732
"4,10,3,0,16,19,5,6,13,21,10,5,10,10,20",0.5333333333333333,0.6571428571428571,0.5660928453267163,0.4375,0.5833333333333334,0.5,0.5416666666666667,0.8342771530151367
"7,7,7,13,7,13,17,6,1,14,16,9,14,16,11",0.5666666666666667,0.5714285714285714,0.5660411497105046,0.4666666666666667,0.5833333333333334,0.5185185185185185,0.5694444444444444,0.822808027267456
"11,4,5,11,11,8,7,8,4,20,15,0,16,7,21",0.4666666666666667,0.7142857142857143,0.5660153019023987,0.4166666666666667,0.8333333333333334,0.5555555555555556,0.5277777777777778,0.7327778339385986
"3,12,6,20,13,0,12,14,22,4,15,9,12,1,5",0.6333333333333333,0.42857142857142855,0.5655758891645988,0.5555555555555556,0.4166666666666667,0.47619047619047616,0.5972222222222222,0.7245833873748779
"8,23,3,5,14,1,14,1,0,9,20,12,14,10,23",0.5666666666666667,0.5428571428571428,0.5654208023159636,0.4666666666666667,0.5833333333333334,0.5185185185185185,0.5694444444444444,0.6839327812194824
"7,7,7,13,7,13,17,13,1,14,16,9,14,16,11",0.5,0.6285714285714286,0.565136476426799,0.43478260869565216,0.8333333333333334,0.5714285714285714,0.5555555555555556,0.819892406463623
"16,15,14,16,11,0,23,5,14,4,8,5,9,3,17",0.43333333333333335,0.7428571428571429,0.5644902812241521,0.4074074074074074,0.9166666666666666,0.5641025641025641,0.5138888888888888,0.7829303741455078
"6,15,16,1,0,8,1,0,14,0,12,16,8,16,17",0.5333333333333333,0.5428571428571428,0.5637665425971877,0.45,0.75,0.5625,0.5694444444444444,0.7712578773498535
"11,9,6,21,9,19,16,3,14,12,12,21,10,9,4",0.4666666666666667,0.6142857142857143,0.5635856079404467,0.42857142857142855,1.0,0.6,0.5555555555555556,0.9243261814117432
"18,3,0,13,8,14,11,5,21,14,19,7,20,15,23",0.4666666666666667,0.6285714285714286,0.5634822167080231,0.42857142857142855,1.0,0.6,0.5555555555555556,1.1972103118896484
"13,7,16,19,10,8,3,6,2,17,11,3,8,11,4",0.6666666666666666,0.45714285714285713,0.5632237386269644,1.0,0.16666666666666666,0.2857142857142857,0.5833333333333334,0.8931372165679932
"4,15,13,5,3,5,12,2,23,14,8,21,10,15,13",0.4666666666666667,0.7142857142857143,0.5630428039702233,0.4090909090909091,0.75,0.5294117647058824,0.5138888888888888,0.8055713176727295
"13,23,10,1,17,20,9,2,8,14,2,15,20,16,11",0.6,0.5,0.5629135649296939,0.5,0.5,0.5,0.5833333333333333,0.8515725135803223
"23,2,14,13,11,20,2,17,23,7,11,14,19,12,7",0.4666666666666667,0.7142857142857143,0.5622156741108354,0.4090909090909091,0.75,0.5294117647058824,0.5138888888888888,1.119335412979126
"8,3,0,22,14,19,18,11,18,2,11,17,12,7,2",0.5666666666666667,0.5428571428571428,0.5621122828784119,0.4666666666666667,0.5833333333333334,0.5185185185185185,0.5694444444444444,1.6776890754699707
"18,19,1,18,4,13,8,20,17,14,4,4,17,15,21",0.5,0.5857142857142857,0.5618021091811414,0.44,0.9166666666666666,0.5945945945945946,0.5694444444444444,3.383328914642334
"16,6,13,18,15,3,4,9,3,14,0,0,17,7,8",0.4,0.9571428571428572,0.5616470223325062,0.35,0.5833333333333334,0.4375,0.4305555555555556,0.7831037044525146
"11,3,8,11,4,11,9,14,0,20,5,8,21,2,6",0.6,0.5285714285714286,0.5613885442514475,0.5,0.4166666666666667,0.45454545454545453,0.5694444444444444,0.6435582637786865
"10,0,0,16,3,7,5,3,16,11,1,15,13,8,20",0.5333333333333333,0.6142857142857143,0.5606131100082714,0.4375,0.5833333333333334,0.5,0.5416666666666667,0.6396479606628418
"11,20,1,2,5,17,12,5,6,2,11,16,14,1,0",0.6,0.44285714285714284,0.5605097187758479,0.5,0.5833333333333334,0.5384615384615384,0.5972222222222223,0.6763327121734619
"14,19,13,11,5,11,6,9,20,11,10,17,22,12,14",0.43333333333333335,0.7571428571428571,0.5597601323407775,0.4,0.8333333333333334,0.5405405405405406,0.5,0.8639264106750488
"11,17,11,9,9,8,10,11,21,17,10,13,23,16,4",0.5333333333333333,0.5285714285714286,0.5593982630272953,0.45454545454545453,0.8333333333333334,0.5882352941176471,0.5833333333333334,0.8224508762359619
"6,19,5,17,13,3,13,8,13,20,4,7,9,7,11",0.4,0.8714285714285714,0.5591139371381306,0.375,0.75,0.5,0.4583333333333333,2.0436182022094727
"2,14,3,11,22,8,11,4,10,13,14,21,1,5,5",0.6,0.4714285714285714,0.5589846980976012,0.5,0.5,0.5,0.5833333333333333,0.794212818145752
"9,3,9,16,14,8,5,2,2,13,6,6,17,20,8",0.5333333333333333,0.5714285714285714,0.5589330024813897,0.4444444444444444,0.6666666666666666,0.5333333333333333,0.5555555555555556,0.7029342651367188
"13,20,4,17,1,8,0,6,1,14,9,3,7,6,12",0.5,0.5857142857142857,0.5588296112489661,0.43478260869565216,0.8333333333333334,0.5714285714285714,0.5555555555555556,0.6846482753753662
"13,12,19,5,12,0,9,23,9,3,9,16,14,8,5",0.43333333333333335,0.8142857142857143,0.5583643507030603,0.38095238095238093,0.6666666666666666,0.48484848484848486,0.4722222222222222,0.7702555656433105
"17,20,11,13,4,19,19,6,1,1,8,3,14,8,14",0.43333333333333335,0.7571428571428571,0.5581058726220016,0.4,0.8333333333333334,0.5405405405405406,0.5,3.0639419555664062
"23,9,8,7,3,21,3,11,19,1,15,12,14,4,16",0.5,0.6285714285714286,0.558028329197684,0.42857142857142855,0.75,0.5454545454545454,0.5416666666666666,0.8810789585113525
"15,5,5,13,13,13,13,8,13,15,14,9,9,6,3",0.5,0.5714285714285714,0.5577698511166252,0.44,0.9166666666666666,0.5945945945945946,0.5694444444444444,0.8837642669677734
"12,6,11,2,5,12,15,1,12,14,12,23,12,20,3",0.5333333333333333,0.6142857142857143,0.5573045905707197,0.4375,0.5833333333333334,0.5,0.5416666666666667,0.7443530559539795
"7,14,0,18,13,23,7,14,6,3,4,23,15,17,18",0.5666666666666667,0.5714285714285714,0.5572787427626138,0.46153846153846156,0.5,0.48,0.5555555555555556,0.8833053112030029
"12,16,8,16,17,23,14,4,22,14,17,13,17,1,1",0.43333333333333335,0.7142857142857143,0.5572528949545078,0.4074074074074074,0.9166666666666666,0.5641025641025641,0.5138888888888888,0.8670608997344971
"9,17,11,17,11,9,9,8,10,11,21,17,10,13,23",0.5333333333333333,0.6714285714285714,0.557227047146402,0.42857142857142855,0.5,0.46153846153846156,0.5277777777777778,0.8377540111541748
"15,7,22,9,15,14,16,12,1,0,15,8,21,7,6",0.5,0.5,0.5571236559139785,0.4444444444444444,1.0,0.6153846153846154,0.5833333333333334,0.8337361812591553
"9,1,23,9,17,19,8,0,8,12,18,2,8,1,15",0.5333333333333333,0.5714285714285714,0.5564516129032258,0.4444444444444444,0.6666666666666666,0.5333333333333333,0.5555555555555556,1.2698159217834473
"5,10,9,12,13,23,4,3,11,20,14,23,9,16,2",0.4666666666666667,0.6,0.5562448304383789,0.42857142857142855,1.0,0.6,0.5555555555555556,0.6957075595855713
"21,11,10,7,2,0,7,19,7,7,12,1,21,7,5",0.5,0.5285714285714286,0.5560897435897436,0.4444444444444444,1.0,0.6153846153846154,0.5833333333333334,0.7602307796478271
"19,19,13,10,7,8,5,14,16,13,7,0,15,23,12",0.5,0.6857142857142857,0.5558054177005789,0.4117647058823529,0.5833333333333334,0.4827586206896552,0.5138888888888888,3.7335617542266846
"8,7,3,21,3,11,19,1,15,12,14,4,16,10,20",0.5333333333333333,0.5857142857142857,0.5555210918114144,0.4444444444444444,0.6666666666666666,0.5333333333333333,0.5555555555555556,0.8971157073974609
"9,13,0,0,16,9,7,13,13,0,17,5,14,12,11",0.5,0.5142857142857142,0.5553660049627791,0.4444444444444444,1.0,0.6153846153846154,0.5833333333333334,0.7164821624755859
"17,23,5,11,18,17,10,8,15,16,15,6,15,7,10",0.4,0.9714285714285714,0.5552626137303557,0.3333333333333333,0.5,0.4,0.41666666666666663,1.1178762912750244
"3,23,9,13,5,20,10,2,11,20,3,3,15,5,7",0.6333333333333333,0.5142857142857142,0.5552109181141439,0.6666666666666666,0.16666666666666666,0.26666666666666666,0.5555555555555556,0.7046995162963867
"19,0,10,2,10,18,11,4,18,10,11,8,7,14,4",0.5333333333333333,0.7142857142857143,0.5551075268817205,0.4,0.3333333333333333,0.36363636363636365,0.5,1.5625784397125244
"11,5,10,22,12,1,5,16,6,10,9,8,7,23,0",0.5333333333333333,0.5857142857142857,0.5550299834574028,0.4375,0.5833333333333334,0.5,0.5416666666666667,0.6792478561401367
"17,0,13,14,17,4,10,12,14,11,22,17,15,18,16",0.43333333333333335,0.7714285714285715,0.5550299834574028,0.391304347826087,0.75,0.5142857142857142,0.4861111111111111,1.00480055809021
"6,9,21,13,16,9,17,16,20,2,15,3,6,21,15",0.5333333333333333,0.5,0.5546422663358147,0.45454545454545453,0.8333333333333334,0.5882352941176471,0.5833333333333334,0.8073000907897949
"9,10,9,12,4,0,4,23,8,0,23,13,16,15,0",0.5,0.5571428571428572,0.554564722911497,0.44,0.9166666666666666,0.5945945945945946,0.5694444444444444,0.6892790794372559
"12,4,20,4,0,14,10,14,6,8,6,15,17,10,0",0.5666666666666667,0.6428571428571429,0.5544613316790736,0.4285714285714285,0.25,0.3157894736842105,0.5138888888888888,0.6637499332427979
"7,2,5,18,12,16,23,14,12,19,5,18,16,20,5",0.5666666666666667,0.5571428571428572,0.5540736145574856,0.46153846153846156,0.5,0.48,0.5555555555555556,1.8043978214263916
"7,16,7,11,18,12,17,22,8,15,21,1,16,14,11",0.5666666666666667,0.5571428571428572,0.5540736145574856,0.46153846153846156,0.5,0.48,0.5555555555555556,0.9236454963684082
"7,7,7,14,7,22,2,6,1,14,16,15,14,16,11",0.5666666666666667,0.5571428571428572,0.5540736145574856,0.46153846153846156,0.5,0.48,0.5555555555555556,0.775193452835083
"11,15,6,22,8,11,16,20,14,8,8,4,7,10,12",0.4666666666666667,0.6285714285714286,0.5538926799007444,0.4230769230769231,0.9166666666666666,0.5789473684210527,0.5416666666666666,0.7543783187866211
"23,14,4,22,14,17,13,17,1,1,4,15,13,5,3",0.4666666666666667,0.6,0.553763440860215,0.42857142857142855,1.0,0.6,0.5555555555555556,0.9107506275177002
"10,2,16,1,10,9,6,0,8,2,16,14,12,7,12",0.6,0.5571428571428572,0.553582506203474,0.5,0.25,0.3333333333333333,0.5416666666666667,0.7129819393157959
"21,7,15,2,18,19,1,18,4,13,8,20,17,14,4",0.5666666666666667,0.5,0.5533240281224152,0.4666666666666667,0.5833333333333334,0.5185185185185185,0.5694444444444444,3.000640630722046
"19,17,15,14,11,13,7,6,1,1,2,17,0,15,2",0.5333333333333333,0.5571428571428572,0.5532464846980976,0.4444444444444444,0.6666666666666666,0.5333333333333333,0.5555555555555556,2.156745433807373
"15,5,11,10,11,8,8,14,5,15,14,0,7,6,3",0.43333333333333335,0.7,0.5532206368899917,0.4074074074074074,0.9166666666666666,0.5641025641025641,0.5138888888888888,0.81044602394104
"21,5,15,0,1,20,7,14,0,18,13,23,7,14,6",0.5,0.5142857142857142,0.5528846153846154,0.4444444444444444,1.0,0.6153846153846154,0.5833333333333334,1.105860948562622
"23,1,1,13,19,12,9,18,2,12,1,19,4,3,16",0.5666666666666667,0.5714285714285714,0.5526519851116625,0.45454545454545453,0.4166666666666667,0.43478260869565216,0.5416666666666666,1.360722303390503
"3,4,23,15,17,18,17,12,21,8,15,3,2,12,5",0.5,0.6857142857142857,0.5520057899090157,0.4,0.5,0.4444444444444444,0.5,1.5630371570587158
"9,12,13,23,4,3,11,20,14,23,9,16,2,6,18",0.5666666666666667,0.6285714285714286,0.551747311827957,0.4444444444444444,0.3333333333333333,0.38095238095238093,0.5277777777777778,0.7774913311004639
"8,0,23,13,16,15,0,5,2,22,1,14,16,7,6",0.5666666666666667,0.5857142857142857,0.5517214640198511,0.45454545454545453,0.4166666666666667,0.43478260869565216,0.5416666666666666,0.7274551391601562
"16,7,16,5,22,16,13,7,18,15,23,12,17,12,5",0.5666666666666667,0.5428571428571428,0.5516956162117452,0.46153846153846156,0.5,0.48,0.5555555555555556,0.9183700084686279
"14,2,10,1,21,5,15,0,1,20,7,14,0,18,13",0.5666666666666667,0.5,0.5516697684036393,0.4666666666666667,0.5833333333333334,0.5185185185185185,0.5694444444444444,0.7714812755584717
"2,16,14,12,7,12,22,2,15,12,19,13,19,18,3",0.5333333333333333,0.6,0.5516180727874277,0.4375,0.5833333333333334,0.5,0.5416666666666667,1.8496763706207275
"8,15,22,0,10,13,15,1,12,5,13,5,18,8,10",0.5333333333333333,0.5285714285714286,0.5514629859387924,0.45,0.75,0.5625,0.5694444444444444,0.7585668563842773
"13,8,0,5,8,21,11,16,11,17,11,15,16,0,18",0.5,0.5285714285714286,0.5514629859387924,0.44,0.9166666666666666,0.5945945945945946,0.5694444444444444,0.8331923484802246
"23,5,15,17,10,12,1,3,21,12,3,14,11,6,22",0.5333333333333333,0.44285714285714284,0.5514112903225806,0.4583333333333333,0.9166666666666666,0.6111111111111112,0.5972222222222222,1.1586194038391113
"0,19,5,17,15,14,15,10,22,9,16,20,12,17,23",0.43333333333333335,0.8285714285714286,0.5511528122415219,0.3684210526315789,0.5833333333333334,0.45161290322580644,0.45833333333333337,2.039947986602783
"17,7,0,12,17,21,10,8,19,19,7,4,8,9,22",0.4666666666666667,0.7428571428571429,0.5511011166253101,0.3888888888888889,0.5833333333333334,0.4666666666666667,0.48611111111111116,2.981419324874878
"16,14,3,2,14,19,6,11,5,11,6,16,20,16,10",0.5,0.6142857142857143,0.5510235732009926,0.42105263157894735,0.6666666666666666,0.5161290322580645,0.5277777777777778,0.8151419162750244
"0,6,18,13,18,17,1,0,12,17,8,3,12,18,2",0.5666666666666667,0.5,0.5508426385442514,0.4666666666666667,0.5833333333333334,0.5185185185185185,0.5694444444444444,1.2927660942077637
"18,3,6,10,11,0,15,13,20,4,17,1,8,0,6",0.4666666666666667,0.6857142857142857,0.5508426385442514,0.4090909090909091,0.75,0.5294117647058824,0.5138888888888888,1.0671591758728027
"9,2,18,16,14,3,2,14,19,6,11,5,11,6,16",0.5333333333333333,0.5571428571428572,0.5507650951199339,0.4444444444444444,0.6666666666666666,0.5333333333333333,0.5555555555555556,0.7554993629455566
"6,15,22,7,8,19,18,12,21,14,21,8,22,0,14",0.6333333333333333,0.2857142857142857,0.5507133995037221,0.5333333333333333,0.6666666666666666,0.5925925925925926,0.6388888888888888,1.6448230743408203
"13,8,0,2,22,14,16,20,6,5,11,20,8,4,5",0.4666666666666667,0.6571428571428571,0.5507133995037221,0.4166666666666667,0.8333333333333334,0.5555555555555556,0.5277777777777778,0.7568457126617432
"11,16,11,17,11,15,16,0,18,9,8,19,4,9,21",0.43333333333333335,0.6571428571428571,0.5507133995037221,0.41379310344827586,1.0,0.5853658536585366,0.5277777777777778,0.8441720008850098
"6,2,0,3,8,7,3,21,5,16,17,12,6,10,1",0.43333333333333335,0.6571428571428571,0.5507133995037221,0.41379310344827586,1.0,0.5853658536585366,0.5277777777777778,0.6626269817352295
"6,16,3,8,21,15,9,16,8,14,0,6,6,20,0",0.4666666666666667,0.5857142857142857,0.5505583126550868,0.4285714285714285,1.0,0.6,0.5555555555555556,0.737523078918457
"9,8,7,3,21,3,11,19,1,15,12,14,4,16,10",0.5333333333333333,0.6,0.5502998345740282,0.42857142857142855,0.5,0.46153846153846156,0.5277777777777778,0.8625035285949707
"9,21,3,17,10,14,18,14,11,1,21,14,18,5,12",0.5,0.6142857142857143,0.5501964433416047,0.42105263157894735,0.6666666666666666,0.5161290322580645,0.5277777777777778,0.7728941440582275
"16,20,13,23,1,1,13,19,12,9,18,2,12,1,19",0.5666666666666667,0.5285714285714286,0.5501447477253929,0.46153846153846156,0.5,0.48,0.5555555555555556,0.8567588329315186
"7,17,23,13,14,1,11,10,7,8,4,19,15,7,23",0.5666666666666667,0.5428571428571428,0.5500413564929694,0.46153846153846156,0.5,0.48,0.5555555555555556,0.8225369453430176
"0,18,13,23,10,1,17,20,9,2,8,14,2,15,20",0.5333333333333333,0.5714285714285714,0.549343465674111,0.4375,0.5833333333333334,0.5,0.5416666666666667,1.0800056457519531
"10,6,4,20,0,14,20,15,0,10,15,13,18,3,15",0.4666666666666667,0.6428571428571429,0.5491625310173698,0.4166666666666667,0.8333333333333334,0.5555555555555556,0.5277777777777778,0.7298338413238525
"0,14,11,20,1,2,5,17,12,5,6,2,11,16,14",0.4666666666666667,0.6,0.5491366832092639,0.4230769230769231,0.9166666666666666,0.5789473684210527,0.5416666666666666,0.7614138126373291
"3,5,14,1,14,1,0,9,20,12,14,10,23,7,1",0.4666666666666667,0.5714285714285714,0.5490074441687345,0.42857142857142855,1.0,0.6,0.5555555555555556,0.7837369441986084
"14,12,11,9,21,12,13,10,7,16,15,17,0,13,17",0.5,0.5714285714285714,0.5485163358147229,0.42857142857142855,0.75,0.5454545454545454,0.5416666666666666,0.8764052391052246
"15,2,18,19,1,18,4,13,8,20,17,14,4,4,17",0.6,0.44285714285714284,0.5479476840363937,0.5,0.4166666666666667,0.45454545454545453,0.5694444444444444,3.014000415802002
"6,3,17,10,17,19,19,13,16,7,16,5,22,16,13",0.5333333333333333,0.5142857142857142,0.5477667493796526,0.4444444444444444,0.6666666666666666,0.5333333333333333,0.5555555555555556,3.612743854522705
"16,20,16,10,17,22,12,14,23,0,10,21,12,13,23",0.4,0.8,0.5477150537634408,0.38461538461538464,0.8333333333333334,0.5263157894736842,0.4722222222222222,0.8766982555389404
"5,11,13,16,10,14,18,9,0,18,16,20,7,6,18",0.4666666666666667,0.6714285714285714,0.5476375103391232,0.4090909090909091,0.75,0.5294117647058824,0.5138888888888888,0.7711162567138672
"8,10,11,21,17,10,13,23,16,4,20,17,1,0,11",0.6,0.5,0.5462158808933002,0.5,0.3333333333333333,0.4,0.5555555555555556,0.8116703033447266
"13,10,14,1,0,18,13,23,10,1,17,20,9,2,8",0.5,0.6428571428571429,0.5461900330851943,0.4117647058823529,0.5833333333333334,0.4827586206896552,0.5138888888888888,0.8070335388183594
"11,3,6,17,11,0,13,15,1,9,0,1,12,13,11",0.5,0.6142857142857143,0.5460607940446651,0.42105263157894735,0.6666666666666666,0.5161290322580645,0.5277777777777778,0.6356956958770752
"8,17,19,4,10,8,7,12,8,23,10,7,1,7,9",0.4666666666666667,0.6,0.5458281637717122,0.4230769230769231,0.9166666666666666,0.5789473684210527,0.5416666666666666,1.237734317779541
"0,8,0,12,14,22,3,12,6,20,13,0,12,14,22",0.5,0.5285714285714286,0.5456730769230769,0.44,0.9166666666666666,0.5945945945945946,0.5694444444444444,0.6727626323699951
"0,16,9,7,13,13,0,17,5,14,12,11,9,21,12",0.5666666666666667,0.4714285714285714,0.545259511993383,0.4666666666666667,0.5833333333333334,0.5185185185185185,0.5694444444444444,0.8389625549316406
"17,23,13,17,17,17,4,12,15,7,22,17,15,7,11",0.43333333333333335,0.6285714285714286,0.5451302729528537,0.41379310344827586,1.0,0.5853658536585366,0.5277777777777778,1.1790969371795654
"23,15,23,9,8,7,3,21,3,11,19,1,15,12,14",0.4666666666666667,0.5428571428571428,0.5450785773366419,0.42857142857142855,1.0,0.6,0.5555555555555556,1.252145767211914
"6,15,15,18,11,9,6,21,9,19,16,3,14,12,12",0.43333333333333335,0.8857142857142857,0.5447942514474773,0.3333333333333333,0.4166666666666667,0.37037037037037035,0.4305555555555556,0.9667274951934814
"4,17,7,14,4,19,3,18,17,21,14,10,17,23,14",0.5,0.8,0.5447425558312655,0.3333333333333333,0.25,0.2857142857142857,0.4583333333333333,2.423220634460449
"15,5,5,13,13,13,13,8,13,15,20,9,9,6,3",0.4,0.8571428571428571,0.5446650124069479,0.36363636363636365,0.6666666666666666,0.47058823529411764,0.4444444444444444,0.7906615734100342
"8,1,14,12,1,9,5,18,9,19,0,9,9,3,2",0.5333333333333333,0.5428571428571428,0.5445874689826303,0.4375,0.5833333333333334,0.5,0.5416666666666667,0.6275479793548584
"1,5,16,23,7,21,16,14,1,6,17,8,9,14,6",0.5333333333333333,0.5571428571428572,0.5444840777502069,0.4375,0.5833333333333334,0.5,0.5416666666666667,0.8703470230102539
"4,20,1,10,16,6,23,12,18,18,14,14,2,10,1",0.5,0.5,0.5442255996691481,0.44,0.9166666666666666,0.5945945945945946,0.5694444444444444,1.158942699432373
"6,23,13,16,17,3,6,12,14,11,0,9,15,14,11",0.5666666666666667,0.6857142857142857,0.5440705128205128,0.3333333333333333,0.08333333333333333,0.13333333333333333,0.4861111111111111,0.7981562614440918
"10,0,10,2,16,1,10,9,6,0,8,2,16,14,12",0.5666666666666667,0.5,0.5437344913151365,0.46153846153846156,0.5,0.48,0.5555555555555556,0.6574487686157227
"4,13,5,4,2,14,16,20,13,23,1,1,13,19,12",0.4666666666666667,0.6428571428571429,0.5437086435070306,0.4090909090909091,0.75,0.5294117647058824,0.5138888888888888,0.7394771575927734
"15,9,1,10,4,11,22,3,8,12,17,22,5,15,16",0.5666666666666667,0.4,0.5434501654259718,0.47368421052631576,0.75,0.5806451612903226,0.5972222222222222,0.8415861129760742
"17,23,10,17,18,17,10,12,15,11,21,9,17,7,10",0.4,0.8857142857142857,0.5431399917287014,0.35,0.5833333333333334,0.4375,0.4305555555555556,1.3413031101226807
"15,5,11,15,11,13,20,13,5,15,14,9,7,8,14",0.4,0.8142857142857143,0.5429849048800661,0.375,0.75,0.5,0.4583333333333333,0.8500545024871826
"10,13,23,16,4,20,17,1,0,11,13,0,3,13,22",0.5,0.6285714285714286,0.5429849048800661,0.4117647058823529,0.5833333333333334,0.4827586206896552,0.5138888888888888,0.7669882774353027
"15,4,18,13,11,13,8,13,5,18,0,0,16,6,3",0.4666666666666667,0.7285714285714285,0.5429332092638545,0.3888888888888889,0.5833333333333334,0.4666666666666667,0.48611111111111116,0.8308391571044922
"2,18,16,14,3,2,14,19,6,11,5,11,6,16,20",0.4666666666666667,0.5857142857142857,0.542623035566584,0.4230769230769231,0.9166666666666666,0.5789473684210527,0.5416666666666666,1.2300872802734375
"0,0,6,18,13,3,7,18,2,12,17,15,11,13,23",0.4666666666666667,0.6428571428571429,0.5420543837882548,0.4090909090909091,0.75,0.5294117647058824,0.5138888888888888,1.1065025329589844
"16,6,23,7,13,7,16,19,10,8,3,6,2,17,11",0.5666666666666667,0.5428571428571428,0.5412789495450786,0.45454545454545453,0.4166666666666667,0.43478260869565216,0.5416666666666666,0.9445555210113525
"19,19,9,21,3,17,10,14,18,14,11,1,21,14,18",0.5666666666666667,0.5,0.5412531017369727,0.46153846153846156,0.5,0.48,0.5555555555555556,3.837677478790283
"9,16,17,11,7,22,7,3,15,4,0,5,13,14,18",0.4666666666666667,0.6428571428571429,0.5412272539288667,0.4090909090909091,0.75,0.5294117647058824,0.5138888888888888,0.7267119884490967
"0,6,4,9,17,11,17,11,9,9,8,10,11,21,17",0.5333333333333333,0.5142857142857142,0.5411497105045493,0.4444444444444444,0.6666666666666666,0.5333333333333333,0.5555555555555556,0.7325079441070557
"2,14,19,6,11,5,11,6,16,20,16,10,17,22,12",0.4666666666666667,0.5857142857142857,0.5409687758478081,0.4230769230769231,0.9166666666666666,0.5789473684210527,0.5416666666666666,0.840336799621582
"9,5,10,3,16,8,23,17,1,2,17,13,23,11,22",0.5333333333333333,0.5857142857142857,0.5404776674937966,0.42857142857142855,0.5,0.46153846153846156,0.5277777777777778,0.8636300563812256
"6,18,13,2,13,8,1,2,21,10,3,19,0,10,2",0.5333333333333333,0.5,0.5404259718775848,0.4444444444444444,0.6666666666666666,0.5333333333333333,0.5555555555555556,1.0456511974334717
"14,19,18,11,10,21,3,3,3,2,16,0,1,14,1",0.5666666666666667,0.45714285714285713,0.5404001240694789,0.4666666666666667,0.5833333333333334,0.5185185185185185,0.5694444444444444,1.7140774726867676
"15,21,2,14,23,11,17,0,3,3,18,6,8,8,1",0.5666666666666667,0.4714285714285714,0.5402967328370554,0.4666666666666667,0.5833333333333334,0.5185185185185185,0.5694444444444444,0.9825291633605957
"14,17,9,5,14,0,1,19,13,15,9,12,7,9,12",0.4666666666666667,0.6714285714285714,0.5397022332506203,0.4,0.6666666666666666,0.5,0.5,0.8186192512512207
"10,10,2,12,16,12,4,14,3,7,17,8,20,0,10",0.4666666666666667,0.6285714285714286,0.5396763854425144,0.4090909090909091,0.75,0.5294117647058824,0.5138888888888888,0.6914370059967041
"10,6,19,19,2,2,7,13,7,6,13,17,9,17,8",0.5,0.6285714285714286,0.5396763854425144,0.4117647058823529,0.5833333333333334,0.4827586206896552,0.5138888888888888,2.8581881523132324
"23,0,17,16,10,5,14,16,17,21,12,13,10,12,22",0.4,0.7714285714285715,0.5396505376344085,0.38461538461538464,0.8333333333333334,0.5263157894736842,0.4722222222222222,2.5258498191833496
"19,10,8,2,14,15,16,6,12,1,3,8,14,1,18",0.5333333333333333,0.5428571428571428,0.5396246898263029,0.4375,0.5833333333333334,0.5,0.5416666666666667,1.6370494365692139
"18,17,17,7,13,22,13,6,22,11,1,3,15,3,14",0.5,0.5571428571428572,0.5395212985938792,0.42857142857142855,0.75,0.5454545454545454,0.5416666666666666,1.4882252216339111
"8,16,9,2,19,0,10,16,0,12,13,15,17,19,13",0.4666666666666667,0.5428571428571428,0.5392886683209264,0.42857142857142855,1.0,0.6,0.5555555555555556,1.158207893371582
"17,18,11,0,14,2,12,0,20,15,14,7,22,15,14",0.4,0.8285714285714286,0.5390818858560794,0.3636363636363636,0.6666666666666666,0.4705882352941176,0.4444444444444444,1.108828067779541
"0,0,16,9,7,13,13,0,17,5,14,12,11,9,21",0.5,0.6142857142857143,0.53895264681555,0.4117647058823529,0.5833333333333334,0.4827586206896552,0.5138888888888888,0.8208334445953369
"19,9,11,0,11,13,7,17,1,3,11,17,0,23,2",0.5,0.6142857142857143,0.53895264681555,0.4117647058823529,0.5833333333333334,0.4827586206896552,0.5138888888888888,1.6224744319915771
"0,6,18,13,3,7,18,2,12,17,15,11,13,23,0",0.5,0.6285714285714286,0.5388492555831266,0.4117647058823529,0.5833333333333334,0.4827586206896552,0.5138888888888888,1.1263113021850586
"8,0,0,15,18,4,10,3,0,16,19,5,6,13,21",0.4666666666666667,0.6428571428571429,0.538745864350703,0.4090909090909091,0.75,0.5294117647058824,0.5138888888888888,0.8449068069458008
"19,19,18,10,7,16,5,14,16,13,0,18,15,4,12",0.43333333333333335,0.6428571428571429,0.538745864350703,0.4074074074074074,0.9166666666666666,0.5641025641025641,0.5138888888888888,4.998331546783447
"6,3,4,23,15,17,18,17,12,21,8,15,3,2,12",0.5333333333333333,0.6571428571428571,0.538151364764268,0.4,0.3333333333333333,0.36363636363636365,0.5,1.567563533782959
"22,3,2,11,5,8,5,3,13,6,13,18,13,23,1",0.6,0.42857142857142855,0.5381255169561621,0.5,0.4166666666666667,0.45454545454545453,0.5694444444444444,0.8076562881469727
"18,2,11,14,11,4,8,13,5,17,22,16,7,2,17",0.5333333333333333,0.5,0.537944582299421,0.4444444444444444,0.6666666666666666,0.5333333333333333,0.5555555555555556,1.1520931720733643
"8,23,16,4,23,2,14,13,11,20,2,17,23,7,11",0.4666666666666667,0.6428571428571429,0.5379187344913151,0.4090909090909091,0.75,0.5294117647058824,0.5138888888888888,0.8524327278137207
"8,3,6,2,17,11,3,8,11,4,11,9,14,0,20",0.5,0.6,0.5378928866832093,0.42105263157894735,0.6666666666666666,0.5161290322580645,0.5277777777777778,0.6356217861175537
"14,18,5,12,20,17,10,23,17,12,19,16,16,10,12",0.4,0.9,0.5375827129859387,0.3333333333333333,0.5,0.4,0.41666666666666663,1.016075611114502
"17,14,4,23,10,19,10,11,14,20,5,4,1,17,23",0.5666666666666667,0.5714285714285714,0.5367814309346567,0.42857142857142855,0.25,0.3157894736842105,0.5138888888888888,0.9019355773925781
"11,17,11,15,16,0,18,9,8,19,4,9,21,7,10",0.4666666666666667,0.7285714285714285,0.5366521918941274,0.375,0.5,0.42857142857142855,0.4722222222222222,0.8021652698516846
"0,11,12,20,6,15,15,18,11,9,6,21,9,19,16",0.4666666666666667,0.6285714285714286,0.5363678660049627,0.4090909090909091,0.75,0.5294117647058824,0.5138888888888888,0.866689920425415
"17,4,16,23,15,16,19,1,3,17,4,17,10,8,6",0.5666666666666667,0.5142857142857142,0.5356958229942101,0.45454545454545453,0.4166666666666667,0.43478260869565216,0.5416666666666666,2.1250033378601074
"5,12,0,9,23,9,3,9,16,14,8,5,2,2,13",0.43333333333333335,0.6571428571428571,0.5356699751861043,0.4,0.8333333333333334,0.5405405405405406,0.5,0.7032852172851562
"16,4,23,2,14,13,11,20,2,17,23,7,11,14,19",0.5333333333333333,0.44285714285714284,0.5355407361455748,0.45,0.75,0.5625,0.5694444444444444,0.9518082141876221
"9,21,13,16,9,17,16,20,2,15,3,6,21,15,18",0.43333333333333335,0.6428571428571429,0.5354373449131513,0.4074074074074074,0.9166666666666666,0.5641025641025641,0.5138888888888888,0.8101925849914551
"16,21,5,14,18,11,5,5,4,2,11,9,5,8,23",0.43333333333333335,0.6428571428571429,0.5354373449131513,0.4074074074074074,0.9166666666666666,0.5641025641025641,0.5138888888888888,0.7942073345184326
"7,5,3,16,11,1,15,13,8,20,14,17,11,2,0",0.4666666666666667,0.6285714285714286,0.5347136062861869,0.4090909090909091,0.75,0.5294117647058824,0.5138888888888888,0.6958940029144287
"14,23,6,11,5,11,6,12,20,11,10,17,22,14,14",0.4,0.7428571428571429,0.5340674110835401,0.38461538461538464,0.8333333333333334,0.5263157894736842,0.4722222222222222,0.862602949142456
"18,10,11,8,7,14,4,18,0,0,16,4,21,3,14",0.4666666666666667,0.6571428571428571,0.5340157154673284,0.4,0.6666666666666666,0.5,0.5,1.1842496395111084
"23,10,10,2,12,16,12,4,14,3,7,17,8,20,0",0.43333333333333335,0.6,0.5337572373862697,0.41379310344827586,1.0,0.5853658536585366,0.5277777777777778,0.7336435317993164
"22,2,0,16,13,18,4,13,5,4,2,14,16,20,13",0.43333333333333335,0.6,0.5337572373862697,0.41379310344827586,1.0,0.5853658536585366,0.5277777777777778,0.8610403537750244
"10,11,21,17,10,13,23,16,4,20,17,1,0,11,13",0.5,0.6285714285714286,0.5325682382133995,0.4,0.5,0.4444444444444444,0.5,0.8344426155090332
"4,23,8,0,23,13,16,15,0,5,2,22,1,14,16",0.4666666666666667,0.6428571428571429,0.5324648469809761,0.4,0.6666666666666666,0.5,0.5,0.7326798439025879
"19,1,15,12,14,4,16,10,20,7,7,3,2,10,7",0.5333333333333333,0.5142857142857142,0.5323873035566584,0.4375,0.5833333333333334,0.5,0.5416666666666667,1.696284532546997
"0,22,17,13,8,0,5,8,21,11,16,11,17,11,15",0.5333333333333333,0.44285714285714284,0.5322322167080231,0.45,0.75,0.5625,0.5694444444444444,1.0081696510314941
"10,4,11,22,3,8,12,17,22,5,15,16,0,11,4",0.4666666666666667,0.5428571428571428,0.5321805210918114,0.4230769230769231,0.9166666666666666,0.5789473684210527,0.5416666666666666,0.7182204723358154
"23,15,17,18,17,12,21,8,15,3,2,12,5,23,0",0.4666666666666667,0.5,0.5321546732837056,0.42857142857142855,1.0,0.6,0.5555555555555556,1.5542569160461426
"4,23,4,16,6,23,7,13,7,16,19,10,8,3,6",0.4666666666666667,0.5142857142857142,0.532051282051282,0.42857142857142855,1.0,0.6,0.5555555555555556,1.6724727153778076
"0,3,8,7,3,21,5,16,17,12,6,10,1,3,11",0.6333333333333333,0.42857142857142855,0.5318444995864351,0.6666666666666666,0.16666666666666666,0.26666666666666666,0.5555555555555556,0.7010834217071533
"5,13,11,21,7,22,7,16,0,23,15,9,10,5,22",0.43333333333333335,0.7285714285714285,0.5316894127377998,0.38095238095238093,0.6666666666666666,0.48484848484848486,0.4722222222222222,0.894747257232666
"12,15,7,22,9,15,14,16,12,1,0,15,8,21,7",0.5666666666666667,0.4142857142857143,0.5316118693134821,0.4666666666666667,0.5833333333333334,0.5185185185185185,0.5694444444444444,0.8097965717315674
"9,12,1,5,16,23,7,21,16,14,1,6,17,8,9",0.6333333333333333,0.44285714285714284,0.53125,1.0,0.08333333333333333,0.15384615384615385,0.5416666666666666,0.7941384315490723
"2,9,11,0,5,15,1,21,10,6,19,19,2,2,7",0.6333333333333333,0.44285714285714284,0.53125,1.0,0.08333333333333333,0.15384615384615385,0.5416666666666666,2.790116548538208
"10,9,6,0,8,2,16,14,12,7,12,22,2,15,12",0.5333333333333333,0.5714285714285714,0.5309915219189414,0.4166666666666667,0.4166666666666667,0.4166666666666667,0.513888888888889,0.7403762340545654
"4,0,11,12,20,6,15,15,18,11,9,6,21,9,19",0.5,0.6428571428571429,0.5303194789081886,0.38461538461538464,0.4166666666666667,0.4,0.48611111111111116,0.7307517528533936
"8,4,5,14,22,4,1,15,10,21,10,16,1,2,16",0.6,0.4857142857142857,0.5301126964433417,0.5,0.25,0.3333333333333333,0.5416666666666667,0.7233049869537354
"4,4,6,5,13,12,18,8,20,16,10,0,23,9,17",0.5666666666666667,0.5,0.530009305210918,0.45454545454545453,0.4166666666666667,0.43478260869565216,0.5416666666666666,0.7983944416046143
"13,18,0,10,15,9,13,6,4,17,7,14,4,19,3",0.43333333333333335,0.5857142857142857,0.5297249793217536,0.41379310344827586,1.0,0.5853658536585366,0.5277777777777778,0.7865183353424072
"15,5,11,14,11,13,17,13,5,15,14,9,7,16,11",0.4666666666666667,0.5,0.5296732837055418,0.42857142857142855,1.0,0.6,0.5555555555555556,0.8492860794067383
"11,13,17,0,6,9,17,3,19,4,13,20,8,18,13",0.4,0.8285714285714286,0.5294923490488006,0.35,0.5833333333333334,0.4375,0.4305555555555556,1.1254210472106934
"0,20,5,8,21,2,6,15,16,1,0,8,1,0,14",0.5,0.5285714285714286,0.5293114143920596,0.42105263157894735,0.6666666666666666,0.5161290322580645,0.5277777777777778,0.6445417404174805
"14,1,19,18,12,14,16,12,8,4,7,21,11,21,7",0.5,0.6,0.5286393713813069,0.4,0.5,0.4444444444444444,0.5,1.7538478374481201
"16,0,18,9,8,19,4,9,21,7,10,21,15,15,2",0.5,0.5,0.5283550454921423,0.42857142857142855,0.75,0.5454545454545454,0.5416666666666666,0.885303258895874
"0,4,23,8,0,23,13,16,15,0,5,2,22,1,14",0.5333333333333333,0.45714285714285713,0.5283291976840364,0.4444444444444444,0.6666666666666666,0.5333333333333333,0.5555555555555556,0.6845903396606445
"8,11,16,20,14,8,8,4,7,10,12,10,15,10,21",0.4666666666666667,0.6428571428571429,0.5283291976840364,0.4,0.6666666666666666,0.5,0.5,0.799492359161377
"3,2,22,5,3,7,17,12,11,7,7,5,9,2,20",0.5,0.4714285714285714,0.5282258064516129,0.43478260869565216,0.8333333333333334,0.5714285714285714,0.5555555555555556,0.733830451965332
"4,5,14,22,4,1,15,10,21,10,16,1,2,16,4",0.5,0.4714285714285714,0.5282258064516129,0.43478260869565216,0.8333333333333334,0.5714285714285714,0.5555555555555556,0.7457451820373535
"8,12,18,2,8,1,15,0,5,4,5,4,0,22,0",0.5,0.4714285714285714,0.527398676592225,0.43478260869565216,0.8333333333333334,0.5714285714285714,0.5555555555555556,0.6266982555389404
"15,5,11,13,11,13,8,13,5,15,2,9,7,6,3",0.43333333333333335,0.7285714285714285,0.5270626550868487,0.3684210526315789,0.5833333333333334,0.45161290322580644,0.45833333333333337,0.77101731300354
"18,17,4,16,23,15,16,19,1,3,17,4,17,10,8",0.5666666666666667,0.5,0.5270368072787428,0.4444444444444444,0.3333333333333333,0.38095238095238093,0.5277777777777778,2.641291856765747
"4,17,20,14,10,12,3,2,14,19,16,23,15,20,6",0.5,0.5714285714285714,0.5268558726220016,0.4117647058823529,0.5833333333333334,0.4827586206896552,0.5138888888888888,1.2024221420288086
"3,23,17,2,12,8,11,23,7,18,7,19,9,9,22",0.5666666666666667,0.3,0.5264681555004136,0.47619047619047616,0.8333333333333334,0.6060606060606061,0.6111111111111112,2.4325668811798096
"17,0,5,11,17,17,10,8,15,7,15,9,15,7,10",0.36666666666666664,0.9428571428571428,0.5263647642679901,0.3157894736842105,0.5,0.3870967741935484,0.3888888888888889,0.9746224880218506
"13,18,19,6,17,8,5,4,23,0,9,18,7,12,6",0.43333333333333335,0.7142857142857143,0.5263389164598842,0.3684210526315789,0.5833333333333334,0.45161290322580644,0.45833333333333337,2.16229510307312
"3,17,21,17,19,19,13,16,7,16,5,22,16,13,7",0.5,0.5428571428571428,0.5258995037220844,0.42105263157894735,0.6666666666666666,0.5161290322580645,0.5277777777777778,4.811866998672485
"16,17,12,6,10,1,3,11,14,9,13,0,0,16,9",0.5666666666666667,0.4857142857142857,0.5251499172870141,0.45454545454545453,0.4166666666666667,0.43478260869565216,0.5416666666666666,0.7833893299102783
"18,11,23,10,14,5,18,8,18,3,3,11,7,14,1",0.4666666666666667,0.5857142857142857,0.5250982216708022,0.4090909090909091,0.75,0.5294117647058824,0.5138888888888888,1.0724782943725586
"14,22,4,1,15,10,21,10,16,1,2,16,4,4,5",0.4666666666666667,0.5571428571428572,0.524968982630273,0.4166666666666667,0.8333333333333334,0.5555555555555556,0.5277777777777778,0.7460217475891113
"4,16,20,10,21,6,10,4,19,4,15,17,16,8,14",0.43333333333333335,0.5571428571428572,0.524968982630273,0.41379310344827586,1.0,0.5853658536585366,0.5277777777777778,0.8703129291534424
"3,10,21,15,17,14,4,23,10,19,10,11,14,20,5",0.43333333333333335,0.5714285714285714,0.5248655913978495,0.41379310344827586,1.0,0.5853658536585366,0.5277777777777778,0.7746293544769287
"6,6,3,11,23,13,6,9,1,23,9,17,19,8,0",0.5666666666666667,0.5285714285714286,0.5246846567411083,0.42857142857142855,0.25,0.3157894736842105,0.5138888888888888,1.0831124782562256
"0,23,13,16,15,0,5,2,22,1,14,16,7,6,19",0.5,0.5571428571428572,0.5244778742762614,0.4117647058823529,0.5833333333333334,0.4827586206896552,0.5138888888888888,0.7680530548095703
"2,16,22,10,11,13,17,0,6,9,17,3,19,4,13",0.4666666666666667,0.5857142857142857,0.5242710918114144,0.4090909090909091,0.75,0.5294117647058824,0.5138888888888888,1.2202515602111816
"19,19,4,16,17,16,4,12,16,7,0,0,16,7,12",0.4,0.6428571428571429,0.5241935483870968,0.4,1.0,0.5714285714285714,0.5,4.057445287704468
"2,17,11,3,8,11,4,11,9,14,0,20,5,8,21",0.6,0.4714285714285714,0.5239350703060381,0.5,0.16666666666666666,0.25,0.5277777777777778,0.8376915454864502
"19,4,9,21,7,10,21,15,15,2,17,7,4,15,9",0.43333333333333335,0.7142857142857143,0.5238575268817205,0.3684210526315789,0.5833333333333334,0.45161290322580644,0.45833333333333337,1.5396804809570312
"16,9,23,14,4,22,11,14,13,13,1,1,4,4,13",0.5666666666666667,0.4857142857142857,0.5238316790736146,0.4444444444444444,0.3333333333333333,0.38095238095238093,0.5277777777777778,0.8044719696044922
"3,17,10,17,0,19,13,16,7,16,5,22,16,13,7",0.43333333333333335,0.6571428571428571,0.5235990488006617,0.391304347826087,0.75,0.5142857142857142,0.4861111111111111,1.3915321826934814
"2,7,19,17,0,20,1,13,8,14,7,2,18,15,19",0.43333333333333335,0.5857142857142857,0.5234439619520264,0.4074074074074074,0.9166666666666666,0.5641025641025641,0.5138888888888888,1.3537521362304688
"14,0,13,11,17,11,6,9,20,7,22,17,15,12,14",0.6666666666666666,0.1,0.5232630272952854,0.5714285714285714,0.6666666666666666,0.6153846153846154,0.6666666666666666,0.8777191638946533
"19,1,18,4,13,8,20,17,14,4,4,17,15,21,4",0.6,0.5,0.5232371794871795,0.5,0.08333333333333333,0.14285714285714285,0.5138888888888888,2.792928695678711
"15,13,0,8,1,2,9,11,0,5,15,1,21,10,6",0.5333333333333333,0.5285714285714286,0.5226943755169562,0.42857142857142855,0.5,0.46153846153846156,0.5277777777777778,0.7234485149383545
"2,3,12,4,12,3,13,13,17,13,17,15,12,18,3",0.43333333333333335,0.5857142857142857,0.5226168320926385,0.4074074074074074,0.9166666666666666,0.5641025641025641,0.5138888888888888,0.7896261215209961
"2,12,1,19,4,3,16,13,17,22,16,18,2,17,18",0.5,0.5,0.5225651364764268,0.42857142857142855,0.75,0.5454545454545454,0.5416666666666666,1.6818292140960693
"7,22,4,16,20,10,21,6,10,4,19,4,15,17,16",0.4666666666666667,0.5142857142857142,0.5224617452440034,0.4230769230769231,0.9166666666666666,0.5789473684210527,0.5416666666666666,0.807654857635498
"7,20,10,6,12,0,19,9,4,1,21,1,17,5,20",0.6,0.45714285714285713,0.5223842018196857,0.5,0.16666666666666666,0.25,0.5277777777777778,0.693993330001831
"19,11,21,14,19,18,11,10,21,3,3,3,2,16,0",0.4666666666666667,0.6714285714285714,0.5221774193548386,0.375,0.5,0.42857142857142855,0.4722222222222222,2.5974559783935547
"14,20,4,7,16,7,11,18,12,17,22,8,15,21,1",0.4666666666666667,0.6428571428571429,0.5220481803143093,0.3888888888888889,0.5833333333333334,0.4666666666666667,0.48611111111111116,0.879920482635498
"1,23,11,0,19,5,17,15,14,15,10,22,9,16,20",0.43333333333333335,0.5571428571428572,0.5216604631927213,0.41379310344827586,1.0,0.5853658536585366,0.5277777777777778,1.1864347457885742
"3,9,16,14,8,5,2,2,13,6,6,17,20,8,20",0.43333333333333335,0.5571428571428572,0.5216604631927213,0.41379310344827586,1.0,0.5853658536585366,0.5277777777777778,0.7159457206726074
"4,2,14,16,20,13,23,1,1,13,19,12,9,18,2",0.43333333333333335,0.5571428571428572,0.5216604631927213,0.41379310344827586,1.0,0.5853658536585366,0.5277777777777778,0.8551540374755859
"11,20,4,14,9,23,11,0,8,1,14,12,1,9,5",0.5333333333333333,0.5285714285714286,0.5213761373035567,0.4166666666666667,0.4166666666666667,0.4166666666666667,0.513888888888889,0.685488224029541
"18,16,14,3,2,14,19,6,11,5,11,6,16,20,16",0.4666666666666667,0.6,0.5211952026468155,0.4,0.6666666666666666,0.5,0.5,1.2408778667449951
"22,7,18,12,5,22,15,6,15,13,9,2,22,0,5",0.43333333333333335,0.5428571428571428,0.5209367245657568,0.41379310344827586,1.0,0.5853658536585366,0.5277777777777778,0.7519843578338623
"8,13,11,2,8,15,20,7,14,3,15,20,11,16,6",0.43333333333333335,0.5571428571428572,0.5208333333333334,0.41379310344827586,1.0,0.5853658536585366,0.5277777777777778,0.7170183658599854
"6,21,15,18,3,9,23,14,13,10,3,4,0,18,18",0.43333333333333335,0.5571428571428572,0.5208333333333334,0.41379310344827586,1.0,0.5853658536585366,0.5277777777777778,1.5640408992767334
"2,8,16,9,2,19,0,10,16,0,12,13,15,17,19",0.43333333333333335,0.5571428571428572,0.5208333333333334,0.41379310344827586,1.0,0.5853658536585366,0.5277777777777778,1.1582481861114502
"2,16,6,13,18,15,3,4,9,3,14,0,0,17,7",0.43333333333333335,0.5571428571428572,0.5208333333333334,0.41379310344827586,1.0,0.5853658536585366,0.5277777777777778,0.7806246280670166
"4,20,16,10,22,17,6,15,16,7,6,2,11,16,20",0.43333333333333335,0.5571428571428572,0.5208333333333334,0.41379310344827586,1.0,0.5853658536585366,0.5277777777777778,0.817636251449585
"17,14,6,7,20,17,7,3,6,2,0,3,8,7,3",0.5,0.5428571428571428,0.5204456162117452,0.4117647058823529,0.5833333333333334,0.4827586206896552,0.5138888888888888,0.7941403388977051
"5,4,5,12,15,1,23,10,4,9,20,16,11,22,6",0.4666666666666667,0.4857142857142857,0.5201871381306865,0.4230769230769231,0.9166666666666666,0.5789473684210527,0.5416666666666666,0.7121129035949707
"2,16,21,15,11,15,6,22,8,11,16,20,14,8,8",0.5333333333333333,0.5857142857142857,0.5199803556658396,0.375,0.25,0.3,0.4861111111111111,0.9043428897857666
"1,13,18,14,19,8,10,11,18,16,3,1,12,17,20",0.43333333333333335,0.5714285714285714,0.5194117038875103,0.4074074074074074,0.9166666666666666,0.5641025641025641,0.5138888888888888,0.9565069675445557
"4,4,7,13,1,20,9,7,19,7,9,2,11,6,2",0.6333333333333333,0.4,0.5191532258064516,1.0,0.08333333333333333,0.15384615384615385,0.5416666666666666,0.6416530609130859
"0,10,16,0,12,13,15,17,19,13,17,20,11,13,4",0.43333333333333335,0.7571428571428571,0.5189205955334988,0.35294117647058826,0.5,0.41379310344827586,0.4444444444444444,1.1526086330413818
"5,11,12,5,7,10,11,21,1,2,16,7,10,23,0",0.4666666666666667,0.6714285714285714,0.518868899917287,0.375,0.5,0.42857142857142855,0.4722222222222222,0.7313909530639648
"3,14,11,6,22,3,2,11,5,8,5,3,13,6,13",0.5,0.5857142857142857,0.5188172043010753,0.4,0.5,0.4444444444444444,0.5,0.6817836761474609
"16,10,9,3,2,16,6,13,18,15,3,4,9,3,14",0.5,0.45714285714285713,0.5187396608767576,0.42857142857142855,0.75,0.5454545454545454,0.5416666666666666,0.8121113777160645
"23,7,4,21,15,1,15,11,7,5,14,10,15,17,8",0.43333333333333335,0.5428571428571428,0.5184553349875931,0.41379310344827586,1.0,0.5853658536585366,0.5277777777777778,0.7818806171417236
"19,13,17,20,11,13,4,19,19,6,1,1,8,3,14",0.43333333333333335,0.7428571428571429,0.5181968569065343,0.35294117647058826,0.5,0.41379310344827586,0.4444444444444444,3.823087692260742
"6,9,2,18,16,14,3,2,14,19,6,11,5,11,6",0.4666666666666667,0.5857142857142857,0.5179900744416873,0.4,0.6666666666666666,0.5,0.5,0.7036588191986084
"3,5,12,2,23,14,8,21,10,15,13,3,17,4,0",0.4666666666666667,0.5428571428571428,0.5179642266335814,0.4090909090909091,0.75,0.5294117647058824,0.5138888888888888,0.7332479953765869
"6,5,12,15,17,8,0,0,15,18,4,10,3,0,16",0.5,0.5571428571428572,0.517860835401158,0.4117647058823529,0.5833333333333334,0.4827586206896552,0.5138888888888888,0.6466257572174072
"3,14,1,19,18,12,14,16,12,8,4,7,21,11,21",0.5,0.5142857142857142,0.5178349875930521,0.42105263157894735,0.6666666666666666,0.5161290322580645,0.5277777777777778,1.7215335369110107
"14,3,2,14,19,6,11,5,11,6,16,20,16,10,17",0.5,0.4714285714285714,0.5178091397849462,0.42857142857142855,0.75,0.5454545454545454,0.5416666666666666,0.7838068008422852
"5,15,0,1,20,7,14,0,18,13,23,7,14,6,3",0.43333333333333335,0.5428571428571428,0.5176282051282052,0.41379310344827586,1.0,0.5853658536585366,0.5277777777777778,0.7376437187194824
"15,17,12,8,13,11,2,8,15,20,7,14,3,15,20",0.5,0.5142857142857142,0.5170078577336642,0.42105263157894735,0.6666666666666666,0.5161290322580645,0.5277777777777778,0.8461565971374512
"23,9,13,18,19,6,17,8,5,4,23,0,9,18,7",0.4,0.6142857142857143,0.5169561621174524,0.4,1.0,0.5714285714285714,0.5,2.2335941791534424
"21,7,10,21,15,15,2,17,7,4,15,9,19,13,12",0.5333333333333333,0.5428571428571428,0.516645988420182,0.4,0.3333333333333333,0.36363636363636365,0.5,0.810692548751831
"11,4,10,10,18,8,10,12,15,18,0,0,15,4,21",0.5,0.5571428571428572,0.5165425971877584,0.4,0.5,0.4444444444444444,0.5,0.7641866207122803
"4,11,22,3,8,12,17,22,5,15,16,0,11,4,0",0.4,0.7,0.5165167493796526,0.375,0.75,0.5,0.4583333333333333,0.7110507488250732
"17,1,0,11,13,0,3,13,22,15,5,10,9,12,13",0.4666666666666667,0.5714285714285714,0.516439205955335,0.4,0.6666666666666666,0.5,0.5,0.8329858779907227
"19,4,5,11,17,16,5,8,16,18,15,0,16,7,12",0.4,0.6142857142857143,0.5161290322580645,0.4,1.0,0.5714285714285714,0.5,1.6924858093261719
"6,23,13,17,17,4,4,12,14,11,22,17,15,7,11",0.6,0.5142857142857142,0.516025641025641,0.0,0.0,0.0,0.5,0.9139695167541504
"15,22,0,10,13,15,1,12,5,13,5,18,8,10,9",0.4,0.7285714285714285,0.515818858560794,0.36363636363636365,0.6666666666666666,0.47058823529411764,0.4444444444444444,0.8627557754516602
"4,11,9,14,0,20,5,8,21,2,6,15,16,1,0",0.5333333333333333,0.5,0.5157930107526882,0.4166666666666667,0.4166666666666667,0.4166666666666667,0.513888888888889,0.666182279586792
"12,14,22,4,15,9,12,1,5,16,23,7,21,16,14",0.5,0.5714285714285714,0.5156120760959471,0.4,0.5,0.4444444444444444,0.5,0.7962567806243896
"5,14,1,14,1,0,9,20,12,14,10,23,7,1,3",0.5,0.44285714285714284,0.5155345326716294,0.42857142857142855,0.75,0.5454545454545454,0.5416666666666666,0.7716763019561768
"1,13,12,9,12,13,8,2,22,7,0,12,13,20,3",0.6,0.42857142857142855,0.5151468155500414,0.5,0.16666666666666666,0.25,0.5277777777777778,0.807335376739502
"17,18,17,12,21,8,15,3,2,12,5,23,0,0,14",0.43333333333333335,0.7285714285714285,0.5149917287014061,0.35294117647058826,0.5,0.41379310344827586,0.4444444444444444,1.2778291702270508
"3,17,11,10,5,7,2,4,17,13,14,15,8,22,0",0.5333333333333333,0.5428571428571428,0.5149917287014061,0.4,0.3333333333333333,0.36363636363636365,0.5,0.8713204860687256
"0,10,2,10,18,11,4,18,10,11,8,7,14,4,18",0.5333333333333333,0.42857142857142855,0.5148107940446651,0.4375,0.5833333333333334,0.5,0.5416666666666667,0.7518229484558105
"14,4,8,5,9,3,17,15,21,6,11,14,17,17,17",0.43333333333333335,0.6285714285714286,0.5147074028122415,0.391304347826087,0.75,0.5142857142857142,0.4861111111111111,0.8658137321472168
"7,14,14,4,3,0,14,22,11,16,4,7,0,9,4",0.4666666666666667,0.5857142857142857,0.5146815550041357,0.4,0.6666666666666666,0.5,0.5,0.6465926170349121
"19,2,10,4,4,6,5,13,12,18,8,20,16,10,0",0.36666666666666664,0.8571428571428571,0.5142421422663359,0.3333333333333333,0.5833333333333334,0.42424242424242425,0.4027777777777778,1.536468505859375
"17,14,13,6,9,21,13,16,9,17,16,20,2,15,3",0.43333333333333335,0.6857142857142857,0.5141387510339124,0.3684210526315789,0.5833333333333334,0.45161290322580644,0.45833333333333337,0.9294273853302002
"23,12,18,18,14,14,2,10,1,21,5,15,0,1,20",0.43333333333333335,0.5714285714285714,0.5139578163771712,0.4,0.8333333333333334,0.5405405405405406,0.5,1.2533700466156006
"13,6,4,17,7,14,4,19,3,18,17,21,14,10,17",0.4,0.7142857142857143,0.5139319685690653,0.375,0.75,0.5,0.4583333333333333,2.094794750213623
"0,7,19,7,7,12,1,21,7,5,18,3,14,22,7",0.4,0.6,0.5137510339123242,0.4,1.0,0.5714285714285714,0.5,0.7535662651062012
"9,20,12,14,10,23,7,1,3,22,11,20,4,14,9",0.5,0.5428571428571428,0.5133374689826302,0.4,0.5,0.4444444444444444,0.5,0.7469186782836914
"14,1,0,0,6,18,13,3,7,18,2,12,17,15,11",0.4,0.6285714285714286,0.5130531430934657,0.39285714285714285,0.9166666666666666,0.55,0.4861111111111111,0.7877662181854248
"15,5,11,13,11,13,8,13,5,15,14,9,7,6,1",0.43333333333333335,0.5571428571428572,0.5128980562448304,0.4074074074074074,0.9166666666666666,0.5641025641025641,0.5138888888888888,0.8109142780303955
"11,14,9,13,0,0,16,9,7,13,13,0,17,5,14",0.43333333333333335,0.6714285714285714,0.51258788254756,0.3684210526315789,0.5833333333333334,0.45161290322580644,0.45833333333333337,0.7199604511260986
"4,10,16,0,8,0,12,14,22,3,12,6,20,13,0",0.43333333333333335,0.6285714285714286,0.512562034739454,0.38095238095238093,0.6666666666666666,0.48484848484848486,0.4722222222222222,0.6513397693634033
"7,14,11,0,5,22,3,17,17,4,11,15,0,23,13",0.5333333333333333,0.5,0.5124844913151365,0.4166666666666667,0.4166666666666667,0.4166666666666667,0.513888888888889,0.7338743209838867
"15,9,12,1,5,16,23,7,21,16,14,1,6,17,8",0.6,0.38571428571428573,0.5118124483043839,0.5,0.25,0.3333333333333333,0.5416666666666667,0.834179162979126
"14,20,9,5,14,0,3,22,13,18,9,12,7,10,12",0.4,0.7571428571428571,0.5118124483043838,0.35,0.5833333333333334,0.4375,0.4305555555555556,0.8018150329589844
"21,15,19,2,2,18,3,10,21,15,17,14,4,23,10",0.4,0.7142857142857143,0.5117866004962779,0.36363636363636365,0.6666666666666666,0.47058823529411764,0.4444444444444444,2.4213359355926514
"5,12,20,17,10,23,17,12,19,16,16,10,12,14,4",0.3333333333333333,0.8142857142857143,0.5117349048800661,0.35714285714285715,0.8333333333333334,0.5,0.4166666666666667,0.9104282855987549
"11,9,14,0,20,5,8,21,2,6,15,16,1,0,8",0.43333333333333335,0.6428571428571429,0.5116315136476426,0.38095238095238093,0.6666666666666666,0.48484848484848486,0.4722222222222222,0.7006983757019043
"10,1,17,20,9,2,8,14,2,15,20,16,11,5,12",0.43333333333333335,0.6285714285714286,0.5113988833746899,0.391304347826087,0.75,0.5142857142857142,0.4861111111111111,0.7440896034240723
"15,14,11,20,9,22,0,10,17,18,12,19,0,19,13",0.36666666666666664,0.8428571428571429,0.5110370140612077,0.3333333333333333,0.5833333333333334,0.42424242424242425,0.4027777777777778,3.1369552612304688
"6,5,19,19,9,21,3,17,10,14,18,14,11,1,21",0.4,0.6142857142857143,0.5106751447477254,0.39285714285714285,0.9166666666666666,0.55,0.4861111111111111,3.785167694091797
"10,2,22,9,21,15,22,6,9,3,6,15,9,6,12",0.43333333333333335,0.5857142857142857,0.510545905707196,0.4,0.8333333333333334,0.5405405405405406,0.5,0.6670284271240234
"7,3,21,5,16,17,12,6,10,1,3,11,14,9,13",0.43333333333333335,0.5428571428571428,0.51052005789909,0.4074074074074074,0.9166666666666666,0.5641025641025641,0.5138888888888888,0.8004145622253418
"20,2,17,23,7,11,14,19,12,7,22,4,3,8,23",0.6,0.2714285714285714,0.5099772539288667,0.5,0.5,0.5,0.5833333333333333,1.1504466533660889
"12,14,4,16,10,20,7,7,3,2,10,7,13,12,2",0.4,0.5857142857142857,0.5097187758478081,0.4,1.0,0.5714285714285714,0.5,0.7515342235565186
"18,17,13,14,17,17,4,12,14,13,11,8,15,16,4",0.36666666666666664,0.7714285714285715,0.5092276674937966,0.36,0.75,0.4864864864864865,0.4305555555555556,1.3990139961242676
"2,18,19,9,12,18,6,9,19,0,2,16,14,10,1",0.5333333333333333,0.5428571428571428,0.5087107113316791,0.375,0.25,0.3,0.4861111111111111,2.3530681133270264
"13,0,0,16,9,7,13,13,0,17,5,14,12,11,9",0.5666666666666667,0.35714285714285715,0.5083746898263027,0.46153846153846156,0.5,0.48,0.5555555555555556,0.7652137279510498
"3,4,0,11,12,20,6,15,15,18,11,9,6,21,9",0.4,0.5857142857142857,0.5080645161290323,0.4,1.0,0.5714285714285714,0.5,0.7461557388305664
"22,11,20,4,14,9,23,11,0,8,1,14,12,1,9",0.4,0.5857142857142857,0.5080645161290323,0.4,1.0,0.5714285714285714,0.5,0.7554686069488525
"23,11,21,7,15,2,18,19,1,18,4,13,8,20,17",0.4,0.5857142857142857,0.5080645161290323,0.4,1.0,0.5714285714285714,0.5,3.0647730827331543
"3,17,10,14,18,14,11,1,21,14,18,5,12,20,17",0.6,0.4857142857142857,0.5079611248966087,0.0,0.0,0.0,0.5,0.9446032047271729
"16,19,10,8,3,6,2,17,11,3,8,11,4,11,9",0.5333333333333333,0.5428571428571428,0.5078835814722911,0.375,0.25,0.3,0.4861111111111111,0.9647219181060791
"5,22,0,7,11,18,8,11,11,15,9,12,6,15,15",0.5666666666666667,0.4714285714285714,0.5077284946236559,0.42857142857142855,0.25,0.3157894736842105,0.5138888888888888,0.7465946674346924
"2,15,12,19,13,19,18,3,10,3,17,11,10,5,7",0.4666666666666667,0.6571428571428571,0.5077284946236559,0.35714285714285715,0.4166666666666667,0.38461538461538464,0.45833333333333337,1.8272156715393066
"12,10,10,15,22,15,15,1,23,11,0,19,5,17,15",0.43333333333333335,0.6285714285714286,0.5075992555831266,0.38095238095238093,0.6666666666666666,0.48484848484848486,0.4722222222222222,1.1080207824707031
"15,14,11,13,7,18,1,3,2,17,0,3,2,6,22",0.5333333333333333,0.5142857142857142,0.506100082712986,0.4,0.3333333333333333,0.36363636363636365,0.5,0.9741997718811035
"3,11,23,13,6,9,1,23,9,17,19,8,0,8,12",0.4,0.5714285714285714,0.505686517783292,0.4,1.0,0.5714285714285714,0.5,1.097480297088623
"10,2,12,16,12,4,14,3,7,17,8,20,0,10,11",0.4,0.5714285714285714,0.505686517783292,0.4,1.0,0.5714285714285714,0.5,0.6848592758178711
"6,7,4,11,0,21,8,11,5,10,23,1,11,6,18",0.6,0.4714285714285714,0.5055831265508685,0.0,0.0,0.0,0.5,0.6368973255157471
"21,12,3,14,11,6,22,3,2,11,5,8,5,3,13",0.4,0.5714285714285714,0.5048593879239041,0.4,1.0,0.5714285714285714,0.5,0.7139365673065186
"21,0,9,5,11,12,5,7,10,11,21,1,2,16,7",0.4,0.5714285714285714,0.5048593879239041,0.4,1.0,0.5714285714285714,0.5,0.7039175033569336
"2,16,4,4,5,14,1,17,2,8,16,9,2,19,0",0.4,0.5714285714285714,0.5048593879239041,0.4,1.0,0.5714285714285714,0.5,0.7717247009277344
"0,9,23,9,3,9,16,14,8,5,2,2,13,6,6",0.43333333333333335,0.5285714285714286,0.5048335401157982,0.4074074074074074,0.9166666666666666,0.5641025641025641,0.5138888888888888,0.6536240577697754
"16,23,15,20,6,15,13,10,14,1,0,18,13,23,10",0.36666666666666664,0.8857142857142857,0.5047818444995864,0.29411764705882354,0.4166666666666667,0.3448275862068966,0.375,0.9248311519622803
"4,23,5,11,13,17,13,8,15,11,15,14,15,7,10",0.4666666666666667,0.5714285714285714,0.5043682795698925,0.3888888888888889,0.5833333333333334,0.4666666666666667,0.48611111111111116,0.8117220401763916
"12,23,11,11,23,8,20,7,21,10,3,19,5,2,15",0.4666666666666667,0.4857142857142857,0.5043165839536807,0.4090909090909091,0.75,0.5294117647058824,0.5138888888888888,0.842491865158081
"4,9,3,14,0,0,17,7,8,5,10,0,0,16,3",0.4666666666666667,0.4857142857142857,0.5043165839536807,0.4090909090909091,0.75,0.5294117647058824,0.5138888888888888,0.6076481342315674
"14,17,7,13,14,0,1,2,13,23,12,12,7,15,12",0.4666666666666667,0.5428571428571428,0.5042390405293631,0.4,0.6666666666666666,0.5,0.5,0.8199584484100342
"8,7,3,21,5,16,17,12,6,10,1,3,11,14,9",0.4,0.6,0.5041614971050454,0.39285714285714285,0.9166666666666666,0.55,0.4861111111111111,0.7694358825683594
"11,0,19,5,17,15,14,15,10,22,9,16,20,12,17",0.4,0.5714285714285714,0.5040322580645161,0.4,1.0,0.5714285714285714,0.5,1.1333463191986084
"2,21,5,0,12,12,21,15,19,2,2,18,3,10,21",0.4,0.5714285714285714,0.5040322580645161,0.4,1.0,0.5714285714285714,0.5,1.9906814098358154
"11,14,18,10,11,22,7,14,17,17,0,0,0,4,13",0.4,0.5714285714285714,0.5040322580645161,0.4,1.0,0.5714285714285714,0.5,0.7645912170410156
"10,5,6,19,16,17,10,3,4,16,14,20,4,7,16",0.4,0.5714285714285714,0.5040322580645161,0.4,1.0,0.5714285714285714,0.5,0.892890453338623
"14,11,3,2,13,15,10,12,14,15,18,10,17,19,18",0.4333333333333333,0.6,0.5036703887510339,0.3809523809523809,0.6666666666666666,0.4848484848484848,0.4722222222222222,2.202184200286865
"22,2,15,12,19,13,19,18,3,10,3,17,11,10,5",0.4,0.7,0.5036186931348221,0.36363636363636365,0.6666666666666666,0.47058823529411764,0.4444444444444444,1.9216806888580322
"23,4,6,9,2,18,16,14,3,2,14,19,6,11,5",0.4,0.6,0.5033343672456576,0.39285714285714285,0.9166666666666666,0.55,0.4861111111111111,0.7759876251220703
"9,9,7,4,4,7,13,1,20,9,7,19,7,9,2",0.4,0.5571428571428572,0.5033085194375517,0.4,1.0,0.5714285714285714,0.5,0.7792160511016846
"17,15,18,15,8,4,5,14,22,4,1,15,10,21,10",0.43333333333333335,0.5571428571428572,0.5028174110835402,0.391304347826087,0.75,0.5142857142857142,0.4861111111111111,0.9573161602020264
"16,17,11,7,22,7,3,15,4,0,5,13,14,18,17",0.6,0.45714285714285713,0.5023779983457403,0.0,0.0,0.0,0.5,1.093299388885498
"0,13,18,3,0,13,8,14,11,5,21,14,19,7,20",0.43333333333333335,0.6428571428571429,0.5020419768403639,0.3684210526315789,0.5833333333333334,0.45161290322580644,0.45833333333333337,0.7934963703155518
"6,7,20,17,7,3,6,2,0,3,8,7,3,21,5",0.4,0.5571428571428572,0.5016542597187759,0.4,1.0,0.5714285714285714,0.5,0.5993664264678955
"20,9,5,10,3,16,8,23,17,1,2,17,13,23,11",0.43333333333333335,0.5571428571428572,0.5011631513647643,0.391304347826087,0.75,0.5142857142857142,0.4861111111111111,0.8761606216430664
"6,12,15,7,22,9,15,14,16,12,1,0,15,8,21",0.5333333333333333,0.38571428571428573,0.5010597601323408,0.4375,0.5833333333333334,0.5,0.5416666666666667,0.7753868103027344
"2,21,10,3,19,0,10,2,10,18,11,4,18,10,11",0.4,0.5571428571428572,0.5008271298593879,0.4,1.0,0.5714285714285714,0.5,0.7455465793609619
"3,7,14,11,7,11,10,5,8,7,3,0,15,21,2",0.4,0.5571428571428572,0.5008271298593879,0.4,1.0,0.5714285714285714,0.5,0.7011978626251221
"21,8,22,0,14,11,20,1,2,5,17,12,5,6,2",0.4,0.5571428571428572,0.5008271298593879,0.4,1.0,0.5714285714285714,0.5,0.6355178356170654
"21,2,16,21,15,11,15,6,22,8,11,16,20,14,8",0.5333333333333333,0.5428571428571428,0.5007754342431762,0.3333333333333333,0.16666666666666666,0.2222222222222222,0.4722222222222222,1.7650978565216064
"6,11,19,10,6,4,20,0,14,20,15,0,10,15,13",0.36666666666666664,0.7714285714285715,0.5004652605459057,0.34782608695652173,0.6666666666666666,0.45714285714285713,0.41666666666666663,0.6915023326873779
"14,12,9,5,14,0,5,13,13,3,9,12,7,14,12",0.4,0.7285714285714285,0.5004394127377998,0.35,0.5833333333333334,0.4375,0.4305555555555556,0.7811827659606934
"21,10,6,19,19,2,2,7,13,7,6,13,17,9,17",0.4666666666666667,0.44285714285714284,0.5001550868486353,0.4166666666666667,0.8333333333333334,0.5555555555555556,0.5277777777777778,2.906825065612793
"16,5,13,11,21,7,22,7,16,0,23,15,9,10,5",0.6333333333333333,0.08571428571428572,0.5000516956162117,0.5333333333333333,0.6666666666666666,0.5925925925925926,0.6388888888888888,0.8638837337493896
"1,15,12,14,4,16,10,20,7,7,3,2,10,7,13",0.4,0.5571428571428572,0.5,0.4,1.0,0.5714285714285714,0.5,0.8343796730041504
"22,9,5,5,7,18,12,7,1,8,21,9,5,18,3",0.4,0.5571428571428572,0.5,0.4,1.0,0.5714285714285714,0.5,0.7678344249725342
"9,20,7,13,11,10,3,23,8,10,3,6,12,20,2",0.4,0.5571428571428572,0.5,0.4,1.0,0.5714285714285714,0.5,0.702444314956665
"7,1,3,22,11,20,4,14,9,23,11,0,8,1,14",0.6,0.44285714285714284,0.5,0.0,0.0,0.0,0.5,0.684251070022583
"1,0,8,1,0,14,0,12,16,8,16,17,23,14,4",0.4,0.5571428571428572,0.5,0.4,1.0,0.5714285714285714,0.5,0.773606538772583
"7,7,14,7,22,17,6,1,14,16,15,14,16,11,0",0.4,0.5571428571428572,0.5,0.4,1.0,0.5714285714285714,0.5,0.8473777770996094
"8,19,4,9,21,7,10,21,15,15,2,17,7,4,15",0.4,0.5571428571428572,0.5,0.4,1.0,0.5714285714285714,0.5,0.7619991302490234
"1,0,9,20,12,14,10,23,7,1,3,22,11,20,4",0.4,0.5571428571428572,0.5,0.4,1.0,0.5714285714285714,0.5,0.6948318481445312
"19,9,20,11,1,16,2,13,12,11,0,15,9,6,17",0.4,0.5571428571428572,0.5,0.4,1.0,0.5714285714285714,0.5,1.5542347431182861
"14,7,20,5,8,21,17,6,15,18,1,0,8,16,0",0.4,0.5571428571428572,0.5,0.4,1.0,0.5714285714285714,0.5,0.7960572242736816
"6,0,13,17,17,3,4,16,4,7,22,9,15,7,11",0.4,0.5571428571428572,0.5,0.4,1.0,0.5714285714285714,0.5,0.8180384635925293
"22,9,15,14,16,12,1,0,15,8,21,7,6,10,23",0.4,0.5571428571428572,0.5,0.4,1.0,0.5714285714285714,0.5,0.752007246017456
"6,19,16,17,10,4,4,12,14,9,4,9,16,7,11",0.4,0.5571428571428572,0.5,0.4,1.0,0.5714285714285714,0.5,1.7687723636627197
"22,8,11,16,20,14,8,8,4,7,10,12,10,15,10",0.6,0.44285714285714284,0.5,0.0,0.0,0.0,0.5,0.7957687377929688
"19,7,22,4,16,20,10,21,6,10,4,19,4,15,17",0.4,0.5571428571428572,0.5,0.4,1.0,0.5714285714285714,0.5,1.5877909660339355
"1,17,20,9,2,8,14,2,15,20,16,11,5,12,19",0.6,0.44285714285714284,0.5,0.0,0.0,0.0,0.5,0.9131884574890137
"21,9,19,16,3,14,12,12,21,10,9,4,10,1,9",0.6,0.44285714285714284,0.5,0.0,0.0,0.0,0.5,1.0612564086914062
"11,4,5,11,11,8,7,8,4,20,15,0,8,7,21",0.4,0.5571428571428572,0.5,0.4,1.0,0.5714285714285714,0.5,0.7123045921325684
"2,8,14,2,15,20,16,11,5,12,19,6,11,16,23",0.4,0.5571428571428572,0.5,0.4,1.0,0.5714285714285714,0.5,0.7442328929901123
"1,3,22,11,20,4,14,9,23,11,0,8,1,14,12",0.4,0.5571428571428572,0.5,0.4,1.0,0.5714285714285714,0.5,0.7543458938598633
"14,0,18,10,8,21,2,14,15,16,0,0,8,4,0",0.4,0.5571428571428572,0.5,0.4,1.0,0.5714285714285714,0.5,0.7448279857635498
"4,15,5,17,13,4,13,12,13,5,15,9,9,7,6",0.4,0.5571428571428572,0.5,0.4,1.0,0.5714285714285714,0.5,0.7911343574523926
"23,13,16,15,0,5,2,22,1,14,16,7,6,19,12",0.4,0.5571428571428572,0.5,0.4,1.0,0.5714285714285714,0.5,0.9083781242370605
"15,14,11,13,9,4,0,2,17,4,12,0,0,19,13",0.4,0.5571428571428572,0.5,0.4,1.0,0.5714285714285714,0.5,0.7427215576171875
"19,19,13,17,17,16,6,12,16,7,22,7,16,7,11",0.4,0.5571428571428572,0.5,0.4,1.0,0.5714285714285714,0.5,3.9273762702941895
"20,10,6,12,0,19,9,4,1,21,1,17,5,20,17",0.4,0.5571428571428572,0.5,0.4,1.0,0.5714285714285714,0.5,0.8272438049316406
"20,7,7,3,2,10,7,13,12,2,6,7,4,15,9",0.4,0.5571428571428572,0.5,0.4,1.0,0.5714285714285714,0.5,0.6814289093017578
"5,4,2,14,16,20,13,23,1,1,13,19,12,9,18",0.4,0.5571428571428572,0.5,0.4,1.0,0.5714285714285714,0.5,0.8032681941986084
"4,0,5,11,13,3,13,8,14,11,15,14,15,7,11",0.4,0.5571428571428572,0.5,0.4,1.0,0.5714285714285714,0.5,0.7043533325195312
"3,0,22,14,19,18,11,18,2,11,17,12,7,2,4",0.4,0.5571428571428572,0.5,0.4,1.0,0.5714285714285714,0.5,1.7653863430023193
"1,21,10,6,19,19,2,2,7,13,7,6,13,17,9",0.6,0.44285714285714284,0.5,0.0,0.0,0.0,0.5,2.932149887084961
"23,7,11,14,19,12,7,22,4,3,8,23,6,1,5",0.6,0.44285714285714284,0.5,0.0,0.0,0.0,0.5,0.7471120357513428
"3,3,20,9,17,16,5,2,2,19,8,9,15,6,23",0.4,0.5571428571428572,0.5,0.4,1.0,0.5714285714285714,0.5,0.9298543930053711
"18,8,10,9,7,15,0,13,18,0,10,15,9,13,6",0.4,0.5571428571428572,0.5,0.4,1.0,0.5714285714285714,0.5,1.0730960369110107
"14,13,11,20,2,17,23,7,11,14,19,12,7,22,4",0.4,0.5571428571428572,0.5,0.4,1.0,0.5714285714285714,0.5,0.8660693168640137
"13,0,8,1,2,9,11,0,5,15,1,21,10,6,19",0.6,0.44285714285714284,0.5,0.0,0.0,0.0,0.5,0.6701676845550537
"17,23,5,15,13,17,13,8,13,16,21,6,9,7,10",0.4,0.5571428571428572,0.5,0.4,1.0,0.5714285714285714,0.5,1.0954627990722656
"10,8,3,6,2,17,11,3,8,11,4,11,9,14,0",0.4,0.5571428571428572,0.5,0.4,1.0,0.5714285714285714,0.5,0.6283018589019775
"1,0,3,0,12,14,7,6,6,3,11,23,13,6,9",0.6,0.44285714285714284,0.5,0.0,0.0,0.0,0.5,0.6555073261260986
"9,8,19,4,9,21,7,10,21,15,15,2,17,7,4",0.4,0.5571428571428572,0.5,0.4,1.0,0.5714285714285714,0.5,0.7729113101959229
"20,8,15,22,0,10,13,15,1,12,5,13,5,18,8",0.4,0.5571428571428572,0.5,0.4,1.0,0.5714285714285714,0.5,0.7223339080810547
"22,9,21,15,22,6,9,3,6,15,9,6,12,7,1",0.6,0.44285714285714284,0.5,0.0,0.0,0.0,0.5,0.6777424812316895
"1,14,9,3,7,6,12,19,5,10,0,10,2,16,1",0.6,0.44285714285714284,0.5,0.0,0.0,0.0,0.5,0.7628414630889893
"7,7,3,2,10,7,13,12,2,6,7,4,15,9,2",0.4,0.5571428571428572,0.5,0.4,1.0,0.5714285714285714,0.5,0.6366984844207764
"0,20,11,0,5,20,3,17,11,18,11,15,7,23,0",0.4,0.5571428571428572,0.5,0.4,1.0,0.5714285714285714,0.5,0.6841368675231934
"17,23,10,15,0,17,10,14,15,16,21,6,15,7,10",0.4,0.5571428571428572,0.5,0.4,1.0,0.5714285714285714,0.5,0.973963737487793
"20,10,21,17,20,8,3,0,22,14,19,18,11,18,2",0.4,0.5571428571428572,0.5,0.4,1.0,0.5714285714285714,0.5,1.7150049209594727
"10,13,15,1,12,5,13,5,18,8,10,9,7,15,0",0.4,0.5571428571428572,0.5,0.4,1.0,0.5714285714285714,0.5,0.7178611755371094
"2,2,18,3,10,21,15,17,14,4,23,10,19,10,11",0.4,0.5571428571428572,0.5,0.4,1.0,0.5714285714285714,0.5,1.169987678527832
"17,23,13,17,17,4,6,12,15,16,21,9,15,7,10",0.4,0.5571428571428572,0.5,0.4,1.0,0.5714285714285714,0.5,1.0249521732330322
"11,23,8,20,7,21,10,3,19,5,2,15,3,14,6",0.4,0.5571428571428572,0.5,0.4,1.0,0.5714285714285714,0.5,0.8417723178863525
"18,11,18,2,11,17,12,7,2,4,6,6,18,12,22",0.4,0.5571428571428572,0.5,0.4,1.0,0.5714285714285714,0.5,1.0593531131744385
"22,4,16,20,10,21,6,10,4,19,4,15,17,16,8",0.4,0.5571428571428572,0.5,0.4,1.0,0.5714285714285714,0.5,0.9379558563232422
"20,4,14,9,23,11,0,8,1,14,12,1,9,5,18",0.4,0.5571428571428572,0.5,0.4,1.0,0.5714285714285714,0.5,0.8012151718139648
"17,0,3,3,18,6,8,8,1,4,6,9,16,5,13",0.6,0.44285714285714284,0.5,0.0,0.0,0.0,0.5,1.0458552837371826
"14,11,7,11,10,5,8,7,3,0,15,21,2,14,23",0.4,0.5571428571428572,0.5,0.4,1.0,0.5714285714285714,0.5,0.8029799461364746
"13,19,18,3,10,3,17,11,10,5,7,2,4,17,13",0.4,0.5571428571428572,0.5,0.4,1.0,0.5714285714285714,0.5,1.7226676940917969
"7,13,1,20,9,7,19,7,9,2,11,6,2,3,16",0.4,0.5571428571428572,0.5,0.4,1.0,0.5714285714285714,0.5,0.6662421226501465
"21,15,15,2,17,7,4,15,9,19,13,12,17,9,5",0.6,0.44285714285714284,0.5,0.0,0.0,0.0,0.5,1.1426398754119873
"8,21,11,16,11,17,11,15,16,0,18,9,8,19,4",0.4,0.5571428571428572,0.5,0.4,1.0,0.5714285714285714,0.5,0.8180041313171387
"2,6,15,16,1,0,8,1,0,14,0,12,16,8,16",0.6,0.44285714285714284,0.5,0.0,0.0,0.0,0.5,0.7485806941986084
"22,13,6,22,11,1,3,15,3,14,1,19,18,12,14",0.4,0.5571428571428572,0.5,0.4,1.0,0.5714285714285714,0.5,1.6960344314575195
"17,23,10,17,18,4,10,12,15,16,21,9,3,7,10",0.4,0.5571428571428572,0.5,0.4,1.0,0.5714285714285714,0.5,1.117354393005371
"14,7,11,5,6,5,19,15,14,17,1,13,12,10,18",0.4,0.5571428571428572,0.5,0.4,1.0,0.5714285714285714,0.5,0.8155908584594727
"4,23,0,9,18,7,12,6,10,6,15,22,7,8,19",0.6,0.44285714285714284,0.5,0.0,0.0,0.0,0.5,0.7175118923187256
"20,8,3,0,22,14,19,18,11,18,2,11,17,12,7",0.4,0.5571428571428572,0.5,0.4,1.0,0.5714285714285714,0.5,1.7374956607818604
"10,20,7,7,3,2,10,7,13,12,2,6,7,4,15",0.4,0.5571428571428572,0.5,0.4,1.0,0.5714285714285714,0.5,0.6765153408050537
"17,15,10,17,18,11,10,12,13,5,21,9,9,7,6",0.4,0.5571428571428572,0.5,0.4,1.0,0.5714285714285714,0.5,1.071516513824463
"23,7,14,6,3,4,23,15,17,18,17,12,21,8,15",0.4,0.5571428571428572,0.5,0.4,1.0,0.5714285714285714,0.5,1.140136957168579
"6,23,0,7,17,23,13,14,1,11,10,7,8,4,19",0.6,0.44285714285714284,0.5,0.0,0.0,0.0,0.5,0.7660911083221436
"2,10,1,21,5,15,0,1,20,7,14,0,18,13,23",0.6,0.44285714285714284,0.5,0.0,0.0,0.0,0.5,0.6977732181549072
"2,22,13,8,17,19,4,10,8,7,12,8,23,10,7",0.4,0.5571428571428572,0.5,0.4,1.0,0.5714285714285714,0.5,1.156841516494751
"23,11,15,5,1,12,15,23,7,1,6,4,17,16,16",0.6,0.4428571428571428,0.5,0.0,0.0,0.0,0.5,0.8276205062866211
"2,13,6,6,17,20,8,20,2,10,10,3,4,6,18",0.4,0.5571428571428572,0.5,0.4,1.0,0.5714285714285714,0.5,0.7241904735565186
"20,17,10,23,17,12,19,16,16,10,12,14,4,14,19",0.4,0.5571428571428572,0.5,0.4,1.0,0.5714285714285714,0.5,1.376309871673584
"14,10,23,7,1,3,22,11,20,4,14,9,23,11,0",0.4,0.5571428571428572,0.5,0.4,1.0,0.5714285714285714,0.5,0.8190109729766846
"18,11,4,18,10,11,8,7,14,4,18,0,0,16,4",0.4,0.5571428571428572,0.5,0.4,1.0,0.5714285714285714,0.5,1.0789673328399658
"7,3,15,4,0,5,13,14,18,17,18,3,19,5,19",0.4,0.5571428571428572,0.5,0.4,1.0,0.5714285714285714,0.5,4.393844127655029
"6,0,13,17,17,3,4,16,14,7,9,9,15,7,11",0.4,0.5571428571428572,0.5,0.4,1.0,0.5714285714285714,0.5,0.8188726902008057
"7,6,3,17,10,17,19,19,13,16,7,16,5,22,16",0.4,0.5571428571428572,0.5,0.4,1.0,0.5714285714285714,0.5,3.3639321327209473
"11,13,16,10,14,18,9,0,18,16,20,7,6,18,1",0.4,0.5571428571428572,0.5,0.4,1.0,0.5714285714285714,0.5,0.8119158744812012
"6,23,13,17,17,17,4,12,15,11,22,17,15,7,11",0.4,0.5571428571428572,0.5,0.4,1.0,0.5714285714285714,0.5,1.0220398902893066
"1,3,15,3,14,1,19,18,12,14,16,12,8,4,7",0.4,0.5571428571428572,0.5,0.4,1.0,0.5714285714285714,0.5,1.993004322052002
"8,11,4,11,9,14,0,20,5,8,21,2,6,15,16",0.4,0.5571428571428572,0.5,0.4,1.0,0.5714285714285714,0.5,0.7094404697418213
"3,6,21,15,18,3,9,23,14,13,10,3,4,0,18",0.6,0.44285714285714284,0.5,0.0,0.0,0.0,0.5,1.121638536453247
"7,16,15,17,0,13,17,17,4,6,12,15,7,22,9",0.4,0.5571428571428572,0.5,0.4,1.0,0.5714285714285714,0.5,0.8005433082580566
"12,14,10,23,7,1,3,22,11,20,4,14,9,23,11",0.4,0.5571428571428572,0.5,0.4,1.0,0.5714285714285714,0.5,0.7816283702850342
"12,8,7,14,3,15,10,18,9,16,4,12,12,23,2",0.4,0.5571428571428572,0.5,0.4,1.0,0.5714285714285714,0.5,0.7969245910644531
"9,2,8,14,2,15,20,16,11,5,12,19,6,11,16",0.4,0.5571428571428572,0.5,0.4,1.0,0.5714285714285714,0.5,0.7133955955505371
"22,4,15,9,12,1,5,16,23,7,21,16,14,1,6",0.6,0.44285714285714284,0.5,0.0,0.0,0.0,0.5,0.7891268730163574
"12,5,18,10,11,13,8,14,5,15,0,9,7,4,3",0.4,0.5571428571428572,0.5,0.4,1.0,0.5714285714285714,0.5,0.7211298942565918
"9,23,9,3,9,16,14,8,5,2,2,13,6,6,17",0.4,0.5571428571428572,0.5,0.4,1.0,0.5714285714285714,0.5,0.7151646614074707
"12,8,11,23,7,18,7,19,9,9,22,1,6,14,18",0.4,0.5571428571428572,0.5,0.4,1.0,0.5714285714285714,0.5,0.8571052551269531
"7,3,10,16,11,8,15,9,1,10,4,11,22,3,8",0.4,0.5571428571428572,0.5,0.4,1.0,0.5714285714285714,0.5,0.6909017562866211
"23,9,13,5,20,10,2,11,20,3,3,15,5,7,12",0.4,0.5571428571428572,0.5,0.4,1.0,0.5714285714285714,0.5,0.7058939933776855
"1,2,12,13,4,6,19,0,9,1,12,9,15,5,12",0.4,0.5571428571428572,0.5,0.4,1.0,0.5714285714285714,0.5,0.7242882251739502
"4,22,9,6,7,4,11,0,21,8,11,5,10,23,1",0.4,0.5571428571428572,0.5,0.4,1.0,0.5714285714285714,0.5,0.639631986618042
"0,3,0,12,14,7,6,6,3,11,23,13,6,9,1",0.6,0.44285714285714284,0.5,0.0,0.0,0.0,0.5,0.7843849658966064
"6,22,8,11,16,20,14,8,8,4,7,10,12,10,15",0.4,0.5571428571428572,0.5,0.4,1.0,0.5714285714285714,0.5,0.7682044506072998
"14,19,6,17,5,11,10,9,20,16,10,17,22,7,10",0.4,0.5571428571428572,0.5,0.4,1.0,0.5714285714285714,0.5,1.171388864517212
"6,22,9,2,18,19,9,12,18,6,9,19,0,2,16",0.4,0.5571428571428572,0.5,0.4,1.0,0.5714285714285714,0.5,1.8917765617370605
"15,5,11,10,11,13,11,13,5,15,14,9,7,4,14",0.4,0.5571428571428572,0.5,0.4,1.0,0.5714285714285714,0.5,0.830162525177002
"2,2,7,13,7,6,13,17,9,17,8,15,11,14,19",0.6,0.44285714285714284,0.5,0.0,0.0,0.0,0.5,0.8435409069061279
"11,10,7,2,0,7,19,7,7,12,1,21,7,5,18",0.4,0.5571428571428572,0.5,0.4,1.0,0.5714285714285714,0.5,0.7227129936218262
"19,19,13,17,17,16,4,12,16,7,0,0,16,13,11",0.4,0.5571428571428572,0.5,0.4,1.0,0.5714285714285714,0.5,3.8871161937713623
"9,12,8,7,14,3,15,10,18,9,16,4,12,12,23",0.4,0.5571428571428572,0.5,0.4,1.0,0.5714285714285714,0.5,0.7385344505310059
"12,14,11,13,11,13,0,10,5,17,14,9,7,19,3",0.6,0.44285714285714284,0.5,0.0,0.0,0.0,0.5,0.8222229480743408
"23,17,14,6,7,20,17,7,3,6,2,0,3,8,7",0.4,0.5571428571428572,0.5,0.4,1.0,0.5714285714285714,0.5,2.307858943939209
"20,1,13,8,14,7,2,18,15,19,1,17,14,13,6",0.4,0.5571428571428572,0.5,0.4,1.0,0.5714285714285714,0.5,1.5026021003723145
"3,2,14,19,6,11,5,11,6,16,20,16,10,17,22",0.6,0.44285714285714284,0.5,0.0,0.0,0.0,0.5,0.8536081314086914
"20,9,16,17,11,7,22,7,3,15,4,0,5,13,14",0.4,0.5571428571428572,0.5,0.4,1.0,0.5714285714285714,0.5,0.760404109954834
"9,3,17,15,21,6,11,14,17,17,17,19,14,7,6",0.4,0.5571428571428572,0.5,0.4,1.0,0.5714285714285714,0.5,1.4300785064697266
"3,11,20,9,16,17,11,7,22,7,3,15,4,0,5",0.6,0.44285714285714284,0.5,0.0,0.0,0.0,0.5,0.7429888248443604
"2,18,13,3,6,21,4,9,8,11,9,0,12,8,18",0.4,0.5571428571428572,0.5,0.4,1.0,0.5714285714285714,0.5,1.0906424522399902
"13,8,1,2,21,10,3,19,0,10,2,10,18,11,4",0.6,0.44285714285714284,0.5,0.0,0.0,0.0,0.5,0.7295458316802979
"22,14,21,0,13,17,8,1,17,18,11,6,13,2,14",0.6,0.44285714285714284,0.5,0.0,0.0,0.0,0.5,0.9151244163513184
"7,15,0,13,18,0,10,15,9,13,6,4,17,7,14",0.4,0.5571428571428572,0.5,0.4,1.0,0.5714285714285714,0.5,0.7309157848358154
"4,17,10,8,6,2,13,23,15,16,1,21,7,6,1",0.4,0.5571428571428572,0.5,0.4,1.0,0.5714285714285714,0.5,0.8282456398010254
"1,4,15,13,5,3,5,12,2,23,14,8,21,10,15",0.4,0.5571428571428572,0.5,0.4,1.0,0.5714285714285714,0.5,0.810924768447876
"11,1,3,15,3,14,1,19,18,12,14,16,12,8,4",0.4,0.5571428571428572,0.5,0.4,1.0,0.5714285714285714,0.5,1.8824172019958496
"22,3,8,12,17,22,5,15,16,0,11,4,0,7,20",0.4,0.5571428571428572,0.5,0.4,1.0,0.5714285714285714,0.5,0.7637033462524414
"14,9,7,6,3,17,10,17,19,19,13,16,7,16,5",0.4,0.5571428571428572,0.5,0.4,1.0,0.5714285714285714,0.5,3.3582329750061035
"1,10,16,6,23,12,18,18,14,14,2,10,1,21,5",0.6,0.44285714285714284,0.5,0.0,0.0,0.0,0.5,1.1533396244049072
"13,8,17,19,4,10,8,7,12,8,23,10,7,1,7",0.4,0.5571428571428572,0.5,0.4,1.0,0.5714285714285714,0.5,1.265667200088501
"20,16,10,17,22,12,14,23,0,10,21,12,13,23,17",0.4,0.5571428571428572,0.5,0.4,1.0,0.5714285714285714,0.5,0.9462289810180664
"20,7,14,3,15,20,11,16,6,3,17,6,5,12,15",0.4,0.5571428571428572,0.5,0.4,1.0,0.5714285714285714,0.5,0.7357997894287109
"15,12,14,4,16,10,20,7,7,3,2,10,7,13,12",0.4,0.5571428571428572,0.5,0.4,1.0,0.5714285714285714,0.5,0.8079991340637207
"15,11,15,6,22,8,11,16,20,14,8,8,4,7,10",0.4,0.5571428571428572,0.5,0.4,1.0,0.5714285714285714,0.5,0.8616547584533691
"7,4,21,15,1,15,11,7,5,14,10,15,17,8,23",0.4,0.5571428571428572,0.5,0.4,1.0,0.5714285714285714,0.5,0.7908861637115479
"1,15,10,21,10,16,1,2,16,4,4,5,14,1,17",0.4,0.5571428571428572,0.5,0.4,1.0,0.5714285714285714,0.5,0.76924729347229
"21,15,11,15,6,22,8,11,16,20,14,8,8,4,7",0.6,0.44285714285714284,0.5,0.0,0.0,0.0,0.5,1.081566333770752
"13,17,15,18,15,8,4,5,14,22,4,1,15,10,21",0.4,0.5571428571428572,0.5,0.4,1.0,0.5714285714285714,0.5,0.8199083805084229
"7,7,7,14,7,22,7,6,1,14,16,15,14,3,2",0.6,0.44285714285714284,0.5,0.0,0.0,0.0,0.5,0.7835097312927246
"22,11,16,4,7,0,9,4,10,16,0,8,0,12,14",0.4,0.5571428571428572,0.5,0.4,1.0,0.5714285714285714,0.5,0.6907353401184082
"23,13,6,9,1,23,9,17,19,8,0,8,12,18,2",0.4,0.5571428571428572,0.5,0.4,1.0,0.5714285714285714,0.5,1.2334253787994385
"2,8,11,13,9,4,0,10,17,19,12,0,0,15,9",0.6,0.44285714285714284,0.5,0.0,0.0,0.0,0.5,1.0977225303649902
"1,3,17,4,17,10,8,6,2,13,23,15,16,1,21",0.6,0.44285714285714284,0.5,0.0,0.0,0.0,0.5,0.9916110038757324
"7,5,11,0,11,20,3,17,11,15,14,9,7,23,0",0.4,0.5571428571428572,0.5,0.4,1.0,0.5714285714285714,0.5,0.6976902484893799
"2,11,16,14,1,0,0,6,18,13,3,7,18,2,12",0.6,0.44285714285714284,0.5,0.0,0.0,0.0,0.5,0.7212920188903809
"10,6,23,0,7,17,23,13,14,1,11,10,7,8,4",0.4,0.5571428571428572,0.5,0.4,1.0,0.5714285714285714,0.5,0.7358708381652832
"4,23,10,11,18,11,13,8,13,16,21,9,15,7,6",0.4,0.5571428571428572,0.5,0.4,1.0,0.5714285714285714,0.5,0.7990937232971191
"5,23,16,15,18,17,10,14,15,11,21,6,15,7,10",0.4,0.5571428571428572,0.5,0.4,1.0,0.5714285714285714,0.5,1.789621353149414
"20,4,7,16,7,11,18,12,17,22,8,15,21,1,16",0.6,0.44285714285714284,0.5,0.0,0.0,0.0,0.5,0.8627755641937256
"22,12,14,23,0,10,21,12,13,23,17,10,18,16,20",0.4,0.5571428571428572,0.5,0.4,1.0,0.5714285714285714,0.5,0.8451581001281738
"2,17,7,4,15,9,19,13,12,17,9,5,21,17,22",0.6,0.44285714285714284,0.5,0.0,0.0,0.0,0.5,0.9027397632598877
"22,2,14,3,11,22,8,11,4,10,13,14,21,1,5",0.4,0.5571428571428572,0.5,0.4,1.0,0.5714285714285714,0.5,0.7964212894439697
"16,21,15,11,15,6,22,8,11,16,20,14,8,8,4",0.4,0.5571428571428572,0.5,0.4,1.0,0.5714285714285714,0.5,0.8903388977050781
"1,21,14,18,5,12,20,17,10,23,17,12,19,16,16",0.4,0.5571428571428572,0.5,0.4,1.0,0.5714285714285714,0.5,1.2109451293945312
"6,20,13,0,12,14,22,4,15,9,12,1,5,16,23",0.6,0.44285714285714284,0.5,0.0,0.0,0.0,0.5,0.7774322032928467
"7,20,11,12,5,20,4,17,11,18,11,15,7,18,2",0.4,0.5571428571428572,0.5,0.4,1.0,0.5714285714285714,0.5,0.7849116325378418
"1,0,13,18,3,0,13,8,14,11,5,21,14,19,7",0.6,0.44285714285714284,0.5,0.0,0.0,0.0,0.5,0.7940106391906738
"1,14,1,0,9,20,12,14,10,23,7,1,3,22,11",0.4,0.5571428571428572,0.5,0.4,1.0,0.5714285714285714,0.5,0.8167846202850342
"3,7,6,12,19,5,10,0,10,2,16,1,10,9,6",0.4,0.5571428571428572,0.5,0.4,1.0,0.5714285714285714,0.5,0.6766808032989502
"23,17,12,19,16,16,10,12,14,4,14,19,10,8,2",0.4,0.5571428571428572,0.5,0.4,1.0,0.5714285714285714,0.5,2.7524845600128174
"2,8,7,13,16,4,15,2,7,19,12,0,20,15,9",0.4,0.5571428571428572,0.5,0.4,1.0,0.5714285714285714,0.5,0.7952923774719238
"4,3,0,14,22,11,16,4,7,0,9,4,10,16,0",0.4,0.5571428571428572,0.5,0.4,1.0,0.5714285714285714,0.5,0.757213830947876
"23,17,7,0,12,17,21,10,8,19,19,7,4,8,9",0.4,0.5571428571428572,0.5,0.4,1.0,0.5714285714285714,0.5,4.573750734329224
"5,7,10,11,21,1,2,16,7,10,23,0,8,4,8",0.4,0.5571428571428572,0.5,0.4,1.0,0.5714285714285714,0.5,0.728935718536377
"23,3,7,14,11,7,11,10,5,8,7,3,0,15,21",0.4,0.5571428571428572,0.5,0.4,1.0,0.5714285714285714,0.5,0.8474905490875244
"18,18,13,0,14,9,9,7,4,4,7,13,1,20,9",0.4,0.5571428571428572,0.5,0.4,1.0,0.5714285714285714,0.5,1.498894453048706
"6,21,9,19,16,3,14,12,12,21,10,9,4,10,1",0.6,0.44285714285714284,0.5,0.0,0.0,0.0,0.5,0.9811568260192871
"20,6,15,13,10,14,1,0,18,13,23,10,1,17,20",0.6,0.44285714285714284,0.5,0.0,0.0,0.0,0.5,0.8095407485961914
"22,0,7,11,18,8,11,11,15,9,12,6,15,15,18",0.4,0.5571428571428572,0.5,0.4,1.0,0.5714285714285714,0.5,0.7835171222686768
"6,21,13,12,19,5,12,0,9,23,9,3,9,16,14",0.4,0.5571428571428572,0.5,0.4,1.0,0.5714285714285714,0.5,0.8006114959716797
"23,16,22,16,10,9,14,18,13,19,4,5,15,14,6",0.4,0.5571428571428572,0.5,0.4,1.0,0.5714285714285714,0.5,1.6574113368988037
"3,19,7,1,0,3,0,12,14,7,6,6,3,11,23",0.4,0.5571428571428572,0.5,0.4,1.0,0.5714285714285714,0.5,1.5092597007751465
"13,18,3,0,13,8,14,11,5,21,14,19,7,20,15",0.4,0.5571428571428572,0.5,0.4,1.0,0.5714285714285714,0.5,0.8581271171569824
"17,0,20,1,13,8,14,7,2,18,15,19,1,17,14",0.4,0.5571428571428572,0.5,0.4,1.0,0.5714285714285714,0.5,1.6520018577575684
"1,3,11,14,9,13,0,0,16,9,7,13,13,0,17",0.4,0.5571428571428572,0.5,0.4,1.0,0.5714285714285714,0.5,0.7137327194213867
"11,21,0,15,7,10,20,6,10,5,14,5,1,8,14",0.4,0.5571428571428572,0.5,0.4,1.0,0.5714285714285714,0.5,0.6660833358764648
"23,16,11,4,15,7,13,4,18,7,22,17,8,10,18",0.4,0.5571428571428572,0.5,0.4,1.0,0.5714285714285714,0.5,1.4638516902923584
"0,10,13,15,1,12,5,13,5,18,8,10,9,7,15",0.4,0.5571428571428572,0.5,0.4,1.0,0.5714285714285714,0.5,0.7027699947357178
"1,21,0,9,5,11,12,5,7,10,11,21,1,2,16",0.4,0.5571428571428572,0.5,0.4,1.0,0.5714285714285714,0.5,0.7060739994049072
"17,20,9,2,8,14,2,15,20,16,11,5,12,19,6",0.4666666666666667,0.45714285714285713,0.4995605872622001,0.4090909090909091,0.75,0.5294117647058824,0.5138888888888888,0.874004602432251
"3,18,17,21,14,10,17,23,14,14,0,11,8,23,16",0.6,0.44285714285714284,0.49917287014061207,0.0,0.0,0.0,0.5,1.549696445465088
"17,0,10,17,18,4,10,12,15,7,21,9,15,7,16",0.3,0.9571428571428572,0.4991470223325062,0.30434782608695654,0.5833333333333334,0.4,0.3472222222222222,1.0884993076324463
"12,1,20,3,15,6,4,17,22,1,6,10,21,7,12",0.5,0.5285714285714286,0.4988885442514475,0.38461538461538464,0.4166666666666667,0.4,0.48611111111111116,0.7409348487854004
"11,19,10,6,4,20,0,14,20,15,0,10,15,13,18",0.43333333333333335,0.6428571428571429,0.4987334574028123,0.3684210526315789,0.5833333333333334,0.45161290322580644,0.45833333333333337,0.7122519016265869
"12,9,18,2,12,1,19,4,3,16,13,17,22,16,18",0.4666666666666667,0.5142857142857142,0.4986559139784946,0.4,0.6666666666666666,0.5,0.5,1.179452657699585
"8,11,5,10,23,1,11,6,18,15,13,1,13,12,9",0.5,0.4857142857142857,0.49803556658395365,0.4,0.5,0.4444444444444444,0.5,0.7521824836730957
"6,9,19,0,2,16,14,10,1,13,4,3,7,2,5",0.5333333333333333,0.44285714285714284,0.4980097187758479,0.4166666666666667,0.4166666666666667,0.4166666666666667,0.513888888888889,0.8422544002532959
"14,0,5,13,0,3,5,18,2,14,17,2,3,23,1",0.5,0.45714285714285713,0.4979063275434243,0.4117647058823529,0.5833333333333334,0.4827586206896552,0.5138888888888888,0.7959506511688232
"1,2,21,10,3,19,0,10,2,10,18,11,4,18,10",0.4,0.5428571428571428,0.49762200165425974,0.4,1.0,0.5714285714285714,0.5,0.7362205982208252
"10,1,3,11,14,9,13,0,0,16,9,7,13,13,0",0.5,0.44285714285714284,0.49718258891645983,0.4117647058823529,0.5833333333333334,0.4827586206896552,0.5138888888888888,0.6669178009033203
"0,16,19,5,6,13,21,10,5,10,10,20,13,7,1",0.4666666666666667,0.5428571428571428,0.4971308933002482,0.3888888888888889,0.5833333333333334,0.4666666666666667,0.48611111111111116,1.0342092514038086
"19,13,12,14,11,5,2,16,3,1,8,11,2,16,18",0.4666666666666667,0.5,0.4971050454921423,0.4,0.6666666666666666,0.5,0.5,1.6364922523498535
"11,4,5,11,11,8,7,8,4,18,15,0,16,7,21",0.36666666666666664,0.6571428571428571,0.4969758064516129,0.3793103448275862,0.9166666666666666,0.5365853658536586,0.4583333333333333,0.800166130065918
"23,5,14,4,8,5,9,3,17,15,21,6,11,14,17",0.4,0.5428571428571428,0.4967948717948718,0.4,1.0,0.5714285714285714,0.5,0.875934362411499
"2,9,14,13,18,4,15,2,7,12,5,19,3,15,9",0.4,0.5428571428571428,0.4967948717948718,0.4,1.0,0.5714285714285714,0.5,0.8341379165649414
"17,11,17,11,9,9,8,10,11,21,17,10,13,23,16",0.4,0.5428571428571428,0.4967948717948718,0.4,1.0,0.5714285714285714,0.5,0.9696924686431885
"0,6,1,14,9,3,7,6,12,19,5,10,0,10,2",0.4,0.5428571428571428,0.4967948717948718,0.4,1.0,0.5714285714285714,0.5,0.667290210723877
"13,6,22,11,1,3,15,3,14,1,19,18,12,14,16",0.4666666666666667,0.6,0.49656224152191897,0.35714285714285715,0.4166666666666667,0.38461538461538464,0.45833333333333337,1.7004568576812744
"11,12,20,6,15,15,18,11,9,6,21,9,19,16,3",0.43333333333333335,0.6714285714285714,0.4963813068651778,0.35294117647058826,0.5,0.41379310344827586,0.4444444444444444,0.9105279445648193
"8,22,0,14,11,20,1,2,5,17,12,5,6,2,11",0.4,0.6142857142857143,0.49612282878411906,0.38461538461538464,0.8333333333333334,0.5263157894736842,0.4722222222222222,0.6304571628570557
"3,2,10,7,13,12,2,6,7,4,15,9,2,20,3",0.6,0.42857142857142855,0.4959677419354839,0.0,0.0,0.0,0.5,0.6685290336608887
"1,21,5,15,0,1,20,7,14,0,18,13,23,7,14",0.6,0.42857142857142855,0.4959677419354839,0.0,0.0,0.0,0.5,1.1242070198059082
"23,16,4,23,2,14,13,11,20,2,17,23,7,11,14",0.6,0.42857142857142855,0.4959677419354839,0.0,0.0,0.0,0.5,1.5745272636413574
"0,1,18,0,10,19,15,1,13,20,3,14,3,1,20",0.5666666666666667,0.4857142857142857,0.4958901985111662,0.3333333333333333,0.08333333333333333,0.13333333333333333,0.4861111111111111,1.211435079574585
"2,14,13,11,20,2,17,23,7,11,14,19,12,7,22",0.6,0.42857142857142855,0.49514061207609594,0.0,0.0,0.0,0.5,0.8993828296661377
"5,3,16,11,1,15,13,8,20,14,17,11,2,0,5",0.5666666666666667,0.44285714285714284,0.49503722084367247,0.4,0.16666666666666666,0.23529411764705882,0.5,0.7897043228149414
"0,14,0,12,16,8,16,17,23,14,4,22,14,17,13",0.4,0.6571428571428571,0.49483043837882545,0.36363636363636365,0.6666666666666666,0.47058823529411764,0.4444444444444444,0.8438286781311035
"16,1,2,16,4,4,5,14,1,17,2,8,16,9,2",0.43333333333333335,0.5714285714285714,0.4947787427626137,0.38095238095238093,0.6666666666666666,0.48484848484848486,0.4722222222222222,0.7668008804321289
"11,13,4,19,19,6,1,1,8,3,14,8,14,11,9",0.6333333333333333,0.21428571428571427,0.49467535153019027,0.5714285714285714,0.3333333333333333,0.42105263157894735,0.5833333333333334,2.874364137649536
"4,18,10,11,8,7,14,4,18,0,0,16,4,21,3",0.4,0.5857142857142857,0.4946753515301902,0.38461538461538464,0.8333333333333334,0.5263157894736842,0.4722222222222222,1.121415376663208
"7,16,5,22,16,13,7,18,15,23,12,17,12,5,23",0.4,0.6,0.49457196029776673,0.38461538461538464,0.8333333333333334,0.5263157894736842,0.4722222222222222,0.8224947452545166
"2,12,8,11,23,7,18,7,19,9,9,22,1,6,14",0.4,0.5714285714285714,0.49444272125723737,0.39285714285714285,0.9166666666666666,0.55,0.4861111111111111,0.8202860355377197
"5,15,1,21,10,6,19,19,2,2,7,13,7,6,13",0.4666666666666667,0.5714285714285714,0.49395161290322576,0.375,0.5,0.42857142857142855,0.4722222222222222,2.8801283836364746
"0,5,23,16,10,9,3,2,16,6,13,18,15,3,4",0.5,0.4857142857142857,0.49389991728701405,0.4,0.5,0.4444444444444444,0.5,1.5135717391967773
"10,17,19,19,13,16,7,16,5,22,16,13,7,18,15",0.4666666666666667,0.4857142857142857,0.49389991728701405,0.4,0.6666666666666666,0.5,0.5,3.459085702896118
"7,10,11,18,7,14,2,10,12,16,4,1,9,7,22",0.4,0.6,0.4937448304383788,0.38461538461538464,0.8333333333333334,0.5263157894736842,0.4722222222222222,0.7289323806762695
"20,16,2,22,13,8,17,19,4,10,8,7,12,8,23",0.4,0.5714285714285714,0.49361559139784944,0.39285714285714285,0.9166666666666666,0.55,0.4861111111111111,1.329568862915039
"21,5,0,12,12,21,15,19,2,2,18,3,10,21,15",0.4,0.5714285714285714,0.49361559139784944,0.39285714285714285,0.9166666666666666,0.55,0.4861111111111111,1.997450351715088
"22,17,13,8,0,5,8,21,11,16,11,17,11,15,16",0.4,0.5285714285714286,0.4935897435897436,0.4,1.0,0.5714285714285714,0.5,1.046680212020874
"14,7,22,17,6,1,14,16,15,14,16,11,0,23,5",0.4,0.5285714285714286,0.4935897435897436,0.4,1.0,0.5714285714285714,0.5,0.828704833984375
"3,22,8,1,2,13,16,9,9,8,15,8,11,11,23",0.4,0.5285714285714286,0.4935897435897436,0.4,1.0,0.5714285714285714,0.5,0.7362453937530518
"16,9,14,0,18,11,16,15,20,12,5,19,3,5,19",0.4333333333333333,0.6142857142857143,0.4931503308519437,0.3684210526315789,0.5833333333333334,0.4516129032258064,0.4583333333333333,2.951697587966919
"2,12,10,2,2,0,18,11,23,10,14,5,18,8,18",0.5,0.4,0.4930210918114144,0.42105263157894735,0.6666666666666666,0.5161290322580645,0.5277777777777778,0.7445893287658691
"0,13,17,8,1,17,18,11,6,13,2,14,14,20,2",0.43333333333333335,0.5428571428571428,0.4929952440033085,0.391304347826087,0.75,0.5142857142857142,0.4861111111111111,0.884901762008667
"13,5,3,5,12,2,23,14,8,21,10,15,13,3,17",0.5333333333333333,0.42857142857142855,0.4923232009925559,0.4166666666666667,0.4166666666666667,0.4166666666666667,0.513888888888889,0.7610759735107422
"18,4,13,5,4,2,14,16,20,13,23,1,1,13,19",0.43333333333333335,0.6142857142857143,0.49232320099255583,0.3684210526315789,0.5833333333333334,0.45161290322580644,0.45833333333333337,1.0684146881103516
"10,10,15,2,6,6,11,19,10,6,4,20,0,14,20",0.43333333333333335,0.6142857142857143,0.49232320099255583,0.3684210526315789,0.5833333333333334,0.45161290322580644,0.45833333333333337,0.6791057586669922
"15,21,11,13,11,10,8,13,10,23,14,9,1,6,14",0.43333333333333335,0.5428571428571428,0.4921681141439206,0.391304347826087,0.75,0.5142857142857142,0.4861111111111111,0.8617761135101318
"15,8,4,5,14,22,4,1,15,10,21,10,16,1,2",0.43333333333333335,0.5428571428571428,0.4921681141439206,0.391304347826087,0.75,0.5142857142857142,0.4861111111111111,0.803117036819458
"12,5,13,5,18,8,10,9,7,15,0,13,18,0,10",0.3333333333333333,0.8857142857142857,0.491883788254756,0.3,0.5,0.375,0.3611111111111111,0.731102705001831
"14,0,11,8,23,16,4,23,2,14,13,11,20,2,17",0.43333333333333335,0.6,0.4915994623655914,0.3684210526315789,0.5833333333333334,0.45161290322580644,0.45833333333333337,0.8893313407897949
"4,0,4,23,8,0,23,13,16,15,0,5,2,22,1",0.4666666666666667,0.5571428571428572,0.4915736145574855,0.375,0.5,0.42857142857142855,0.4722222222222222,0.6404240131378174
"20,7,21,10,3,19,5,2,15,3,14,6,3,0,21",0.4,0.5571428571428572,0.4912375930521091,0.39285714285714285,0.9166666666666666,0.55,0.4861111111111111,0.7715849876403809
"2,22,5,3,7,17,12,11,7,7,5,9,2,20,8",0.5666666666666667,0.45714285714285713,0.4911342018196857,0.3333333333333333,0.08333333333333333,0.13333333333333333,0.4861111111111111,0.7266113758087158
"21,13,6,18,13,2,13,8,1,2,21,10,3,19,0",0.5666666666666667,0.4714285714285714,0.49103081058726217,0.3333333333333333,0.08333333333333333,0.13333333333333333,0.4861111111111111,0.8421199321746826
"9,0,18,16,20,7,6,18,1,11,3,9,0,16,19",0.5,0.4857142857142857,0.49092741935483875,0.38461538461538464,0.4166666666666667,0.4,0.48611111111111116,0.9723577499389648
"10,20,5,11,1,11,3,22,7,18,16,21,12,10,19",0.5,0.5,0.4908240281224152,0.3846153846153846,0.4166666666666667,0.4,0.4861111111111111,0.7942540645599365
"7,15,2,18,19,1,18,4,13,8,20,17,14,4,4",0.4,0.5714285714285714,0.4906430934656741,0.38461538461538464,0.8333333333333334,0.5263157894736842,0.4722222222222222,2.9393908977508545
"14,3,11,22,8,11,4,10,13,14,21,1,5,5,10",0.43333333333333335,0.5285714285714286,0.49061724565756826,0.391304347826087,0.75,0.5142857142857142,0.4861111111111111,0.7998759746551514
"4,4,18,10,11,8,7,14,4,18,0,0,16,4,21",0.5,0.5714285714285714,0.4901519851116625,0.3333333333333333,0.25,0.2857142857142857,0.4583333333333333,1.050722360610962
"5,10,0,0,16,3,7,5,3,16,11,1,15,13,8",0.4,0.5857142857142857,0.49004859387923905,0.375,0.75,0.5,0.4583333333333333,0.6179420948028564
"19,8,0,8,12,18,2,8,1,15,0,5,4,5,4",0.4666666666666667,0.5857142857142857,0.49004859387923905,0.35714285714285715,0.4166666666666667,0.38461538461538464,0.45833333333333337,1.4766104221343994
"11,4,18,17,11,8,4,14,4,18,0,0,8,7,11",0.36666666666666664,0.7285714285714285,0.49002274607113316,0.34782608695652173,0.6666666666666666,0.45714285714285713,0.41666666666666663,0.8351051807403564
"3,2,11,5,8,5,3,13,6,13,18,13,23,1,9",0.4,0.5571428571428572,0.4895833333333333,0.39285714285714285,0.9166666666666666,0.55,0.4861111111111111,0.7024819850921631
"16,2,22,13,8,17,19,4,10,8,7,12,8,23,10",0.4,0.7142857142857143,0.48929900744416877,0.3333333333333333,0.5,0.4,0.41666666666666663,1.2295191287994385
"3,13,3,23,9,13,5,20,10,2,11,20,3,3,15",0.5333333333333333,0.44285714285714284,0.489247311827957,0.4,0.3333333333333333,0.36363636363636365,0.5,0.7971525192260742
"12,14,11,5,2,16,3,1,8,11,2,16,18,8,22",0.4666666666666667,0.5,0.4891697684036394,0.3888888888888889,0.5833333333333334,0.4666666666666667,0.48611111111111116,0.7731800079345703
"11,15,5,10,13,8,7,14,4,5,15,14,9,4,21",0.43333333333333335,0.6428571428571429,0.48914392059553347,0.35294117647058826,0.5,0.41379310344827586,0.4444444444444444,0.6889986991882324
"18,10,10,15,2,6,6,11,19,10,6,4,20,0,14",0.4,0.6428571428571429,0.48914392059553347,0.36363636363636365,0.6666666666666666,0.47058823529411764,0.4444444444444444,1.0118086338043213
"23,10,1,17,20,9,2,8,14,2,15,20,16,11,5",0.5333333333333333,0.42857142857142855,0.4890146815550042,0.4166666666666667,0.4166666666666667,0.4166666666666667,0.513888888888889,0.7715466022491455
"20,13,23,1,1,13,19,12,9,18,2,12,1,19,4",0.5,0.5142857142857142,0.48857526881720426,0.36363636363636365,0.3333333333333333,0.34782608695652173,0.4722222222222222,0.7898123264312744
"0,12,16,8,16,17,23,14,4,22,14,17,13,17,1",0.4,0.5285714285714286,0.48813585607940446,0.39285714285714285,0.9166666666666666,0.55,0.4861111111111111,0.8355844020843506
"9,7,15,0,13,18,0,10,15,9,13,6,4,17,7",0.5666666666666667,0.4857142857142857,0.48795492142266333,0.0,0.0,0.0,0.4722222222222222,0.7029476165771484
"18,8,2,12,10,2,2,0,18,11,23,10,14,5,18",0.5333333333333333,0.5142857142857142,0.4877481389578163,0.3333333333333333,0.16666666666666666,0.2222222222222222,0.4722222222222222,1.080634355545044
"22,0,10,13,15,1,12,5,13,5,18,8,10,9,7",0.4,0.6,0.4874638130686518,0.375,0.75,0.5,0.4583333333333333,0.7076969146728516
"13,22,13,6,22,11,1,3,15,3,14,1,19,18,12",0.43333333333333335,0.5142857142857142,0.48741211745244,0.391304347826087,0.75,0.5142857142857142,0.4861111111111111,1.6652040481567383
"11,9,9,8,10,11,21,17,10,13,23,16,4,20,17",0.4,0.5428571428571428,0.487205334987593,0.39285714285714285,0.9166666666666666,0.55,0.4861111111111111,0.8583498001098633
"3,14,3,1,20,10,16,19,2,14,20,11,16,12,15",0.5666666666666667,0.4142857142857143,0.4869727047146402,0.4,0.16666666666666666,0.23529411764705882,0.5,1.0017013549804688
"0,20,1,13,8,14,7,2,18,15,19,1,17,14,13",0.5333333333333333,0.42857142857142855,0.48686931348221674,0.4,0.3333333333333333,0.36363636363636365,0.5,1.4752998352050781
"18,15,13,1,13,12,9,12,13,8,2,22,7,0,12",0.4,0.5857142857142857,0.4867400744416873,0.375,0.75,0.5,0.4583333333333333,1.1368436813354492
"16,6,3,17,6,5,12,15,17,8,0,0,15,18,4",0.4,0.5714285714285714,0.4865074441687345,0.38461538461538464,0.8333333333333334,0.5263157894736842,0.4722222222222222,0.778254508972168
"5,14,22,4,1,15,10,21,10,16,1,2,16,4,4",0.5,0.44285714285714284,0.48593879239040527,0.4,0.5,0.4444444444444444,0.5,0.7647836208343506
"21,14,21,8,22,0,14,11,20,1,2,5,17,12,5",0.43333333333333335,0.5857142857142857,0.4859129445822994,0.3684210526315789,0.5833333333333334,0.45161290322580644,0.45833333333333337,0.8410344123840332
"0,10,15,9,13,6,4,17,7,14,4,19,3,18,17",0.5666666666666667,0.4714285714285714,0.485576923076923,0.0,0.0,0.0,0.4722222222222222,1.9165246486663818
"3,13,7,4,13,6,5,4,2,1,4,2,19,14,20",0.5333333333333333,0.4857142857142857,0.4854735318444995,0.3333333333333333,0.1666666666666666,0.2222222222222222,0.4722222222222222,0.702301025390625
"5,5,20,13,5,18,8,2,12,10,2,2,0,18,11",0.5,0.44285714285714284,0.48511166253101734,0.4,0.5,0.4444444444444444,0.5,0.637042760848999
"2,18,3,10,21,15,17,14,4,23,10,19,10,11,14",0.4,0.6,0.48498242349048803,0.375,0.75,0.5,0.4583333333333333,1.1666755676269531
"23,9,3,9,16,14,8,5,2,2,13,6,6,17,20",0.43333333333333335,0.4714285714285714,0.4849048800661704,0.4,0.8333333333333334,0.5405405405405406,0.5,0.6916301250457764
"2,8,2,10,17,12,13,18,7,9,5,3,4,13,16",0.5666666666666667,0.4285714285714285,0.4847239454094292,0.3333333333333333,0.0833333333333333,0.1333333333333333,0.4861111111111111,0.718977689743042
"10,16,0,12,13,15,17,19,13,17,20,11,13,4,19",0.36666666666666664,0.6857142857142857,0.48420698924731187,0.36,0.75,0.4864864864864865,0.4305555555555556,1.2085235118865967
"15,23,9,8,7,3,21,3,11,19,1,15,12,14,4",0.43333333333333335,0.5571428571428572,0.48363833746898266,0.3684210526315789,0.5833333333333334,0.45161290322580644,0.45833333333333337,0.8805732727050781
"12,12,21,15,19,2,2,18,3,10,21,15,17,14,4",0.36666666666666664,0.7285714285714285,0.48291459884201826,0.3333333333333333,0.5833333333333334,0.42424242424242425,0.4027777777777778,1.9497828483581543
"19,16,23,15,20,6,15,13,10,14,1,0,18,13,23",0.3333333333333333,0.7428571428571429,0.48281120760959473,0.34615384615384615,0.75,0.47368421052631576,0.4027777777777778,1.9450998306274414
"18,9,0,18,16,20,7,6,18,1,11,3,9,0,16",0.36666666666666664,0.7,0.48278535980148884,0.34782608695652173,0.6666666666666666,0.45714285714285713,0.41666666666666663,1.1783761978149414
"15,2,11,13,11,4,8,13,13,17,14,9,18,6,17",0.5,0.5142857142857142,0.4822942514474773,0.3333333333333333,0.25,0.2857142857142857,0.4583333333333333,0.8957700729370117
"13,15,17,19,13,17,20,11,13,4,19,19,6,1,1",0.3333333333333333,0.8,0.4822425558312655,0.3181818181818182,0.5833333333333334,0.4117647058823529,0.375,3.4833920001983643
"16,4,20,17,1,0,11,13,0,3,13,22,15,5,10",0.43333333333333335,0.6714285714285714,0.48216501240694787,0.3076923076923077,0.3333333333333333,0.32,0.41666666666666663,0.8398482799530029
"13,6,18,13,2,13,8,1,2,21,10,3,19,0,10",0.5,0.4714285714285714,0.4819323821339951,0.38461538461538464,0.4166666666666667,0.4,0.48611111111111116,0.7675325870513916
"4,16,6,23,7,13,7,16,19,10,8,3,6,2,17",0.5,0.4714285714285714,0.4819323821339951,0.38461538461538464,0.4166666666666667,0.4,0.48611111111111116,0.9342522621154785
"11,9,21,12,13,10,7,16,15,17,0,13,17,17,4",0.5666666666666667,0.45714285714285713,0.4815446650124069,0.0,0.0,0.0,0.4722222222222222,0.8291172981262207
"23,8,0,23,13,16,15,0,5,2,22,1,14,16,7",0.43333333333333335,0.5285714285714286,0.48102770885028945,0.38095238095238093,0.6666666666666666,0.48484848484848486,0.4722222222222222,0.7327747344970703
"21,5,14,18,11,5,5,4,2,11,9,5,8,23,1",0.36666666666666664,0.6,0.4808467741935484,0.3793103448275862,0.9166666666666666,0.5365853658536586,0.4583333333333333,0.8670494556427002
"10,21,15,15,2,17,7,4,15,9,19,13,12,17,9",0.4,0.6428571428571429,0.4803815136476427,0.35,0.5833333333333334,0.4375,0.4305555555555556,0.8085324764251709
"12,15,17,8,0,0,15,18,4,10,3,0,16,19,5",0.4,0.6,0.4795285359801489,0.36363636363636365,0.6666666666666666,0.47058823529411764,0.4444444444444444,0.8687779903411865
"22,3,13,3,23,9,13,5,20,10,2,11,20,3,3",0.4,0.5428571428571428,0.4792700578990901,0.38461538461538464,0.8333333333333334,0.5263157894736842,0.4722222222222222,0.7590234279632568
"23,0,9,18,7,12,6,10,6,15,22,7,8,19,18",0.5666666666666667,0.44285714285714284,0.47916666666666663,0.0,0.0,0.0,0.4722222222222222,1.6442646980285645
"3,0,12,14,7,6,6,3,11,23,13,6,9,1,23",0.5666666666666667,0.44285714285714284,0.47916666666666663,0.0,0.0,0.0,0.4722222222222222,0.7153151035308838
"20,0,5,10,5,12,6,2,16,22,10,11,13,17,0",0.4666666666666667,0.6,0.4790374276261373,0.3,0.25,0.2727272727272727,0.4305555555555556,0.6901488304138184
"5,14,1,17,2,8,16,9,2,19,0,10,16,0,12",0.5,0.45714285714285713,0.47872725392886684,0.38461538461538464,0.4166666666666667,0.4,0.48611111111111116,0.7590656280517578
"12,13,23,4,3,11,20,14,23,9,16,2,6,18,18",0.43333333333333335,0.5285714285714286,0.4785463192721257,0.38095238095238093,0.6666666666666666,0.48484848484848486,0.4722222222222222,1.1927540302276611
"20,7,13,17,15,18,15,8,4,5,14,22,4,1,15",0.5666666666666667,0.44285714285714284,0.4783395368072787,0.0,0.0,0.0,0.4722222222222222,0.7888736724853516
"3,17,1,17,19,19,13,16,7,6,5,22,16,13,7",0.4,0.5714285714285714,0.47774503722084366,0.375,0.75,0.5,0.4583333333333333,3.6937508583068848
"6,0,8,2,16,14,12,7,12,22,2,15,12,19,13",0.4,0.5285714285714286,0.4777191894127377,0.38461538461538464,0.8333333333333334,0.5263157894736842,0.4722222222222222,0.7359094619750977
"10,17,22,12,14,23,0,10,21,12,13,23,17,10,18",0.4,0.5428571428571428,0.4776157981803143,0.38461538461538464,0.8333333333333334,0.5263157894736842,0.4722222222222222,0.8350036144256592
"4,6,12,15,7,22,9,15,14,16,12,1,0,15,8",0.5,0.37142857142857144,0.4770212985938792,0.4117647058823529,0.5833333333333334,0.4827586206896552,0.5138888888888888,0.7355787754058838
"3,4,16,14,20,4,7,16,7,11,18,12,17,22,8",0.36666666666666664,0.6142857142857143,0.47694375516956167,0.37037037037037035,0.8333333333333334,0.5128205128205128,0.4444444444444445,0.850822925567627
"0,9,5,11,12,5,7,10,11,21,1,2,16,7,10",0.4,0.5714285714285714,0.4769179073614558,0.375,0.75,0.5,0.4583333333333333,0.7115156650543213
"2,0,7,19,7,7,12,1,21,7,5,18,3,14,22",0.36666666666666664,0.5857142857142857,0.47681451612903225,0.3793103448275862,0.9166666666666666,0.5365853658536586,0.4583333333333333,0.778233528137207
"3,22,11,20,4,14,9,23,11,0,8,1,14,12,1",0.36666666666666664,0.5857142857142857,0.47681451612903225,0.3793103448275862,0.9166666666666666,0.5365853658536586,0.4583333333333333,0.7485690116882324
"6,0,5,11,17,3,4,8,14,11,15,9,15,7,11",0.4,0.7285714285714285,0.4766335814722911,0.2857142857142857,0.3333333333333333,0.3076923076923077,0.38888888888888884,0.6741387844085693
"7,17,8,20,0,10,11,18,14,8,16,13,13,11,20",0.4666666666666667,0.44285714285714284,0.4763492555831266,0.3888888888888889,0.5833333333333334,0.4666666666666667,0.48611111111111116,0.8190677165985107
"7,21,16,14,1,6,17,8,9,14,6,5,19,19,9",0.4666666666666667,0.44285714285714284,0.4763492555831266,0.3888888888888889,0.5833333333333334,0.4666666666666667,0.48611111111111116,2.8671555519104004
"7,12,1,21,7,5,18,3,14,22,7,23,15,23,15",0.4666666666666667,0.44285714285714284,0.4763492555831266,0.3888888888888889,0.5833333333333334,0.4666666666666667,0.48611111111111116,0.8184905052185059
"0,8,1,14,12,1,9,5,18,9,19,0,9,9,3",0.4666666666666667,0.5428571428571428,0.4762975599669148,0.35714285714285715,0.4166666666666667,0.38461538461538464,0.45833333333333337,0.6201865673065186
"16,17,6,2,10,14,0,12,19,9,8,1,13,3,13",0.4333333333333333,0.4857142857142857,0.4760390818858561,0.391304347826087,0.75,0.5142857142857142,0.4861111111111111,0.8851666450500488
"13,20,3,14,3,1,20,10,16,19,2,14,20,11,16",0.4666666666666667,0.5285714285714286,0.47557382133995035,0.35714285714285715,0.4166666666666667,0.38461538461538464,0.45833333333333337,0.9545419216156006
"21,8,11,5,10,23,1,11,6,18,15,13,1,13,12",0.4,0.5714285714285714,0.4752636476426799,0.375,0.75,0.5,0.4583333333333333,0.7462141513824463
"0,9,18,7,12,6,10,6,15,22,7,8,19,18,12",0.5666666666666667,0.4,0.47500516956162114,0.3333333333333333,0.08333333333333333,0.13333333333333333,0.4861111111111111,1.5888340473175049
"17,10,12,1,3,21,12,3,14,11,6,22,3,2,11",0.5666666666666667,0.38571428571428573,0.4747725392886683,0.4,0.16666666666666666,0.23529411764705882,0.5,0.8297004699707031
"20,3,14,3,1,20,10,16,19,2,14,20,11,16,12",0.43333333333333335,0.5,0.47461745244003306,0.38095238095238093,0.6666666666666666,0.48484848484848486,0.4722222222222222,1.0464060306549072
"11,22,8,11,4,10,13,14,21,1,5,5,10,5,18",0.4,0.6,0.4745657568238213,0.36363636363636365,0.6666666666666666,0.47058823529411764,0.4444444444444444,0.6758503913879395
"3,13,22,15,5,10,9,12,13,23,4,3,11,20,14",0.36666666666666664,0.5857142857142857,0.47384201819685695,0.37037037037037035,0.8333333333333334,0.5128205128205128,0.4444444444444445,0.8265368938446045
"16,0,11,4,0,7,20,10,6,12,0,19,9,4,1",0.5333333333333333,0.4,0.4738420181968569,0.4,0.3333333333333333,0.36363636363636365,0.5,0.7407329082489014
"13,0,14,9,9,7,4,4,7,13,1,20,9,7,19",0.4,0.5428571428571428,0.473816170388751,0.375,0.75,0.5,0.4583333333333333,0.80409836769104
"4,15,18,10,7,5,2,4,18,19,18,0,14,11,19",0.43333333333333335,0.5,0.47379032258064513,0.38095238095238093,0.6666666666666666,0.48484848484848486,0.4722222222222222,2.798100471496582
"11,20,9,16,17,11,7,22,7,3,15,4,0,5,13",0.5333333333333333,0.5142857142857142,0.4735318444995864,0.0,0.0,0.0,0.4444444444444444,0.7655513286590576
"14,4,22,14,17,13,17,1,1,4,15,13,5,3,5",0.36666666666666664,0.8,0.47348014888337464,0.26666666666666666,0.3333333333333333,0.2962962962962963,0.3611111111111111,0.7652065753936768
"14,11,5,10,11,11,14,11,23,12,23,11,11,23,8",0.3333333333333333,0.8571428571428571,0.47340260545905705,0.2777777777777778,0.4166666666666667,0.3333333333333333,0.3472222222222222,0.9052815437316895
"11,4,16,10,11,8,7,12,4,20,0,0,16,4,21",0.5,0.4714285714285714,0.47316997518610415,0.36363636363636365,0.3333333333333333,0.34782608695652173,0.4722222222222222,0.6777782440185547
"5,8,21,11,16,11,17,11,15,16,0,18,9,8,19",0.43333333333333335,0.5857142857142857,0.47301488833746896,0.35294117647058826,0.5,0.41379310344827586,0.4444444444444444,0.7994444370269775
"20,5,8,21,2,6,15,16,1,0,8,1,0,14,0",0.36666666666666664,0.5714285714285714,0.4727822580645161,0.3793103448275862,0.9166666666666666,0.5365853658536586,0.4583333333333333,0.6709778308868408
"3,2,14,19,16,23,15,20,6,15,13,10,14,1,0",0.5,0.4857142857142857,0.47257547559966917,0.3333333333333333,0.25,0.2857142857142857,0.4583333333333333,1.0728039741516113
"9,14,0,20,5,8,21,2,6,15,16,1,0,8,1",0.5333333333333333,0.4857142857142857,0.47257547559966917,0.25,0.08333333333333333,0.125,0.45833333333333337,0.6777405738830566
"12,6,2,16,22,10,11,13,17,0,6,9,17,3,19",0.4666666666666667,0.4714285714285714,0.4723428453267163,0.375,0.5,0.42857142857142855,0.4722222222222222,1.0986223220825195
"15,14,9,7,6,3,17,10,17,19,19,13,16,7,16",0.4,0.6142857142857143,0.47231699751861045,0.35,0.5833333333333334,0.4375,0.4305555555555556,3.388700246810913
"3,17,5,17,19,19,13,16,7,17,5,22,16,13,7",0.36666666666666664,0.5571428571428572,0.4720585194375517,0.3793103448275862,0.9166666666666666,0.5365853658536586,0.4583333333333333,3.7959535121917725
"3,17,4,17,10,8,6,2,13,23,15,16,1,21,7",0.36666666666666664,0.5571428571428572,0.4720585194375517,0.3793103448275862,0.9166666666666666,0.5365853658536586,0.4583333333333333,0.9734127521514893
"18,0,0,16,4,21,3,14,16,14,9,1,12,23,5",0.3333333333333333,0.6857142857142857,0.47164495450785776,0.34615384615384615,0.75,0.47368421052631576,0.4027777777777778,1.1866650581359863
"4,3,7,2,5,18,12,16,23,14,12,19,5,18,16",0.36666666666666664,0.5571428571428572,0.4712313895781638,0.3793103448275862,0.9166666666666666,0.5365853658536586,0.4583333333333333,1.817042350769043
"15,6,4,17,22,1,6,10,21,7,12,0,11,5,23",0.4,0.5142857142857142,0.47120554177005786,0.38461538461538464,0.8333333333333334,0.5263157894736842,0.4722222222222222,0.8164005279541016
"12,1,9,5,18,9,19,0,9,9,3,2,9,3,18",0.4666666666666667,0.4714285714285714,0.4706885856079404,0.375,0.5,0.42857142857142855,0.4722222222222222,0.7039797306060791
"0,6,1,5,5,5,20,13,5,18,8,2,12,10,2",0.43333333333333335,0.45714285714285713,0.4704559553349876,0.391304347826087,0.75,0.5142857142857142,0.4861111111111111,0.6002378463745117
"4,21,1,0,13,18,3,0,13,8,14,11,5,21,14",0.36666666666666664,0.5571428571428572,0.47040425971877586,0.3793103448275862,0.9166666666666666,0.5365853658536586,0.4583333333333333,0.9785280227661133
"4,9,17,11,17,11,9,9,8,10,11,21,17,10,13",0.36666666666666664,0.5571428571428572,0.47040425971877586,0.3793103448275862,0.9166666666666666,0.5365853658536586,0.4583333333333333,0.7878577709197998
"15,5,10,9,12,13,23,4,3,11,20,14,23,9,16",0.3333333333333333,0.8,0.47017162944582297,0.3,0.5,0.375,0.3611111111111111,0.8001854419708252
"6,12,19,5,10,0,10,2,16,1,10,9,6,0,8",0.4,0.5714285714285714,0.46980976013234077,0.36363636363636365,0.6666666666666666,0.47058823529411764,0.4444444444444444,0.6808006763458252
"15,19,2,2,18,3,10,21,15,17,14,4,23,10,19",0.3333333333333333,0.7571428571428571,0.4693186517783292,0.3181818181818182,0.5833333333333334,0.4117647058823529,0.375,2.0043091773986816
"5,10,5,12,6,2,16,22,10,11,13,17,0,6,9",0.36666666666666664,0.5714285714285714,0.4689826302729529,0.37037037037037035,0.8333333333333334,0.5128205128205128,0.4444444444444445,0.6631453037261963
"1,19,18,12,14,16,12,8,4,7,21,11,21,7,5",0.36666666666666664,0.5571428571428572,0.46875,0.3793103448275862,0.9166666666666666,0.5365853658536586,0.4583333333333333,2.5651748180389404
"2,8,15,20,7,14,3,15,20,11,16,6,3,17,6",0.36666666666666664,0.5571428571428572,0.46875,0.3793103448275862,0.9166666666666666,0.5365853658536586,0.4583333333333333,0.7650072574615479
"15,0,1,20,7,14,0,18,13,23,7,14,6,3,4",0.36666666666666664,0.5571428571428572,0.46875,0.3793103448275862,0.9166666666666666,0.5365853658536586,0.4583333333333333,0.7625327110290527
"1,23,9,17,19,8,0,8,12,18,2,8,1,15,0",0.5,0.5,0.46867245657568235,0.2857142857142857,0.16666666666666666,0.21052631578947367,0.4444444444444444,1.332289695739746
"14,11,5,2,16,3,1,8,11,2,16,18,8,22,7",0.4666666666666667,0.45714285714285713,0.4683105872622001,0.375,0.5,0.42857142857142855,0.4722222222222222,0.8064100742340088
"5,19,19,9,21,3,17,10,14,18,14,11,1,21,14",0.43333333333333335,0.5285714285714286,0.46763854425144746,0.35294117647058826,0.5,0.41379310344827586,0.4444444444444444,3.8084487915039062
"0,12,14,22,3,12,6,20,13,0,12,14,22,4,15",0.3333333333333333,0.7142857142857143,0.46681141439205953,0.3333333333333333,0.6666666666666666,0.4444444444444444,0.38888888888888884,0.6960544586181641
"23,11,0,8,1,14,12,1,9,5,18,9,19,0,9",0.43333333333333335,0.4714285714285714,0.4665529363110008,0.38095238095238093,0.6666666666666666,0.48484848484848486,0.4722222222222222,0.7859134674072266
"19,0,13,16,17,16,6,12,16,7,0,0,16,2,12",0.43333333333333335,0.5,0.4658550454921423,0.3684210526315789,0.5833333333333334,0.45161290322580644,0.45833333333333337,1.5969111919403076
"7,10,11,21,1,2,16,7,10,23,0,8,4,8,20",0.43333333333333335,0.4714285714285714,0.4657258064516129,0.38095238095238093,0.6666666666666666,0.48484848484848486,0.4722222222222222,0.7813146114349365
"10,18,11,4,18,10,11,8,7,14,4,18,0,0,16",0.4,0.5571428571428572,0.4649503722084367,0.36363636363636365,0.6666666666666666,0.47058823529411764,0.4444444444444444,0.7546753883361816
"23,11,11,23,8,20,7,21,10,3,19,5,2,15,3",0.5333333333333333,0.44285714285714284,0.4646143507030604,0.25,0.08333333333333333,0.125,0.45833333333333337,0.883357048034668
"5,10,23,1,11,6,18,15,13,1,13,12,9,12,13",0.4666666666666667,0.4857142857142857,0.4643041770057899,0.35714285714285715,0.4166666666666667,0.38461538461538464,0.45833333333333337,0.7439887523651123
"10,7,2,0,7,19,7,7,12,1,21,7,5,18,3",0.4666666666666667,0.45714285714285713,0.46417493796526055,0.375,0.5,0.42857142857142855,0.4722222222222222,0.6936488151550293
"11,16,14,1,0,0,6,18,13,3,7,18,2,12,17",0.36666666666666664,0.5285714285714286,0.46316687344913154,0.3793103448275862,0.9166666666666666,0.5365853658536586,0.4583333333333333,0.76682448387146
"13,1,13,12,9,12,13,8,2,22,7,0,12,13,20",0.43333333333333335,0.5,0.46254652605459057,0.3684210526315789,0.5833333333333334,0.45161290322580644,0.45833333333333337,0.814805269241333
"9,2,20,8,18,0,17,3,6,9,23,16,13,14,23",0.4666666666666667,0.4142857142857143,0.46249483043837886,0.3888888888888889,0.5833333333333334,0.4666666666666667,0.48611111111111116,0.8781678676605225
"7,5,9,2,20,8,18,0,17,3,6,9,23,16,13",0.36666666666666664,0.5714285714285714,0.4623655913978495,0.37037037037037035,0.8333333333333334,0.5128205128205128,0.4444444444444445,0.8393521308898926
"14,4,14,19,10,8,2,14,15,16,6,12,1,3,8",0.4666666666666667,0.4714285714285714,0.46192617866004965,0.35714285714285715,0.4166666666666667,0.38461538461538464,0.45833333333333337,0.7874994277954102
"7,20,11,13,5,13,3,13,11,18,11,9,7,23,0",0.43333333333333335,0.4714285714285714,0.46192617866004965,0.3684210526315789,0.5833333333333334,0.45161290322580644,0.45833333333333337,0.7245533466339111
"8,20,7,21,10,3,19,5,2,15,3,14,6,3,0",0.5333333333333333,0.42857142857142855,0.46140922249793215,0.25,0.08333333333333333,0.125,0.45833333333333337,0.78627610206604
"18,13,2,13,8,1,2,21,10,3,19,0,10,2,10",0.4,0.5142857142857142,0.46112489660876754,0.36363636363636365,0.6666666666666666,0.47058823529411764,0.4444444444444444,1.0615901947021484
"7,19,17,0,20,1,13,8,14,7,2,18,15,19,1",0.43333333333333335,0.4714285714285714,0.4610990488006617,0.3684210526315789,0.5833333333333334,0.45161290322580644,0.45833333333333337,1.3444502353668213
"0,22,14,19,18,11,18,2,11,17,12,7,2,4,6",0.36666666666666664,0.5857142857142857,0.46094396195202647,0.36,0.75,0.4864864864864865,0.4305555555555556,1.763439655303955
"4,15,18,11,13,11,13,8,13,5,15,14,9,7,6",0.36666666666666664,0.5142857142857142,0.4607888751033912,0.3793103448275862,0.9166666666666666,0.5365853658536586,0.4583333333333333,0.8504595756530762
"15,6,22,8,11,16,20,14,8,8,4,7,10,12,10",0.36666666666666664,0.7428571428571429,0.46065963606286187,0.26666666666666666,0.3333333333333333,0.2962962962962963,0.3611111111111111,0.8424563407897949
"21,3,17,10,14,18,14,11,1,21,14,18,5,12,20",0.3333333333333333,0.6571428571428571,0.46027191894127384,0.34615384615384615,0.75,0.47368421052631576,0.4027777777777778,2.665717124938965
"11,21,7,15,2,18,19,1,18,4,13,8,20,17,14",0.36666666666666664,0.5571428571428572,0.45998759305210923,0.37037037037037035,0.8333333333333334,0.5128205128205128,0.4444444444444445,3.0150530338287354
"3,11,22,8,11,4,10,13,14,21,1,5,5,10,5",0.5333333333333333,0.45714285714285713,0.4598842018196857,0.0,0.0,0.0,0.4444444444444444,0.6961202621459961
"3,10,3,17,11,10,5,7,2,4,17,13,14,15,8",0.4,0.5,0.4595740281224152,0.36363636363636365,0.6666666666666666,0.47058823529411764,0.4444444444444444,0.7053647041320801
"7,5,11,14,11,22,17,6,1,15,14,9,7,16,11",0.43333333333333335,0.45714285714285713,0.45954818031430933,0.3684210526315789,0.5833333333333334,0.45161290322580644,0.45833333333333337,0.8478496074676514
"4,23,15,17,18,17,12,21,8,15,3,2,12,5,23",0.3333333333333333,0.6285714285714286,0.4593155500413565,0.35714285714285715,0.8333333333333334,0.5,0.4166666666666667,1.5556414127349854
"15,17,10,12,1,3,21,12,3,14,11,6,22,3,2",0.4,0.5428571428571428,0.4592638544251447,0.36363636363636365,0.6666666666666666,0.47058823529411764,0.4444444444444444,0.7674798965454102
"13,12,14,11,5,2,16,3,1,8,11,2,16,18,8",0.43333333333333335,0.5,0.4587468982630273,0.35294117647058826,0.5,0.41379310344827586,0.4444444444444444,0.8497238159179688
"22,3,12,6,20,13,0,12,14,22,4,15,9,12,1",0.5333333333333333,0.44285714285714284,0.4583333333333333,0.0,0.0,0.0,0.4444444444444444,0.7579250335693359
"4,15,5,11,13,11,13,8,13,13,15,14,9,7,6",0.36666666666666664,0.7285714285714285,0.45794561621174523,0.29411764705882354,0.4166666666666667,0.3448275862068966,0.375,0.8029525279998779
"6,19,19,2,2,7,13,7,6,13,17,9,17,8,15",0.5,0.2714285714285714,0.4575578990901572,0.42105263157894735,0.6666666666666666,0.5161290322580645,0.5277777777777778,3.7904114723205566
"7,13,7,16,19,10,8,3,6,2,17,11,3,8,11",0.43333333333333335,0.45714285714285713,0.4570667907361456,0.3684210526315789,0.5833333333333334,0.45161290322580644,0.45833333333333337,0.8729290962219238
"4,7,16,7,11,18,12,17,22,8,15,21,1,16,14",0.43333333333333335,0.45714285714285713,0.4570667907361456,0.3684210526315789,0.5833333333333334,0.45161290322580644,0.45833333333333337,0.9033107757568359
"7,2,0,7,19,7,7,12,1,21,7,5,18,3,14",0.36666666666666664,0.5428571428571428,0.4559553349875931,0.37037037037037035,0.8333333333333334,0.5128205128205128,0.4444444444444445,0.7788350582122803
"14,15,11,21,6,15,7,10,20,6,10,23,14,5,1",0.36666666666666664,0.6,0.45538668320926384,0.34782608695652173,0.6666666666666666,0.45714285714285713,0.41666666666666663,0.8384063243865967
"14,16,4,9,23,4,15,5,11,13,11,13,8,13,5",0.3333333333333333,0.8571428571428571,0.45505066170388747,0.21428571428571427,0.25,0.23076923076923078,0.3194444444444444,0.8056528568267822
"3,8,7,3,21,5,16,17,12,6,10,1,3,11,14",0.5333333333333333,0.4,0.45499896608767576,0.25,0.08333333333333333,0.125,0.45833333333333337,0.7891256809234619
"0,5,10,5,12,6,2,16,22,10,11,13,17,0,6",0.4,0.5714285714285714,0.4547663358147229,0.3333333333333333,0.5,0.4,0.41666666666666663,0.6296145915985107
"13,3,23,9,13,5,20,10,2,11,20,3,3,15,5",0.43333333333333335,0.5428571428571428,0.45380996691480563,0.3333333333333333,0.4166666666666667,0.37037037037037035,0.4305555555555556,0.7504208087921143
"12,1,5,16,23,7,21,16,14,1,6,17,8,9,14",0.4666666666666667,0.45714285714285713,0.4537582712985939,0.35714285714285715,0.4166666666666667,0.38461538461538464,0.45833333333333337,0.7929654121398926
"15,1,23,11,0,19,5,17,15,14,15,10,22,9,16",0.36666666666666664,0.5571428571428572,0.45370657568238215,0.36,0.75,0.4864864864864865,0.4305555555555556,1.1536412239074707
"3,4,9,3,14,0,0,17,7,8,5,10,0,0,16",0.43333333333333335,0.42857142857142855,0.4536290322580645,0.38095238095238093,0.6666666666666666,0.48484848484848486,0.4722222222222222,0.6343903541564941
"10,23,1,11,6,18,15,13,1,13,12,9,12,13,8",0.4666666666666667,0.4714285714285714,0.45316377171215877,0.3333333333333333,0.3333333333333333,0.3333333333333333,0.4444444444444444,0.7959871292114258
"10,1,21,5,15,0,1,20,7,14,0,18,13,23,7",0.43333333333333335,0.4857142857142857,0.4530603804797353,0.35294117647058826,0.5,0.41379310344827586,0.4444444444444444,0.7298383712768555
"6,8,23,3,5,14,1,14,1,0,9,20,12,14,10",0.43333333333333335,0.44285714285714284,0.4530345326716294,0.3684210526315789,0.5833333333333334,0.45161290322580644,0.45833333333333337,0.6511311531066895
"3,15,6,4,17,22,1,6,10,21,7,12,0,11,5",0.5,0.5142857142857142,0.4526985111662531,0.0,0.0,0.0,0.4166666666666667,0.795978307723999
"3,8,12,17,22,5,15,16,0,11,4,0,7,20,10",0.5,0.42857142857142855,0.4526468155500413,0.2857142857142857,0.16666666666666666,0.21052631578947367,0.4444444444444444,0.7275087833404541
"11,13,11,13,8,13,5,15,14,9,7,6,3,17,10",0.36666666666666664,0.6428571428571429,0.4524400330851944,0.3157894736842105,0.5,0.3870967741935484,0.3888888888888889,0.7440924644470215
"17,1,1,4,15,13,5,3,5,12,2,23,14,8,21",0.4,0.6,0.45241418527708854,0.3125,0.4166666666666667,0.35714285714285715,0.4027777777777778,0.8507158756256104
"11,11,23,8,20,7,21,10,3,19,5,2,15,3,14",0.4,0.6,0.45241418527708854,0.3125,0.4166666666666667,0.35714285714285715,0.4027777777777778,0.8209981918334961
"19,18,3,10,3,17,11,10,5,7,2,4,17,13,14",0.43333333333333335,0.5571428571428572,0.45238833746898266,0.3076923076923077,0.3333333333333333,0.32,0.41666666666666663,2.60477352142334
"14,17,11,13,14,0,1,13,13,23,14,12,7,6,12",0.36666666666666664,0.6,0.4515870554177006,0.3333333333333333,0.5833333333333334,0.42424242424242425,0.4027777777777778,0.8679814338684082
"11,4,0,7,20,10,6,12,0,19,9,4,1,21,1",0.36666666666666664,0.5142857142857142,0.45119933829611253,0.37037037037037035,0.8333333333333334,0.5128205128205128,0.4444444444444445,0.6502606868743896
"14,11,20,1,2,5,17,12,5,6,2,11,16,14,1",0.36666666666666664,0.5142857142857142,0.45119933829611253,0.37037037037037035,0.8333333333333334,0.5128205128205128,0.4444444444444445,0.7398648262023926
"7,16,19,10,8,3,6,2,17,11,3,8,11,4,11",0.36666666666666664,0.5142857142857142,0.4503722084367246,0.37037037037037035,0.8333333333333334,0.5128205128205128,0.4444444444444445,0.8704092502593994
"9,13,6,4,17,7,14,4,19,3,18,17,21,14,10",0.4,0.6142857142857143,0.45016542597187753,0.2857142857142857,0.3333333333333333,0.3076923076923077,0.38888888888888884,2.1027276515960693
"7,13,22,13,6,22,11,1,3,15,3,14,1,19,18",0.43333333333333335,0.45714285714285713,0.4499586435070306,0.35294117647058826,0.5,0.41379310344827586,0.4444444444444444,1.6653189659118652
"19,1,13,18,14,19,8,10,11,18,16,3,1,12,17",0.43333333333333335,0.5428571428571428,0.4491832092638544,0.3076923076923077,0.3333333333333333,0.32,0.41666666666666663,1.875906229019165
"7,11,18,8,11,11,15,9,12,6,15,15,18,12,22",0.43333333333333335,0.45714285714285713,0.44913151364764264,0.35294117647058826,0.5,0.41379310344827586,0.4444444444444444,0.8415114879608154
"11,15,5,11,13,11,13,8,13,5,15,14,9,7,6",0.36666666666666664,0.6285714285714286,0.4484077750206783,0.3157894736842105,0.5,0.3870967741935484,0.3888888888888889,0.728522777557373
"17,11,9,9,8,10,11,21,17,10,13,23,16,4,20",0.36666666666666664,0.5,0.44799421009098433,0.37037037037037035,0.8333333333333334,0.5128205128205128,0.4444444444444445,0.9488644599914551
"1,18,0,10,19,15,1,13,20,3,14,3,1,20,10",0.5,0.45714285714285713,0.4478132754342432,0.2,0.08333333333333333,0.11764705882352941,0.4305555555555556,1.2389862537384033
"15,2,17,7,4,15,9,19,13,12,17,9,5,21,17",0.4,0.5714285714285714,0.44765818858560796,0.3125,0.4166666666666667,0.35714285714285715,0.4027777777777778,0.8469264507293701
"10,7,14,14,4,3,0,14,22,11,16,4,7,0,9",0.36666666666666664,0.5714285714285714,0.44649503722084366,0.34782608695652173,0.6666666666666666,0.45714285714285713,0.41666666666666663,0.6535518169403076
"16,20,2,15,3,6,21,15,18,3,9,23,14,13,10",0.3,0.7571428571428571,0.4451767990074441,0.30434782608695654,0.5833333333333334,0.4,0.3472222222222222,0.907036542892456
"7,13,13,0,17,5,14,12,11,9,21,12,13,10,7",0.43333333333333335,0.44285714285714284,0.4450992555831265,0.35294117647058826,0.5,0.41379310344827586,0.4444444444444444,0.7767317295074463
"7,8,19,18,12,21,14,21,8,22,0,14,11,20,1",0.43333333333333335,0.44285714285714284,0.4450992555831265,0.35294117647058826,0.5,0.41379310344827586,0.4444444444444444,1.6274824142456055
"6,2,11,16,14,1,0,0,6,18,13,3,7,18,2",0.5,0.44285714285714284,0.444608147229115,0.2,0.08333333333333333,0.11764705882352941,0.4305555555555556,0.698676586151123
"6,4,20,0,14,20,15,0,10,15,13,18,3,15,0",0.3333333333333333,0.5714285714285714,0.4440136476426799,0.35714285714285715,0.8333333333333334,0.5,0.4166666666666667,0.7267646789550781
"10,2,10,18,11,4,18,10,11,8,7,14,4,18,0",0.4,0.5285714285714286,0.44398779983457404,0.35,0.5833333333333334,0.4375,0.4305555555555556,0.7757668495178223
"5,6,2,11,16,14,1,0,0,6,18,13,3,7,18",0.5,0.4857142857142857,0.4438068651778329,0.0,0.0,0.0,0.4166666666666667,0.6603734493255615
"4,17,1,8,0,6,1,14,9,3,7,6,12,19,5",0.36666666666666664,0.6142857142857143,0.4435483870967742,0.3157894736842105,0.5,0.3870967741935484,0.3888888888888889,0.7783288955688477
"8,7,14,4,18,0,0,16,4,21,3,14,16,14,9",0.4666666666666667,0.4142857142857143,0.44331575682382135,0.35714285714285715,0.4166666666666667,0.38461538461538464,0.45833333333333337,0.8192708492279053
"7,12,6,10,6,15,22,7,8,19,18,12,21,14,21",0.36666666666666664,0.5142857142857142,0.44326406120760964,0.36,0.75,0.4864864864864865,0.4305555555555556,1.636932373046875
"17,5,14,12,11,9,21,12,13,10,7,16,15,17,0",0.5333333333333333,0.14285714285714285,0.4416098014888338,0.4375,0.5833333333333334,0.5,0.5416666666666667,0.9081480503082275
"7,14,3,15,20,11,16,6,3,17,6,5,12,15,17",0.3333333333333333,0.5714285714285714,0.4415322580645161,0.35714285714285715,0.8333333333333334,0.5,0.4166666666666667,0.7389464378356934
"1,1,13,19,12,9,18,2,12,1,19,4,3,16,13",0.3333333333333333,0.5571428571428572,0.4408085194375517,0.35714285714285715,0.8333333333333334,0.5,0.4166666666666667,1.017674207687378
"8,21,2,6,15,16,1,0,8,1,0,14,0,12,16",0.36666666666666664,0.4714285714285714,0.44075682382133996,0.37037037037037035,0.8333333333333334,0.5128205128205128,0.4444444444444445,0.7017550468444824
"20,7,14,0,18,13,23,7,14,6,3,4,23,15,17",0.4666666666666667,0.4142857142857143,0.44034325889164594,0.3333333333333333,0.3333333333333333,0.3333333333333333,0.4444444444444444,0.7527031898498535
"19,0,13,8,17,16,4,12,14,7,0,0,15,14,12",0.5,0.3142857142857143,0.44005893300248144,0.38461538461538464,0.4166666666666667,0.4,0.48611111111111116,1.5239875316619873
"0,18,9,8,19,4,9,21,7,10,21,15,15,2,17",0.4666666666666667,0.44285714285714284,0.4396453680727874,0.3,0.25,0.2727272727272727,0.4305555555555556,1.0684731006622314
"5,11,13,11,13,8,13,5,15,14,9,7,6,3,17",0.5,0.32857142857142857,0.4394644334160463,0.36363636363636365,0.3333333333333333,0.34782608695652173,0.4722222222222222,0.700244665145874
"7,11,10,5,8,7,3,0,15,21,2,14,23,11,17",0.4,0.4714285714285714,0.43943858560794047,0.35,0.5833333333333334,0.4375,0.4305555555555556,0.7472875118255615
"2,13,12,11,0,15,9,6,17,5,2,11,23,13,18",0.4,0.42857142857142855,0.43858560794044665,0.36363636363636365,0.6666666666666666,0.47058823529411764,0.4444444444444444,0.8032448291778564
"10,6,15,22,7,8,19,18,12,21,14,21,8,22,0",0.43333333333333335,0.4142857142857143,0.4378618693134822,0.35294117647058826,0.5,0.41379310344827586,0.4444444444444444,1.6280603408813477
"9,20,11,1,16,2,13,12,11,0,15,9,6,17,5",0.43333333333333335,0.4714285714285714,0.4377843258891646,0.3333333333333333,0.4166666666666667,0.37037037037037035,0.4305555555555556,0.6727900505065918
"1,12,5,13,5,18,8,10,9,7,15,0,13,18,0",0.43333333333333335,0.42857142857142855,0.4377584780810587,0.35294117647058826,0.5,0.41379310344827586,0.4444444444444444,0.7102940082550049
"10,21,6,10,4,19,4,15,17,16,8,14,20,4,6",0.4,0.5857142857142857,0.4363110008271298,0.2857142857142857,0.3333333333333333,0.3076923076923077,0.38888888888888884,0.7552046775817871
"13,16,15,0,5,2,22,1,14,16,7,6,19,12,21",0.4,0.5,0.4362593052109181,0.3333333333333333,0.5,0.4,0.41666666666666663,0.8119251728057861
"19,19,2,2,7,13,7,6,13,17,9,17,8,15,11",0.5333333333333333,0.17142857142857143,0.43594913151364767,0.42857142857142855,0.5,0.46153846153846156,0.5277777777777778,3.802964210510254
"12,4,14,3,7,17,8,20,0,10,11,18,14,8,16",0.36666666666666664,0.6142857142857143,0.4356131100082713,0.29411764705882354,0.4166666666666667,0.3448275862068966,0.375,0.774219274520874
"3,21,12,3,14,11,6,22,3,2,11,5,8,5,3",0.4666666666666667,0.42857142857142855,0.43478598014888337,0.3,0.25,0.2727272727272727,0.4305555555555556,0.6835165023803711
"4,11,0,21,8,11,5,10,23,1,11,6,18,15,13",0.4,0.5,0.4346050454921423,0.3333333333333333,0.5,0.4,0.41666666666666663,0.7189393043518066
"21,2,17,5,10,6,23,0,7,17,23,13,14,1,11",0.5,0.44285714285714284,0.4333643507030604,0.0,0.0,0.0,0.4166666666666667,2.535957098007202
"7,10,21,15,15,2,17,7,4,15,9,19,13,12,17",0.4,0.44285714285714284,0.43220119933829615,0.35,0.5833333333333334,0.4375,0.4305555555555556,0.8206377029418945
"10,11,0,15,13,20,4,17,1,8,0,6,1,14,9",0.5,0.4,0.4316842431761787,0.2,0.08333333333333333,0.11764705882352941,0.4305555555555556,0.7300155162811279
"23,7,21,16,14,1,6,17,8,9,14,6,5,19,19",0.36666666666666664,0.4714285714285714,0.43116728701406126,0.36,0.75,0.4864864864864865,0.4305555555555556,2.861776828765869
"22,5,3,7,17,12,11,7,7,5,9,2,20,8,18",0.3333333333333333,0.5142857142857142,0.4295388751033912,0.35714285714285715,0.8333333333333334,0.5,0.4166666666666667,0.7512686252593994
"3,6,2,0,3,8,7,3,21,5,16,17,12,6,10",0.3333333333333333,0.5714285714285714,0.428970223325062,0.3333333333333333,0.6666666666666666,0.4444444444444444,0.38888888888888884,0.6993741989135742
"17,17,4,6,12,15,7,22,9,15,14,16,12,1,0",0.4,0.5,0.42749689826302734,0.3125,0.4166666666666667,0.35714285714285715,0.4027777777777778,0.9219832420349121
"12,3,2,14,19,16,23,15,20,6,15,13,10,14,1",0.4666666666666667,0.42857142857142855,0.42602357320099254,0.25,0.16666666666666666,0.2,0.41666666666666663,1.021315336227417
"10,12,3,2,14,19,16,23,15,20,6,15,13,10,14",0.4,0.5857142857142857,0.4258943341604632,0.25,0.25,0.25,0.375,1.00736403465271
"19,4,15,18,10,7,5,2,4,18,19,18,0,14,11",0.4,0.5714285714285714,0.4251705955334988,0.25,0.25,0.25,0.375,3.792577028274536
"10,12,14,4,14,19,10,8,2,14,15,16,6,12,1",0.43333333333333335,0.44285714285714284,0.42509305210918114,0.3076923076923077,0.3333333333333333,0.32,0.41666666666666663,0.8038899898529053
"17,17,7,13,22,13,6,22,11,1,3,15,3,14,1",0.4,0.5142857142857142,0.4244210090984284,0.2857142857142857,0.3333333333333333,0.3076923076923077,0.38888888888888884,0.968848705291748
"19,4,10,8,7,12,8,23,10,7,1,7,9,3,20",0.4,0.4857142857142857,0.42429177005789914,0.3125,0.4166666666666667,0.35714285714285715,0.4027777777777778,1.571833848953247
"18,15,8,4,5,14,22,4,1,15,10,21,10,16,1",0.3333333333333333,0.5142857142857142,0.4232578577336642,0.34615384615384615,0.75,0.47368421052631576,0.4027777777777778,1.075948715209961
"12,21,14,21,8,22,0,14,11,20,1,2,5,17,12",0.36666666666666664,0.6142857142857143,0.4227150537634408,0.26666666666666666,0.3333333333333333,0.2962962962962963,0.3611111111111111,0.7691314220428467
"16,7,11,18,12,17,22,8,15,21,1,16,14,11,18",0.4,0.5142857142857142,0.42193961952026465,0.2857142857142857,0.3333333333333333,0.3076923076923077,0.38888888888888884,0.9389188289642334
"11,18,2,11,17,12,7,2,4,6,6,18,12,22,4",0.3333333333333333,0.5285714285714286,0.4215002067824649,0.34615384615384615,0.75,0.47368421052631576,0.4027777777777778,0.6965816020965576
"16,17,18,10,4,22,14,14,13,17,0,1,4,4,13",0.3,0.6857142857142857,0.42121588089330025,0.2857142857142857,0.5,0.36363636363636365,0.3333333333333333,0.9946298599243164
"10,16,1,2,16,4,4,5,14,1,17,2,8,16,9",0.3333333333333333,0.5571428571428572,0.41997518610421836,0.3333333333333333,0.6666666666666666,0.4444444444444444,0.38888888888888884,0.7093183994293213
"19,19,13,17,17,16,6,12,16,7,0,0,16,14,16",0.5333333333333333,0.014285714285714285,0.4198717948717949,0.4444444444444444,0.6666666666666666,0.5333333333333333,0.5555555555555556,3.8933980464935303
"13,16,10,14,18,9,0,18,16,20,7,6,18,1,11",0.5,0.32857142857142857,0.4194582299421009,0.2857142857142857,0.16666666666666666,0.21052631578947367,0.4444444444444444,0.8326318264007568
"15,5,11,16,11,13,5,13,5,15,14,9,7,23,12",0.5,0.18571428571428572,0.4191480562448304,0.4,0.5,0.4444444444444444,0.5,0.8460116386413574
"14,14,2,10,1,21,5,15,0,1,20,7,14,0,18",0.43333333333333335,0.45714285714285713,0.4178815136476427,0.2727272727272727,0.25,0.2608695652173913,0.4027777777777778,0.7521085739135742
"5,3,5,12,2,23,14,8,21,10,15,13,3,17,4",0.36666666666666664,0.4857142857142857,0.41767473118279574,0.3333333333333333,0.5833333333333334,0.42424242424242425,0.4027777777777778,0.703261137008667
"13,5,18,8,10,9,7,15,0,13,18,0,10,15,9",0.5666666666666667,0.12857142857142856,0.41757133995037216,0.42857142857142855,0.25,0.3157894736842105,0.5138888888888888,0.7697145938873291
"7,7,11,13,7,13,17,13,1,18,14,9,14,6,11",0.4,0.44285714285714284,0.41633064516129037,0.3125,0.4166666666666667,0.35714285714285715,0.4027777777777778,0.8264179229736328
"4,6,5,13,12,18,8,20,16,10,0,23,9,17,19",0.4,0.38571428571428573,0.4152450372208437,0.35,0.5833333333333334,0.4375,0.4305555555555556,1.0890467166900635
"4,14,9,23,11,0,8,1,14,12,1,9,5,18,9",0.4,0.4857142857142857,0.41304797353184447,0.2857142857142857,0.3333333333333333,0.3076923076923077,0.38888888888888884,0.7700564861297607
"14,17,11,5,14,0,1,19,13,14,9,12,7,9,12",0.3,0.6857142857142857,0.40997208436724564,0.2631578947368421,0.4166666666666667,0.3225806451612903,0.3194444444444444,0.8023886680603027
"21,17,20,8,3,0,22,14,19,18,11,18,2,11,17",0.3333333333333333,0.5285714285714286,0.4097653019023987,0.3181818181818182,0.5833333333333334,0.4117647058823529,0.375,3.5045573711395264
"15,16,0,11,4,0,7,20,10,6,12,0,19,9,4",0.4,0.6,0.4086021505376344,0.0,0.0,0.0,0.3333333333333333,0.7535297870635986
"17,2,8,16,9,2,19,0,10,16,0,12,13,15,17",0.36666666666666664,0.4714285714285714,0.40818858560794047,0.3157894736842105,0.5,0.3870967741935484,0.3888888888888889,0.8623147010803223
"10,12,1,3,21,12,3,14,11,6,22,3,2,11,5",0.36666666666666664,0.5714285714285714,0.4081368899917287,0.26666666666666666,0.3333333333333333,0.2962962962962963,0.3611111111111111,0.6432323455810547
"14,10,12,3,2,14,19,16,23,15,20,6,15,13,10",0.43333333333333335,0.4857142857142857,0.40676695616211744,0.14285714285714285,0.08333333333333333,0.10526315789473684,0.375,1.0309340953826904
"5,14,12,11,9,21,12,13,10,7,16,15,17,0,13",0.5,0.17142857142857143,0.4055262613730356,0.38461538461538464,0.4166666666666667,0.4,0.48611111111111116,0.8878130912780762
"9,13,5,20,10,2,11,20,3,3,15,5,7,12,17",0.36666666666666664,0.5,0.4050093052109181,0.29411764705882354,0.4166666666666667,0.3448275862068966,0.375,0.6789467334747314
"8,5,9,3,17,15,21,6,11,14,17,17,17,19,14",0.3333333333333333,0.5,0.40467328370554173,0.3333333333333333,0.6666666666666666,0.4444444444444444,0.38888888888888884,1.4441392421722412
"20,10,9,13,6,3,1,17,14,19,2,13,4,4,18",0.3333333333333333,0.5428571428571428,0.40420802315963605,0.3,0.5,0.375,0.3611111111111111,0.826357364654541
"0,13,18,0,10,15,9,13,6,4,17,7,14,4,19",0.4,0.5,0.4003825475599669,0.2,0.16666666666666666,0.18181818181818182,0.3611111111111111,0.7565224170684814
"16,14,8,5,2,2,13,6,6,17,20,8,20,2,10",0.3,0.6142857142857143,0.39940033085194376,0.2857142857142857,0.5,0.36363636363636365,0.3333333333333333,0.7762460708618164
"11,4,15,7,13,4,18,7,22,17,8,10,18,15,12",0.4,0.35714285714285715,0.3984181141439206,0.3333333333333333,0.5,0.4,0.41666666666666663,0.8157765865325928
"4,23,2,14,13,11,20,2,17,23,7,11,14,19,12",0.43333333333333335,0.3142857142857143,0.3983922663358147,0.3333333333333333,0.4166666666666667,0.37037037037037035,0.4305555555555556,1.1085093021392822
"16,11,8,15,9,1,10,4,11,22,3,8,12,17,22",0.43333333333333335,0.4857142857142857,0.3971774193548387,0.0,0.0,0.0,0.3611111111111111,0.8225665092468262
"15,20,7,14,3,15,20,11,16,6,3,17,6,5,12",0.3333333333333333,0.5571428571428572,0.39451509511993377,0.2777777777777778,0.4166666666666667,0.3333333333333333,0.3472222222222222,0.7848317623138428
"16,2,13,12,11,0,15,9,6,17,5,2,11,23,13",0.3,0.6285714285714286,0.39384305210918114,0.2631578947368421,0.4166666666666667,0.3225806451612903,0.3194444444444444,0.8191382884979248
"1,17,2,8,16,9,2,19,0,10,16,0,12,13,15",0.3,0.5857142857142857,0.39381720430107525,0.2857142857142857,0.5,0.36363636363636365,0.3333333333333333,0.8518867492675781
"10,8,2,14,15,16,6,12,1,3,8,14,1,18,19",0.3333333333333333,0.44285714285714284,0.39267990074441683,0.3333333333333333,0.6666666666666666,0.4444444444444444,0.38888888888888884,1.6750671863555908
"2,13,8,1,2,21,10,3,19,0,10,2,10,18,11",0.4,0.4857142857142857,0.39221464019851116,0.2,0.16666666666666666,0.18181818181818182,0.3611111111111111,0.8025727272033691
"11,4,11,9,14,0,20,5,8,21,2,6,15,16,1",0.3333333333333333,0.5,0.3921112489660877,0.3,0.5,0.375,0.3611111111111111,0.6769130229949951
"13,6,9,1,23,9,17,19,8,0,8,12,18,2,8",0.3,0.6142857142857143,0.3914650537634408,0.2631578947368421,0.4166666666666667,0.3225806451612903,0.3194444444444444,1.138753890991211
"18,6,9,19,0,2,16,14,10,1,13,4,3,7,2",0.3333333333333333,0.5142857142857142,0.39035359801488834,0.3,0.5,0.375,0.3611111111111111,1.2572007179260254
"17,5,10,6,23,0,7,17,23,13,14,1,11,10,7",0.36666666666666664,0.45714285714285713,0.38580438378825477,0.26666666666666666,0.3333333333333333,0.2962962962962963,0.3611111111111111,0.8613836765289307
"2,18,19,1,18,4,13,8,20,17,14,4,4,17,15",0.36666666666666664,0.42857142857142855,0.38567514474772535,0.29411764705882354,0.4166666666666667,0.3448275862068966,0.375,3.4224181175231934
"9,5,11,12,5,7,10,11,21,1,2,16,7,10,23",0.4,0.38571428571428573,0.38482216708023154,0.2857142857142857,0.3333333333333333,0.3076923076923077,0.38888888888888884,0.7850735187530518
"14,12,7,12,22,2,15,12,19,13,19,18,3,10,3",0.3333333333333333,0.5428571428571428,0.38420181968569067,0.25,0.3333333333333333,0.2857142857142857,0.3333333333333333,1.7644636631011963
"7,4,11,0,21,8,11,5,10,23,1,11,6,18,15",0.43333333333333335,0.37142857142857144,0.38278019023986765,0.14285714285714285,0.08333333333333333,0.10526315789473684,0.375,0.7065136432647705
"17,0,13,17,17,17,6,12,15,7,0,0,16,14,10",0.5,0.02857142857142857,0.3814102564102564,0.4,0.5,0.4444444444444444,0.5,1.0108249187469482
"21,12,13,10,7,16,15,17,0,13,17,17,4,6,12",0.3,0.5857142857142857,0.37381100082712987,0.23529411764705882,0.3333333333333333,0.27586206896551724,0.3055555555555556,0.8696918487548828
"13,0,17,5,14,12,11,9,21,12,13,10,7,16,15",0.4,0.21428571428571427,0.3726478494623656,0.35,0.5833333333333334,0.4375,0.4305555555555556,0.8595480918884277
"23,3,5,14,1,14,1,0,9,20,12,14,10,23,7",0.26666666666666666,0.5,0.3696236559139785,0.3076923076923077,0.6666666666666666,0.42105263157894735,0.3333333333333333,1.0325353145599365
"13,4,18,7,22,17,8,10,18,15,12,13,3,14,20",0.3333333333333333,0.42857142857142855,0.3640146815550041,0.2777777777777778,0.4166666666666667,0.3333333333333333,0.3472222222222222,0.8523108959197998
"12,13,10,7,16,15,17,0,13,17,17,4,6,12,15",0.3333333333333333,0.45714285714285713,0.36248966087675766,0.25,0.3333333333333333,0.2857142857142857,0.3333333333333333,0.8067221641540527
"4,15,5,17,13,11,10,8,13,5,15,14,9,7,12",0.3,0.45714285714285713,0.3600082712985939,0.2857142857142857,0.5,0.36363636363636365,0.3333333333333333,0.8181126117706299
"0,11,4,0,7,20,10,6,12,0,19,9,4,1,21",0.3333333333333333,0.45714285714285713,0.35869003308519437,0.21428571428571427,0.25,0.23076923076923078,0.3194444444444444,0.6441431045532227
"18,19,9,12,18,6,9,19,0,2,16,14,10,1,13",0.3,0.6,0.35866418527708854,0.15384615384615385,0.16666666666666666,0.16,0.2777777777777778,2.341019630432129
"3,11,19,1,15,12,14,4,16,10,20,7,7,3,2",0.36666666666666664,0.38571428571428573,0.3585349462365591,0.23076923076923078,0.25,0.24,0.3472222222222222,0.8610031604766846
"12,1,3,21,12,3,14,11,6,22,3,2,11,5,8",0.3333333333333333,0.45714285714285713,0.35372725392886684,0.21428571428571427,0.25,0.23076923076923078,0.3194444444444444,0.7000176906585693
"1,20,9,7,19,7,9,2,11,6,2,3,16,5,18",0.36666666666666664,0.4142857142857143,0.34659325889164605,0.1111111111111111,0.08333333333333333,0.09523809523809523,0.3194444444444445,0.7336769104003906
"12,6,10,1,3,11,14,9,13,0,0,16,9,7,13",0.3333333333333333,0.45714285714285713,0.3457919768403639,0.16666666666666666,0.16666666666666666,0.16666666666666666,0.3055555555555555,0.7276411056518555
"19,13,16,7,16,5,22,16,13,7,18,15,23,12,17",0.3333333333333333,0.2857142857142857,0.33989867659222495,0.3,0.5,0.375,0.3611111111111111,1.642930269241333
"9,17,19,8,0,8,12,18,2,8,1,15,0,5,4",0.3,0.42857142857142855,0.33987282878411906,0.2631578947368421,0.4166666666666667,0.3225806451612903,0.3194444444444444,1.2301106452941895
"17,0,13,6,17,4,6,12,16,7,22,17,16,14,12",0.4666666666666667,0.014285714285714285,0.33736559139784944,0.3333333333333333,0.3333333333333333,0.3333333333333333,0.4444444444444444,0.8750259876251221
"19,19,5,16,13,16,13,8,13,13,7,18,9,23,12",0.4666666666666667,0.014285714285714285,0.3365384615384615,0.3333333333333333,0.3333333333333333,0.3333333333333333,0.4444444444444444,3.973137378692627
"15,1,12,5,13,5,18,8,10,9,7,15,0,13,18",0.26666666666666666,0.4857142857142857,0.331368899917287,0.2222222222222222,0.3333333333333333,0.26666666666666666,0.2777777777777778,0.7764828205108643
"6,23,12,18,18,14,14,2,10,1,21,5,15,0,1",0.3,0.4714285714285714,0.32899090157154676,0.15384615384615385,0.16666666666666666,0.16,0.2777777777777778,1.2163949012756348
"16,12,4,14,3,7,17,8,20,0,10,11,18,14,8",0.3333333333333333,0.18571428571428572,0.30704611248966085,0.2777777777777778,0.4166666666666667,0.3333333333333333,0.3472222222222222,0.8436493873596191
"19,19,13,16,17,16,6,12,16,7,0,0,16,14,12",0.3333333333333333,0.0,0.25,0.25,0.3333333333333333,0.2857142857142857,0.3333333333333333,3.9038970470428467
