encoding,test accuracy,training accuracy,combined accuracy,test precision,test recall,test fscore,test auc,training time
"4,17,17,15,18,12,14,6,19,10,11,11,11,22,0",0.58,1.0,0.685,0.556497175141243,0.788,0.652317880794702,0.5800000000000001,0.9243948459625244
"4,4,19,4,18,15,6,2,7,18,9,9,12,14,0",0.574,1.0,0.6805,0.5495978552278821,0.82,0.6581059390048154,0.574,2.087907075881958
"5,4,0,0,18,15,6,2,7,18,9,9,12,14,0",0.566,0.98,0.6695,0.5591397849462365,0.624,0.5897920604914934,0.5660000000000001,0.9671692848205566
"5,5,17,4,17,17,15,6,4,14,7,19,6,11,11",0.556,1.0,0.667,0.5985915492957746,0.34,0.4336734693877551,0.556,0.928520917892456
"4,4,19,4,18,15,6,2,7,18,9,9,12,10,0",0.554,1.0,0.6655,0.5402985074626866,0.724,0.6188034188034188,0.554,2.139497995376587
"4,4,0,4,18,15,6,2,7,18,9,9,12,14,0",0.57,0.95,0.665,0.5627240143369175,0.628,0.5935727788279773,0.5700000000000001,0.8870484828948975
"4,4,0,0,18,15,6,2,7,18,9,9,12,14,0",0.57,0.95,0.665,0.5627240143369175,0.628,0.5935727788279773,0.5700000000000001,0.9139904975891113
"17,4,0,4,12,15,6,6,15,18,9,0,9,7,0",0.552,1.0,0.664,0.5503875968992248,0.568,0.5590551181102362,0.552,0.7297985553741455
"0,16,5,22,4,17,17,15,6,12,14,7,19,10,11",0.552,1.0,0.664,0.54421768707483,0.64,0.5882352941176471,0.552,0.9049072265625
"5,4,19,4,18,15,6,2,7,18,9,9,12,14,0",0.55,1.0,0.6625000000000001,0.5346260387811634,0.772,0.6317512274959084,0.55,2.0899972915649414
"18,4,16,13,15,15,6,12,15,18,9,9,9,23,0",0.548,1.0,0.661,0.5384615384615384,0.672,0.597864768683274,0.548,1.0057132244110107
"18,4,17,4,12,15,12,6,13,15,8,0,11,7,0",0.546,1.0,0.6595,0.5493562231759657,0.512,0.5300207039337475,0.546,1.0228462219238281
"5,4,17,17,18,15,12,2,13,15,8,0,11,10,0",0.562,0.95,0.659,0.5422343324250681,0.796,0.6450567260940032,0.562,1.1130917072296143
"16,5,22,4,17,17,15,6,4,14,7,19,10,11,11",0.544,1.0,0.658,0.5357142857142857,0.66,0.5913978494623656,0.544,0.8065483570098877
"16,5,22,4,17,17,15,6,4,14,7,19,2,11,11",0.55,0.98,0.6575,0.5420875420875421,0.644,0.5886654478976234,0.55,1.0156278610229492
"5,4,19,4,18,15,6,6,7,18,9,9,12,14,0",0.542,1.0,0.6565000000000001,0.5323076923076923,0.692,0.6017391304347826,0.542,2.0283350944519043
"16,5,22,4,17,17,15,6,12,14,7,19,10,11,11",0.538,1.0,0.6535,0.5272206303724928,0.736,0.6143572621035058,0.538,0.8500123023986816
"5,4,19,4,18,15,6,2,7,18,9,9,12,10,0",0.538,1.0,0.6535,0.5288753799392097,0.696,0.6010362694300518,0.538,2.1165521144866943
"5,4,19,4,18,15,6,2,7,14,9,9,12,14,0",0.536,1.0,0.652,0.5279503105590062,0.68,0.5944055944055944,0.536,2.080319881439209
"4,17,17,15,6,12,14,7,19,10,11,11,11,22,0",0.536,0.99,0.6495,0.5296052631578947,0.644,0.5812274368231047,0.536,0.935662031173706
"4,4,16,4,19,15,6,2,7,18,9,9,12,14,0",0.536,0.99,0.6495,0.5288461538461539,0.66,0.5871886120996441,0.536,0.920149564743042
"16,19,18,17,4,10,19,0,6,0,7,17,13,10,9",0.536,0.99,0.6495,0.5263157894736842,0.72,0.6081081081081081,0.536,2.0010995864868164
"4,4,19,4,18,15,6,2,10,18,9,9,12,10,0",0.532,1.0,0.649,0.5236686390532544,0.708,0.6020408163265306,0.532,2.071221113204956
"6,4,19,4,18,15,6,2,15,18,9,0,9,7,0",0.538,0.98,0.6485000000000001,0.5244215938303342,0.816,0.6384976525821596,0.538,2.10042142868042
"5,5,17,4,17,17,15,6,4,14,7,19,10,11,11",0.534,0.99,0.648,0.5234159779614325,0.76,0.6199021207177814,0.534,0.9450953006744385
"5,4,16,4,19,15,6,2,7,18,9,9,12,14,0",0.534,0.99,0.648,0.5271565495207667,0.66,0.5861456483126111,0.534,0.9486610889434814
"12,19,6,17,9,19,12,12,15,11,13,18,15,11,6",0.536,0.98,0.647,0.5231958762886598,0.812,0.6363636363636364,0.536,1.105891466140747
"4,4,17,4,18,15,6,2,7,18,9,9,12,14,0",0.542,0.96,0.6465000000000001,0.5390334572490706,0.58,0.558766859344894,0.542,0.9635858535766602
"17,4,16,0,22,15,6,15,7,18,9,9,12,7,0",0.528,1.0,0.646,0.5209580838323353,0.696,0.5958904109589042,0.528,0.869830846786499
"4,17,17,15,17,12,14,6,19,10,11,11,11,22,11",0.53,0.99,0.645,0.5255972696245734,0.616,0.567219152854512,0.53,0.9262239933013916
"11,0,16,5,22,4,17,17,15,6,12,14,7,19,10",0.54,0.96,0.645,0.5331125827814569,0.644,0.5833333333333334,0.54,0.7619526386260986
"4,17,17,15,18,12,10,6,19,10,11,11,11,22,0",0.536,0.97,0.6445000000000001,0.532608695652174,0.588,0.55893536121673,0.536,0.9597537517547607
"12,11,11,17,22,16,12,18,18,6,5,7,0,12,3",0.572,0.86,0.644,0.5526315789473685,0.756,0.6385135135135135,0.5720000000000001,1.1968557834625244
"18,4,16,13,15,2,6,12,15,18,9,9,9,23,0",0.534,0.97,0.643,0.5219638242894057,0.808,0.6342229199372057,0.534,1.111379623413086
"5,4,16,0,22,15,6,15,7,18,9,9,12,7,0",0.53,0.98,0.6425000000000001,0.5241157556270096,0.652,0.5811051693404634,0.53,0.6811065673828125
"5,4,16,4,19,15,6,6,7,18,9,9,12,14,0",0.518,1.0,0.6385000000000001,0.5128205128205128,0.72,0.5990016638935108,0.518,0.8944993019104004
"4,6,14,14,0,17,15,13,20,0,10,21,3,10,22",0.554,0.89,0.638,0.5395894428152492,0.736,0.622673434856176,0.554,0.7587943077087402
"4,17,17,15,18,12,14,6,19,10,3,11,11,22,0",0.522,0.98,0.6365000000000001,0.5197132616487455,0.58,0.5482041587901701,0.522,1.048065423965454
"4,4,16,4,19,15,6,6,7,18,9,9,12,14,0",0.514,1.0,0.6355,0.5096952908587258,0.736,0.602291325695581,0.514,0.8898293972015381
"5,4,16,4,19,15,6,6,7,18,9,9,9,14,0",0.514,1.0,0.6355,0.5105740181268882,0.676,0.5817555938037866,0.514,0.8823673725128174
"15,14,14,4,6,14,11,16,4,23,5,13,0,3,13",0.52,0.98,0.635,0.515527950310559,0.664,0.5804195804195804,0.52,0.6726901531219482
"16,5,23,6,11,10,20,6,12,4,23,10,14,9,4",0.54,0.91,0.6325000000000001,0.5245098039215687,0.856,0.6504559270516718,0.54,0.6987557411193848
"4,4,19,4,18,15,6,6,10,18,9,9,12,10,0",0.51,1.0,0.6325000000000001,0.5077399380804953,0.656,0.5724258289703316,0.51,2.0378544330596924
"4,5,0,4,18,15,6,6,7,18,9,9,10,11,0",0.508,1.0,0.631,0.5061728395061729,0.656,0.5714285714285714,0.508,0.9304940700531006
"4,5,0,0,18,15,6,6,7,18,9,9,10,11,0",0.508,1.0,0.631,0.5061728395061729,0.656,0.5714285714285714,0.508,0.8751063346862793
"16,5,22,4,17,17,15,6,12,5,7,19,10,11,11",0.508,1.0,0.631,0.5060606060606061,0.668,0.5758620689655173,0.508,0.9317848682403564
"5,4,19,4,18,15,6,2,7,18,9,8,12,14,0",0.51,0.99,0.63,0.5075987841945289,0.668,0.5768566493955095,0.51,2.1018919944763184
"4,4,18,4,19,15,6,2,7,18,9,9,12,14,0",0.51,0.99,0.63,0.5085910652920962,0.592,0.5471349353049908,0.51,1.9446992874145508
"4,5,19,4,18,15,6,2,7,18,7,9,12,10,0",0.506,0.99,0.627,0.5050847457627119,0.596,0.5467889908256881,0.506,2.106747627258301
"0,16,19,4,18,17,17,2,6,12,14,7,19,10,11",0.506,0.99,0.627,0.5062761506276151,0.484,0.4948875255623722,0.506,2.0971193313598633
"4,4,19,4,18,15,6,2,13,18,9,9,12,14,0",0.506,0.99,0.627,0.5045317220543807,0.668,0.5748709122203098,0.506,2.148020029067993
"17,4,0,0,22,10,21,15,20,3,9,9,3,7,7",0.562,0.82,0.6265000000000001,0.554006968641115,0.636,0.5921787709497207,0.562,0.7245922088623047
"17,9,0,0,22,10,21,15,20,3,10,9,3,7,7",0.558,0.83,0.6260000000000001,0.5501730103806228,0.636,0.5899814471243042,0.558,0.7743029594421387
"4,4,0,0,18,15,12,2,7,18,9,9,12,14,0",0.538,0.89,0.626,0.531986531986532,0.632,0.5776965265082267,0.538,1.0082881450653076
"6,4,16,4,12,15,6,6,15,18,9,0,9,7,0",0.502,0.99,0.624,0.5024154589371981,0.416,0.4551422319474836,0.502,0.6742205619812012
"17,19,16,0,1,5,0,5,2,13,5,14,19,10,21",0.568,0.79,0.6234999999999999,0.551829268292683,0.724,0.6262975778546713,0.568,1.445035457611084
"5,5,19,4,17,17,15,6,12,14,7,19,10,11,11",0.496,1.0,0.622,0.4964788732394366,0.564,0.5280898876404494,0.496,1.6487603187561035
"0,5,17,18,6,18,9,14,9,15,17,9,17,18,10",0.496,1.0,0.622,0.49698795180722893,0.66,0.5670103092783505,0.496,1.682814598083496
"17,4,13,4,22,15,6,15,7,18,9,9,12,14,7",0.496,1.0,0.622,0.49523809523809526,0.416,0.45217391304347826,0.496,0.78997802734375
"4,5,19,4,18,12,14,6,19,10,11,11,11,22,0",0.496,1.0,0.622,0.4965277777777778,0.572,0.5315985130111525,0.496,2.099952220916748
"14,13,21,14,13,13,14,5,23,7,7,3,9,23,16",0.542,0.86,0.6215,0.5411764705882353,0.552,0.5465346534653466,0.542,0.8720159530639648
"6,17,15,8,22,10,12,7,9,19,10,0,6,22,9",0.512,0.95,0.6214999999999999,0.5161290322580645,0.384,0.44036697247706424,0.512,0.7870025634765625
"17,5,22,0,6,17,15,15,12,14,7,19,10,7,11",0.494,1.0,0.6205,0.4957983193277311,0.708,0.5831960461285008,0.494,0.8740332126617432
"13,21,14,3,5,14,12,19,6,17,9,19,12,12,15",0.554,0.82,0.6205,0.5326876513317191,0.88,0.6636500754147813,0.554,1.0890607833862305
"15,11,6,17,10,12,11,11,17,22,16,12,18,18,6",0.528,0.89,0.6185,0.525,0.588,0.5547169811320755,0.528,1.2476072311401367
"5,3,12,17,10,20,15,14,0,14,10,18,13,18,15",0.564,0.78,0.6180000000000001,0.5467836257309941,0.748,0.6317567567567568,0.5640000000000001,0.7050018310546875
"6,4,16,4,19,15,6,6,15,18,9,9,9,14,0",0.49,1.0,0.6174999999999999,0.48868778280542985,0.432,0.4585987261146497,0.49,0.9357609748840332
"17,4,18,5,4,16,18,17,1,8,5,13,15,0,11",0.516,0.92,0.617,0.5132450331125827,0.62,0.5615942028985508,0.516,1.2997500896453857
"4,17,0,4,18,12,14,6,19,10,11,11,11,22,4",0.492,0.99,0.6165,0.4935897435897436,0.616,0.5480427046263345,0.492,0.9876041412353516
"5,6,0,16,15,12,3,10,19,15,0,13,0,9,7",0.524,0.89,0.6155,0.5232558139534884,0.54,0.531496062992126,0.524,0.7382848262786865
"6,0,16,15,12,3,10,19,15,0,13,0,9,7,19",0.554,0.8,0.6155,0.5451505016722408,0.652,0.5938069216757741,0.554,0.7450990676879883
"17,4,13,4,15,15,6,11,7,18,9,9,12,14,0",0.494,0.98,0.6154999999999999,0.4967462039045553,0.916,0.6441631504922645,0.494,0.7163729667663574
"18,6,12,6,11,17,13,8,7,3,22,15,13,11,16",0.494,0.98,0.6154999999999999,0.49333333333333335,0.444,0.4673684210526316,0.494,0.9015622138977051
"4,4,21,5,16,5,10,5,8,18,0,12,12,12,16",0.55,0.81,0.615,0.5984251968503937,0.304,0.40318302387267907,0.55,1.3350820541381836
"18,4,17,22,12,15,12,2,13,15,8,0,12,14,0",0.492,0.98,0.614,0.49242424242424243,0.52,0.5058365758754864,0.492,1.1391284465789795
"13,18,15,11,6,17,10,12,11,11,17,22,16,12,18",0.538,0.84,0.6135,0.5287009063444109,0.7,0.6024096385542169,0.538,0.8613951206207275
"5,4,16,4,18,15,6,6,15,18,9,9,9,14,0",0.488,0.99,0.6134999999999999,0.48872180451127817,0.52,0.5038759689922481,0.488,0.8963422775268555
"5,4,0,16,15,10,21,10,20,3,9,9,3,9,7",0.548,0.8,0.611,0.5405405405405406,0.64,0.5860805860805861,0.548,0.7023096084594727
"19,10,19,8,11,5,22,13,2,5,13,8,12,9,9",0.498,0.95,0.611,0.49829351535836175,0.584,0.5377532228360957,0.498,1.124666690826416
"4,16,0,4,12,15,12,6,13,15,8,9,11,7,0",0.488,0.98,0.611,0.4881889763779528,0.496,0.49206349206349204,0.488,0.7372353076934814
"5,17,0,18,2,14,5,6,16,13,21,8,12,10,22",0.518,0.89,0.611,0.5201793721973094,0.464,0.4904862579281184,0.518,1.042001485824585
"4,4,16,4,18,15,6,2,7,18,9,9,12,14,0",0.494,0.96,0.6105,0.49246231155778897,0.392,0.4365256124721604,0.494,0.7796018123626709
"5,4,19,4,17,15,6,6,7,14,8,9,12,14,11",0.48,1.0,0.61,0.48214285714285715,0.54,0.5094339622641509,0.48,1.5140411853790283
"18,4,16,4,15,15,12,10,13,15,8,0,11,7,7",0.48,1.0,0.61,0.47596153846153844,0.396,0.43231441048034935,0.48,0.9468343257904053
"4,10,16,4,19,15,6,6,7,18,12,9,12,14,0",0.502,0.93,0.609,0.5026737967914439,0.376,0.4302059496567506,0.502,0.8695340156555176
"18,17,16,12,15,12,14,12,19,10,11,11,11,22,0",0.484,0.98,0.608,0.48507462686567165,0.52,0.5019305019305019,0.484,1.1797215938568115
"19,17,13,21,14,3,5,14,12,19,6,17,9,19,12",0.504,0.92,0.608,0.50390625,0.516,0.5098814229249012,0.504,1.995194435119629
"17,4,0,4,18,15,6,2,13,18,9,0,9,7,0",0.48,0.99,0.6074999999999999,0.47058823529411764,0.32,0.38095238095238093,0.48,1.0245718955993652
"0,16,17,15,18,17,17,6,5,12,14,7,19,10,11",0.48,0.99,0.6074999999999999,0.47685185185185186,0.412,0.44206008583690987,0.48,1.083733081817627
"4,17,0,4,18,12,14,6,19,10,11,11,11,22,0",0.476,1.0,0.607,0.4807692307692308,0.6,0.5338078291814946,0.476,1.014389991760254
"18,4,17,4,19,15,6,6,13,18,9,0,12,14,0",0.476,1.0,0.607,0.47345132743362833,0.428,0.4495798319327731,0.476,1.5736935138702393
"4,4,19,19,18,15,6,2,7,18,9,9,12,10,0",0.486,0.97,0.607,0.48698884758364314,0.524,0.5048169556840078,0.486,3.7558958530426025
"18,3,17,13,15,2,12,12,13,15,8,12,11,23,12",0.514,0.88,0.6055,0.5139442231075697,0.516,0.5149700598802395,0.514,2.694943428039551
"5,4,19,4,17,15,6,6,7,14,9,9,12,14,11",0.474,1.0,0.6054999999999999,0.4732510288065844,0.46,0.4665314401622718,0.474,1.5168328285217285
"5,4,16,4,18,15,6,2,7,18,9,9,12,14,0",0.48,0.98,0.605,0.47572815533980584,0.392,0.4298245614035088,0.48,0.8035862445831299
"5,4,19,4,19,15,6,2,7,18,9,9,12,14,0",0.476,0.99,0.6045,0.47692307692307695,0.496,0.48627450980392156,0.476,2.8443639278411865
"16,12,14,11,15,3,22,13,10,14,17,18,19,0,13",0.496,0.93,0.6045,0.49693251533742333,0.648,0.5625,0.496,1.935776710510254
"5,4,17,4,18,15,12,2,13,15,8,0,11,10,0",0.482,0.97,0.604,0.48398576512455516,0.544,0.512241054613936,0.482,1.0102167129516602
"18,4,16,4,12,15,12,6,13,15,8,0,11,7,0",0.472,1.0,0.604,0.465,0.372,0.41333333333333333,0.472,0.9032802581787109
"6,16,16,4,12,15,12,6,13,15,8,0,11,7,0",0.478,0.98,0.6034999999999999,0.4744186046511628,0.408,0.43870967741935485,0.478,0.7195391654968262
"4,17,17,19,6,12,14,7,19,10,11,11,11,22,0",0.474,0.99,0.603,0.4745098039215686,0.484,0.4792079207920792,0.474,1.294677734375
"6,4,19,4,19,15,6,2,7,18,9,9,12,14,0",0.474,0.99,0.603,0.4767025089605735,0.532,0.502835538752363,0.474,2.8577003479003906
"18,14,16,4,19,11,9,6,0,19,8,17,2,5,23",0.54,0.79,0.6025,0.5240384615384616,0.872,0.6546546546546547,0.54,1.1262004375457764
"0,16,17,15,18,17,17,6,6,12,14,7,19,10,11",0.47,1.0,0.6025,0.46411483253588515,0.388,0.4226579520697168,0.47000000000000003,1.0418460369110107
"19,10,16,22,13,18,16,6,17,21,12,20,11,8,5",0.47,1.0,0.6025,0.4780058651026393,0.652,0.5516074450084603,0.47,1.2764966487884521
"14,12,11,18,0,10,5,0,4,2,8,8,16,11,5",0.536,0.8,0.6020000000000001,0.53515625,0.548,0.541501976284585,0.536,0.6754488945007324
"4,4,16,4,18,15,6,2,15,18,9,0,9,7,0",0.486,0.95,0.602,0.4878048780487805,0.56,0.521415270018622,0.486,0.8582456111907959
"19,17,16,15,15,12,14,12,19,10,11,11,11,22,0",0.476,0.98,0.602,0.4763779527559055,0.484,0.4801587301587302,0.476,1.6158263683319092
"18,4,16,4,15,15,6,2,15,18,9,9,9,23,0",0.472,0.99,0.6014999999999999,0.46846846846846846,0.416,0.4406779661016949,0.472,1.0650413036346436
"18,4,19,4,18,15,12,2,13,15,8,0,11,7,0",0.472,0.99,0.6014999999999999,0.46111111111111114,0.332,0.386046511627907,0.472,2.876009702682495
"6,4,16,4,19,15,6,6,15,18,9,0,9,7,0",0.468,1.0,0.601,0.46946564885496184,0.492,0.48046875,0.46799999999999997,0.982295036315918
"4,19,18,11,15,17,21,10,5,5,17,18,9,10,5",0.476,0.97,0.5994999999999999,0.4770992366412214,0.5,0.48828125,0.476,2.314110279083252
"18,14,4,19,2,10,0,11,16,23,7,6,11,5,9",0.52,0.83,0.5975,0.5181159420289855,0.572,0.5437262357414449,0.52,1.00734281539917
"6,12,6,11,17,13,8,7,3,22,15,13,11,16,0",0.54,0.77,0.5975,0.5246305418719212,0.852,0.649390243902439,0.54,0.6707098484039307
"18,0,6,19,15,7,14,12,13,14,19,7,4,6,10",0.53,0.8,0.5975,0.5187032418952618,0.832,0.6390168970814132,0.53,1.9824485778808594
"5,4,17,4,12,15,6,6,13,18,9,19,9,7,0",0.466,0.99,0.597,0.47335423197492166,0.604,0.5307557117750439,0.46599999999999997,0.820068359375
"15,10,16,5,23,6,11,10,20,6,12,4,23,10,14",0.498,0.89,0.596,0.49838187702265374,0.616,0.5509838998211091,0.498,0.7445013523101807
"18,12,14,22,10,14,13,21,14,13,13,14,5,23,7",0.47,0.97,0.595,0.4663677130044843,0.416,0.4397463002114165,0.47,1.0310652256011963
"18,17,16,15,15,12,14,12,19,10,11,11,11,22,0",0.47,0.97,0.595,0.46835443037974683,0.444,0.45585215605749485,0.47,1.2033300399780273
"11,15,17,21,10,5,5,17,18,9,10,5,21,12,13",0.536,0.77,0.5945,0.5252808988764045,0.748,0.6171617161716172,0.536,0.8962671756744385
"4,4,19,4,8,15,6,3,7,18,9,9,12,14,0",0.472,0.96,0.5940000000000001,0.4755244755244755,0.544,0.5074626865671642,0.47200000000000003,1.0718846321105957
"4,15,4,23,8,19,8,8,18,9,2,19,12,19,9",0.532,0.78,0.5940000000000001,0.53125,0.544,0.5375494071146245,0.532,0.7210991382598877
"19,15,21,15,13,9,17,6,19,10,6,8,22,12,21",0.508,0.85,0.5935,0.5069444444444444,0.584,0.5427509293680297,0.508,1.7161095142364502
"4,17,19,4,18,12,14,6,19,10,11,11,11,22,0",0.458,1.0,0.5934999999999999,0.4662379421221865,0.58,0.5169340463458111,0.45799999999999996,2.1551613807678223
"4,4,19,4,8,15,6,2,7,18,9,9,12,14,0",0.49,0.9,0.5925,0.4925373134328358,0.66,0.5641025641025641,0.49,1.0806283950805664
"0,18,2,14,5,6,16,13,21,8,12,10,22,17,12",0.48,0.93,0.5925,0.4840764331210191,0.608,0.5390070921985816,0.48,1.0076558589935303
"6,19,10,6,8,22,12,21,8,10,10,8,10,22,0",0.466,0.97,0.5920000000000001,0.4608294930875576,0.4,0.4282655246252677,0.466,1.131648063659668
"5,4,19,4,18,15,6,2,7,18,9,9,6,14,0",0.516,0.82,0.5920000000000001,0.5092165898617511,0.884,0.6461988304093568,0.516,2.139441728591919
"19,10,6,8,22,12,21,8,10,10,8,10,22,0,14",0.472,0.95,0.5914999999999999,0.477124183006536,0.584,0.5251798561151079,0.472,1.1103582382202148
"17,18,9,10,5,21,12,13,14,23,8,18,0,5,14",0.508,0.84,0.591,0.50418410041841,0.964,0.6620879120879121,0.508,1.0018529891967773
"4,4,19,4,19,15,6,6,15,18,9,0,9,14,0",0.454,1.0,0.5905,0.45787545787545786,0.5,0.4780114722753346,0.45399999999999996,2.8810572624206543
"17,14,21,14,11,19,8,9,12,19,3,19,6,13,8",0.484,0.91,0.5905,0.4782608695652174,0.352,0.4055299539170507,0.484,2.521775484085083
"17,21,10,5,5,17,18,9,10,5,21,12,13,14,23",0.524,0.79,0.5905,0.5180722891566265,0.688,0.5910652920962199,0.524,0.9395167827606201
"13,5,6,6,8,9,0,17,5,18,14,3,18,8,20",0.544,0.73,0.5905,0.5384615384615384,0.616,0.5746268656716418,0.544,0.8658506870269775
"15,9,11,8,19,13,3,21,13,18,14,15,4,13,12",0.584,0.61,0.5904999999999999,0.5558510638297872,0.836,0.6677316293929713,0.584,0.7510557174682617
"16,12,18,18,6,5,7,0,12,3,11,13,15,11,10",0.48,0.92,0.59,0.48299319727891155,0.568,0.5220588235294118,0.48,1.2709674835205078
"5,4,19,4,12,15,6,6,7,18,9,9,12,10,0",0.452,1.0,0.589,0.4562043795620438,0.5,0.4770992366412214,0.452,1.1237373352050781
"17,15,13,20,0,10,21,3,10,22,11,0,10,4,8",0.522,0.79,0.589,0.5774647887323944,0.164,0.2554517133956386,0.522,0.8136296272277832
"4,4,0,0,18,15,6,2,7,18,9,9,12,14,2",0.594,0.57,0.5880000000000001,0.5959183673469388,0.584,0.5898989898989899,0.594,0.9651157855987549
"18,4,17,17,18,15,12,2,13,15,8,0,11,10,0",0.464,0.96,0.588,0.4645669291338583,0.472,0.46825396825396826,0.46399999999999997,1.5287506580352783
"12,6,11,17,13,8,7,3,22,15,13,11,16,0,9",0.51,0.82,0.5875,0.5102040816326531,0.5,0.5050505050505051,0.51,0.737999439239502
"4,16,16,4,8,15,12,2,13,15,8,0,11,14,0",0.51,0.82,0.5875,0.5067024128686327,0.756,0.6067415730337079,0.51,0.7105038166046143
"6,22,8,14,2,22,14,5,18,3,3,15,16,11,11",0.586,0.59,0.587,0.5877551020408164,0.576,0.5818181818181818,0.586,0.8411662578582764
"5,14,12,19,6,17,9,19,12,12,15,11,13,18,15",0.456,0.98,0.587,0.47043010752688175,0.7,0.5627009646302251,0.45599999999999996,1.1180522441864014
"23,17,0,20,12,19,18,2,10,3,4,9,4,12,22",0.516,0.8,0.587,0.5106382978723404,0.768,0.6134185303514377,0.516,3.214947462081909
"15,15,5,19,11,9,0,9,0,8,14,5,15,13,10",0.494,0.86,0.5855,0.4954128440366973,0.648,0.561525129982669,0.494,0.8226008415222168
"19,7,0,7,8,20,14,0,6,2,0,4,9,10,20",0.484,0.89,0.5855,0.4900497512437811,0.788,0.6042944785276073,0.484,1.13258695602417
"19,8,11,5,22,13,2,5,13,8,12,9,9,14,10",0.5,0.84,0.585,0.5,0.456,0.4769874476987448,0.5,1.1324031352996826
"6,14,14,0,17,15,13,20,0,10,21,3,10,22,11",0.496,0.85,0.5845,0.496551724137931,0.576,0.5333333333333333,0.496,0.8395583629608154
"11,19,8,11,10,4,10,9,13,0,10,12,7,23,13",0.522,0.77,0.5840000000000001,0.5181518151815182,0.628,0.5678119349005425,0.522,0.9530107975006104
"5,18,14,3,18,8,20,5,5,12,19,0,1,14,6",0.552,0.68,0.5840000000000001,0.5541666666666667,0.532,0.5428571428571428,0.552,1.0517044067382812
"17,13,0,8,11,14,0,8,14,0,12,13,4,11,21",0.502,0.83,0.5840000000000001,0.5013850415512465,0.724,0.5924713584288053,0.502,0.8012371063232422
"21,13,13,10,5,10,19,0,2,18,16,8,6,7,21",0.548,0.69,0.5835,0.5618556701030928,0.436,0.49099099099099097,0.548,1.8329906463623047
"4,3,19,18,15,9,11,8,19,13,3,21,13,18,14",0.498,0.84,0.5835,0.49894736842105264,0.948,0.6537931034482759,0.498,2.239827871322632
"6,16,16,13,15,2,12,12,13,15,11,0,11,23,12",0.488,0.87,0.5835,0.48828125,0.5,0.49407114624505927,0.488,0.7469239234924316
"19,3,14,8,10,22,5,3,12,17,10,20,15,14,0",0.468,0.93,0.5834999999999999,0.47101449275362317,0.52,0.49429657794676807,0.46799999999999997,1.1853852272033691
"5,17,19,15,18,12,14,2,19,10,11,11,11,22,0",0.464,0.94,0.583,0.46484375,0.476,0.47035573122529645,0.46399999999999997,1.3980708122253418
"6,16,16,4,12,15,6,6,15,18,9,0,11,7,0",0.444,1.0,0.583,0.4391304347826087,0.404,0.42083333333333334,0.444,0.6751551628112793
"14,17,17,15,18,12,14,6,19,10,11,11,11,22,0",0.446,0.99,0.5820000000000001,0.4532871972318339,0.524,0.48608534322820035,0.446,0.940875768661499
"18,8,2,19,17,6,8,9,15,15,17,20,10,11,13",0.556,0.66,0.5820000000000001,0.548951048951049,0.628,0.585820895522388,0.556,1.3658604621887207
"14,5,21,14,8,7,7,4,14,1,2,3,3,5,3",0.592,0.55,0.5814999999999999,0.6173469387755102,0.484,0.5426008968609866,0.592,0.6767637729644775
"8,1,6,23,8,3,14,16,1,13,14,0,10,20,14",0.588,0.56,0.5810000000000001,0.5797101449275363,0.64,0.6083650190114068,0.5880000000000001,0.6594579219818115
"15,21,13,13,10,5,10,19,0,2,18,16,8,6,7",0.498,0.83,0.581,0.4984520123839009,0.644,0.5619546247818499,0.498,1.8392529487609863
"17,6,19,10,6,8,22,12,21,8,10,10,8,10,22",0.448,0.98,0.581,0.42696629213483145,0.304,0.35514018691588783,0.44799999999999995,1.109964370727539
"5,19,11,9,0,9,0,8,14,5,15,13,10,15,14",0.538,0.71,0.581,0.524547803617571,0.812,0.6373626373626373,0.538,1.1732902526855469
"15,0,7,19,8,5,8,15,14,14,4,6,14,11,16",0.544,0.69,0.5805,0.5337423312883436,0.696,0.6041666666666666,0.544,0.8353896141052246
"8,10,10,8,10,22,0,14,3,22,15,20,10,18,18",0.584,0.57,0.5805,0.5807692307692308,0.604,0.592156862745098,0.584,1.127418041229248
"13,12,9,2,6,17,15,8,22,10,12,7,9,19,10",0.554,0.66,0.5805,0.5555555555555556,0.54,0.5476673427991886,0.554,0.8290934562683105
"15,3,22,13,10,14,17,18,19,0,13,18,12,1,7",0.54,0.7,0.5800000000000001,0.545045045045045,0.484,0.5127118644067796,0.54,1.874584436416626
"22,5,12,19,17,4,17,11,13,15,13,17,19,8,23",0.51,0.79,0.5800000000000001,0.5060240963855421,0.84,0.631578947368421,0.51,1.554600477218628
"3,4,4,21,5,16,5,10,5,8,18,0,12,12,12",0.52,0.76,0.5800000000000001,0.5416666666666666,0.26,0.35135135135135137,0.52,1.3392274379730225
"6,4,19,4,17,15,6,6,15,18,9,0,9,7,20",0.44,1.0,0.5800000000000001,0.4444444444444444,0.48,0.46153846153846156,0.44,1.5302371978759766
"18,10,17,13,15,2,12,12,13,15,11,12,11,23,12",0.46,0.94,0.58,0.44565217391304346,0.328,0.3778801843317972,0.45999999999999996,0.9349756240844727
"8,7,3,22,15,13,11,16,0,9,18,14,5,22,7",0.576,0.59,0.5795000000000001,0.5659722222222222,0.652,0.6059479553903345,0.5760000000000001,0.7807495594024658
"17,15,13,15,15,6,5,11,3,11,4,19,14,2,23",0.516,0.77,0.5795,0.515625,0.528,0.5217391304347826,0.516,2.282179117202759
"0,4,10,18,14,4,19,2,10,0,11,16,23,7,6",0.556,0.65,0.5795,0.5518518518518518,0.596,0.573076923076923,0.556,0.7918415069580078
"18,14,9,1,20,11,9,0,0,19,8,17,2,5,23",0.596,0.53,0.5794999999999999,0.5740740740740741,0.744,0.6480836236933798,0.596,0.9448726177215576
"16,9,3,20,4,14,5,3,17,6,2,14,9,22,8",0.542,0.69,0.579,0.5329153605015674,0.68,0.5975395430579965,0.542,0.9723522663116455
"16,14,17,5,20,11,14,19,12,4,22,2,11,3,8",0.462,0.93,0.579,0.4743935309973046,0.704,0.5668276972624798,0.46199999999999997,0.7673132419586182
"12,22,15,8,13,11,23,12,7,9,10,3,3,16,12",0.608,0.49,0.5785,0.5865384615384616,0.732,0.6512455516014235,0.608,0.7093687057495117
"15,5,18,18,8,4,6,5,13,8,17,17,9,6,8",0.488,0.85,0.5785,0.4883720930232558,0.504,0.49606299212598426,0.488,1.1963036060333252
"6,4,19,18,11,15,17,21,10,5,5,17,18,9,10",0.444,0.98,0.5780000000000001,0.444,0.444,0.444,0.444,2.3356521129608154
"8,5,6,0,16,15,12,3,10,19,15,0,13,0,9",0.59,0.54,0.5775,0.6203208556149733,0.464,0.5308924485125858,0.59,0.6916251182556152
"4,4,0,13,15,15,6,12,13,18,9,9,9,23,0",0.46,0.93,0.5775,0.46,0.46,0.46,0.46,0.6856429576873779
"18,3,15,17,0,4,18,0,4,16,18,17,1,6,5",0.486,0.85,0.577,0.4830917874396135,0.4,0.437636761487965,0.486,1.5074334144592285
"0,15,21,13,13,10,5,10,19,0,2,18,16,8,6",0.526,0.73,0.577,0.5181058495821727,0.744,0.6108374384236454,0.526,1.775930643081665
"5,4,16,4,19,4,6,2,7,18,9,9,12,14,0",0.442,0.98,0.5765,0.41714285714285715,0.292,0.34352941176470586,0.44199999999999995,0.8699951171875
"15,8,10,10,7,0,23,11,8,19,12,5,16,7,23",0.498,0.81,0.5760000000000001,0.49808429118773945,0.52,0.5088062622309197,0.498,0.8213238716125488
"0,16,11,5,13,18,6,13,13,20,5,14,13,5,9",0.438,0.99,0.5760000000000001,0.4452296819787986,0.504,0.4727954971857411,0.438,0.6954150199890137
"6,10,19,4,18,15,6,2,15,18,12,0,9,7,0",0.498,0.81,0.5760000000000001,0.496551724137931,0.288,0.36455696202531646,0.498,1.5975191593170166
"16,7,15,1,13,4,10,23,8,14,3,6,9,6,3",0.568,0.6,0.576,0.5454545454545454,0.816,0.6538461538461539,0.568,0.6886992454528809
"18,3,15,18,8,13,17,3,17,20,13,23,17,12,3",0.474,0.88,0.5755,0.46798029556650245,0.38,0.4194260485651214,0.474,1.1158673763275146
"11,19,8,9,12,19,3,19,6,13,8,16,6,11,2",0.5,0.8,0.575,0.5,0.58,0.5370370370370371,0.5,2.3113718032836914
"18,13,18,15,3,3,11,9,8,2,18,19,8,10,23",0.49,0.83,0.575,0.4932249322493225,0.728,0.5880452342487884,0.49,1.875471591949463
"8,23,2,13,7,3,4,4,21,5,16,5,10,5,8",0.582,0.55,0.5740000000000001,0.5911111111111111,0.532,0.56,0.5820000000000001,0.6691925525665283
"4,3,19,18,8,13,17,3,17,20,13,23,17,12,3",0.462,0.91,0.574,0.4595744680851064,0.432,0.445360824742268,0.4619999999999999,2.181630849838257
"0,22,10,21,15,20,3,10,9,3,7,7,21,12,3",0.588,0.53,0.5735000000000001,0.6410256410256411,0.4,0.49261083743842365,0.5880000000000001,0.6805720329284668
"8,20,5,5,12,19,0,1,14,6,4,6,7,8,7",0.578,0.56,0.5735000000000001,0.5809128630705395,0.56,0.570264765784114,0.5780000000000001,0.6882381439208984
"8,3,10,8,7,11,9,16,13,2,19,7,2,1,2",0.574,0.57,0.573,0.5737051792828686,0.576,0.5748502994011976,0.574,0.7802283763885498
"14,21,14,11,19,8,9,12,19,3,19,6,13,8,16",0.532,0.69,0.5715,0.5291970802919708,0.58,0.5534351145038168,0.532,2.4651741981506348
"17,10,20,15,14,0,14,10,18,13,18,15,3,3,11",0.482,0.84,0.5715,0.4854368932038835,0.6,0.5366726296958855,0.482,0.7643542289733887
"19,6,12,0,3,23,2,8,10,7,6,20,4,10,12",0.508,0.76,0.571,0.5089285714285714,0.456,0.4810126582278481,0.508,1.1730477809906006
"19,3,19,6,13,8,16,6,11,2,4,17,0,20,14",0.538,0.67,0.571,0.5234567901234568,0.848,0.6473282442748092,0.538,2.8233563899993896
"17,4,9,1,2,5,0,5,6,0,6,6,9,14,21",0.564,0.59,0.5705,0.5457142857142857,0.764,0.6366666666666667,0.5640000000000001,0.7813231945037842
"18,14,3,18,8,20,5,5,12,19,0,1,14,6,4",0.554,0.62,0.5705,0.5382436260623229,0.76,0.6301824212271974,0.554,1.0184698104858398
"6,0,13,10,16,1,1,14,0,0,12,19,10,13,10",0.544,0.65,0.5705,0.535483870967742,0.664,0.5928571428571429,0.544,0.8241498470306396
"18,14,17,17,0,12,23,0,11,11,2,12,21,6,1",0.53,0.69,0.5700000000000001,0.5194805194805194,0.8,0.6299212598425197,0.53,1.0258095264434814
"10,14,9,23,0,4,10,18,14,4,19,2,10,0,11",0.5,0.78,0.5700000000000001,0.5,0.492,0.4959677419354839,0.5,0.7648944854736328
"8,14,7,3,1,13,8,16,15,22,4,10,15,14,19",0.576,0.55,0.5695000000000001,0.584070796460177,0.528,0.5546218487394958,0.5760000000000001,0.7696566581726074
"13,11,6,19,19,8,17,14,21,14,11,19,8,9,12",0.496,0.79,0.5695,0.49612403100775193,0.512,0.5039370078740157,0.496,2.2412781715393066
"13,9,1,21,1,12,17,22,10,11,8,11,13,0,4",0.586,0.52,0.5695,0.5634218289085545,0.764,0.6485568760611206,0.586,0.7586123943328857
"21,14,11,19,8,9,12,19,3,19,6,13,8,16,6",0.562,0.59,0.5690000000000001,0.6823529411764706,0.232,0.34626865671641793,0.562,2.5471038818359375
"16,13,2,18,15,15,5,18,18,8,4,6,5,13,8",0.488,0.81,0.5685,0.4900662251655629,0.592,0.5362318840579711,0.488,1.250819206237793
"20,8,9,17,13,0,8,11,14,0,8,14,0,12,13",0.574,0.55,0.5680000000000001,0.5463659147869674,0.872,0.6718027734976888,0.5740000000000001,0.7665114402770996
"10,16,5,23,6,11,10,20,6,12,4,23,10,14,9",0.474,0.85,0.568,0.47280334728033474,0.452,0.4621676891615542,0.474,0.7914426326751709
"5,0,15,21,13,13,10,5,10,19,0,2,18,16,8",0.474,0.85,0.568,0.47547169811320755,0.504,0.4893203883495146,0.474,1.8128769397735596
"17,4,10,19,0,6,0,7,17,13,10,9,5,8,18",0.54,0.65,0.5675,0.5505050505050505,0.436,0.48660714285714285,0.54,0.8194701671600342
"12,4,23,10,14,9,4,4,11,3,9,12,19,16,15",0.52,0.71,0.5675,0.5158227848101266,0.652,0.5759717314487632,0.52,0.9031698703765869
"18,17,19,15,18,12,14,2,19,10,11,11,11,22,0",0.44,0.95,0.5675,0.42718446601941745,0.352,0.38596491228070173,0.44,1.7790942192077637
"23,16,17,19,16,0,1,5,0,5,2,13,5,14,19",0.49,0.79,0.565,0.49295774647887325,0.7,0.5785123966942148,0.49,2.035735607147217
"12,14,22,10,14,13,21,14,13,13,14,5,23,7,7",0.526,0.68,0.5645,0.5178082191780822,0.756,0.6146341463414634,0.526,0.8143782615661621
"4,5,3,21,12,3,10,18,16,20,10,13,18,15,13",0.506,0.74,0.5645,0.5054545454545455,0.556,0.5295238095238095,0.506,0.8427484035491943
"19,6,13,8,16,6,11,2,4,17,0,20,14,20,14",0.492,0.78,0.5640000000000001,0.4946524064171123,0.74,0.592948717948718,0.492,1.1192407608032227
"4,10,18,14,4,19,2,10,0,11,16,23,7,6,11",0.502,0.75,0.5640000000000001,0.502092050209205,0.48,0.49079754601226994,0.502,0.7794485092163086
"19,4,1,9,13,16,1,18,11,17,5,6,4,22,8",0.552,0.6,0.5640000000000001,0.5328282828282829,0.844,0.653250773993808,0.552,1.2835981845855713
"13,23,7,19,13,1,7,15,10,16,5,23,6,11,10",0.542,0.63,0.5640000000000001,0.5317220543806647,0.704,0.6058519793459552,0.542,0.7236545085906982
"18,19,19,4,18,2,16,4,5,7,9,14,8,7,9",0.448,0.91,0.5635,0.3522727272727273,0.124,0.1834319526627219,0.448,4.54539942741394
"2,4,5,16,21,17,13,2,14,10,16,4,12,11,8",0.528,0.67,0.5635,0.5364583333333334,0.412,0.4660633484162896,0.528,1.1845855712890625
"21,17,13,7,11,9,3,0,15,3,0,18,9,18,11",0.454,0.89,0.5630000000000001,0.44549763033175355,0.376,0.4078091106290672,0.454,2.185335636138916
"8,5,17,12,3,14,22,13,11,9,9,3,23,11,3",0.57,0.54,0.5625,0.5570032573289903,0.684,0.6140035906642729,0.5700000000000001,0.7190971374511719
"15,6,3,20,9,22,16,14,11,4,12,18,9,8,9",0.54,0.63,0.5625,0.5337837837837838,0.632,0.5787545787545788,0.54,0.8154325485229492
"18,2,14,5,6,16,13,21,8,12,10,22,17,12,16",0.59,0.48,0.5625,0.5714285714285714,0.72,0.6371681415929203,0.59,1.0948450565338135
"17,10,13,21,17,17,0,1,16,16,21,2,16,9,8",0.5,0.75,0.5625,0.5,0.632,0.558303886925795,0.5,1.171994924545288
"4,3,19,18,8,13,17,3,17,8,13,23,17,12,3",0.45,0.9,0.5625,0.4631268436578171,0.628,0.533106960950764,0.45,2.207083225250244
"0,3,15,12,17,4,18,5,4,16,18,17,1,8,5",0.526,0.67,0.562,0.5183098591549296,0.736,0.6082644628099173,0.526,1.4227147102355957
"9,6,18,11,21,3,4,2,12,6,2,10,15,7,10",0.562,0.56,0.5615000000000001,0.5508196721311476,0.672,0.6054054054054054,0.562,0.6121218204498291
"14,12,11,18,1,10,5,4,4,2,8,8,16,11,6",0.552,0.59,0.5615000000000001,0.5351351351351351,0.792,0.6387096774193548,0.552,0.7331709861755371
"16,3,6,12,10,20,12,14,12,15,20,11,2,4,23",0.502,0.74,0.5615,0.5018587360594795,0.54,0.5202312138728323,0.502,0.8232414722442627
"22,14,12,11,18,1,10,5,4,4,2,8,8,16,11",0.542,0.62,0.5615,0.5272727272727272,0.812,0.6393700787401575,0.542,0.7045159339904785
"23,0,4,10,18,14,4,19,2,10,0,11,16,23,7",0.532,0.65,0.5615,0.5930232558139535,0.204,0.30357142857142855,0.532,0.845285177230835
"0,16,5,22,4,17,17,15,6,12,22,7,19,10,11",0.512,0.71,0.5615,0.5075757575757576,0.804,0.6222910216718266,0.512,0.9180147647857666
"6,9,20,17,18,17,12,14,13,0,12,20,4,13,23",0.528,0.66,0.561,0.5225806451612903,0.648,0.5785714285714286,0.528,1.08843994140625
"12,4,16,0,4,15,6,4,7,18,9,9,12,20,0",0.498,0.75,0.5609999999999999,0.49892008639308855,0.924,0.6479663394109397,0.498,2.0681865215301514
"14,22,10,14,13,21,14,13,13,14,5,23,7,7,3",0.474,0.82,0.5605,0.46524064171123,0.348,0.39816933638443935,0.474,0.9449851512908936
"19,10,0,6,22,9,19,1,0,13,11,4,10,14,3",0.554,0.58,0.5605,0.5985401459854015,0.328,0.42377260981912146,0.554,1.0794346332550049
"19,12,19,13,10,17,2,6,13,6,18,10,14,5,22",0.494,0.76,0.5605,0.4936708860759494,0.468,0.4804928131416838,0.494,1.2210633754730225
"18,3,17,17,0,12,23,0,11,11,5,12,21,6,1",0.51,0.71,0.56,0.5069637883008357,0.728,0.5977011494252874,0.51,1.5901615619659424
"10,20,3,9,0,4,6,14,14,0,17,15,13,20,0",0.54,0.62,0.56,0.5347222222222222,0.616,0.5724907063197026,0.54,0.7525160312652588
"5,13,15,0,11,1,14,3,8,1,6,23,8,3,14",0.556,0.57,0.5595000000000001,0.547945205479452,0.64,0.5904059040590406,0.556,0.7400732040405273
"6,12,5,15,11,20,9,17,9,0,0,22,10,21,15",0.546,0.6,0.5595000000000001,0.5365079365079365,0.676,0.5982300884955752,0.546,0.6783685684204102
"3,16,12,21,13,23,0,0,17,15,2,16,13,5,1",0.542,0.61,0.559,0.5255474452554745,0.864,0.653555219364599,0.542,0.7452824115753174
"4,22,8,5,6,16,16,17,9,15,16,4,13,9,22",0.568,0.53,0.5585,0.6148648648648649,0.364,0.457286432160804,0.5680000000000001,0.7852659225463867
"14,20,15,19,11,0,4,21,13,10,8,1,18,11,0",0.538,0.62,0.5585,0.5342960288808665,0.592,0.5616698292220114,0.538,0.7579524517059326
"6,17,9,19,12,12,15,11,13,18,15,11,6,17,10",0.428,0.95,0.5585,0.4142857142857143,0.348,0.3782608695652174,0.428,0.8360676765441895
"18,3,17,17,15,2,12,12,13,15,8,12,11,23,12",0.438,0.92,0.5585,0.41968911917098445,0.324,0.3656884875846501,0.43800000000000006,1.217571496963501
"11,20,9,17,9,0,0,22,10,21,15,20,3,10,9",0.514,0.69,0.558,0.5145228215767634,0.496,0.505091649694501,0.514,0.743959903717041
"8,15,3,10,7,4,14,18,4,1,8,19,2,0,11",0.57,0.52,0.5575000000000001,0.5525525525525525,0.736,0.6312178387650086,0.5700000000000001,0.811269998550415
"5,18,18,8,4,6,5,13,8,17,17,9,6,8,7",0.51,0.7,0.5575,0.5714285714285714,0.08,0.14035087719298245,0.51,1.420393705368042
"11,15,3,22,13,10,14,17,18,19,0,13,18,12,1",0.526,0.65,0.557,0.5294117647058824,0.468,0.4968152866242038,0.526,1.904365062713623
"13,7,11,9,3,0,15,3,0,18,9,18,11,8,23",0.546,0.59,0.557,0.5493562231759657,0.512,0.5300207039337475,0.546,0.7215726375579834
"2,2,20,7,9,1,12,14,20,16,15,11,14,16,7",0.586,0.47,0.557,0.7263157894736842,0.276,0.4,0.5860000000000001,0.7310941219329834
"10,23,8,14,3,6,9,6,3,3,21,5,6,16,19",0.546,0.59,0.557,0.5274463007159904,0.884,0.6606875934230194,0.546,0.7286531925201416
"19,10,15,1,5,11,10,10,4,16,9,11,3,5,10",0.506,0.71,0.5569999999999999,0.5095541401273885,0.32,0.3931203931203931,0.506,1.1809899806976318
"15,11,21,17,13,7,11,9,3,0,15,3,0,18,9",0.486,0.77,0.5569999999999999,0.4870848708487085,0.528,0.5067178502879078,0.486,0.7993142604827881
"17,13,10,9,5,8,18,8,1,12,21,4,5,7,19",0.562,0.54,0.5565,0.5382716049382716,0.872,0.665648854961832,0.562,0.833106517791748
"15,14,0,14,10,18,13,18,15,3,3,11,9,8,2",0.492,0.75,0.5565,0.49099099099099097,0.436,0.461864406779661,0.492,0.7787549495697021
"17,9,6,8,7,20,2,1,9,6,20,12,2,2,22",0.582,0.48,0.5565,0.5864978902953587,0.556,0.5708418891170431,0.5820000000000001,0.8494629859924316
"6,16,13,21,8,12,10,22,17,12,16,15,8,8,2",0.528,0.64,0.556,0.52734375,0.54,0.5335968379446641,0.528,0.852459192276001
"21,14,13,13,14,5,23,7,7,3,9,23,16,16,17",0.498,0.73,0.556,0.4981549815498155,0.54,0.5182341650671785,0.498,0.8899540901184082
"8,16,6,11,2,4,17,0,20,14,20,14,16,18,8",0.548,0.58,0.556,0.5451127819548872,0.58,0.562015503875969,0.548,0.7324512004852295
"20,16,13,2,18,15,15,5,18,18,8,4,6,5,13",0.53,0.63,0.555,0.5157232704402516,0.984,0.6767537826685007,0.53,1.3546202182769775
"14,6,12,7,23,8,11,2,4,5,16,21,17,13,2",0.51,0.69,0.5549999999999999,0.5095785440613027,0.532,0.5205479452054794,0.51,1.044572353363037
"16,1,18,11,17,5,6,4,22,8,14,4,7,19,10",0.5,0.72,0.5549999999999999,0.5,0.512,0.5059288537549407,0.5,0.8537731170654297
"4,15,13,15,15,6,17,11,17,20,13,19,17,2,23",0.456,0.85,0.5545,0.44607843137254904,0.364,0.4008810572687225,0.456,1.1260242462158203
"16,1,0,16,11,5,13,18,6,13,13,20,5,14,13",0.506,0.7,0.5545,0.5047923322683706,0.632,0.5612788632326821,0.506,0.7136893272399902
"16,6,3,22,12,3,16,21,16,10,8,19,4,7,11",0.472,0.8,0.554,0.4779874213836478,0.608,0.5352112676056338,0.472,0.923485279083252
"6,19,19,8,17,14,21,14,11,19,8,9,12,19,3",0.532,0.62,0.554,0.523121387283237,0.724,0.6073825503355704,0.532,2.8030500411987305
"6,3,16,15,12,3,10,19,15,0,13,0,9,7,19",0.522,0.65,0.554,0.5149863760217984,0.756,0.6126418152350082,0.522,0.7616748809814453
"9,5,21,0,17,3,6,22,15,2,1,12,1,5,13",0.562,0.53,0.554,0.554006968641115,0.636,0.5921787709497207,0.562,0.7191011905670166
"8,11,10,4,10,9,13,0,10,12,7,23,13,20,11",0.578,0.48,0.5535000000000001,0.5809128630705395,0.56,0.570264765784114,0.5780000000000001,0.7549724578857422
"1,19,5,0,11,10,15,9,6,4,0,19,8,6,1",0.538,0.6,0.5535,0.6233766233766234,0.192,0.29357798165137616,0.538,1.0594978332519531
"1,6,3,3,22,13,17,13,10,18,11,9,2,2,10",0.55,0.56,0.5525,0.5384615384615384,0.7,0.6086956521739131,0.55,0.8902838230133057
"20,14,2,10,18,4,5,2,3,6,3,0,6,19,8",0.54,0.59,0.5525,0.531055900621118,0.684,0.5979020979020979,0.54,1.652184009552002
"12,19,17,4,17,11,13,15,13,17,19,8,23,11,16",0.5,0.71,0.5525,0.5,0.728,0.5928338762214984,0.5,1.570676565170288
"14,20,16,15,11,14,16,7,15,1,13,4,10,23,8",0.51,0.68,0.5525,0.5172413793103449,0.3,0.379746835443038,0.51,0.8486287593841553
"23,17,13,15,15,3,0,11,6,12,11,8,10,8,6",0.496,0.72,0.552,0.4861111111111111,0.14,0.21739130434782608,0.496,3.9433987140655518
"5,8,4,4,19,16,18,6,10,9,23,12,2,14,0",0.546,0.57,0.552,0.5614973262032086,0.42,0.4805491990846682,0.546,0.9493703842163086
"8,14,4,7,19,10,18,0,14,1,4,2,5,0,1",0.566,0.51,0.552,0.6410256410256411,0.3,0.4087193460490463,0.566,0.6835312843322754
"17,10,12,11,11,17,22,16,12,18,18,6,5,7,0",0.412,0.97,0.5515000000000001,0.4043478260869565,0.372,0.3875,0.41200000000000003,1.2997307777404785
"23,17,9,20,4,3,0,16,6,12,11,8,10,8,6",0.552,0.55,0.5515000000000001,0.5454545454545454,0.624,0.582089552238806,0.552,2.1372671127319336
"18,17,16,1,0,16,11,5,13,18,6,13,13,20,5",0.472,0.79,0.5515,0.4775641025641026,0.596,0.5302491103202847,0.472,1.142681360244751
"8,5,12,2,18,17,16,1,0,16,11,5,13,18,6",0.558,0.53,0.551,0.5606694560669456,0.536,0.5480572597137015,0.558,0.9535658359527588
"14,12,11,18,15,10,5,12,4,2,8,8,16,11,12",0.548,0.56,0.551,0.5425531914893617,0.612,0.575187969924812,0.548,0.7379536628723145
"12,19,16,15,5,23,12,13,14,10,2,16,5,10,15",0.494,0.72,0.5505,0.4954128440366973,0.648,0.561525129982669,0.494,0.8610105514526367
"14,17,5,20,11,14,19,12,4,22,2,11,3,8,20",0.454,0.84,0.5505,0.45525291828793774,0.468,0.46153846153846156,0.454,0.8107445240020752
"12,3,10,18,16,20,10,13,18,15,13,5,9,20,13",0.5,0.7,0.55,0.5,0.7,0.5833333333333334,0.5,0.7521753311157227
"18,8,4,17,2,16,18,6,10,9,23,12,2,10,0",0.51,0.67,0.55,0.5095785440613027,0.532,0.5205479452054794,0.51,1.2129347324371338
"8,20,14,0,6,2,0,4,9,10,20,3,9,0,4",0.536,0.59,0.5495000000000001,0.5220588235294118,0.852,0.6474164133738601,0.536,0.6896011829376221
"5,3,21,12,3,10,18,16,20,10,13,18,15,13,5",0.516,0.65,0.5495,0.5122699386503068,0.668,0.5798611111111112,0.516,0.8064625263214111
"6,14,16,13,0,19,5,14,1,10,5,5,23,6,9",0.506,0.68,0.5495,0.5035971223021583,0.84,0.6296851574212894,0.506,0.7936089038848877
"11,14,2,12,17,1,15,7,7,1,2,13,16,23,17",0.562,0.51,0.549,0.5446685878962536,0.756,0.6331658291457286,0.562,1.0620276927947998
"5,10,15,11,23,5,5,3,10,14,12,9,5,2,13",0.512,0.66,0.549,0.5110294117647058,0.556,0.5325670498084292,0.512,0.6207025051116943
"8,5,8,15,14,14,4,6,14,11,16,4,23,5,13",0.562,0.51,0.549,0.5371702637889688,0.896,0.671664167916042,0.562,0.7020018100738525
"18,8,20,5,5,12,19,0,1,14,6,4,6,7,8",0.458,0.82,0.5485,0.43137254901960786,0.264,0.32754342431761785,0.458,0.9251105785369873
"15,12,17,4,18,5,4,16,18,17,1,8,5,13,15",0.454,0.83,0.5479999999999999,0.45021645021645024,0.416,0.43243243243243246,0.45399999999999996,1.3201122283935547
"2,14,5,6,16,13,21,8,12,10,22,17,12,16,15",0.56,0.51,0.5475000000000001,0.5555555555555556,0.6,0.5769230769230769,0.56,0.8251593112945557
"20,16,12,14,11,15,3,22,13,10,14,17,18,19,0",0.5,0.69,0.5475,0.5,0.628,0.5567375886524822,0.5,1.987760305404663
"4,14,19,4,8,15,6,0,7,18,9,9,21,6,0",0.46,0.81,0.5475,0.4738219895287958,0.724,0.5727848101265823,0.45999999999999996,0.6953492164611816
"14,10,18,13,18,15,3,3,11,9,8,2,18,19,8",0.506,0.67,0.5469999999999999,0.5048543689320388,0.624,0.5581395348837209,0.506,1.6621208190917969
"5,12,19,0,1,14,6,4,6,7,8,7,21,7,22",0.496,0.7,0.5469999999999999,0.49514563106796117,0.408,0.4473684210526316,0.496,0.8503103256225586
"12,7,7,7,5,22,12,0,0,13,7,11,7,21,9",0.486,0.73,0.5469999999999999,0.4768211920529801,0.288,0.35910224438902744,0.486,0.7798171043395996
"0,11,15,13,21,15,20,14,11,5,18,9,3,13,7",0.506,0.67,0.5469999999999999,0.5071090047393365,0.428,0.4642082429501085,0.506,0.7530291080474854
"2,2,23,16,14,17,5,20,11,14,19,12,4,22,2",0.486,0.73,0.5469999999999999,0.4864864864864865,0.504,0.4950884086444008,0.486,1.493288278579712
"9,9,8,2,14,12,16,14,14,2,13,3,4,22,15",0.562,0.5,0.5465,0.5962732919254659,0.384,0.46715328467153283,0.562,0.6642563343048096
"4,13,18,3,16,5,14,23,7,21,12,14,4,3,8",0.462,0.8,0.5465,0.47570332480818417,0.744,0.5803432137285491,0.46199999999999997,0.8957352638244629
"18,5,9,10,7,9,8,3,12,15,18,17,12,9,22",0.462,0.8,0.5465,0.45365853658536587,0.372,0.4087912087912088,0.462,1.1170132160186768
"3,4,0,5,0,15,21,13,13,10,5,10,19,0,2",0.482,0.74,0.5465,0.48589341692789967,0.62,0.5448154657293497,0.482,0.7487049102783203
"22,8,14,2,22,14,5,18,3,3,15,16,11,11,14",0.518,0.63,0.546,0.5257142857142857,0.368,0.4329411764705882,0.518,0.8187658786773682
"13,21,17,17,0,1,16,16,21,2,16,9,8,18,13",0.508,0.66,0.546,0.5060606060606061,0.668,0.5758620689655173,0.508,1.108443021774292
"14,11,19,8,9,12,19,3,19,6,13,8,16,6,11",0.508,0.66,0.546,0.5083333333333333,0.488,0.49795918367346936,0.508,2.3544938564300537
"4,1,6,3,3,22,13,17,13,10,18,11,9,2,2",0.538,0.57,0.546,0.5254691689008043,0.784,0.6292134831460674,0.538,0.7710986137390137
"13,9,17,6,19,10,6,8,22,12,21,8,10,10,8",0.468,0.78,0.546,0.4783783783783784,0.708,0.5709677419354838,0.46799999999999997,1.1130461692810059
"16,9,2,22,12,7,7,17,7,16,1,11,11,15,19",0.548,0.54,0.5459999999999999,0.5375,0.688,0.6035087719298246,0.5479999999999999,0.7746756076812744
"15,17,21,10,5,5,17,18,9,10,5,21,12,13,14",0.434,0.88,0.5455,0.44,0.484,0.46095238095238095,0.434,0.8827700614929199
"4,8,23,2,13,7,3,4,4,21,5,16,5,10,5",0.53,0.59,0.545,0.5358851674641149,0.448,0.4880174291938998,0.53,0.6968512535095215
"4,3,19,18,8,13,17,3,17,20,8,23,17,12,3",0.43,0.89,0.545,0.4291497975708502,0.424,0.42655935613682094,0.43,2.2377541065216064
"16,17,19,16,0,1,5,0,5,2,13,5,14,19,10",0.45,0.83,0.5449999999999999,0.44635193133047213,0.416,0.4306418219461698,0.44999999999999996,1.3414959907531738
"14,18,5,9,10,7,9,8,3,12,15,18,17,12,9",0.436,0.87,0.5445,0.4420289855072464,0.488,0.46387832699619774,0.436,0.8885011672973633
"6,3,3,22,13,17,13,10,18,11,9,2,2,10,8",0.456,0.81,0.5445,0.44387755102040816,0.348,0.3901345291479821,0.45599999999999996,0.8318459987640381
"10,10,17,5,14,13,4,12,3,3,1,5,3,0,14",0.556,0.51,0.5445,0.5686274509803921,0.464,0.5110132158590308,0.556,0.6300101280212402
"3,11,12,7,16,14,6,7,7,12,11,11,8,3,3",0.536,0.57,0.5445,0.5308219178082192,0.62,0.5719557195571956,0.536,0.894568920135498
"5,4,17,4,18,15,12,2,13,15,8,0,11,14,0",0.436,0.87,0.5445,0.4344262295081967,0.424,0.4291497975708502,0.436,1.0032260417938232
"15,0,3,9,7,21,4,1,17,8,5,11,13,11,19",0.562,0.49,0.544,0.538083538083538,0.876,0.6666666666666666,0.562,0.7739200592041016
"21,17,13,2,14,10,16,4,12,11,8,13,21,14,1",0.522,0.61,0.544,0.5113871635610766,0.988,0.6739427012278308,0.522,2.2569797039031982
"20,3,13,13,15,2,12,12,22,15,8,13,11,23,12",0.522,0.61,0.544,0.5578947368421052,0.212,0.3072463768115942,0.522,1.0307245254516602
"10,4,2,22,5,9,1,11,9,19,12,4,11,4,22",0.548,0.53,0.5435000000000001,0.5689655172413793,0.396,0.4669811320754717,0.548,0.681511640548706
"2,8,8,16,11,6,10,15,1,19,5,0,11,10,15",0.524,0.6,0.543,0.5566037735849056,0.236,0.33146067415730335,0.524,0.7525694370269775
"18,16,18,17,2,7,15,6,19,9,12,18,15,10,20",0.444,0.84,0.5429999999999999,0.4406779661016949,0.416,0.4279835390946502,0.44399999999999995,2.9680771827697754
"3,15,12,17,4,18,5,4,16,18,17,1,8,5,13",0.484,0.72,0.5429999999999999,0.486013986013986,0.556,0.5186567164179104,0.484,1.2282772064208984
"5,4,15,19,1,19,15,21,15,13,9,17,6,19,10",0.434,0.87,0.5429999999999999,0.4098360655737705,0.3,0.3464203233256351,0.43399999999999994,3.1244184970855713
"10,18,14,4,19,2,10,0,11,16,23,7,6,11,5",0.49,0.7,0.5425,0.4911660777385159,0.556,0.5215759849906192,0.49,0.7566947937011719
"1,4,2,5,0,1,10,20,8,5,17,12,3,14,22",0.556,0.5,0.542,0.5416666666666666,0.728,0.621160409556314,0.556,0.7313711643218994
"16,15,12,3,10,19,15,0,13,0,9,7,19,10,16",0.456,0.8,0.542,0.43037974683544306,0.272,0.3333333333333333,0.456,0.857231616973877
"12,19,3,19,6,13,8,16,6,11,2,4,17,0,20",0.516,0.62,0.542,0.5109289617486339,0.748,0.6071428571428571,0.516,2.358501434326172
"11,17,5,6,4,22,8,14,4,7,19,10,18,0,14",0.486,0.71,0.542,0.4728682170542636,0.244,0.32189973614775724,0.486,0.7262928485870361
"9,17,6,19,10,6,8,22,12,21,8,10,10,8,10",0.506,0.65,0.542,0.5048543689320388,0.624,0.5581395348837209,0.506,1.0881130695343018
"4,4,19,4,18,15,6,2,7,18,9,9,1,10,0",0.546,0.53,0.542,0.5602094240837696,0.428,0.4852607709750567,0.546,2.1312496662139893
"16,14,6,7,7,12,11,11,8,3,3,1,12,3,20",0.562,0.48,0.5415000000000001,0.5525423728813559,0.652,0.5981651376146789,0.562,0.6998252868652344
"10,21,15,20,3,10,9,3,7,7,21,12,3,10,23",0.522,0.6,0.5415000000000001,0.5495495495495496,0.244,0.3379501385041551,0.522,0.7135751247406006
"2,6,23,15,12,13,8,2,11,8,11,4,10,8,3",0.522,0.6,0.5415,0.5523809523809524,0.232,0.3267605633802817,0.522,1.0355188846588135
"18,3,4,0,5,0,15,21,13,13,10,5,10,19,0",0.432,0.87,0.5415,0.44970414201183434,0.608,0.5170068027210885,0.432,0.9567074775695801
"3,21,13,18,14,15,4,13,12,9,2,6,17,15,8",0.504,0.65,0.5405,0.5113636363636364,0.18,0.26627218934911245,0.504,0.7920386791229248
"3,19,18,15,9,11,8,19,13,3,21,13,18,14,15",0.5,0.66,0.54,0.5,0.932,0.6508379888268156,0.5,3.961866855621338
"6,1,16,4,12,15,6,6,15,18,14,0,9,7,0",0.5,0.66,0.54,0.5,0.304,0.3781094527363184,0.5,0.720177173614502
"17,5,18,14,3,18,8,20,5,5,12,19,0,1,14",0.52,0.6,0.54,0.5152439024390244,0.676,0.5847750865051903,0.52,1.112574577331543
"15,11,20,9,17,9,0,0,22,10,21,15,20,3,10",0.476,0.73,0.5395000000000001,0.479020979020979,0.548,0.5111940298507462,0.47600000000000003,0.7873849868774414
"13,13,10,5,10,19,0,2,18,16,8,6,7,21,5",0.486,0.7,0.5395,0.4882154882154882,0.58,0.5301645338208409,0.486,1.7439210414886475
"21,12,3,10,18,16,20,10,13,18,15,13,5,9,20",0.462,0.77,0.539,0.46153846153846156,0.456,0.45875251509054327,0.462,0.8675968647003174
"11,1,14,11,17,21,8,6,2,16,3,6,12,10,20",0.552,0.5,0.539,0.5625,0.468,0.5109170305676856,0.552,0.7780261039733887
"0,14,9,12,17,11,9,5,0,19,8,17,2,8,23",0.482,0.71,0.5389999999999999,0.48398576512455516,0.544,0.512241054613936,0.482,0.7800588607788086
"13,13,14,5,23,7,7,3,9,23,16,16,17,0,19",0.528,0.57,0.5385,0.5201149425287356,0.724,0.6053511705685619,0.528,1.100318193435669
"10,19,10,15,19,1,6,2,2,3,10,14,9,23,0",0.544,0.52,0.538,0.535483870967742,0.664,0.5928571428571429,0.544,1.0201678276062012
"13,2,3,17,7,4,8,14,7,3,1,13,8,16,15",0.54,0.53,0.5375000000000001,0.5387596899224806,0.556,0.547244094488189,0.54,0.7775595188140869
"16,15,5,23,12,13,14,10,2,16,5,10,15,11,23",0.426,0.87,0.537,0.4185022026431718,0.38,0.39832285115303984,0.426,0.7527909278869629
"10,16,22,13,18,16,6,17,21,12,20,11,8,5,1",0.516,0.6,0.537,0.5136986301369864,0.6,0.5535055350553506,0.516,0.7944116592407227
"11,8,11,4,10,8,3,7,6,10,21,9,10,2,9",0.506,0.63,0.537,0.5047021943573667,0.644,0.5659050966608085,0.506,0.6817185878753662
"3,19,6,13,8,16,6,11,2,4,17,0,20,14,20",0.536,0.54,0.537,0.5671641791044776,0.304,0.3958333333333333,0.536,1.204899787902832
"14,14,0,17,15,13,20,0,10,21,3,10,22,11,0",0.442,0.82,0.5365,0.44176706827309237,0.44,0.4408817635270541,0.442,0.8637416362762451
"6,11,17,13,8,7,3,22,15,13,11,16,0,9,18",0.512,0.61,0.5365,0.5238095238095238,0.264,0.35106382978723405,0.512,0.734407901763916
"8,14,13,8,13,9,1,6,13,1,14,8,10,8,4",0.552,0.49,0.5365,0.6226415094339622,0.264,0.3707865168539326,0.552,0.644575834274292
"6,14,9,8,4,3,2,11,12,12,15,8,9,4,15",0.532,0.55,0.5365,0.5197044334975369,0.844,0.6432926829268293,0.532,0.7150754928588867
"23,17,9,20,0,3,0,0,6,12,11,8,10,8,1",0.528,0.56,0.536,0.6666666666666666,0.112,0.1917808219178082,0.528,2.1019318103790283
"21,5,16,5,10,5,8,18,0,12,12,12,16,9,21",0.448,0.8,0.536,0.27586206896551724,0.064,0.1038961038961039,0.44799999999999995,1.353788137435913
"0,1,16,16,21,2,16,9,8,18,13,19,6,1,7",0.558,0.47,0.536,0.5413105413105413,0.76,0.632279534109817,0.558,1.0635077953338623
"15,8,1,4,16,5,15,9,8,0,13,14,4,2,9",0.554,0.48,0.5355000000000001,0.651685393258427,0.232,0.3421828908554572,0.554,0.7944674491882324
"21,14,16,0,3,1,10,13,12,8,21,2,5,13,1",0.564,0.45,0.5355000000000001,0.5449438202247191,0.776,0.6402640264026402,0.5640000000000001,0.8643944263458252
"14,21,9,20,17,1,8,23,7,5,0,8,6,5,12",0.524,0.57,0.5355000000000001,0.5198675496688742,0.628,0.5688405797101449,0.524,0.747422456741333
"11,8,19,13,3,21,13,18,14,15,4,13,12,9,2",0.514,0.6,0.5355000000000001,0.5185185185185185,0.392,0.44646924829157175,0.514,0.940558910369873
"1,8,5,13,15,0,11,1,14,3,8,1,6,23,8",0.524,0.57,0.5355000000000001,0.5461538461538461,0.284,0.3736842105263158,0.524,0.6322042942047119
"18,8,13,10,2,20,14,0,14,6,0,5,10,0,0",0.444,0.81,0.5355000000000001,0.4578313253012048,0.608,0.5223367697594502,0.444,0.9140927791595459
"15,15,5,18,18,8,4,6,5,13,8,17,17,9,6",0.454,0.78,0.5355,0.4559386973180077,0.476,0.4657534246575342,0.45399999999999996,1.254188060760498
"18,8,1,12,21,4,5,7,19,8,4,1,6,3,3",0.55,0.49,0.535,0.5310173697270472,0.856,0.655436447166922,0.55,1.0188713073730469
"15,23,7,0,21,1,0,11,10,4,22,10,20,7,10",0.53,0.55,0.535,0.5294117647058824,0.54,0.5346534653465347,0.53,0.7405343055725098
"23,6,11,10,20,6,12,4,23,10,14,9,4,4,11",0.536,0.53,0.5345,0.725,0.116,0.2,0.536,0.6813063621520996
"17,13,7,11,9,3,0,15,3,0,18,9,18,11,8",0.466,0.74,0.5345,0.4585365853658537,0.376,0.41318681318681316,0.466,0.7883024215698242
"16,9,11,3,5,10,19,1,14,6,12,7,23,8,11",0.522,0.57,0.534,0.5287958115183246,0.404,0.4580498866213152,0.522,0.9564344882965088
"15,4,13,12,9,2,6,17,15,8,22,10,12,7,9",0.432,0.84,0.534,0.3881578947368421,0.236,0.2935323383084577,0.432,0.7643868923187256
"23,13,10,17,10,10,11,1,14,11,17,21,8,6,2",0.502,0.63,0.534,0.5022421524663677,0.448,0.47357293868921774,0.502,0.8026809692382812
"11,23,5,5,3,10,14,12,9,5,2,13,11,19,18",0.522,0.57,0.534,0.5195729537366548,0.584,0.5499058380414312,0.522,1.5196380615234375
"9,20,5,9,4,5,15,3,12,13,12,5,3,6,10",0.512,0.6,0.534,0.5185185185185185,0.336,0.4077669902912621,0.512,0.6410806179046631
"8,8,18,9,2,19,12,19,9,1,4,17,10,17,19",0.542,0.51,0.534,0.5606936416184971,0.388,0.458628841607565,0.542,1.048274040222168
"1,13,19,2,7,2,0,14,15,20,15,16,2,1,16",0.534,0.53,0.533,0.5309090909090909,0.584,0.5561904761904762,0.534,0.879274845123291
"12,1,11,23,13,23,7,19,13,1,7,15,10,16,5",0.564,0.44,0.533,0.5606060606060606,0.592,0.5758754863813229,0.5640000000000001,0.7439901828765869
"12,11,18,1,10,5,4,4,2,8,8,16,11,6,10",0.514,0.59,0.533,0.5360824742268041,0.208,0.29971181556195964,0.514,0.6869809627532959
"18,18,8,4,6,5,13,8,17,17,9,6,8,7,20",0.494,0.65,0.533,0.38461538461538464,0.02,0.03802281368821293,0.494,1.4503934383392334
"14,9,23,0,4,10,18,14,4,19,2,10,0,11,16",0.474,0.71,0.5329999999999999,0.47280334728033474,0.452,0.4621676891615542,0.474,0.9069373607635498
"13,15,13,7,4,17,12,10,3,22,8,22,7,0,8",0.474,0.71,0.5329999999999999,0.4821917808219178,0.704,0.5723577235772358,0.474,0.7877609729766846
"4,6,5,13,8,17,17,9,6,8,7,20,2,1,9",0.56,0.45,0.5325000000000001,0.5506756756756757,0.652,0.5970695970695971,0.56,0.7759766578674316
"16,4,5,7,9,14,8,7,9,9,8,2,14,12,16",0.49,0.66,0.5325,0.49158249158249157,0.584,0.5338208409506399,0.49,0.7392997741699219
"22,14,5,18,3,3,15,16,11,11,14,17,19,6,4",0.416,0.88,0.532,0.3870967741935484,0.288,0.3302752293577982,0.41600000000000004,1.1874032020568848
"0,16,9,11,10,7,1,8,16,13,15,2,16,8,4",0.526,0.55,0.532,0.5238095238095238,0.572,0.5468451242829828,0.526,0.7868165969848633
"14,16,13,0,19,5,14,1,10,5,5,23,6,9,14",0.516,0.58,0.532,0.6052631578947368,0.092,0.1597222222222222,0.516,0.8629770278930664
"12,2,2,6,4,14,15,7,12,0,11,20,15,14,12",0.552,0.47,0.5315000000000001,0.589041095890411,0.344,0.43434343434343436,0.552,0.7762589454650879
"23,15,16,0,8,13,15,13,7,4,17,12,10,3,22",0.442,0.8,0.5315000000000001,0.32098765432098764,0.104,0.15709969788519637,0.442,1.0252065658569336
"4,21,13,10,8,1,18,11,0,4,16,13,20,6,4",0.532,0.53,0.5315000000000001,0.5245398773006135,0.684,0.59375,0.532,0.7595493793487549
"15,1,19,5,0,11,10,15,9,6,4,0,19,8,6",0.498,0.63,0.531,0.4986301369863014,0.728,0.591869918699187,0.498,0.6672768592834473
"22,12,5,13,22,1,13,8,4,13,21,1,7,22,4",0.548,0.48,0.531,0.5392156862745098,0.66,0.5935251798561151,0.548,0.7510147094726562
"15,22,17,21,9,4,10,14,20,7,13,2,4,1,22",0.528,0.54,0.531,0.559322033898305,0.264,0.358695652173913,0.528,0.8290021419525146
"21,5,17,0,18,2,14,5,6,16,13,21,8,12,10",0.488,0.66,0.531,0.125,0.004,0.007751937984496124,0.488,2.4677820205688477
"22,10,21,15,20,3,10,9,3,7,7,21,12,3,10",0.504,0.61,0.5305,0.5125,0.164,0.24848484848484848,0.504,0.7380654811859131
"6,9,0,0,22,10,10,15,15,0,13,9,9,7,7",0.514,0.58,0.5305,0.52046783625731,0.356,0.42280285035629456,0.514,0.647759199142456
"1,18,19,19,4,18,2,16,4,5,7,9,14,8,7",0.514,0.58,0.5305,0.5073375262054507,0.968,0.6657496561210454,0.514,4.555447101593018
"22,13,2,5,13,8,12,9,9,14,10,11,4,21,2",0.514,0.58,0.5305,0.5098039215686274,0.728,0.5996705107084019,0.514,0.7124722003936768
"3,21,12,3,10,18,16,20,10,13,18,15,13,5,9",0.46,0.74,0.53,0.4675324675324675,0.576,0.5161290322580645,0.45999999999999996,0.8385434150695801
"16,18,17,1,8,5,13,15,0,11,1,14,3,8,1",0.51,0.59,0.53,0.5077881619937694,0.652,0.5709281961471103,0.51,0.9620625972747803
"0,5,12,1,11,23,13,23,7,19,13,1,7,15,10",0.53,0.53,0.53,0.5547445255474452,0.304,0.39276485788113696,0.53,0.7247254848480225
"12,12,15,11,13,18,15,11,6,17,10,12,11,11,17",0.446,0.78,0.5295000000000001,0.4606413994169096,0.632,0.5328836424957841,0.446,0.8575117588043213
"9,13,16,1,18,11,17,5,6,4,22,8,14,4,7",0.526,0.54,0.5295000000000001,0.5178082191780822,0.756,0.6146341463414634,0.526,0.7852110862731934
"10,18,13,18,15,3,3,11,9,8,2,18,19,8,10",0.506,0.6,0.5295000000000001,0.5064377682403434,0.472,0.4886128364389234,0.506,1.580465316772461
"8,10,17,14,5,21,14,8,7,7,4,14,1,2,3",0.536,0.51,0.5295000000000001,0.5428571428571428,0.456,0.4956521739130435,0.536,0.7731649875640869
"0,17,15,2,16,13,5,1,23,12,6,3,1,11,22",0.526,0.54,0.5295000000000001,0.5167095115681234,0.804,0.6291079812206573,0.526,0.7755897045135498
"23,15,0,7,19,8,5,8,15,14,14,4,6,14,11",0.506,0.6,0.5295,0.5483870967741935,0.068,0.12099644128113879,0.506,0.9894435405731201
"13,14,0,10,20,14,2,10,18,4,5,2,3,6,3",0.512,0.58,0.529,0.5072463768115942,0.84,0.6325301204819277,0.512,0.9575610160827637
"12,19,9,1,4,17,10,17,19,0,2,16,6,4,9",0.532,0.52,0.529,0.5363636363636364,0.472,0.502127659574468,0.532,1.1920864582061768
"14,16,0,3,1,10,13,12,8,21,2,5,13,1,2",0.522,0.55,0.529,0.5236051502145923,0.488,0.505175983436853,0.522,0.7237920761108398
"9,4,16,1,7,15,6,12,7,18,9,9,12,17,0",0.532,0.52,0.529,0.5228571428571429,0.732,0.61,0.532,0.7257273197174072
"17,9,13,0,15,10,21,15,3,3,10,19,14,2,7",0.432,0.82,0.529,0.43410852713178294,0.448,0.4409448818897638,0.432,0.7741668224334717
"16,5,9,1,2,8,1,21,7,17,7,9,10,13,3",0.558,0.44,0.5285000000000001,0.5523465703971119,0.612,0.5806451612903226,0.558,0.892808198928833
"17,16,0,13,15,2,12,12,13,15,8,9,11,23,12",0.438,0.8,0.5285,0.41621621621621624,0.308,0.35402298850574715,0.43799999999999994,0.8017294406890869
"2,4,15,6,3,20,9,22,16,14,11,4,12,18,9",0.518,0.56,0.5285,0.5126760563380282,0.728,0.6016528925619835,0.518,0.8255999088287354
"5,23,16,21,2,3,7,9,9,20,9,22,4,2,2",0.518,0.56,0.5285,1.0,0.036,0.0694980694980695,0.518,1.5231821537017822
"11,2,4,5,16,21,17,13,2,14,10,16,4,12,11",0.508,0.59,0.5285,0.5052083333333334,0.776,0.61198738170347,0.508,1.117755651473999
"6,8,9,0,17,5,18,14,3,18,8,20,5,5,12",0.508,0.59,0.5285,0.5370370370370371,0.116,0.19078947368421054,0.508,0.8413586616516113
"17,11,13,9,1,21,1,12,17,22,10,11,8,11,13",0.504,0.6,0.528,0.5080645161290323,0.252,0.33689839572192515,0.504,0.9165182113647461
"23,16,14,17,5,20,11,14,19,12,4,22,2,11,3",0.484,0.66,0.528,0.38235294117647056,0.052,0.09154929577464789,0.48400000000000004,1.3952991962432861
"15,19,11,0,4,21,13,10,8,1,18,11,0,4,16",0.51,0.58,0.5275000000000001,0.5064599483204134,0.784,0.6153846153846154,0.51,0.8282039165496826
"15,19,10,4,2,22,5,9,1,11,9,19,12,4,11",0.52,0.55,0.5275000000000001,0.5104602510460251,0.976,0.6703296703296703,0.52,0.7434234619140625
"12,15,18,8,13,10,2,20,14,0,14,6,0,5,10",0.51,0.58,0.5275000000000001,0.5073313782991202,0.692,0.5854483925549916,0.51,0.8725268840789795
"8,5,13,15,0,11,1,14,3,8,1,6,23,8,3",0.53,0.52,0.5275000000000001,0.6229508196721312,0.152,0.24437299035369775,0.53,0.6181397438049316
"4,21,5,16,5,10,5,8,18,0,12,12,12,16,9",0.49,0.64,0.5275,0.47126436781609193,0.164,0.2433234421364985,0.49,1.3222496509552002
"19,8,9,12,19,3,19,6,13,8,16,6,11,2,4",0.49,0.64,0.5275,0.48484848484848486,0.32,0.3855421686746988,0.49,2.7929892539978027
"15,4,7,13,12,12,17,0,18,16,14,21,5,13,1",0.506,0.59,0.527,0.5052264808362369,0.58,0.5400372439478585,0.506,1.0207135677337646
"3,12,15,18,8,13,10,2,20,14,0,14,6,0,5",0.496,0.62,0.527,0.4972972972972973,0.736,0.5935483870967742,0.496,0.7688214778900146
"6,2,0,4,9,10,20,3,9,0,4,6,14,14,0",0.506,0.59,0.527,0.5045592705167173,0.664,0.5734024179620034,0.506,0.671807050704956
"9,17,13,0,8,11,14,0,8,14,0,12,13,4,11",0.526,0.53,0.527,0.5714285714285714,0.208,0.30498533724340177,0.526,0.7558846473693848
"14,7,14,10,14,18,5,9,10,7,9,8,3,12,15",0.496,0.62,0.527,0.4973821989528796,0.76,0.6012658227848101,0.496,0.7872622013092041
"19,9,22,11,6,1,3,2,3,9,3,19,9,7,20",0.516,0.56,0.527,0.5100502512562815,0.812,0.6265432098765432,0.516,1.207676887512207
"22,16,12,18,18,6,5,7,0,12,3,11,13,15,11",0.492,0.63,0.5265000000000001,0.4375,0.056,0.09929078014184398,0.49200000000000005,1.2954511642456055
"17,9,16,5,9,1,2,8,1,21,7,17,7,9,10",0.562,0.42,0.5265000000000001,0.5771144278606966,0.464,0.5144124168514412,0.562,0.8192949295043945
"2,17,5,11,9,10,14,23,1,5,15,6,4,16,17",0.532,0.51,0.5265,0.5187793427230047,0.884,0.6538461538461539,0.532,0.7818236351013184
"23,8,19,8,8,18,9,2,19,12,19,9,1,4,17",0.532,0.51,0.5265,0.5253164556962026,0.664,0.5865724381625441,0.532,0.7258641719818115
"6,10,15,1,19,5,0,11,10,15,9,6,4,0,19",0.532,0.51,0.5265,0.5218579234972678,0.764,0.6201298701298701,0.532,0.6866788864135742
"16,4,2,2,20,8,5,6,0,16,15,12,3,10,19",0.522,0.54,0.5265,0.5157593123209169,0.72,0.6010016694490818,0.522,0.695063591003418
"3,9,3,19,9,7,20,9,0,3,9,15,5,1,22",0.512,0.57,0.5265,0.5089285714285714,0.684,0.5836177474402731,0.512,0.7036709785461426
"12,5,3,6,10,6,1,22,16,15,8,1,4,16,5",0.508,0.58,0.526,0.508,0.508,0.508,0.508,0.6741714477539062
"21,14,7,13,11,6,19,19,8,17,14,21,14,11,19",0.488,0.64,0.526,0.49242424242424243,0.78,0.6037151702786377,0.488,2.5327982902526855
"9,0,17,5,18,14,3,18,8,20,5,5,12,19,0",0.538,0.49,0.526,0.5414847161572053,0.496,0.5177453027139874,0.538,0.9017078876495361
"17,20,10,11,13,17,4,23,15,9,8,21,1,12,19",0.498,0.61,0.526,0.4984126984126984,0.628,0.5557522123893806,0.498,1.0351977348327637
"17,15,8,22,10,12,7,9,19,10,0,6,22,9,19",0.498,0.61,0.526,0.4989339019189765,0.936,0.650904033379694,0.498,0.8010680675506592
"10,4,9,9,19,2,10,16,0,0,3,11,10,8,13",0.518,0.55,0.526,0.5243243243243243,0.388,0.4459770114942529,0.518,0.7519018650054932
"12,7,23,8,11,2,4,5,16,21,17,13,2,14,10",0.544,0.47,0.5255000000000001,0.5433070866141733,0.552,0.5476190476190477,0.544,1.0839390754699707
"0,12,3,11,13,15,11,10,9,4,17,0,3,12,9",0.484,0.65,0.5255,0.4864864864864865,0.576,0.5274725274725275,0.484,0.9136593341827393
"19,1,19,15,21,15,13,9,17,6,19,10,6,8,22",0.434,0.8,0.5255,0.40782122905027934,0.292,0.34032634032634035,0.43399999999999994,3.5102689266204834
"4,15,19,15,8,6,5,11,17,11,4,23,17,12,23",0.51,0.57,0.525,0.506426735218509,0.788,0.6165884194053208,0.51,1.0401453971862793
"22,16,9,20,5,9,4,5,15,3,12,13,12,5,3",0.5,0.6,0.525,0.5,0.98,0.6621621621621622,0.5,0.7729029655456543
"13,20,1,16,10,6,9,20,17,18,17,12,14,13,0",0.51,0.57,0.525,0.5085910652920962,0.592,0.5471349353049908,0.51,1.080479383468628
"19,13,3,21,13,18,14,15,4,13,12,9,2,6,17",0.48,0.66,0.525,0.4859550561797753,0.692,0.570957095709571,0.48,1.1648352146148682
"19,10,4,2,22,5,9,1,11,9,19,12,4,11,4",0.48,0.66,0.525,0.47282608695652173,0.348,0.4009216589861751,0.48,1.108795166015625
"5,4,4,2,8,8,16,11,6,10,15,1,19,5,0",0.52,0.54,0.525,0.521551724137931,0.484,0.5020746887966805,0.52,0.679908275604248
"10,15,11,23,5,5,3,10,14,12,9,5,2,13,11",0.486,0.64,0.5245,0.4859437751004016,0.484,0.4849699398797595,0.486,0.6543600559234619
"21,13,23,0,0,17,15,2,16,13,5,1,23,12,6",0.496,0.61,0.5245,0.4964788732394366,0.564,0.5280898876404494,0.496,0.7879579067230225
"10,14,20,7,13,2,4,1,22,9,6,6,13,23,15",0.516,0.55,0.5245,0.5114942528735632,0.712,0.5953177257525084,0.516,0.7752230167388916
"9,6,4,0,19,8,6,1,18,19,19,4,18,2,16",0.536,0.49,0.5245,0.532608695652174,0.588,0.55893536121673,0.536,4.196267604827881
"2,20,7,9,1,12,14,20,16,15,11,14,16,7,15",0.536,0.49,0.5245,0.53,0.636,0.5781818181818181,0.536,0.7682509422302246
"18,4,1,8,19,2,0,11,15,13,21,15,20,14,11",0.522,0.53,0.524,0.5161290322580645,0.704,0.5956006768189509,0.522,1.0446267127990723
"3,15,5,14,3,0,19,10,19,8,11,5,22,13,2",0.452,0.74,0.524,0.4495798319327731,0.428,0.4385245901639344,0.45199999999999996,2.1676249504089355
"17,15,2,15,0,6,19,11,3,12,3,4,14,16,23",0.472,0.68,0.524,0.46634615384615385,0.388,0.42358078602620086,0.47200000000000003,1.0946552753448486
"10,7,9,8,3,12,15,18,17,12,9,22,1,9,16",0.532,0.5,0.524,0.6538461538461539,0.136,0.2251655629139073,0.532,0.9475178718566895
"8,7,7,4,14,1,2,3,3,5,3,9,4,9,19",0.532,0.5,0.524,0.5930232558139535,0.204,0.30357142857142855,0.532,0.5910420417785645
"12,13,8,2,11,8,11,4,10,8,3,7,6,10,21",0.558,0.42,0.5235000000000001,0.5767195767195767,0.436,0.49658314350797267,0.558,0.7493155002593994
"8,17,14,21,14,11,19,8,9,12,19,3,19,6,13",0.528,0.51,0.5235000000000001,0.675,0.108,0.18620689655172415,0.528,2.4647884368896484
"4,0,5,0,15,21,13,13,10,5,10,19,0,2,18",0.438,0.78,0.5235000000000001,0.45507246376811594,0.628,0.5277310924369748,0.438,1.6017756462097168
"4,3,0,0,22,13,17,15,17,8,13,23,17,12,3",0.468,0.69,0.5235000000000001,0.44871794871794873,0.28,0.3448275862068966,0.468,0.7137141227722168
"0,4,5,22,4,17,17,2,6,12,14,7,12,14,11",0.498,0.6,0.5235,0.49899799599198397,0.996,0.664886515353805,0.498,0.9385993480682373
"4,22,8,14,4,7,19,10,18,0,14,1,4,2,5",0.554,0.43,0.523,0.5828220858895705,0.38,0.4600484261501211,0.554,0.7470574378967285
"15,17,20,10,11,13,17,4,23,15,9,8,21,1,12",0.47,0.68,0.5225,0.4666666666666667,0.42,0.4421052631578947,0.47,1.0563106536865234
"10,18,0,14,1,4,2,5,0,1,10,20,8,5,17",0.5,0.59,0.5225,0.5,0.828,0.6234939759036144,0.5,0.65688157081604
"2,18,17,16,1,0,16,11,5,13,18,6,13,13,20",0.51,0.56,0.5225,0.5095057034220533,0.536,0.5224171539961013,0.51,1.1777737140655518
"23,8,11,2,4,5,16,21,17,13,2,14,10,16,4",0.52,0.53,0.5225,0.5172413793103449,0.6,0.5555555555555556,0.52,1.1615774631500244
"10,10,17,5,14,19,4,12,3,3,1,5,3,0,14",0.53,0.5,0.5225,0.5362318840579711,0.444,0.48577680525164113,0.53,0.9236280918121338
"11,10,20,6,12,4,23,10,14,9,4,4,11,3,9",0.51,0.56,0.5225,0.5806451612903226,0.072,0.12811387900355872,0.51,0.6321847438812256
"0,1,4,18,6,12,6,11,17,13,8,7,3,22,15",0.526,0.51,0.522,0.5243445692883895,0.56,0.5415860735009671,0.526,0.8731725215911865
"8,9,3,13,10,22,16,14,4,6,14,23,1,3,3",0.526,0.51,0.522,0.5537190082644629,0.268,0.3611859838274933,0.526,0.7694759368896484
"13,11,23,12,7,9,10,3,3,16,12,21,13,23,0",0.516,0.54,0.522,0.5092165898617511,0.884,0.6461988304093568,0.516,0.7278904914855957
"10,2,6,23,15,12,13,8,2,11,8,11,4,10,8",0.526,0.51,0.522,0.5234657039711191,0.58,0.5502846299810247,0.526,0.7431459426879883
"6,14,11,16,4,23,5,13,0,3,13,1,12,11,23",0.466,0.69,0.522,0.47038327526132406,0.54,0.5027932960893855,0.466,0.7712888717651367
"3,3,8,2,13,11,3,22,9,3,3,12,16,14,19",0.526,0.51,0.522,0.54421768707483,0.32,0.40302267002518893,0.526,0.8055734634399414
"18,14,15,4,13,12,9,2,6,17,15,8,22,10,12",0.456,0.72,0.522,0.3804347826086957,0.14,0.2046783625730994,0.456,0.9398207664489746
"3,3,12,15,18,8,13,10,2,20,14,0,14,6,0",0.512,0.55,0.5215000000000001,0.506198347107438,0.98,0.667574931880109,0.512,0.7905709743499756
"6,22,15,2,1,12,1,5,13,6,16,10,6,11,23",0.522,0.52,0.5215000000000001,0.519163763066202,0.596,0.5549348230912476,0.522,0.7297499179840088
"19,9,1,4,17,10,17,19,0,2,16,6,4,9,21",0.512,0.55,0.5215000000000001,0.5454545454545454,0.144,0.22784810126582278,0.512,1.7415802478790283
"15,9,8,0,13,14,4,2,9,2,19,4,11,3,23",0.492,0.61,0.5215,0.4945054945054945,0.72,0.5863192182410424,0.492,0.7828373908996582
"4,4,19,4,1,15,6,2,7,18,9,9,12,10,0",0.482,0.64,0.5215,0.44,0.132,0.20307692307692307,0.482,1.240274429321289
"2,22,14,5,18,3,3,15,16,11,11,14,17,19,6",0.508,0.56,0.521,0.5149253731343284,0.276,0.359375,0.508,1.216864824295044
"19,8,5,8,15,14,14,4,6,14,11,16,4,23,5",0.548,0.44,0.521,0.5340909090909091,0.752,0.6245847176079734,0.548,1.11370849609375
"21,10,4,9,9,19,2,10,16,0,0,3,11,10,8",0.508,0.56,0.521,0.5384615384615384,0.112,0.18543046357615894,0.508,0.8093657493591309
"10,0,13,0,2,1,4,4,15,2,1,1,13,10,7",0.518,0.53,0.521,0.5148514851485149,0.624,0.5641952983725136,0.518,0.6586816310882568
"10,4,16,5,14,13,4,12,3,3,1,5,12,17,14",0.544,0.45,0.5205000000000001,0.5352564102564102,0.668,0.594306049822064,0.544,0.9560115337371826
"21,10,5,5,17,18,9,10,5,21,12,13,14,23,8",0.474,0.66,0.5205,0.4721030042918455,0.44,0.4554865424430642,0.474,0.9617445468902588
"20,12,0,16,9,11,10,7,1,8,16,13,15,2,16",0.524,0.51,0.5205,0.5370370370370371,0.348,0.4223300970873786,0.524,0.7346131801605225
"23,10,9,5,14,13,4,12,3,3,1,5,3,0,14",0.534,0.48,0.5205,0.673469387755102,0.132,0.22073578595317725,0.534,0.6519832611083984
"0,0,22,10,21,15,20,3,10,9,3,7,7,21,12",0.504,0.57,0.5205,0.5043859649122807,0.46,0.4811715481171548,0.504,0.704413652420044
"5,23,12,13,14,10,2,16,5,10,15,11,23,5,5",0.514,0.54,0.5205,0.7692307692307693,0.04,0.07604562737642585,0.514,0.6737184524536133
"0,3,14,1,7,22,15,15,15,19,5,18,18,9,3",0.504,0.57,0.5205,0.5037878787878788,0.532,0.5175097276264592,0.504,2.5950350761413574
"4,23,8,19,8,8,18,9,2,19,12,19,9,1,4",0.534,0.48,0.5205,0.547486033519553,0.392,0.4568764568764569,0.534,0.6803631782531738
"11,6,1,3,2,3,9,3,19,9,7,20,9,0,3",0.52,0.52,0.52,0.5131578947368421,0.78,0.6190476190476191,0.52,0.7823920249938965
"14,22,13,11,9,9,3,23,11,3,6,2,19,8,14",0.48,0.64,0.52,0.48333333333333334,0.58,0.5272727272727272,0.48,0.8161225318908691
"18,6,17,4,12,1,12,6,13,15,0,0,11,7,0",0.43,0.79,0.52,0.39263803680981596,0.256,0.3099273607748184,0.43,1.0963869094848633
"13,22,1,13,8,4,13,21,1,7,22,4,15,20,7",0.51,0.55,0.52,0.5078369905956113,0.648,0.5694200351493849,0.51,0.7415974140167236
"10,22,5,3,12,17,10,20,15,14,0,14,10,18,13",0.536,0.47,0.5195000000000001,0.5555555555555556,0.36,0.4368932038834951,0.536,0.6857821941375732
"2,4,7,0,5,12,1,11,23,13,23,7,19,13,1",0.538,0.46,0.5185000000000001,0.5542857142857143,0.388,0.45647058823529413,0.538,0.6685421466827393
"14,12,16,14,14,2,13,3,4,22,15,4,13,18,4",0.488,0.61,0.5185,0.4819277108433735,0.32,0.38461538461538464,0.488,0.7392091751098633
"9,3,7,7,21,12,3,10,23,16,12,21,8,13,12",0.538,0.46,0.5185,0.5497382198952879,0.42,0.47619047619047616,0.538,0.692392110824585
"3,23,5,6,10,23,13,17,11,12,6,3,3,8,2",0.498,0.58,0.5185,0.4978902953586498,0.472,0.48459958932238195,0.498,0.7316808700561523
"21,15,20,3,10,9,3,7,7,21,12,3,10,23,16",0.528,0.49,0.5185,0.5147679324894515,0.976,0.6740331491712708,0.528,0.9801201820373535
"10,15,1,5,11,10,10,4,16,9,11,3,5,10,19",0.508,0.55,0.5185,0.6666666666666666,0.032,0.061068702290076333,0.508,0.6729536056518555
"22,8,14,4,7,19,10,18,0,14,1,4,2,5,0",0.514,0.53,0.518,0.5071574642126789,0.992,0.6711772665764547,0.514,0.6973648071289062
"5,13,12,7,13,15,6,9,17,6,15,0,14,23,15",0.524,0.5,0.518,0.5405405405405406,0.32,0.4020100502512563,0.524,0.6681890487670898
"10,7,4,14,18,4,1,8,19,2,0,11,15,13,21",0.554,0.41,0.518,0.5457627118644067,0.644,0.5908256880733945,0.554,0.806227445602417
"9,16,6,3,22,12,3,16,21,16,10,8,19,4,7",0.494,0.59,0.518,0.49454545454545457,0.544,0.518095238095238,0.494,0.8989288806915283
"12,18,15,11,21,17,13,7,11,9,3,0,15,3,0",0.51,0.54,0.5175000000000001,0.5070028011204482,0.724,0.5963756177924218,0.51,0.7341082096099854
"3,20,6,8,22,16,9,17,13,9,7,8,3,23,2",0.53,0.48,0.5175000000000001,0.5254237288135594,0.62,0.5688073394495413,0.53,0.8138666152954102
"12,15,2,0,4,4,14,4,4,9,4,7,10,20,2",0.51,0.54,0.5175000000000001,0.5133689839572193,0.384,0.4393592677345537,0.51,0.7986624240875244
"7,22,4,15,20,7,4,15,22,11,7,13,23,2,6",0.526,0.49,0.517,0.5408805031446541,0.344,0.42053789731051344,0.526,0.717832088470459
"12,13,14,10,2,16,5,10,15,11,23,5,5,3,10",0.486,0.61,0.517,0.48535564853556484,0.464,0.47443762781186094,0.486,0.6743896007537842
"5,4,16,18,17,1,8,5,13,15,0,11,1,14,3",0.466,0.67,0.517,0.4666666666666667,0.476,0.47128712871287126,0.46599999999999997,2.274815320968628
"5,3,4,13,19,2,12,6,13,15,8,12,11,23,12",0.492,0.59,0.5165,0.4876543209876543,0.316,0.38349514563106796,0.492,0.8049564361572266
"15,18,8,13,10,2,20,14,0,14,6,0,5,10,0",0.432,0.77,0.5165,0.3559322033898305,0.168,0.22826086956521738,0.432,0.7341017723083496
"14,16,7,15,1,13,4,10,23,8,14,3,6,9,6",0.528,0.48,0.516,0.5564516129032258,0.276,0.3689839572192513,0.528,0.7512657642364502
"13,5,4,5,2,0,21,9,13,12,7,17,21,6,1",0.488,0.6,0.516,0.4918918918918919,0.728,0.5870967741935483,0.488,2.3747217655181885
"21,0,11,0,16,5,22,4,17,17,15,6,12,14,7",0.508,0.54,0.516,1.0,0.016,0.031496062992125984,0.508,0.8865151405334473
"8,23,9,13,15,8,9,3,13,10,22,16,14,4,6",0.518,0.51,0.516,0.5398230088495575,0.244,0.33608815426997246,0.518,0.8044838905334473
"4,11,3,9,12,19,16,15,5,23,12,13,14,10,2",0.478,0.63,0.516,0.46540880503144655,0.296,0.36185819070904646,0.478,0.8640494346618652
"9,17,18,10,15,17,19,15,14,8,5,6,5,2,6",0.504,0.55,0.5155000000000001,0.5034246575342466,0.588,0.5424354243542435,0.504,1.4161016941070557
"0,8,14,1,1,14,19,8,10,1,7,7,11,15,8",0.514,0.52,0.5155000000000001,0.5125448028673835,0.572,0.5406427221172023,0.514,0.7774198055267334
"4,13,21,1,7,22,4,15,20,7,4,15,22,11,7",0.504,0.55,0.5155000000000001,0.5106382978723404,0.192,0.27906976744186046,0.504,0.8137388229370117
"15,12,18,15,11,21,17,13,7,11,9,3,0,15,3",0.524,0.49,0.5155000000000001,0.5177514792899408,0.7,0.5952380952380952,0.524,0.7271006107330322
"22,8,22,7,0,8,14,1,1,14,19,8,10,1,7",0.504,0.55,0.5155000000000001,0.5056179775280899,0.36,0.4205607476635514,0.504,0.8432571887969971
"15,10,3,23,15,2,8,14,5,21,12,6,2,4,9",0.454,0.7,0.5155000000000001,0.4470046082949309,0.388,0.4154175588865096,0.454,0.6921975612640381
"23,12,2,8,20,7,14,11,15,21,1,12,6,17,16",0.494,0.58,0.5155000000000001,0.4964705882352941,0.844,0.6251851851851852,0.494,0.8422775268554688
"12,0,16,9,11,10,7,1,8,16,13,15,2,16,8",0.504,0.55,0.5155000000000001,0.5026041666666666,0.772,0.6088328075709779,0.504,0.7788052558898926
"15,18,17,11,13,9,1,21,1,12,17,22,10,11,8",0.494,0.58,0.5155,0.49458483754512633,0.548,0.5199240986717267,0.494,0.9600417613983154
"17,12,13,4,15,1,19,13,3,12,3,19,14,2,10",0.484,0.61,0.5155,0.48,0.384,0.4266666666666667,0.484,0.8805971145629883
"16,1,13,14,0,10,20,14,2,10,18,4,5,2,3",0.52,0.5,0.515,0.5117370892018779,0.872,0.6449704142011834,0.52,0.7435204982757568
"7,16,17,15,18,17,17,6,6,12,14,7,19,10,11",0.52,0.5,0.515,0.5403225806451613,0.268,0.3582887700534759,0.52,1.031966209411621
"7,9,14,8,7,9,9,8,2,14,12,16,14,14,2",0.52,0.5,0.515,0.543859649122807,0.248,0.34065934065934067,0.52,0.7208528518676758
"9,2,7,0,14,19,8,10,21,11,2,20,3,8,10",0.54,0.44,0.515,0.5526315789473685,0.42,0.4772727272727273,0.54,0.7454838752746582
"11,7,4,15,4,23,8,19,8,8,18,9,2,19,12",0.51,0.53,0.515,0.5373134328358209,0.144,0.22712933753943218,0.51,0.8179349899291992
"18,3,9,13,20,2,12,12,0,15,8,17,2,5,12",0.466,0.66,0.5145,0.45549738219895286,0.348,0.3945578231292517,0.46599999999999997,0.9389958381652832
"16,8,6,7,21,5,17,0,18,2,14,5,6,16,13",0.496,0.57,0.5145,0.4827586206896552,0.112,0.18181818181818182,0.496,0.9136216640472412
"2,22,12,7,7,17,7,16,1,11,11,15,19,12,22",0.506,0.54,0.5145,0.5032967032967033,0.916,0.649645390070922,0.506,0.8239808082580566
"11,15,13,21,15,20,14,11,5,18,9,3,13,7,14",0.486,0.6,0.5145,0.4927536231884058,0.952,0.6493860845839018,0.486,0.8364951610565186
"9,10,7,9,8,3,12,15,18,17,12,9,22,1,9",0.512,0.52,0.514,0.5093167701863354,0.656,0.5734265734265734,0.512,0.8721566200256348
"20,7,13,2,4,1,22,9,6,6,13,23,15,14,3",0.542,0.43,0.514,0.5555555555555556,0.42,0.4783599088838269,0.542,0.6922845840454102
"5,22,13,2,5,13,8,12,9,9,14,10,11,4,21",0.502,0.55,0.514,0.501002004008016,1.0,0.6675567423230975,0.502,0.9846506118774414
"21,15,2,15,0,6,5,11,20,11,4,4,19,16,23",0.492,0.58,0.514,0.4957081545064378,0.924,0.6452513966480447,0.492,1.162792682647705
"11,7,18,17,9,16,5,9,1,2,8,1,21,7,17",0.502,0.55,0.514,0.5015384615384615,0.652,0.5669565217391305,0.502,0.865731954574585
"19,15,14,8,5,6,5,2,6,4,6,22,7,3,15",0.562,0.37,0.514,0.537712895377129,0.884,0.6686838124054463,0.562,1.3473238945007324
"18,3,16,5,14,23,7,21,12,14,4,3,8,7,9",0.472,0.64,0.514,0.465,0.372,0.41333333333333333,0.472,1.0417954921722412
"9,23,13,23,15,0,7,19,8,5,8,15,14,14,4",0.508,0.53,0.5135000000000001,0.5833333333333334,0.056,0.10218978102189781,0.508,0.7239141464233398
"11,0,4,21,13,10,8,1,18,11,0,4,16,13,20",0.498,0.56,0.5135000000000001,0.49777777777777776,0.448,0.47157894736842104,0.498,0.6913397312164307
"0,0,3,15,12,17,4,18,5,4,16,18,17,1,8",0.448,0.71,0.5135000000000001,0.45357142857142857,0.508,0.47924528301886793,0.448,1.2208638191223145
"23,13,17,11,12,6,3,3,8,2,13,11,3,22,9",0.498,0.56,0.5135,0.4989733059548255,0.972,0.6594301221166893,0.498,0.7571697235107422
"2,1,17,12,9,16,11,15,19,10,4,2,22,5,9",0.488,0.59,0.5135,0.49344978165938863,0.904,0.6384180790960452,0.488,0.8339803218841553
"6,2,8,9,7,10,0,13,17,17,7,18,17,11,16",0.514,0.51,0.513,0.509090909090909,0.784,0.6173228346456693,0.514,0.9325478076934814
"11,8,5,1,15,12,18,15,11,21,17,13,7,11,9",0.514,0.51,0.513,0.5092838196286472,0.768,0.6124401913875598,0.514,0.7155623435974121
"7,2,2,20,7,9,1,12,14,20,16,15,11,14,16",0.524,0.48,0.513,0.5405405405405406,0.32,0.4020100502512563,0.524,0.8298556804656982
"11,9,9,3,23,11,3,6,2,19,8,14,4,0,23",0.504,0.54,0.513,0.5028735632183908,0.7,0.5852842809364549,0.504,0.7375428676605225
"3,12,17,10,20,15,14,0,14,10,18,13,18,15,3",0.474,0.63,0.513,0.4444444444444444,0.208,0.28337874659400547,0.474,0.7493200302124023
"13,8,7,3,22,15,13,11,16,0,9,18,14,5,22",0.484,0.6,0.513,0.48717948717948717,0.608,0.5409252669039146,0.484,0.7332115173339844
"18,16,6,17,21,12,20,11,8,5,1,15,12,18,15",0.484,0.6,0.513,0.4714285714285714,0.264,0.3384615384615385,0.484,1.1084554195404053
"5,11,10,10,4,16,9,11,3,5,10,19,1,14,6",0.504,0.54,0.513,0.5024154589371981,0.832,0.6265060240963856,0.504,0.7798178195953369
"1,2,16,18,3,12,4,0,9,2,6,6,19,6,0",0.514,0.51,0.513,0.509641873278237,0.74,0.6035889070146819,0.514,0.8367960453033447
"3,12,15,18,17,12,9,22,1,9,16,4,22,1,1",0.514,0.51,0.513,0.5079365079365079,0.896,0.6483357452966715,0.514,0.8969719409942627
"5,7,9,14,8,7,9,9,8,2,14,12,16,14,14",0.504,0.54,0.513,0.5025252525252525,0.796,0.6160990712074303,0.504,0.7212929725646973
"12,9,9,14,10,11,4,21,2,9,13,7,4,21,1",0.55,0.4,0.5125000000000001,0.543859649122807,0.62,0.5794392523364486,0.55,2.2656021118164062
"7,18,16,18,10,2,3,12,2,1,15,20,15,5,4",0.52,0.49,0.5125,0.5423728813559322,0.256,0.34782608695652173,0.52,0.8568150997161865
"22,1,13,8,4,13,21,1,7,22,4,15,20,7,4",0.51,0.52,0.5125,0.5925925925925926,0.064,0.11552346570397112,0.51,0.8006360530853271
"21,2,5,13,1,2,16,18,3,12,4,0,9,2,6",0.5,0.55,0.5125,0.5,0.376,0.4292237442922374,0.5,1.0431241989135742
"3,2,11,12,12,15,8,9,4,15,5,1,11,2,21",0.51,0.52,0.5125,0.5063613231552163,0.796,0.6189735614307932,0.51,0.8059346675872803
"2,23,16,14,17,5,20,11,14,19,12,4,22,2,11",0.5,0.55,0.5125,0.5,1.0,0.6666666666666666,0.5,1.4652595520019531
"2,3,17,7,4,8,14,7,3,1,13,8,16,15,22",0.506,0.53,0.512,0.6153846153846154,0.032,0.060836501901140684,0.506,0.8711044788360596
"15,11,10,9,4,17,0,3,12,9,10,22,12,5,22",0.466,0.65,0.512,0.4697508896797153,0.528,0.4971751412429379,0.466,0.8409209251403809
"3,10,18,16,20,10,13,18,15,13,5,9,20,13,3",0.496,0.56,0.512,0.49504950495049505,0.4,0.4424778761061947,0.496,0.7692470550537109
"7,0,8,14,1,1,14,19,8,10,1,7,7,11,15",0.526,0.47,0.512,0.5454545454545454,0.312,0.3969465648854962,0.526,0.7798798084259033
"21,9,4,10,14,20,7,13,2,4,1,22,9,6,6",0.506,0.53,0.512,0.6363636363636364,0.028,0.05363984674329502,0.506,0.7273850440979004
"1,16,16,21,2,16,9,8,18,13,19,6,1,7,1",0.506,0.53,0.512,0.503030303030303,0.996,0.6684563758389261,0.506,1.052206039428711
"5,12,19,15,18,12,14,2,19,10,11,11,11,22,0",0.406,0.83,0.512,0.39914163090128757,0.372,0.38509316770186336,0.406,0.8729116916656494
"6,23,15,12,13,8,2,11,8,11,4,10,8,3,7",0.456,0.68,0.512,0.21052631578947367,0.032,0.05555555555555555,0.456,1.00510573387146
"3,9,12,19,16,15,5,23,12,13,14,10,2,16,5",0.486,0.59,0.512,0.47244094488188976,0.24,0.3183023872679045,0.486,0.8739984035491943
"2,12,12,22,15,8,13,11,23,12,7,9,10,3,3",0.496,0.56,0.512,0.4979757085020243,0.984,0.6612903225806451,0.496,1.2490513324737549
"11,6,19,19,8,17,14,21,14,11,19,8,9,12,19",0.512,0.51,0.5115000000000001,0.5223880597014925,0.28,0.3645833333333333,0.512,2.249333620071411
"7,19,13,1,7,15,10,16,5,23,6,11,10,20,6",0.522,0.48,0.5115000000000001,0.544,0.272,0.3626666666666667,0.522,0.671180009841919
"7,13,12,12,17,0,18,16,14,21,5,13,1,10,22",0.522,0.48,0.5115000000000001,0.5462184873949579,0.26,0.3523035230352303,0.522,0.9153196811676025
"10,10,11,1,14,11,17,21,8,6,2,16,3,6,12",0.512,0.51,0.5115000000000001,0.5112781954887218,0.544,0.5271317829457365,0.512,0.7505271434783936
"12,7,17,21,6,1,4,16,1,3,15,5,14,3,0",0.512,0.51,0.5115000000000001,0.5789473684210527,0.088,0.1527777777777778,0.512,1.145963430404663
"2,16,5,10,15,11,23,5,5,3,10,14,12,9,5",0.508,0.52,0.511,0.5041322314049587,0.976,0.6648501362397821,0.508,0.8051149845123291
"4,2,22,5,9,1,11,9,19,12,4,11,4,22,0",0.508,0.52,0.511,0.5357142857142857,0.12,0.19607843137254902,0.508,0.650320291519165
"7,2,0,14,15,20,15,16,2,1,16,13,3,10,21",0.518,0.49,0.511,0.5378151260504201,0.256,0.34688346883468835,0.518,0.7727992534637451
"1,3,2,3,9,3,19,9,7,20,9,0,3,9,15",0.518,0.49,0.511,0.5098901098901099,0.928,0.6581560283687943,0.518,0.78753662109375
"1,16,10,6,9,20,17,18,17,12,14,13,0,12,20",0.498,0.55,0.511,0.49645390070921985,0.28,0.35805626598465473,0.498,1.1494932174682617
"8,10,0,13,0,2,1,4,4,15,2,1,1,13,10",0.514,0.5,0.5105,0.7333333333333333,0.044,0.0830188679245283,0.514,0.6562986373901367
"4,15,6,3,20,9,22,16,14,11,4,12,18,9,8",0.424,0.77,0.5105,0.4326241134751773,0.488,0.45864661654135336,0.424,0.7730259895324707
"1,1,14,19,8,10,1,7,7,11,15,8,5,1,13",0.504,0.53,0.5105,1.0,0.008,0.015873015873015872,0.504,0.8166897296905518
"10,2,16,5,10,15,11,23,5,5,3,10,14,12,9",0.48,0.6,0.51,0.4796747967479675,0.472,0.47580645161290325,0.48,0.774376630783081
"22,1,10,1,7,0,6,16,14,12,8,1,7,6,22",0.52,0.48,0.51,0.5462962962962963,0.236,0.329608938547486,0.52,0.700305700302124
"21,14,17,19,9,0,15,2,20,4,9,17,0,0,20",0.5,0.54,0.51,0.5,1.0,0.6666666666666666,0.5,1.1865909099578857
"5,17,12,3,14,22,13,11,9,9,3,23,11,3,6",0.51,0.51,0.51,0.5055187637969095,0.916,0.65149359886202,0.51,0.8549072742462158
"5,6,4,22,8,14,4,7,19,10,18,0,14,1,4",0.53,0.45,0.51,0.5162689804772235,0.952,0.6694796061884669,0.53,0.7689046859741211
"15,19,1,6,2,2,3,10,14,9,23,0,4,10,18",0.51,0.51,0.51,0.5050505050505051,1.0,0.6711409395973155,0.51,1.0174696445465088
"11,18,8,23,6,2,6,6,3,1,12,7,10,9,21",0.496,0.55,0.5095000000000001,0.4954545454545455,0.436,0.46382978723404256,0.496,0.6664919853210449
"12,3,10,19,15,0,13,0,9,7,19,10,16,22,13",0.536,0.43,0.5095000000000001,0.5316901408450704,0.604,0.5655430711610487,0.536,0.8025727272033691
"8,1,4,16,5,15,9,8,0,13,14,4,2,9,2",0.516,0.49,0.5095000000000001,0.7,0.056,0.1037037037037037,0.516,0.6884660720825195
"20,0,9,12,23,15,19,2,17,5,11,9,10,14,23",0.496,0.55,0.5095000000000001,0.49,0.196,0.28,0.496,1.137852430343628
"18,9,9,18,18,19,9,8,13,13,16,17,20,1,7",0.406,0.82,0.5095,0.36416184971098264,0.252,0.2978723404255319,0.406,2.411672353744507
"10,11,1,14,11,17,21,8,6,2,16,3,6,12,10",0.476,0.61,0.5095,0.4823529411764706,0.656,0.5559322033898305,0.476,0.6316087245941162
"18,12,9,18,1,10,5,4,13,2,8,17,16,11,6",0.462,0.65,0.509,0.43790849673202614,0.268,0.3325062034739454,0.462,0.919968843460083
"12,2,18,17,16,1,0,16,11,5,13,18,6,13,13",0.492,0.56,0.509,0.4951219512195122,0.812,0.6151515151515151,0.492,0.8652560710906982
"7,4,14,18,4,1,8,19,2,0,11,15,13,21,15",0.502,0.53,0.509,0.5010799136069114,0.928,0.6507713884992987,0.502,0.8849437236785889
"7,0,21,1,0,11,10,4,22,10,20,7,10,20,0",0.512,0.5,0.509,0.5258620689655172,0.244,0.3333333333333333,0.512,0.737863302230835
"19,8,10,1,7,7,11,15,8,5,1,13,19,2,7",0.512,0.5,0.509,0.5107142857142857,0.572,0.539622641509434,0.512,1.2614455223083496
"22,17,10,13,21,17,17,0,1,16,16,21,2,16,9",0.432,0.74,0.509,0.38666666666666666,0.232,0.29,0.432,1.3942174911499023
"6,2,2,3,10,14,9,23,0,4,10,18,14,4,19",0.502,0.53,0.509,1.0,0.004,0.00796812749003984,0.502,0.7507846355438232
"5,14,23,7,21,12,14,4,3,8,7,9,5,17,21",0.492,0.56,0.509,0.495,0.792,0.6092307692307692,0.492,0.7929441928863525
"8,9,15,15,17,20,10,11,13,17,4,23,15,9,8",0.502,0.53,0.509,0.52,0.052,0.09454545454545454,0.502,0.940380334854126
"19,16,9,16,11,7,4,13,18,3,16,5,14,23,7",0.482,0.59,0.509,0.47540983606557374,0.348,0.4018475750577367,0.482,1.4360816478729248
"7,9,18,18,18,19,9,8,10,13,16,4,20,1,7",0.522,0.47,0.509,0.5478260869565217,0.252,0.3452054794520548,0.522,2.531963348388672
"9,5,8,18,8,1,12,21,4,5,7,19,8,4,1",0.502,0.53,0.509,0.5026737967914439,0.376,0.4302059496567506,0.502,0.7026028633117676
"23,10,17,4,7,12,20,7,17,11,19,8,11,10,4",0.508,0.51,0.5085,0.5040485829959515,0.996,0.6693548387096774,0.508,0.7961122989654541
"14,7,13,11,6,19,19,8,17,14,21,14,11,19,8",0.478,0.6,0.5085,0.42028985507246375,0.116,0.18181818181818182,0.478,2.3468642234802246
"16,2,4,7,0,5,12,1,11,23,13,23,7,19,13",0.518,0.48,0.5085,0.5126050420168067,0.732,0.6029654036243822,0.518,0.7865602970123291
"7,9,9,20,9,22,4,2,2,15,22,6,3,15,11",0.518,0.48,0.5085,0.5343511450381679,0.28,0.3674540682414698,0.518,0.7755355834960938
"2,16,3,6,12,10,20,12,14,12,15,20,11,2,4",0.488,0.57,0.5085,0.49318181818181817,0.868,0.6289855072463768,0.488,0.8719637393951416
"21,6,1,4,16,1,3,15,5,14,3,0,19,10,19",0.488,0.57,0.5085,0.4928571428571429,0.828,0.6179104477611941,0.488,1.5666735172271729
"9,3,20,4,14,5,3,17,6,2,14,9,22,8,4",0.488,0.57,0.5085,0.49050632911392406,0.62,0.5477031802120141,0.488,0.7827661037445068
"14,13,8,13,9,1,6,13,1,14,8,10,8,4,22",0.514,0.49,0.508,0.5131086142322098,0.548,0.5299806576402321,0.514,0.774214506149292
"16,21,16,10,8,19,4,7,11,0,18,1,18,19,5",0.484,0.58,0.508,0.481651376146789,0.42,0.44871794871794873,0.484,2.3467857837677
"7,5,18,8,2,19,17,6,8,9,15,15,17,20,10",0.504,0.52,0.508,0.51,0.204,0.2914285714285714,0.504,1.0382883548736572
"15,1,5,11,10,10,4,16,9,11,3,5,10,19,1",0.494,0.55,0.508,0.4845360824742268,0.188,0.27089337175792505,0.494,0.8573970794677734
"18,3,0,13,15,2,12,12,13,15,8,12,11,23,12",0.404,0.82,0.508,0.4024390243902439,0.396,0.39919354838709675,0.404,0.9224414825439453
"2,14,12,16,14,14,2,13,3,4,22,15,4,13,18",0.494,0.55,0.508,0.49643705463182897,0.836,0.6229508196721312,0.494,0.7394959926605225
"13,8,2,11,8,11,4,10,8,3,7,6,10,21,9",0.52,0.47,0.5075000000000001,0.5142857142857142,0.72,0.6,0.52,0.752312183380127
"18,2,1,8,15,3,10,7,4,14,18,4,1,8,19",0.5,0.53,0.5075000000000001,0.5,0.024,0.04580152671755725,0.5,0.9827237129211426
"8,1,12,21,4,5,7,19,8,4,1,6,3,3,22",0.5,0.53,0.5075000000000001,0.5,0.98,0.6621621621621622,0.5,0.738947868347168
"22,11,6,1,3,2,3,9,3,19,9,7,20,9,0",0.49,0.56,0.5075000000000001,0.463768115942029,0.128,0.2006269592476489,0.49,0.7695722579956055
"1,10,20,8,5,17,12,3,14,22,13,11,9,9,3",0.5,0.53,0.5075000000000001,0.5,0.732,0.5941558441558441,0.5,0.8089861869812012
"20,14,17,14,8,14,13,8,13,9,1,6,13,1,14",0.48,0.59,0.5075,0.45,0.18,0.2571428571428571,0.48,0.7125015258789062
"4,2,5,0,1,10,20,8,5,17,12,3,14,22,13",0.496,0.54,0.507,0.4444444444444444,0.032,0.05970149253731343,0.496,0.7305877208709717
"8,6,5,12,22,16,4,12,1,8,12,14,0,23,2",0.506,0.51,0.507,0.5030181086519114,1.0,0.6693440428380187,0.506,0.6931741237640381
"3,16,12,21,13,23,0,0,17,21,2,16,13,5,1",0.466,0.63,0.507,0.47733333333333333,0.716,0.5728,0.46599999999999997,1.2180800437927246
"12,7,14,8,20,10,19,10,15,19,1,6,2,2,3",0.486,0.57,0.507,0.4810810810810811,0.356,0.4091954022988506,0.486,1.0954124927520752
"18,16,8,6,7,21,5,17,0,18,2,14,5,6,16",0.506,0.51,0.507,0.5073170731707317,0.416,0.45714285714285713,0.506,1.173595905303955
"2,7,15,18,17,11,13,9,1,21,1,12,17,22,10",0.542,0.4,0.5065000000000001,0.5384615384615384,0.588,0.5621414913957935,0.542,0.9322526454925537
"10,14,18,5,9,10,7,9,8,3,12,15,18,17,12",0.472,0.61,0.5065,0.4774193548387097,0.592,0.5285714285714286,0.472,0.8500032424926758
"11,8,5,12,2,18,17,16,1,0,16,11,5,13,18",0.492,0.55,0.5065,0.48484848484848486,0.256,0.33507853403141363,0.492,0.8554127216339111
"7,15,8,9,10,0,20,11,9,4,17,15,16,21,9",0.512,0.49,0.5065,0.5789473684210527,0.088,0.1527777777777778,0.512,0.7517132759094238
"8,16,11,6,10,15,1,19,5,0,11,10,15,9,6",0.502,0.52,0.5065,0.5027322404371585,0.368,0.42494226327944573,0.502,0.6689441204071045
"18,15,11,21,17,13,7,11,9,3,0,15,3,0,18",0.498,0.53,0.506,0.49899799599198397,0.996,0.664886515353805,0.498,0.950383186340332
"11,13,9,1,21,1,12,17,22,10,11,8,11,13,0",0.498,0.53,0.506,0.49795918367346936,0.488,0.49292929292929294,0.498,0.7219080924987793
"3,4,15,20,8,2,11,7,18,17,9,16,5,9,1",0.538,0.41,0.506,0.5446009389671361,0.464,0.5010799136069114,0.538,0.8529317378997803
"12,13,12,5,3,6,10,6,1,22,16,15,8,1,4",0.498,0.53,0.506,0.4987714987714988,0.812,0.6179604261796042,0.498,0.6888880729675293
"15,9,6,4,0,19,8,6,1,18,19,19,4,18,2",0.508,0.5,0.506,0.5077519379844961,0.524,0.515748031496063,0.508,4.313203573226929
"10,9,19,3,3,9,10,0,15,10,11,19,9,10,11",0.478,0.59,0.506,0.4825396825396825,0.608,0.5380530973451327,0.478,0.8547542095184326
"21,17,17,0,1,16,16,21,2,16,9,8,18,13,19",0.504,0.51,0.5055000000000001,0.5021008403361344,0.956,0.6584022038567493,0.504,2.643798589706421
"9,4,4,11,3,9,12,19,16,15,5,23,12,13,14",0.494,0.54,0.5055000000000001,0.49498327759197325,0.592,0.5391621129326047,0.494,0.8760325908660889
"17,21,9,4,10,14,20,7,13,2,4,1,22,9,6",0.504,0.51,0.5055000000000001,0.5021186440677966,0.948,0.6565096952908587,0.504,0.8332223892211914
"0,13,0,2,1,4,4,15,2,1,1,13,10,7,1",0.494,0.54,0.5055000000000001,0.49586776859504134,0.72,0.5872756933115824,0.494,0.6456646919250488
"3,17,7,4,8,14,7,3,1,13,8,16,15,22,4",0.464,0.63,0.5055000000000001,0.46875,0.54,0.5018587360594795,0.464,0.7430171966552734
"0,2,2,23,16,14,17,5,20,11,14,19,12,4,22",0.504,0.51,0.5055000000000001,0.6666666666666666,0.016,0.03125,0.504,1.4482603073120117
"3,1,22,14,12,11,18,1,10,5,4,4,2,8,8",0.514,0.48,0.5055000000000001,0.5073068893528184,0.972,0.6666666666666666,0.514,0.7402737140655518
"12,9,2,6,17,15,8,22,10,12,7,9,19,10,0",0.464,0.63,0.5055,0.44375,0.284,0.3463414634146341,0.46399999999999997,2.3228206634521484
"10,0,11,16,23,7,6,11,5,9,22,15,19,2,13",0.52,0.46,0.505,0.5210084033613446,0.496,0.5081967213114754,0.52,0.7965366840362549
"16,9,11,10,7,1,8,16,13,15,2,16,8,4,21",0.49,0.55,0.505,0.49063670411985016,0.524,0.5067698259187621,0.49,0.766059160232544
"9,12,23,15,19,2,17,5,11,9,10,14,23,1,5",0.5,0.52,0.505,0.5,0.64,0.5614035087719298,0.5,1.124061107635498
"16,9,20,5,9,4,5,15,3,12,13,12,5,3,6",0.5,0.52,0.505,0.5,1.0,0.6666666666666666,0.5,0.7392866611480713
"17,15,13,13,15,6,5,11,3,11,4,19,14,2,23",0.44,0.7,0.505,0.42924528301886794,0.364,0.3939393939393939,0.44,0.9112348556518555
"15,13,21,15,20,14,11,5,18,9,3,13,7,14,18",0.476,0.59,0.5045000000000001,0.4827586206896552,0.672,0.5618729096989966,0.47600000000000003,0.8138554096221924
"12,5,14,4,3,5,21,7,17,18,5,6,9,23,13",0.516,0.47,0.5045,0.5104166666666666,0.784,0.6182965299684543,0.516,0.8108530044555664
"7,5,0,8,6,5,12,22,16,4,12,1,8,12,14",0.506,0.5,0.5045,0.5047619047619047,0.636,0.5628318584070796,0.506,0.6670739650726318
"15,3,12,13,12,5,3,6,10,6,1,22,16,15,8",0.496,0.53,0.5045,0.49074074074074076,0.212,0.29608938547486036,0.496,0.7428944110870361
"21,9,19,9,18,15,15,17,12,21,5,7,14,14,18",0.496,0.53,0.5045,0.4944444444444444,0.356,0.413953488372093,0.496,0.7993054389953613
"4,1,22,9,6,6,13,23,15,14,3,6,12,13,21",0.502,0.51,0.504,0.501002004008016,1.0,0.6675567423230975,0.502,0.7518224716186523
"5,10,19,0,2,18,16,8,6,7,21,5,17,0,18",0.502,0.51,0.504,0.5012106537530266,0.828,0.6244343891402715,0.502,1.9550018310546875
"2,3,9,3,19,9,7,20,9,0,3,9,15,5,1",0.502,0.51,0.504,0.5010141987829615,0.988,0.6648721399730821,0.502,0.7698714733123779
"9,20,9,22,4,2,2,15,22,6,3,15,11,13,5",0.492,0.54,0.504,0.4642857142857143,0.104,0.16993464052287582,0.492,0.777907133102417
"6,1,18,19,19,4,18,2,16,4,5,7,9,14,8",0.512,0.48,0.504,0.5063559322033898,0.956,0.6620498614958449,0.512,4.50361442565918
"12,9,16,11,15,19,10,4,2,22,5,9,1,11,9",0.502,0.51,0.504,0.5010060362173038,0.996,0.6666666666666666,0.502,0.8841001987457275
"13,23,0,0,17,15,2,16,13,5,1,23,12,6,3",0.472,0.6,0.504,0.4435483870967742,0.22,0.29411764705882354,0.472,0.8273160457611084
"8,8,16,11,6,10,15,1,19,5,0,11,10,15,9",0.502,0.51,0.504,1.0,0.004,0.00796812749003984,0.502,0.7477750778198242
"12,14,20,16,15,11,14,16,7,15,1,13,4,10,23",0.462,0.63,0.504,0.45739910313901344,0.408,0.4312896405919662,0.46199999999999997,0.732440710067749
"20,7,9,1,12,14,20,16,15,11,14,16,7,15,1",0.502,0.51,0.504,0.501039501039501,0.964,0.6593707250341997,0.502,0.7366416454315186
"20,15,23,7,0,21,1,0,11,10,4,22,10,20,7",0.508,0.49,0.5035000000000001,0.8333333333333334,0.02,0.0390625,0.508,0.7941148281097412
"15,0,11,1,14,3,8,1,6,23,8,3,14,16,1",0.518,0.46,0.5035000000000001,0.5098901098901099,0.928,0.6581560283687943,0.518,0.7072012424468994
"8,10,1,7,7,11,15,8,5,1,13,19,2,7,2",0.518,0.46,0.5035000000000001,0.56,0.168,0.25846153846153846,0.518,0.835500955581665
"2,11,7,18,17,9,16,5,9,1,2,8,1,21,7",0.508,0.49,0.5035000000000001,0.52,0.208,0.29714285714285715,0.508,0.8568816184997559
"7,0,5,12,1,11,23,13,23,7,19,13,1,7,15",0.508,0.49,0.5035000000000001,0.5041322314049587,0.976,0.6648501362397821,0.508,0.7224364280700684
"7,17,18,5,6,9,23,13,23,15,0,7,19,8,5",0.518,0.46,0.5035000000000001,0.5328467153284672,0.292,0.3772609819121447,0.518,0.8105447292327881
"5,13,2,3,17,7,4,8,14,7,3,1,13,8,16",0.514,0.47,0.503,0.5117845117845118,0.608,0.5557586837294333,0.514,0.7123064994812012
"10,3,3,16,12,21,13,23,0,0,17,15,2,16,13",0.454,0.65,0.503,0.4541832669322709,0.456,0.4550898203592814,0.454,0.9801523685455322
"9,10,19,6,5,13,2,3,17,7,4,8,14,7,3",0.494,0.53,0.503,0.495114006514658,0.608,0.5457809694793537,0.494,0.7307686805725098
"5,0,23,15,16,0,8,13,15,13,7,4,17,12,10",0.504,0.5,0.503,1.0,0.008,0.015873015873015872,0.504,0.9575717449188232
"11,23,13,23,7,19,13,1,7,15,10,16,5,23,6",0.504,0.5,0.503,0.5020080321285141,1.0,0.6684491978609626,0.504,0.6968913078308105
"16,12,21,13,23,0,0,17,15,2,16,13,5,1,23",0.444,0.68,0.503,0.375,0.168,0.23204419889502761,0.444,0.7569310665130615
"9,8,4,3,2,11,12,12,15,8,9,4,15,5,1",0.514,0.47,0.503,0.5072164948453608,0.984,0.6693877551020408,0.514,0.6821153163909912
"7,23,8,11,2,4,5,16,21,17,13,2,14,10,16",0.504,0.5,0.503,0.5020161290322581,0.996,0.6675603217158177,0.504,1.0738351345062256
"22,6,14,12,16,11,15,2,16,12,4,1,3,5,1",0.5,0.51,0.5025,0.5,0.992,0.6648793565683646,0.5,0.7937991619110107
"21,7,17,18,5,6,9,23,13,23,15,0,7,19,8",0.5,0.51,0.5025,0.0,0.0,0.0,0.5,0.9023332595825195
"6,12,16,15,12,3,10,0,15,0,13,0,16,11,19",0.5,0.51,0.5025,0.5,0.212,0.29775280898876405,0.5,0.6587893962860107
"3,22,12,3,16,21,16,10,8,19,4,7,11,0,18",0.51,0.48,0.5025,0.631578947368421,0.048,0.08921933085501858,0.51,0.8778467178344727
"2,4,1,22,9,6,6,13,23,15,14,3,6,12,13",0.49,0.54,0.5025,0.4942263279445728,0.856,0.6266471449487555,0.49,0.7488467693328857
"13,8,16,6,11,2,4,17,0,20,14,20,14,16,18",0.5,0.51,0.5025,0.5,0.064,0.11347517730496454,0.5,0.7672257423400879
"21,0,17,3,6,22,15,2,1,12,1,5,13,6,16",0.5,0.51,0.5025,0.5,1.0,0.6666666666666666,0.5,2.2186226844787598
"19,0,2,18,16,8,6,7,21,5,17,0,18,2,14",0.5,0.51,0.5025,0.0,0.0,0.0,0.5,2.4165709018707275
"21,15,13,9,17,6,19,10,6,8,22,12,21,8,10",0.5,0.51,0.5025,0.5,1.0,0.6666666666666666,0.5,1.4379639625549316
"1,4,16,5,15,9,8,0,13,14,4,2,9,2,19",0.5,0.51,0.5025,0.0,0.0,0.0,0.5,0.7845957279205322
"20,9,22,4,2,2,15,22,6,3,15,11,13,5,19",0.5,0.51,0.5025,0.5,0.004,0.007936507936507936,0.5,0.684044599533081
"4,2,8,8,16,11,6,10,15,1,19,5,0,11,10",0.5,0.51,0.5025,0.5,0.012,0.0234375,0.5,0.7132718563079834
"3,7,9,9,20,9,22,4,2,2,15,22,6,3,15",0.5,0.51,0.5025,0.5,1.0,0.6666666666666666,0.5,0.7186543941497803
"0,4,5,22,4,17,17,6,6,12,14,7,12,14,11",0.5,0.51,0.5025,0.5,1.0,0.6666666666666666,0.5,0.9213540554046631
"18,7,9,1,20,11,9,0,0,19,1,17,2,5,23",0.51,0.48,0.5025,0.5050505050505051,1.0,0.6711409395973155,0.51,1.7893025875091553
"21,14,3,5,14,12,19,6,17,9,19,12,12,15,11",0.5,0.51,0.5025,0.5,1.0,0.6666666666666666,0.5,1.220217227935791
"7,4,17,12,10,3,22,8,22,7,0,8,14,1,1",0.5,0.51,0.5025,0.5,0.848,0.629080118694362,0.5,0.7012929916381836
"7,13,23,2,6,14,9,8,4,3,2,11,12,12,15",0.506,0.49,0.502,0.5036855036855037,0.82,0.624048706240487,0.506,0.8355205059051514
"10,9,5,8,18,8,1,12,21,4,5,7,19,8,4",0.496,0.52,0.502,0.49795918367346936,0.976,0.6594594594594595,0.496,0.7077248096466064
"20,2,17,9,0,8,15,4,0,8,9,19,15,1,21",0.496,0.52,0.502,0.25,0.004,0.007874015748031496,0.496,1.0450379848480225
"5,8,15,14,14,4,6,14,11,16,4,23,5,13,0",0.476,0.58,0.502,0.46551724137931033,0.324,0.38207547169811323,0.476,0.6551239490509033
"8,9,0,2,15,19,7,18,16,18,10,2,3,12,2",0.506,0.49,0.502,0.5037220843672456,0.812,0.6217457886676876,0.506,0.9396700859069824
"14,16,1,13,14,0,10,20,14,2,10,18,4,5,2",0.482,0.56,0.5015000000000001,0.48746518105849584,0.7,0.5747126436781609,0.482,0.7419838905334473
"22,14,20,15,19,11,0,4,21,13,10,8,1,18,11",0.502,0.5,0.5015000000000001,0.5010482180293501,0.956,0.657496561210454,0.502,0.7856998443603516
"23,13,5,4,5,2,0,21,9,13,12,7,17,21,6",0.482,0.56,0.5015000000000001,0.32,0.032,0.05818181818181818,0.48200000000000004,0.9245443344116211
"9,10,22,12,5,22,2,12,1,20,12,23,10,17,4",0.502,0.5,0.5015000000000001,0.5010309278350515,0.972,0.6612244897959184,0.502,0.760460376739502
"7,17,21,6,1,4,16,1,3,15,5,14,3,0,19",0.492,0.53,0.5015000000000001,0.46,0.092,0.15333333333333332,0.492,1.3688251972198486
"14,2,12,17,1,15,7,7,1,2,13,16,23,17,6",0.482,0.56,0.5015000000000001,0.48672566371681414,0.66,0.5602716468590832,0.482,1.0764315128326416
"2,12,17,1,15,7,7,1,2,13,16,23,17,6,18",0.502,0.5,0.5015000000000001,0.501002004008016,1.0,0.6675567423230975,0.502,1.3864638805389404
"7,9,9,8,2,14,12,16,14,14,2,13,3,4,22",0.492,0.53,0.5015000000000001,0.4955357142857143,0.888,0.6361031518624641,0.492,0.7600321769714355
"8,2,11,8,11,4,10,8,3,7,6,10,21,9,10",0.502,0.5,0.5015000000000001,1.0,0.004,0.00796812749003984,0.502,0.6705234050750732
"22,6,17,15,0,3,9,7,21,4,1,17,8,5,11",0.502,0.5,0.5015000000000001,0.5010060362173038,0.996,0.6666666666666666,0.502,0.9264154434204102
"3,10,14,9,23,0,4,10,18,14,4,19,2,10,0",0.472,0.59,0.5015000000000001,0.4635416666666667,0.356,0.40271493212669685,0.472,0.8439993858337402
"12,3,4,15,20,8,2,11,7,18,17,9,16,5,9",0.452,0.65,0.5015,0.45588235294117646,0.496,0.47509578544061304,0.45199999999999996,0.8483335971832275
"11,16,4,23,5,13,0,3,13,1,12,11,23,15,22",0.442,0.68,0.5015,0.42162162162162165,0.312,0.3586206896551724,0.44199999999999995,0.6915557384490967
"13,11,9,9,3,23,11,3,6,2,19,8,14,4,0",0.498,0.51,0.501,0.4978540772532189,0.464,0.4803312629399586,0.498,0.7887134552001953
"20,0,0,3,15,12,17,4,18,5,4,16,18,17,1",0.498,0.51,0.501,0.0,0.0,0.0,0.498,1.2629077434539795
"23,12,7,9,10,3,3,16,12,21,13,23,0,0,17",0.504,0.49,0.5005,0.5020161290322581,0.996,0.6675603217158177,0.504,0.9396283626556396
"4,7,13,12,12,17,0,18,16,14,21,5,13,1,10",0.474,0.58,0.5005,0.48059701492537316,0.644,0.5504273504273505,0.474,0.8876025676727295
"5,9,4,5,15,3,12,13,12,5,3,6,10,6,1",0.494,0.52,0.5005,0.4117647058823529,0.028,0.052434456928838954,0.494,0.6260652542114258
"0,3,1,10,13,12,8,21,2,5,13,1,2,16,18",0.504,0.49,0.5005,0.5020080321285141,1.0,0.6684491978609626,0.504,0.7666945457458496
"5,13,8,12,9,9,14,10,11,4,21,2,9,13,7",0.444,0.67,0.5005,0.43137254901960786,0.352,0.3876651982378855,0.444,0.7130827903747559
"20,15,19,11,0,4,21,13,10,8,1,18,11,0,4",0.5,0.5,0.5,0.5,1.0,0.6666666666666666,0.5,0.8174912929534912
"16,21,2,16,9,8,18,13,19,6,1,7,1,4,7",0.5,0.5,0.5,0.0,0.0,0.0,0.5,1.0737147331237793
"23,7,19,13,1,7,15,10,16,5,23,6,11,10,20",0.5,0.5,0.5,0.0,0.0,0.0,0.5,0.8574080467224121
"11,7,4,13,18,3,16,5,14,23,7,21,12,14,4",0.5,0.5,0.5,0.0,0.0,0.0,0.5,0.7927525043487549
"7,7,7,5,22,12,0,0,13,7,11,7,21,9,17",0.5,0.5,0.5,0.0,0.0,0.0,0.5,0.7394447326660156
"21,7,2,2,20,7,9,1,12,14,20,16,15,11,14",0.5,0.5,0.5,0.0,0.0,0.0,0.5,0.7570734024047852
"21,9,20,17,1,8,23,7,5,0,8,6,5,12,22",0.5,0.5,0.5,0.5,1.0,0.6666666666666666,0.5,0.7105095386505127
"2,1,8,15,3,10,7,4,14,18,4,1,8,19,2",0.5,0.5,0.5,0.5,1.0,0.6666666666666666,0.5,0.8701155185699463
"4,17,12,10,3,22,8,22,7,0,8,14,1,1,14",0.5,0.5,0.5,0.0,0.0,0.0,0.5,0.789013147354126
"21,8,8,3,4,9,14,1,16,11,13,0,13,23,5",0.5,0.5,0.5,0.5,1.0,0.6666666666666666,0.5,0.7459266185760498
"8,22,12,21,8,10,10,8,10,22,0,14,3,22,15",0.5,0.5,0.5,0.5,0.988,0.6639784946236559,0.5,0.8587381839752197
"1,13,8,4,13,21,1,7,22,4,15,20,7,4,15",0.5,0.5,0.5,0.5,1.0,0.6666666666666666,0.5,0.905113697052002
"6,4,22,8,14,4,7,19,10,18,0,14,1,4,2",0.5,0.5,0.5,0.5,1.0,0.6666666666666666,0.5,0.7391929626464844
"19,2,10,0,11,16,23,7,6,11,5,9,22,15,19",0.5,0.5,0.5,0.5,1.0,0.6666666666666666,0.5,1.2334492206573486
"6,21,10,8,10,17,14,5,21,14,8,7,7,4,14",0.5,0.5,0.5,0.0,0.0,0.0,0.5,0.7598652839660645
"7,6,20,4,10,12,5,22,1,7,9,23,4,8,3",0.5,0.5,0.5,0.0,0.0,0.0,0.5,0.7343144416809082
"17,7,4,8,14,7,3,1,13,8,16,15,22,4,10",0.5,0.5,0.5,0.5,1.0,0.6666666666666666,0.5,0.8682646751403809
"20,16,15,11,14,16,7,15,1,13,4,10,23,8,14",0.5,0.5,0.5,0.5,1.0,0.6666666666666666,0.5,0.7817978858947754
"20,8,5,6,0,16,15,12,3,10,19,15,0,13,0",0.5,0.5,0.5,0.5,1.0,0.6666666666666666,0.5,0.7586140632629395
"17,14,5,21,14,8,7,7,4,14,1,2,3,3,5",0.5,0.5,0.5,0.0,0.0,0.0,0.5,0.8027541637420654
"2,11,8,11,4,10,8,3,7,6,10,21,9,10,2",0.5,0.5,0.5,0.0,0.0,0.0,0.5,0.6977822780609131
"8,7,18,17,18,3,15,5,21,17,1,21,7,17,0",0.5,0.5,0.5,0.5,1.0,0.6666666666666666,0.5,1.272779941558838
"13,8,4,13,21,1,7,22,4,15,20,7,4,15,22",0.5,0.5,0.5,0.0,0.0,0.0,0.5,0.8274366855621338
"21,10,8,10,17,14,5,21,14,8,7,7,4,14,1",0.5,0.5,0.5,0.0,0.0,0.0,0.5,0.7661635875701904
"14,17,15,14,1,17,1,18,9,1,20,8,21,6,0",0.5,0.5,0.5,0.5,1.0,0.6666666666666666,0.5,0.9217092990875244
"9,1,6,13,1,14,8,10,8,4,22,9,8,5,19",0.5,0.5,0.5,0.0,0.0,0.0,0.5,0.639683723449707
"23,2,8,10,7,6,20,4,10,12,5,22,1,7,9",0.5,0.5,0.5,0.5,1.0,0.6666666666666666,0.5,1.0437078475952148
"14,8,14,13,8,13,9,1,6,13,1,14,8,10,8",0.5,0.5,0.5,0.0,0.0,0.0,0.5,0.7484633922576904
"1,10,13,12,8,21,2,5,13,1,2,16,18,3,12",0.5,0.5,0.5,0.5,1.0,0.6666666666666666,0.5,0.7932987213134766
"23,2,13,7,3,4,4,21,5,16,5,10,5,8,18",0.5,0.5,0.5,0.5,1.0,0.6666666666666666,0.5,1.0229017734527588
"14,19,14,11,7,4,15,4,23,8,19,8,8,18,9",0.5,0.5,0.5,0.5,1.0,0.6666666666666666,0.5,0.7526204586029053
"23,7,22,6,17,15,0,3,9,7,21,4,1,17,8",0.5,0.5,0.5,0.0,0.0,0.0,0.5,0.706122875213623
"23,9,13,15,8,9,3,13,10,22,16,14,4,6,14",0.5,0.5,0.5,0.5,1.0,0.6666666666666666,0.5,0.7573039531707764
"9,20,17,1,8,23,7,5,0,8,6,5,12,22,16",0.5,0.5,0.5,0.0,0.0,0.0,0.5,0.7516076564788818
"6,3,22,12,3,16,21,16,10,8,19,4,7,11,0",0.5,0.5,0.5,0.0,0.0,0.0,0.5,0.9174675941467285
"7,4,15,4,23,8,19,8,8,18,9,2,19,12,19",0.5,0.5,0.5,0.5,1.0,0.6666666666666666,0.5,0.7069530487060547
"14,7,3,1,13,8,16,15,22,4,10,15,14,19,3",0.5,0.5,0.5,0.0,0.0,0.0,0.5,0.8400325775146484
"8,13,9,1,6,13,1,14,8,10,8,4,22,9,8",0.5,0.5,0.5,0.0,0.0,0.0,0.5,0.77197265625
"13,18,3,16,5,14,23,7,21,12,14,4,3,8,7",0.5,0.5,0.5,0.0,0.0,0.0,0.5,0.8291604518890381
"22,10,12,7,9,19,10,0,6,22,9,19,1,0,13",0.5,0.5,0.5,0.0,0.0,0.0,0.5,0.7655818462371826
"13,7,3,4,4,21,5,16,5,10,5,8,18,0,12",0.5,0.5,0.5,0.0,0.0,0.0,0.5,0.752739429473877
"21,13,18,14,15,4,13,12,9,2,6,17,15,8,22",0.5,0.5,0.5,0.0,0.0,0.0,0.5,0.8031747341156006
"17,12,5,14,4,3,5,21,7,17,18,5,6,9,23",0.5,0.5,0.5,0.5,1.0,0.6666666666666666,0.5,0.9476346969604492
"4,23,10,14,9,4,4,11,3,9,12,19,16,15,5",0.5,0.5,0.5,0.0,0.0,0.0,0.5,0.8505051136016846
"0,5,5,22,4,17,17,6,6,12,14,7,2,11,11",0.5,0.5,0.5,0.5,1.0,0.6666666666666666,0.5,1.0349318981170654
"22,17,12,5,14,4,3,5,21,7,17,18,5,6,9",0.5,0.5,0.5,0.5,1.0,0.6666666666666666,0.5,1.0847337245941162
"17,15,13,15,8,6,5,3,3,11,4,19,14,2,0",0.5,0.5,0.5,0.5,1.0,0.6666666666666666,0.5,0.7235345840454102
"23,12,15,13,9,12,7,7,7,5,22,12,0,0,13",0.5,0.5,0.5,0.5,1.0,0.6666666666666666,0.5,0.8179147243499756
"14,9,8,4,3,2,11,12,12,15,8,9,4,15,5",0.5,0.5,0.5,0.5,1.0,0.6666666666666666,0.5,0.7931749820709229
"17,12,3,14,22,13,11,9,9,3,23,11,3,6,2",0.5,0.5,0.5,0.5,1.0,0.6666666666666666,0.5,0.8080267906188965
"6,12,0,3,23,2,8,10,7,6,20,4,10,12,5",0.5,0.5,0.5,0.5,1.0,0.6666666666666666,0.5,0.7569324970245361
"8,18,9,2,19,12,19,9,1,4,17,10,17,19,0",0.49,0.53,0.5,0.49473684210526314,0.94,0.6482758620689655,0.49,1.0064735412597656
"13,9,12,7,7,7,5,22,12,0,0,13,7,11,7",0.5,0.5,0.5,0.0,0.0,0.0,0.5,0.768463134765625
"12,7,2,17,18,3,15,5,21,17,1,21,7,17,0",0.5,0.5,0.5,0.5,1.0,0.6666666666666666,0.5,2.5157082080841064
"7,7,11,15,8,5,1,13,19,2,7,2,0,14,15",0.5,0.5,0.5,0.0,0.0,0.0,0.5,0.8142871856689453
"6,20,4,13,15,19,9,18,3,14,16,12,0,8,7",0.5,0.5,0.5,0.5,1.0,0.6666666666666666,0.5,0.9493982791900636
"1,12,14,20,16,15,11,14,16,7,15,1,13,4,10",0.5,0.5,0.5,0.0,0.0,0.0,0.5,0.73256516456604
"20,7,17,11,19,8,11,10,4,10,9,13,0,10,12",0.5,0.5,0.5,0.5,1.0,0.6666666666666666,0.5,0.8478286266326904
"22,4,17,17,15,6,12,14,7,19,10,11,11,11,22",0.5,0.5,0.5,0.5,1.0,0.6666666666666666,0.5,0.9573876857757568
"20,7,4,15,22,11,7,13,23,2,6,14,9,8,4",0.5,0.5,0.5,0.5,1.0,0.6666666666666666,0.5,0.8423352241516113
"1,5,0,23,15,16,0,8,13,15,13,7,4,17,12",0.5,0.5,0.5,0.5,1.0,0.6666666666666666,0.5,1.0185644626617432
"2,13,7,3,4,4,21,5,16,5,10,5,8,18,0",0.5,0.5,0.5,0.5,1.0,0.6666666666666666,0.5,0.6873600482940674
"7,9,8,3,12,15,18,17,12,9,22,1,9,16,4",0.5,0.5,0.5,0.0,0.0,0.0,0.5,0.8197240829467773
"22,15,13,11,16,0,9,18,14,5,22,7,0,6,21",0.5,0.5,0.5,0.0,0.0,0.0,0.5,0.7049987316131592
"21,8,10,10,8,10,22,0,14,3,22,15,20,10,18",0.5,0.5,0.5,0.0,0.0,0.0,0.5,0.8221933841705322
"13,16,9,2,22,12,7,7,17,7,16,1,11,11,15",0.5,0.5,0.5,0.5,1.0,0.6666666666666666,0.5,0.7524971961975098
"5,21,0,17,3,6,22,15,2,1,12,1,5,13,6",0.5,0.5,0.5,0.5,1.0,0.6666666666666666,0.5,2.2354583740234375
"12,7,13,15,6,9,17,6,15,0,14,23,15,17,20",0.5,0.5,0.5,0.5,1.0,0.6666666666666666,0.5,0.7104823589324951
"2,1,5,0,23,15,16,0,8,13,15,13,7,4,17",0.5,0.5,0.5,0.5,1.0,0.6666666666666666,0.5,1.030803918838501
"1,22,16,15,8,1,4,16,5,15,9,8,0,13,14",0.5,0.5,0.5,0.0,0.0,0.0,0.5,0.7696409225463867
"2,20,8,5,6,0,16,15,12,3,10,19,15,0,13",0.5,0.5,0.5,0.5,1.0,0.6666666666666666,0.5,0.7245473861694336
"20,9,10,19,6,5,13,2,3,17,7,4,8,14,7",0.5,0.5,0.5,0.0,0.0,0.0,0.5,0.7260956764221191
"15,1,13,4,10,23,8,14,3,6,9,6,3,3,21",0.5,0.5,0.5,0.0,0.0,0.0,0.5,0.7273876667022705
"10,8,10,17,14,5,21,14,8,7,7,4,14,1,2",0.5,0.5,0.5,0.0,0.0,0.0,0.5,0.7695508003234863
"11,15,8,5,1,13,19,2,7,2,0,14,15,20,15",0.5,0.5,0.5,0.5,1.0,0.6666666666666666,0.5,0.8926088809967041
"22,14,5,13,12,7,13,15,6,9,17,6,15,0,14",0.5,0.5,0.5,0.0,0.0,0.0,0.5,0.7977890968322754
"20,9,12,3,4,15,20,8,2,11,7,18,17,9,16",0.5,0.5,0.5,0.0,0.0,0.0,0.5,0.8004281520843506
"7,7,4,14,1,2,3,3,5,3,9,4,9,19,12",0.5,0.5,0.5,0.5,1.0,0.6666666666666666,0.5,0.695244312286377
"22,12,5,22,2,12,1,20,12,23,10,17,4,7,12",0.5,0.5,0.5,0.5,1.0,0.6666666666666666,0.5,0.7221386432647705
"7,22,6,17,15,0,3,9,7,21,4,1,17,8,5",0.5,0.5,0.5,0.0,0.0,0.0,0.5,0.7218930721282959
"13,12,8,21,2,5,13,1,2,16,18,3,12,4,0",0.5,0.5,0.5,0.5,1.0,0.6666666666666666,0.5,0.7044320106506348
"23,0,0,17,15,2,16,13,5,1,23,12,6,3,1",0.51,0.47,0.5,0.505175983436853,0.976,0.6657571623465212,0.51,2.26192307472229
"3,23,2,8,10,7,6,20,4,10,12,5,22,1,7",0.5,0.5,0.5,0.0,0.0,0.0,0.5,0.92140793800354
"23,16,21,2,3,7,9,9,20,9,22,4,2,2,15",0.5,0.5,0.5,0.0,0.0,0.0,0.5,1.498323678970337
"7,14,8,20,10,19,10,15,19,1,6,2,2,3,10",0.5,0.5,0.5,0.5,1.0,0.6666666666666666,0.5,1.0104658603668213
"0,5,5,22,4,17,17,6,6,12,14,7,10,11,11",0.5,0.5,0.5,0.0,0.0,0.0,0.5,0.9616985321044922
"9,22,11,6,1,3,2,3,9,3,19,9,7,20,9",0.5,0.5,0.5,0.5,1.0,0.6666666666666666,0.5,0.657916784286499
"1,20,12,23,10,17,4,7,12,20,7,17,11,19,8",0.5,0.5,0.5,0.0,0.0,0.0,0.5,0.8382406234741211
"4,1,23,7,2,20,7,2,4,5,6,2,8,9,7",0.5,0.5,0.5,0.0,0.0,0.0,0.5,0.6902451515197754
"22,12,21,8,10,10,8,10,22,0,14,3,22,15,20",0.5,0.5,0.5,0.5,1.0,0.6666666666666666,0.5,0.7898557186126709
"4,2,2,20,8,5,6,0,16,15,12,3,10,19,15",0.5,0.5,0.5,0.5,1.0,0.6666666666666666,0.5,0.7195403575897217
"21,14,8,7,7,4,14,1,2,3,3,5,3,9,4",0.5,0.5,0.5,0.5,1.0,0.6666666666666666,0.5,0.9811854362487793
"8,20,10,19,10,15,19,1,6,2,2,3,10,14,9",0.5,0.5,0.5,0.0,0.0,0.0,0.5,1.1246278285980225
"3,1,13,8,16,15,22,4,10,15,14,19,3,4,6",0.5,0.5,0.5,0.5,1.0,0.6666666666666666,0.5,0.9941387176513672
"5,21,14,7,13,11,6,19,19,8,17,14,21,14,11",0.5,0.5,0.5,0.0,0.0,0.0,0.5,2.4219977855682373
"18,7,17,17,0,3,15,0,21,17,1,21,7,17,0",0.5,0.5,0.5,0.5,1.0,0.6666666666666666,0.5,3.2428207397460938
"1,6,7,6,12,1,14,14,22,9,2,13,8,1,23",0.5,0.5,0.5,0.0,0.0,0.0,0.5,0.717451810836792
"1,15,12,18,15,11,21,17,13,7,11,9,3,0,15",0.5,0.5,0.5,0.5,1.0,0.6666666666666666,0.5,0.7627100944519043
"11,21,17,13,7,11,9,3,0,15,3,0,18,9,18",0.5,0.5,0.5,0.0,0.0,0.0,0.5,0.6706728935241699
"21,15,2,15,0,6,5,0,20,11,4,4,19,16,1",0.5,0.5,0.5,0.5,1.0,0.6666666666666666,0.5,1.4746074676513672
"22,14,7,14,10,14,18,5,9,10,7,9,8,3,12",0.5,0.5,0.5,0.5,1.0,0.6666666666666666,0.5,0.8127422332763672
"8,13,15,13,7,4,17,12,10,3,22,8,22,7,0",0.5,0.5,0.5,0.0,0.0,0.0,0.5,0.7547476291656494
"5,0,8,6,5,12,22,16,4,12,1,8,12,14,0",0.5,0.5,0.5,0.0,0.0,0.0,0.5,0.7005996704101562
"12,7,9,19,10,0,6,22,9,19,1,0,13,11,4",0.506,0.48,0.4995,1.0,0.012,0.023715415019762844,0.506,0.7686722278594971
"8,9,17,13,0,8,11,14,0,8,14,0,12,13,4",0.496,0.51,0.4995,0.375,0.012,0.023255813953488372,0.496,0.7741227149963379
"9,1,12,14,20,16,15,11,14,16,7,15,1,13,4",0.506,0.48,0.4995,0.5031055900621118,0.972,0.6630286493860846,0.506,2.274446725845337
"5,22,2,12,1,20,12,23,10,17,4,7,12,20,7",0.452,0.64,0.499,0.37755102040816324,0.148,0.21264367816091953,0.452,0.8584232330322266
"4,10,12,5,22,1,7,9,23,4,8,3,14,15,4",0.492,0.52,0.499,0.4954337899543379,0.868,0.6308139534883721,0.492,0.6831340789794922
"15,8,9,10,0,20,11,9,4,17,15,16,21,9,18",0.502,0.49,0.499,1.0,0.004,0.00796812749003984,0.502,0.7940640449523926
"2,6,14,9,8,4,3,2,11,12,12,15,8,9,4",0.502,0.49,0.499,0.5142857142857142,0.072,0.12631578947368421,0.502,0.9212145805358887
"17,15,0,3,9,7,21,4,1,17,8,5,11,13,11",0.492,0.52,0.499,0.4954954954954955,0.88,0.6340057636887608,0.492,0.7919423580169678
"7,18,0,6,19,15,7,14,12,13,14,19,7,4,6",0.502,0.49,0.499,0.5028901734104047,0.348,0.41134751773049644,0.502,1.6605114936828613
"14,3,18,8,20,5,5,12,19,0,1,14,6,4,6",0.498,0.5,0.4985,0.4,0.008,0.01568627450980392,0.498,0.7951695919036865
"6,5,13,2,3,17,7,4,8,14,7,3,1,13,8",0.508,0.47,0.4985,0.5089285714285714,0.456,0.4810126582278481,0.508,0.722214937210083
"6,9,23,13,23,15,0,7,19,8,5,8,15,14,14",0.518,0.44,0.4985,0.5203619909502263,0.46,0.4883227176220807,0.518,0.7835464477539062
"11,3,5,10,19,1,14,6,12,7,23,8,11,2,4",0.498,0.5,0.4985,0.4666666666666667,0.028,0.052830188679245285,0.498,0.8070008754730225
"1,14,11,17,21,8,6,2,16,3,6,12,10,20,12",0.504,0.48,0.498,0.5020161290322581,0.996,0.6675603217158177,0.504,0.7623426914215088
"1,22,9,2,7,0,14,19,8,10,21,11,2,20,3",0.494,0.51,0.498,0.3333333333333333,0.012,0.023166023166023165,0.494,0.7753899097442627
"17,0,18,2,14,5,6,16,13,21,8,12,10,22,17",0.444,0.66,0.498,0.4222222222222222,0.304,0.35348837209302325,0.44399999999999995,1.0134198665618896
"1,2,3,3,5,3,9,4,9,19,12,9,1,17,16",0.494,0.51,0.498,0.38461538461538464,0.02,0.03802281368821293,0.494,0.775728702545166
"2,7,18,0,6,19,15,7,14,12,13,14,19,7,4",0.494,0.51,0.498,0.0,0.0,0.0,0.494,1.7191722393035889
"3,2,3,9,3,19,9,7,20,9,0,3,9,15,5",0.5,0.49,0.4975,0.5,1.0,0.6666666666666666,0.5,0.7957291603088379
"10,10,17,5,14,13,4,5,3,3,1,5,3,0,14",0.5,0.49,0.4975,0.5,0.136,0.2138364779874214,0.5,0.9391260147094727
"23,6,2,6,6,3,1,12,7,10,9,21,0,1,4",0.52,0.43,0.4975,0.5225225225225225,0.464,0.4915254237288136,0.52,1.2189795970916748
"23,4,9,20,4,3,0,12,6,12,11,8,12,17,6",0.5,0.49,0.4975,0.0,0.0,0.0,0.5,2.1091227531433105
"9,4,5,15,3,12,13,12,5,3,6,10,6,1,22",0.5,0.49,0.4975,0.0,0.0,0.0,0.5,0.6494457721710205
"4,1,8,19,2,0,11,15,13,21,15,20,14,11,5",0.5,0.49,0.4975,0.5,0.164,0.2469879518072289,0.5,0.8075969219207764
"15,13,7,4,17,12,10,3,22,8,22,7,0,8,14",0.5,0.49,0.4975,0.5,1.0,0.6666666666666666,0.5,0.8861029148101807
"6,3,3,8,2,13,11,3,22,9,3,3,12,16,14",0.5,0.49,0.4975,0.5,1.0,0.6666666666666666,0.5,0.7376120090484619
"23,2,11,15,8,10,10,7,0,23,11,8,19,12,5",0.51,0.46,0.4975,0.6923076923076923,0.036,0.06844106463878327,0.51,0.9978055953979492
"7,8,5,8,3,10,5,0,6,11,15,22,5,1,7",0.5,0.49,0.4975,0.5,1.0,0.6666666666666666,0.5,0.6834805011749268
"4,5,15,3,12,13,12,5,3,6,10,6,1,22,16",0.496,0.5,0.497,0.4791666666666667,0.092,0.15436241610738255,0.496,0.8001983165740967
"10,15,1,19,5,0,11,10,15,9,6,4,0,19,8",0.476,0.56,0.497,0.4807692307692308,0.6,0.5338078291814946,0.476,0.7078073024749756
"16,11,6,10,15,1,19,5,0,11,10,15,9,6,4",0.426,0.71,0.497,0.43018867924528303,0.456,0.44271844660194176,0.42600000000000005,0.7258734703063965
"15,16,0,8,13,15,13,7,4,17,12,10,3,22,8",0.452,0.63,0.49650000000000005,0.38235294117647056,0.156,0.2215909090909091,0.452,0.8132026195526123
"19,2,17,5,11,9,10,14,23,1,5,15,6,4,16",0.452,0.63,0.49650000000000005,0.4268292682926829,0.28,0.33816425120772947,0.452,1.4882864952087402
"7,4,15,22,11,7,13,23,2,6,14,9,8,4,3",0.502,0.48,0.4965,0.5011389521640092,0.88,0.6386066763425254,0.502,0.7789835929870605
"11,12,7,16,14,6,7,7,12,11,11,8,3,3,1",0.502,0.48,0.4965,0.5010845986984815,0.924,0.6497890295358649,0.502,0.7002887725830078
"1,3,5,1,18,8,6,0,13,10,16,1,1,14,0",0.512,0.45,0.4965,0.5062240663900415,0.976,0.6666666666666666,0.512,0.9770793914794922
"1,1,18,9,16,19,18,17,4,10,19,0,6,0,7",0.462,0.6,0.49649999999999994,0.4742547425474255,0.7,0.5654281098546042,0.46199999999999997,2.2657742500305176
"23,0,3,7,15,8,9,10,0,20,11,9,4,17,15",0.498,0.49,0.496,0.49899396378269617,0.992,0.6639892904953146,0.498,0.9598362445831299
"5,6,6,8,9,0,17,5,18,14,3,18,8,20,5",0.498,0.49,0.496,0.49877750611246946,0.816,0.6191198786039454,0.498,0.8300936222076416
"9,4,17,0,3,12,9,10,22,12,5,22,2,12,1",0.488,0.52,0.496,0.48880597014925375,0.524,0.5057915057915058,0.488,0.722219705581665
"16,5,22,4,17,17,15,13,4,14,7,19,2,11,11",0.418,0.73,0.496,0.4080717488789238,0.364,0.38477801268498946,0.418,0.9942519664764404
"8,0,16,15,12,3,14,19,1,13,14,0,10,7,19",0.488,0.52,0.496,0.49261083743842365,0.8,0.6097560975609756,0.488,0.7532656192779541
"12,14,11,15,3,22,13,10,14,17,18,19,0,13,18",0.448,0.64,0.496,0.4528985507246377,0.5,0.4752851711026616,0.448,1.8770763874053955
"5,0,1,10,20,8,5,17,12,3,14,22,13,11,9",0.498,0.49,0.496,0.49899799599198397,0.996,0.664886515353805,0.498,0.703596830368042
"1,6,2,2,3,10,14,9,23,0,4,10,18,14,4",0.498,0.49,0.496,0.0,0.0,0.0,0.498,0.8078787326812744
"5,23,6,11,10,20,6,12,4,23,10,14,9,4,4",0.474,0.56,0.49550000000000005,0.19047619047619047,0.016,0.02952029520295203,0.47400000000000003,0.6688110828399658
"3,11,8,5,12,2,18,17,16,1,0,16,11,5,13",0.484,0.53,0.49550000000000005,0.35714285714285715,0.04,0.07194244604316546,0.48400000000000004,0.9745602607727051
"11,3,9,12,19,16,15,5,23,12,13,14,10,2,16",0.484,0.53,0.4955,0.48639455782312924,0.572,0.5257352941176471,0.484,0.8732399940490723
"12,5,18,8,13,3,11,7,5,18,8,2,19,17,6",0.484,0.53,0.4955,0.43548387096774194,0.108,0.17307692307692307,0.484,0.9940404891967773
"14,13,16,9,2,22,12,7,7,17,7,16,1,11,11",0.484,0.53,0.4955,0.475,0.304,0.37073170731707317,0.484,0.7882282733917236
"2,3,10,14,9,23,0,4,10,18,14,4,19,2,10",0.49,0.51,0.49500000000000005,0.49464668094218417,0.924,0.6443514644351465,0.49000000000000005,0.923820972442627
"8,19,13,3,21,13,18,14,15,4,13,12,9,2,6",0.5,0.48,0.495,0.5,0.816,0.6200607902735562,0.5,0.6783552169799805
"9,14,8,7,9,9,8,2,14,12,16,14,14,2,13",0.49,0.51,0.495,0.46987951807228917,0.156,0.23423423423423423,0.49,0.7076413631439209
"1,14,3,8,1,6,23,8,3,14,16,1,13,14,0",0.51,0.45,0.495,0.5454545454545454,0.12,0.19672131147540983,0.51,0.681206464767456
"8,23,7,5,0,8,6,5,12,22,16,4,12,1,8",0.5,0.48,0.495,0.5,0.08,0.13793103448275862,0.5,0.7101821899414062
"14,0,14,10,18,13,18,15,3,3,11,9,8,2,18",0.46,0.6,0.495,0.41935483870967744,0.208,0.27807486631016043,0.45999999999999996,0.7818186283111572
"12,3,14,22,13,11,9,9,3,23,11,3,6,2,19",0.52,0.42,0.495,0.5170068027210885,0.608,0.5588235294117647,0.52,0.7378401756286621
"22,7,1,5,0,7,11,14,2,17,20,4,2,3,3",0.5,0.48,0.495,0.5,0.048,0.08759124087591241,0.5,0.7164566516876221
"15,12,3,10,19,15,0,13,0,9,7,19,10,16,22",0.536,0.37,0.49450000000000005,0.5286624203821656,0.664,0.5886524822695035,0.536,0.7946548461914062
"4,7,0,5,12,1,11,23,13,23,7,19,13,1,7",0.496,0.49,0.4945,0.4838709677419355,0.12,0.19230769230769232,0.496,0.6934115886688232
"21,12,23,9,16,18,16,15,4,13,2,9,1,15,16",0.502,0.47,0.494,0.501002004008016,1.0,0.6675567423230975,0.502,0.8790707588195801
"5,20,0,9,12,23,15,19,2,17,5,11,9,10,14",0.442,0.65,0.494,0.44223107569721115,0.444,0.4431137724550898,0.442,1.1797518730163574
"12,7,16,14,6,7,7,12,11,11,8,3,3,1,12",0.482,0.53,0.494,0.46153846153846156,0.216,0.29427792915531337,0.482,0.725367546081543
"14,4,3,5,21,7,17,18,5,6,9,23,13,23,15",0.512,0.44,0.494,0.5789473684210527,0.088,0.1527777777777778,0.512,0.8241052627563477
"9,12,19,16,15,5,23,12,13,14,10,2,16,5,10",0.462,0.59,0.494,0.4326241134751773,0.244,0.31202046035805625,0.462,0.8595447540283203
"4,5,7,9,14,8,7,9,9,8,2,14,12,16,14",0.482,0.53,0.494,0.4877384196185286,0.716,0.580226904376013,0.482,0.7641704082489014
"3,16,5,14,23,7,21,12,14,4,3,8,7,9,5",0.492,0.5,0.494,0.495850622406639,0.956,0.6530054644808743,0.492,0.7895634174346924
"14,6,7,7,12,11,11,8,3,3,1,12,3,20,3",0.468,0.57,0.49350000000000005,0.48058252427184467,0.792,0.5981873111782477,0.468,0.704411506652832
"12,5,22,1,7,9,23,4,8,3,14,15,4,9,22",0.478,0.54,0.49350000000000005,0.46308724832214765,0.276,0.3458646616541353,0.47800000000000004,0.809828519821167
"9,16,11,15,19,10,4,2,22,5,9,1,11,9,19",0.478,0.54,0.49350000000000005,0.4367816091954023,0.152,0.22551928783382788,0.47800000000000004,0.6914746761322021
"1,7,22,4,15,20,7,4,15,22,11,7,13,23,2",0.488,0.51,0.4935,0.3333333333333333,0.024,0.04477611940298507,0.488,0.7559905052185059
"0,4,5,22,4,17,17,2,6,12,14,7,12,10,11",0.518,0.42,0.4935,0.5095137420718816,0.964,0.6666666666666666,0.518,0.9302196502685547
"21,1,7,22,4,15,20,7,4,15,22,11,7,13,23",0.498,0.48,0.4935,0.49894736842105264,0.948,0.6537931034482759,0.498,0.9607877731323242
"4,7,19,18,8,13,17,3,17,8,13,23,11,8,3",0.524,0.4,0.493,0.541095890410959,0.316,0.398989898989899,0.524,1.6335275173187256
"2,12,1,20,12,23,10,17,4,7,12,20,7,17,11",0.504,0.46,0.493,0.5020242914979757,0.992,0.6666666666666666,0.504,0.8072190284729004
"6,13,8,16,6,11,2,4,17,0,20,14,20,14,16",0.464,0.58,0.493,0.464,0.464,0.464,0.464,0.6638970375061035
"5,21,7,17,18,5,6,9,23,13,23,15,0,7,19",0.494,0.49,0.493,0.49696969696969695,0.984,0.6604026845637584,0.494,0.8792252540588379
"17,21,12,20,11,8,5,1,15,12,18,15,11,21,17",0.494,0.49,0.493,0.48514851485148514,0.196,0.2792022792022792,0.494,0.8244373798370361
"7,8,20,14,0,6,2,0,4,9,10,20,3,9,0",0.484,0.52,0.493,0.48947368421052634,0.744,0.5904761904761905,0.484,0.7019870281219482
"22,3,3,12,15,18,8,13,10,2,20,14,0,14,6",0.49,0.5,0.4925,0.14285714285714285,0.004,0.007782101167315175,0.49,0.8314876556396484
"3,20,4,14,5,3,17,6,2,14,9,22,8,4,16",0.49,0.5,0.4925,0.4528301886792453,0.096,0.15841584158415842,0.49,0.8010339736938477
"15,8,22,10,12,7,9,19,10,0,6,22,9,19,1",0.5,0.47,0.4925,0.0,0.0,0.0,0.5,1.028609275817871
"6,4,0,19,8,6,1,18,19,19,4,18,2,16,4",0.48,0.53,0.4925,0.48655913978494625,0.724,0.5819935691318328,0.48,4.749352693557739
"10,12,7,9,19,10,0,6,22,9,19,1,0,13,11",0.48,0.53,0.4925,0.48322147651006714,0.576,0.5255474452554745,0.48,0.7409260272979736
"2,8,10,0,13,0,2,1,4,4,15,2,1,1,13",0.49,0.5,0.4925,0.4948665297741273,0.964,0.6540027137042063,0.49,0.7229461669921875
"1,22,14,12,11,18,1,10,5,4,4,2,8,8,16",0.51,0.44,0.4925,0.5333333333333333,0.16,0.24615384615384617,0.51,0.68705153465271
"4,10,14,20,7,13,2,4,1,22,9,6,6,13,23",0.48,0.53,0.4925,0.46987951807228917,0.312,0.375,0.48,0.6647970676422119
"17,0,1,16,16,21,2,16,9,8,18,13,19,6,1",0.476,0.54,0.49200000000000005,0.4827586206896552,0.672,0.5618729096989966,0.47600000000000003,1.1189491748809814
"3,16,7,8,5,8,3,10,5,0,6,11,15,22,5",0.486,0.51,0.49200000000000005,0.4,0.056,0.09824561403508772,0.48600000000000004,0.9378106594085693
"23,10,4,21,2,9,22,16,5,3,2,2,8,18,3",0.496,0.48,0.492,0.4979591836734693,0.976,0.6594594594594595,0.496,0.7132644653320312
"16,6,17,21,12,20,11,8,5,1,15,12,18,15,11",0.486,0.51,0.492,0.46464646464646464,0.184,0.2636103151862464,0.486,0.7763857841491699
"2,7,2,0,14,15,20,15,16,2,1,16,13,3,10",0.456,0.6,0.492,0.4517543859649123,0.412,0.4309623430962343,0.45599999999999996,0.8064286708831787
"14,13,13,14,5,23,7,7,3,9,23,16,16,17,0",0.526,0.39,0.492,0.5203761755485894,0.664,0.5834797891036907,0.526,0.8239443302154541
"21,5,4,15,19,1,19,15,21,15,13,9,17,6,19",0.506,0.45,0.492,0.507177033492823,0.424,0.46187363834422657,0.506,3.5164947509765625
"15,11,14,16,7,15,1,13,4,10,23,8,14,3,6",0.466,0.57,0.492,0.457286432160804,0.364,0.4053452115812918,0.46599999999999997,1.123530387878418
"17,15,2,16,13,5,1,23,12,6,3,1,11,22,5",0.502,0.46,0.4915,0.5106382978723404,0.096,0.16161616161616163,0.502,0.7505345344543457
"23,2,6,9,10,14,8,20,11,8,11,10,14,4,18",0.482,0.52,0.4915,0.4884910485933504,0.764,0.5959438377535101,0.482,1.0033516883850098
"22,13,18,16,6,17,21,12,20,11,8,5,1,15,12",0.502,0.46,0.4915,0.5019607843137255,0.512,0.5069306930693069,0.502,0.786062479019165
"14,1,4,2,5,0,1,10,20,8,5,17,12,3,14",0.452,0.61,0.4915,0.4495798319327731,0.428,0.4385245901639344,0.45199999999999996,0.7289383411407471
"18,17,11,13,9,1,21,1,12,17,22,10,11,8,11",0.452,0.61,0.49149999999999994,0.4612903225806452,0.572,0.5107142857142857,0.45199999999999996,1.1892051696777344
"4,7,19,10,18,0,14,1,4,2,5,0,1,10,20",0.468,0.56,0.49100000000000005,0.47714285714285715,0.668,0.5566666666666666,0.468,0.6820707321166992
"3,12,13,12,5,3,6,10,6,1,22,16,15,8,1",0.508,0.44,0.491,0.5058479532163743,0.692,0.5844594594594594,0.508,0.6851155757904053
"6,7,21,5,17,0,18,2,14,5,6,16,13,21,8",0.438,0.65,0.491,0.4392156862745098,0.448,0.44356435643564357,0.438,0.8347303867340088
"5,13,8,17,17,9,6,8,7,20,2,1,9,6,20",0.488,0.5,0.491,0.42857142857142855,0.072,0.1232876712328767,0.488,0.7658917903900146
"7,19,8,5,8,15,14,14,4,6,14,11,16,4,23",0.488,0.5,0.491,0.484375,0.372,0.42081447963800905,0.488,0.7139914035797119
"2,2,3,10,14,9,23,0,4,10,18,14,4,19,2",0.498,0.47,0.491,0.49899799599198397,0.996,0.664886515353805,0.498,0.8540971279144287
"5,4,16,18,0,1,8,11,13,15,0,11,1,14,23",0.524,0.39,0.49050000000000005,0.5153846153846153,0.804,0.628125,0.524,0.9754564762115479
"5,3,6,10,6,1,22,16,15,8,1,4,16,5,15",0.494,0.48,0.4905,0.36363636363636365,0.016,0.03065134099616858,0.494,0.6128456592559814
"11,23,12,7,9,10,3,3,16,12,21,13,23,0,0",0.504,0.45,0.4905,0.5046296296296297,0.436,0.4678111587982833,0.504,0.677619218826294
"17,12,9,16,11,15,19,10,4,2,22,5,9,1,11",0.474,0.54,0.4905,0.4723404255319149,0.444,0.4577319587628866,0.474,0.8640222549438477
"7,13,2,4,1,22,9,6,6,13,23,15,14,3,6",0.484,0.51,0.4905,0.45121951219512196,0.148,0.22289156626506024,0.484,0.7597198486328125
"2,0,11,15,13,21,15,20,14,11,5,18,9,3,13",0.474,0.54,0.4905,0.4852607709750567,0.856,0.6193921852387844,0.474,0.800703763961792
"20,2,8,18,4,14,1,19,0,0,17,10,16,0,23",0.49,0.49,0.49,0.4949290060851927,0.976,0.6567967698519516,0.49,1.1237285137176514
"7,21,5,17,0,18,2,14,5,6,16,13,21,8,12",0.49,0.49,0.49,0.4898785425101215,0.484,0.4869215291750503,0.49,0.9509596824645996
"7,4,14,1,2,3,3,5,3,9,4,9,19,12,9",0.49,0.49,0.49,0.463768115942029,0.128,0.2006269592476489,0.49,0.6910104751586914
"15,20,7,4,15,22,11,7,13,23,2,6,14,9,8",0.52,0.4,0.49,0.5119617224880383,0.856,0.6407185628742516,0.52,0.9293065071105957
"7,4,8,14,7,3,1,13,8,16,15,22,4,10,15",0.49,0.49,0.49,0.463768115942029,0.128,0.2006269592476489,0.49,0.7956609725952148
"5,17,0,15,18,12,1,6,7,10,11,9,12,14,0",0.51,0.43,0.49,0.5132275132275133,0.388,0.4419134396355353,0.51,0.8666281700134277
"7,4,9,17,3,5,1,18,13,1,8,23,11,9,9",0.49,0.49,0.49,0.463768115942029,0.128,0.2006269592476489,0.49,0.8880224227905273
"4,15,22,11,7,13,23,2,6,14,9,8,4,3,2",0.486,0.5,0.4895,0.48325358851674644,0.404,0.4400871459694989,0.486,0.7394897937774658
"1,14,6,12,7,23,8,11,2,4,5,16,21,17,13",0.486,0.5,0.4895,0.4927835051546392,0.956,0.6503401360544218,0.486,1.0313081741333008
"7,4,13,18,3,16,5,14,23,7,21,12,14,4,3",0.496,0.47,0.4895,0.49794238683127573,0.968,0.657608695652174,0.496,0.8377370834350586
"8,13,3,11,7,5,18,8,2,19,17,6,8,9,15",0.496,0.47,0.4895,0.49740932642487046,0.768,0.6037735849056604,0.496,1.0089986324310303
"7,14,10,14,18,5,9,10,7,9,8,3,12,15,18",0.492,0.48,0.489,0.47674418604651164,0.164,0.24404761904761904,0.492,0.869821310043335
"13,19,2,7,2,0,14,15,20,15,16,2,1,16,13",0.472,0.54,0.489,0.4728682170542636,0.488,0.48031496062992124,0.472,0.894242525100708
"21,16,19,11,5,16,20,1,11,1,12,16,5,2,23",0.522,0.39,0.489,0.5265700483091788,0.436,0.47702407002188185,0.522,1.5996012687683105
"4,3,5,21,7,17,18,5,6,9,23,13,23,15,0",0.482,0.51,0.489,0.47692307692307695,0.372,0.41797752808988764,0.482,0.8854966163635254
"1,13,4,10,23,8,14,3,6,9,6,3,3,21,5",0.478,0.52,0.48850000000000005,0.44086021505376344,0.164,0.239067055393586,0.47800000000000004,0.6627905368804932
"6,6,8,9,0,17,5,18,14,3,18,8,20,5,5",0.448,0.61,0.48850000000000005,0.44715447154471544,0.44,0.4435483870967742,0.448,0.8180761337280273
"4,5,22,15,6,17,15,7,4,14,7,19,10,22,11",0.498,0.46,0.4885,0.0,0.0,0.0,0.498,0.8247177600860596
"1,18,9,16,19,18,17,4,10,19,0,6,0,7,17",0.484,0.5,0.488,0.4880239520958084,0.652,0.5582191780821918,0.484,2.261017322540283
"6,3,13,13,20,1,16,10,6,9,20,17,18,17,12",0.494,0.47,0.488,0.49230769230769234,0.384,0.4314606741573034,0.494,1.0817897319793701
"17,13,8,7,3,22,15,13,11,16,0,9,18,14,5",0.504,0.44,0.488,0.5034722222222222,0.58,0.5390334572490706,0.504,0.8330936431884766
"10,13,12,8,21,2,5,13,1,2,16,18,3,12,4",0.474,0.53,0.488,0.4782608695652174,0.572,0.5209471766848816,0.474,0.6769707202911377
"13,23,2,6,14,9,8,4,3,2,11,12,12,15,8",0.504,0.44,0.488,0.5096153846153846,0.212,0.2994350282485876,0.504,0.781867265701294
"3,22,8,22,7,0,8,14,1,1,14,19,8,10,1",0.484,0.5,0.488,0.4,0.064,0.1103448275862069,0.484,0.7946586608886719
"9,6,17,13,15,3,4,12,12,6,2,10,15,7,10",0.46,0.57,0.48750000000000004,0.4532710280373832,0.388,0.41810344827586204,0.46,0.7931249141693115
"6,1,22,16,15,8,1,4,16,5,15,9,8,0,13",0.49,0.48,0.4875,0.2727272727272727,0.012,0.022988505747126436,0.49,0.8119690418243408
"5,13,1,2,16,18,3,12,4,0,9,2,6,6,19",0.46,0.57,0.48749999999999993,0.4484536082474227,0.348,0.3918918918918919,0.45999999999999996,0.7458276748657227
"15,11,23,5,5,3,10,14,12,9,5,2,13,11,19",0.436,0.64,0.4870000000000001,0.4175257731958763,0.324,0.36486486486486486,0.43600000000000005,0.7451348304748535
"18,8,4,6,5,13,8,17,17,9,6,8,7,20,2",0.496,0.46,0.487,0.4978540772532189,0.928,0.6480446927374302,0.496,0.973365306854248
"4,14,1,2,3,3,5,3,9,4,9,19,12,9,1",0.486,0.49,0.487,0.48223350253807107,0.38,0.4250559284116331,0.486,0.691638708114624
"22,16,15,8,1,4,16,5,15,9,8,0,13,14,4",0.496,0.46,0.487,0.0,0.0,0.0,0.496,0.8445918560028076
"13,2,18,15,15,5,18,18,8,4,6,5,13,8,17",0.432,0.65,0.48650000000000004,0.41237113402061853,0.32,0.36036036036036034,0.43200000000000005,1.1947753429412842
"0,19,8,6,1,18,19,19,4,18,2,16,4,5,7",0.492,0.47,0.48650000000000004,0.4375,0.056,0.09929078014184398,0.49200000000000005,4.723833322525024
"0,14,10,18,13,18,15,3,3,11,9,8,2,18,19",0.492,0.47,0.4865,0.4807692307692308,0.2,0.2824858757062147,0.492,1.5833241939544678
"4,16,1,3,15,5,14,3,0,19,10,19,8,11,5",0.478,0.51,0.486,0.4765957446808511,0.448,0.4618556701030928,0.478,0.7103745937347412
"18,14,17,17,0,12,23,0,13,11,2,12,21,6,1",0.424,0.67,0.48550000000000004,0.4246031746031746,0.428,0.4262948207171315,0.424,1.0009403228759766
"0,12,7,14,8,20,10,19,10,15,19,1,6,2,2",0.464,0.55,0.48550000000000004,0.3977272727272727,0.14,0.20710059171597633,0.464,0.869884729385376
"10,19,15,0,13,0,9,7,19,10,16,22,13,18,16",0.514,0.4,0.48550000000000004,0.5244755244755245,0.3,0.3816793893129771,0.514,0.8216674327850342
"18,2,8,10,0,13,0,2,1,4,4,15,2,1,1",0.504,0.43,0.48550000000000004,0.5024154589371981,0.832,0.6265060240963856,0.504,0.9181475639343262
"1,8,19,2,0,11,15,13,21,15,20,14,11,5,18",0.464,0.55,0.4855,0.32,0.064,0.10666666666666667,0.46399999999999997,0.8785316944122314
"11,13,15,11,10,9,4,17,0,3,12,9,10,22,12",0.484,0.49,0.4855,0.4411764705882353,0.12,0.18867924528301888,0.484,0.7786118984222412
"4,0,19,8,6,1,18,19,19,4,18,2,16,4,5",0.5,0.44,0.485,0.5,0.296,0.37185929648241206,0.5,4.71339750289917
"5,15,3,12,13,12,5,3,6,10,6,1,22,16,15",0.52,0.38,0.485,0.5225225225225225,0.464,0.4915254237288136,0.52,0.7830321788787842
"9,3,23,11,3,6,2,19,8,14,4,0,23,1,2",0.5,0.44,0.485,0.5,0.832,0.6246246246246246,0.5,0.754401445388794
"2,19,12,0,22,11,15,4,8,10,20,9,21,13,18",0.52,0.38,0.485,0.5217391304347826,0.48,0.5,0.52,1.225766897201538
"1,7,7,11,15,8,5,1,13,19,2,7,2,0,14",0.446,0.6,0.48450000000000004,0.40425531914893614,0.228,0.2915601023017903,0.446,0.8104918003082275
"17,5,6,4,22,8,14,4,7,19,10,18,0,14,1",0.496,0.45,0.4845,0.4888888888888889,0.176,0.25882352941176473,0.496,0.820375919342041
"8,16,15,19,11,22,6,14,12,16,11,15,2,16,12",0.506,0.42,0.4845,0.5035971223021583,0.84,0.6296851574212894,0.506,0.9238078594207764
"1,13,14,0,10,20,14,2,10,18,4,5,2,3,6",0.476,0.51,0.4845,0.39655172413793105,0.092,0.14935064935064934,0.476,0.753920316696167
"16,5,10,15,11,23,5,5,3,10,14,12,9,5,2",0.392,0.76,0.48400000000000004,0.3150684931506849,0.184,0.23232323232323232,0.392,0.7113645076751709
"12,5,13,22,1,13,8,4,13,21,1,7,22,4,15",0.462,0.55,0.484,0.44508670520231214,0.308,0.3640661938534279,0.46199999999999997,0.7540340423583984
"13,15,0,11,1,14,3,8,1,6,23,8,3,14,16",0.488,0.47,0.4835,0.49,0.588,0.5345454545454545,0.488,0.8984017372131348
"13,13,15,2,12,12,22,15,8,13,11,23,12,7,9",0.448,0.59,0.4835,0.42441860465116277,0.292,0.3459715639810427,0.44799999999999995,0.8056862354278564
"2,16,9,8,18,13,19,6,1,7,1,4,7,10,22",0.484,0.48,0.483,0.4726027397260274,0.276,0.3484848484848485,0.484,0.8839035034179688
"16,21,2,3,7,9,9,20,9,22,4,2,2,15,22",0.484,0.48,0.483,0.4701492537313433,0.252,0.328125,0.484,0.9515016078948975
"10,6,1,22,16,15,8,1,4,16,5,15,9,8,0",0.474,0.51,0.483,0.46766169154228854,0.376,0.41685144124168516,0.474,0.7198991775512695
"2,16,13,5,1,23,12,6,3,1,11,22,5,15,10",0.474,0.51,0.483,0.4811594202898551,0.664,0.5579831932773109,0.474,0.7192320823669434
"9,10,5,21,12,13,14,23,8,18,0,5,14,7,23",0.47,0.52,0.48250000000000004,0.3170731707317073,0.052,0.08934707903780069,0.47000000000000003,0.7047958374023438
"10,5,5,17,18,9,10,5,21,12,13,14,23,8,18",0.47,0.52,0.4825,0.4686192468619247,0.448,0.45807770961145194,0.47,0.7905206680297852
"21,8,12,10,22,17,12,16,15,8,8,2,5,1,19",0.48,0.49,0.4825,0.4074074074074074,0.088,0.14473684210526316,0.48,0.7564795017242432
"14,14,21,9,20,17,1,8,23,7,5,0,8,6,5",0.46,0.55,0.4825,0.4438202247191011,0.316,0.3691588785046729,0.45999999999999996,0.8223767280578613
"2,8,10,7,6,20,4,10,12,5,22,1,7,9,23",0.48,0.49,0.4825,0.47572815533980584,0.392,0.4298245614035088,0.48,0.6887495517730713
"10,4,16,1,7,9,6,12,15,18,9,9,12,17,0",0.496,0.44,0.482,0.49504950495049505,0.4,0.4424778761061947,0.496,2.273406505584717
"5,21,15,13,10,2,19,5,14,4,17,1,7,21,4",0.432,0.63,0.48150000000000004,0.38666666666666666,0.232,0.29,0.432,1.0693879127502441
"13,12,7,13,15,6,9,17,6,15,0,14,23,15,17",0.492,0.45,0.4815,0.4931972789115646,0.58,0.5330882352941176,0.492,0.8140923976898193
"10,13,21,17,17,0,1,16,16,21,2,16,9,8,18",0.498,0.43,0.481,0.4957983193277311,0.236,0.31978319783197834,0.498,1.084428071975708
"4,21,14,16,0,3,1,10,13,12,8,21,2,5,13",0.468,0.52,0.481,0.46396396396396394,0.412,0.4364406779661017,0.46799999999999997,0.9187052249908447
"14,20,7,13,2,4,1,22,9,6,6,13,23,15,14",0.464,0.53,0.4805,0.46017699115044247,0.416,0.4369747899159664,0.46399999999999997,0.8059327602386475
"21,8,6,2,16,3,6,12,10,20,12,14,12,15,20",0.5,0.42,0.48,0.5,0.716,0.5888157894736842,0.5,0.6565902233123779
"3,1,10,13,12,8,21,2,5,13,1,2,16,18,3",0.49,0.45,0.48,0.4898785425101215,0.484,0.4869215291750503,0.49,0.7086966037750244
"15,4,23,8,19,8,8,18,9,2,19,12,19,9,1",0.5,0.42,0.48,0.5,0.848,0.629080118694362,0.5,0.7622597217559814
"9,6,8,7,20,2,1,9,6,20,12,2,2,22,5",0.47,0.51,0.48,0.46938775510204084,0.46,0.46464646464646464,0.47,0.6942355632781982
"13,1,2,16,18,3,12,4,0,9,2,6,6,19,6",0.476,0.49,0.4795,0.45384615384615384,0.236,0.3105263157894737,0.476,0.6864349842071533
"11,0,18,1,18,19,5,15,19,15,1,10,1,9,21",0.462,0.53,0.47900000000000004,0.4558139534883721,0.392,0.421505376344086,0.462,2.4626591205596924
"10,8,7,11,9,16,13,2,19,7,2,1,2,2,20",0.462,0.53,0.479,0.4696485623003195,0.588,0.522202486678508,0.46199999999999997,0.8139204978942871
"0,10,20,14,2,10,18,4,5,2,3,6,3,0,6",0.492,0.44,0.479,0.4864864864864865,0.288,0.36180904522613067,0.492,0.660682201385498
"20,5,9,4,5,15,3,12,13,12,5,3,6,10,6",0.438,0.6,0.47850000000000004,0.44673539518900346,0.52,0.4805914972273567,0.438,0.6607968807220459
"2,5,0,1,10,20,8,5,17,12,3,14,22,13,11",0.468,0.51,0.47850000000000004,0.30952380952380953,0.052,0.08904109589041095,0.468,0.7133495807647705
"21,10,2,6,23,15,12,13,8,2,11,8,11,4,10",0.458,0.54,0.47850000000000004,0.44976076555023925,0.376,0.4095860566448802,0.458,0.856684684753418
"10,10,19,9,18,13,4,17,3,3,1,5,3,0,14",0.488,0.45,0.4785,0.4913294797687861,0.68,0.5704697986577181,0.488,0.9884741306304932
"12,8,3,10,8,7,11,9,16,13,2,19,7,2,1",0.464,0.52,0.478,0.461864406779661,0.436,0.448559670781893,0.46399999999999997,0.7405791282653809
"17,21,6,1,4,16,1,3,15,5,14,3,0,19,10",0.474,0.49,0.478,0.4380952380952381,0.184,0.2591549295774648,0.474,1.2756197452545166
"9,4,10,14,20,7,13,2,4,1,22,9,6,6,13",0.474,0.49,0.478,0.47619047619047616,0.52,0.497131931166348,0.474,0.6713390350341797
"5,16,21,17,13,2,14,10,16,4,12,11,8,13,21",0.49,0.44,0.4775,0.4895397489539749,0.468,0.4785276073619632,0.49,1.1808712482452393
"16,6,15,0,20,8,5,12,17,8,14,1,5,4,21",0.44,0.59,0.4775,0.4364406779661017,0.412,0.4238683127572016,0.44,0.7050526142120361
"1,18,4,3,7,4,9,17,3,5,1,18,13,1,8",0.48,0.47,0.4775,0.4603174603174603,0.232,0.30851063829787234,0.48,1.1399712562561035
"0,7,19,8,5,8,15,14,14,4,6,14,11,16,4",0.47,0.5,0.4775,0.48091603053435117,0.756,0.5878693623639192,0.47,0.7632496356964111
"10,3,22,8,22,7,0,8,14,1,1,14,19,8,10",0.49,0.44,0.4775,0.48847926267281105,0.424,0.4539614561027837,0.49,0.7914249897003174
"23,8,23,9,13,15,8,9,3,13,10,22,16,14,4",0.46,0.53,0.4775,0.47435897435897434,0.74,0.578125,0.45999999999999996,0.7925465106964111
"7,21,2,14,8,11,2,21,8,10,14,13,0,14,18",0.47,0.5,0.4775,0.48299319727891155,0.852,0.6164978292329957,0.47,0.7368001937866211
"13,14,10,2,16,5,10,15,11,23,5,5,3,10,14",0.446,0.57,0.47700000000000004,0.4444444444444444,0.432,0.4381338742393509,0.446,0.8009586334228516
"9,2,22,12,7,7,17,7,16,1,11,11,15,19,12",0.466,0.51,0.477,0.4740061162079511,0.62,0.537261698440208,0.46599999999999997,0.7610633373260498
"21,2,16,9,8,18,13,19,6,1,7,1,4,7,10",0.466,0.51,0.477,0.4351145038167939,0.228,0.2992125984251969,0.46599999999999997,1.5937976837158203
"5,9,10,7,9,8,3,12,15,18,17,12,9,22,1",0.496,0.42,0.477,0.4948453608247423,0.384,0.43243243243243246,0.496,0.8678436279296875
"1,9,13,16,1,18,11,17,5,6,4,22,8,14,4",0.492,0.43,0.47650000000000003,0.4895833333333333,0.376,0.4253393665158371,0.492,0.7950456142425537
"10,0,6,22,9,19,1,0,13,11,4,10,14,3,22",0.458,0.53,0.47600000000000003,0.43312101910828027,0.272,0.33415233415233414,0.458,0.7109267711639404
"12,8,21,2,5,13,1,2,16,18,3,12,4,0,9",0.478,0.47,0.476,0.48758465011286684,0.864,0.6233766233766234,0.478,0.6717967987060547
"13,2,5,13,8,12,9,9,14,10,11,4,21,2,9",0.444,0.57,0.47550000000000003,0.3923076923076923,0.204,0.26842105263157895,0.444,0.8750290870666504
"8,10,22,5,3,12,17,10,20,15,14,0,14,10,18",0.47,0.49,0.47500000000000003,0.4788732394366197,0.68,0.5619834710743802,0.47000000000000003,0.8082356452941895
"17,10,10,11,1,14,11,17,21,8,6,2,16,3,6",0.47,0.49,0.475,0.43243243243243246,0.192,0.2659279778393352,0.47,0.725409746170044
"6,5,7,0,12,3,11,13,15,11,10,9,4,17,0",0.476,0.47,0.4745,0.48623853211009177,0.848,0.6180758017492711,0.476,0.6821403503417969
"17,21,8,6,2,16,3,6,12,10,20,12,14,12,15",0.476,0.47,0.4745,0.45652173913043476,0.252,0.3247422680412371,0.476,0.7731196880340576
"0,11,10,15,9,6,4,0,19,8,6,1,18,19,19",0.476,0.47,0.4745,0.44642857142857145,0.2,0.27624309392265195,0.476,3.140062093734741
"0,1,10,20,8,5,17,12,3,14,22,13,11,9,9",0.476,0.47,0.4745,0.4583333333333333,0.264,0.3350253807106599,0.476,0.7400939464569092
"19,11,0,4,21,13,10,8,1,18,11,0,4,16,13",0.478,0.46,0.47350000000000003,0.46357615894039733,0.28,0.3491271820448878,0.47800000000000004,1.13277268409729
"8,12,10,22,17,12,16,15,8,8,2,5,1,19,6",0.474,0.47,0.47300000000000003,0.4563758389261745,0.272,0.3408521303258145,0.47400000000000003,0.7723426818847656
"2,10,18,4,5,2,3,6,3,0,6,19,8,0,19",0.484,0.44,0.473,0.4847328244274809,0.508,0.49609375,0.484,1.6684365272521973
"3,15,18,15,9,6,5,19,3,11,4,19,14,2,23",0.47,0.48,0.47250000000000003,0.4789915966386555,0.684,0.5634266886326195,0.47000000000000003,1.0192937850952148
"4,3,7,4,9,17,3,5,1,18,13,1,8,23,11",0.476,0.46,0.47200000000000003,0.48717948717948717,0.912,0.6350974930362117,0.47600000000000003,0.9081249237060547
"22,13,11,9,9,3,23,11,3,6,2,19,8,14,4",0.482,0.44,0.4715,0.4842105263157895,0.552,0.5158878504672897,0.482,0.7932446002960205
"10,1,7,7,11,15,8,5,1,13,19,2,7,2,0",0.448,0.54,0.471,0.46632124352331605,0.72,0.5660377358490566,0.44799999999999995,0.8413279056549072
"22,7,21,2,14,8,11,2,21,8,10,14,13,0,14",0.454,0.52,0.4705,0.46254071661237783,0.568,0.5098743267504489,0.45399999999999996,0.7500479221343994
"14,11,17,21,8,6,2,16,3,6,12,10,20,12,14",0.464,0.49,0.4705,0.45263157894736844,0.344,0.39090909090909093,0.46399999999999997,0.7353668212890625
"3,14,8,10,22,5,3,12,17,10,20,15,14,0,14",0.49,0.41,0.47,0.494199535962877,0.852,0.6255506607929515,0.49,0.7317535877227783
"8,14,5,4,17,11,6,6,16,7,12,13,16,2,0",0.48,0.44,0.47,0.4847560975609756,0.636,0.5501730103806228,0.48,0.7555441856384277
"10,12,5,22,1,7,9,23,4,8,3,14,15,4,9",0.476,0.45,0.4695,0.484375,0.744,0.5867507886435331,0.476,0.706303596496582
"22,0,12,7,14,8,20,10,19,10,15,19,1,6,2",0.466,0.48,0.4695,0.47194719471947194,0.572,0.5171790235081374,0.46599999999999997,0.8999793529510498
"15,20,8,2,11,7,18,17,9,16,5,9,1,2,8",0.492,0.4,0.469,0.4945945945945946,0.732,0.5903225806451613,0.492,0.8632857799530029
"7,9,19,10,0,6,22,9,19,1,0,13,11,4,10",0.452,0.52,0.469,0.461038961038961,0.568,0.5089605734767025,0.45199999999999996,0.7328372001647949
"17,14,8,14,13,8,13,9,1,6,13,1,14,8,10",0.478,0.44,0.4685,0.4808362369337979,0.552,0.5139664804469274,0.47800000000000004,0.7547867298126221
"12,22,16,4,12,1,8,12,14,0,23,2,12,18,15",0.478,0.44,0.46849999999999997,0.4777327935222672,0.472,0.47484909456740443,0.478,0.7647409439086914
"4,8,14,7,3,1,13,8,16,15,22,4,10,15,14",0.474,0.45,0.46799999999999997,0.47280334728033474,0.452,0.4621676891615542,0.474,0.7668206691741943
"5,12,2,4,15,6,3,20,9,22,16,14,11,4,12",0.45,0.52,0.46749999999999997,0.44635193133047213,0.416,0.4306418219461698,0.44999999999999996,0.789158821105957
"15,6,3,13,13,20,1,16,10,6,9,20,17,18,17",0.472,0.45,0.4665,0.4831730769230769,0.804,0.6036036036036037,0.47200000000000003,1.074190378189087
"10,10,4,16,9,11,3,5,10,19,1,14,6,12,7",0.452,0.51,0.4665,0.46551724137931033,0.648,0.5418060200668896,0.452,0.9086098670959473
"4,8,16,4,19,15,6,2,7,18,9,9,12,14,0",0.502,0.36,0.4665,0.501187648456057,0.844,0.6289120715350224,0.502,0.8928987979888916
"17,10,2,5,14,4,4,12,3,3,1,5,3,0,14",0.442,0.54,0.4665,0.4064516129032258,0.252,0.3111111111111111,0.442,0.8588600158691406
"3,6,22,15,2,1,12,1,5,13,6,16,10,6,11",0.472,0.45,0.46649999999999997,0.4692982456140351,0.428,0.4476987447698745,0.472,0.8632173538208008
"15,22,11,7,13,23,2,6,14,9,8,4,3,2,11",0.472,0.45,0.46649999999999997,0.48214285714285715,0.756,0.5887850467289719,0.472,0.816925048828125
"9,3,19,18,8,13,4,3,12,6,2,23,15,12,3",0.448,0.52,0.466,0.4380952380952381,0.368,0.4,0.448,2.909398317337036
"1,5,11,10,10,4,16,9,11,3,5,10,19,1,14",0.448,0.52,0.466,0.4144736842105263,0.252,0.31343283582089554,0.448,0.8441183567047119
"14,5,13,12,7,13,15,6,9,17,6,15,0,14,23",0.458,0.49,0.466,0.4,0.168,0.23661971830985915,0.458,0.869722843170166
"18,0,14,1,4,2,5,0,1,10,20,8,5,17,12",0.438,0.55,0.466,0.36283185840707965,0.164,0.22589531680440772,0.438,0.9674022197723389
"22,0,3,14,1,7,22,15,15,15,19,5,18,18,9",0.448,0.52,0.46599999999999997,0.4654255319148936,0.7,0.5591054313099042,0.44799999999999995,2.163339138031006
"3,9,16,6,3,22,12,3,16,21,16,10,8,19,4",0.446,0.52,0.4645,0.46218487394957986,0.66,0.5436573311367381,0.446,0.9200968742370605
"10,17,10,10,11,1,14,11,17,21,8,6,2,16,3",0.456,0.49,0.4645,0.4225352112676056,0.24,0.30612244897959184,0.456,0.7588672637939453
"2,20,3,3,11,8,5,12,2,18,17,16,1,0,16",0.482,0.41,0.46399999999999997,0.47593582887700536,0.356,0.4073226544622426,0.482,0.9779586791992188
"11,17,13,8,7,3,22,15,13,11,16,0,9,18,14",0.488,0.39,0.4635,0.48514851485148514,0.392,0.4336283185840708,0.488,0.7975590229034424
"5,8,18,8,1,12,21,4,5,7,19,8,4,1,6",0.474,0.43,0.46299999999999997,0.46632124352331605,0.36,0.40632054176072235,0.474,0.6810362339019775
"1,14,19,8,10,1,7,7,11,15,8,5,1,13,19",0.45,0.5,0.4625,0.4734607218683652,0.892,0.6185852981969486,0.45,0.8138864040374756
"6,17,21,12,20,11,8,5,1,15,12,18,15,11,21",0.456,0.48,0.46199999999999997,0.4067796610169492,0.192,0.2608695652173913,0.45599999999999996,0.7983384132385254
"22,15,8,13,11,23,12,7,9,10,3,3,16,12,21",0.442,0.52,0.46149999999999997,0.4152046783625731,0.284,0.33729216152019004,0.44199999999999995,0.771172285079956
"6,0,19,4,18,3,10,2,15,0,13,0,9,7,19",0.548,0.2,0.461,0.5521739130434783,0.508,0.5291666666666667,0.548,2.0086400508880615
"10,19,6,5,13,2,3,17,7,4,8,14,7,3,1",0.42,0.58,0.4600000000000001,0.4166666666666667,0.4,0.40816326530612246,0.42000000000000004,0.6970138549804688
"19,10,15,19,1,6,2,2,3,10,14,9,23,0,4",0.496,0.35,0.4595,0.4959349593495935,0.488,0.49193548387096775,0.496,1.530104398727417
"9,0,8,14,5,15,13,10,15,14,6,8,2,4,17",0.446,0.5,0.45949999999999996,0.42780748663101603,0.32,0.36613272311212813,0.44599999999999995,0.7032773494720459
"18,12,11,13,15,10,5,12,4,2,8,8,16,23,5",0.502,0.33,0.459,0.5034013605442177,0.296,0.37279596977329976,0.502,0.8631887435913086
"13,10,5,10,19,0,2,18,16,8,6,7,21,5,17",0.462,0.45,0.45899999999999996,0.47147147147147145,0.628,0.5385934819897084,0.46199999999999997,1.747859001159668
"4,15,20,8,2,11,7,18,17,9,16,5,9,1,2",0.438,0.52,0.4585,0.4012738853503185,0.252,0.3095823095823096,0.438,0.8786382675170898
"10,14,13,21,14,13,13,14,5,23,7,7,3,9,23",0.498,0.34,0.4585,0.4972375690607735,0.36,0.4176334106728538,0.498,0.7839596271514893
"13,18,16,6,17,21,12,20,11,8,5,1,15,12,18",0.468,0.43,0.4585,0.4574468085106383,0.344,0.3926940639269406,0.46799999999999997,0.8988714218139648
"9,10,18,11,21,3,4,12,12,6,2,10,3,0,10",0.44,0.51,0.4575,0.4330357142857143,0.388,0.4092827004219409,0.44,0.8742597103118896
"6,10,23,13,17,11,12,6,3,3,8,2,13,11,3",0.49,0.36,0.4575,0.48677248677248675,0.368,0.4191343963553531,0.49,0.7256543636322021
"8,15,14,14,4,6,14,11,16,4,23,5,13,0,3",0.452,0.47,0.4565,0.458041958041958,0.524,0.48880597014925375,0.452,0.7136883735656738
"8,9,12,19,3,19,6,13,8,16,6,11,2,4,17",0.462,0.44,0.4565,0.46545454545454545,0.512,0.4876190476190476,0.46199999999999997,2.3023252487182617
"3,8,8,10,5,23,8,17,6,13,3,7,0,17,0",0.474,0.4,0.4555,0.48320413436692505,0.748,0.5871271585557299,0.474,0.7528431415557861
"20,8,2,11,7,18,17,9,16,5,9,1,2,8,1",0.454,0.46,0.45549999999999996,0.45724907063197023,0.492,0.47398843930635837,0.45399999999999996,0.8100662231445312
"5,18,8,2,19,17,6,8,9,15,15,17,20,10,11",0.45,0.47,0.455,0.4358974358974359,0.34,0.38202247191011235,0.45000000000000007,1.3305718898773193
"23,5,5,3,10,14,12,9,5,2,13,11,19,18,1",0.44,0.5,0.455,0.32142857142857145,0.108,0.16167664670658682,0.44,1.7411229610443115
"0,13,0,9,7,19,10,16,22,13,18,16,6,17,21",0.48,0.38,0.45499999999999996,0.4642857142857143,0.26,0.3333333333333333,0.48,0.8036532402038574
"3,10,19,15,0,13,0,9,7,19,10,16,22,13,18",0.45,0.47,0.45499999999999996,0.4622356495468278,0.612,0.5266781411359724,0.44999999999999996,0.7580118179321289
"14,2,22,14,5,18,3,3,15,16,11,11,14,17,19",0.416,0.57,0.45450000000000007,0.3858695652173913,0.284,0.3271889400921659,0.41600000000000004,1.1828713417053223
"19,8,3,14,12,8,22,3,12,5,16,11,0,19,6",0.396,0.63,0.4545,0.3602150537634409,0.268,0.3073394495412844,0.396,1.1813647747039795
"5,16,11,15,12,2,0,20,16,6,3,1,22,3,14",0.442,0.49,0.454,0.4521452145214521,0.548,0.4954792043399638,0.442,0.706406831741333
"22,8,21,8,9,0,2,15,19,7,18,16,18,10,2",0.482,0.37,0.45399999999999996,0.486404833836858,0.644,0.5542168674698795,0.482,0.9524776935577393
"10,15,9,12,1,1,0,20,8,14,18,13,1,1,7",0.438,0.5,0.4535,0.4448398576512455,0.5,0.4708097928436911,0.438,0.6564297676086426
"4,18,5,4,16,18,17,1,8,5,13,15,0,11,1",0.428,0.53,0.4535,0.4189189189189189,0.372,0.3940677966101695,0.428,1.2261333465576172
"9,4,16,4,12,15,6,6,7,18,9,9,12,14,0",0.5,0.31,0.4525,0.5,0.544,0.5210727969348659,0.5,0.62906813621521
"13,20,0,10,21,3,10,22,11,0,10,4,8,5,20",0.45,0.46,0.4525,0.3853211009174312,0.168,0.233983286908078,0.45,0.7569618225097656
"23,9,5,21,0,17,3,6,22,15,2,1,12,1,5",0.41,0.58,0.4525,0.3076923076923077,0.144,0.19618528610354224,0.41000000000000003,0.785630464553833
"14,17,14,8,14,13,8,13,9,1,6,13,1,14,8",0.418,0.55,0.451,0.41422594142259417,0.396,0.4049079754601227,0.41800000000000004,0.8389887809753418
"16,15,8,1,4,16,5,15,9,8,0,13,14,4,2",0.46,0.42,0.44999999999999996,0.46987951807228917,0.624,0.5360824742268041,0.45999999999999996,0.8323523998260498
"3,8,2,13,11,3,22,9,3,3,12,16,14,19,19",0.462,0.41,0.44900000000000007,0.46735395189003437,0.544,0.5027726432532348,0.462,2.348285436630249
"5,9,1,2,8,1,21,7,17,7,9,10,13,3,1",0.462,0.41,0.44899999999999995,0.4585152838427948,0.42,0.4384133611691023,0.46199999999999997,0.7317819595336914
"8,11,5,22,13,2,5,13,8,12,9,9,14,10,11",0.438,0.48,0.4485,0.40606060606060607,0.268,0.3228915662650602,0.438,0.6780645847320557
"4,4,16,13,15,15,6,12,7,18,9,9,12,23,0",0.414,0.55,0.448,0.4188679245283019,0.444,0.43106796116504853,0.41400000000000003,0.7873282432556152
"14,18,4,1,8,19,2,0,11,15,13,21,15,20,14",0.426,0.51,0.447,0.4147465437788018,0.36,0.3854389721627409,0.426,0.9063088893890381
"10,5,4,4,2,8,8,16,11,6,10,15,1,19,5",0.432,0.49,0.4465,0.4174757281553398,0.344,0.37719298245614036,0.432,0.7243452072143555
"9,0,4,6,14,14,0,17,15,13,20,0,10,21,3",0.416,0.53,0.4445,0.40186915887850466,0.344,0.3706896551724138,0.416,0.6885714530944824
"5,13,22,1,13,8,4,13,21,1,7,22,4,15,20",0.476,0.35,0.4445,0.4142857142857143,0.116,0.18125,0.476,0.7152962684631348
"1,19,15,21,15,13,9,17,6,19,10,6,8,22,12",0.414,0.53,0.443,0.44297082228116713,0.668,0.532695374800638,0.41400000000000003,1.7406024932861328
"22,12,0,0,13,7,11,7,21,9,17,10,8,8,12",0.51,0.23,0.44,0.5119617224880383,0.428,0.4662309368191721,0.51,0.9003005027770996
"8,7,18,17,18,3,15,5,21,17,1,12,7,17,0",0.426,0.48,0.4395,0.43686006825938567,0.512,0.4714548802946593,0.42600000000000005,2.756335735321045
"13,10,17,10,10,11,1,14,11,17,21,8,6,2,16",0.442,0.43,0.439,0.4325581395348837,0.372,0.4,0.442,0.8084356784820557
"16,11,15,19,10,4,2,22,5,9,1,11,9,19,12",0.43,0.46,0.4375,0.4129353233830846,0.332,0.36807095343680707,0.43000000000000005,0.7754862308502197
"4,0,16,15,12,3,10,19,13,0,13,9,9,7,19",0.514,0.2,0.4355,0.5443037974683544,0.172,0.2613981762917933,0.514,0.7514669895172119
"22,2,7,15,18,17,11,13,9,1,21,1,12,17,22",0.43,0.45,0.435,0.43859649122807015,0.5,0.4672897196261682,0.43,0.9348421096801758
"12,6,3,3,8,2,13,11,3,22,9,3,3,12,16",0.422,0.47,0.434,0.38181818181818183,0.252,0.3036144578313253,0.422,0.7161297798156738
"5,22,12,0,0,13,7,11,7,21,9,17,10,8,8",0.49,0.26,0.43250000000000005,0.42424242424242425,0.056,0.0989399293286219,0.49000000000000005,0.782494068145752
"4,4,16,13,18,15,6,2,7,18,9,9,12,14,2",0.498,0.23,0.431,0.4967741935483871,0.308,0.3802469135802469,0.498,0.7094476222991943
"18,9,16,19,18,17,4,10,19,0,6,0,7,17,13",0.512,0.17,0.4265,0.5067873303167421,0.896,0.6473988439306358,0.512,2.316398859024048
"8,2,11,7,18,17,9,16,5,9,1,2,8,1,21",0.422,0.44,0.4265,0.39572192513368987,0.296,0.33867276887871856,0.42200000000000004,0.8789172172546387
"5,12,1,11,23,13,23,7,19,13,1,7,15,10,16",0.422,0.44,0.4265,0.3533834586466165,0.188,0.2454308093994778,0.42200000000000004,0.7320868968963623
"8,5,8,3,10,5,0,6,11,15,22,5,1,7,7",0.418,0.45,0.426,0.421455938697318,0.44,0.43052837573385516,0.41800000000000004,0.6221649646759033
"8,3,14,16,1,13,14,0,10,20,14,2,10,18,4",0.412,0.45,0.42150000000000004,0.42810457516339867,0.524,0.4712230215827338,0.41200000000000003,2.2539122104644775
"16,5,22,4,12,17,15,6,12,14,7,19,10,11,0",0.428,0.4,0.42100000000000004,0.43478260869565216,0.48,0.45627376425855515,0.428,0.8137955665588379
"8,22,7,0,8,14,1,1,14,19,8,10,1,7,7",0.414,0.44,0.4205,0.39086294416243655,0.308,0.34451901565995524,0.41400000000000003,0.8880996704101562
"18,2,16,4,5,7,9,14,8,7,9,9,8,2,14",0.472,0.26,0.419,0.43859649122807015,0.2,0.27472527472527475,0.472,0.9833009243011475
"17,18,5,6,9,23,13,23,15,0,7,19,8,5,8",0.542,0.04,0.41650000000000004,0.5538461538461539,0.432,0.4853932584269663,0.542,0.9201750755310059
"1,3,1,22,14,12,11,18,1,10,5,4,4,2,8",0.424,0.39,0.4155,0.4263565891472868,0.44,0.4330708661417323,0.424,0.7398462295532227
"5,4,19,4,18,15,6,20,7,18,9,9,12,14,0",0.55,0.0,0.41250000000000003,0.5675675675675675,0.42,0.4827586206896552,0.55,2.0631678104400635
"3,5,21,7,17,18,5,6,9,23,13,23,15,0,7",0.396,0.44,0.40700000000000003,0.39166666666666666,0.376,0.3836734693877551,0.396,0.8881728649139404
"5,4,10,17,19,15,6,6,7,18,9,9,12,14,0",0.456,0.26,0.407,0.4533898305084746,0.428,0.4403292181069959,0.45599999999999996,1.029233455657959
"6,4,16,4,12,15,6,19,7,18,9,9,12,14,0",0.528,0.01,0.3985,0.525,0.588,0.5547169811320755,0.528,0.720210075378418
"5,17,0,15,18,12,14,6,7,10,11,9,12,14,0",0.53,0.0,0.3975,0.5225225225225225,0.696,0.5969125214408233,0.53,0.7956769466400146
"16,4,17,4,17,15,12,6,13,15,8,0,11,11,0",0.524,0.01,0.3955,0.5344827586206896,0.372,0.4386792452830189,0.524,0.8266868591308594
"4,4,17,7,18,15,6,6,7,18,9,9,12,14,0",0.454,0.22,0.39549999999999996,0.44933920704845814,0.408,0.4276729559748428,0.45399999999999996,0.7818739414215088
"17,16,13,4,15,15,6,12,7,18,9,9,11,23,0",0.522,0.01,0.394,0.5195729537366548,0.584,0.5499058380414312,0.522,0.7848756313323975
"4,4,16,10,18,15,6,2,7,18,9,9,12,14,0",0.482,0.12,0.3915,0.4716981132075472,0.3,0.36674816625916873,0.482,0.7544536590576172
"4,4,16,13,18,15,6,2,7,18,9,9,12,14,0",0.5,0.06,0.39,0.5,0.264,0.34554973821989526,0.5,0.7836382389068604
"19,4,13,22,13,15,6,6,7,18,9,9,12,8,0",0.516,0.0,0.387,0.55,0.176,0.26666666666666666,0.516,1.0938141345977783
"17,4,16,4,19,15,6,6,7,18,9,9,12,14,0",0.504,0.0,0.378,0.5057471264367817,0.352,0.41509433962264153,0.504,0.9840307235717773
"4,4,16,4,19,15,6,11,7,18,9,9,12,14,0",0.496,0.01,0.3745,0.4956140350877193,0.452,0.47280334728033474,0.496,0.8973305225372314
"15,13,9,12,7,7,7,5,22,12,0,0,13,7,11",0.462,0.11,0.37400000000000005,0.45454545454545453,0.38,0.4139433551198257,0.462,0.809683084487915
"18,4,16,4,19,15,6,6,7,18,9,9,12,14,0",0.498,0.0,0.3735,0.496,0.248,0.33066666666666666,0.498,1.2548658847808838
"18,4,16,4,12,15,6,6,7,18,9,9,12,14,0",0.496,0.0,0.372,0.49557522123893805,0.448,0.47058823529411764,0.496,0.8999271392822266
"4,4,16,15,18,15,6,2,7,18,9,9,12,14,0",0.478,0.04,0.3685,0.47058823529411764,0.352,0.40274599542334094,0.478,0.7585024833679199
"0,11,0,16,5,22,4,17,17,15,6,12,14,7,19",0.444,0.13,0.36550000000000005,0.43457943925233644,0.372,0.40086206896551724,0.444,0.8046953678131104
"16,16,22,4,17,17,15,6,12,14,7,19,10,11,11",0.482,0.0,0.3615,0.4790697674418605,0.412,0.443010752688172,0.482,0.9178440570831299
"4,4,17,13,18,15,6,2,7,18,9,9,12,14,0",0.46,0.04,0.355,0.4152542372881356,0.196,0.266304347826087,0.45999999999999996,0.764432430267334
"5,4,16,0,19,15,6,2,7,18,9,9,12,7,0",0.458,0.04,0.3535,0.43636363636363634,0.288,0.3469879518072289,0.45799999999999996,0.9178836345672607
"5,4,19,19,18,15,6,6,7,18,9,9,12,14,0",0.462,0.0,0.34650000000000003,0.43448275862068964,0.252,0.3189873417721519,0.462,3.7090799808502197
"4,4,19,15,18,15,6,2,7,18,9,9,12,14,0",0.454,0.01,0.343,0.41605839416058393,0.228,0.29457364341085274,0.454,1.3165063858032227
"18,17,4,10,19,0,6,0,7,17,13,10,9,5,8",0.448,0.0,0.33599999999999997,0.44396551724137934,0.412,0.42738589211618255,0.44799999999999995,1.0508522987365723
"4,4,17,15,18,15,6,6,7,18,9,9,12,14,0",0.44,0.01,0.3325,0.3958333333333333,0.228,0.2893401015228426,0.44,0.8688845634460449
"18,4,17,4,12,15,6,6,7,18,9,9,12,14,0",0.44,0.0,0.33,0.3972602739726027,0.232,0.29292929292929293,0.44,1.0100634098052979
"4,18,19,4,18,15,6,2,7,18,9,9,12,14,0",0.434,0.0,0.3255,0.3146067415730337,0.112,0.16519174041297935,0.434,2.825775623321533
"5,4,17,13,19,15,6,6,7,18,9,9,12,14,0",0.414,0.01,0.313,0.3850267379679144,0.288,0.3295194508009153,0.41400000000000003,0.7740907669067383
